"","Comparison","Taxa","diff.btw","diff.win","effect","overlap","we.ep","we.eBH","wi.ep","wi.eBH","P.adj","Significance","Method"
"1","February - September","k__Bacteria|p__Actinomycetota|c__Actinobacteria|o__Euzebyales|f__Euzebyaceae|g__|s__|ASV_3566",4.49751619973973,3.03552254173214,1.33914172366381,0.0546878042482362,0.000929213328052346,0.022087001355935,3.28429646811006e-05,0.00192222761872379,0.00192222761872379,"**","ALDEx2_t"
"2","February - September","k__Bacteria|p__Pseudomonadota|c__Alphaproteobacteria|o__Hyphomicrobiales|f__Rhizobiaceae|g__Fulvimarina|s__|ASV_6441",2.67682059649288,2.59291302818992,1.06912804490839,0.125000121100964,0.000464032436246721,0.017026512615859,0.00090912723785164,0.0198835130109722,0.0198835130109722,"*","ALDEx2_t"
"3","February - September","k__Bacteria|p__Pseudomonadota|c__Alphaproteobacteria|o__Sphingomonadales|f__Sphingomonadaceae|g__|s__|ASV_10845",0.379894339619688,1.28592749658821,0.284642219088097,0.36671003322375,0.255645992153025,0.964221963104012,0.267949835826779,0.942963519239938,0.942963519239938,"","ALDEx2_t"
"4","February - September","k__Bacteria|p__Cyanobacteriota|c__Cyanobacteriia|o__Cyanobacteriales|f__Nostocaceae|g__Rivularia_PCC-7116|s__|ASV_8325",0.892369303153913,9.95845441009018,0.0831756441460994,0.442708341535475,0.743094421392085,1,0.617311475835714,0.997396583609858,0.997396583609858,"","ALDEx2_t"
"5","February - September","k__Bacteria|p__Bacteroidota|c__Bacteroidia|o__Cytophagales|f__Cyclobacteriaceae|g__Tunicatimonas|s__|ASV_6535",1.83191816582769,1.78593442615767,1.00062250934053,0.175552744772794,0.00257284180471786,0.0529146125159974,0.00389340518816227,0.0582506484443979,0.0582506484443979,"","ALDEx2_t"
"6","February - September","k__Bacteria|p__Cyanobacteriota|c__Cyanobacteriia|o__Cyanobacteriales|f__Nostocaceae|g__Rivularia_PCC-7116|s__|ASV_7535",-3.51622607580889,8.36933785304099,-0.448745973451192,0.304687532563516,0.092961549614886,0.523457870818032,0.19256195371125,0.688247450664415,0.688247450664415,"","ALDEx2_t"
"7","February - September","k__Bacteria|p__Actinomycetota|c__Actinobacteria|o__Nitriliruptorales|f__Nitriliruptoraceae|g__|s__|ASV_1823",6.09503638064323,5.88484851264108,1.07698934618456,0.0833335259929391,0.0026602199391189,0.0440744979122296,0.000158974047725004,0.00544284308868632,0.00544284308868632,"**","ALDEx2_t"
"8","February - September","k__Bacteria|p__Actinomycetota|c__Actinobacteria|o__Micrococcales|f__Intrasporangiaceae|g__|s__|ASV_82",3.61042101616682,2.50430725613882,1.35046136777876,0.00780457817658935,0.00115315006661359,0.0233082426669211,8.4360887470103e-07,0.000139325762221124,0.000139325762221124,"***","ALDEx2_t"
"9","February - September","k__Bacteria|p__Actinomycetota|c__Rubrobacteria|o__Rubrobacterales|f__Rubrobacteriaceae|g__Rubrobacter|s__|ASV_4417",4.05688447353642,3.38478999625246,1.05867775841729,0.101562654231259,0.00224298080197657,0.0428634914113026,0.000278835845638996,0.00837402227236169,0.00837402227236169,"**","ALDEx2_t"
"10","February - September","k__Bacteria|p__Bacteroidota|c__Bacteroidia|o__Flavobacteriales|f__Flavobacteriaceae|g__Gramella|s__|ASV_2541",1.54913818970033,3.27160326982667,0.372390041727376,0.241872611360443,0.233355094773719,0.829153840893347,0.0319344210356208,0.255839828405865,0.255839828405865,"","ALDEx2_t"
"11","February - September","k__Bacteria|p__Cyanobacteriota|c__Cyanobacteriia|o__Cyanobacteriales|f__Nostocaceae|g__Rivularia_PCC-7116|s__|ASV_7012",-0.0396989118028328,9.67835400217175,-0.00319499443737889,0.496093750551928,0.872804728705059,1,0.880090983101567,1,1,"","ALDEx2_t"
"12","February - September","k__Bacteria|p__Bacteroidota|c__Bacteroidia|o__Flavobacteriales|f__Flavobacteriaceae|g__Gramella|s__|ASV_13670",-3.93658130386511,6.68378531414881,-0.540437493352513,0.297789370867983,0.0782403156110779,0.462642241808876,0.158615773969771,0.627401677447938,0.627401677447938,"","ALDEx2_t"
"13","February - September","k__Bacteria|p__Actinomycetota|c__Actinobacteria|o__Euzebyales|f__Euzebyaceae|g__|s__|ASV_7541",4.23082877635655,6.34441238159535,0.617971340889909,0.219765987354877,0.0238027764783013,0.214328693264904,0.0202747698819891,0.186598849648606,0.186598849648606,"","ALDEx2_t"
"14","February - September","k__Bacteria|p__Rhodothermota|c__Rhodothermia|o__Rhodothermales|f__Rhodothermaceae|g__|s__|ASV_14091",-0.0251706835165053,3.10237870175039,-0.00511431657543368,0.498049415099324,0.616055396040338,1,0.919156753530492,1,1,"","ALDEx2_t"
"15","February - September","k__Bacteria|p__Rhodothermota|c__Rhodothermia|o__Rhodothermales|f__Rhodothermaceae|g__|s__|ASV_13236",0.643557578709292,2.36982710569668,0.227360945810726,0.395833348718269,0.130647770032856,0.694295403187234,0.378227248862492,0.994253553319872,0.994253553319872,"","ALDEx2_t"
"16","February - September","k__Bacteria|p__Pseudomonadota|c__Alphaproteobacteria|o__Rhodobacterales|f__Paracoccaceae|g__Palleronia-Pseudomaribius|s__|ASV_6338",9.32451623029663,4.9080919997341,1.71462126405056,0.0598961093981972,0.000190426141822842,0.00449021876798125,7.76524634673228e-05,0.00302018419877036,0.00302018419877036,"**","ALDEx2_t"
"17","February - September","k__Bacteria|p__Pseudomonadota|c__Alphaproteobacteria|o__Sphingomonadales|f__Sphingomonadaceae|g__Pacificimonas|s__|ASV_10664",7.20022937610737,5.30848994234955,1.24268408091268,0.0299095434368301,0.000659920455839832,0.020022831255054,6.52930156399417e-06,0.000604355719385583,0.000604355719385583,"***","ALDEx2_t"
"18","February - September","k__Bacteria|p__Rhodothermota|c__Rhodothermia|o__Rhodothermales|f__Rhodothermaceae|g__|s__|ASV_4439",-1.70067442064365,3.97171047075266,-0.349339880339583,0.304687532563516,0.199001016694858,0.769182706732062,0.139093196962379,0.737534217015385,0.737534217015385,"","ALDEx2_t"
"19","February - September","k__Bacteria|p__Actinomycetota|c__Actinobacteria|o__Propionibacteriales|f__Nocardioidaceae|g__Nocardioides|s__|ASV_15946",6.29240573706021,5.76846711692301,1.0201997157111,0.114583467515684,0.00350583913515102,0.0516276645893969,0.000670732614908293,0.0155875760499008,0.0155875760499008,"*","ALDEx2_t"
"20","February - September","k__Bacteria|p__Actinomycetota|c__Acidimicrobiia|o__Microtrichales|f__Ilumatobacteraceae|g__Ilumatobacter|s__|ASV_7782",1.73532974650506,2.28790941229205,0.757688182561456,0.201560533470682,0.00673404663619196,0.099620588600094,0.0124952110751007,0.130775797601288,0.130775797601288,"","ALDEx2_t"
"21","February - September","k__Bacteria|p__Actinomycetota|c__Actinobacteria|o__Propionibacteriales|f__Nocardioidaceae|g__Nocardioides|s__|ASV_5509",2.5022039651274,8.2781689046523,0.291825753558856,0.367187520188871,0.291114497905694,0.870171041034046,0.292652552681872,0.840558682843956,0.840558682843956,"","ALDEx2_t"
"22","February - September","k__Bacteria|p__Bacteroidota|c__Bacteroidia|o__Chitinophagales|f__Saprospiraceae|g__Lewinella|s__|ASV_10676",3.32171475273592,6.70767634010418,0.47237527025422,0.247074170134884,0.0834715597965714,0.453594380056571,0.0354272969089062,0.270670034645169,0.270670034645169,"","ALDEx2_t"
"23","February - September","k__Bacteria|p__Bacteroidota|c__Bacteroidia|o__Chitinophagales|f__Saprospiraceae|g__Lewinella|s__|ASV_12828",4.25868111481748,6.85027560593523,0.543376581739897,0.251302130021327,0.0868211416779169,0.488593090425348,0.0385232259159605,0.281227445877836,0.281227445877836,"","ALDEx2_t"
"24","February - September","k__Bacteria|p__Actinomycetota|c__Rubrobacteria|o__Rubrobacterales|f__Rubrobacteriaceae|g__Rubrobacter|s__|ASV_16064",2.40708599297061,8.54810571292107,0.28095351566954,0.375812762473901,0.400481568943464,0.948136457864312,0.34286036243841,0.900428348461653,0.900428348461653,"","ALDEx2_t"
"25","February - September","k__Bacteria|p__Actinomycetota|c__Actinobacteria|o__Nitriliruptorales|f__Nitriliruptoraceae|g__|s__|ASV_10841",7.75884154997028,4.0743600379837,1.7176999138142,0.00781474036444608,4.35408357989178e-05,0.00300844893642681,8.89834018556052e-07,0.000170591237373215,0.000170591237373215,"***","ALDEx2_t"
"26","February - September","k__Bacteria|p__Pseudomonadota|c__Alphaproteobacteria|o__Sphingomonadales|f__Sphingomonadaceae|g__Qipengyuania|s__|ASV_3585",-2.54441010834597,8.18279905471429,-0.31173771841973,0.342002625514675,0.311241161145263,0.852534930201502,0.262128443449638,0.836806124047216,0.836806124047216,"","ALDEx2_t"
"27","February - September","k__Bacteria|p__Pseudomonadota|c__Gammaproteobacteria|o__Pseudomonadales|f__Marinobacteraceae|g__Marinobacter|s__|ASV_13594",2.4466861700681,3.728480151776,0.638239611975147,0.141742626505388,0.0105656925535825,0.133217605775926,0.00138144420107419,0.0270006049382658,0.0270006049382658,"*","ALDEx2_t"
"28","February - September","k__Bacteria|p__Cyanobacteriota|c__Cyanobacteriia|o__Cyanobacteriales|f__Nostocaceae|g__|s__|ASV_4049",-0.0772301099381063,8.58145974720572,-0.0110086314380842,0.496749025165552,0.828438640019419,0.996811802717037,0.866489795013675,0.998833110080854,0.998833110080854,"","ALDEx2_t"
"29","February - September","k__Bacteria|p__Pseudomonadota|c__Alphaproteobacteria|o__Sphingomonadales|f__Sphingomonadaceae|g__Sphingomicrobium|s__|ASV_14934",-4.30934864201442,5.80109705566698,-0.841742809695193,0.122395957500219,0.00783985434068108,0.195334129019167,0.00118963874495406,0.0803697549745718,0.0803697549745718,"","ALDEx2_t"
"30","February - September","k__Bacteria|p__Pseudomonadota|c__Alphaproteobacteria|o__Hyphomicrobiales|f__Rhizobiaceae|g__Fulvimarina|s__|ASV_659",2.76815256818551,5.22390522335859,0.656805421816646,0.183593824561773,0.00986481351602639,0.127733674357972,0.00602534348979869,0.0787914680188554,0.0787914680188554,"","ALDEx2_t"
"31","February - September","k__Bacteria|p__Rhodothermota|c__Rhodothermia|o__Rhodothermales|f__Rhodothermaceae|g__|s__|ASV_2086",3.73005594972045,1.66896784549507,2.26798272908375,9.13750277142236e-05,0.000568212603810648,0.0121699399963903,0,0,0,"***","ALDEx2_t"
"32","February - September","k__Bacteria|p__Bacteroidota|c__Bacteroidia|o__Flavobacteriales|f__Flavobacteriaceae|g__Gramella|s__|ASV_8981",-6.89359960748427,7.59228411348692,-0.765348038599942,0.248374559838181,0.0334845420937215,0.304048029933357,0.0804177555769712,0.461512669595412,0.461512669595412,"","ALDEx2_t"
"33","February - September","k__Bacteria|p__Actinomycetota|c__Actinobacteria|o__Nitriliruptorales|f__Nitriliruptoraceae|g__|s__|ASV_9614",2.63183716684007,6.58628855257478,0.546291528495221,0.177083411602775,0.0738286646140977,0.42986992865003,0.00604002575110316,0.0764742685884672,0.0764742685884672,"","ALDEx2_t"
"34","February - September","k__Bacteria|p__Actinomycetota|c__Actinobacteria|o__Euzebyales|f__Euzebyaceae|g__|s__|ASV_15365",8.82548070203056,4.52566099443856,1.56015672254924,0.0742189688746892,0.00060842030206228,0.0112154534701962,0.000151237114278885,0.00500853950332209,0.00500853950332209,"**","ALDEx2_t"
"35","February - September","k__Bacteria|p__Bacteroidota|c__Bacteroidia|o__Cytophagales|f__Cyclobacteriaceae|g__|s__|ASV_9068",2.40509356656225,4.85754838598099,0.42783481152728,0.269531291346345,0.0860480851530184,0.482673458577075,0.0495048639945329,0.342581682444738,0.342581682444738,"","ALDEx2_t"
"36","February - September","k__Bacteria|p__Bacteroidota|c__Bacteroidia|o__Flavobacteriales|f__Flavobacteriaceae|g__Hoppeia|s__|ASV_11816",-1.72888231270256,7.48905460671057,-0.216103671929191,0.380208351288741,0.64108068398733,0.997801304889656,0.338139706298379,0.975678247741372,0.975678247741372,"","ALDEx2_t"
"37","February - September","k__Bacteria|p__Actinomycetota|c__Actinobacteria|o__Euzebyales|f__Euzebyaceae|g__|s__|ASV_4057",4.25784636500633,3.84905210985151,1.27594836045288,0.0221074106798277,0.000845706357387658,0.0214469646884934,3.32243221180112e-06,0.000367804023423163,0.000367804023423163,"***","ALDEx2_t"
"38","February - September","k__Bacteria|p__Pseudomonadota|c__Alphaproteobacteria|o__Rhodobacterales|f__Paracoccaceae|g__Palleronia-Pseudomaribius|s__|ASV_5775",2.01619497475245,9.37697333280602,0.233863354281875,0.36931081300485,0.399771573637305,0.949546911019621,0.262608849813029,0.824891042914509,0.824891042914509,"","ALDEx2_t"
"39","February - September","k__Bacteria|p__Cyanobacteriota|c__Cyanobacteriia|o__Cyanobacteriales|f__Nostocaceae|g__Rivularia_PCC-7116|s__|ASV_12448",-1.3922126023751,8.68847391688386,-0.185789971771348,0.414062512511275,0.453895189643915,0.938333254202161,0.532421397147576,0.947534737361675,0.947534737361675,"","ALDEx2_t"
"40","February - September","k__Bacteria|p__Pseudomonadota|c__Alphaproteobacteria|o__Rhodobacterales|f__Paracoccaceae|g__Palleronia-Pseudomaribius|s__|ASV_3202",8.07899491746172,5.01269652391161,1.49537886616412,0.053385728816606,0.000263691916401486,0.00731235091753264,6.03122563934827e-05,0.00246540064841777,0.00246540064841777,"**","ALDEx2_t"
"41","February - September","k__Bacteria|p__Pseudomonadota|c__Alphaproteobacteria|o__Rhodobacterales|f__Paracoccaceae|g__Actibacterium|s__|ASV_6146",6.10561444837404,6.41860369768103,0.89624051714312,0.174252355438198,0.01359185989618,0.135944563151655,0.00806582534439582,0.0912070893054824,0.0912070893054824,"","ALDEx2_t"
"42","February - September","k__Bacteria|p__Pseudomonadota|c__Alphaproteobacteria|o__Sphingomonadales|f__Sphingomonadaceae|g__|s__|ASV_14489",5.36495169723664,3.86115114052787,1.30347747409278,0.0221074106798277,0.000533438398264911,0.015823525242104,4.98075924618147e-06,0.000475462251988316,0.000475462251988316,"***","ALDEx2_t"
"43","February - September","k__Bacteria|p__Myxococcota|c__Polyangiia|o__Polyangiales|f__Sandaracinaceae|g__|s__|ASV_1096",0.327578227701859,9.45834638738941,0.0425746207209616,0.459635422406988,0.861665839837927,1,0.743554735747494,0.999814447691854,0.999814447691854,"","ALDEx2_t"
"44","February - September","k__Bacteria|p__Bacteroidota|c__Bacteroidia|o__Flavobacteriales|f__Flavobacteriaceae|g__Sufflavibacter|s__|ASV_4707",0.322879930565736,7.53469610449393,0.0449649367060384,0.485677085358608,0.783249291434334,1,0.802583499019657,1,1,"","ALDEx2_t"
"45","February - September","k__Bacteria|p__Pseudomonadota|c__Alphaproteobacteria|o__Sphingomonadales|f__Sphingomonadaceae|g__Aurantiacibacter|s__|ASV_6948",0.0809198580538979,1.18374153511541,0.0541894030679754,0.473342006368075,0.395915784513226,0.999753373005282,0.793806031808076,1,1,"","ALDEx2_t"
"46","February - September","k__Bacteria|p__Pseudomonadota|c__Alphaproteobacteria|o__Rhodobacterales|f__Paracoccaceae|g__Palleronia-Pseudomaribius|s__|ASV_10594",8.70713506168932,4.46569388001888,1.90656194971531,0.0377608659944957,0.000128712049936577,0.00351249576451397,2.85324700202393e-05,0.00139769255660932,0.00139769255660932,"**","ALDEx2_t"
"47","February - September","k__Bacteria|p__Pseudomonadota|c__Alphaproteobacteria|o__Rhodobacterales|f__Paracoccaceae|g__|s__|ASV_1011",8.37838141733173,5.13076352397433,1.36346414948505,0.126137960841255,0.00164545485654649,0.0279424195335702,0.0020040795538423,0.0314628535537568,0.0314628535537568,"*","ALDEx2_t"
"48","February - September","k__Bacteria|p__Pseudomonadota|c__Alphaproteobacteria|o__Rhodobacterales|f__Paracoccaceae|g__|s__|ASV_8954",5.45598095424171,5.53715755218292,0.911333374903631,0.139141848656157,0.00577437863336707,0.0800158368110042,0.0017460854699211,0.0306714513339714,0.0306714513339714,"*","ALDEx2_t"
"49","February - September","k__Bacteria|p__Pseudomonadota|c__Alphaproteobacteria|o__Rhodobacterales|f__Paracoccaceae|g__Limibaculum|s__|ASV_636",1.87073151288909,5.35658258230337,0.425245801085332,0.225260472271978,0.14427076191667,0.639258064276125,0.0204239153085103,0.184346224867874,0.184346224867874,"","ALDEx2_t"
"50","February - September","k__Bacteria|p__Pseudomonadota|c__Alphaproteobacteria|o__Sphingomonadales|f__Sphingomonadaceae|g__Sphingomicrobium|s__|ASV_13477",8.26647419149031,5.09728369041374,1.30624014233571,0.111979304491858,0.0019328118221187,0.0299734315634624,0.00218588304446931,0.0307170028925054,0.0307170028925054,"*","ALDEx2_t"
"51","February - September","k__Bacteria|p__Pseudomonadota|c__Alphaproteobacteria|o__Rhodobacterales|f__Paracoccaceae|g__|s__|ASV_14979",-0.455872318973335,8.55902726275026,-0.052142434276667,0.468140446640521,0.827860906279737,0.996725261989229,0.788504608739289,0.995112961279629,0.995112961279629,"","ALDEx2_t"
"52","February - September","k__Bacteria|p__Actinomycetota|c__Actinobacteria|o__Nitriliruptorales|f__Nitriliruptoraceae|g__|s__|ASV_7144",1.29118408956842,5.82366179179584,0.227799686215939,0.347656273726522,0.170529418828933,0.780308441812164,0.189162897545482,0.820793644575812,0.820793644575812,"","ALDEx2_t"
"53","February - September","k__Bacteria|p__Actinomycetota|c__Actinobacteria|o__Nitriliruptorales|f__Nitriliruptoraceae|g__|s__|ASV_11633",3.71996843813595,3.87475952528452,0.945761697978336,0.0572174543174155,0.00175264710994664,0.038224249112527,5.76889794819419e-05,0.00254137652889507,0.00254137652889507,"**","ALDEx2_t"
"54","February - September","k__Bacteria|p__Actinomycetota|c__Rubrobacteria|o__Rubrobacterales|f__Rubrobacteriaceae|g__Rubrobacter|s__|ASV_10060",6.19488354377843,6.23603174085158,0.864227449331504,0.145643793434072,0.0136910808835123,0.134624366713738,0.00201424330733879,0.034424113214393,0.034424113214393,"*","ALDEx2_t"
"55","February - September","k__Bacteria|p__Rhodothermota|c__Rhodothermia|o__Rhodothermales|f__Rhodothermaceae|g__|s__|ASV_5842",2.19497937477318,2.15038241531476,0.985315708573384,0.0208070703662365,0.00541927659657722,0.0806986073076326,6.42529499041665e-06,0.000531347266608676,0.000531347266608676,"***","ALDEx2_t"
"56","February - September","k__Bacteria|p__Rhodothermota|c__Rhodothermia|o__Rhodothermales|f__Rhodothermaceae|g__|s__|ASV_11225",5.5205186599912,4.27575502445666,1.28470006044309,0.0598961093981972,0.000634332703820186,0.0184580810900114,6.39582646119446e-05,0.00285849700664159,0.00285849700664159,"**","ALDEx2_t"
"57","February - September","k__Bacteria|p__Rhodothermota|c__Rhodothermia|o__Rhodothermales|f__Rhodothermaceae|g__|s__|ASV_12652",3.26057065119122,3.82807248140221,0.975159647200321,0.0715216837483534,0.00296692460599966,0.055225286972656,0.000103671441292546,0.00400022316868965,0.00400022316868965,"**","ALDEx2_t"
"58","February - September","k__Bacteria|p__Rhodothermota|c__Rhodothermia|o__Rhodothermales|f__Rhodothermaceae|g__|s__|ASV_8456",1.30315912684279,2.03154551532383,0.542975033519528,0.258777677594492,0.0395608834041546,0.312711532346583,0.0441824951574539,0.311725488478223,0.311725488478223,"","ALDEx2_t"
"59","February - September","k__Bacteria|p__Rhodothermota|c__Rhodothermia|o__Rhodothermales|f__Rhodothermaceae|g__Rubrivirga|s__|ASV_7122",8.54306956053376,4.11065088926326,2.01731411332174,0.0481147819160806,0.000107999369049504,0.00351188934126346,4.47170484986926e-05,0.00202772203895637,0.00202772203895637,"**","ALDEx2_t"
"60","February - September","k__Bacteria|p__Bacteroidota|c__Bacteroidia|o__Flavobacteriales|f__Flavobacteriaceae|g__|s__|ASV_7083",-1.89684039036154,1.99447917178316,-0.899357347209353,0.119791794029814,0.0088417178877775,0.198936743045386,0.00108886215329293,0.0762367047152431,0.0762367047152431,"","ALDEx2_t"
"61","February - September","k__Bacteria|p__Actinomycetota|c__Actinobacteria|o__Nitriliruptorales|f__Nitriliruptoraceae|g__|s__|ASV_15235",7.41372191453747,3.59489168344736,1.8921905240461,9.13750277142236e-05,9.16759443603324e-05,0.00425040126875868,9.24502876475941e-08,2.0443400035673e-05,2.0443400035673e-05,"***","ALDEx2_t"
"62","February - September","k__Bacteria|p__Pseudomonadota|c__Alphaproteobacteria|o__Sphingomonadales|f__Sphingomonadaceae|g__Pacificimonas|s__|ASV_12382",2.05578214183611,5.82926500894911,0.499068870364653,0.256176898134568,0.0457141345010094,0.334258691363663,0.045995815099055,0.324993371802953,0.324993371802953,"","ALDEx2_t"
"63","February - September","k__Bacteria|p__Actinomycetota|c__Actinobacteria|o__Nitriliruptorales|f__Nitriliruptoraceae|g__|s__|ASV_10311",4.96595813999892,5.76459196869426,0.7917268223263,0.175781329042087,0.0109315678848663,0.12012559167137,0.00735349587819641,0.0911748448126953,0.0911748448126953,"","ALDEx2_t"
"64","February - September","k__Bacteria|p__Thermodesulfobacteriota|c__Desulfobulbia|o__Desulfobulbales|f__Desulfocapsaceae|g__|s__|ASV_11131",-3.22460321379384,3.80532587653931,-0.855687389931379,0.124837572208808,0.00360177318002543,0.156572920162456,0.00155292215020139,0.0874823471572998,0.0874823471572998,"","ALDEx2_t"
"65","February - September","k__Bacteria|p__Actinomycetota|c__Acidimicrobiia|o__Microtrichales|f__Ilumatobacteraceae|g__Ilumatobacter|s__|ASV_249",1.23611817858696,6.14505490873967,0.183668344449957,0.29166670228472,0.609689075083159,0.998564314331437,0.090950397277376,0.506512506258727,0.506512506258727,"","ALDEx2_t"
"66","February - September","k__Bacteria|p__Bacteroidota|c__Bacteroidia|o__Flavobacteriales|f__Flavobacteriaceae|g__Gramella|s__|ASV_12463",-5.48827429284107,5.46057145776221,-0.944024653614683,0.149739680504504,0.00978690217367372,0.175099888618796,0.00860409980970033,0.160898753975804,0.160898753975804,"","ALDEx2_t"
"67","February - September","k__Bacteria|p__Pseudomonadota|c__Alphaproteobacteria|o__Rhodobacterales|f__Paracoccaceae|g__|s__|ASV_10445",1.33995896656345,8.09536908270961,0.148184106108293,0.413524069778915,0.700827807956265,0.996615913455459,0.525773897890876,0.978985709999773,0.978985709999773,"","ALDEx2_t"
"68","February - September","k__Bacteria|p__Pseudomonadota|c__Gammaproteobacteria|o__Enterobacterales|f__Vibrionaceae|g__|s__|ASV_7934",0.751830132757335,7.19026851444306,0.0923242963947329,0.453836157406492,0.683630803473731,0.998324387190575,0.698287492474547,0.997669754038711,0.997669754038711,"","ALDEx2_t"
"69","February - September","k__Bacteria|p__Pseudomonadota|c__Alphaproteobacteria|o__Rhodobacterales|f__Paracoccaceae|g__Limibaculum|s__|ASV_14872",1.47343591217492,1.53098972470018,0.815068785555343,0.158647684372393,0.249190633388544,0.744184678160001,0.00360963480842086,0.0543015347110119,0.0543015347110119,"","ALDEx2_t"
"70","February - September","k__Bacteria|p__Actinomycetota|c__Rubrobacteria|o__Rubrobacterales|f__Rubrobacteriaceae|g__Rubrobacter|s__|ASV_15130",2.4621152398867,7.5071035070776,0.303924743693812,0.373697935727505,0.326209238017938,0.883396139751216,0.333578786920947,0.884729991872326,0.884729991872326,"","ALDEx2_t"
"71","February - September","k__Bacteria|p__Pseudomonadota|c__Alphaproteobacteria|o__|f__Neomegalonemataceae|g__Acuticoccus|s__|ASV_1266",0.123726644533912,8.24850789330768,0.0152500938956175,0.481770835912269,0.819146083009336,0.998848832367627,0.814749633295934,1,1,"","ALDEx2_t"
"72","February - September","k__Bacteria|p__Deinococcota|c__Deinococci|o__Deinococcales|f__Trueperaceae|g__Truepera|s__|ASV_110",1.4034379557059,6.42519644771074,0.240052805559608,0.352405744500481,0.164214192001501,0.713016796421433,0.189347376316307,0.811082778842105,0.811082778842105,"","ALDEx2_t"
"73","February - September","k__Bacteria|p__Bacteroidota|c__Bacteroidia|o__Chitinophagales|f__Saprospiraceae|g__Lewinella|s__|ASV_368",5.05024289965335,5.6733340548469,0.847824537493938,0.182054691604626,0.0162051692432812,0.148448794468623,0.00593706502139672,0.0755721616729381,0.0755721616729381,"","ALDEx2_t"
"74","February - September","k__Bacteria|p__Actinomycetota|c__Actinobacteria|o__Nitriliruptorales|f__Nitriliruptoraceae|g__|s__|ASV_13671",2.35150547679281,8.30047361078815,0.276148104120481,0.358072938476086,0.404696593621114,0.938482560887514,0.255637370079611,0.820308146576255,0.820308146576255,"","ALDEx2_t"
"75","February - September","k__Bacteria|p__Actinomycetota|c__Actinobacteria|o__Nitriliruptorales|f__Nitriliruptoraceae|g__|s__|ASV_2255",1.30201504130817,5.76392265283283,0.239164812354565,0.296875034371075,0.257184450426125,0.8835809183704,0.0829893701121533,0.4807008107846,0.4807008107846,"","ALDEx2_t"
"76","February - September","k__Bacteria|p__Thermodesulfobacteriota|c__Desulfobulbia|o__Desulfobulbales|f__Desulfocapsaceae|g__|s__|ASV_15773",-2.57267133060209,2.50841358740811,-0.940080486912624,0.0962290322195519,0.0057856352202853,0.172951123480465,0.000468191369136988,0.0547416330507798,0.0547416330507798,"","ALDEx2_t"
"77","February - September","k__Bacteria|p__Pseudomonadota|c__Alphaproteobacteria|o__Hyphomicrobiales|f__Rhizobiaceae|g__Oricola|s__|ASV_1268",1.38694647314941,2.14745192058285,0.418630423652522,0.254876508409678,0.269354283959187,0.884016797902604,0.0403057367992084,0.296840343901946,0.296840343901946,"","ALDEx2_t"
"78","February - September","k__Bacteria|p__Pseudomonadota|c__Alphaproteobacteria|o__Caulobacterales|f__Parvularculaceae|g__Parvularcula|s__|ASV_6944",8.36245404045026,4.68478896578618,1.55826107372921,0.0741224552878258,0.000799340279602247,0.0125640643980566,0.000324246271294987,0.00808640265248373,0.00808640265248373,"**","ALDEx2_t"
"79","February - September","k__Bacteria|p__Bacteroidota|c__Bacteroidia|o__Flavobacteriales|f__Flavobacteriaceae|g__Hoppeia|s__|ASV_9379",-6.95453291808738,5.09700244134966,-1.20737837229956,0.111833687740065,0.00176019443163906,0.0911532539596878,0.00132558689291594,0.0762620555118522,0.0762620555118522,"","ALDEx2_t"
"80","February - September","k__Bacteria|p__Pseudomonadota|c__Gammaproteobacteria|o__Pseudomonadales|f__Cellvibrionaceae|g__|s__|ASV_9855",0.0358615232799115,8.72946616134848,0.00412424813913378,0.497395833701273,0.865742601261019,0.999836145442685,0.83100687192233,0.998627363638722,0.998627363638722,"","ALDEx2_t"
"81","February - September","k__Bacteria|p__Cyanobacteriota|c__Cyanobacteriia|o__Cyanobacteriales|f__Xenococcaceae|g__Pleurocapsa_PCC-7319|s__|ASV_696",2.36217912409071,7.81233846551144,0.31168872994501,0.350260439906993,0.345000524731963,0.862439752980209,0.261540037815866,0.789404173181064,0.789404173181064,"","ALDEx2_t"
"82","February - September","k__Bacteria|p__Actinomycetota|c__Acidimicrobiia|o__Microtrichales|f__Ilumatobacteraceae|g__Ilumatobacter|s__|ASV_10265",0.0818636004439286,7.12628311825122,0.00843168483889927,0.496093750551928,0.869740774058095,1,0.879711162651119,1,1,"","ALDEx2_t"
"83","February - September","k__Bacteria|p__Pseudomonadota|c__Alphaproteobacteria|o__Sphingomonadales|f__Sphingomonadaceae|g__Sphingomicrobium|s__|ASV_429",-5.99514869535995,5.22217261187556,-1.00336851639767,0.128906366729138,0.00879144651520723,0.164380428990654,0.00190518663679166,0.0933076297047319,0.0933076297047319,"","ALDEx2_t"
"84","February - September","k__Bacteria|p__Pseudomonadota|c__Alphaproteobacteria|o__Rhodobacterales|f__Paracoccaceae|g__Wenxinia|s__|ASV_8558",4.24261832635803,4.50276958624028,1.12290449932052,0.0807293662170344,0.00117427715080968,0.0279863630144933,7.65603944446747e-05,0.00324675027282071,0.00324675027282071,"**","ALDEx2_t"
"85","February - September","k__Bacteria|p__Pseudomonadota|c__Gammaproteobacteria|o__Chromatiales|f__Chromatiaceae|g__Thiohalocapsa|s__|ASV_3220",-2.24093755239212,7.60127296135018,-0.303251091848086,0.365885437084007,0.292258601827364,0.831581220679305,0.30659179102463,0.849157855218613,0.849157855218613,"","ALDEx2_t"
"86","February - September","k__Bacteria|p__Pseudomonadota|c__Alphaproteobacteria|o__Rhodobacterales|f__Paracoccaceae|g__Palleronia-Pseudomaribius|s__|ASV_11540",1.53548827444411,7.85852748658719,0.219383317594976,0.351105354623082,0.450743798392779,0.973632423895805,0.243886886518381,0.808841149359391,0.808841149359391,"","ALDEx2_t"
"87","February - September","k__Bacteria|p__Actinomycetota|c__Actinobacteria|o__Nitriliruptorales|f__Nitriliruptoraceae|g__|s__|ASV_13518",8.37123601187063,3.06723253114029,2.69407677362061,9.13750277142236e-05,5.72018636462411e-06,0.000747818813542181,0,0,0,"***","ALDEx2_t"
"88","February - September","k__Bacteria|p__Cyanobacteriota|c__Cyanobacteriia|o__Cyanobacteriales|f__Nostocaceae|g__Rivularia_PCC-7116|s__|ASV_13548",-0.840175736504848,5.65865752276776,-0.128698397013934,0.412760429379322,0.412783362998035,0.851039409731653,0.587476548828914,0.906200802969884,0.906200802969884,"","ALDEx2_t"
"89","February - September","k__Bacteria|p__Pseudomonadota|c__Alphaproteobacteria|o__Sphingomonadales|f__Sphingomonadaceae|g__Sphingomicrobium|s__|ASV_5269",-1.487906065353,6.43112674215829,-0.255876071175691,0.381510434403554,0.441668460471951,0.954467253600751,0.37291741281753,0.968638774262001,0.968638774262001,"","ALDEx2_t"
"90","February - September","k__Bacteria|p__Pseudomonadota|c__Alphaproteobacteria|o__Rhodobacterales|f__Paracoccaceae|g__|s__|ASV_1163",6.76159595591214,5.89663997102686,0.977094005111693,0.113134076017603,0.00418798370209267,0.0554767358502248,0.000584759625554109,0.0138701935234976,0.0138701935234976,"*","ALDEx2_t"
"91","February - September","k__Bacteria|p__Pseudomonadota|c__Alphaproteobacteria|o__Sphingomonadales|f__Sphingomonadaceae|g__Sphingomicrobium|s__|ASV_3742",-3.32103403590962,5.74911074087949,-0.562665000110834,0.248697964172301,0.0642496765734106,0.44844365333683,0.0412927071792456,0.415957048234039,0.415957048234039,"","ALDEx2_t"
"92","February - September","k__Bacteria|p__Actinomycetota|c__Actinobacteria|o__Euzebyales|f__Euzebyaceae|g__|s__|ASV_11651",6.39760580425638,6.06053446613845,0.922622761748764,0.179687576755948,0.0111992598695386,0.113897180355839,0.0112766296119751,0.109645698883587,0.109645698883587,"","ALDEx2_t"
"93","February - September","k__Bacteria|p__Bacteroidota|c__Bacteroidia|o__Chitinophagales|f__Saprospiraceae|g__Lewinella|s__|ASV_6532",-1.70676076432985,6.38491741659554,-0.242924136949553,0.373697935727505,0.230193209151214,0.723244027323841,0.393233635097236,0.847350114203295,0.847350114203295,"","ALDEx2_t"
"94","February - September","k__Bacteria|p__Pseudomonadota|c__Gammaproteobacteria|o__Enterobacterales|f__Pseudoalteromonadaceae|g__Pseudoalteromonas|s__|ASV_6090",-1.73159469254754,7.22207669406961,-0.243311252710115,0.410156263117093,0.50760576968137,0.948599661614142,0.511505900547158,0.951811169368102,0.951811169368102,"","ALDEx2_t"
"95","February - September","k__Bacteria|p__Pseudomonadota|c__Alphaproteobacteria|o__Rhodobacterales|f__Paracoccaceae|g__Hasllibacter|s__|ASV_260",4.88394596925569,6.08736273483196,0.82028985601087,0.159948073554338,0.0202900768390393,0.174936092723097,0.00496693214999431,0.0634923982104498,0.0634923982104498,"","ALDEx2_t"
"96","February - September","k__Bacteria|p__Pseudomonadota|c__Alphaproteobacteria|o__Rhodobacterales|f__Paracoccaceae|g__Maribius|s__|ASV_6628",7.47421935435576,5.47739675966784,1.1778932887552,0.121093875748197,0.00294105814265971,0.0386833838717335,0.000916817946153982,0.0183886193485177,0.0183886193485177,"*","ALDEx2_t"
"97","February - September","k__Bacteria|p__Pseudomonadota|c__Alphaproteobacteria|o__Rhodobacterales|f__Paracoccaceae|g__Palleronia-Pseudomaribius|s__|ASV_12053",4.1717953780143,8.08713345187298,0.533285024221946,0.295572951346233,0.0966743712774151,0.475799621720191,0.122629944426283,0.509828057490312,0.509828057490312,"","ALDEx2_t"
"98","February - September","k__Bacteria|p__Pseudomonadota|c__Alphaproteobacteria|o__Sphingomonadales|f__Sphingomonadaceae|g__Novosphingobium|s__|ASV_15092",2.67911367437273,4.42539685399993,0.707019958097348,0.227568325080978,0.0115527446579418,0.141859246954879,0.0184583066306086,0.176073788638964,0.176073788638964,"","ALDEx2_t"
"99","February - September","k__Bacteria|p__Pseudomonadota|c__Alphaproteobacteria|o__Sphingomonadales|f__Sphingomonadaceae|g__Aurantiacibacter|s__|ASV_1062",3.5199874300663,5.65753745115284,0.724027553241114,0.152343845091266,0.0160696940127697,0.163539207905271,0.00260416859271434,0.0424745348826186,0.0424745348826186,"*","ALDEx2_t"
"100","February - September","k__Bacteria|p__Pseudomonadota|c__Alphaproteobacteria|o__Rhodobacterales|f__Paracoccaceae|g__Wenxinia|s__|ASV_15944",1.06194722181276,8.20478304116715,0.116564500239252,0.421875011314114,0.64936036095314,0.998918068933199,0.523421090073945,0.992533609377844,0.992533609377844,"","ALDEx2_t"
"101","February - September","k__Bacteria|p__Pseudomonadota|c__Alphaproteobacteria|o__Sphingomonadales|f__Sphingomonadaceae|g__Aurantiacibacter|s__|ASV_11060",-1.53854347543483,7.12451687386216,-0.231737873903997,0.395833348718269,0.251168224782816,0.738059623680281,0.437277321925954,0.868139145335867,0.868139145335867,"","ALDEx2_t"
"102","February - September","k__Bacteria|p__Chloroflexota|c__Anaerolineae|o__Aggregatilineales|f__A4b|g__|s__|ASV_15923",0.00611843893112241,1.31204049683849,0.00391119834277263,0.496749025165552,0.466235732860245,1,0.827634279651396,1,1,"","ALDEx2_t"
"103","February - September","k__Bacteria|p__Bacteroidota|c__Bacteroidia|o__Flavobacteriales|f__Flavobacteriaceae|g__Gramella|s__|ASV_14533",-5.77515412994033,6.73182436144894,-0.744481719958489,0.239583383822277,0.034737555752071,0.310566262761892,0.0528831477362992,0.392207098420876,0.392207098420876,"","ALDEx2_t"
"104","February - September","k__Bacteria|p__Actinomycetota|c__Actinobacteria|o__Nitriliruptorales|f__Nitriliruptoraceae|g__|s__|ASV_12809",7.85015093214998,5.16093617697325,1.30268748278812,0.118489712346184,0.00152211824351301,0.0269419342351222,0.00126986826018912,0.0229132635511051,0.0229132635511051,"*","ALDEx2_t"
"105","February - September","k__Bacteria|p__Pseudomonadota|c__Alphaproteobacteria|o__Sphingomonadales|f__Sphingomonadaceae|g__Pacificimonas|s__|ASV_7328",-1.10195506605689,5.26744556923556,-0.209696769066776,0.352864606092166,0.140919931616264,0.674271466316235,0.24220894846673,0.892405933076016,0.892405933076016,"","ALDEx2_t"
"106","February - September","k__Bacteria|p__Actinomycetota|c__Acidimicrobiia|o__Microtrichales|f__Ilumatobacteraceae|g__Ilumatobacter|s__|ASV_9292",0.472996543680105,7.55097365699443,0.0630288121800053,0.44993498762065,0.716727622964182,0.999273078676479,0.654475751861209,0.986394985817889,0.986394985817889,"","ALDEx2_t"
"107","February - September","k__Bacteria|p__Bacteroidota|c__Bacteroidia|o__Chitinophagales|f__Saprospiraceae|g__Lewinella|s__|ASV_6892",1.76992708524587,3.82699868924071,0.466444956089844,0.217165208155715,0.0555243349859626,0.380678357018275,0.0153354283647097,0.148751126972322,0.148751126972322,"","ALDEx2_t"
"108","February - September","k__Bacteria|p__Pseudomonadota|c__Alphaproteobacteria|o__Sphingomonadales|f__Sphingomonadaceae|g__|s__|ASV_526",2.71226885076414,4.23878503259578,0.690978050096119,0.216145892509763,0.011682472118879,0.14293004292261,0.0169327208748312,0.162716740950398,0.162716740950398,"","ALDEx2_t"
"109","February - September","k__Bacteria|p__Bacteroidota|c__Bacteroidia|o__Cytophagales|f__Cyclobacteriaceae|g__Fulvivirga|s__|ASV_2236",2.99754564227068,6.71026256835007,0.433753401930226,0.311197947777496,0.143033293543194,0.617783207585192,0.121326268251536,0.597292102508317,0.597292102508317,"","ALDEx2_t"
"110","February - September","k__Bacteria|p__Actinomycetota|c__Actinobacteria|o__Frankiales|f__Sporichthyaceae|g__Sporichthya|s__|ASV_3678",7.8876094997831,4.48577396878615,1.45753903095543,0.0846356060385287,0.000779754492691014,0.0156039284618505,0.000449718646039644,0.0102554411355594,0.0102554411355594,"*","ALDEx2_t"
"111","February - September","k__Bacteria|p__Bacteroidota|c__Bacteroidia|o__Cytophagales|f__Cyclobacteriaceae|g__Tunicatimonas|s__|ASV_5667",4.02351530147797,4.69847027348374,0.807240979541763,0.130039126912614,0.0141261945514597,0.132977074472523,0.00163386815516561,0.0297191114263926,0.0297191114263926,"*","ALDEx2_t"
"112","February - September","k__Bacteria|p__Pseudomonadota|c__Alphaproteobacteria|o__Sphingomonadales|f__Sphingomonadaceae|g__|s__|ASV_13522",3.25753338709782,6.6962727495232,0.537935763243454,0.209635478566161,0.0544987704331601,0.342511416485772,0.0186497076167203,0.169633882322123,0.169633882322123,"","ALDEx2_t"
"113","February - September","k__Bacteria|p__Rhodothermota|c__Rhodothermia|o__Rhodothermales|f__Rhodothermaceae|g__Rubrivirga|s__|ASV_3298",7.27232070883492,5.86575160068918,1.09532621532643,0.140442237570066,0.00506619473819802,0.0597980957518635,0.00362948850768964,0.0482916180450448,0.0482916180450448,"*","ALDEx2_t"
"114","February - September","k__Bacteria|p__Actinomycetota|c__Actinobacteria|o__Mycobacteriales|f__Mycobacteriaceae|g__Mycobacterium|s__|ASV_6684",1.2705088527735,7.89357383457669,0.149245280592763,0.416666678776809,0.674291899183452,0.995986638185705,0.525790180697785,0.984900199813333,0.984900199813333,"","ALDEx2_t"
"115","February - September","k__Bacteria|p__Pseudomonadota|c__Alphaproteobacteria|o__Rhodobacterales|f__Paracoccaceae|g__Palleronia-Pseudomaribius|s__|ASV_10171",6.60122366812565,7.67428047009176,0.755017852908324,0.252275728970315,0.0314905047635195,0.230076031669942,0.079125832145039,0.367312524212169,0.367312524212169,"","ALDEx2_t"
"116","February - September","k__Bacteria|p__Pseudomonadota|c__Alphaproteobacteria|o__Rhodobacterales|f__Paracoccaceae|g__|s__|ASV_12829",6.38473372707406,5.90254288501223,0.925537888829764,0.118489712346184,0.00306954532789745,0.0555598891185346,0.00104851338088482,0.0211150486456552,0.0211150486456552,"*","ALDEx2_t"
"117","February - September","k__Bacteria|p__Bacteroidota|c__Bacteroidia|o__Chitinophagales|f__Saprospiraceae|g__|s__|ASV_949",-2.55970825451424,6.68211899265579,-0.39507003960001,0.337239609054441,0.144984193143153,0.589002117321929,0.257774901623649,0.73010531530119,0.73010531530119,"","ALDEx2_t"
"118","February - September","k__Bacteria|p__Pseudomonadota|c__Alphaproteobacteria|o__Sphingomonadales|f__Sphingomonadaceae|g__Pacificimonas|s__|ASV_11209",0.379219971014996,4.82530358966441,0.0629533850293313,0.472041616435937,0.659872468544506,0.999804580715315,0.834576417974777,1,1,"","ALDEx2_t"
"119","February - September","k__Bacteria|p__Cyanobacteriota|c__Cyanobacteriia|o__Phormidesmiales|f__Phormidesmiaceae|g__Acrophormium_PCC-7375|s__|ASV_6130",-3.90332770193606,6.69248299900698,-0.558319671839836,0.30169054031406,0.138794286217483,0.592697049033411,0.159720682026111,0.655591890335982,0.655591890335982,"","ALDEx2_t"
"120","February - September","k__Bacteria|p__Actinomycetota|c__Actinobacteria|o__Euzebyales|f__Euzebyaceae|g__|s__|ASV_7017",7.1418803131099,5.79924589494942,1.12746393472079,0.135240682049122,0.00573926043755443,0.0577225908315848,0.00332732629885255,0.0437203858589854,0.0437203858589854,"*","ALDEx2_t"
"121","February - September","k__Bacteria|p__Pseudomonadota|c__Gammaproteobacteria|o__Pseudomonadales|f__Marinobacteraceae|g__Marinobacter|s__|ASV_10962",2.60509221171692,7.2306448342173,0.351386228190101,0.317708363036591,0.249644822348013,0.822235429609546,0.140577416992585,0.64608798595533,0.64608798595533,"","ALDEx2_t"
"122","February - September","k__Bacteria|p__Bacteroidota|c__Bacteroidia|o__Cytophagales|f__Cyclobacteriaceae|g__Fulvivirga|s__|ASV_9556",1.70389368383044,2.04371365404123,0.724079440952511,0.114583467515684,0.0167725898924615,0.173968474490024,0.00090438916061053,0.0187979769100981,0.0187979769100981,"*","ALDEx2_t"
"123","February - September","k__Bacteria|p__Cyanobacteriota|c__Cyanobacteriia|o__Cyanobacteriales|f__Xenococcaceae|g__Gloeocapsopsis_BDHKU_35101|s__|ASV_16008",-1.32138261071535,6.63562598376919,-0.185644402283307,0.41612484961297,0.473256611070991,0.922497491300807,0.516991039671898,0.937716614494255,0.937716614494255,"","ALDEx2_t"
"124","February - September","k__Bacteria|p__Pseudomonadota|c__Alphaproteobacteria|o__Sphingomonadales|f__Sphingomonadaceae|g__|s__|ASV_2700",-5.64874137526147,5.87843743643061,-0.876178601227279,0.208062481143747,0.0336083075163071,0.292561828712587,0.0230748232997653,0.288310877439534,0.288310877439534,"","ALDEx2_t"
"125","February - September","k__Bacteria|p__Actinomycetota|c__Acidimicrobiia|o__Microtrichales|f__Iamiaceae|g__Iamia|s__|ASV_5513",5.66456804910258,4.47121011588738,1.16587171797949,0.0351567340169525,0.000923140199130423,0.0245521840844956,1.32955069900003e-05,0.000965428000269006,0.000965428000269006,"***","ALDEx2_t"
"126","February - September","k__Bacteria|p__Bacteroidota|c__Bacteroidia|o__Flavobacteriales|f__Flavobacteriaceae|g__Gramella|s__|ASV_536",-5.25148535443462,5.50204454978574,-0.849959591558909,0.184895907183131,0.0164119857390049,0.228016463163685,0.0227654557466359,0.256876318653487,0.256876318653487,"","ALDEx2_t"
"127","February - September","k__Bacteria|p__Bacteroidota|c__Bacteroidia|o__Cytophagales|f__Cyclobacteriaceae|g__Tunicatimonas|s__|ASV_7636",-1.3875543794144,7.77905508137713,-0.149609337165905,0.397919390823389,0.627263622904911,0.985472181545266,0.470694940260473,0.95696497034409,0.95696497034409,"","ALDEx2_t"
"128","February - September","k__Bacteria|p__Pseudomonadota|c__Alphaproteobacteria|o__Sphingomonadales|f__Sphingomonadaceae|g__Croceibacterium|s__|ASV_4564",2.79261361999876,5.69227534665052,0.481156329147206,0.305989615602544,0.0636573686240931,0.40867813630458,0.107894454868728,0.570250375740348,0.570250375740348,"","ALDEx2_t"
"129","February - September","k__Bacteria|p__Bacteroidota|c__Bacteroidia|o__Cytophagales|f__Cyclobacteriaceae|g__Tunicatimonas|s__|ASV_1480",-0.506151912763936,7.46845615319194,-0.0649046490153271,0.456436937265091,0.85913308946077,0.999019614438311,0.738626158910581,0.994601141406471,0.994601141406471,"","ALDEx2_t"
"130","February - September","k__Bacteria|p__Actinomycetota|c__Actinobacteria|o__Nitriliruptorales|f__Nitriliruptoraceae|g__|s__|ASV_3706",3.90028984744634,6.13913476863423,0.645929882110879,0.227568325080978,0.0490162410422191,0.327081080021827,0.0221694634111346,0.190610979154142,0.190610979154142,"","ALDEx2_t"
"131","February - September","k__Bacteria|p__Actinomycetota|c__Acidimicrobiia|o__Microtrichales|f__Ilumatobacteraceae|g__Ilumatobacter|s__|ASV_7004",3.68297577820751,5.09532755353953,0.727566896475017,0.167968833916247,0.0180385960933867,0.159997137005403,0.00551787230470434,0.0731971755535755,0.0731971755535755,"","ALDEx2_t"
"132","February - September","k__Bacteria|p__Actinomycetota|c__Acidimicrobiia|o__Microtrichales|f__Ilumatobacteraceae|g__Ilumatobacter|s__|ASV_3237",-4.56361758939846,6.76687483056571,-0.568802089847107,0.351105354623082,0.10679959587962,0.565549135528792,0.189155680644904,0.794918120684253,0.794918120684253,"","ALDEx2_t"
"133","February - September","k__Bacteria|p__Myxococcota|c__Polyangiia|o__Polyangiales|f__Sandaracinaceae|g__|s__|ASV_14312",-1.15272059056917,7.85685241436971,-0.149786543273743,0.417425239530795,0.460636855416413,0.935786333693023,0.543483576761104,0.944438812577317,0.944438812577317,"","ALDEx2_t"
"134","February - September","k__Bacteria|p__Pseudomonadota|c__Alphaproteobacteria|o__Rhodobacterales|f__Paracoccaceae|g__Silicimonas|s__|ASV_15668",-0.807220138991175,7.53594968105296,-0.119707885141858,0.427083343859222,0.57301762932467,0.979769876690564,0.617860890560678,0.990593454646423,0.990593454646423,"","ALDEx2_t"
"135","February - September","k__Bacteria|p__Rhodothermota|c__Rhodothermia|o__Rhodothermales|f__Rhodothermaceae|g__Rubricoccus|s__|ASV_7519",5.05606295676314,4.41792131703791,1.12408302500869,0.0754228412809239,0.00216884444719875,0.0346084972954394,0.000125241249025547,0.00437173328450781,0.00437173328450781,"**","ALDEx2_t"
"136","February - September","k__Bacteria|p__Actinomycetota|c__Acidimicrobiia|o__Microtrichales|f__Ilumatobacteraceae|g__Ilumatobacter|s__|ASV_10344",-1.01148602676437,6.28081385855612,-0.169319390315896,0.382314711964896,0.256678909080704,0.844275885780598,0.344059789357567,0.969784229663099,0.969784229663099,"","ALDEx2_t"
"137","February - September","k__Bacteria|p__Bacteroidota|c__Bacteroidia|o__Chitinophagales|f__Saprospiraceae|g__|s__|ASV_13366",-0.993586245327389,5.49446670509919,-0.16757368582393,0.41796876191037,0.54266303573109,0.96946272712689,0.538008768956007,0.995854250354547,0.995854250354547,"","ALDEx2_t"
"138","February - September","k__Bacteria|p__Bacteroidota|c__Bacteroidia|o__Cytophagales|f__Cyclobacteriaceae|g__Tunicatimonas|s__|ASV_2727",-0.411300504557111,6.18812984928898,-0.0657993817963235,0.464843754991729,0.566852505052642,0.938377524148936,0.720027345177201,0.962401396736604,0.962401396736604,"","ALDEx2_t"
"139","February - September","k__Bacteria|p__Rhodothermota|c__Rhodothermia|o__Rhodothermales|f__Rhodothermaceae|g__Rubrivirga|s__|ASV_4932",0.872837563885546,6.93975467447634,0.114820382363534,0.425227579048278,0.670346608028332,0.990977641541743,0.567129609941142,0.987877986577333,0.987877986577333,"","ALDEx2_t"
"140","February - September","k__Bacteria|p__Pseudomonadota|c__Alphaproteobacteria|o__Rhodobacterales|f__Paracoccaceae|g__Actibacterium|s__|ASV_9665",-0.208731284074463,7.24392079418026,-0.0293606011279813,0.484375002209736,0.785605615970124,0.99711341816035,0.85122644320446,1,1,"","ALDEx2_t"
"141","February - September","k__Bacteria|p__Bacteroidota|c__Bacteroidia|o__Cytophagales|f__Cyclobacteriaceae|g__Tunicatimonas|s__|ASV_8388",-2.22175800139095,7.70672339644985,-0.298607193022479,0.353706134379022,0.27858268462002,0.791214961580438,0.305327799135849,0.820986585808995,0.820986585808995,"","ALDEx2_t"
"142","February - September","k__Bacteria|p__Bacteroidota|c__Bacteroidia|o__Chitinophagales|f__Saprospiraceae|g__Lewinella|s__|ASV_3307",-2.35518915485226,6.28019292051325,-0.357498248142141,0.354166689186473,0.20931681220245,0.726475847876713,0.291331657641053,0.83838760829155,0.83838760829155,"","ALDEx2_t"
"143","February - September","k__Bacteria|p__Cyanobacteriota|c__Cyanobacteriia|o__Cyanobacteriales|f__Xenococcaceae|g__Myxosarcina_GI1|s__|ASV_4818",4.0819261472742,7.24692301162557,0.541271620846263,0.292587811635872,0.132348616413985,0.583300585430581,0.0993371406827121,0.487491455671944,0.487491455671944,"","ALDEx2_t"
"144","February - September","k__Bacteria|p__Pseudomonadota|c__Alphaproteobacteria|o__Sphingomonadales|f__Sphingomonadaceae|g__Qipengyuania|s__|ASV_13211",2.03744719680371,7.57860089543602,0.277712300526584,0.348504574871776,0.271237443381155,0.83522750972346,0.260310420099654,0.80134459016764,0.80134459016764,"","ALDEx2_t"
"145","February - September","k__Bacteria|p__Bacteroidota|c__Bacteroidia|o__Cytophagales|f__Cyclobacteriaceae|g__Tunicatimonas|s__|ASV_8500",-0.0927417543684799,7.6318273859376,-0.0116028088601251,0.494148245298071,0.806451369315335,0.999404876285549,0.892887218091338,1,1,"","ALDEx2_t"
"146","February - September","k__Bacteria|p__Pseudomonadota|c__Alphaproteobacteria|o__Hyphomicrobiales|f__Rhizobiaceae|g__|s__|ASV_664",-1.31308560545675,3.55401392488797,-0.294750153931709,0.313802113875901,0.233474805032287,0.807610982341913,0.162999639490103,0.771167404053378,0.771167404053378,"","ALDEx2_t"
"147","February - September","k__Bacteria|p__Rhodothermota|c__Rhodothermia|o__Rhodothermales|f__Rhodothermaceae|g__|s__|ASV_12658",6.07907315126044,6.61550823962169,0.810230004974046,0.158854256845635,0.02138693020446,0.172895699836922,0.00614384742411311,0.0720649385260187,0.0720649385260187,"","ALDEx2_t"
"148","February - September","k__Bacteria|p__Rhodothermota|c__Rhodothermia|o__Rhodothermales|f__Rhodothermaceae|g__|s__|ASV_8887",0.76671331262644,6.70583505860419,0.111158424849518,0.42392718912749,0.519259453630287,0.987739583381371,0.579518549410611,0.998648518578504,0.998648518578504,"","ALDEx2_t"
"149","February - September","k__Bacteria|p__Actinomycetota|c__Actinobacteria|o__Propionibacteriales|f__Nocardioidaceae|g__Nocardioides|s__|ASV_13532",3.58589237714168,7.70497624152662,0.475550644353412,0.308192489430374,0.145035154338087,0.577705029152742,0.155670070901975,0.570793412351849,0.570793412351849,"","ALDEx2_t"
"150","February - September","k__Bacteria|p__Rhodothermota|c__Rhodothermia|o__Rhodothermales|f__Rhodothermaceae|g__Rubrivirga|s__|ASV_9879",7.86720854026334,4.24106126993526,1.72622244634095,0.0559170713851671,0.000257963858074061,0.0078302733898232,5.18703895041606e-05,0.00233954194543847,0.00233954194543847,"**","ALDEx2_t"
"151","February - September","k__Bacteria|p__Bacteroidota|c__Bacteroidia|o__Chitinophagales|f__Saprospiraceae|g__Lewinella|s__|ASV_5784",0.946741214501957,6.26931799940975,0.13713685827546,0.421326409287335,0.497967895284046,0.903732487760741,0.537765237563957,0.884912565822647,0.884912565822647,"","ALDEx2_t"
"152","February - September","k__Bacteria|p__Actinomycetota|c__Acidimicrobiia|o__Microtrichales|f__Ilumatobacteraceae|g__Ilumatobacter|s__|ASV_14205",-0.525409295481983,7.29919957272525,-0.0707256270504605,0.434895842690214,0.593602061303973,0.986291314626838,0.632226630970994,0.998648518578504,0.998648518578504,"","ALDEx2_t"
"153","February - September","k__Bacteria|p__Pseudomonadota|c__Gammaproteobacteria|o__Steroidobacterales|f__Woeseiaceae|g__Woeseia|s__|ASV_15820",-1.89742704395771,3.65459797128308,-0.572144794463569,0.145643793434072,0.0681741286618577,0.462651315202902,0.00362470420530472,0.132693337959301,0.132693337959301,"","ALDEx2_t"
"154","February - September","k__Bacteria|p__Campylobacterota|c__Campylobacteria|o__Campylobacterales|f__Sulfurovaceae|g__Sulfurovum|s__|ASV_3044",-5.35034710354754,6.17385995099806,-0.752423711114427,0.231469494011765,0.0310365824295107,0.310530744550353,0.0423044889052259,0.365161435652265,0.365161435652265,"","ALDEx2_t"
"155","February - September","k__Bacteria|p__Pseudomonadota|c__Alphaproteobacteria|o__Sphingomonadales|f__Sphingomonadaceae|g__Sphingomicrobium|s__|ASV_14022",6.08996524637862,5.58171831657296,0.993034158632122,0.131339515658192,0.00690266967886286,0.0862419568399578,0.00199995395975677,0.033769098616489,0.033769098616489,"*","ALDEx2_t"
"156","February - September","k__Bacteria|p__Bacteroidota|c__Bacteroidia|o__Flavobacteriales|f__Flavobacteriaceae|g__Muricauda|s__|ASV_9281",-2.29744015049279,6.95381387998586,-0.351910989516054,0.337239609054441,0.157151941149714,0.623525357276226,0.29906422281111,0.759706198814271,0.759706198814271,"","ALDEx2_t"
"157","February - September","k__Bacteria|p__Rhodothermota|c__Rhodothermia|o__Rhodothermales|f__Rhodothermaceae|g__|s__|ASV_11484",4.42828266662968,6.32552981289556,0.650330028458471,0.217447975316346,0.0418505677972739,0.290052818736233,0.0175112054371124,0.159574272144519,0.159574272144519,"","ALDEx2_t"
"158","February - September","k__Bacteria|p__Myxococcota|c__Polyangiia|o__Polyangiales|f__Sandaracinaceae|g__|s__|ASV_5153",0.537150062598275,6.90155586020094,0.0632412565525323,0.465539666777821,0.710461744974682,0.989906049018347,0.704204253101522,0.995638556150488,0.995638556150488,"","ALDEx2_t"
"159","February - September","k__Bacteria|p__Bacteroidota|c__Bacteroidia|o__Cytophagales|f__Cyclobacteriaceae|g__Tunicatimonas|s__|ASV_213",-0.311989497959942,7.06385563189993,-0.0405043665380956,0.48046875276369,0.757589450939938,0.992058159207028,0.742507204650915,0.990910821141654,0.990910821141654,"","ALDEx2_t"
"160","February - September","k__Bacteria|p__Bacteroidota|c__Bacteroidia|o__Flavobacteriales|f__Flavobacteriaceae|g__Hoppeia|s__|ASV_2715",-6.18824958410345,5.10897634447124,-1.06511282300355,0.130039126912614,0.00795903722775347,0.135171785471852,0.00210541662537221,0.0943753350617044,0.0943753350617044,"","ALDEx2_t"
"161","February - September","k__Bacteria|p__Pseudomonadota|c__Alphaproteobacteria|o__|f__Neomegalonemataceae|g__Acuticoccus|s__|ASV_5409",0.55555098693176,5.17296107437666,0.103754281095438,0.399739598092053,0.710420768256563,1,0.450505698450829,0.996133910663627,0.996133910663627,"","ALDEx2_t"
"162","February - September","k__Bacteria|p__Pseudomonadota|c__Alphaproteobacteria|o__Sphingomonadales|f__Sphingomonadaceae|g__|s__|ASV_14191",0.253898290937606,5.81754583119688,0.0342672331463938,0.474642396300368,0.842116116844918,0.998883544800666,0.795988777320909,1,1,"","ALDEx2_t"
"163","February - September","k__Bacteria|p__Bacteroidota|c__Bacteroidia|o__Chitinophagales|f__Saprospiraceae|g__Lewinella|s__|ASV_4316",0.677745455754791,6.86639310596236,0.0912632792137589,0.453125006681458,0.629523278603568,0.982117513383066,0.643981910390895,0.990213661329787,0.990213661329787,"","ALDEx2_t"
"164","February - September","k__Bacteria|p__Bacteroidota|c__Bacteroidia|o__Flavobacteriales|f__Blattabacteriaceae|g__Candidatus_Uzinura|s__|ASV_7089",1.0902882188652,6.06772503805363,0.165302335193191,0.414062512511275,0.341145374469004,0.824047865795201,0.487005280020827,0.849977900310731,0.849977900310731,"","ALDEx2_t"
"165","February - September","k__Bacteria|p__Pseudomonadota|c__Alphaproteobacteria|o__Hyphomicrobiales|f__Rhizobiaceae|g__Roseitalea|s__|ASV_2998",0.836447473824302,7.06125689547482,0.111739518274942,0.438802092111179,0.579509585970018,0.956990887968593,0.58234580054738,0.928612418812053,0.928612418812053,"","ALDEx2_t"
"166","February - September","k__Bacteria|p__Pseudomonadota|c__Alphaproteobacteria|o__Sphingomonadales|f__Sphingomonadaceae|g__Aurantiacibacter|s__|ASV_472",4.91153574156035,6.15654923424538,0.686454118603458,0.188556638680873,0.0193963031677715,0.183152183919604,0.00921665230297367,0.103576815691329,0.103576815691329,"","ALDEx2_t"
"167","February - September","k__Bacteria|p__Pseudomonadota|c__Alphaproteobacteria|o__Sphingomonadales|f__Sphingomonadaceae|g__Sphingomicrobium|s__|ASV_1202",0.0548445815101708,6.84874661157811,0.0124393010258377,0.492847855364378,0.817465490299004,0.988583027167537,0.769176483577501,0.990617651559192,0.990617651559192,"","ALDEx2_t"
"168","February - September","k__Bacteria|p__Pseudomonadota|c__Gammaproteobacteria|o__Salinisphaerales|f__Salinisphaeraceae|g__Salinisphaera|s__|ASV_136",7.67203560126436,3.7087684826454,1.96656728031309,0.00780457817658935,2.84456290931059e-05,0.00158734460841561,8.72499589609985e-07,0.000151454804582964,0.000151454804582964,"***","ALDEx2_t"
"169","February - September","k__Bacteria|p__Cyanobacteriota|c__Cyanobacteriia|o__Cyanobacteriales|f__Phormidiaceae|g__Arthrospira_PCC-7345|s__|ASV_8114",-0.352889339956865,7.23139059696469,-0.0397921801337166,0.477864586466877,0.614654823195405,0.972182610093638,0.761112796146006,0.994906508471285,0.994906508471285,"","ALDEx2_t"
"170","February - September","k__Bacteria|p__Pseudomonadota|c__Alphaproteobacteria|o__Sphingomonadales|f__Sphingomonadaceae|g__Croceibacterium|s__|ASV_4092",3.01301304278895,7.87451589438143,0.402213418266463,0.334200286328619,0.231613302054953,0.773400331954072,0.17682876376215,0.669758101423146,0.669758101423146,"","ALDEx2_t"
"171","February - September","k__Bacteria|p__Pseudomonadota|c__Alphaproteobacteria|o__Rhodobacterales|f__Paracoccaceae|g__Limibaculum|s__|ASV_361",2.82906835512118,6.34615114621254,0.42496629984476,0.295572951346233,0.164163800108501,0.626118155537795,0.115301733701754,0.54334900738838,0.54334900738838,"","ALDEx2_t"
"172","February - September","k__Bacteria|p__Bacteroidota|c__Bacteroidia|o__Flavobacteriales|f__Flavobacteriaceae|g__|s__|ASV_6125",-0.686724569955951,5.08548579759097,-0.110119826045636,0.441406258393687,0.625800638010373,0.989453447481337,0.598614653241159,0.999841422522849,0.999841422522849,"","ALDEx2_t"
"173","February - September","k__Bacteria|p__Pseudomonadota|c__Alphaproteobacteria|o__Sphingomonadales|f__Sphingomonadaceae|g__Qipengyuania|s__|ASV_13971",0.119688633503516,7.1767326434022,0.0151679364016087,0.492187501104058,0.839628196126281,0.994437365226398,0.801106640343604,0.983354679131725,0.983354679131725,"","ALDEx2_t"
"174","February - September","k__Bacteria|p__Actinomycetota|c__Actinobacteria|o__Propionibacteriales|f__Nocardioidaceae|g__Nocardioides|s__|ASV_15626",6.86015440158432,5.9296476780159,1.02279114884349,0.169270916407529,0.0106174947543828,0.0940897387776222,0.0105997143840814,0.0980314373873905,0.0980314373873905,"","ALDEx2_t"
"175","February - September","k__Bacteria|p__Bacteroidota|c__Bacteroidia|o__Cytophagales|f__Cyclobacteriaceae|g__Tunicatimonas|s__|ASV_15837",2.49354583793812,7.44451891034419,0.381000440116184,0.378906268174765,0.219169470486039,0.774982380493073,0.317751783042472,0.890693823022918,0.890693823022918,"","ALDEx2_t"
"176","February - September","k__Bacteria|p__Pseudomonadota|c__Alphaproteobacteria|o__Rhodobacterales|f__Paracoccaceae|g__Actibacterium|s__|ASV_137",-0.451150104033216,7.68902110191319,-0.0569368833384228,0.460937505552837,0.680270720524259,0.991923792063796,0.724299652091078,0.997854065503331,0.997854065503331,"","ALDEx2_t"
"177","February - September","k__Bacteria|p__Pseudomonadota|c__Gammaproteobacteria|o__Enterobacterales|f__Alteromonadaceae|g__Alteromonas|s__|ASV_12422",-4.14767831692247,6.41334159204945,-0.564560330625101,0.276041706250229,0.0880785053348126,0.438828262024867,0.148933576687144,0.563221504492637,0.563221504492637,"","ALDEx2_t"
"178","February - September","k__Bacteria|p__Pseudomonadota|c__Alphaproteobacteria|o__Rhodobacterales|f__Paracoccaceae|g__Palleronia-Pseudomaribius|s__|ASV_3213",6.04946209366496,7.4651084103622,0.696711209476408,0.266580016051631,0.0460980777789442,0.293498958404569,0.0980756449516966,0.425920904700993,0.425920904700993,"","ALDEx2_t"
"179","February - September","k__Bacteria|p__Actinomycetota|c__Actinobacteria|o__Nitriliruptorales|f__Nitriliruptoraceae|g__|s__|ASV_3062",-0.0566424557663061,8.19879751944798,-0.00848512806300416,0.496093750551928,0.723875673213726,0.994397544545652,0.794416076587298,0.991978715588853,0.991978715588853,"","ALDEx2_t"
"180","February - September","k__Bacteria|p__Pseudomonadota|c__Alphaproteobacteria|o__Hyphomicrobiales|f__Rhizobiaceae|g__Aurantimonas|s__|ASV_12613",6.2171529685229,4.69716714637261,1.15053590420927,0.0638023412683158,0.000749460487434609,0.0223734928912447,6.37444733217994e-05,0.00284623327644535,0.00284623327644535,"**","ALDEx2_t"
"181","February - September","k__Bacteria|p__Pseudomonadota|c__Alphaproteobacteria|o__Sphingomonadales|f__Sphingomonadaceae|g__|s__|ASV_4279",-2.62007923064831,7.12779838652762,-0.365694076946521,0.326397947192784,0.181761947061721,0.678024193473389,0.220076921643944,0.737586599129999,0.737586599129999,"","ALDEx2_t"
"182","February - September","k__Bacteria|p__Actinomycetota|c__Actinobacteria|o__Nitriliruptorales|f__Nitriliruptoraceae|g__|s__|ASV_9881",2.53634361066319,7.42971352224834,0.37306038378576,0.345052107550889,0.258050688878548,0.813303869557324,0.195999486531103,0.693093373085441,0.693093373085441,"","ALDEx2_t"
"183","February - September","k__Bacteria|p__Pseudomonadota|c__Alphaproteobacteria|o__Rhodobacterales|f__Paracoccaceae|g__|s__|ASV_661",7.77691982402415,4.18999112051936,1.64846794315685,0.089843927165105,0.0003603943424881,0.00894585300345868,0.00041061795251458,0.00966375529696803,0.00966375529696803,"**","ALDEx2_t"
"184","February - September","k__Bacteria|p__Pseudomonadota|c__Alphaproteobacteria|o__Hyphomicrobiales|f__Rhizobiaceae|g__|s__|ASV_4948",2.752871566402,3.50929221853763,0.86083361647825,0.0676205276848797,0.00485446196696059,0.0755895571030728,0.000137161557987011,0.00466022785310996,0.00466022785310996,"**","ALDEx2_t"
"185","February - September","k__Bacteria|p__Rhodothermota|c__Rhodothermia|o__Rhodothermales|f__Rhodothermaceae|g__Rubrivirga|s__|ASV_10928",7.01622608430972,5.83716851517092,1.03221770649451,0.145643793434072,0.00543425675799584,0.0624507186143042,0.0035162542397702,0.0462598742935936,0.0462598742935936,"*","ALDEx2_t"
"186","February - September","k__Bacteria|p__Actinomycetota|c__Actinobacteria|o__Nitriliruptorales|f__Nitriliruptoraceae|g__|s__|ASV_13617",2.07225527075366,7.65942241347326,0.271169991434321,0.36801042311382,0.353326453129496,0.911261214405049,0.314784313710082,0.864834985769341,0.864834985769341,"","ALDEx2_t"
"187","February - September","k__Bacteria|p__Chloroflexota|c__Anaerolineae|o__Aggregatilineales|f__A4b|g__|s__|ASV_9233",1.50519871839713,6.60557636253458,0.237948036843038,0.381510434403554,0.336581192205086,0.841778608099753,0.407201700595306,0.819037565965666,0.819037565965666,"","ALDEx2_t"
"188","February - September","k__Bacteria|p__Rhodothermota|c__Rhodothermia|o__Rhodothermales|f__Rhodothermaceae|g__|s__|ASV_15452",0.799324018600197,6.25104585657788,0.113115069323805,0.434895842690214,0.724061628245128,0.991049576009599,0.60690144632928,0.983759275855571,0.983759275855571,"","ALDEx2_t"
"189","February - September","k__Bacteria|p__Bacteroidota|c__Bacteroidia|o__Flavobacteriales|f__Flavobacteriaceae|g__|s__|ASV_15493",-3.38493502672532,6.45568520244092,-0.524466273558461,0.287386252439134,0.0856740224743456,0.479887077209047,0.132040424535419,0.586318042736417,0.586318042736417,"","ALDEx2_t"
"190","February - September","k__Bacteria|p__Pseudomonadota|c__Alphaproteobacteria|o__Rhodobacterales|f__Paracoccaceae|g__|s__|ASV_8835",0.369955782902505,8.37211913000864,0.0537750726634714,0.476562503318659,0.744290843443752,1,0.793907212869746,0.999814447691854,0.999814447691854,"","ALDEx2_t"
"191","February - September","k__Bacteria|p__Cyanobacteriota|c__Cyanobacteriia|o__Phormidesmiales|f__Phormidesmiaceae|g__Acrophormium_PCC-7375|s__|ASV_5093",-1.53569788613194,5.9972711654782,-0.238622206727343,0.384915491767076,0.269583898728859,0.753969590582733,0.416086103898961,0.858819281573548,0.858819281573548,"","ALDEx2_t"
"192","February - September","k__Bacteria|p__Pseudomonadota|c__Alphaproteobacteria|o__Rhodobacterales|f__Paracoccaceae|g__Palleronia-Pseudomaribius|s__|ASV_4192",4.08727974878764,7.34912818563793,0.507118031331234,0.3042913199548,0.13010759834976,0.54433378033601,0.162844681251747,0.587153951793314,0.587153951793314,"","ALDEx2_t"
"193","February - September","k__Bacteria|p__Pseudomonadota|c__Alphaproteobacteria|o__Sphingomonadales|f__Sphingomonadaceae|g__Qipengyuania|s__|ASV_11943",-1.23879318785007,6.09042250964334,-0.223731268635488,0.395833348718269,0.348001154619984,0.81492835638414,0.462093024588818,0.879096298891692,0.879096298891692,"","ALDEx2_t"
"194","February - September","k__Bacteria|p__Pseudomonadota|c__Alphaproteobacteria|o__Caulobacterales|f__Hyphomonadaceae|g__Euryhalocaulis|s__|ASV_12273",-0.938081443418234,7.19692120872696,-0.120500585339558,0.432291676411536,0.577724502051801,0.978900641682778,0.581576533260285,0.981473440275395,0.981473440275395,"","ALDEx2_t"
"195","February - September","k__Bacteria|p__Bacteroidota|c__Bacteroidia|o__Flavobacteriales|f__Flavobacteriaceae|g__Hoppeia|s__|ASV_3834",-4.26832098600912,6.83367595574554,-0.611362547314198,0.263020876515122,0.0753757860471262,0.439368843691615,0.0902178096418994,0.497096791859707,0.497096791859707,"","ALDEx2_t"
"196","February - September","k__Bacteria|p__Pseudomonadota|c__Alphaproteobacteria|o__Caulobacterales|f__Parvularculaceae|g__Parvularcula|s__|ASV_9842",4.13021478349049,6.5181800351913,0.633764988650794,0.235370662984616,0.0633548164929556,0.364627087772995,0.0427491632324466,0.278228786380973,0.278228786380973,"","ALDEx2_t"
"197","February - September","k__Bacteria|p__Bacteroidota|c__Bacteroidia|o__Flavobacteriales|f__Flavobacteriaceae|g__Hoppeia|s__|ASV_8218",-1.09560966353075,5.77102554225139,-0.189746424681515,0.4057217302902,0.444953143554211,0.845933073938363,0.539082989294996,0.887063355286874,0.887063355286874,"","ALDEx2_t"
"198","February - September","k__Bacteria|p__Pseudomonadota|c__Alphaproteobacteria|o__Hyphomicrobiales|f__Rhizobiaceae|g__|s__|ASV_14696",4.24648029292273,6.54583226163009,0.649181984434231,0.265279626301009,0.0449780398320933,0.288371503949374,0.100091627480071,0.402292047476396,0.402292047476396,"","ALDEx2_t"
"199","February - September","k__Bacteria|p__Bacteroidota|c__Bacteroidia|o__Bacteroidales|f__Prolixibacteraceae|g__|s__|ASV_5304",-4.25762130300421,7.17944613608101,-0.582862630241807,0.302083366491304,0.093849055429299,0.505944003619609,0.135322577312478,0.626995564213322,0.626995564213322,"","ALDEx2_t"
"200","February - September","k__Bacteria|p__Bacteroidota|c__Bacteroidia|o__Chitinophagales|f__Saprospiraceae|g__Lewinella|s__|ASV_15291",-0.688461702323058,6.9392853787524,-0.0927504636851467,0.453836157406492,0.582952671827467,0.961409390309292,0.660164235393594,0.974929912780234,0.974929912780234,"","ALDEx2_t"
"201","February - September","k__Bacteria|p__Bacteroidota|c__Bacteroidia|o__Cytophagales|f__Cyclobacteriaceae|g__|s__|ASV_922",-2.30151682077844,5.77952988816884,-0.356104106994143,0.334635442899602,0.256648872871683,0.76920030383759,0.226862200719929,0.785656870130061,0.785656870130061,"","ALDEx2_t"
"202","February - September","k__Bacteria|p__Actinomycetota|c__Acidimicrobiia|o__Microtrichales|f__Ilumatobacteraceae|g__Ilumatobacter|s__|ASV_12667",2.09214013571101,6.28989434985085,0.34085971352932,0.249674949545225,0.17481173642105,0.702698885985244,0.0508666047280556,0.339015216102705,0.339015216102705,"","ALDEx2_t"
"203","February - September","k__Bacteria|p__Cyanobacteriota|c__Cyanobacteriia|o__Cyanobacteriales|f__Xenococcaceae|g__Pleurocapsa_PCC-7319|s__|ASV_1466",-0.360576745860492,6.57824822965902,-0.0594907741720175,0.470741226503959,0.738238652089637,0.991415292850897,0.743280424187806,0.990021417484004,0.990021417484004,"","ALDEx2_t"
"204","February - September","k__Bacteria|p__Pseudomonadota|c__Alphaproteobacteria|o__Rhodobacterales|f__Paracoccaceae|g__Maribius|s__|ASV_4361",1.42860984738947,5.86503280515961,0.273412478222295,0.295572951346233,0.288643653654387,0.890593409393453,0.101813716322209,0.543921153597139,0.543921153597139,"","ALDEx2_t"
"205","February - September","k__Bacteria|p__Bacteroidota|c__Bacteroidia|o__Chitinophagales|f__Saprospiraceae|g__Lewinella|s__|ASV_14300",-1.86373680503305,6.13590717088518,-0.271212167780167,0.394531265595047,0.441807055696979,0.926580512742884,0.435810008742099,0.9715616642384,0.9715616642384,"","ALDEx2_t"
"206","February - September","k__Bacteria|p__Bacteroidota|c__Bacteroidia|o__Cytophagales|f__Cyclobacteriaceae|g__Fulvivirga|s__|ASV_8666",-2.80979962987719,5.64213638362683,-0.471798194312896,0.274739623263905,0.131269642942631,0.616916408354356,0.059528867324962,0.487203420838912,0.487203420838912,"","ALDEx2_t"
"207","February - September","k__Bacteria|p__Pseudomonadota|c__Gammaproteobacteria|o__Pseudomonadales|f__Cellvibrionaceae|g__|s__|ASV_7471",0.496247536258993,7.72464135240672,0.0632737299496006,0.454427089826041,0.700995065368743,0.997599272947574,0.664672868355228,0.994128489425396,0.994128489425396,"","ALDEx2_t"
"208","February - September","k__Bacteria|p__Actinomycetota|c__Actinobacteria|o__Propionibacteriales|f__Nocardioidaceae|g__Nocardioides|s__|ASV_12135",-0.778262144910905,7.90418223876151,-0.0909064428090592,0.457031256116008,0.61462629021373,0.981642530373186,0.667318714693235,0.974763855666914,0.974763855666914,"","ALDEx2_t"
"209","February - September","k__Bacteria|p__Pseudomonadota|c__Alphaproteobacteria|o__Rhodobacterales|f__Paracoccaceae|g__Marivita|s__|ASV_9078",-6.5163760614916,6.82897690943234,-0.818809065380548,0.205729230275627,0.0310523577831412,0.276605460563084,0.0421156938615967,0.355495374606171,0.355495374606171,"","ALDEx2_t"
"210","February - September","k__Bacteria|p__Pseudomonadota|c__Alphaproteobacteria|o__Sphingomonadales|f__Sphingomonadaceae|g__|s__|ASV_15437",1.67982600977182,2.70444729803601,0.490999050197766,0.220052140946507,0.0784656290297715,0.449740182388261,0.0172761216900948,0.161534700170744,0.161534700170744,"","ALDEx2_t"
"211","February - September","k__Bacteria|p__Pseudomonadota|c__Alphaproteobacteria|o__Rhodobacterales|f__Paracoccaceae|g__|s__|ASV_67",-1.69176090155871,7.58350019875385,-0.243961268332819,0.355006524258688,0.294125457433732,0.8463496642313,0.276551630157432,0.855216970517573,0.855216970517573,"","ALDEx2_t"
"212","February - September","k__Bacteria|p__Rhodothermota|c__Rhodothermia|o__Rhodothermales|f__Rhodothermaceae|g__Rubrivirga|s__|ASV_11931",2.01911588903342,7.88594234261009,0.23615998214979,0.367187520188871,0.491749983363128,0.958783178249844,0.302082037103259,0.837490329392281,0.837490329392281,"","ALDEx2_t"
"213","February - September","k__Bacteria|p__Pseudomonadota|c__Alphaproteobacteria|o__Sphingomonadales|f__Sphingomonadaceae|g__|s__|ASV_3847",-0.653311094662723,7.43523629290854,-0.086871801866635,0.451822923537152,0.691891266019772,0.989732970332821,0.751865138327818,0.999381157344309,0.999381157344309,"","ALDEx2_t"
"214","February - September","k__Bacteria|p__Pseudomonadota|c__Alphaproteobacteria|o__Rhodobacterales|f__Paracoccaceae|g__Limibaculum|s__|ASV_8635",5.22816716227082,5.9254813645774,0.770567789292754,0.195058585976756,0.0267506639410512,0.2002518180036,0.0176872423410484,0.147161681335364,0.147161681335364,"","ALDEx2_t"
"215","February - September","k__Bacteria|p__Bacteroidota|c__Bacteroidia|o__Flavobacteriales|f__Flavobacteriaceae|g__|s__|ASV_8714",-2.13880291847984,6.12353183720926,-0.345402898867106,0.361508473673348,0.237735204183275,0.734913407372716,0.352663450028401,0.843161891664699,0.843161891664699,"","ALDEx2_t"
"216","February - September","k__Bacteria|p__Pseudomonadota|c__Alphaproteobacteria|o__Rhodobacterales|f__Paracoccaceae|g__|s__|ASV_1133",-3.77024715356397,6.50519859672586,-0.575305135482024,0.287760453243416,0.0919592235387253,0.494156149037848,0.150630455491473,0.614729716849895,0.614729716849895,"","ALDEx2_t"
"217","February - September","k__Bacteria|p__Pseudomonadota|c__Alphaproteobacteria|o__Rhodobacterales|f__Paracoccaceae|g__|s__|ASV_12846",-2.01221371202916,7.88383141802899,-0.255757075656115,0.361508473673348,0.358803973763412,0.884991532018533,0.356749394496841,0.906413227581891,0.906413227581891,"","ALDEx2_t"
"218","February - September","k__Bacteria|p__Bacteroidota|c__Bacteroidia|o__Cytophagales|f__Cyclobacteriaceae|g__Tunicatimonas|s__|ASV_14216",-0.58533940915037,6.97552177998305,-0.0705903217224798,0.461638496985292,0.783028511513233,0.999536367085317,0.700664308475547,0.998604265026596,0.998604265026596,"","ALDEx2_t"
"219","February - September","k__Bacteria|p__Pseudomonadota|c__Alphaproteobacteria|o__Rhodobacterales|f__Paracoccaceae|g__Palleronia-Pseudomaribius|s__|ASV_15810",7.44338982997098,4.05823489861143,1.63322880927633,0.0807293662170344,0.000347340806376922,0.00934274751414738,0.000356742547397391,0.00883137820373269,0.00883137820373269,"**","ALDEx2_t"
"220","February - September","k__Bacteria|p__Bacteroidota|c__Bacteroidia|o__Flavobacteriales|f__Flavobacteriaceae|g__Robiginitalea|s__|ASV_15498",-0.840318648739379,6.80660730429886,-0.108108252577041,0.435630698430412,0.731203726541768,0.99422574848609,0.629854922848386,0.999248749623529,0.999248749623529,"","ALDEx2_t"
"221","February - September","k__Bacteria|p__Rhodothermota|c__Rhodothermia|o__Rhodothermales|f__Rhodothermaceae|g__Rubrivirga|s__|ASV_11245",4.08781116568058,7.21479711879306,0.551054711269895,0.309895864730986,0.0948923909518347,0.451696774843706,0.177674279423968,0.58730465375589,0.58730465375589,"","ALDEx2_t"
"222","February - September","k__Bacteria|p__Pseudomonadota|c__Alphaproteobacteria|o__Rhodobacterales|f__Paracoccaceae|g__|s__|ASV_12992",-1.23565281633285,6.17275838852335,-0.202252100758656,0.319010446093545,0.370761551633992,0.90578247965343,0.171606015888137,0.780955384117859,0.780955384117859,"","ALDEx2_t"
"223","February - September","k__Bacteria|p__Bacteroidota|c__Bacteroidia|o__Flavobacteriales|f__Flavobacteriaceae|g__|s__|ASV_13815",1.76218822155695,4.20286043490427,0.393967207762883,0.303385449526426,0.100334001304716,0.516515397849301,0.115250712699267,0.591183307113818,0.591183307113818,"","ALDEx2_t"
"224","February - September","k__Bacteria|p__Rhodothermota|c__Rhodothermia|o__Rhodothermales|f__Rhodothermaceae|g__|s__|ASV_10440",1.82057334353432,7.32429359530102,0.246389846283937,0.361979187775402,0.401362799631915,0.915319728595706,0.299866425513173,0.820653411051851,0.820653411051851,"","ALDEx2_t"
"225","February - September","k__Bacteria|p__Actinomycetota|c__Actinobacteria|o__Euzebyales|f__Euzebyaceae|g__|s__|ASV_36",6.45189120881482,4.79111082815424,1.19139369985253,0.139141848656157,0.00298394386600187,0.0440822923135056,0.00246762529602582,0.0366821470534022,0.0366821470534022,"*","ALDEx2_t"
"226","February - September","k__Bacteria|p__Pseudomonadota|c__Alphaproteobacteria|o__Rhodobacterales|f__Paracoccaceae|g__Allosediminivita|s__|ASV_1930",3.94366732434799,5.620061019454,0.622753465381731,0.218465597752502,0.0464062654672395,0.299020395992667,0.0152053103630116,0.147929445416868,0.147929445416868,"","ALDEx2_t"
"227","February - September","k__Bacteria|p__Pseudomonadota|c__Alphaproteobacteria|o__Sphingomonadales|f__Sphingomonadaceae|g__|s__|ASV_8288",1.80262116936187,5.2547057737593,0.490007609620903,0.247395881253385,0.0381574619912302,0.300088139424239,0.0360170199592775,0.269119030047094,0.269119030047094,"","ALDEx2_t"
"228","February - September","k__Bacteria|p__Pseudomonadota|c__Alphaproteobacteria|o__Sphingomonadales|f__Sphingomonadaceae|g__Aurantiacibacter|s__|ASV_11680",-3.41340255054243,6.26074327416645,-0.520794736990553,0.261378457067583,0.156922676639566,0.608852247288282,0.08853222710709,0.531574020952943,0.531574020952943,"","ALDEx2_t"
"229","February - September","k__Bacteria|p__Pseudomonadota|c__Gammaproteobacteria|o__Enterobacterales|f__Vibrionaceae|g__|s__|ASV_4625",1.65510686434155,6.56135092009633,0.246921717052664,0.393229182472531,0.436775034577917,0.923773231395278,0.407532701515741,0.906239865172813,0.906239865172813,"","ALDEx2_t"
"230","February - September","k__Bacteria|p__Pseudomonadota|c__Alphaproteobacteria|o__Kiloniellales|f__Kiloniellaceae|g__Limibacillus|s__|ASV_7263",-0.37697333763174,4.92963772214747,-0.063920531910261,0.464843754991729,0.467289089468425,0.97646933346872,0.745881611258744,1,1,"","ALDEx2_t"
"231","February - September","k__Bacteria|p__Pseudomonadota|c__Alphaproteobacteria|o__Sphingomonadales|f__Sphingomonadaceae|g__|s__|ASV_14461",0.757078258704054,6.78716705145889,0.0985952697207261,0.444010424677607,0.560315799840912,0.957435662560011,0.55408570640895,0.91786229468518,0.91786229468518,"","ALDEx2_t"
"232","February - September","k__Bacteria|p__Rhodothermota|c__Rhodothermia|o__Rhodothermales|f__Rhodothermaceae|g__|s__|ASV_634",5.82960706812341,5.45261773202942,0.951749041956228,0.148244571483381,0.0113073995000835,0.107145118329912,0.00383996314376832,0.0500203928174766,0.0500203928174766,"","ALDEx2_t"
"233","February - September","k__Bacteria|p__Actinomycetota|c__Actinobacteria|o__Frankiales|f__Geodermatophilaceae|g__Geodermatophilus|s__|ASV_7953",3.11574958541486,4.73791318931,0.671708061879141,0.162548851961254,0.0188266219567773,0.181061698121189,0.00512208106706863,0.0660848229326452,0.0660848229326452,"","ALDEx2_t"
"234","February - September","k__Bacteria|p__Actinomycetota|c__Actinobacteria|o__Euzebyales|f__Euzebyaceae|g__|s__|ASV_8234",5.77383149271795,7.01212534446768,0.693797313487964,0.254876508409678,0.0479157098609585,0.308025129635972,0.0789485009370761,0.397980560634279,0.397980560634279,"","ALDEx2_t"
"235","February - September","k__Bacteria|p__Pseudomonadota|c__Alphaproteobacteria|o__Sphingomonadales|f__Sphingomonadaceae|g__Altererythrobacter|s__|ASV_2841",6.82239805492401,5.92194191605585,1.02888021039385,0.157347295205268,0.00772494755094308,0.0786554208930205,0.00478438327892328,0.0580884893644119,0.0580884893644119,"","ALDEx2_t"
"236","February - September","k__Bacteria|p__Pseudomonadota|c__Alphaproteobacteria|o__Rhodobacterales|f__Paracoccaceae|g__|s__|ASV_14973",7.10735518851689,3.13467997264487,2.01651196224967,0.0247402790113648,8.80916902397718e-05,0.00374122924465491,3.7037896482902e-06,0.00040946842696045,0.00040946842696045,"***","ALDEx2_t"
"237","February - September","k__Bacteria|p__Pseudomonadota|c__Alphaproteobacteria|o__Sphingomonadales|f__Sphingomonadaceae|g__Aurantiacibacter|s__|ASV_5145",-0.339074881048397,7.09385269915908,-0.0424749452635671,0.469440836572152,0.495771929987989,0.957533503567088,0.779044910408275,0.999883592894876,0.999883592894876,"","ALDEx2_t"
"238","February - September","k__Bacteria|p__Bacteroidota|c__Bacteroidia|o__Flavobacteriales|f__Flavobacteriaceae|g__Gramella|s__|ASV_3911",-0.970292507053395,7.2869918895063,-0.13986939020193,0.36801042311382,0.594545069957193,0.983376003361693,0.295713003891048,0.916294101648342,0.916294101648342,"","ALDEx2_t"
"239","February - September","k__Bacteria|p__Pseudomonadota|c__Alphaproteobacteria|o__Rhodobacterales|f__Paracoccaceae|g__Palleronia-Pseudomaribius|s__|ASV_9440",6.78996008098161,4.29898394433144,1.32786025629928,0.0859376861828357,0.00211803359659418,0.0264276743553035,0.000237672355071192,0.00691909274603039,0.00691909274603039,"**","ALDEx2_t"
"240","February - September","k__Bacteria|p__Pseudomonadota|c__Gammaproteobacteria|o__Enterobacterales|f__Alteromonadaceae|g__Aestuariibacter|s__|ASV_8460",-0.243689711002309,5.88863824168088,-0.0438571951271253,0.475942786232806,0.598643213488923,0.951979862557,0.699971832708616,0.966494561193706,0.966494561193706,"","ALDEx2_t"
"241","February - September","k__Bacteria|p__Rhodothermota|c__Rhodothermia|o__Rhodothermales|f__Rhodothermaceae|g__Rubrivirga|s__|ASV_8252",0.610048803208899,6.97366931101616,0.0890582026391794,0.458333339261375,0.637768450281137,0.984031370321552,0.671479029639932,0.984111844232458,0.984111844232458,"","ALDEx2_t"
"242","February - September","k__Bacteria|p__Actinomycetota|c__Actinobacteria|o__Euzebyales|f__Euzebyaceae|g__|s__|ASV_10669",1.37241310280312,6.1091317562531,0.208045013779166,0.401820560553915,0.363447385996931,0.833822346499244,0.430252232581996,0.834199798183197,0.834199798183197,"","ALDEx2_t"
"243","February - September","k__Bacteria|p__Pseudomonadota|c__Alphaproteobacteria|o__Hyphomicrobiales|f__Rhizobiaceae|g__Pseudahrensia|s__|ASV_219",-1.3531512953964,6.63145814588705,-0.171980207171394,0.433593759550673,0.604347727794552,0.968949831579365,0.631549028144086,0.983150853001899,0.983150853001899,"","ALDEx2_t"
"244","February - September","k__Bacteria|p__Pseudomonadota|c__Alphaproteobacteria|o__|f__Neomegalonemataceae|g__Acuticoccus|s__|ASV_13762",0.937281298330337,5.81050244832713,0.156199214704749,0.391417441286116,0.229627580364892,0.821443564740233,0.317919967450103,0.954782720990258,0.954782720990258,"","ALDEx2_t"
"245","February - September","k__Bacteria|p__Pseudomonadota|c__Gammaproteobacteria|o__Steroidobacterales|f__Woeseiaceae|g__Woeseia|s__|ASV_6320",-1.44673910179183,7.01092722107044,-0.209701720417698,0.38802084998975,0.432944738482133,0.901954881813402,0.381327603927066,0.914880193582789,0.914880193582789,"","ALDEx2_t"
"246","February - September","k__Bacteria|p__Cyanobacteriota|c__Cyanobacteriia|o__Cyanobacteriales|f__Xenococcaceae|g__Myxosarcina_GI1|s__|ASV_3310",1.11110029863034,7.68221411674437,0.147465720140041,0.429687510134515,0.525725128019463,0.965631732062647,0.536788679397564,0.957765296376849,0.957765296376849,"","ALDEx2_t"
"247","February - September","k__Bacteria|p__Thermodesulfobacteriota|c__Desulfobacteria|o__Desulfobacterales|f__Desulfosarcinaceae|g__|s__|ASV_2528",-1.72870683990362,7.8625802535688,-0.233866686336186,0.360208083788291,0.394189060395486,0.932787869943629,0.304849871595796,0.887502450674109,0.887502450674109,"","ALDEx2_t"
"248","February - September","k__Bacteria|p__Actinomycetota|c__Acidimicrobiia|o__Microtrichales|f__Ilumatobacteraceae|g__Ilumatobacter|s__|ASV_2967",-1.173046659482,6.96521334695916,-0.173817372449644,0.41612484961297,0.408655274120176,0.888865473205973,0.523851267040437,0.926278698099109,0.926278698099109,"","ALDEx2_t"
"249","February - September","k__Bacteria|p__Chloroflexota|c__Anaerolineae|o__Aggregatilineales|f__A4b|g__|s__|ASV_121",-1.98929495265401,6.27925416032679,-0.291357968876125,0.352864606092166,0.42611312084916,0.911448537473021,0.247761010043429,0.869460316978683,0.869460316978683,"","ALDEx2_t"
"250","February - September","k__Bacteria|p__Bacteroidota|c__Bacteroidia|o__Bacteroidales|f__Prolixibacteraceae|g__|s__|ASV_6058",-1.07220409222986,6.87257009628935,-0.163283211817665,0.362808863559438,0.466693630594611,0.954906709293478,0.306796984438028,0.930975949763454,0.930975949763454,"","ALDEx2_t"
"251","February - September","k__Bacteria|p__Bacteroidota|c__Bacteroidia|o__Cytophagales|f__Cyclobacteriaceae|g__Tunicatimonas|s__|ASV_745",-0.813904373350211,7.0380208486379,-0.111548246986641,0.44473342791038,0.641700724889181,0.981876982758363,0.608144301771052,0.975975371441856,0.975975371441856,"","ALDEx2_t"
"252","February - September","k__Bacteria|p__Thermodesulfobacteriota|c__Desulfobulbia|o__Desulfobulbales|f__Desulfobulbaceae|g__Candidatus_Electrothrix|s__|ASV_11661",-1.35847191890765,6.47350689854859,-0.192198472955326,0.402343764344564,0.269629179059798,0.771478801995768,0.471991203077781,0.879404215171239,0.879404215171239,"","ALDEx2_t"
"253","February - September","k__Bacteria|p__Pseudomonadota|c__Alphaproteobacteria|o__Sphingomonadales|f__Sphingomonadaceae|g__|s__|ASV_11464",-3.33378825809429,6.88082982997982,-0.460839347940908,0.322496777645081,0.196637187863937,0.683221489822099,0.229772189085985,0.745308936322684,0.745308936322684,"","ALDEx2_t"
"254","February - September","k__Bacteria|p__Cyanobacteriota|c__Cyanobacteriia|o__Cyanobacteriales|f__Xenococcaceae|g__Myxosarcina_GI1|s__|ASV_3786",-0.256065732420205,7.85880227288938,-0.0336394441636991,0.484375002209736,0.746071712889658,0.993757387102559,0.84845033441118,0.998780837083188,0.998780837083188,"","ALDEx2_t"
"255","February - September","k__Bacteria|p__Bacteroidota|c__Bacteroidia|o__Chitinophagales|f__Saprospiraceae|g__Lewinella|s__|ASV_12600",-1.68603829665317,7.06810330618851,-0.232152892317255,0.40962290003196,0.51836665148307,0.941537378392154,0.498258490819317,0.942574075370314,0.942574075370314,"","ALDEx2_t"
"256","February - September","k__Bacteria|p__Bacteroidota|c__Bacteroidia|o__Flavobacteriales|f__Flavobacteriaceae|g__|s__|ASV_6936",-2.22184407591358,6.68866055778283,-0.288865052358209,0.382314711964896,0.322565441444873,0.843100547760375,0.420464029488314,0.917692547998622,0.917692547998622,"","ALDEx2_t"
"257","February - September","k__Bacteria|p__Bacteroidota|c__Bacteroidia|o__Cytophagales|f__Cyclobacteriaceae|g__Tunicatimonas|s__|ASV_15997",0.424502840072011,6.79436374415273,0.054831299108737,0.459635422406988,0.701243982761706,0.997514837507068,0.70748630765015,0.999289910691872,0.999289910691872,"","ALDEx2_t"
"258","February - September","k__Bacteria|p__Actinomycetota|c__Actinobacteria|o__Nitriliruptorales|f__Nitriliruptoraceae|g__|s__|ASV_6096",2.25511175044411,6.73327928185652,0.330591574798616,0.345052107550889,0.272769341226011,0.78726631036677,0.279027235068909,0.75364547422293,0.75364547422293,"","ALDEx2_t"
"259","February - September","k__Bacteria|p__Thermodesulfobacteriota|c__Desulfobulbia|o__Desulfobulbales|f__Desulfobulbaceae|g__|s__|ASV_9756",-1.54882578010742,7.26790642109295,-0.217915927945853,0.410156263117093,0.495204125665724,0.945877849425433,0.538630479805899,0.972408552726937,0.972408552726937,"","ALDEx2_t"
"260","February - September","k__Bacteria|p__Bacteroidota|c__Bacteroidia|o__Cytophagales|f__Cyclobacteriaceae|g__Catalinimonas|s__|ASV_312",0.934602493914627,2.12795291897771,0.413395095457373,0.299479200427079,0.0710353876054557,0.456565884944816,0.0872658719578309,0.480631314313591,0.480631314313591,"","ALDEx2_t"
"261","February - September","k__Bacteria|p__Rhodothermota|c__Rhodothermia|o__Rhodothermales|f__Rhodothermaceae|g__Rubrivirga|s__|ASV_5056",6.69228381478757,4.65174717464118,1.26920934300099,0.113281385983215,0.00363971456793793,0.042607772341715,0.00252586319909058,0.0343639150671164,0.0343639150671164,"*","ALDEx2_t"
"262","February - September","k__Bacteria|p__Bacteroidota|c__Bacteroidia|o__Flavobacteriales|f__Flavobacteriaceae|g__|s__|ASV_11133",-0.0832900164576076,4.71232004099573,-0.0145046757773181,0.490885417954849,0.382664443143837,0.968493843679007,0.884912623846405,1,1,"","ALDEx2_t"
"263","February - September","k__Bacteria|p__Bacteroidota|c__Bacteroidia|o__Flavobacteriales|f__Flavobacteriaceae|g__Nonlabens|s__|ASV_13962",-3.15823457514908,6.76848828808266,-0.427623898999451,0.321196387798986,0.182069088615648,0.695388700232758,0.164898845748914,0.706816019582202,0.706816019582202,"","ALDEx2_t"
"264","February - September","k__Bacteria|p__Pseudomonadota|c__Alphaproteobacteria|o__Sphingomonadales|f__Sphingomonadaceae|g__Sphingomicrobium|s__|ASV_13291",-4.41743766484392,6.94098419613142,-0.558602036929655,0.300390150496667,0.122305714640609,0.577792446413632,0.132749027099398,0.646306658329732,0.646306658329732,"","ALDEx2_t"
"265","February - September","k__Bacteria|p__Pseudomonadota|c__Gammaproteobacteria|o__Enterobacterales|f__Vibrionaceae|g__Vibrio|s__|ASV_10629",3.99485494173643,6.50746981180121,0.512686834083006,0.302990930133447,0.182390932103116,0.665642171763657,0.15616607247326,0.582240295148425,0.582240295148425,"","ALDEx2_t"
"266","February - September","k__Bacteria|p__Bacteroidota|c__Bacteroidia|o__Chitinophagales|f__Saprospiraceae|g__|s__|ASV_15050",-4.18784669352942,5.26386163479699,-0.709834988661762,0.196614651174065,0.048242489783386,0.359921628288143,0.0176777315177083,0.26644850206662,0.26644850206662,"","ALDEx2_t"
"267","February - September","k__Bacteria|p__Pseudomonadota|c__Alphaproteobacteria|o__Rhodobacterales|f__Paracoccaceae|g__Actibacterium|s__|ASV_14368",-4.33038132790461,6.09630771693213,-0.662182618348673,0.23797144232216,0.078534435797222,0.448197008291811,0.0539274604072398,0.41917659306522,0.41917659306522,"","ALDEx2_t"
"268","February - September","k__Bacteria|p__Actinomycetota|c__Acidimicrobiia|o__Microtrichales|f__Ilumatobacteraceae|g__Ilumatobacter|s__|ASV_9109",-2.95769631487753,7.25283239479893,-0.384199753398491,0.368489603294707,0.257580540860215,0.80891238208661,0.310851339798813,0.893201039934323,0.893201039934323,"","ALDEx2_t"
"269","February - September","k__Bacteria|p__Pseudomonadota|c__Alphaproteobacteria|o__Hyphomicrobiales|f__Rhodomicrobiaceae|g__Rhodomicrobium|s__|ASV_14279",-1.38662354773446,7.50894851989418,-0.19095489292741,0.364109253446544,0.45174870832343,0.920693531442648,0.3341703763115,0.875473720320174,0.875473720320174,"","ALDEx2_t"
"270","February - September","k__Bacteria|p__Pseudomonadota|c__Alphaproteobacteria|o__Sphingomonadales|f__Sphingomonadaceae|g__|s__|ASV_7123",1.09324630649238,2.61679679849248,0.351638799940739,0.275682744387271,0.190383368949276,0.744364190499652,0.0647600397314356,0.397615210080859,0.397615210080859,"","ALDEx2_t"
"271","February - September","k__Bacteria|p__Bacteroidota|c__Bacteroidia|o__Flavobacteriales|f__Flavobacteriaceae|g__Flavimarina|s__|ASV_14451",1.26528865935183,5.15102542359743,0.226777628449233,0.343750024464931,0.416941075682786,0.954955945829039,0.273603910517736,0.911946877763442,0.911946877763442,"","ALDEx2_t"
"272","February - September","k__Bacteria|p__Pseudomonadota|c__Alphaproteobacteria|o__Kiloniellales|f__Kiloniellaceae|g__|s__|ASV_13619",-3.855682477759,6.24617530509112,-0.574827549285791,0.28998703203295,0.111734122181044,0.521668288005304,0.178080800673112,0.627820863759701,0.627820863759701,"","ALDEx2_t"
"273","February - September","k__Bacteria|p__Actinomycetota|c__Actinobacteria|o__Euzebyales|f__Euzebyaceae|g__Euzebya|s__|ASV_5746",7.34714644201457,3.32612583835323,2.08781186192292,0.0429691425435031,9.33966046249134e-05,0.00325358392783706,4.4578373067242e-05,0.00208523054350581,0.00208523054350581,"**","ALDEx2_t"
"274","February - September","k__Bacteria|p__Myxococcota|c__Polyangiia|o__Polyangiales|f__Sandaracinaceae|g__|s__|ASV_15934",0.848081124772001,7.51479879385355,0.103744461915608,0.450520840393132,0.588696857613884,0.977268315461992,0.615394732912968,0.96725076225369,0.96725076225369,"","ALDEx2_t"
"275","February - September","k__Bacteria|p__Rhodothermota|c__Rhodothermia|o__Rhodothermales|f__Rhodothermaceae|g__Rubrivirga|s__|ASV_4964",1.10362459040962,6.91855501350711,0.154463343325538,0.40962290003196,0.479724433502513,0.913924496583501,0.447923093887705,0.877720318300957,0.877720318300957,"","ALDEx2_t"
"276","February - September","k__Bacteria|p__Verrucomicrobiota|c__Verrucomicrobiia|o__Verrucomicrobiales|f__DEV007|g__|s__|ASV_12367",-1.34172871754452,4.80757242678008,-0.282913653757287,0.30169054031406,0.234644616728429,0.782265521143664,0.133010459178391,0.705185833144678,0.705185833144678,"","ALDEx2_t"
"277","February - September","k__Bacteria|p__Pseudomonadota|c__Alphaproteobacteria|o__Rhodobacterales|f__Paracoccaceae|g__|s__|ASV_5270",2.05425845802398,4.64136046298197,0.428344401236186,0.258777677594492,0.127790498140571,0.595611955744056,0.050380518450119,0.339733231597703,0.339733231597703,"","ALDEx2_t"
"278","February - September","k__Bacteria|p__Actinomycetota|c__Actinobacteria|o__Mycobacteriales|f__Mycobacteriaceae|g__Mycobacterium|s__|ASV_13526",1.68703504462896,5.64789151693994,0.282800725803956,0.367187520188871,0.280011226642458,0.745346399203302,0.351390184220141,0.76643602334998,0.76643602334998,"","ALDEx2_t"
"279","February - September","k__Bacteria|p__Pseudomonadota|c__Alphaproteobacteria|o__Sphingomonadales|f__Sphingomonadaceae|g__Parasphingopyxis|s__|ASV_619",5.89954811585955,5.52782295774492,0.926352444063213,0.111979304491858,0.0111413435997973,0.09998391409247,0.0012651070703761,0.0237751137955211,0.0237751137955211,"*","ALDEx2_t"
"280","February - September","k__Bacteria|p__Acidobacteriota|c__Thermoanaerobaculia|o__Thermoanaerobaculales|f__Thermoanaerobaculaceae|g__Subgroup_10|s__|ASV_9865",-4.84232335174143,5.7057754995636,-0.751826012322681,0.212239644125289,0.0415458999422544,0.329680211862095,0.0343681690793726,0.329787762032374,0.329787762032374,"","ALDEx2_t"
"281","February - September","k__Bacteria|p__Actinomycetota|c__Acidimicrobiia|o__Microtrichales|f__Ilumatobacteraceae|g__Ilumatobacter|s__|ASV_5173",0.945199431052017,6.47535798539174,0.13201902803094,0.433029918582366,0.592794408486065,0.967531965464489,0.608114128308426,0.957975599843794,0.957975599843794,"","ALDEx2_t"
"282","February - September","k__Bacteria|p__Pseudomonadota|c__Alphaproteobacteria|o__Sphingomonadales|f__Sphingomonadaceae|g__Paraurantiacibacter|s__|ASV_6999",6.73744249695503,3.70950840500757,1.6539050596825,0.0507815791647401,0.00032617138286894,0.00865484679962198,5.25117633745978e-05,0.00234562838842439,0.00234562838842439,"**","ALDEx2_t"
"283","February - September","k__Bacteria|p__Pseudomonadota|c__Alphaproteobacteria|o__Sphingomonadales|f__Sphingomonadaceae|g__Sphingomicrobium|s__|ASV_1652",-2.73045358358206,5.70145563666616,-0.423179879678531,0.282184693279934,0.166170305253383,0.67912670061833,0.0874382801879773,0.575088704724943,0.575088704724943,"","ALDEx2_t"
"284","February - September","k__Bacteria|p__Bacteroidota|c__Bacteroidia|o__Cytophagales|f__Cyclobacteriaceae|g__Fulvivirga|s__|ASV_8492",-0.116886603387147,6.77336228258978,-0.0138332190756769,0.491547465430725,0.846443384701897,0.998920065252825,0.837887386350861,1,1,"","ALDEx2_t"
"285","February - September","k__Bacteria|p__Pseudomonadota|c__Alphaproteobacteria|o__Sphingomonadales|f__Sphingomonadaceae|g__|s__|ASV_2773",-5.21161700086185,5.60661185966481,-0.826736703278437,0.186197989813852,0.0328229363587876,0.283907991264026,0.0208825438510204,0.250359014496498,0.250359014496498,"","ALDEx2_t"
"286","February - September","k__Bacteria|p__Bacteroidota|c__Bacteroidia|o__Flavobacteriales|f__Flavobacteriaceae|g__Hoppeia|s__|ASV_1103",-1.94221564040004,6.40038781150071,-0.300462930177438,0.384114600635644,0.30279368199377,0.786588800782638,0.388634932442877,0.8682394972265,0.8682394972265,"","ALDEx2_t"
"287","February - September","k__Bacteria|p__Pseudomonadota|c__Alphaproteobacteria|o__Rhodobacterales|f__Paracoccaceae|g__|s__|ASV_6399",-0.988595363679,6.86665420300447,-0.135740646869469,0.394018221098918,0.52100685859707,0.959125022777135,0.493824713699949,0.979541908454882,0.979541908454882,"","ALDEx2_t"
"288","February - September","k__Bacteria|p__Bacteroidota|c__Bacteroidia|o__Cytophagales|f__Cyclobacteriaceae|g__Fulvivirga|s__|ASV_10951",-5.05617173853647,6.34126521378223,-0.733136218978097,0.243489632519781,0.0595286605038298,0.399616886208598,0.0651661218417133,0.444327254098355,0.444327254098355,"","ALDEx2_t"
"289","February - September","k__Bacteria|p__Pseudomonadota|c__Gammaproteobacteria|o__Pseudomonadales|f__Cellvibrionaceae|g__|s__|ASV_6741",0.977506514160832,4.91913582055786,0.184115694982803,0.38881666147623,0.582794099749269,0.992647147406283,0.351647646714909,0.983543415079271,0.983543415079271,"","ALDEx2_t"
"290","February - September","k__Bacteria|p__Pseudomonadota|c__Gammaproteobacteria|o__Pseudomonadales|f__Pseudohongiellaceae|g__Pseudohongiella|s__|ASV_8644",-2.51503596213744,6.16771763413351,-0.356377345115847,0.342002625514675,0.292897439162981,0.807737224804917,0.226788009364105,0.808687858177657,0.808687858177657,"","ALDEx2_t"
"291","February - September","k__Bacteria|p__Chloroflexota|c__Anaerolineae|o__Aggregatilineales|f__A4b|g__|s__|ASV_15753",2.83370755095655,5.96161561471256,0.470134681982038,0.273437540280312,0.160232232836425,0.618390532269517,0.0681417903589882,0.401120781353075,0.401120781353075,"","ALDEx2_t"
"292","February - September","k__Bacteria|p__Pseudomonadota|c__Alphaproteobacteria|o__|f__Neomegalonemataceae|g__Acuticoccus|s__|ASV_8326",4.46048882145078,6.53142042837832,0.651121458401845,0.230468803679259,0.0695270625176644,0.381743813393017,0.0328601257656733,0.232352269887479,0.232352269887479,"","ALDEx2_t"
"293","February - September","k__Bacteria|p__Rhodothermota|c__Rhodothermia|o__Rhodothermales|f__Rhodothermaceae|g__|s__|ASV_13435",0.905782921110594,6.87131523074193,0.151775183931576,0.384915491767076,0.460601029916498,0.956247818996342,0.449641929635346,0.951970209748737,0.951970209748737,"","ALDEx2_t"
"294","February - September","k__Bacteria|p__Pseudomonadota|c__Alphaproteobacteria|o__Hyphomicrobiales|f__Lutibaculaceae|g__Lutibaculum|s__|ASV_15630",2.8430069633884,6.68332587442271,0.445788698658649,0.299089760681298,0.179785499408076,0.69064132934506,0.118521540316091,0.567216560355707,0.567216560355707,"","ALDEx2_t"
"295","February - September","k__Bacteria|p__Bacteroidota|c__Bacteroidia|o__Cytophagales|f__Flammeovirgaceae|g__|s__|ASV_15816",-3.80012523151831,6.35223419277211,-0.582321200020172,0.270833374321488,0.103505296173719,0.504390322440559,0.10586295802646,0.54142588087581,0.54142588087581,"","ALDEx2_t"
"296","February - September","k__Bacteria|p__Rhodothermota|c__Rhodothermia|o__Rhodothermales|f__Rhodothermaceae|g__Rubrivirga|s__|ASV_571",2.98596763994353,7.0784568545874,0.463232821102685,0.312500030825809,0.133625816596242,0.576499053687375,0.173244171425391,0.593081331785108,0.593081331785108,"","ALDEx2_t"
"297","February - September","k__Bacteria|p__Pseudomonadota|c__Alphaproteobacteria|o__Rhodobacterales|f__Paracoccaceae|g__Tropicimonas-Psychromarinibacter|s__|ASV_11169",0.403308042106479,6.60755877632634,0.0601422541234663,0.471354170727221,0.705421138787955,0.996725161412395,0.6886691147811,0.986662359426035,0.986662359426035,"","ALDEx2_t"
"298","February - September","k__Bacteria|p__Bacteroidota|c__Bacteroidia|o__Bacteroidales|f__Bacteroidetes_BD2-2|g__|s__|ASV_12719",-2.06100200292537,5.64710968101917,-0.429591499466166,0.211963649826572,0.147416424586378,0.637176072200744,0.0192790918404855,0.283412310477856,0.283412310477856,"","ALDEx2_t"
"299","February - September","k__Bacteria|p__Bacteroidota|c__Bacteroidia|o__Cytophagales|f__Cyclobacteriaceae|g__Tunicatimonas|s__|ASV_10332",3.99017373437324,6.2355934443536,0.626758556970818,0.227568325080978,0.0676299392393915,0.38577158222027,0.0345410742298152,0.249838370442369,0.249838370442369,"","ALDEx2_t"
"300","February - September","k__Bacteria|p__Cyanobacteriota|c__Cyanobacteriia|o__Cyanobacteriales|f__Nostocaceae|g__Rivularia_PCC-7116|s__|ASV_3099",0.578503588752348,6.06721061865789,0.0800216980383918,0.457031256116008,0.564894983387217,0.952928004922257,0.623775351486749,0.936889587120247,0.936889587120247,"","ALDEx2_t"
"301","February - September","k__Bacteria|p__Pseudomonadota|c__Alphaproteobacteria|o__Sphingomonadales|f__Sphingomonadaceae|g__Aurantiacibacter|s__|ASV_6586",0.930845577220301,5.34297845133719,0.186561658539382,0.325520861402674,0.457449345805664,0.976274122654024,0.173115705972584,0.720872580222103,0.720872580222103,"","ALDEx2_t"
"302","February - September","k__Bacteria|p__Rhodothermota|c__Rhodothermia|o__Rhodothermales|f__Rhodothermaceae|g__|s__|ASV_12493",1.46738498236034,6.30871684364653,0.246377868051735,0.37971393216597,0.36688125172278,0.881794182135188,0.405274366336484,0.880157498457668,0.880157498457668,"","ALDEx2_t"
"303","February - September","k__Bacteria|p__Bacteroidota|c__Bacteroidia|o__Cytophagales|f__Cyclobacteriaceae|g__Tunicatimonas|s__|ASV_15977",-2.43489368835409,6.42935801044092,-0.379462108497148,0.3446034052538,0.262376638834956,0.755812015966249,0.276243424011041,0.791004555875095,0.791004555875095,"","ALDEx2_t"
"304","February - September","k__Bacteria|p__Pseudomonadota|c__Alphaproteobacteria|o__Kiloniellales|f__Kiloniellaceae|g__Pelagibius|s__|ASV_3850",-0.384240687033221,6.8501676522023,-0.0580549783708658,0.468750004432471,0.750955771386106,0.99731272694623,0.818575156860403,1,1,"","ALDEx2_t"
"305","February - September","k__Bacteria|p__Pseudomonadota|c__Gammaproteobacteria|o__Pseudomonadales|f__KI89A_clade|g__|s__|ASV_9783",0.862896136514723,5.87942106234132,0.14073789376757,0.418725629449136,0.375032751406331,0.922129261492498,0.447588574078197,0.982650467129733,0.982650467129733,"","ALDEx2_t"
"306","February - September","k__Bacteria|p__Bacteroidota|c__Bacteroidia|o__Cytophagales|f__Cyclobacteriaceae|g__Tunicatimonas|s__|ASV_5122",4.97105672151758,5.18880291395283,0.860957802162468,0.183593824561773,0.0173144395777,0.151241177623648,0.0120824378752557,0.118239083557231,0.118239083557231,"","ALDEx2_t"
"307","February - September","k__Bacteria|p__Pseudomonadota|c__Alphaproteobacteria|o__|f__Neomegalonemataceae|g__Acuticoccus|s__|ASV_4242",-4.64790182037937,5.85698665339375,-0.672151343824817,0.232769883664817,0.0555862427183945,0.371283066631535,0.0606201216294474,0.413735583832046,0.413735583832046,"","ALDEx2_t"
"308","February - September","k__Bacteria|p__Rhodothermota|c__Rhodothermia|o__Rhodothermales|f__Rhodothermaceae|g__Rubrivirga|s__|ASV_11592",3.5794291513133,7.33935915022331,0.471988699080531,0.333333359824265,0.204495709007669,0.695590955239257,0.197107006308068,0.684837345264911,0.684837345264911,"","ALDEx2_t"
"309","February - September","k__Bacteria|p__Rhodothermota|c__Rhodothermia|o__Rhodothermales|f__Rhodothermaceae|g__|s__|ASV_13295",3.36411921698377,4.23981825521677,0.725730414620965,0.195058585976756,0.0596382566386706,0.336196208462623,0.0100499125235379,0.110775368796636,0.110775368796636,"","ALDEx2_t"
"310","February - September","k__Bacteria|p__Actinomycetota|c__Rubrobacteria|o__Rubrobacterales|f__Rubrobacteriaceae|g__Rubrobacter|s__|ASV_2894",4.14038233575282,5.93065312373807,0.610016445369391,0.250975339255957,0.0817591131490192,0.390465827201067,0.0492316965071542,0.315539823719366,0.315539823719366,"","ALDEx2_t"
"311","February - September","k__Bacteria|p__Planctomycetota|c__Planctomycetes|o__Planctomycetales|f__Rubinisphaeraceae|g__Planctomicrobium|s__|ASV_13985",-5.19732039946118,5.16095174857647,-0.883562677672565,0.162760504079491,0.0242592028120864,0.236847200600647,0.008463500256642,0.170294897459121,0.170294897459121,"","ALDEx2_t"
"312","February - September","k__Bacteria|p__Myxococcota|c__Polyangiia|o__Polyangiales|f__Sandaracinaceae|g__|s__|ASV_13049",-0.668290333742334,5.29058914220801,-0.114069950506543,0.44473342791038,0.500550739677197,0.914281096780234,0.649155567162176,0.950603248261729,0.950603248261729,"","ALDEx2_t"
"313","February - September","k__Bacteria|p__Verrucomicrobiota|c__Verrucomicrobiia|o__Verrucomicrobiales|f__Rubritaleaceae|g__Haloferula|s__|ASV_4595",-1.0045634916548,5.52679144453199,-0.167890202348328,0.403645847471784,0.352591532693719,0.825418052785936,0.512336294808805,0.897338701323929,0.897338701323929,"","ALDEx2_t"
"314","February - September","k__Bacteria|p__Cyanobacteriota|c__Cyanobacteriia|o__Cyanobacteriales|f__Xenococcaceae|g__Myxosarcina_GI1|s__|ASV_7756",4.48926042138026,6.56696680688607,0.633866313848749,0.268229208374106,0.0628355752191012,0.343433076051862,0.104928851876519,0.421281147349887,0.421281147349887,"","ALDEx2_t"
"315","February - September","k__Bacteria|p__Bacteroidota|c__Bacteroidia|o__Cytophagales|f__Cyclobacteriaceae|g__Tunicatimonas|s__|ASV_6474",0.754484359700607,6.54909246171511,0.109302207506771,0.458333339261375,0.620105241976265,0.964074353083741,0.638682099423998,0.952900963372773,0.952900963372773,"","ALDEx2_t"
"316","February - September","k__Bacteria|p__Acidobacteriota|c__Thermoanaerobaculia|o__Thermoanaerobaculales|f__Thermoanaerobaculaceae|g__Subgroup_10|s__|ASV_15757",-0.412488347051775,5.83738717741267,-0.0662215367672306,0.455729172970894,0.733409404297386,0.997224958077535,0.72983382453712,1,1,"","ALDEx2_t"
"317","February - September","k__Bacteria|p__Actinomycetota|c__Thermoleophilia|o__Solirubrobacterales|f__Solirubrobacteraceae|g__Patulibacter|s__|ASV_9925",1.54765740558569,6.37242073558463,0.21525480237444,0.403120950465384,0.382987031462351,0.838441261135439,0.442509089481154,0.869287863570909,0.869287863570909,"","ALDEx2_t"
"318","February - September","k__Bacteria|p__Actinomycetota|c__Actinobacteria|o__Nitriliruptorales|f__Nitriliruptoraceae|g__|s__|ASV_3378",0.389500892743341,5.68929619325814,0.0533412013344012,0.462239588698916,0.84308757088852,0.999551160118725,0.743533772644773,1,1,"","ALDEx2_t"
"319","February - September","k__Bacteria|p__Bacillota|c__Bacilli|o__Bacillales|f__Bacillaceae|g__Rossellomorea|s__|ASV_4044",0.209985562778844,5.20477004766564,0.0380446187835438,0.478543566098093,0.646253136525422,0.951389022136006,0.685274738911143,0.938208816361355,0.938208816361355,"","ALDEx2_t"
"320","February - September","k__Bacteria|p__Rhodothermota|c__Rhodothermia|o__Rhodothermales|f__Rhodothermaceae|g__|s__|ASV_9391",5.33355714301065,4.80047187914281,1.03391516870227,0.110677223043069,0.00447563079178203,0.0558432162760972,0.000928709364400551,0.0179483951081367,0.0179483951081367,"*","ALDEx2_t"
"321","February - September","k__Bacteria|p__Pseudomonadota|c__Gammaproteobacteria|o__Pseudomonadales|f__Cellvibrionaceae|g__|s__|ASV_4946",4.26485319842285,5.70404817381876,0.696153538606833,0.246093798338284,0.0702870753014211,0.348893640417187,0.046839400861119,0.283492692784814,0.283492692784814,"","ALDEx2_t"
"322","February - September","k__Bacteria|p__Pseudomonadota|c__Gammaproteobacteria|o__Chromatiales|f__Chromatiaceae|g__Thiophaeococcus|s__|ASV_12238",-1.48565027133246,5.60228141328125,-0.219420485955248,0.386718766870934,0.332746943094368,0.808139529017748,0.444996811158454,0.867362129998613,0.867362129998613,"","ALDEx2_t"
"323","February - September","k__Bacteria|p__Pseudomonadota|c__Alphaproteobacteria|o__Rhodobacterales|f__Paracoccaceae|g__|s__|ASV_14777",5.21027237136581,6.43438093297355,0.688655622335996,0.246093798338284,0.0568143406173542,0.32431186232939,0.0493177041653662,0.303580830262118,0.303580830262118,"","ALDEx2_t"
"324","February - September","k__Bacteria|p__Bacteroidota|c__Bacteroidia|o__Cytophagales|f__Cyclobacteriaceae|g__Fulvivirga|s__|ASV_7283",-0.167145817651742,7.07148544096088,-0.0309566221084151,0.485677085358608,0.796790431654675,0.993081294733652,0.8312679110876,1,1,"","ALDEx2_t"
"325","February - September","k__Bacteria|p__Chloroflexota|c__Anaerolineae|o__Caldilineales|f__Caldilineaceae|g__|s__|ASV_1846",-2.42689751723706,4.49499052731331,-0.725071699946838,0.10663213507062,0.016861126708862,0.260144681154003,0.0011664337227586,0.0729126179149524,0.0729126179149524,"","ALDEx2_t"
"326","February - September","k__Bacteria|p__Pseudomonadota|c__Alphaproteobacteria|o__|f__Neomegalonemataceae|g__Acuticoccus|s__|ASV_2172",5.14575587667058,6.06433969147883,0.766491891012771,0.224967545818275,0.0316729519751375,0.223450112126159,0.055971709611058,0.303641405355854,0.303641405355854,"","ALDEx2_t"
"327","February - September","k__Bacteria|p__Actinomycetota|c__Acidimicrobiia|o__Microtrichales|f__Microtrichaceae|g__IMCC26207|s__|ASV_14497",5.42870706405518,4.25672108986867,1.14430034001793,0.0690106536061922,0.00143763745311427,0.0294848139418418,0.000174655927764493,0.00526409108873992,0.00526409108873992,"**","ALDEx2_t"
"328","February - September","k__Bacteria|p__Rhodothermota|c__Rhodothermia|o__Rhodothermales|f__Rhodothermaceae|g__Rubrivirga|s__|ASV_15588",2.12043659520093,6.66579272814479,0.330263345340398,0.356770855378449,0.259546330034676,0.758561613578737,0.30165846455419,0.757695642344451,0.757695642344451,"","ALDEx2_t"
"329","February - September","k__Bacteria|p__Actinomycetota|c__Actinobacteria|o__Nitriliruptorales|f__Nitriliruptoraceae|g__|s__|ASV_2752",4.39459348728236,6.23851110585168,0.619936853192685,0.255208378821954,0.0743803954360679,0.411859774240987,0.0549898528875553,0.33786287116649,0.33786287116649,"","ALDEx2_t"
"330","February - September","k__Bacteria|p__Bacteroidota|c__Bacteroidia|o__Chitinophagales|f__Saprospiraceae|g__Phaeodactylibacter|s__|ASV_7871",-3.83430039495507,5.98483632198728,-0.566826519049835,0.270833374321488,0.105290644354953,0.502404080435552,0.109801259385553,0.54984318225667,0.54984318225667,"","ALDEx2_t"
"331","February - September","k__Bacteria|p__Bacteroidota|c__Bacteroidia|o__Cytophagales|f__Cyclobacteriaceae|g__Tunicatimonas|s__|ASV_4875",4.57567933071033,5.51488305204337,0.683421136339222,0.217165208155715,0.0295795873663831,0.233236008677594,0.0199727405704405,0.175098742996327,0.175098742996327,"","ALDEx2_t"
"332","February - September","k__Bacteria|p__Pseudomonadota|c__Alphaproteobacteria|o__Sphingomonadales|f__Sphingomonadaceae|g__Aurantiacibacter|s__|ASV_10631",-5.81285486454408,5.31918591690038,-0.97018479894651,0.167750408937775,0.0146218960492367,0.196143251509094,0.0111742582528523,0.188999693070767,0.188999693070767,"","ALDEx2_t"
"333","February - September","k__Bacteria|p__Balneolota|c__Balneolia|o__Balneolales|f__Balneolaceae|g__|s__|ASV_7903",-1.36730449505813,6.00333240107325,-0.201319449405203,0.355468772281907,0.308942504794448,0.859834441652787,0.275693477696923,0.901357137990652,0.901357137990652,"","ALDEx2_t"
"334","February - September","k__Bacteria|p__Bacteroidota|c__Bacteroidia|o__Cytophagales|f__Cyclobacteriaceae|g__Tunicatimonas|s__|ASV_13852",-1.95504159360571,6.58894810579815,-0.27997463653177,0.368489603294707,0.344381830326373,0.840466372558792,0.358341602241143,0.879308674165531,0.879308674165531,"","ALDEx2_t"
"335","February - September","k__Bacteria|p__Bacteroidota|c__Bacteroidia|o__Flavobacteriales|f__Flavobacteriaceae|g__Robiginitalea|s__|ASV_1957",-1.96263790980834,6.83980031199017,-0.294607950024678,0.365409643334653,0.320857203469195,0.805172630220472,0.391776150534585,0.853422319961301,0.853422319961301,"","ALDEx2_t"
"336","February - September","k__Bacteria|p__Pseudomonadota|c__Alphaproteobacteria|o__Hyphomicrobiales|f__Rhizobiaceae|g__|s__|ASV_8889",2.94494438001761,6.63483659632801,0.437662259631265,0.319895997954499,0.150357289356324,0.522614896784967,0.229499634081762,0.602444333991089,0.602444333991089,"","ALDEx2_t"
"337","February - September","k__Bacteria|p__Pseudomonadota|c__Gammaproteobacteria|o__Pseudomonadales|f__Marinomonadaceae|g__Marinomonas|s__|ASV_8306",-1.75489050667236,6.08301393524198,-0.249722303048719,0.38881666147623,0.364579617542309,0.88523659818197,0.389311073399612,0.956821049449465,0.956821049449465,"","ALDEx2_t"
"338","February - September","k__Bacteria|p__Cyanobacteriota|c__Cyanobacteriia|o__Cyanobacteriales|f__Nostocaceae|g__Rivularia_PCC-7116|s__|ASV_12444",0.96515461709482,6.86110846814968,0.141398125144689,0.42447917758573,0.590273950650599,0.975604306848866,0.577097565284695,0.951606813966788,0.951606813966788,"","ALDEx2_t"
"339","February - September","k__Bacteria|p__Pseudomonadota|c__Alphaproteobacteria|o__Rhodobacterales|f__Paracoccaceae|g__Palleronia-Pseudomaribius|s__|ASV_9319",1.34953432817078,6.1888288540965,0.198557128722925,0.421875011314114,0.431415641379754,0.873482157615933,0.526566266193592,0.901227293517515,0.901227293517515,"","ALDEx2_t"
"340","February - September","k__Bacteria|p__Actinomycetota|c__Actinobacteria|o__Euzebyales|f__Euzebyaceae|g__|s__|ASV_12943",1.44556637232771,6.97768752976593,0.198336112890106,0.395833348718269,0.373294762189067,0.889601775425417,0.41212967650535,0.880350495841724,0.880350495841724,"","ALDEx2_t"
"341","February - September","k__Bacteria|p__Bacteroidota|c__Bacteroidia|o__Chitinophagales|f__Saprospiraceae|g__Lewinella|s__|ASV_14761",-1.56566661118733,6.29390699515554,-0.232436634541301,0.38802084998975,0.303584112612177,0.774874027470151,0.426923242177966,0.857514449770115,0.857514449770115,"","ALDEx2_t"
"342","February - September","k__Bacteria|p__Planctomycetota|c__Planctomycetes|o__Pirellulales|f__Pirellulaceae|g__Pir4_lineage|s__|ASV_4944",-3.73494788780128,5.74885735705337,-0.627083417266507,0.236671052651208,0.0731755176730078,0.461575429507428,0.0363701742798862,0.382626010717167,0.382626010717167,"","ALDEx2_t"
"343","February - September","k__Bacteria|p__Bacteroidota|c__Bacteroidia|o__Chitinophagales|f__Saprospiraceae|g__|s__|ASV_12745",-0.758540161827951,6.56497956186183,-0.117162344572023,0.446614590962869,0.637074241441577,0.964873052533013,0.629035125700958,0.976262129481068,0.976262129481068,"","ALDEx2_t"
"344","February - September","k__Bacteria|p__Actinomycetota|c__Acidimicrobiia|o__Microtrichales|f__Ilumatobacteraceae|g__Ilumatobacter|s__|ASV_8457",-5.09438529298451,6.29458214250504,-0.703302910854417,0.226267935447119,0.0476525653050114,0.331823541983811,0.0712554929338396,0.419730879156463,0.419730879156463,"","ALDEx2_t"
"345","February - September","k__Bacteria|p__Bacteroidota|c__Bacteroidia|o__Chitinophagales|f__Saprospiraceae|g__Lewinella|s__|ASV_14052",2.02354252422816,6.40949278659758,0.308454803986573,0.370611202896825,0.348630403525638,0.8573082060564,0.317117666519609,0.814421979554948,0.814421979554948,"","ALDEx2_t"
"346","February - September","k__Bacteria|p__Pseudomonadota|c__Alphaproteobacteria|o__Caulobacterales|f__Parvularculaceae|g__Parvularcula|s__|ASV_11516",5.35243275131363,6.39710277493908,0.729869879451555,0.247074170134884,0.0508986817175203,0.291941889048745,0.0643164285825226,0.337138376018547,0.337138376018547,"","ALDEx2_t"
"347","February - September","k__Bacteria|p__Pseudomonadota|c__Alphaproteobacteria|o__Hyphomicrobiales|f__Rhizobiaceae|g__|s__|ASV_9057",3.80650391123873,6.32367177736201,0.569712872904456,0.299089760681298,0.095871687719015,0.464129148095938,0.162383596998472,0.561530389924343,0.561530389924343,"","ALDEx2_t"
"348","February - September","k__Bacteria|p__Bacteroidota|c__Bacteroidia|o__Flavobacteriales|f__Flavobacteriaceae|g__Gramella|s__|ASV_15214",-2.68160515394832,6.13837991988194,-0.425207644837481,0.323797167492761,0.155987894798519,0.607155271014897,0.234037689347434,0.722626553767047,0.722626553767047,"","ALDEx2_t"
"349","February - September","k__Bacteria|p__Pseudomonadota|c__Gammaproteobacteria|o__Steroidobacterales|f__Woeseiaceae|g__Woeseia|s__|ASV_4027",-2.51825348843221,6.5434131685478,-0.390531872135499,0.338101455915634,0.182093438943287,0.653566368148586,0.301422698986301,0.792129389137241,0.792129389137241,"","ALDEx2_t"
"350","February - September","k__Bacteria|p__Bacteroidota|c__Bacteroidia|o__Cytophagales|f__Cyclobacteriaceae|g__Fulvivirga|s__|ASV_488",1.00222690904872,6.22340661502447,0.164464905992813,0.417425239530795,0.564503241351972,0.981263568857693,0.496217922292575,0.95859739907604,0.95859739907604,"","ALDEx2_t"
"351","February - September","k__Bacteria|p__Pseudomonadota|c__Alphaproteobacteria|o__|f__Neomegalonemataceae|g__Acuticoccus|s__|ASV_9666",2.16593267077647,6.32980632705844,0.310262173711831,0.357607304021333,0.319573205648608,0.841703041123817,0.291206283494739,0.791668763745852,0.791668763745852,"","ALDEx2_t"
"352","February - September","k__Bacteria|p__Bacteroidota|c__Bacteroidia|o__Chitinophagales|f__Saprospiraceae|g__|s__|ASV_14754",-2.00087780293911,5.36219025362322,-0.338475945052249,0.317295218270439,0.265389572962292,0.779203401207079,0.163189064351317,0.741140216949208,0.741140216949208,"","ALDEx2_t"
"353","February - September","k__Bacteria|p__Pseudomonadota|c__Alphaproteobacteria|o__Hyphomicrobiales|f__Rhizobiaceae|g__|s__|ASV_9642",-4.87292574378305,5.58316016184776,-0.74850723120978,0.219765987354877,0.0233980714911408,0.291931702607148,0.0220867550725624,0.306244529278828,0.306244529278828,"","ALDEx2_t"
"354","February - September","k__Bacteria|p__Rhodothermota|c__Rhodothermia|o__Rhodothermales|f__Rhodothermaceae|g__|s__|ASV_4914",0.749108697656448,6.41427031173175,0.102180007268604,0.439531868205379,0.584050836310996,0.96524439247711,0.579513349081932,0.929382427951032,0.929382427951032,"","ALDEx2_t"
"355","February - September","k__Bacteria|p__Pseudomonadota|c__Alphaproteobacteria|o__Sphingomonadales|f__Sphingomonadaceae|g__Croceibacterium|s__|ASV_3589",-3.55992171143196,5.8737777508807,-0.580904995153816,0.207031313032552,0.0654253056065561,0.440186950371117,0.0238706180412669,0.310062557123883,0.310062557123883,"","ALDEx2_t"
"356","February - September","k__Bacteria|p__Bacteroidota|c__Bacteroidia|o__Bacteroidales|f__Prolixibacteraceae|g__|s__|ASV_10019",-2.88046629607486,6.6920434004249,-0.405579489187389,0.322496777645081,0.217820791265355,0.761153272812305,0.197451637867786,0.799376546000869,0.799376546000869,"","ALDEx2_t"
"357","February - September","k__Bacteria|p__Pseudomonadota|c__Gammaproteobacteria|o__Enterobacterales|f__Pseudoalteromonadaceae|g__Pseudoalteromonas|s__|ASV_11013",-4.81081436747122,5.02173186211201,-0.829596487984508,0.223667156194535,0.0101636487178346,0.212561660950249,0.0225749677071145,0.315969334087268,0.315969334087268,"","ALDEx2_t"
"358","February - September","k__Bacteria|p__Rhodothermota|c__Rhodothermia|o__Rhodothermales|f__Rhodothermaceae|g__|s__|ASV_14795",1.64507614446928,6.52506900572252,0.255801039053367,0.36931081300485,0.363988868323324,0.893344022405899,0.295927488558352,0.848370452174584,0.848370452174584,"","ALDEx2_t"
"359","February - September","k__Bacteria|p__Pseudomonadota|c__Alphaproteobacteria|o__Sphingomonadales|f__Sphingomonadaceae|g__Paraurantiacibacter|s__|ASV_6166",5.10772015951573,6.22425689969953,0.747966964596812,0.231469494011765,0.035245382523802,0.237991162182555,0.0452427092778671,0.260740732313628,0.260740732313628,"","ALDEx2_t"
"360","February - September","k__Bacteria|p__Pseudomonadota|c__Gammaproteobacteria|o__Pseudomonadales|f__Cellvibrionaceae|g__|s__|ASV_11138",0.0618467085922845,5.85509653197955,0.00919150721403032,0.496093750551928,0.757145185700258,0.985196988144784,0.769161466183904,0.966284548915083,0.966284548915083,"","ALDEx2_t"
"361","February - September","k__Bacteria|p__Bacteroidota|c__Bacteroidia|o__Flavobacteriales|f__Flavobacteriaceae|g__|s__|ASV_4722",-3.79050633044988,5.92701547823575,-0.580409271636615,0.277343789239242,0.0806913522716063,0.462657328143519,0.106055208399589,0.55850863618617,0.55850863618617,"","ALDEx2_t"
"362","February - September","k__Bacteria|p__Thermodesulfobacteriota|c__Desulfobacteria|o__Desulfobacterales|f__Desulfosarcinaceae|g__|s__|ASV_7814",-3.17961824282256,5.31893407933146,-0.571285316220289,0.235370662984616,0.0582166141023399,0.42973982258279,0.035313484826689,0.380463588392236,0.380463588392236,"","ALDEx2_t"
"363","February - September","k__Bacteria|p__Bacteroidota|c__Bacteroidia|o__Cytophagales|f__Cyclobacteriaceae|g__Tunicatimonas|s__|ASV_7191",-0.739292891967947,6.58820683570103,-0.10482180776568,0.439531868205379,0.732769733292944,0.997302749982304,0.669540855584885,0.998245614697725,0.998245614697725,"","ALDEx2_t"
"364","February - September","k__Bacteria|p__Pseudomonadota|c__Gammaproteobacteria|o__Pseudomonadales|f__Cellvibrionaceae|g__|s__|ASV_2139",1.00876806247697,5.51904878534157,0.161172485205476,0.421875011314114,0.398957057466638,0.828674712298832,0.501150954077723,0.847320604008221,0.847320604008221,"","ALDEx2_t"
"365","February - September","k__Bacteria|p__Bacteroidota|c__Bacteroidia|o__Cytophagales|f__Cyclobacteriaceae|g__Tunicatimonas|s__|ASV_1544",0.420495178515292,7.14337829565782,0.0583312936315774,0.457737327194778,0.714415707025312,0.999020454900783,0.68089980062171,0.992943436765506,0.992943436765506,"","ALDEx2_t"
"366","February - September","k__Bacteria|p__Pseudomonadota|c__Alphaproteobacteria|o__Rhodobacterales|f__Paracoccaceae|g__Palleronia-Pseudomaribius|s__|ASV_9313",2.01593920231452,5.92404251653523,0.361555887947697,0.325097557342002,0.197869979380003,0.61308303321724,0.263930374671432,0.635790419377685,0.635790419377685,"","ALDEx2_t"
"367","February - September","k__Bacteria|p__Pseudomonadota|c__Alphaproteobacteria|o__Rhodobacterales|f__Paracoccaceae|g__|s__|ASV_14237",2.78749478360263,5.66750160174734,0.53433331906527,0.198959754450612,0.0836672654980931,0.436277487765462,0.0127738966890224,0.129716555548851,0.129716555548851,"","ALDEx2_t"
"368","February - September","k__Bacteria|p__Pseudomonadota|c__Alphaproteobacteria|o__Rhodobacterales|f__Paracoccaceae|g__|s__|ASV_1832",-3.07367932185706,5.77932107394502,-0.480065637031485,0.302083366491304,0.144787561510076,0.545290123388035,0.162426707723223,0.606096068392457,0.606096068392457,"","ALDEx2_t"
"369","February - September","k__Bacteria|p__Bacteroidota|c__Bacteroidia|o__Flavobacteriales|f__Flavobacteriaceae|g__Robiginitalea|s__|ASV_9267",-2.11676769315352,6.68222576431417,-0.312926002433222,0.385416683752895,0.260124556693323,0.758555206117265,0.406555478862906,0.888750624659663,0.888750624659663,"","ALDEx2_t"
"370","February - September","k__Bacteria|p__Planctomycetota|c__Planctomycetes|o__Pirellulales|f__Pirellulaceae|g__Rhodopirellula|s__|ASV_14101",-1.52281630627077,6.21310887946527,-0.215762253880027,0.393229182472531,0.43359252687288,0.91291534390953,0.469867793315179,0.927383793505484,0.927383793505484,"","ALDEx2_t"
"371","February - September","k__Bacteria|p__Pseudomonadota|c__Gammaproteobacteria|o__Chromatiales|f__Chromatiaceae|g__|s__|ASV_15166",-1.37880735805868,6.51714890299785,-0.199763412164711,0.417425239530795,0.467061389799621,0.932781348623316,0.510697578791682,0.95833112277989,0.95833112277989,"","ALDEx2_t"
"372","February - September","k__Bacteria|p__Pseudomonadota|c__Gammaproteobacteria|o__Steroidobacterales|f__Woeseiaceae|g__Woeseia|s__|ASV_15362",-0.0556668523037942,6.54015794124667,-0.0125641023167786,0.492847855364378,0.727905833315455,0.995448643173799,0.8495446049063,1,1,"","ALDEx2_t"
"373","February - September","k__Bacteria|p__Bacteroidota|c__Bacteroidia|o__Flavobacteriales|f__Flavobacteriaceae|g__Pricia|s__|ASV_13539",-3.88314019593325,5.67683236337211,-0.57472293896189,0.271781575083596,0.104157410954414,0.48378004208986,0.133217796282833,0.564934250665641,0.564934250665641,"","ALDEx2_t"
"374","February - September","k__Bacteria|p__Pseudomonadota|c__Alphaproteobacteria|o__Rhodobacterales|f__Paracoccaceae|g__Hasllibacter|s__|ASV_5521",5.58407503533646,6.84422998731458,0.707971986439974,0.262678846808937,0.0510869375386654,0.296336351195069,0.0841322752367097,0.409762764050805,0.409762764050805,"","ALDEx2_t"
"375","February - September","k__Bacteria|p__Verrucomicrobiota|c__Verrucomicrobiia|o__Verrucomicrobiales|f__Rubritaleaceae|g__Haloferula|s__|ASV_13415",0.656514659102238,6.21619690455467,0.109264670008735,0.438802092111179,0.536141247900749,0.946964999297316,0.573059094038953,0.934574063178807,0.934574063178807,"","ALDEx2_t"
"376","February - September","k__Bacteria|p__Bacteroidota|c__Bacteroidia|o__Cytophagales|f__Cyclobacteriaceae|g__Fulvivirga|s__|ASV_2769",-3.87875979617938,5.65143378451688,-0.655871647482385,0.217447975316346,0.0577178686662377,0.392635136358048,0.0293394628028117,0.328649463000747,0.328649463000747,"","ALDEx2_t"
"377","February - September","k__Bacteria|p__Pseudomonadota|c__Alphaproteobacteria|o__Hyphomicrobiales|f__Devosiaceae|g__Pelagibacterium|s__|ASV_10161",2.57545575891119,5.72935252334331,0.446429024147982,0.274739623263905,0.122952466206662,0.571037655867231,0.0590705796928876,0.369993113588867,0.369993113588867,"","ALDEx2_t"
"378","February - September","k__Bacteria|p__Rhodothermota|c__Rhodothermia|o__Rhodothermales|f__Rhodothermaceae|g__Rubrivirga|s__|ASV_3675",4.12887831946782,6.4449373161909,0.554468513975347,0.305591709778091,0.0965582404381685,0.434891354670397,0.163707953146934,0.534062270730969,0.534062270730969,"","ALDEx2_t"
"379","February - September","k__Bacteria|p__Actinomycetota|c__Actinobacteria|o__Micrococcales|f__Intrasporangiaceae|g__|s__|ASV_3711",-0.978986152181393,7.33164186851566,-0.130547178246362,0.426527968969526,0.644379245798936,0.985322263722452,0.580934691360262,0.985477444062276,0.985477444062276,"","ALDEx2_t"
"380","February - September","k__Bacteria|p__Planctomycetota|c__Planctomycetes|o__Pirellulales|f__Pirellulaceae|g__Pir4_lineage|s__|ASV_12473",-1.06903974390105,5.52219661318762,-0.218581052547536,0.326397947192784,0.368128931882652,0.907026687583966,0.167624251337571,0.753526790106419,0.753526790106419,"","ALDEx2_t"
"381","February - September","k__Bacteria|p__Myxococcota|c__Polyangiia|o__Polyangiales|f__Sandaracinaceae|g__|s__|ASV_15192",0.347917360169393,6.36578615527751,0.0550614989279086,0.467447921285364,0.783966569030014,0.997004716392142,0.770592550411293,0.999589715619122,0.999589715619122,"","ALDEx2_t"
"382","February - September","k__Bacteria|p__Pseudomonadota|c__Alphaproteobacteria|o__Hyphomicrobiales|f__Rhodomicrobiaceae|g__Rhodomicrobium|s__|ASV_10200",-0.385148143078852,6.55610260162883,-0.050519828860811,0.470741226503959,0.770959747765802,0.983621757384543,0.74488544785323,0.982287336885817,0.982287336885817,"","ALDEx2_t"
"383","February - September","k__Bacteria|p__Pseudomonadota|c__Gammaproteobacteria|o__Pseudomonadales|f__Halieaceae|g__|s__|ASV_10906",-4.28782318856535,4.25517687793011,-0.929774358893629,0.0911460076625526,0.00539075326443598,0.144722168715028,0.000501415691254499,0.0543730264231153,0.0543730264231153,"","ALDEx2_t"
"384","February - September","k__Bacteria|p__Cyanobacteriota|c__Cyanobacteriia|o__Cyanobacteriales|f__Xenococcaceae|g__Pleurocapsa_PCC-7319|s__|ASV_7092",1.26416537531803,6.53007972271669,0.197265746839263,0.410156263117093,0.49831673956411,0.92563745156034,0.495670905496946,0.912131554346532,0.912131554346532,"","ALDEx2_t"
"385","February - September","k__Bacteria|p__Pseudomonadota|c__Alphaproteobacteria|o__Sphingomonadales|f__Sphingomonadaceae|g__Altericroceibacterium|s__|ASV_2109",-4.12187859119071,6.86606821414381,-0.561381474494785,0.284785472854701,0.126436737273551,0.567937962039876,0.141522449610895,0.631329878068283,0.631329878068283,"","ALDEx2_t"
"386","February - September","k__Bacteria|p__Chloroflexota|c__Anaerolineae|o__Anaerolineales|f__Anaerolineaceae|g__|s__|ASV_8957",-2.16741203808586,6.77224591976523,-0.336038718702426,0.353706134379022,0.315051064642809,0.822724347049822,0.310000791374462,0.854787557232811,0.854787557232811,"","ALDEx2_t"
"387","February - September","k__Bacteria|p__Actinomycetota|c__Acidimicrobiia|o__Microtrichales|f__Ilumatobacteraceae|g__Ilumatobacter|s__|ASV_1622",-5.1519320383316,5.6959309464118,-0.836523759129682,0.189857028123212,0.0302091381881389,0.286235409612079,0.0179504714225067,0.261557463311986,0.261557463311986,"","ALDEx2_t"
"388","February - September","k__Bacteria|p__Pseudomonadota|c__Gammaproteobacteria|o__Pseudomonadales|f__Spongiibacteraceae|g__|s__|ASV_9864",1.1814475877156,7.00639673212615,0.158507184869747,0.400520170643085,0.478333808705087,0.947911676184152,0.416254057180873,0.907877372316823,0.907877372316823,"","ALDEx2_t"
"389","February - September","k__Bacteria|p__Actinomycetota|c__Acidimicrobiia|o__Microtrichales|f__Ilumatobacteraceae|g__Ilumatobacter|s__|ASV_9994",-0.139888282563239,7.26044886694394,-0.0217177198029849,0.484375002209736,0.730339057802455,0.9870330191416,0.765384802596448,0.989325165656118,0.989325165656118,"","ALDEx2_t"
"390","February - September","k__Bacteria|p__Campylobacterota|c__Campylobacteria|o__Campylobacterales|f__Sulfurovaceae|g__Sulfurovum|s__|ASV_10544",-3.43490505329349,6.42027960291931,-0.533819954440958,0.324218778337677,0.117101222807004,0.544913668185426,0.20989604173169,0.704308071908368,0.704308071908368,"","ALDEx2_t"
"391","February - September","k__Bacteria|p__Actinomycetota|c__Actinobacteria|o__Propionibacteriales|f__Nocardioidaceae|g__Nocardioides|s__|ASV_1509",0.753723908828388,7.15854208247606,0.101473623229895,0.433593759550673,0.64384980336102,0.979662949928988,0.58970961041079,0.947901614654353,0.947901614654353,"","ALDEx2_t"
"392","February - September","k__Bacteria|p__Cyanobacteriota|c__Cyanobacteriia|o__Cyanobacteriales|f__Xenococcaceae|g__Pleurocapsa_PCC-7319|s__|ASV_2884",3.23553333064062,6.68096037120496,0.472780666150784,0.309492879259311,0.183306980411756,0.611488632800746,0.158681055429125,0.590483229885094,0.590483229885094,"","ALDEx2_t"
"393","February - September","k__Bacteria|p__Pseudomonadota|c__Alphaproteobacteria|o__Sphingomonadales|f__Sphingomonadaceae|g__|s__|ASV_9919",-1.54871583763121,6.45906240721903,-0.218564131634839,0.390117051380802,0.522970078172074,0.952069822229237,0.41548574328737,0.956539577717892,0.956539577717892,"","ALDEx2_t"
"394","February - September","k__Bacteria|p__Cyanobacteriota|c__Cyanobacteriia|o__Cyanobacteriales|f__Nostocaceae|g__Calothrix_PCC-6303|s__|ASV_10882",-3.11007621515982,5.55600239022372,-0.505426882086268,0.30169054031406,0.15152010147935,0.579971918325029,0.143475207698816,0.619698070675055,0.619698070675055,"","ALDEx2_t"
"395","February - September","k__Bacteria|p__Bacteroidota|c__Bacteroidia|o__Chitinophagales|f__Saprospiraceae|g__Lewinella|s__|ASV_4172",0.825636472613949,7.04816604693371,0.119678147856553,0.433029918582366,0.615108808501265,0.973315192308806,0.584520589557333,0.952411963863906,0.952411963863906,"","ALDEx2_t"
"396","February - September","k__Bacteria|p__Bacteroidota|c__Bacteroidia|o__Flavobacteriales|f__Flavobacteriaceae|g__|s__|ASV_11518",-2.53625852908871,5.88359092442923,-0.415403680599269,0.327698337045084,0.204600248444006,0.664646593891522,0.28952697024506,0.744834426529391,0.744834426529391,"","ALDEx2_t"
"397","February - September","k__Bacteria|p__Pseudomonadota|c__Gammaproteobacteria|o__Pseudomonadales|f__Cellvibrionaceae|g__|s__|ASV_13870",-1.46314035256634,6.09378737048702,-0.253655069819142,0.320312529152154,0.383026997588758,0.902259027665984,0.17996210624498,0.779957792857084,0.779957792857084,"","ALDEx2_t"
"398","February - September","k__Bacteria|p__Pseudomonadota|c__Gammaproteobacteria|o__Enterobacterales|f__Vibrionaceae|g__Vibrio|s__|ASV_5381",1.83699378280348,7.33073491313053,0.24983201195244,0.377113152370398,0.321657718367454,0.855292066976365,0.387586979541861,0.866704124564756,0.866704124564756,"","ALDEx2_t"
"399","February - September","k__Bacteria|p__Actinomycetota|c__Actinobacteria|o__Nitriliruptorales|f__Nitriliruptoraceae|g__|s__|ASV_13649",-1.58245418697072,6.2223585392495,-0.217200934756936,0.408854179986838,0.464440690194011,0.918695561418858,0.496461078105331,0.947583662860258,0.947583662860258,"","ALDEx2_t"
"400","February - September","k__Bacteria|p__Pseudomonadota|c__Alphaproteobacteria|o__Rhodobacterales|f__Paracoccaceae|g__Actibacterium|s__|ASV_413",-0.179535085519584,6.37158860178309,-0.0314547144339134,0.484375002209736,0.839680425164431,0.997684007537402,0.842989919960239,0.999270850946298,0.999270850946298,"","ALDEx2_t"
"401","February - September","k__Bacteria|p__Pseudomonadota|c__Alphaproteobacteria|o__|f__Neomegalonemataceae|g__Acuticoccus|s__|ASV_10139",6.33306540799408,4.81677400555219,1.21728750542513,0.104166816493627,0.00365987660272263,0.0400987975655511,0.000569667116098311,0.0125251212563308,0.0125251212563308,"*","ALDEx2_t"
"402","February - September","k__Bacteria|p__Pseudomonadota|c__Alphaproteobacteria|o__Sphingomonadales|f__Sphingomonadaceae|g__Sphingomicrobium|s__|ASV_8463",5.49478503546092,6.43152996530802,0.722371812536112,0.251302130021327,0.0449489593327544,0.286461501404222,0.0665057380657773,0.356435145854773,0.356435145854773,"","ALDEx2_t"
"403","February - September","k__Bacteria|p__Planctomycetota|c__Planctomycetes|o__Pirellulales|f__Pirellulaceae|g__Pir4_lineage|s__|ASV_6003",-2.91011980492931,6.64962618778116,-0.427907610839103,0.29166670228472,0.200591912213613,0.706658807547682,0.123160025484846,0.639043598470182,0.639043598470182,"","ALDEx2_t"
"404","February - September","k__Bacteria|p__Thermodesulfobacteriota|c__Desulfobulbia|o__Desulfobulbales|f__Desulfocapsaceae|g__|s__|ASV_15238",-1.40663732898106,6.00407095800142,-0.221055786845405,0.407552096857168,0.470318486468068,0.8991618133007,0.483273212140868,0.926543723018356,0.926543723018356,"","ALDEx2_t"
"405","February - September","k__Bacteria|p__Pseudomonadota|c__Alphaproteobacteria|o__Hyphomicrobiales|f__Rhizobiaceae|g__Pseudahrensia|s__|ASV_1110",2.61107729991648,6.50067470784612,0.414672135045975,0.306892099603291,0.140771445627687,0.542784782343047,0.18915866216668,0.595033477032925,0.595033477032925,"","ALDEx2_t"
"406","February - September","k__Bacteria|p__Pseudomonadota|c__Alphaproteobacteria|o__Hyphomicrobiales|f__Rhizobiaceae|g__|s__|ASV_9753",3.86325603401604,6.06854015593545,0.580176449752088,0.263020876515122,0.0900454502931608,0.407062848873667,0.112479122413796,0.436678715285759,0.436678715285759,"","ALDEx2_t"
"407","February - September","k__Bacteria|p__Pseudomonadota|c__Gammaproteobacteria|o__Pseudomonadales|f__Marinomonadaceae|g__Marinomonas|s__|ASV_223",-1.40680381516032,6.02298742078591,-0.247505287438102,0.330729193677856,0.393826898694867,0.893172229791015,0.188642870455699,0.798155944693997,0.798155944693997,"","ALDEx2_t"
"408","February - September","k__Bacteria|p__Rhodothermota|c__Rhodothermia|o__Rhodothermales|f__Rhodothermaceae|g__|s__|ASV_4624",-2.91675089785014,5.95484269149456,-0.444725134322644,0.317295218270439,0.176316684927822,0.635840904901238,0.1905216798698,0.727119239012968,0.727119239012968,"","ALDEx2_t"
"409","February - September","k__Bacteria|p__Bacteroidota|c__Bacteroidia|o__Flavobacteriales|f__Flavobacteriaceae|g__Hoppeia|s__|ASV_7724",-4.13498319860498,5.70417237291392,-0.655983976035045,0.254876508409678,0.0726090212894437,0.429920657975769,0.0948403298016091,0.50072411466679,0.50072411466679,"","ALDEx2_t"
"410","February - September","k__Bacteria|p__Cyanobacteriota|c__Cyanobacteriia|o__Cyanobacteriales|f__Xenococcaceae|g__|s__|ASV_11687",3.10439647394541,6.6439789594096,0.424889062108912,0.334635442899602,0.185690605101464,0.659341598192995,0.220769443636018,0.64964809661945,0.64964809661945,"","ALDEx2_t"
"411","February - September","k__Bacteria|p__Myxococcota|c__Polyangiia|o__Polyangiales|f__BIrii41|g__|s__|ASV_14712",-0.155839947719335,6.5550408574781,-0.0242511687115195,0.482444735896929,0.775552698727467,0.999685181660991,0.824580947114368,1,1,"","ALDEx2_t"
"412","February - September","k__Bacteria|p__Rhodothermota|c__Rhodothermia|o__Rhodothermales|f__Rhodothermaceae|g__|s__|ASV_7872",4.98034464998372,6.03084091898003,0.714469937287742,0.241872611360443,0.051012498987762,0.293687845842758,0.0611149155688503,0.321787682238991,0.321787682238991,"","ALDEx2_t"
"413","February - September","k__Bacteria|p__Chloroflexota|c__Anaerolineae|o__Anaerolineales|f__Anaerolineaceae|g__|s__|ASV_12486",-2.91205786833201,3.91183455179357,-0.729395281687699,0.145643793434072,0.0190045716370034,0.252519254083701,0.00320295177127355,0.121941741749026,0.121941741749026,"","ALDEx2_t"
"414","February - September","k__Bacteria|p__Pseudomonadota|c__Gammaproteobacteria|o__Chromatiales|f__Chromatiaceae|g__Candidatus_Thiobios|s__|ASV_1550",-0.7964948060681,6.63132954845123,-0.103603023396749,0.446033817837474,0.743847858725168,0.997550095650092,0.666426182282013,0.996981436650419,0.996981436650419,"","ALDEx2_t"
"415","February - September","k__Bacteria|p__Myxococcota|c__Polyangiia|o__Polyangiales|f__Sandaracinaceae|g__|s__|ASV_3531",0.0419187251569477,7.50890225711396,0.0046701219429914,0.495448635231799,0.846868875873387,0.998822391536582,0.82748650364476,0.999449610591631,0.999449610591631,"","ALDEx2_t"
"416","February - September","k__Bacteria|p__Pseudomonadota|c__Alphaproteobacteria|o__Hyphomicrobiales|f__Rhizobiaceae|g__|s__|ASV_8289",-4.78026843084526,5.87900393135586,-0.692991890511829,0.239271831997397,0.0525158292975817,0.363464583087845,0.0411942187322033,0.364617806453613,0.364617806453613,"","ALDEx2_t"
"417","February - September","k__Bacteria|p__Pseudomonadota|c__Alphaproteobacteria|o__Sphingomonadales|f__Sphingomonadaceae|g__Sphingomicrobium|s__|ASV_1676",-1.04003055494045,5.61002189059854,-0.188008959441453,0.411458346247924,0.41135011769936,0.825287849532715,0.552638853629376,0.889539003917289,0.889539003917289,"","ALDEx2_t"
"418","February - September","k__Bacteria|p__Pseudomonadota|c__Gammaproteobacteria|o__Pseudomonadales|f__Halieaceae|g__Pseudohaliea|s__|ASV_9004",0.0812394873934101,6.1956168826161,0.0148712371933741,0.494148245298071,0.756671059674069,0.995687666090253,0.801090057073261,0.998044541475342,0.998044541475342,"","ALDEx2_t"
"419","February - September","k__Bacteria|p__Pseudomonadota|c__Alphaproteobacteria|o__Rhodobacterales|f__Paracoccaceae|g__Jannaschia|s__|ASV_11098",-2.62771019372144,6.08827886311142,-0.436873513793635,0.326822944469212,0.216546716211232,0.731403219943316,0.217829489820484,0.769679140882192,0.769679140882192,"","ALDEx2_t"
"420","February - September","k__Bacteria|p__Pseudomonadota|c__Alphaproteobacteria|o__Sphingomonadales|f__Sphingomonadaceae|g__Parasphingopyxis|s__|ASV_5701",-1.29531843050252,6.5301696479865,-0.20834037002564,0.413524069778915,0.507170038239121,0.919551305079597,0.523350741183201,0.927113539028176,0.927113539028176,"","ALDEx2_t"
"421","February - September","k__Bacteria|p__Bacteroidota|c__Bacteroidia|o__Flavobacteriales|f__Flavobacteriaceae|g__Aquimarina|s__|ASV_15336",-0.85178137804786,6.67389136142818,-0.117191977069018,0.444010424677607,0.682077752517639,0.981865275891762,0.644418258414086,0.97783212296749,0.97783212296749,"","ALDEx2_t"
"422","February - September","k__Bacteria|p__Bacteroidota|c__Bacteroidia|o__Chitinophagales|f__Saprospiraceae|g__|s__|ASV_12385",-0.824711109280871,5.33413757595277,-0.120653663482102,0.433029918582366,0.491960481495579,0.888951260625342,0.579914681558682,0.90617055883451,0.90617055883451,"","ALDEx2_t"
"423","February - September","k__Bacteria|p__Cyanobacteriota|c__Cyanobacteriia|o__Synechococcales|f__Cyanobiaceae|g__|s__|ASV_13824",-1.10420445956377,6.52294974251819,-0.157860624605402,0.417425239530795,0.605372984784865,0.966886797658777,0.586385248299285,0.969102905465567,0.969102905465567,"","ALDEx2_t"
"424","February - September","k__Bacteria|p__Planctomycetota|c__Phycisphaerae|o__Phycisphaerales|f__Phycisphaeraceae|g__Algisphaera|s__|ASV_11725",-1.00897063836321,6.31583079735611,-0.155362191677837,0.412760429379322,0.572619723335541,0.969706659329756,0.521401091736202,0.96415838178503,0.96415838178503,"","ALDEx2_t"
"425","February - September","k__Bacteria|p__Pseudomonadota|c__Alphaproteobacteria|o__Rhodobacterales|f__Paracoccaceae|g__|s__|ASV_13252",-1.7436212932689,5.70577947008327,-0.269705248726846,0.369791686401503,0.276147057465417,0.751942071589554,0.380194492754856,0.823712977823542,0.823712977823542,"","ALDEx2_t"
"426","February - September","k__Bacteria|p__Pseudomonadota|c__Gammaproteobacteria|o__Pseudomonadales|f__Halieaceae|g__Haliea|s__|ASV_5047",-3.22010326253848,3.8059512079468,-0.839205533441636,0.105331747021615,0.0136325593296848,0.216637173543727,0.000848422067735737,0.0656853444107926,0.0656853444107926,"","ALDEx2_t"
"427","February - September","k__Bacteria|p__Pseudomonadota|c__Alphaproteobacteria|o__Rhodobacterales|f__Paracoccaceae|g__|s__|ASV_9805",-0.264347086631111,6.8335505785024,-0.0368806500287527,0.479166669615223,0.839590972833709,0.998241717685819,0.789317188986138,0.998879269242022,0.998879269242022,"","ALDEx2_t"
"428","February - September","k__Bacteria|p__Pseudomonadota|c__Gammaproteobacteria|o__Enterobacterales|f__Vibrionaceae|g__Vibrio|s__|ASV_10429",1.8005174719028,5.41474281161267,0.30828901260747,0.369791686401503,0.284959409520544,0.70467984045517,0.358207115963354,0.727146764399782,0.727146764399782,"","ALDEx2_t"
"429","February - September","k__Bacteria|p__Rhodothermota|c__Rhodothermia|o__Rhodothermales|f__Rhodothermaceae|g__Rubrivirga|s__|ASV_15014",3.98899374936131,5.92987232249019,0.588860265605547,0.274739623263905,0.102726729375835,0.431967323258354,0.111881523754547,0.467396758809201,0.467396758809201,"","ALDEx2_t"
"430","February - September","k__Bacteria|p__Bacteroidota|c__Bacteroidia|o__Flavobacteriales|f__Flavobacteriaceae|g__|s__|ASV_8065",-3.04514286608981,5.66491061055627,-0.510432544965032,0.296875034371075,0.12878361681554,0.558796068633335,0.165047401804852,0.62549950566759,0.62549950566759,"","ALDEx2_t"
"431","February - September","k__Bacteria|p__Pseudomonadota|c__Alphaproteobacteria|o__Rhodobacterales|f__Paracoccaceae|g__|s__|ASV_594",0.613132510696823,6.5499605891903,0.08327112677096,0.446033817837474,0.745484124692313,0.998240309704114,0.629973259216554,0.991502412036338,0.991502412036338,"","ALDEx2_t"
"432","February - September","k__Bacteria|p__Pseudomonadota|c__Gammaproteobacteria|o__Steroidobacterales|f__Woeseiaceae|g__Woeseia|s__|ASV_3051",-2.12622626656628,5.84423210497502,-0.371075831672259,0.294270868323538,0.251582052803455,0.755660539775415,0.122914153944891,0.628779777673577,0.628779777673577,"","ALDEx2_t"
"433","February - September","k__Bacteria|p__Verrucomicrobiota|c__Verrucomicrobiia|o__Verrucomicrobiales|f__Rubritaleaceae|g__Haloferula|s__|ASV_2015",-3.58599538729501,5.76114140075877,-0.549089042585545,0.279947955225173,0.104686119453877,0.498964121885209,0.102260395665043,0.539647754399962,0.539647754399962,"","ALDEx2_t"
"434","February - September","k__Bacteria|p__Actinomycetota|c__Acidimicrobiia|o__Microtrichales|f__Ilumatobacteraceae|g__Ilumatobacter|s__|ASV_6733",-0.979612519962347,6.91866558408908,-0.129066903265834,0.422626799207173,0.547301721965768,0.933626532234207,0.581855525115785,0.939240723128907,0.939240723128907,"","ALDEx2_t"
"435","February - September","k__Bacteria|p__Rhodothermota|c__Rhodothermia|o__Rhodothermales|f__Rhodothermaceae|g__|s__|ASV_13486",1.27434603909519,5.92307347246377,0.202609639509764,0.40962290003196,0.509214705442508,0.90047642194475,0.473367874532756,0.828517444933682,0.828517444933682,"","ALDEx2_t"
"436","February - September","k__Bacteria|p__Bacteroidota|c__Bacteroidia|o__Chitinophagales|f__Saprospiraceae|g__Lewinella|s__|ASV_2127",0.738588626189551,6.00673351259394,0.11361001370507,0.443433037983615,0.604503427149155,0.937840632237925,0.587727718925979,0.91824991218227,0.91824991218227,"","ALDEx2_t"
"437","February - September","k__Bacteria|p__Rhodothermota|c__Rhodothermia|o__Rhodothermales|f__Rhodothermaceae|g__Rubrivirga|s__|ASV_6541",6.2689795860387,4.54998814108909,1.25304824021428,0.118335629524789,0.00413669522157878,0.0463110967227404,0.00207084599594107,0.0298726685826251,0.0298726685826251,"*","ALDEx2_t"
"438","February - September","k__Bacteria|p__Pseudomonadota|c__Alphaproteobacteria|o__Sphingomonadales|f__Sphingomonadaceae|g__Sphingomicrobium|s__|ASV_13364",-1.85952187254386,6.08236671364789,-0.292745711100952,0.364583353980132,0.280355590551625,0.730771754463719,0.391208788897534,0.825530791572443,0.825530791572443,"","ALDEx2_t"
"439","February - September","k__Bacteria|p__Rhodothermota|c__Rhodothermia|o__Rhodothermales|f__Rhodothermaceae|g__|s__|ASV_12149",0.279529476748277,6.2535074664309,0.0457572297441352,0.468140446640521,0.747667811104484,0.996192244910508,0.759456982603814,0.995439381762055,0.995439381762055,"","ALDEx2_t"
"440","February - September","k__Bacteria|p__Bacteroidota|c__Bacteroidia|o__Flavobacteriales|f__Flavobacteriaceae|g__Aquimarina|s__|ASV_592",0.42672218143353,6.43827995282822,0.0719907425738536,0.473958337022638,0.791113511499273,0.9969547564044,0.762281697135816,0.992672050119468,0.992672050119468,"","ALDEx2_t"
"441","February - September","k__Bacteria|p__Pseudomonadota|c__Alphaproteobacteria|o__Sphingomonadales|f__Sphingomonadaceae|g__Aurantiacibacter|s__|ASV_726",-0.704511149246279,6.1874992260756,-0.10441583143973,0.445312507820074,0.630532911876369,0.968308931266279,0.665107829624105,0.969569631911485,0.969569631911485,"","ALDEx2_t"
"442","February - September","k__Bacteria|p__Bacteroidota|c__Bacteroidia|o__Flavobacteriales|f__Flavobacteriaceae|g__Marinirhabdus|s__|ASV_6484",-1.12893221287045,6.44625436678879,-0.157084018557639,0.450520840393132,0.616950388024454,0.965472860444563,0.670754398507335,0.986559610116921,0.986559610116921,"","ALDEx2_t"
"443","February - September","k__Bacteria|p__Pseudomonadota|c__Alphaproteobacteria|o__Rhodobacterales|f__Paracoccaceae|g__Limibaculum|s__|ASV_11145",-3.74988792207536,6.54902559984904,-0.513886481089532,0.274739623263905,0.124961078281282,0.564336364734351,0.0919929418365657,0.533912315534993,0.533912315534993,"","ALDEx2_t"
"444","February - September","k__Bacteria|p__Bacteroidota|c__Bacteroidia|o__Cytophagales|f__Mooreiaceae|g__Mooreia|s__|ASV_10577",1.57733427466237,6.10212074423351,0.235393170478309,0.395833348718269,0.464336820590026,0.944390927448782,0.420645301389787,0.932059287265184,0.932059287265184,"","ALDEx2_t"
"445","February - September","k__Bacteria|p__Actinomycetota|c__Thermoleophilia|o__Solirubrobacterales|f__67-14|g__|s__|ASV_11059",3.38751700532567,5.06748941799447,0.602363539501012,0.191406320426497,0.0401856571837224,0.277402001836019,0.0133537911181899,0.12740721610306,0.12740721610306,"","ALDEx2_t"
"446","February - September","k__Bacteria|p__Pseudomonadota|c__Alphaproteobacteria|o__Rhodobacterales|f__Paracoccaceae|g__|s__|ASV_1444",-1.32881560540861,6.12520278649556,-0.204598733470223,0.394018221098918,0.491667197506631,0.932920703391517,0.435452307022968,0.93035474048208,0.93035474048208,"","ALDEx2_t"
"447","February - September","k__Bacteria|p__Pseudomonadota|c__Alphaproteobacteria|o__Sphingomonadales|f__Sphingomonadaceae|g__Croceibacterium|s__|ASV_13774",0.699602290000062,4.53446775782502,0.130224445081993,0.400520170643085,0.513329328301736,0.97231555702891,0.410534909043709,0.964689185355256,0.964689185355256,"","ALDEx2_t"
"448","February - September","k__Bacteria|p__Pseudomonadota|c__Alphaproteobacteria|o__Sphingomonadales|f__Sphingomonadaceae|g__|s__|ASV_13045",-4.68563587075627,6.03076485332735,-0.659340529605112,0.267880405805247,0.069947143151501,0.409784969609446,0.0973309636629692,0.502441265272438,0.502441265272438,"","ALDEx2_t"
"449","February - September","k__Bacteria|p__Thermodesulfobacteriota|c__Desulfobacteria|o__Desulfobacterales|f__Desulfosarcinaceae|g__Desulfosarcina|s__|ASV_12268",-3.80478945418681,6.85903643084481,-0.478447227388392,0.316406279981316,0.144680291123344,0.573381741731502,0.227551527398937,0.685954918991413,0.685954918991413,"","ALDEx2_t"
"450","February - September","k__Bacteria|p__Actinomycetota|c__Thermoleophilia|o__Solirubrobacterales|f__Solirubrobacteraceae|g__Patulibacter|s__|ASV_1623",2.62099122314992,5.72083803385769,0.400783556940755,0.307291698643483,0.172422029240493,0.588492762817689,0.1882151260874,0.606230920672979,0.606230920672979,"","ALDEx2_t"
"451","February - September","k__Bacteria|p__Bacteroidota|c__Bacteroidia|o__Chitinophagales|f__Saprospiraceae|g__|s__|ASV_3563",-2.00794313888626,6.01242485071657,-0.324894579004834,0.37971393216597,0.280186219374317,0.761696074342495,0.370329030111428,0.84422629375024,0.84422629375024,"","ALDEx2_t"
"452","February - September","k__Bacteria|p__Pseudomonadota|c__Alphaproteobacteria|o__Hyphomicrobiales|f__Rhizobiaceae|g__Oricola|s__|ASV_11065",-2.57312607685771,6.22906995951929,-0.446004455509337,0.277343789239242,0.180306068904908,0.692119677878567,0.101406819493772,0.594360303863636,0.594360303863636,"","ALDEx2_t"
"453","February - September","k__Bacteria|p__Bacteroidota|c__Bacteroidia|o__Flavobacteriales|f__Flavobacteriaceae|g__Pricia|s__|ASV_6575",-0.771184913717601,5.41857904738089,-0.124746753994989,0.427083343859222,0.406138339806339,0.877201969919462,0.59387014492692,0.92639220757427,0.92639220757427,"","ALDEx2_t"
"454","February - September","k__Bacteria|p__Campylobacterota|c__Campylobacteria|o__Campylobacterales|f__Sulfurovaceae|g__Sulfurovum|s__|ASV_14893",-3.6266138612165,6.24249877256913,-0.543434995914908,0.300390150496667,0.11157006824837,0.540518016092218,0.130455763045845,0.630476192013883,0.630476192013883,"","ALDEx2_t"
"455","February - September","k__Bacteria|p__Gemmatimonadota|c__Longimicrobiia|o__Longimicrobiales|f__Longimicrobiaceae|g__|s__|ASV_5611",2.60957586171095,5.80620419211916,0.461407032333697,0.273081964848732,0.194677516642904,0.679323556517348,0.0936616117468815,0.476302594102211,0.476302594102211,"","ALDEx2_t"
"456","February - September","k__Bacteria|p__Bacteroidota|c__Bacteroidia|o__Chitinophagales|f__Saprospiraceae|g__Lewinella|s__|ASV_10138",-1.64271877006731,5.71347128261205,-0.260309155152648,0.386718766870934,0.315483431591623,0.775578923549033,0.437307587838867,0.855578433149719,0.855578433149719,"","ALDEx2_t"
"457","February - September","k__Bacteria|p__Pseudomonadota|c__Gammaproteobacteria|o__Pseudomonadales|f__Marinobacteraceae|g__Marinobacter|s__|ASV_13782",1.66355488626483,6.81294855392025,0.25715690655273,0.370611202896825,0.378056276811008,0.889488190606531,0.325363665918312,0.846410894331147,0.846410894331147,"","ALDEx2_t"
"458","February - September","k__Bacteria|p__Actinomycetota|c__Actinobacteria|o__Nitriliruptorales|f__Nitriliruptoraceae|g__|s__|ASV_7511",1.95043763087938,5.95527079249882,0.311708299946541,0.355468772281907,0.239417221526458,0.679557191860452,0.313584453430202,0.725418252520278,0.725418252520278,"","ALDEx2_t"
"459","February - September","k__Bacteria|p__Actinomycetota|c__Acidimicrobiia|o__Microtrichales|f__Ilumatobacteraceae|g__Ilumatobacter|s__|ASV_8301",-1.80117308525504,6.47601156290625,-0.27182252542851,0.376302101949381,0.33896310381313,0.794386746576573,0.401029598052035,0.836533781744092,0.836533781744092,"","ALDEx2_t"
"460","February - September","k__Bacteria|p__Bacteroidota|c__Bacteroidia|o__Cytophagales|f__Cyclobacteriaceae|g__Marinoscillum|s__|ASV_5991",0.988996538674782,6.99208785553185,0.142587972029477,0.42447917758573,0.589610596025793,0.97342824226987,0.604117727721699,0.955499746734852,0.955499746734852,"","ALDEx2_t"
"461","February - September","k__Bacteria|p__Pseudomonadota|c__Alphaproteobacteria|o__Hyphomicrobiales|f__Methyloligellaceae|g__Methyloceanibacter|s__|ASV_15691",-0.666491829839177,6.13429063092283,-0.120136483437482,0.384915491767076,0.459681459752873,0.943054403884566,0.365295319963049,0.923989391286865,0.923989391286865,"","ALDEx2_t"
"462","February - September","k__Bacteria|p__Bacteroidota|c__Bacteroidia|o__Flavobacteriales|f__Flavobacteriaceae|g__Euzebyella|s__|ASV_6004",-2.27636059487324,6.41957968347386,-0.335452061301166,0.359375021574801,0.217926324247783,0.682688868864872,0.346214678443108,0.790633705898432,0.790633705898432,"","ALDEx2_t"
"463","February - September","k__Bacteria|p__Bacteroidota|c__Bacteroidia|o__Flavobacteriales|f__Flavobacteriaceae|g__Muricauda|s__|ASV_12437",-1.9106552455848,5.71950721303846,-0.298995310077337,0.358907693904281,0.281914307129886,0.74849275190966,0.34904009213041,0.842489563306386,0.842489563306386,"","ALDEx2_t"
"464","February - September","k__Bacteria|p__Pseudomonadota|c__Gammaproteobacteria|o__Pseudomonadales|f__Spongiibacteraceae|g__|s__|ASV_529",4.35788439413739,4.81908414502754,0.861736379837839,0.156046906053337,0.0202476196700535,0.156393332012202,0.00581694898519169,0.0685640775724664,0.0685640775724664,"","ALDEx2_t"
"465","February - September","k__Bacteria|p__Thermodesulfobacteriota|c__Desulfobacteria|o__Desulfobacterales|f__Desulfosarcinaceae|g__SEEP-SRB1|s__|ASV_1671",-0.0937452222025961,6.5561642987944,-0.015872685304529,0.485045515763336,0.800687467280403,0.997738760980167,0.783502054337841,0.998212380576921,0.998212380576921,"","ALDEx2_t"
"466","February - September","k__Bacteria|p__Cyanobacteriota|c__Cyanobacteriia|o__Cyanobacteriales|f__Xenococcaceae|g__Chroococcidiopsis_PCC-6712|s__|ASV_986",3.28183025068834,6.16992436333308,0.504718472978592,0.292968785303023,0.123388323346129,0.557944390276681,0.121784238085747,0.53005688845279,0.53005688845279,"","ALDEx2_t"
"467","February - September","k__Bacteria|p__Pseudomonadota|c__Alphaproteobacteria|o__Tistrellales|f__Geminicoccaceae|g__|s__|ASV_4042",-0.594923166656974,5.3241242812739,-0.123822040987781,0.43433030850619,0.360168805666922,0.888235400461573,0.580336636227718,0.987770440207848,0.987770440207848,"","ALDEx2_t"
"468","February - September","k__Bacteria|p__Bacteroidota|c__Bacteroidia|o__Cytophagales|f__Cyclobacteriaceae|g__|s__|ASV_9163",0.867471033314128,6.19064958009455,0.12623151719319,0.434895842690214,0.599206267230513,0.960574652720836,0.592310017432426,0.933700089869213,0.933700089869213,"","ALDEx2_t"
"469","February - September","k__Bacteria|p__Bacteroidota|c__Bacteroidia|o__Flavobacteriales|f__Flavobacteriaceae|g__Gramella|s__|ASV_7179",1.9972852630709,7.08778153034957,0.286594411778244,0.368489603294707,0.284744719747508,0.815769388199343,0.298216650130392,0.78672441530325,0.78672441530325,"","ALDEx2_t"
"470","February - September","k__Bacteria|p__Bacteroidota|c__Bacteroidia|o__Flavobacteriales|f__Flavobacteriaceae|g__Mesoflavibacter|s__|ASV_6111",-2.66939565468378,6.40987859084798,-0.396370331339763,0.33940184578067,0.238861692976465,0.738536234360932,0.249550362247962,0.768395403482772,0.768395403482772,"","ALDEx2_t"
"471","February - September","k__Bacteria|p__Acidobacteriota|c__Thermoanaerobaculia|o__Thermoanaerobaculales|f__Thermoanaerobaculaceae|g__Subgroup_10|s__|ASV_10386",-1.43442776043383,6.38155947204279,-0.215200573069234,0.401820560553915,0.41188961642659,0.848217431017512,0.529027402635055,0.898340676106288,0.898340676106288,"","ALDEx2_t"
"472","February - September","k__Bacteria|p__Cyanobacteriota|c__Cyanobacteriia|o__Cyanobacteriales|f__Nostocaceae|g__Rivularia_PCC-7116|s__|ASV_4054",-0.244538877838114,6.50395275426159,-0.0423146892905405,0.484375002209736,0.770808663988459,0.995478226382975,0.833693587065613,0.994751264204145,0.994751264204145,"","ALDEx2_t"
"473","February - September","k__Bacteria|p__Cyanobacteriota|c__Cyanobacteriia|o__Cyanobacteriales|f__Xenococcaceae|g__Pleurocapsa_PCC-7319|s__|ASV_6690",0.537564076148438,6.20009575583098,0.0760254719579118,0.454427089826041,0.749114881746805,0.993811000704602,0.65271352225981,0.993539310185568,0.993539310185568,"","ALDEx2_t"
"474","February - September","k__Bacteria|p__Myxococcota|c__Polyangiia|o__Polyangiales|f__Sandaracinaceae|g__|s__|ASV_7463",-0.175480603329786,5.37005772565343,-0.0332171409083629,0.481144345963873,0.771746219118604,0.998629518636501,0.842143554911403,1,1,"","ALDEx2_t"
"475","February - September","k__Bacteria|p__Bacteroidota|c__Bacteroidia|o__Cytophagales|f__Cyclobacteriaceae|g__Fulvivirga|s__|ASV_2867",3.13554094680028,6.46296321500871,0.413170378960104,0.337239609054441,0.211448779122429,0.668703517740518,0.228702614373949,0.690492015578433,0.690492015578433,"","ALDEx2_t"
"476","February - September","k__Bacteria|p__Bacteroidota|c__Bacteroidia|o__Cytophagales|f__Cyclobacteriaceae|g__Tunicatimonas|s__|ASV_15128",1.02870555327818,6.6522083723594,0.146201501015166,0.407552096857168,0.441008400303697,0.87213166862942,0.51030470551625,0.864475724544008,0.864475724544008,"","ALDEx2_t"
"477","February - September","k__Bacteria|p__Pseudomonadota|c__Alphaproteobacteria|o__Rhodobacterales|f__Paracoccaceae|g__Halodurantibacterium|s__|ASV_2265",0.0698039837415498,5.98446923868059,0.0107800621512232,0.496093750551928,0.677136587145622,0.994684820673905,0.838181285815241,1,1,"","ALDEx2_t"
"478","February - September","k__Bacteria|p__Pseudomonadota|c__Alphaproteobacteria|o__Sphingomonadales|f__Sphingomonadaceae|g__Qipengyuania|s__|ASV_6837",-1.74164818168212,6.19562635301322,-0.300266220793869,0.358907693904281,0.29065748207294,0.799418394515756,0.372904423552118,0.838694886455228,0.838694886455228,"","ALDEx2_t"
"479","February - September","k__Bacteria|p__Bacteroidota|c__Bacteroidia|o__Flavobacteriales|f__Flavobacteriaceae|g__Nonlabens|s__|ASV_11613",-2.06413796575225,5.72643744762228,-0.362395700961715,0.378413542267758,0.317538160024274,0.791517256601685,0.354300028132623,0.833365243551262,0.833365243551262,"","ALDEx2_t"
"480","February - September","k__Bacteria|p__Thermodesulfobacteriota|c__Desulfobacteria|o__Desulfobacterales|f__Desulfosarcinaceae|g__Sva0081_sediment_group|s__|ASV_4065",-3.45910787445839,5.16230828564618,-0.597407784299645,0.219765987354877,0.0771008910718723,0.464115305353799,0.0245887025378713,0.317178860761407,0.317178860761407,"","ALDEx2_t"
"481","February - September","k__Bacteria|p__Actinomycetota|c__Acidimicrobiia|o__Microtrichales|f__Microtrichaceae|g__|s__|ASV_11033",0.993196435252909,6.00411357892074,0.143017212654537,0.436197925830151,0.629293356060743,0.974774897870224,0.611760876129188,0.973601071413043,0.973601071413043,"","ALDEx2_t"
"482","February - September","k__Bacteria|p__Pseudomonadota|c__Alphaproteobacteria|o__Hyphomicrobiales|f__KF-JG30-B3|g__|s__|ASV_1895",0.680882022786001,6.80007279024302,0.0886674884284186,0.457737327194778,0.680963567922931,0.994922149808254,0.691530641862008,0.984475190996644,0.984475190996644,"","ALDEx2_t"
"483","February - September","k__Bacteria|p__Pseudomonadota|c__Alphaproteobacteria|o__Sphingomonadales|f__Sphingomonadaceae|g__Croceibacterium|s__|ASV_12254",-0.59048717127205,5.72347920051352,-0.0877243350406934,0.472041616435937,0.561232107298963,0.959506983976706,0.759747969884134,0.998498832140808,0.998498832140808,"","ALDEx2_t"
"484","February - September","k__Bacteria|p__Pseudomonadota|c__Alphaproteobacteria|o__Sphingomonadales|f__Sphingomonadaceae|g__|s__|ASV_9967",-1.00073407463677,6.43147230639842,-0.170533073293287,0.41612484961297,0.573553889234439,0.947877555927251,0.541282167846456,0.950662361231437,0.950662361231437,"","ALDEx2_t"
"485","February - September","k__Bacteria|p__Cyanobacteriota|c__Cyanobacteriia|o__Cyanobacteriales|f__Nostocaceae|g__|s__|ASV_11192",0.809264666027353,6.53282622320077,0.114011843112335,0.433593759550673,0.516517227667218,0.936087106496305,0.593695552558728,0.939626369902329,0.939626369902329,"","ALDEx2_t"
"486","February - September","k__Bacteria|p__Actinomycetota|c__Actinobacteria|o__Propionibacteriales|f__Nocardioidaceae|g__Nocardioides|s__|ASV_15504",0.748916505031548,7.24194332822804,0.110913086830664,0.438231478280015,0.64668768878762,0.981108786490204,0.617672534655915,0.971539949752011,0.971539949752011,"","ALDEx2_t"
"487","February - September","k__Bacteria|p__Pseudomonadota|c__Gammaproteobacteria|o__Enterobacterales|f__Alteromonadaceae|g__Aestuariibacter|s__|ASV_1570",-2.61620194701939,5.99273984219519,-0.435699671255718,0.330299116754154,0.193604286781173,0.649928806842464,0.25615919417186,0.710175256329646,0.710175256329646,"","ALDEx2_t"
"488","February - September","k__Bacteria|p__Bacteroidota|c__Bacteroidia|o__Bacteroidales|f__Bacteroidetes_BD2-2|g__|s__|ASV_6489",-4.24724361649527,5.53990407611576,-0.714980572386128,0.218750058128629,0.0567957829457496,0.378998890735581,0.0307826869085955,0.325431239132872,0.325431239132872,"","ALDEx2_t"
"489","February - September","k__Bacteria|p__Bacteroidota|c__Bacteroidia|o__Cytophagales|f__Cyclobacteriaceae|g__|s__|ASV_7443",-1.60685785791556,6.6676263458939,-0.244860507054658,0.399219780732907,0.446668044300178,0.916922328863793,0.417602213500257,0.937132110248647,0.937132110248647,"","ALDEx2_t"
"490","February - September","k__Bacteria|p__Chloroflexota|c__Anaerolineae|o__Caldilineales|f__Caldilineaceae|g__|s__|ASV_1530",2.26320470254131,6.03976678175456,0.346135689526209,0.33940184578067,0.23308829403961,0.720560378231482,0.246944714450646,0.706480262005501,0.706480262005501,"","ALDEx2_t"
"491","February - September","k__Bacteria|p__Pseudomonadota|c__Alphaproteobacteria|o__Rhodobacterales|f__Paracoccaceae|g__Limibaculum|s__|ASV_10749",-2.57826016347839,6.23027668534312,-0.392128989953143,0.335937525976334,0.193377595545944,0.65818243321878,0.281772228562258,0.749556788910453,0.749556788910453,"","ALDEx2_t"
"492","February - September","k__Bacteria|p__Cyanobacteriota|c__Cyanobacteriia|o__Synechococcales|f__Cyanobiaceae|g__Synechococcus_MBIC10613|s__|ASV_3584",-2.17930987191564,6.10404502437137,-0.340870571958712,0.350260439906993,0.294163519584876,0.796737743415318,0.271954620498965,0.826652538817968,0.826652538817968,"","ALDEx2_t"
"493","February - September","k__Bacteria|p__Bacteroidota|c__Bacteroidia|o__Chitinophagales|f__Saprospiraceae|g__|s__|ASV_13177",-2.0806867990683,5.71821566486082,-0.322620138221221,0.364109253446544,0.303571245221295,0.819465804304491,0.302464694621908,0.852419013414142,0.852419013414142,"","ALDEx2_t"
"494","February - September","k__Bacteria|p__Pseudomonadota|c__Gammaproteobacteria|o__Steroidobacterales|f__Woeseiaceae|g__Woeseia|s__|ASV_15181",-2.77320124549688,6.26189801277008,-0.41911486581159,0.342002625514675,0.197689136977281,0.643302478899465,0.293154528852995,0.7217032438333,0.7217032438333,"","ALDEx2_t"
"495","February - September","k__Bacteria|p__Bacteroidota|c__Bacteroidia|o__Flavobacteriales|f__Flavobacteriaceae|g__|s__|ASV_12253",-1.48308318763101,5.98890994742268,-0.241928395630858,0.391417441286116,0.325558120863781,0.775680931950592,0.44300610222746,0.84713065329122,0.84713065329122,"","ALDEx2_t"
"496","February - September","k__Bacteria|p__Planctomycetota|c__Planctomycetes|o__Planctomycetales|f__Rubinisphaeraceae|g__Planctomicrobium|s__|ASV_5395",1.61921962319586,6.19506868576213,0.248166199179805,0.36671003322375,0.392977884953817,0.884733552514666,0.336190403539958,0.83423881971388,0.83423881971388,"","ALDEx2_t"
"497","February - September","k__Bacteria|p__Planctomycetota|c__Phycisphaerae|o__Phycisphaerales|f__Phycisphaeraceae|g__Algisphaera|s__|ASV_298",-2.62373033978135,5.59605292583833,-0.450727080348854,0.322496777645081,0.162409058353816,0.621873416507265,0.199595271130808,0.699655743676619,0.699655743676619,"","ALDEx2_t"
"498","February - September","k__Bacteria|p__Pseudomonadota|c__Alphaproteobacteria|o__Sphingomonadales|f__Sphingomonadaceae|g__Sphingomicrobium|s__|ASV_2882",2.1063261889525,6.2336772158675,0.343715606386905,0.326822944469212,0.316217517702176,0.829167207542096,0.203410977630359,0.719959324580907,0.719959324580907,"","ALDEx2_t"
"499","February - September","k__Bacteria|p__Bacteroidota|c__Bacteroidia|o__Bacteroidales|f__Prolixibacteraceae|g__Draconibacterium|s__|ASV_11583",-1.48058901570831,6.89414235333697,-0.192516074314021,0.417425239530795,0.669237056913037,0.979441820839488,0.614088757037316,0.984625358359122,0.984625358359122,"","ALDEx2_t"
"500","February - September","k__Bacteria|p__Chloroflexota|c__Anaerolineae|o__Aggregatilineales|f__A4b|g__|s__|ASV_6080",-4.41954380883357,4.19440867040345,-0.938709943397895,0.13541677665649,0.00528203611550358,0.162827086962627,0.00224267063364688,0.101264363549361,0.101264363549361,"","ALDEx2_t"
"501","February - September","k__Bacteria|p__Chloroflexota|c__Anaerolineae|o__Caldilineales|f__Caldilineaceae|g__|s__|ASV_15048",-3.67424290362026,6.39641375005236,-0.518511580073956,0.308593781686306,0.148511951154402,0.632435494828183,0.140701190593294,0.671705199754842,0.671705199754842,"","ALDEx2_t"
"502","February - September","k__Bacteria|p__Bacteroidota|c__Bacteroidia|o__Chitinophagales|f__Saprospiraceae|g__Aureispira|s__|ASV_6811",2.28097804436965,5.34743949320837,0.358351506934479,0.347204184997902,0.301736513436497,0.773732022222967,0.255906394638475,0.738376702229451,0.738376702229451,"","ALDEx2_t"
"503","February - September","k__Bacteria|p__Bacteroidota|c__Bacteroidia|o__Chitinophagales|f__Saprospiraceae|g__Lewinella|s__|ASV_2218",4.35281331572278,5.02328845622293,0.745084900903952,0.198959754450612,0.0448166710158984,0.247892448640643,0.0275818730502234,0.188609049208943,0.188609049208943,"","ALDEx2_t"
"504","February - September","k__Bacteria|p__Bacteroidota|c__Bacteroidia|o__Flavobacteriales|f__Flavobacteriaceae|g__|s__|ASV_3483",-1.10479443665109,6.32846486629602,-0.173292697720589,0.407552096857168,0.34147847278467,0.813651547541879,0.519016781483761,0.907154144337916,0.907154144337916,"","ALDEx2_t"
"505","February - September","k__Bacteria|p__Bacteroidota|c__Bacteroidia|o__Cytophagales|f__Cyclobacteriaceae|g__|s__|ASV_3907",-1.70875241087319,6.24042289946387,-0.263424509100946,0.394018221098918,0.377279663428092,0.844034179827071,0.440634636786857,0.882049318812028,0.882049318812028,"","ALDEx2_t"
"506","February - September","k__Bacteria|p__Pseudomonadota|c__Alphaproteobacteria|o__Rhodobacterales|f__Paracoccaceae|g__|s__|ASV_7108",-0.486802880525776,6.94427012943759,-0.0712609852940275,0.460937505552837,0.764903970711936,0.994165318560364,0.791466733289426,0.995235070886951,0.995235070886951,"","ALDEx2_t"
"507","February - September","k__Bacteria|p__Bacteroidota|c__Bacteroidia|o__Flavobacteriales|f__Flavobacteriaceae|g__Robiginitalea|s__|ASV_10959",-3.57027086891652,6.2547592283695,-0.53748581997882,0.312500030825809,0.136999328677005,0.551880609880583,0.188758820450817,0.652080875924314,0.652080875924314,"","ALDEx2_t"
"508","February - September","k__Bacteria|p__Pseudomonadota|c__Alphaproteobacteria|o__Rhodobacterales|f__Paracoccaceae|g__Maribius|s__|ASV_8056",3.79249800754573,6.20110048713333,0.5401825750296,0.302990930133447,0.10547420482474,0.474949935357898,0.157732475031026,0.55410864244962,0.55410864244962,"","ALDEx2_t"
"509","February - September","k__Bacteria|p__Pseudomonadota|c__Alphaproteobacteria|o__Rhodobacterales|f__Paracoccaceae|g__Palleronia-Pseudomaribius|s__|ASV_4152",5.45311339146897,5.55969226437611,0.884163299717752,0.201560533470682,0.0301385260551883,0.178599086085241,0.0251285544362086,0.174832010266332,0.174832010266332,"","ALDEx2_t"
"510","February - September","k__Bacteria|p__Planctomycetota|c__Planctomycetes|o__Pirellulales|f__Pirellulaceae|g__Pir4_lineage|s__|ASV_4116",-3.60726407693802,6.00464375334632,-0.565894189407462,0.276041706250229,0.12349112661413,0.564824476446633,0.13025426186581,0.607799635904674,0.607799635904674,"","ALDEx2_t"
"511","February - September","k__Bacteria|p__Pseudomonadota|c__Alphaproteobacteria|o__|f__Neomegalonemataceae|g__Acuticoccus|s__|ASV_1871",2.96016181674084,5.60347729553666,0.530752649401232,0.253906295884878,0.129018029512653,0.545615700353446,0.0464209997500144,0.307522811610402,0.307522811610402,"","ALDEx2_t"
"512","February - September","k__Bacteria|p__Actinomycetota|c__Actinobacteria|o__Euzebyales|f__Euzebyaceae|g__Euzebya|s__|ASV_13638",5.25009643181481,5.78976257662497,0.801302256952834,0.191157417574145,0.02545343886931,0.198620614350424,0.0127526389010102,0.125593832350736,0.125593832350736,"","ALDEx2_t"
"513","February - September","k__Bacteria|p__Bacteroidota|c__Bacteroidia|o__Flavobacteriales|f__Flavobacteriaceae|g__Flavimarina|s__|ASV_7837",-0.357911995680047,6.49999242873749,-0.0497293314837191,0.465539666777821,0.754774155700828,0.989915345909558,0.710240840857554,0.982633127549528,0.982633127549528,"","ALDEx2_t"
"514","February - September","k__Bacteria|p__Pseudomonadota|c__Alphaproteobacteria|o__Rhodobacterales|f__Paracoccaceae|g__Palleronia-Pseudomaribius|s__|ASV_9563",2.14934234435844,6.84784087590827,0.330681501115227,0.346354190638092,0.262804123831716,0.772890884056532,0.242228877281858,0.736646146820875,0.736646146820875,"","ALDEx2_t"
"515","February - September","k__Bacteria|p__Verrucomicrobiota|c__Verrucomicrobiia|o__Verrucomicrobiales|f__Rubritaleaceae|g__Roseibacillus|s__|ASV_2816",-0.911320914084673,5.41261981937444,-0.157863519700168,0.419270845044448,0.393268518396166,0.835139949098358,0.540686770659681,0.903018722855582,0.903018722855582,"","ALDEx2_t"
"516","February - September","k__Bacteria|p__Bacteroidota|c__Bacteroidia|o__Cytophagales|f__Cyclobacteriaceae|g__Marinoscillum|s__|ASV_9611",-0.731307734478989,4.92438665666163,-0.14839810321899,0.394531265595047,0.498508183218282,0.959184161267074,0.417462798466509,0.973472103678567,0.973472103678567,"","ALDEx2_t"
"517","February - September","k__Bacteria|p__Pseudomonadota|c__Alphaproteobacteria|o__Sphingomonadales|f__Sphingomonadaceae|g__|s__|ASV_2217",5.1062843652786,5.03523041780303,0.917834012459453,0.158854256845635,0.0211461501955835,0.150888772203231,0.00406196517508606,0.0546436630801185,0.0546436630801185,"","ALDEx2_t"
"518","February - September","k__Bacteria|p__Bacteroidota|c__Bacteroidia|o__Chitinophagales|f__Saprospiraceae|g__Lewinella|s__|ASV_11109",-0.636074402617938,6.04827624477229,-0.0945252914956502,0.457031256116008,0.690424001102059,0.968752029538064,0.704531515563451,0.968682481060645,0.968682481060645,"","ALDEx2_t"
"519","February - September","k__Bacteria|p__Planctomycetota|c__Planctomycetes|o__Pirellulales|f__Pirellulaceae|g__|s__|ASV_6161",-6.18860525733008,3.2348186307147,-1.79209513459128,0.0390121366868061,0.000352547430821045,0.0307037983231648,4.69647461167181e-05,0.0195620309612109,0.0195620309612109,"*","ALDEx2_t"
"520","February - September","k__Bacteria|p__Pseudomonadota|c__Alphaproteobacteria|o__Rhodobacterales|f__Paracoccaceae|g__Limibaculum|s__|ASV_5904",3.75170655727757,6.04264866615535,0.542892439013171,0.247074170134884,0.098610818295357,0.477669006957201,0.0562765355438074,0.341886258741338,0.341886258741338,"","ALDEx2_t"
"521","February - September","k__Bacteria|p__Pseudomonadota|c__Alphaproteobacteria|o__Rhodobacterales|f__Paracoccaceae|g__|s__|ASV_11222",-2.13826860465683,5.57098693312881,-0.351759254479506,0.330729193677856,0.211489824147756,0.69172964055421,0.278195742960096,0.76393151085797,0.76393151085797,"","ALDEx2_t"
"522","February - September","k__Bacteria|p__Pseudomonadota|c__Alphaproteobacteria|o__Sphingomonadales|f__Sphingomonadaceae|g__|s__|ASV_4045",-1.41755920229138,6.98608229107275,-0.213980099734768,0.383615101865586,0.455409938719127,0.913504168707796,0.393421673204135,0.905302376072487,0.905302376072487,"","ALDEx2_t"
"523","February - September","k__Bacteria|p__Pseudomonadota|c__Alphaproteobacteria|o__Sphingomonadales|f__Sphingomonadaceae|g__|s__|ASV_6423",5.66475808140369,4.0381355894751,1.22164951012491,0.0950522496160083,0.00559014974767608,0.0497914430217568,0.00053716506185292,0.011671687614717,0.011671687614717,"*","ALDEx2_t"
"524","February - September","k__Bacteria|p__Cyanobacteriota|c__Cyanobacteriia|o__Cyanobacteriales|f__Nostocaceae|g__Rivularia_PCC-7116|s__|ASV_4200",1.32272192563226,6.52603593910939,0.224967359837014,0.391417441286116,0.399877067204449,0.864772405498443,0.445027556657234,0.854262878919979,0.854262878919979,"","ALDEx2_t"
"525","February - September","k__Bacteria|p__Pseudomonadota|c__Alphaproteobacteria|o__Rhodospirillales|f__Thalassospiraceae|g__Thalassospira|s__|ASV_11925",-2.04402501001893,5.16801503052272,-0.332300104081994,0.345052107550889,0.249814572982358,0.792414282349243,0.238950000711867,0.861683958403427,0.861683958403427,"","ALDEx2_t"
"526","February - September","k__Bacteria|p__Pseudomonadota|c__Alphaproteobacteria|o__Sphingomonadales|f__Sphingomonadaceae|g__|s__|ASV_13106",-2.66878268289037,5.81342950288425,-0.424045056464913,0.330729193677856,0.177085825569342,0.620815035149383,0.251621809170773,0.713215878843026,0.713215878843026,"","ALDEx2_t"
"527","February - September","k__Bacteria|p__Pseudomonadota|c__Alphaproteobacteria|o__Sphingomonadales|f__Sphingomonadaceae|g__|s__|ASV_4631",-1.27385356343564,6.31188817573011,-0.189199041646966,0.412223679862702,0.489406679371321,0.903093480131499,0.524549260933911,0.923387248196856,0.923387248196856,"","ALDEx2_t"
"528","February - September","k__Bacteria|p__Pseudomonadota|c__Gammaproteobacteria|o__Pseudomonadales|f__Marinomonadaceae|g__Marinomonas|s__|ASV_502",-0.990137104618928,5.04507293369458,-0.166213231689159,0.401820560553915,0.434833716882306,0.84285221516157,0.533759389713463,0.888751377670788,0.888751377670788,"","ALDEx2_t"
"529","February - September","k__Bacteria|p__Verrucomicrobiota|c__Verrucomicrobiia|o__Opitutales|f__Puniceicoccaceae|g__Lentimonas|s__|ASV_8380",-1.30323330069026,5.33134601126895,-0.228401270281166,0.397919390823389,0.407568458089026,0.838159239862711,0.47994137311235,0.896755375775731,0.896755375775731,"","ALDEx2_t"
"530","February - September","k__Bacteria|p__Pseudomonadota|c__Alphaproteobacteria|o__Rhodobacterales|f__Paracoccaceae|g__Silicimonas|s__|ASV_10644",-2.1298575145112,4.04280168793441,-0.453455891972208,0.250975339255957,0.11283286213352,0.556426671482916,0.0447399068322981,0.415741413054638,0.415741413054638,"","ALDEx2_t"
"531","February - September","k__Bacteria|p__Pseudomonadota|c__Alphaproteobacteria|o__Sphingomonadales|f__Sphingomonadaceae|g__|s__|ASV_8066",-2.37455158481937,6.17336690232679,-0.352428802086371,0.348504574871776,0.280580716110845,0.807473569405451,0.243699605348212,0.817637191402733,0.817637191402733,"","ALDEx2_t"
"532","February - September","k__Bacteria|p__Actinomycetota|c__Actinobacteria|o__Nitriliruptorales|f__Nitriliruptoraceae|g__|s__|ASV_5219",5.23498489626956,5.21228132568025,0.866948453349528,0.180989659347969,0.0169032090731458,0.140666957562106,0.0103911003100413,0.102559526954176,0.102559526954176,"","ALDEx2_t"
"533","February - September","k__Bacteria|p__Pseudomonadota|c__Gammaproteobacteria|o__Pseudomonadales|f__Halieaceae|g__Pseudohaliea|s__|ASV_9973",-4.1739718732806,5.34515391595673,-0.68676218989746,0.20416131251939,0.0411599834055993,0.366658693432249,0.0190832359061386,0.278907161071306,0.278907161071306,"","ALDEx2_t"
"534","February - September","k__Bacteria|p__Actinomycetota|c__Acidimicrobiia|o__Microtrichales|f__Microtrichaceae|g__Sva0996_marine_group|s__|ASV_3343",-3.8462237872261,5.61206448312257,-0.588089715669034,0.262678846808937,0.0872270440892332,0.47837221601238,0.0946168947908331,0.507251298085301,0.507251298085301,"","ALDEx2_t"
"535","February - September","k__Bacteria|p__Actinomycetota|c__Actinobacteria|o__Nitriliruptorales|f__Nitriliruptoraceae|g__|s__|ASV_5403",1.50029585007085,6.61063676446886,0.208961440673694,0.392717831192158,0.430895948698708,0.910200264164862,0.437950897387207,0.868811456610021,0.868811456610021,"","ALDEx2_t"
"536","February - September","k__Bacteria|p__Bacteroidota|c__Bacteroidia|o__Cytophagales|f__Cyclobacteriaceae|g__Tunicatimonas|s__|ASV_10497",3.8656085277635,6.29197151294285,0.555760931050463,0.28998703203295,0.113227343430389,0.478092385698766,0.114770826368745,0.48496568309915,0.48496568309915,"","ALDEx2_t"
"537","February - September","k__Bacteria|p__Rhodothermota|c__Rhodothermia|o__Rhodothermales|f__Rhodothermaceae|g__|s__|ASV_5525",-1.65112585928985,6.07986190567917,-0.256803787346922,0.384114600635644,0.390947997765458,0.881374159681239,0.392489254271943,0.900222674539845,0.900222674539845,"","ALDEx2_t"
"538","February - September","k__Bacteria|p__Pseudomonadota|c__Alphaproteobacteria|o__Rhodobacterales|f__Paracoccaceae|g__Limibaculum|s__|ASV_3822",5.5534941402134,5.17357002704144,0.994525266968542,0.164062586518807,0.0107796285742806,0.108310537202879,0.00756799787993,0.0797418090710373,0.0797418090710373,"","ALDEx2_t"
"539","February - September","k__Bacteria|p__Rhodothermota|c__Rhodothermia|o__Rhodothermales|f__Rhodothermaceae|g__|s__|ASV_12020",-3.07600474471881,5.5443593678524,-0.514817770207541,0.283485083066091,0.146449650638071,0.535345249451755,0.145991051597985,0.566074447403722,0.566074447403722,"","ALDEx2_t"
"540","February - September","k__Bacteria|p__Actinomycetota|c__Acidimicrobiia|o__Microtrichales|f__Microtrichaceae|g__|s__|ASV_15908",-2.43947201827586,6.30643975686484,-0.344056738731882,0.351562522999,0.219071045120299,0.671651977951764,0.332367422358399,0.793725074434702,0.793725074434702,"","ALDEx2_t"
"541","February - September","k__Bacteria|p__Actinomycetota|c__Acidimicrobiia|o__Microtrichales|f__Ilumatobacteraceae|g__Ilumatobacter|s__|ASV_5501",3.70187266527183,6.21998343394389,0.549567255302647,0.300781283458179,0.127716326423654,0.503047749661265,0.158512443438914,0.571607020935203,0.571607020935203,"","ALDEx2_t"
"542","February - September","k__Bacteria|p__Bacteroidota|c__Bacteroidia|o__Cytophagales|f__Cyclobacteriaceae|g__Tunicatimonas|s__|ASV_15191",3.43514323501114,5.62635479532293,0.57906066793467,0.283854204223243,0.107074994812774,0.460919382313063,0.126767435708221,0.481287264704001,0.481287264704001,"","ALDEx2_t"
"543","February - September","k__Bacteria|p__Pseudomonadota|c__Alphaproteobacteria|o__Rhodobacterales|f__Paracoccaceae|g__Palleronia-Pseudomaribius|s__|ASV_8753",0.109257086659682,6.87061708805905,0.0153066393986864,0.492847855364378,0.817107218125644,0.996625839466012,0.791313144470955,0.993447108108679,0.993447108108679,"","ALDEx2_t"
"544","February - September","k__Bacteria|p__Pseudomonadota|c__Gammaproteobacteria|o__Pseudomonadales|f__Halieaceae|g__Pseudohaliea|s__|ASV_13386",-1.27878540085534,6.60204134988667,-0.187325779452144,0.389322933109329,0.477645409118053,0.928420671210997,0.450083633997077,0.931211470258933,0.931211470258933,"","ALDEx2_t"
"545","February - September","k__Bacteria|p__Calditrichota|c__Calditrichia|o__Calditrichales|f__Calditrichaceae|g__Caldithrix|s__|ASV_13974",-1.67096339984218,6.74233487332323,-0.23469832118654,0.384114600635644,0.397080640924929,0.888102661315696,0.460444503063063,0.92345549607465,0.92345549607465,"","ALDEx2_t"
"546","February - September","k__Bacteria|p__Pseudomonadota|c__Alphaproteobacteria|o__Sphingomonadales|f__Sphingomonadaceae|g__|s__|ASV_8622",4.28240086842714,5.87484104716488,0.641939860715339,0.252604212951317,0.105431992135222,0.44277997855554,0.0916222566301648,0.402800100835559,0.402800100835559,"","ALDEx2_t"
"547","February - September","k__Bacteria|p__Cyanobacteriota|c__Cyanobacteriia|o__Phormidesmiales|f__Phormidesmiaceae|g__Phormidesmis_ANT.LACV5.1|s__|ASV_2907",-0.0485961214543291,5.93703866012279,-0.00398471537401324,0.496749025165552,0.716685829253787,0.976707449047471,0.762869374723574,0.983257416875977,0.983257416875977,"","ALDEx2_t"
"548","February - September","k__Bacteria|p__Pseudomonadota|c__Alphaproteobacteria|o__Hyphomicrobiales|f__Methyloligellaceae|g__Methyloceanibacter|s__|ASV_12775",-0.637835157602278,6.15059364288689,-0.112719180004256,0.43433030850619,0.686414875718576,0.984198657962106,0.673691913946533,0.987341548511752,0.987341548511752,"","ALDEx2_t"
"549","February - September","k__Bacteria|p__Rhodothermota|c__Rhodothermia|o__Rhodothermales|f__Rhodothermaceae|g__|s__|ASV_15803",5.67310273198135,4.53991427425489,1.10278278865774,0.132812612608335,0.00901347505699423,0.0796267335829905,0.00326975866037315,0.0417391824605191,0.0417391824605191,"*","ALDEx2_t"
"550","February - September","k__Bacteria|p__Bacteroidota|c__Bacteroidia|o__Flavobacteriales|f__Flavobacteriaceae|g__Actibacter|s__|ASV_4251",-2.47291963848392,5.93171311951429,-0.395555003099972,0.334635442899602,0.26830820652182,0.7558338329171,0.261124311984959,0.775299614384925,0.775299614384925,"","ALDEx2_t"
"551","February - September","k__Bacteria|p__Bacteroidota|c__Bacteroidia|o__Flavobacteriales|f__Flavobacteriaceae|g__|s__|ASV_621",-2.34996354309286,5.80165108403333,-0.363691328172294,0.338101455915634,0.216771874738319,0.666357730616673,0.270233820182711,0.73620257360943,0.73620257360943,"","ALDEx2_t"
"552","February - September","k__Bacteria|p__Pseudomonadota|c__Gammaproteobacteria|o__Enterobacterales|f__Alteromonadaceae|g__|s__|ASV_4951",2.49306537398948,4.92485785334729,0.500142209851886,0.265625042438525,0.0762657688591849,0.440057118028239,0.059439363890249,0.37625442244511,0.37625442244511,"","ALDEx2_t"
"553","February - September","k__Bacteria|p__Pseudomonadota|c__Gammaproteobacteria|o__Pseudomonadales|f__Nitrincolaceae|g__Marinobacterium|s__|ASV_15550",0.236205332173011,7.0983650122767,0.0362448526523202,0.482444735896929,0.781180867453349,0.998705729145165,0.791116306252302,0.996831655303176,0.996831655303176,"","ALDEx2_t"
"554","February - September","k__Bacteria|p__Pseudomonadota|c__Gammaproteobacteria|o__Enterobacterales|f__Alteromonadaceae|g__Alteromonas|s__|ASV_8501",-1.03601492279671,6.3008511805434,-0.155725403892143,0.42392718912749,0.589472359027637,0.95180948076215,0.575757677487911,0.96587666566539,0.96587666566539,"","ALDEx2_t"
"555","February - September","k__Bacteria|p__Pseudomonadota|c__Gammaproteobacteria|o__Steroidobacterales|f__Woeseiaceae|g__Woeseia|s__|ASV_13326",0.317148364116843,6.98792582343942,0.0493229360715672,0.475942786232806,0.751697889887568,0.994075964286682,0.7663187354021,0.997005178090581,0.997005178090581,"","ALDEx2_t"
"556","February - September","k__Bacteria|p__Chloroflexota|c__Anaerolineae|o__Ardenticatenales|f__Ardenticatenaceae|g__|s__|ASV_1204",-0.871274333302755,5.90741139088438,-0.133730667238773,0.441406258393687,0.666895946689262,0.971687015345133,0.692284608626499,0.987802786947571,0.987802786947571,"","ALDEx2_t"
"557","February - September","k__Bacteria|p__Pseudomonadota|c__Gammaproteobacteria|o__Pseudomonadales|f__Cellvibrionaceae|g__|s__|ASV_291",2.39023863126208,5.53410004377483,0.392135247837129,0.328998726898881,0.197374434561067,0.621573265085226,0.237932117266903,0.647729395690703,0.647729395690703,"","ALDEx2_t"
"558","February - September","k__Bacteria|p__Acidobacteriota|c__Thermoanaerobaculia|o__Thermoanaerobaculales|f__Thermoanaerobaculaceae|g__Subgroup_10|s__|ASV_6086",-2.18810521604971,5.96593493130052,-0.350290968194119,0.354166689186473,0.299718489683821,0.760212733141453,0.350176577738119,0.817114861806944,0.817114861806944,"","ALDEx2_t"
"559","February - September","k__Bacteria|p__Bacteroidota|c__Bacteroidia|o__Chitinophagales|f__Saprospiraceae|g__|s__|ASV_4173",-2.04849894872804,5.56454907345073,-0.344129840139926,0.329427110606824,0.337911544736409,0.814447135404975,0.25621119168051,0.81053066520001,0.81053066520001,"","ALDEx2_t"
"560","February - September","k__Bacteria|p__Bacteroidota|c__Bacteroidia|o__Flavobacteriales|f__Flavobacteriaceae|g__Flavimarina|s__|ASV_13262",-0.302814616285929,6.53586020978906,-0.0389410275444705,0.485045515763336,0.830828237206067,0.996424670599145,0.84363315439272,0.991943194509945,0.991943194509945,"","ALDEx2_t"
"561","February - September","k__Bacteria|p__Deinococcota|c__Deinococci|o__Deinococcales|f__Trueperaceae|g__Truepera|s__|ASV_14618",-0.645295692169398,5.44712564049361,-0.105031795212265,0.441406258393687,0.49547192044418,0.893198143426501,0.607550562911311,0.933523491744744,0.933523491744744,"","ALDEx2_t"
"562","February - September","k__Bacteria|p__Bacteroidota|c__Bacteroidia|o__Chitinophagales|f__Saprospiraceae|g__|s__|ASV_14110",-0.447031187378021,4.9233296980514,-0.0752249695176949,0.456436937265091,0.584821218349281,0.929245177443974,0.708744810303104,0.953031213211811,0.953031213211811,"","ALDEx2_t"
"563","February - September","k__Bacteria|p__Pseudomonadota|c__Alphaproteobacteria|o__Rhodobacterales|f__Paracoccaceae|g__|s__|ASV_6341",2.47748025250838,6.03554803250914,0.411539704405197,0.316406279981316,0.215227957125266,0.729509803220151,0.149453424654495,0.608379967164107,0.608379967164107,"","ALDEx2_t"
"564","February - September","k__Bacteria|p__Pseudomonadota|c__Alphaproteobacteria|o__Sphingomonadales|f__Sphingomonadaceae|g__Croceibacterium|s__|ASV_4473",3.40616606947191,6.63187422045523,0.429728825016159,0.328125027537269,0.228207934462221,0.714871488637186,0.211204548433966,0.684942698676948,0.684942698676948,"","ALDEx2_t"
"565","February - September","k__Bacteria|p__Planctomycetota|c__Planctomycetes|o__Pirellulales|f__Pirellulaceae|g__Blastopirellula|s__|ASV_5985",-1.66939737571958,4.9398634921053,-0.330250413968207,0.295188591247635,0.251429262689395,0.770687014589575,0.10577978743645,0.633737111648962,0.633737111648962,"","ALDEx2_t"
"566","February - September","k__Bacteria|p__Rhodothermota|c__Rhodothermia|o__Rhodothermales|f__Rhodothermaceae|g__Rubrivirga|s__|ASV_10530",5.36732858246035,5.13154135858691,0.958260735747151,0.169270916407529,0.0114668881554857,0.108482186649006,0.00918231857740456,0.0918962034044319,0.0918962034044319,"","ALDEx2_t"
"567","February - September","k__Bacteria|p__Rhodothermota|c__Rhodothermia|o__Rhodothermales|f__Rhodothermaceae|g__Rubrivirga|s__|ASV_238",3.88501263165154,6.06359571110498,0.625405193162962,0.292587811635872,0.105546821197328,0.43607212145092,0.140331707240633,0.505951107431275,0.505951107431275,"","ALDEx2_t"
"568","February - September","k__Bacteria|p__Rhodothermota|c__Rhodothermia|o__Rhodothermales|f__Rhodothermaceae|g__Rubrivirga|s__|ASV_7369",2.24269060114234,6.57662044496595,0.355519141488222,0.336801066051935,0.286710364019698,0.779814311137732,0.268075909128394,0.736481438067849,0.736481438067849,"","ALDEx2_t"
"569","February - September","k__Bacteria|p__Pseudomonadota|c__Alphaproteobacteria|o__Sphingomonadales|f__Sphingomonadaceae|g__|s__|ASV_9738",3.80012314884163,6.07894939311537,0.541547930148026,0.291287421833289,0.105117970396676,0.434543973211019,0.15999027862113,0.498599827523429,0.498599827523429,"","ALDEx2_t"
"570","February - September","k__Bacteria|p__Actinomycetota|c__Actinobacteria|o__Nitriliruptorales|f__Nitriliruptoraceae|g__|s__|ASV_9726",0.354269654271869,6.86324420596442,0.0460934652552847,0.477243176165384,0.720744451303469,0.98084350050755,0.705916022180303,0.96590431361944,0.96590431361944,"","ALDEx2_t"
"571","February - September","k__Bacteria|p__Pseudomonadota|c__Alphaproteobacteria|o__Rhodobacterales|f__Paracoccaceae|g__Palleronia-Pseudomaribius|s__|ASV_11178",2.80026463828653,6.06306199657536,0.426012309197642,0.329427110606824,0.187744075330774,0.612859704467745,0.184001288202308,0.614098467766327,0.614098467766327,"","ALDEx2_t"
"572","February - September","k__Bacteria|p__Rhodothermota|c__Rhodothermia|o__Rhodothermales|f__Rhodothermaceae|g__Rubrivirga|s__|ASV_7501",1.06909441214673,6.81098093262998,0.157557590606328,0.425227579048278,0.609938624020238,0.981015071748104,0.598556594460527,0.956937236831547,0.956937236831547,"","ALDEx2_t"
"573","February - September","k__Bacteria|p__Verrucomicrobiota|c__Verrucomicrobiia|o__Verrucomicrobiales|f__DEV007|g__|s__|ASV_11556",-3.67451401014798,5.84681034571236,-0.555982657706912,0.28998703203295,0.107040125968415,0.507072070920202,0.151025674692954,0.601120712241227,0.601120712241227,"","ALDEx2_t"
"574","February - September","k__Bacteria|p__Pseudomonadota|c__Alphaproteobacteria|o__Rhodobacterales|f__Paracoccaceae|g__Maribius|s__|ASV_14792",0.339219569360966,6.4490689606697,0.0502928864701053,0.479843956030925,0.783189156089626,0.992515277540355,0.766702265420338,0.985668397739921,0.985668397739921,"","ALDEx2_t"
"575","February - September","k__Bacteria|p__Actinomycetota|c__Acidimicrobiia|o__Microtrichales|f__Microtrichaceae|g__|s__|ASV_159",0.653322762561527,4.90810717946919,0.10824428054355,0.433029918582366,0.52524911347468,0.912463780167544,0.598268594480126,0.914566842773358,0.914566842773358,"","ALDEx2_t"
"576","February - September","k__Bacteria|p__Pseudomonadota|c__Alphaproteobacteria|o__Rhodobacterales|f__Paracoccaceae|g__Limibaculum|s__|ASV_11077",-3.68428314958687,5.91657083782664,-0.538173985710021,0.292587811635872,0.0992124855069458,0.519256483396959,0.147657179125391,0.652944043210781,0.652944043210781,"","ALDEx2_t"
"577","February - September","k__Bacteria|p__Pseudomonadota|c__Alphaproteobacteria|o__Sphingomonadales|f__Sphingomonadaceae|g__|s__|ASV_14636",-5.15120159049674,5.71832518329169,-0.803427502316113,0.226267935447119,0.0453768806261525,0.3319942799798,0.0444611576588037,0.362260861623633,0.362260861623633,"","ALDEx2_t"
"578","February - September","k__Bacteria|p__Bacteroidota|c__Bacteroidia|o__Flavobacteriales|f__Flavobacteriaceae|g__Robiginitalea|s__|ASV_14687",-1.1850889741001,6.35113252228876,-0.19013604449049,0.4057217302902,0.450912417115544,0.916457032445397,0.49068859770849,0.931567057137787,0.931567057137787,"","ALDEx2_t"
"579","February - September","k__Bacteria|p__Rhodothermota|c__Rhodothermia|o__Rhodothermales|f__Rhodothermaceae|g__|s__|ASV_13433",-0.0838158738792272,6.16325151504521,-0.0135348592846386,0.491547465430725,0.826053284477582,0.999014235954094,0.816376856586676,0.998277781911058,0.998277781911058,"","ALDEx2_t"
"580","February - September","k__Bacteria|p__Actinomycetota|c__Actinobacteria|o__Propionibacteriales|f__Nocardioidaceae|g__Nocardioides|s__|ASV_6174",2.6192705143472,6.56137142204058,0.397227176167191,0.326822944469212,0.255694735358577,0.751116383494246,0.201945611680687,0.666822500433234,0.666822500433234,"","ALDEx2_t"
"581","February - September","k__Bacteria|p__Chloroflexota|c__Anaerolineae|o__Caldilineales|f__Caldilineaceae|g__|s__|ASV_6747",0.742636005736256,6.35895529515401,0.115054463776776,0.431729528658948,0.60223154627627,0.955111513953035,0.574208771147079,0.924356584846022,0.924356584846022,"","ALDEx2_t"
"582","February - September","k__Bacteria|p__Myxococcota|c__Polyangiia|o__Polyangiales|f__Sandaracinaceae|g__|s__|ASV_10160",-1.75582910129777,5.70707522391004,-0.250163021236973,0.391417441286116,0.39007647461651,0.886810297234777,0.37702233848565,0.913126970149082,0.913126970149082,"","ALDEx2_t"
"583","February - September","k__Bacteria|p__Pseudomonadota|c__Alphaproteobacteria|o__Hyphomicrobiales|f__Rhizobiaceae|g__|s__|ASV_8528",2.3882738165472,6.34020232068426,0.3560400397628,0.33940184578067,0.228550432907957,0.650561750539661,0.27794711524594,0.661220925936561,0.661220925936561,"","ALDEx2_t"
"584","February - September","k__Bacteria|p__Pseudomonadota|c__Alphaproteobacteria|o__Rhodobacterales|f__Paracoccaceae|g__|s__|ASV_15311",-1.00522734072119,6.52004826499593,-0.14000182182673,0.420572928179032,0.470232579590182,0.910597864103167,0.564062860556122,0.920286176430792,0.920286176430792,"","ALDEx2_t"
"585","February - September","k__Bacteria|p__Rhodothermota|c__Rhodothermia|o__Rhodothermales|f__Rhodothermaceae|g__|s__|ASV_229",5.96515771716553,3.87587963583383,1.39839006330142,0.0833335259929391,0.00176974664800268,0.0275957034476179,0.000419701193274342,0.00968026882840498,0.00968026882840498,"**","ALDEx2_t"
"586","February - September","k__Bacteria|p__Bacteroidota|c__Bacteroidia|o__Flavobacteriales|f__Flavobacteriaceae|g__|s__|ASV_10531",-3.8698980793272,5.59790380883569,-0.627705430348002,0.270481185321275,0.0843647332486962,0.47469134009465,0.106863339476347,0.549207417519886,0.549207417519886,"","ALDEx2_t"
"587","February - September","k__Bacteria|p__Pseudomonadota|c__Alphaproteobacteria|o__Rhodobacterales|f__Paracoccaceae|g__|s__|ASV_10303",-0.183642053835004,6.12347588470557,-0.0311926440411712,0.485045515763336,0.739751902501354,0.972708677773663,0.751032340358692,0.973676511661711,0.973676511661711,"","ALDEx2_t"
"588","February - September","k__Bacteria|p__Pseudomonadota|c__Gammaproteobacteria|o__Enterobacterales|f__Vibrionaceae|g__Vibrio|s__|ASV_5703",1.42067783129777,5.84250337533095,0.235321659084909,0.385416683752895,0.40814981895945,0.859877358302165,0.422130653936016,0.843001802776902,0.843001802776902,"","ALDEx2_t"
"589","February - September","k__Bacteria|p__Chloroflexota|c__Anaerolineae|o__Aggregatilineales|f__A4b|g__|s__|ASV_14457",-1.73081640182426,5.98147983082142,-0.261046214741518,0.393229182472531,0.452928615927629,0.909922010300182,0.456529216047447,0.931211693153458,0.931211693153458,"","ALDEx2_t"
"590","February - September","k__Bacteria|p__Gemmatimonadota|c__Longimicrobiia|o__Longimicrobiales|f__Longimicrobiaceae|g__|s__|ASV_5010",-0.409709238686508,6.5290794488683,-0.0542280728416179,0.472041616435937,0.69107446693006,0.978253855698401,0.70653025033504,0.980735009625203,0.980735009625203,"","ALDEx2_t"
"591","February - September","k__Bacteria|p__Pseudomonadota|c__Alphaproteobacteria|o__Rhodobacterales|f__Paracoccaceae|g__Limibaculum|s__|ASV_13046",0.304660565751808,5.71965825790502,0.0473100706090978,0.474642396300368,0.651016071216071,0.991668260175016,0.786146866388256,1,1,"","ALDEx2_t"
"592","February - September","k__Bacteria|p__Pseudomonadota|c__Alphaproteobacteria|o__Rhodobacterales|f__Paracoccaceae|g__|s__|ASV_12166",-2.31290583456391,5.62074744106422,-0.384084931774375,0.338541692133903,0.244549628103068,0.685574869202966,0.294404127387621,0.738194463389223,0.738194463389223,"","ALDEx2_t"
"593","February - September","k__Bacteria|p__Pseudomonadota|c__Alphaproteobacteria|o__Caulobacterales|f__Hyphomonadaceae|g__Euryhalocaulis|s__|ASV_6477",1.45527210182006,6.15439958313767,0.217103758718439,0.4057217302902,0.462043835603624,0.911887750247061,0.476634385876776,0.905166100743321,0.905166100743321,"","ALDEx2_t"
"594","February - September","k__Bacteria|p__Pseudomonadota|c__Alphaproteobacteria|o__Rhodobacterales|f__Paracoccaceae|g__Palleronia-Pseudomaribius|s__|ASV_9024",1.75047861864186,5.97638443216958,0.291583276963988,0.372395852617916,0.267941973901206,0.744179345191738,0.373574786365875,0.766785335245354,0.766785335245354,"","ALDEx2_t"
"595","February - September","k__Bacteria|p__Pseudomonadota|c__Alphaproteobacteria|o__Rhodobacterales|f__Paracoccaceae|g__|s__|ASV_3187",-1.05509359585368,5.83752666112514,-0.160958278618856,0.417425239530795,0.484161249688353,0.877492981634941,0.53725483108223,0.916918898649412,0.916918898649412,"","ALDEx2_t"
"596","February - September","k__Bacteria|p__Myxococcota|c__Polyangiia|o__Polyangiales|f__Sandaracinaceae|g__|s__|ASV_15697",2.66586974943791,6.31293844286458,0.420720193919735,0.309492879259311,0.153030996682087,0.579610482366465,0.207643889165418,0.627928940729303,0.627928940729303,"","ALDEx2_t"
"597","February - September","k__Bacteria|p__Pseudomonadota|c__Alphaproteobacteria|o__Rhodobacterales|f__Paracoccaceae|g__Palleronia-Pseudomaribius|s__|ASV_7175",1.68050722363642,5.91375732662772,0.264515405097579,0.38101432206502,0.276026007951752,0.727400141180203,0.395269471324879,0.790886977192716,0.790886977192716,"","ALDEx2_t"
"598","February - September","k__Bacteria|p__Pseudomonadota|c__Alphaproteobacteria|o__Rhodobacterales|f__Paracoccaceae|g__|s__|ASV_1077",-1.92734491647555,6.30782443063602,-0.29477187860635,0.372395852617916,0.339061752363848,0.821015159298718,0.35257769660848,0.85709028277337,0.85709028277337,"","ALDEx2_t"
"599","February - September","k__Bacteria|p__Pseudomonadota|c__Alphaproteobacteria|o__Rhodobacterales|f__Paracoccaceae|g__|s__|ASV_8503",-0.306818246276475,6.56028701759249,-0.0570375079790139,0.458333339261375,0.69530519880834,0.980342894482066,0.720747099557126,0.984088890888097,0.984088890888097,"","ALDEx2_t"
"600","February - September","k__Bacteria|p__Pseudomonadota|c__Gammaproteobacteria|o__Pseudomonadales|f__Marinomonadaceae|g__Marinomonas|s__|ASV_3667",0.163094489502335,5.39965716426198,0.0262703826982897,0.483745125830086,0.737900293416931,0.969666438339265,0.713273083172716,0.933562021613379,0.933562021613379,"","ALDEx2_t"
"601","February - September","k__Bacteria|p__Thermodesulfobacteriota|c__Desulfobacteria|o__Desulfobacterales|f__Desulfosarcinaceae|g__Sva0081_sediment_group|s__|ASV_12562",-0.702250247168852,6.93808498980998,-0.0895226119045327,0.460937505552837,0.766209021290017,0.993989034889635,0.776350319656115,0.996979405901663,0.996979405901663,"","ALDEx2_t"
"602","February - September","k__Bacteria|p__Bacteroidota|c__Bacteroidia|o__Flavobacteriales|f__Flavobacteriaceae|g__Marixanthomonas|s__|ASV_2225",-4.75750458222413,5.35183764830155,-0.79312472149328,0.210663260259339,0.0445945627853917,0.303724757961485,0.0398707639740459,0.33294508854752,0.33294508854752,"","ALDEx2_t"
"603","February - September","k__Bacteria|p__Bacteroidota|c__Bacteroidia|o__Flavobacteriales|f__Flavobacteriaceae|g__Robiginitalea|s__|ASV_13586",-2.50092353078592,5.61611443794853,-0.402026517012592,0.329427110606824,0.185105083858957,0.629952475790875,0.263357084659687,0.7197663938386,0.7197663938386,"","ALDEx2_t"
"604","February - September","k__Bacteria|p__Pseudomonadota|c__Gammaproteobacteria|o__Pseudomonadales|f__Marinomonadaceae|g__Marinomonas|s__|ASV_10996",1.95244662394095,6.3489820093706,0.290215176738641,0.36671003322375,0.34634767939926,0.849151263053191,0.33871954872426,0.821983709248426,0.821983709248426,"","ALDEx2_t"
"605","February - September","k__Bacteria|p__Actinomycetota|c__Actinobacteria|o__Nitriliruptorales|f__Nitriliruptoraceae|g__|s__|ASV_954",2.62861905525094,6.27311300404691,0.437383831917838,0.322916695274242,0.170411369705708,0.595643453136954,0.250344908910581,0.659467808203537,0.659467808203537,"","ALDEx2_t"
"606","February - September","k__Bacteria|p__Pseudomonadota|c__Alphaproteobacteria|o__Hyphomicrobiales|f__Rhizobiaceae|g__Pseudahrensia|s__|ASV_1482",4.6431712465561,5.57594763500233,0.725875202247894,0.229166720820084,0.0456182119837377,0.25963017363044,0.0485612123523939,0.249584868711086,0.249584868711086,"","ALDEx2_t"
"607","February - September","k__Bacteria|p__Pseudomonadota|c__Alphaproteobacteria|o__Rhodobacterales|f__Paracoccaceae|g__|s__|ASV_12197",3.80983588131328,6.10029201271274,0.535803006989036,0.299089760681298,0.109260106696543,0.453969425675091,0.168126366184125,0.533464591363992,0.533464591363992,"","ALDEx2_t"
"608","February - September","k__Bacteria|p__Pseudomonadota|c__Alphaproteobacteria|o__Rhodobacterales|f__Paracoccaceae|g__|s__|ASV_6342",-1.68169973793729,6.2918089569245,-0.248194611817556,0.398437514966783,0.356828821078873,0.824823023628941,0.47210092423477,0.887319634040201,0.887319634040201,"","ALDEx2_t"
"609","February - September","k__Bacteria|p__Pseudomonadota|c__Alphaproteobacteria|o__|f__Neomegalonemataceae|g__Acuticoccus|s__|ASV_9384",4.67030590307986,6.27458528505566,0.624501015724584,0.261718793558108,0.0689401615315951,0.351725113241749,0.0706929040428881,0.379792203834393,0.379792203834393,"","ALDEx2_t"
"610","February - September","k__Bacteria|p__Actinomycetota|c__Actinobacteria|o__Frankiales|f__Geodermatophilaceae|g__Geodermatophilus|s__|ASV_9635",4.69137632366065,5.2877257751831,0.752073828410055,0.211963649826572,0.0392861072015504,0.255334898922145,0.0266683486455663,0.195349531235218,0.195349531235218,"","ALDEx2_t"
"611","February - September","k__Bacteria|p__Chloroflexota|c__Anaerolineae|o__Aggregatilineales|f__A4b|g__|s__|ASV_6654",-0.12597548523113,5.98216673348566,-0.0177105981465018,0.489583334805691,0.818449060141272,0.990933811016139,0.826525673583551,0.995955652138858,0.995955652138858,"","ALDEx2_t"
"612","February - September","k__Bacteria|p__Pseudomonadota|c__Alphaproteobacteria|o__Rhodobacterales|f__Paracoccaceae|g__Silicimonas|s__|ASV_5396",-4.66272765677054,4.03094756589056,-1.09623670833329,0.105331747021615,0.00645612782301302,0.138782879175386,0.00109573814343551,0.0692659903240308,0.0692659903240308,"","ALDEx2_t"
"613","February - September","k__Archaea|p__Halobacteriota|c__Halobacteria|o__Halobacterales|f__Halomicrobiaceae|g__Halomarina|s__|ASV_13588",3.63540702506413,6.4430228751955,0.519523131475773,0.308593781686306,0.137768972026149,0.516435938827814,0.174587162084954,0.572434109455971,0.572434109455971,"","ALDEx2_t"
"614","February - September","k__Bacteria|p__Pseudomonadota|c__Alphaproteobacteria|o__Caulobacterales|f__Hyphomonadaceae|g__Henriciella|s__|ASV_1670",0.533635200188347,5.82892469352197,0.089445954420226,0.403645847471784,0.600395910525207,0.97944143888219,0.453170832230093,0.950415156611794,0.950415156611794,"","ALDEx2_t"
"615","February - September","k__Bacteria|p__Pseudomonadota|c__Alphaproteobacteria|o__Rhodobacterales|f__Paracoccaceae|g__Palleronia-Pseudomaribius|s__|ASV_12419",3.92066091380082,5.79475613100179,0.581631673359859,0.247395881253385,0.0957451954995897,0.441845829901952,0.0573483695097472,0.337384220273672,0.337384220273672,"","ALDEx2_t"
"616","February - September","k__Bacteria|p__Rhodothermota|c__Rhodothermia|o__Rhodothermales|f__Rhodothermaceae|g__|s__|ASV_1677",4.81828051432744,4.73550609949008,0.923637306077992,0.157552174463549,0.016587447655689,0.131001637750763,0.00538511946980869,0.0642833758523067,0.0642833758523067,"","ALDEx2_t"
"617","February - September","k__Bacteria|p__Bacteroidota|c__Bacteroidia|o__Flavobacteriales|f__Flavobacteriaceae|g__Robiginitalea|s__|ASV_8414",-2.36426672942297,6.30760222597105,-0.359458043438497,0.339843775214702,0.229442479448612,0.724535105019666,0.294378830677668,0.792685988256315,0.792685988256315,"","ALDEx2_t"
"618","February - September","k__Bacteria|p__Cyanobacteriota|c__Cyanobacteriia|o__Cyanobacteriales|f__Xenococcaceae|g__Pleurocapsa_PCC-7319|s__|ASV_7227",-3.36264998349606,5.5644552859113,-0.521861914571091,0.294270868323538,0.137109043295919,0.553956093089009,0.175363438259479,0.619555924314645,0.619555924314645,"","ALDEx2_t"
"619","February - September","k__Bacteria|p__Cyanobacteriota|c__Cyanobacteriia|o__Phormidesmiales|f__Phormidesmiaceae|g__Phormidesmis_ANT.LACV5.1|s__|ASV_5824",-2.11883268111569,5.90278524749716,-0.328696671322775,0.355468772281907,0.246550394341185,0.731498177521838,0.330613316826026,0.831507313174622,0.831507313174622,"","ALDEx2_t"
"620","February - September","k__Bacteria|p__Myxococcota|c__Polyangiia|o__Haliangiales|f__Haliangiaceae|g__|s__|ASV_3182",-2.83627750670298,5.98798589161011,-0.42751764469641,0.328125027537269,0.196189647276558,0.678067829351035,0.203728688821947,0.709535541440713,0.709535541440713,"","ALDEx2_t"
"621","February - September","k__Bacteria|p__Myxococcota|c__Polyangiia|o__Polyangiales|f__Sandaracinaceae|g__|s__|ASV_1122",-0.283550025217452,6.01765761868252,-0.0423117333587628,0.475260420170577,0.709946228285243,0.979497323680727,0.752808293049661,0.980579131586868,0.980579131586868,"","ALDEx2_t"
"622","February - September","k__Bacteria|p__Planctomycetota|c__Planctomycetes|o__Planctomycetales|f__Gimesiaceae|g__|s__|ASV_9951",-4.25747702080651,5.46194581996628,-0.678064180721593,0.227568325080978,0.085801956608093,0.439970422317586,0.0449958612317485,0.373995038952086,0.373995038952086,"","ALDEx2_t"
"623","February - September","k__Bacteria|p__Pseudomonadota|c__Alphaproteobacteria|o__Sphingomonadales|f__Sphingomonadaceae|g__Aurantiacibacter|s__|ASV_12729",-1.04179930948181,6.14269393787595,-0.16905813669696,0.421875011314114,0.547149302130356,0.947573178747381,0.588613392681487,0.96662509962571,0.96662509962571,"","ALDEx2_t"
"624","February - September","k__Bacteria|p__Pseudomonadota|c__Alphaproteobacteria|o__Sphingomonadales|f__Sphingomonadaceae|g__|s__|ASV_3683",1.72924081397145,6.33691430409519,0.302527575335452,0.350260439906993,0.346473465061439,0.876466947391482,0.249166237080997,0.793832734207713,0.793832734207713,"","ALDEx2_t"
"625","February - September","k__Bacteria|p__Cyanobacteriota|c__Cyanobacteriia|o__Cyanobacteriales|f__Nostocaceae|g__Rivularia_PCC-7116|s__|ASV_10615",-0.572928634173691,6.0469174165745,-0.0984564044990454,0.458333339261375,0.708988578808594,0.978577573373083,0.750611500871252,0.982038492236146,0.982038492236146,"","ALDEx2_t"
"626","February - September","k__Bacteria|p__Myxococcota|c__Polyangiia|o__Polyangiales|f__Sandaracinaceae|g__|s__|ASV_1071",-0.222403950115849,6.55032835299014,-0.0351765761863267,0.479843956030925,0.806634767666077,0.992173244519934,0.828199728723121,0.997616494681926,0.997616494681926,"","ALDEx2_t"
"627","February - September","k__Bacteria|p__Acidobacteriota|c__Thermoanaerobaculia|o__Thermoanaerobaculales|f__Thermoanaerobaculaceae|g__Subgroup_10|s__|ASV_12805",1.33863128896895,5.70054631184542,0.255909033666726,0.362808863559438,0.505347259671634,0.943100369150796,0.277300598828248,0.824399572953048,0.824399572953048,"","ALDEx2_t"
"628","February - September","k__Bacteria|p__Bacteroidota|c__Bacteroidia|o__Chitinophagales|f__Saprospiraceae|g__|s__|ASV_5174",-0.869514853089588,5.32867212905553,-0.14649577777715,0.433029918582366,0.436886079722189,0.862701501404154,0.572654329345274,0.912785586128158,0.912785586128158,"","ALDEx2_t"
"629","February - September","k__Bacteria|p__Cyanobacteriota|c__Cyanobacteriia|o__Cyanobacteriales|f__Xenococcaceae|g__Chroococcidiopsis_PCC-6712|s__|ASV_1997",-1.42177946416491,5.60231528848708,-0.232194322830042,0.404421340377483,0.490034051571282,0.904876099005047,0.519402333852041,0.921798224621851,0.921798224621851,"","ALDEx2_t"
"630","February - September","k__Bacteria|p__Bacteroidota|c__Bacteroidia|o__Chitinophagales|f__Saprospiraceae|g__Lewinella|s__|ASV_9304",0.376865993003965,5.70659699060433,0.0622436401955093,0.474642396300368,0.692018835739483,0.970857162203717,0.677560848699187,0.954566544571957,0.954566544571957,"","ALDEx2_t"
"631","February - September","k__Bacteria|p__Cyanobacteriota|c__Cyanobacteriia|o__Phormidesmiales|f__Phormidesmiaceae|g__Phormidium_MBIC10003|s__|ASV_546",-2.58096545670995,5.43584668207427,-0.439280068920792,0.3042913199548,0.165739486504038,0.641890297046829,0.166116213802014,0.680730720077165,0.680730720077165,"","ALDEx2_t"
"632","February - September","k__Bacteria|p__Actinomycetota|c__Actinobacteria|o__Propionibacteriales|f__Nocardioidaceae|g__Nocardioides|s__|ASV_13377",1.86806251000385,6.74326123723387,0.265521435272496,0.382314711964896,0.393781758088863,0.891413150779225,0.362722388011269,0.85847038524782,0.85847038524782,"","ALDEx2_t"
"633","February - September","k__Bacteria|p__Bacteroidota|c__Bacteroidia|o__Cytophagales|f__Cyclobacteriaceae|g__Marivirga|s__|ASV_7231",3.17601325972912,5.82616294020218,0.520347880791976,0.279947955225173,0.125709725243535,0.536188342226063,0.100279677143257,0.476753002509972,0.476753002509972,"","ALDEx2_t"
"634","February - September","k__Bacteria|p__Bacteroidota|c__Bacteroidia|o__Flavobacteriales|f__Cryomorphaceae|g__Owenweeksia|s__|ASV_3656",1.00845355288224,5.90134480351785,0.151576778108607,0.417425239530795,0.547735720955265,0.926137556005332,0.498190701645911,0.906210877687344,0.906210877687344,"","ALDEx2_t"
"635","February - September","k__Bacteria|p__Pseudomonadota|c__Gammaproteobacteria|o__Pseudomonadales|f__Cellvibrionaceae|g__|s__|ASV_10185",4.57381849688894,5.99897006854346,0.707469082605728,0.244791715427061,0.0524248731054155,0.311054392782974,0.0589392425030213,0.328363739980551,0.328363739980551,"","ALDEx2_t"
"636","February - September","k__Bacteria|p__Pseudomonadota|c__Alphaproteobacteria|o__Rhodobacterales|f__Paracoccaceae|g__Limibaculum|s__|ASV_10764",-3.26463643203038,6.01830239336245,-0.462773556802014,0.317295218270439,0.195555944497923,0.665698224022675,0.220041767422072,0.737135477777809,0.737135477777809,"","ALDEx2_t"
"637","February - September","k__Bacteria|p__Pseudomonadota|c__Gammaproteobacteria|o__Enterobacterales|f__Alteromonadaceae|g__Aestuariibacter|s__|ASV_12294",-2.57510612664896,5.74551197297768,-0.394076698159364,0.324218778337677,0.19270077533891,0.664955231172693,0.262426133375811,0.733812448410952,0.733812448410952,"","ALDEx2_t"
"638","February - September","k__Bacteria|p__Actinomycetota|c__Actinobacteria|o__Euzebyales|f__Euzebyaceae|g__|s__|ASV_3446",2.49450336340122,6.26668405077963,0.385647005957553,0.340702235647023,0.195041067089488,0.617687396860663,0.280047371989634,0.678061336420793,0.678061336420793,"","ALDEx2_t"
"639","February - September","k__Bacteria|p__Bacteroidota|c__Bacteroidia|o__Cytophagales|f__Cyclobacteriaceae|g__Tunicatimonas|s__|ASV_11136",2.10279358640018,6.67318513288182,0.337627686053085,0.350260439906993,0.317944372395152,0.807528119243288,0.289811289548384,0.762016826526161,0.762016826526161,"","ALDEx2_t"
"640","February - September","k__Bacteria|p__Pseudomonadota|c__Alphaproteobacteria|o__Hyphomicrobiales|f__Rhizobiaceae|g__|s__|ASV_4397",5.5899866437491,5.72445819906867,0.879633432085484,0.213541726914124,0.0460852902920572,0.241032154808737,0.0386338831321122,0.22912180115911,0.22912180115911,"","ALDEx2_t"
"641","February - September","k__Bacteria|p__Actinomycetota|c__Actinobacteria|o__Nitriliruptorales|f__Nitriliruptoraceae|g__|s__|ASV_7640",3.54877723413871,5.67330426892437,0.54216103061611,0.28998703203295,0.129127660329655,0.535009644134585,0.117460055004223,0.518343288375398,0.518343288375398,"","ALDEx2_t"
"642","February - September","k__Bacteria|p__Pseudomonadota|c__Alphaproteobacteria|o__|f__Neomegalonemataceae|g__Acuticoccus|s__|ASV_9958",2.07937156247151,5.79385257089125,0.354203777794763,0.340702235647023,0.282590422027317,0.754437695165904,0.276355727997941,0.717394364734938,0.717394364734938,"","ALDEx2_t"
"643","February - September","k__Bacteria|p__Cyanobacteriota|c__Cyanobacteriia|o__Cyanobacteriales|f__Paraspirulinaceae|g__ESFC-1|s__|ASV_1387",0.794980814606292,5.49488188853214,0.148805815782551,0.418725629449136,0.523504842811618,0.882364738751432,0.549414984980526,0.876588499188199,0.876588499188199,"","ALDEx2_t"
"644","February - September","k__Bacteria|p__Pseudomonadota|c__Gammaproteobacteria|o__Enterobacterales|f__Vibrionaceae|g__Vibrio|s__|ASV_2958",-1.03423457662494,6.77136788342518,-0.146471782365214,0.421326409287335,0.577245443594578,0.950877026277009,0.605088189947252,0.959736110923765,0.959736110923765,"","ALDEx2_t"
"645","February - September","k__Bacteria|p__Pseudomonadota|c__Alphaproteobacteria|o__Caulobacterales|f__Hyphomonadaceae|g__|s__|ASV_13826",-3.2505525903277,5.56910158507956,-0.530870322778372,0.283485083066091,0.126891675103513,0.519824249304998,0.150396232687759,0.560468916151769,0.560468916151769,"","ALDEx2_t"
"646","February - September","k__Bacteria|p__Pseudomonadota|c__Alphaproteobacteria|o__Hyphomicrobiales|f__Rhizobiaceae|g__Pseudahrensia|s__|ASV_13404",0.574679958560155,6.09093504176815,0.0833764598453754,0.448634597692618,0.626349920975628,0.974598441776863,0.624929125298245,0.978095235186627,0.978095235186627,"","ALDEx2_t"
"647","February - September","k__Bacteria|p__Bacteroidota|c__Bacteroidia|o__Cytophagales|f__Cyclobacteriaceae|g__Tunicatimonas|s__|ASV_2268",-2.30029438656286,5.77477969257374,-0.389981829103282,0.333333359824265,0.212085957018203,0.661205362316001,0.273346511582542,0.751134948677248,0.751134948677248,"","ALDEx2_t"
"648","February - September","k__Bacteria|p__Bacteroidota|c__Bacteroidia|o__Cytophagales|f__Cyclobacteriaceae|g__|s__|ASV_2729",0.868830153957011,5.79726221758106,0.14557709505658,0.420572928179032,0.558793998687029,0.96323722654252,0.51538034187007,0.954968557563883,0.954968557563883,"","ALDEx2_t"
"649","February - September","k__Bacteria|p__Pseudomonadota|c__Alphaproteobacteria|o__Rhodobacterales|f__Paracoccaceae|g__|s__|ASV_10218",3.96919332395047,6.31605776456941,0.566655202406676,0.29166670228472,0.105325692590821,0.418029248577298,0.158185192533271,0.499531372677167,0.499531372677167,"","ALDEx2_t"
"650","February - September","k__Bacteria|p__Actinomycetota|c__Actinobacteria|o__Propionibacteriales|f__Propionibacteriaceae|g__|s__|ASV_8927",0.696684885514089,6.278544020037,0.0909990086222402,0.455729172970894,0.710158279772872,0.992865106589809,0.700775664846998,0.990483298478454,0.990483298478454,"","ALDEx2_t"
"651","February - September","k__Bacteria|p__Cyanobacteriota|c__Cyanobacteriia|o__Cyanobacteriales|f__Xenococcaceae|g__Pleurocapsa_PCC-7319|s__|ASV_6643",1.46124355512095,5.78003879196743,0.248948329971917,0.397135431842184,0.444367462985455,0.875360687028613,0.439967550180167,0.865786372969223,0.865786372969223,"","ALDEx2_t"
"652","February - September","k__Bacteria|p__Pseudomonadota|c__Alphaproteobacteria|o__Sphingomonadales|f__Sphingomonadaceae|g__Sphingomicrobium|s__|ASV_14557",-1.75658281019865,6.26381415415053,-0.240578372948593,0.394531265595047,0.399667506547379,0.866127721782473,0.406303777176687,0.902281002874403,0.902281002874403,"","ALDEx2_t"
"653","February - September","k__Bacteria|p__Pseudomonadota|c__Gammaproteobacteria|o__Beggiatoales|f__Leucotrichaceae|g__|s__|ASV_713",-0.678604915565529,6.48470455935743,-0.0972371989700519,0.448634597692618,0.607965066194163,0.969397834312035,0.633628732033211,0.974411687702473,0.974411687702473,"","ALDEx2_t"
"654","February - September","k__Bacteria|p__Actinomycetota|c__Acidimicrobiia|o__Microtrichales|f__Ilumatobacteraceae|g__Ilumatobacter|s__|ASV_9295",-2.17669912469248,6.48930226259462,-0.344220251774817,0.375812762473901,0.268812743563662,0.75332480656111,0.324686924034708,0.820186040211536,0.820186040211536,"","ALDEx2_t"
"655","February - September","k__Bacteria|p__Pseudomonadota|c__Alphaproteobacteria|o__Rhodobacterales|f__Paracoccaceae|g__Palleronia-Pseudomaribius|s__|ASV_10722",2.03751286805952,6.71967384859807,0.331069221574338,0.341145858296819,0.279740495038128,0.762551809925966,0.246137005178326,0.713884390046035,0.713884390046035,"","ALDEx2_t"
"656","February - September","k__Bacteria|p__Rhodothermota|c__Rhodothermia|o__Rhodothermales|f__Rhodothermaceae|g__|s__|ASV_10153",-0.588959021436546,6.13607103044959,-0.0886620732663842,0.44993498762065,0.703616084737436,0.985554691366365,0.671809019385346,0.990514915298182,0.990514915298182,"","ALDEx2_t"
"657","February - September","k__Bacteria|p__Bacteroidota|c__Bacteroidia|o__Cytophagales|f__Cyclobacteriaceae|g__Fulvivirga|s__|ASV_15281",0.112592867238757,5.83010071668579,0.018456749024294,0.492187501104058,0.806805181552131,0.990960306568765,0.782737224664553,0.982738129533433,0.982738129533433,"","ALDEx2_t"
"658","February - September","k__Bacteria|p__Cyanobacteriota|c__Cyanobacteriia|o__Cyanobacteriales|f__Microcystaceae|g__Synechocystis_BDHKU-20401|s__|ASV_1439",0.924672248773028,5.34539502928302,0.183096098329687,0.421875011314114,0.510673995673307,0.883945638913356,0.543970304412911,0.900529578123573,0.900529578123573,"","ALDEx2_t"
"659","February - September","k__Bacteria|p__Pseudomonadota|c__Alphaproteobacteria|o__Caulobacterales|f__Hyphomonadaceae|g__Henriciella|s__|ASV_13571",-1.42344649845045,6.35766707022646,-0.223439296745978,0.401820560553915,0.426440703223174,0.896079745629983,0.429029386849353,0.912790521348275,0.912790521348275,"","ALDEx2_t"
"660","February - September","k__Bacteria|p__Pseudomonadota|c__Alphaproteobacteria|o__Rhodobacterales|f__Paracoccaceae|g__|s__|ASV_13876",-1.64624080182724,5.60817563123048,-0.301357415322829,0.359375021574801,0.37526275448044,0.806505858792149,0.359305402267843,0.830412093966485,0.830412093966485,"","ALDEx2_t"
"661","February - September","k__Bacteria|p__Rhodothermota|c__Rhodothermia|o__Rhodothermales|f__Rhodothermaceae|g__|s__|ASV_12226",-1.53140676739872,5.90761101432656,-0.23484409331099,0.395318611006384,0.40742202818231,0.866045772545625,0.442463372813921,0.898377432707643,0.898377432707643,"","ALDEx2_t"
"662","February - September","k__Bacteria|p__Actinomycetota|c__Actinobacteria|o__Propionibacteriales|f__Nocardioidaceae|g__Nocardioides|s__|ASV_15978",0.792471271218851,6.23652252685678,0.128409986483685,0.427828358891227,0.640499692698597,0.979507662819078,0.603981560004304,0.976086705012158,0.976086705012158,"","ALDEx2_t"
"663","February - September","k__Bacteria|p__Bacteroidota|c__Bacteroidia|o__Flavobacteriales|f__Cryomorphaceae|g__Vicingus|s__|ASV_5876",-0.580730910817439,5.43460226017227,-0.105558863186524,0.453836157406492,0.687898793706424,0.977475113149421,0.731692370003801,0.983648867532857,0.983648867532857,"","ALDEx2_t"
"664","February - September","k__Bacteria|p__Gemmatimonadota|c__Longimicrobiia|o__Longimicrobiales|f__Longimicrobiaceae|g__|s__|ASV_9886",1.02275599845278,4.55161859397936,0.212489851774343,0.327698337045084,0.361764313513364,0.882628801306984,0.155010097189289,0.664309210366811,0.664309210366811,"","ALDEx2_t"
"665","February - September","k__Bacteria|p__Pseudomonadota|c__Gammaproteobacteria|o__Enterobacterales|f__Alteromonadaceae|g__Alteromonas|s__|ASV_3135",-3.66537698323778,5.83076264704671,-0.575438710503328,0.283485083066091,0.119907555264347,0.497012684482707,0.142651302291732,0.569152330959956,0.569152330959956,"","ALDEx2_t"
"666","February - September","k__Bacteria|p__Cyanobacteriota|c__Cyanobacteriia|o__Phormidesmiales|f__Nodosilineaceae|g__|s__|ASV_398",-1.57984190186081,6.04812268664461,-0.254506516346905,0.369791686401503,0.315773562125727,0.793015000863322,0.35479118184195,0.826377887427835,0.826377887427835,"","ALDEx2_t"
"667","February - September","k__Bacteria|p__Bacteroidota|c__Bacteroidia|o__Cytophagales|f__Cyclobacteriaceae|g__Marinoscillum|s__|ASV_7402",2.07222816100051,5.09450608028614,0.387578591639511,0.303385449526426,0.214019196849934,0.720966213929816,0.121322125323021,0.56635935031922,0.56635935031922,"","ALDEx2_t"
"668","February - September","k__Bacteria|p__Deinococcota|c__Deinococci|o__Deinococcales|f__Trueperaceae|g__Truepera|s__|ASV_2935",1.70308626319179,5.80829619686686,0.264870790447014,0.38881666147623,0.411644308553898,0.884122355988045,0.412388381300857,0.881993021057095,0.881993021057095,"","ALDEx2_t"
"669","February - September","k__Bacteria|p__Pseudomonadota|c__Gammaproteobacteria|o__Enterobacterales|f__Alteromonadaceae|g__Alteromonas|s__|ASV_1591",1.50506003621707,5.90336870856578,0.239279168335125,0.382314711964896,0.473444944720613,0.916682985864035,0.441230085976918,0.860250749584096,0.860250749584096,"","ALDEx2_t"
"670","February - September","k__Bacteria|p__Pseudomonadota|c__Gammaproteobacteria|o__Enterobacterales|f__Vibrionaceae|g__Vibrio|s__|ASV_881",-0.360490918188384,5.91081115871036,-0.0491930677320181,0.47265625387485,0.726759228300647,0.982898171081943,0.742107963861922,0.970259294035786,0.970259294035786,"","ALDEx2_t"
"671","February - September","k__Bacteria|p__Acidobacteriota|c__Thermoanaerobaculia|o__Thermoanaerobaculales|f__Thermoanaerobaculaceae|g__Subgroup_10|s__|ASV_11693",-2.51381117423878,6.18058257629207,-0.402312847315495,0.353706134379022,0.271819031580391,0.771999112231833,0.312876012654226,0.814367114620577,0.814367114620577,"","ALDEx2_t"
"672","February - September","k__Bacteria|p__Actinomycetota|c__Actinobacteria|o__Propionibacteriales|f__Nocardioidaceae|g__Nocardioides|s__|ASV_1358",3.38808333609762,6.00202775856241,0.549742463941992,0.283854204223243,0.127011575864435,0.501911916680454,0.134061740289761,0.495426355242029,0.495426355242029,"","ALDEx2_t"
"673","February - September","k__Bacteria|p__Planctomycetota|c__Planctomycetes|o__Planctomycetales|f__Gimesiaceae|g__|s__|ASV_10539",-4.63922479325376,5.28217767927638,-0.802547679715861,0.19791673388077,0.043131219077972,0.318244592426852,0.0202079572147465,0.264894453067929,0.264894453067929,"","ALDEx2_t"
"674","February - September","k__Bacteria|p__Bacteroidota|c__Bacteroidia|o__Flavobacteriales|f__Cryomorphaceae|g__|s__|ASV_996",-5.40191215460282,3.74426824373808,-1.35423782407648,0.0858259336924905,0.00183531353016817,0.0844346106494966,0.000571001867126009,0.0513967425255828,0.0513967425255828,"","ALDEx2_t"
"675","February - September","k__Bacteria|p__Bacteroidota|c__Bacteroidia|o__Cytophagales|f__Flammeovirgaceae|g__|s__|ASV_9450",-1.5272410624466,5.89853286728443,-0.224020655402174,0.377604185061642,0.383708670388698,0.861105667382749,0.38452283032118,0.869962413346173,0.869962413346173,"","ALDEx2_t"
"676","February - September","k__Bacteria|p__Bdellovibrionota|c__Oligoflexia|o__Oligoflexales|f__Oligoflexaceae|g__|s__|ASV_2184",-0.0945453943620667,6.42503369157048,-0.0135742525393397,0.490885417954849,0.807598576296263,0.995546800476177,0.848837932242075,0.999359117001704,0.999359117001704,"","ALDEx2_t"
"677","February - September","k__Bacteria|p__Pseudomonadota|c__Gammaproteobacteria|o__Enterobacterales|f__Vibrionaceae|g__Vibrio|s__|ASV_1505",1.30957559716942,6.77692147680193,0.21074177149494,0.385416683752895,0.422937218293645,0.864184047907545,0.404321822132303,0.819851703742828,0.819851703742828,"","ALDEx2_t"
"678","February - September","k__Bacteria|p__Pseudomonadota|c__Gammaproteobacteria|o__Pseudomonadales|f__Halomonadaceae|g__Halomonas|s__|ASV_7291",3.89076550178468,6.16288939624295,0.531382995354906,0.287386252439134,0.108673633294417,0.454590893442114,0.142146951303845,0.508142638319182,0.508142638319182,"","ALDEx2_t"
"679","February - September","k__Bacteria|p__Acidobacteriota|c__Thermoanaerobaculia|o__Thermoanaerobaculales|f__Thermoanaerobaculaceae|g__Subgroup_10|s__|ASV_11724",-1.32345173099421,5.9241943020068,-0.197943143556746,0.406250013728096,0.318001979812181,0.787473944467666,0.427888365399407,0.875995734783269,0.875995734783269,"","ALDEx2_t"
"680","February - September","k__Bacteria|p__Actinomycetota|c__Actinobacteria|o__Euzebyales|f__Euzebyaceae|g__|s__|ASV_3368",0.833786833302488,6.07351338466798,0.137228667287822,0.434895842690214,0.561947222242271,0.942063173312671,0.572467510426543,0.933505176273339,0.933505176273339,"","ALDEx2_t"
"681","February - September","k__Bacteria|p__Bacteroidota|c__Bacteroidia|o__Flavobacteriales|f__Cryomorphaceae|g__Vicingus|s__|ASV_8806",3.18782930245886,5.63386130207689,0.490807947314426,0.286085862645727,0.142570150187565,0.561809404936768,0.0863577096698563,0.431814229475909,0.431814229475909,"","ALDEx2_t"
"682","February - September","k__Bacteria|p__Bacteroidota|c__Bacteroidia|o__Flavobacteriales|f__Flavobacteriaceae|g__Maritimimonas|s__|ASV_8338",-1.47586923836146,5.42756132145269,-0.241830860582763,0.384114600635644,0.304220757484364,0.760550294647092,0.384584517775602,0.825854176116351,0.825854176116351,"","ALDEx2_t"
"683","February - September","k__Bacteria|p__Pseudomonadota|c__Alphaproteobacteria|o__Sphingomonadales|f__Sphingomonadaceae|g__Parasphingopyxis|s__|ASV_8232",0.120411150927644,5.94761914400078,0.0183539831289186,0.486979168507563,0.809608459536889,0.995303280944998,0.782167904237034,0.999184731177954,0.999184731177954,"","ALDEx2_t"
"684","February - September","k__Bacteria|p__Bacteroidota|c__Bacteroidia|o__Flavobacteriales|f__Flavobacteriaceae|g__|s__|ASV_13178",-1.16226883646994,6.05202919033677,-0.16695307430342,0.41612484961297,0.464015741162879,0.851554417096457,0.542991278979467,0.882851330946398,0.882851330946398,"","ALDEx2_t"
"685","February - September","k__Bacteria|p__Bacteroidota|c__Bacteroidia|o__Cytophagales|f__Cyclobacteriaceae|g__Tunicatimonas|s__|ASV_15859",-0.836198084485396,6.04080478453903,-0.118549407675188,0.442708341535475,0.561147967761868,0.918885906402046,0.613087976895564,0.942667242024637,0.942667242024637,"","ALDEx2_t"
"686","February - September","k__Bacteria|p__Planctomycetota|c__Planctomycetes|o__Pirellulales|f__Pirellulaceae|g__Pir4_lineage|s__|ASV_11433",-3.44103322824714,5.69579307122611,-0.504470789629135,0.282184693279934,0.142402315490999,0.587532832563016,0.102514529949456,0.570408133108266,0.570408133108266,"","ALDEx2_t"
"687","February - September","k__Bacteria|p__Pseudomonadota|c__Alphaproteobacteria|o__Hyphomicrobiales|f__Rhizobiaceae|g__Pseudahrensia|s__|ASV_14095",3.64345173524539,5.56042683210591,0.579150334760429,0.274739623263905,0.0991736477671787,0.450306268426813,0.0993027896227141,0.422950431982257,0.422950431982257,"","ALDEx2_t"
"688","February - September","k__Bacteria|p__Bacteroidota|c__Bacteroidia|o__Chitinophagales|f__Saprospiraceae|g__|s__|ASV_71",-1.65166393159992,5.95653787249896,-0.263543100898003,0.376302101949381,0.375000861656999,0.845277320489259,0.409090650650332,0.893014779208928,0.893014779208928,"","ALDEx2_t"
"689","February - September","k__Bacteria|p__Cyanobacteriota|c__Cyanobacteriia|o__Cyanobacteriales|f__Microcystaceae|g__UCYN-C|s__|ASV_7308",-2.08134677429071,5.60531145298762,-0.319349137355394,0.336801066051935,0.317857200561267,0.848431683720294,0.255441294575831,0.835401423710629,0.835401423710629,"","ALDEx2_t"
"690","February - September","k__Bacteria|p__Planctomycetota|c__Planctomycetes|o__Pirellulales|f__Pirellulaceae|g__Pir4_lineage|s__|ASV_6009",-0.866448918220521,6.20200699287672,-0.135778744628841,0.429687510134515,0.550836329872132,0.950944483477669,0.542970032747741,0.96789287894817,0.96789287894817,"","ALDEx2_t"
"691","February - September","k__Bacteria|p__Pseudomonadota|c__Alphaproteobacteria|o__Sphingomonadales|f__Sphingomonadaceae|g__|s__|ASV_6859",4.89086234813949,5.32155347344627,0.800887117144686,0.192457807033494,0.0329201496468927,0.209147490424763,0.0157428798948729,0.131496132629169,0.131496132629169,"","ALDEx2_t"
"692","February - September","k__Bacteria|p__Pseudomonadota|c__Gammaproteobacteria|o__Steroidobacterales|f__Woeseiaceae|g__Woeseia|s__|ASV_4265",-0.608370480098772,5.59337078943645,-0.0896992653730653,0.460338107054887,0.587229869055633,0.931734177658441,0.684071717987054,0.961518812604816,0.961518812604816,"","ALDEx2_t"
"693","February - September","k__Bacteria|p__Bacteroidota|c__Bacteroidia|o__Chitinophagales|f__Saprospiraceae|g__|s__|ASV_495",0.87916979385304,5.93062877964546,0.135801062775367,0.439531868205379,0.577780875425774,0.967715843087029,0.554320917275113,0.969595840217339,0.969595840217339,"","ALDEx2_t"
"694","February - September","k__Bacteria|p__Pseudomonadota|c__Alphaproteobacteria|o__Rhodobacterales|f__Paracoccaceae|g__Allosediminivita|s__|ASV_14720",1.50645259173498,6.46720665830294,0.227712806144349,0.397135431842184,0.420465832750607,0.886418713233704,0.451185225399348,0.87420761277756,0.87420761277756,"","ALDEx2_t"
"695","February - September","k__Bacteria|p__Actinomycetota|c__Actinobacteria|o__Mycobacteriales|f__Mycobacteriaceae|g__Mycobacterium|s__|ASV_8131",1.26798991107654,6.34962027740433,0.214734082927362,0.407552096857168,0.500176631502301,0.948855533083906,0.472575824027904,0.9376426073571,0.9376426073571,"","ALDEx2_t"
"696","February - September","k__Bacteria|p__Planctomycetota|c__Planctomycetes|o__Pirellulales|f__Pirellulaceae|g__|s__|ASV_9760",-3.25368760334577,5.66246288547089,-0.54560604480902,0.257477287862858,0.115919717955912,0.532145168173635,0.0994401303031334,0.536631300021939,0.536631300021939,"","ALDEx2_t"
"697","February - September","k__Bacteria|p__Pseudomonadota|c__Alphaproteobacteria|o__Caulobacterales|f__Hyphomonadaceae|g__Algimonas|s__|ASV_7416",-3.75013201599946,5.17918267849919,-0.634588937484337,0.253906295884878,0.0944894531901436,0.454091894786939,0.0893578948477825,0.479144255680707,0.479144255680707,"","ALDEx2_t"
"698","February - September","k__Bacteria|p__Rhodothermota|c__Rhodothermia|o__Rhodothermales|f__Rhodothermaceae|g__|s__|ASV_3086",2.93475513499138,6.00250653420284,0.467793236080361,0.321614612212394,0.170691375597891,0.586936676650652,0.214143785759771,0.622929867759682,0.622929867759682,"","ALDEx2_t"
"699","February - September","k__Bacteria|p__Verrucomicrobiota|c__Verrucomicrobiia|o__Verrucomicrobiales|f__DEV007|g__|s__|ASV_5482",-3.71042810368292,5.42328583161798,-0.587177970879806,0.270481185321275,0.0956770980486989,0.46929867877829,0.121957767275631,0.530339448136053,0.530339448136053,"","ALDEx2_t"
"700","February - September","k__Bacteria|p__Bacteroidota|c__Bacteroidia|o__Chitinophagales|f__Saprospiraceae|g__Lewinella|s__|ASV_8923",-2.17810695559002,5.91003417111851,-0.339714095959678,0.363281270877258,0.3013586256411,0.75852891114754,0.350009572071656,0.813664708091648,0.813664708091648,"","ALDEx2_t"
"701","February - September","k__Bacteria|p__Bacteroidota|c__Bacteroidia|o__Cytophagales|f__Cyclobacteriaceae|g__Fulvivirga|s__|ASV_9806",0.269382929282851,5.24515128436942,0.046879913076302,0.478543566098093,0.667709622793124,0.959304742207131,0.695172403145381,0.933151098671198,0.933151098671198,"","ALDEx2_t"
"702","February - September","k__Bacteria|p__Pseudomonadota|c__Alphaproteobacteria|o__Rhodobacterales|f__Paracoccaceae|g__Limibaculum|s__|ASV_7044",-0.367249072273041,5.91421128589858,-0.057892681783686,0.468750004432471,0.765923624064958,0.992144788709443,0.780169175243588,0.991857267402242,0.991857267402242,"","ALDEx2_t"
"703","February - September","k__Bacteria|p__Pseudomonadota|c__Alphaproteobacteria|o__Rhodobacterales|f__Paracoccaceae|g__|s__|ASV_11336",-1.47555075467481,5.88975002791986,-0.223394285726232,0.414062512511275,0.484668300916756,0.89266584547474,0.517702155728072,0.928331379282811,0.928331379282811,"","ALDEx2_t"
"704","February - September","k__Bacteria|p__Pseudomonadota|c__Alphaproteobacteria|o__Sphingomonadales|f__Sphingomonadaceae|g__|s__|ASV_13125",4.44739973741216,5.92438254170509,0.647035422911033,0.251302130021327,0.0766594431774277,0.374859119474875,0.0779081174033599,0.399078229258392,0.399078229258392,"","ALDEx2_t"
"705","February - September","k__Bacteria|p__Rhodothermota|c__Rhodothermia|o__Rhodothermales|f__Rhodothermaceae|g__Rubrivirga|s__|ASV_3264",5.57751791800262,3.75901763441271,1.35185709938286,0.0768231274215795,0.00183021312190139,0.0249599308911008,0.000411195766812259,0.00922720149309704,0.00922720149309704,"**","ALDEx2_t"
"706","February - September","k__Bacteria|p__Rhodothermota|c__Rhodothermia|o__Rhodothermales|f__Rhodothermaceae|g__|s__|ASV_11919",3.83882173369222,5.81623476319267,0.580516945793401,0.283485083066091,0.119547429130867,0.473196634070426,0.113432429332849,0.456658308276566,0.456658308276566,"","ALDEx2_t"
"707","February - September","k__Bacteria|p__Bacteroidota|c__Bacteroidia|o__Chitinophagales|f__Saprospiraceae|g__Lewinella|s__|ASV_474",1.53145306304143,6.31528526336668,0.227286457640673,0.389322933109329,0.393892801565872,0.847800407965931,0.40336872900454,0.820552333780744,0.820552333780744,"","ALDEx2_t"
"708","February - September","k__Bacteria|p__Pseudomonadota|c__Alphaproteobacteria|o__Rhodobacterales|f__Paracoccaceae|g__Jannaschia|s__|ASV_6611",2.75807296917871,6.03048447867608,0.426685639384008,0.330729193677856,0.167706578452249,0.594584358003783,0.214905905484003,0.635797133938431,0.635797133938431,"","ALDEx2_t"
"709","February - September","k__Bacteria|p__Pseudomonadota|c__Gammaproteobacteria|o__Steroidobacterales|f__Woeseiaceae|g__Woeseia|s__|ASV_11577",-3.62943110470491,5.97579766158146,-0.524261022853974,0.30169054031406,0.186494589802409,0.649665848494603,0.139694222060414,0.660801423833907,0.660801423833907,"","ALDEx2_t"
"710","February - September","k__Bacteria|p__Rhodothermota|c__Rhodothermia|o__Rhodothermales|f__Rhodothermaceae|g__Rubrivirga|s__|ASV_7459",1.97577179852699,6.05627409185167,0.31807760889365,0.353706134379022,0.302625183300963,0.76624588444438,0.309456415190174,0.737028396938387,0.737028396938387,"","ALDEx2_t"
"711","February - September","k__Bacteria|p__Rhodothermota|c__Rhodothermia|o__Rhodothermales|f__Rhodothermaceae|g__|s__|ASV_9662",-1.6334687762527,5.74287827063727,-0.281138998151023,0.384114600635644,0.306166739236904,0.778667470913789,0.420426956922973,0.849387724850315,0.849387724850315,"","ALDEx2_t"
"712","February - September","k__Bacteria|p__Bacteroidota|c__Bacteroidia|o__Cytophagales|f__Cyclobacteriaceae|g__Tunicatimonas|s__|ASV_2526",0.692892349537519,6.18840542171155,0.091906924882474,0.446614590962869,0.653116715023914,0.980225194066806,0.639391603378281,0.95525448275169,0.95525448275169,"","ALDEx2_t"
"713","February - September","k__Bacteria|p__Planctomycetota|c__Planctomycetes|o__Pirellulales|f__Pirellulaceae|g__Rhodopirellula|s__|ASV_3665",-2.14854572651032,5.7984545038439,-0.329722717984933,0.356770855378449,0.289876575143196,0.762384465393593,0.381344799680566,0.822420518865927,0.822420518865927,"","ALDEx2_t"
"714","February - September","k__Bacteria|p__Pseudomonadota|c__Alphaproteobacteria|o__Rhodobacterales|f__Paracoccaceae|g__Pikeienuella|s__|ASV_7133",0.897221642818052,5.86096953659675,0.144100890064796,0.41796876191037,0.555502006272014,0.966428632964371,0.455869074768615,0.940850599802129,0.940850599802129,"","ALDEx2_t"
"715","February - September","k__Bacteria|p__Spirochaetota|c__Spirochaetia|o__Spirochaetales|f__Spirochaetaceae|g__|s__|ASV_8996",2.11137400317137,6.33131376238216,0.353785131056678,0.343303015383606,0.277641461381949,0.761082030502664,0.250399581699429,0.727286526407531,0.727286526407531,"","ALDEx2_t"
"716","February - September","k__Bacteria|p__Pseudomonadota|c__Alphaproteobacteria|o__Rhodobacterales|f__Paracoccaceae|g__Palleronia-Pseudomaribius|s__|ASV_6542",1.918352364739,5.42775086372855,0.344324400446533,0.343303015383606,0.241767703398308,0.674373395783241,0.309800382263449,0.702615057486593,0.702615057486593,"","ALDEx2_t"
"717","February - September","k__Bacteria|p__Pseudomonadota|c__Gammaproteobacteria|o__Pseudomonadales|f__Alcanivoracaceae|g__Ketobacter|s__|ASV_11640",1.35594516286861,6.24086202477007,0.198747317449966,0.398437514966783,0.448385076039995,0.887583375654181,0.485656742344007,0.880670430751374,0.880670430751374,"","ALDEx2_t"
"718","February - September","k__Bacteria|p__Pseudomonadota|c__Gammaproteobacteria|o__Steroidobacterales|f__Woeseiaceae|g__Woeseia|s__|ASV_55",-0.942652429823276,6.36848988163983,-0.159098995548405,0.425781260722246,0.472476591910839,0.904755392131889,0.547413170458731,0.93389187840795,0.93389187840795,"","ALDEx2_t"
"719","February - September","k__Bacteria|p__Rhodothermota|c__Rhodothermia|o__Rhodothermales|f__Rhodothermaceae|g__|s__|ASV_2058",0.760588536686317,5.59106277571378,0.120230304526019,0.439531868205379,0.55171569297926,0.91804153024357,0.559735649727678,0.883401717251302,0.883401717251302,"","ALDEx2_t"
"720","February - September","k__Bacteria|p__Thermodesulfobacteriota|c__Desulfobulbia|o__Desulfobulbales|f__Desulfocapsaceae|g__|s__|ASV_8870",-1.78288181722378,6.56780725518233,-0.285908806510179,0.37971393216597,0.353121375315436,0.827053252974661,0.370186119301179,0.860786163137764,0.860786163137764,"","ALDEx2_t"
"721","February - September","k__Bacteria|p__Acidobacteriota|c__Thermoanaerobaculia|o__Thermoanaerobaculales|f__Thermoanaerobaculaceae|g__Subgroup_10|s__|ASV_5785",-1.37212218073118,6.26922325038903,-0.21214466516067,0.397135431842184,0.332380586168003,0.77970206617203,0.45949577821139,0.867321501546032,0.867321501546032,"","ALDEx2_t"
"722","February - September","k__Bacteria|p__Pseudomonadota|c__Alphaproteobacteria|o__Rhodobacterales|f__Paracoccaceae|g__|s__|ASV_5674",-2.42280908859403,5.74177155157022,-0.375685249298067,0.347204184997902,0.212963994069248,0.673354046152713,0.280794861455848,0.750943167137598,0.750943167137598,"","ALDEx2_t"
"723","February - September","k__Bacteria|p__Pseudomonadota|c__Gammaproteobacteria|o__Pseudomonadales|f__Pseudohongiellaceae|g__Pseudohongiella|s__|ASV_15449",-0.417075777202193,6.50423471869149,-0.0639736720739656,0.458333339261375,0.72814854955681,0.985854034403209,0.709922557629811,0.987218406405311,0.987218406405311,"","ALDEx2_t"
"724","February - September","k__Bacteria|p__Actinomycetota|c__Acidimicrobiia|o__Microtrichales|f__Microtrichaceae|g__|s__|ASV_11603",0.145649098927452,6.20296683242005,0.0253670500670916,0.485045515763336,0.749891653432227,0.9877185414226,0.742729905837533,0.975540025186481,0.975540025186481,"","ALDEx2_t"
"725","February - September","k__Bacteria|p__Pseudomonadota|c__Alphaproteobacteria|o__Rhodobacterales|f__Paracoccaceae|g__Defluviimonas|s__|ASV_15547",-1.26367011476598,6.06612196092386,-0.191434070779639,0.401820560553915,0.360190066956046,0.806826082970965,0.506905221767901,0.871354767642533,0.871354767642533,"","ALDEx2_t"
"726","February - September","k__Bacteria|p__Actinomycetota|c__Acidimicrobiia|o__Microtrichales|f__Microtrichaceae|g__|s__|ASV_12371",-0.988147380863573,5.88102896244846,-0.159506983077757,0.415364595643774,0.478130079748349,0.89717742563989,0.550864669050158,0.922089621745424,0.922089621745424,"","ALDEx2_t"
"727","February - September","k__Bacteria|p__Actinomycetota|c__Actinobacteria|o__Euzebyales|f__Euzebyaceae|g__|s__|ASV_15196",1.9643961809359,5.62502347963178,0.335393972349263,0.345903795125238,0.268816291180536,0.682104558060654,0.309454340836845,0.695638491603209,0.695638491603209,"","ALDEx2_t"
"728","February - September","k__Bacteria|p__Actinomycetota|c__Actinobacteria|o__Nitriliruptorales|f__Nitriliruptoraceae|g__|s__|ASV_2609",-0.462981586306572,6.42054548513102,-0.0684546842868798,0.460937505552837,0.688670154061707,0.977991938430538,0.697605440477546,0.978109612599461,0.978109612599461,"","ALDEx2_t"
"729","February - September","k__Bacteria|p__Pseudomonadota|c__Alphaproteobacteria|o__Rhodobacterales|f__Paracoccaceae|g__Actibacterium|s__|ASV_9225",2.04727520301393,6.77294167046636,0.3053322005316,0.36801042311382,0.341120270052911,0.775160781617038,0.363901874559012,0.773619535447751,0.773619535447751,"","ALDEx2_t"
"730","February - September","k__Bacteria|p__Pseudomonadota|c__Alphaproteobacteria|o__Rhodobacterales|f__Paracoccaceae|g__Jannaschia|s__|ASV_5258",-0.704047328316007,5.68095427454086,-0.103365404647585,0.44993498762065,0.511499089473286,0.889920225988001,0.647413000581327,0.941989451970039,0.941989451970039,"","ALDEx2_t"
"731","February - September","k__Bacteria|p__Verrucomicrobiota|c__Verrucomicrobiia|o__Opitutales|f__Puniceicoccaceae|g__Verruc-01|s__|ASV_3940",-2.04134803209518,6.79355059401287,-0.292357371365731,0.373211982683555,0.369986447166953,0.877809260101383,0.358613891450789,0.874938509355361,0.874938509355361,"","ALDEx2_t"
"732","February - September","k__Bacteria|p__Pseudomonadota|c__Alphaproteobacteria|o__Rhodobacterales|f__Paracoccaceae|g__|s__|ASV_12109",-2.73951302775208,5.99002476816009,-0.451548130256542,0.335937525976334,0.190726724116255,0.6441206830525,0.267951881289393,0.745537796259403,0.745537796259403,"","ALDEx2_t"
"733","February - September","k__Bacteria|p__Pseudomonadota|c__Alphaproteobacteria|o__Sphingomonadales|f__Sphingomonadaceae|g__|s__|ASV_15119",-0.810135629089744,5.2417707786222,-0.135640452437712,0.423177094449683,0.439366381337457,0.885120834392699,0.555507955855727,0.931946013474882,0.931946013474882,"","ALDEx2_t"
"734","February - September","k__Bacteria|p__Pseudomonadota|c__Gammaproteobacteria|o__Arenicellales|f__Arenicellaceae|g__|s__|ASV_6615",1.14471688594159,6.6276177881344,0.162150452216295,0.429687510134515,0.53388470329199,0.94888746586243,0.545028790868574,0.93161283860693,0.93161283860693,"","ALDEx2_t"
"735","February - September","k__Bacteria|p__Pseudomonadota|c__Alphaproteobacteria|o__Rhodobacterales|f__Paracoccaceae|g__Limibaculum|s__|ASV_13202",-0.160011214215525,6.14746079244273,-0.0264018844177916,0.483072919060954,0.696371858964595,0.966465051272409,0.71429286762672,0.954015424834909,0.954015424834909,"","ALDEx2_t"
"736","February - September","k__Bacteria|p__Pseudomonadota|c__Alphaproteobacteria|o__Sphingomonadales|f__Sphingomonadaceae|g__Croceibacterium|s__|ASV_2710",2.7499721483342,5.8740434314622,0.417619948614169,0.328125027537269,0.222678451457642,0.692396507813949,0.221976809723625,0.7027510285179,0.7027510285179,"","ALDEx2_t"
"737","February - September","k__Bacteria|p__Chloroflexota|c__Anaerolineae|o__Aggregatilineales|f__A4b|g__|s__|ASV_4050",-2.38047948500652,5.68523994275342,-0.379172292306403,0.335937525976334,0.245952601112669,0.722625729829981,0.250964348950282,0.741648259212305,0.741648259212305,"","ALDEx2_t"
"738","February - September","k__Bacteria|p__Pseudomonadota|c__Alphaproteobacteria|o__Rhodobacterales|f__Paracoccaceae|g__|s__|ASV_2081",1.18465000735388,6.46424723717803,0.212241063858684,0.408854179986838,0.431804866644663,0.887996968189927,0.480316958183995,0.875780371788629,0.875780371788629,"","ALDEx2_t"
"739","February - September","k__Bacteria|p__Pseudomonadota|c__Alphaproteobacteria|o__Rhodobacterales|f__Paracoccaceae|g__|s__|ASV_224",-3.40472958547345,5.67886856772329,-0.541614512722737,0.280884303496267,0.145894648707416,0.58808171399321,0.117271797327891,0.605334794216384,0.605334794216384,"","ALDEx2_t"
"740","February - September","k__Bacteria|p__Pseudomonadota|c__Alphaproteobacteria|o__Rhodobacterales|f__Paracoccaceae|g__|s__|ASV_6991",1.93045914658001,5.54028374172466,0.326172691327513,0.345052107550889,0.285395613527427,0.734388169367855,0.306090820250385,0.722961897279042,0.722961897279042,"","ALDEx2_t"
"741","February - September","k__Bacteria|p__Pseudomonadota|c__Alphaproteobacteria|o__Rhodobacterales|f__Paracoccaceae|g__|s__|ASV_7269",1.36063510908588,5.74383243972736,0.222638200103558,0.403120950465384,0.484154640272124,0.903433479349934,0.480174128267748,0.861551727919967,0.861551727919967,"","ALDEx2_t"
"742","February - September","k__Bacteria|p__Bacteroidota|c__Bacteroidia|o__Flavobacteriales|f__Cryomorphaceae|g__Vicingus|s__|ASV_9624",0.349848624402115,5.97458141146277,0.0601970955703111,0.458333339261375,0.739136312005714,0.981421797858286,0.710276110642285,0.958454042658885,0.958454042658885,"","ALDEx2_t"
"743","February - September","k__Bacteria|p__Pseudomonadota|c__Alphaproteobacteria|o__Hyphomicrobiales|f__Rhizobiaceae|g__|s__|ASV_9695",3.35927590181387,5.33164656735214,0.596524535248433,0.274382354616637,0.0932853612619595,0.424665552742915,0.103810139836607,0.422665478232753,0.422665478232753,"","ALDEx2_t"
"744","February - September","k__Bacteria|p__Pseudomonadota|c__Alphaproteobacteria|o__Rhodobacterales|f__Paracoccaceae|g__|s__|ASV_16062",-1.64121619176475,5.68438819182886,-0.27521854429576,0.365885437084007,0.295178371128897,0.75539746226154,0.377397958226153,0.819758894449746,0.819758894449746,"","ALDEx2_t"
"745","February - September","k__Bacteria|p__Pseudomonadota|c__Gammaproteobacteria|o__Enterobacterales|f__Pseudoalteromonadaceae|g__Pseudoalteromonas|s__|ASV_8939",-2.65394744212952,6.02693866752237,-0.419123251432179,0.318595608111642,0.180958148128995,0.642099825788032,0.254707100616606,0.742215286438967,0.742215286438967,"","ALDEx2_t"
"746","February - September","k__Bacteria|p__Pseudomonadota|c__Gammaproteobacteria|o__Pseudomonadales|f__Porticoccaceae|g__C1-B045|s__|ASV_15068",-0.319643529523482,6.39180813876569,-0.0471824899461785,0.48046875276369,0.798329721854422,0.99499207976309,0.794102860790945,0.997795509818533,0.997795509818533,"","ALDEx2_t"
"747","February - September","k__Bacteria|p__Pseudomonadota|c__Gammaproteobacteria|o__Pseudomonadales|f__Spongiibacteraceae|g__|s__|ASV_10489",-0.817148859709641,6.39194280305669,-0.129218566837892,0.438231478280015,0.577443081998211,0.951008187166616,0.617412304430662,0.958767366723649,0.958767366723649,"","ALDEx2_t"
"748","February - September","k__Bacteria|p__Rhodothermota|c__Rhodothermia|o__Rhodothermales|f__Rhodothermaceae|g__Rubrivirga|s__|ASV_9477",4.13830639331986,5.63051386758839,0.626914719469588,0.247074170134884,0.0913235820078417,0.383320813013748,0.0782476641972578,0.363564181953181,0.363564181953181,"","ALDEx2_t"
"749","February - September","k__Bacteria|p__Actinomycetota|c__Actinobacteria|o__Propionibacteriales|f__Nocardioidaceae|g__Nocardioides|s__|ASV_10179",1.93821621332353,6.27501754761075,0.314370327297145,0.362808863559438,0.307002511471546,0.792768641152355,0.339455135215942,0.774780412412411,0.774780412412411,"","ALDEx2_t"
"750","February - September","k__Bacteria|p__Pseudomonadota|c__Alphaproteobacteria|o__Rhodobacterales|f__Paracoccaceae|g__|s__|ASV_1155",-1.95477132059729,5.96393454389823,-0.332962344301951,0.36931081300485,0.281469590984139,0.756814868188608,0.400652383544071,0.83641013733325,0.83641013733325,"","ALDEx2_t"
"751","February - September","k__Bacteria|p__Pseudomonadota|c__Gammaproteobacteria|o__Enterobacterales|f__Pseudoalteromonadaceae|g__Pseudoalteromonas|s__|ASV_1442",-0.740011625058459,5.98677007776774,-0.109546287994564,0.443433037983615,0.618111455880323,0.945791696895925,0.607920936097991,0.953315721475397,0.953315721475397,"","ALDEx2_t"
"752","February - September","k__Bacteria|p__Thermodesulfobacteriota|c__Desulfobulbia|o__Desulfobulbales|f__Desulfocapsaceae|g__|s__|ASV_4510",-3.65140284527916,5.18219619725597,-0.623806487908621,0.248697964172301,0.0949834824584647,0.465674324411403,0.0823476379968463,0.465861490717227,0.465861490717227,"","ALDEx2_t"
"753","February - September","k__Bacteria|p__Actinomycetota|c__Actinobacteria|o__Euzebyales|f__Euzebyaceae|g__Euzebya|s__|ASV_12212",-3.52530074177757,5.58469765378677,-0.532315607337647,0.274739623263905,0.104255438035974,0.505105612304394,0.138144506779564,0.584337074040839,0.584337074040839,"","ALDEx2_t"
"754","February - September","k__Bacteria|p__Actinomycetota|c__Actinobacteria|o__Euzebyales|f__Euzebyaceae|g__|s__|ASV_12651",0.122494412574242,5.92022681002304,0.0182197601584306,0.487646295630087,0.771750315454332,0.98325236376201,0.736055255086985,0.961709977468086,0.961709977468086,"","ALDEx2_t"
"755","February - September","k__Bacteria|p__Bacteroidota|c__Bacteroidia|o__Chitinophagales|f__Saprospiraceae|g__Lewinella|s__|ASV_9425",-0.129944000073594,5.6897461284539,-0.0145804693242687,0.490885417954849,0.811817098038747,0.992454095811113,0.824970965987169,0.9972265505773,0.9972265505773,"","ALDEx2_t"
"756","February - September","k__Bacteria|p__Bacteroidota|c__Bacteroidia|o__Cytophagales|f__Cyclobacteriaceae|g__Fulvivirga|s__|ASV_13853",0.376614896287283,5.57457966105333,0.0599053246109296,0.470741226503959,0.714762407027045,0.980570389740745,0.680578784332339,0.958710804683772,0.958710804683772,"","ALDEx2_t"
"757","February - September","k__Bacteria|p__Campylobacterota|c__Campylobacteria|o__Campylobacterales|f__Sulfurovaceae|g__Sulfurovum|s__|ASV_12204",-3.24067148568165,5.26921919153425,-0.529296084379238,0.276041706250229,0.134755702553625,0.557192993386461,0.123413073478379,0.592102025556884,0.592102025556884,"","ALDEx2_t"
"758","February - September","k__Bacteria|p__Pseudomonadota|c__Gammaproteobacteria|o__Enterobacterales|f__Alteromonadaceae|g__|s__|ASV_12014",-0.932257097834793,6.22665035499258,-0.13596425326714,0.42447917758573,0.573488888302681,0.94318696698239,0.590134483042029,0.950972420960692,0.950972420960692,"","ALDEx2_t"
"759","February - September","k__Bacteria|p__Pseudomonadota|c__Gammaproteobacteria|o__Pseudomonadales|f__Halieaceae|g__Parahaliea|s__|ASV_7963",0.272836031182405,6.38981870575254,0.0462449328562493,0.485677085358608,0.801554283493399,0.99376239319886,0.799153570235963,0.993372888887685,0.993372888887685,"","ALDEx2_t"
"760","February - September","k__Bacteria|p__Acidobacteriota|c__Thermoanaerobaculia|o__Thermoanaerobaculales|f__Thermoanaerobaculaceae|g__Subgroup_10|s__|ASV_5707",-2.52648440031366,6.02132933452361,-0.368837169476191,0.336801066051935,0.275504342242401,0.78589797117333,0.249155483956917,0.812246920224486,0.812246920224486,"","ALDEx2_t"
"761","February - September","k__Bacteria|p__Cyanobacteriota|c__Cyanobacteriia|o__Phormidesmiales|f__Phormidesmiaceae|g__Acrophormium_PCC-7375|s__|ASV_13771",-3.10734565958117,5.15352221090899,-0.525589980308173,0.295572951346233,0.167946697500332,0.577025787698147,0.173036088940505,0.625449901166193,0.625449901166193,"","ALDEx2_t"
"762","February - September","k__Bacteria|p__Pseudomonadota|c__Alphaproteobacteria|o__Rhodobacterales|f__Paracoccaceae|g__|s__|ASV_6066",1.54703945503384,5.93328308814973,0.251628480994057,0.394018221098918,0.441872909332376,0.898116116964918,0.414726137055333,0.87847717787864,0.87847717787864,"","ALDEx2_t"
"763","February - September","k__Bacteria|p__Pseudomonadota|c__Gammaproteobacteria|o__Steroidobacterales|f__Woeseiaceae|g__Woeseia|s__|ASV_8264",-4.09351723328158,5.26313809300625,-0.695324004433308,0.248697964172301,0.0761187668403805,0.419992339754389,0.0738120785191387,0.43092452215595,0.43092452215595,"","ALDEx2_t"
"764","February - September","k__Bacteria|p__Bacteroidota|c__Bacteroidia|o__Cytophagales|f__Cyclobacteriaceae|g__|s__|ASV_544",-2.74585891877747,5.44984387638495,-0.447788405329415,0.335937525976334,0.204871723789089,0.654615131872209,0.233624344111434,0.709230799529821,0.709230799529821,"","ALDEx2_t"
"765","February - September","k__Bacteria|p__Bacteroidota|c__Bacteroidia|o__Cytophagales|f__Cyclobacteriaceae|g__|s__|ASV_7495",-0.0708229272500791,6.03745041066842,-0.0105609032917566,0.494791667402606,0.79658510778196,0.989866244911595,0.809787699239615,0.992652641111177,0.992652641111177,"","ALDEx2_t"
"766","February - September","k__Bacteria|p__Pseudomonadota|c__Alphaproteobacteria|o__Hyphomicrobiales|f__Hyphomicrobiaceae|g__Filomicrobium|s__|ASV_9961",-4.17859135219206,5.3022059352519,-0.680865728709423,0.223667156194535,0.0627774190013213,0.407004219705705,0.0307014462183395,0.327804628382922,0.327804628382922,"","ALDEx2_t"
"767","February - September","k__Bacteria|p__Rhodothermota|c__Rhodothermia|o__Rhodothermales|f__Rhodothermaceae|g__|s__|ASV_6356",0.950934527371449,6.01060451000467,0.143516733915343,0.432291676411536,0.605424164969515,0.966343871672623,0.5511036819344,0.942187568852659,0.942187568852659,"","ALDEx2_t"
"768","February - September","k__Bacteria|p__Thermodesulfobacteriota|c__Desulfobacteria|o__Desulfobacterales|f__Desulfosarcinaceae|g__Sva0081_sediment_group|s__|ASV_4006",-4.93438404330611,4.7750742609906,-0.98678251560753,0.150845349605469,0.016298677776128,0.198902797535704,0.0108054278303471,0.176639686742064,0.176639686742064,"","ALDEx2_t"
"769","February - September","k__Bacteria|p__Planctomycetota|c__Planctomycetes|o__Pirellulales|f__Pirellulaceae|g__Rhodopirellula|s__|ASV_15927",-1.77051036307455,5.71311167732554,-0.248196658542942,0.375812762473901,0.330466902465166,0.793762387085232,0.418308730154621,0.832970031128664,0.832970031128664,"","ALDEx2_t"
"770","February - September","k__Bacteria|p__Pseudomonadota|c__Gammaproteobacteria|o__Chromatiales|f__Chromatiaceae|g__Thiophaeococcus|s__|ASV_12705",-1.36965161126799,5.6902149915697,-0.256176603843497,0.381510434403554,0.379284465096512,0.794371685999529,0.454657906662929,0.863805919211863,0.863805919211863,"","ALDEx2_t"
"771","February - September","k__Bacteria|p__Pseudomonadota|c__Gammaproteobacteria|o__Pseudomonadales|f__211ds20|g__|s__|ASV_11427",-1.65451150338761,6.21360251657571,-0.266826670249512,0.38751627157241,0.39456392683398,0.849531036500685,0.402590078013251,0.870248819231198,0.870248819231198,"","ALDEx2_t"
"772","February - September","k__Bacteria|p__Bacteroidota|c__Bacteroidia|o__Flavobacteriales|f__Flavobacteriaceae|g__Hoppeia|s__|ASV_15678",-0.685125782126971,5.34258193713564,-0.113624282914513,0.439531868205379,0.490707035934833,0.874182102733072,0.594944787070346,0.907206849866834,0.907206849866834,"","ALDEx2_t"
"773","February - September","k__Bacteria|p__Bacteroidota|c__Bacteroidia|o__Flavobacteriales|f__Flavobacteriaceae|g__|s__|ASV_748",-2.75320286718757,5.82455197794452,-0.421300996711473,0.335937525976334,0.242310873445285,0.722555728881345,0.239051586243545,0.767356957351783,0.767356957351783,"","ALDEx2_t"
"774","February - September","k__Bacteria|p__Myxococcota|c__Polyangiia|o__Polyangiales|f__Sandaracinaceae|g__|s__|ASV_15920",-1.69654850404597,6.43425423078891,-0.249102112645239,0.384915491767076,0.346596313468912,0.849912840062324,0.435885037928655,0.90259406222765,0.90259406222765,"","ALDEx2_t"
"775","February - September","k__Bacteria|p__Pseudomonadota|c__Gammaproteobacteria|o__Thiomicrospirales|f__Thiomicrospiraceae|g__endosymbionts|s__|ASV_6391",-1.49119176653131,5.93923469660661,-0.244593058676586,0.391417441286116,0.321222480564215,0.768565300934604,0.419812670986807,0.855719833172734,0.855719833172734,"","ALDEx2_t"
"776","February - September","k__Bacteria|p__Bacillota|c__Bacilli|o__Bacillales|f__Bacillaceae|g__|s__|ASV_3276",-0.401839038483488,5.49556954779687,-0.0637868654477874,0.466145838138448,0.761839469778729,0.982220173546769,0.721767536941286,0.964022527811321,0.964022527811321,"","ALDEx2_t"
"777","February - September","k__Bacteria|p__Cyanobacteriota|c__Cyanobacteriia|o__Phormidesmiales|f__Phormidesmiaceae|g__Phormidesmis_ANT.LACV5.1|s__|ASV_6961",-1.62368842148205,5.81455445722895,-0.266203166344163,0.392717831192158,0.380612769215879,0.837705520191215,0.460313784134495,0.894072992498589,0.894072992498589,"","ALDEx2_t"
"778","February - September","k__Bacteria|p__Pseudomonadota|c__Gammaproteobacteria|o__Pseudomonadales|f__211ds20|g__|s__|ASV_7484",-1.7795609907203,5.83064290433298,-0.299829775452506,0.352405744500481,0.325408620708562,0.856235021723832,0.290357110268416,0.883644497776954,0.883644497776954,"","ALDEx2_t"
"779","February - September","k__Bacteria|p__Bacteroidota|c__Bacteroidia|o__Cytophagales|f__Cyclobacteriaceae|g__|s__|ASV_14628",-3.51704548100576,5.60755423009163,-0.562685686253554,0.289062536254883,0.121013376271518,0.525733062030026,0.153915532008878,0.614120721510841,0.614120721510841,"","ALDEx2_t"
"780","February - September","k__Bacteria|p__Balneolota|c__Balneolia|o__Balneolales|f__Balneolaceae|g__|s__|ASV_11154",3.74972075641243,5.73410304874477,0.580158695360093,0.278645872230903,0.0905983434568324,0.443137949331649,0.118563327846101,0.475388706191665,0.475388706191665,"","ALDEx2_t"
"781","February - September","k__Bacteria|p__Myxococcota|c__Polyangiia|o__Polyangiales|f__Sandaracinaceae|g__|s__|ASV_12484",0.570391122212307,5.03836907938546,0.0961855585474481,0.450520840393132,0.57614958278481,0.905268039977169,0.649855207826398,0.898836450135922,0.898836450135922,"","ALDEx2_t"
"782","February - September","k__Bacteria|p__Pseudomonadota|c__Alphaproteobacteria|o__Rhodobacterales|f__Paracoccaceae|g__Palleronia-Pseudomaribius|s__|ASV_3694",-1.53991286749193,6.04978576097418,-0.250571894449404,0.393229182472531,0.398447687123579,0.856372769926543,0.460535578152666,0.896671700434898,0.896671700434898,"","ALDEx2_t"
"783","February - September","k__Bacteria|p__Pseudomonadota|c__Alphaproteobacteria|o__Sphingomonadales|f__Sphingomonadaceae|g__Altericroceibacterium|s__|ASV_8248",-1.19798950985608,6.07157921786958,-0.180464477063178,0.38751627157241,0.538704474217623,0.952876900922705,0.448547716921657,0.958179645353261,0.958179645353261,"","ALDEx2_t"
"784","February - September","k__Bacteria|p__Planctomycetota|c__Planctomycetes|o__Pirellulales|f__Pirellulaceae|g__Bythopirellula|s__|ASV_15346",-3.27168191448,5.69828905727692,-0.510788654928088,0.286458370234297,0.142056169330587,0.626986107062579,0.111953952776763,0.635827013661604,0.635827013661604,"","ALDEx2_t"
"785","February - September","k__Bacteria|p__Pseudomonadota|c__Alphaproteobacteria|o__Rhodobacterales|f__Paracoccaceae|g__Tropicimonas-Psychromarinibacter|s__|ASV_2406",-3.88159170610406,5.3284977131591,-0.681748748173502,0.241872611360443,0.0825471477255729,0.433986832087048,0.0584019618783088,0.417027357266885,0.417027357266885,"","ALDEx2_t"
"786","February - September","k__Bacteria|p__Pseudomonadota|c__Gammaproteobacteria|o__Granulosicoccales|f__Granulosicoccaceae|g__Granulosicoccus|s__|ASV_4598",-0.499329585731705,6.27212180004847,-0.0752735919605238,0.47265625387485,0.714586099050371,0.97840397584288,0.714892193950719,0.982803440820714,0.982803440820714,"","ALDEx2_t"
"787","February - September","k__Bacteria|p__Pseudomonadota|c__Gammaproteobacteria|o__Pseudomonadales|f__Pseudohongiellaceae|g__Pseudohongiella|s__|ASV_13196",-1.19869835500305,6.6528299450195,-0.153207508417557,0.420026019367986,0.589317650168348,0.955896546723057,0.587380752996499,0.958477778332636,0.958477778332636,"","ALDEx2_t"
"788","February - September","k__Bacteria|p__Acidobacteriota|c__Thermoanaerobaculia|o__Thermoanaerobaculales|f__Thermoanaerobaculaceae|g__Subgroup_10|s__|ASV_642",-0.0453232144152311,6.0709028488339,-0.00573873997122638,0.496093750551928,0.804669715135334,0.996922688792588,0.84884941341217,0.99931471070448,0.99931471070448,"","ALDEx2_t"
"789","February - September","k__Bacteria|p__Bacteroidota|c__Bacteroidia|o__Cytophagales|f__Cyclobacteriaceae|g__|s__|ASV_5830",5.15007326231508,3.76217880265686,1.34086159538789,0.0781252068965531,0.00325659549732019,0.0401596601709707,0.000414246626304078,0.00999715175338528,0.00999715175338528,"**","ALDEx2_t"
"790","February - September","k__Bacteria|p__Bacteroidota|c__Bacteroidia|o__Flavobacteriales|f__Cryomorphaceae|g__Cryomorpha|s__|ASV_1777",-1.08149732616417,5.97314189142341,-0.152887163097896,0.428385426996648,0.53486142839299,0.915373944428257,0.604722803297961,0.959984487060305,0.959984487060305,"","ALDEx2_t"
"791","February - September","k__Bacteria|p__Rhodothermota|c__Rhodothermia|o__Rhodothermales|f__Rhodothermaceae|g__|s__|ASV_14560",0.0848018531902488,5.73270856133955,0.0126592033993778,0.492187501104058,0.76442152611469,0.992499624352896,0.80872140651279,0.997890146373655,0.997890146373655,"","ALDEx2_t"
"792","February - September","k__Bacteria|p__Actinomycetota|c__Actinobacteria|o__Nitriliruptorales|f__Nitriliruptoraceae|g__|s__|ASV_9244",-1.07960808405173,6.19657766395542,-0.143223041000931,0.442708341535475,0.663884807590499,0.971787473613048,0.680254717183476,0.979808024927524,0.979808024927524,"","ALDEx2_t"
"793","February - September","k__Bacteria|p__Bacillota|c__Clostridia|o__Oscillospirales|f__Oscillospiraceae|g__|s__|ASV_10387",-2.03706416546578,5.84811320746883,-0.307186555527053,0.357607304021333,0.223833615278125,0.680257515038384,0.328253448118378,0.774831846207662,0.774831846207662,"","ALDEx2_t"
"794","February - September","k__Bacteria|p__Bacteroidota|c__Bacteroidia|o__Cytophagales|f__Mooreiaceae|g__Mooreia|s__|ASV_5217",4.3030728682984,4.37843097363595,0.8196822334662,0.182291741949983,0.0266117538837766,0.176139224930773,0.00896237356498665,0.097748882487605,0.097748882487605,"","ALDEx2_t"
"795","February - September","k__Bacteria|p__Bacteroidota|c__Bacteroidia|o__Flavobacteriales|f__Flavobacteriaceae|g__Winogradskyella|s__|ASV_124",-3.61219875483246,5.47667915362699,-0.579768017420226,0.278645872230903,0.115451734411855,0.512662023198251,0.130061167883806,0.565044555157628,0.565044555157628,"","ALDEx2_t"
"796","February - September","k__Bacteria|p__Cyanobacteriota|c__Cyanobacteriia|o__Phormidesmiales|f__Phormidesmiaceae|g__Phormidium_MBIC10003|s__|ASV_9451",-1.62483398329503,5.5054236602679,-0.262906398370344,0.364109253446544,0.384660898287829,0.827608237639628,0.401522311859967,0.865465660136627,0.865465660136627,"","ALDEx2_t"
"797","February - September","k__Bacteria|p__Pseudomonadota|c__Alphaproteobacteria|o__Hyphomicrobiales|f__Devosiaceae|g__|s__|ASV_7810",4.69457661528525,5.18466310457075,0.807811377774905,0.171651576802723,0.0309691998368957,0.193314139625634,0.00837325144148489,0.0868626279717898,0.0868626279717898,"","ALDEx2_t"
"798","February - September","k__Bacteria|p__Chloroflexota|c__Anaerolineae|o__Caldilineales|f__Caldilineaceae|g__|s__|ASV_13484",0.520672104918294,6.12376566871593,0.0665232443642755,0.468750004432471,0.689193979620395,0.992268107067411,0.752298383488231,0.99768210096807,0.99768210096807,"","ALDEx2_t"
"799","February - September","k__Bacteria|p__Pseudomonadota|c__Gammaproteobacteria|o__Chromatiales|f__Chromatiaceae|g__Thiophaeococcus|s__|ASV_8593",-1.40130302790259,5.55536676393818,-0.248639092754284,0.384915491767076,0.344158786551245,0.781151606230939,0.444488814162349,0.845488889952721,0.845488889952721,"","ALDEx2_t"
"800","February - September","k__Bacteria|p__Rhodothermota|c__Rhodothermia|o__Rhodothermales|f__Rhodothermaceae|g__|s__|ASV_5330",2.50743985576157,6.03180184552294,0.387843766102618,0.355006524258688,0.318389761437662,0.801583844554785,0.259045809949574,0.77197198553214,0.77197198553214,"","ALDEx2_t"
"801","February - September","k__Bacteria|p__Verrucomicrobiota|c__Verrucomicrobiia|o__Verrucomicrobiales|f__Rubritaleaceae|g__Roseibacillus|s__|ASV_3198",-1.50416177012432,5.8124269866449,-0.251870713261721,0.36931081300485,0.331530159051468,0.758169660810523,0.439243098170002,0.828824447317272,0.828824447317272,"","ALDEx2_t"
"802","February - September","k__Bacteria|p__Actinomycetota|c__Actinobacteria|o__Euzebyales|f__Euzebyaceae|g__|s__|ASV_9470",1.76345929392891,5.46754111534781,0.309363112914606,0.362808863559438,0.293787216007611,0.737677077196499,0.336690224463751,0.772017383057894,0.772017383057894,"","ALDEx2_t"
"803","February - September","k__Bacteria|p__Pseudomonadota|c__Alphaproteobacteria|o__Sphingomonadales|f__Sphingomonadaceae|g__|s__|ASV_7186",-1.48273710226492,5.93462102240981,-0.259273071247269,0.384114600635644,0.317553344232911,0.77583585395444,0.423676665427216,0.867802671437051,0.867802671437051,"","ALDEx2_t"
"804","February - September","k__Bacteria|p__Pseudomonadota|c__Gammaproteobacteria|o__Enterobacterales|f__Vibrionaceae|g__Vibrio|s__|ASV_2698",1.29933746832407,5.76121372141026,0.197328354317224,0.393229182472531,0.45389914318342,0.887098697910984,0.482228240761628,0.857979131570321,0.857979131570321,"","ALDEx2_t"
"805","February - September","k__Bacteria|p__Rhodothermota|c__Rhodothermia|o__Rhodothermales|f__Rhodothermaceae|g__|s__|ASV_16022",4.07942858005413,5.25941658713811,0.703521510645982,0.221354223769879,0.0674821440171301,0.336957870037638,0.0338415202377378,0.218019149489014,0.218019149489014,"","ALDEx2_t"
"806","February - September","k__Bacteria|p__Thermodesulfobacteriota|c__Desulfobacteria|o__Desulfobacterales|f__Desulfatirhabdiaceae|g__|s__|ASV_13954",2.18459808182175,6.03764491101403,0.328094002914123,0.349804964746841,0.283285331671485,0.722922806810661,0.288928002165925,0.726731078142369,0.726731078142369,"","ALDEx2_t"
"807","February - September","k__Bacteria|p__Verrucomicrobiota|c__Verrucomicrobiia|o__Verrucomicrobiales|f__Rubritaleaceae|g__Roseibacillus|s__|ASV_13004",-1.66527337980055,5.15838402573667,-0.271542663560272,0.371911592789731,0.32140052710391,0.754382098404155,0.384583263918576,0.798160770685287,0.798160770685287,"","ALDEx2_t"
"808","February - September","k__Bacteria|p__Pseudomonadota|c__Gammaproteobacteria|o__Pseudomonadales|f__Halomonadaceae|g__Larsenimonas|s__|ASV_13136",3.74671621636314,6.03160177747969,0.540439340984369,0.257477287862858,0.100036302591183,0.464961787991854,0.0645060152317396,0.363415806567405,0.363415806567405,"","ALDEx2_t"
"809","February - September","k__Bacteria|p__Rhodothermota|c__Rhodothermia|o__Rhodothermales|f__Rhodothermaceae|g__Rubrivirga|s__|ASV_11310",4.09691983318727,5.17154525531998,0.683803823922512,0.216145892509763,0.06676124884726,0.30980622137488,0.0511036299311135,0.266345683812369,0.266345683812369,"","ALDEx2_t"
"810","February - September","k__Bacteria|p__Bacteroidota|c__Bacteroidia|o__Chitinophagales|f__Saprospiraceae|g__Phaeodactylibacter|s__|ASV_9821",-1.39424374384225,6.14930944855438,-0.22547409293961,0.39062501622966,0.490306101221822,0.901052801222362,0.518376881039777,0.919229143291314,0.919229143291314,"","ALDEx2_t"
"811","February - September","k__Bacteria|p__Bacteroidota|c__Bacteroidia|o__Cytophagales|f__Cyclobacteriaceae|g__Reichenbachiella|s__|ASV_15950",2.61058030063821,5.27198461463903,0.467248991744682,0.304687532563516,0.225553980609035,0.667388415705254,0.15472175052031,0.577379873004994,0.577379873004994,"","ALDEx2_t"
"812","February - September","k__Bacteria|p__Pseudomonadota|c__Alphaproteobacteria|o__Hyphomicrobiales|f__Devosiaceae|g__|s__|ASV_4313",-2.55578928941724,5.99728639735012,-0.389554368191526,0.341145858296819,0.226508117099301,0.662824396762839,0.293570231571329,0.750505047705391,0.750505047705391,"","ALDEx2_t"
"813","February - September","k__Bacteria|p__Pseudomonadota|c__Alphaproteobacteria|o__Rhodobacterales|f__Paracoccaceae|g__|s__|ASV_5248",-3.92162255468598,5.19369418942303,-0.644470512107154,0.256510461762487,0.0778646505301051,0.423646276053097,0.0815042486916435,0.456507888102232,0.456507888102232,"","ALDEx2_t"
"814","February - September","k__Bacteria|p__Pseudomonadota|c__Alphaproteobacteria|o__Sphingomonadales|f__Sphingomonadaceae|g__|s__|ASV_4793",1.13973163331206,6.12824580769067,0.187770039744366,0.4057217302902,0.461153782470484,0.925544583805578,0.484646844292637,0.899509635935882,0.899509635935882,"","ALDEx2_t"
"815","February - September","k__Bacteria|p__Verrucomicrobiota|c__Verrucomicrobiia|o__Verrucomicrobiales|f__DEV007|g__|s__|ASV_4459",-3.21378741898584,5.22045782894029,-0.536394012527567,0.278645872230903,0.128353930334961,0.558398091007137,0.111202979090334,0.554811841644218,0.554811841644218,"","ALDEx2_t"
"816","February - September","k__Bacteria|p__Cyanobacteriota|c__Cyanobacteriia|o__Phormidesmiales|f__Phormidesmiaceae|g__Phormidium_MBIC10003|s__|ASV_13924",-1.33424134689712,5.76510779656433,-0.215647985137571,0.399219780732907,0.426563700091906,0.856203760932169,0.479875317381837,0.883059441552367,0.883059441552367,"","ALDEx2_t"
"817","February - September","k__Bacteria|p__Myxococcota|c__Polyangiia|o__Haliangiales|f__Haliangiaceae|g__|s__|ASV_3353",2.86768026249645,5.2725966578501,0.489818050898302,0.287386252439134,0.139416102581001,0.54933248139524,0.146569715282698,0.530767426697539,0.530767426697539,"","ALDEx2_t"
"818","February - September","k__Bacteria|p__Pseudomonadota|c__Alphaproteobacteria|o__Rhodobacterales|f__Paracoccaceae|g__Wenxinia|s__|ASV_2338",-0.358828248158705,6.13649684282355,-0.0512060421999089,0.475260420170577,0.741771561673125,0.983879620731138,0.741137738540232,0.978149821491983,0.978149821491983,"","ALDEx2_t"
"819","February - September","k__Bacteria|p__Pseudomonadota|c__Alphaproteobacteria|o__Rhodobacterales|f__Paracoccaceae|g__|s__|ASV_12432",-1.42645114118915,6.17649642755724,-0.237732876884283,0.394531265595047,0.348628265091175,0.799237258289563,0.460566387211019,0.854465915520595,0.854465915520595,"","ALDEx2_t"
"820","February - September","k__Bacteria|p__Bacteroidota|c__Bacteroidia|o__Flavobacteriales|f__Flavobacteriaceae|g__|s__|ASV_2498",-0.312515256096314,5.74917232575712,-0.0520564898323068,0.477864586466877,0.744452513844669,0.969043242882686,0.716039230447504,0.962679183602614,0.962679183602614,"","ALDEx2_t"
"821","February - September","k__Bacteria|p__Pseudomonadota|c__Gammaproteobacteria|o__Ectothiorhodospirales|f__Ectothiorhodospiraceae|g__Thiogranum|s__|ASV_4857",-0.263926770620528,6.21157536524932,-0.0466091692157612,0.48046875276369,0.666514156999406,0.975740107445394,0.741891988433729,0.982146146683878,0.982146146683878,"","ALDEx2_t"
"822","February - September","k__Bacteria|p__Rhodothermota|c__Rhodothermia|o__Rhodothermales|f__Rhodothermaceae|g__Rubrivirga|s__|ASV_4871",0.653391091000339,5.77340502264762,0.111680359416352,0.444010424677607,0.62415962038739,0.945688319380215,0.608454102684904,0.931735144265889,0.931735144265889,"","ALDEx2_t"
"823","February - September","k__Bacteria|p__Bacteroidota|c__Bacteroidia|o__Cytophagales|f__Cyclobacteriaceae|g__|s__|ASV_15791",-0.875081925565147,4.96786988560998,-0.166609424110641,0.42392718912749,0.498557626412873,0.891878811117978,0.567134272902525,0.911389333160805,0.911389333160805,"","ALDEx2_t"
"824","February - September","k__Bacteria|p__Chloroflexota|c__Anaerolineae|o__Caldilineales|f__Caldilineaceae|g__|s__|ASV_10173",-2.09518963002201,5.65274236009017,-0.335699784161227,0.36671003322375,0.335288832520408,0.814117053976562,0.315865340701498,0.829507688897921,0.829507688897921,"","ALDEx2_t"
"825","February - September","k__Bacteria|p__Planctomycetota|c__Planctomycetes|o__Planctomycetales|f__Gimesiaceae|g__|s__|ASV_8713",-3.64093720375778,6.1228741056271,-0.49110211481407,0.308192489430374,0.152316485885311,0.582229711387213,0.194009112732402,0.676146881294409,0.676146881294409,"","ALDEx2_t"
"826","February - September","k__Bacteria|p__Pseudomonadota|c__Alphaproteobacteria|o__Rhodobacterales|f__Paracoccaceae|g__Maribius|s__|ASV_5962",2.49540006541296,5.89853468758111,0.404082585807678,0.319895997954499,0.194472346946346,0.61048699853196,0.24331003139242,0.642638946875455,0.642638946875455,"","ALDEx2_t"
"827","February - September","k__Bacteria|p__Pseudomonadota|c__Alphaproteobacteria|o__Rhodobacterales|f__Paracoccaceae|g__Palleronia-Pseudomaribius|s__|ASV_24",-1.03492805555271,6.26686615299042,-0.162794323264273,0.410923289947047,0.541534817819504,0.927828627534529,0.552589005589914,0.931950660684859,0.931950660684859,"","ALDEx2_t"
"828","February - September","k__Bacteria|p__Bacteroidota|c__Bacteroidia|o__Chitinophagales|f__Saprospiraceae|g__Lewinella|s__|ASV_14840",1.99138853869616,5.91436873687619,0.353855042252005,0.365885437084007,0.344589668615048,0.8468565820319,0.316994696080773,0.802388740190798,0.802388740190798,"","ALDEx2_t"
"829","February - September","k__Bacteria|p__Cyanobacteriota|c__Cyanobacteriia|o__Cyanobacteriales|f__Xenococcaceae|g__Myxosarcina_GI1|s__|ASV_12810",1.70010235845787,6.46906999634778,0.267170271442356,0.381510434403554,0.35599366615571,0.866912857596453,0.348688012544395,0.850760886569277,0.850760886569277,"","ALDEx2_t"
"830","February - September","k__Bacteria|p__Planctomycetota|c__Planctomycetes|o__Planctomycetales|f__Gimesiaceae|g__|s__|ASV_8729",-0.872350540557795,5.75775973375949,-0.150671981727978,0.440104175252253,0.638254391003914,0.971347129290769,0.640125635549502,0.979811480528771,0.979811480528771,"","ALDEx2_t"
"831","February - September","k__Bacteria|p__Pseudomonadota|c__Alphaproteobacteria|o__Rhodobacterales|f__Paracoccaceae|g__|s__|ASV_4342",-2.46033632597454,5.74217391340924,-0.444624585454592,0.330299116754154,0.186315309136484,0.636804477166132,0.261260011672773,0.726768844282398,0.726768844282398,"","ALDEx2_t"
"832","February - September","k__Bacteria|p__Pseudomonadota|c__Gammaproteobacteria|o__Arenicellales|f__Arenicellaceae|g__Candidatus_Thiosymbion|s__|ASV_7417",-0.664728141872843,5.41742116853443,-0.129689232905386,0.438802092111179,0.513712931030816,0.890437055717207,0.637251841471054,0.927591323988535,0.927591323988535,"","ALDEx2_t"
"833","February - September","k__Bacteria|p__Acidobacteriota|c__Thermoanaerobaculia|o__Thermoanaerobaculales|f__Thermoanaerobaculaceae|g__Subgroup_10|s__|ASV_9297",-0.527807689890794,6.23175645047821,-0.0933134227787354,0.457737327194778,0.653096803097902,0.969102328579057,0.680018339132432,0.973049145798627,0.973049145798627,"","ALDEx2_t"
"834","February - September","k__Bacteria|p__Bacteroidota|c__Bacteroidia|o__Chitinophagales|f__Saprospiraceae|g__Lewinella|s__|ASV_5651",1.61246858884026,5.71369076462765,0.242565137320512,0.390117051380802,0.416674091579297,0.875452785758776,0.391100315819428,0.851838249465155,0.851838249465155,"","ALDEx2_t"
"835","February - September","k__Bacteria|p__Bacteroidota|c__Bacteroidia|o__Flavobacteriales|f__Flavobacteriaceae|g__Pricia|s__|ASV_13538",-1.32721318999053,5.7420080156126,-0.22107347197217,0.402343764344564,0.33465963211241,0.795061741960806,0.424781977953565,0.873455080674997,0.873455080674997,"","ALDEx2_t"
"836","February - September","k__Bacteria|p__Bacteroidota|c__Bacteroidia|o__Flavobacteriales|f__Flavobacteriaceae|g__|s__|ASV_2473",-2.22143906739442,5.46066827554227,-0.378949407836548,0.323797167492761,0.265015369839965,0.746808439689134,0.209178113244946,0.765911609015815,0.765911609015815,"","ALDEx2_t"
"837","February - September","k__Bacteria|p__Pseudomonadota|c__Alphaproteobacteria|o__Rhodobacterales|f__Paracoccaceae|g__Jannaschia|s__|ASV_5480",0.116840112110742,6.1074519341982,0.0180013056624768,0.489583334805691,0.79644124516355,0.990512239254079,0.783024317476507,0.990642954473612,0.990642954473612,"","ALDEx2_t"
"838","February - September","k__Bacteria|p__Thermodesulfobacteriota|c__Desulfobacteria|o__Desulfobacterales|f__Desulfosarcinaceae|g__SEEP-SRB1|s__|ASV_7773",-0.900276132517172,6.55992066427494,-0.13722377900453,0.434895842690214,0.565101805305102,0.943975434542013,0.599562453589956,0.956338614784257,0.956338614784257,"","ALDEx2_t"
"839","February - September","k__Archaea|p__Halobacteriota|c__Halobacteria|o__Halobacterales|f__Halomicrobiaceae|g__Halomarina|s__|ASV_6863",0.869923346458106,6.13320904913512,0.127122758426696,0.44993498762065,0.545166378753624,0.941526424286168,0.619669605322326,0.948757795624742,0.948757795624742,"","ALDEx2_t"
"840","February - September","k__Bacteria|p__Actinomycetota|c__Actinobacteria|o__Micrococcales|f__Intrasporangiaceae|g__Serinicoccus|s__|ASV_15687",1.65364295094106,5.34806747990644,0.290330761549694,0.378906268174765,0.320079519589324,0.774366448917423,0.379908231995491,0.809106683192729,0.809106683192729,"","ALDEx2_t"
"841","February - September","k__Bacteria|p__Rhodothermota|c__Rhodothermia|o__Rhodothermales|f__Rhodothermaceae|g__Rubrivirga|s__|ASV_9042",1.60585238976934,5.80898500467281,0.248868178901027,0.383615101865586,0.294425858421926,0.717504948977686,0.390938614488217,0.775384611598747,0.775384611598747,"","ALDEx2_t"
"842","February - September","k__Bacteria|p__Bacteroidota|c__Bacteroidia|o__Chitinophagales|f__Saprospiraceae|g__Lewinella|s__|ASV_12603",-1.08665326735564,5.90685853550216,-0.166280139484377,0.421326409287335,0.498572493205179,0.899437659604954,0.567896092163322,0.934791496304562,0.934791496304562,"","ALDEx2_t"
"843","February - September","k__Bacteria|p__Bacteroidota|c__Bacteroidia|o__Cytophagales|f__Cyclobacteriaceae|g__|s__|ASV_8340",-1.06800143043539,6.10670369437317,-0.162117586836625,0.427083343859222,0.461870669402976,0.888677170402881,0.5703903720329,0.928449760034666,0.928449760034666,"","ALDEx2_t"
"844","February - September","k__Bacteria|p__Bacteroidota|c__Bacteroidia|o__Flavobacteriales|f__Flavobacteriaceae|g__Actibacter|s__|ASV_16072",-1.84875889333768,6.15454021486819,-0.280029281592074,0.364583353980132,0.397635944301295,0.875998155874351,0.385446697601766,0.90473592846112,0.90473592846112,"","ALDEx2_t"
"845","February - September","k__Bacteria|p__Deinococcota|c__Deinococci|o__Deinococcales|f__Trueperaceae|g__Truepera|s__|ASV_10769",-0.200543433119247,5.33374493716798,-0.0419164023657782,0.485045515763336,0.782820202573756,0.988728779512399,0.755466527726211,0.978131073694361,0.978131073694361,"","ALDEx2_t"
"846","February - September","k__Bacteria|p__Pseudomonadota|c__Alphaproteobacteria|o__Micavibrionales|f__Micavibrionaceae|g__|s__|ASV_10591",1.30753001253017,6.06875708060501,0.20635624688784,0.389322933109329,0.473438243223547,0.912657541648796,0.392192644858507,0.869063137776414,0.869063137776414,"","ALDEx2_t"
"847","February - September","k__Bacteria|p__Pseudomonadota|c__Alphaproteobacteria|o__Rhodobacterales|f__Paracoccaceae|g__Limibaculum|s__|ASV_7046",3.04723315322503,5.12306853449707,0.540940234396553,0.256510461762487,0.121598953841116,0.505849513680331,0.0712231642238836,0.383777743307594,0.383777743307594,"","ALDEx2_t"
"848","February - September","k__Bacteria|p__Rhodothermota|c__Rhodothermia|o__Rhodothermales|f__Rhodothermaceae|g__|s__|ASV_15482",2.84587972120203,5.51328940172914,0.468065098325373,0.305591709778091,0.189699904380222,0.561347003215891,0.191764500642714,0.551203046503692,0.551203046503692,"","ALDEx2_t"
"849","February - September","k__Bacteria|p__Calditrichota|c__Calditrichia|o__Calditrichales|f__Calditrichaceae|g__|s__|ASV_15461",-4.51519381943957,4.35643177539502,-0.975865785014264,0.146944182449386,0.0160039131283179,0.215676220186203,0.00525891327090597,0.139598523562943,0.139598523562943,"","ALDEx2_t"
"850","February - September","k__Bacteria|p__Cyanobacteriota|c__Cyanobacteriia|o__Cyanobacteriales|f__Xenococcaceae|g__Pleurocapsa_PCC-7319|s__|ASV_13765",1.0443945745643,5.80042927508908,0.161699383525226,0.414062512511275,0.500092870135304,0.895894642742156,0.48601782427678,0.874342484991122,0.874342484991122,"","ALDEx2_t"
"851","February - September","k__Bacteria|p__Planctomycetota|c__Planctomycetes|o__Planctomycetales|f__Rubinisphaeraceae|g__Planctomicrobium|s__|ASV_11443",-4.63524238311004,4.76211910798919,-0.88938995024302,0.173177163953716,0.0256943385983853,0.252051309468509,0.0121515155745453,0.206049367067435,0.206049367067435,"","ALDEx2_t"
"852","February - September","k__Bacteria|p__Pseudomonadota|c__Alphaproteobacteria|o__Rhodobacterales|f__Paracoccaceae|g__|s__|ASV_13400",-3.18136251576895,5.504461169885,-0.504178652041448,0.304687532563516,0.14485692443548,0.564525536436308,0.181395241713126,0.636288603640276,0.636288603640276,"","ALDEx2_t"
"853","February - September","k__Bacteria|p__Pseudomonadota|c__Alphaproteobacteria|o__Rhodobacterales|f__Paracoccaceae|g__|s__|ASV_280",2.75292965068473,5.77778294941525,0.482384899928147,0.273437540280312,0.152774169692844,0.592699654538291,0.0931872204303302,0.454460817898462,0.454460817898462,"","ALDEx2_t"
"854","February - September","k__Bacteria|p__Pseudomonadota|c__Alphaproteobacteria|o__|f__Neomegalonemataceae|g__Acuticoccus|s__|ASV_2125",3.68072372965355,5.36394854468326,0.591359911464809,0.271781575083596,0.107961524420878,0.453671506433601,0.0837848066087903,0.388043065902718,0.388043065902718,"","ALDEx2_t"
"855","February - September","k__Bacteria|p__Myxococcota|c__Polyangiia|o__Polyangiales|f__Sandaracinaceae|g__|s__|ASV_1252",0.505150628938002,4.81233575402329,0.08464717965924,0.458333339261375,0.518519863345317,0.890905938004909,0.590831667995485,0.888181130561848,0.888181130561848,"","ALDEx2_t"
"856","February - September","k__Bacteria|p__Thermodesulfobacteriota|c__Desulfobulbia|o__Desulfobulbales|f__Desulfocapsaceae|g__Desulfopila|s__|ASV_1368",-1.47440229594228,5.68468713472601,-0.242387217058087,0.38101432206502,0.362116225204441,0.814965132893707,0.487076957884456,0.891569984543265,0.891569984543265,"","ALDEx2_t"
"857","February - September","k__Bacteria|p__Bacteroidota|c__Bacteroidia|o__Cytophagales|f__Cyclobacteriaceae|g__Fulvivirga|s__|ASV_12732",0.411037428421231,5.88782925503775,0.0696488565761017,0.462239588698916,0.673001137428564,0.982946654280388,0.695333347539861,0.983122571109005,0.983122571109005,"","ALDEx2_t"
"858","February - September","k__Bacteria|p__Bacteroidota|c__Bacteroidia|o__Flavobacteriales|f__Flavobacteriaceae|g__Robertkochia|s__|ASV_13422",1.19259397125526,5.54908280988951,0.198461509128991,0.397135431842184,0.48731032163185,0.913959396729283,0.445162666974464,0.892486199813035,0.892486199813035,"","ALDEx2_t"
"859","February - September","k__Bacteria|p__Pseudomonadota|c__Alphaproteobacteria|o__|f__Neomegalonemataceae|g__Acuticoccus|s__|ASV_4730",0.800787631241222,5.98179083798621,0.110877837970539,0.436197925830151,0.621126054660959,0.971200215428529,0.60270211158306,0.963827920947876,0.963827920947876,"","ALDEx2_t"
"860","February - September","k__Bacteria|p__Pseudomonadota|c__Gammaproteobacteria|o__Enterobacterales|f__Vibrionaceae|g__Vibrio|s__|ASV_3312",1.30013380901931,5.34431619289699,0.212793919030529,0.382812517519192,0.381464626705399,0.840823475889162,0.43821681330515,0.830947617997066,0.830947617997066,"","ALDEx2_t"
"861","February - September","k__Bacteria|p__Pseudomonadota|c__Gammaproteobacteria|o__Enterobacterales|f__Vibrionaceae|g__Vibrio|s__|ASV_4336",0.996365638741728,5.75672854971337,0.15066017480255,0.418725629449136,0.553717162042328,0.922306640156128,0.545426980035545,0.904958475066513,0.904958475066513,"","ALDEx2_t"
"862","February - September","k__Bacteria|p__Pseudomonadota|c__Gammaproteobacteria|o__Pseudomonadales|f__Halieaceae|g__Haliea|s__|ASV_2118",-2.63311010557826,5.33829257359015,-0.457659895964723,0.285156287227561,0.195137110129692,0.659785278702756,0.158942054147394,0.663846570914053,0.663846570914053,"","ALDEx2_t"
"863","February - September","k__Bacteria|p__Verrucomicrobiota|c__Verrucomicrobiia|o__Verrucomicrobiales|f__Rubritaleaceae|g__DBS1|s__|ASV_10680",-3.26571994215148,5.46487803941444,-0.519865771124076,0.289062536254883,0.137866258361299,0.544960250716078,0.147909678195341,0.603904964553186,0.603904964553186,"","ALDEx2_t"
"864","February - September","k__Bacteria|p__Actinomycetota|c__Acidimicrobiia|o__Microtrichales|f__Ilumatobacteraceae|g__Ilumatobacter|s__|ASV_1587",-3.53251083477133,5.81433052985707,-0.559653336365551,0.286458370234297,0.140845033890182,0.56741120402744,0.129580097033973,0.606598264274846,0.606598264274846,"","ALDEx2_t"
"865","February - September","k__Bacteria|p__Pseudomonadota|c__Gammaproteobacteria|o__Enterobacterales|f__Pseudoalteromonadaceae|g__Pseudoalteromonas|s__|ASV_15651",-0.941205350550241,6.01283550884264,-0.158724878879727,0.421875011314114,0.512260599222564,0.935777030708847,0.549768613108859,0.949534904870381,0.949534904870381,"","ALDEx2_t"
"866","February - September","k__Bacteria|p__Bacteroidota|c__Bacteroidia|o__Flavobacteriales|f__Crocinitomicaceae|g__Salinirepens|s__|ASV_7930",-4.00363819962292,5.73869869359618,-0.604373126868239,0.268229208374106,0.0963934224391627,0.497216117140557,0.111192208631825,0.559730675779647,0.559730675779647,"","ALDEx2_t"
"867","February - September","k__Bacteria|p__Pseudomonadota|c__Alphaproteobacteria|o__Rhodobacterales|f__Paracoccaceae|g__|s__|ASV_15370",-4.71823775896617,5.07444852861764,-0.86030302958831,0.20442714752546,0.035266978821787,0.272381084115955,0.0261803729148762,0.271126851291617,0.271126851291617,"","ALDEx2_t"
"868","February - September","k__Bacteria|p__Pseudomonadota|c__Gammaproteobacteria|o__Pseudomonadales|f__Alcanivoracaceae|g__Ketobacter|s__|ASV_15924",1.77456927695734,5.91475870385973,0.283002258275187,0.370611202896825,0.423291673607269,0.890022987459774,0.383864358925669,0.831682443401242,0.831682443401242,"","ALDEx2_t"
"869","February - September","k__Bacteria|p__Actinomycetota|c__Actinobacteria|o__Nitriliruptorales|f__Nitriliruptoraceae|g__|s__|ASV_8148",-0.534672764421855,5.73400898836917,-0.0764619377842246,0.460338107054887,0.720517070192922,0.967481029728536,0.736117121663839,0.968797003160628,0.968797003160628,"","ALDEx2_t"
"870","February - September","k__Bacteria|p__Bacteroidota|c__Bacteroidia|o__Chitinophagales|f__Saprospiraceae|g__Portibacter|s__|ASV_9536",-2.09098834710414,5.68946062301001,-0.336599282567903,0.3446034052538,0.294927151049428,0.788190447974061,0.289751312424283,0.801295791560736,0.801295791560736,"","ALDEx2_t"
"871","February - September","k__Bacteria|p__Chloroflexota|c__Anaerolineae|o__Caldilineales|f__Caldilineaceae|g__|s__|ASV_6388",0.84349232211847,5.36981148476244,0.142145923150424,0.429687510134515,0.576060072632312,0.946015402636207,0.576415045258114,0.927272661141499,0.927272661141499,"","ALDEx2_t"
"872","February - September","k__Bacteria|p__Myxococcota|c__Polyangiia|o__Polyangiales|f__Sandaracinaceae|g__|s__|ASV_5526",0.588054650318647,6.42735954706339,0.0907054668334567,0.453125006681458,0.668124728118935,0.981022208717476,0.6617345959793,0.974564616812958,0.974564616812958,"","ALDEx2_t"
"873","February - September","k__Bacteria|p__Planctomycetota|c__Planctomycetes|o__Pirellulales|f__Pirellulaceae|g__Pir4_lineage|s__|ASV_3731",-3.27087197487082,5.76099215075621,-0.497582754209206,0.299479200427079,0.151436765938995,0.62734590266787,0.137670444817163,0.627494169661377,0.627494169661377,"","ALDEx2_t"
"874","February - September","k__Bacteria|p__Pseudomonadota|c__Alphaproteobacteria|o__Hyphomicrobiales|f__C2U|g__|s__|ASV_11061",1.81198914219674,5.84522902817435,0.302775085909674,0.360208083788291,0.27365110229933,0.699463851362935,0.343751155628595,0.744365000936278,0.744365000936278,"","ALDEx2_t"
"875","February - September","k__Bacteria|p__Pseudomonadota|c__Alphaproteobacteria|o__Rhodobacterales|f__Paracoccaceae|g__|s__|ASV_11509",-3.32214893417276,5.63996142800062,-0.52917291024895,0.29166670228472,0.122555756318148,0.530378394227119,0.157916456881556,0.592861231330588,0.592861231330588,"","ALDEx2_t"
"876","February - September","k__Bacteria|p__Pseudomonadota|c__Alphaproteobacteria|o__Sphingomonadales|f__Sphingomonadaceae|g__|s__|ASV_11847",0.745978102549874,6.06487803065242,0.111107191322552,0.437500008970476,0.620234120319887,0.965059034958874,0.608343942389049,0.949970066702722,0.949970066702722,"","ALDEx2_t"
"877","February - September","k__Bacteria|p__Pseudomonadota|c__Alphaproteobacteria|o__Sphingomonadales|f__Sphingomonadaceae|g__|s__|ASV_15186",-1.52235518454352,6.45407926585825,-0.244664220629041,0.399739598092053,0.380528236250351,0.855325230797345,0.44494579593411,0.888907446862905,0.888907446862905,"","ALDEx2_t"
"878","February - September","k__Bacteria|p__Pseudomonadota|c__Gammaproteobacteria|o__Steroidobacterales|f__Woeseiaceae|g__Woeseia|s__|ASV_14630",-2.31584585871616,5.46487462163463,-0.374063001517994,0.342447941380234,0.228521364625174,0.691160047573827,0.282801564286602,0.749257290177715,0.749257290177715,"","ALDEx2_t"
"879","February - September","k__Bacteria|p__Bacteroidota|c__Bacteroidia|o__Chitinophagales|f__Saprospiraceae|g__Lewinella|s__|ASV_12788",-2.12705935911517,5.67355938393563,-0.36734931206909,0.350260439906993,0.324570369975145,0.77664637911492,0.310205406973562,0.805948983534926,0.805948983534926,"","ALDEx2_t"
"880","February - September","k__Bacteria|p__Bacteroidota|c__Bacteroidia|o__Chitinophagales|f__Saprospiraceae|g__|s__|ASV_14727",-2.38898558587117,4.94419443349406,-0.434195833228627,0.313394048756993,0.20969806070494,0.65665664009092,0.194485202822988,0.691728136483446,0.691728136483446,"","ALDEx2_t"
"881","February - September","k__Bacteria|p__Myxococcota|c__Myxococcia|o__Myxococcales|f__Myxococcaceae|g__P3OB-42|s__|ASV_5420",-1.68588367857925,5.92873800845119,-0.246809015474044,0.38751627157241,0.341019442539976,0.790784867406033,0.450076214861495,0.864062444194199,0.864062444194199,"","ALDEx2_t"
"882","February - September","k__Bacteria|p__Pseudomonadota|c__Alphaproteobacteria|o__Rhodobacterales|f__Paracoccaceae|g__Actibacterium|s__|ASV_9420",-2.46581186764424,5.72052152980642,-0.409636980685914,0.33550067618959,0.224378420611954,0.680654132718057,0.307796684067043,0.771106409091925,0.771106409091925,"","ALDEx2_t"
"883","February - September","k__Bacteria|p__Pseudomonadota|c__Alphaproteobacteria|o__Rhodobacterales|f__Paracoccaceae|g__|s__|ASV_3670",-1.44893242167812,5.63948438108164,-0.247715289144575,0.391927099350731,0.325163420061379,0.775575081937986,0.427515600061535,0.86090682356289,0.86090682356289,"","ALDEx2_t"
"884","February - September","k__Bacteria|p__Verrucomicrobiota|c__Verrucomicrobiia|o__Opitutales|f__Puniceicoccaceae|g__Lentimonas|s__|ASV_4906",-2.93048027201859,5.91851666960045,-0.489189522547334,0.287386252439134,0.16145441003468,0.628023756706177,0.146927509452117,0.653913310060938,0.653913310060938,"","ALDEx2_t"
"885","February - September","k__Bacteria|p__Actinomycetota|c__Actinobacteria|o__Nitriliruptorales|f__Nitriliruptoraceae|g__|s__|ASV_13751",1.93636764746956,5.47941707802329,0.319247737357897,0.338541692133903,0.275226817918025,0.704687714443286,0.298908993000034,0.698807853838456,0.698807853838456,"","ALDEx2_t"
"886","February - September","k__Bacteria|p__Actinomycetota|c__Rubrobacteria|o__Rubrobacterales|f__Rubrobacteriaceae|g__Rubrobacter|s__|ASV_8945",3.72724893374794,6.24045928291811,0.522608954450581,0.292968785303023,0.111500414430633,0.460205976950045,0.145277520278046,0.541801803575431,0.541801803575431,"","ALDEx2_t"
"887","February - September","k__Bacteria|p__Bacteroidota|c__Bacteroidia|o__Bacteroidales|f__Prolixibacteraceae|g__|s__|ASV_15290",-3.76862133355916,5.30594483842829,-0.605322726171939,0.246093798338284,0.10951070336467,0.490312558089141,0.0657774782593904,0.457315364132659,0.457315364132659,"","ALDEx2_t"
"888","February - September","k__Bacteria|p__Bacteroidota|c__Bacteroidia|o__Chitinophagales|f__Saprospiraceae|g__|s__|ASV_9801",-2.27193704673086,5.60380385903867,-0.366115139673286,0.360208083788291,0.319223333603437,0.801043530299356,0.296648739477308,0.820488803223831,0.820488803223831,"","ALDEx2_t"
"889","February - September","k__Bacteria|p__Bacteroidota|c__Bacteroidia|o__Flavobacteriales|f__Flavobacteriaceae|g__Gramella|s__|ASV_14211",-1.46805552753501,6.15124098605142,-0.217325440999612,0.396619000914545,0.410262637273059,0.848328673244441,0.45140315961801,0.899350904556402,0.899350904556402,"","ALDEx2_t"
"890","February - September","k__Bacteria|p__Bacteroidota|c__Bacteroidia|o__Flavobacteriales|f__Flavobacteriaceae|g__|s__|ASV_10048",-3.76202793190843,5.26890428386389,-0.621047595335276,0.243489632519781,0.115425715010622,0.475296371558487,0.0846779861720256,0.471898639415985,0.471898639415985,"","ALDEx2_t"
"891","February - September","k__Bacteria|p__Pseudomonadota|c__Gammaproteobacteria|o__Pseudomonadales|f__Cellvibrionaceae|g__|s__|ASV_3286",-0.635309579820698,6.25201041044709,-0.0937693737795914,0.458333339261375,0.670836050374935,0.968406679894937,0.731524913642186,0.976545062335244,0.976545062335244,"","ALDEx2_t"
"892","February - September","k__Bacteria|p__Rhodothermota|c__Rhodothermia|o__Rhodothermales|f__Rhodothermaceae|g__|s__|ASV_15308",1.01688182509533,5.88416422027547,0.162859663383208,0.411458346247924,0.510629088248318,0.904645876352356,0.528704756909365,0.900090243902661,0.900090243902661,"","ALDEx2_t"
"893","February - September","k__Bacteria|p__Verrucomicrobiota|c__Verrucomicrobiia|o__Opitutales|f__Puniceicoccaceae|g__Lentimonas|s__|ASV_4411",-1.81574655723654,5.69216728075756,-0.310368185307215,0.358907693904281,0.314370068608942,0.779865768487895,0.339491861092703,0.813327579786346,0.813327579786346,"","ALDEx2_t"
"894","February - September","k__Bacteria|p__Myxococcota|c__Myxococcia|o__Myxococcales|f__Myxococcaceae|g__P3OB-42|s__|ASV_15133",0.0541255583872031,6.06041590293186,0.00812673199947756,0.494148245298071,0.821607097958323,0.993888819741849,0.828451378406054,0.996790398535668,0.996790398535668,"","ALDEx2_t"
"895","February - September","k__Bacteria|p__Pseudomonadota|c__Alphaproteobacteria|o__Sphingomonadales|f__Sphingomonadaceae|g__Croceibacterium|s__|ASV_5058",-4.29403970951009,5.56811929089272,-0.702323640942631,0.252275728970315,0.0799701505792122,0.410992128425434,0.0884930628539922,0.468041735625789,0.468041735625789,"","ALDEx2_t"
"896","February - September","k__Bacteria|p__Pseudomonadota|c__Gammaproteobacteria|o__Pseudomonadales|f__Spongiibacteraceae|g__|s__|ASV_8749",0.169846752681079,5.5891530764025,0.0224136934667233,0.483745125830086,0.798060674267515,0.989451688846007,0.760476223912378,0.970745842942306,0.970745842942306,"","ALDEx2_t"
"897","February - September","k__Bacteria|p__Actinomycetota|c__Actinobacteria|o__Nitriliruptorales|f__Nitriliruptoraceae|g__|s__|ASV_2318",-1.11594377381434,5.64392298999207,-0.177913547041046,0.425227579048278,0.571142717715032,0.926281731516277,0.57937355846889,0.925628441568871,0.925628441568871,"","ALDEx2_t"
"898","February - September","k__Bacteria|p__Bacteroidota|c__Bacteroidia|o__Chitinophagales|f__Saprospiraceae|g__Lewinella|s__|ASV_11477",-1.62375216461491,5.93356138816174,-0.259976629111217,0.377604185061642,0.407533324788119,0.855131500611786,0.382055239694012,0.851331980966788,0.851331980966788,"","ALDEx2_t"
"899","February - September","k__Bacteria|p__Bacteroidota|c__Bacteroidia|o__Cytophagales|f__Cyclobacteriaceae|g__Catalinimonas|s__|ASV_11134",-1.44474574789203,6.07388224660536,-0.228421387723826,0.4057217302902,0.423609354491745,0.892651551836778,0.524173155829397,0.929720989657156,0.929720989657156,"","ALDEx2_t"
"900","February - September","k__Bacteria|p__Chloroflexota|c__Anaerolineae|o__Aggregatilineales|f__A4b|g__|s__|ASV_10198",-1.4361247211203,5.28844826623914,-0.256345751877357,0.390117051380802,0.384616151472804,0.853595127420773,0.422414320309183,0.894804704247186,0.894804704247186,"","ALDEx2_t"
"901","February - September","k__Bacteria|p__Planctomycetota|c__Planctomycetes|o__Pirellulales|f__Pirellulaceae|g__Pir4_lineage|s__|ASV_7069",-1.65779409544716,5.94223142560942,-0.255227329197745,0.375812762473901,0.329848533366513,0.782399225701931,0.370739994752522,0.850203906701972,0.850203906701972,"","ALDEx2_t"
"902","February - September","k__Bacteria|p__Pseudomonadota|c__Gammaproteobacteria|o__Pseudomonadales|f__Halieaceae|g__Parahaliea|s__|ASV_11483",-3.23165056487188,5.81353246208815,-0.520082394410868,0.321614612212394,0.167925696309769,0.591217057728138,0.219192103053596,0.688281973116325,0.688281973116325,"","ALDEx2_t"
"903","February - September","k__Bacteria|p__Thermodesulfobacteriota|c__Desulfobulbia|o__Desulfobulbales|f__Desulfobulbaceae|g__Candidatus_Electrothrix|s__|ASV_12765",-3.81237965100971,5.26428173549708,-0.602040945990495,0.249674949545225,0.0878193825291328,0.434704370571199,0.0801629452498303,0.486917672516234,0.486917672516234,"","ALDEx2_t"
"904","February - September","k__Bacteria|p__Actinomycetota|c__Acidimicrobiia|o__Microtrichales|f__Ilumatobacteraceae|g__Ilumatobacter|s__|ASV_2799",2.19151114948054,6.25407776533561,0.322916014527815,0.353706134379022,0.293121130621253,0.751036738698798,0.295047720064967,0.734695044479294,0.734695044479294,"","ALDEx2_t"
"905","February - September","k__Bacteria|p__Bacteroidota|c__Bacteroidia|o__Cytophagales|f__Cyclobacteriaceae|g__Tunicatimonas|s__|ASV_7152",-0.0521512702110591,6.07605108800323,-0.00844574472068353,0.496093750551928,0.758980482107328,0.983258200571832,0.787080336942469,0.982503779704043,0.982503779704043,"","ALDEx2_t"
"906","February - September","k__Bacteria|p__Myxococcota|c__Polyangiia|o__Polyangiales|f__Sandaracinaceae|g__|s__|ASV_5363",1.30063717707558,6.10710187716422,0.193922030042641,0.4057217302902,0.443910687097043,0.895095418087953,0.440694313447523,0.881683509800873,0.881683509800873,"","ALDEx2_t"
"907","February - September","k__Bacteria|p__Pseudomonadota|c__Alphaproteobacteria|o__Rhodobacterales|f__Paracoccaceae|g__|s__|ASV_7164",2.24039551340179,5.79945203774101,0.349011108065339,0.348504574871776,0.287957054378407,0.751996146755211,0.266068923168634,0.741949410435602,0.741949410435602,"","ALDEx2_t"
"908","February - September","k__Bacteria|p__Actinomycetota|c__Actinobacteria|o__Euzebyales|f__Euzebyaceae|g__|s__|ASV_796",1.31893193606649,5.31671201359331,0.215871064612886,0.399219780732907,0.461047725610124,0.885576976083011,0.445891290803859,0.866976664450362,0.866976664450362,"","ALDEx2_t"
"909","February - September","k__Bacteria|p__Bacteroidota|c__Bacteroidia|o__Bacteroidales|f__Prolixibacteraceae|g__|s__|ASV_5097",-0.402252844201769,6.18849674152387,-0.0666210735691124,0.468750004432471,0.768681206089698,0.994766368463888,0.715802274582162,0.994187168703066,0.994187168703066,"","ALDEx2_t"
"910","February - September","k__Bacteria|p__Bdellovibrionota|c__Bdellovibrionia|o__Bdellovibrionales|f__Pseudobdellovibrionaceae|g__OM27_clade|s__|ASV_3144",-0.285441608867746,5.58247513836101,-0.0466865644327297,0.481770835912269,0.801745796491526,0.982406249132935,0.76605412534447,0.983065801701187,0.983065801701187,"","ALDEx2_t"
"911","February - September","k__Bacteria|p__Cyanobacteriota|c__Cyanobacteriia|o__Phormidesmiales|f__Phormidesmiaceae|g__Phormidesmis_ANT.LACV5.1|s__|ASV_457",-1.67947675775282,5.28322265303938,-0.296026638735067,0.371093769509244,0.350178766150085,0.804115586782256,0.374550327579104,0.839457358544469,0.839457358544469,"","ALDEx2_t"
"912","February - September","k__Bacteria|p__Gemmatimonadota|c__Longimicrobiia|o__Longimicrobiales|f__Longimicrobiaceae|g__|s__|ASV_10767",0.729240931484233,5.72187379199248,0.115820560631611,0.432291676411536,0.627991204019123,0.943874205953795,0.615052025474862,0.924580962384557,0.924580962384557,"","ALDEx2_t"
"913","February - September","k__Bacteria|p__Pseudomonadota|c__Gammaproteobacteria|o__Pseudomonadales|f__Marinobacteraceae|g__Marinobacter|s__|ASV_2824",1.28364692673807,6.26747910641164,0.213357265764952,0.394018221098918,0.389881113144254,0.860728296196034,0.417744846959643,0.860997818778337,0.860997818778337,"","ALDEx2_t"
"914","February - September","k__Bacteria|p__Pseudomonadota|c__Gammaproteobacteria|o__Tenderiales|f__Tenderiaceae|g__Candidatus_Tenderia|s__|ASV_5531",-4.4245287664898,4.57360569617009,-0.885162823435531,0.158854256845635,0.0268413085286184,0.248893054694923,0.0125289380956572,0.206103149064523,0.206103149064523,"","ALDEx2_t"
"915","February - September","k__Bacteria|p__Actinomycetota|c__Acidimicrobiia|o__Microtrichales|f__Ilumatobacteraceae|g__Ilumatobacter|s__|ASV_2714",0.0841922080053301,6.10330219949109,0.0129171266186087,0.490885417954849,0.787456991225613,0.987127887601461,0.742396183411756,0.965711479594144,0.965711479594144,"","ALDEx2_t"
"916","February - September","k__Bacteria|p__Actinomycetota|c__Rubrobacteria|o__Rubrobacterales|f__Rubrobacteriaceae|g__Rubrobacter|s__|ASV_9121",0.404400744010755,6.00234969381807,0.0646773586813659,0.471354170727221,0.661861737012439,0.976040770621218,0.700592503492772,0.97193130688644,0.97193130688644,"","ALDEx2_t"
"917","February - September","k__Bacteria|p__Bacillota|c__Bacilli|o__Bacillales|f__Bacillaceae|g__|s__|ASV_12228",1.78556856398321,5.16480560220727,0.310311254415345,0.358072938476086,0.255106453906455,0.711376406737133,0.312641760959797,0.735368436194419,0.735368436194419,"","ALDEx2_t"
"918","February - September","k__Bacteria|p__Bacteroidota|c__Bacteroidia|o__Chitinophagales|f__Saprospiraceae|g__Lewinella|s__|ASV_203",-1.30896276066046,5.23136696630814,-0.231774930752908,0.393229182472531,0.383853356704832,0.834527670797868,0.455436078068351,0.889173731135942,0.889173731135942,"","ALDEx2_t"
"919","February - September","k__Bacteria|p__Bacteroidota|c__Bacteroidia|o__Flavobacteriales|f__Flavobacteriaceae|g__Polaribacter|s__|ASV_840",-3.00952497870201,5.32885262632109,-0.524941536283648,0.288686642234887,0.157668707066416,0.575095285897296,0.16485697154676,0.614558553121505,0.614558553121505,"","ALDEx2_t"
"920","February - September","k__Bacteria|p__Bacteroidota|c__Bacteroidia|o__Flavobacteriales|f__Flavobacteriaceae|g__|s__|ASV_12272",3.02698835679779,5.8421855783495,0.479627002265971,0.320312529152154,0.181286982252497,0.620354453035906,0.2130835369705,0.627378211961901,0.627378211961901,"","ALDEx2_t"
"921","February - September","k__Bacteria|p__Pseudomonadota|c__Gammaproteobacteria|o__Pseudomonadales|f__Nitrincolaceae|g__Marinobacterium|s__|ASV_14523",-0.118766237323888,6.34604010072785,-0.0177252933048112,0.491547465430725,0.798692329879926,0.987139578240802,0.79339641925244,0.987793912183984,0.987793912183984,"","ALDEx2_t"
"922","February - September","k__Bacteria|p__Thermodesulfobacteriota|c__Desulfobacteria|o__Desulfobacterales|f__Desulfosarcinaceae|g__Desulfosarcina|s__|ASV_9396",0.479646808247143,6.18902738616696,0.0790188685100283,0.447916674105982,0.647642993465286,0.984807176387864,0.609448584650812,0.984019267343244,0.984019267343244,"","ALDEx2_t"
"923","February - September","k__Bacteria|p__Thermodesulfobacteriota|c__Desulfuromonadia|o__Desulfuromonadales|f__Sva1033|g__|s__|ASV_14710",-0.198253087673502,6.25141959035722,-0.0267614474360382,0.486979168507563,0.790820988887391,0.986420259150409,0.803116082014129,0.985956210264863,0.985956210264863,"","ALDEx2_t"
"924","February - September","k__Bacteria|p__Acidobacteriota|c__Thermoanaerobaculia|o__Thermoanaerobaculales|f__Thermoanaerobaculaceae|g__Subgroup_10|s__|ASV_5652",-0.140935570546909,6.06935548208249,-0.0247423536517898,0.488946685563572,0.791648569832969,0.993781313708994,0.835179968121292,0.99845338856604,0.99845338856604,"","ALDEx2_t"
"925","February - September","k__Bacteria|p__Actinomycetota|c__Actinobacteria|o__Nitriliruptorales|f__Nitriliruptoraceae|g__|s__|ASV_9152",0.624596017081783,5.04791690983569,0.106923998332051,0.442708341535475,0.522045536020964,0.90330931770479,0.577860083700792,0.900574847494948,0.900574847494948,"","ALDEx2_t"
"926","February - September","k__Bacteria|p__Bacteroidota|c__Bacteroidia|o__Cytophagales|f__Cyclobacteriaceae|g__Fulvivirga|s__|ASV_5610",-0.882414951124683,5.80518015053945,-0.147373068946088,0.430989593272814,0.553182883591181,0.90820837895159,0.591175952866625,0.919285787844919,0.919285787844919,"","ALDEx2_t"
"927","February - September","k__Bacteria|p__Cyanobacteriota|c__Cyanobacteriia|o__Cyanobacteriales|f__Xenococcaceae|g__Pleurocapsa_PCC-7319|s__|ASV_14705",-0.382600960038954,6.08780124742063,-0.0613419895983273,0.464843754991729,0.695411438108148,0.982429464862101,0.702796581909476,0.989488386137035,0.989488386137035,"","ALDEx2_t"
"928","February - September","k__Bacteria|p__Pseudomonadota|c__Gammaproteobacteria|o__Steroidobacterales|f__Woeseiaceae|g__Woeseia|s__|ASV_11864",-3.3342279808595,5.56222181415417,-0.501602600750481,0.289062536254883,0.151994285441134,0.611461027393333,0.141739782902688,0.628096866061319,0.628096866061319,"","ALDEx2_t"
"929","February - September","k__Bacteria|p__Acidobacteriota|c__Thermoanaerobaculia|o__Thermoanaerobaculales|f__Thermoanaerobaculaceae|g__Subgroup_10|s__|ASV_7687",-1.34394533525499,5.25809899010215,-0.256784490176863,0.381510434403554,0.348816481454929,0.779764895310246,0.419554203095162,0.830816731151233,0.830816731151233,"","ALDEx2_t"
"930","February - September","k__Bacteria|p__Bacteroidota|c__Bacteroidia|o__Flavobacteriales|f__Flavobacteriaceae|g__|s__|ASV_2485",-0.27580994975142,4.87662955306247,-0.0575347436503984,0.468140446640521,0.624516949951177,0.906402956145994,0.69771369398622,0.929532438980204,0.929532438980204,"","ALDEx2_t"
"931","February - September","k__Bacteria|p__Cyanobacteriota|c__Cyanobacteriia|o__Synechococcales|f__Cyanobiaceae|g__|s__|ASV_1949",-2.02239351551827,5.82026454158101,-0.310244281748713,0.361508473673348,0.334789307818873,0.834000208856523,0.322060318912814,0.835021945826144,0.835021945826144,"","ALDEx2_t"
"932","February - September","k__Bacteria|p__Planctomycetota|c__Planctomycetes|o__Planctomycetales|f__Gimesiaceae|g__|s__|ASV_8146",-3.06853228354844,5.83135185871083,-0.509623798164629,0.307291698643483,0.15833643980507,0.61192733575009,0.140045666050701,0.641511702851388,0.641511702851388,"","ALDEx2_t"
"933","February - September","k__Bacteria|p__Pseudomonadota|c__Alphaproteobacteria|o__Sphingomonadales|f__Sphingomonadaceae|g__|s__|ASV_6085",-1.0508231875014,5.70779958872523,-0.170161357893019,0.415364595643774,0.54235843798564,0.946185805822548,0.512145864550714,0.957557551060634,0.957557551060634,"","ALDEx2_t"
"934","February - September","k__Bacteria|p__Bacteroidota|c__Bacteroidia|o__Cytophagales|f__Cyclobacteriaceae|g__|s__|ASV_5050",0.457838750720417,6.25533912869618,0.0657615309067785,0.468140446640521,0.703227387975347,0.979370381056883,0.701157698326206,0.977165919307794,0.977165919307794,"","ALDEx2_t"
"935","February - September","k__Bacteria|p__Bacteroidota|c__Bacteroidia|o__Flavobacteriales|f__Flavobacteriaceae|g__Dokdonia|s__|ASV_14418",-3.19061796754052,5.34410694712426,-0.519594405719349,0.290364619268662,0.156488301652384,0.549530396668646,0.153926163791956,0.592014225107906,0.592014225107906,"","ALDEx2_t"
"936","February - September","k__Bacteria|p__Chloroflexota|c__Anaerolineae|o__Aggregatilineales|f__A4b|g__|s__|ASV_14804",-2.23977614426448,5.64314986328806,-0.381819000360229,0.333333359824265,0.218808921826088,0.68419969856703,0.269511425191446,0.76214861801037,0.76214861801037,"","ALDEx2_t"
"937","February - September","k__Bacteria|p__Cyanobacteriota|c__Cyanobacteriia|o__Synechococcales|f__Cyanobiaceae|g__Synechococcus_MBIC10613|s__|ASV_12853",-2.01320572176107,5.77968003668252,-0.318039801034907,0.343750024464931,0.329497160799194,0.805216637187749,0.280610573363741,0.793448004809011,0.793448004809011,"","ALDEx2_t"
"938","February - September","k__Bacteria|p__Pseudomonadota|c__Alphaproteobacteria|o__Rhodobacterales|f__Paracoccaceae|g__|s__|ASV_14570",1.01027837950556,5.9273419259703,0.156088061281706,0.40962290003196,0.539894605141056,0.923988873053379,0.493505956664482,0.884858055957637,0.884858055957637,"","ALDEx2_t"
"939","February - September","k__Bacteria|p__Pseudomonadota|c__Gammaproteobacteria|o__Pseudomonadales|f__Marinomonadaceae|g__Marinomonas|s__|ASV_10506",-0.303502024884445,5.16028839519751,-0.0493301513722058,0.474642396300368,0.663903973103719,0.950213504733283,0.725271605077518,0.971742713992923,0.971742713992923,"","ALDEx2_t"
"940","February - September","k__Bacteria|p__Thermodesulfobacteriota|c__Desulfobulbia|o__Desulfobulbales|f__Desulfocapsaceae|g__|s__|ASV_10438",1.26916672073108,5.26492272732269,0.204878578088678,0.400520170643085,0.441633422580208,0.843185600786884,0.500933857689793,0.835934830313098,0.835934830313098,"","ALDEx2_t"
"941","February - September","k__Bacteria|p__Pseudomonadota|c__Alphaproteobacteria|o__Rhodobacterales|f__Paracoccaceae|g__|s__|ASV_14734",-0.514593584193086,5.34075615959929,-0.0828644350921311,0.451235377548979,0.555858770072592,0.921262344209036,0.646979015818614,0.950252417070261,0.950252417070261,"","ALDEx2_t"
"942","February - September","k__Bacteria|p__Pseudomonadota|c__Alphaproteobacteria|o__Sphingomonadales|f__Sphingomonadaceae|g__Aurantiacibacter|s__|ASV_5042",-0.392698570520188,5.86918658437642,-0.0618190483075771,0.458333339261375,0.653992350078132,0.958802777553726,0.692099078233652,0.961949249897331,0.961949249897331,"","ALDEx2_t"
"943","February - September","k__Bacteria|p__Rhodothermota|c__Rhodothermia|o__Rhodothermales|f__Rhodothermaceae|g__Rubrivirga|s__|ASV_8705",0.601477955646912,5.77399117971847,0.0959604113249421,0.443433037983615,0.602096988404136,0.951334365469845,0.605231597677797,0.912854272309732,0.912854272309732,"","ALDEx2_t"
"944","February - September","k__Bacteria|p__Bacteroidota|c__Bacteroidia|o__Chitinophagales|f__Saprospiraceae|g__|s__|ASV_9685",-0.274014350754927,5.04473085794391,-0.0456540763402367,0.471354170727221,0.620734111305928,0.940529228791515,0.686073128038841,0.95413183789571,0.95413183789571,"","ALDEx2_t"
"945","February - September","k__Bacteria|p__Planctomycetota|c__Planctomycetes|o__Pirellulales|f__Pirellulaceae|g__Pir4_lineage|s__|ASV_4733",-1.71298846862547,5.75421505895966,-0.289689538680549,0.383615101865586,0.36149539857,0.827216025396099,0.409470361316063,0.869863391240001,0.869863391240001,"","ALDEx2_t"
"946","February - September","k__Bacteria|p__Pseudomonadota|c__Alphaproteobacteria|o__Caulobacterales|f__Hyphomonadaceae|g__Litorimonas|s__|ASV_15428",0.76944943241338,5.57150412177348,0.131427686509445,0.401041681217984,0.541581681756777,0.959390769403251,0.426373168744703,0.933167628546637,0.933167628546637,"","ALDEx2_t"
"947","February - September","k__Bacteria|p__Pseudomonadota|c__Alphaproteobacteria|o__Rhodobacterales|f__Paracoccaceae|g__|s__|ASV_1758",2.40618077909221,5.96537271901574,0.427127058556488,0.334200286328619,0.228707332355174,0.624860367201145,0.293587589112832,0.665907951739238,0.665907951739238,"","ALDEx2_t"
"948","February - September","k__Bacteria|p__Rhodothermota|c__Rhodothermia|o__Rhodothermales|f__Rhodothermaceae|g__Rubricoccus|s__|ASV_925",1.9372994983115,5.63618115796655,0.345905517733883,0.355468772281907,0.314670369091601,0.775223150161319,0.298664011294097,0.749114849991052,0.749114849991052,"","ALDEx2_t"
"949","February - September","k__Bacteria|p__Rhodothermota|c__Rhodothermia|o__Rhodothermales|f__Rhodothermaceae|g__|s__|ASV_13633",1.98147607169813,5.35069383261262,0.364900348954612,0.349804964746841,0.279748052364793,0.691154714981859,0.303902995749875,0.697192468613206,0.697192468613206,"","ALDEx2_t"
"950","February - September","k__Bacteria|p__Cyanobacteriota|c__Cyanobacteriia|o__Phormidesmiales|f__Nodosilineaceae|g__|s__|ASV_119",-1.07497725263563,5.48330703752576,-0.165985556987147,0.419270845044448,0.481990327815471,0.898743356645547,0.500894213850828,0.935405982201647,0.935405982201647,"","ALDEx2_t"
"951","February - September","k__Bacteria|p__Planctomycetota|c__Planctomycetes|o__Planctomycetales|f__Gimesiaceae|g__|s__|ASV_195",-3.1520005304827,5.91717268421699,-0.4814316154968,0.310793269090078,0.202108993551319,0.642398797609308,0.172971963109747,0.669418038676883,0.669418038676883,"","ALDEx2_t"
"952","February - September","k__Bacteria|p__Pseudomonadota|c__Alphaproteobacteria|o__Rhodobacterales|f__Paracoccaceae|g__|s__|ASV_1545",-1.56732745319399,5.53241225557087,-0.265521868816828,0.389322933109329,0.356061578057222,0.823136029642614,0.439780771708437,0.891013425921752,0.891013425921752,"","ALDEx2_t"
"953","February - September","k__Bacteria|p__Pseudomonadota|c__Gammaproteobacteria|o__Enterobacterales|f__Vibrionaceae|g__Vibrio|s__|ASV_13283",0.307609398408848,5.63214281258168,0.0488323641884837,0.470052087579759,0.673466781449152,0.962797695265897,0.683341054473189,0.950671274578985,0.950671274578985,"","ALDEx2_t"
"954","February - September","k__Bacteria|p__Rhodothermota|c__Rhodothermia|o__Rhodothermales|f__Rhodothermaceae|g__|s__|ASV_10821",2.37919874834784,5.08577000123921,0.421386092689951,0.322916695274242,0.239274169605632,0.728244173666501,0.146018000856829,0.622412232851794,0.622412232851794,"","ALDEx2_t"
"955","February - September","k__Bacteria|p__Bacteroidota|c__Bacteroidia|o__Cytophagales|f__Cyclobacteriaceae|g__|s__|ASV_10933",0.975891315682964,5.29211813203061,0.164847953323019,0.407022120203526,0.48506514569841,0.888917010777326,0.52837482494538,0.896383451124763,0.896383451124763,"","ALDEx2_t"
"956","February - September","k__Bacteria|p__Bacteroidota|c__Bacteroidia|o__Cytophagales|f__Cyclobacteriaceae|g__|s__|ASV_15372",-0.897990115779728,6.08122096895945,-0.124043967222144,0.44473342791038,0.629368293105698,0.965926011377053,0.6322944201444,0.961074247747136,0.961074247747136,"","ALDEx2_t"
"957","February - September","k__Bacteria|p__Bacteroidota|c__Bacteroidia|o__Flavobacteriales|f__Flavobacteriaceae|g__Mesohalobacter|s__|ASV_1762",-0.217268913860563,5.32392235397279,-0.0333856999878044,0.483072919060954,0.687912344732649,0.976155663872133,0.779953378937828,0.994768050720947,0.994768050720947,"","ALDEx2_t"
"958","February - September","k__Bacteria|p__Pseudomonadota|c__Gammaproteobacteria|o__Enterobacterales|f__Alteromonadaceae|g__Aestuariibacter|s__|ASV_5142",-0.324572186772255,4.90505719593888,-0.0563730350578008,0.464843754991729,0.567364593133342,0.911675932296497,0.656215620049287,0.931409387718358,0.931409387718358,"","ALDEx2_t"
"959","February - September","k__Bacteria|p__Bacteroidota|c__Bacteroidia|o__Flavobacteriales|f__Flavobacteriaceae|g__Flavimarina|s__|ASV_4287",-0.332522281182074,5.66804065662984,-0.0477607324578307,0.473342006368075,0.705780178521246,0.966443330905491,0.681424063090295,0.948048021551598,0.948048021551598,"","ALDEx2_t"
"960","February - September","k__Bacteria|p__Myxococcota|c__Polyangiia|o__Polyangiales|f__Sandaracinaceae|g__|s__|ASV_11195",-0.330024518245694,6.26187307627236,-0.0532590255238693,0.470741226503959,0.64557040440603,0.971012291984444,0.710005838004538,0.96991850794053,0.96991850794053,"","ALDEx2_t"
"961","February - September","k__Bacteria|p__Pseudomonadota|c__Gammaproteobacteria|o__Pseudomonadales|f__Saccharospirillaceae|g__Bermanella|s__|ASV_15002",-3.15215052161102,5.40317348576536,-0.541666303404263,0.274382354616637,0.143198271143324,0.561682510787822,0.113281989602301,0.564251179871473,0.564251179871473,"","ALDEx2_t"
"962","February - September","k__Bacteria|p__Bacteroidota|c__Bacteroidia|o__Chitinophagales|f__Saprospiraceae|g__|s__|ASV_4746",-2.00544466259161,5.32186465673462,-0.336957335673343,0.355006524258688,0.290005092602652,0.753459116337226,0.325295818963477,0.817283508225543,0.817283508225543,"","ALDEx2_t"
"963","February - September","k__Bacteria|p__Pseudomonadota|c__Alphaproteobacteria|o__Sphingomonadales|f__Sphingomonadaceae|g__Parasphingopyxis|s__|ASV_11051",-3.2514161973189,5.6793006271907,-0.522257126369929,0.302990930133447,0.157658763915866,0.583892870499879,0.190797227952086,0.661626563844697,0.661626563844697,"","ALDEx2_t"
"964","February - September","k__Bacteria|p__Actinomycetota|c__Acidimicrobiia|o__Microtrichales|f__Microtrichaceae|g__IMCC26207|s__|ASV_4676",1.78718759556422,5.65725419984929,0.281541718938626,0.356770855378449,0.340224782837654,0.806041489649404,0.261742226594915,0.739482869710643,0.739482869710643,"","ALDEx2_t"
"965","February - September","k__Bacteria|p__Bacteroidota|c__Bacteroidia|o__Cytophagales|f__Cyclobacteriaceae|g__Marinoscillum|s__|ASV_10741",0.472612692665115,5.52093701176474,0.0824815606028079,0.461638496985292,0.71331179113252,0.976505004219729,0.65906366672263,0.955597704951813,0.955597704951813,"","ALDEx2_t"
"966","February - September","k__Bacteria|p__Bacteroidota|c__Bacteroidia|o__Cytophagales|f__Cyclobacteriaceae|g__Tunicatimonas|s__|ASV_9643",-0.364925743471825,4.91345923292662,-0.0708966115103676,0.464843754991729,0.616072405030223,0.937744670645344,0.695919054780863,0.954960310300523,0.954960310300523,"","ALDEx2_t"
"967","February - September","k__Bacteria|p__Bacteroidota|c__Bacteroidia|o__Cytophagales|f__Mooreiaceae|g__Mooreia|s__|ASV_7766",0.75100679438221,6.14849495101029,0.102750826335597,0.438802092111179,0.607221110935651,0.975211893367065,0.554725947763369,0.95506334679065,0.95506334679065,"","ALDEx2_t"
"968","February - September","k__Bacteria|p__Chloroflexota|c__Anaerolineae|o__Aggregatilineales|f__A4b|g__|s__|ASV_5951",-2.06651907625532,6.04410215619071,-0.309214041875454,0.365885437084007,0.344036883149463,0.820155145824846,0.334339369659147,0.839154452945915,0.839154452945915,"","ALDEx2_t"
"969","February - September","k__Bacteria|p__Pseudomonadota|c__Gammaproteobacteria|o__Enterobacterales|f__Vibrionaceae|g__Vibrio|s__|ASV_12002",0.552249245661816,5.62177679657308,0.0989153020256592,0.440832258131106,0.625823579247045,0.947488162199139,0.619845099080822,0.92077125004574,0.92077125004574,"","ALDEx2_t"
"970","February - September","k__Bacteria|p__Actinomycetota|c__Actinobacteria|o__Propionibacteriales|f__Nocardioidaceae|g__Nocardioides|s__|ASV_2050",-1.33333902908228,5.81778391229039,-0.221455779539871,0.402343764344564,0.44774303980125,0.881129957851377,0.491718915717141,0.902015565634379,0.902015565634379,"","ALDEx2_t"
"971","February - September","k__Bacteria|p__Cyanobacteriota|c__Cyanobacteriia|o__Phormidesmiales|f__Phormidesmiaceae|g__Phormidium_MBIC10003|s__|ASV_6321",-2.65584553315686,5.50498114651591,-0.423760928784971,0.324218778337677,0.249861705157235,0.716544575084721,0.237517610624165,0.748725240496577,0.748725240496577,"","ALDEx2_t"
"972","February - September","k__Bacteria|p__Pseudomonadota|c__Alphaproteobacteria|o__Rhodobacterales|f__Paracoccaceae|g__Actibacterium|s__|ASV_14652",-1.66078884410687,5.85878670167849,-0.27165771862464,0.36801042311382,0.326150949430901,0.806483710167015,0.348090731683009,0.848419993749625,0.848419993749625,"","ALDEx2_t"
"973","February - September","k__Bacteria|p__Pseudomonadota|c__Alphaproteobacteria|o__Rhodobacterales|f__Paracoccaceae|g__|s__|ASV_12790",1.34980119221803,5.27199569173917,0.22053399531204,0.383615101865586,0.370092565596615,0.807271764321332,0.457535809001034,0.825865002550895,0.825865002550895,"","ALDEx2_t"
"974","February - September","k__Bacteria|p__Pseudomonadota|c__Alphaproteobacteria|o__Rhodobacterales|f__Paracoccaceae|g__|s__|ASV_15905",-2.20710799752743,5.92975082852212,-0.377010879332278,0.332899896469044,0.222350834074107,0.684270529566712,0.306130498758208,0.764636042344535,0.764636042344535,"","ALDEx2_t"
"975","February - September","k__Bacteria|p__Pseudomonadota|c__Gammaproteobacteria|o__Chromatiales|f__Sedimenticolaceae|g__Candidatus_Thiodiazotropha|s__|ASV_13335",-0.265040752797207,5.97583216133385,-0.0414894611479659,0.48046875276369,0.67424069039302,0.964356330139261,0.703783101594361,0.973106566687076,0.973106566687076,"","ALDEx2_t"
"976","February - September","k__Bacteria|p__Pseudomonadota|c__Gammaproteobacteria|o__Granulosicoccales|f__Granulosicoccaceae|g__Granulosicoccus|s__|ASV_2296",-0.000710471267529655,5.5472152010383,0.000547456245758565,0.5,0.79498834029911,0.991716471779929,0.832379267551502,0.998068354072832,0.998068354072832,"","ALDEx2_t"
"977","February - September","k__Bacteria|p__Pseudomonadota|c__Gammaproteobacteria|o__Granulosicoccales|f__Granulosicoccaceae|g__Granulosicoccus|s__|ASV_5565",-0.439332472387366,5.8658852160951,-0.0763340503118267,0.455729172970894,0.677842072778565,0.970522686889794,0.689118914321141,0.979710786625523,0.979710786625523,"","ALDEx2_t"
"978","February - September","k__Bacteria|p__Pseudomonadota|c__Gammaproteobacteria|o__Pseudomonadales|f__Cellvibrionaceae|g__|s__|ASV_1931",0.0573261708302804,6.33193840421213,0.0102386353598297,0.496093750551928,0.786225857439117,0.993208223280256,0.770406245747287,0.980402984761429,0.980402984761429,"","ALDEx2_t"
"979","February - September","k__Bacteria|p__Thermodesulfobacteriota|c__Desulfobacteria|o__Desulfobacterales|f__Desulfosarcinaceae|g__Desulfosarcina|s__|ASV_14382",-3.42452638677394,5.71764309747026,-0.522725268574973,0.316406279981316,0.160790791731174,0.567211201321452,0.18494979926269,0.634930050375504,0.634930050375504,"","ALDEx2_t"
"980","February - September","k__Bacteria|p__Actinomycetota|c__Acidimicrobiia|o__Microtrichales|f__Microtrichaceae|g__|s__|ASV_11076",-2.18763660820068,5.65847459740744,-0.362647277149322,0.343750024464931,0.2504964436955,0.724671770671029,0.319127680226289,0.795050324516793,0.795050324516793,"","ALDEx2_t"
"981","February - September","k__Bacteria|p__Actinomycetota|c__Actinobacteria|o__Propionibacteriales|f__Nocardioidaceae|g__Nocardioides|s__|ASV_8154",1.78228901423676,5.49946736276649,0.299111003854103,0.367187520188871,0.308393478591333,0.713549247196909,0.363731898927059,0.741339578153423,0.741339578153423,"","ALDEx2_t"
"982","February - September","k__Bacteria|p__Bacteroidota|c__Bacteroidia|o__Cytophagales|f__Cyclobacteriaceae|g__Fulvivirga|s__|ASV_11442",1.13790623698644,5.3558341945557,0.205386111662081,0.395833348718269,0.389216454034983,0.823378451243456,0.446691563606168,0.823360942298212,0.823360942298212,"","ALDEx2_t"
"983","February - September","k__Bacteria|p__Bacteroidota|c__Bacteroidia|o__Cytophagales|f__Cyclobacteriaceae|g__|s__|ASV_13781",-0.274683171571522,5.21902528402013,-0.0404320983645647,0.478543566098093,0.656013198590809,0.943544268854215,0.723915532702255,0.960291718342742,0.960291718342742,"","ALDEx2_t"
"984","February - September","k__Bacteria|p__Bacteroidota|c__Bacteroidia|o__Flavobacteriales|f__Crocinitomicaceae|g__Brumimicrobium|s__|ASV_4358",-2.37180230505671,5.52367881416773,-0.404555920927514,0.321614612212394,0.264205584544762,0.710598664860661,0.198686652369538,0.703807580304814,0.703807580304814,"","ALDEx2_t"
"985","February - September","k__Bacteria|p__Bacteroidota|c__Bacteroidia|o__Flavobacteriales|f__Flavobacteriaceae|g__Robiginitalea|s__|ASV_5224",-2.2137446522753,5.9291136775867,-0.349179583864322,0.345903795125238,0.245480145784337,0.678061440841505,0.31141644218196,0.74887119294909,0.74887119294909,"","ALDEx2_t"
"986","February - September","k__Bacteria|p__Campylobacterota|c__Campylobacteria|o__Campylobacterales|f__Sulfurovaceae|g__Sulfurovum|s__|ASV_15957",-1.46879035134656,5.91382020024828,-0.234339422768366,0.394018221098918,0.325022188571531,0.794323298681048,0.47335192685814,0.893733354348602,0.893733354348602,"","ALDEx2_t"
"987","February - September","k__Bacteria|p__Pseudomonadota|c__Gammaproteobacteria|o__Beggiatoales|f__Leucotrichaceae|g__|s__|ASV_11092",-2.43750042420718,5.8974869495474,-0.361406543724333,0.337239609054441,0.278811282880474,0.749458308963756,0.261158605263528,0.777398067543165,0.777398067543165,"","ALDEx2_t"
"988","February - September","k__Bacteria|p__Pseudomonadota|c__Gammaproteobacteria|o__Steroidobacterales|f__Woeseiaceae|g__Woeseia|s__|ASV_2719",-0.897088178651855,5.76509309031001,-0.165137660136279,0.436931088355023,0.513285638643865,0.93499884721415,0.544088346095787,0.951821785970382,0.951821785970382,"","ALDEx2_t"
"989","February - September","k__Bacteria|p__Thermodesulfobacteriota|c__Desulfobacteria|o__Desulfobacterales|f__Desulfosarcinaceae|g__Sva0081_sediment_group|s__|ASV_14605",-2.3056010221916,6.06841906951246,-0.350422976089019,0.364583353980132,0.29098752235696,0.746938741606817,0.383302538527733,0.840778913902598,0.840778913902598,"","ALDEx2_t"
"990","February - September","k__Bacteria|p__Acidobacteriota|c__Blastocatellia|o__Blastocatellales|f__Blastocatellaceae|g__Blastocatella|s__|ASV_6534",-2.01607694355855,5.40603358746186,-0.309529640742802,0.361508473673348,0.336694145836899,0.784129962489479,0.32861940102568,0.804528803409149,0.804528803409149,"","ALDEx2_t"
"991","February - September","k__Bacteria|p__Actinomycetota|c__Acidimicrobiia|o__Microtrichales|f__Ilumatobacteraceae|g__Ilumatobacter|s__|ASV_8504",-2.41427806296185,5.6859907077408,-0.407659065818916,0.328998726898881,0.216577994608753,0.67984653802046,0.296678918718077,0.763667166433578,0.763667166433578,"","ALDEx2_t"
"992","February - September","k__Bacteria|p__Bacteroidota|c__Bacteroidia|o__Chitinophagales|f__Saprospiraceae|g__Lewinella|s__|ASV_15371",-0.613674618171371,5.55268933958,-0.0946639233386875,0.453836157406492,0.674489257262155,0.969673320715676,0.730449260323739,0.977163513899902,0.977163513899902,"","ALDEx2_t"
"993","February - September","k__Bacteria|p__Bacteroidota|c__Bacteroidia|o__Cytophagales|f__Cyclobacteriaceae|g__|s__|ASV_13336",1.35767020079837,6.2180101215144,0.194193050101287,0.425781260722246,0.53430078704611,0.958695675225549,0.524851821834613,0.959734466329912,0.959734466329912,"","ALDEx2_t"
"994","February - September","k__Bacteria|p__Bacteroidota|c__Bacteroidia|o__Flavobacteriales|f__Flavobacteriaceae|g__Marinirhabdus|s__|ASV_13913",-1.00126562863804,5.6965180129534,-0.161514097713791,0.408854179986838,0.46914841347736,0.877065401304212,0.533596515419229,0.914343468928351,0.914343468928351,"","ALDEx2_t"
"995","February - September","k__Bacteria|p__Planctomycetota|c__Planctomycetes|o__Pirellulales|f__Pirellulaceae|g__Rubripirellula|s__|ASV_7879",-1.16598352793949,5.58414419935969,-0.205205420755813,0.404947930599631,0.509735510774817,0.922288903311324,0.450570552327602,0.931671056049086,0.931671056049086,"","ALDEx2_t"
"996","February - September","k__Bacteria|p__Planctomycetota|c__Planctomycetes|o__Planctomycetales|f__Gimesiaceae|g__|s__|ASV_811",-2.81845854751073,5.98579784198014,-0.384864846006859,0.330729193677856,0.225709394341236,0.71794104768925,0.245926131850381,0.768037839635249,0.768037839635249,"","ALDEx2_t"
"997","February - September","k__Bacteria|p__Pseudomonadota|c__Alphaproteobacteria|o__Rhodobacterales|f__Paracoccaceae|g__Halovulum|s__|ASV_4059",0.150879917786922,5.99243401635399,0.0232585708734405,0.488281251656594,0.751609331951277,0.989642009837331,0.770852376166538,0.98902643596491,0.98902643596491,"","ALDEx2_t"
"998","February - September","k__Bacteria|p__Spirochaetota|c__Spirochaetia|o__Spirochaetales|f__Spirochaetaceae|g__Sediminispirochaeta|s__|ASV_13757",-3.14421634079613,5.49798864416683,-0.4952599642452,0.305989615602544,0.130097230768053,0.562435176799823,0.174148317903997,0.676527201039163,0.676527201039163,"","ALDEx2_t"
"999","February - September","k__Bacteria|p__Cyanobacteriota|c__Cyanobacteriia|o__Cyanobacteriales|f__Microcystaceae|g__Cyanothece_ATCC_51142_(UCYN-C)|s__|ASV_6579",-0.183727635414868,5.69938052539778,-0.0263298409073237,0.485045515763336,0.789932778162131,0.995252124142187,0.792712275567682,0.995518147737778,0.995518147737778,"","ALDEx2_t"
"1000","February - September","k__Bacteria|p__Myxococcota|c__Polyangiia|o__Polyangiales|f__Sandaracinaceae|g__|s__|ASV_6621",1.0145665061397,5.58515640656724,0.174030203833315,0.404421340377483,0.536150110274113,0.922897544338472,0.477208184365103,0.89815901533825,0.89815901533825,"","ALDEx2_t"
"1001","February - September","k__Bacteria|p__Planctomycetota|c__Planctomycetes|o__Pirellulales|f__Pirellulaceae|g__Bythopirellula|s__|ASV_2681",-4.10379818313759,5.43076384965137,-0.655680611275672,0.273437540280312,0.0928704678455012,0.460160319937787,0.100193588591043,0.534230512440127,0.534230512440127,"","ALDEx2_t"
"1002","February - September","k__Bacteria|p__Pseudomonadota|c__Alphaproteobacteria|o__Hyphomicrobiales|f__Rhizobiaceae|g__|s__|ASV_12323",2.53746419566378,5.57565579033978,0.429436065161636,0.334635442899602,0.185704100803585,0.602908703006023,0.227806655523942,0.627950761139088,0.627950761139088,"","ALDEx2_t"
"1003","February - September","k__Bacteria|p__Pseudomonadota|c__Alphaproteobacteria|o__Hyphomicrobiales|f__Rhizobiaceae|g__|s__|ASV_12868",1.7147305410584,5.65702806725749,0.289521952617111,0.364109253446544,0.283486121803665,0.717470010059898,0.364297446227215,0.75432483523256,0.75432483523256,"","ALDEx2_t"
"1004","February - September","k__Bacteria|p__Pseudomonadota|c__Alphaproteobacteria|o__Rhodobacterales|f__Paracoccaceae|g__Maribius|s__|ASV_13147",1.0942341767611,5.81674877035868,0.171412203747628,0.413524069778915,0.446996837829013,0.860855573332736,0.465975838440904,0.836656157737028,0.836656157737028,"","ALDEx2_t"
"1005","February - September","k__Bacteria|p__Pseudomonadota|c__Gammaproteobacteria|o__Granulosicoccales|f__Granulosicoccaceae|g__Granulosicoccus|s__|ASV_13753",1.90710665345309,5.80372710709702,0.330942337284335,0.371911592789731,0.255598082933255,0.71485312500108,0.299493036135859,0.712752139129259,0.712752139129259,"","ALDEx2_t"
"1006","February - September","k__Bacteria|p__Pseudomonadota|c__Gammaproteobacteria|o__Pseudomonadales|f__Spongiibacteraceae|g__|s__|ASV_3004",-2.30497989957641,5.64678540771662,-0.351085665877614,0.343303015383606,0.232358967771533,0.707956506169316,0.305917903543656,0.78618802759677,0.78618802759677,"","ALDEx2_t"
"1007","February - September","k__Bacteria|p__Bacteroidota|c__Bacteroidia|o__Flavobacteriales|f__Flavobacteriaceae|g__Robiginitalea|s__|ASV_355",-1.77912552915393,5.36621404649528,-0.311996199668215,0.370611202896825,0.331603316539129,0.758068976534843,0.402695604238439,0.814944943191384,0.814944943191384,"","ALDEx2_t"
"1008","February - September","k__Bacteria|p__Dependentiae|c__Babeliae|o__Babeliales|f__Vermiphilaceae|g__|s__|ASV_7801",0.662053581120646,5.10127481486491,0.0972721091197659,0.442708341535475,0.537033414977844,0.878638983023356,0.59243312076855,0.888745936498477,0.888745936498477,"","ALDEx2_t"
"1009","February - September","k__Bacteria|p__Pseudomonadota|c__Alphaproteobacteria|o__Hyphomicrobiales|f__Rhodomicrobiaceae|g__Rhodomicrobium|s__|ASV_2124",0.648079755405859,6.04524477603783,0.100116963378429,0.454427089826041,0.676608801144897,0.977495286309789,0.6412140412295,0.968439804418761,0.968439804418761,"","ALDEx2_t"
"1010","February - September","k__Bacteria|p__Pseudomonadota|c__Alphaproteobacteria|o__Rhodobacterales|f__Paracoccaceae|g__Palleronia-Pseudomaribius|s__|ASV_951",-3.38121748293041,5.41747349241367,-0.56745340556824,0.299479200427079,0.140921362711285,0.546769219349954,0.149859697443491,0.577859553291045,0.577859553291045,"","ALDEx2_t"
"1011","February - September","k__Bacteria|p__Pseudomonadota|c__Alphaproteobacteria|o__Sphingomonadales|f__Sphingomonadaceae|g__Aurantiacibacter|s__|ASV_8699",3.66080158126409,5.61732685330126,0.595325419257157,0.28998703203295,0.0966028824848341,0.42397744309944,0.128816012741129,0.494334056746175,0.494334056746175,"","ALDEx2_t"
"1012","February - September","k__Bacteria|p__Pseudomonadota|c__Gammaproteobacteria|o__Chromatiales|f__Chromatiaceae|g__Halochromatium|s__|ASV_5260",-1.45149074343691,5.53717352202788,-0.256157225598678,0.391927099350731,0.468909368025541,0.886443871605775,0.496375908277851,0.915606450709953,0.915606450709953,"","ALDEx2_t"
"1013","February - September","k__Bacteria|p__Pseudomonadota|c__Gammaproteobacteria|o__Thiomicrospirales|f__Thiomicrospiraceae|g__endosymbionts|s__|ASV_10052",-0.770396150368871,5.35703253162656,-0.144245832539081,0.433029918582366,0.459425728934535,0.878422632091027,0.593736086231711,0.926836908748215,0.926836908748215,"","ALDEx2_t"
"1014","February - September","k__Bacteria|p__Bacteroidota|c__Bacteroidia|o__Flavobacteriales|f__Flavobacteriaceae|g__Hanstruepera|s__|ASV_2269",-3.855916708897,4.80452195732888,-0.72065726494826,0.210663260259339,0.0583861193770326,0.360968121816712,0.0417307713109007,0.342918255850692,0.342918255850692,"","ALDEx2_t"
"1015","February - September","k__Bacteria|p__Chloroflexota|c__Anaerolineae|o__Anaerolineales|f__Anaerolineaceae|g__|s__|ASV_14272",-1.74451893434629,5.80491143555053,-0.263782357252642,0.37971393216597,0.28781044408742,0.737682134808643,0.418973805967555,0.825026578898306,0.825026578898306,"","ALDEx2_t"
"1016","February - September","k__Bacteria|p__Cyanobacteriota|c__Cyanobacteriia|o__Cyanobacteriales|f__Xenococcaceae|g__Pleurocapsa_PCC-7319|s__|ASV_12101",-0.500487233439261,5.72583259120558,-0.0757334698576569,0.461638496985292,0.708530412056658,0.966690248123463,0.724311312383605,0.976291681453963,0.976291681453963,"","ALDEx2_t"
"1017","February - September","k__Bacteria|p__Pseudomonadota|c__Alphaproteobacteria|o__Rhodobacterales|f__Paracoccaceae|g__Palleronia-Pseudomaribius|s__|ASV_11632",1.03587591629895,5.82990355404053,0.190444261105908,0.408854179986838,0.479013548625297,0.894215188056045,0.477936322830488,0.844395292626246,0.844395292626246,"","ALDEx2_t"
"1018","February - September","k__Bacteria|p__Pseudomonadota|c__Alphaproteobacteria|o__Rhodobacterales|f__Paracoccaceae|g__Silicimonas|s__|ASV_9670",-1.04216609277543,5.82276097744473,-0.167194788913154,0.41796876191037,0.504311599475542,0.900007799649401,0.559243016813749,0.924064731665093,0.924064731665093,"","ALDEx2_t"
"1019","February - September","k__Bacteria|p__Pseudomonadota|c__Gammaproteobacteria|o__Pseudomonadales|f__Alcanivoracaceae|g__Ketobacter|s__|ASV_7246",-0.279516732755891,5.9220268931072,-0.0405499017242333,0.483745125830086,0.626261629542855,0.947062639874341,0.735385175402233,0.970484449352046,0.970484449352046,"","ALDEx2_t"
"1020","February - September","k__Bacteria|p__Acidobacteriota|c__Thermoanaerobaculia|o__Thermoanaerobaculales|f__Thermoanaerobaculaceae|g__Subgroup_10|s__|ASV_2228",-2.04637050011694,5.7123905799494,-0.35948982528694,0.347656273726522,0.256405711651298,0.710752264624333,0.331792017546325,0.76653195064878,0.76653195064878,"","ALDEx2_t"
"1021","February - September","k__Bacteria|p__Bacteroidota|c__Bacteroidia|o__Chitinophagales|f__Saprospiraceae|g__|s__|ASV_10691",2.25108394223238,5.52957223270206,0.405431731815046,0.332031276750343,0.217819369375637,0.627884060413593,0.255311165017847,0.651733021522068,0.651733021522068,"","ALDEx2_t"
"1022","February - September","k__Bacteria|p__Bacteroidota|c__Bacteroidia|o__Chitinophagales|f__Saprospiraceae|g__|s__|ASV_11215",-1.26845808500345,5.71827195022472,-0.211753855613985,0.395318611006384,0.446297829116023,0.85911090736792,0.49454690645621,0.88277394312756,0.88277394312756,"","ALDEx2_t"
"1023","February - September","k__Bacteria|p__Bacteroidota|c__Bacteroidia|o__Chitinophagales|f__Saprospiraceae|g__|s__|ASV_11900",-0.740714610617201,5.22865173167181,-0.131350325118787,0.428385426996648,0.435988864831798,0.845648815851319,0.515368641130541,0.894218356979735,0.894218356979735,"","ALDEx2_t"
"1024","February - September","k__Bacteria|p__Chloroflexota|c__Anaerolineae|o__Aggregatilineales|f__Aggregatilineaceae|g__|s__|ASV_4295",-1.7694564716699,5.16968551958629,-0.304818520856529,0.360677104674578,0.409030468864994,0.872206174953842,0.330691073296067,0.874822082039464,0.874822082039464,"","ALDEx2_t"
"1025","February - September","k__Bacteria|p__Pseudomonadota|c__Alphaproteobacteria|o__Sphingomonadales|f__Sphingomonadaceae|g__Parasphingopyxis|s__|ASV_11607",-2.85615971283365,5.42522391292494,-0.499916991664902,0.310793269090078,0.147328872826267,0.579013308828875,0.175625130354906,0.653383375332472,0.653383375332472,"","ALDEx2_t"
"1026","February - September","k__Bacteria|p__Pseudomonadota|c__Alphaproteobacteria|o__Sphingomonadales|f__Sphingomonadaceae|g__Qipengyuania|s__|ASV_3751",0.446813518846439,5.33290726832255,0.0707947691357829,0.459037717124713,0.754633470024962,0.980810352666607,0.695368172407583,0.960960371661376,0.960960371661376,"","ALDEx2_t"
"1027","February - September","k__Bacteria|p__Pseudomonadota|c__Alphaproteobacteria|o__Sphingomonadales|f__Sphingomonadaceae|g__|s__|ASV_4187",-1.95559164212579,6.0008157684115,-0.311670634950629,0.350260439906993,0.340748508380408,0.80993505961964,0.322241059225133,0.827580427038271,0.827580427038271,"","ALDEx2_t"
"1028","February - September","k__Bacteria|p__Verrucomicrobiota|c__Verrucomicrobiia|o__Verrucomicrobiales|f__Rubritaleaceae|g__DBS1|s__|ASV_11128",-1.58667155422034,5.46247611392786,-0.285055469474871,0.373697935727505,0.339791444191683,0.756869678471728,0.426007481631977,0.830308403757606,0.830308403757606,"","ALDEx2_t"
"1029","February - September","k__Bacteria|p__Bacteroidota|c__Bacteroidia|o__Cytophagales|f__Cyclobacteriaceae|g__Tunicatimonas|s__|ASV_8575",-0.150722703447785,4.89811749731239,-0.028048122598377,0.485677085358608,0.642680716818729,0.933994469717569,0.725873739579004,0.964073181994087,0.964073181994087,"","ALDEx2_t"
"1030","February - September","k__Bacteria|p__Cyanobacteriota|c__Cyanobacteriia|o__Cyanobacteriales|f__Nostocaceae|g__Rivularia_PCC-7116|s__|ASV_10483",-0.72486976429861,5.27928795168134,-0.125952247459136,0.439531868205379,0.489241417473931,0.893838894077749,0.603901919859653,0.929051823727752,0.929051823727752,"","ALDEx2_t"
"1031","February - September","k__Bacteria|p__Myxococcota|c__Polyangiia|o__Polyangiales|f__Sandaracinaceae|g__|s__|ASV_414",1.19329413237014,5.11737331137304,0.192982053986392,0.39062501622966,0.39504190244618,0.776347388722632,0.427502483676977,0.776266592626445,0.776266592626445,"","ALDEx2_t"
"1032","February - September","k__Bacteria|p__Verrucomicrobiota|c__Verrucomicrobiia|o__Verrucomicrobiales|f__Rubritaleaceae|g__Haloferula|s__|ASV_12612",-1.75343529350799,6.14239595153353,-0.257782710028636,0.376302101949381,0.356811582663152,0.813255066151041,0.399537433075237,0.848789097907415,0.848789097907415,"","ALDEx2_t"
"1033","February - September","k__Bacteria|p__Verrucomicrobiota|c__Verrucomicrobiia|o__Verrucomicrobiales|f__Rubritaleaceae|g__Roseibacillus|s__|ASV_9177",-2.84641702149279,5.28275894511471,-0.475378862045964,0.307291698643483,0.187214630997974,0.636805286273741,0.175184633625057,0.655918481924825,0.655918481924825,"","ALDEx2_t"
"1034","February - September","k__Bacteria|p__Cyanobacteriota|c__Cyanobacteriia|o__Cyanobacteriales|f__Xenococcaceae|g__Pleurocapsa_PCC-7319|s__|ASV_1835",0.262028004744333,5.71442947684514,0.0382596752523899,0.477243176165384,0.681862235200952,0.970245323862761,0.704430322945496,0.968929362809384,0.968929362809384,"","ALDEx2_t"
"1035","February - September","k__Bacteria|p__Gemmatimonadota|c__Longimicrobiia|o__Longimicrobiales|f__Longimicrobiaceae|g__|s__|ASV_10835",1.20215297096229,5.07302489108095,0.214119377708604,0.391927099350731,0.411860059844142,0.813806411957506,0.444714225298023,0.784999579625407,0.784999579625407,"","ALDEx2_t"
"1036","February - September","k__Bacteria|p__Planctomycetota|c__Planctomycetes|o__Pirellulales|f__Pirellulaceae|g__|s__|ASV_9318",-2.21270351515042,5.27129775756542,-0.37910607292628,0.352864606092166,0.230084188728537,0.690366196779009,0.296409368348202,0.728927610204253,0.728927610204253,"","ALDEx2_t"
"1037","February - September","k__Bacteria|p__Pseudomonadota|c__Alphaproteobacteria|o__Rhodobacterales|f__Paracoccaceae|g__Palleronia-Pseudomaribius|s__|ASV_11182",0.208728822856278,5.259925054774,0.0409160766590183,0.479166669615223,0.771892580513115,0.977922424257357,0.711776763711117,0.956457061421015,0.956457061421015,"","ALDEx2_t"
"1038","February - September","k__Bacteria|p__Rhodothermota|c__Rhodothermia|o__Rhodothermales|f__Rhodothermaceae|g__|s__|ASV_2738",1.68149375658862,6.05132551874617,0.261654079570104,0.393229182472531,0.417669026231043,0.884824350123267,0.401868988882298,0.852746613504539,0.852746613504539,"","ALDEx2_t"
"1039","February - September","k__Bacteria|p__Bacteroidota|c__Bacteroidia|o__Chitinophagales|f__Saprospiraceae|g__|s__|ASV_8127",-0.0510412904109439,5.48978396392573,-0.0126253442858815,0.496749025165552,0.782037243689073,0.994369817002502,0.834200249310691,0.997515746309085,0.997515746309085,"","ALDEx2_t"
"1040","February - September","k__Bacteria|p__Bacteroidota|c__Bacteroidia|o__Chitinophagales|f__Saprospiraceae|g__|s__|ASV_9393",-1.12099279659094,5.49713183804642,-0.186624220494074,0.407022120203526,0.439922706756755,0.884965897172867,0.540775476710663,0.929958911684682,0.929958911684682,"","ALDEx2_t"
"1041","February - September","k__Bacteria|p__Bacteroidota|c__Bacteroidia|o__Cytophagales|f__Flammeovirgaceae|g__Rapidithrix|s__|ASV_7182",-2.23350498087616,5.54707270788996,-0.373308753722923,0.341145858296819,0.239954973787226,0.664710023894967,0.279177703690172,0.72440191139612,0.72440191139612,"","ALDEx2_t"
"1042","February - September","k__Bacteria|p__Myxococcota|c__Polyangiia|o__Polyangiales|f__Sandaracinaceae|g__|s__|ASV_7560",-1.71027175895522,6.20194171181457,-0.26166429563123,0.376302101949381,0.371826467656408,0.835484925759308,0.39908766242591,0.874057145982832,0.874057145982832,"","ALDEx2_t"
"1043","February - September","k__Bacteria|p__Pseudomonadota|c__Alphaproteobacteria|o__Rhodobacterales|f__Paracoccaceae|g__Jannaschia|s__|ASV_4456",-1.48076342553068,5.56917695718054,-0.254049794554395,0.380208351288741,0.346373424497713,0.807267985720467,0.434062207163714,0.853584418282843,0.853584418282843,"","ALDEx2_t"
"1044","February - September","k__Bacteria|p__Pseudomonadota|c__Gammaproteobacteria|o__Enterobacterales|f__Alteromonadaceae|g__|s__|ASV_5959",-1.54089091082987,5.33382363532502,-0.255615040716855,0.395318611006384,0.379617087819742,0.820607360484479,0.453612380581963,0.862495367288804,0.862495367288804,"","ALDEx2_t"
"1045","February - September","k__Bacteria|p__Pseudomonadota|c__Gammaproteobacteria|o__Pseudomonadales|f__Cellvibrionaceae|g__|s__|ASV_13000",-0.710177050330373,6.13733249430618,-0.113551292892751,0.44733420776489,0.540565336898052,0.945429445981088,0.59536353487003,0.959419559291076,0.959419559291076,"","ALDEx2_t"
"1046","February - September","k__Bacteria|p__Actinomycetota|c__Acidimicrobiia|o__Microtrichales|f__Ilumatobacteraceae|g__Ilumatobacter|s__|ASV_13508",-1.01960721463065,5.23031857670078,-0.166763977902388,0.414062512511275,0.432949239772724,0.82041819075461,0.523680077998459,0.868382173824221,0.868382173824221,"","ALDEx2_t"
"1047","February - September","k__Bacteria|p__Actinomycetota|c__Actinobacteria|o__Nitriliruptorales|f__Nitriliruptoraceae|g__|s__|ASV_15496",1.74883474397712,5.93425444840491,0.294241853886214,0.373697935727505,0.319990705620639,0.756118004581933,0.35438492060924,0.775849652321024,0.775849652321024,"","ALDEx2_t"
"1048","February - September","k__Bacteria|p__Bacteroidota|c__Bacteroidia|o__Flavobacteriales|f__Flavobacteriaceae|g__Maribacter|s__|ASV_12000",-4.20039453519083,5.11911671230502,-0.707520064693604,0.227568325080978,0.0554476642911779,0.365588706440544,0.0452055269278104,0.37128894989426,0.37128894989426,"","ALDEx2_t"
"1049","February - September","k__Bacteria|p__Chloroflexota|c__Anaerolineae|o__Ardenticatenales|f__Ardenticatenaceae|g__|s__|ASV_14123",-1.18088635389517,5.71648102635281,-0.191446291724777,0.407552096857168,0.39099309048418,0.825614056467424,0.509327228625124,0.906770717791127,0.906770717791127,"","ALDEx2_t"
"1050","February - September","k__Bacteria|p__Pseudomonadota|c__Alphaproteobacteria|o__Hyphomicrobiales|f__Rhizobiaceae|g__Martelella|s__|ASV_7223",1.06808489170213,5.09581541931782,0.199544595166923,0.406250013728096,0.434493069029268,0.840446840847199,0.485395893857455,0.848085802637321,0.848085802637321,"","ALDEx2_t"
"1051","February - September","k__Bacteria|p__Pseudomonadota|c__Alphaproteobacteria|o__Rhodobacterales|f__Paracoccaceae|g__Limibaculum|s__|ASV_1152",-2.33001664211488,5.4298919663943,-0.400672719395078,0.33550067618959,0.247853155859922,0.722078997133636,0.240424727253161,0.752590879596416,0.752590879596416,"","ALDEx2_t"
"1052","February - September","k__Bacteria|p__Pseudomonadota|c__Alphaproteobacteria|o__Rhodobacterales|f__Paracoccaceae|g__Marivita|s__|ASV_7068",-1.89198161029543,5.29108126877123,-0.330162755262671,0.360677104674578,0.325596507139606,0.777726675649514,0.347919525306602,0.818023860304201,0.818023860304201,"","ALDEx2_t"
"1053","February - September","k__Bacteria|p__Pseudomonadota|c__Alphaproteobacteria|o__Sphingomonadales|f__Sphingomonadaceae|g__Croceicoccus|s__|ASV_6402",-3.45478544709874,5.92887917698496,-0.536896842118622,0.303385449526426,0.128588726203999,0.571092139684989,0.191476633559602,0.669576041043062,0.669576041043062,"","ALDEx2_t"
"1054","February - September","k__Bacteria|p__Pseudomonadota|c__Gammaproteobacteria|o__Steroidobacterales|f__Woeseiaceae|g__Woeseia|s__|ASV_2639",-1.71054232707472,5.52822461094092,-0.298255331051176,0.355468772281907,0.322779993510939,0.809214336670143,0.336881769903438,0.846129554769472,0.846129554769472,"","ALDEx2_t"
"1055","February - September","k__Bacteria|p__Acidobacteriota|c__Thermoanaerobaculia|o__Thermoanaerobaculales|f__Thermoanaerobaculaceae|g__Subgroup_10|s__|ASV_13832",-0.485958998331546,5.52256505987979,-0.0871959840560412,0.466145838138448,0.694620190183813,0.9811293033903,0.695350687746935,0.982116079131302,0.982116079131302,"","ALDEx2_t"
"1056","February - September","k__Bacteria|p__Pseudomonadota|c__Alphaproteobacteria|o__Rhodobacterales|f__Paracoccaceae|g__|s__|ASV_4861",1.20455210978533,5.30103563172977,0.199271375263977,0.403645847471784,0.375639444243939,0.788924707720255,0.422403416953386,0.810243228986714,0.810243228986714,"","ALDEx2_t"
"1057","February - September","k__Bacteria|p__Pseudomonadota|c__Gammaproteobacteria|o__Enterobacterales|f__Vibrionaceae|g__Vibrio|s__|ASV_6980",1.63620830368992,5.5203871274203,0.281786793271838,0.373697935727505,0.355319319248226,0.785022202433926,0.370737544819899,0.780323767482765,0.780323767482765,"","ALDEx2_t"
"1058","February - September","k__Bacteria|p__Pseudomonadota|c__Gammaproteobacteria|o__Pseudomonadales|f__Halieaceae|g__|s__|ASV_15846",-1.71690134357068,5.7634842488327,-0.275470501503349,0.378906268174765,0.36785352818518,0.833441875854528,0.40367646712135,0.878122360789344,0.878122360789344,"","ALDEx2_t"
"1059","February - September","k__Bacteria|p__Pseudomonadota|c__Gammaproteobacteria|o__Pseudomonadales|f__KI89A_clade|g__|s__|ASV_5556",-2.18271565121102,5.80151697950297,-0.376462810903604,0.334200286328619,0.229814708810141,0.700149825095614,0.318733662878547,0.783647337036444,0.783647337036444,"","ALDEx2_t"
"1060","February - September","k__Bacteria|p__Bacteroidota|c__Bacteroidia|o__Chitinophagales|f__Saprospiraceae|g__|s__|ASV_1449",0.215537560033781,5.06375567155019,0.0449708544349394,0.473958337022638,0.739720199954057,0.989394388328156,0.731009116153062,0.993801114149181,0.993801114149181,"","ALDEx2_t"
"1061","February - September","k__Bacteria|p__Chloroflexota|c__Anaerolineae|o__Anaerolineales|f__Anaerolineaceae|g__|s__|ASV_3608",0.151151356860916,6.14420618576841,0.0258514816140623,0.487646295630087,0.762224282646263,0.975740701110358,0.77034652863962,0.973114342014604,0.973114342014604,"","ALDEx2_t"
"1062","February - September","k__Bacteria|p__Gemmatimonadota|c__Longimicrobiia|o__Longimicrobiales|f__Longimicrobiaceae|g__YC-ZSS-LKJ147|s__|ASV_8187",1.54992923597857,5.92535731578257,0.23522674598839,0.382314711964896,0.304153879031408,0.756370436123667,0.398740840950004,0.793653221787705,0.793653221787705,"","ALDEx2_t"
"1063","February - September","k__Bacteria|p__Pseudomonadota|c__Alphaproteobacteria|o__Rhodobacterales|f__Paracoccaceae|g__|s__|ASV_1438",-0.584583091472886,6.09225267985595,-0.0879361025020976,0.457737327194778,0.683280276498562,0.966547117755936,0.662501534674775,0.963851884433304,0.963851884433304,"","ALDEx2_t"
"1064","February - September","k__Bacteria|p__Pseudomonadota|c__Alphaproteobacteria|o__|f__Neomegalonemataceae|g__Acuticoccus|s__|ASV_15879",2.57337682685079,5.72241244097136,0.413991861809471,0.321196387798986,0.201230183848598,0.620137443541049,0.242622189696157,0.66776192577145,0.66776192577145,"","ALDEx2_t"
"1065","February - September","k__Bacteria|p__Pseudomonadota|c__Gammaproteobacteria|o__Pseudomonadales|f__Cellvibrionaceae|g__|s__|ASV_5036",-0.518782382008355,5.73164468025076,-0.0780990367702699,0.465539666777821,0.617720953897798,0.939681012916644,0.675638604984328,0.954761860094172,0.954761860094172,"","ALDEx2_t"
"1066","February - September","k__Bacteria|p__Pseudomonadota|c__Gammaproteobacteria|o__Pseudomonadales|f__Microbulbiferaceae|g__Microbulbifer|s__|ASV_10385",-0.948661243772636,5.05534573044448,-0.169042387759961,0.408322510117449,0.459372316061944,0.849097003100882,0.550746373128991,0.892996475246753,0.892996475246753,"","ALDEx2_t"
"1067","February - September","k__Bacteria|p__Acidobacteriota|c__Thermoanaerobaculia|o__Thermoanaerobaculales|f__Thermoanaerobaculaceae|g__Subgroup_10|s__|ASV_4632",-1.65391807576138,5.4496328360266,-0.282211370406362,0.391417441286116,0.439039597157584,0.891791351935019,0.454207107504153,0.920748312887256,0.920748312887256,"","ALDEx2_t"
"1068","February - September","k__Bacteria|p__Pseudomonadota|c__Alphaproteobacteria|o__Sphingomonadales|f__Sphingomonadaceae|g__|s__|ASV_8973",0.534368119431613,5.52930578088737,0.087947843784637,0.449218757249406,0.684264425706003,0.967303949635035,0.663173515368566,0.946023681648319,0.946023681648319,"","ALDEx2_t"
"1069","February - September","k__Bacteria|p__Pseudomonadota|c__Gammaproteobacteria|o__Pseudomonadales|f__Halieaceae|g__Parahaliea|s__|ASV_9065",-2.62236602782486,5.91185912009896,-0.402677685904624,0.319010446093545,0.235855358431413,0.731543443557374,0.20237528594874,0.727814226292114,0.727814226292114,"","ALDEx2_t"
"1070","February - September","k__Bacteria|p__Bacteroidota|c__Bacteroidia|o__Chitinophagales|f__Saprospiraceae|g__Lewinella|s__|ASV_8583",1.3570070314174,5.51651008025621,0.250700610588263,0.382812517519192,0.476788474673587,0.859015455272267,0.432796320044036,0.829075091731551,0.829075091731551,"","ALDEx2_t"
"1071","February - September","k__Bacteria|p__Bacteroidota|c__Bacteroidia|o__Cytophagales|f__Cyclobacteriaceae|g__|s__|ASV_11285",-1.83128293753068,5.81075319919939,-0.300469586874515,0.373211982683555,0.370731652223865,0.810414327149141,0.387492940264911,0.854019151805487,0.854019151805487,"","ALDEx2_t"
"1072","February - September","k__Bacteria|p__Bacteroidota|c__Bacteroidia|o__Flavobacteriales|f__Flavobacteriaceae|g__Robertkochia|s__|ASV_468",1.00112222708583,5.524783735752,0.191033237250446,0.404947930599631,0.510788237422788,0.909820705999744,0.459213001672241,0.893302467615725,0.893302467615725,"","ALDEx2_t"
"1073","February - September","k__Bacteria|p__Deinococcota|c__Deinococci|o__Deinococcales|f__Trueperaceae|g__Truepera|s__|ASV_14236",-1.64290904673861,5.30911418764025,-0.275637708803217,0.375000018837998,0.385833680134825,0.859323717456916,0.388151625451712,0.916483223416055,0.916483223416055,"","ALDEx2_t"
"1074","February - September","k__Bacteria|p__Gemmatimonadota|c__Longimicrobiia|o__Longimicrobiales|f__Longimicrobiaceae|g__|s__|ASV_5599",0.752526980750305,5.49549768578214,0.124438823800652,0.430429138735947,0.567630573440808,0.909093808202132,0.599738282480744,0.88994525720807,0.88994525720807,"","ALDEx2_t"
"1075","February - September","k__Bacteria|p__Pseudomonadota|c__Gammaproteobacteria|o__Enterobacterales|f__Alteromonadaceae|g__|s__|ASV_7006",-1.53305510235227,5.73141646108615,-0.244836201833262,0.386215881669355,0.363302798402012,0.795806360513489,0.443561948025558,0.865337755964418,0.865337755964418,"","ALDEx2_t"
"1076","February - September","k__Bacteria|p__Pseudomonadota|c__Gammaproteobacteria|o__Pseudomonadales|f__Cellvibrionaceae|g__|s__|ASV_9688",3.73371069079513,4.58071132287773,0.710067860112119,0.188556638680873,0.0561622859748261,0.276473772343462,0.014136937504715,0.122767120047128,0.122767120047128,"","ALDEx2_t"
"1077","February - September","k__Bacteria|p__Rhodothermota|c__Rhodothermia|o__Rhodothermales|f__Rhodothermaceae|g__|s__|ASV_15284",-1.62629113746288,5.54777720278602,-0.257738245306793,0.374512372578283,0.340960316355356,0.786362438314499,0.428523157964999,0.840073162221393,0.840073162221393,"","ALDEx2_t"
"1078","February - September","k__Bacteria|p__Cyanobacteriota|c__Cyanobacteriia|o__Cyanobacteriales|f__Microcystaceae|g__Synechocystis_BDHKU-20401|s__|ASV_733",0.870636750550587,5.27682603757983,0.136105425153522,0.425781260722246,0.551915941453475,0.926409622976745,0.55262853386602,0.907895271308718,0.907895271308718,"","ALDEx2_t"
"1079","February - September","k__Bacteria|p__Pseudomonadota|c__Gammaproteobacteria|o__Ectothiorhodospirales|f__Ectothiorhodospiraceae|g__Thiogranum|s__|ASV_13819",-0.984035463714036,6.24569813403,-0.147831633845433,0.435630698430412,0.567087447802367,0.950701434640885,0.57310497249419,0.947959845679643,0.947959845679643,"","ALDEx2_t"
"1080","February - September","k__Bacteria|p__Pseudomonadota|c__Gammaproteobacteria|o__Enterobacterales|f__Alteromonadaceae|g__Alteromonas|s__|ASV_3498",-1.10386687427282,5.52980424670194,-0.160420889646299,0.428385426996648,0.483758113470164,0.897521721222596,0.545307863618075,0.934266546151141,0.934266546151141,"","ALDEx2_t"
"1081","February - September","k__Bacteria|p__Pseudomonadota|c__Gammaproteobacteria|o__Enterobacterales|f__Alteromonadaceae|g__|s__|ASV_6570",-1.65236272790707,5.10619814864279,-0.301657785943594,0.358907693904281,0.314150694346197,0.759917247930318,0.361374214357456,0.798575898487025,0.798575898487025,"","ALDEx2_t"
"1082","February - September","k__Bacteria|p__Pseudomonadota|c__Gammaproteobacteria|o__Pseudomonadales|f__Halieaceae|g__Pseudohaliea|s__|ASV_13472",-2.40032146469166,5.25680429380388,-0.397042200795822,0.340702235647023,0.238441498760301,0.712667365753978,0.293332865457836,0.78634112717417,0.78634112717417,"","ALDEx2_t"
"1083","February - September","k__Bacteria|p__Pseudomonadota|c__Gammaproteobacteria|o__Steroidobacterales|f__Woeseiaceae|g__Woeseia|s__|ASV_8035",-1.48810967834495,5.50225042017133,-0.245637684999753,0.383615101865586,0.504498673602581,0.921468441081323,0.417639459409886,0.927811466639282,0.927811466639282,"","ALDEx2_t"
"1084","February - September","k__Bacteria|p__Rhodothermota|c__Rhodothermia|o__Rhodothermales|f__Rhodothermaceae|g__|s__|ASV_7515",3.10146499022142,5.68376103480334,0.494558194872791,0.305989615602544,0.144968048645499,0.525939439053618,0.168588074476842,0.530214898742193,0.530214898742193,"","ALDEx2_t"
"1085","February - September","k__Bacteria|p__Rhodothermota|c__Rhodothermia|o__Rhodothermales|f__Rhodothermaceae|g__|s__|ASV_9456",-2.69196122274459,5.08269864489315,-0.476519934732467,0.300781283458179,0.162453219590591,0.602571651065228,0.160870492031525,0.622435941155622,0.622435941155622,"","ALDEx2_t"
"1086","February - September","k__Bacteria|p__Thermodesulfobacteriota|c__Desulfobulbia|o__Desulfobulbales|f__Desulfobulbaceae|g__|s__|ASV_8037",-0.563423990623431,6.03897167131803,-0.0913236651177275,0.451235377548979,0.649052276916777,0.958348243269411,0.683155685868345,0.960973036190777,0.960973036190777,"","ALDEx2_t"
"1087","February - September","k__Bacteria|p__Actinomycetota|c__Actinobacteria|o__Euzebyales|f__Euzebyaceae|g__|s__|ASV_8144",1.20006179345197,5.62214060268393,0.197289079474435,0.397919390823389,0.439325665960188,0.912158474743329,0.438848734133682,0.883389488726792,0.883389488726792,"","ALDEx2_t"
"1088","February - September","k__Bacteria|p__Bacteroidota|c__Bacteroidia|o__Chitinophagales|f__Saprospiraceae|g__|s__|ASV_8386",-1.03896282181924,5.62459117648284,-0.161773758585023,0.408854179986838,0.514389725161138,0.897609645443074,0.526522577654544,0.915672957557353,0.915672957557353,"","ALDEx2_t"
"1089","February - September","k__Bacteria|p__Cyanobacteriota|c__Cyanobacteriia|o__Cyanobacteriales|f__Xenococcaceae|g__Pleurocapsa_PCC-7319|s__|ASV_7062",-1.56662944204341,6.00538656898114,-0.238547927476483,0.394018221098918,0.468703431071345,0.881106150345935,0.493982722797797,0.902590438464022,0.902590438464022,"","ALDEx2_t"
"1090","February - September","k__Bacteria|p__Pseudomonadota|c__Alphaproteobacteria|o__Caulobacterales|f__Hyphomonadaceae|g__Euryhalocaulis|s__|ASV_13612",-1.53478306991998,5.95574062589499,-0.221051966587998,0.385416683752895,0.439540780683261,0.884847333080874,0.471741402400601,0.905499198721342,0.905499198721342,"","ALDEx2_t"
"1091","February - September","k__Bacteria|p__Pseudomonadota|c__Alphaproteobacteria|o__Rhodobacterales|f__Paracoccaceae|g__Actibacterium|s__|ASV_1137",0.690630821614812,5.82623383121618,0.108452219157036,0.44733420776489,0.57670836736452,0.935581506206623,0.56945333636447,0.917366807149431,0.917366807149431,"","ALDEx2_t"
"1092","February - September","k__Bacteria|p__Pseudomonadota|c__Alphaproteobacteria|o__Rhodobacterales|f__Paracoccaceae|g__Limibaculum|s__|ASV_11834",1.7017660744167,5.16847695386901,0.316236496289867,0.360208083788291,0.356843072613456,0.820477462019413,0.368288109117965,0.796702258317945,0.796702258317945,"","ALDEx2_t"
"1093","February - September","k__Bacteria|p__Thermodesulfobacteriota|c__Desulfobulbia|o__Desulfobulbales|f__Desulfocapsaceae|g__|s__|ASV_10762",-3.95186506729153,5.53760014333206,-0.601258152298104,0.248697964172301,0.0950991452440974,0.46794577259269,0.0948755244704817,0.507271916657672,0.507271916657672,"","ALDEx2_t"
"1094","February - September","k__Bacteria|p__Verrucomicrobiota|c__Verrucomicrobiia|o__Verrucomicrobiales|f__Rubritaleaceae|g__Haloferula|s__|ASV_655",-0.930971187785364,4.88644941383181,-0.159684912010245,0.418725629449136,0.480499001325124,0.854924665170457,0.565776987117237,0.901060973719612,0.901060973719612,"","ALDEx2_t"
"1095","February - September","k__Bacteria|p__Actinomycetota|c__Actinobacteria|o__Nitriliruptorales|f__Nitriliruptoraceae|g__|s__|ASV_10455",3.12356830329024,5.18746505643901,0.547649662606557,0.268229208374106,0.137779273610466,0.504583259041515,0.115936329810484,0.457165708717618,0.457165708717618,"","ALDEx2_t"
"1096","February - September","k__Bacteria|p__Bacteroidota|c__Bacteroidia|o__Bacteroidales|f__Prolixibacteraceae|g__|s__|ASV_3832",-3.15381064253842,5.89005616249673,-0.489648745589156,0.305989615602544,0.154246776383448,0.586000009950798,0.185048316600448,0.652944558629639,0.652944558629639,"","ALDEx2_t"
"1097","February - September","k__Bacteria|p__Bacteroidota|c__Bacteroidia|o__Chitinophagales|f__Saprospiraceae|g__Lewinella|s__|ASV_8608",-2.45036809392176,5.34722674995028,-0.394824074849419,0.317295218270439,0.223950362374452,0.688993736610078,0.270031475393801,0.735675344535955,0.735675344535955,"","ALDEx2_t"
"1098","February - September","k__Bacteria|p__Bacteroidota|c__Bacteroidia|o__Flavobacteriales|f__Flavobacteriaceae|g__Winogradskyella|s__|ASV_13686",-3.0767537802857,5.44953447193329,-0.524362549236127,0.296875034371075,0.167097999711254,0.588560278106864,0.175477105888122,0.655447386155346,0.655447386155346,"","ALDEx2_t"
"1099","February - September","k__Bacteria|p__Chloroflexota|c__Anaerolineae|o__Anaerolineales|f__Anaerolineaceae|g__ADurb.Bin120|s__|ASV_707",-3.19863418516958,5.73494549573702,-0.527532447513973,0.305989615602544,0.156038930160818,0.575929463448665,0.203756787931244,0.660641426321392,0.660641426321392,"","ALDEx2_t"
"1100","February - September","k__Bacteria|p__Chloroflexota|c__Anaerolineae|o__Anaerolineales|f__Anaerolineaceae|g__|s__|ASV_6002",-1.28059259473713,5.92401179159005,-0.190724598835756,0.408322510117449,0.426653026281683,0.837700073830216,0.530446901685776,0.901384049255189,0.901384049255189,"","ALDEx2_t"
"1101","February - September","k__Bacteria|p__Myxococcota|c__Polyangiia|o__Polyangiales|f__Sandaracinaceae|g__|s__|ASV_10742",-3.44639319276687,5.63880116299891,-0.549677190785344,0.287386252439134,0.145691695419988,0.593514376922009,0.122631186727023,0.605998113462987,0.605998113462987,"","ALDEx2_t"
"1102","February - September","k__Bacteria|p__Pseudomonadota|c__Alphaproteobacteria|o__Hyphomicrobiales|f__Devosiaceae|g__|s__|ASV_11111",1.49897054677832,5.57053279298566,0.25754232930015,0.371093769509244,0.457645810181651,0.878242732910454,0.400515187317226,0.847594044094994,0.847594044094994,"","ALDEx2_t"
"1103","February - September","k__Bacteria|p__Pseudomonadota|c__Alphaproteobacteria|o__Hyphomicrobiales|f__Devosiaceae|g__|s__|ASV_12167",0.462087680392871,5.48938410828455,0.073117249253106,0.456436937265091,0.742692211955296,0.988599954846121,0.738421196622902,0.988593477024098,0.988593477024098,"","ALDEx2_t"
"1104","February - September","k__Bacteria|p__Pseudomonadota|c__Alphaproteobacteria|o__Hyphomicrobiales|f__Rhizobiaceae|g__Oricola|s__|ASV_10272",-2.55112045542237,5.5956898144494,-0.40008998489781,0.313394048756993,0.242658238076761,0.713004365881463,0.234566296979538,0.732016031429186,0.732016031429186,"","ALDEx2_t"
"1105","February - September","k__Bacteria|p__Pseudomonadota|c__Alphaproteobacteria|o__Rhodobacterales|f__Paracoccaceae|g__|s__|ASV_8569",-1.97661530461903,5.49756660523052,-0.318981847514924,0.372395852617916,0.351743832836028,0.844498869515638,0.403423528912533,0.893732978902271,0.893732978902271,"","ALDEx2_t"
"1106","February - September","k__Bacteria|p__Rhodothermota|c__Rhodothermia|o__Rhodothermales|f__Rhodothermaceae|g__|s__|ASV_10187",-2.48457150691402,5.49142640874767,-0.409160587684509,0.332899896469044,0.210387620587998,0.661797548590642,0.245592276527316,0.714068376872934,0.714068376872934,"","ALDEx2_t"
"1107","February - September","k__Bacteria|p__Bacteroidota|c__Bacteroidia|o__Cytophagales|f__Cyclobacteriaceae|g__Fulvivirga|s__|ASV_115",-0.0709083968290676,5.81403513553413,-0.0134343130158532,0.490885417954849,0.768083377887554,0.986694025619426,0.773048706093509,0.978394224873816,0.978394224873816,"","ALDEx2_t"
"1108","February - September","k__Bacteria|p__Bacteroidota|c__Bacteroidia|o__Cytophagales|f__Cyclobacteriaceae|g__Roseivirga|s__|ASV_15880",-2.40530790573019,5.28637404537735,-0.395035333347611,0.332899896469044,0.24869654594767,0.723008941821541,0.249013624768689,0.752474458565444,0.752474458565444,"","ALDEx2_t"
"1109","February - September","k__Bacteria|p__Bacteroidota|c__Bacteroidia|o__Flavobacteriales|f__Flavobacteriaceae|g__Tenacibaculum|s__|ASV_12003",-0.836018968000888,5.37703719198571,-0.138723654738828,0.440104175252253,0.649030271054978,0.960445706547629,0.622465319354727,0.962177116485372,0.962177116485372,"","ALDEx2_t"
"1110","February - September","k__Bacteria|p__Balneolota|c__Balneolia|o__Balneolales|f__Balneolaceae|g__|s__|ASV_4902",3.38825324173396,5.40953347488849,0.57904927176448,0.26918079556181,0.110313332154882,0.473436257342667,0.0880139739072006,0.419421228347896,0.419421228347896,"","ALDEx2_t"
"1111","February - September","k__Bacteria|p__Planctomycetota|c__Planctomycetes|o__Pirellulales|f__Pirellulaceae|g__Rubripirellula|s__|ASV_7030",-2.54924848141705,5.26876316308713,-0.415972699021075,0.325520861402674,0.205996149284947,0.642135237480593,0.261485769497026,0.723051519455641,0.723051519455641,"","ALDEx2_t"
"1112","February - September","k__Bacteria|p__Thermodesulfobacteriota|c__Desulfobacteria|o__Desulfobacterales|f__Desulfobacteraceae|g__Desulfobacter|s__|ASV_4282",-2.2125557002238,5.65182040428287,-0.347086417324794,0.350260439906993,0.250354672293169,0.700623976109753,0.321985023931681,0.768964209667233,0.768964209667233,"","ALDEx2_t"
"1113","February - September","k__Bacteria|p__Bacteroidota|c__Bacteroidia|o__Chitinophagales|f__Saprospiraceae|g__Phaeodactylibacter|s__|ASV_15113",0.373605850579913,6.21862254740877,0.0581939181786174,0.474642396300368,0.741078602674772,0.993125565218534,0.768294941194221,0.986626159336574,0.986626159336574,"","ALDEx2_t"
"1114","February - September","k__Bacteria|p__Bacteroidota|c__Bacteroidia|o__Cytophagales|f__Cyclobacteriaceae|g__Fulvivirga|s__|ASV_10945",-2.37631246271322,5.06698981042416,-0.402840383503055,0.322916695274242,0.208744713144979,0.640134228093817,0.235718504914288,0.705272235772856,0.705272235772856,"","ALDEx2_t"
"1115","February - September","k__Bacteria|p__Planctomycetota|c__Planctomycetes|o__Pirellulales|f__Pirellulaceae|g__Rhodopirellula|s__|ASV_9414",-2.42359436055497,6.10669666487094,-0.393438391096593,0.336801066051935,0.24631325665516,0.743170486464062,0.271662887838202,0.790235553947879,0.790235553947879,"","ALDEx2_t"
"1116","February - September","k__Bacteria|p__Pseudomonadota|c__Alphaproteobacteria|o__Hyphomicrobiales|f__Rhizobiaceae|g__Pseudahrensia|s__|ASV_8399",0.584371420975139,5.62771054402377,0.103225473092198,0.455729172970894,0.71280179864921,0.982597369809754,0.681395039478122,0.958649365260989,0.958649365260989,"","ALDEx2_t"
"1117","February - September","k__Bacteria|p__Pseudomonadota|c__Gammaproteobacteria|o__Burkholderiales|f__Nitrosomonadaceae|g__|s__|ASV_10411",-1.2134250947605,5.82582448421161,-0.202742412026014,0.391417441286116,0.475793563283372,0.880401273407648,0.517084460687549,0.903815385090873,0.903815385090873,"","ALDEx2_t"
"1118","February - September","k__Bacteria|p__Actinomycetota|c__Thermoleophilia|o__Solirubrobacterales|f__67-14|g__|s__|ASV_11122",1.25299782770664,5.20643092754055,0.21662534513665,0.398437514966783,0.405383871969885,0.802766095086979,0.449973311913218,0.830620809256237,0.830620809256237,"","ALDEx2_t"
"1119","February - September","k__Bacteria|p__Verrucomicrobiota|c__Verrucomicrobiia|o__Verrucomicrobiales|f__DEV007|g__|s__|ASV_15353",-1.21527741868031,5.43670015242997,-0.196363099871265,0.404421340377483,0.41209154060143,0.872949169037651,0.48916603392149,0.911763139539202,0.911763139539202,"","ALDEx2_t"
"1120","February - September","k__Bacteria|p__Bacteroidota|c__Bacteroidia|o__Chitinophagales|f__Saprospiraceae|g__|s__|ASV_4360",-1.41109176079195,5.56615779450788,-0.233160941656536,0.396619000914545,0.495946802871387,0.883840882693571,0.477590327629027,0.893866650685104,0.893866650685104,"","ALDEx2_t"
"1121","February - September","k__Bacteria|p__Bacteroidota|c__Bacteroidia|o__Flavobacteriales|f__Flavobacteriaceae|g__Gramella|s__|ASV_6794",-1.03851349195435,5.2752934207728,-0.17830883768588,0.410923289947047,0.524060886739852,0.93357328591236,0.514774659588796,0.950278539144105,0.950278539144105,"","ALDEx2_t"
"1122","February - September","k__Bacteria|p__Pseudomonadota|c__Alphaproteobacteria|o__Rhodobacterales|f__Paracoccaceae|g__|s__|ASV_4203",3.39585237896446,5.52106993609751,0.565529728237849,0.281250038222012,0.112237043948343,0.445885239826578,0.127182242814394,0.452715730652053,0.452715730652053,"","ALDEx2_t"
"1123","February - September","k__Bacteria|p__Pseudomonadota|c__Alphaproteobacteria|o__Sphingomonadales|f__Sphingomonadaceae|g__Qipengyuania|s__|ASV_13409",-0.931891007103961,5.25621389924856,-0.152746356695439,0.41612484961297,0.488233279063944,0.863423989605167,0.561558168472899,0.878387894794941,0.878387894794941,"","ALDEx2_t"
"1124","February - September","k__Bacteria|p__Rhodothermota|c__Rhodothermia|o__Rhodothermales|f__Rhodothermaceae|g__|s__|ASV_2717",1.98509989454544,5.81558201985684,0.318155585112328,0.359375021574801,0.291827834056009,0.740654365701842,0.318254799279332,0.762973938378624,0.762973938378624,"","ALDEx2_t"
"1125","February - September","k__Bacteria|p__Thermodesulfobacteriota|c__Desulfobacteria|o__Desulfatiglandales|f__Desulfatiglandaceae|g__Desulfatiglans|s__|ASV_6997",-1.51380521529655,5.68427213634594,-0.266090213197393,0.373211982683555,0.357343257656884,0.768264336959477,0.444256925728397,0.829420501877196,0.829420501877196,"","ALDEx2_t"
"1126","February - September","k__Bacteria|p__Actinomycetota|c__Actinobacteria|o__Euzebyales|f__Euzebyaceae|g__Euzebya|s__|ASV_2735",1.2021823910382,5.66032582328099,0.180194575234982,0.417425239530795,0.549716814779447,0.93887426290008,0.5693796765978,0.934988005510853,0.934988005510853,"","ALDEx2_t"
"1127","February - September","k__Bacteria|p__Chloroflexota|c__Anaerolineae|o__Aggregatilineales|f__A4b|g__|s__|ASV_10524",-2.68736355258787,5.07600036558906,-0.491984911619964,0.284785472854701,0.181369683670121,0.640307454903996,0.149248699270678,0.61737782618393,0.61737782618393,"","ALDEx2_t"
"1128","February - September","k__Bacteria|p__Chloroflexota|c__Anaerolineae|o__Anaerolineales|f__Anaerolineaceae|g__ADurb.Bin120|s__|ASV_3163",-1.41141612450053,5.77576166177241,-0.237270575365831,0.37971393216597,0.352116606890567,0.813494738126634,0.464292388040853,0.883340178218153,0.883340178218153,"","ALDEx2_t"
"1129","February - September","k__Bacteria|p__Myxococcota|c__Polyangiia|o__Polyangiales|f__BIrii41|g__|s__|ASV_2804",-0.0554291782388896,5.83163038529447,-0.00911088675600835,0.497395833701273,0.758357117321306,0.97765686784928,0.754417020504734,0.958578063183524,0.958578063183524,"","ALDEx2_t"
"1130","February - September","k__Bacteria|p__Planctomycetota|c__Planctomycetes|o__Pirellulales|f__Pirellulaceae|g__Pir4_lineage|s__|ASV_1166",1.58371797947424,5.49670673323587,0.255660373013127,0.383615101865586,0.41868025742793,0.874065864147277,0.349645092590812,0.839255906204719,0.839255906204719,"","ALDEx2_t"
"1131","February - September","k__Bacteria|p__Pseudomonadota|c__Alphaproteobacteria|o__Hyphomicrobiales|f__Rhizobiaceae|g__|s__|ASV_2926",-3.06590774225932,5.43197326764921,-0.494524173743883,0.319895997954499,0.142820407416597,0.558393339026031,0.173177404983292,0.63217811367142,0.63217811367142,"","ALDEx2_t"
"1132","February - September","k__Bacteria|p__Pseudomonadota|c__Alphaproteobacteria|o__Rhodobacterales|f__Paracoccaceae|g__Limibaculum|s__|ASV_7555",1.16687736053476,6.01930956975768,0.171824828679321,0.414824459695674,0.435344621451763,0.885466054569402,0.458444629997308,0.859123129165072,0.859123129165072,"","ALDEx2_t"
"1133","February - September","k__Bacteria|p__Pseudomonadota|c__Alphaproteobacteria|o__Rhodobacterales|f__Paracoccaceae|g__|s__|ASV_15974",-1.57368149448984,4.939631448095,-0.280539849059481,0.358907693904281,0.309931057429691,0.778265380296513,0.388677135999181,0.851906233219688,0.851906233219688,"","ALDEx2_t"
"1134","February - September","k__Bacteria|p__Rhodothermota|c__Rhodothermia|o__Rhodothermales|f__Rhodothermaceae|g__Rubricoccus|s__|ASV_12641",1.40794801514821,5.85313655654118,0.223615261776712,0.402343764344564,0.463161556271841,0.888959763440814,0.449920603692982,0.879782762293842,0.879782762293842,"","ALDEx2_t"
"1135","February - September","k__Bacteria|p__Actinomycetota|c__Acidimicrobiia|o__Acidimicrobiales|f__Acidimicrobiaceae|g__|s__|ASV_9339",3.44152436582126,5.6349897625792,0.549567304687578,0.265279626301009,0.114715412112738,0.500762884486433,0.0906457735796308,0.426992638946345,0.426992638946345,"","ALDEx2_t"
"1136","February - September","k__Bacteria|p__Bacteroidota|c__Bacteroidia|o__Bacteroidales|f__Marinifilaceae|g__|s__|ASV_14354",-1.94945959371442,5.49882673959473,-0.342444030686762,0.33940184578067,0.260640320665635,0.733914957252429,0.317167953697938,0.812027988240449,0.812027988240449,"","ALDEx2_t"
"1137","February - September","k__Bacteria|p__Bacteroidota|c__Bacteroidia|o__Flavobacteriales|f__Flavobacteriaceae|g__Sungkyunkwania|s__|ASV_12555",-2.9706578520849,5.24444119326256,-0.489825733655813,0.303385449526426,0.176324359927424,0.597532009367597,0.173557999704899,0.640141586740219,0.640141586740219,"","ALDEx2_t"
"1138","February - September","k__Bacteria|p__Cyanobacteriota|c__Cyanobacteriia|o__Cyanobacteriales|f__Nostocaceae|g__Rivularia_PCC-7116|s__|ASV_2166",-0.410692807262081,5.18948506755468,-0.0714933596899066,0.460937505552837,0.640665130343025,0.94775764969824,0.682101694807918,0.957215476164614,0.957215476164614,"","ALDEx2_t"
"1139","February - September","k__Bacteria|p__Pseudomonadota|c__Alphaproteobacteria|o__Hyphomicrobiales|f__Stappiaceae|g__Roseibium|s__|ASV_11950",-4.30199415860554,4.70566123408322,-0.840575813920371,0.184895907183131,0.040867590667723,0.299260018604155,0.0160393044077339,0.223837612201114,0.223837612201114,"","ALDEx2_t"
"1140","February - September","k__Bacteria|p__Pseudomonadota|c__Alphaproteobacteria|o__Rhodobacterales|f__Paracoccaceae|g__Limibaculum|s__|ASV_6882",0.652966604470254,6.03386971034737,0.111033850073745,0.433593759550673,0.665236508943487,0.976548511329994,0.622992378444513,0.964514842040459,0.964514842040459,"","ALDEx2_t"
"1141","February - September","k__Bacteria|p__Pseudomonadota|c__Alphaproteobacteria|o__Rhodobacterales|f__Paracoccaceae|g__|s__|ASV_12539",-2.34237606226273,5.6382676563174,-0.384914263747025,0.337239609054441,0.211514950438668,0.693960968347815,0.266201791566389,0.778666880977012,0.778666880977012,"","ALDEx2_t"
"1142","February - September","k__Bacteria|p__Pseudomonadota|c__Alphaproteobacteria|o__|f__Neomegalonemataceae|g__Acuticoccus|s__|ASV_11070",0.349204131354756,5.12167499401159,0.0587597007225382,0.466145838138448,0.723069828611548,0.970945204815216,0.695300845485615,0.960034716580017,0.960034716580017,"","ALDEx2_t"
"1143","February - September","k__Bacteria|p__Pseudomonadota|c__Gammaproteobacteria|o__Ectothiorhodospirales|f__Thioalkalispiraceae|g__Thiohalophilus|s__|ASV_1620",-1.20954864489477,5.49761843011566,-0.223219309269663,0.396619000914545,0.33977100026382,0.763789780341675,0.413528547585642,0.830381690814648,0.830381690814648,"","ALDEx2_t"
"1144","February - September","k__Bacteria|p__Pseudomonadota|c__Gammaproteobacteria|o__Pseudomonadales|f__Alcanivoracaceae|g__Ketobacter|s__|ASV_7134",-1.18770186764927,5.98098864587057,-0.184240872805339,0.407552096857168,0.535912674038317,0.927475168642648,0.56895930513994,0.939034307032458,0.939034307032458,"","ALDEx2_t"
"1145","February - September","k__Bacteria|p__Pseudomonadota|c__Gammaproteobacteria|o__Steroidobacterales|f__Woeseiaceae|g__Woeseia|s__|ASV_14902",-3.65827650385504,5.24806561066742,-0.614584705069601,0.253576118688241,0.10447716721986,0.488378147565869,0.0877762899958434,0.504180319405854,0.504180319405854,"","ALDEx2_t"
"1146","February - September","k__Bacteria|p__Thermodesulfobacteriota|c__Desulfobacteria|o__Desulfobacterales|f__Desulfosarcinaceae|g__Desulfatitalea|s__|ASV_5386",-0.322796778986116,4.90124922092924,-0.0534763682202863,0.467447921285364,0.600601964892024,0.910122179002806,0.703544758974704,0.948379710282754,0.948379710282754,"","ALDEx2_t"
"1147","February - September","k__Bacteria|p__Verrucomicrobiota|c__Kiritimatiellia|o__Kiritimatiellales|f__Kiritimatiellaceae|g__R76-B128|s__|ASV_5011",-1.07156741908014,5.30680529207331,-0.161720759073256,0.416666678776809,0.445890024800904,0.847551312474101,0.536604749550322,0.893286725734803,0.893286725734803,"","ALDEx2_t"
"1148","February - September","k__Bacteria|p__Bacteroidota|c__Bacteroidia|o__Cytophagales|f__Cyclobacteriaceae|g__Marinoscillum|s__|ASV_227",1.55445273356858,5.61741889946582,0.26395342762596,0.381510434403554,0.385998283726209,0.79615387661448,0.401540842364494,0.800044924308191,0.800044924308191,"","ALDEx2_t"
"1149","February - September","k__Bacteria|p__Cyanobacteriota|c__Cyanobacteriia|o__Cyanobacteriales|f__Xenococcaceae|g__Chroococcidiopsis_PCC-6712|s__|ASV_3345",-0.294766118047414,4.90202720564213,-0.0618162783577377,0.468140446640521,0.602974689963268,0.904282270971077,0.683800243495568,0.9325301237109,0.9325301237109,"","ALDEx2_t"
"1150","February - September","k__Bacteria|p__Planctomycetota|c__Planctomycetes|o__Planctomycetales|f__Rubinisphaeraceae|g__Planctomicrobium|s__|ASV_4177",-0.083407748565028,5.87084207118483,-0.0159143518783557,0.489583334805691,0.738363074010757,0.979932239384474,0.790199210955285,0.983314759202221,0.983314759202221,"","ALDEx2_t"
"1151","February - September","k__Bacteria|p__Planctomycetota|c__Planctomycetes|o__Planctomycetales|f__Rubinisphaeraceae|g__|s__|ASV_9127",-4.16670079628674,4.54473627565164,-0.83540197128763,0.162548851961254,0.0243517216309765,0.266390042598356,0.0106056774276336,0.195639002360479,0.195639002360479,"","ALDEx2_t"
"1152","February - September","k__Bacteria|p__Pseudomonadota|c__Alphaproteobacteria|o__Rhodobacterales|f__Paracoccaceae|g__Tropicimonas-Psychromarinibacter|s__|ASV_204",-0.362493339463648,4.88755502786652,-0.0504063702721454,0.474642396300368,0.597601844039644,0.916001604460255,0.674147191166116,0.94227102010951,0.94227102010951,"","ALDEx2_t"
"1153","February - September","k__Bacteria|p__Pseudomonadota|c__Gammaproteobacteria|o__Pseudomonadales|f__Nitrincolaceae|g__Marinobacterium|s__|ASV_12692",2.60011556591576,5.64081400643657,0.413885810321714,0.315994828430913,0.207956087365648,0.659780389836055,0.162919236630579,0.599271580794082,0.599271580794082,"","ALDEx2_t"
"1154","February - September","k__Bacteria|p__Verrucomicrobiota|c__Verrucomicrobiia|o__Opitutales|f__Puniceicoccaceae|g__Verruc-01|s__|ASV_14543",-3.17817565146946,5.41679307806973,-0.506869704403635,0.305989615602544,0.117116706948493,0.542434783503127,0.145527378736656,0.61315474287441,0.61315474287441,"","ALDEx2_t"
"1155","February - September","k__Bacteria|p__Verrucomicrobiota|c__Verrucomicrobiia|o__Verrucomicrobiales|f__DEV007|g__|s__|ASV_8775",-0.983485975618819,5.12553564302622,-0.1731208130534,0.415364595643774,0.495956512073948,0.884385104994746,0.556681646926065,0.920433459669916,0.920433459669916,"","ALDEx2_t"
"1156","February - September","k__Bacteria|p__Bacillota|c__Clostridia|o__Peptostreptococcales-Tissierellales|f__Peptostreptococcaceae|g__Romboutsia|s__|ASV_8542",-3.8057466792792,5.45610651562091,-0.579933012087762,0.264322959475278,0.10104457155678,0.496897372715998,0.106639540442563,0.544725458856491,0.544725458856491,"","ALDEx2_t"
"1157","February - September","k__Bacteria|p__Bacteroidota|c__Bacteroidia|o__Flavobacteriales|f__Flavobacteriaceae|g__Hoppeia|s__|ASV_1461",-1.91527098644911,5.48853544594418,-0.295670274456551,0.361508473673348,0.36909354024443,0.802267872302452,0.375880762333978,0.845627724959794,0.845627724959794,"","ALDEx2_t"
"1158","February - September","k__Bacteria|p__Bacteroidota|c__Bacteroidia|o__Flavobacteriales|f__Flavobacteriaceae|g__Robertkochia|s__|ASV_3583",-0.104135812638232,4.96462098884909,-0.0245416203121155,0.486979168507563,0.671300496456192,0.949628562442825,0.723627740735002,0.974175641389692,0.974175641389692,"","ALDEx2_t"
"1159","February - September","k__Bacteria|p__Balneolota|c__Balneolia|o__Balneolales|f__Balneolaceae|g__|s__|ASV_1012",-3.98519896680378,4.94163452673638,-0.706841115488683,0.233072969411808,0.0635516534639487,0.402762808074618,0.0518550832034099,0.394275552090489,0.394275552090489,"","ALDEx2_t"
"1160","February - September","k__Bacteria|p__Cyanobacteriota|c__Cyanobacteriia|o__Phormidesmiales|f__Phormidesmiaceae|g__Phormidium_MBIC10003|s__|ASV_13926",-0.937425717423482,5.05518892856978,-0.166005730196875,0.415364595643774,0.472996653374143,0.874301553910889,0.545788061968318,0.909189855502051,0.909189855502051,"","ALDEx2_t"
"1161","February - September","k__Bacteria|p__Hydrogenedentes|c__Hydrogenedentia|o__Hydrogenedentiales|f__Hydrogenedensaceae|g__|s__|ASV_14174",-0.328491487067066,6.18274631801063,-0.0528451045406616,0.468140446640521,0.79347551758111,0.994735587654284,0.733766359309522,0.995293267531477,0.995293267531477,"","ALDEx2_t"
"1162","February - September","k__Bacteria|p__Nitrospirota|c__Nitrospiria|o__Nitrospirales|f__Nitrospiraceae|g__Nitrospira|s__|ASV_10748",-0.278784738487723,6.0094728236126,-0.0437446415261015,0.471354170727221,0.660737384544157,0.971718402322929,0.699745225497346,0.969622363613957,0.969622363613957,"","ALDEx2_t"
"1163","February - September","k__Bacteria|p__Pseudomonadota|c__Alphaproteobacteria|o__Rhodobacterales|f__Paracoccaceae|g__|s__|ASV_3279",-0.0526278578094015,5.79363133425785,-0.00877236187286963,0.496093750551928,0.803360120741626,0.994749775790353,0.796943528775707,0.988622949325689,0.988622949325689,"","ALDEx2_t"
"1164","February - September","k__Bacteria|p__Pseudomonadota|c__Alphaproteobacteria|o__Sphingomonadales|f__Sphingomonadaceae|g__Sphingomicrobium|s__|ASV_6904",-2.58839239809358,5.30234928034678,-0.43550977460355,0.325520861402674,0.224282877439051,0.657879356278034,0.271119372597217,0.729983324223725,0.729983324223725,"","ALDEx2_t"
"1165","February - September","k__Bacteria|p__Pseudomonadota|c__Gammaproteobacteria|o__Pseudomonadales|f__Halomonadaceae|g__Halomonas|s__|ASV_8266",0.755737739735367,5.7748216860099,0.108506477456675,0.440832258131106,0.621398815841906,0.964133402467333,0.618852818587389,0.943209103427421,0.943209103427421,"","ALDEx2_t"
"1166","February - September","k__Bacteria|p__Pseudomonadota|c__Gammaproteobacteria|o__Steroidobacterales|f__Woeseiaceae|g__Woeseia|s__|ASV_11187",-0.770751759219183,5.17453407343277,-0.144073573772912,0.42912874881337,0.463610311526312,0.858981534910109,0.554442558741064,0.902259571414894,0.902259571414894,"","ALDEx2_t"
"1167","February - September","k__Bacteria|p__Pseudomonadota|c__Gammaproteobacteria|o__Steroidobacterales|f__Woeseiaceae|g__Woeseia|s__|ASV_14750",-1.4521996796974,5.24685261877213,-0.247146124955174,0.38802084998975,0.38461610657684,0.82662287753508,0.449901928734881,0.857407013267345,0.857407013267345,"","ALDEx2_t"
"1168","February - September","k__Bacteria|p__Actinomycetota|c__Acidimicrobiia|o__Microtrichales|f__Microtrichaceae|g__|s__|ASV_12814",-1.29807780559356,5.65283601552557,-0.221728690720963,0.401820560553915,0.472507448318391,0.919478482838982,0.500140385761768,0.934580528429155,0.934580528429155,"","ALDEx2_t"
"1169","February - September","k__Bacteria|p__Actinomycetota|c__Actinobacteria|o__Nitriliruptorales|f__Nitriliruptoraceae|g__|s__|ASV_633",-0.429816317576635,5.4141403651924,-0.0817669438622756,0.465539666777821,0.656158386780649,0.942721787308174,0.72008692938758,0.94910833853819,0.94910833853819,"","ALDEx2_t"
"1170","February - September","k__Bacteria|p__Bacteroidota|c__Bacteroidia|o__Cytophagales|f__Cyclobacteriaceae|g__Ekhidna|s__|ASV_14662",-0.166335382233809,5.97004568222274,-0.0251491698299236,0.490885417954849,0.780179780567626,0.984823596492398,0.804571902471603,0.989896422692484,0.989896422692484,"","ALDEx2_t"
"1171","February - September","k__Bacteria|p__Chloroflexota|c__Anaerolineae|o__Caldilineales|f__Caldilineaceae|g__|s__|ASV_1226",1.03548995898576,5.39082496243815,0.170139760420553,0.420572928179032,0.548985688601257,0.911192261815844,0.548967739379681,0.903042145838196,0.903042145838196,"","ALDEx2_t"
"1172","February - September","k__Bacteria|p__Myxococcota|c__Polyangiia|o__Haliangiales|f__Haliangiaceae|g__|s__|ASV_15528",0.545457026244635,5.54936689867435,0.0928610156499068,0.459037717124713,0.745305465993369,0.991566988279429,0.686759866109795,0.971936926982794,0.971936926982794,"","ALDEx2_t"
"1173","February - September","k__Bacteria|p__Planctomycetota|c__Planctomycetes|o__Pirellulales|f__Pirellulaceae|g__Bythopirellula|s__|ASV_14072",-0.963784328382856,5.67170367148162,-0.171235556875914,0.427828358891227,0.543750866183716,0.910864873572386,0.560459466142116,0.937253836255837,0.937253836255837,"","ALDEx2_t"
"1174","February - September","k__Bacteria|p__Pseudomonadota|c__Alphaproteobacteria|o__Rhodobacterales|f__Paracoccaceae|g__Allosediminivita|s__|ASV_12916",1.10360008083408,5.4444659795103,0.197790924043677,0.403120950465384,0.407361188802562,0.827992696843943,0.485097932358562,0.847908052389005,0.847908052389005,"","ALDEx2_t"
"1175","February - September","k__Bacteria|p__Pseudomonadota|c__Alphaproteobacteria|o__Rhodobacterales|f__Paracoccaceae|g__Pikeienuella|s__|ASV_14678",-0.131066056771269,6.06262361061821,-0.0188832102150604,0.490247075497121,0.809107948499698,0.993982985197973,0.769254731189695,0.995165389308692,0.995165389308692,"","ALDEx2_t"
"1176","February - September","k__Bacteria|p__Pseudomonadota|c__Alphaproteobacteria|o__Rhodobacterales|f__Paracoccaceae|g__|s__|ASV_10800",-0.628450424004781,5.46373603197709,-0.10228957529215,0.444010424677607,0.521423374953979,0.886028241236025,0.613794926910652,0.915009447937251,0.915009447937251,"","ALDEx2_t"
"1177","February - September","k__Bacteria|p__Pseudomonadota|c__Alphaproteobacteria|o__Sphingomonadales|f__Sphingomonadaceae|g__Qipengyuania|s__|ASV_3190",-1.14238825118128,5.20179337490627,-0.183094871404908,0.415364595643774,0.447043752157104,0.840537325187154,0.541256067974629,0.885426043965234,0.885426043965234,"","ALDEx2_t"
"1178","February - September","k__Bacteria|p__Bacteroidota|c__Bacteroidia|o__Flavobacteriales|f__Flavobacteriaceae|g__Muricauda|s__|ASV_4268",-1.56935849214654,5.36999392601592,-0.274857238946657,0.380208351288741,0.356695421219887,0.798895926986152,0.414360166813601,0.840693123408327,0.840693123408327,"","ALDEx2_t"
"1179","February - September","k__Bacteria|p__Bacteroidota|c__Bacteroidia|o__Flavobacteriales|f__Flavobacteriaceae|g__Robiginitalea|s__|ASV_15981",-0.790826665168129,5.76758721009443,-0.125034405590104,0.430989593272814,0.510070514725063,0.920218029452557,0.596681610177076,0.949773136432318,0.949773136432318,"","ALDEx2_t"
"1180","February - September","k__Bacteria|p__Pseudomonadota|c__Alphaproteobacteria|o__Hyphomicrobiales|f__Rhizobiaceae|g__|s__|ASV_7337",0.282296771322194,5.40642405313846,0.0417368306266763,0.477243176165384,0.716794940974496,0.973075075736111,0.6907641423054,0.956314176966024,0.956314176966024,"","ALDEx2_t"
"1181","February - September","k__Bacteria|p__Pseudomonadota|c__Gammaproteobacteria|o__Chromatiales|f__Chromatiaceae|g__Candidatus_Thiobios|s__|ASV_6706",-1.47715965448805,5.7164222989685,-0.247394914564336,0.386215881669355,0.325567453643657,0.791447818956816,0.421578685271856,0.848435743211266,0.848435743211266,"","ALDEx2_t"
"1182","February - September","k__Bacteria|p__Pseudomonadota|c__Gammaproteobacteria|o__Enterobacterales|f__Vibrionaceae|g__Catenococcus|s__|ASV_14741",0.777132426703685,5.93031894176212,0.131448349499917,0.440832258131106,0.638957913478816,0.984882258775181,0.593129953255286,0.959960496029024,0.959960496029024,"","ALDEx2_t"
"1183","February - September","k__Bacteria|p__Thermodesulfobacteriota|c__Desulfobulbia|o__Desulfobulbales|f__Desulfocapsaceae|g__|s__|ASV_15239",0.0515538574441301,5.57749427123846,0.00753165740041596,0.497395833701273,0.767283895502669,0.98583201832783,0.74375649116582,0.966603136415115,0.966603136415115,"","ALDEx2_t"
"1184","February - September","k__Bacteria|p__Actinomycetota|c__Actinobacteria|o__Nitriliruptorales|f__Nitriliruptoraceae|g__|s__|ASV_856",1.82705823983239,5.12814130492384,0.339480083820856,0.352864606092166,0.28672247811139,0.750199956909844,0.303196843118518,0.748056002820702,0.748056002820702,"","ALDEx2_t"
"1185","February - September","k__Bacteria|p__Bacteroidota|c__Bacteroidia|o__Chitinophagales|f__Saprospiraceae|g__Lewinella|s__|ASV_12953",-2.54530010322697,5.0261014474581,-0.409613593403871,0.306892099603291,0.195891179472499,0.626004335780858,0.226039710957874,0.672517796507004,0.672517796507004,"","ALDEx2_t"
"1186","February - September","k__Bacteria|p__Bacteroidota|c__Bacteroidia|o__Flavobacteriales|f__Flavobacteriaceae|g__Robiginitalea|s__|ASV_12043",-0.526394331824261,5.50033105938704,-0.0751376907184673,0.461638496985292,0.669962678315634,0.955614561945457,0.70951600171181,0.967589099194139,0.967589099194139,"","ALDEx2_t"
"1187","February - September","k__Bacteria|p__Bacteroidota|c__Bacteroidia|o__Flavobacteriales|f__Flavobacteriaceae|g__|s__|ASV_2932",-0.957586537518163,6.03471013744645,-0.150825559352016,0.431729528658948,0.506796832662645,0.885674657782412,0.569938544364674,0.905544116680627,0.905544116680627,"","ALDEx2_t"
"1188","February - September","k__Bacteria|p__Chloroflexota|c__Anaerolineae|o__Aggregatilineales|f__A4b|g__|s__|ASV_12727",1.40194320307142,5.17056797614642,0.270983491232641,0.373697935727505,0.395956883032867,0.805670174051035,0.386373552182271,0.791131986882535,0.791131986882535,"","ALDEx2_t"
"1189","February - September","k__Bacteria|p__Chloroflexota|c__Anaerolineae|o__Caldilineales|f__Caldilineaceae|g__|s__|ASV_14004",-3.77672508653762,5.33014247460812,-0.61983252627099,0.256510461762487,0.100424153244251,0.472300865476935,0.0890728532765861,0.494852037384563,0.494852037384563,"","ALDEx2_t"
"1190","February - September","k__Bacteria|p__Pseudomonadota|c__Alphaproteobacteria|o__Hyphomicrobiales|f__Hyphomicrobiaceae|g__Filomicrobium|s__|ASV_130",2.73337172661116,4.97366727925254,0.484532139725896,0.310793269090078,0.203277916123411,0.660840500990416,0.174534829444011,0.630368073331084,0.630368073331084,"","ALDEx2_t"
"1191","February - September","k__Bacteria|p__Pseudomonadota|c__Alphaproteobacteria|o__Kiloniellales|f__Kiloniellaceae|g__Pelagibius|s__|ASV_4281",-0.729094770894801,6.22839424678644,-0.121957805996663,0.446614590962869,0.558623865615968,0.920818165018278,0.621292258101973,0.935674237007819,0.935674237007819,"","ALDEx2_t"
"1192","February - September","k__Bacteria|p__Pseudomonadota|c__Gammaproteobacteria|o__Chromatiales|f__Chromatiaceae|g__Thiohalocapsa|s__|ASV_14778",-2.14227175893278,5.39964191301687,-0.362087766718697,0.370611202896825,0.25503106288524,0.689425187884612,0.291297289246626,0.755200145976017,0.755200145976017,"","ALDEx2_t"
"1193","February - September","k__Bacteria|p__Rhodothermota|c__Rhodothermia|o__Rhodothermales|f__Rhodothermaceae|g__|s__|ASV_12679",1.3049052431129,5.24937015597695,0.213045945320791,0.390117051380802,0.479862645501165,0.862268638955023,0.450116124495037,0.813624624339072,0.813624624339072,"","ALDEx2_t"
"1194","February - September","k__Bacteria|p__Rhodothermota|c__Rhodothermia|o__Rhodothermales|f__Rhodothermaceae|g__|s__|ASV_13110",0.235644682418291,5.50371339752338,0.0318147107183648,0.481144345963873,0.74041764363654,0.982873398666009,0.708217138730162,0.97305024878705,0.97305024878705,"","ALDEx2_t"
"1195","February - September","k__Bacteria|p__Actinomycetota|c__Actinobacteria|o__Euzebyales|f__Euzebyaceae|g__Euzebya|s__|ASV_2264",-0.251388632896981,5.88008607785105,-0.0459608185087742,0.479166669615223,0.741297811234729,0.980951966349167,0.778450847972528,0.987539209689654,0.987539209689654,"","ALDEx2_t"
"1196","February - September","k__Bacteria|p__Cyanobacteriota|c__Cyanobacteriia|o__Cyanobacteriales|f__Xenococcaceae|g__Pleurocapsa_PCC-7319|s__|ASV_14141",-2.16137053889947,5.48909631620321,-0.345679185349917,0.343303015383606,0.278808087745755,0.719980455582753,0.332312425993545,0.768966373794203,0.768966373794203,"","ALDEx2_t"
"1197","February - September","k__Bacteria|p__Pseudomonadota|c__Alphaproteobacteria|o__Kiloniellales|f__Kiloniellaceae|g__Pelagibius|s__|ASV_14443",0.438639391918938,4.90101022160436,0.0757335029369597,0.462239588698916,0.578947275601057,0.915195208182198,0.662769328489185,0.915935949848679,0.915935949848679,"","ALDEx2_t"
"1198","February - September","k__Bacteria|p__Pseudomonadota|c__Gammaproteobacteria|o__Ectothiorhodospirales|f__Ectothiorhodospiraceae|g__Thiogranum|s__|ASV_6435",-0.412225344161037,6.17880529003369,-0.0619285044350609,0.466145838138448,0.652961190121397,0.967166840963076,0.670311457623007,0.978368652790039,0.978368652790039,"","ALDEx2_t"
"1199","February - September","k__Bacteria|p__Pseudomonadota|c__Gammaproteobacteria|o__Pseudomonadales|f__Halieaceae|g__|s__|ASV_13665",-2.51578297191084,5.4616392036363,-0.403996216164482,0.336801066051935,0.261660568611902,0.715937025468656,0.265072499746686,0.765910401683593,0.765910401683593,"","ALDEx2_t"
"1200","February - September","k__Bacteria|p__Verrucomicrobiota|c__Verrucomicrobiia|o__Opitutales|f__Puniceicoccaceae|g__Pelagicoccus|s__|ASV_14309",1.86725239191604,5.39193107113474,0.296457905378635,0.364109253446544,0.335420437993705,0.774067044361014,0.309501998960119,0.761546107462187,0.761546107462187,"","ALDEx2_t"
"1201","February - September","k__Bacteria|p__Bacteroidota|c__Bacteroidia|o__Chitinophagales|f__Saprospiraceae|g__Flavilitoribacter|s__|ASV_15475",-2.42242461574471,5.08856762279248,-0.4101917157079,0.332031276750343,0.255226127313388,0.689304497500409,0.236164762452684,0.710478193760174,0.710478193760174,"","ALDEx2_t"
"1202","February - September","k__Bacteria|p__Chloroflexota|c__Anaerolineae|o__Aggregatilineales|f__A4b|g__|s__|ASV_8302",-0.901121562825062,5.70903870035437,-0.147488466256468,0.426527968969526,0.604731141169077,0.952713128877079,0.605216626509343,0.971846556251787,0.971846556251787,"","ALDEx2_t"
"1203","February - September","k__Bacteria|p__Deinococcota|c__Deinococci|o__Deinococcales|f__Trueperaceae|g__Truepera|s__|ASV_12777",0.505584745731663,4.97924620345896,0.0908022046802079,0.448634597692618,0.57698842876893,0.897064386113847,0.63102959620303,0.898334912254503,0.898334912254503,"","ALDEx2_t"
"1204","February - September","k__Bacteria|p__Planctomycetota|c__Planctomycetes|o__Pirellulales|f__Pirellulaceae|g__Blastopirellula|s__|ASV_12568",-4.17861049482884,4.20060847341773,-0.952309288470702,0.143043015461537,0.0170630937318215,0.212513496392244,0.00345546817565259,0.114480494931541,0.114480494931541,"","ALDEx2_t"
"1205","February - September","k__Bacteria|p__Pseudomonadota|c__Alphaproteobacteria|o__Rhodobacterales|f__Paracoccaceae|g__Jannaschia|s__|ASV_7536",-1.03128342665049,5.23677222732031,-0.180375251850656,0.41796876191037,0.455200950981848,0.859575662751901,0.578983707162235,0.909075948938693,0.909075948938693,"","ALDEx2_t"
"1206","February - September","k__Bacteria|p__Pseudomonadota|c__Alphaproteobacteria|o__Rhodobacterales|f__Paracoccaceae|g__|s__|ASV_1099",-2.27850929917704,5.37500878578509,-0.39891079494947,0.334635442899602,0.236801556423115,0.677145839454184,0.271388033133074,0.7256681142938,0.7256681142938,"","ALDEx2_t"
"1207","February - September","k__Bacteria|p__Pseudomonadota|c__Alphaproteobacteria|o__Sphingomonadales|f__Sphingomonadaceae|g__Croceibacterium|s__|ASV_7944",1.21614985958837,5.5816414818075,0.223432760558597,0.401820560553915,0.544722431029817,0.913758764311621,0.509626299527468,0.89492988630209,0.89492988630209,"","ALDEx2_t"
"1208","February - September","k__Bacteria|p__Pseudomonadota|c__Gammaproteobacteria|o__Ectothiorhodospirales|f__Thioalkalispiraceae|g__|s__|ASV_3277",-0.538423456758269,5.50993460603133,-0.0915576061751394,0.449218757249406,0.528928162563694,0.907643928994011,0.627451978084844,0.935257289908041,0.935257289908041,"","ALDEx2_t"
"1209","February - September","k__Bacteria|p__Pseudomonadota|c__Gammaproteobacteria|o__Enterobacterales|f__Vibrionaceae|g__Vibrio|s__|ASV_7051",-0.0214221167808812,5.29538658772617,-0.00348331282526524,0.498697916850633,0.762183797342314,0.969946153854213,0.762517832504855,0.959304772468344,0.959304772468344,"","ALDEx2_t"
"1210","February - September","k__Bacteria|p__Rhodothermota|c__Rhodothermia|o__Rhodothermales|f__Rhodothermaceae|g__Rubricoccus|s__|ASV_10120",-0.992192181713372,5.26766766282265,-0.154973827859779,0.42392718912749,0.576477773183408,0.937683062961957,0.5740968196269,0.96014944852493,0.96014944852493,"","ALDEx2_t"
"1211","February - September","k__Bacteria|p__Thermodesulfobacteriota|c__Desulfobacteria|o__Desulfobacterales|f__Desulfosarcinaceae|g__SEEP-SRB1|s__|ASV_13449",-4.09848438971939,3.88667966200935,-0.973035905486505,0.13802094080077,0.0173901630835573,0.186124512790256,0.00261840593700955,0.101856885096904,0.101856885096904,"","ALDEx2_t"
"1212","February - September","k__Bacteria|p__Bacteroidota|c__Bacteroidia|o__Chitinophagales|f__Saprospiraceae|g__|s__|ASV_1242",-3.07026607591039,4.91389339728674,-0.558786419863145,0.266580016051631,0.13879347298846,0.531876108893698,0.105196582131356,0.502361109459443,0.502361109459443,"","ALDEx2_t"
"1213","February - September","k__Bacteria|p__Bacteroidota|c__Bacteroidia|o__Cytophagales|f__Cyclobacteriaceae|g__Tunicatimonas|s__|ASV_15963",-2.51670941499954,5.42576750697533,-0.40708954485435,0.320312529152154,0.228603251195379,0.665564622867419,0.270791728777852,0.734134923507151,0.734134923507151,"","ALDEx2_t"
"1214","February - September","k__Bacteria|p__Planctomycetota|c__Planctomycetes|o__Pirellulales|f__Pirellulaceae|g__Rhodopirellula|s__|ASV_14365",-1.23132355571117,5.77096198368416,-0.192220300244695,0.411458346247924,0.463912531728965,0.881656249120462,0.525465304608906,0.921208004754671,0.921208004754671,"","ALDEx2_t"
"1215","February - September","k__Bacteria|p__Planctomycetota|c__Planctomycetes|o__Pirellulales|f__Pirellulaceae|g__Rhodopirellula|s__|ASV_5930",-1.47921835493056,5.3690157825412,-0.247922154041004,0.394018221098918,0.394727197303081,0.810116210630469,0.444876186645667,0.855674052934271,0.855674052934271,"","ALDEx2_t"
"1216","February - September","k__Bacteria|p__Pseudomonadota|c__Alphaproteobacteria|o__Caulobacterales|f__Hyphomonadaceae|g__Litorimonas|s__|ASV_366",-1.62507720560665,5.53380340771572,-0.26458258869672,0.371911592789731,0.357428695939212,0.777177756061806,0.431508094623609,0.832457159077886,0.832457159077886,"","ALDEx2_t"
"1217","February - September","k__Bacteria|p__Pseudomonadota|c__Alphaproteobacteria|o__Kiloniellales|f__Kiloniellaceae|g__Pelagibius|s__|ASV_3338",-0.787251207454673,5.81861715967971,-0.115941217335442,0.436931088355023,0.574429166424824,0.930550029138706,0.603679108888319,0.936472903021169,0.936472903021169,"","ALDEx2_t"
"1218","February - September","k__Bacteria|p__Rhodothermota|c__Rhodothermia|o__Rhodothermales|f__Rhodothermaceae|g__|s__|ASV_5458",0.643492674554534,5.59323805426582,0.100457768348673,0.446614590962869,0.60822887149128,0.968548128232778,0.615458038247424,0.958018229063895,0.958018229063895,"","ALDEx2_t"
"1219","February - September","k__Bacteria|p__Actinomycetota|c__Acidimicrobiia|o__Microtrichales|f__Ilumatobacteraceae|g__Ilumatobacter|s__|ASV_8483",-0.326393609727321,5.53745660054727,-0.0491047780650934,0.466145838138448,0.709132482914816,0.957322505605005,0.736949047133375,0.974671225401667,0.974671225401667,"","ALDEx2_t"
"1220","February - September","k__Bacteria|p__Bacteroidota|c__Bacteroidia|o__Cytophagales|f__Cyclobacteriaceae|g__Tunicatimonas|s__|ASV_4541",0.420502019778462,5.42888866495736,0.0763961451385874,0.467447921285364,0.644516023714873,0.945214905376698,0.649635545942986,0.916970968314783,0.916970968314783,"","ALDEx2_t"
"1221","February - September","k__Bacteria|p__Pseudomonadota|c__Alphaproteobacteria|o__Kiloniellales|f__Kiloniellaceae|g__Pelagibius|s__|ASV_15689",0.491761981785867,5.04343531245013,0.0761817087613177,0.458333339261375,0.572824152553707,0.918302563741198,0.623949042464636,0.915480834689865,0.915480834689865,"","ALDEx2_t"
"1222","February - September","k__Bacteria|p__Pseudomonadota|c__Alphaproteobacteria|o__Sphingomonadales|f__Sphingomonadaceae|g__Croceibacterium|s__|ASV_8946",1.05726444027635,5.70534558989914,0.181805585183893,0.408322510117449,0.461744242878991,0.838492881378593,0.52457515279259,0.837479182784492,0.837479182784492,"","ALDEx2_t"
"1223","February - September","k__Bacteria|p__Pseudomonadota|c__Gammaproteobacteria|o__Pseudomonadales|f__Hahellaceae|g__Hahella|s__|ASV_139",1.05621960663396,4.87138087070216,0.190349816183413,0.397135431842184,0.461309096374514,0.886340293969627,0.464415300698259,0.853860473689109,0.853860473689109,"","ALDEx2_t"
"1224","February - September","k__Bacteria|p__Rhodothermota|c__Rhodothermia|o__Rhodothermales|f__Rhodothermaceae|g__Rubrivirga|s__|ASV_123",0.784555546662967,5.21304723613215,0.147035522022216,0.42447917758573,0.446225963042095,0.822650439795551,0.496941727150726,0.822503063574634,0.822503063574634,"","ALDEx2_t"
"1225","February - September","k__Bacteria|p__Actinomycetota|c__Actinobacteria|o__Nitriliruptorales|f__Nitriliruptoraceae|g__|s__|ASV_1950",-0.976371738735057,5.34035506385027,-0.173524379675871,0.421326409287335,0.545218047794135,0.937546226226979,0.566056504783748,0.962228853823764,0.962228853823764,"","ALDEx2_t"
"1226","February - September","k__Bacteria|p__Cyanobacteriota|c__Cyanobacteriia|o__Cyanobacteriales|f__Xenococcaceae|g__Chroococcidiopsis_PCC-6712|s__|ASV_12044",1.12938388779317,5.78308877908058,0.195275461997347,0.392717831192158,0.494044950009284,0.895720397723512,0.46013838860443,0.871452067415632,0.871452067415632,"","ALDEx2_t"
"1227","February - September","k__Bacteria|p__Pseudomonadota|c__Alphaproteobacteria|o__Rhodobacterales|f__Paracoccaceae|g__Pikeienuella|s__|ASV_9663",-0.500213135955558,5.84927113510447,-0.0733671407972884,0.460338107054887,0.633756996078706,0.95347229077329,0.662379754533392,0.945634410637689,0.945634410637689,"","ALDEx2_t"
"1228","February - September","k__Bacteria|p__Pseudomonadota|c__Alphaproteobacteria|o__Rhodobacterales|f__Paracoccaceae|g__Sediminimonas|s__|ASV_528",-2.13985989398031,5.25875512954482,-0.353050067395065,0.33940184578067,0.286804651326499,0.77924908070699,0.285558090953333,0.798612787321035,0.798612787321035,"","ALDEx2_t"
"1229","February - September","k__Bacteria|p__Pseudomonadota|c__Gammaproteobacteria|o__Enterobacterales|f__Vibrionaceae|g__Vibrio|s__|ASV_1395",1.32162995843165,5.86194193132448,0.202020545981558,0.403120950465384,0.442407535368575,0.860634071145763,0.472289713500257,0.847577315869286,0.847577315869286,"","ALDEx2_t"
"1230","February - September","k__Bacteria|p__Rhodothermota|c__Rhodothermia|o__Rhodothermales|f__Rhodothermaceae|g__Rubrivirga|s__|ASV_12511",-1.41850632761115,5.65414960286718,-0.24887380096472,0.400520170643085,0.35398258249992,0.805712674454784,0.445254285209507,0.890613751136623,0.890613751136623,"","ALDEx2_t"
"1231","February - September","k__Bacteria|p__Rhodothermota|c__Rhodothermia|o__Rhodothermales|f__Rhodothermaceae|g__Rubrivirga|s__|ASV_15801",1.56315870217845,5.09089759509792,0.282394267159731,0.382314711964896,0.431669268945418,0.846537058160881,0.421436496729479,0.811370287606978,0.811370287606978,"","ALDEx2_t"
"1232","February - September","k__Bacteria|p__Rhodothermota|c__Rhodothermia|o__Rhodothermales|f__Rhodothermaceae|g__|s__|ASV_14251",2.61952725480851,5.59086083797044,0.409386621650913,0.332031276750343,0.200808175628206,0.607956238510135,0.252932003090798,0.640187898482702,0.640187898482702,"","ALDEx2_t"
"1233","February - September","k__Bacteria|p__Verrucomicrobiota|c__Verrucomicrobiia|o__Verrucomicrobiales|f__Rubritaleaceae|g__Haloferula|s__|ASV_8423",-2.35155993645806,5.81157037773494,-0.357709013837879,0.346354190638092,0.285560222292209,0.753373819562842,0.328606290419266,0.818768046419885,0.818768046419885,"","ALDEx2_t"
"1234","February - September","k__Bacteria|p__Actinomycetota|c__Acidimicrobiia|o__Microtrichales|f__Ilumatobacteraceae|g__Ilumatobacter|s__|ASV_11502",-1.6956026405769,5.50336393724131,-0.298219621225408,0.371911592789731,0.306090059746328,0.776083399707229,0.382698393232491,0.831755706077325,0.831755706077325,"","ALDEx2_t"
"1235","February - September","k__Bacteria|p__Bacteroidota|c__Bacteroidia|o__Cytophagales|f__Cyclobacteriaceae|g__Marinoscillum|s__|ASV_7754",-0.846409510146738,5.98400588346674,-0.127637532504639,0.431729528658948,0.631086047894331,0.975960831477963,0.648823029255709,0.981075523222819,0.981075523222819,"","ALDEx2_t"
"1236","February - September","k__Bacteria|p__Bacteroidota|c__Bacteroidia|o__Flavobacteriales|f__Flavobacteriaceae|g__Gramella|s__|ASV_1032",-0.346313151199913,4.72497431221076,-0.0652931128219979,0.459037717124713,0.581522912594436,0.917426986510351,0.661982645879158,0.958351839572531,0.958351839572531,"","ALDEx2_t"
"1237","February - September","k__Bacteria|p__Bacteroidota|c__Bacteroidia|o__Flavobacteriales|f__Flavobacteriaceae|g__Nonlabens|s__|ASV_11333",-3.25387222732177,5.17030111100676,-0.554115429988927,0.295188591247635,0.139048794390246,0.538795653670374,0.146986781642775,0.58818713786231,0.58818713786231,"","ALDEx2_t"
"1238","February - September","k__Bacteria|p__Myxococcota|c__Polyangiia|o__Polyangiales|f__Sandaracinaceae|g__|s__|ASV_3686",0.766761843034448,5.64949057421822,0.124695307021927,0.447916674105982,0.601263307035873,0.970838248996627,0.599695148643421,0.953974691078534,0.953974691078534,"","ALDEx2_t"
"1239","February - September","k__Bacteria|p__Pseudomonadota|c__Alphaproteobacteria|o__Hyphomicrobiales|f__Devosiaceae|g__|s__|ASV_13035",0.394730417947732,5.95495416587985,0.0570048722472521,0.469440836572152,0.691528148372913,0.978547044353466,0.683691614407601,0.957910417419832,0.957910417419832,"","ALDEx2_t"
"1240","February - September","k__Bacteria|p__Pseudomonadota|c__Alphaproteobacteria|o__Hyphomicrobiales|f__Rhizobiaceae|g__|s__|ASV_7290",1.31599058678664,5.93778920120173,0.198384440615449,0.403645847471784,0.45165534685854,0.907050053185632,0.451922759125213,0.897140343853551,0.897140343853551,"","ALDEx2_t"
"1241","February - September","k__Bacteria|p__Pseudomonadota|c__Alphaproteobacteria|o__Kiloniellales|f__Kiloniellaceae|g__Tistlia|s__|ASV_11585",0.443866978472264,6.03910267200542,0.0646046025080975,0.460338107054887,0.678183419522736,0.970021762490546,0.678741935792536,0.958670349702402,0.958670349702402,"","ALDEx2_t"
"1242","February - September","k__Bacteria|p__Pseudomonadota|c__Alphaproteobacteria|o__Rhodobacterales|f__Paracoccaceae|g__Jannaschia|s__|ASV_12644",-1.41381440615363,5.1486940728982,-0.284092117684746,0.369791686401503,0.32204838640562,0.757234728980339,0.40374471276805,0.81147661459457,0.81147661459457,"","ALDEx2_t"
"1243","February - September","k__Bacteria|p__Pseudomonadota|c__Gammaproteobacteria|o__Chromatiales|f__Sedimenticolaceae|g__Sedimenticola|s__|ASV_271",-1.78502531048656,5.62169763417779,-0.269574096485434,0.361979187775402,0.363854893305406,0.862284439332579,0.319848988926674,0.899451886319209,0.899451886319209,"","ALDEx2_t"
"1244","February - September","k__Bacteria|p__Pseudomonadota|c__Gammaproteobacteria|o__Enterobacterales|f__Alteromonadaceae|g__Glaciecola|s__|ASV_8800",-2.57285200294803,5.34083640513103,-0.4293828016361,0.314694438593089,0.195428217278085,0.641393887293875,0.258503016976461,0.708059414189704,0.708059414189704,"","ALDEx2_t"
"1245","February - September","k__Bacteria|p__Acidobacteriota|c__Blastocatellia|o__Blastocatellales|f__Blastocatellaceae|g__Blastocatella|s__|ASV_7595",1.58104028689212,5.18452913932039,0.272030531286804,0.361508473673348,0.407552997194615,0.802803946476356,0.390172588739333,0.79684511048154,0.79684511048154,"","ALDEx2_t"
"1246","February - September","k__Bacteria|p__Actinomycetota|c__Acidimicrobiia|o__Microtrichales|f__Microtrichaceae|g__Sva0996_marine_group|s__|ASV_8762",3.98286522949234,5.20339873347745,0.678942605301226,0.243173001048111,0.0701947511686527,0.339614299435642,0.0549711432605959,0.299000942366484,0.299000942366484,"","ALDEx2_t"
"1247","February - September","k__Bacteria|p__Bacteroidota|c__Bacteroidia|o__Bacteroidales|f__Prolixibacteraceae|g__Draconibacterium|s__|ASV_10943",-3.15237692251194,5.52506736978031,-0.475088452599213,0.313394048756993,0.152529678256916,0.588802881050375,0.183500664116641,0.652288326762183,0.652288326762183,"","ALDEx2_t"
"1248","February - September","k__Bacteria|p__Bacteroidota|c__Bacteroidia|o__Flavobacteriales|f__Cryomorphaceae|g__Vicingus|s__|ASV_578",0.0911655632351858,4.97047839965853,0.0162749495572623,0.490885417954849,0.71563280789587,0.960472675322231,0.740917735746384,0.95381032541139,0.95381032541139,"","ALDEx2_t"
"1249","February - September","k__Bacteria|p__Cyanobacteriota|c__Cyanobacteriia|o__Cyanobacteriales|f__Xenococcaceae|g__Chroococcidiopsis_PCC-6712|s__|ASV_3072",-0.486955453096177,5.72107029038523,-0.073774973898826,0.458333339261375,0.638239835831673,0.953673007824399,0.683223463485465,0.973456439755832,0.973456439755832,"","ALDEx2_t"
"1250","February - September","k__Bacteria|p__Planctomycetota|c__Planctomycetes|o__Pirellulales|f__Pirellulaceae|g__Pir4_lineage|s__|ASV_786",-1.4617932739718,5.53422310769153,-0.234523740463678,0.403645847471784,0.367170191386834,0.820820985607537,0.467809462776926,0.89788913333058,0.89788913333058,"","ALDEx2_t"
"1251","February - September","k__Bacteria|p__Planctomycetota|c__Planctomycetes|o__Pirellulales|f__Pirellulaceae|g__Rhodopirellula|s__|ASV_3695",-0.564160945031013,5.37327155037514,-0.103615283645462,0.451235377548979,0.602554652638318,0.930867104756989,0.642748195971312,0.958663332263775,0.958663332263775,"","ALDEx2_t"
"1252","February - September","k__Bacteria|p__Planctomycetota|c__Planctomycetes|o__Planctomycetales|f__Gimesiaceae|g__|s__|ASV_12350",-3.52441029283001,5.44285970672691,-0.56926391469655,0.265279626301009,0.111927078257753,0.48975596604621,0.104031044020759,0.530842136219458,0.530842136219458,"","ALDEx2_t"
"1253","February - September","k__Bacteria|p__Planctomycetota|c__Planctomycetes|o__Planctomycetales|f__Rubinisphaeraceae|g__Planctomicrobium|s__|ASV_10419",-1.19425764416451,5.40046860406951,-0.218197924281077,0.400520170643085,0.373903412867458,0.840281136414474,0.492647653972256,0.905403455735835,0.905403455735835,"","ALDEx2_t"
"1254","February - September","k__Bacteria|p__Pseudomonadota|c__Alphaproteobacteria|o__Caulobacterales|f__Parvularculaceae|g__Hyphococcus|s__|ASV_5943",-1.59649801808635,5.63878095248736,-0.299553289336591,0.384114600635644,0.345896202199306,0.810201260888197,0.384160292296376,0.8445723605258,0.8445723605258,"","ALDEx2_t"
"1255","February - September","k__Bacteria|p__Pseudomonadota|c__Alphaproteobacteria|o__Rhodobacterales|f__Paracoccaceae|g__|s__|ASV_4436",-2.20150014558058,5.25195327803951,-0.366646948174097,0.353706134379022,0.234956795351391,0.66883752529915,0.311447569038177,0.769572446155895,0.769572446155895,"","ALDEx2_t"
"1256","February - September","k__Bacteria|p__Pseudomonadota|c__Alphaproteobacteria|o__Sphingomonadales|f__Sphingomonadaceae|g__|s__|ASV_10904",0.233744152515199,5.53593722323258,0.0324462114357372,0.486979168507563,0.707429651575378,0.978651466519177,0.69571286174873,0.968200484866299,0.968200484866299,"","ALDEx2_t"
"1257","February - September","k__Bacteria|p__Pseudomonadota|c__Alphaproteobacteria|o__Sphingomonadales|f__Sphingomonadaceae|g__|s__|ASV_9836",-1.38388806921919,5.47797595956453,-0.238606123148278,0.389322933109329,0.360997774873291,0.797271776414229,0.44739271814385,0.864958289702668,0.864958289702668,"","ALDEx2_t"
"1258","February - September","k__Bacteria|p__Pseudomonadota|c__Gammaproteobacteria|o__Pseudomonadales|f__Pseudohongiellaceae|g__Pseudohongiella|s__|ASV_12563",0.618002055783667,6.13258433674578,0.10030264479924,0.441406258393687,0.620043023245431,0.96242023729724,0.604205763508096,0.931544247811049,0.931544247811049,"","ALDEx2_t"
"1259","February - September","k__Bacteria|p__Rhodothermota|c__Rhodothermia|o__Rhodothermales|f__Rhodothermaceae|g__Rubrivirga|s__|ASV_10373",0.938271111521898,5.35005659599407,0.159193022120453,0.431729528658948,0.560205081886429,0.931251125263519,0.539252739579373,0.906189819212727,0.906189819212727,"","ALDEx2_t"
"1260","February - September","k__Bacteria|p__Actinomycetota|c__Acidimicrobiia|o__Microtrichales|f__Ilumatobacteraceae|g__Ilumatobacter|s__|ASV_2899",-2.73898287265824,5.02795714324764,-0.485221164678597,0.279583913715129,0.181908647553913,0.606543916701818,0.129131169993521,0.584897554176824,0.584897554176824,"","ALDEx2_t"
"1261","February - September","k__Bacteria|p__Bacteroidota|c__Bacteroidia|o__Bacteroidales|f__Prolixibacteraceae|g__Maribellus|s__|ASV_5500",-2.98562301880192,4.76042984099124,-0.541844049318909,0.257477287862858,0.146715489207123,0.554839108251132,0.0793372717309948,0.488055410924966,0.488055410924966,"","ALDEx2_t"
"1262","February - September","k__Bacteria|p__Bacteroidota|c__Bacteroidia|o__Bacteroidales|f__Prolixibacteraceae|g__|s__|ASV_1501",-3.6785968431233,5.16774304422617,-0.601671854268788,0.259114627653707,0.104137152314484,0.488132254114584,0.0995418140632419,0.504438366481314,0.504438366481314,"","ALDEx2_t"
"1263","February - September","k__Bacteria|p__Bacteroidota|c__Bacteroidia|o__Chitinophagales|f__Saprospiraceae|g__|s__|ASV_15115",-0.235982462908801,5.86155304527092,-0.0393736568046095,0.488281251656594,0.719037700390726,0.980829013505621,0.753684750667121,0.985391705816311,0.985391705816311,"","ALDEx2_t"
"1264","February - September","k__Bacteria|p__Bacteroidota|c__Bacteroidia|o__Cytophagales|f__Cyclobacteriaceae|g__Marinoscillum|s__|ASV_403",0.961778654900023,5.19789030047954,0.153836493414731,0.420572928179032,0.52151461396551,0.899999460601843,0.537289725287668,0.893838093984955,0.893838093984955,"","ALDEx2_t"
"1265","February - September","k__Bacteria|p__Bacteroidota|c__Bacteroidia|o__Cytophagales|f__Cyclobacteriaceae|g__|s__|ASV_8590",-0.15315464594444,4.80073548128637,-0.0302056862079628,0.482444735896929,0.670515484020256,0.955743076694362,0.700820364561068,0.960142403050145,0.960142403050145,"","ALDEx2_t"
"1266","February - September","k__Bacteria|p__Balneolota|c__Balneolia|o__Balneolales|f__Balneolaceae|g__|s__|ASV_1297",2.16922719068207,5.63078876891359,0.333140173697552,0.348504574871776,0.306107473964792,0.786276008030256,0.260048456431508,0.743924429309168,0.743924429309168,"","ALDEx2_t"
"1267","February - September","k__Bacteria|p__Planctomycetota|c__Planctomycetes|o__Pirellulales|f__Pirellulaceae|g__|s__|ASV_8950",-2.36006480043087,5.37020537567123,-0.418422315549063,0.322496777645081,0.213265331660938,0.655798903105167,0.225451224430099,0.711791824528688,0.711791824528688,"","ALDEx2_t"
"1268","February - September","k__Bacteria|p__Pseudomonadota|c__Alphaproteobacteria|o__Kiloniellales|f__Kiloniellaceae|g__|s__|ASV_12965",-2.06766002011522,5.47643809196644,-0.326015816571643,0.358907693904281,0.285920629609708,0.746770719696798,0.345886416362444,0.811654990384752,0.811654990384752,"","ALDEx2_t"
"1269","February - September","k__Bacteria|p__Pseudomonadota|c__Alphaproteobacteria|o__Rhodospirillales|f__Magnetospiraceae|g__|s__|ASV_8657",0.401475802519378,5.80030472995244,0.0619589254852509,0.466840056709075,0.735096583090455,0.986608047350963,0.748561201951736,0.989918405263167,0.989918405263167,"","ALDEx2_t"
"1270","February - September","k__Bacteria|p__Pseudomonadota|c__Alphaproteobacteria|o__Sphingomonadales|f__Sphingomonadaceae|g__|s__|ASV_4999",-0.445715212820351,5.35238268051907,-0.0697628692765189,0.456436937265091,0.629183001013024,0.947454886355318,0.647210667348703,0.950671151229479,0.950671151229479,"","ALDEx2_t"
"1271","February - September","k__Bacteria|p__Pseudomonadota|c__Gammaproteobacteria|o__Pseudomonadales|f__Cellvibrionaceae|g__|s__|ASV_8305",3.41012084467574,5.25468846918882,0.561455949610401,0.264322959475278,0.122953954954752,0.450941127983713,0.109438704026321,0.431503176537433,0.431503176537433,"","ALDEx2_t"
"1272","February - September","k__Bacteria|p__Rhodothermota|c__Rhodothermia|o__Rhodothermales|f__Rhodothermaceae|g__|s__|ASV_6668",-1.21646011525602,5.87147950651619,-0.180299445124167,0.403120950465384,0.470048811282492,0.916284518700029,0.512042666917145,0.922861524316464,0.922861524316464,"","ALDEx2_t"
"1273","February - September","k__Bacteria|p__Bacteroidota|c__Bacteroidia|o__Cytophagales|f__Cyclobacteriaceae|g__Fulvivirga|s__|ASV_480",0.196344958067914,5.38798465929348,0.039480049950369,0.48046875276369,0.728348242821665,0.985399788162205,0.694147221905837,0.960006495764165,0.960006495764165,"","ALDEx2_t"
"1274","February - September","k__Bacteria|p__Myxococcota|c__Myxococcia|o__Myxococcales|f__Myxococcaceae|g__P3OB-42|s__|ASV_1140",1.69496903607746,5.47034785042082,0.284510820931107,0.360208083788291,0.361861809160531,0.799977337377858,0.347071068570009,0.767760277348113,0.767760277348113,"","ALDEx2_t"
"1275","February - September","k__Bacteria|p__Pseudomonadota|c__Alphaproteobacteria|o__Caulobacterales|f__Caulobacteraceae|g__|s__|ASV_2105",-1.61348161319038,5.86740584416111,-0.264323371259124,0.386718766870934,0.401259392540047,0.841472383010139,0.442050432047929,0.892694207360005,0.892694207360005,"","ALDEx2_t"
"1276","February - September","k__Bacteria|p__Pseudomonadota|c__Alphaproteobacteria|o__Kiloniellales|f__Kiloniellaceae|g__Limibacillus|s__|ASV_5797",-0.302576659377529,5.98610567978143,-0.0502628177257145,0.473958337022638,0.637613744874587,0.965342603552542,0.7087694136359,0.984582456922461,0.984582456922461,"","ALDEx2_t"
"1277","February - September","k__Bacteria|p__Pseudomonadota|c__Alphaproteobacteria|o__Sphingomonadales|f__Sphingomonadaceae|g__|s__|ASV_4895",-0.739729224247807,4.93414004465322,-0.130335654742909,0.427083343859222,0.527238837190429,0.903045414274007,0.596490867899263,0.929282493060721,0.929282493060721,"","ALDEx2_t"
"1278","February - September","k__Bacteria|p__Pseudomonadota|c__Alphaproteobacteria|o__|f__Neomegalonemataceae|g__Acuticoccus|s__|ASV_4438",0.610396647799731,5.78645082444768,0.0958459356427535,0.44473342791038,0.59104769621126,0.943437252615444,0.60430596228546,0.925959973997222,0.925959973997222,"","ALDEx2_t"
"1279","February - September","k__Bacteria|p__Pseudomonadota|c__Gammaproteobacteria|o__Steroidobacterales|f__Woeseiaceae|g__Woeseia|s__|ASV_4771",-2.18665285083117,5.89508171081378,-0.330526922229089,0.364583353980132,0.304639552414185,0.800242944840386,0.305244819224557,0.834439157083838,0.834439157083838,"","ALDEx2_t"
"1280","February - September","k__Bacteria|p__Thermodesulfobacteriota|c__Desulfobacteria|o__Desulfobacterales|f__Desulfosarcinaceae|g__Sva0081_sediment_group|s__|ASV_7819",-2.65585675441977,5.46091075431938,-0.422316564457893,0.309492879259311,0.21570347380345,0.651456471256818,0.243094084854942,0.710437266095867,0.710437266095867,"","ALDEx2_t"
"1281","February - September","k__Bacteria|p__Actinomycetota|c__Acidimicrobiia|o__Microtrichales|f__Ilumatobacteraceae|g__Ilumatobacter|s__|ASV_11130",-2.31447256171071,5.72625129820549,-0.342438849345593,0.347656273726522,0.259853294515014,0.722809233406107,0.314664948832464,0.79191036283896,0.79191036283896,"","ALDEx2_t"
"1282","February - September","k__Bacteria|p__Bacteroidota|c__Bacteroidia|o__Bacteroidales|f__Bacteroidetes_BD2-2|g__|s__|ASV_10532",-1.41366432068949,5.56761732745271,-0.258408716825146,0.38802084998975,0.343060159299692,0.804012783297833,0.433527804054204,0.862671365501748,0.862671365501748,"","ALDEx2_t"
"1283","February - September","k__Bacteria|p__Bacteroidota|c__Bacteroidia|o__Chitinophagales|f__Saprospiraceae|g__|s__|ASV_3210",-2.98832122788003,5.33937330784005,-0.483612204632042,0.3042913199548,0.201873062922348,0.632826510170515,0.147731665166507,0.620000876715279,0.620000876715279,"","ALDEx2_t"
"1284","February - September","k__Bacteria|p__Bacteroidota|c__Bacteroidia|o__Cytophagales|f__Cyclobacteriaceae|g__Tunicatimonas|s__|ASV_2922",1.6228062628306,5.55073260309372,0.267984256115394,0.369791686401503,0.324942298851197,0.769879624361662,0.406356202267917,0.796198806562466,0.796198806562466,"","ALDEx2_t"
"1285","February - September","k__Bacteria|p__Bacteroidota|c__Bacteroidia|o__Flavobacteriales|f__Flavobacteriaceae|g__Gramella|s__|ASV_3229",-0.812305090850856,5.16950925569508,-0.146222044769842,0.42912874881337,0.456790009176454,0.85778926006106,0.53721403161467,0.911951128820365,0.911951128820365,"","ALDEx2_t"
"1286","February - September","k__Bacteria|p__Bacteroidota|c__Bacteroidia|o__Flavobacteriales|f__Flavobacteriaceae|g__Marinirhabdus|s__|ASV_12284",-2.34695770258473,5.16356728767384,-0.417808788072165,0.329427110606824,0.225591276151928,0.676217313405776,0.252823472231262,0.716503047920713,0.716503047920713,"","ALDEx2_t"
"1287","February - September","k__Bacteria|p__Chloroflexota|c__Anaerolineae|o__Aggregatilineales|f__A4b|g__|s__|ASV_6142",-0.324738680250936,5.10382472298281,-0.0603582187922151,0.468140446640521,0.5790718794563,0.899717220279488,0.646757296916302,0.920071767829764,0.920071767829764,"","ALDEx2_t"
"1288","February - September","k__Bacteria|p__Cyanobacteriota|c__Cyanobacteriia|o__Phormidesmiales|f__Nodosilineaceae|g__Halomicronema_TFEP1|s__|ASV_15198",2.02686425229017,5.45006631155216,0.332329105359322,0.350260439906993,0.345894705210674,0.791088202103099,0.310016305688355,0.751803944723474,0.751803944723474,"","ALDEx2_t"
"1289","February - September","k__Bacteria|p__Pseudomonadota|c__Alphaproteobacteria|o__Rhodobacterales|f__Paracoccaceae|g__Limibaculum|s__|ASV_8852",-0.033462899908435,5.36583405978921,-0.00426166742106671,0.494791667402606,0.777345145694628,0.977575230718085,0.787392876696093,0.976490134598734,0.976490134598734,"","ALDEx2_t"
"1290","February - September","k__Bacteria|p__Pseudomonadota|c__Alphaproteobacteria|o__Rhodobacterales|f__Paracoccaceae|g__Marivita|s__|ASV_10920",-0.409566290242498,4.86861739795134,-0.0699062118765127,0.453125006681458,0.588691811290238,0.924484839750132,0.679722821788018,0.941259318080566,0.941259318080566,"","ALDEx2_t"
"1291","February - September","k__Bacteria|p__Pseudomonadota|c__Alphaproteobacteria|o__Sphingomonadales|f__Sphingomonadaceae|g__Pacificimonas|s__|ASV_12784",3.772582595143,5.18435996989044,0.634756994040982,0.248374559838181,0.0778179242377858,0.36611997409282,0.0532681569591399,0.3113425768157,0.3113425768157,"","ALDEx2_t"
"1292","February - September","k__Bacteria|p__Pseudomonadota|c__Gammaproteobacteria|o__Enterobacterales|f__Alteromonadaceae|g__Aestuariibacter|s__|ASV_7925",-0.0156220648314749,4.75234434520087,-0.0015122538896467,0.498697916850633,0.654389466166469,0.941965350127741,0.724884879746213,0.970414793047872,0.970414793047872,"","ALDEx2_t"
"1293","February - September","k__Bacteria|p__Verrucomicrobiota|c__Verrucomicrobiia|o__Verrucomicrobiales|f__Rubritaleaceae|g__DBS1|s__|ASV_1721",-1.59667605231641,5.86680466855975,-0.262382171964347,0.374512372578283,0.3990586311947,0.869288431120963,0.347754917569475,0.872171821080378,0.872171821080378,"","ALDEx2_t"
"1294","February - September","k__Bacteria|p__Actinomycetota|c__Rubrobacteria|o__Rubrobacterales|f__Rubrobacteriaceae|g__Rubrobacter|s__|ASV_2748",0.408187448848438,4.66172625129762,0.0750784157266162,0.465539666777821,0.530913579134562,0.899830394373767,0.600531061031612,0.902450041729185,0.902450041729185,"","ALDEx2_t"
"1295","February - September","k__Bacteria|p__Bacteroidota|c__Bacteroidia|o__Cytophagales|f__Cyclobacteriaceae|g__Algoriphagus|s__|ASV_5399",-3.83191990140844,4.34860098407362,-0.836502636671785,0.189857028123212,0.0412654235823488,0.309241395198659,0.0187727358369857,0.237736125899805,0.237736125899805,"","ALDEx2_t"
"1296","February - September","k__Bacteria|p__Pseudomonadota|c__Alphaproteobacteria|o__Hyphomicrobiales|f__Rhizobiaceae|g__|s__|ASV_1910",1.14186033499781,5.12275087134354,0.220834112334764,0.400520170643085,0.353815308142642,0.813143859328357,0.429262454024472,0.832182484666865,0.832182484666865,"","ALDEx2_t"
"1297","February - September","k__Bacteria|p__Pseudomonadota|c__Alphaproteobacteria|o__Kiloniellales|f__Kiloniellaceae|g__|s__|ASV_7939",0.216482624918892,5.93543971802966,0.0311281904541405,0.483745125830086,0.706210484286288,0.966891625148449,0.697146904385324,0.953958634591963,0.953958634591963,"","ALDEx2_t"
"1298","February - September","k__Bacteria|p__Pseudomonadota|c__Alphaproteobacteria|o__Micavibrionales|f__Micavibrionaceae|g__|s__|ASV_1341",3.41579712227947,4.95814621832043,0.592795075986068,0.265279626301009,0.110758314917245,0.436510525478404,0.105573698410891,0.413661911291036,0.413661911291036,"","ALDEx2_t"
"1299","February - September","k__Bacteria|p__Pseudomonadota|c__Alphaproteobacteria|o__Rhodobacterales|f__Paracoccaceae|g__Actibacterium|s__|ASV_9547",1.34852489473575,5.15227419151315,0.22918190121404,0.384114600635644,0.369214506296203,0.804229379023926,0.422489811747177,0.827944527424542,0.827944527424542,"","ALDEx2_t"
"1300","February - September","k__Bacteria|p__Pseudomonadota|c__Alphaproteobacteria|o__Rhodobacterales|f__Paracoccaceae|g__Pikeienuella|s__|ASV_10608",-2.34021823479126,5.13486744673728,-0.397512704288276,0.322496777645081,0.222404613314729,0.680626331260707,0.24907625983856,0.716920526720929,0.716920526720929,"","ALDEx2_t"
"1301","February - September","k__Bacteria|p__Pseudomonadota|c__Alphaproteobacteria|o__Sphingomonadales|f__Sphingomonadaceae|g__Parasphingopyxis|s__|ASV_632",-1.3046524890489,5.45790228693001,-0.222605524507695,0.394531265595047,0.361191986085206,0.805746691842217,0.479088837006815,0.879661543705105,0.879661543705105,"","ALDEx2_t"
"1302","February - September","k__Bacteria|p__Pseudomonadota|c__Gammaproteobacteria|o__Pseudomonadales|f__Alcanivoracaceae|g__Ketobacter|s__|ASV_12342",-1.87409146494348,5.6360809056605,-0.293498784393281,0.371911592789731,0.299947070899842,0.749813346950661,0.371646059574596,0.795406682675321,0.795406682675321,"","ALDEx2_t"
"1303","February - September","k__Bacteria|p__Rhodothermota|c__Rhodothermia|o__Rhodothermales|f__Rhodothermaceae|g__Rubrivirga|s__|ASV_13113",1.66101695621442,5.00258075359325,0.305540893408762,0.349804964746841,0.27736926483564,0.706643913607207,0.320669681686264,0.700123902252176,0.700123902252176,"","ALDEx2_t"
"1304","February - September","k__Bacteria|p__Acidobacteriota|c__Blastocatellia|o__Blastocatellales|f__Blastocatellaceae|g__Blastocatella|s__|ASV_13389",-0.254031456463763,4.96764392362083,-0.0502049633267648,0.48046875276369,0.805722779215036,0.99203898742238,0.743626610067984,0.976606319925844,0.976606319925844,"","ALDEx2_t"
"1305","February - September","k__Bacteria|p__Bacteroidota|c__Bacteroidia|o__Chitinophagales|f__Saprospiraceae|g__|s__|ASV_10850",-3.14400471051587,5.53353469518426,-0.523662427488252,0.313394048756993,0.151954199377985,0.585918327562251,0.175005742318491,0.650882104174541,0.650882104174541,"","ALDEx2_t"
"1306","February - September","k__Bacteria|p__Bacteroidota|c__Bacteroidia|o__Cytophagales|f__Cyclobacteriaceae|g__Fulvivirga|s__|ASV_13464",0.31810522043288,5.52053125196369,0.0525325571433835,0.473958337022638,0.764171293342457,0.984584515152136,0.761617395594041,0.97093784406727,0.97093784406727,"","ALDEx2_t"
"1307","February - September","k__Bacteria|p__Bdellovibrionota|c__Bdellovibrionia|o__Bdellovibrionales|f__Pseudobdellovibrionaceae|g__OM27_clade|s__|ASV_14881",3.09174834035485,5.12702850951321,0.562337865157109,0.279583913715129,0.122618275062743,0.487127630735164,0.102926407537139,0.435178100716688,0.435178100716688,"","ALDEx2_t"
"1308","February - September","k__Bacteria|p__Pseudomonadota|c__Alphaproteobacteria|o__Hyphomicrobiales|f__Rhizobiaceae|g__|s__|ASV_8377",0.652148794915527,4.88080301287744,0.116145597232798,0.426527968969526,0.512001904468614,0.868869762790229,0.58958459450934,0.87723922350109,0.87723922350109,"","ALDEx2_t"
"1309","February - September","k__Bacteria|p__Pseudomonadota|c__Alphaproteobacteria|o__Sphingomonadales|f__Sphingomonadaceae|g__Aurantiacibacter|s__|ASV_13089",-0.911855583421466,5.32816513828253,-0.149892733139445,0.425227579048278,0.560587558578376,0.908195165104577,0.577436337807434,0.930252976599942,0.930252976599942,"","ALDEx2_t"
"1310","February - September","k__Bacteria|p__Rhodothermota|c__Rhodothermia|o__Rhodothermales|f__Rhodothermaceae|g__Rubrivirga|s__|ASV_8651",2.53434884493653,5.96007962446045,0.395173210010873,0.324218778337677,0.230253698256602,0.663487243354901,0.272287516650297,0.700209412398747,0.700209412398747,"","ALDEx2_t"
"1311","February - September","k__Bacteria|p__Acidobacteriota|c__Thermoanaerobaculia|o__Thermoanaerobaculales|f__Thermoanaerobaculaceae|g__Subgroup_10|s__|ASV_4002",-0.859919776341189,5.07097986789379,-0.131973321384304,0.430989593272814,0.507620552210918,0.889902693645205,0.564487779412504,0.922652973937763,0.922652973937763,"","ALDEx2_t"
"1312","February - September","k__Bacteria|p__Actinomycetota|c__Rubrobacteria|o__Rubrobacterales|f__Rubrobacteriaceae|g__Rubrobacter|s__|ASV_11767",0.916502234243715,5.4275530277896,0.17906401189438,0.411458346247924,0.532302665085582,0.905275288216865,0.526114080280502,0.883225331977661,0.883225331977661,"","ALDEx2_t"
"1313","February - September","k__Bacteria|p__Bacteroidota|c__Bacteroidia|o__Bacteroidales|f__Marinilabiliaceae|g__|s__|ASV_9761",-2.62068257954756,5.29030048677371,-0.461787157073701,0.295188591247635,0.180137967463257,0.60157178849784,0.185924635542476,0.642717056424861,0.642717056424861,"","ALDEx2_t"
"1314","February - September","k__Bacteria|p__Bacteroidota|c__Bacteroidia|o__Chitinophagales|f__Saprospiraceae|g__|s__|ASV_6128",-0.377535416048111,5.40215821140601,-0.0578902823749769,0.470741226503959,0.674939629838963,0.945321534137252,0.722047054607796,0.960460210842413,0.960460210842413,"","ALDEx2_t"
"1315","February - September","k__Bacteria|p__Bacteroidota|c__Bacteroidia|o__Cytophagales|f__Microscillaceae|g__|s__|ASV_9596",-1.32485944544273,5.48747842858384,-0.24692126900215,0.377604185061642,0.380242084429571,0.808108046953862,0.482282474411609,0.861482326994552,0.861482326994552,"","ALDEx2_t"
"1316","February - September","k__Bacteria|p__Bacteroidota|c__Bacteroidia|o__Flavobacteriales|f__Flavobacteriaceae|g__Mesoflavibacter|s__|ASV_209",-1.11619515546471,5.40156168134488,-0.179103826202352,0.423177094449683,0.543907812587386,0.899951129144237,0.550695958831517,0.912928056897868,0.912928056897868,"","ALDEx2_t"
"1317","February - September","k__Bacteria|p__Bacteroidota|c__Bacteroidia|o__Flavobacteriales|f__Flavobacteriaceae|g__|s__|ASV_3604",-1.40235221576945,5.43866814863099,-0.244246227592087,0.38751627157241,0.396468808541619,0.809261357223562,0.464786153470806,0.862354792775014,0.862354792775014,"","ALDEx2_t"
"1318","February - September","k__Bacteria|p__Planctomycetota|c__Planctomycetes|o__Pirellulales|f__Pirellulaceae|g__Mariniblastus|s__|ASV_10958",-0.75928529816644,5.27263462847172,-0.10845027435505,0.447916674105982,0.583746689480062,0.93133507960776,0.640437788167547,0.956531912776414,0.956531912776414,"","ALDEx2_t"
"1319","February - September","k__Bacteria|p__Planctomycetota|c__Planctomycetes|o__Pirellulales|f__Pirellulaceae|g__|s__|ASV_3627",-2.01590732271829,5.27111741038948,-0.350474147022843,0.339843775214702,0.270285028942008,0.721291695172413,0.286053763170468,0.764462044614459,0.764462044614459,"","ALDEx2_t"
"1320","February - September","k__Bacteria|p__Pseudomonadota|c__Alphaproteobacteria|o__Rhodobacterales|f__Paracoccaceae|g__|s__|ASV_10847",-0.608598980912068,5.60268534171696,-0.105929539949466,0.442708341535475,0.469368992879179,0.881811550541453,0.592296964607441,0.926382931475282,0.926382931475282,"","ALDEx2_t"
"1321","February - September","k__Bacteria|p__Pseudomonadota|c__Alphaproteobacteria|o__Rickettsiales|f__SM2D12|g__|s__|ASV_2164",2.0245853138429,5.08048946378236,0.361506092856471,0.329427110606824,0.255908314910213,0.726692000984025,0.221979120980816,0.674305386243504,0.674305386243504,"","ALDEx2_t"
"1322","February - September","k__Bacteria|p__Pseudomonadota|c__Alphaproteobacteria|o__|f__Neomegalonemataceae|g__Acuticoccus|s__|ASV_13911",1.36158241872707,5.31723101930727,0.235924994190931,0.378413542267758,0.39679081791435,0.808509976047807,0.444141143299425,0.815620007335788,0.815620007335788,"","ALDEx2_t"
"1323","February - September","k__Bacteria|p__Pseudomonadota|c__Gammaproteobacteria|o__Pseudomonadales|f__Halieaceae|g__|s__|ASV_1902",-0.940123002654773,5.00346846943577,-0.158975466853374,0.417425239530795,0.424694577446383,0.874377992520669,0.506512128923036,0.897389532633172,0.897389532633172,"","ALDEx2_t"
"1324","February - September","k__Bacteria|p__Pseudomonadota|c__Gammaproteobacteria|o__Pseudomonadales|f__Spongiibacteraceae|g__|s__|ASV_13598",0.174498634126695,5.93665963014808,0.0293884226567187,0.483072919060954,0.72816635970331,0.981204438142581,0.711522404079129,0.967558839835502,0.967558839835502,"","ALDEx2_t"
"1325","February - September","k__Bacteria|p__Acidobacteriota|c__Thermoanaerobaculia|o__Thermoanaerobaculales|f__Thermoanaerobaculaceae|g__Subgroup_10|s__|ASV_637",1.08661533393217,5.05631806667884,0.209573413000389,0.399739598092053,0.452983965782908,0.825311506947642,0.456063630620793,0.817078972268838,0.817078972268838,"","ALDEx2_t"
"1326","February - September","k__Bacteria|p__Bacteroidota|c__Bacteroidia|o__Chitinophagales|f__Saprospiraceae|g__Lewinella|s__|ASV_12193",-0.95624502943221,5.50456334870432,-0.162524590052015,0.417425239530795,0.49556641953595,0.88922984092498,0.537458395059309,0.911249823612092,0.911249823612092,"","ALDEx2_t"
"1327","February - September","k__Bacteria|p__Bacteroidota|c__Bacteroidia|o__Chitinophagales|f__Saprospiraceae|g__|s__|ASV_10754",-0.826202922968401,5.24630575748557,-0.135588760216636,0.427828358891227,0.502883789367617,0.893961707432321,0.603610239202176,0.924738877375833,0.924738877375833,"","ALDEx2_t"
"1328","February - September","k__Bacteria|p__Bacteroidota|c__Bacteroidia|o__Chitinophagales|f__Saprospiraceae|g__|s__|ASV_5038",-1.04885861477459,5.44520121005087,-0.177309657463897,0.415364595643774,0.526196834669748,0.903596811997985,0.5258756509887,0.918648522255325,0.918648522255325,"","ALDEx2_t"
"1329","February - September","k__Bacteria|p__Bacteroidota|c__Bacteroidia|o__Cytophagales|f__Cyclobacteriaceae|g__|s__|ASV_12768",-1.59544350841468,5.38211116243905,-0.249867393506609,0.389322933109329,0.427065018924382,0.848998562217455,0.428888440607716,0.877640538244235,0.877640538244235,"","ALDEx2_t"
"1330","February - September","k__Bacteria|p__Bacteroidota|c__Bacteroidia|o__Cytophagales|f__Cyclobacteriaceae|g__|s__|ASV_8952",0.505904446274479,5.72479002502896,0.0789229722485956,0.466145838138448,0.777330664863096,0.984812890165759,0.736947377250055,0.971463053909212,0.971463053909212,"","ALDEx2_t"
"1331","February - September","k__Bacteria|p__Bacteroidota|c__Bacteroidia|o__Flavobacteriales|f__Flavobacteriaceae|g__Marinirhabdus|s__|ASV_7919",-1.37387592777683,5.19685650544217,-0.256940830807745,0.382812517519192,0.433214615412687,0.829406167457822,0.470504088197944,0.866012423169459,0.866012423169459,"","ALDEx2_t"
"1332","February - September","k__Bacteria|p__Chloroflexota|c__Anaerolineae|o__Anaerolineales|f__Anaerolineaceae|g__|s__|ASV_5166",0.217964595669807,6.03403034208902,0.0258373437359263,0.490247075497121,0.789563484029695,0.989236883537468,0.755994661550591,0.975608663885045,0.975608663885045,"","ALDEx2_t"
"1333","February - September","k__Bacteria|p__Chloroflexota|c__Anaerolineae|o__Caldilineales|f__Caldilineaceae|g__|s__|ASV_1515",-0.603745730229054,4.67752689165818,-0.105799644227958,0.449218757249406,0.585037478913301,0.915365783008066,0.670676936722586,0.942992408639977,0.942992408639977,"","ALDEx2_t"
"1334","February - September","k__Bacteria|p__Cyanobacteriota|c__Cyanobacteriia|o__Cyanobacteriales|f__Xenococcaceae|g__Chroococcidiopsis_PCC-6712|s__|ASV_1638",0.180565826291659,5.26949121416929,0.0293184826103794,0.48046875276369,0.740840926273834,0.971156335370748,0.702407909343988,0.944472255390053,0.944472255390053,"","ALDEx2_t"
"1335","February - September","k__Bacteria|p__Cyanobacteriota|c__Cyanobacteriia|o__Phormidesmiales|f__Phormidesmiaceae|g__Phormidium_MBIC10003|s__|ASV_5081",0.0964090378334141,5.08195620737268,0.0147711950477374,0.493489584253314,0.761786156383032,0.976194110381137,0.759628483665513,0.984192836352575,0.984192836352575,"","ALDEx2_t"
"1336","February - September","k__Bacteria|p__Pseudomonadota|c__Alphaproteobacteria|o__Caulobacterales|f__Parvularculaceae|g__Parvularcula|s__|ASV_7821",1.16459764898992,5.32475020077787,0.19269371819666,0.384114600635644,0.513634840171116,0.914481746858713,0.474384579236553,0.888060312263837,0.888060312263837,"","ALDEx2_t"
"1337","February - September","k__Bacteria|p__Pseudomonadota|c__Alphaproteobacteria|o__Micavibrionales|f__Micavibrionaceae|g__|s__|ASV_14482",0.690932410206304,6.0731937796368,0.12872485975429,0.427828358891227,0.600561459477617,0.957806234758446,0.587997633318862,0.936573117805196,0.936573117805196,"","ALDEx2_t"
"1338","February - September","k__Bacteria|p__Pseudomonadota|c__Alphaproteobacteria|o__Rhodobacterales|f__Paracoccaceae|g__Actibacterium|s__|ASV_14718",-0.429927060432506,5.59240286017042,-0.071363759672686,0.460338107054887,0.664788907526604,0.953706171239994,0.679877311996793,0.948097535592879,0.948097535592879,"","ALDEx2_t"
"1339","February - September","k__Bacteria|p__Pseudomonadota|c__Alphaproteobacteria|o__Rhodobacterales|f__Paracoccaceae|g__Limibaculum|s__|ASV_5115",1.1980896208383,5.93422998968347,0.181317130930235,0.42447917758573,0.472174699447701,0.867467372707078,0.49455798893444,0.86690684646663,0.86690684646663,"","ALDEx2_t"
"1340","February - September","k__Bacteria|p__Pseudomonadota|c__Alphaproteobacteria|o__Rhodobacterales|f__Paracoccaceae|g__|s__|ASV_4714",1.78760679790929,5.00617172036964,0.31950028814265,0.351562522999,0.323875635547164,0.713948914088851,0.326777669955062,0.701960909967715,0.701960909967715,"","ALDEx2_t"
"1341","February - September","k__Bacteria|p__Pseudomonadota|c__Gammaproteobacteria|o__Pseudomonadales|f__Cellvibrionaceae|g__Aestuariicella|s__|ASV_12370",-2.86626841275029,5.29296980848773,-0.494215975620861,0.309895864730986,0.180131646012847,0.612573968777965,0.17366465844611,0.635875460473452,0.635875460473452,"","ALDEx2_t"
"1342","February - September","k__Bacteria|p__Pseudomonadota|c__Gammaproteobacteria|o__Pseudomonadales|f__Halieaceae|g__Pseudohaliea|s__|ASV_15218",1.68031504715534,5.5079951770849,0.27047857243471,0.38881666147623,0.45611455325873,0.870385107648807,0.462727655366406,0.862663894757465,0.862663894757465,"","ALDEx2_t"
"1343","February - September","k__Bacteria|p__Pseudomonadota|c__Gammaproteobacteria|o__Steroidobacterales|f__Woeseiaceae|g__Woeseia|s__|ASV_390",-0.22048215370431,5.2826729977307,-0.0399544564455334,0.478543566098093,0.677759959846905,0.956239223320637,0.701807774079972,0.966430517813044,0.966430517813044,"","ALDEx2_t"
"1344","February - September","k__Bacteria|p__Thermodesulfobacteriota|c__Desulfobacteria|o__Desulfatiglandales|f__Desulfatiglandaceae|g__Desulfatiglans|s__|ASV_11755",-1.02114355720952,5.63056464254742,-0.16736952905633,0.425227579048278,0.498865184718706,0.894697644121745,0.550159608487824,0.921449167946892,0.921449167946892,"","ALDEx2_t"
"1345","February - September","k__Bacteria|p__Thermodesulfobacteriota|c__Desulfobacteria|o__Desulfatiglandales|f__Desulfatiglandaceae|g__Desulfatiglans|s__|ASV_4118",-1.75374975081794,5.47846670143061,-0.279288609573422,0.378413542267758,0.38879779096165,0.837904812060696,0.412942123854911,0.854278010116526,0.854278010116526,"","ALDEx2_t"
"1346","February - September","k__Bacteria|p__Thermodesulfobacteriota|c__Desulfobacteria|o__Desulfobacterales|f__Desulfosarcinaceae|g__|s__|ASV_12847",-1.20754934619796,5.31873201412362,-0.221331834108103,0.4057217302902,0.422636852171488,0.851662466436562,0.500361549962354,0.898235860522887,0.898235860522887,"","ALDEx2_t"
