"","Comparison","Taxa","logFC","logCPM","P.unadj","P.adj","Significance","Method"
"1","ColaDeBallena - EsteroZacatecas","k__Bacteria|p__Cyanobacteriota|c__Cyanobacteriia|o__Cyanobacteriales|f__Nostocaceae|g__Rivularia_PCC-7116|s__|ASV_7012",11.648615018436,13.0005550037358,6.85584697384446e-21,9.22797002679465e-18,"***","edgeR"
"2","ColaDeBallena - EsteroZacatecas","k__Bacteria|p__Pseudomonadota|c__Alphaproteobacteria|o__|f__Neomegalonemataceae|g__Acuticoccus|s__|ASV_1266",10.1110244832585,11.4889800259004,1.54880307342249e-17,1.04234446841334e-14,"***","edgeR"
"3","ColaDeBallena - EsteroZacatecas","k__Bacteria|p__Cyanobacteriota|c__Cyanobacteriia|o__Cyanobacteriales|f__Nostocaceae|g__Rivularia_PCC-7116|s__|ASV_8325",12.6744225404227,14.0193995585066,5.65136840439169e-17,2.53558062410374e-14,"***","edgeR"
"4","ColaDeBallena - EsteroZacatecas","k__Bacteria|p__Pseudomonadota|c__Alphaproteobacteria|o__Rhodobacterales|f__Paracoccaceae|g__|s__|ASV_10445",10.1007733035132,11.478693043345,8.22016903954668e-17,2.76608688180746e-14,"***","edgeR"
"5","ColaDeBallena - EsteroZacatecas","k__Bacteria|p__Myxococcota|c__Polyangiia|o__Polyangiales|f__Sandaracinaceae|g__|s__|ASV_1096",-10.4106642254098,11.7815547804121,2.00464121159919e-15,5.39649414162501e-13,"***","edgeR"
"6","ColaDeBallena - EsteroZacatecas","k__Bacteria|p__Pseudomonadota|c__Alphaproteobacteria|o__Rhodobacterales|f__Paracoccaceae|g__Palleronia-Pseudomaribius|s__|ASV_5775",-10.3407945236845,11.7130814369162,4.94574122041528e-13,1.06911788504278e-10,"***","edgeR"
"7","ColaDeBallena - EsteroZacatecas","k__Bacteria|p__Pseudomonadota|c__Alphaproteobacteria|o__Rhodobacterales|f__Paracoccaceae|g__Actibacterium|s__|ASV_9665",9.27391789965296,10.6820206127115,5.56004843632949e-13,1.06911788504278e-10,"***","edgeR"
"8","ColaDeBallena - EsteroZacatecas","k__Bacteria|p__Pseudomonadota|c__Alphaproteobacteria|o__Rhodobacterales|f__Paracoccaceae|g__Palleronia-Pseudomaribius|s__|ASV_11540",9.76032321937303,11.1487361813676,6.39403785310864e-13,1.07579686878553e-10,"***","edgeR"
"9","ColaDeBallena - EsteroZacatecas","k__Bacteria|p__Actinomycetota|c__Rubrobacteria|o__Rubrobacterales|f__Rubrobacteriaceae|g__Rubrobacter|s__|ASV_16064",11.0139118207095,12.373449327315,1.86177135630067e-12,2.78438249508967e-10,"***","edgeR"
"10","ColaDeBallena - EsteroZacatecas","k__Bacteria|p__Cyanobacteriota|c__Cyanobacteriia|o__Cyanobacteriales|f__Nostocaceae|g__|s__|ASV_4049",10.8749987315277,12.2366574749372,2.25875007155105e-12,3.04027759630771e-10,"***","edgeR"
"11","ColaDeBallena - EsteroZacatecas","k__Bacteria|p__Pseudomonadota|c__Alphaproteobacteria|o__Rhodobacterales|f__Paracoccaceae|g__Actibacterium|s__|ASV_137",9.16392065636089,10.5778135747863,2.61587771704249e-12,3.20088309739927e-10,"***","edgeR"
"12","ColaDeBallena - EsteroZacatecas","k__Bacteria|p__Bacteroidota|c__Bacteroidia|o__Cytophagales|f__Cyclobacteriaceae|g__Tunicatimonas|s__|ASV_7636",9.45799336625319,10.8581365294065,3.00928232913458e-12,3.37541167917929e-10,"***","edgeR"
"13","ColaDeBallena - EsteroZacatecas","k__Bacteria|p__Bacteroidota|c__Bacteroidia|o__Cytophagales|f__Cyclobacteriaceae|g__Tunicatimonas|s__|ASV_1480",9.43870233855959,10.8396657451122,9.71992723387787e-12,1.00638631206151e-09,"***","edgeR"
"14","ColaDeBallena - EsteroZacatecas","k__Bacteria|p__Actinomycetota|c__Actinobacteria|o__Nitriliruptorales|f__Nitriliruptoraceae|g__|s__|ASV_13671",-9.65635090897588,11.0489504219343,1.06778814853102e-11,1.02660203423053e-09,"***","edgeR"
"15","ColaDeBallena - EsteroZacatecas","k__Bacteria|p__Pseudomonadota|c__Alphaproteobacteria|o__Rhodobacterales|f__Paracoccaceae|g__|s__|ASV_14979",10.4160143662145,11.7864096516641,3.76185843009175e-11,3.37564096460233e-09,"***","edgeR"
"16","ColaDeBallena - EsteroZacatecas","k__Bacteria|p__Rhodothermota|c__Rhodothermia|o__Rhodothermales|f__Rhodothermaceae|g__Rubrivirga|s__|ASV_11931",-8.45609000440947,9.91616440906354,1.34329332845926e-10,1.13004551256635e-08,"***","edgeR"
"17","ColaDeBallena - EsteroZacatecas","k__Bacteria|p__Cyanobacteriota|c__Cyanobacteriia|o__Cyanobacteriales|f__Xenococcaceae|g__Myxosarcina_GI1|s__|ASV_3786",-8.45511492069824,9.91626839544229,2.13945178056114e-10,1.69394240978547e-08,"***","edgeR"
"18","ColaDeBallena - EsteroZacatecas","k__Bacteria|p__Pseudomonadota|c__Gammaproteobacteria|o__Steroidobacterales|f__Woeseiaceae|g__Woeseia|s__|ASV_15362",8.08386032031887,9.57766162455486,2.43562597976069e-10,1.82130698264327e-08,"***","edgeR"
"19","ColaDeBallena - EsteroZacatecas","k__Bacteria|p__Pseudomonadota|c__Alphaproteobacteria|o__Sphingomonadales|f__Sphingomonadaceae|g__Qipengyuania|s__|ASV_3585",11.0843109792979,12.442841745824,3.84556238508873e-10,2.59180587795459e-08,"***","edgeR"
"20","ColaDeBallena - EsteroZacatecas","k__Bacteria|p__Bacteroidota|c__Bacteroidia|o__Cytophagales|f__Cyclobacteriaceae|g__Fulvivirga|s__|ASV_8492",8.55912953124856,10.0109592286376,3.85112314703505e-10,2.59180587795459e-08,"***","edgeR"
"21","ColaDeBallena - EsteroZacatecas","k__Bacteria|p__Cyanobacteriota|c__Cyanobacteriia|o__Cyanobacteriales|f__Xenococcaceae|g__Pleurocapsa_PCC-7319|s__|ASV_696",9.90327034419809,11.2871735221659,6.41568555850274e-10,4.11214893416414e-08,"***","edgeR"
"22","ColaDeBallena - EsteroZacatecas","k__Bacteria|p__Bacteroidota|c__Bacteroidia|o__Cytophagales|f__Cyclobacteriaceae|g__Tunicatimonas|s__|ASV_7191",8.1329655736288,9.62174416861218,1.70499918584792e-09,1.04314950188696e-07,"***","edgeR"
"23","ColaDeBallena - EsteroZacatecas","k__Bacteria|p__Pseudomonadota|c__Gammaproteobacteria|o__Pseudomonadales|f__Halieaceae|g__Pseudohaliea|s__|ASV_9004",7.89502435450775,9.40917272716199,2.57013424301688e-09,1.50408725700031e-07,"***","edgeR"
"24","ColaDeBallena - EsteroZacatecas","k__Bacteria|p__Pseudomonadota|c__Gammaproteobacteria|o__Steroidobacterales|f__Woeseiaceae|g__Woeseia|s__|ASV_6320",8.74781993696823,10.1861271060883,3.33914339201167e-09,1.87062002415956e-07,"***","edgeR"
"25","ColaDeBallena - EsteroZacatecas","k__Bacteria|p__Actinomycetota|c__Actinobacteria|o__Propionibacteriales|f__Nocardioidaceae|g__Nocardioides|s__|ASV_5509",-10.6367013424625,12.0028411913661,3.47440569123247e-09,1.87062002415956e-07,"***","edgeR"
"26","ColaDeBallena - EsteroZacatecas","k__Bacteria|p__Actinomycetota|c__Rubrobacteria|o__Rubrobacterales|f__Rubrobacteriaceae|g__Rubrobacter|s__|ASV_15130",10.2037396242417,11.5791746806096,4.08259648566729e-09,2.1135287960416e-07,"***","edgeR"
"27","ColaDeBallena - EsteroZacatecas","k__Bacteria|p__Thermodesulfobacteriota|c__Desulfobacteria|o__Desulfobacterales|f__Desulfosarcinaceae|g__|s__|ASV_2528",-8.70348616483726,10.146034456945,4.48938139775561e-09,2.17349671422285e-07,"***","edgeR"
"28","ColaDeBallena - EsteroZacatecas","k__Bacteria|p__Pseudomonadota|c__Alphaproteobacteria|o__Sphingomonadales|f__Sphingomonadaceae|g__Croceibacterium|s__|ASV_4092",-8.74581699129971,10.1847072229753,4.52138989585734e-09,2.17349671422285e-07,"***","edgeR"
"29","ColaDeBallena - EsteroZacatecas","k__Bacteria|p__Acidobacteriota|c__Thermoanaerobaculia|o__Thermoanaerobaculales|f__Thermoanaerobaculaceae|g__Subgroup_10|s__|ASV_12805",7.17059205324377,8.78742000080856,5.19360418066149e-09,2.41054869902426e-07,"***","edgeR"
"30","ColaDeBallena - EsteroZacatecas","k__Bacteria|p__Rhodothermota|c__Rhodothermia|o__Rhodothermales|f__Rhodothermaceae|g__Rubrivirga|s__|ASV_4932",6.60388077088822,10.7578280726291,1.10098116340538e-08,4.9397354864788e-07,"***","edgeR"
"31","ColaDeBallena - EsteroZacatecas","k__Bacteria|p__Pseudomonadota|c__Alphaproteobacteria|o__Sphingomonadales|f__Sphingomonadaceae|g__Qipengyuania|s__|ASV_13211",9.33625762332086,10.7417142864051,1.23420585548668e-08,5.35884219833892e-07,"***","edgeR"
"32","ColaDeBallena - EsteroZacatecas","k__Bacteria|p__Bacteroidota|c__Bacteroidia|o__Cytophagales|f__Mooreiaceae|g__Mooreia|s__|ASV_10577",7.84433216790314,9.36460821621999,1.65023864672781e-08,6.94131630779885e-07,"***","edgeR"
"33","ColaDeBallena - EsteroZacatecas","k__Bacteria|p__Thermodesulfobacteriota|c__Desulfobacteria|o__Desulfobacterales|f__Desulfosarcinaceae|g__SEEP-SRB1|s__|ASV_1671",7.79513752972113,9.32137568703671,1.94126759247696e-08,7.91801872567876e-07,"***","edgeR"
"34","ColaDeBallena - EsteroZacatecas","k__Bacteria|p__Myxococcota|c__Polyangiia|o__Polyangiales|f__Sandaracinaceae|g__|s__|ASV_3531",-7.75088613846398,9.28429584075229,3.42330353154834e-08,1.35522545690119e-06,"***","edgeR"
"35","ColaDeBallena - EsteroZacatecas","k__Bacteria|p__Pseudomonadota|c__Alphaproteobacteria|o__Rhodobacterales|f__Paracoccaceae|g__|s__|ASV_67",-8.82560074583034,10.2596865359348,3.66585509893278e-08,1.40978313233243e-06,"***","edgeR"
"36","ColaDeBallena - EsteroZacatecas","k__Bacteria|p__Thermodesulfobacteriota|c__Desulfobulbia|o__Desulfobulbales|f__Desulfobulbaceae|g__|s__|ASV_9756",-8.66626042990814,10.1112461577221,3.82514726242706e-08,1.42046874715482e-06,"***","edgeR"
"37","ColaDeBallena - EsteroZacatecas","k__Bacteria|p__Pseudomonadota|c__Gammaproteobacteria|o__Chromatiales|f__Chromatiaceae|g__Thiohalocapsa|s__|ASV_3220",9.93376275398673,11.316735219231,3.90470606573019e-08,1.42046874715482e-06,"***","edgeR"
"38","ColaDeBallena - EsteroZacatecas","k__Bacteria|p__Pseudomonadota|c__Gammaproteobacteria|o__Chromatiales|f__Chromatiaceae|g__Candidatus_Thiobios|s__|ASV_1550",7.93754000445125,9.44695282977584,4.05246388479938e-08,1.43542536551052e-06,"***","edgeR"
"39","ColaDeBallena - EsteroZacatecas","k__Bacteria|p__Cyanobacteriota|c__Cyanobacteriia|o__Cyanobacteriales|f__Xenococcaceae|g__Pleurocapsa_PCC-7319|s__|ASV_6690",7.63664704601401,9.18246889689476,5.78233665898693e-08,1.99564747256318e-06,"***","edgeR"
"40","ColaDeBallena - EsteroZacatecas","k__Bacteria|p__Pseudomonadota|c__Alphaproteobacteria|o__Rhodobacterales|f__Paracoccaceae|g__|s__|ASV_12846",-8.80917820609369,10.2442811050093,7.12078111033875e-08,2.39614284362899e-06,"***","edgeR"
"41","ColaDeBallena - EsteroZacatecas","k__Bacteria|p__Pseudomonadota|c__Alphaproteobacteria|o__Rhodobacterales|f__Paracoccaceae|g__|s__|ASV_8835",-8.86518345204907,10.2966768526617,8.09363818548477e-08,2.65708219455183e-06,"***","edgeR"
"42","ColaDeBallena - EsteroZacatecas","k__Bacteria|p__Rhodothermota|c__Rhodothermia|o__Rhodothermales|f__Rhodothermaceae|g__Rubrivirga|s__|ASV_8252",8.64631423236673,10.0914906870807,8.34090419326956e-08,2.67306120098591e-06,"***","edgeR"
"43","ColaDeBallena - EsteroZacatecas","k__Bacteria|p__Cyanobacteriota|c__Cyanobacteriia|o__Cyanobacteriales|f__Nostocaceae|g__Rivularia_PCC-7116|s__|ASV_12448",10.7169845742602,12.0813625328866,9.25362436558917e-08,2.89659962699605e-06,"***","edgeR"
"44","ColaDeBallena - EsteroZacatecas","k__Bacteria|p__Bacteroidota|c__Bacteroidia|o__Cytophagales|f__Cyclobacteriaceae|g__Tunicatimonas|s__|ASV_745",8.69661610149723,10.1382977610559,1.66072296389011e-07,5.08030252135474e-06,"***","edgeR"
"45","ColaDeBallena - EsteroZacatecas","k__Bacteria|p__Pseudomonadota|c__Gammaproteobacteria|o__Pseudomonadales|f__Nitrincolaceae|g__Marinobacterium|s__|ASV_15550",-7.28293920270548,8.88417233895783,1.84151295031664e-07,5.5081698469471e-06,"***","edgeR"
"46","ColaDeBallena - EsteroZacatecas","k__Bacteria|p__Bacteroidota|c__Bacteroidia|o__Cytophagales|f__Cyclobacteriaceae|g__Fulvivirga|s__|ASV_7283",8.32842756644091,9.79887412137324,2.1592104130023e-07,6.31803742587195e-06,"***","edgeR"
"47","ColaDeBallena - EsteroZacatecas","k__Bacteria|p__Bacteroidota|c__Bacteroidia|o__Chitinophagales|f__Saprospiraceae|g__Lewinella|s__|ASV_12600",8.65448337291791,10.0991088803116,3.0227131494562e-07,8.6565359556767e-06,"***","edgeR"
"48","ColaDeBallena - EsteroZacatecas","k__Bacteria|p__Actinomycetota|c__Acidimicrobiia|o__Microtrichales|f__Ilumatobacteraceae|g__Ilumatobacter|s__|ASV_9292",9.46990858384634,10.869580293686,4.16088867163367e-07,1.16678253167061e-05,"***","edgeR"
"49","ColaDeBallena - EsteroZacatecas","k__Bacteria|p__Bacteroidota|c__Bacteroidia|o__Cytophagales|f__Cyclobacteriaceae|g__Fulvivirga|s__|ASV_488",8.04901939523363,9.5460806324731,4.74762455375425e-07,1.30414339782719e-05,"***","edgeR"
"50","ColaDeBallena - EsteroZacatecas","k__Bacteria|p__Cyanobacteriota|c__Cyanobacteriia|o__Synechococcales|f__Cyanobiaceae|g__|s__|ASV_13824",7.89330699989727,9.40761691131666,5.46963110605468e-07,1.44861281644968e-05,"***","edgeR"
"51","ColaDeBallena - EsteroZacatecas","k__Bacteria|p__Actinomycetota|c__Acidimicrobiia|o__Microtrichales|f__Ilumatobacteraceae|g__Ilumatobacter|s__|ASV_9994",-7.83485518848022,9.35763580839703,5.4888004189401e-07,1.44861281644968e-05,"***","edgeR"
"52","ColaDeBallena - EsteroZacatecas","k__Bacteria|p__Thermodesulfobacteriota|c__Desulfobacteria|o__Desulfobacterales|f__Desulfosarcinaceae|g__Sva0081_sediment_group|s__|ASV_12562",-7.29448298231619,8.8943441670191,6.34659135439658e-07,1.64279076211881e-05,"***","edgeR"
"53","ColaDeBallena - EsteroZacatecas","k__Bacteria|p__Bacteroidota|c__Bacteroidia|o__Chitinophagales|f__Saprospiraceae|g__|s__|ASV_4173",7.49137182978807,9.05804936935553,6.53722890986788e-07,1.66020945522305e-05,"***","edgeR"
"54","ColaDeBallena - EsteroZacatecas","k__Bacteria|p__Bacteroidota|c__Bacteroidia|o__Bacteroidales|f__Prolixibacteraceae|g__Draconibacterium|s__|ASV_11583",-7.70460298502745,9.24401447774261,6.75849010833366e-07,1.68461623811428e-05,"***","edgeR"
"55","ColaDeBallena - EsteroZacatecas","k__Bacteria|p__Pseudomonadota|c__Alphaproteobacteria|o__Rhodobacterales|f__Paracoccaceae|g__Palleronia-Pseudomaribius|s__|ASV_12053",-9.31616536653807,10.7232942763449,7.70755657928671e-07,1.88624930103998e-05,"***","edgeR"
"56","ColaDeBallena - EsteroZacatecas","k__Bacteria|p__Actinomycetota|c__Actinobacteria|o__Micrococcales|f__Intrasporangiaceae|g__|s__|ASV_3711",-8.01097020479381,9.51367540913261,8.85057640230897e-07,2.12729925669783e-05,"***","edgeR"
"57","ColaDeBallena - EsteroZacatecas","k__Bacteria|p__Actinomycetota|c__Actinobacteria|o__Propionibacteriales|f__Nocardioidaceae|g__Nocardioides|s__|ASV_13532",-8.8707171841997,10.3019123370372,1.02869856690445e-06,2.42917240535682e-05,"***","edgeR"
"58","ColaDeBallena - EsteroZacatecas","k__Bacteria|p__Bacteroidota|c__Bacteroidia|o__Flavobacteriales|f__Flavobacteriaceae|g__Nonlabens|s__|ASV_13962",8.64336613560324,10.0887543475159,1.19256270402125e-06,2.73011845661014e-05,"***","edgeR"
"59","ColaDeBallena - EsteroZacatecas","k__Bacteria|p__Cyanobacteriota|c__Cyanobacteriia|o__Phormidesmiales|f__Phormidesmiaceae|g__Acrophormium_PCC-7375|s__|ASV_6130",9.49828003000077,10.8967314133426,1.19670868454679e-06,2.73011845661014e-05,"***","edgeR"
"60","ColaDeBallena - EsteroZacatecas","k__Bacteria|p__Actinomycetota|c__Actinobacteria|o__Propionibacteriales|f__Nocardioidaceae|g__Nocardioides|s__|ASV_15504",-7.48584734861434,9.0552220190595,1.36567761084361e-06,3.06367010699249e-05,"***","edgeR"
"61","ColaDeBallena - EsteroZacatecas","k__Bacteria|p__Pseudomonadota|c__Alphaproteobacteria|o__Hyphomicrobiales|f__Rhizobiaceae|g__Pseudahrensia|s__|ASV_13404",7.20680581717808,8.81870552379885,1.58458062728089e-06,3.49646807265588e-05,"***","edgeR"
"62","ColaDeBallena - EsteroZacatecas","k__Bacteria|p__Cyanobacteriota|c__Cyanobacteriia|o__Synechococcales|f__Cyanobiaceae|g__Synechococcus_MBIC10613|s__|ASV_3584",7.74025118641397,9.27303689646744,1.63776982974302e-06,3.55554546908727e-05,"***","edgeR"
"63","ColaDeBallena - EsteroZacatecas","k__Bacteria|p__Planctomycetota|c__Phycisphaerae|o__Phycisphaerales|f__Phycisphaeraceae|g__Algisphaera|s__|ASV_11725",7.93777605904421,9.44702371942748,1.71121248251179e-06,3.65601904993788e-05,"***","edgeR"
"64","ColaDeBallena - EsteroZacatecas","k__Bacteria|p__Bacteroidota|c__Bacteroidia|o__Bacteroidales|f__Prolixibacteraceae|g__|s__|ASV_5097",-6.64097286541278,8.37242112169566,1.84119767320174e-06,3.8722688564524e-05,"***","edgeR"
"65","ColaDeBallena - EsteroZacatecas","k__Bacteria|p__Pseudomonadota|c__Alphaproteobacteria|o__Rhodobacterales|f__Paracoccaceae|g__Wenxinia|s__|ASV_15944",-5.90177122887245,10.8079051964425,2.24832081559206e-06,4.65575356582602e-05,"***","edgeR"
"66","ColaDeBallena - EsteroZacatecas","k__Bacteria|p__Rhodothermota|c__Rhodothermia|o__Rhodothermales|f__Rhodothermaceae|g__|s__|ASV_10821",6.50689843294731,8.26586265743254,2.41451944089378e-06,4.92415631430761e-05,"***","edgeR"
"67","ColaDeBallena - EsteroZacatecas","k__Bacteria|p__Bacteroidota|c__Bacteroidia|o__Chitinophagales|f__Saprospiraceae|g__Lewinella|s__|ASV_4316",9.00537262557825,10.4278324298563,2.58277761933793e-06,5.18868459049083e-05,"***","edgeR"
"68","ColaDeBallena - EsteroZacatecas","k__Bacteria|p__Actinomycetota|c__Actinobacteria|o__Nitriliruptorales|f__Nitriliruptoraceae|g__|s__|ASV_13617",-8.43103462444719,9.89401516285964,2.77403644786225e-06,5.49096038062146e-05,"***","edgeR"
"69","ColaDeBallena - EsteroZacatecas","k__Bacteria|p__Bacteroidota|c__Bacteroidia|o__Cytophagales|f__Cyclobacteriaceae|g__Tunicatimonas|s__|ASV_8388",9.38244561402949,10.7857823439368,3.4832787717312e-06,6.68045108984489e-05,"***","edgeR"
"70","ColaDeBallena - EsteroZacatecas","k__Bacteria|p__Pseudomonadota|c__Gammaproteobacteria|o__Steroidobacterales|f__Woeseiaceae|g__Woeseia|s__|ASV_13326",-7.33779326209453,8.93004695778378,3.50256618316098e-06,6.68045108984489e-05,"***","edgeR"
"71","ColaDeBallena - EsteroZacatecas","k__Bacteria|p__Bdellovibrionota|c__Oligoflexia|o__Oligoflexales|f__Oligoflexaceae|g__|s__|ASV_2184",-6.94889450727793,8.61135523248752,3.52386350207271e-06,6.68045108984489e-05,"***","edgeR"
"72","ColaDeBallena - EsteroZacatecas","k__Bacteria|p__Hydrogenedentes|c__Hydrogenedentia|o__Hydrogenedentiales|f__Hydrogenedensaceae|g__|s__|ASV_14174",-6.11670269382273,7.99118293797032,3.74840533956606e-06,7.00743553757765e-05,"***","edgeR"
"73","ColaDeBallena - EsteroZacatecas","k__Bacteria|p__Pseudomonadota|c__Alphaproteobacteria|o__Rhodobacterales|f__Paracoccaceae|g__Tropicimonas-Psychromarinibacter|s__|ASV_11169",8.2950512387266,9.76850662545157,3.92185743901513e-06,7.23126042864982e-05,"***","edgeR"
"74","ColaDeBallena - EsteroZacatecas","k__Bacteria|p__Myxococcota|c__Polyangiia|o__Polyangiales|f__Sandaracinaceae|g__|s__|ASV_15934",-8.40210870855016,9.86722047022223,4.04182259520164e-06,7.2622208744707e-05,"***","edgeR"
"75","ColaDeBallena - EsteroZacatecas","k__Bacteria|p__Pseudomonadota|c__Gammaproteobacteria|o__Pseudomonadales|f__Pseudohongiellaceae|g__Pseudohongiella|s__|ASV_15449",-6.98293773745365,8.63893456639649,4.04655695085663e-06,7.2622208744707e-05,"***","edgeR"
"76","ColaDeBallena - EsteroZacatecas","k__Bacteria|p__Pseudomonadota|c__Alphaproteobacteria|o__Sphingomonadales|f__Sphingomonadaceae|g__|s__|ASV_11464",-8.72818893986205,10.1683021351984,4.68564043182023e-06,8.29851581740793e-05,"***","edgeR"
"77","ColaDeBallena - EsteroZacatecas","k__Bacteria|p__Pseudomonadota|c__Alphaproteobacteria|o__Rhodobacterales|f__Paracoccaceae|g__Limibaculum|s__|ASV_7044",7.10040983506298,8.73129733867127,4.82542771788175e-06,8.43509832242706e-05,"***","edgeR"
"78","ColaDeBallena - EsteroZacatecas","k__Bacteria|p__Cyanobacteriota|c__Cyanobacteriia|o__Cyanobacteriales|f__Microcystaceae|g__UCYN-C|s__|ASV_7308",7.27879090073637,8.87885100168145,4.94079581439979e-06,8.52603995664374e-05,"***","edgeR"
"79","ColaDeBallena - EsteroZacatecas","k__Bacteria|p__Rhodothermota|c__Rhodothermia|o__Rhodothermales|f__Rhodothermaceae|g__|s__|ASV_14560",6.87721479301267,8.55158130698464,5.0134845886146e-06,8.5419623497155e-05,"***","edgeR"
"80","ColaDeBallena - EsteroZacatecas","k__Bacteria|p__Actinomycetota|c__Actinobacteria|o__Nitriliruptorales|f__Nitriliruptoraceae|g__|s__|ASV_3062",-8.93584347994247,10.3629045307014,5.87269164594483e-06,9.85518370559943e-05,"***","edgeR"
"81","ColaDeBallena - EsteroZacatecas","k__Bacteria|p__Bacteroidota|c__Bacteroidia|o__Chitinophagales|f__Saprospiraceae|g__|s__|ASV_8127",6.49934582162007,8.26168346040933,5.93068261629683e-06,9.85518370559943e-05,"***","edgeR"
"82","ColaDeBallena - EsteroZacatecas","k__Bacteria|p__Pseudomonadota|c__Alphaproteobacteria|o__|f__Neomegalonemataceae|g__Acuticoccus|s__|ASV_9666",7.99157499398536,9.49499828947076,6.22969024824985e-06,0.000102258086270052,"***","edgeR"
"83","ColaDeBallena - EsteroZacatecas","k__Bacteria|p__Bacteroidota|c__Bacteroidia|o__Cytophagales|f__Cyclobacteriaceae|g__Tunicatimonas|s__|ASV_13852",8.32018194904017,9.79129515233526,6.72905900691006e-06,0.000108525476555618,"***","edgeR"
"84","ColaDeBallena - EsteroZacatecas","k__Bacteria|p__Pseudomonadota|c__Alphaproteobacteria|o__Sphingomonadales|f__Sphingomonadaceae|g__|s__|ASV_4279",9.26304255429461,10.6716694738327,6.81551261286218e-06,0.000108525476555618,"***","edgeR"
"85","ColaDeBallena - EsteroZacatecas","k__Bacteria|p__Bacteroidota|c__Bacteroidia|o__Cytophagales|f__Cyclobacteriaceae|g__Tunicatimonas|s__|ASV_213",9.1930933733721,10.6054112730956,6.8533919073013e-06,0.000108525476555618,"***","edgeR"
"86","ColaDeBallena - EsteroZacatecas","k__Bacteria|p__Pseudomonadota|c__Gammaproteobacteria|o__Chromatiales|f__Chromatiaceae|g__|s__|ASV_15166",8.09801405600304,9.5901582093317,7.04204005328086e-06,0.000109864205531666,"***","edgeR"
"87","ColaDeBallena - EsteroZacatecas","k__Bacteria|p__Pseudomonadota|c__Gammaproteobacteria|o__Enterobacterales|f__Pseudoalteromonadaceae|g__Pseudoalteromonas|s__|ASV_6090",9.52860740694612,10.9260780298081,7.16985585614441e-06,0.000109864205531666,"***","edgeR"
"88","ColaDeBallena - EsteroZacatecas","k__Bacteria|p__Pseudomonadota|c__Alphaproteobacteria|o__Rhodobacterales|f__Paracoccaceae|g__Jannaschia|s__|ASV_11098",7.91481899102862,9.42661295263309,7.1828009560079e-06,0.000109864205531666,"***","edgeR"
"89","ColaDeBallena - EsteroZacatecas","k__Bacteria|p__Pseudomonadota|c__Alphaproteobacteria|o__Rhodobacterales|f__Paracoccaceae|g__|s__|ASV_1444",7.8190846115192,9.34205757613488,8.08037537665494e-06,0.000122204328730085,"***","edgeR"
"90","ColaDeBallena - EsteroZacatecas","k__Bacteria|p__Bacteroidota|c__Bacteroidia|o__Chitinophagales|f__Saprospiraceae|g__|s__|ASV_495",7.23015418128282,8.83825530439701,8.35576955897968e-06,0.000123803358268195,"***","edgeR"
"91","ColaDeBallena - EsteroZacatecas","k__Bacteria|p__Bacteroidota|c__Bacteroidia|o__Flavobacteriales|f__Flavobacteriaceae|g__Hoppeia|s__|ASV_3834",9.00677777795912,10.4289653401375,8.41485833182789e-06,0.000123803358268195,"***","edgeR"
"92","ColaDeBallena - EsteroZacatecas","k__Bacteria|p__Pseudomonadota|c__Gammaproteobacteria|o__Pseudomonadales|f__Halieaceae|g__Pseudohaliea|s__|ASV_13386",7.59788690358536,9.14935010234829,8.46204231847987e-06,0.000123803358268195,"***","edgeR"
"93","ColaDeBallena - EsteroZacatecas","k__Bacteria|p__Bacteroidota|c__Bacteroidia|o__Bacteroidales|f__Prolixibacteraceae|g__|s__|ASV_5304",-9.10347274980348,10.5206962266109,8.6632251153479e-06,0.000124416454973868,"***","edgeR"
"94","ColaDeBallena - EsteroZacatecas","k__Bacteria|p__Bacteroidota|c__Bacteroidia|o__Flavobacteriales|f__Flavobacteriaceae|g__Gramella|s__|ASV_8981",10.964437877617,12.3246325733412,8.68881632061186e-06,0.000124416454973868,"***","edgeR"
"95","ColaDeBallena - EsteroZacatecas","k__Bacteria|p__Bacteroidota|c__Bacteroidia|o__Flavobacteriales|f__Flavobacteriaceae|g__Aquimarina|s__|ASV_15336",7.93117998279122,9.44108952101315,8.94363624272483e-06,0.000126717204028501,"***","edgeR"
"96","ColaDeBallena - EsteroZacatecas","k__Bacteria|p__Pseudomonadota|c__Gammaproteobacteria|o__Pseudomonadales|f__Spongiibacteraceae|g__|s__|ASV_9864",-7.56805166298862,9.12539922792154,9.19394108323327e-06,0.000127973607665087,"***","edgeR"
"97","ColaDeBallena - EsteroZacatecas","k__Bacteria|p__Cyanobacteriota|c__Cyanobacteriia|o__Cyanobacteriales|f__Nostocaceae|g__Rivularia_PCC-7116|s__|ASV_7535",12.4362348011926,13.7824252723412,9.22246652564147e-06,0.000127973607665087,"***","edgeR"
"98","ColaDeBallena - EsteroZacatecas","k__Bacteria|p__Bacteroidota|c__Bacteroidia|o__Chitinophagales|f__Saprospiraceae|g__Lewinella|s__|ASV_14052",8.09573389339587,9.58825090293013,9.37800834280348e-06,0.000128804073769525,"***","edgeR"
"99","ColaDeBallena - EsteroZacatecas","k__Bacteria|p__Actinomycetota|c__Actinobacteria|o__Nitriliruptorales|f__Nitriliruptoraceae|g__|s__|ASV_13649",8.04784453135096,9.54503842648585,9.59755920068285e-06,0.000130488027112314,"***","edgeR"
"100","ColaDeBallena - EsteroZacatecas","k__Bacteria|p__Bacteroidota|c__Bacteroidia|o__Cytophagales|f__Cyclobacteriaceae|g__Reichenbachiella|s__|ASV_15950",6.68740813880113,8.40286214869939,1.13166411473494e-05,0.000152321989843324,"***","edgeR"
"101","ColaDeBallena - EsteroZacatecas","k__Bacteria|p__Bacteroidota|c__Bacteroidia|o__Chitinophagales|f__Saprospiraceae|g__Lewinella|s__|ASV_3307",9.32470950644733,10.7307166224757,1.36923100368044e-05,0.000182473755539987,"***","edgeR"
"102","ColaDeBallena - EsteroZacatecas","k__Bacteria|p__Cyanobacteriota|c__Cyanobacteriia|o__Cyanobacteriales|f__Xenococcaceae|g__Pleurocapsa_PCC-7319|s__|ASV_1466",8.88277824425345,10.312336719177,1.57674350497074e-05,0.000208068309577512,"***","edgeR"
"103","ColaDeBallena - EsteroZacatecas","k__Bacteria|p__Pseudomonadota|c__Alphaproteobacteria|o__Sphingomonadales|f__Sphingomonadaceae|g__|s__|ASV_4045",-7.59212909711002,9.14593793219501,1.59317869631444e-05,0.000208195973324198,"***","edgeR"
"104","ColaDeBallena - EsteroZacatecas","k__Bacteria|p__Thermodesulfobacteriota|c__Desulfobulbia|o__Desulfobulbales|f__Desulfocapsaceae|g__|s__|ASV_15238",8.09066118417049,9.58325892779232,1.83031097946547e-05,0.000234707049942855,"***","edgeR"
"105","ColaDeBallena - EsteroZacatecas","k__Bacteria|p__Pseudomonadota|c__Gammaproteobacteria|o__Pseudomonadales|f__Marinobacteraceae|g__Marinobacter|s__|ASV_13782",-7.32250019075693,8.91706636797594,1.83092423803862e-05,0.000234707049942855,"***","edgeR"
"106","ColaDeBallena - EsteroZacatecas","k__Bacteria|p__Actinomycetota|c__Actinobacteria|o__Propionibacteriales|f__Propionibacteriaceae|g__|s__|ASV_8927",7.31144646736147,8.90584157245902,1.91801763489792e-05,0.000242388386042746,"***","edgeR"
"107","ColaDeBallena - EsteroZacatecas","k__Bacteria|p__Pseudomonadota|c__Alphaproteobacteria|o__Rhodobacterales|f__Paracoccaceae|g__Halodurantibacterium|s__|ASV_2265",5.34572291184636,9.25692916303962,1.92686161267265e-05,0.000242388386042746,"***","edgeR"
"108","ColaDeBallena - EsteroZacatecas","k__Bacteria|p__Cyanobacteriota|c__Cyanobacteriia|o__Cyanobacteriales|f__Nostocaceae|g__Calothrix_PCC-6303|s__|ASV_10882",7.99041929991086,9.49384427810975,2.00234129434334e-05,0.000249551053906124,"***","edgeR"
"109","ColaDeBallena - EsteroZacatecas","k__Bacteria|p__Bacteroidota|c__Bacteroidia|o__Flavobacteriales|f__Flavobacteriaceae|g__Gramella|s__|ASV_14533",9.85840670807612,11.2434831222158,2.43028875490009e-05,0.000298342776028054,"***","edgeR"
"110","ColaDeBallena - EsteroZacatecas","k__Bacteria|p__Bacteroidota|c__Bacteroidia|o__Cytophagales|f__Flammeovirgaceae|g__|s__|ASV_15816",8.53225521975905,9.98573115626861,2.43816533158142e-05,0.000298342776028054,"***","edgeR"
"111","ColaDeBallena - EsteroZacatecas","k__Bacteria|p__Bacteroidota|c__Bacteroidia|o__Cytophagales|f__Cyclobacteriaceae|g__Marivirga|s__|ASV_7231",7.13872772841888,8.76270276622959,2.65267881752069e-05,0.00031978892267562,"***","edgeR"
"112","ColaDeBallena - EsteroZacatecas","k__Bacteria|p__Bacteroidota|c__Bacteroidia|o__Cytophagales|f__Cyclobacteriaceae|g__Tunicatimonas|s__|ASV_15977",8.51756898944535,9.9721433782936,2.66094794499773e-05,0.00031978892267562,"***","edgeR"
"113","ColaDeBallena - EsteroZacatecas","k__Bacteria|p__Cyanobacteriota|c__Cyanobacteriia|o__Cyanobacteriales|f__Nostocaceae|g__Rivularia_PCC-7116|s__|ASV_12444",8.29320726552506,9.76668642809221,3.05301116649957e-05,0.000361711982213844,"***","edgeR"
"114","ColaDeBallena - EsteroZacatecas","k__Bacteria|p__Pseudomonadota|c__Alphaproteobacteria|o__Micavibrionales|f__Micavibrionaceae|g__|s__|ASV_10591",6.82208862182561,8.50842946844231,3.06353387610536e-05,0.000361711982213844,"***","edgeR"
"115","ColaDeBallena - EsteroZacatecas","k__Bacteria|p__Pseudomonadota|c__Alphaproteobacteria|o__Rhodobacterales|f__Paracoccaceae|g__Palleronia-Pseudomaribius|s__|ASV_10171",-9.01906424173173,10.4417316413895,3.13113283613994e-05,0.00036647867803864,"***","edgeR"
"116","ColaDeBallena - EsteroZacatecas","k__Bacteria|p__Bacteroidota|c__Bacteroidia|o__Flavobacteriales|f__Flavobacteriaceae|g__|s__|ASV_6936",-8.73736960652155,10.1766071996509,3.40601154100739e-05,0.000395214787430686,"***","edgeR"
"117","ColaDeBallena - EsteroZacatecas","k__Bacteria|p__Bacteroidota|c__Bacteroidia|o__Chitinophagales|f__Saprospiraceae|g__Lewinella|s__|ASV_4172",7.94524754244027,9.45368094138839,3.51216338527954e-05,0.000404048881759509,"***","edgeR"
"118","ColaDeBallena - EsteroZacatecas","k__Bacteria|p__Pseudomonadota|c__Gammaproteobacteria|o__Chromatiales|f__Sedimenticolaceae|g__Sedimenticola|s__|ASV_271",-6.10175727541113,7.98066271920159,3.62939538681897e-05,0.000411161463307695,"***","edgeR"
"119","ColaDeBallena - EsteroZacatecas","k__Bacteria|p__Cyanobacteriota|c__Cyanobacteriia|o__Phormidesmiales|f__Phormidesmiaceae|g__Phormidium_MBIC10003|s__|ASV_546",7.30159899717078,8.89761758395173,3.65050788887891e-05,0.000411161463307695,"***","edgeR"
"120","ColaDeBallena - EsteroZacatecas","k__Bacteria|p__Bacteroidota|c__Bacteroidia|o__Chitinophagales|f__Saprospiraceae|g__Phaeodactylibacter|s__|ASV_7871",8.33482467785743,9.80459491302848,3.66562968773577e-05,0.000411161463307695,"***","edgeR"
"121","ColaDeBallena - EsteroZacatecas","k__Bacteria|p__Pseudomonadota|c__Alphaproteobacteria|o__Sphingomonadales|f__Sphingomonadaceae|g__Sphingomicrobium|s__|ASV_5269",5.56703710620466,11.2266898249966,3.88166904124666e-05,0.000431795580951901,"***","edgeR"
"122","ColaDeBallena - EsteroZacatecas","k__Bacteria|p__Myxococcota|c__Polyangiia|o__Polyangiales|f__Sandaracinaceae|g__|s__|ASV_14312",-9.2813295869859,10.6897855908598,3.97594878447391e-05,0.000438657956057532,"***","edgeR"
"123","ColaDeBallena - EsteroZacatecas","k__Bacteria|p__Myxococcota|c__Myxococcia|o__Myxococcales|f__Myxococcaceae|g__P3OB-42|s__|ASV_15133",6.74628074997204,8.44922038863432,4.13844752608238e-05,0.000452874013829828,"***","edgeR"
"124","ColaDeBallena - EsteroZacatecas","k__Bacteria|p__Thermodesulfobacteriota|c__Desulfobacteria|o__Desulfobacterales|f__Desulfosarcinaceae|g__SEEP-SRB1|s__|ASV_7773",-6.72040990237158,8.43178450236976,4.32924188140061e-05,0.000466548020618191,"***","edgeR"
"125","ColaDeBallena - EsteroZacatecas","k__Bacteria|p__Pseudomonadota|c__Alphaproteobacteria|o__Sphingomonadales|f__Sphingomonadaceae|g__Qipengyuania|s__|ASV_13971",9.19827169225067,10.6101713426108,4.33272678880192e-05,0.000466548020618191,"***","edgeR"
"126","ColaDeBallena - EsteroZacatecas","k__Bacteria|p__Deinococcota|c__Deinococci|o__Deinococcales|f__Trueperaceae|g__Truepera|s__|ASV_2935",7.24032866947763,8.8465039120246,4.73986863728135e-05,0.000506338348077834,"***","edgeR"
"127","ColaDeBallena - EsteroZacatecas","k__Bacteria|p__Pseudomonadota|c__Gammaproteobacteria|o__Pseudomonadales|f__Halieaceae|g__Haliea|s__|ASV_2118",6.87328817612426,8.54880552476162,4.77952856678609e-05,0.00050655475991292,"***","edgeR"
"128","ColaDeBallena - EsteroZacatecas","k__Bacteria|p__Actinomycetota|c__Actinobacteria|o__Propionibacteriales|f__Nocardioidaceae|g__Nocardioides|s__|ASV_13377",-6.86435761804832,8.54399430103726,4.96838400746199e-05,0.000522456630784674,"***","edgeR"
"129","ColaDeBallena - EsteroZacatecas","k__Bacteria|p__Pseudomonadota|c__Alphaproteobacteria|o__Sphingomonadales|f__Sphingomonadaceae|g__Sphingomicrobium|s__|ASV_1202",9.42107535476158,10.8223705531892,5.13704560039167e-05,0.000536004913033115,"***","edgeR"
"130","ColaDeBallena - EsteroZacatecas","k__Bacteria|p__Cyanobacteriota|c__Cyanobacteriia|o__Cyanobacteriales|f__Xenococcaceae|g__Pleurocapsa_PCC-7319|s__|ASV_7092",7.8146883885233,9.33859338240303,5.33261437179493e-05,0.000552130688033536,"***","edgeR"
"131","ColaDeBallena - EsteroZacatecas","k__Bacteria|p__Actinomycetota|c__Actinobacteria|o__Propionibacteriales|f__Nocardioidaceae|g__Nocardioides|s__|ASV_1509",-7.63183055362791,9.18046835146847,5.41828482522658e-05,0.000556718425553815,"***","edgeR"
"132","ColaDeBallena - EsteroZacatecas","k__Bacteria|p__Planctomycetota|c__Planctomycetes|o__Planctomycetales|f__Gimesiaceae|g__|s__|ASV_8729",6.89276318035618,8.56420282565431,5.56812025994615e-05,0.0005676684006926,"***","edgeR"
"133","ColaDeBallena - EsteroZacatecas","k__Bacteria|p__Cyanobacteriota|c__Cyanobacteriia|o__Cyanobacteriales|f__Nostocaceae|g__Rivularia_PCC-7116|s__|ASV_4054",7.59154827900696,9.14410860149255,5.62968651769097e-05,0.0005676684006926,"***","edgeR"
"134","ColaDeBallena - EsteroZacatecas","k__Bacteria|p__Pseudomonadota|c__Gammaproteobacteria|o__Enterobacterales|f__Vibrionaceae|g__Vibrio|s__|ASV_5381",-7.65693833646882,9.20211644715155,5.65137932338844e-05,0.0005676684006926,"***","edgeR"
"135","ColaDeBallena - EsteroZacatecas","k__Bacteria|p__Bacteroidota|c__Bacteroidia|o__Flavobacteriales|f__Flavobacteriaceae|g__|s__|ASV_11133",3.75747052310873,10.0437208311514,5.79180415377601e-05,0.000574480190495561,"***","edgeR"
"136","ColaDeBallena - EsteroZacatecas","k__Bacteria|p__Bacteroidota|c__Bacteroidia|o__Flavobacteriales|f__Flavobacteriaceae|g__|s__|ASV_748",-7.07407118720027,8.71184459325422,5.804554673655e-05,0.000574480190495561,"***","edgeR"
"137","ColaDeBallena - EsteroZacatecas","k__Bacteria|p__Verrucomicrobiota|c__Verrucomicrobiia|o__Opitutales|f__Puniceicoccaceae|g__Lentimonas|s__|ASV_4906",-6.84920433633282,8.53215649257913,5.92219999850707e-05,0.000581845342919016,"***","edgeR"
"138","ColaDeBallena - EsteroZacatecas","k__Bacteria|p__Pseudomonadota|c__Alphaproteobacteria|o__Rhodobacterales|f__Paracoccaceae|g__Palleronia-Pseudomaribius|s__|ASV_3213",-8.63627137394635,10.0836214535276,6.27223551142828e-05,0.000611770217274092,"***","edgeR"
"139","ColaDeBallena - EsteroZacatecas","k__Bacteria|p__Cyanobacteriota|c__Cyanobacteriia|o__Cyanobacteriales|f__Xenococcaceae|g__Gloeocapsopsis_BDHKU_35101|s__|ASV_16008",9.46933705324462,10.868989014709,6.41184393245717e-05,0.000620887908855205,"***","edgeR"
"140","ColaDeBallena - EsteroZacatecas","k__Bacteria|p__Bacteroidota|c__Bacteroidia|o__Flavobacteriales|f__Flavobacteriaceae|g__Mesoflavibacter|s__|ASV_6111",7.82382803600747,9.34604714430903,6.70447952631594e-05,0.000644587817315804,"***","edgeR"
"141","ColaDeBallena - EsteroZacatecas","k__Bacteria|p__Pseudomonadota|c__Gammaproteobacteria|o__Granulosicoccales|f__Granulosicoccaceae|g__Granulosicoccus|s__|ASV_2296",6.5684721760871,8.31311699013711,6.83094322264409e-05,0.000652088622530422,"***","edgeR"
"142","ColaDeBallena - EsteroZacatecas","k__Bacteria|p__Cyanobacteriota|c__Cyanobacteriia|o__Cyanobacteriales|f__Phormidiaceae|g__Arthrospira_PCC-7345|s__|ASV_8114",9.1930970270346,10.6054306243454,7.06604826392691e-05,0.000666548386403365,"***","edgeR"
"143","ColaDeBallena - EsteroZacatecas","k__Bacteria|p__Actinomycetota|c__Actinobacteria|o__Propionibacteriales|f__Nocardioidaceae|g__Nocardioides|s__|ASV_12135",-8.73674624385312,10.1764834761791,7.13622956305948e-05,0.000666548386403365,"***","edgeR"
"144","ColaDeBallena - EsteroZacatecas","k__Bacteria|p__Actinomycetota|c__Actinobacteria|o__Nitriliruptorales|f__Nitriliruptoraceae|g__|s__|ASV_9244",-6.61016698825643,8.3472230943128,7.19075766654651e-05,0.000666548386403365,"***","edgeR"
"145","ColaDeBallena - EsteroZacatecas","k__Bacteria|p__Verrucomicrobiota|c__Verrucomicrobiia|o__Verrucomicrobiales|f__Rubritaleaceae|g__Haloferula|s__|ASV_2015",7.86648598079285,9.38382819504255,7.25565378935812e-05,0.000666548386403365,"***","edgeR"
"146","ColaDeBallena - EsteroZacatecas","k__Bacteria|p__Pseudomonadota|c__Alphaproteobacteria|o__Sphingomonadales|f__Sphingomonadaceae|g__|s__|ASV_8622",7.43979287036638,9.01410063607079,7.26095478266403e-05,0.000666548386403365,"***","edgeR"
"147","ColaDeBallena - EsteroZacatecas","k__Bacteria|p__Bacteroidota|c__Bacteroidia|o__Flavobacteriales|f__Flavobacteriaceae|g__Robertkochia|s__|ASV_468",6.31109308007019,8.12316021260791,7.27954032699068e-05,0.000666548386403365,"***","edgeR"
"148","ColaDeBallena - EsteroZacatecas","k__Bacteria|p__Bacteroidota|c__Bacteroidia|o__Flavobacteriales|f__Flavobacteriaceae|g__Aquimarina|s__|ASV_592",7.79961916159991,9.32502274182237,7.45186135316759e-05,0.000677716579821863,"***","edgeR"
"149","ColaDeBallena - EsteroZacatecas","k__Bacteria|p__Rhodothermota|c__Rhodothermia|o__Rhodothermales|f__Rhodothermaceae|g__|s__|ASV_5525",7.60870053763145,9.15851331889884,7.62649272829825e-05,0.000688943571294593,"***","edgeR"
"150","ColaDeBallena - EsteroZacatecas","k__Bacteria|p__Bacteroidota|c__Bacteroidia|o__Flavobacteriales|f__Flavobacteriaceae|g__Flavimarina|s__|ASV_7837",7.69362715615415,9.23206178816714,7.79590833871599e-05,0.000699552841594115,"***","edgeR"
"151","ColaDeBallena - EsteroZacatecas","k__Bacteria|p__Pseudomonadota|c__Alphaproteobacteria|o__Rhodobacterales|f__Paracoccaceae|g__|s__|ASV_7108",-7.43556344299064,9.01222649190517,7.98055156841432e-05,0.000711378967621568,"***","edgeR"
"152","ColaDeBallena - EsteroZacatecas","k__Bacteria|p__Bacteroidota|c__Bacteroidia|o__Flavobacteriales|f__Flavobacteriaceae|g__Gramella|s__|ASV_13670",11.9575069926706,13.3067089015805,8.05948090888469e-05,0.000713688243642026,"***","edgeR"
"153","ColaDeBallena - EsteroZacatecas","k__Bacteria|p__Bacteroidota|c__Bacteroidia|o__Flavobacteriales|f__Flavobacteriaceae|g__Gramella|s__|ASV_7179",-7.37362918043544,8.96014856435429,8.12148518108313e-05,0.000714478369525353,"***","edgeR"
"154","ColaDeBallena - EsteroZacatecas","k__Bacteria|p__Bacteroidota|c__Bacteroidia|o__Flavobacteriales|f__Crocinitomicaceae|g__Brumimicrobium|s__|ASV_4358",6.63947252020863,8.36703503785878,8.18932252839909e-05,0.000715768059949687,"***","edgeR"
"155","ColaDeBallena - EsteroZacatecas","k__Bacteria|p__Actinomycetota|c__Acidimicrobiia|o__Microtrichales|f__Microtrichaceae|g__Sva0996_marine_group|s__|ASV_3343",7.62517306788003,9.1727625991347,8.51388754083572e-05,0.000739305136955889,"***","edgeR"
"156","ColaDeBallena - EsteroZacatecas","k__Bacteria|p__Bacteroidota|c__Bacteroidia|o__Flavobacteriales|f__Flavobacteriaceae|g__Actibacter|s__|ASV_16072",-6.87587365766047,8.55300374774393,8.56846964079633e-05,0.000739305136955889,"***","edgeR"
"157","ColaDeBallena - EsteroZacatecas","k__Bacteria|p__Pseudomonadota|c__Gammaproteobacteria|o__Pseudomonadales|f__Halieaceae|g__Parahaliea|s__|ASV_9065",-6.4199858212447,8.20585001264887,8.65104137619381e-05,0.0007416752670291,"***","edgeR"
"158","ColaDeBallena - EsteroZacatecas","k__Bacteria|p__Bacteroidota|c__Bacteroidia|o__Flavobacteriales|f__Flavobacteriaceae|g__Flavimarina|s__|ASV_13262",7.5203016582821,9.08253555843585,8.81514543893774e-05,0.000750961124101911,"***","edgeR"
"159","ColaDeBallena - EsteroZacatecas","k__Bacteria|p__Bacteroidota|c__Bacteroidia|o__Chitinophagales|f__Saprospiraceae|g__Lewinella|s__|ASV_11109",7.6454017020309,9.19030453262103,9.33206141400261e-05,0.000789997148631919,"***","edgeR"
"160","ColaDeBallena - EsteroZacatecas","k__Bacteria|p__Bacteroidota|c__Bacteroidia|o__Cytophagales|f__Cyclobacteriaceae|g__Marinoscillum|s__|ASV_5991",-7.56723684059116,9.12463232359542,9.90112527577758e-05,0.000832932163824789,"***","edgeR"
"161","ColaDeBallena - EsteroZacatecas","k__Bacteria|p__Calditrichota|c__Calditrichia|o__Calditrichales|f__Calditrichaceae|g__Caldithrix|s__|ASV_13974",-7.47533477807354,9.04561975766304,0.000100040646154858,0.000836364656673533,"***","edgeR"
"162","ColaDeBallena - EsteroZacatecas","k__Bacteria|p__Bacteroidota|c__Bacteroidia|o__Flavobacteriales|f__Flavobacteriaceae|g__Actibacter|s__|ASV_4251",7.65233259831617,9.19597517005748,0.000100847434354213,0.0008379052261776,"***","edgeR"
"163","ColaDeBallena - EsteroZacatecas","k__Bacteria|p__Campylobacterota|c__Campylobacteria|o__Campylobacterales|f__Sulfurovaceae|g__Sulfurovum|s__|ASV_14893",-7.92562772553255,9.43675106429621,0.000107876863149499,0.000890811397541259,"***","edgeR"
"164","ColaDeBallena - EsteroZacatecas","k__Bacteria|p__Bacteroidota|c__Bacteroidia|o__Cytophagales|f__Cyclobacteriaceae|g__Tunicatimonas|s__|ASV_15997",4.8302892359511,10.0417916703849,0.000111327981888808,0.000913704046477656,"***","edgeR"
"165","ColaDeBallena - EsteroZacatecas","k__Bacteria|p__Actinomycetota|c__Acidimicrobiia|o__Microtrichales|f__Ilumatobacteraceae|g__Ilumatobacter|s__|ASV_8457",8.30880526208469,9.78077236685433,0.000117698807589359,0.000960136939486527,"***","edgeR"
"166","ColaDeBallena - EsteroZacatecas","k__Bacteria|p__Bacteroidota|c__Bacteroidia|o__Flavobacteriales|f__Flavobacteriaceae|g__Mesohalobacter|s__|ASV_1762",6.72925585828425,8.43592608774205,0.00012158504837792,0.000985864307931808,"***","edgeR"
"167","ColaDeBallena - EsteroZacatecas","k__Bacteria|p__Pseudomonadota|c__Alphaproteobacteria|o__|f__Neomegalonemataceae|g__Acuticoccus|s__|ASV_2172",8.22545682708077,9.70538134184325,0.000129834982573181,0.00104645441044013,"**","edgeR"
"168","ColaDeBallena - EsteroZacatecas","k__Bacteria|p__Bacteroidota|c__Bacteroidia|o__Flavobacteriales|f__Cryomorphaceae|g__Owenweeksia|s__|ASV_3656",7.08660236050128,8.72045359554395,0.000132317535510854,0.00106011549284292,"**","edgeR"
"169","ColaDeBallena - EsteroZacatecas","k__Bacteria|p__Pseudomonadota|c__Alphaproteobacteria|o__Rhodobacterales|f__Paracoccaceae|g__|s__|ASV_13876",7.29409814564792,8.89110903916154,0.000134187024992599,0.00106873216355052,"**","edgeR"
"170","ColaDeBallena - EsteroZacatecas","k__Bacteria|p__Actinomycetota|c__Actinobacteria|o__Euzebyales|f__Euzebyaceae|g__|s__|ASV_8234",-8.24067943743803,9.72085829167205,0.000137289630570393,0.00108588774880864,"**","edgeR"
"171","ColaDeBallena - EsteroZacatecas","k__Bacteria|p__Bacteroidota|c__Bacteroidia|o__Flavobacteriales|f__Flavobacteriaceae|g__Sufflavibacter|s__|ASV_4707",-4.54890328439678,11.6335267944233,0.000138047746303677,0.00108588774880864,"**","edgeR"
"172","ColaDeBallena - EsteroZacatecas","k__Bacteria|p__Pseudomonadota|c__Alphaproteobacteria|o__|f__Neomegalonemataceae|g__Acuticoccus|s__|ASV_4242",8.41960755953572,9.8822112297202,0.000138761287366335,0.00108588774880864,"**","edgeR"
"173","ColaDeBallena - EsteroZacatecas","k__Bacteria|p__Actinomycetota|c__Actinobacteria|o__Euzebyales|f__Euzebyaceae|g__|s__|ASV_12943",8.2834803109465,9.75777650930081,0.000142229733398541,0.00110659665407189,"**","edgeR"
"174","ColaDeBallena - EsteroZacatecas","k__Bacteria|p__Pseudomonadota|c__Alphaproteobacteria|o__Rhodobacterales|f__Paracoccaceae|g__|s__|ASV_11336",7.13796590949426,8.76207381703665,0.000154627480475459,0.00119614131448257,"**","edgeR"
"175","ColaDeBallena - EsteroZacatecas","k__Bacteria|p__Pseudomonadota|c__Gammaproteobacteria|o__Beggiatoales|f__Leucotrichaceae|g__|s__|ASV_713",-7.21807695955304,8.82961344737831,0.000167256210539837,0.00128122716848452,"**","edgeR"
"176","ColaDeBallena - EsteroZacatecas","k__Bacteria|p__Thermodesulfobacteriota|c__Desulfobulbia|o__Desulfobulbales|f__Desulfocapsaceae|g__|s__|ASV_8870",-7.11091799510483,8.74155637392368,0.000168680090149923,0.00128122716848452,"**","edgeR"
"177","ColaDeBallena - EsteroZacatecas","k__Bacteria|p__Verrucomicrobiota|c__Verrucomicrobiia|o__Opitutales|f__Puniceicoccaceae|g__Verruc-01|s__|ASV_3940",-7.05760308693865,8.69823042847326,0.00016880123594646,0.00128122716848452,"**","edgeR"
"178","ColaDeBallena - EsteroZacatecas","k__Bacteria|p__Bacteroidota|c__Bacteroidia|o__Chitinophagales|f__Saprospiraceae|g__Lewinella|s__|ASV_14840",6.80178174164401,8.49253286568191,0.00016943420207299,0.00128122716848452,"**","edgeR"
"179","ColaDeBallena - EsteroZacatecas","k__Bacteria|p__Rhodothermota|c__Rhodothermia|o__Rhodothermales|f__Rhodothermaceae|g__|s__|ASV_6356",6.91430086084862,8.58142906493329,0.000171117031746989,0.00128672360185166,"**","edgeR"
"180","ColaDeBallena - EsteroZacatecas","k__Bacteria|p__Pseudomonadota|c__Alphaproteobacteria|o__Sphingomonadales|f__Sphingomonadaceae|g__Croceibacterium|s__|ASV_2710",7.03210592262413,8.67584682587291,0.000180929905761395,0.00134939772715748,"**","edgeR"
"181","ColaDeBallena - EsteroZacatecas","k__Bacteria|p__Pseudomonadota|c__Alphaproteobacteria|o__Sphingomonadales|f__Sphingomonadaceae|g__Paraurantiacibacter|s__|ASV_6166",8.11395426416468,9.60456679291311,0.000181456900903049,0.00134939772715748,"**","edgeR"
"182","ColaDeBallena - EsteroZacatecas","k__Bacteria|p__Bacteroidota|c__Bacteroidia|o__Cytophagales|f__Cyclobacteriaceae|g__Tunicatimonas|s__|ASV_11136",-6.90015173845356,8.57262215208318,0.00018348099628412,0.00135334296436546,"**","edgeR"
"183","ColaDeBallena - EsteroZacatecas","k__Bacteria|p__Bacteroidota|c__Bacteroidia|o__Cytophagales|f__Flammeovirgaceae|g__|s__|ASV_9450",7.3988413093259,8.97864622409602,0.000183998337651471,0.00135334296436546,"**","edgeR"
"184","ColaDeBallena - EsteroZacatecas","k__Bacteria|p__Pseudomonadota|c__Gammaproteobacteria|o__Enterobacterales|f__Alteromonadaceae|g__Alteromonas|s__|ASV_12422",9.37681669987273,10.7799368531552,0.000186242385207301,0.00136240353526645,"**","edgeR"
"185","ColaDeBallena - EsteroZacatecas","k__Bacteria|p__Actinomycetota|c__Thermoleophilia|o__Solirubrobacterales|f__Solirubrobacteraceae|g__Patulibacter|s__|ASV_9925",8.51771783562033,9.97196644225303,0.000187730048879223,0.00136586295022397,"**","edgeR"
"186","ColaDeBallena - EsteroZacatecas","k__Bacteria|p__Pseudomonadota|c__Alphaproteobacteria|o__Hyphomicrobiales|f__Rhizobiaceae|g__|s__|ASV_14696",8.99847641474473,10.4210198249578,0.000190743583052378,0.00138032721929301,"**","edgeR"
"187","ColaDeBallena - EsteroZacatecas","k__Bacteria|p__Rhodothermota|c__Rhodothermia|o__Rhodothermales|f__Rhodothermaceae|g__Rubrivirga|s__|ASV_7369",-6.88967267798095,8.56454086276274,0.000193982935323591,0.0013962621975698,"**","edgeR"
"188","ColaDeBallena - EsteroZacatecas","k__Bacteria|p__Pseudomonadota|c__Alphaproteobacteria|o__Hyphomicrobiales|f__Rhizobiaceae|g__Roseitalea|s__|ASV_2998",8.97470172889354,10.3992009982329,0.000202068661926426,0.00144176797654469,"**","edgeR"
"189","ColaDeBallena - EsteroZacatecas","k__Bacteria|p__Bacteroidota|c__Bacteroidia|o__Cytophagales|f__Cyclobacteriaceae|g__Fulvivirga|s__|ASV_12732",6.73368646309175,8.43947680983602,0.000202734899603012,0.00144176797654469,"**","edgeR"
"190","ColaDeBallena - EsteroZacatecas","k__Bacteria|p__Pseudomonadota|c__Alphaproteobacteria|o__Rhodobacterales|f__Paracoccaceae|g__Palleronia-Pseudomaribius|s__|ASV_10722",-6.75530450774533,8.4589426120491,0.000203518510804971,0.00144176797654469,"**","edgeR"
"191","ColaDeBallena - EsteroZacatecas","k__Bacteria|p__Rhodothermota|c__Rhodothermia|o__Rhodothermales|f__Rhodothermaceae|g__Rubrivirga|s__|ASV_571",-7.90806774778775,9.42284708010981,0.000207769166119858,0.00146417433297031,"**","edgeR"
"192","ColaDeBallena - EsteroZacatecas","k__Bacteria|p__Chloroflexota|c__Anaerolineae|o__Caldilineales|f__Caldilineaceae|g__|s__|ASV_10173",6.93553201262911,8.59809650128711,0.000209579955028321,0.00146924280972979,"**","edgeR"
"193","ColaDeBallena - EsteroZacatecas","k__Bacteria|p__Bacteroidota|c__Bacteroidia|o__Flavobacteriales|f__Flavobacteriaceae|g__|s__|ASV_15493",9.23546293880452,10.6451909116665,0.000210932808052955,0.00147106507585118,"**","edgeR"
"194","ColaDeBallena - EsteroZacatecas","k__Bacteria|p__Bacteroidota|c__Bacteroidia|o__Cytophagales|f__Cyclobacteriaceae|g__Tunicatimonas|s__|ASV_8500",-5.04318514730754,10.5340752529742,0.000224450900266093,0.00155532643396038,"**","edgeR"
"195","ColaDeBallena - EsteroZacatecas","k__Bacteria|p__Pseudomonadota|c__Alphaproteobacteria|o__Rhodobacterales|f__Paracoccaceae|g__|s__|ASV_1133",8.89206505206425,10.3209886841288,0.000226130993101852,0.00155532643396038,"**","edgeR"
"196","ColaDeBallena - EsteroZacatecas","k__Bacteria|p__Cyanobacteriota|c__Cyanobacteriia|o__Synechococcales|f__Cyanobiaceae|g__|s__|ASV_1949",6.72929840344865,8.43595572297517,0.000226806281253703,0.00155532643396038,"**","edgeR"
"197","ColaDeBallena - EsteroZacatecas","k__Bacteria|p__Pseudomonadota|c__Gammaproteobacteria|o__Pseudomonadales|f__Pseudohongiellaceae|g__Pseudohongiella|s__|ASV_13196",-6.96545574224697,8.62391030318034,0.000227636929784692,0.00155532643396038,"**","edgeR"
"198","ColaDeBallena - EsteroZacatecas","k__Bacteria|p__Bacteroidota|c__Bacteroidia|o__Chitinophagales|f__Saprospiraceae|g__Lewinella|s__|ASV_15291",8.96739598845566,10.3918548001454,0.000229999091362222,0.00155842403994117,"**","edgeR"
"199","ColaDeBallena - EsteroZacatecas","k__Bacteria|p__Cyanobacteriota|c__Cyanobacteriia|o__Synechococcales|f__Cyanobiaceae|g__Synechococcus_MBIC10613|s__|ASV_12853",6.71816118012182,8.4273067082485,0.000230522331701861,0.00155842403994117,"**","edgeR"
"200","ColaDeBallena - EsteroZacatecas","k__Bacteria|p__Pseudomonadota|c__Gammaproteobacteria|o__Pseudomonadales|f__211ds20|g__|s__|ASV_11427",-6.91929131260855,8.58717903339403,0.00023156375036273,0.00155842403994117,"**","edgeR"
"201","ColaDeBallena - EsteroZacatecas","k__Bacteria|p__Bacteroidota|c__Bacteroidia|o__Chitinophagales|f__Saprospiraceae|g__Portibacter|s__|ASV_9536",6.78555175438018,8.47976132223062,0.000237778958865809,0.00159229093847452,"**","edgeR"
"202","ColaDeBallena - EsteroZacatecas","k__Bacteria|p__Pseudomonadota|c__Alphaproteobacteria|o__|f__Neomegalonemataceae|g__Acuticoccus|s__|ASV_4730",6.82805973445041,8.51301148920992,0.000239934109144909,0.00159876886588638,"**","edgeR"
"203","ColaDeBallena - EsteroZacatecas","k__Bacteria|p__Verrucomicrobiota|c__Verrucomicrobiia|o__Verrucomicrobiales|f__DEV007|g__|s__|ASV_4459",6.97046653741643,8.62602885244368,0.000242000343912956,0.0016001656029914,"**","edgeR"
"204","ColaDeBallena - EsteroZacatecas","k__Bacteria|p__Bacteroidota|c__Bacteroidia|o__Chitinophagales|f__Saprospiraceae|g__Lewinella|s__|ASV_12788",6.90136312141444,8.57065178053496,0.000242521384108652,0.0016001656029914,"**","edgeR"
"205","ColaDeBallena - EsteroZacatecas","k__Bacteria|p__Bacteroidota|c__Bacteroidia|o__Chitinophagales|f__Saprospiraceae|g__|s__|ASV_9801",6.82262876265024,8.50865810373181,0.000251466076567333,0.00165108945882746,"**","edgeR"
"206","ColaDeBallena - EsteroZacatecas","k__Bacteria|p__Pseudomonadota|c__Gammaproteobacteria|o__Granulosicoccales|f__Granulosicoccaceae|g__Granulosicoccus|s__|ASV_5565",6.5748942390368,8.31794994766708,0.000262627232039078,0.00171600123458543,"**","edgeR"
"207","ColaDeBallena - EsteroZacatecas","k__Bacteria|p__Bacteroidota|c__Bacteroidia|o__Flavobacteriales|f__Cryomorphaceae|g__Cryomorpha|s__|ASV_1777",6.93826303159999,8.60046954015487,0.000267164174954643,0.00173347330482954,"**","edgeR"
"208","ColaDeBallena - EsteroZacatecas","k__Bacteria|p__Rhodothermota|c__Rhodothermia|o__Rhodothermales|f__Rhodothermaceae|g__|s__|ASV_12493",8.05977034514887,9.55684659762936,0.000267877004015264,0.00173347330482954,"**","edgeR"
"209","ColaDeBallena - EsteroZacatecas","k__Bacteria|p__Bacteroidota|c__Bacteroidia|o__Chitinophagales|f__Saprospiraceae|g__Lewinella|s__|ASV_11477",6.81457959338776,8.50229992189838,0.000272924036926945,0.00175768303207497,"**","edgeR"
"210","ColaDeBallena - EsteroZacatecas","k__Bacteria|p__Rhodothermota|c__Rhodothermia|o__Rhodothermales|f__Rhodothermaceae|g__|s__|ASV_4624",7.93707945112139,9.44637153556563,0.000275880770803308,0.00176826436905359,"**","edgeR"
"211","ColaDeBallena - EsteroZacatecas","k__Bacteria|p__Bacteroidota|c__Bacteroidia|o__Cytophagales|f__Cyclobacteriaceae|g__Fulvivirga|s__|ASV_2867",7.62620537010161,9.17408388937399,0.000292296158738977,0.00186233036898766,"**","edgeR"
"212","ColaDeBallena - EsteroZacatecas","k__Bacteria|p__Pseudomonadota|c__Gammaproteobacteria|o__Pseudomonadales|f__211ds20|g__|s__|ASV_7484",-5.21754139962939,8.63330243608646,0.000293323951133271,0.00186233036898766,"**","edgeR"
"213","ColaDeBallena - EsteroZacatecas","k__Bacteria|p__Cyanobacteriota|c__Cyanobacteriia|o__Cyanobacteriales|f__Xenococcaceae|g__Myxosarcina_GI1|s__|ASV_12810",-6.60148193799797,8.3406884418983,0.000297490133910683,0.00187991417954826,"**","edgeR"
"214","ColaDeBallena - EsteroZacatecas","k__Bacteria|p__Pseudomonadota|c__Gammaproteobacteria|o__Pseudomonadales|f__Saccharospirillaceae|g__Bermanella|s__|ASV_15002",6.74032916595299,8.44424023121151,0.000303463818624768,0.00190870233583616,"**","edgeR"
"215","ColaDeBallena - EsteroZacatecas","k__Bacteria|p__Bacteroidota|c__Bacteroidia|o__Bacteroidales|f__Prolixibacteraceae|g__|s__|ASV_10019",-5.73659210815942,9.74649294740819,0.000319818513902637,0.00199181599829967,"**","edgeR"
"216","ColaDeBallena - EsteroZacatecas","k__Bacteria|p__Pseudomonadota|c__Alphaproteobacteria|o__Hyphomicrobiales|f__Rhodomicrobiaceae|g__Rhodomicrobium|s__|ASV_2124",6.50740228159207,8.26730313231774,0.000320631511550617,0.00199181599829967,"**","edgeR"
"217","ColaDeBallena - EsteroZacatecas","k__Bacteria|p__Bacteroidota|c__Bacteroidia|o__Chitinophagales|f__Saprospiraceae|g__Lewinella|s__|ASV_5784",8.94829779649187,10.3746481436779,0.000321117438061685,0.00199181599829967,"**","edgeR"
"218","ColaDeBallena - EsteroZacatecas","k__Bacteria|p__Bacteroidota|c__Bacteroidia|o__Flavobacteriales|f__Flavobacteriaceae|g__|s__|ASV_4722",-8.19651007370655,9.679425471339,0.000325870606809726,0.00201202677415546,"**","edgeR"
"219","ColaDeBallena - EsteroZacatecas","k__Bacteria|p__Actinomycetota|c__Acidimicrobiia|o__Microtrichales|f__Ilumatobacteraceae|g__Ilumatobacter|s__|ASV_10265",4.1981884530355,11.323404715668,0.000332933615003882,0.00204624952417911,"**","edgeR"
"220","ColaDeBallena - EsteroZacatecas","k__Bacteria|p__Pseudomonadota|c__Alphaproteobacteria|o__Sphingomonadales|f__Sphingomonadaceae|g__|s__|ASV_14461",8.67950519741292,10.1225308127674,0.000349984810582509,0.00214127070474571,"**","edgeR"
"221","ColaDeBallena - EsteroZacatecas","k__Bacteria|p__Chloroflexota|c__Anaerolineae|o__Aggregatilineales|f__A4b|g__|s__|ASV_5951",-6.62724422576171,8.35972614268237,0.000354018537330442,0.00215614910066414,"**","edgeR"
"222","ColaDeBallena - EsteroZacatecas","k__Bacteria|p__Rhodothermota|c__Rhodothermia|o__Rhodothermales|f__Rhodothermaceae|g__|s__|ASV_4439",3.59030022730739,12.6431872073823,0.000357017228451203,0.00215770536769966,"**","edgeR"
"223","ColaDeBallena - EsteroZacatecas","k__Bacteria|p__Bacteroidota|c__Bacteroidia|o__Flavobacteriales|f__Flavobacteriaceae|g__|s__|ASV_8714",8.86661497041225,10.297173363644,0.000357480161216213,0.00215770536769966,"**","edgeR"
"224","ColaDeBallena - EsteroZacatecas","k__Bacteria|p__Pseudomonadota|c__Alphaproteobacteria|o__Rhodobacterales|f__Paracoccaceae|g__Palleronia-Pseudomaribius|s__|ASV_8753",7.56883687742688,9.12418318561594,0.000359292297310651,0.00215896175080418,"**","edgeR"
"225","ColaDeBallena - EsteroZacatecas","k__Bacteria|p__Planctomycetota|c__Phycisphaerae|o__Phycisphaerales|f__Phycisphaeraceae|g__Algisphaera|s__|ASV_298",7.72105365222158,9.25594640673791,0.000363071719263721,0.00217197570723986,"**","edgeR"
"226","ColaDeBallena - EsteroZacatecas","k__Bacteria|p__Pseudomonadota|c__Alphaproteobacteria|o__Kiloniellales|f__Kiloniellaceae|g__|s__|ASV_13619",8.56385462283511,10.0151120083478,0.000369239325947253,0.00219909793241151,"**","edgeR"
"227","ColaDeBallena - EsteroZacatecas","k__Bacteria|p__Bacteroidota|c__Bacteroidia|o__Cytophagales|f__Mooreiaceae|g__Mooreia|s__|ASV_7766",-6.30077510032805,8.11881181196299,0.000382055433306054,0.00226380163517262,"**","edgeR"
"228","ColaDeBallena - EsteroZacatecas","k__Bacteria|p__Pseudomonadota|c__Alphaproteobacteria|o__Sphingomonadales|f__Sphingomonadaceae|g__Sphingomicrobium|s__|ASV_8463",-7.39128171894597,8.97585814061972,0.000383467141767724,0.00226380163517262,"**","edgeR"
"229","ColaDeBallena - EsteroZacatecas","k__Bacteria|p__Bacteroidota|c__Bacteroidia|o__Cytophagales|f__Cyclobacteriaceae|g__|s__|ASV_5050",-6.5581054603581,8.3076227170624,0.000403689804851119,0.00237158422839331,"**","edgeR"
"230","ColaDeBallena - EsteroZacatecas","k__Bacteria|p__Pseudomonadota|c__Alphaproteobacteria|o__Rhodobacterales|f__Paracoccaceae|g__Maribius|s__|ASV_14792",7.35874990011576,8.94588565891946,0.000405248419413419,0.00237158422839331,"**","edgeR"
"231","ColaDeBallena - EsteroZacatecas","k__Bacteria|p__Chloroflexota|c__Anaerolineae|o__Aggregatilineales|f__A4b|g__|s__|ASV_10198",6.71939355566247,8.42842060338758,0.000415316866849709,0.00241998486051822,"**","edgeR"
"232","ColaDeBallena - EsteroZacatecas","k__Bacteria|p__Myxococcota|c__Polyangiia|o__Haliangiales|f__Haliangiaceae|g__|s__|ASV_3182",7.36723149273705,8.95254174207705,0.000453063368400065,0.002628548680459,"**","edgeR"
"233","ColaDeBallena - EsteroZacatecas","k__Bacteria|p__Myxococcota|c__Polyangiia|o__Polyangiales|f__Sandaracinaceae|g__|s__|ASV_5526",-6.43457743698597,8.21609080676769,0.000459729415323736,0.00264465755683545,"**","edgeR"
"234","ColaDeBallena - EsteroZacatecas","k__Bacteria|p__Bacteroidota|c__Bacteroidia|o__Flavobacteriales|f__Flavobacteriaceae|g__Tenacibaculum|s__|ASV_12003",6.43975067603228,8.2169160227384,0.000459769590118495,0.00264465755683545,"**","edgeR"
"235","ColaDeBallena - EsteroZacatecas","k__Bacteria|p__Chloroflexota|c__Anaerolineae|o__Aggregatilineales|f__A4b|g__|s__|ASV_10524",6.38749551379027,8.178570648766,0.000486925396181983,0.0027889429074934,"**","edgeR"
"236","ColaDeBallena - EsteroZacatecas","k__Bacteria|p__Rhodothermota|c__Rhodothermia|o__Rhodothermales|f__Rhodothermaceae|g__|s__|ASV_7872",-7.32617569405645,8.92131022666243,0.000499553731369539,0.00282829276389593,"**","edgeR"
"237","ColaDeBallena - EsteroZacatecas","k__Bacteria|p__Bacteroidota|c__Bacteroidia|o__Flavobacteriales|f__Flavobacteriaceae|g__Robiginitalea|s__|ASV_8414",-7.3756984044912,8.96074727384766,0.000500084468102815,0.00282829276389593,"**","edgeR"
"238","ColaDeBallena - EsteroZacatecas","k__Bacteria|p__Bacteroidota|c__Bacteroidia|o__Cytophagales|f__Cyclobacteriaceae|g__|s__|ASV_13336",-6.49394483658617,8.25956113096646,0.000500099314864214,0.00282829276389593,"**","edgeR"
"239","ColaDeBallena - EsteroZacatecas","k__Bacteria|p__Pseudomonadota|c__Alphaproteobacteria|o__Sphingomonadales|f__Sphingomonadaceae|g__|s__|ASV_4187",-6.5342244247227,8.28938962877114,0.000516484017561549,0.00290873425789893,"**","edgeR"
"240","ColaDeBallena - EsteroZacatecas","k__Bacteria|p__Pseudomonadota|c__Alphaproteobacteria|o__Hyphomicrobiales|f__Rhizobiaceae|g__Pseudahrensia|s__|ASV_1482",7.23663619056052,8.84388226417553,0.000525920587589749,0.00294953796206584,"**","edgeR"
"241","ColaDeBallena - EsteroZacatecas","k__Bacteria|p__Myxococcota|c__Polyangiia|o__Polyangiales|f__Sandaracinaceae|g__|s__|ASV_10742",-6.40576326186258,8.19440698699386,0.000529555455537371,0.00295760017905934,"**","edgeR"
"242","ColaDeBallena - EsteroZacatecas","k__Bacteria|p__Cyanobacteriota|c__Cyanobacteriia|o__Cyanobacteriales|f__Xenococcaceae|g__Myxosarcina_GI1|s__|ASV_7756",8.27842969545664,9.75354845641024,0.000537842339430996,0.00299147020195917,"**","edgeR"
"243","ColaDeBallena - EsteroZacatecas","k__Bacteria|p__Pseudomonadota|c__Alphaproteobacteria|o__Caulobacterales|f__Hyphomonadaceae|g__Henriciella|s__|ASV_13571",7.22794917970961,8.83630022603085,0.00054822747789812,0.00302794071074619,"**","edgeR"
"244","ColaDeBallena - EsteroZacatecas","k__Bacteria|p__Actinomycetota|c__Acidimicrobiia|o__Microtrichales|f__Ilumatobacteraceae|g__Ilumatobacter|s__|ASV_2899",6.12821512150138,7.99414657158781,0.000548898613240765,0.00302794071074619,"**","edgeR"
"245","ColaDeBallena - EsteroZacatecas","k__Bacteria|p__Rhodothermota|c__Rhodothermia|o__Rhodothermales|f__Rhodothermaceae|g__Rubrivirga|s__|ASV_11245",-8.27577990042456,9.75304682881457,0.000553026761526938,0.00303826131026636,"**","edgeR"
"246","ColaDeBallena - EsteroZacatecas","k__Bacteria|p__Pseudomonadota|c__Gammaproteobacteria|o__Enterobacterales|f__Vibrionaceae|g__Vibrio|s__|ASV_2958",-7.13475949728529,8.76113224741642,0.000570095338095816,0.00311930213445922,"**","edgeR"
"247","ColaDeBallena - EsteroZacatecas","k__Bacteria|p__Bacteroidota|c__Bacteroidia|o__Chitinophagales|f__Saprospiraceae|g__Phaeodactylibacter|s__|ASV_15113",-6.24538778855293,8.07907949987941,0.000572664250327866,0.00312067239247493,"**","edgeR"
"248","ColaDeBallena - EsteroZacatecas","k__Bacteria|p__Cyanobacteriota|c__Cyanobacteriia|o__Cyanobacteriales|f__Xenococcaceae|g__Pleurocapsa_PCC-7319|s__|ASV_6643",7.16070024739506,8.78102694145068,0.000577133319654289,0.003132344549414,"**","edgeR"
"249","ColaDeBallena - EsteroZacatecas","k__Bacteria|p__Actinomycetota|c__Acidimicrobiia|o__Microtrichales|f__Ilumatobacteraceae|g__Ilumatobacter|s__|ASV_9295",-7.28433242296329,8.8840980601014,0.000584445698234291,0.00315929281053556,"**","edgeR"
"250","ColaDeBallena - EsteroZacatecas","k__Bacteria|p__Bacteroidota|c__Bacteroidia|o__Chitinophagales|f__Saprospiraceae|g__|s__|ASV_949",9.50943840713078,10.9074415866426,0.000590625218406601,0.00317992617590114,"**","edgeR"
"251","ColaDeBallena - EsteroZacatecas","k__Bacteria|p__Bacteroidota|c__Bacteroidia|o__Flavobacteriales|f__Flavobacteriaceae|g__Hoppeia|s__|ASV_1103",8.48563296172983,9.94307356025899,0.00059719974301708,0.00320251336295215,"**","edgeR"
"252","ColaDeBallena - EsteroZacatecas","k__Bacteria|p__Rhodothermota|c__Rhodothermia|o__Rhodothermales|f__Rhodothermaceae|g__|s__|ASV_6668",-6.05862819253079,7.94931032069049,0.000605308518583242,0.00323311613497239,"**","edgeR"
"253","ColaDeBallena - EsteroZacatecas","k__Bacteria|p__Bacteroidota|c__Bacteroidia|o__Flavobacteriales|f__Flavobacteriaceae|g__Muricauda|s__|ASV_9281",9.27649772770192,10.6847366813397,0.00061239517739242,0.00325803916509959,"**","edgeR"
"254","ColaDeBallena - EsteroZacatecas","k__Bacteria|p__Rhodothermota|c__Rhodothermia|o__Rhodothermales|f__Rhodothermaceae|g__Rubrivirga|s__|ASV_15588",8.14068299358248,9.62907180103045,0.000623975662419254,0.00330502634096394,"**","edgeR"
"255","ColaDeBallena - EsteroZacatecas","k__Bacteria|p__Pseudomonadota|c__Alphaproteobacteria|o__Hyphomicrobiales|f__Rhizobiaceae|g__|s__|ASV_9057",8.23737503689297,9.71591027128385,0.000626137976928533,0.00330502634096394,"**","edgeR"
"256","ColaDeBallena - EsteroZacatecas","k__Bacteria|p__Pseudomonadota|c__Gammaproteobacteria|o__Enterobacterales|f__Vibrionaceae|g__Catenococcus|s__|ASV_14741",-5.86943169438449,7.82283878478209,0.000631542617704408,0.00332053266964896,"**","edgeR"
"257","ColaDeBallena - EsteroZacatecas","k__Bacteria|p__Cyanobacteriota|c__Cyanobacteriia|o__Cyanobacteriales|f__Xenococcaceae|g__Chroococcidiopsis_PCC-6712|s__|ASV_1997",7.33954496685168,8.92922965614313,0.000644213513981795,0.00337397427945329,"**","edgeR"
"258","ColaDeBallena - EsteroZacatecas","k__Bacteria|p__Bacteroidota|c__Bacteroidia|o__Chitinophagales|f__Saprospiraceae|g__|s__|ASV_71",7.20081111031405,8.81361740004031,0.000654034604347818,0.00341213402113241,"**","edgeR"
"259","ColaDeBallena - EsteroZacatecas","k__Bacteria|p__Verrucomicrobiota|c__Verrucomicrobiia|o__Verrucomicrobiales|f__Rubritaleaceae|g__DBS1|s__|ASV_1721",-6.07727849478047,7.96196800235649,0.00065914360695328,0.00342551079134794,"**","edgeR"
"260","ColaDeBallena - EsteroZacatecas","k__Bacteria|p__Pseudomonadota|c__Gammaproteobacteria|o__Steroidobacterales|f__Woeseiaceae|g__Woeseia|s__|ASV_8264",7.06228019632207,8.70011845112145,0.000664687538378739,0.00343359876884949,"**","edgeR"
"261","ColaDeBallena - EsteroZacatecas","k__Bacteria|p__Bacteroidota|c__Bacteroidia|o__Flavobacteriales|f__Flavobacteriaceae|g__Robiginitalea|s__|ASV_1957",8.28582240541787,9.76000556440398,0.000665801841507963,0.00343359876884949,"**","edgeR"
"262","ColaDeBallena - EsteroZacatecas","k__Bacteria|p__Bacteroidota|c__Bacteroidia|o__Chitinophagales|f__Saprospiraceae|g__|s__|ASV_13177",6.03295280230501,9.24354431369651,0.000674905514957476,0.00346726268371283,"**","edgeR"
"263","ColaDeBallena - EsteroZacatecas","k__Bacteria|p__Pseudomonadota|c__Alphaproteobacteria|o__Rhodobacterales|f__Paracoccaceae|g__Palleronia-Pseudomaribius|s__|ASV_24",6.99010210510647,8.64143805517751,0.000684332930013231,0.00350232746691182,"**","edgeR"
"264","ColaDeBallena - EsteroZacatecas","k__Bacteria|p__Bacteroidota|c__Bacteroidia|o__Cytophagales|f__Cyclobacteriaceae|g__Marinoscillum|s__|ASV_7754",-6.02111635983788,7.92381005998559,0.000703241818594092,0.00358546775692291,"**","edgeR"
"265","ColaDeBallena - EsteroZacatecas","k__Bacteria|p__Pseudomonadota|c__Alphaproteobacteria|o__Caulobacterales|f__Hyphomonadaceae|g__Algimonas|s__|ASV_7416",7.16959492868447,8.7879389022041,0.000714361150696343,0.00362841550504633,"**","edgeR"
"266","ColaDeBallena - EsteroZacatecas","k__Bacteria|p__Chloroflexota|c__Anaerolineae|o__Aggregatilineales|f__A4b|g__|s__|ASV_4050",7.01008285301773,8.65823726277191,0.000735334423245001,0.00370725921772243,"**","edgeR"
"267","ColaDeBallena - EsteroZacatecas","k__Bacteria|p__Rhodothermota|c__Rhodothermia|o__Rhodothermales|f__Rhodothermaceae|g__|s__|ASV_4914",8.02058210115759,9.52122151595427,0.000735392430261433,0.00370725921772243,"**","edgeR"
"268","ColaDeBallena - EsteroZacatecas","k__Bacteria|p__Pseudomonadota|c__Gammaproteobacteria|o__Pseudomonadales|f__Alcanivoracaceae|g__Ketobacter|s__|ASV_11640",7.22253659665279,8.83109858693381,0.000744854840076061,0.00374095005500887,"**","edgeR"
"269","ColaDeBallena - EsteroZacatecas","k__Bacteria|p__Actinomycetota|c__Actinobacteria|o__Nitriliruptorales|f__Nitriliruptoraceae|g__|s__|ASV_5403",-7.01225330265844,8.66281590716846,0.000770009569734898,0.00384437361637732,"**","edgeR"
"270","ColaDeBallena - EsteroZacatecas","k__Bacteria|p__Bacteroidota|c__Bacteroidia|o__Flavobacteriales|f__Flavobacteriaceae|g__Robiginitalea|s__|ASV_9267",8.12644684090863,9.61563157810111,0.000772815179539633,0.00384437361637732,"**","edgeR"
"271","ColaDeBallena - EsteroZacatecas","k__Bacteria|p__Thermodesulfobacteriota|c__Desulfobulbia|o__Desulfobulbales|f__Desulfocapsaceae|g__|s__|ASV_4510",7.05669252678868,8.69567440684358,0.000776781020047678,0.00384437361637732,"**","edgeR"
"272","ColaDeBallena - EsteroZacatecas","k__Bacteria|p__Bacteroidota|c__Bacteroidia|o__Cytophagales|f__Cyclobacteriaceae|g__Fulvivirga|s__|ASV_2236",4.53474664855804,10.9412075884626,0.000776871934364511,0.00384437361637732,"**","edgeR"
"273","ColaDeBallena - EsteroZacatecas","k__Bacteria|p__Bacteroidota|c__Bacteroidia|o__Chitinophagales|f__Saprospiraceae|g__|s__|ASV_3210",-6.14222566184223,8.00646488012991,0.000782557908679028,0.00385250324040889,"**","edgeR"
"274","ColaDeBallena - EsteroZacatecas","k__Bacteria|p__Bacteroidota|c__Bacteroidia|o__Flavobacteriales|f__Flavobacteriaceae|g__Pricia|s__|ASV_13539",8.12970817202237,9.61846186723999,0.000785881009615552,0.00385250324040889,"**","edgeR"
"275","ColaDeBallena - EsteroZacatecas","k__Bacteria|p__Rhodothermota|c__Rhodothermia|o__Rhodothermales|f__Rhodothermaceae|g__|s__|ASV_13236",2.47203933579113,12.6877654015569,0.000787101330692751,0.00385250324040889,"**","edgeR"
"276","ColaDeBallena - EsteroZacatecas","k__Bacteria|p__Pseudomonadota|c__Alphaproteobacteria|o__Hyphomicrobiales|f__Rhizobiaceae|g__|s__|ASV_9753",8.02122354757494,9.52081280193569,0.000834729626859268,0.00407081912229194,"**","edgeR"
"277","ColaDeBallena - EsteroZacatecas","k__Bacteria|p__Pseudomonadota|c__Gammaproteobacteria|o__Enterobacterales|f__Vibrionaceae|g__Vibrio|s__|ASV_1505",-6.84095739445059,8.52581788019936,0.000838009727388825,0.00407206170781718,"**","edgeR"
"278","ColaDeBallena - EsteroZacatecas","k__Bacteria|p__Bacteroidota|c__Bacteroidia|o__Flavobacteriales|f__Flavobacteriaceae|g__|s__|ASV_13815",3.22768253636741,10.2065400499729,0.00084884539958855,0.00410987736635319,"**","edgeR"
"279","ColaDeBallena - EsteroZacatecas","k__Bacteria|p__Pseudomonadota|c__Alphaproteobacteria|o__Rhodobacterales|f__Paracoccaceae|g__Jannaschia|s__|ASV_5480",6.7810500763574,8.47641239953167,0.000858658361032824,0.0041424880069899,"**","edgeR"
"280","ColaDeBallena - EsteroZacatecas","k__Bacteria|p__Bacteroidota|c__Bacteroidia|o__Chitinophagales|f__Saprospiraceae|g__Lewinella|s__|ASV_5651",6.71792472315634,8.42773169880365,0.00086555381538031,0.00416047122831182,"**","edgeR"
"281","ColaDeBallena - EsteroZacatecas","k__Bacteria|p__Pseudomonadota|c__Gammaproteobacteria|o__Pseudomonadales|f__Cellvibrionaceae|g__|s__|ASV_4946",5.62597215079747,9.69700831244718,0.000868567916163166,0.00416047122831182,"**","edgeR"
"282","ColaDeBallena - EsteroZacatecas","k__Archaea|p__Halobacteriota|c__Halobacteria|o__Halobacterales|f__Halomicrobiaceae|g__Halomarina|s__|ASV_13588",-6.8875778915502,8.56321602335554,0.000888921499202917,0.00423230197020512,"**","edgeR"
"283","ColaDeBallena - EsteroZacatecas","k__Bacteria|p__Bacteroidota|c__Bacteroidia|o__Cytophagales|f__Cyclobacteriaceae|g__|s__|ASV_7495",7.02635408228945,8.67113189786155,0.000889852494478492,0.00423230197020512,"**","edgeR"
"284","ColaDeBallena - EsteroZacatecas","k__Bacteria|p__Pseudomonadota|c__Gammaproteobacteria|o__Arenicellales|f__Arenicellaceae|g__|s__|ASV_6615",-6.87701336484409,8.55383406429642,0.00090951385621396,0.00431058327628166,"**","edgeR"
"285","ColaDeBallena - EsteroZacatecas","k__Bacteria|p__Bacteroidota|c__Bacteroidia|o__Chitinophagales|f__Saprospiraceae|g__Phaeodactylibacter|s__|ASV_9821",6.9438218251785,8.60464109871066,0.000914307510961688,0.00431809792896292,"**","edgeR"
"286","ColaDeBallena - EsteroZacatecas","k__Bacteria|p__Bacteroidota|c__Bacteroidia|o__Chitinophagales|f__Saprospiraceae|g__|s__|ASV_14754",4.48038204272751,9.68166830925692,0.000918476042736167,0.00432261801931077,"**","edgeR"
"287","ColaDeBallena - EsteroZacatecas","k__Bacteria|p__Campylobacterota|c__Campylobacteria|o__Campylobacterales|f__Sulfurovaceae|g__Sulfurovum|s__|ASV_10544",-8.13912687109803,9.62721714524695,0.000922014397280081,0.00432415114543202,"**","edgeR"
"288","ColaDeBallena - EsteroZacatecas","k__Bacteria|p__Cyanobacteriota|c__Cyanobacteriia|o__Phormidesmiales|f__Phormidesmiaceae|g__Phormidesmis_ANT.LACV5.1|s__|ASV_6961",6.99336122411686,8.64456959974377,0.00093047859797391,0.00434869511414196,"**","edgeR"
"289","ColaDeBallena - EsteroZacatecas","k__Bacteria|p__Pseudomonadota|c__Alphaproteobacteria|o__Sphingomonadales|f__Sphingomonadaceae|g__Qipengyuania|s__|ASV_6837",7.8007389694228,9.32561725507198,0.000955083758956775,0.00444824477354955,"**","edgeR"
"290","ColaDeBallena - EsteroZacatecas","k__Bacteria|p__Pseudomonadota|c__Alphaproteobacteria|o__Rhodobacterales|f__Paracoccaceae|g__|s__|ASV_1832",8.07773161125797,9.57205183169176,0.000966143310630682,0.0044842375727893,"**","edgeR"
"291","ColaDeBallena - EsteroZacatecas","k__Bacteria|p__Bacteroidota|c__Bacteroidia|o__Flavobacteriales|f__Flavobacteriaceae|g__|s__|ASV_10048",6.85471586442968,8.53360640856811,0.000979373009758892,0.00453002086300848,"**","edgeR"
"292","ColaDeBallena - EsteroZacatecas","k__Bacteria|p__Thermodesulfobacteriota|c__Desulfobacteria|o__Desulfobacterales|f__Desulfosarcinaceae|g__Desulfosarcina|s__|ASV_12268",-7.95272699973959,9.46032453482481,0.000993682699272895,0.00458046888089492,"**","edgeR"
"293","ColaDeBallena - EsteroZacatecas","k__Bacteria|p__Pseudomonadota|c__Alphaproteobacteria|o__Sphingomonadales|f__Sphingomonadaceae|g__Qipengyuania|s__|ASV_11943",9.15875271709382,10.5723565768374,0.00100475538739404,0.00461570222331868,"**","edgeR"
"294","ColaDeBallena - EsteroZacatecas","k__Bacteria|p__Pseudomonadota|c__Alphaproteobacteria|o__Rhodobacterales|f__Paracoccaceae|g__Allosediminivita|s__|ASV_14720",-6.72431190388397,8.43508541354985,0.00101663494127405,0.00465438990120703,"**","edgeR"
"295","ColaDeBallena - EsteroZacatecas","k__Bacteria|p__Chloroflexota|c__Anaerolineae|o__Aggregatilineales|f__A4b|g__|s__|ASV_9233",8.70561506902462,10.1476078075589,0.00104146181583256,0.00474588074565706,"**","edgeR"
"296","ColaDeBallena - EsteroZacatecas","k__Bacteria|p__Pseudomonadota|c__Alphaproteobacteria|o__Sphingomonadales|f__Sphingomonadaceae|g__Aurantiacibacter|s__|ASV_726",7.90559917385273,9.4180996889619,0.00104367065431983,0.00474588074565706,"**","edgeR"
"297","ColaDeBallena - EsteroZacatecas","k__Bacteria|p__Bacteroidota|c__Bacteroidia|o__Cytophagales|f__Cyclobacteriaceae|g__|s__|ASV_9068",3.4426449686456,12.0512426393491,0.00105008884439409,0.00475898850018334,"**","edgeR"
"298","ColaDeBallena - EsteroZacatecas","k__Bacteria|p__Pseudomonadota|c__Alphaproteobacteria|o__Rhodobacterales|f__Paracoccaceae|g__Palleronia-Pseudomaribius|s__|ASV_9319",7.90499433156659,9.41929013279063,0.00105475007432161,0.00476407248334525,"**","edgeR"
"299","ColaDeBallena - EsteroZacatecas","k__Bacteria|p__Bacteroidota|c__Bacteroidia|o__Flavobacteriales|f__Crocinitomicaceae|g__Salinirepens|s__|ASV_7930",-6.93066537283828,8.59506849686811,0.00107722263303283,0.00483546563581632,"**","edgeR"
"300","ColaDeBallena - EsteroZacatecas","k__Bacteria|p__Cyanobacteriota|c__Cyanobacteriia|o__Phormidesmiales|f__Phormidesmiaceae|g__Phormidium_MBIC10003|s__|ASV_6321",6.6193369699096,8.35148747764583,0.0010777412264078,0.00483546563581632,"**","edgeR"
"301","ColaDeBallena - EsteroZacatecas","k__Bacteria|p__Pseudomonadota|c__Alphaproteobacteria|o__Sphingomonadales|f__Sphingomonadaceae|g__|s__|ASV_13125",-6.64145786528395,8.37197383501888,0.00110053364668734,0.00492132321741249,"**","edgeR"
"302","ColaDeBallena - EsteroZacatecas","k__Bacteria|p__Bacteroidota|c__Bacteroidia|o__Chitinophagales|f__Saprospiraceae|g__|s__|ASV_3563",7.79198181681303,9.31825509194618,0.00116434587177202,0.00518943557418922,"**","edgeR"
"303","ColaDeBallena - EsteroZacatecas","k__Bacteria|p__Pseudomonadota|c__Gammaproteobacteria|o__Pseudomonadales|f__Nitrincolaceae|g__Marinobacterium|s__|ASV_14523",-6.62885790205751,8.36086185158891,0.00117571792342536,0.00522282615488624,"**","edgeR"
"304","ColaDeBallena - EsteroZacatecas","k__Bacteria|p__Bacteroidota|c__Bacteroidia|o__Flavobacteriales|f__Flavobacteriaceae|g__Robiginitalea|s__|ASV_10959",7.68665147795752,9.22590654097272,0.00118414862942124,0.00523471579019199,"**","edgeR"
"305","ColaDeBallena - EsteroZacatecas","k__Bacteria|p__Bacteroidota|c__Bacteroidia|o__Flavobacteriales|f__Flavobacteriaceae|g__Nonlabens|s__|ASV_11613",7.88749695091968,9.40160176079861,0.00118617259733177,0.00523471579019199,"**","edgeR"
"306","ColaDeBallena - EsteroZacatecas","k__Bacteria|p__Verrucomicrobiota|c__Verrucomicrobiia|o__Verrucomicrobiales|f__Rubritaleaceae|g__Haloferula|s__|ASV_13415",7.78899303741516,9.3166861806157,0.00122920133445021,0.00540687907245093,"**","edgeR"
"307","ColaDeBallena - EsteroZacatecas","k__Bacteria|p__Pseudomonadota|c__Gammaproteobacteria|o__Chromatiales|f__Chromatiaceae|g__Halochromatium|s__|ASV_5260",6.57448708452311,8.31745963236377,0.00123521367131243,0.00541562736673137,"**","edgeR"
"308","ColaDeBallena - EsteroZacatecas","k__Bacteria|p__Cyanobacteriota|c__Cyanobacteriia|o__Cyanobacteriales|f__Microcystaceae|g__Cyanothece_ATCC_51142_(UCYN-C)|s__|ASV_6579",6.52642044778492,8.2815756501521,0.00127883075948566,0.00558865650086916,"**","edgeR"
"309","ColaDeBallena - EsteroZacatecas","k__Bacteria|p__Myxococcota|c__Polyangiia|o__Haliangiales|f__Haliangiaceae|g__|s__|ASV_15528",-6.04856683896998,7.94239503601182,0.00130912558930571,0.00570253412040611,"**","edgeR"
"310","ColaDeBallena - EsteroZacatecas","k__Bacteria|p__Cyanobacteriota|c__Cyanobacteriia|o__Cyanobacteriales|f__Nostocaceae|g__|s__|ASV_11192",7.71283654469427,9.24891086648164,0.00134617009565876,0.00582178482609834,"**","edgeR"
"311","ColaDeBallena - EsteroZacatecas","k__Bacteria|p__Bacteroidota|c__Bacteroidia|o__Chitinophagales|f__Saprospiraceae|g__|s__|ASV_14727",6.86268084088251,8.53986249273972,0.00134797919887287,0.00582178482609834,"**","edgeR"
"312","ColaDeBallena - EsteroZacatecas","k__Bacteria|p__Actinomycetota|c__Acidimicrobiia|o__Microtrichales|f__Ilumatobacteraceae|g__Ilumatobacter|s__|ASV_2967",-8.73051818583738,10.1699540563096,0.00134947761199308,0.00582178482609834,"**","edgeR"
"313","ColaDeBallena - EsteroZacatecas","k__Bacteria|p__Bacteroidota|c__Bacteroidia|o__Flavobacteriales|f__Flavobacteriaceae|g__Muricauda|s__|ASV_12437",7.86092488749857,9.37847449050176,0.0013558987470703,0.00583079780689015,"**","edgeR"
"314","ColaDeBallena - EsteroZacatecas","k__Bacteria|p__Verrucomicrobiota|c__Verrucomicrobiia|o__Verrucomicrobiales|f__Rubritaleaceae|g__Roseibacillus|s__|ASV_9177",6.56061594355288,8.3068029955309,0.00136923415894676,0.00586939228644056,"**","edgeR"
"315","ColaDeBallena - EsteroZacatecas","k__Bacteria|p__Pseudomonadota|c__Alphaproteobacteria|o__Caulobacterales|f__Parvularculaceae|g__Parvularcula|s__|ASV_9842",5.50882267344722,10.3694164084408,0.001374919525085,0.00587505295480767,"**","edgeR"
"316","ColaDeBallena - EsteroZacatecas","k__Bacteria|p__Planctomycetota|c__Planctomycetes|o__Planctomycetales|f__Gimesiaceae|g__|s__|ASV_811",-6.58636392260797,8.32810555840455,0.00137987309924807,0.0058775607328731,"**","edgeR"
"317","ColaDeBallena - EsteroZacatecas","k__Bacteria|p__Actinomycetota|c__Acidimicrobiia|o__Microtrichales|f__Ilumatobacteraceae|g__Ilumatobacter|s__|ASV_8301",-7.78849921341924,9.31564188625635,0.00138501720484958,0.00588086169630138,"**","edgeR"
"318","ColaDeBallena - EsteroZacatecas","k__Bacteria|p__Bacteroidota|c__Bacteroidia|o__Flavobacteriales|f__Flavobacteriaceae|g__Robiginitalea|s__|ASV_15498",4.70272103034735,10.2912761406692,0.00140290343649072,0.00592959707896359,"**","edgeR"
"319","ColaDeBallena - EsteroZacatecas","k__Bacteria|p__Pseudomonadota|c__Alphaproteobacteria|o__Rhodobacterales|f__Paracoccaceae|g__Limibaculum|s__|ASV_1152",6.46516464523586,8.23584705386159,0.00140530569702035,0.00592959707896359,"**","edgeR"
"320","ColaDeBallena - EsteroZacatecas","k__Bacteria|p__Myxococcota|c__Polyangiia|o__Polyangiales|f__Sandaracinaceae|g__|s__|ASV_6621",6.4500560111535,8.22495701008064,0.00141116906705943,0.00593572988831872,"**","edgeR"
"321","ColaDeBallena - EsteroZacatecas","k__Bacteria|p__Rhodothermota|c__Rhodothermia|o__Rhodothermales|f__Rhodothermaceae|g__Rubrivirga|s__|ASV_3675",-7.4992591573918,9.06789850180021,0.00143239308377614,0.00600623392760962,"**","edgeR"
"322","ColaDeBallena - EsteroZacatecas","k__Bacteria|p__Acidobacteriota|c__Thermoanaerobaculia|o__Thermoanaerobaculales|f__Thermoanaerobaculaceae|g__Subgroup_10|s__|ASV_6086",7.54122953045845,9.10030436644898,0.00144996067982591,0.00606101576101142,"**","edgeR"
"323","ColaDeBallena - EsteroZacatecas","k__Bacteria|p__Bacteroidota|c__Bacteroidia|o__Cytophagales|f__Cyclobacteriaceae|g__|s__|ASV_9163",7.49742895921511,9.06406339779974,0.00145640911576693,0.00606912281678727,"**","edgeR"
"324","ColaDeBallena - EsteroZacatecas","k__Bacteria|p__Bacteroidota|c__Bacteroidia|o__Cytophagales|f__Cyclobacteriaceae|g__Roseivirga|s__|ASV_15880",6.33172894274094,8.13828045585095,0.00148397505895099,0.00615896964616202,"**","edgeR"
"325","ColaDeBallena - EsteroZacatecas","k__Bacteria|p__Verrucomicrobiota|c__Verrucomicrobiia|o__Verrucomicrobiales|f__DEV007|g__|s__|ASV_11556",7.49484129344027,9.06072611867653,0.00148712119985339,0.00615896964616202,"**","edgeR"
"326","ColaDeBallena - EsteroZacatecas","k__Bacteria|p__Pseudomonadota|c__Alphaproteobacteria|o__Rhodobacterales|f__Paracoccaceae|g__Palleronia-Pseudomaribius|s__|ASV_11178",-6.63821982586599,8.37055533681982,0.00149192930217785,0.00615992895929872,"**","edgeR"
"327","ColaDeBallena - EsteroZacatecas","k__Bacteria|p__Pseudomonadota|c__Alphaproteobacteria|o__Rhodobacterales|f__Paracoccaceae|g__|s__|ASV_8503",7.43814220444722,9.01231485219826,0.00150164005392189,0.00618106272959899,"**","edgeR"
"328","ColaDeBallena - EsteroZacatecas","k__Bacteria|p__Bacteroidota|c__Bacteroidia|o__Cytophagales|f__Cyclobacteriaceae|g__Ekhidna|s__|ASV_14662",6.24458072183945,8.0757518184711,0.00151522642888983,0.00621797186977352,"**","edgeR"
"329","ColaDeBallena - EsteroZacatecas","k__Bacteria|p__Rhodothermota|c__Rhodothermia|o__Rhodothermales|f__Rhodothermaceae|g__Rubrivirga|s__|ASV_238",7.37092828329086,8.95610376127313,0.00155186771908526,0.00634897857109044,"**","edgeR"
"330","ColaDeBallena - EsteroZacatecas","k__Bacteria|p__Pseudomonadota|c__Gammaproteobacteria|o__Pseudomonadales|f__Halieaceae|g__|s__|ASV_13665",6.28715074244972,8.1058001890103,0.00157419482621198,0.00642080677600401,"**","edgeR"
"331","ColaDeBallena - EsteroZacatecas","k__Bacteria|p__Bacteroidota|c__Bacteroidia|o__Cytophagales|f__Cyclobacteriaceae|g__Tunicatimonas|s__|ASV_6535",2.02307925803178,13.8516381685159,0.0015852220053192,0.00644625020894153,"**","edgeR"
"332","ColaDeBallena - EsteroZacatecas","k__Bacteria|p__Bacteroidota|c__Bacteroidia|o__Chitinophagales|f__Saprospiraceae|g__Aureispira|s__|ASV_6811",6.26170493778299,9.18184730916428,0.00160511835403433,0.00650352430548573,"**","edgeR"
"333","ColaDeBallena - EsteroZacatecas","k__Bacteria|p__Rhodothermota|c__Rhodothermia|o__Rhodothermales|f__Rhodothermaceae|g__Rubricoccus|s__|ASV_12641",6.35810940861046,8.1570125165028,0.0016089699804805,0.00650352430548573,"**","edgeR"
"334","ColaDeBallena - EsteroZacatecas","k__Bacteria|p__Pseudomonadota|c__Gammaproteobacteria|o__Ectothiorhodospirales|f__Ectothiorhodospiraceae|g__Thiogranum|s__|ASV_13819",-6.43217886144224,8.21318762677362,0.00162014720600801,0.00652909622540954,"**","edgeR"
"335","ColaDeBallena - EsteroZacatecas","k__Bacteria|p__Thermodesulfobacteriota|c__Desulfobulbia|o__Desulfobulbales|f__Desulfocapsaceae|g__|s__|ASV_10762",-6.48986859375981,8.25550554166518,0.00163990084973623,0.00658897475744764,"**","edgeR"
"336","ColaDeBallena - EsteroZacatecas","k__Bacteria|p__Pseudomonadota|c__Alphaproteobacteria|o__Hyphomicrobiales|f__Rhizobiaceae|g__|s__|ASV_8528",7.40710534437314,8.98628501786049,0.00164796362408202,0.00659092732124503,"**","edgeR"
"337","ColaDeBallena - EsteroZacatecas","k__Bacteria|p__Acidobacteriota|c__Thermoanaerobaculia|o__Thermoanaerobaculales|f__Thermoanaerobaculaceae|g__Subgroup_10|s__|ASV_13832",6.28669751745136,8.10627052570745,0.00165018016884069,0.00659092732124503,"**","edgeR"
"338","ColaDeBallena - EsteroZacatecas","k__Bacteria|p__Bacteroidota|c__Bacteroidia|o__Chitinophagales|f__Saprospiraceae|g__Lewinella|s__|ASV_6532",9.78378871933712,11.1716699224368,0.00166897589645177,0.0066462767947458,"**","edgeR"
"339","ColaDeBallena - EsteroZacatecas","k__Bacteria|p__Chloroflexota|c__Anaerolineae|o__Caldilineales|f__Caldilineaceae|g__|s__|ASV_1530",7.37098001123443,8.95719144029858,0.00167430766924893,0.00664766450377429,"**","edgeR"
"340","ColaDeBallena - EsteroZacatecas","k__Bacteria|p__Planctomycetota|c__Planctomycetes|o__Pirellulales|f__Pirellulaceae|g__Rhodopirellula|s__|ASV_9414",-6.42471720771877,8.20746657671118,0.00167920202918518,0.00664766450377429,"**","edgeR"
"341","ColaDeBallena - EsteroZacatecas","k__Bacteria|p__Bacteroidota|c__Bacteroidia|o__Chitinophagales|f__Saprospiraceae|g__|s__|ASV_4360",6.36124828486622,8.15932182579222,0.00172318038020504,0.00680176185265684,"**","edgeR"
"342","ColaDeBallena - EsteroZacatecas","k__Bacteria|p__Pseudomonadota|c__Alphaproteobacteria|o__Rhodobacterales|f__Paracoccaceae|g__|s__|ASV_10303",7.27943782493062,8.8795992211173,0.00175117898291289,0.00686234334344467,"**","edgeR"
"343","ColaDeBallena - EsteroZacatecas","k__Bacteria|p__Pseudomonadota|c__Alphaproteobacteria|o__Rhodobacterales|f__Paracoccaceae|g__Sediminimonas|s__|ASV_528",6.19585747987552,8.0410406461574,0.00175372474072927,0.00686234334344467,"**","edgeR"
"344","ColaDeBallena - EsteroZacatecas","k__Bacteria|p__Chloroflexota|c__Anaerolineae|o__Caldilineales|f__Caldilineaceae|g__|s__|ASV_6747",7.27160865928159,8.87308843953769,0.0017538232616233,0.00686234334344467,"**","edgeR"
"345","ColaDeBallena - EsteroZacatecas","k__Bacteria|p__Bacillota|c__Clostridia|o__Peptostreptococcales-Tissierellales|f__Peptostreptococcaceae|g__Romboutsia|s__|ASV_8542",-6.35417499696065,8.15604278129648,0.00178117876838759,0.0069397081875821,"**","edgeR"
"346","ColaDeBallena - EsteroZacatecas","k__Bacteria|p__Pseudomonadota|c__Alphaproteobacteria|o__Hyphomicrobiales|f__Rhizobiaceae|g__|s__|ASV_8889",8.3383771123677,9.80747919844162,0.00178390715668901,0.0069397081875821,"**","edgeR"
"347","ColaDeBallena - EsteroZacatecas","k__Bacteria|p__Cyanobacteriota|c__Cyanobacteriia|o__Cyanobacteriales|f__Xenococcaceae|g__Pleurocapsa_PCC-7319|s__|ASV_7227",7.40035438629547,8.9802843037815,0.00179257247306792,0.00695332146613665,"**","edgeR"
"348","ColaDeBallena - EsteroZacatecas","k__Bacteria|p__Cyanobacteriota|c__Cyanobacteriia|o__Phormidesmiales|f__Phormidesmiaceae|g__Phormidesmis_ANT.LACV5.1|s__|ASV_5824",7.34340922508372,8.93264058059784,0.00180055843971671,0.00696271089064483,"**","edgeR"
"349","ColaDeBallena - EsteroZacatecas","k__Bacteria|p__Cyanobacteriota|c__Cyanobacteriia|o__Phormidesmiales|f__Nodosilineaceae|g__|s__|ASV_119",6.6297572842744,8.35963966259879,0.00180533885648963,0.00696271089064483,"**","edgeR"
"350","ColaDeBallena - EsteroZacatecas","k__Bacteria|p__Actinomycetota|c__Actinobacteria|o__Euzebyales|f__Euzebyaceae|g__|s__|ASV_10669",8.33280321687918,9.80411005221911,0.00183028689813221,0.00703876047110272,"**","edgeR"
"351","ColaDeBallena - EsteroZacatecas","k__Bacteria|p__Bacteroidota|c__Bacteroidia|o__Chitinophagales|f__Saprospiraceae|g__Flavilitoribacter|s__|ASV_15475",6.28836040864323,8.10653051489649,0.00184740174285947,0.00708433830737564,"**","edgeR"
"352","ColaDeBallena - EsteroZacatecas","k__Bacteria|p__Bacteroidota|c__Bacteroidia|o__Chitinophagales|f__Saprospiraceae|g__Lewinella|s__|ASV_12828",-4.43739466277979,11.7499739903123,0.00185428921478927,0.00709054909973396,"**","edgeR"
"353","ColaDeBallena - EsteroZacatecas","k__Bacteria|p__Cyanobacteriota|c__Cyanobacteriia|o__Cyanobacteriales|f__Nostocaceae|g__Rivularia_PCC-7116|s__|ASV_10615",7.27052797973171,8.87177960250219,0.00186218387135944,0.00710056512988614,"**","edgeR"
"354","ColaDeBallena - EsteroZacatecas","k__Bacteria|p__Rhodothermota|c__Rhodothermia|o__Rhodothermales|f__Rhodothermaceae|g__|s__|ASV_12020",7.54441347348081,9.10343766354028,0.00187057397603355,0.00711128008302199,"**","edgeR"
"355","ColaDeBallena - EsteroZacatecas","k__Bacteria|p__Cyanobacteriota|c__Cyanobacteriia|o__Phormidesmiales|f__Nodosilineaceae|g__|s__|ASV_398",7.28371887777888,8.88213191875372,0.0018755604973795,0.00711128008302199,"**","edgeR"
"356","ColaDeBallena - EsteroZacatecas","k__Bacteria|p__Rhodothermota|c__Rhodothermia|o__Rhodothermales|f__Rhodothermaceae|g__|s__|ASV_2738",-6.12451984778921,7.99488143542089,0.00189115596014482,0.00714653551130855,"**","edgeR"
"357","ColaDeBallena - EsteroZacatecas","k__Bacteria|p__Pseudomonadota|c__Gammaproteobacteria|o__Enterobacterales|f__Alteromonadaceae|g__Alteromonas|s__|ASV_3135",7.29459692483628,8.89128346262894,0.0018954778436383,0.00714653551130855,"**","edgeR"
"358","ColaDeBallena - EsteroZacatecas","k__Bacteria|p__Pseudomonadota|c__Gammaproteobacteria|o__Pseudomonadales|f__Halieaceae|g__Pseudohaliea|s__|ASV_15218",5.89867338610527,7.83917658689131,0.00190376935014995,0.00715774733324535,"**","edgeR"
"359","ColaDeBallena - EsteroZacatecas","k__Bacteria|p__Verrucomicrobiota|c__Verrucomicrobiia|o__Verrucomicrobiales|f__DEV007|g__|s__|ASV_5482",7.2165418810683,8.82640772610527,0.00192202588971619,0.00720625862829525,"**","edgeR"
"360","ColaDeBallena - EsteroZacatecas","k__Bacteria|p__Pseudomonadota|c__Alphaproteobacteria|o__Caulobacterales|f__Hyphomonadaceae|g__|s__|ASV_13826",7.26725621257549,8.86894048302966,0.0019703226352799,0.00736681740857431,"**","edgeR"
"361","ColaDeBallena - EsteroZacatecas","k__Bacteria|p__Pseudomonadota|c__Gammaproteobacteria|o__Steroidobacterales|f__Woeseiaceae|g__Woeseia|s__|ASV_4027",8.24628289975719,9.72397536358116,0.00197730101662911,0.0073724298293152,"**","edgeR"
"362","ColaDeBallena - EsteroZacatecas","k__Bacteria|p__Rhodothermota|c__Rhodothermia|o__Rhodothermales|f__Rhodothermaceae|g__Rubricoccus|s__|ASV_10120",6.19463027467222,8.04037721827204,0.00199862993773061,0.00743136987896519,"**","edgeR"
"363","ColaDeBallena - EsteroZacatecas","k__Bacteria|p__Bacteroidota|c__Bacteroidia|o__Chitinophagales|f__Saprospiraceae|g__|s__|ASV_5038",5.99480442579653,7.9029831847552,0.00203320485179408,0.00753910118599129,"**","edgeR"
"364","ColaDeBallena - EsteroZacatecas","k__Bacteria|p__Planctomycetota|c__Planctomycetes|o__Pirellulales|f__Pirellulaceae|g__Rhodopirellula|s__|ASV_3665",7.14586767206992,8.76840724553516,0.00204373897971407,0.00755734249092071,"**","edgeR"
"365","ColaDeBallena - EsteroZacatecas","k__Bacteria|p__Pseudomonadota|c__Alphaproteobacteria|o__Sphingomonadales|f__Sphingomonadaceae|g__Aurantiacibacter|s__|ASV_11060",-9.7948591792189,11.1822032103599,0.00205160982826453,0.00756566254477823,"**","edgeR"
"366","ColaDeBallena - EsteroZacatecas","k__Bacteria|p__Pseudomonadota|c__Alphaproteobacteria|o__Rhodobacterales|f__Paracoccaceae|g__Pikeienuella|s__|ASV_14678",-6.11190722849214,7.98549267788937,0.00208333511870224,0.00766166412506341,"**","edgeR"
"367","ColaDeBallena - EsteroZacatecas","k__Bacteria|p__Bacteroidota|c__Bacteroidia|o__Cytophagales|f__Cyclobacteriaceae|g__Tunicatimonas|s__|ASV_2526",7.26843141347553,8.86881011122752,0.00210554223072406,0.00770925271956734,"**","edgeR"
"368","ColaDeBallena - EsteroZacatecas","k__Bacteria|p__Bacteroidota|c__Bacteroidia|o__Chitinophagales|f__Saprospiraceae|g__Lewinella|s__|ASV_8923",7.18054269791697,8.79681365302878,0.00211300365269604,0.00770925271956734,"**","edgeR"
"369","ColaDeBallena - EsteroZacatecas","k__Bacteria|p__Rhodothermota|c__Rhodothermia|o__Rhodothermales|f__Rhodothermaceae|g__|s__|ASV_12226",7.2592427540658,8.86182347460107,0.00211345784065405,0.00770925271956734,"**","edgeR"
"370","ColaDeBallena - EsteroZacatecas","k__Bacteria|p__Pseudomonadota|c__Gammaproteobacteria|o__Pseudomonadales|f__Alcanivoracaceae|g__Ketobacter|s__|ASV_7134",-6.249655694523,8.08134263838541,0.00218010516395657,0.00791703610650464,"**","edgeR"
"371","ColaDeBallena - EsteroZacatecas","k__Bacteria|p__Bacteroidota|c__Bacteroidia|o__Cytophagales|f__Cyclobacteriaceae|g__Tunicatimonas|s__|ASV_2727",9.35230612261667,10.7570858741453,0.00218218454347193,0.00791703610650464,"**","edgeR"
"372","ColaDeBallena - EsteroZacatecas","k__Bacteria|p__Planctomycetota|c__Planctomycetes|o__Planctomycetales|f__Gimesiaceae|g__|s__|ASV_12350",-6.18361879935754,8.03458324721122,0.00223580531924871,0.00808976870889454,"**","edgeR"
"373","ColaDeBallena - EsteroZacatecas","k__Bacteria|p__Rhodothermota|c__Rhodothermia|o__Rhodothermales|f__Rhodothermaceae|g__Rubrivirga|s__|ASV_7459",7.00201738400202,8.65220181181914,0.00224809229613861,0.00811241884880045,"**","edgeR"
"374","ColaDeBallena - EsteroZacatecas","k__Bacteria|p__Actinomycetota|c__Actinobacteria|o__Euzebyales|f__Euzebyaceae|g__Euzebya|s__|ASV_12212",7.08801063566783,8.72086985448968,0.00226513692978688,0.00815207034089074,"**","edgeR"
"375","ColaDeBallena - EsteroZacatecas","k__Bacteria|p__Actinomycetota|c__Actinobacteria|o__Nitriliruptorales|f__Nitriliruptoraceae|g__|s__|ASV_9726",-7.11529439136665,8.74567644715394,0.00228478925191007,0.00819949836319996,"**","edgeR"
"376","ColaDeBallena - EsteroZacatecas","k__Bacteria|p__Pseudomonadota|c__Alphaproteobacteria|o__Rhodobacterales|f__Paracoccaceae|g__Maribius|s__|ASV_8056",-7.06285332316515,8.70455484302481,0.00229049879982406,0.00819949836319996,"**","edgeR"
"377","ColaDeBallena - EsteroZacatecas","k__Bacteria|p__Pseudomonadota|c__Gammaproteobacteria|o__Steroidobacterales|f__Woeseiaceae|g__Woeseia|s__|ASV_4771",-6.10015029709279,7.97665716129864,0.00234160023044479,0.00836019604821934,"**","edgeR"
"378","ColaDeBallena - EsteroZacatecas","k__Bacteria|p__Bacteroidota|c__Bacteroidia|o__Flavobacteriales|f__Flavobacteriaceae|g__Gramella|s__|ASV_3911",-4.10372078388895,10.1119035958578,0.00235746798176231,0.00839458175516421,"**","edgeR"
"379","ColaDeBallena - EsteroZacatecas","k__Bacteria|p__Pseudomonadota|c__Alphaproteobacteria|o__Rhodobacterales|f__Paracoccaceae|g__Palleronia-Pseudomaribius|s__|ASV_3694",6.99106333808805,8.64268102841541,0.00239250064228461,0.00849684924674164,"**","edgeR"
"380","ColaDeBallena - EsteroZacatecas","k__Bacteria|p__Pseudomonadota|c__Alphaproteobacteria|o__Hyphomicrobiales|f__Rhizobiaceae|g__Pseudahrensia|s__|ASV_14095",6.96232303911544,8.62071944374849,0.00244021419663235,0.00862828450253044,"**","edgeR"
"381","ColaDeBallena - EsteroZacatecas","k__Bacteria|p__Bacteroidota|c__Bacteroidia|o__Flavobacteriales|f__Flavobacteriaceae|g__Winogradskyella|s__|ASV_124",7.01401218598855,8.66081552418444,0.00244713394002685,0.00862828450253044,"**","edgeR"
"382","ColaDeBallena - EsteroZacatecas","k__Bacteria|p__Myxococcota|c__Polyangiia|o__Polyangiales|f__Sandaracinaceae|g__|s__|ASV_1071",-5.04018682041688,8.72250160369886,0.00244874047545812,0.00862828450253044,"**","edgeR"
"383","ColaDeBallena - EsteroZacatecas","k__Bacteria|p__Cyanobacteriota|c__Cyanobacteriia|o__Phormidesmiales|f__Phormidesmiaceae|g__Acrophormium_PCC-7375|s__|ASV_5093",8.99793991953126,10.4206938475202,0.00250672941226017,0.00880955036266891,"**","edgeR"
"384","ColaDeBallena - EsteroZacatecas","k__Bacteria|p__Pseudomonadota|c__Gammaproteobacteria|o__Granulosicoccales|f__Granulosicoccaceae|g__Granulosicoccus|s__|ASV_4598",6.95331572968325,8.61257405864673,0.00252554905091268,0.00885257557950121,"**","edgeR"
"385","ColaDeBallena - EsteroZacatecas","k__Bacteria|p__Cyanobacteriota|c__Cyanobacteriia|o__Phormidesmiales|f__Phormidesmiaceae|g__Acrophormium_PCC-7375|s__|ASV_13771",7.0417471422518,8.6835453258336,0.00260106632692848,0.00909359811959931,"**","edgeR"
"386","ColaDeBallena - EsteroZacatecas","k__Bacteria|p__Pseudomonadota|c__Alphaproteobacteria|o__Hyphomicrobiales|f__Rhizobiaceae|g__Pseudahrensia|s__|ASV_1110",8.1011901532934,9.59207613059709,0.00261825129498487,0.00912996436023223,"**","edgeR"
"387","ColaDeBallena - EsteroZacatecas","k__Bacteria|p__Pseudomonadota|c__Alphaproteobacteria|o__Hyphomicrobiales|f__Rhizobiaceae|g__|s__|ASV_7290",-5.85103581261243,7.81110979834622,0.00265347107895015,0.00922886840379043,"**","edgeR"
"388","ColaDeBallena - EsteroZacatecas","k__Bacteria|p__Bacteroidota|c__Bacteroidia|o__Cytophagales|f__Cyclobacteriaceae|g__Tunicatimonas|s__|ASV_1544",5.40001773666186,9.64444331354787,0.00266909045697772,0.00925926741003094,"**","edgeR"
"389","ColaDeBallena - EsteroZacatecas","k__Bacteria|p__Pseudomonadota|c__Alphaproteobacteria|o__Rhodobacterales|f__Paracoccaceae|g__|s__|ASV_12197",-6.85519632285831,8.53829835377062,0.002733163331689,0.00945716669525294,"**","edgeR"
"390","ColaDeBallena - EsteroZacatecas","k__Bacteria|p__Bacteroidota|c__Bacteroidia|o__Chitinophagales|f__Saprospiraceae|g__|s__|ASV_1449",4.45420878425875,8.18025660117769,0.00276035598513128,0.00952676706663257,"**","edgeR"
"391","ColaDeBallena - EsteroZacatecas","k__Bacteria|p__Planctomycetota|c__Planctomycetes|o__Pirellulales|f__Pirellulaceae|g__Rhodopirellula|s__|ASV_15927",6.99159147001687,8.64326002661838,0.00284760836255803,0.00980276433760384,"**","edgeR"
"392","ColaDeBallena - EsteroZacatecas","k__Bacteria|p__Myxococcota|c__Polyangiia|o__Polyangiales|f__Sandaracinaceae|g__|s__|ASV_15920",-7.04108943230766,8.68386816638379,0.00286711313607155,0.00984473030906202,"**","edgeR"
"393","ColaDeBallena - EsteroZacatecas","k__Bacteria|p__Planctomycetota|c__Planctomycetes|o__Planctomycetales|f__Gimesiaceae|g__|s__|ASV_8713",-7.02717098263492,8.67203681567217,0.00288465966838747,0.00987977586170365,"**","edgeR"
"394","ColaDeBallena - EsteroZacatecas","k__Bacteria|p__Bacteroidota|c__Bacteroidia|o__Flavobacteriales|f__Flavobacteriaceae|g__|s__|ASV_11518",8.09004324127078,9.58252644574173,0.0029175325256042,0.00996700197833312,"**","edgeR"
"395","ColaDeBallena - EsteroZacatecas","k__Bacteria|p__Pseudomonadota|c__Alphaproteobacteria|o__Hyphomicrobiales|f__Rhizobiaceae|g__|s__|ASV_9695",6.81617511678327,8.50501592345471,0.00292698324139373,0.00997397327320495,"**","edgeR"
"396","ColaDeBallena - EsteroZacatecas","k__Bacteria|p__Pseudomonadota|c__Alphaproteobacteria|o__Rhodobacterales|f__Paracoccaceae|g__|s__|ASV_10218",-6.72541399276799,8.43693728446859,0.00300495250156047,0.0102138031997485,"*","edgeR"
"397","ColaDeBallena - EsteroZacatecas","k__Bacteria|p__Verrucomicrobiota|c__Verrucomicrobiia|o__Verrucomicrobiales|f__Rubritaleaceae|g__DBS1|s__|ASV_10680",6.86151372269905,8.53910570760641,0.00301885075032109,0.0102351967504589,"*","edgeR"
"398","ColaDeBallena - EsteroZacatecas","k__Bacteria|p__Actinomycetota|c__Actinobacteria|o__Nitriliruptorales|f__Nitriliruptoraceae|g__|s__|ASV_2609",-6.96525289896535,8.6232594461447,0.00304068924621692,0.0102833359934874,"*","edgeR"
"399","ColaDeBallena - EsteroZacatecas","k__Bacteria|p__Actinomycetota|c__Acidimicrobiia|o__Microtrichales|f__Ilumatobacteraceae|g__Ilumatobacter|s__|ASV_2799",6.7383415814436,8.44276508389047,0.00307678351303842,0.0103564751865244,"*","edgeR"
"400","ColaDeBallena - EsteroZacatecas","k__Bacteria|p__Pseudomonadota|c__Gammaproteobacteria|o__Enterobacterales|f__Alteromonadaceae|g__Aestuariibacter|s__|ASV_8460",9.02695330002507,10.4469664372965,0.00307770436449461,0.0103564751865244,"*","edgeR"
"401","ColaDeBallena - EsteroZacatecas","k__Bacteria|p__Verrucomicrobiota|c__Verrucomicrobiia|o__Opitutales|f__Puniceicoccaceae|g__Lentimonas|s__|ASV_4411",6.82827499090214,8.51280101301766,0.00314949687772326,0.0105716279237294,"*","edgeR"
"402","ColaDeBallena - EsteroZacatecas","k__Bacteria|p__Cyanobacteriota|c__Cyanobacteriia|o__Phormidesmiales|f__Phormidesmiaceae|g__Phormidium_MBIC10003|s__|ASV_9451",6.92820389376813,8.59243364841694,0.00320233869961983,0.0106964688762441,"*","edgeR"
"403","ColaDeBallena - EsteroZacatecas","k__Bacteria|p__Rhodothermota|c__Rhodothermia|o__Rhodothermales|f__Rhodothermaceae|g__|s__|ASV_13486",7.82604002521116,9.34815880187388,0.00320398222147069,0.0106964688762441,"*","edgeR"
"404","ColaDeBallena - EsteroZacatecas","k__Bacteria|p__Bacteroidota|c__Bacteroidia|o__Flavobacteriales|f__Flavobacteriaceae|g__Marinirhabdus|s__|ASV_6484",5.71540174930759,9.35584929050171,0.00321053003417728,0.0106964688762441,"*","edgeR"
"405","ColaDeBallena - EsteroZacatecas","k__Bacteria|p__Pseudomonadota|c__Gammaproteobacteria|o__Enterobacterales|f__Alteromonadaceae|g__Aestuariibacter|s__|ASV_1570",7.93293290868873,9.44135345402946,0.00329580180496556,0.0109267593049135,"*","edgeR"
"406","ColaDeBallena - EsteroZacatecas","k__Bacteria|p__Bacteroidota|c__Bacteroidia|o__Flavobacteriales|f__Flavobacteriaceae|g__Polaribacter|s__|ASV_840",6.77855193506244,8.47384370260623,0.0033018154928061,0.0109267593049135,"*","edgeR"
"407","ColaDeBallena - EsteroZacatecas","k__Bacteria|p__Actinomycetota|c__Actinobacteria|o__Mycobacteriales|f__Mycobacteriaceae|g__Mycobacterium|s__|ASV_13526",8.88042034249949,10.3088382838861,0.00330400522815735,0.0109267593049135,"*","edgeR"
"408","ColaDeBallena - EsteroZacatecas","k__Bacteria|p__Actinomycetota|c__Thermoleophilia|o__Solirubrobacterales|f__Solirubrobacteraceae|g__Patulibacter|s__|ASV_1623",7.97953384651592,9.48305894471998,0.00340756493272662,0.0112416235280638,"*","edgeR"
"409","ColaDeBallena - EsteroZacatecas","k__Bacteria|p__Cyanobacteriota|c__Cyanobacteriia|o__Phormidesmiales|f__Phormidesmiaceae|g__Phormidesmis_ANT.LACV5.1|s__|ASV_457",6.76705280624936,8.46503057545592,0.00344884055628701,0.0113499740556536,"*","edgeR"
"410","ColaDeBallena - EsteroZacatecas","k__Bacteria|p__Pseudomonadota|c__Gammaproteobacteria|o__Pseudomonadales|f__Halomonadaceae|g__Halomonas|s__|ASV_7291",-6.66755229565838,8.392552494212,0.00348083223681409,0.0114273175384189,"*","edgeR"
"411","ColaDeBallena - EsteroZacatecas","k__Bacteria|p__Thermodesulfobacteriota|c__Desulfobulbia|o__Desulfobulbales|f__Desulfobulbaceae|g__Candidatus_Electrothrix|s__|ASV_11661",-8.83223160797758,10.2645612025574,0.00351071853183536,0.0114973896444048,"*","edgeR"
"412","ColaDeBallena - EsteroZacatecas","k__Bacteria|p__Pseudomonadota|c__Alphaproteobacteria|o__Rhodobacterales|f__Paracoccaceae|g__Jannaschia|s__|ASV_5258",7.03023973487966,8.67464804345592,0.00353007084255212,0.0115327071700853,"*","edgeR"
"413","ColaDeBallena - EsteroZacatecas","k__Bacteria|p__Cyanobacteriota|c__Cyanobacteriia|o__Cyanobacteriales|f__Microcystaceae|g__Synechocystis_BDHKU-20401|s__|ASV_1439",6.89495448282452,8.56780120451107,0.00355596728911002,0.0115891815281891,"*","edgeR"
"414","ColaDeBallena - EsteroZacatecas","k__Bacteria|p__Bacteroidota|c__Bacteroidia|o__Flavobacteriales|f__Flavobacteriaceae|g__Dokdonia|s__|ASV_14418",6.72314129584137,8.43093971200875,0.00359888491211696,0.0117007224437426,"*","edgeR"
"415","ColaDeBallena - EsteroZacatecas","k__Bacteria|p__Pseudomonadota|c__Gammaproteobacteria|o__Pseudomonadales|f__Halieaceae|g__Parahaliea|s__|ASV_11483",-6.88717812707093,8.55991246861206,0.00361492641689362,0.0117057948437752,"*","edgeR"
"416","ColaDeBallena - EsteroZacatecas","k__Bacteria|p__Pseudomonadota|c__Alphaproteobacteria|o__Rhodobacterales|f__Paracoccaceae|g__|s__|ASV_7164",6.59853000074797,8.33657411915065,0.0036178385252678,0.0117057948437752,"*","edgeR"
"417","ColaDeBallena - EsteroZacatecas","k__Bacteria|p__Pseudomonadota|c__Gammaproteobacteria|o__Steroidobacterales|f__Woeseiaceae|g__Woeseia|s__|ASV_15181",7.71509238664822,9.25074604402242,0.00363417485978488,0.011730454103766,"*","edgeR"
"418","ColaDeBallena - EsteroZacatecas","k__Bacteria|p__Pseudomonadota|c__Alphaproteobacteria|o__Rhodobacterales|f__Paracoccaceae|g__Limibaculum|s__|ASV_10749",7.66293124844433,9.20571535021393,0.00366007059913232,0.0117857775751964,"*","edgeR"
"419","ColaDeBallena - EsteroZacatecas","k__Bacteria|p__Actinomycetota|c__Acidimicrobiia|o__Microtrichales|f__Ilumatobacteraceae|g__Ilumatobacter|s__|ASV_7782",2.23698310155833,12.5658056792675,0.00373916853143707,0.01201174425612,"*","edgeR"
"420","ColaDeBallena - EsteroZacatecas","k__Bacteria|p__Rhodothermota|c__Rhodothermia|o__Rhodothermales|f__Rhodothermaceae|g__Rubrivirga|s__|ASV_4871",6.66925673739365,8.39075421724885,0.00378876225919696,0.0121420809544741,"*","edgeR"
"421","ColaDeBallena - EsteroZacatecas","k__Bacteria|p__Pseudomonadota|c__Alphaproteobacteria|o__Sphingomonadales|f__Sphingomonadaceae|g__|s__|ASV_13106",7.76555179087099,9.29401015417818,0.00382015370044228,0.012185316870293,"*","edgeR"
"422","ColaDeBallena - EsteroZacatecas","k__Bacteria|p__Bacteroidota|c__Bacteroidia|o__Cytophagales|f__Cyclobacteriaceae|g__Marinoscillum|s__|ASV_10741",6.73645256071578,8.44027883926139,0.0038203593753816,0.012185316870293,"*","edgeR"
"423","ColaDeBallena - EsteroZacatecas","k__Bacteria|p__Pseudomonadota|c__Alphaproteobacteria|o__Rhodobacterales|f__Paracoccaceae|g__Palleronia-Pseudomaribius|s__|ASV_951",6.5772914611218,8.31951857264603,0.00385174416814787,0.012256377423941,"*","edgeR"
"424","ColaDeBallena - EsteroZacatecas","k__Bacteria|p__Chloroflexota|c__Anaerolineae|o__Aggregatilineales|f__A4b|g__|s__|ASV_121",4.11008872409919,10.1407791268947,0.00389286299348543,0.0123580037481872,"*","edgeR"
"425","ColaDeBallena - EsteroZacatecas","k__Bacteria|p__Pseudomonadota|c__Gammaproteobacteria|o__Pseudomonadales|f__Cellvibrionaceae|g__|s__|ASV_7471",-4.58928409867935,10.1536384367321,0.00391532693216138,0.012400070707504,"*","edgeR"
"426","ColaDeBallena - EsteroZacatecas","k__Bacteria|p__Cyanobacteriota|c__Cyanobacteriia|o__Cyanobacteriales|f__Nostocaceae|g__Rivularia_PCC-7116|s__|ASV_4200",7.61877291206673,9.1671109312425,0.00402682613712001,0.0127232581703369,"*","edgeR"
"427","ColaDeBallena - EsteroZacatecas","k__Bacteria|p__Bacteroidota|c__Bacteroidia|o__Cytophagales|f__Cyclobacteriaceae|g__Catalinimonas|s__|ASV_11134",-6.61433854131728,8.34942058660081,0.00404146046090439,0.0127380591993849,"*","edgeR"
"428","ColaDeBallena - EsteroZacatecas","k__Bacteria|p__Rhodothermota|c__Rhodothermia|o__Rhodothermales|f__Rhodothermaceae|g__Rubricoccus|s__|ASV_925",6.42974339701616,8.2109284673094,0.0040504378434894,0.0127380591993849,"*","edgeR"
"429","ColaDeBallena - EsteroZacatecas","k__Bacteria|p__Pseudomonadota|c__Gammaproteobacteria|o__Enterobacterales|f__Vibrionaceae|g__Vibrio|s__|ASV_4336",6.57251100924507,8.31736674055051,0.00406349046424974,0.0127493197316554,"*","edgeR"
"430","ColaDeBallena - EsteroZacatecas","k__Bacteria|p__Actinomycetota|c__Actinobacteria|o__Propionibacteriales|f__Nocardioidaceae|g__Nocardioides|s__|ASV_10179",-6.59887316046139,8.3397282349279,0.00408896354964893,0.0127994068321569,"*","edgeR"
"431","ColaDeBallena - EsteroZacatecas","k__Bacteria|p__Bacteroidota|c__Bacteroidia|o__Flavobacteriales|f__Flavobacteriaceae|g__Euzebyella|s__|ASV_6004",-7.86742427556366,9.3846520129124,0.00412301631280503,0.0128760555847693,"*","edgeR"
"432","ColaDeBallena - EsteroZacatecas","k__Bacteria|p__Spirochaetota|c__Spirochaetia|o__Spirochaetales|f__Spirochaetaceae|g__Sediminispirochaeta|s__|ASV_13757",-6.71698415258816,8.426709616824,0.00415448767887075,0.012944306517963,"*","edgeR"
"433","ColaDeBallena - EsteroZacatecas","k__Bacteria|p__Gemmatimonadota|c__Longimicrobiia|o__Longimicrobiales|f__Longimicrobiaceae|g__|s__|ASV_10767",6.50903621471657,8.26949005748624,0.00416944493490097,0.0129609073495998,"*","edgeR"
"434","ColaDeBallena - EsteroZacatecas","k__Bacteria|p__Pseudomonadota|c__Gammaproteobacteria|o__Steroidobacterales|f__Woeseiaceae|g__Woeseia|s__|ASV_2639",6.50457482798518,8.26481307730021,0.00430445369481772,0.0133497573115775,"*","edgeR"
"435","ColaDeBallena - EsteroZacatecas","k__Bacteria|p__Acidobacteriota|c__Thermoanaerobaculia|o__Thermoanaerobaculales|f__Thermoanaerobaculaceae|g__Subgroup_10|s__|ASV_10386",-7.75474914675759,9.28606652882393,0.00435475898599414,0.0134747255060876,"*","edgeR"
"436","ColaDeBallena - EsteroZacatecas","k__Bacteria|p__Bacteroidota|c__Bacteroidia|o__Chitinophagales|f__Saprospiraceae|g__|s__|ASV_4746",6.69428750486783,8.40841078791662,0.00437406296341988,0.0135034145613834,"*","edgeR"
"437","ColaDeBallena - EsteroZacatecas","k__Bacteria|p__Myxococcota|c__Polyangiia|o__Polyangiales|f__Sandaracinaceae|g__|s__|ASV_11195",-6.55469086373509,8.30438180724672,0.00438912013419911,0.01351889176346,"*","edgeR"
"438","ColaDeBallena - EsteroZacatecas","k__Bacteria|p__Cyanobacteriota|c__Cyanobacteriia|o__Cyanobacteriales|f__Xenococcaceae|g__Pleurocapsa_PCC-7319|s__|ASV_12101",6.46252802994684,8.23403781523838,0.00442576406427055,0.0135845397428911,"*","edgeR"
"439","ColaDeBallena - EsteroZacatecas","k__Bacteria|p__Pseudomonadota|c__Alphaproteobacteria|o__Rhodobacterales|f__Paracoccaceae|g__Marivita|s__|ASV_7068",6.4382609913334,8.21610635914602,0.00443061883144814,0.0135845397428911,"*","edgeR"
"440","ColaDeBallena - EsteroZacatecas","k__Bacteria|p__Pseudomonadota|c__Gammaproteobacteria|o__Pseudomonadales|f__Cellvibrionaceae|g__|s__|ASV_9855",-5.73536499159548,11.1497737246875,0.00444940246669368,0.0136111266367493,"*","edgeR"
"441","ColaDeBallena - EsteroZacatecas","k__Bacteria|p__Bacteroidota|c__Bacteroidia|o__Flavobacteriales|f__Flavobacteriaceae|g__|s__|ASV_621",7.68407812028202,9.22288847916871,0.0045912983156874,0.0140133504147738,"*","edgeR"
"442","ColaDeBallena - EsteroZacatecas","k__Bacteria|p__Pseudomonadota|c__Alphaproteobacteria|o__Rhodobacterales|f__Paracoccaceae|g__|s__|ASV_11222",7.58995470524894,9.14260828214301,0.0046018351450852,0.0140137332698748,"*","edgeR"
"443","ColaDeBallena - EsteroZacatecas","k__Bacteria|p__Cyanobacteriota|c__Cyanobacteriia|o__Phormidesmiales|f__Phormidesmiaceae|g__Phormidesmis_ANT.LACV5.1|s__|ASV_2907",7.56906004320018,9.12410818934887,0.00461780101346158,0.0140306098512851,"*","edgeR"
"444","ColaDeBallena - EsteroZacatecas","k__Bacteria|p__Balneolota|c__Balneolia|o__Balneolales|f__Balneolaceae|g__|s__|ASV_11154",-6.53032264736968,8.28828410153831,0.0046335410887957,0.0140467259133311,"*","edgeR"
"445","ColaDeBallena - EsteroZacatecas","k__Bacteria|p__Verrucomicrobiota|c__Verrucomicrobiia|o__Verrucomicrobiales|f__Rubritaleaceae|g__Haloferula|s__|ASV_12612",-6.58560338425212,8.32670867397043,0.00471202047663598,0.0142525383405664,"*","edgeR"
"446","ColaDeBallena - EsteroZacatecas","k__Bacteria|p__Cyanobacteriota|c__Cyanobacteriia|o__Cyanobacteriales|f__Nostocaceae|g__Rivularia_PCC-7116|s__|ASV_13548",9.8415605296191,11.2274803636992,0.00486828082934054,0.0146921659109694,"*","edgeR"
"447","ColaDeBallena - EsteroZacatecas","k__Bacteria|p__Bacteroidota|c__Bacteroidia|o__Chitinophagales|f__Saprospiraceae|g__Lewinella|s__|ASV_15371",6.50918069170123,8.26898795294208,0.00489651268822762,0.0147350571694088,"*","edgeR"
"448","ColaDeBallena - EsteroZacatecas","k__Bacteria|p__Pseudomonadota|c__Alphaproteobacteria|o__Rhodobacterales|f__Paracoccaceae|g__|s__|ASV_8569",6.3357011431428,8.14122833685302,0.00491225469653348,0.0147350571694088,"*","edgeR"
"449","ColaDeBallena - EsteroZacatecas","k__Bacteria|p__Actinomycetota|c__Acidimicrobiia|o__Microtrichales|f__Microtrichaceae|g__|s__|ASV_15908",-7.67417752604568,9.21527015767635,0.00491533482099893,0.0147350571694088,"*","edgeR"
"450","ColaDeBallena - EsteroZacatecas","k__Bacteria|p__Pseudomonadota|c__Alphaproteobacteria|o__Rhodobacterales|f__Paracoccaceae|g__|s__|ASV_12166",7.49052049708557,9.05668298265528,0.00502665115021049,0.0150085426644477,"*","edgeR"
"451","ColaDeBallena - EsteroZacatecas","k__Bacteria|p__Myxococcota|c__Polyangiia|o__Polyangiales|f__Sandaracinaceae|g__|s__|ASV_7560",-6.4937046893909,8.25827312159244,0.00504266805327747,0.0150085426644477,"*","edgeR"
"452","ColaDeBallena - EsteroZacatecas","k__Bacteria|p__Rhodothermota|c__Rhodothermia|o__Rhodothermales|f__Rhodothermaceae|g__|s__|ASV_9456",6.43208666899488,8.21119664229746,0.00504604463079328,0.0150085426644477,"*","edgeR"
"453","ColaDeBallena - EsteroZacatecas","k__Bacteria|p__Pseudomonadota|c__Alphaproteobacteria|o__Rhodobacterales|f__Paracoccaceae|g__|s__|ASV_8954",3.55125151288524,11.7504354665572,0.00505603931018694,0.0150085426644477,"*","edgeR"
"454","ColaDeBallena - EsteroZacatecas","k__Bacteria|p__Actinomycetota|c__Actinobacteria|o__Nitriliruptorales|f__Nitriliruptoraceae|g__|s__|ASV_9614",3.25429877144933,12.019034392879,0.00506231676794891,0.0150085426644477,"*","edgeR"
"455","ColaDeBallena - EsteroZacatecas","k__Bacteria|p__Cyanobacteriota|c__Cyanobacteriia|o__Cyanobacteriales|f__Nostocaceae|g__Rivularia_PCC-7116|s__|ASV_3099",8.3674883131752,9.83474509310618,0.0050777530844771,0.015021221212541,"*","edgeR"
"456","ColaDeBallena - EsteroZacatecas","k__Bacteria|p__Pseudomonadota|c__Gammaproteobacteria|o__Enterobacterales|f__Pseudoalteromonadaceae|g__Pseudoalteromonas|s__|ASV_1442",5.57847078961164,8.67222527088118,0.00512992659181972,0.0151422833170819,"*","edgeR"
"457","ColaDeBallena - EsteroZacatecas","k__Bacteria|p__Pseudomonadota|c__Alphaproteobacteria|o__Rhodobacterales|f__Paracoccaceae|g__|s__|ASV_1438",-6.33777902552175,8.14475923308794,0.00521985063203543,0.0153740020803494,"*","edgeR"
"458","ColaDeBallena - EsteroZacatecas","k__Bacteria|p__Bacteroidota|c__Bacteroidia|o__Cytophagales|f__Cyclobacteriaceae|g__|s__|ASV_11285",-6.46099801192491,8.23370788648422,0.00535422444140799,0.0157353408256226,"*","edgeR"
"459","ColaDeBallena - EsteroZacatecas","k__Bacteria|p__Actinomycetota|c__Actinobacteria|o__Propionibacteriales|f__Nocardioidaceae|g__Nocardioides|s__|ASV_2050",-6.52714420524027,8.28322448486917,0.00537256935024528,0.0157548547830722,"*","edgeR"
"460","ColaDeBallena - EsteroZacatecas","k__Bacteria|p__Chloroflexota|c__Anaerolineae|o__Aggregatilineales|f__A4b|g__|s__|ASV_15753",3.92910503844103,9.87851476807483,0.00539311562237557,0.0157807252776468,"*","edgeR"
"461","ColaDeBallena - EsteroZacatecas","k__Bacteria|p__Bacteroidota|c__Bacteroidia|o__Bacteroidales|f__Prolixibacteraceae|g__|s__|ASV_3832",-6.50621726949889,8.26677199924194,0.00546650792288223,0.0159262191457251,"*","edgeR"
"462","ColaDeBallena - EsteroZacatecas","k__Bacteria|p__Actinomycetota|c__Acidimicrobiia|o__Microtrichales|f__Ilumatobacteraceae|g__Ilumatobacter|s__|ASV_8483",6.09575759781676,7.97195045012729,0.00547824149582277,0.0159262191457251,"*","edgeR"
"463","ColaDeBallena - EsteroZacatecas","k__Bacteria|p__Cyanobacteriota|c__Cyanobacteriia|o__Cyanobacteriales|f__Xenococcaceae|g__Chroococcidiopsis_PCC-6712|s__|ASV_3072",6.08530352990477,7.96469601420512,0.0054877664250511,0.0159262191457251,"*","edgeR"
"464","ColaDeBallena - EsteroZacatecas","k__Bacteria|p__Verrucomicrobiota|c__Verrucomicrobiia|o__Opitutales|f__Puniceicoccaceae|g__Pelagicoccus|s__|ASV_14309",6.03017082657961,7.92780127407735,0.00552796759112918,0.0159262191457251,"*","edgeR"
"465","ColaDeBallena - EsteroZacatecas","k__Bacteria|p__Pseudomonadota|c__Gammaproteobacteria|o__Enterobacterales|f__Alteromonadaceae|g__Alteromonas|s__|ASV_1591",7.35412243328987,8.94034684631304,0.00553038330885921,0.0159262191457251,"*","edgeR"
"466","ColaDeBallena - EsteroZacatecas","k__Bacteria|p__Bacteroidota|c__Bacteroidia|o__Cytophagales|f__Cyclobacteriaceae|g__Tunicatimonas|s__|ASV_2268",7.37329515769118,8.956959621232,0.00553043868681957,0.0159262191457251,"*","edgeR"
"467","ColaDeBallena - EsteroZacatecas","k__Bacteria|p__Pseudomonadota|c__Gammaproteobacteria|o__Enterobacterales|f__Alteromonadaceae|g__Aestuariibacter|s__|ASV_12294",7.29356447236262,8.89090563859348,0.00553610519677154,0.0159262191457251,"*","edgeR"
"468","ColaDeBallena - EsteroZacatecas","k__Bacteria|p__Bacteroidota|c__Bacteroidia|o__Flavobacteriales|f__Flavobacteriaceae|g__Nonlabens|s__|ASV_11333",6.16569124669412,8.01997333808458,0.0055374967014854,0.0159262191457251,"*","edgeR"
"469","ColaDeBallena - EsteroZacatecas","k__Bacteria|p__Pseudomonadota|c__Gammaproteobacteria|o__Pseudomonadales|f__Halieaceae|g__|s__|ASV_15846",-6.53196288149333,8.28616995569767,0.00555256810269747,0.0159299371107726,"*","edgeR"
"470","ColaDeBallena - EsteroZacatecas","k__Bacteria|p__Bacteroidota|c__Bacteroidia|o__Flavobacteriales|f__Flavobacteriaceae|g__Hoppeia|s__|ASV_1461",6.38266707706252,8.17421531400745,0.00556245946661451,0.0159299371107726,"*","edgeR"
"471","ColaDeBallena - EsteroZacatecas","k__Bacteria|p__Pseudomonadota|c__Alphaproteobacteria|o__Micavibrionales|f__Micavibrionaceae|g__|s__|ASV_1341",5.84803814072612,7.80679811704896,0.0056336965128232,0.0160721303233557,"*","edgeR"
"472","ColaDeBallena - EsteroZacatecas","k__Archaea|p__Halobacteriota|c__Halobacteria|o__Halobacterales|f__Halomicrobiaceae|g__Halomarina|s__|ASV_6863",-6.45591222643224,8.23272483022265,0.00563599220848727,0.0160721303233557,"*","edgeR"
"473","ColaDeBallena - EsteroZacatecas","k__Bacteria|p__Bacteroidota|c__Bacteroidia|o__Chitinophagales|f__Saprospiraceae|g__Lewinella|s__|ASV_14761",8.2322472579597,9.7115197124577,0.00566363804013182,0.0161168219915802,"*","edgeR"
"474","ColaDeBallena - EsteroZacatecas","k__Bacteria|p__Chloroflexota|c__Anaerolineae|o__Caldilineales|f__Caldilineaceae|g__|s__|ASV_1226",6.00989470938723,7.91438029049735,0.00582831871699087,0.0165504577912863,"*","edgeR"
"475","ColaDeBallena - EsteroZacatecas","k__Bacteria|p__Thermodesulfobacteriota|c__Desulfobulbia|o__Desulfobulbales|f__Desulfobulbaceae|g__|s__|ASV_8037",-6.35733624657432,8.15822634097411,0.00585950971768756,0.0166040001684368,"*","edgeR"
"476","ColaDeBallena - EsteroZacatecas","k__Bacteria|p__Cyanobacteriota|c__Cyanobacteriia|o__Phormidesmiales|f__Nodosilineaceae|g__Halomicronema_TFEP1|s__|ASV_15198",5.91250926027646,7.84863767716905,0.00602225933812361,0.0170293299771311,"*","edgeR"
"477","ColaDeBallena - EsteroZacatecas","k__Bacteria|p__Pseudomonadota|c__Alphaproteobacteria|o__Sphingomonadales|f__Sphingomonadaceae|g__Aurantiacibacter|s__|ASV_8699",-5.98748568147322,7.90277210493584,0.00607971554027368,0.0171407375340099,"*","edgeR"
"478","ColaDeBallena - EsteroZacatecas","k__Bacteria|p__Pseudomonadota|c__Alphaproteobacteria|o__Rhodobacterales|f__Paracoccaceae|g__|s__|ASV_12109",7.09449892261031,8.72636371184989,0.00608712670227096,0.0171407375340099,"*","edgeR"
"479","ColaDeBallena - EsteroZacatecas","k__Bacteria|p__Pseudomonadota|c__Alphaproteobacteria|o__Rhodobacterales|f__Paracoccaceae|g__|s__|ASV_15311",-7.32650285472425,8.91904274533658,0.00611856841589887,0.0171933049849684,"*","edgeR"
"480","ColaDeBallena - EsteroZacatecas","k__Bacteria|p__Bacteroidota|c__Bacteroidia|o__Cytophagales|f__Cyclobacteriaceae|g__Tunicatimonas|s__|ASV_15859",7.13352187251941,8.75867353745296,0.00613342500334839,0.0171991459468894,"*","edgeR"
"481","ColaDeBallena - EsteroZacatecas","k__Bacteria|p__Actinomycetota|c__Acidimicrobiia|o__Microtrichales|f__Microtrichaceae|g__|s__|ASV_12371",7.08914548125041,8.72210968183699,0.00622872871285832,0.0174300807640484,"*","edgeR"
"482","ColaDeBallena - EsteroZacatecas","k__Bacteria|p__Bacteroidota|c__Bacteroidia|o__Cytophagales|f__Cyclobacteriaceae|g__Tunicatimonas|s__|ASV_15128",-7.13389175637421,8.76241663461446,0.00630002315645185,0.0175930107232037,"*","edgeR"
"483","ColaDeBallena - EsteroZacatecas","k__Bacteria|p__Pseudomonadota|c__Gammaproteobacteria|o__Ectothiorhodospirales|f__Ectothiorhodospiraceae|g__Thiogranum|s__|ASV_6435",-6.14108795234968,8.00509084197666,0.00633426641888977,0.0176520136642353,"*","edgeR"
"484","ColaDeBallena - EsteroZacatecas","k__Bacteria|p__Pseudomonadota|c__Gammaproteobacteria|o__Enterobacterales|f__Pseudoalteromonadaceae|g__Pseudoalteromonas|s__|ASV_8939",7.14265923825912,8.76514021945642,0.00635898156994645,0.0176842751924544,"*","edgeR"
"485","ColaDeBallena - EsteroZacatecas","k__Bacteria|p__Pseudomonadota|c__Gammaproteobacteria|o__Pseudomonadales|f__Pseudohongiellaceae|g__Pseudohongiella|s__|ASV_12563",-5.87294459820012,7.82515188163602,0.00637948861925834,0.0177047251165397,"*","edgeR"
"486","ColaDeBallena - EsteroZacatecas","k__Bacteria|p__Bacteroidota|c__Bacteroidia|o__Flavobacteriales|f__Cryomorphaceae|g__Vicingus|s__|ASV_9624",7.11527834396555,8.74275285813241,0.00640587982690714,0.0177413873395412,"*","edgeR"
"487","ColaDeBallena - EsteroZacatecas","k__Bacteria|p__Pseudomonadota|c__Alphaproteobacteria|o__Rhodobacterales|f__Paracoccaceae|g__|s__|ASV_5674",7.08667097641951,8.72021774343605,0.0064397107157035,0.0177984612388848,"*","edgeR"
"488","ColaDeBallena - EsteroZacatecas","k__Bacteria|p__Pseudomonadota|c__Gammaproteobacteria|o__Chromatiales|f__Chromatiaceae|g__Thiophaeococcus|s__|ASV_12238",-8.49814834933873,9.95412852212832,0.00646350307588913,0.017827612992104,"*","edgeR"
"489","ColaDeBallena - EsteroZacatecas","k__Bacteria|p__Rhodothermota|c__Rhodothermia|o__Rhodothermales|f__Rhodothermaceae|g__Rubrivirga|s__|ASV_10373",5.93270773078789,7.86232918938689,0.00648157735843656,0.0178409061849808,"*","edgeR"
"490","ColaDeBallena - EsteroZacatecas","k__Bacteria|p__Pseudomonadota|c__Gammaproteobacteria|o__Enterobacterales|f__Vibrionaceae|g__Vibrio|s__|ASV_5703",7.10205751992978,8.73440917395299,0.00652363853523495,0.0179200356498495,"*","edgeR"
"491","ColaDeBallena - EsteroZacatecas","k__Bacteria|p__Pseudomonadota|c__Alphaproteobacteria|o__Hyphomicrobiales|f__Devosiaceae|g__Pelagibacterium|s__|ASV_10161",-3.20533485913877,9.22012871047999,0.00656243340813309,0.0179898887318679,"*","edgeR"
"492","ColaDeBallena - EsteroZacatecas","k__Bacteria|p__Planctomycetota|c__Planctomycetes|o__Pirellulales|f__Pirellulaceae|g__Mariniblastus|s__|ASV_10958",6.15445002123257,8.0111541492679,0.00659335369648897,0.0180379147875491,"*","edgeR"
"493","ColaDeBallena - EsteroZacatecas","k__Bacteria|p__Bacteroidota|c__Bacteroidia|o__Bacteroidales|f__Prolixibacteraceae|g__Draconibacterium|s__|ASV_10943",-6.26827936659919,8.09307859769621,0.00664289695644089,0.0181365908790455,"*","edgeR"
"494","ColaDeBallena - EsteroZacatecas","k__Bacteria|p__Bdellovibrionota|c__Bdellovibrionia|o__Bdellovibrionales|f__Pseudobdellovibrionaceae|g__OM27_clade|s__|ASV_14881",5.95985656745819,7.87986984210498,0.00668960114878115,0.0182271318750191,"*","edgeR"
"495","ColaDeBallena - EsteroZacatecas","k__Bacteria|p__Bacteroidota|c__Bacteroidia|o__Chitinophagales|f__Saprospiraceae|g__|s__|ASV_10850",-6.12687813919737,7.99424796342411,0.00671816213687114,0.0182679721944011,"*","edgeR"
"496","ColaDeBallena - EsteroZacatecas","k__Bacteria|p__Actinomycetota|c__Actinobacteria|o__Nitriliruptorales|f__Nitriliruptoraceae|g__|s__|ASV_15496",-6.03830372920088,7.93641115865186,0.00680336490198473,0.0184623571735312,"*","edgeR"
"497","ColaDeBallena - EsteroZacatecas","k__Bacteria|p__Pseudomonadota|c__Alphaproteobacteria|o__Micavibrionales|f__Micavibrionaceae|g__|s__|ASV_14482",-5.81635683898217,7.78835735606376,0.00684390096059521,0.0185349913339259,"*","edgeR"
"498","ColaDeBallena - EsteroZacatecas","k__Bacteria|p__Rhodothermota|c__Rhodothermia|o__Rhodothermales|f__Rhodothermaceae|g__|s__|ASV_2717",-5.81852444319167,7.79090604841167,0.0069419909855881,0.0187609652848067,"*","edgeR"
"499","ColaDeBallena - EsteroZacatecas","k__Bacteria|p__Pseudomonadota|c__Alphaproteobacteria|o__Hyphomicrobiales|f__Devosiaceae|g__|s__|ASV_13035",-5.8618457012803,7.81794400785779,0.00695521669919654,0.0187609652848067,"*","edgeR"
"500","ColaDeBallena - EsteroZacatecas","k__Bacteria|p__Bacteroidota|c__Bacteroidia|o__Chitinophagales|f__Saprospiraceae|g__Lewinella|s__|ASV_10676",-3.23441411602297,11.981306210544,0.00702840151120375,0.0189204568681605,"*","edgeR"
"501","ColaDeBallena - EsteroZacatecas","k__Bacteria|p__Pseudomonadota|c__Alphaproteobacteria|o__Kiloniellales|f__Kiloniellaceae|g__Tistlia|s__|ASV_11585",-5.97774542266548,7.89385941280136,0.00709517888796086,0.0190620973716473,"*","edgeR"
"502","ColaDeBallena - EsteroZacatecas","k__Bacteria|p__Pseudomonadota|c__Alphaproteobacteria|o__Kiloniellales|f__Kiloniellaceae|g__Limibacillus|s__|ASV_5797",-6.06963077473438,7.95547251975901,0.00720462931664148,0.0193175917533853,"*","edgeR"
"503","ColaDeBallena - EsteroZacatecas","k__Bacteria|p__Bacteroidota|c__Bacteroidia|o__Chitinophagales|f__Saprospiraceae|g__|s__|ASV_12745",4.70115896019261,9.71921999038583,0.00722925632430633,0.0193254402477489,"*","edgeR"
"504","ColaDeBallena - EsteroZacatecas","k__Bacteria|p__Pseudomonadota|c__Gammaproteobacteria|o__Steroidobacterales|f__Woeseiaceae|g__Woeseia|s__|ASV_55",-7.15240341420815,8.77420345122502,0.0072362718312522,0.0193254402477489,"*","edgeR"
"505","ColaDeBallena - EsteroZacatecas","k__Bacteria|p__Pseudomonadota|c__Alphaproteobacteria|o__Rhodobacterales|f__Paracoccaceae|g__|s__|ASV_7269",6.95161903184889,8.61157142289681,0.00725532483187708,0.0193379548984288,"*","edgeR"
"506","ColaDeBallena - EsteroZacatecas","k__Bacteria|p__Bacteroidota|c__Bacteroidia|o__Cytophagales|f__Cyclobacteriaceae|g__|s__|ASV_12768",6.06203736073213,7.94801683760888,0.00739130132460732,0.0196614458160503,"*","edgeR"
"507","ColaDeBallena - EsteroZacatecas","k__Bacteria|p__Bacteroidota|c__Bacteroidia|o__Cytophagales|f__Cyclobacteriaceae|g__|s__|ASV_544",7.15603261942927,8.77583863859575,0.0074800699996144,0.0198583317938481,"*","edgeR"
"508","ColaDeBallena - EsteroZacatecas","k__Bacteria|p__Pseudomonadota|c__Alphaproteobacteria|o__Rhodobacterales|f__Paracoccaceae|g__|s__|ASV_4342",6.89039006275975,8.56217787017104,0.0077999218803795,0.0206667221476197,"*","edgeR"
"509","ColaDeBallena - EsteroZacatecas","k__Bacteria|p__Bacteroidota|c__Bacteroidia|o__Flavobacteriales|f__Blattabacteriaceae|g__Candidatus_Uzinura|s__|ASV_7089",-8.8268755702191,10.2613356311415,0.00784208770552406,0.0207376228912287,"*","edgeR"
"510","ColaDeBallena - EsteroZacatecas","k__Bacteria|p__Pseudomonadota|c__Gammaproteobacteria|o__Pseudomonadales|f__Cellvibrionaceae|g__Aestuariicella|s__|ASV_12370",-6.01775036988056,7.92010398456326,0.00788622627294655,0.0207781558544324,"*","edgeR"
"511","ColaDeBallena - EsteroZacatecas","k__Bacteria|p__Bacteroidota|c__Bacteroidia|o__Cytophagales|f__Cyclobacteriaceae|g__|s__|ASV_8952",-5.94208265432003,7.86960285309269,0.00788828948114039,0.0207781558544324,"*","edgeR"
"512","ColaDeBallena - EsteroZacatecas","k__Bacteria|p__Pseudomonadota|c__Alphaproteobacteria|o__Rhodobacterales|f__Paracoccaceae|g__|s__|ASV_1155",-7.18997970845381,8.80453126031548,0.0079448520043871,0.0208862710896583,"*","edgeR"
"513","ColaDeBallena - EsteroZacatecas","k__Bacteria|p__Actinomycetota|c__Actinobacteria|o__Nitriliruptorales|f__Nitriliruptoraceae|g__|s__|ASV_954",-6.93393428464027,8.60062325396984,0.0079880818445799,0.0209589827734981,"*","edgeR"
"514","ColaDeBallena - EsteroZacatecas","k__Bacteria|p__Pseudomonadota|c__Alphaproteobacteria|o__Sphingomonadales|f__Sphingomonadaceae|g__Sphingomicrobium|s__|ASV_13364",8.07327337183347,9.56656536355582,0.00800986474070914,0.0209752489124407,"*","edgeR"
"515","ColaDeBallena - EsteroZacatecas","k__Bacteria|p__Bacteroidota|c__Bacteroidia|o__Cytophagales|f__Cyclobacteriaceae|g__|s__|ASV_2729",4.52917083201349,8.67675615372425,0.00806377008668736,0.0210754068673421,"*","edgeR"
"516","ColaDeBallena - EsteroZacatecas","k__Bacteria|p__Pseudomonadota|c__Alphaproteobacteria|o__Rhodobacterales|f__Paracoccaceae|g__Palleronia-Pseudomaribius|s__|ASV_9313",7.78282056794521,9.31195084753686,0.00812010017692083,0.0211664581497599,"*","edgeR"
"517","ColaDeBallena - EsteroZacatecas","k__Bacteria|p__Cyanobacteriota|c__Cyanobacteriia|o__Phormidesmiales|f__Phormidesmiaceae|g__Phormidium_MBIC10003|s__|ASV_13924",7.01278562000391,8.65927104026768,0.00813005859095532,0.0211664581497599,"*","edgeR"
"518","ColaDeBallena - EsteroZacatecas","k__Bacteria|p__Bacteroidota|c__Bacteroidia|o__Chitinophagales|f__Saprospiraceae|g__Lewinella|s__|ASV_12603",6.88895865987203,8.5608245585731,0.00817881893854864,0.0212522978596264,"*","edgeR"
"519","ColaDeBallena - EsteroZacatecas","k__Bacteria|p__Pseudomonadota|c__Alphaproteobacteria|o__Hyphomicrobiales|f__Devosiaceae|g__|s__|ASV_4313",-7.04631224974526,8.68714561916132,0.00848189975163406,0.0219973739223496,"*","edgeR"
"520","ColaDeBallena - EsteroZacatecas","k__Bacteria|p__Pseudomonadota|c__Alphaproteobacteria|o__Rhodobacterales|f__Paracoccaceae|g__|s__|ASV_13252",7.8617684439481,9.37976315748459,0.00854612595216814,0.0221213183300352,"*","edgeR"
"521","ColaDeBallena - EsteroZacatecas","k__Bacteria|p__Pseudomonadota|c__Gammaproteobacteria|o__Steroidobacterales|f__Woeseiaceae|g__Woeseia|s__|ASV_14630",6.80688235769686,8.49622203727065,0.0087057790755439,0.0224913217575472,"*","edgeR"
"522","ColaDeBallena - EsteroZacatecas","k__Bacteria|p__Actinomycetota|c__Actinobacteria|o__Euzebyales|f__Euzebyaceae|g__|s__|ASV_3446",-6.86731283433599,8.54772358947717,0.00893152523814934,0.023030331361205,"*","edgeR"
"523","ColaDeBallena - EsteroZacatecas","k__Bacteria|p__Actinomycetota|c__Acidimicrobiia|o__Microtrichales|f__Ilumatobacteraceae|g__Ilumatobacter|s__|ASV_2714",6.70541326582444,8.41756766640414,0.00899738592301318,0.023155796276053,"*","edgeR"
"524","ColaDeBallena - EsteroZacatecas","k__Bacteria|p__Cyanobacteriota|c__Cyanobacteriia|o__Cyanobacteriales|f__Xenococcaceae|g__Pleurocapsa_PCC-7319|s__|ASV_13765",6.68884230473735,8.40567626479747,0.00908476422315563,0.0233360546648234,"*","edgeR"
"525","ColaDeBallena - EsteroZacatecas","k__Bacteria|p__Bacteroidota|c__Bacteroidia|o__Cytophagales|f__Cyclobacteriaceae|g__Fulvivirga|s__|ASV_13853",6.83595540308264,8.52030639042396,0.00926628153144816,0.0237569808406271,"*","edgeR"
"526","ColaDeBallena - EsteroZacatecas","k__Bacteria|p__Bacteroidota|c__Bacteroidia|o__Cytophagales|f__Cyclobacteriaceae|g__Fulvivirga|s__|ASV_5610",6.73842619903628,8.44236566438354,0.00936610600481224,0.0239672598526184,"*","edgeR"
"527","ColaDeBallena - EsteroZacatecas","k__Bacteria|p__Bacteroidota|c__Bacteroidia|o__Chitinophagales|f__Saprospiraceae|g__Lewinella|s__|ASV_2127",7.64722196394951,9.1929408260988,0.00956930390040523,0.0244407648006555,"*","edgeR"
"528","ColaDeBallena - EsteroZacatecas","k__Bacteria|p__Pseudomonadota|c__Alphaproteobacteria|o__Sphingomonadales|f__Sphingomonadaceae|g__Pacificimonas|s__|ASV_11209",-2.4131865790654,10.7250538946878,0.00962263069901103,0.0245304184107364,"*","edgeR"
"529","ColaDeBallena - EsteroZacatecas","k__Bacteria|p__Bacteroidota|c__Bacteroidia|o__Chitinophagales|f__Saprospiraceae|g__Lewinella|s__|ASV_10138",7.72455995170552,9.25957650325648,0.0097026898836602,0.0246877515754379,"*","edgeR"
"530","ColaDeBallena - EsteroZacatecas","k__Bacteria|p__Bacteroidota|c__Bacteroidia|o__Flavobacteriales|f__Flavobacteriaceae|g__|s__|ASV_12253",7.68165055930202,9.22175536427202,0.00979996363102052,0.0248882095233087,"*","edgeR"
"531","ColaDeBallena - EsteroZacatecas","k__Bacteria|p__Bacteroidota|c__Bacteroidia|o__Cytophagales|f__Cyclobacteriaceae|g__|s__|ASV_8340",-6.95983594618593,8.61759276478698,0.00986407756746308,0.0250038576380514,"*","edgeR"
"532","ColaDeBallena - EsteroZacatecas","k__Bacteria|p__Pseudomonadota|c__Gammaproteobacteria|o__Enterobacterales|f__Vibrionaceae|g__Vibrio|s__|ASV_2698",6.65912220182041,8.38360787925296,0.00996845039468813,0.0252209290061094,"*","edgeR"
"533","ColaDeBallena - EsteroZacatecas","k__Bacteria|p__Chloroflexota|c__Anaerolineae|o__Aggregatilineales|f__A4b|g__|s__|ASV_14804",6.65673496056998,8.3803122816873,0.010169654861199,0.0256817175294067,"*","edgeR"
"534","ColaDeBallena - EsteroZacatecas","k__Bacteria|p__Pseudomonadota|c__Alphaproteobacteria|o__Hyphomicrobiales|f__Rhizobiaceae|g__|s__|ASV_12323",6.61818622593898,8.34987378105525,0.0102233431445237,0.0257689510721516,"*","edgeR"
"535","ColaDeBallena - EsteroZacatecas","k__Bacteria|p__Pseudomonadota|c__Alphaproteobacteria|o__Rhodobacterales|f__Paracoccaceae|g__Jannaschia|s__|ASV_6611",-6.72679907312402,8.43785525999115,0.0102586566252414,0.0258096295655606,"*","edgeR"
"536","ColaDeBallena - EsteroZacatecas","k__Bacteria|p__Myxococcota|c__Polyangiia|o__Haliangiales|f__Haliangiaceae|g__|s__|ASV_3353",6.55505531452655,8.3055098561327,0.0103121356527981,0.0258957734863175,"*","edgeR"
"537","ColaDeBallena - EsteroZacatecas","k__Bacteria|p__Pseudomonadota|c__Alphaproteobacteria|o__Hyphomicrobiales|f__Methyloligellaceae|g__Methyloceanibacter|s__|ASV_12775",4.46903471163517,9.0102229934539,0.0107702633928505,0.0269958557295657,"*","edgeR"
"538","ColaDeBallena - EsteroZacatecas","k__Bacteria|p__Actinomycetota|c__Actinobacteria|o__Nitriliruptorales|f__Nitriliruptoraceae|g__|s__|ASV_3378",-2.86213862310809,9.69347832023515,0.0109683190150888,0.0274411847477872,"*","edgeR"
"539","ColaDeBallena - EsteroZacatecas","k__Bacteria|p__Acidobacteriota|c__Thermoanaerobaculia|o__Thermoanaerobaculales|f__Thermoanaerobaculaceae|g__Subgroup_10|s__|ASV_5707",-4.18551792202879,8.63637709263987,0.0110093222621844,0.0274926674673472,"*","edgeR"
"540","ColaDeBallena - EsteroZacatecas","k__Bacteria|p__Pseudomonadota|c__Alphaproteobacteria|o__Rhodobacterales|f__Paracoccaceae|g__Palleronia-Pseudomaribius|s__|ASV_11632",6.42544135753066,8.20727801481308,0.0113702893180196,0.0283252869254344,"*","edgeR"
"541","ColaDeBallena - EsteroZacatecas","k__Bacteria|p__Planctomycetota|c__Planctomycetes|o__Pirellulales|f__Pirellulaceae|g__|s__|ASV_9318",6.62166240037265,8.35215572776634,0.0114146043431919,0.0283252869254344,"*","edgeR"
"542","ColaDeBallena - EsteroZacatecas","k__Bacteria|p__Bacteroidota|c__Bacteroidia|o__Flavobacteriales|f__Flavobacteriaceae|g__|s__|ASV_3483",-7.75931381915632,9.2893401427984,0.0114182321002399,0.0283252869254344,"*","edgeR"
"543","ColaDeBallena - EsteroZacatecas","k__Bacteria|p__Bacteroidota|c__Bacteroidia|o__Flavobacteriales|f__Flavobacteriaceae|g__Marinirhabdus|s__|ASV_13913",6.51393634464225,8.27256813492905,0.0114269173852235,0.0283252869254344,"*","edgeR"
"544","ColaDeBallena - EsteroZacatecas","k__Bacteria|p__Actinomycetota|c__Actinobacteria|o__Nitriliruptorales|f__Nitriliruptoraceae|g__|s__|ASV_7511",7.38839544104501,8.97295001203774,0.0115736246119785,0.0286275229199042,"*","edgeR"
"545","ColaDeBallena - EsteroZacatecas","k__Bacteria|p__Pseudomonadota|c__Gammaproteobacteria|o__Enterobacterales|f__Vibrionaceae|g__Vibrio|s__|ASV_10429",7.47215253185375,9.04398282614867,0.0115913818657859,0.0286275229199042,"*","edgeR"
"546","ColaDeBallena - EsteroZacatecas","k__Bacteria|p__Bacteroidota|c__Bacteroidia|o__Chitinophagales|f__Saprospiraceae|g__|s__|ASV_11215",6.52322135543878,8.27894587316556,0.0116528142412541,0.0287265347412601,"*","edgeR"
"547","ColaDeBallena - EsteroZacatecas","k__Bacteria|p__Pseudomonadota|c__Alphaproteobacteria|o__Rhodobacterales|f__Paracoccaceae|g__|s__|ASV_15905",-6.67915849812284,8.397556434595,0.0116787745250212,0.0287378985569992,"*","edgeR"
"548","ColaDeBallena - EsteroZacatecas","k__Bacteria|p__Actinomycetota|c__Actinobacteria|o__Micrococcales|f__Intrasporangiaceae|g__Serinicoccus|s__|ASV_15687",6.49793195805948,8.26286980669521,0.0117065986101751,0.028749467911442,"*","edgeR"
"549","ColaDeBallena - EsteroZacatecas","k__Bacteria|p__Bacteroidota|c__Bacteroidia|o__Flavobacteriales|f__Flavobacteriaceae|g__Robiginitalea|s__|ASV_5224",-6.70950632191375,8.42053934186561,0.0117261945641765,0.028749467911442,"*","edgeR"
"550","ColaDeBallena - EsteroZacatecas","k__Bacteria|p__Actinomycetota|c__Actinobacteria|o__Euzebyales|f__Euzebyaceae|g__|s__|ASV_796",6.42051948662653,8.20506345883706,0.0118100361131343,0.0289023792877797,"*","edgeR"
"551","ColaDeBallena - EsteroZacatecas","k__Bacteria|p__Verrucomicrobiota|c__Verrucomicrobiia|o__Verrucomicrobiales|f__Rubritaleaceae|g__Haloferula|s__|ASV_4595",8.48905926045697,9.94563379323311,0.0120276730644808,0.0293815752174069,"*","edgeR"
"552","ColaDeBallena - EsteroZacatecas","k__Bacteria|p__Bacteroidota|c__Bacteroidia|o__Chitinophagales|f__Saprospiraceae|g__Lewinella|s__|ASV_368",-3.28044916174833,10.8928041084617,0.0122843878879939,0.0299543226399271,"*","edgeR"
"553","ColaDeBallena - EsteroZacatecas","k__Bacteria|p__Pseudomonadota|c__Alphaproteobacteria|o__Rhodobacterales|f__Paracoccaceae|g__Maribius|s__|ASV_13147",6.47168238503719,8.24121058251349,0.0123787187407447,0.0301297566456461,"*","edgeR"
"554","ColaDeBallena - EsteroZacatecas","k__Bacteria|p__Pseudomonadota|c__Alphaproteobacteria|o__Rhodobacterales|f__Paracoccaceae|g__Silicimonas|s__|ASV_15668",4.52114745646078,10.7530037805849,0.0125107820347854,0.0303962321639371,"*","edgeR"
"555","ColaDeBallena - EsteroZacatecas","k__Bacteria|p__Pseudomonadota|c__Gammaproteobacteria|o__Pseudomonadales|f__Halieaceae|g__Pseudohaliea|s__|ASV_13472",6.40869513854544,8.19413912235501,0.0125749043859339,0.0304969753215622,"*","edgeR"
"556","ColaDeBallena - EsteroZacatecas","k__Bacteria|p__Pseudomonadota|c__Alphaproteobacteria|o__Rhodobacterales|f__Paracoccaceae|g__|s__|ASV_6399",3.77804195090597,10.0229374607923,0.0126309195771515,0.0305577520066885,"*","edgeR"
"557","ColaDeBallena - EsteroZacatecas","k__Bacteria|p__Pseudomonadota|c__Alphaproteobacteria|o__Rhodobacterales|f__Paracoccaceae|g__|s__|ASV_2081",-6.51386067499562,8.27685919247022,0.0126631654550368,0.0305577520066885,"*","edgeR"
"558","ColaDeBallena - EsteroZacatecas","k__Bacteria|p__Verrucomicrobiota|c__Verrucomicrobiia|o__Opitutales|f__Puniceicoccaceae|g__Lentimonas|s__|ASV_8380",7.51816403319111,9.08133959706473,0.01268974631264,0.0305577520066885,"*","edgeR"
"559","ColaDeBallena - EsteroZacatecas","k__Bacteria|p__Bacteroidota|c__Bacteroidia|o__Cytophagales|f__Flammeovirgaceae|g__Rapidithrix|s__|ASV_7182",6.4524613894287,8.22663319898359,0.0126907751647391,0.0305577520066885,"*","edgeR"
"560","ColaDeBallena - EsteroZacatecas","k__Bacteria|p__Bacteroidota|c__Bacteroidia|o__Cytophagales|f__Cyclobacteriaceae|g__Fulvivirga|s__|ASV_115",6.35647228361212,8.15615064669458,0.0127265004028986,0.0305890527541098,"*","edgeR"
"561","ColaDeBallena - EsteroZacatecas","k__Bacteria|p__Pseudomonadota|c__Gammaproteobacteria|o__Pseudomonadales|f__Spongiibacteraceae|g__|s__|ASV_3004",-6.68576966372653,8.4022579105717,0.0127744307293885,0.0306495254220265,"*","edgeR"
"562","ColaDeBallena - EsteroZacatecas","k__Bacteria|p__Actinomycetota|c__Actinobacteria|o__Propionibacteriales|f__Nocardioidaceae|g__Nocardioides|s__|ASV_6174",-4.21382236460189,8.54647943855749,0.0128346843640203,0.0307392974269952,"*","edgeR"
"563","ColaDeBallena - EsteroZacatecas","k__Bacteria|p__Pseudomonadota|c__Alphaproteobacteria|o__Sphingomonadales|f__Sphingomonadaceae|g__Croceibacterium|s__|ASV_12254",3.33933484703394,9.11128778870417,0.0129205140030782,0.0308572323216075,"*","edgeR"
"564","ColaDeBallena - EsteroZacatecas","k__Bacteria|p__Bacteroidota|c__Bacteroidia|o__Chitinophagales|f__Saprospiraceae|g__|s__|ASV_8386",6.46610576954204,8.23578431598649,0.0129297763962754,0.0308572323216075,"*","edgeR"
"565","ColaDeBallena - EsteroZacatecas","k__Bacteria|p__Bacteroidota|c__Bacteroidia|o__Chitinophagales|f__Saprospiraceae|g__Lewinella|s__|ASV_8608",6.37263329561402,8.16788344825514,0.0129686806757541,0.0308952994505576,"*","edgeR"
"566","ColaDeBallena - EsteroZacatecas","k__Bacteria|p__Rhodothermota|c__Rhodothermia|o__Rhodothermales|f__Rhodothermaceae|g__Rubrivirga|s__|ASV_4964",5.03971036040749,9.86055243017328,0.0130504890923274,0.0310352620464182,"*","edgeR"
"567","ColaDeBallena - EsteroZacatecas","k__Bacteria|p__Pseudomonadota|c__Alphaproteobacteria|o__Rhodobacterales|f__Paracoccaceae|g__|s__|ASV_12539",6.44143358719817,8.21677655760987,0.0131759602968782,0.0312783819393264,"*","edgeR"
"568","ColaDeBallena - EsteroZacatecas","k__Bacteria|p__Bacteroidota|c__Bacteroidia|o__Chitinophagales|f__Saprospiraceae|g__|s__|ASV_9393",6.45656399106225,8.22965833911804,0.0132709114998145,0.0314483219696308,"*","edgeR"
"569","ColaDeBallena - EsteroZacatecas","k__Bacteria|p__Pseudomonadota|c__Gammaproteobacteria|o__Pseudomonadales|f__Porticoccaceae|g__C1-B045|s__|ASV_15068",-4.39165296496508,8.58193953264411,0.0133020434606441,0.0314666968330879,"*","edgeR"
"570","ColaDeBallena - EsteroZacatecas","k__Bacteria|p__Bacteroidota|c__Bacteroidia|o__Chitinophagales|f__Saprospiraceae|g__Lewinella|s__|ASV_8583",6.15764075001992,8.01640056485756,0.013348479138087,0.0315211454734476,"*","edgeR"
"571","ColaDeBallena - EsteroZacatecas","k__Bacteria|p__Pseudomonadota|c__Gammaproteobacteria|o__Pseudomonadales|f__KI89A_clade|g__|s__|ASV_5556",-6.57809190050717,8.32022619511548,0.0134333297412449,0.0316659576737578,"*","edgeR"
"572","ColaDeBallena - EsteroZacatecas","k__Bacteria|p__Bacteroidota|c__Bacteroidia|o__Cytophagales|f__Cyclobacteriaceae|g__Fulvivirga|s__|ASV_10945",6.33751760615074,8.14247289631838,0.0134569031665057,0.0316660693393649,"*","edgeR"
"573","ColaDeBallena - EsteroZacatecas","k__Bacteria|p__Pseudomonadota|c__Alphaproteobacteria|o__Sphingomonadales|f__Sphingomonadaceae|g__Sphingomicrobium|s__|ASV_3742",3.4190423965514,11.3145038694814,0.0135016036477377,0.0317158089177224,"*","edgeR"
"574","ColaDeBallena - EsteroZacatecas","k__Bacteria|p__Pseudomonadota|c__Gammaproteobacteria|o__Chromatiales|f__Chromatiaceae|g__Thiohalocapsa|s__|ASV_14778",6.25374513380518,8.08201284740473,0.0135769492000415,0.0318372362774491,"*","edgeR"
"575","ColaDeBallena - EsteroZacatecas","k__Bacteria|p__Pseudomonadota|c__Gammaproteobacteria|o__Pseudomonadales|f__Marinobacteraceae|g__Marinobacter|s__|ASV_2824",-6.28468833377244,8.10885547940654,0.0136488374692814,0.0319501482324396,"*","edgeR"
"576","ColaDeBallena - EsteroZacatecas","k__Bacteria|p__Verrucomicrobiota|c__Verrucomicrobiia|o__Verrucomicrobiales|f__DEV007|g__|s__|ASV_15353",6.4325373858091,8.21061593420612,0.0136786857934695,0.0319644289548785,"*","edgeR"
"577","ColaDeBallena - EsteroZacatecas","k__Bacteria|p__Rhodothermota|c__Rhodothermia|o__Rhodothermales|f__Rhodothermaceae|g__|s__|ASV_13110",6.16704128248853,8.02158745200747,0.0137314622596308,0.0319775485238009,"*","edgeR"
"578","ColaDeBallena - EsteroZacatecas","k__Bacteria|p__Bacteroidota|c__Bacteroidia|o__Cytophagales|f__Cyclobacteriaceae|g__Marinoscillum|s__|ASV_227",6.15943547134467,8.01678718871366,0.0137318150421671,0.0319775485238009,"*","edgeR"
"579","ColaDeBallena - EsteroZacatecas","k__Bacteria|p__Actinomycetota|c__Acidimicrobiia|o__Microtrichales|f__Microtrichaceae|g__|s__|ASV_11076",-6.67579450675003,8.39485863596167,0.0140606650836455,0.0326867965502365,"*","edgeR"
"580","ColaDeBallena - EsteroZacatecas","k__Bacteria|p__Pseudomonadota|c__Gammaproteobacteria|o__Pseudomonadales|f__Cellvibrionaceae|g__|s__|ASV_13000",-6.49175870828611,8.25630343985243,0.0140914080001455,0.0327017847727515,"*","edgeR"
"581","ColaDeBallena - EsteroZacatecas","k__Bacteria|p__Bacteroidota|c__Bacteroidia|o__Chitinophagales|f__Saprospiraceae|g__Lewinella|s__|ASV_12953",6.27252663465571,8.09521515613014,0.0142183522630904,0.0328884446963913,"*","edgeR"
"582","ColaDeBallena - EsteroZacatecas","k__Bacteria|p__Bacteroidota|c__Bacteroidia|o__Chitinophagales|f__Saprospiraceae|g__Lewinella|s__|ASV_9304",7.25677391881697,8.86040286087759,0.0142207093709508,0.0328884446963913,"*","edgeR"
"583","ColaDeBallena - EsteroZacatecas","k__Bacteria|p__Bacteroidota|c__Bacteroidia|o__Cytophagales|f__Cyclobacteriaceae|g__Tunicatimonas|s__|ASV_15963",6.21226258501352,8.05259746079053,0.0143500027584197,0.0331305381009142,"*","edgeR"
"584","ColaDeBallena - EsteroZacatecas","k__Bacteria|p__Pseudomonadota|c__Gammaproteobacteria|o__Enterobacterales|f__Alteromonadaceae|g__Glaciecola|s__|ASV_8800",6.16767349072043,8.02125338879666,0.0144242689572416,0.0332449760555604,"*","edgeR"
"585","ColaDeBallena - EsteroZacatecas","k__Bacteria|p__Pseudomonadota|c__Gammaproteobacteria|o__Enterobacterales|f__Vibrionaceae|g__Vibrio|s__|ASV_6980",6.13425376998906,8.00058851797616,0.0145532011321759,0.0334848012374509,"*","edgeR"
"586","ColaDeBallena - EsteroZacatecas","k__Bacteria|p__Planctomycetota|c__Planctomycetes|o__Pirellulales|f__Pirellulaceae|g__|s__|ASV_8950",6.11720357794666,7.98634177265405,0.014710412620106,0.0337705329694054,"*","edgeR"
"587","ColaDeBallena - EsteroZacatecas","k__Bacteria|p__Pseudomonadota|c__Alphaproteobacteria|o__Rhodobacterales|f__Paracoccaceae|g__|s__|ASV_1099",6.17570057847275,8.02735881691873,0.0147275652697184,0.0337705329694054,"*","edgeR"
"588","ColaDeBallena - EsteroZacatecas","k__Bacteria|p__Actinomycetota|c__Actinobacteria|o__Nitriliruptorales|f__Nitriliruptoraceae|g__|s__|ASV_3706",-3.23492719644048,10.2623289010633,0.0150498627120259,0.0344508762081409,"*","edgeR"
"589","ColaDeBallena - EsteroZacatecas","k__Bacteria|p__Rhodothermota|c__Rhodothermia|o__Rhodothermales|f__Rhodothermaceae|g__Rubrivirga|s__|ASV_15801",5.90232671572943,7.8430408434444,0.0152237610027772,0.0346747267796568,"*","edgeR"
"590","ColaDeBallena - EsteroZacatecas","k__Bacteria|p__Cyanobacteriota|c__Cyanobacteriia|o__Cyanobacteriales|f__Xenococcaceae|g__Chroococcidiopsis_PCC-6712|s__|ASV_12044",6.12569267147735,7.99228198561887,0.0152288648953595,0.0346747267796568,"*","edgeR"
"591","ColaDeBallena - EsteroZacatecas","k__Bacteria|p__Chloroflexota|c__Anaerolineae|o__Aggregatilineales|f__A4b|g__|s__|ASV_12727",5.91118963345549,7.84946430485725,0.0152421315117568,0.0346747267796568,"*","edgeR"
"592","ColaDeBallena - EsteroZacatecas","k__Bacteria|p__Chloroflexota|c__Anaerolineae|o__Anaerolineales|f__Anaerolineaceae|g__|s__|ASV_3608",-6.49815652594519,8.26065726245517,0.0152506970680214,0.0346747267796568,"*","edgeR"
"593","ColaDeBallena - EsteroZacatecas","k__Bacteria|p__Bacteroidota|c__Bacteroidia|o__Chitinophagales|f__Saprospiraceae|g__Lewinella|s__|ASV_12193",5.99786960259709,7.90506859677186,0.01528327953465,0.0346902095339611,"*","edgeR"
"594","ColaDeBallena - EsteroZacatecas","k__Bacteria|p__Pseudomonadota|c__Alphaproteobacteria|o__Rhodobacterales|f__Paracoccaceae|g__Limibaculum|s__|ASV_11834",6.08654422381106,7.96764907734091,0.0154102480507953,0.034913377151587,"*","edgeR"
"595","ColaDeBallena - EsteroZacatecas","k__Bacteria|p__Rhodothermota|c__Rhodothermia|o__Rhodothermales|f__Rhodothermaceae|g__|s__|ASV_9662",7.10182485309105,8.73272326417374,0.0154635000542755,0.034913377151587,"*","edgeR"
"596","ColaDeBallena - EsteroZacatecas","k__Bacteria|p__Pseudomonadota|c__Gammaproteobacteria|o__Pseudomonadales|f__Cellvibrionaceae|g__|s__|ASV_1931",-6.33061989776929,8.14009335687724,0.0154984632252662,0.034913377151587,"*","edgeR"
"597","ColaDeBallena - EsteroZacatecas","k__Bacteria|p__Thermodesulfobacteriota|c__Desulfobacteria|o__Desulfobacterales|f__Desulfobacteraceae|g__Desulfobacter|s__|ASV_4282",-6.50273632443337,8.26347869111798,0.0155096105697295,0.034913377151587,"*","edgeR"
"598","ColaDeBallena - EsteroZacatecas","k__Bacteria|p__Pseudomonadota|c__Alphaproteobacteria|o__Rhodobacterales|f__Paracoccaceae|g__|s__|ASV_9805",-4.01923953488768,9.26386828706969,0.015511292374925,0.034913377151587,"*","edgeR"
"599","ColaDeBallena - EsteroZacatecas","k__Bacteria|p__Bacteroidota|c__Bacteroidia|o__Flavobacteriales|f__Flavobacteriaceae|g__Marinirhabdus|s__|ASV_12284",6.28237313064117,8.10054288725495,0.0156775650227963,0.0352287187323602,"*","edgeR"
"600","ColaDeBallena - EsteroZacatecas","k__Bacteria|p__Rhodothermota|c__Rhodothermia|o__Rhodothermales|f__Rhodothermaceae|g__|s__|ASV_12679",6.07409953884114,7.95739011429193,0.0157196763653939,0.0352644739797003,"*","edgeR"
"601","ColaDeBallena - EsteroZacatecas","k__Bacteria|p__Bacteroidota|c__Bacteroidia|o__Flavobacteriales|f__Flavobacteriaceae|g__Mesoflavibacter|s__|ASV_209",6.08419953204408,7.96309324483289,0.0158077895786277,0.03534582357844,"*","edgeR"
"602","ColaDeBallena - EsteroZacatecas","k__Bacteria|p__Pseudomonadota|c__Alphaproteobacteria|o__Rhodobacterales|f__Paracoccaceae|g__|s__|ASV_1758",-6.06248926342299,7.954622666694,0.0158256174766854,0.03534582357844,"*","edgeR"
"603","ColaDeBallena - EsteroZacatecas","k__Bacteria|p__Bacteroidota|c__Bacteroidia|o__Cytophagales|f__Cyclobacteriaceae|g__|s__|ASV_7443",-3.7725676355722,9.12884677754038,0.015834718883952,0.03534582357844,"*","edgeR"
"604","ColaDeBallena - EsteroZacatecas","k__Bacteria|p__Pseudomonadota|c__Alphaproteobacteria|o__Kiloniellales|f__Kiloniellaceae|g__Pelagibius|s__|ASV_4281",-6.19212479374135,8.04016208301348,0.0160022641212092,0.0356182860926855,"*","edgeR"
"605","ColaDeBallena - EsteroZacatecas","k__Bacteria|p__Bacteroidota|c__Bacteroidia|o__Cytophagales|f__Cyclobacteriaceae|g__Fulvivirga|s__|ASV_13464",5.90034650325094,7.84111742811474,0.0160097051159545,0.0356182860926855,"*","edgeR"
"606","ColaDeBallena - EsteroZacatecas","k__Bacteria|p__Pseudomonadota|c__Alphaproteobacteria|o__Hyphomicrobiales|f__Rhizobiaceae|g__|s__|ASV_7337",6.06389196503044,7.95071381360959,0.0162735924248716,0.0361456359799953,"*","edgeR"
"607","ColaDeBallena - EsteroZacatecas","k__Bacteria|p__Campylobacterota|c__Campylobacteria|o__Campylobacterales|f__Sulfurovaceae|g__Sulfurovum|s__|ASV_3044",-5.39338749598026,10.8469256198632,0.0163463262514284,0.0362084414945088,"*","edgeR"
"608","ColaDeBallena - EsteroZacatecas","k__Bacteria|p__Pseudomonadota|c__Gammaproteobacteria|o__Steroidobacterales|f__Woeseiaceae|g__Woeseia|s__|ASV_4265",7.29617041773822,8.89189225599111,0.0163841831872394,0.0362084414945088,"*","edgeR"
"609","ColaDeBallena - EsteroZacatecas","k__Bacteria|p__Myxococcota|c__Polyangiia|o__Polyangiales|f__BIrii41|g__|s__|ASV_2804",-6.12778282167364,7.99662641632828,0.0164090213579519,0.0362084414945088,"*","edgeR"
"610","ColaDeBallena - EsteroZacatecas","k__Bacteria|p__Pseudomonadota|c__Alphaproteobacteria|o__Rhodobacterales|f__Paracoccaceae|g__|s__|ASV_16062",7.0970571687712,8.72820539639696,0.0164239122291534,0.0362084414945088,"*","edgeR"
"611","ColaDeBallena - EsteroZacatecas","k__Bacteria|p__Pseudomonadota|c__Alphaproteobacteria|o__Rhodobacterales|f__Paracoccaceae|g__Limibaculum|s__|ASV_8852",6.07847848748788,7.95922017448758,0.0164541588954717,0.0362084414945088,"*","edgeR"
"612","ColaDeBallena - EsteroZacatecas","k__Bacteria|p__Planctomycetota|c__Planctomycetes|o__Pirellulales|f__Pirellulaceae|g__|s__|ASV_3627",6.00348910894097,7.90894300738584,0.0164632735472804,0.0362084414945088,"*","edgeR"
"613","ColaDeBallena - EsteroZacatecas","k__Bacteria|p__Pseudomonadota|c__Alphaproteobacteria|o__|f__Neomegalonemataceae|g__Acuticoccus|s__|ASV_15879",-5.87897302066689,7.8313763727999,0.0165297602679716,0.0362953626764924,"*","edgeR"
"614","ColaDeBallena - EsteroZacatecas","k__Bacteria|p__Pseudomonadota|c__Alphaproteobacteria|o__Rhodobacterales|f__Paracoccaceae|g__Pikeienuella|s__|ASV_10608",6.20550360172731,8.04661870573994,0.0166797447556766,0.0365483499266098,"*","edgeR"
"615","ColaDeBallena - EsteroZacatecas","k__Bacteria|p__Verrucomicrobiota|c__Verrucomicrobiia|o__Verrucomicrobiales|f__Rubritaleaceae|g__Haloferula|s__|ASV_8423",-6.22306263811813,8.06102091635824,0.0166992832131241,0.0365483499266098,"*","edgeR"
"616","ColaDeBallena - EsteroZacatecas","k__Bacteria|p__Pseudomonadota|c__Alphaproteobacteria|o__Sphingomonadales|f__Sphingomonadaceae|g__Aurantiacibacter|s__|ASV_13089",6.06548914402465,7.95021563976379,0.0168961879236531,0.0369038545484251,"*","edgeR"
"617","ColaDeBallena - EsteroZacatecas","k__Bacteria|p__Bacteroidota|c__Bacteroidia|o__Flavobacteriales|f__Flavobacteriaceae|g__|s__|ASV_2932",-6.26450022322784,8.09048654921289,0.0169165514534757,0.0369038545484251,"*","edgeR"
"618","ColaDeBallena - EsteroZacatecas","k__Bacteria|p__Acidobacteriota|c__Blastocatellia|o__Blastocatellales|f__Blastocatellaceae|g__Blastocatella|s__|ASV_7595",5.80165728203516,7.77811271810045,0.0169589044348807,0.0369363840927985,"*","edgeR"
"619","ColaDeBallena - EsteroZacatecas","k__Bacteria|p__Bacteroidota|c__Bacteroidia|o__Bacteroidales|f__Marinifilaceae|g__|s__|ASV_14354",-6.44447358365934,8.22015031503713,0.016987229377223,0.0369383049139614,"*","edgeR"
"620","ColaDeBallena - EsteroZacatecas","k__Bacteria|p__Chloroflexota|c__Anaerolineae|o__Anaerolineales|f__Anaerolineaceae|g__|s__|ASV_6002",-6.50006954170853,8.26151871170102,0.0171089314103479,0.0371429381908521,"*","edgeR"
"621","ColaDeBallena - EsteroZacatecas","k__Bacteria|p__Pseudomonadota|c__Alphaproteobacteria|o__Rhodobacterales|f__Paracoccaceae|g__Limibaculum|s__|ASV_7555",-5.87770740564225,7.82941831289567,0.0171455086477551,0.0371624068275014,"*","edgeR"
"622","ColaDeBallena - EsteroZacatecas","k__Bacteria|p__Pseudomonadota|c__Alphaproteobacteria|o__Sphingomonadales|f__Sphingomonadaceae|g__|s__|ASV_10904",6.04301324038654,7.93550153870072,0.0173293662167234,0.0374638277271769,"*","edgeR"
"623","ColaDeBallena - EsteroZacatecas","k__Bacteria|p__Acidobacteriota|c__Thermoanaerobaculia|o__Thermoanaerobaculales|f__Thermoanaerobaculaceae|g__Subgroup_10|s__|ASV_11724",-7.28903395434109,8.88680584612473,0.0173402412139905,0.0374638277271769,"*","edgeR"
"624","ColaDeBallena - EsteroZacatecas","k__Bacteria|p__Bacteroidota|c__Bacteroidia|o__Flavobacteriales|f__Flavobacteriaceae|g__Robiginitalea|s__|ASV_15981",-6.3565024394327,8.15608603187127,0.0174379310769991,0.0376145115859628,"*","edgeR"
"625","ColaDeBallena - EsteroZacatecas","k__Bacteria|p__Pseudomonadota|c__Alphaproteobacteria|o__Sphingomonadales|f__Sphingomonadaceae|g__Novosphingobium|s__|ASV_15092",-2.18039247499437,10.8709557110708,0.017626882930449,0.0379612550790149,"*","edgeR"
"626","ColaDeBallena - EsteroZacatecas","k__Bacteria|p__Pseudomonadota|c__Alphaproteobacteria|o__Sphingomonadales|f__Sphingomonadaceae|g__Sphingomicrobium|s__|ASV_1676",8.14799350513717,9.63371462889395,0.0177613776390912,0.038189799204819,"*","edgeR"
"627","ColaDeBallena - EsteroZacatecas","k__Bacteria|p__Pseudomonadota|c__Gammaproteobacteria|o__Pseudomonadales|f__Spongiibacteraceae|g__|s__|ASV_13598",-5.87952859818777,7.82871877105095,0.0178352503370854,0.0382874752052902,"*","edgeR"
"628","ColaDeBallena - EsteroZacatecas","k__Bacteria|p__Pseudomonadota|c__Alphaproteobacteria|o__Kiloniellales|f__Kiloniellaceae|g__Pelagibius|s__|ASV_3338",-6.01487235892809,7.91870967357483,0.0178906565381459,0.0383452606693381,"*","edgeR"
"629","ColaDeBallena - EsteroZacatecas","k__Bacteria|p__Rhodothermota|c__Rhodothermia|o__Rhodothermales|f__Rhodothermaceae|g__|s__|ASV_634",3.88675773461633,10.0868655955758,0.0180123344793225,0.0385446775980415,"*","edgeR"
"630","ColaDeBallena - EsteroZacatecas","k__Bacteria|p__Pseudomonadota|c__Alphaproteobacteria|o__Rhodobacterales|f__Paracoccaceae|g__Pikeienuella|s__|ASV_9663",-6.03019231550019,7.9291825902615,0.0180592127500506,0.038583109831837,"*","edgeR"
"631","ColaDeBallena - EsteroZacatecas","k__Bacteria|p__Myxococcota|c__Polyangiia|o__Polyangiales|f__Sandaracinaceae|g__|s__|ASV_13049",-8.28097982354206,9.75643010332649,0.0180876242970945,0.038583109831837,"*","edgeR"
"632","ColaDeBallena - EsteroZacatecas","k__Bacteria|p__Pseudomonadota|c__Alphaproteobacteria|o__Rhodobacterales|f__Paracoccaceae|g__|s__|ASV_6991",6.89336804805032,8.56592322011361,0.0183344836060573,0.0390478084394828,"*","edgeR"
"633","ColaDeBallena - EsteroZacatecas","k__Bacteria|p__Actinomycetota|c__Actinobacteria|o__Nitriliruptorales|f__Nitriliruptoraceae|g__|s__|ASV_7640",4.10692913058312,8.76536562577942,0.0184839715523087,0.0393039900622551,"*","edgeR"
"634","ColaDeBallena - EsteroZacatecas","k__Bacteria|p__Pseudomonadota|c__Alphaproteobacteria|o__Rhodobacterales|f__Paracoccaceae|g__Defluviimonas|s__|ASV_15547",-7.2196440794541,8.82891178399192,0.0185596602418261,0.0393747800563157,"*","edgeR"
"635","ColaDeBallena - EsteroZacatecas","k__Bacteria|p__Pseudomonadota|c__Gammaproteobacteria|o__Pseudomonadales|f__Alcanivoracaceae|g__Ketobacter|s__|ASV_12342",-6.12645844162699,7.99342959876016,0.0185757691944729,0.0393747800563157,"*","edgeR"
"636","ColaDeBallena - EsteroZacatecas","k__Bacteria|p__Actinomycetota|c__Acidimicrobiia|o__Microtrichales|f__Ilumatobacteraceae|g__Ilumatobacter|s__|ASV_11130",-6.17489009634793,8.02686048220986,0.0186991327044472,0.0395739506606697,"*","edgeR"
"637","ColaDeBallena - EsteroZacatecas","k__Bacteria|p__Bacteroidota|c__Bacteroidia|o__Flavobacteriales|f__Flavobacteriaceae|g__Maritimimonas|s__|ASV_8338",-7.33853236603218,8.92784523399861,0.0187906240413128,0.0396794349519504,"*","edgeR"
"638","ColaDeBallena - EsteroZacatecas","k__Bacteria|p__Acidobacteriota|c__Thermoanaerobaculia|o__Thermoanaerobaculales|f__Thermoanaerobaculaceae|g__Subgroup_10|s__|ASV_5785",-7.09689964003947,8.7291176934818,0.0188260043341102,0.0396794349519504,"*","edgeR"
"639","ColaDeBallena - EsteroZacatecas","k__Bacteria|p__Rhodothermota|c__Rhodothermia|o__Rhodothermales|f__Rhodothermaceae|g__|s__|ASV_14251",-5.63393850771214,7.67549893583255,0.0188516649387767,0.0396794349519504,"*","edgeR"
"640","ColaDeBallena - EsteroZacatecas","k__Bacteria|p__Thermodesulfobacteriota|c__Desulfobacteria|o__Desulfatiglandales|f__Desulfatiglandaceae|g__Desulfatiglans|s__|ASV_11755",-6.12998636098584,7.99531191869659,0.0188668932906748,0.0396794349519504,"*","edgeR"
"641","ColaDeBallena - EsteroZacatecas","k__Bacteria|p__Verrucomicrobiota|c__Verrucomicrobiia|o__Verrucomicrobiales|f__Rubritaleaceae|g__Roseibacillus|s__|ASV_13004",7.04252313122154,8.68330638955088,0.0189937442569734,0.039850943594838,"*","edgeR"
"642","ColaDeBallena - EsteroZacatecas","k__Bacteria|p__Rhodothermota|c__Rhodothermia|o__Rhodothermales|f__Rhodothermaceae|g__Rubrivirga|s__|ASV_8651",-5.4867845248861,7.58679726214524,0.0190076566031842,0.039850943594838,"*","edgeR"
"643","ColaDeBallena - EsteroZacatecas","k__Bacteria|p__Cyanobacteriota|c__Cyanobacteriia|o__Phormidesmiales|f__Phormidesmiaceae|g__Phormidium_MBIC10003|s__|ASV_5081",6.03124674480811,7.92704484877832,0.019054739337639,0.039887525891854,"*","edgeR"
"644","ColaDeBallena - EsteroZacatecas","k__Bacteria|p__Bacteroidota|c__Bacteroidia|o__Flavobacteriales|f__Flavobacteriaceae|g__Pricia|s__|ASV_13538",6.86258404620331,8.54031549985817,0.0195601006094098,0.0408818251867478,"*","edgeR"
"645","ColaDeBallena - EsteroZacatecas","k__Bacteria|p__Actinomycetota|c__Actinobacteria|o__Nitriliruptorales|f__Nitriliruptoraceae|g__|s__|ASV_10311",-2.82994497313707,11.2163280450441,0.0195912479718872,0.0408834415041243,"*","edgeR"
"646","ColaDeBallena - EsteroZacatecas","k__Bacteria|p__Pseudomonadota|c__Alphaproteobacteria|o__Kiloniellales|f__Kiloniellaceae|g__|s__|ASV_7939",-5.73530052104434,7.73686209636491,0.0196247927678819,0.0408900480891162,"*","edgeR"
"647","ColaDeBallena - EsteroZacatecas","k__Bacteria|p__Pseudomonadota|c__Alphaproteobacteria|o__Rhodobacterales|f__Paracoccaceae|g__Limibaculum|s__|ASV_5115",-5.5244722996191,7.60844800355777,0.0197210880383327,0.041027178515604,"*","edgeR"
"648","ColaDeBallena - EsteroZacatecas","k__Bacteria|p__Pseudomonadota|c__Alphaproteobacteria|o__Hyphomicrobiales|f__C2U|g__|s__|ASV_11061",6.98608291927654,8.63654337895412,0.0197827450495841,0.0410919364764509,"*","edgeR"
"649","ColaDeBallena - EsteroZacatecas","k__Bacteria|p__Bacteroidota|c__Bacteroidia|o__Flavobacteriales|f__Flavobacteriaceae|g__Pricia|s__|ASV_6575",7.89007772956485,9.40406582102524,0.0199332321736624,0.0413407249703384,"*","edgeR"
"650","ColaDeBallena - EsteroZacatecas","k__Bacteria|p__Pseudomonadota|c__Gammaproteobacteria|o__Pseudomonadales|f__Cellvibrionaceae|g__|s__|ASV_11138",-8.01090091524924,9.51318775077329,0.0201178038986784,0.0416593293040326,"*","edgeR"
"651","ColaDeBallena - EsteroZacatecas","k__Bacteria|p__Pseudomonadota|c__Gammaproteobacteria|o__Thiomicrospirales|f__Thiomicrospiraceae|g__endosymbionts|s__|ASV_6391",-7.17535198421476,8.79188516991862,0.0201541014593694,0.0416703848914152,"*","edgeR"
"652","ColaDeBallena - EsteroZacatecas","k__Bacteria|p__Bacillota|c__Bacilli|o__Bacillales|f__Bacillaceae|g__Rossellomorea|s__|ASV_4044",7.96697864305996,9.47495862414513,0.0203122639653478,0.0419329866523898,"*","edgeR"
"653","ColaDeBallena - EsteroZacatecas","k__Bacteria|p__Pseudomonadota|c__Gammaproteobacteria|o__Enterobacterales|f__Vibrionaceae|g__Vibrio|s__|ASV_1395",-5.55275201689363,7.62622521471542,0.0204576564595007,0.0421684618598591,"*","edgeR"
"654","ColaDeBallena - EsteroZacatecas","k__Bacteria|p__Pseudomonadota|c__Gammaproteobacteria|o__Chromatiales|f__Chromatiaceae|g__Thiophaeococcus|s__|ASV_12705",-7.14901056403627,8.77053699148593,0.020574784861919,0.0423450465200963,"*","edgeR"
"655","ColaDeBallena - EsteroZacatecas","k__Bacteria|p__Rhodothermota|c__Rhodothermia|o__Rhodothermales|f__Rhodothermaceae|g__|s__|ASV_2058",6.77739687362872,8.47590637877923,0.0207040428287723,0.0425460177824847,"*","edgeR"
"656","ColaDeBallena - EsteroZacatecas","k__Bacteria|p__Bacteroidota|c__Bacteroidia|o__Chitinophagales|f__Saprospiraceae|g__|s__|ASV_12385",7.8629695473639,9.38085716656605,0.0207761614344626,0.0426291361140041,"*","edgeR"
"657","ColaDeBallena - EsteroZacatecas","k__Bacteria|p__Actinomycetota|c__Actinobacteria|o__Euzebyales|f__Euzebyaceae|g__|s__|ASV_15196",6.69809187888562,8.41504867171073,0.0209149424269056,0.0428282955919375,"*","edgeR"
"658","ColaDeBallena - EsteroZacatecas","k__Bacteria|p__Cyanobacteriota|c__Cyanobacteriia|o__Cyanobacteriales|f__Paraspirulinaceae|g__ESFC-1|s__|ASV_1387",6.928538201797,8.59515649602388,0.0209368636697585,0.0428282955919375,"*","edgeR"
"659","ColaDeBallena - EsteroZacatecas","k__Bacteria|p__Pseudomonadota|c__Alphaproteobacteria|o__Rhodobacterales|f__Paracoccaceae|g__Palleronia-Pseudomaribius|s__|ASV_7175",-6.84852714930767,8.53384707466195,0.0210935870451525,0.0430834114761385,"*","edgeR"
"660","ColaDeBallena - EsteroZacatecas","k__Bacteria|p__Pseudomonadota|c__Alphaproteobacteria|o__Sphingomonadales|f__Sphingomonadaceae|g__|s__|ASV_7186",-7.06942501144091,8.70551205257796,0.0212901917939408,0.0434013724003287,"*","edgeR"
"661","ColaDeBallena - EsteroZacatecas","k__Bacteria|p__Pseudomonadota|c__Alphaproteobacteria|o__Rhodobacterales|f__Paracoccaceae|g__|s__|ASV_3670",6.9343407976576,8.59569602304367,0.0213137497448865,0.0434013724003287,"*","edgeR"
"662","ColaDeBallena - EsteroZacatecas","k__Bacteria|p__Myxococcota|c__Myxococcia|o__Myxococcales|f__Myxococcaceae|g__P3OB-42|s__|ASV_5420",6.76178828806842,8.46131348901559,0.0214364523185683,0.043585294291228,"*","edgeR"
"663","ColaDeBallena - EsteroZacatecas","k__Bacteria|p__Pseudomonadota|c__Gammaproteobacteria|o__Pseudomonadales|f__Marinomonadaceae|g__Marinomonas|s__|ASV_502",7.92260976738279,9.43121211348081,0.0219609102374816,0.0445842913720214,"*","edgeR"
"664","ColaDeBallena - EsteroZacatecas","k__Bacteria|p__Pseudomonadota|c__Alphaproteobacteria|o__Hyphomicrobiales|f__Lutibaculaceae|g__Lutibaculum|s__|ASV_15630",-3.40837161611555,9.52070955660736,0.022024071541666,0.0445884673331353,"*","edgeR"
"665","ColaDeBallena - EsteroZacatecas","k__Bacteria|p__Pseudomonadota|c__Alphaproteobacteria|o__Rhodobacterales|f__Paracoccaceae|g__|s__|ASV_12432",-7.0323620851034,8.6755346993096,0.0220292204877675,0.0445884673331353,"*","edgeR"
"666","ColaDeBallena - EsteroZacatecas","k__Bacteria|p__Verrucomicrobiota|c__Verrucomicrobiia|o__Verrucomicrobiales|f__Rubritaleaceae|g__Roseibacillus|s__|ASV_3198",-7.07143091047102,8.70717871622303,0.022087125625223,0.0446385451825077,"*","edgeR"
"667","ColaDeBallena - EsteroZacatecas","k__Bacteria|p__Pseudomonadota|c__Alphaproteobacteria|o__Rhodobacterales|f__Paracoccaceae|g__Palleronia-Pseudomaribius|s__|ASV_9024",-6.75562906551356,8.4620108431623,0.0224704790586711,0.0453452246071533,"*","edgeR"
"668","ColaDeBallena - EsteroZacatecas","k__Bacteria|p__Actinomycetota|c__Actinobacteria|o__Euzebyales|f__Euzebyaceae|g__|s__|ASV_9470",6.6143596144729,8.35053426419365,0.0226561494139501,0.0456514627412826,"*","edgeR"
"669","ColaDeBallena - EsteroZacatecas","k__Bacteria|p__Bacteroidota|c__Bacteroidia|o__Chitinophagales|f__Saprospiraceae|g__Lewinella|s__|ASV_203",6.79720407413654,8.48803970079704,0.0228661487044352,0.0460057341646782,"*","edgeR"
"670","ColaDeBallena - EsteroZacatecas","k__Bacteria|p__Pseudomonadota|c__Gammaproteobacteria|o__Chromatiales|f__Chromatiaceae|g__Thiophaeococcus|s__|ASV_8593",-7.07468926084816,8.70980788149643,0.0229637533788853,0.0461331523104173,"*","edgeR"
"671","ColaDeBallena - EsteroZacatecas","k__Bacteria|p__Deinococcota|c__Deinococci|o__Deinococcales|f__Trueperaceae|g__Truepera|s__|ASV_10769",6.82922558172118,8.51417737339075,0.02318175264842,0.0465016975630005,"*","edgeR"
"672","ColaDeBallena - EsteroZacatecas","k__Bacteria|p__Pseudomonadota|c__Gammaproteobacteria|o__Pseudomonadales|f__Cellvibrionaceae|g__|s__|ASV_2139",-7.8253535633339,9.34970702476669,0.0233410294957342,0.0467515263411581,"*","edgeR"
"673","ColaDeBallena - EsteroZacatecas","k__Bacteria|p__Pseudomonadota|c__Gammaproteobacteria|o__Ectothiorhodospirales|f__Ectothiorhodospiraceae|g__Thiogranum|s__|ASV_4857",-6.9294520167452,8.59339251958671,0.0235406315363973,0.0470812630727947,"*","edgeR"
"674","ColaDeBallena - EsteroZacatecas","k__Bacteria|p__Verrucomicrobiota|c__Verrucomicrobiia|o__Verrucomicrobiales|f__Rubritaleaceae|g__Roseibacillus|s__|ASV_2816",7.72354942366326,9.25763259766968,0.0236512030328988,0.0472322244544241,"*","edgeR"
"675","ColaDeBallena - EsteroZacatecas","k__Bacteria|p__Bacteroidota|c__Bacteroidia|o__Cytophagales|f__Cyclobacteriaceae|g__|s__|ASV_13781",6.81873908444085,8.50300499545875,0.0241180672291536,0.0480829436719402,"*","edgeR"
"676","ColaDeBallena - EsteroZacatecas","k__Bacteria|p__Bacteroidota|c__Bacteroidia|o__Chitinophagales|f__Saprospiraceae|g__|s__|ASV_15050",-3.80967664411357,10.1258936129859,0.0241819083169624,0.0480829436719402,"*","edgeR"
"677","ColaDeBallena - EsteroZacatecas","k__Bacteria|p__Pseudomonadota|c__Alphaproteobacteria|o__Hyphomicrobiales|f__Rhizobiaceae|g__|s__|ASV_12868",6.71086772240144,8.41991082692602,0.0241843631990368,0.0480829436719402,"*","edgeR"
"678","ColaDeBallena - EsteroZacatecas","k__Bacteria|p__Bacteroidota|c__Bacteroidia|o__Cytophagales|f__Cyclobacteriaceae|g__Tunicatimonas|s__|ASV_10332",-3.11718534834973,9.56131778341096,0.0242259556004905,0.0480945962216228,"*","edgeR"
"679","ColaDeBallena - EsteroZacatecas","k__Bacteria|p__Pseudomonadota|c__Alphaproteobacteria|o__Rhodobacterales|f__Paracoccaceae|g__|s__|ASV_1545",6.62133921347751,8.35337901367124,0.0242664669317946,0.0481040714141318,"*","edgeR"
"680","ColaDeBallena - EsteroZacatecas","k__Bacteria|p__Bacteroidota|c__Bacteroidia|o__Flavobacteriales|f__Flavobacteriaceae|g__Flavimarina|s__|ASV_4287",6.62875412588289,8.3587094690564,0.0244732827015288,0.048442703700379,"*","edgeR"
"681","ColaDeBallena - EsteroZacatecas","k__Bacteria|p__Bacteroidota|c__Bacteroidia|o__Flavobacteriales|f__Flavobacteriaceae|g__Robiginitalea|s__|ASV_355",6.622256198473,8.35304849998666,0.0248831177143604,0.0491816100492352,"*","edgeR"
"682","ColaDeBallena - EsteroZacatecas","k__Bacteria|p__Bacillota|c__Bacilli|o__Bacillales|f__Bacillaceae|g__|s__|ASV_3276",6.71312994931709,8.42557636374996,0.0255995999473632,0.0505235506292536,"","edgeR"
"683","ColaDeBallena - EsteroZacatecas","k__Bacteria|p__Pseudomonadota|c__Gammaproteobacteria|o__Pseudomonadales|f__Marinomonadaceae|g__Marinomonas|s__|ASV_3667",7.68336925740767,9.22093832558619,0.0256744244544409,0.0505970356012846,"","edgeR"
"684","ColaDeBallena - EsteroZacatecas","k__Bacteria|p__Verrucomicrobiota|c__Verrucomicrobiia|o__Verrucomicrobiales|f__Rubritaleaceae|g__DBS1|s__|ASV_11128",6.61848584893081,8.34988389811665,0.0258035543998418,0.0507771699154782,"","edgeR"
"685","ColaDeBallena - EsteroZacatecas","k__Bacteria|p__Chloroflexota|c__Anaerolineae|o__Caldilineales|f__Caldilineaceae|g__|s__|ASV_6388",6.52770992348994,8.28441130081283,0.0258915593782191,0.050875969230778,"","edgeR"
"686","ColaDeBallena - EsteroZacatecas","k__Bacteria|p__Bacteroidota|c__Bacteroidia|o__Flavobacteriales|f__Flavobacteriaceae|g__|s__|ASV_6125",2.75523461687493,10.6103405146164,0.026070373160518,0.0511526563761767,"","edgeR"
"687","ColaDeBallena - EsteroZacatecas","k__Bacteria|p__Pseudomonadota|c__Alphaproteobacteria|o__Hyphomicrobiales|f__KF-JG30-B3|g__|s__|ASV_1895",-4.98827790152076,9.07463928556402,0.0261548525761454,0.0512288170655994,"","edgeR"
"688","ColaDeBallena - EsteroZacatecas","k__Bacteria|p__Thermodesulfobacteriota|c__Desulfobulbia|o__Desulfobulbales|f__Desulfocapsaceae|g__Desulfopila|s__|ASV_1368",-6.92857559619642,8.59239625142324,0.0261853091687462,0.0512288170655994,"","edgeR"
"689","ColaDeBallena - EsteroZacatecas","k__Bacteria|p__Pseudomonadota|c__Alphaproteobacteria|o__Rhodobacterales|f__Paracoccaceae|g__Limibaculum|s__|ASV_13202",-6.64886864402242,8.37750396829769,0.0263880365946472,0.0515505040005735,"","edgeR"
"690","ColaDeBallena - EsteroZacatecas","k__Bacteria|p__Actinomycetota|c__Actinobacteria|o__Nitriliruptorales|f__Nitriliruptoraceae|g__|s__|ASV_13751",6.39706340715528,8.1889829091162,0.0271257564808742,0.0529148814829806,"","edgeR"
"691","ColaDeBallena - EsteroZacatecas","k__Bacteria|p__Pseudomonadota|c__Alphaproteobacteria|o__Rhodobacterales|f__Paracoccaceae|g__Jannaschia|s__|ASV_4456",6.52656908588029,8.28103631545653,0.027179064769356,0.0529421435304676,"","edgeR"
"692","ColaDeBallena - EsteroZacatecas","k__Bacteria|p__Bacteroidota|c__Bacteroidia|o__Flavobacteriales|f__Flavobacteriaceae|g__Gramella|s__|ASV_12463",5.44119347952056,11.8632778220138,0.0274850207649039,0.053460748482024,"","edgeR"
"693","ColaDeBallena - EsteroZacatecas","k__Bacteria|p__Bacillota|c__Bacilli|o__Bacillales|f__Bacillaceae|g__|s__|ASV_12228",6.39285974091057,8.1855543833567,0.0280234568983371,0.0544293982469867,"","edgeR"
"694","ColaDeBallena - EsteroZacatecas","k__Bacteria|p__Chloroflexota|c__Anaerolineae|o__Anaerolineales|f__Anaerolineaceae|g__|s__|ASV_8957",-4.19811214863667,9.58961983427099,0.0283149537430861,0.0549123620480528,"","edgeR"
"695","ColaDeBallena - EsteroZacatecas","k__Bacteria|p__Rhodothermota|c__Rhodothermia|o__Rhodothermales|f__Rhodothermaceae|g__|s__|ASV_15284",6.60354484247044,8.33750249534478,0.0283537084869218,0.0549123620480528,"","edgeR"
"696","ColaDeBallena - EsteroZacatecas","k__Bacteria|p__Deinococcota|c__Deinococci|o__Deinococcales|f__Trueperaceae|g__Truepera|s__|ASV_14618",7.46483022183778,9.03549826910205,0.0284868090890943,0.0550908693016106,"","edgeR"
"697","ColaDeBallena - EsteroZacatecas","k__Bacteria|p__Pseudomonadota|c__Gammaproteobacteria|o__Enterobacterales|f__Alteromonadaceae|g__|s__|ASV_6570",6.65393859746137,8.3751790531783,0.0286833482837809,0.0553913727259241,"","edgeR"
"698","ColaDeBallena - EsteroZacatecas","k__Bacteria|p__Rhodothermota|c__Rhodothermia|o__Rhodothermales|f__Rhodothermaceae|g__|s__|ASV_13633",6.27144403043769,8.09844362361212,0.0291142681976509,0.0561429870974759,"","edgeR"
"699","ColaDeBallena - EsteroZacatecas","k__Bacteria|p__Campylobacterota|c__Campylobacteria|o__Campylobacterales|f__Sulfurovaceae|g__Sulfurovum|s__|ASV_15957",-6.71119041306157,8.42142502242869,0.0292092764396239,0.0562456167206492,"","edgeR"
"700","ColaDeBallena - EsteroZacatecas","k__Bacteria|p__Pseudomonadota|c__Gammaproteobacteria|o__Enterobacterales|f__Vibrionaceae|g__Vibrio|s__|ASV_12002",6.40654056565198,8.19379895698675,0.0296636297502316,0.0570389223483024,"","edgeR"
"701","ColaDeBallena - EsteroZacatecas","k__Bacteria|p__Pseudomonadota|c__Alphaproteobacteria|o__Sphingomonadales|f__Sphingomonadaceae|g__Croceibacterium|s__|ASV_4564",-2.31968237647975,10.6232108236225,0.0298478656618996,0.057311308389325,"","edgeR"
"702","ColaDeBallena - EsteroZacatecas","k__Bacteria|p__Pseudomonadota|c__Gammaproteobacteria|o__Enterobacterales|f__Alteromonadaceae|g__|s__|ASV_7006",6.38620834773239,8.17805530203709,0.0299209248016231,0.0573697504031121,"","edgeR"
"703","ColaDeBallena - EsteroZacatecas","k__Bacteria|p__Chloroflexota|c__Anaerolineae|o__Anaerolineales|f__Anaerolineaceae|g__|s__|ASV_14272",-6.66891634168754,8.38884281001516,0.0301582310343569,0.057742502094231,"","edgeR"
"704","ColaDeBallena - EsteroZacatecas","k__Bacteria|p__Pseudomonadota|c__Gammaproteobacteria|o__Pseudomonadales|f__Pseudohongiellaceae|g__Pseudohongiella|s__|ASV_8644",3.70770543511308,10.0045556006871,0.0309193469447768,0.0591156832211216,"","edgeR"
"705","ColaDeBallena - EsteroZacatecas","k__Bacteria|p__Pseudomonadota|c__Gammaproteobacteria|o__Enterobacterales|f__Alteromonadaceae|g__|s__|ASV_5959",6.43334291637632,8.21275233321408,0.0310140684666162,0.0592126753986743,"","edgeR"
"706","ColaDeBallena - EsteroZacatecas","k__Bacteria|p__Pseudomonadota|c__Alphaproteobacteria|o__Sphingomonadales|f__Sphingomonadaceae|g__|s__|ASV_526",2.22454281982244,10.9355757119844,0.0310759043076971,0.0592466957481023,"","edgeR"
"707","ColaDeBallena - EsteroZacatecas","k__Bacteria|p__Bacteroidota|c__Bacteroidia|o__Chitinophagales|f__Saprospiraceae|g__|s__|ASV_5174",7.29165270878045,8.88948400703091,0.0312722200764926,0.059536645294143,"","edgeR"
"708","ColaDeBallena - EsteroZacatecas","k__Bacteria|p__Pseudomonadota|c__Alphaproteobacteria|o__Sphingomonadales|f__Sphingomonadaceae|g__|s__|ASV_8973",6.23636938423144,8.07141340487527,0.031350904929517,0.0596021441174151,"","edgeR"
"709","ColaDeBallena - EsteroZacatecas","k__Bacteria|p__Rhodothermota|c__Rhodothermia|o__Rhodothermales|f__Rhodothermaceae|g__Rubrivirga|s__|ASV_9042",-6.42447297535061,8.21042797123066,0.031411998441795,0.0596340619219408,"","edgeR"
"710","ColaDeBallena - EsteroZacatecas","k__Bacteria|p__Bacteroidota|c__Bacteroidia|o__Cytophagales|f__Cyclobacteriaceae|g__|s__|ASV_922",4.5365815812947,10.6391792036901,0.0315017502161856,0.0597202194239237,"","edgeR"
"711","ColaDeBallena - EsteroZacatecas","k__Bacteria|p__Pseudomonadota|c__Gammaproteobacteria|o__Pseudomonadales|f__Alcanivoracaceae|g__Ketobacter|s__|ASV_7246",-6.60686508394645,8.34183751467564,0.031605381815164,0.0598324105811684,"","edgeR"
"712","ColaDeBallena - EsteroZacatecas","k__Bacteria|p__Pseudomonadota|c__Alphaproteobacteria|o__Sphingomonadales|f__Sphingomonadaceae|g__Aurantiacibacter|s__|ASV_5042",-6.53542321397713,8.28923143892895,0.0316985095702251,0.0599244296088805,"","edgeR"
"713","ColaDeBallena - EsteroZacatecas","k__Bacteria|p__Bacteroidota|c__Bacteroidia|o__Cytophagales|f__Cyclobacteriaceae|g__Tunicatimonas|s__|ASV_6474",5.33272525608642,9.56245033930638,0.0318666950093775,0.0601578842673523,"","edgeR"
"714","ColaDeBallena - EsteroZacatecas","k__Bacteria|p__Pseudomonadota|c__Gammaproteobacteria|o__Steroidobacterales|f__Woeseiaceae|g__Woeseia|s__|ASV_14750",6.34925661049459,8.14999239125771,0.032290476797115,0.0608725234858779,"","edgeR"
"715","ColaDeBallena - EsteroZacatecas","k__Bacteria|p__Cyanobacteriota|c__Cyanobacteriia|o__Cyanobacteriales|f__Nostocaceae|g__Rivularia_PCC-7116|s__|ASV_2166",6.33445728585003,8.13953873786138,0.032593640294357,0.0613580976730133,"","edgeR"
"716","ColaDeBallena - EsteroZacatecas","k__Bacteria|p__Chloroflexota|c__Anaerolineae|o__Ardenticatenales|f__Ardenticatenaceae|g__|s__|ASV_14123",-6.58852011367133,8.3276547920214,0.0328853598678828,0.061820802209735,"","edgeR"
"717","ColaDeBallena - EsteroZacatecas","k__Bacteria|p__Pseudomonadota|c__Alphaproteobacteria|o__Caulobacterales|f__Hyphomonadaceae|g__Litorimonas|s__|ASV_366",6.1468800919839,8.00741010023175,0.0329610516916855,0.0618766744449214,"","edgeR"
"718","ColaDeBallena - EsteroZacatecas","k__Bacteria|p__Actinomycetota|c__Actinobacteria|o__Nitriliruptorales|f__Nitriliruptoraceae|g__|s__|ASV_856",5.895899898087,7.84022202691471,0.0333241638265356,0.062395879522069,"","edgeR"
"719","ColaDeBallena - EsteroZacatecas","k__Bacteria|p__Bacteroidota|c__Bacteroidia|o__Flavobacteriales|f__Flavobacteriaceae|g__Muricauda|s__|ASV_4268",6.20899174347941,8.05090545437103,0.0333303398041364,0.062395879522069,"","edgeR"
"720","ColaDeBallena - EsteroZacatecas","k__Bacteria|p__Pseudomonadota|c__Alphaproteobacteria|o__Rhodobacterales|f__Paracoccaceae|g__|s__|ASV_15974",6.25469865380435,8.08351958904777,0.0333866967455581,0.062414574749335,"","edgeR"
"721","ColaDeBallena - EsteroZacatecas","k__Bacteria|p__Pseudomonadota|c__Alphaproteobacteria|o__Rhodobacterales|f__Paracoccaceae|g__Jannaschia|s__|ASV_12644",6.19343954271558,8.03898681989978,0.0337541225074478,0.0630139374410884,"","edgeR"
"722","ColaDeBallena - EsteroZacatecas","k__Bacteria|p__Actinomycetota|c__Actinobacteria|o__Nitriliruptorales|f__Nitriliruptoraceae|g__|s__|ASV_11633",2.22815787734779,11.6449486094357,0.0339289892044987,0.0632526585446748,"","edgeR"
"723","ColaDeBallena - EsteroZacatecas","k__Bacteria|p__Pseudomonadota|c__Alphaproteobacteria|o__Sphingomonadales|f__Sphingomonadaceae|g__|s__|ASV_6859",3.72160370736408,8.60433148758451,0.0339816048530323,0.0632631260472773,"","edgeR"
"724","ColaDeBallena - EsteroZacatecas","k__Bacteria|p__Actinomycetota|c__Acidimicrobiia|o__Microtrichales|f__Ilumatobacteraceae|g__Ilumatobacter|s__|ASV_11502",6.11458797895636,7.98486483631273,0.0340800284197774,0.0633587268688126,"","edgeR"
"725","ColaDeBallena - EsteroZacatecas","k__Bacteria|p__Bacteroidota|c__Bacteroidia|o__Flavobacteriales|f__Flavobacteriaceae|g__|s__|ASV_2498",-6.45197098477202,8.22924146018163,0.0342329237430062,0.0635551935973605,"","edgeR"
"726","ColaDeBallena - EsteroZacatecas","k__Bacteria|p__Planctomycetota|c__Planctomycetes|o__Pirellulales|f__Pirellulaceae|g__Rhodopirellula|s__|ASV_3695",6.16910703444119,8.02184853533171,0.0344554820537924,0.0638671156143039,"","edgeR"
"727","ColaDeBallena - EsteroZacatecas","k__Bacteria|p__Bacteroidota|c__Bacteroidia|o__Cytophagales|f__Cyclobacteriaceae|g__Tunicatimonas|s__|ASV_4541",5.95667684792891,7.87913020252465,0.0344958343622578,0.0638671156143039,"","edgeR"
"728","ColaDeBallena - EsteroZacatecas","k__Bacteria|p__Planctomycetota|c__Planctomycetes|o__Pirellulales|f__Pirellulaceae|g__Rhodopirellula|s__|ASV_5930",6.40669744454931,8.19005355314563,0.0349728598760989,0.0646613590566334,"","edgeR"
"729","ColaDeBallena - EsteroZacatecas","k__Bacteria|p__Pseudomonadota|c__Gammaproteobacteria|o__Enterobacterales|f__Pseudoalteromonadaceae|g__Pseudoalteromonas|s__|ASV_11013",2.84050756396024,9.76942176735454,0.0351138691024362,0.0648105960929243,"","edgeR"
"730","ColaDeBallena - EsteroZacatecas","k__Bacteria|p__Pseudomonadota|c__Alphaproteobacteria|o__|f__Neomegalonemataceae|g__Acuticoccus|s__|ASV_4438",6.20868971018424,8.04840355235315,0.0351504229588305,0.0648105960929243,"","edgeR"
"731","ColaDeBallena - EsteroZacatecas","k__Bacteria|p__Pseudomonadota|c__Alphaproteobacteria|o__Hyphomicrobiales|f__Rhizobiaceae|g__Fulvimarina|s__|ASV_659",-2.03882447494556,11.9278478628193,0.035198028041551,0.0648105960929243,"","edgeR"
"732","ColaDeBallena - EsteroZacatecas","k__Bacteria|p__Rhodothermota|c__Rhodothermia|o__Rhodothermales|f__Rhodothermaceae|g__Rubrivirga|s__|ASV_13113",5.82059328683893,7.79025446783896,0.0355375445955592,0.0653463593246212,"","edgeR"
"733","ColaDeBallena - EsteroZacatecas","k__Bacteria|p__Pseudomonadota|c__Alphaproteobacteria|o__Sphingomonadales|f__Sphingomonadaceae|g__|s__|ASV_15119",7.18117570314802,8.79664602128627,0.0357210541374479,0.0655941867244268,"","edgeR"
"734","ColaDeBallena - EsteroZacatecas","k__Bacteria|p__Thermodesulfobacteriota|c__Desulfobulbia|o__Desulfobulbales|f__Desulfocapsaceae|g__|s__|ASV_11131",2.24010223932413,11.6705984955323,0.0361302926616006,0.0662552778235891,"","edgeR"
"735","ColaDeBallena - EsteroZacatecas","k__Bacteria|p__Actinomycetota|c__Actinobacteria|o__Nitriliruptorales|f__Nitriliruptoraceae|g__|s__|ASV_8148",-6.37833175674228,8.17507894386618,0.0364330749092158,0.0667196174527952,"","edgeR"
"736","ColaDeBallena - EsteroZacatecas","k__Bacteria|p__Thermodesulfobacteriota|c__Desulfobacteria|o__Desulfatiglandales|f__Desulfatiglandaceae|g__Desulfatiglans|s__|ASV_6997",-6.45767449879482,8.22960296878646,0.0366438509338062,0.0670144339088358,"","edgeR"
"737","ColaDeBallena - EsteroZacatecas","k__Bacteria|p__Pseudomonadota|c__Gammaproteobacteria|o__Ectothiorhodospirales|f__Thioalkalispiraceae|g__Thiohalophilus|s__|ASV_1620",-6.41494253571206,8.19830010462122,0.0371767915824647,0.0678968269606478,"","edgeR"
"738","ColaDeBallena - EsteroZacatecas","k__Bacteria|p__Pseudomonadota|c__Alphaproteobacteria|o__Rhodobacterales|f__Paracoccaceae|g__|s__|ASV_4714",5.63276444187747,7.67293389194993,0.0374965026798328,0.0683795059596921,"","edgeR"
"739","ColaDeBallena - EsteroZacatecas","k__Bacteria|p__Gemmatimonadota|c__Longimicrobiia|o__Longimicrobiales|f__Longimicrobiaceae|g__YC-ZSS-LKJ147|s__|ASV_8187",-5.93991786154785,7.8718310398328,0.037542685664348,0.0683795059596921,"","edgeR"
"740","ColaDeBallena - EsteroZacatecas","k__Bacteria|p__Chloroflexota|c__Anaerolineae|o__Anaerolineales|f__Anaerolineaceae|g__ADurb.Bin120|s__|ASV_3163",-6.43928404274058,8.21607919774389,0.0376847136498274,0.0685454386117132,"","edgeR"
"741","ColaDeBallena - EsteroZacatecas","k__Bacteria|p__Nitrospirota|c__Nitrospiria|o__Nitrospirales|f__Nitrospiraceae|g__Nitrospira|s__|ASV_10748",-6.15150271230465,8.0124250788491,0.0379668637888958,0.0689053282057472,"","edgeR"
"742","ColaDeBallena - EsteroZacatecas","k__Bacteria|p__Pseudomonadota|c__Alphaproteobacteria|o__Hyphomicrobiales|f__Rhizobiaceae|g__Fulvimarina|s__|ASV_6441",-1.49605754369794,13.9304744906843,0.0379849580450702,0.0689053282057472,"","edgeR"
"743","ColaDeBallena - EsteroZacatecas","k__Bacteria|p__Pseudomonadota|c__Gammaproteobacteria|o__Steroidobacterales|f__Woeseiaceae|g__Woeseia|s__|ASV_390",6.03705571901769,7.93040264278949,0.0382391030619718,0.0692729915496824,"","edgeR"
"744","ColaDeBallena - EsteroZacatecas","k__Bacteria|p__Cyanobacteriota|c__Cyanobacteriia|o__Cyanobacteriales|f__Microcystaceae|g__Synechocystis_BDHKU-20401|s__|ASV_733",6.06713572282012,7.95500616521961,0.0384204292632274,0.0695079271348173,"","edgeR"
"745","ColaDeBallena - EsteroZacatecas","k__Bacteria|p__Pseudomonadota|c__Gammaproteobacteria|o__Chromatiales|f__Chromatiaceae|g__Candidatus_Thiobios|s__|ASV_6706",-6.36385966973503,8.16092478922259,0.0388182450600277,0.0701333662426809,"","edgeR"
"746","ColaDeBallena - EsteroZacatecas","k__Bacteria|p__Bacteroidota|c__Bacteroidia|o__Bacteroidales|f__Prolixibacteraceae|g__|s__|ASV_15290",-4.07904634412342,8.53626692806913,0.0391368064899946,0.070614130744682,"","edgeR"
"747","ColaDeBallena - EsteroZacatecas","k__Bacteria|p__Bacteroidota|c__Bacteroidia|o__Chitinophagales|f__Saprospiraceae|g__Lewinella|s__|ASV_14300",3.31839194720445,10.2300802252032,0.0395307955868444,0.0711888538540485,"","edgeR"
"748","ColaDeBallena - EsteroZacatecas","k__Bacteria|p__Bacteroidota|c__Bacteroidia|o__Cytophagales|f__Cyclobacteriaceae|g__|s__|ASV_15791",7.22048818556465,8.82678963424859,0.0395611164062617,0.0711888538540485,"","edgeR"
"749","ColaDeBallena - EsteroZacatecas","k__Bacteria|p__Rhodothermota|c__Rhodothermia|o__Rhodothermales|f__Rhodothermaceae|g__|s__|ASV_15452",3.72842323350588,10.495606915727,0.0400701917256169,0.0720086489488389,"","edgeR"
"750","ColaDeBallena - EsteroZacatecas","k__Bacteria|p__Spirochaetota|c__Spirochaetia|o__Spirochaetales|f__Spirochaetaceae|g__|s__|ASV_8996",-4.22585974987967,8.44488365909537,0.0401472572136501,0.0720463092291067,"","edgeR"
"751","ColaDeBallena - EsteroZacatecas","k__Bacteria|p__Pseudomonadota|c__Alphaproteobacteria|o__Sphingomonadales|f__Sphingomonadaceae|g__|s__|ASV_8288",-2.05721893557196,9.99302909836942,0.0401982007660172,0.0720463092291067,"","edgeR"
"752","ColaDeBallena - EsteroZacatecas","k__Bacteria|p__Bacteroidota|c__Bacteroidia|o__Cytophagales|f__Cyclobacteriaceae|g__Marinoscillum|s__|ASV_403",5.75530426131351,7.74929663359768,0.0404139747709899,0.0722995263356717,"","edgeR"
"753","ColaDeBallena - EsteroZacatecas","k__Bacteria|p__Bacteroidota|c__Bacteroidia|o__Chitinophagales|f__Saprospiraceae|g__|s__|ASV_6128",5.98667907098358,7.89773149286333,0.0404469118356321,0.0722995263356717,"","edgeR"
"754","ColaDeBallena - EsteroZacatecas","k__Bacteria|p__Bacteroidota|c__Bacteroidia|o__Flavobacteriales|f__Cryomorphaceae|g__Vicingus|s__|ASV_5876",3.46758401042724,8.7035521294224,0.0407446025366629,0.0727350597007271,"","edgeR"
"755","ColaDeBallena - EsteroZacatecas","k__Bacteria|p__Chloroflexota|c__Anaerolineae|o__Ardenticatenales|f__Ardenticatenaceae|g__|s__|ASV_1204",-3.68785610205708,9.06915919033124,0.0410112875641211,0.0730199759028729,"","edgeR"
"756","ColaDeBallena - EsteroZacatecas","k__Bacteria|p__Pseudomonadota|c__Gammaproteobacteria|o__Pseudomonadales|f__Halomonadaceae|g__Halomonas|s__|ASV_8266",-6.03145600182614,7.93032983783862,0.0410127056334115,0.0730199759028729,"","edgeR"
"757","ColaDeBallena - EsteroZacatecas","k__Bacteria|p__Planctomycetota|c__Planctomycetes|o__Planctomycetales|f__Gimesiaceae|g__|s__|ASV_8146",-4.41554219725307,8.48585399630611,0.0412100221837217,0.0732743591271987,"","edgeR"
"758","ColaDeBallena - EsteroZacatecas","k__Bacteria|p__Planctomycetota|c__Planctomycetes|o__Pirellulales|f__Pirellulaceae|g__Pir4_lineage|s__|ASV_786",-6.2444019740633,8.07509374435842,0.041287771881873,0.0733157532361491,"","edgeR"
"759","ColaDeBallena - EsteroZacatecas","k__Bacteria|p__Pseudomonadota|c__Alphaproteobacteria|o__Sphingomonadales|f__Sphingomonadaceae|g__|s__|ASV_9836",-6.24027943894978,8.07221880969694,0.0415978656303304,0.073725719881226,"","edgeR"
"760","ColaDeBallena - EsteroZacatecas","k__Bacteria|p__Rhodothermota|c__Rhodothermia|o__Rhodothermales|f__Rhodothermaceae|g__Rubrivirga|s__|ASV_12511",-6.26318081676756,8.08859295313353,0.0416281925035154,0.073725719881226,"","edgeR"
"761","ColaDeBallena - EsteroZacatecas","k__Bacteria|p__Bacteroidota|c__Bacteroidia|o__Flavobacteriales|f__Flavobacteriaceae|g__|s__|ASV_3604",-6.11427288273614,7.98431771741493,0.0424977651784319,0.0751668750724959,"","edgeR"
"762","ColaDeBallena - EsteroZacatecas","k__Bacteria|p__Pseudomonadota|c__Alphaproteobacteria|o__Sphingomonadales|f__Sphingomonadaceae|g__Parasphingopyxis|s__|ASV_632",-6.17482098356523,8.02610395092126,0.0426261098283602,0.0752949394081008,"","edgeR"
"763","ColaDeBallena - EsteroZacatecas","k__Bacteria|p__Bacteroidota|c__Bacteroidia|o__Bacteroidales|f__Bacteroidetes_BD2-2|g__|s__|ASV_10532",-6.22038095114522,8.05777007115233,0.0427243095592473,0.0753694897336132,"","edgeR"
"764","ColaDeBallena - EsteroZacatecas","k__Bacteria|p__Pseudomonadota|c__Alphaproteobacteria|o__Rhodobacterales|f__Paracoccaceae|g__|s__|ASV_5248",4.91063328744597,8.6150408948215,0.0433269859939796,0.0763326219213305,"","edgeR"
"765","ColaDeBallena - EsteroZacatecas","k__Bacteria|p__Bacteroidota|c__Bacteroidia|o__Flavobacteriales|f__Flavobacteriaceae|g__Robertkochia|s__|ASV_13422",3.81616826416423,8.38421046448611,0.0436432330906372,0.0767892702483629,"","edgeR"
"766","ColaDeBallena - EsteroZacatecas","k__Bacteria|p__Rhodothermota|c__Rhodothermia|o__Rhodothermales|f__Rhodothermaceae|g__Rubrivirga|s__|ASV_11592",-3.48494305880083,9.5395004543515,0.0438960744806213,0.0770477249056508,"","edgeR"
"767","ColaDeBallena - EsteroZacatecas","k__Bacteria|p__Bacteroidota|c__Bacteroidia|o__Cytophagales|f__Microscillaceae|g__|s__|ASV_9596",-6.13431487999192,7.99797039403583,0.0439046099573805,0.0770477249056508,"","edgeR"
"768","ColaDeBallena - EsteroZacatecas","k__Bacteria|p__Thermodesulfobacteriota|c__Desulfobacteria|o__Desulfobacterales|f__Desulfosarcinaceae|g__|s__|ASV_12847",-6.15594418405174,8.01252010001164,0.0442064152103306,0.0774763474910221,"","edgeR"
"769","ColaDeBallena - EsteroZacatecas","k__Bacteria|p__Acidobacteriota|c__Blastocatellia|o__Blastocatellales|f__Blastocatellaceae|g__Blastocatella|s__|ASV_13389",5.75507990263134,7.74844924534493,0.0443502521283732,0.077627359382042,"","edgeR"
"770","ColaDeBallena - EsteroZacatecas","k__Bacteria|p__Bacteroidota|c__Bacteroidia|o__Cytophagales|f__Cyclobacteriaceae|g__Tunicatimonas|s__|ASV_2922",-5.44396470054648,7.5625565133899,0.0444132680562636,0.0776366997451049,"","edgeR"
"771","ColaDeBallena - EsteroZacatecas","k__Bacteria|p__Pseudomonadota|c__Alphaproteobacteria|o__|f__Neomegalonemataceae|g__Acuticoccus|s__|ASV_5409",2.03208153137678,10.6339654990441,0.0451649657897887,0.0788483060350915,"","edgeR"
"772","ColaDeBallena - EsteroZacatecas","k__Bacteria|p__Planctomycetota|c__Planctomycetes|o__Pirellulales|f__Pirellulaceae|g__Rhodopirellula|s__|ASV_14101",5.05630632985766,9.67904160153003,0.0460525297555237,0.0802936593924027,"","edgeR"
"773","ColaDeBallena - EsteroZacatecas","k__Bacteria|p__Bacteroidota|c__Bacteroidia|o__Flavobacteriales|f__Flavobacteriaceae|g__Hoppeia|s__|ASV_15678",-7.15052589608685,8.77142052858943,0.0461417806972368,0.0803451964016568,"","edgeR"
"774","ColaDeBallena - EsteroZacatecas","k__Bacteria|p__Pseudomonadota|c__Gammaproteobacteria|o__Enterobacterales|f__Alteromonadaceae|g__Alteromonas|s__|ASV_8501",3.82086899830615,9.22730164700968,0.046395662701068,0.0806828966351907,"","edgeR"
"775","ColaDeBallena - EsteroZacatecas","k__Bacteria|p__Pseudomonadota|c__Gammaproteobacteria|o__Enterobacterales|f__Vibrionaceae|g__|s__|ASV_7934",3.41998652089571,11.3066501401392,0.0471243459666563,0.0818443479627346,"","edgeR"
"776","ColaDeBallena - EsteroZacatecas","k__Bacteria|p__Actinomycetota|c__Actinobacteria|o__Propionibacteriales|f__Nocardioidaceae|g__Nocardioides|s__|ASV_15626",-4.08281435321087,10.0557373707335,0.0507019337822186,0.087944333596477,"","edgeR"
"777","ColaDeBallena - EsteroZacatecas","k__Bacteria|p__Actinomycetota|c__Acidimicrobiia|o__Microtrichales|f__Ilumatobacteraceae|g__Ilumatobacter|s__|ASV_10344",-2.18188009105761,10.7452951792432,0.0515413026867072,0.0892851910119793,"","edgeR"
"778","ColaDeBallena - EsteroZacatecas","k__Bacteria|p__Pseudomonadota|c__Gammaproteobacteria|o__Arenicellales|f__Arenicellaceae|g__Candidatus_Thiosymbion|s__|ASV_7417",-7.02652527569709,8.67031275523503,0.0517867986383768,0.0895951554849038,"","edgeR"
"779","ColaDeBallena - EsteroZacatecas","k__Bacteria|p__Pseudomonadota|c__Alphaproteobacteria|o__Rhodobacterales|f__Paracoccaceae|g__|s__|ASV_14734",6.61947694416072,8.35221854542715,0.0521546009120313,0.0901156518967832,"","edgeR"
"780","ColaDeBallena - EsteroZacatecas","k__Bacteria|p__Pseudomonadota|c__Gammaproteobacteria|o__Steroidobacterales|f__Woeseiaceae|g__Woeseia|s__|ASV_11577",-3.50164551330667,8.74173150265743,0.0530677803607266,0.091575938930177,"","edgeR"
"781","ColaDeBallena - EsteroZacatecas","k__Bacteria|p__Actinomycetota|c__Actinobacteria|o__Euzebyales|f__Euzebyaceae|g__|s__|ASV_12651",-6.81538000900335,8.50498827565588,0.0544361915330562,0.0938170471235515,"","edgeR"
"782","ColaDeBallena - EsteroZacatecas","k__Bacteria|p__Pseudomonadota|c__Alphaproteobacteria|o__Hyphomicrobiales|f__Rhizobiaceae|g__Pseudahrensia|s__|ASV_219",3.78046651364592,9.91175318269555,0.0556277277529716,0.0956652783909543,"","edgeR"
"783","ColaDeBallena - EsteroZacatecas","k__Bacteria|p__Pseudomonadota|c__Alphaproteobacteria|o__Sphingomonadales|f__Sphingomonadaceae|g__Pacificimonas|s__|ASV_10664",2.32741963886327,12.5509092208143,0.0556507525855254,0.0956652783909543,"","edgeR"
"784","ColaDeBallena - EsteroZacatecas","k__Bacteria|p__Actinomycetota|c__Acidimicrobiia|o__Microtrichales|f__Ilumatobacteraceae|g__Ilumatobacter|s__|ASV_13508",6.7105119341302,8.41850708249708,0.0557320317440751,0.0956827993973534,"","edgeR"
"785","ColaDeBallena - EsteroZacatecas","k__Bacteria|p__Pseudomonadota|c__Alphaproteobacteria|o__Rhodobacterales|f__Paracoccaceae|g__Limibaculum|s__|ASV_8635",-3.44186074035617,9.9137507780548,0.0561635327103305,0.0963007834752927,"","edgeR"
"786","ColaDeBallena - EsteroZacatecas","k__Bacteria|p__Bacteroidota|c__Bacteroidia|o__Chitinophagales|f__Saprospiraceae|g__|s__|ASV_11900",6.6008575211236,8.33656831520848,0.056527566287308,0.0968016593164333,"","edgeR"
"787","ColaDeBallena - EsteroZacatecas","k__Bacteria|p__Bacteroidota|c__Bacteroidia|o__Chitinophagales|f__Saprospiraceae|g__Lewinella|s__|ASV_9425",-3.42849568347644,8.27704981742013,0.0566888157132137,0.096954442121964,"","edgeR"
"788","ColaDeBallena - EsteroZacatecas","k__Bacteria|p__Pseudomonadota|c__Alphaproteobacteria|o__Rhodobacterales|f__Paracoccaceae|g__Limibaculum|s__|ASV_11145",-3.6057498189363,9.34825680219915,0.0570037802560507,0.0972172423826838,"","edgeR"
"789","ColaDeBallena - EsteroZacatecas","k__Bacteria|p__Bacteroidota|c__Bacteroidia|o__Cytophagales|f__Cyclobacteriaceae|g__Tunicatimonas|s__|ASV_15837",-2.91836317958389,10.3898948823163,0.0570541478628998,0.0972172423826838,"","edgeR"
"790","ColaDeBallena - EsteroZacatecas","k__Bacteria|p__Bacteroidota|c__Bacteroidia|o__Chitinophagales|f__Saprospiraceae|g__|s__|ASV_14110",7.46396097129052,9.0347290084657,0.0570591541473404,0.0972172423826838,"","edgeR"
"791","ColaDeBallena - EsteroZacatecas","k__Bacteria|p__Pseudomonadota|c__Alphaproteobacteria|o__Sphingomonadales|f__Sphingomonadaceae|g__|s__|ASV_15437",1.61290673591461,10.1628556670429,0.0572378440184814,0.0973984046129912,"","edgeR"
"792","ColaDeBallena - EsteroZacatecas","k__Bacteria|p__Bacteroidota|c__Bacteroidia|o__Flavobacteriales|f__Flavobacteriaceae|g__Hoppeia|s__|ASV_2715",-3.16479866933661,10.7468464044041,0.0574232458244892,0.0975905162623264,"","edgeR"
"793","ColaDeBallena - EsteroZacatecas","k__Bacteria|p__Pseudomonadota|c__Alphaproteobacteria|o__Sphingomonadales|f__Sphingomonadaceae|g__Qipengyuania|s__|ASV_3751",6.48046800994648,8.24755856421137,0.0578104660164543,0.0981100666897505,"","edgeR"
"794","ColaDeBallena - EsteroZacatecas","k__Bacteria|p__Pseudomonadota|c__Alphaproteobacteria|o__Rhodobacterales|f__Paracoccaceae|g__Limibaculum|s__|ASV_361",3.29121261763179,10.2929262197372,0.0578747347337756,0.0981100666897505,"","edgeR"
"795","ColaDeBallena - EsteroZacatecas","k__Bacteria|p__Pseudomonadota|c__Gammaproteobacteria|o__Enterobacterales|f__Vibrionaceae|g__Vibrio|s__|ASV_3312",6.40801800163948,8.19777833431487,0.0581577623898685,0.0984658467632239,"","edgeR"
"796","ColaDeBallena - EsteroZacatecas","k__Bacteria|p__Pseudomonadota|c__Alphaproteobacteria|o__Rhodobacterales|f__Paracoccaceae|g__Palleronia-Pseudomaribius|s__|ASV_11182",6.51675305254455,8.27363908484315,0.0582365636224337,0.0984753952711002,"","edgeR"
"797","ColaDeBallena - EsteroZacatecas","k__Bacteria|p__Rhodothermota|c__Rhodothermia|o__Rhodothermales|f__Rhodothermaceae|g__Rubrivirga|s__|ASV_3298",-3.3997226965102,10.4888815394122,0.0584700936200154,0.0987462308814815,"","edgeR"
"798","ColaDeBallena - EsteroZacatecas","k__Bacteria|p__Cyanobacteriota|c__Cyanobacteriia|o__Cyanobacteriales|f__Nostocaceae|g__Rivularia_PCC-7116|s__|ASV_10483",6.47560945518651,8.24387577544431,0.058570025251922,0.0987910450991066,"","edgeR"
"799","ColaDeBallena - EsteroZacatecas","k__Bacteria|p__Pseudomonadota|c__Gammaproteobacteria|o__Pseudomonadales|f__Spongiibacteraceae|g__|s__|ASV_8749",-6.60995112931217,8.34657784789506,0.0594418780567483,0.10013612999297,"","edgeR"
"800","ColaDeBallena - EsteroZacatecas","k__Bacteria|p__Actinomycetota|c__Actinobacteria|o__Euzebyales|f__Euzebyaceae|g__|s__|ASV_11651",3.71765651203013,11.248898948961,0.0597238997923747,0.100485461400671,"","edgeR"
"801","ColaDeBallena - EsteroZacatecas","k__Bacteria|p__Bacteroidota|c__Bacteroidia|o__Bacteroidales|f__Prolixibacteraceae|g__|s__|ASV_6058",-2.48932659991492,10.0758839797572,0.0607544700060568,0.102091781058867,"","edgeR"
"802","ColaDeBallena - EsteroZacatecas","k__Bacteria|p__Acidobacteriota|c__Thermoanaerobaculia|o__Thermoanaerobaculales|f__Thermoanaerobaculaceae|g__Subgroup_10|s__|ASV_5652",-4.40265083395652,8.40727167669365,0.0608364791263534,0.10210212082802,"","edgeR"
"803","ColaDeBallena - EsteroZacatecas","k__Bacteria|p__Pseudomonadota|c__Alphaproteobacteria|o__Rhodobacterales|f__Paracoccaceae|g__|s__|ASV_4861",6.26633230487742,8.09323448005562,0.0628549962005551,0.105358436968801,"","edgeR"
"804","ColaDeBallena - EsteroZacatecas","k__Bacteria|p__Pseudomonadota|c__Alphaproteobacteria|o__Rhodobacterales|f__Paracoccaceae|g__Actibacterium|s__|ASV_14368",3.71728919899208,10.1332673489185,0.0631356316921786,0.105574985747941,"","edgeR"
"805","ColaDeBallena - EsteroZacatecas","k__Bacteria|p__Cyanobacteriota|c__Cyanobacteriia|o__Cyanobacteriales|f__Xenococcaceae|g__Pleurocapsa_PCC-7319|s__|ASV_2884",3.84018737086481,9.44498339393458,0.063141057598137,0.105574985747941,"","edgeR"
"806","ColaDeBallena - EsteroZacatecas","k__Bacteria|p__Pseudomonadota|c__Gammaproteobacteria|o__Thiomicrospirales|f__Thiomicrospiraceae|g__endosymbionts|s__|ASV_10052",-6.72709398784055,8.43279255371482,0.0636220944908754,0.10624731908774,"","edgeR"
"807","ColaDeBallena - EsteroZacatecas","k__Bacteria|p__Pseudomonadota|c__Alphaproteobacteria|o__Sphingomonadales|f__Sphingomonadaceae|g__Qipengyuania|s__|ASV_13409",6.42593866228293,8.20564785644945,0.0648787351945187,0.108211620287264,"","edgeR"
"808","ColaDeBallena - EsteroZacatecas","k__Bacteria|p__Pseudomonadota|c__Alphaproteobacteria|o__Hyphomicrobiales|f__Rhodomicrobiaceae|g__Rhodomicrobium|s__|ASV_14279",-3.27830698905273,9.97018198855256,0.0652445877609046,0.108687147433388,"","edgeR"
"809","ColaDeBallena - EsteroZacatecas","k__Bacteria|p__Pseudomonadota|c__Gammaproteobacteria|o__Pseudomonadales|f__Marinomonadaceae|g__Marinomonas|s__|ASV_223",2.39012962653901,9.51009381853359,0.0653301773272085,0.108695202326851,"","edgeR"
"810","ColaDeBallena - EsteroZacatecas","k__Bacteria|p__Pseudomonadota|c__Alphaproteobacteria|o__Rhodobacterales|f__Paracoccaceae|g__|s__|ASV_10800",6.19512076568884,8.04151258911922,0.0656491417143908,0.109091042898235,"","edgeR"
"811","ColaDeBallena - EsteroZacatecas","k__Bacteria|p__Pseudomonadota|c__Alphaproteobacteria|o__Sphingomonadales|f__Sphingomonadaceae|g__|s__|ASV_14191",2.44253118278285,10.4099902407379,0.0658052300584657,0.109215585275826,"","edgeR"
"812","ColaDeBallena - EsteroZacatecas","k__Bacteria|p__Pseudomonadota|c__Gammaproteobacteria|o__Pseudomonadales|f__Hahellaceae|g__Hahella|s__|ASV_139",4.95223117257471,7.80648767259368,0.0659032339400905,0.109243538033697,"","edgeR"
"813","ColaDeBallena - EsteroZacatecas","k__Bacteria|p__Verrucomicrobiota|c__Kiritimatiellia|o__Kiritimatiellales|f__Kiritimatiellaceae|g__R76-B128|s__|ASV_5011",6.38444064590299,8.17540918229023,0.0665023400317975,0.110101045120294,"","edgeR"
"814","ColaDeBallena - EsteroZacatecas","k__Bacteria|p__Pseudomonadota|c__Alphaproteobacteria|o__Sphingomonadales|f__Sphingomonadaceae|g__|s__|ASV_3683",-2.97641583196017,8.57481285591747,0.0668799401241258,0.110590171261761,"","edgeR"
"815","ColaDeBallena - EsteroZacatecas","k__Bacteria|p__Pseudomonadota|c__Alphaproteobacteria|o__Sphingomonadales|f__Sphingomonadaceae|g__Qipengyuania|s__|ASV_3190",6.3542112224723,8.15325257267392,0.0670877488917142,0.11070758936202,"","edgeR"
"816","ColaDeBallena - EsteroZacatecas","k__Bacteria|p__Verrucomicrobiota|c__Verrucomicrobiia|o__Verrucomicrobiales|f__Rubritaleaceae|g__Haloferula|s__|ASV_655",6.52401042563892,8.27801163509928,0.0671154479341816,0.11070758936202,"","edgeR"
"817","ColaDeBallena - EsteroZacatecas","k__Bacteria|p__Cyanobacteriota|c__Cyanobacteriia|o__Phormidesmiales|f__Phormidesmiaceae|g__Phormidium_MBIC10003|s__|ASV_13926",6.37875622959024,8.17097874289671,0.067200090643379,0.11071153244307,"","edgeR"
"818","ColaDeBallena - EsteroZacatecas","k__Bacteria|p__Pseudomonadota|c__Gammaproteobacteria|o__Enterobacterales|f__Vibrionaceae|g__Vibrio|s__|ASV_7051",6.37491405422302,8.16653054666883,0.0673716837216179,0.110858540695963,"","edgeR"
"819","ColaDeBallena - EsteroZacatecas","k__Bacteria|p__Pseudomonadota|c__Gammaproteobacteria|o__Steroidobacterales|f__Woeseiaceae|g__Woeseia|s__|ASV_11187",6.22577972563818,8.06289714677606,0.0674864523969424,0.110911800886794,"","edgeR"
"820","ColaDeBallena - EsteroZacatecas","k__Bacteria|p__Gemmatimonadota|c__Longimicrobiia|o__Longimicrobiales|f__Longimicrobiaceae|g__|s__|ASV_10835",6.08516315785086,7.96872096229206,0.0678210291837475,0.111325738147956,"","edgeR"
"821","ColaDeBallena - EsteroZacatecas","k__Bacteria|p__Pseudomonadota|c__Alphaproteobacteria|o__Rhodobacterales|f__Paracoccaceae|g__Jannaschia|s__|ASV_7536",6.12950598270807,7.99579157435768,0.0680019229055084,0.111393088044615,"","edgeR"
"822","ColaDeBallena - EsteroZacatecas","k__Bacteria|p__Verrucomicrobiota|c__Verrucomicrobiia|o__Verrucomicrobiales|f__DEV007|g__|s__|ASV_8775",6.38656794366544,8.17675685025747,0.0680275767999058,0.111393088044615,"","edgeR"
"823","ColaDeBallena - EsteroZacatecas","k__Bacteria|p__Actinomycetota|c__Thermoleophilia|o__Solirubrobacterales|f__67-14|g__|s__|ASV_11122",5.9332732838576,7.86617679538091,0.0692405537650629,0.113241537506409,"","edgeR"
"824","ColaDeBallena - EsteroZacatecas","k__Bacteria|p__Pseudomonadota|c__Alphaproteobacteria|o__Hyphomicrobiales|f__Rhizobiaceae|g__|s__|ASV_1910",6.01475521706432,7.91690837063492,0.070583919308824,0.115267586051003,"","edgeR"
"825","ColaDeBallena - EsteroZacatecas","k__Bacteria|p__Pseudomonadota|c__Alphaproteobacteria|o__Sphingomonadales|f__Sphingomonadaceae|g__Sphingomicrobium|s__|ASV_13477",-3.71149785762462,11.3421934261807,0.0706506378098642,0.115267586051003,"","edgeR"
"826","ColaDeBallena - EsteroZacatecas","k__Bacteria|p__Actinomycetota|c__Acidimicrobiia|o__Microtrichales|f__Microtrichaceae|g__|s__|ASV_159",7.04226994925435,8.68757863370858,0.0709135882780141,0.115556525208483,"","edgeR"
"827","ColaDeBallena - EsteroZacatecas","k__Bacteria|p__Cyanobacteriota|c__Cyanobacteriia|o__Cyanobacteriales|f__Xenococcaceae|g__Chroococcidiopsis_PCC-6712|s__|ASV_1638",5.98516494561351,7.89672375490363,0.0715049326106857,0.116379249448589,"","edgeR"
"828","ColaDeBallena - EsteroZacatecas","k__Bacteria|p__Pseudomonadota|c__Alphaproteobacteria|o__Sphingomonadales|f__Sphingomonadaceae|g__Aurantiacibacter|s__|ASV_11680",3.33655315727827,10.3178221886943,0.0717373029521324,0.116616436924602,"","edgeR"
"829","ColaDeBallena - EsteroZacatecas","k__Bacteria|p__Rhodothermota|c__Rhodothermia|o__Rhodothermales|f__Rhodothermaceae|g__|s__|ASV_8456",1.26864556974183,11.4532955593919,0.0722656190318298,0.11708198856947,"","edgeR"
"830","ColaDeBallena - EsteroZacatecas","k__Bacteria|p__Pseudomonadota|c__Alphaproteobacteria|o__Rhodobacterales|f__Paracoccaceae|g__Palleronia-Pseudomaribius|s__|ASV_4192",3.80524682892022,10.3815302288124,0.0723057405087613,0.11708198856947,"","edgeR"
"831","ColaDeBallena - EsteroZacatecas","k__Bacteria|p__Rhodothermota|c__Rhodothermia|o__Rhodothermales|f__Rhodothermaceae|g__|s__|ASV_13295",-1.98371167754789,9.49755181104538,0.0723231805075556,0.11708198856947,"","edgeR"
"832","ColaDeBallena - EsteroZacatecas","k__Bacteria|p__Pseudomonadota|c__Alphaproteobacteria|o__|f__Neomegalonemataceae|g__Acuticoccus|s__|ASV_11070",6.03185204496923,7.93058291035313,0.0723716303787514,0.11708198856947,"","edgeR"
"833","ColaDeBallena - EsteroZacatecas","k__Bacteria|p__Pseudomonadota|c__Alphaproteobacteria|o__Sphingomonadales|f__Sphingomonadaceae|g__|s__|ASV_4895",6.4011297484438,8.18446360843277,0.0725108374959133,0.117166371271908,"","edgeR"
"834","ColaDeBallena - EsteroZacatecas","k__Bacteria|p__Pseudomonadota|c__Gammaproteobacteria|o__Pseudomonadales|f__Halieaceae|g__|s__|ASV_1902",5.98520638076582,7.89690837492412,0.0726209765736405,0.117203638450983,"","edgeR"
"835","ColaDeBallena - EsteroZacatecas","k__Bacteria|p__Pseudomonadota|c__Alphaproteobacteria|o__Rhodobacterales|f__Paracoccaceae|g__Limibaculum|s__|ASV_636",2.0267997222882,11.5453721139881,0.0728624618007851,0.1174525432142,"","edgeR"
"836","ColaDeBallena - EsteroZacatecas","k__Bacteria|p__Pseudomonadota|c__Alphaproteobacteria|o__|f__Neomegalonemataceae|g__Acuticoccus|s__|ASV_13911",6.21916776883934,8.0548093618659,0.0730589268715866,0.117550475626728,"","edgeR"
"837","ColaDeBallena - EsteroZacatecas","k__Bacteria|p__Bacteroidota|c__Bacteroidia|o__Chitinophagales|f__Saprospiraceae|g__|s__|ASV_10754",5.9526351414744,7.87531413023204,0.0731243406122441,0.117550475626728,"","edgeR"
"838","ColaDeBallena - EsteroZacatecas","k__Bacteria|p__Planctomycetota|c__Planctomycetes|o__Pirellulales|f__Pirellulaceae|g__Bythopirellula|s__|ASV_15346",-2.75445568810647,8.62429155232858,0.0731852143946496,0.117550475626728,"","edgeR"
"839","ColaDeBallena - EsteroZacatecas","k__Bacteria|p__Bacteroidota|c__Bacteroidia|o__Flavobacteriales|f__Cryomorphaceae|g__Vicingus|s__|ASV_578",5.86748236061185,7.82095014778828,0.0737805905029352,0.118365524215674,"","edgeR"
"840","ColaDeBallena - EsteroZacatecas","k__Bacteria|p__Bacteroidota|c__Bacteroidia|o__Flavobacteriales|f__Flavobacteriaceae|g__Gramella|s__|ASV_3229",6.25919266358982,8.08361699407759,0.0744840215423696,0.119351777376226,"","edgeR"
"841","ColaDeBallena - EsteroZacatecas","k__Bacteria|p__Pseudomonadota|c__Alphaproteobacteria|o__Rhodobacterales|f__Paracoccaceae|g__Actibacterium|s__|ASV_9547",5.65446628624968,7.68728115373512,0.0747056112605397,0.119564509817701,"","edgeR"
"842","ColaDeBallena - EsteroZacatecas","k__Bacteria|p__Bacteroidota|c__Bacteroidia|o__Chitinophagales|f__Saprospiraceae|g__|s__|ASV_10691",5.22531775008585,8.32001322004558,0.0759886112575682,0.121473480703903,"","edgeR"
"843","ColaDeBallena - EsteroZacatecas","k__Bacteria|p__Bacteroidota|c__Bacteroidia|o__Cytophagales|f__Cyclobacteriaceae|g__Fulvivirga|s__|ASV_480",5.97922551455927,7.89267663561724,0.0761544380711278,0.121594156161018,"","edgeR"
"844","ColaDeBallena - EsteroZacatecas","k__Bacteria|p__Acidobacteriota|c__Thermoanaerobaculia|o__Thermoanaerobaculales|f__Thermoanaerobaculaceae|g__Subgroup_10|s__|ASV_637",5.60460871223359,7.65661773928986,0.0771700934667636,0.123069841002682,"","edgeR"
"845","ColaDeBallena - EsteroZacatecas","k__Bacteria|p__Bacteroidota|c__Bacteroidia|o__Flavobacteriales|f__Flavobacteriaceae|g__Gramella|s__|ASV_536",4.40410823477828,11.0182695605198,0.077931050092148,0.124136323578735,"","edgeR"
"846","ColaDeBallena - EsteroZacatecas","k__Bacteria|p__Pseudomonadota|c__Alphaproteobacteria|o__Sphingomonadales|f__Sphingomonadaceae|g__Aurantiacibacter|s__|ASV_5145",2.50453447107491,10.1718725078602,0.0786060695028378,0.125063557388676,"","edgeR"
"847","ColaDeBallena - EsteroZacatecas","k__Bacteria|p__Actinomycetota|c__Acidimicrobiia|o__Microtrichales|f__Microtrichaceae|g__IMCC26207|s__|ASV_14497",2.41441063042315,9.72711036663176,0.0791995794265059,0.125859071910362,"","edgeR"
"848","ColaDeBallena - EsteroZacatecas","k__Bacteria|p__Bacteroidota|c__Bacteroidia|o__Flavobacteriales|f__Flavobacteriaceae|g__|s__|ASV_10531",-4.03459421186246,9.00297513899293,0.0799537224478531,0.126907677375955,"","edgeR"
"849","ColaDeBallena - EsteroZacatecas","k__Bacteria|p__Pseudomonadota|c__Alphaproteobacteria|o__Rhodobacterales|f__Paracoccaceae|g__|s__|ASV_12790",-6.03984221201468,7.93980774329399,0.0802472846989708,0.127005912022361,"","edgeR"
"850","ColaDeBallena - EsteroZacatecas","k__Bacteria|p__Thermodesulfobacteriota|c__Desulfobulbia|o__Desulfobulbales|f__Desulfocapsaceae|g__|s__|ASV_10438",-6.08140311755998,7.9687159293514,0.0802756626195444,0.127005912022361,"","edgeR"
"851","ColaDeBallena - EsteroZacatecas","k__Bacteria|p__Pseudomonadota|c__Alphaproteobacteria|o__Rhodobacterales|f__Paracoccaceae|g__Hasllibacter|s__|ASV_260",2.71261728295109,11.0154100488718,0.0802986858328598,0.127005912022361,"","edgeR"
"852","ColaDeBallena - EsteroZacatecas","k__Bacteria|p__Pseudomonadota|c__Alphaproteobacteria|o__Caulobacterales|f__Parvularculaceae|g__Parvularcula|s__|ASV_11516",4.3382755419671,9.63950507242326,0.0810821833347378,0.12809462296779,"","edgeR"
"853","ColaDeBallena - EsteroZacatecas","k__Bacteria|p__Pseudomonadota|c__Gammaproteobacteria|o__Steroidobacterales|f__Woeseiaceae|g__Woeseia|s__|ASV_3051",2.85130939221482,9.43982823315102,0.0815403883695615,0.128667482702731,"","edgeR"
"854","ColaDeBallena - EsteroZacatecas","k__Bacteria|p__Pseudomonadota|c__Gammaproteobacteria|o__Pseudomonadales|f__Marinomonadaceae|g__Marinomonas|s__|ASV_10506",7.02277315601114,8.66437060803016,0.0820523682822747,0.129323756098292,"","edgeR"
"855","ColaDeBallena - EsteroZacatecas","k__Bacteria|p__Bacteroidota|c__Bacteroidia|o__Flavobacteriales|f__Flavobacteriaceae|g__Marixanthomonas|s__|ASV_2225",-3.94169804089794,9.0253428608813,0.0822020865392292,0.12940819705474,"","edgeR"
"856","ColaDeBallena - EsteroZacatecas","k__Bacteria|p__Pseudomonadota|c__Alphaproteobacteria|o__Hyphomicrobiales|f__Hyphomicrobiaceae|g__Filomicrobium|s__|ASV_130",2.93585902750298,7.9672038615143,0.0829460889820288,0.130426910946041,"","edgeR"
"857","ColaDeBallena - EsteroZacatecas","k__Bacteria|p__Pseudomonadota|c__Gammaproteobacteria|o__Ectothiorhodospirales|f__Thioalkalispiraceae|g__|s__|ASV_3277",-6.35189224494539,8.15141229402288,0.0840241177108086,0.131967867489788,"","edgeR"
"858","ColaDeBallena - EsteroZacatecas","k__Bacteria|p__Chloroflexota|c__Anaerolineae|o__Anaerolineales|f__Anaerolineaceae|g__|s__|ASV_5166",-3.74506382155478,7.78223178852475,0.0854061127062802,0.133982083569526,"","edgeR"
"859","ColaDeBallena - EsteroZacatecas","k__Bacteria|p__Pseudomonadota|c__Gammaproteobacteria|o__Enterobacterales|f__Alteromonadaceae|g__Aestuariibacter|s__|ASV_5142",6.97970193116325,8.62959356925143,0.0860808074840092,0.134883314171684,"","edgeR"
"860","ColaDeBallena - EsteroZacatecas","k__Bacteria|p__Bacteroidota|c__Bacteroidia|o__Cytophagales|f__Cyclobacteriaceae|g__Tunicatimonas|s__|ASV_4875",2.20221115041088,9.6104407650219,0.0871652518680497,0.136423754667901,"","edgeR"
"861","ColaDeBallena - EsteroZacatecas","k__Bacteria|p__Actinomycetota|c__Actinobacteria|o__Nitriliruptorales|f__Nitriliruptoraceae|g__|s__|ASV_1823",-2.25528472917129,13.1544112627319,0.0878451274147365,0.137328155052538,"","edgeR"
"862","ColaDeBallena - EsteroZacatecas","k__Bacteria|p__Pseudomonadota|c__Alphaproteobacteria|o__Rhodobacterales|f__Paracoccaceae|g__|s__|ASV_10847",-6.1011948874788,7.97511513368858,0.0879975757132643,0.137406887366652,"","edgeR"
"863","ColaDeBallena - EsteroZacatecas","k__Bacteria|p__Rhodothermota|c__Rhodothermia|o__Rhodothermales|f__Rhodothermaceae|g__Rubrivirga|s__|ASV_123",-5.57182960667864,7.63957556428932,0.0885447584111052,0.138101094810368,"","edgeR"
"864","ColaDeBallena - EsteroZacatecas","k__Bacteria|p__Pseudomonadota|c__Alphaproteobacteria|o__Rhodobacterales|f__Paracoccaceae|g__Allosediminivita|s__|ASV_12916",-5.57948036838424,7.64410098212134,0.0887473741125372,0.138256904578096,"","edgeR"
"865","ColaDeBallena - EsteroZacatecas","k__Bacteria|p__Acidobacteriota|c__Thermoanaerobaculia|o__Thermoanaerobaculales|f__Thermoanaerobaculaceae|g__Subgroup_10|s__|ASV_4002",-6.20210348477717,8.04398153817163,0.0889138344457921,0.138356093831256,"","edgeR"
"866","ColaDeBallena - EsteroZacatecas","k__Bacteria|p__Actinomycetota|c__Actinobacteria|o__Nitriliruptorales|f__Nitriliruptoraceae|g__|s__|ASV_15235",2.20731208483126,11.4048196209843,0.089586263202174,0.139241466824626,"","edgeR"
"867","ColaDeBallena - EsteroZacatecas","k__Bacteria|p__Bacteroidota|c__Bacteroidia|o__Flavobacteriales|f__Flavobacteriaceae|g__|s__|ASV_2485",6.77339748117152,8.46933842096298,0.0902253899259492,0.140073096701647,"","edgeR"
"868","ColaDeBallena - EsteroZacatecas","k__Bacteria|p__Bacteroidota|c__Bacteroidia|o__Flavobacteriales|f__Flavobacteriaceae|g__Hoppeia|s__|ASV_8218",5.32685800223109,10.5257236573961,0.0904773312613298,0.140302405389113,"","edgeR"
"869","ColaDeBallena - EsteroZacatecas","k__Bacteria|p__Cyanobacteriota|c__Cyanobacteriia|o__Cyanobacteriales|f__Xenococcaceae|g__Myxosarcina_GI1|s__|ASV_3310",-3.55050112620303,9.95106575215492,0.0924555660477976,0.143205053970467,"","edgeR"
"870","ColaDeBallena - EsteroZacatecas","k__Bacteria|p__Chloroflexota|c__Anaerolineae|o__Aggregatilineales|f__A4b|g__|s__|ASV_6080",2.15240237383614,9.20514572241947,0.0929493104284763,0.143804335444516,"","edgeR"
"871","ColaDeBallena - EsteroZacatecas","k__Bacteria|p__Actinomycetota|c__Actinobacteria|o__Propionibacteriales|f__Nocardioidaceae|g__Nocardioides|s__|ASV_15946",-2.30094025080388,12.1730299632919,0.0937855737622338,0.14493155256483,"","edgeR"
"872","ColaDeBallena - EsteroZacatecas","k__Bacteria|p__Bacteroidota|c__Bacteroidia|o__Chitinophagales|f__Saprospiraceae|g__|s__|ASV_9685",6.64293601969255,8.36978491546268,0.0952191380874188,0.146978164983562,"","edgeR"
"873","ColaDeBallena - EsteroZacatecas","k__Bacteria|p__Pseudomonadota|c__Alphaproteobacteria|o__Rhodobacterales|f__Paracoccaceae|g__Actibacterium|s__|ASV_413",2.93819623522908,9.46987228641277,0.0973141912013952,0.150039978644992,"","edgeR"
"874","ColaDeBallena - EsteroZacatecas","k__Bacteria|p__Bacteroidota|c__Bacteroidia|o__Bacteroidales|f__Prolixibacteraceae|g__Maribellus|s__|ASV_5500",2.92153716761643,8.0233617709617,0.0992660953311623,0.152874329880714,"","edgeR"
"875","ColaDeBallena - EsteroZacatecas","k__Bacteria|p__Bacteroidota|c__Bacteroidia|o__Cytophagales|f__Cyclobacteriaceae|g__Tunicatimonas|s__|ASV_9643",6.58821880704505,8.32818971682434,0.0994613329011212,0.15299994752561,"","edgeR"
"876","ColaDeBallena - EsteroZacatecas","k__Bacteria|p__Rhodothermota|c__Rhodothermia|o__Rhodothermales|f__Rhodothermaceae|g__|s__|ASV_11484",-2.29673985986372,10.2399901372524,0.101425085726332,0.155842654552103,"","edgeR"
"877","ColaDeBallena - EsteroZacatecas","k__Bacteria|p__Pseudomonadota|c__Alphaproteobacteria|o__Rhodobacterales|f__Paracoccaceae|g__Tropicimonas-Psychromarinibacter|s__|ASV_2406",3.3410957165449,8.653253193598,0.101632106126713,0.155982685115799,"","edgeR"
"878","ColaDeBallena - EsteroZacatecas","k__Bacteria|p__Bacteroidota|c__Bacteroidia|o__Cytophagales|f__Cyclobacteriaceae|g__Tunicatimonas|s__|ASV_8575",6.60986703418171,8.34306677424803,0.101901418343669,0.156077706313914,"","edgeR"
"879","ColaDeBallena - EsteroZacatecas","k__Bacteria|p__Actinomycetota|c__Acidimicrobiia|o__Microtrichales|f__Ilumatobacteraceae|g__Ilumatobacter|s__|ASV_5173",4.19975729710395,9.68056878437068,0.101925931537839,0.156077706313914,"","edgeR"
"880","ColaDeBallena - EsteroZacatecas","k__Bacteria|p__Planctomycetota|c__Planctomycetes|o__Pirellulales|f__Pirellulaceae|g__Pir4_lineage|s__|ASV_4733",-4.40417415638503,8.35831883488881,0.103570233041669,0.158415379175098,"","edgeR"
"881","ColaDeBallena - EsteroZacatecas","k__Bacteria|p__Pseudomonadota|c__Gammaproteobacteria|o__Pseudomonadales|f__Marinobacteraceae|g__Marinobacter|s__|ASV_13594",-1.45975583636102,11.9905576736852,0.105361083510969,0.160971644047405,"","edgeR"
"882","ColaDeBallena - EsteroZacatecas","k__Bacteria|p__Pseudomonadota|c__Alphaproteobacteria|o__Sphingomonadales|f__Sphingomonadaceae|g__|s__|ASV_9919",-2.63742577900295,9.45236110287979,0.108517803420053,0.165606534470966,"","edgeR"
"883","ColaDeBallena - EsteroZacatecas","k__Bacteria|p__Bacteroidota|c__Bacteroidia|o__Flavobacteriales|f__Flavobacteriaceae|g__|s__|ASV_7083",1.2533975522656,11.5783229950915,0.115747495621695,0.176439557312346,"","edgeR"
"884","ColaDeBallena - EsteroZacatecas","k__Bacteria|p__Myxococcota|c__Polyangiia|o__Polyangiales|f__Sandaracinaceae|g__|s__|ASV_1252",-6.55714144270263,8.30804423773941,0.118076116021853,0.179785579372641,"","edgeR"
"885","ColaDeBallena - EsteroZacatecas","k__Bacteria|p__Actinomycetota|c__Actinobacteria|o__Nitriliruptorales|f__Nitriliruptoraceae|g__|s__|ASV_1950",2.97864400766148,7.96928493074671,0.118395784784603,0.180068617310821,"","edgeR"
"886","ColaDeBallena - EsteroZacatecas","k__Bacteria|p__Bacteroidota|c__Bacteroidia|o__Flavobacteriales|f__Flavobacteriaceae|g__Robertkochia|s__|ASV_3583",6.38730504050607,8.17699113002624,0.118838039264703,0.180537247009357,"","edgeR"
"887","ColaDeBallena - EsteroZacatecas","k__Bacteria|p__Cyanobacteriota|c__Cyanobacteriia|o__Cyanobacteriales|f__Xenococcaceae|g__Chroococcidiopsis_PCC-6712|s__|ASV_3345",6.26447297133312,8.09015842208933,0.119226925665307,0.180710682102591,"","edgeR"
"888","ColaDeBallena - EsteroZacatecas","k__Bacteria|p__Pseudomonadota|c__Alphaproteobacteria|o__Rhodobacterales|f__Paracoccaceae|g__Tropicimonas-Psychromarinibacter|s__|ASV_204",6.26447295847788,8.09015842208933,0.119268776723511,0.180710682102591,"","edgeR"
"889","ColaDeBallena - EsteroZacatecas","k__Bacteria|p__Bacteroidota|c__Bacteroidia|o__Flavobacteriales|f__Flavobacteriaceae|g__Gramella|s__|ASV_1032",6.47432531949278,8.23784211921618,0.119354975029126,0.180710682102591,"","edgeR"
"890","ColaDeBallena - EsteroZacatecas","k__Bacteria|p__Rhodothermota|c__Rhodothermia|o__Rhodothermales|f__Rhodothermaceae|g__|s__|ASV_8887",2.19868390832458,10.6505659007981,0.119640910997417,0.180940074384858,"","edgeR"
"891","ColaDeBallena - EsteroZacatecas","k__Bacteria|p__Bacteroidota|c__Bacteroidia|o__Cytophagales|f__Cyclobacteriaceae|g__Tunicatimonas|s__|ASV_5122",-2.5675580207508,9.43677957552435,0.120483922340742,0.182010504456385,"","edgeR"
"892","ColaDeBallena - EsteroZacatecas","k__Bacteria|p__Pseudomonadota|c__Gammaproteobacteria|o__Enterobacterales|f__Pseudoalteromonadaceae|g__Pseudoalteromonas|s__|ASV_15651",3.67096585062817,8.41393682724285,0.121558497721217,0.183427957323719,"","edgeR"
"893","ColaDeBallena - EsteroZacatecas","k__Bacteria|p__Planctomycetota|c__Planctomycetes|o__Planctomycetales|f__Gimesiaceae|g__|s__|ASV_195",-3.4642526258464,8.44038130968281,0.122781323623133,0.185065690477869,"","edgeR"
"894","ColaDeBallena - EsteroZacatecas","k__Bacteria|p__Actinomycetota|c__Rubrobacteria|o__Rubrobacterales|f__Rubrobacteriaceae|g__Rubrobacter|s__|ASV_2748",6.43182650395957,8.20575681088139,0.123797141975082,0.186388090714162,"","edgeR"
"895","ColaDeBallena - EsteroZacatecas","k__Bacteria|p__Pseudomonadota|c__Alphaproteobacteria|o__Rhodobacterales|f__Paracoccaceae|g__Limibaculum|s__|ASV_5904",-2.35989396507825,8.80621785318119,0.124258514310425,0.186580806421801,"","edgeR"
"896","ColaDeBallena - EsteroZacatecas","k__Bacteria|p__Rhodothermota|c__Rhodothermia|o__Rhodothermales|f__Rhodothermaceae|g__|s__|ASV_16022",2.99445372499432,8.32646461454517,0.124334803745242,0.186580806421801,"","edgeR"
"897","ColaDeBallena - EsteroZacatecas","k__Bacteria|p__Pseudomonadota|c__Gammaproteobacteria|o__Pseudomonadales|f__Cellvibrionaceae|g__|s__|ASV_9688",2.21457781475211,8.05605813526131,0.124384362468665,0.186580806421801,"","edgeR"
"898","ColaDeBallena - EsteroZacatecas","k__Bacteria|p__Pseudomonadota|c__Gammaproteobacteria|o__Enterobacterales|f__Alteromonadaceae|g__Aestuariibacter|s__|ASV_7925",6.41088277338114,8.19094798307528,0.124527809243097,0.186580806421801,"","edgeR"
"899","ColaDeBallena - EsteroZacatecas","k__Bacteria|p__Bacteroidota|c__Bacteroidia|o__Cytophagales|f__Cyclobacteriaceae|g__|s__|ASV_8590",6.22298611017182,8.05882669491158,0.124618235492719,0.186580806421801,"","edgeR"
"900","ColaDeBallena - EsteroZacatecas","k__Bacteria|p__Pseudomonadota|c__Alphaproteobacteria|o__Hyphomicrobiales|f__Rhizobiaceae|g__|s__|ASV_8377",6.41532935768408,8.19360078288127,0.1251621674478,0.187186974871932,"","edgeR"
"901","ColaDeBallena - EsteroZacatecas","k__Bacteria|p__Pseudomonadota|c__Alphaproteobacteria|o__|f__Neomegalonemataceae|g__Acuticoccus|s__|ASV_8326",-2.48260906319066,9.55815237489687,0.125384743614383,0.187311725754672,"","edgeR"
"902","ColaDeBallena - EsteroZacatecas","k__Bacteria|p__Pseudomonadota|c__Alphaproteobacteria|o__Rhodobacterales|f__Paracoccaceae|g__|s__|ASV_6342",-4.22129471644941,8.95748655705895,0.126948686982394,0.189437841106766,"","edgeR"
"903","ColaDeBallena - EsteroZacatecas","k__Bacteria|p__Bacteroidota|c__Bacteroidia|o__Flavobacteriales|f__Flavobacteriaceae|g__Gramella|s__|ASV_2541",1.46619421090224,13.0808611811801,0.128323605299744,0.191277489184336,"","edgeR"
"904","ColaDeBallena - EsteroZacatecas","k__Bacteria|p__Pseudomonadota|c__Alphaproteobacteria|o__Rhodobacterales|f__Paracoccaceae|g__Marivita|s__|ASV_10920",6.05447211071402,7.94362473302702,0.128601462334687,0.191296841334331,"","edgeR"
"905","ColaDeBallena - EsteroZacatecas","k__Bacteria|p__Pseudomonadota|c__Gammaproteobacteria|o__Burkholderiales|f__Nitrosomonadaceae|g__|s__|ASV_10411",-3.62379613468855,8.12979411305119,0.128620833140839,0.191296841334331,"","edgeR"
"906","ColaDeBallena - EsteroZacatecas","k__Bacteria|p__Chloroflexota|c__Anaerolineae|o__Aggregatilineales|f__A4b|g__|s__|ASV_6142",6.05447199200818,7.94362473302702,0.128951828780951,0.191577440992451,"","edgeR"
"907","ColaDeBallena - EsteroZacatecas","k__Bacteria|p__Pseudomonadota|c__Alphaproteobacteria|o__Rhodobacterales|f__Paracoccaceae|g__Palleronia-Pseudomaribius|s__|ASV_6338",-2.68529744408658,12.317315727266,0.129228253674077,0.191746479304584,"","edgeR"
"908","ColaDeBallena - EsteroZacatecas","k__Bacteria|p__Chloroflexota|c__Anaerolineae|o__Caldilineales|f__Caldilineaceae|g__|s__|ASV_1515",5.9883955328386,7.89887341699619,0.129350522443211,0.191746479304584,"","edgeR"
"909","ColaDeBallena - EsteroZacatecas","k__Bacteria|p__Rhodothermota|c__Rhodothermia|o__Rhodothermales|f__Rhodothermaceae|g__Rubricoccus|s__|ASV_7519",-1.79324978455151,10.3630920824994,0.129501467085228,0.191759048071195,"","edgeR"
"910","ColaDeBallena - EsteroZacatecas","k__Bacteria|p__Deinococcota|c__Deinococci|o__Deinococcales|f__Trueperaceae|g__Truepera|s__|ASV_12777",5.79205943632625,7.77454985388081,0.130289723102016,0.19271424977507,"","edgeR"
"911","ColaDeBallena - EsteroZacatecas","k__Bacteria|p__Rhodothermota|c__Rhodothermia|o__Rhodothermales|f__Rhodothermaceae|g__Rubrivirga|s__|ASV_11310",3.6050948679085,8.30453906100566,0.130625405680898,0.192998678426442,"","edgeR"
"912","ColaDeBallena - EsteroZacatecas","k__Bacteria|p__Rhodothermota|c__Rhodothermia|o__Rhodothermales|f__Rhodothermaceae|g__Rubrivirga|s__|ASV_7501",-3.70622019689961,8.90338372434634,0.130900805089486,0.193193512774614,"","edgeR"
"913","ColaDeBallena - EsteroZacatecas","k__Bacteria|p__Bacillota|c__Clostridia|o__Oscillospirales|f__Oscillospiraceae|g__|s__|ASV_10387",-4.715099446843,8.72152854086073,0.131710358614098,0.194175402732285,"","edgeR"
"914","ColaDeBallena - EsteroZacatecas","k__Bacteria|p__Chloroflexota|c__Anaerolineae|o__Aggregatilineales|f__A4b|g__|s__|ASV_15923",1.00210125555851,10.9484348670921,0.132170048305466,0.194639917964067,"","edgeR"
"915","ColaDeBallena - EsteroZacatecas","k__Bacteria|p__Myxococcota|c__Polyangiia|o__Polyangiales|f__Sandaracinaceae|g__|s__|ASV_12484",-6.35374139152838,8.16126582393967,0.132806783389965,0.195363858407534,"","edgeR"
"916","ColaDeBallena - EsteroZacatecas","k__Bacteria|p__Pseudomonadota|c__Alphaproteobacteria|o__|f__Neomegalonemataceae|g__Acuticoccus|s__|ASV_9958",4.03310960682817,8.60549853565008,0.134277096785815,0.1973111051023,"","edgeR"
"917","ColaDeBallena - EsteroZacatecas","k__Bacteria|p__Pseudomonadota|c__Alphaproteobacteria|o__|f__Neomegalonemataceae|g__Acuticoccus|s__|ASV_2125",3.20634537771287,8.37175566624812,0.136502647357985,0.200362664497107,"","edgeR"
"918","ColaDeBallena - EsteroZacatecas","k__Bacteria|p__Dependentiae|c__Babeliae|o__Babeliales|f__Vermiphilaceae|g__|s__|ASV_7801",-6.27424159968725,8.10073496394237,0.137315238707353,0.201335851089431,"","edgeR"
"919","ColaDeBallena - EsteroZacatecas","k__Bacteria|p__Rhodothermota|c__Rhodothermia|o__Rhodothermales|f__Rhodothermaceae|g__Rubrivirga|s__|ASV_9477",3.67429543511829,8.69750319967979,0.139226166707516,0.203915582577058,"","edgeR"
"920","ColaDeBallena - EsteroZacatecas","k__Bacteria|p__Bacteroidota|c__Bacteroidia|o__Flavobacteriales|f__Cryomorphaceae|g__Vicingus|s__|ASV_8806",2.90339325438852,8.5726384775817,0.1407281558533,0.20589141062885,"","edgeR"
"921","ColaDeBallena - EsteroZacatecas","k__Bacteria|p__Thermodesulfobacteriota|c__Desulfobacteria|o__Desulfobacterales|f__Desulfosarcinaceae|g__Desulfatitalea|s__|ASV_5386",-6.17743969583927,8.03050181074625,0.141741848784257,0.2071493251505,"","edgeR"
"922","ColaDeBallena - EsteroZacatecas","k__Bacteria|p__Pseudomonadota|c__Gammaproteobacteria|o__Steroidobacterales|f__Woeseiaceae|g__Woeseia|s__|ASV_14902",-3.54892462247259,8.18142707736636,0.142706085375009,0.208332311187377,"","edgeR"
"923","ColaDeBallena - EsteroZacatecas","k__Bacteria|p__Planctomycetota|c__Planctomycetes|o__Pirellulales|f__Pirellulaceae|g__Pir4_lineage|s__|ASV_1166",2.63312339809428,7.92346518670911,0.145373976214219,0.21182727509937,"","edgeR"
"924","ColaDeBallena - EsteroZacatecas","k__Bacteria|p__Pseudomonadota|c__Alphaproteobacteria|o__Rhodobacterales|f__Paracoccaceae|g__Allosediminivita|s__|ASV_1930",-1.83391404808164,9.91710482878227,0.145414860469404,0.21182727509937,"","edgeR"
"925","ColaDeBallena - EsteroZacatecas","k__Bacteria|p__Bacteroidota|c__Bacteroidia|o__Cytophagales|f__Cyclobacteriaceae|g__Fulvivirga|s__|ASV_15281",3.65105424410591,8.90933865268714,0.146059353201952,0.212474336340148,"","edgeR"
"926","ColaDeBallena - EsteroZacatecas","k__Bacteria|p__Rhodothermota|c__Rhodothermia|o__Rhodothermales|f__Rhodothermaceae|g__|s__|ASV_10440",-2.58824037704308,9.93435287118822,0.146174766308304,0.212474336340148,"","edgeR"
"927","ColaDeBallena - EsteroZacatecas","k__Bacteria|p__Pseudomonadota|c__Gammaproteobacteria|o__Pseudomonadales|f__Cellvibrionaceae|g__|s__|ASV_13870",-1.88528818205794,9.41741106703961,0.147322726898175,0.213911963759379,"","edgeR"
"928","ColaDeBallena - EsteroZacatecas","k__Bacteria|p__Pseudomonadota|c__Alphaproteobacteria|o__Sphingomonadales|f__Sphingomonadaceae|g__|s__|ASV_8066",-2.78628676582876,9.12708754734581,0.147738390265152,0.214270432983956,"","edgeR"
"929","ColaDeBallena - EsteroZacatecas","k__Bacteria|p__Bacteroidota|c__Bacteroidia|o__Bacteroidales|f__Marinilabiliaceae|g__|s__|ASV_9761",-4.04070671683999,8.01813499845036,0.148005522319391,0.214270432983956,"","edgeR"
"930","ColaDeBallena - EsteroZacatecas","k__Bacteria|p__Bacteroidota|c__Bacteroidia|o__Bacteroidales|f__Bacteroidetes_BD2-2|g__|s__|ASV_6489",-2.58734351785095,9.31289417989397,0.148047178807637,0.214270432983956,"","edgeR"
"931","ColaDeBallena - EsteroZacatecas","k__Bacteria|p__Pseudomonadota|c__Alphaproteobacteria|o__Kiloniellales|f__Kiloniellaceae|g__Pelagibius|s__|ASV_14443",-5.93671171554145,7.86822882930729,0.148379709858515,0.214521041320689,"","edgeR"
"932","ColaDeBallena - EsteroZacatecas","k__Bacteria|p__Pseudomonadota|c__Alphaproteobacteria|o__Kiloniellales|f__Kiloniellaceae|g__Pelagibius|s__|ASV_15689",-5.89215365154204,7.83881542822173,0.149125903928236,0.215368526488633,"","edgeR"
"933","ColaDeBallena - EsteroZacatecas","k__Bacteria|p__Bacteroidota|c__Bacteroidia|o__Flavobacteriales|f__Flavobacteriaceae|g__Robiginitalea|s__|ASV_14687",3.64055679805016,9.04907698457896,0.151586642710467,0.218687696772013,"","edgeR"
"934","ColaDeBallena - EsteroZacatecas","k__Bacteria|p__Bacteroidota|c__Bacteroidia|o__Cytophagales|f__Cyclobacteriaceae|g__Marinoscillum|s__|ASV_7402",1.87800222673236,8.6498508342459,0.152055232637217,0.219128847033934,"","edgeR"
"935","ColaDeBallena - EsteroZacatecas","k__Bacteria|p__Actinomycetota|c__Acidimicrobiia|o__Acidimicrobiales|f__Acidimicrobiaceae|g__|s__|ASV_9339",-2.89939772368095,7.86308867791073,0.153026747929159,0.22029305102957,"","edgeR"
"936","ColaDeBallena - EsteroZacatecas","k__Bacteria|p__Pseudomonadota|c__Gammaproteobacteria|o__Salinisphaerales|f__Salinisphaeraceae|g__Salinisphaera|s__|ASV_136",-2.09481006240596,10.2195064076865,0.155351825390078,0.223289873954476,"","edgeR"
"937","ColaDeBallena - EsteroZacatecas","k__Bacteria|p__Pseudomonadota|c__Alphaproteobacteria|o__Rhodobacterales|f__Paracoccaceae|g__Limibaculum|s__|ASV_13046",1.78774531245969,8.86734990355609,0.155440276296689,0.223289873954476,"","edgeR"
"938","ColaDeBallena - EsteroZacatecas","k__Bacteria|p__Pseudomonadota|c__Gammaproteobacteria|o__Pseudomonadales|f__Halieaceae|g__Parahaliea|s__|ASV_7963",-2.66886291823661,8.64373485862008,0.155660734616682,0.223368175686625,"","edgeR"
"939","ColaDeBallena - EsteroZacatecas","k__Bacteria|p__Verrucomicrobiota|c__Verrucomicrobiia|o__Verrucomicrobiales|f__DEV007|g__|s__|ASV_12367",1.61499221441038,10.0077942201047,0.155880006107311,0.22344460939344,"","edgeR"
"940","ColaDeBallena - EsteroZacatecas","k__Bacteria|p__Pseudomonadota|c__Alphaproteobacteria|o__Sphingomonadales|f__Sphingomonadaceae|g__Sphingomicrobium|s__|ASV_14557",3.17795981302067,8.87314679323425,0.157441614899825,0.225442993250175,"","edgeR"
"941","ColaDeBallena - EsteroZacatecas","k__Bacteria|p__Pseudomonadota|c__Gammaproteobacteria|o__Pseudomonadales|f__Alcanivoracaceae|g__Ketobacter|s__|ASV_15924",-3.80341925558198,8.35804580174088,0.157875234227149,0.225823661285592,"","edgeR"
"942","ColaDeBallena - EsteroZacatecas","k__Bacteria|p__Actinomycetota|c__Actinobacteria|o__Nitriliruptorales|f__Nitriliruptoraceae|g__|s__|ASV_9152",-5.71174252466851,7.72963559359148,0.158393956764215,0.226103000081981,"","edgeR"
"943","ColaDeBallena - EsteroZacatecas","k__Bacteria|p__Bacteroidota|c__Bacteroidia|o__Bacteroidales|f__Prolixibacteraceae|g__|s__|ASV_1501",-3.39011579958996,8.07492590107763,0.158406485198595,0.226103000081981,"","edgeR"
"944","ColaDeBallena - EsteroZacatecas","k__Bacteria|p__Planctomycetota|c__Planctomycetes|o__Pirellulales|f__Pirellulaceae|g__Rhodopirellula|s__|ASV_14365",4.21297236025415,8.02702991369378,0.158641871927941,0.226199109761661,"","edgeR"
"945","ColaDeBallena - EsteroZacatecas","k__Bacteria|p__Rhodothermota|c__Rhodothermia|o__Rhodothermales|f__Rhodothermaceae|g__|s__|ASV_12652",1.39376969882285,11.548049129072,0.162407751779398,0.231323633751396,"","edgeR"
"946","ColaDeBallena - EsteroZacatecas","k__Bacteria|p__Pseudomonadota|c__Gammaproteobacteria|o__Enterobacterales|f__Vibrionaceae|g__|s__|ASV_4625",3.01519429115392,9.96029205865497,0.164842776102237,0.23454373851333,"","edgeR"
"947","ColaDeBallena - EsteroZacatecas","k__Bacteria|p__Pseudomonadota|c__Alphaproteobacteria|o__Sphingomonadales|f__Sphingomonadaceae|g__Altericroceibacterium|s__|ASV_8248",-2.31642012523906,8.54460736770386,0.168833813670897,0.239968651743429,"","edgeR"
"948","ColaDeBallena - EsteroZacatecas","k__Bacteria|p__Pseudomonadota|c__Alphaproteobacteria|o__Hyphomicrobiales|f__Rhizobiaceae|g__|s__|ASV_664",-1.27981079851268,10.7237320644093,0.171104154678653,0.242909611754156,"","edgeR"
"949","ColaDeBallena - EsteroZacatecas","k__Bacteria|p__Pseudomonadota|c__Gammaproteobacteria|o__Pseudomonadales|f__Spongiibacteraceae|g__|s__|ASV_529",2.06822596031458,8.98204177699849,0.171263909030233,0.242909611754156,"","edgeR"
"950","ColaDeBallena - EsteroZacatecas","k__Bacteria|p__Pseudomonadota|c__Alphaproteobacteria|o__Rhodobacterales|f__Paracoccaceae|g__|s__|ASV_4203",3.61291062781087,8.14730204759639,0.172422706432604,0.244164429413953,"","edgeR"
"951","ColaDeBallena - EsteroZacatecas","k__Bacteria|p__Thermodesulfobacteriota|c__Desulfuromonadia|o__Desulfuromonadales|f__Sva1033|g__|s__|ASV_14710",-3.37594419389427,8.37906364136706,0.172511420782073,0.244164429413953,"","edgeR"
"952","ColaDeBallena - EsteroZacatecas","k__Bacteria|p__Pseudomonadota|c__Alphaproteobacteria|o__Rhodospirillales|f__Thalassospiraceae|g__Thalassospira|s__|ASV_11925",-1.77318238162899,9.09272377336799,0.176165181115282,0.248850867588138,"","edgeR"
"953","ColaDeBallena - EsteroZacatecas","k__Bacteria|p__Rhodothermota|c__Rhodothermia|o__Rhodothermales|f__Rhodothermaceae|g__Rubrivirga|s__|ASV_15014",3.63562774421169,9.03323522404116,0.176192330469164,0.248850867588138,"","edgeR"
"954","ColaDeBallena - EsteroZacatecas","k__Bacteria|p__Rhodothermota|c__Rhodothermia|o__Rhodothermales|f__Rhodothermaceae|g__|s__|ASV_2086",1.20644432758259,12.0306503139535,0.177035044015239,0.249779003400955,"","edgeR"
"955","ColaDeBallena - EsteroZacatecas","k__Bacteria|p__Thermodesulfobacteriota|c__Desulfobacteria|o__Desulfobacterales|f__Desulfosarcinaceae|g__Sva0081_sediment_group|s__|ASV_4006",2.73909383568745,8.73494118686397,0.181338149220804,0.255582354818013,"","edgeR"
"956","ColaDeBallena - EsteroZacatecas","k__Bacteria|p__Bacteroidota|c__Bacteroidia|o__Cytophagales|f__Cyclobacteriaceae|g__Algoriphagus|s__|ASV_5399",2.64003595109187,8.01056000027949,0.185122620304145,0.260643354528639,"","edgeR"
"957","ColaDeBallena - EsteroZacatecas","k__Bacteria|p__Myxococcota|c__Polyangiia|o__Polyangiales|f__Sandaracinaceae|g__|s__|ASV_5153",2.4695666028693,10.4202053958423,0.185638013440181,0.261095889331749,"","edgeR"
"958","ColaDeBallena - EsteroZacatecas","k__Bacteria|p__Pseudomonadota|c__Gammaproteobacteria|o__Pseudomonadales|f__Cellvibrionaceae|g__|s__|ASV_291",-4.02029740951788,8.62088623574897,0.188101567453288,0.264284665753784,"","edgeR"
"959","ColaDeBallena - EsteroZacatecas","k__Bacteria|p__Cyanobacteriota|c__Cyanobacteriia|o__Cyanobacteriales|f__Xenococcaceae|g__Pleurocapsa_PCC-7319|s__|ASV_14705",-2.37540217277914,8.37115801575871,0.189080602293576,0.265296201287768,"","edgeR"
"960","ColaDeBallena - EsteroZacatecas","k__Bacteria|p__Acidobacteriota|c__Thermoanaerobaculia|o__Thermoanaerobaculales|f__Thermoanaerobaculaceae|g__Subgroup_10|s__|ASV_7687",4.82107503069031,8.5562003294565,0.18921571562872,0.265296201287768,"","edgeR"
"961","ColaDeBallena - EsteroZacatecas","k__Bacteria|p__Actinomycetota|c__Acidimicrobiia|o__Microtrichales|f__Ilumatobacteraceae|g__Ilumatobacter|s__|ASV_7004",-1.44800125399659,10.5559324637019,0.193210412397608,0.270615208207264,"","edgeR"
"962","ColaDeBallena - EsteroZacatecas","k__Bacteria|p__Balneolota|c__Balneolia|o__Balneolales|f__Balneolaceae|g__|s__|ASV_1012",-2.87509816176372,8.14996493312879,0.193713702365824,0.271038090836174,"","edgeR"
"963","ColaDeBallena - EsteroZacatecas","k__Bacteria|p__Bacteroidota|c__Bacteroidia|o__Chitinophagales|f__Saprospiraceae|g__Lewinella|s__|ASV_6892",1.28341968812118,10.7528816052826,0.197203780853647,0.275634775731058,"","edgeR"
"964","ColaDeBallena - EsteroZacatecas","k__Bacteria|p__Pseudomonadota|c__Alphaproteobacteria|o__Sphingomonadales|f__Sphingomonadaceae|g__|s__|ASV_13045",-3.25885100303151,9.38831543610353,0.198417708141499,0.277043812405039,"","edgeR"
"965","ColaDeBallena - EsteroZacatecas","k__Bacteria|p__Bacteroidota|c__Bacteroidia|o__Cytophagales|f__Cyclobacteriaceae|g__Tunicatimonas|s__|ASV_10497",-2.84842603906953,8.74027871960731,0.199799285584301,0.278683770359036,"","edgeR"
"966","ColaDeBallena - EsteroZacatecas","k__Bacteria|p__Acidobacteriota|c__Thermoanaerobaculia|o__Thermoanaerobaculales|f__Thermoanaerobaculaceae|g__Subgroup_10|s__|ASV_2228",-4.02272810692595,8.36784446790775,0.20131782767099,0.280511176030179,"","edgeR"
"967","ColaDeBallena - EsteroZacatecas","k__Bacteria|p__Pseudomonadota|c__Alphaproteobacteria|o__Rhodobacterales|f__Paracoccaceae|g__|s__|ASV_280",-2.05804372725855,8.22061736823343,0.202079820369096,0.281035582412259,"","edgeR"
"968","ColaDeBallena - EsteroZacatecas","k__Bacteria|p__Pseudomonadota|c__Alphaproteobacteria|o__Sphingomonadales|f__Sphingomonadaceae|g__|s__|ASV_2773",2.5339607654207,10.0972505993203,0.202111771006736,0.281035582412259,"","edgeR"
"969","ColaDeBallena - EsteroZacatecas","k__Bacteria|p__Pseudomonadota|c__Gammaproteobacteria|o__Pseudomonadales|f__Cellvibrionaceae|g__|s__|ASV_3286",-3.43699375112665,8.28783577295179,0.205101622767279,0.284898642151453,"","edgeR"
"970","ColaDeBallena - EsteroZacatecas","k__Bacteria|p__Bdellovibrionota|c__Bdellovibrionia|o__Bdellovibrionales|f__Pseudobdellovibrionaceae|g__OM27_clade|s__|ASV_3144",3.46587204257506,8.20872928334069,0.205983782352409,0.285829042315816,"","edgeR"
"971","ColaDeBallena - EsteroZacatecas","k__Bacteria|p__Bacteroidota|c__Bacteroidia|o__Cytophagales|f__Mooreiaceae|g__Mooreia|s__|ASV_5217",-1.61334824183756,8.35762878626218,0.210676678473101,0.291811500180259,"","edgeR"
"972","ColaDeBallena - EsteroZacatecas","k__Bacteria|p__Bacteroidota|c__Bacteroidia|o__Cytophagales|f__Cyclobacteriaceae|g__Tunicatimonas|s__|ASV_15191",3.55157261048601,9.20499618256566,0.210728661348597,0.291811500180259,"","edgeR"
"973","ColaDeBallena - EsteroZacatecas","k__Bacteria|p__Thermodesulfobacteriota|c__Desulfobacteria|o__Desulfobacterales|f__Desulfosarcinaceae|g__Sva0081_sediment_group|s__|ASV_4065",1.76216728180814,9.29392399989924,0.211485334222825,0.292558334906396,"","edgeR"
"974","ColaDeBallena - EsteroZacatecas","k__Bacteria|p__Bacteroidota|c__Bacteroidia|o__Cytophagales|f__Cyclobacteriaceae|g__Tunicatimonas|s__|ASV_5667",-1.42750083068212,10.6284190048287,0.212291428874104,0.293371933536493,"","edgeR"
"975","ColaDeBallena - EsteroZacatecas","k__Bacteria|p__Pseudomonadota|c__Alphaproteobacteria|o__Sphingomonadales|f__Sphingomonadaceae|g__|s__|ASV_13522",1.62330746965386,10.8902341106178,0.215468614708558,0.29744997475775,"","edgeR"
"976","ColaDeBallena - EsteroZacatecas","k__Bacteria|p__Pseudomonadota|c__Gammaproteobacteria|o__Steroidobacterales|f__Woeseiaceae|g__Woeseia|s__|ASV_8035",-2.00499631000375,8.10939978990879,0.215684379913495,0.29744997475775,"","edgeR"
"977","ColaDeBallena - EsteroZacatecas","k__Bacteria|p__Pseudomonadota|c__Alphaproteobacteria|o__Rhodobacterales|f__Paracoccaceae|g__Actibacterium|s__|ASV_6146",-2.15323263137795,11.5914752789298,0.216529262403039,0.298309505828546,"","edgeR"
"978","ColaDeBallena - EsteroZacatecas","k__Bacteria|p__Pseudomonadota|c__Gammaproteobacteria|o__Beggiatoales|f__Leucotrichaceae|g__|s__|ASV_11092",-3.07503907239659,8.35673751899835,0.216928220427695,0.298553563083515,"","edgeR"
"979","ColaDeBallena - EsteroZacatecas","k__Bacteria|p__Pseudomonadota|c__Gammaproteobacteria|o__Pseudomonadales|f__Nitrincolaceae|g__Marinobacterium|s__|ASV_12692",-2.30457191822493,7.87467858966335,0.222004981840527,0.305228504144382,"","edgeR"
"980","ColaDeBallena - EsteroZacatecas","k__Bacteria|p__Pseudomonadota|c__Gammaproteobacteria|o__Enterobacterales|f__Alteromonadaceae|g__|s__|ASV_12014",3.03452172183197,8.58106572865366,0.222524308258809,0.305630325424854,"","edgeR"
"981","ColaDeBallena - EsteroZacatecas","k__Bacteria|p__Pseudomonadota|c__Alphaproteobacteria|o__Caulobacterales|f__Hyphomonadaceae|g__Euryhalocaulis|s__|ASV_13612",-3.29436587847012,8.128026574682,0.225580088730189,0.309511518278119,"","edgeR"
"982","ColaDeBallena - EsteroZacatecas","k__Bacteria|p__Bacteroidota|c__Bacteroidia|o__Cytophagales|f__Cyclobacteriaceae|g__|s__|ASV_5830",1.86364036210435,8.44011664575037,0.226593701130242,0.310319348931343,"","edgeR"
"983","ColaDeBallena - EsteroZacatecas","k__Bacteria|p__Pseudomonadota|c__Gammaproteobacteria|o__Pseudomonadales|f__Spongiibacteraceae|g__|s__|ASV_10489",-3.04534796365095,8.59440100277575,0.226629955423113,0.310319348931343,"","edgeR"
"984","ColaDeBallena - EsteroZacatecas","k__Bacteria|p__Pseudomonadota|c__Alphaproteobacteria|o__Rhodobacterales|f__Paracoccaceae|g__Actibacterium|s__|ASV_9225",3.30113480021216,8.68654923968364,0.227406634694543,0.311066392580138,"","edgeR"
"985","ColaDeBallena - EsteroZacatecas","k__Bacteria|p__Pseudomonadota|c__Alphaproteobacteria|o__Rhodobacterales|f__Paracoccaceae|g__Palleronia-Pseudomaribius|s__|ASV_10594",-2.17727309783042,11.4856821440241,0.22967621337326,0.313851962640009,"","edgeR"
"986","ColaDeBallena - EsteroZacatecas","k__Bacteria|p__Pseudomonadota|c__Gammaproteobacteria|o__Pseudomonadales|f__Cellvibrionaceae|g__|s__|ASV_10185",-2.87610714402389,8.3762080032019,0.230903177679038,0.315208597521283,"","edgeR"
"987","ColaDeBallena - EsteroZacatecas","k__Bacteria|p__Pseudomonadota|c__Alphaproteobacteria|o__Hyphomicrobiales|f__Rhizobiaceae|g__|s__|ASV_2926",-3.38353647756386,8.20188500197863,0.233352745700387,0.318192316580065,"","edgeR"
"988","ColaDeBallena - EsteroZacatecas","k__Bacteria|p__Pseudomonadota|c__Alphaproteobacteria|o__Caulobacterales|f__Hyphomonadaceae|g__Euryhalocaulis|s__|ASV_6477",2.70757277494961,8.67570464519991,0.233561670714045,0.318192316580065,"","edgeR"
"989","ColaDeBallena - EsteroZacatecas","k__Bacteria|p__Pseudomonadota|c__Alphaproteobacteria|o__Rhodobacterales|f__Paracoccaceae|g__Limibaculum|s__|ASV_6882",-2.54372226749903,7.9466294052706,0.236245276800477,0.321522894411974,"","edgeR"
"990","ColaDeBallena - EsteroZacatecas","k__Bacteria|p__Bacteroidota|c__Bacteroidia|o__Cytophagales|f__Cyclobacteriaceae|g__|s__|ASV_10933",4.09993700361314,8.08619934867164,0.24531609705473,0.333276170347609,"","edgeR"
"991","ColaDeBallena - EsteroZacatecas","k__Bacteria|p__Pseudomonadota|c__Alphaproteobacteria|o__Rhodobacterales|f__Paracoccaceae|g__Wenxinia|s__|ASV_8558",-1.22599629926251,10.9366831873035,0.245376437455037,0.333276170347609,"","edgeR"
"992","ColaDeBallena - EsteroZacatecas","k__Bacteria|p__Actinomycetota|c__Actinobacteria|o__Nitriliruptorales|f__Nitriliruptoraceae|g__|s__|ASV_12809",-1.94298613185231,10.618930568672,0.246062007365195,0.333870425316081,"","edgeR"
"993","ColaDeBallena - EsteroZacatecas","k__Bacteria|p__Pseudomonadota|c__Alphaproteobacteria|o__Caulobacterales|f__Caulobacteraceae|g__|s__|ASV_2105",-3.19375935287836,8.02743755757472,0.247569455908197,0.335485114398925,"","edgeR"
"994","ColaDeBallena - EsteroZacatecas","k__Bacteria|p__Planctomycetota|c__Planctomycetes|o__Pirellulales|f__Pirellulaceae|g__Pir4_lineage|s__|ASV_7069",-3.1727626681985,8.44164371615956,0.247750522817631,0.335485114398925,"","edgeR"
"995","ColaDeBallena - EsteroZacatecas","k__Bacteria|p__Chloroflexota|c__Anaerolineae|o__Caldilineales|f__Caldilineaceae|g__|s__|ASV_13484",-1.73461088859188,8.56872189390522,0.249695072728246,0.337778460193185,"","edgeR"
"996","ColaDeBallena - EsteroZacatecas","k__Bacteria|p__Pseudomonadota|c__Alphaproteobacteria|o__Rhodobacterales|f__Paracoccaceae|g__|s__|ASV_12992",-1.33855452035114,10.2447253456337,0.255584897108183,0.345398866975516,"","edgeR"
"997","ColaDeBallena - EsteroZacatecas","k__Bacteria|p__Rhodothermota|c__Rhodothermia|o__Rhodothermales|f__Rhodothermaceae|g__Rubrivirga|s__|ASV_10530",2.36232527524163,8.91916520918694,0.256634364869118,0.346469262902541,"","edgeR"
"998","ColaDeBallena - EsteroZacatecas","k__Bacteria|p__Pseudomonadota|c__Alphaproteobacteria|o__Hyphomicrobiales|f__Rhizobiaceae|g__Oricola|s__|ASV_10272",-2.7649667327447,8.16881398925793,0.258158045226912,0.348177083041506,"","edgeR"
"999","ColaDeBallena - EsteroZacatecas","k__Bacteria|p__Bacteroidota|c__Bacteroidia|o__Flavobacteriales|f__Flavobacteriaceae|g__Gramella|s__|ASV_15214",3.58875929861389,9.89431410294858,0.259020417067758,0.348990471845047,"","edgeR"
"1000","ColaDeBallena - EsteroZacatecas","k__Bacteria|p__Pseudomonadota|c__Alphaproteobacteria|o__Rhodobacterales|f__Paracoccaceae|g__|s__|ASV_3187",3.55043420796848,9.16537963924522,0.26304979845277,0.354065028717428,"","edgeR"
"1001","ColaDeBallena - EsteroZacatecas","k__Bacteria|p__Bacteroidota|c__Bacteroidia|o__Chitinophagales|f__Saprospiraceae|g__Lewinella|s__|ASV_2218",-2.51521132899626,8.72686505291835,0.264455252470691,0.355448460097539,"","edgeR"
"1002","ColaDeBallena - EsteroZacatecas","k__Bacteria|p__Pseudomonadota|c__Alphaproteobacteria|o__Rhodobacterales|f__Paracoccaceae|g__Wenxinia|s__|ASV_2338",-3.11664130455423,8.21636229792782,0.264605763014661,0.355448460097539,"","edgeR"
"1003","ColaDeBallena - EsteroZacatecas","k__Bacteria|p__Chloroflexota|c__Anaerolineae|o__Aggregatilineales|f__A4b|g__|s__|ASV_6654",2.54290520265922,8.7829642572326,0.265117083229347,0.355780253266901,"","edgeR"
"1004","ColaDeBallena - EsteroZacatecas","k__Bacteria|p__Actinomycetota|c__Rubrobacteria|o__Rubrobacterales|f__Rubrobacteriaceae|g__Rubrobacter|s__|ASV_10060",1.68436947142801,11.7331272787713,0.266519359207411,0.357305834156549,"","edgeR"
"1005","ColaDeBallena - EsteroZacatecas","k__Bacteria|p__Actinomycetota|c__Actinobacteria|o__Nitriliruptorales|f__Nitriliruptoraceae|g__|s__|ASV_9881",2.16471493314806,10.452197054113,0.270139165525854,0.361798325171939,"","edgeR"
"1006","ColaDeBallena - EsteroZacatecas","k__Bacteria|p__Deinococcota|c__Deinococci|o__Deinococcales|f__Trueperaceae|g__Truepera|s__|ASV_14236",1.8709004456845,8.11757063967322,0.270431465956327,0.361829774530036,"","edgeR"
"1007","ColaDeBallena - EsteroZacatecas","k__Bacteria|p__Bacteroidota|c__Bacteroidia|o__Chitinophagales|f__Saprospiraceae|g__|s__|ASV_13366",1.42016858182478,10.5885563398065,0.274775967354133,0.367277509492217,"","edgeR"
"1008","ColaDeBallena - EsteroZacatecas","k__Bacteria|p__Pseudomonadota|c__Alphaproteobacteria|o__Tistrellales|f__Geminicoccaceae|g__|s__|ASV_4042",1.30992999456494,9.24000237485994,0.275250304444805,0.367546537482844,"","edgeR"
"1009","ColaDeBallena - EsteroZacatecas","k__Bacteria|p__Pseudomonadota|c__Gammaproteobacteria|o__Enterobacterales|f__Vibrionaceae|g__Vibrio|s__|ASV_881",3.87161473208481,8.88658914693534,0.275705937622048,0.367790081307509,"","edgeR"
"1010","ColaDeBallena - EsteroZacatecas","k__Bacteria|p__Actinomycetota|c__Actinobacteria|o__Euzebyales|f__Euzebyaceae|g__|s__|ASV_3566",-1.00058765391114,15.063111495664,0.276297681154559,0.368214533499046,"","edgeR"
"1011","ColaDeBallena - EsteroZacatecas","k__Bacteria|p__Planctomycetota|c__Planctomycetes|o__Pirellulales|f__Pirellulaceae|g__Rubripirellula|s__|ASV_7879",2.20503302740054,8.28843448749234,0.276810618697451,0.368533227266833,"","edgeR"
"1012","ColaDeBallena - EsteroZacatecas","k__Bacteria|p__Rhodothermota|c__Rhodothermia|o__Rhodothermales|f__Rhodothermaceae|g__|s__|ASV_12149",2.30525889093652,9.14666137503629,0.278888068880518,0.370932154854918,"","edgeR"
"1013","ColaDeBallena - EsteroZacatecas","k__Bacteria|p__Rhodothermota|c__Rhodothermia|o__Rhodothermales|f__Rhodothermaceae|g__|s__|ASV_15482",3.2957043328394,8.19066140115415,0.280327844718585,0.372349814754004,"","edgeR"
"1014","ColaDeBallena - EsteroZacatecas","k__Bacteria|p__Pseudomonadota|c__Gammaproteobacteria|o__Steroidobacterales|f__Woeseiaceae|g__Woeseia|s__|ASV_2719",2.66310375060569,8.28589848791555,0.280507215572481,0.372349814754004,"","edgeR"
"1015","ColaDeBallena - EsteroZacatecas","k__Bacteria|p__Pseudomonadota|c__Alphaproteobacteria|o__Kiloniellales|f__Kiloniellaceae|g__|s__|ASV_12965",-3.3910326182541,8.07071547789518,0.282561631409092,0.37450333010921,"","edgeR"
"1016","ColaDeBallena - EsteroZacatecas","k__Bacteria|p__Bacteroidota|c__Bacteroidia|o__Flavobacteriales|f__Cryomorphaceae|g__|s__|ASV_996",1.89909158837587,8.86714527999593,0.282686020349894,0.37450333010921,"","edgeR"
"1017","ColaDeBallena - EsteroZacatecas","k__Bacteria|p__Gemmatimonadota|c__Longimicrobiia|o__Longimicrobiales|f__Longimicrobiaceae|g__|s__|ASV_9886",1.16518657111413,8.66328079193545,0.283475860950492,0.374889211409474,"","edgeR"
"1018","ColaDeBallena - EsteroZacatecas","k__Bacteria|p__Actinomycetota|c__Actinobacteria|o__Nitriliruptorales|f__Nitriliruptoraceae|g__|s__|ASV_10841",-1.41437385722145,11.9581838291523,0.283534336712366,0.374889211409474,"","edgeR"
"1019","ColaDeBallena - EsteroZacatecas","k__Bacteria|p__Pseudomonadota|c__Gammaproteobacteria|o__Pseudomonadales|f__Halieaceae|g__|s__|ASV_10906",1.37393753656795,9.6118233975577,0.285251042310716,0.376690757645438,"","edgeR"
"1020","ColaDeBallena - EsteroZacatecas","k__Bacteria|p__Rhodothermota|c__Rhodothermia|o__Rhodothermales|f__Rhodothermaceae|g__|s__|ASV_15803",-1.99949688614008,8.70710129045151,0.285456591974998,0.376690757645438,"","edgeR"
"1021","ColaDeBallena - EsteroZacatecas","k__Bacteria|p__Pseudomonadota|c__Gammaproteobacteria|o__Pseudomonadales|f__Cellvibrionaceae|g__|s__|ASV_5036",-2.94820239995424,8.19035959825877,0.287564920132986,0.37910125612047,"","edgeR"
"1022","ColaDeBallena - EsteroZacatecas","k__Bacteria|p__Bacteroidota|c__Bacteroidia|o__Flavobacteriales|f__Flavobacteriaceae|g__Gramella|s__|ASV_6794",1.97746257543485,8.14134546804668,0.28985495192348,0.381746345683957,"","edgeR"
"1023","ColaDeBallena - EsteroZacatecas","k__Bacteria|p__Pseudomonadota|c__Gammaproteobacteria|o__Enterobacterales|f__Alteromonadaceae|g__Alteromonas|s__|ASV_3498",3.34868567340675,8.34645114203161,0.291624559051685,0.383701521489314,"","edgeR"
"1024","ColaDeBallena - EsteroZacatecas","k__Bacteria|p__Pseudomonadota|c__Alphaproteobacteria|o__Rhodobacterales|f__Paracoccaceae|g__Palleronia-Pseudomaribius|s__|ASV_9563",-2.32398714428284,8.7723164220178,0.294443148978439,0.387031717309549,"","edgeR"
"1025","ColaDeBallena - EsteroZacatecas","k__Bacteria|p__Actinomycetota|c__Acidimicrobiia|o__Microtrichales|f__Microtrichaceae|g__IMCC26207|s__|ASV_4676",2.07345088765462,8.14108131235431,0.296291609328407,0.389081469420522,"","edgeR"
"1026","ColaDeBallena - EsteroZacatecas","k__Bacteria|p__Bacteroidota|c__Bacteroidia|o__Cytophagales|f__Cyclobacteriaceae|g__Catalinimonas|s__|ASV_312",-0.702743565081353,9.85509522195547,0.297893997967529,0.390564389030938,"","edgeR"
"1027","ColaDeBallena - EsteroZacatecas","k__Bacteria|p__Pseudomonadota|c__Alphaproteobacteria|o__|f__Neomegalonemataceae|g__Acuticoccus|s__|ASV_9384",2.1441373169689,8.86667760785692,0.298210856332122,0.390564389030938,"","edgeR"
"1028","ColaDeBallena - EsteroZacatecas","k__Bacteria|p__Planctomycetota|c__Planctomycetes|o__Pirellulales|f__Pirellulaceae|g__|s__|ASV_9760",2.44049068366698,8.82294789322388,0.298303270358352,0.390564389030938,"","edgeR"
"1029","ColaDeBallena - EsteroZacatecas","k__Bacteria|p__Pseudomonadota|c__Alphaproteobacteria|o__Sphingomonadales|f__Sphingomonadaceae|g__Altericroceibacterium|s__|ASV_2109",-2.43537117306296,9.59020667626814,0.298581542580115,0.390564389030938,"","edgeR"
"1030","ColaDeBallena - EsteroZacatecas","k__Bacteria|p__Pseudomonadota|c__Alphaproteobacteria|o__Rhodobacterales|f__Paracoccaceae|g__|s__|ASV_14777",-2.03850060344666,9.39522628775536,0.299384768545657,0.391234852876169,"","edgeR"
"1031","ColaDeBallena - EsteroZacatecas","k__Bacteria|p__Actinomycetota|c__Actinobacteria|o__Euzebyales|f__Euzebyaceae|g__|s__|ASV_7017",1.90873806583795,10.6560145459165,0.300009390964107,0.391670844071473,"","edgeR"
"1032","ColaDeBallena - EsteroZacatecas","k__Bacteria|p__Pseudomonadota|c__Alphaproteobacteria|o__Rhodobacterales|f__Paracoccaceae|g__|s__|ASV_661",1.89315668478559,10.4415340361124,0.300894754350766,0.392446065267568,"","edgeR"
"1033","ColaDeBallena - EsteroZacatecas","k__Bacteria|p__Pseudomonadota|c__Alphaproteobacteria|o__Caulobacterales|f__Hyphomonadaceae|g__Henriciella|s__|ASV_1670",1.59576616944038,8.75580465563698,0.302792211007569,0.394538544062138,"","edgeR"
"1034","ColaDeBallena - EsteroZacatecas","k__Bacteria|p__Acidobacteriota|c__Thermoanaerobaculia|o__Thermoanaerobaculales|f__Thermoanaerobaculaceae|g__Subgroup_10|s__|ASV_9865",2.23999020602792,10.1551309200711,0.305619111769543,0.397836870833467,"","edgeR"
"1035","ColaDeBallena - EsteroZacatecas","k__Bacteria|p__Bacteroidota|c__Bacteroidia|o__Flavobacteriales|f__Flavobacteriaceae|g__Marinirhabdus|s__|ASV_7919",3.66736906986604,7.9862787470414,0.306773606145922,0.398953887799431,"","edgeR"
"1036","ColaDeBallena - EsteroZacatecas","k__Bacteria|p__Planctomycetota|c__Planctomycetes|o__Planctomycetales|f__Rubinisphaeraceae|g__Planctomicrobium|s__|ASV_4177",-2.71873297306642,7.97804938527597,0.308262673525642,0.400503434908798,"","edgeR"
"1037","ColaDeBallena - EsteroZacatecas","k__Bacteria|p__Bacteroidota|c__Bacteroidia|o__Flavobacteriales|f__Flavobacteriaceae|g__Hoppeia|s__|ASV_9379",1.9109134598962,11.4657843247409,0.313943116730153,0.407490294232195,"","edgeR"
"1038","ColaDeBallena - EsteroZacatecas","k__Bacteria|p__Rhodothermota|c__Rhodothermia|o__Rhodothermales|f__Rhodothermaceae|g__|s__|ASV_14091",0.92468687764049,12.7121645896394,0.314827444784575,0.408244451522194,"","edgeR"
"1039","ColaDeBallena - EsteroZacatecas","k__Bacteria|p__Pseudomonadota|c__Gammaproteobacteria|o__Steroidobacterales|f__Woeseiaceae|g__Woeseia|s__|ASV_11864",-2.23275432707825,8.45651123953695,0.317661797790487,0.411523368456204,"","edgeR"
"1040","ColaDeBallena - EsteroZacatecas","k__Bacteria|p__Pseudomonadota|c__Alphaproteobacteria|o__|f__Neomegalonemataceae|g__Acuticoccus|s__|ASV_13762",-1.08510206453889,9.95247671859255,0.321156912433783,0.414928301212689,"","edgeR"
"1041","ColaDeBallena - EsteroZacatecas","k__Bacteria|p__Pseudomonadota|c__Alphaproteobacteria|o__Rhodobacterales|f__Paracoccaceae|g__|s__|ASV_14237",1.28598157611997,9.44098311184814,0.321353023268433,0.414928301212689,"","edgeR"
"1042","ColaDeBallena - EsteroZacatecas","k__Bacteria|p__Bacteroidota|c__Bacteroidia|o__Cytophagales|f__Cyclobacteriaceae|g__|s__|ASV_15372",-2.23890892404673,8.35097744253859,0.321423306822093,0.414928301212689,"","edgeR"
"1043","ColaDeBallena - EsteroZacatecas","k__Bacteria|p__Actinomycetota|c__Rubrobacteria|o__Rubrobacterales|f__Rubrobacteriaceae|g__Rubrobacter|s__|ASV_2894",1.68641994992936,9.7455834913775,0.321523193287396,0.414928301212689,"","edgeR"
"1044","ColaDeBallena - EsteroZacatecas","k__Bacteria|p__Pseudomonadota|c__Gammaproteobacteria|o__Pseudomonadales|f__Marinomonadaceae|g__Marinomonas|s__|ASV_8306",1.5051336126128,9.83358032463367,0.322129210122515,0.415312180866768,"","edgeR"
"1045","ColaDeBallena - EsteroZacatecas","k__Bacteria|p__Rhodothermota|c__Rhodothermia|o__Rhodothermales|f__Rhodothermaceae|g__Rubrivirga|s__|ASV_10928",-1.75899273403977,10.0764523223371,0.323251541742649,0.416360359029288,"","edgeR"
"1046","ColaDeBallena - EsteroZacatecas","k__Bacteria|p__Actinomycetota|c__Acidimicrobiia|o__Microtrichales|f__Microtrichaceae|g__|s__|ASV_12814",-2.45180170350895,8.10044976225396,0.323718230574223,0.416562847373713,"","edgeR"
"1047","ColaDeBallena - EsteroZacatecas","k__Bacteria|p__Bacteroidota|c__Bacteroidia|o__Cytophagales|f__Cyclobacteriaceae|g__Fulvivirga|s__|ASV_9556",0.805118446377556,10.6568984593926,0.327636789624054,0.421202596785078,"","edgeR"
"1048","ColaDeBallena - EsteroZacatecas","k__Bacteria|p__Pseudomonadota|c__Gammaproteobacteria|o__Enterobacterales|f__Vibrionaceae|g__Vibrio|s__|ASV_10629",2.31843242496584,10.1474443222758,0.328284836185329,0.421633005253295,"","edgeR"
"1049","ColaDeBallena - EsteroZacatecas","k__Bacteria|p__Pseudomonadota|c__Alphaproteobacteria|o__Sphingomonadales|f__Sphingomonadaceae|g__Parasphingopyxis|s__|ASV_11051",-2.75224689307018,8.44545615387669,0.331542095402073,0.425410543766626,"","edgeR"
"1050","ColaDeBallena - EsteroZacatecas","k__Bacteria|p__Pseudomonadota|c__Alphaproteobacteria|o__Sphingomonadales|f__Sphingomonadaceae|g__Croceicoccus|s__|ASV_6402",-2.74333127121268,8.30330069463624,0.336253535216384,0.431045008001193,"","edgeR"
"1051","ColaDeBallena - EsteroZacatecas","k__Bacteria|p__Thermodesulfobacteriota|c__Desulfobulbia|o__Desulfobulbales|f__Desulfobulbaceae|g__Candidatus_Electrothrix|s__|ASV_12765",-2.47282252424901,8.5353748533547,0.337078684991137,0.431691636534795,"","edgeR"
"1052","ColaDeBallena - EsteroZacatecas","k__Bacteria|p__Planctomycetota|c__Planctomycetes|o__Pirellulales|f__Pirellulaceae|g__Rubripirellula|s__|ASV_7030",3.07141490625269,8.29665011225088,0.338556766453623,0.43286861243082,"","edgeR"
"1053","ColaDeBallena - EsteroZacatecas","k__Bacteria|p__Pseudomonadota|c__Alphaproteobacteria|o__Hyphomicrobiales|f__Rhizobiaceae|g__|s__|ASV_9642",-1.37598995097845,9.67608472377755,0.339071272062786,0.43286861243082,"","edgeR"
"1054","ColaDeBallena - EsteroZacatecas","k__Bacteria|p__Pseudomonadota|c__Alphaproteobacteria|o__Sphingomonadales|f__Sphingomonadaceae|g__|s__|ASV_4631",2.42524643408706,9.12541114459128,0.339251133632499,0.43286861243082,"","edgeR"
"1055","ColaDeBallena - EsteroZacatecas","k__Bacteria|p__Pseudomonadota|c__Alphaproteobacteria|o__Sphingomonadales|f__Sphingomonadaceae|g__Aurantiacibacter|s__|ASV_472",-1.26107935330061,10.259795162893,0.339284090724008,0.43286861243082,"","edgeR"
"1056","ColaDeBallena - EsteroZacatecas","k__Bacteria|p__Pseudomonadota|c__Gammaproteobacteria|o__Pseudomonadales|f__Marinobacteraceae|g__Marinobacter|s__|ASV_10962",-1.34006794035531,10.6029767899208,0.339627459964963,0.432896364690189,"","edgeR"
"1057","ColaDeBallena - EsteroZacatecas","k__Bacteria|p__Bacteroidota|c__Bacteroidia|o__Flavobacteriales|f__Flavobacteriaceae|g__Hoppeia|s__|ASV_11816",-1.29531054231921,12.0761254007574,0.347343301168149,0.442312283228315,"","edgeR"
"1058","ColaDeBallena - EsteroZacatecas","k__Bacteria|p__Actinomycetota|c__Actinobacteria|o__Nitriliruptorales|f__Nitriliruptoraceae|g__|s__|ASV_10455",2.41281005159848,7.84940766862208,0.350277961626631,0.445627728118568,"","edgeR"
"1059","ColaDeBallena - EsteroZacatecas","k__Bacteria|p__Cyanobacteriota|c__Cyanobacteriia|o__Cyanobacteriales|f__Xenococcaceae|g__Chroococcidiopsis_PCC-6712|s__|ASV_986",1.93299241287818,9.11901169102939,0.352025909526226,0.447428587556469,"","edgeR"
"1060","ColaDeBallena - EsteroZacatecas","k__Bacteria|p__Bacteroidota|c__Bacteroidia|o__Flavobacteriales|f__Flavobacteriaceae|g__Gramella|s__|ASV_14211",-2.58753972761434,8.42658769707922,0.354364535151912,0.449762615762274,"","edgeR"
"1061","ColaDeBallena - EsteroZacatecas","k__Bacteria|p__Pseudomonadota|c__Alphaproteobacteria|o__Rhodobacterales|f__Paracoccaceae|g__|s__|ASV_1011",1.96243771544007,11.7790650597091,0.354530561161793,0.449762615762274,"","edgeR"
"1062","ColaDeBallena - EsteroZacatecas","k__Bacteria|p__Actinomycetota|c__Acidimicrobiia|o__Microtrichales|f__Ilumatobacteraceae|g__Ilumatobacter|s__|ASV_12667",1.16846053527737,10.1609584935645,0.355837379344997,0.450995397926899,"","edgeR"
"1063","ColaDeBallena - EsteroZacatecas","k__Bacteria|p__Pseudomonadota|c__Alphaproteobacteria|o__Rhodobacterales|f__Paracoccaceae|g__Palleronia-Pseudomaribius|s__|ASV_3202",-1.44122647304829,11.6519428650733,0.357935490943599,0.453227818259722,"","edgeR"
"1064","ColaDeBallena - EsteroZacatecas","k__Bacteria|p__Pseudomonadota|c__Alphaproteobacteria|o__Hyphomicrobiales|f__Rhizobiaceae|g__Martelella|s__|ASV_7223",3.61552761971652,7.94465900812075,0.364408743804142,0.460990760489074,"","edgeR"
"1065","ColaDeBallena - EsteroZacatecas","k__Bacteria|p__Pseudomonadota|c__Alphaproteobacteria|o__Sphingomonadales|f__Sphingomonadaceae|g__Croceibacterium|s__|ASV_3589",-1.32336676359769,9.7245849863244,0.365043513012756,0.461360158230206,"","edgeR"
"1066","ColaDeBallena - EsteroZacatecas","k__Bacteria|p__Rhodothermota|c__Rhodothermia|o__Rhodothermales|f__Rhodothermaceae|g__Rubrivirga|s__|ASV_3264",1.57036507445392,8.57142305104332,0.366209918692629,0.462366469558689,"","edgeR"
"1067","ColaDeBallena - EsteroZacatecas","k__Bacteria|p__Planctomycetota|c__Planctomycetes|o__Planctomycetales|f__Gimesiaceae|g__|s__|ASV_10539",-1.75686633805994,8.90883274050677,0.366526763015692,0.462366469558689,"","edgeR"
"1068","ColaDeBallena - EsteroZacatecas","k__Bacteria|p__Actinomycetota|c__Actinobacteria|o__Nitriliruptorales|f__Nitriliruptoraceae|g__|s__|ASV_2318",2.83625693486849,8.34083723875012,0.368675024780136,0.464640995649872,"","edgeR"
"1069","ColaDeBallena - EsteroZacatecas","k__Bacteria|p__Myxococcota|c__Polyangiia|o__Polyangiales|f__Sandaracinaceae|g__|s__|ASV_7463",1.10548120440102,9.20079403328723,0.370199561857626,0.464687222753942,"","edgeR"
"1070","ColaDeBallena - EsteroZacatecas","k__Bacteria|p__Chloroflexota|c__Anaerolineae|o__Caldilineales|f__Caldilineaceae|g__|s__|ASV_1846",0.978367257090691,9.84946351150797,0.370366003714232,0.464687222753942,"","edgeR"
"1071","ColaDeBallena - EsteroZacatecas","k__Bacteria|p__Pseudomonadota|c__Alphaproteobacteria|o__Kiloniellales|f__Kiloniellaceae|g__Limibacillus|s__|ASV_7263",-0.928885601801235,10.160352078183,0.37037662100714,0.464687222753942,"","edgeR"
"1072","ColaDeBallena - EsteroZacatecas","k__Bacteria|p__Pseudomonadota|c__Alphaproteobacteria|o__Rhodobacterales|f__Paracoccaceae|g__|s__|ASV_13400",-2.59140800973951,8.63983301176111,0.370434285736338,0.464687222753942,"","edgeR"
"1073","ColaDeBallena - EsteroZacatecas","k__Bacteria|p__Pseudomonadota|c__Alphaproteobacteria|o__Rhodobacterales|f__Paracoccaceae|g__|s__|ASV_4436",-2.88477447104556,8.06779139599014,0.370437882626285,0.464687222753942,"","edgeR"
"1074","ColaDeBallena - EsteroZacatecas","k__Bacteria|p__Bacteroidota|c__Bacteroidia|o__Flavobacteriales|f__Flavobacteriaceae|g__|s__|ASV_8065",2.59581369815195,9.51038652051608,0.370796179108671,0.464703591322412,"","edgeR"
"1075","ColaDeBallena - EsteroZacatecas","k__Bacteria|p__Actinomycetota|c__Actinobacteria|o__Euzebyales|f__Euzebyaceae|g__|s__|ASV_4057",-0.914019417961294,11.7666763420634,0.372877708773551,0.466877577682977,"","edgeR"
"1076","ColaDeBallena - EsteroZacatecas","k__Bacteria|p__Bacteroidota|c__Bacteroidia|o__Flavobacteriales|f__Flavobacteriaceae|g__|s__|ASV_13178",2.79571102677436,8.92038413669264,0.375090470677129,0.469211685438118,"","edgeR"
"1077","ColaDeBallena - EsteroZacatecas","k__Bacteria|p__Bacteroidota|c__Bacteroidia|o__Chitinophagales|f__Saprospiraceae|g__|s__|ASV_15115",2.31928228655023,7.86519331972627,0.375760904488028,0.469613906630349,"","edgeR"
"1078","ColaDeBallena - EsteroZacatecas","k__Bacteria|p__Pseudomonadota|c__Alphaproteobacteria|o__Sphingomonadales|f__Sphingomonadaceae|g__Aurantiacibacter|s__|ASV_1062",-0.968637657545167,10.8565172723633,0.379282006523828,0.473574750260736,"","edgeR"
"1079","ColaDeBallena - EsteroZacatecas","k__Bacteria|p__Actinomycetota|c__Acidimicrobiia|o__Microtrichales|f__Ilumatobacteraceae|g__Ilumatobacter|s__|ASV_3237",1.40489918815728,10.6087239961424,0.380769857910947,0.474991870943591,"","edgeR"
"1080","ColaDeBallena - EsteroZacatecas","k__Bacteria|p__Planctomycetota|c__Planctomycetes|o__Pirellulales|f__Pirellulaceae|g__Pir4_lineage|s__|ASV_12473",-0.9963055386138,9.46308402197641,0.384477973610308,0.479173474518032,"","edgeR"
"1081","ColaDeBallena - EsteroZacatecas","k__Bacteria|p__Campylobacterota|c__Campylobacteria|o__Campylobacterales|f__Sulfurovaceae|g__Sulfurovum|s__|ASV_12204",-2.03480954581635,8.78308467637461,0.386513021785118,0.481264132583505,"","edgeR"
"1082","ColaDeBallena - EsteroZacatecas","k__Bacteria|p__Pseudomonadota|c__Alphaproteobacteria|o__Rhodobacterales|f__Paracoccaceae|g__Silicimonas|s__|ASV_9670",-2.70857703402695,8.2368119649545,0.392008102118929,0.487472330737547,"","edgeR"
"1083","ColaDeBallena - EsteroZacatecas","k__Bacteria|p__Actinomycetota|c__Acidimicrobiia|o__Microtrichales|f__Microtrichaceae|g__Sva0996_marine_group|s__|ASV_8762",2.03816428566606,7.83498584411737,0.392223279486451,0.487472330737547,"","edgeR"
"1084","ColaDeBallena - EsteroZacatecas","k__Bacteria|p__Planctomycetota|c__Planctomycetes|o__Pirellulales|f__Pirellulaceae|g__Bythopirellula|s__|ASV_2681",-2.17053499972346,8.41015451699013,0.392683772780651,0.487594426349406,"","edgeR"
"1085","ColaDeBallena - EsteroZacatecas","k__Bacteria|p__Actinomycetota|c__Actinobacteria|o__Euzebyales|f__Euzebyaceae|g__Euzebya|s__|ASV_13638",-1.3666941903143,8.92774390866761,0.39602056461308,0.491284497667471,"","edgeR"
"1086","ColaDeBallena - EsteroZacatecas","k__Bacteria|p__Pseudomonadota|c__Alphaproteobacteria|o__Sphingomonadales|f__Sphingomonadaceae|g__|s__|ASV_6423",-1.32900407867468,8.74774458497014,0.397772946643227,0.493004038841421,"","edgeR"
"1087","ColaDeBallena - EsteroZacatecas","k__Bacteria|p__Bacteroidota|c__Bacteroidia|o__Cytophagales|f__Cyclobacteriaceae|g__|s__|ASV_14628",2.36027087626874,8.68596059138832,0.399120711847107,0.494219391118864,"","edgeR"
"1088","ColaDeBallena - EsteroZacatecas","k__Bacteria|p__Chloroflexota|c__Anaerolineae|o__Anaerolineales|f__Anaerolineaceae|g__ADurb.Bin120|s__|ASV_707",-2.41465521033408,8.26664551129114,0.401921443016745,0.497230020496818,"","edgeR"
"1089","ColaDeBallena - EsteroZacatecas","k__Bacteria|p__Bacteroidota|c__Bacteroidia|o__Cytophagales|f__Cyclobacteriaceae|g__Fulvivirga|s__|ASV_9806",3.30764952357715,8.45944779917006,0.403553254814603,0.498790340661575,"","edgeR"
"1090","ColaDeBallena - EsteroZacatecas","k__Bacteria|p__Actinomycetota|c__Rubrobacteria|o__Rubrobacterales|f__Rubrobacteriaceae|g__Rubrobacter|s__|ASV_9121",2.69124089748595,8.56036023736639,0.404988282925159,0.500104797080058,"","edgeR"
"1091","ColaDeBallena - EsteroZacatecas","k__Bacteria|p__Pseudomonadota|c__Alphaproteobacteria|o__Caulobacterales|f__Parvularculaceae|g__Parvularcula|s__|ASV_7821",1.96719519476013,7.75163624069202,0.406865792866304,0.501962747202608,"","edgeR"
"1092","ColaDeBallena - EsteroZacatecas","k__Bacteria|p__Pseudomonadota|c__Alphaproteobacteria|o__Rhodobacterales|f__Paracoccaceae|g__Maribius|s__|ASV_6628",-1.3356778339417,10.8781468028061,0.410342136090606,0.505788017562231,"","edgeR"
"1093","ColaDeBallena - EsteroZacatecas","k__Bacteria|p__Bacteroidota|c__Bacteroidia|o__Flavobacteriales|f__Flavobacteriaceae|g__Winogradskyella|s__|ASV_13686",-2.3418148775304,8.18752095671857,0.412274856224293,0.507705358168251,"","edgeR"
"1094","ColaDeBallena - EsteroZacatecas","k__Bacteria|p__Gemmatimonadota|c__Longimicrobiia|o__Longimicrobiales|f__Longimicrobiaceae|g__|s__|ASV_5599",2.89585662263571,7.92964093124565,0.413423985617787,0.508655104791171,"","edgeR"
"1095","ColaDeBallena - EsteroZacatecas","k__Bacteria|p__Planctomycetota|c__Planctomycetes|o__Pirellulales|f__Pirellulaceae|g__Blastopirellula|s__|ASV_5985",0.999257155523659,8.97166182381263,0.41450162739071,0.509515242436435,"","edgeR"
"1096","ColaDeBallena - EsteroZacatecas","k__Bacteria|p__Thermodesulfobacteriota|c__Desulfobacteria|o__Desulfobacterales|f__Desulfatirhabdiaceae|g__|s__|ASV_13954",-2.25990824551389,8.27702443228146,0.416376975381451,0.511353475240358,"","edgeR"
"1097","ColaDeBallena - EsteroZacatecas","k__Bacteria|p__Pseudomonadota|c__Alphaproteobacteria|o__Rhodobacterales|f__Paracoccaceae|g__Actibacterium|s__|ASV_9420",2.59940831996635,8.60118688794257,0.417363821317408,0.512098180030293,"","edgeR"
"1098","ColaDeBallena - EsteroZacatecas","k__Bacteria|p__Pseudomonadota|c__Alphaproteobacteria|o__Sphingomonadales|f__Sphingomonadaceae|g__|s__|ASV_7123",-0.632703175350212,9.73176058579977,0.41873811516582,0.513316487261561,"","edgeR"
"1099","ColaDeBallena - EsteroZacatecas","k__Bacteria|p__Myxococcota|c__Polyangiia|o__Polyangiales|f__Sandaracinaceae|g__|s__|ASV_5363",-1.98196321037486,8.15318396831598,0.422842229364193,0.517773537561566,"","edgeR"
"1100","ColaDeBallena - EsteroZacatecas","k__Bacteria|p__Rhodothermota|c__Rhodothermia|o__Rhodothermales|f__Rhodothermaceae|g__|s__|ASV_11919",1.80715417680272,8.65361934449269,0.423143307071117,0.517773537561566,"","edgeR"
"1101","ColaDeBallena - EsteroZacatecas","k__Bacteria|p__Pseudomonadota|c__Alphaproteobacteria|o__Rhodobacterales|f__Paracoccaceae|g__|s__|ASV_3279",-2.42702399138504,7.95935073151234,0.423906902619289,0.518236776499148,"","edgeR"
"1102","ColaDeBallena - EsteroZacatecas","k__Bacteria|p__Pseudomonadota|c__Gammaproteobacteria|o__Granulosicoccales|f__Granulosicoccaceae|g__Granulosicoccus|s__|ASV_13753",2.21354616437733,8.14905627822846,0.424301952680368,0.518249027502519,"","edgeR"
"1103","ColaDeBallena - EsteroZacatecas","k__Bacteria|p__Actinomycetota|c__Acidimicrobiia|o__Microtrichales|f__Ilumatobacteraceae|g__Ilumatobacter|s__|ASV_249",0.838330665502175,11.4147428330574,0.429096140046474,0.523629559839124,"","edgeR"
"1104","ColaDeBallena - EsteroZacatecas","k__Bacteria|p__Pseudomonadota|c__Alphaproteobacteria|o__Sphingomonadales|f__Sphingomonadaceae|g__|s__|ASV_9967",1.67234722588551,9.20058256159538,0.434251341770542,0.529147882852082,"","edgeR"
"1105","ColaDeBallena - EsteroZacatecas","k__Bacteria|p__Thermodesulfobacteriota|c__Desulfobacteria|o__Desulfobacterales|f__Desulfosarcinaceae|g__|s__|ASV_7814",0.985592211483822,9.62914842543509,0.434404465491494,0.529147882852082,"","edgeR"
"1106","ColaDeBallena - EsteroZacatecas","k__Bacteria|p__Actinomycetota|c__Acidimicrobiia|o__Microtrichales|f__Ilumatobacteraceae|g__Ilumatobacter|s__|ASV_14205",-1.06062151967096,10.5720932865397,0.436326291456076,0.531008307685242,"","edgeR"
"1107","ColaDeBallena - EsteroZacatecas","k__Bacteria|p__Gemmatimonadota|c__Longimicrobiia|o__Longimicrobiales|f__Longimicrobiaceae|g__|s__|ASV_5611",1.26531428948373,9.10942900023229,0.43734596150735,0.53176844100171,"","edgeR"
"1108","ColaDeBallena - EsteroZacatecas","k__Bacteria|p__Actinomycetota|c__Actinobacteria|o__Euzebyales|f__Euzebyaceae|g__|s__|ASV_3368",-2.12726827024865,8.46231041165285,0.439728895028346,0.534183296668009,"","edgeR"
"1109","ColaDeBallena - EsteroZacatecas","k__Bacteria|p__Acidobacteriota|c__Blastocatellia|o__Blastocatellales|f__Blastocatellaceae|g__Blastocatella|s__|ASV_6534",1.9890466129472,8.32135333243176,0.440294078112773,0.534356086741674,"","edgeR"
"1110","ColaDeBallena - EsteroZacatecas","k__Bacteria|p__Actinomycetota|c__Actinobacteria|o__Frankiales|f__Geodermatophilaceae|g__Geodermatophilus|s__|ASV_9635",-1.58558875461439,8.53153859244415,0.440665123538824,0.534356086741674,"","edgeR"
"1111","ColaDeBallena - EsteroZacatecas","k__Bacteria|p__Pseudomonadota|c__Gammaproteobacteria|o__Pseudomonadales|f__Halieaceae|g__Haliea|s__|ASV_5047",0.893268146835365,9.42856691449437,0.441177256615168,0.534495578221436,"","edgeR"
"1112","ColaDeBallena - EsteroZacatecas","k__Bacteria|p__Planctomycetota|c__Planctomycetes|o__Planctomycetales|f__Rubinisphaeraceae|g__Planctomicrobium|s__|ASV_10419",2.81243934826263,8.12674610597617,0.444718527725289,0.538301383379711,"","edgeR"
"1113","ColaDeBallena - EsteroZacatecas","k__Bacteria|p__Actinomycetota|c__Acidimicrobiia|o__Microtrichales|f__Ilumatobacteraceae|g__Ilumatobacter|s__|ASV_5501",-2.12534120287238,8.71737006673944,0.445265267917205,0.53847893137157,"","edgeR"
"1114","ColaDeBallena - EsteroZacatecas","k__Bacteria|p__Pseudomonadota|c__Alphaproteobacteria|o__Sphingomonadales|f__Sphingomonadaceae|g__|s__|ASV_2700",1.49889548904321,11.0378490392457,0.446745314657169,0.53978383620157,"","edgeR"
"1115","ColaDeBallena - EsteroZacatecas","k__Bacteria|p__Cyanobacteriota|c__Cyanobacteriia|o__Cyanobacteriales|f__Xenococcaceae|g__Pleurocapsa_PCC-7319|s__|ASV_14141",-2.38839047154541,8.0608943589887,0.447849111873904,0.540632201419081,"","edgeR"
"1116","ColaDeBallena - EsteroZacatecas","k__Bacteria|p__Chloroflexota|c__Anaerolineae|o__Caldilineales|f__Caldilineaceae|g__|s__|ASV_15048",-1.49691349899471,9.17881921281941,0.448486464879746,0.540916471082561,"","edgeR"
"1117","ColaDeBallena - EsteroZacatecas","k__Bacteria|p__Bacteroidota|c__Bacteroidia|o__Flavobacteriales|f__Flavobacteriaceae|g__|s__|ASV_12272",-1.84176480547998,8.03681741329105,0.449094301799894,0.541164664478655,"","edgeR"
"1118","ColaDeBallena - EsteroZacatecas","k__Bacteria|p__Actinomycetota|c__Actinobacteria|o__Nitriliruptorales|f__Nitriliruptoraceae|g__|s__|ASV_633",-2.7623550372626,8.12628907432775,0.449774417565483,0.541499432954508,"","edgeR"
"1119","ColaDeBallena - EsteroZacatecas","k__Bacteria|p__Thermodesulfobacteriota|c__Desulfobacteria|o__Desulfobacterales|f__Desulfosarcinaceae|g__Desulfosarcina|s__|ASV_14382",-2.14057825146396,8.42721972241676,0.452052011269917,0.543755144923422,"","edgeR"
"1120","ColaDeBallena - EsteroZacatecas","k__Bacteria|p__Pseudomonadota|c__Alphaproteobacteria|o__Sphingomonadales|f__Sphingomonadaceae|g__Croceibacterium|s__|ASV_13774",-0.788017568372866,9.08066446432202,0.453351101146896,0.544554860328564,"","edgeR"
"1121","ColaDeBallena - EsteroZacatecas","k__Bacteria|p__Pseudomonadota|c__Alphaproteobacteria|o__|f__Neomegalonemataceae|g__Acuticoccus|s__|ASV_1871",-1.0909428322034,8.81684120973611,0.453526001804101,0.544554860328564,"","edgeR"
"1122","ColaDeBallena - EsteroZacatecas","k__Bacteria|p__Pseudomonadota|c__Alphaproteobacteria|o__Rhodobacterales|f__Paracoccaceae|g__Maribius|s__|ASV_5962",2.30783152204075,8.42111478368746,0.455059083651408,0.545908668979318,"","edgeR"
"1123","ColaDeBallena - EsteroZacatecas","k__Bacteria|p__Actinomycetota|c__Rubrobacteria|o__Rubrobacterales|f__Rubrobacteriaceae|g__Rubrobacter|s__|ASV_11767",2.46037687577878,7.68900755674423,0.459863135976319,0.551180570814003,"","edgeR"
"1124","ColaDeBallena - EsteroZacatecas","k__Bacteria|p__Rhodothermota|c__Rhodothermia|o__Rhodothermales|f__Rhodothermaceae|g__|s__|ASV_1677",1.26081398748904,8.57852312955075,0.463850647452258,0.555096434610823,"","edgeR"
"1125","ColaDeBallena - EsteroZacatecas","k__Bacteria|p__Pseudomonadota|c__Alphaproteobacteria|o__Hyphomicrobiales|f__Devosiaceae|g__|s__|ASV_11111",1.77803223095014,8.00059244728819,0.464004260097258,0.555096434610823,"","edgeR"
"1126","ColaDeBallena - EsteroZacatecas","k__Bacteria|p__Pseudomonadota|c__Alphaproteobacteria|o__Rhodobacterales|f__Paracoccaceae|g__Palleronia-Pseudomaribius|s__|ASV_6542",-2.58033207203222,8.4306571931882,0.464367448270272,0.555096434610823,"","edgeR"
"1127","ColaDeBallena - EsteroZacatecas","k__Bacteria|p__Pseudomonadota|c__Alphaproteobacteria|o__Caulobacterales|f__Parvularculaceae|g__Hyphococcus|s__|ASV_5943",-2.03768406028727,7.99943555173409,0.467439802904957,0.558001409438512,"","edgeR"
"1128","ColaDeBallena - EsteroZacatecas","k__Bacteria|p__Pseudomonadota|c__Alphaproteobacteria|o__Hyphomicrobiales|f__Stappiaceae|g__Roseibium|s__|ASV_11950",-1.53453297357466,8.19195896435606,0.467626738370462,0.558001409438512,"","edgeR"
"1129","ColaDeBallena - EsteroZacatecas","k__Bacteria|p__Planctomycetota|c__Planctomycetes|o__Planctomycetales|f__Rubinisphaeraceae|g__Planctomicrobium|s__|ASV_5395",1.4963224696496,8.94474845005582,0.468963039277553,0.559100310777313,"","edgeR"
"1130","ColaDeBallena - EsteroZacatecas","k__Bacteria|p__Planctomycetota|c__Planctomycetes|o__Planctomycetales|f__Rubinisphaeraceae|g__Planctomicrobium|s__|ASV_11443",-1.55356087347982,8.62681645714376,0.469978375070831,0.559814949420653,"","edgeR"
"1131","ColaDeBallena - EsteroZacatecas","k__Bacteria|p__Pseudomonadota|c__Alphaproteobacteria|o__Hyphomicrobiales|f__Devosiaceae|g__|s__|ASV_12167",1.46513388952251,8.06523396051213,0.47204421615749,0.561778527805465,"","edgeR"
"1132","ColaDeBallena - EsteroZacatecas","k__Bacteria|p__Pseudomonadota|c__Alphaproteobacteria|o__Sphingomonadales|f__Sphingomonadaceae|g__|s__|ASV_14489",-0.805755767201771,11.6511118626447,0.47448468669527,0.564184088597026,"","edgeR"
"1133","ColaDeBallena - EsteroZacatecas","k__Bacteria|p__Bacteroidota|c__Bacteroidia|o__Cytophagales|f__Cyclobacteriaceae|g__Marinoscillum|s__|ASV_9611",0.797976322594694,9.06730802493622,0.475683572997311,0.565110405343672,"","edgeR"
"1134","ColaDeBallena - EsteroZacatecas","k__Bacteria|p__Actinomycetota|c__Acidimicrobiia|o__Microtrichales|f__Microtrichaceae|g__|s__|ASV_11033",1.4121002232126,9.02483972545505,0.47654042657136,0.565629113020327,"","edgeR"
"1135","ColaDeBallena - EsteroZacatecas","k__Bacteria|p__Pseudomonadota|c__Alphaproteobacteria|o__Kiloniellales|f__Kiloniellaceae|g__Pelagibius|s__|ASV_3850",-1.01929034094569,9.73751863221488,0.481331246705093,0.570812209748948,"","edgeR"
"1136","ColaDeBallena - EsteroZacatecas","k__Bacteria|p__Planctomycetota|c__Planctomycetes|o__Pirellulales|f__Pirellulaceae|g__Pir4_lineage|s__|ASV_11433",1.34891429436367,8.82957004715175,0.48250714944737,0.571502774861398,"","edgeR"
"1137","ColaDeBallena - EsteroZacatecas","k__Bacteria|p__Thermodesulfobacteriota|c__Desulfobacteria|o__Desulfobacterales|f__Desulfosarcinaceae|g__Desulfosarcina|s__|ASV_9396",-1.28318767757482,8.29115915697971,0.482762745183811,0.571502774861398,"","edgeR"
"1138","ColaDeBallena - EsteroZacatecas","k__Bacteria|p__Actinomycetota|c__Actinobacteria|o__Nitriliruptorales|f__Nitriliruptoraceae|g__|s__|ASV_6096",1.59874302922699,9.76031390786192,0.488733477512508,0.578062619272264,"","edgeR"
"1139","ColaDeBallena - EsteroZacatecas","k__Bacteria|p__Rhodothermota|c__Rhodothermia|o__Rhodothermales|f__Rhodothermaceae|g__|s__|ASV_5330",1.29006637573321,8.43296110047046,0.489445101771429,0.578396055297931,"","edgeR"
"1140","ColaDeBallena - EsteroZacatecas","k__Bacteria|p__Planctomycetota|c__Planctomycetes|o__Pirellulales|f__Pirellulaceae|g__Pir4_lineage|s__|ASV_6003",-1.23244342045957,9.48842784994106,0.491006758981971,0.579732541745379,"","edgeR"
"1141","ColaDeBallena - EsteroZacatecas","k__Bacteria|p__Pseudomonadota|c__Alphaproteobacteria|o__Rhodobacterales|f__Paracoccaceae|g__Palleronia-Pseudomaribius|s__|ASV_4152",1.56855645659708,8.99874250853684,0.493664884270495,0.582360152697709,"","edgeR"
"1142","ColaDeBallena - EsteroZacatecas","k__Bacteria|p__Actinomycetota|c__Actinobacteria|o__Mycobacteriales|f__Mycobacteriaceae|g__Mycobacterium|s__|ASV_8131",-1.39114532363836,8.57913313635184,0.495591991378507,0.584121559015298,"","edgeR"
"1143","ColaDeBallena - EsteroZacatecas","k__Bacteria|p__Actinomycetota|c__Actinobacteria|o__Euzebyales|f__Euzebyaceae|g__|s__|ASV_36",1.23657478282691,9.86647791700396,0.496877319888879,0.585124122983754,"","edgeR"
"1144","ColaDeBallena - EsteroZacatecas","k__Bacteria|p__Pseudomonadota|c__Alphaproteobacteria|o__Sphingomonadales|f__Sphingomonadaceae|g__|s__|ASV_10845",0.412688039609081,14.1280727736888,0.499873530819173,0.588137913009272,"","edgeR"
"1145","ColaDeBallena - EsteroZacatecas","k__Bacteria|p__Pseudomonadota|c__Alphaproteobacteria|o__Rhodobacterales|f__Paracoccaceae|g__Silicimonas|s__|ASV_10644",-0.795088757684744,9.16969706430331,0.502139070422284,0.59026831216172,"","edgeR"
"1146","ColaDeBallena - EsteroZacatecas","k__Bacteria|p__Pseudomonadota|c__Alphaproteobacteria|o__Hyphomicrobiales|f__Rhizobiaceae|g__|s__|ASV_8289",1.44415722666419,9.52679650044412,0.502620264750315,0.59026831216172,"","edgeR"
"1147","ColaDeBallena - EsteroZacatecas","k__Bacteria|p__Myxococcota|c__Polyangiia|o__Polyangiales|f__Sandaracinaceae|g__|s__|ASV_15697",-2.0326125437489,8.59197735912129,0.502999817273026,0.59026831216172,"","edgeR"
"1148","ColaDeBallena - EsteroZacatecas","k__Bacteria|p__Pseudomonadota|c__Gammaproteobacteria|o__Pseudomonadales|f__Microbulbiferaceae|g__Microbulbifer|s__|ASV_10385",-2.74025084142451,8.15121596792559,0.504684310077762,0.591729164951801,"","edgeR"
"1149","ColaDeBallena - EsteroZacatecas","k__Bacteria|p__Acidobacteriota|c__Thermoanaerobaculia|o__Thermoanaerobaculales|f__Thermoanaerobaculaceae|g__Subgroup_10|s__|ASV_4632",1.50864766971822,8.1480078612745,0.506867368229514,0.593771521006898,"","edgeR"
"1150","ColaDeBallena - EsteroZacatecas","k__Bacteria|p__Myxococcota|c__Polyangiia|o__Polyangiales|f__Sandaracinaceae|g__|s__|ASV_414",-2.63541895331355,7.85528182981612,0.507927564060203,0.594496088021767,"","edgeR"
"1151","ColaDeBallena - EsteroZacatecas","k__Bacteria|p__Pseudomonadota|c__Alphaproteobacteria|o__Sphingomonadales|f__Sphingomonadaceae|g__Parasphingopyxis|s__|ASV_11607",1.90484275986157,8.3556020352495,0.510260078808444,0.59670726852838,"","edgeR"
"1152","ColaDeBallena - EsteroZacatecas","k__Bacteria|p__Thermodesulfobacteriota|c__Desulfobulbia|o__Desulfobulbales|f__Desulfocapsaceae|g__|s__|ASV_15773",-0.620818838398067,11.4797262560487,0.510851089310516,0.59687983178121,"","edgeR"
"1153","ColaDeBallena - EsteroZacatecas","k__Bacteria|p__Rhodothermota|c__Rhodothermia|o__Rhodothermales|f__Rhodothermaceae|g__|s__|ASV_5458",1.72837173880698,7.91262963298589,0.514719629884462,0.60087824963095,"","edgeR"
"1154","ColaDeBallena - EsteroZacatecas","k__Bacteria|p__Pseudomonadota|c__Alphaproteobacteria|o__Sphingomonadales|f__Sphingomonadaceae|g__|s__|ASV_14636",-1.52374079184943,9.14833105141193,0.517160778261475,0.602968980064582,"","edgeR"
"1155","ColaDeBallena - EsteroZacatecas","k__Bacteria|p__Bacteroidota|c__Bacteroidia|o__Chitinophagales|f__Saprospiraceae|g__|s__|ASV_1242",-1.6372583602222,8.02295901419523,0.517406517068791,0.602968980064582,"","edgeR"
"1156","ColaDeBallena - EsteroZacatecas","k__Bacteria|p__Bacteroidota|c__Bacteroidia|o__Flavobacteriales|f__Flavobacteriaceae|g__Hanstruepera|s__|ASV_2269",-1.49936492561922,8.39067114394082,0.526538675042759,0.613080498795461,"","edgeR"
"1157","ColaDeBallena - EsteroZacatecas","k__Bacteria|p__Actinomycetota|c__Actinobacteria|o__Nitriliruptorales|f__Nitriliruptoraceae|g__|s__|ASV_2752",-1.02580533279445,9.40854075625248,0.527365924666978,0.613512994469967,"","edgeR"
"1158","ColaDeBallena - EsteroZacatecas","k__Bacteria|p__Pseudomonadota|c__Alphaproteobacteria|o__Sphingomonadales|f__Sphingomonadaceae|g__|s__|ASV_15186",-1.78291697941183,8.51056431508478,0.528406864741235,0.614022264331768,"","edgeR"
"1159","ColaDeBallena - EsteroZacatecas","k__Bacteria|p__Myxococcota|c__Myxococcia|o__Myxococcales|f__Myxococcaceae|g__P3OB-42|s__|ASV_1140",-1.71830144129001,7.76942658346238,0.528716050787904,0.614022264331768,"","edgeR"
"1160","ColaDeBallena - EsteroZacatecas","k__Bacteria|p__Chloroflexota|c__Anaerolineae|o__Aggregatilineales|f__A4b|g__|s__|ASV_14457",1.45473884892981,8.87681944548653,0.529816744654284,0.61477011922816,"","edgeR"
"1161","ColaDeBallena - EsteroZacatecas","k__Bacteria|p__Pseudomonadota|c__Alphaproteobacteria|o__Rhodobacterales|f__Paracoccaceae|g__Limibaculum|s__|ASV_11077",1.76363601934059,9.01959062949527,0.534641285901327,0.619833911131082,"","edgeR"
"1162","ColaDeBallena - EsteroZacatecas","k__Bacteria|p__Pseudomonadota|c__Gammaproteobacteria|o__Tenderiales|f__Tenderiaceae|g__Candidatus_Tenderia|s__|ASV_5531",1.30949141392248,8.52570232548644,0.53677358902483,0.621770439610517,"","edgeR"
"1163","ColaDeBallena - EsteroZacatecas","k__Bacteria|p__Balneolota|c__Balneolia|o__Balneolales|f__Balneolaceae|g__|s__|ASV_7903",-0.774916283548975,9.66682991065893,0.539211467631166,0.624057296157824,"","edgeR"
"1164","ColaDeBallena - EsteroZacatecas","k__Bacteria|p__Pseudomonadota|c__Alphaproteobacteria|o__Caulobacterales|f__Parvularculaceae|g__Parvularcula|s__|ASV_6944",1.07888271322761,11.1634706299042,0.543166643755743,0.628094761593841,"","edgeR"
"1165","ColaDeBallena - EsteroZacatecas","k__Bacteria|p__Pseudomonadota|c__Alphaproteobacteria|o__Sphingomonadales|f__Sphingomonadaceae|g__Parasphingopyxis|s__|ASV_5701",1.40263660992362,9.23153563516646,0.550628294691494,0.636050847338163,"","edgeR"
"1166","ColaDeBallena - EsteroZacatecas","k__Bacteria|p__Bacteroidota|c__Bacteroidia|o__Cytophagales|f__Cyclobacteriaceae|g__|s__|ASV_3907",-1.70068868012177,9.08933281011459,0.550992041602005,0.636050847338163,"","edgeR"
"1167","ColaDeBallena - EsteroZacatecas","k__Bacteria|p__Actinomycetota|c__Acidimicrobiia|o__Microtrichales|f__Iamiaceae|g__Iamia|s__|ASV_5513",0.685223058072149,10.7266896053152,0.551762585384556,0.636394550066506,"","edgeR"
"1168","ColaDeBallena - EsteroZacatecas","k__Bacteria|p__Pseudomonadota|c__Alphaproteobacteria|o__Rhodobacterales|f__Paracoccaceae|g__|s__|ASV_14570",1.60889588512425,8.18422426701178,0.557149842163941,0.642057951671802,"","edgeR"
"1169","ColaDeBallena - EsteroZacatecas","k__Bacteria|p__Pseudomonadota|c__Alphaproteobacteria|o__Sphingomonadales|f__Sphingomonadaceae|g__|s__|ASV_9738",1.62725109765657,9.00577303133545,0.560907888064718,0.645463464461397,"","edgeR"
"1170","ColaDeBallena - EsteroZacatecas","k__Bacteria|p__Pseudomonadota|c__Alphaproteobacteria|o__Sphingomonadales|f__Sphingomonadaceae|g__|s__|ASV_3847",-0.971692311786217,10.2229531628845,0.561248123547767,0.645463464461397,"","edgeR"
"1171","ColaDeBallena - EsteroZacatecas","k__Bacteria|p__Rhodothermota|c__Rhodothermia|o__Rhodothermales|f__Rhodothermaceae|g__|s__|ASV_13433",1.0459664212915,8.94587001403006,0.561543623242419,0.645463464461397,"","edgeR"
"1172","ColaDeBallena - EsteroZacatecas","k__Bacteria|p__Actinomycetota|c__Rubrobacteria|o__Rubrobacterales|f__Rubrobacteriaceae|g__Rubrobacter|s__|ASV_4417",-0.576717398738374,12.9899341250448,0.566683160192244,0.650623798056222,"","edgeR"
"1173","ColaDeBallena - EsteroZacatecas","k__Bacteria|p__Pseudomonadota|c__Gammaproteobacteria|o__Pseudomonadales|f__Halieaceae|g__Pseudohaliea|s__|ASV_9973",-0.872454409303408,9.14347289760016,0.56699978835063,0.650623798056222,"","edgeR"
"1174","ColaDeBallena - EsteroZacatecas","k__Bacteria|p__Bacteroidota|c__Bacteroidia|o__Flavobacteriales|f__Flavobacteriaceae|g__Maribacter|s__|ASV_12000",1.32216689381096,8.2943495490208,0.568086375637513,0.651315384674696,"","edgeR"
"1175","ColaDeBallena - EsteroZacatecas","k__Bacteria|p__Bacteroidota|c__Bacteroidia|o__Chitinophagales|f__Saprospiraceae|g__Lewinella|s__|ASV_474",-1.41167494704961,8.30927433008804,0.569396001171918,0.652261291555236,"","edgeR"
"1176","ColaDeBallena - EsteroZacatecas","k__Bacteria|p__Planctomycetota|c__Planctomycetes|o__Pirellulales|f__Pirellulaceae|g__Pir4_lineage|s__|ASV_6009",-1.1576608269621,8.64777860645971,0.570056275319414,0.652462369540758,"","edgeR"
"1177","ColaDeBallena - EsteroZacatecas","k__Bacteria|p__Bacteroidota|c__Bacteroidia|o__Flavobacteriales|f__Flavobacteriaceae|g__Robiginitalea|s__|ASV_13586",1.82396095752221,9.05820467140813,0.571046488940721,0.653040419808165,"","edgeR"
"1178","ColaDeBallena - EsteroZacatecas","k__Bacteria|p__Actinomycetota|c__Actinobacteria|o__Euzebyales|f__Euzebyaceae|g__Euzebya|s__|ASV_2264",-1.23398550863635,7.95850144198706,0.572242365479225,0.653852482118028,"","edgeR"
"1179","ColaDeBallena - EsteroZacatecas","k__Bacteria|p__Pseudomonadota|c__Alphaproteobacteria|o__Sphingomonadales|f__Sphingomonadaceae|g__Sphingomicrobium|s__|ASV_6904",1.78622321831936,8.17529417322034,0.579845532439646,0.661978020919222,"","edgeR"
"1180","ColaDeBallena - EsteroZacatecas","k__Bacteria|p__Pseudomonadota|c__Alphaproteobacteria|o__Sphingomonadales|f__Sphingomonadaceae|g__Croceibacterium|s__|ASV_5058",-1.41005374144227,8.58527777633459,0.58278888247387,0.664774437126973,"","edgeR"
"1181","ColaDeBallena - EsteroZacatecas","k__Bacteria|p__Actinomycetota|c__Acidimicrobiia|o__Microtrichales|f__Ilumatobacteraceae|g__Ilumatobacter|s__|ASV_1622",-0.925907945765047,9.59218884781803,0.584453342802948,0.66610855157728,"","edgeR"
"1182","ColaDeBallena - EsteroZacatecas","k__Bacteria|p__Rhodothermota|c__Rhodothermia|o__Rhodothermales|f__Rhodothermaceae|g__|s__|ASV_10153",1.02778187316274,8.82024088063976,0.590941356932915,0.672933220331391,"","edgeR"
"1183","ColaDeBallena - EsteroZacatecas","k__Bacteria|p__Actinomycetota|c__Acidimicrobiia|o__Microtrichales|f__Ilumatobacteraceae|g__Ilumatobacter|s__|ASV_9109",-0.979926522697814,9.92589115772959,0.592265488624414,0.673870961697769,"","edgeR"
"1184","ColaDeBallena - EsteroZacatecas","k__Bacteria|p__Actinomycetota|c__Actinobacteria|o__Nitriliruptorales|f__Nitriliruptoraceae|g__|s__|ASV_7144",-0.554684970299811,11.6689619323079,0.594231872674566,0.674659600978069,"","edgeR"
"1185","ColaDeBallena - EsteroZacatecas","k__Bacteria|p__Pseudomonadota|c__Alphaproteobacteria|o__Hyphomicrobiales|f__Rhizobiaceae|g__|s__|ASV_4948",0.509544737038325,10.3441922562241,0.594409409447997,0.674659600978069,"","edgeR"
"1186","ColaDeBallena - EsteroZacatecas","k__Bacteria|p__Pseudomonadota|c__Alphaproteobacteria|o__Sphingomonadales|f__Sphingomonadaceae|g__|s__|ASV_11847",1.23133703978556,8.42136015162863,0.594462323001478,0.674659600978069,"","edgeR"
"1187","ColaDeBallena - EsteroZacatecas","k__Bacteria|p__Chloroflexota|c__Anaerolineae|o__Caldilineales|f__Caldilineaceae|g__|s__|ASV_14004",-1.36096625952386,8.13301418424889,0.59561230171842,0.675395246935967,"","edgeR"
"1188","ColaDeBallena - EsteroZacatecas","k__Bacteria|p__Rhodothermota|c__Rhodothermia|o__Rhodothermales|f__Rhodothermaceae|g__|s__|ASV_14795",-0.945095360252429,9.22145329108281,0.596303489980364,0.675609846391894,"","edgeR"
"1189","ColaDeBallena - EsteroZacatecas","k__Bacteria|p__Rhodothermota|c__Rhodothermia|o__Rhodothermales|f__Rhodothermaceae|g__|s__|ASV_10187",1.69750521104744,8.27080569615138,0.599840397580073,0.67897262584055,"","edgeR"
"1190","ColaDeBallena - EsteroZacatecas","k__Bacteria|p__Thermodesulfobacteriota|c__Desulfobulbia|o__Desulfobulbales|f__Desulfocapsaceae|g__|s__|ASV_15239",-1.61279465459412,7.95858726261252,0.600280404717871,0.67897262584055,"","edgeR"
"1191","ColaDeBallena - EsteroZacatecas","k__Bacteria|p__Actinomycetota|c__Actinobacteria|o__Euzebyales|f__Euzebyaceae|g__|s__|ASV_8144",1.59680858263161,7.91795425712245,0.602366824372342,0.680760491692,"","edgeR"
"1192","ColaDeBallena - EsteroZacatecas","k__Bacteria|p__Pseudomonadota|c__Alphaproteobacteria|o__Sphingomonadales|f__Sphingomonadaceae|g__|s__|ASV_2217",-0.838051298259991,8.88096571376703,0.604785632472321,0.682920689016564,"","edgeR"
"1193","ColaDeBallena - EsteroZacatecas","k__Bacteria|p__Rhodothermota|c__Rhodothermia|o__Rhodothermales|f__Rhodothermaceae|g__|s__|ASV_7515",-1.56851278609525,7.84158678291507,0.606050083196909,0.683774863355439,"","edgeR"
"1194","ColaDeBallena - EsteroZacatecas","k__Bacteria|p__Actinomycetota|c__Actinobacteria|o__Propionibacteriales|f__Nocardioidaceae|g__Nocardioides|s__|ASV_1358",1.40469357482973,8.38255724735783,0.609340622063934,0.686911622527684,"","edgeR"
"1195","ColaDeBallena - EsteroZacatecas","k__Bacteria|p__Pseudomonadota|c__Alphaproteobacteria|o__Rhodobacterales|f__Paracoccaceae|g__Maribius|s__|ASV_4361",0.588539146743574,10.2011445418172,0.612471415248521,0.689863200773648,"","edgeR"
"1196","ColaDeBallena - EsteroZacatecas","k__Bacteria|p__Pseudomonadota|c__Gammaproteobacteria|o__Pseudomonadales|f__Marinomonadaceae|g__Marinomonas|s__|ASV_10996",1.14735414989669,8.89817025063818,0.616969021263504,0.693500535642194,"","edgeR"
"1197","ColaDeBallena - EsteroZacatecas","k__Bacteria|p__Pseudomonadota|c__Alphaproteobacteria|o__Hyphomicrobiales|f__Rhodomicrobiaceae|g__Rhodomicrobium|s__|ASV_10200",1.16618785834455,9.32554082841635,0.617105368213405,0.693500535642194,"","edgeR"
"1198","ColaDeBallena - EsteroZacatecas","k__Bacteria|p__Acidobacteriota|c__Thermoanaerobaculia|o__Thermoanaerobaculales|f__Thermoanaerobaculaceae|g__Subgroup_10|s__|ASV_11693",-1.2824968861258,8.80256034307886,0.617246390564152,0.693500535642194,"","edgeR"
"1199","ColaDeBallena - EsteroZacatecas","k__Bacteria|p__Actinomycetota|c__Actinobacteria|o__Propionibacteriales|f__Nocardioidaceae|g__Nocardioides|s__|ASV_8154",1.76344226023576,8.17430350586979,0.6183722829085,0.693757379280101,"","edgeR"
"1200","ColaDeBallena - EsteroZacatecas","k__Bacteria|p__Acidobacteriota|c__Thermoanaerobaculia|o__Thermoanaerobaculales|f__Thermoanaerobaculaceae|g__Subgroup_10|s__|ASV_642",-0.858375747243287,8.49641129668679,0.618505835910937,0.693757379280101,"","edgeR"
"1201","ColaDeBallena - EsteroZacatecas","k__Bacteria|p__Planctomycetota|c__Planctomycetes|o__Planctomycetales|f__Rubinisphaeraceae|g__|s__|ASV_9127",-0.860612208965135,8.13899241898035,0.620357991556646,0.69525550094525,"","edgeR"
"1202","ColaDeBallena - EsteroZacatecas","k__Bacteria|p__Verrucomicrobiota|c__Verrucomicrobiia|o__Opitutales|f__Puniceicoccaceae|g__Verruc-01|s__|ASV_14543",-1.43472045147124,8.20646862435706,0.622710023938195,0.69689951697933,"","edgeR"
"1203","ColaDeBallena - EsteroZacatecas","k__Bacteria|p__Rhodothermota|c__Rhodothermia|o__Rhodothermales|f__Rhodothermaceae|g__|s__|ASV_5842",-0.416055649730294,11.4470477419669,0.622860415249728,0.69689951697933,"","edgeR"
"1204","ColaDeBallena - EsteroZacatecas","k__Bacteria|p__Actinomycetota|c__Actinobacteria|o__Micrococcales|f__Intrasporangiaceae|g__|s__|ASV_82",0.421213259944245,13.0394582342895,0.624656444403175,0.698328549972321,"","edgeR"
"1205","ColaDeBallena - EsteroZacatecas","k__Bacteria|p__Pseudomonadota|c__Alphaproteobacteria|o__Rhodobacterales|f__Paracoccaceae|g__|s__|ASV_6066",1.01352479204134,8.60880611800784,0.632397790874542,0.705814826609427,"","edgeR"
"1206","ColaDeBallena - EsteroZacatecas","k__Bacteria|p__Chloroflexota|c__Anaerolineae|o__Aggregatilineales|f__A4b|g__|s__|ASV_8302",-0.952984178169492,7.9512915850349,0.632539915458983,0.705814826609427,"","edgeR"
"1207","ColaDeBallena - EsteroZacatecas","k__Bacteria|p__Thermodesulfobacteriota|c__Desulfobacteria|o__Desulfobacterales|f__Desulfosarcinaceae|g__SEEP-SRB1|s__|ASV_13449",0.75344528071209,8.09461251190933,0.633234192358412,0.705814826609427,"","edgeR"
"1208","ColaDeBallena - EsteroZacatecas","k__Bacteria|p__Pseudomonadota|c__Alphaproteobacteria|o__Sphingomonadales|f__Sphingomonadaceae|g__|s__|ASV_4999",-1.68231791180224,7.89425145435528,0.633450453598951,0.705814826609427,"","edgeR"
"1209","ColaDeBallena - EsteroZacatecas","k__Bacteria|p__Pseudomonadota|c__Alphaproteobacteria|o__Rickettsiales|f__SM2D12|g__|s__|ASV_2164",1.03660710476071,7.71177211528734,0.635305042859154,0.707295771454443,"","edgeR"
"1210","ColaDeBallena - EsteroZacatecas","k__Bacteria|p__Pseudomonadota|c__Alphaproteobacteria|o__Sphingomonadales|f__Sphingomonadaceae|g__Sphingomicrobium|s__|ASV_13291",-0.933814325039267,9.98695199059374,0.637474406792694,0.709124422762782,"","edgeR"
"1211","ColaDeBallena - EsteroZacatecas","k__Bacteria|p__Actinomycetota|c__Actinobacteria|o__Frankiales|f__Geodermatophilaceae|g__Geodermatophilus|s__|ASV_7953",-0.508233996100966,10.0124002878663,0.638856095621369,0.710074570360332,"","edgeR"
"1212","ColaDeBallena - EsteroZacatecas","k__Bacteria|p__Actinomycetota|c__Actinobacteria|o__Nitriliruptorales|f__Nitriliruptoraceae|g__|s__|ASV_13518",-0.692212160998404,10.8210757235372,0.640646674812543,0.711103948549592,"","edgeR"
"1213","ColaDeBallena - EsteroZacatecas","k__Bacteria|p__Pseudomonadota|c__Alphaproteobacteria|o__Hyphomicrobiales|f__Rhizobiaceae|g__Oricola|s__|ASV_11065",-0.718788399328751,9.34035816144855,0.640838848135702,0.711103948549592,"","edgeR"
"1214","ColaDeBallena - EsteroZacatecas","k__Bacteria|p__Pseudomonadota|c__Alphaproteobacteria|o__Caulobacterales|f__Hyphomonadaceae|g__Litorimonas|s__|ASV_15428",0.743945006567025,8.22102610705443,0.641679458337978,0.711450206691037,"","edgeR"
"1215","ColaDeBallena - EsteroZacatecas","k__Bacteria|p__Chloroflexota|c__Anaerolineae|o__Anaerolineales|f__Anaerolineaceae|g__|s__|ASV_12486",0.517684168060559,9.48257421404292,0.645236028818267,0.714804687069454,"","edgeR"
"1216","ColaDeBallena - EsteroZacatecas","k__Bacteria|p__Pseudomonadota|c__Alphaproteobacteria|o__Sphingomonadales|f__Sphingomonadaceae|g__Sphingomicrobium|s__|ASV_2882",-0.813538016167235,8.7992580611534,0.64584519886212,0.714891149398367,"","edgeR"
"1217","ColaDeBallena - EsteroZacatecas","k__Bacteria|p__Pseudomonadota|c__Alphaproteobacteria|o__Rhodobacterales|f__Paracoccaceae|g__Limibaculum|s__|ASV_10764",-1.06233459519055,8.8676950872145,0.648066103268475,0.716760045192577,"","edgeR"
"1218","ColaDeBallena - EsteroZacatecas","k__Bacteria|p__Calditrichota|c__Calditrichia|o__Calditrichales|f__Calditrichaceae|g__|s__|ASV_15461",-0.80457501317509,8.62284872814775,0.65153795224918,0.720008278922329,"","edgeR"
"1219","ColaDeBallena - EsteroZacatecas","k__Bacteria|p__Planctomycetota|c__Planctomycetes|o__Pirellulales|f__Pirellulaceae|g__Pir4_lineage|s__|ASV_3731",-1.03086182802517,8.54548375251497,0.656759357753024,0.725183015205554,"","edgeR"
"1220","ColaDeBallena - EsteroZacatecas","k__Bacteria|p__Bacteroidota|c__Bacteroidia|o__Cytophagales|f__Cyclobacteriaceae|g__Fulvivirga|s__|ASV_10951",-0.954243583334991,10.014391526218,0.660393869344639,0.728598482080233,"","edgeR"
"1221","ColaDeBallena - EsteroZacatecas","k__Bacteria|p__Pseudomonadota|c__Alphaproteobacteria|o__Rhodobacterales|f__Paracoccaceae|g__|s__|ASV_1163",0.579006351472267,11.0343081444213,0.662414623841735,0.730229388772297,"","edgeR"
"1222","ColaDeBallena - EsteroZacatecas","k__Bacteria|p__Actinomycetota|c__Actinobacteria|o__Frankiales|f__Sporichthyaceae|g__Sporichthya|s__|ASV_3678",-0.812605847876589,10.6797964554218,0.663468671692028,0.730792824957013,"","edgeR"
"1223","ColaDeBallena - EsteroZacatecas","k__Bacteria|p__Bacteroidota|c__Bacteroidia|o__Flavobacteriales|f__Flavobacteriaceae|g__Hoppeia|s__|ASV_7724",-1.13080781572064,9.51264939087751,0.666163809467957,0.733042453574959,"","edgeR"
"1224","ColaDeBallena - EsteroZacatecas","k__Bacteria|p__Actinomycetota|c__Acidimicrobiia|o__Microtrichales|f__Ilumatobacteraceae|g__Ilumatobacter|s__|ASV_8504",-1.37035779395846,8.36350527758815,0.666600269818536,0.733042453574959,"","edgeR"
"1225","ColaDeBallena - EsteroZacatecas","k__Bacteria|p__Actinomycetota|c__Acidimicrobiia|o__Microtrichales|f__Microtrichaceae|g__|s__|ASV_11603",1.34622108605905,8.53285275801787,0.667158709741946,0.733057651683803,"","edgeR"
"1226","ColaDeBallena - EsteroZacatecas","k__Bacteria|p__Cyanobacteriota|c__Cyanobacteriia|o__Cyanobacteriales|f__Xenococcaceae|g__Pleurocapsa_PCC-7319|s__|ASV_7062",-1.21698849543662,8.238695647584,0.67421246242005,0.740203894304558,"","edgeR"
"1227","ColaDeBallena - EsteroZacatecas","k__Bacteria|p__Pseudomonadota|c__Alphaproteobacteria|o__Rhodobacterales|f__Paracoccaceae|g__Actibacterium|s__|ASV_14652",-1.17866427577432,8.38493246963513,0.678401749168652,0.74419621383945,"","edgeR"
"1228","ColaDeBallena - EsteroZacatecas","k__Bacteria|p__Pseudomonadota|c__Alphaproteobacteria|o__Rhodobacterales|f__Paracoccaceae|g__Palleronia-Pseudomaribius|s__|ASV_9440",0.59902121347638,9.98191452906891,0.680325540866822,0.745698842025035,"","edgeR"
"1229","ColaDeBallena - EsteroZacatecas","k__Bacteria|p__Cyanobacteriota|c__Cyanobacteriia|o__Cyanobacteriales|f__Xenococcaceae|g__|s__|ASV_11687",1.03072608904132,9.26851503764731,0.680887091949675,0.745707099889555,"","edgeR"
"1230","ColaDeBallena - EsteroZacatecas","k__Bacteria|p__Pseudomonadota|c__Gammaproteobacteria|o__Pseudomonadales|f__Cellvibrionaceae|g__|s__|ASV_6741",0.425405092483401,9.79183214831432,0.688675675527517,0.753085521341193,"","edgeR"
"1231","ColaDeBallena - EsteroZacatecas","k__Bacteria|p__Thermodesulfobacteriota|c__Desulfobacteria|o__Desulfobacterales|f__Desulfosarcinaceae|g__Sva0081_sediment_group|s__|ASV_14605",-1.30190549905671,8.42235674715773,0.688743147675341,0.753085521341193,"","edgeR"
"1232","ColaDeBallena - EsteroZacatecas","k__Bacteria|p__Pseudomonadota|c__Gammaproteobacteria|o__Enterobacterales|f__Alteromonadaceae|g__|s__|ASV_4951",0.473365432483529,8.95559825089341,0.698718928660625,0.763373115241235,"","edgeR"
"1233","ColaDeBallena - EsteroZacatecas","k__Bacteria|p__Rhodothermota|c__Rhodothermia|o__Rhodothermales|f__Rhodothermaceae|g__|s__|ASV_9391",0.544615972092065,9.49038989493836,0.704661367966004,0.769241039158347,"","edgeR"
"1234","ColaDeBallena - EsteroZacatecas","k__Bacteria|p__Pseudomonadota|c__Alphaproteobacteria|o__Sphingomonadales|f__Sphingomonadaceae|g__Parasphingopyxis|s__|ASV_619",-0.535188974448046,9.6814756940315,0.710219113325567,0.774679843222215,"","edgeR"
"1235","ColaDeBallena - EsteroZacatecas","k__Bacteria|p__Rhodothermota|c__Rhodothermia|o__Rhodothermales|f__Rhodothermaceae|g__|s__|ASV_12658",0.564468788572819,10.4103377408451,0.715937770449243,0.779859497971283,"","edgeR"
"1236","ColaDeBallena - EsteroZacatecas","k__Bacteria|p__Pseudomonadota|c__Alphaproteobacteria|o__Rhodobacterales|f__Paracoccaceae|g__|s__|ASV_11509",1.04598304084604,8.55001072668419,0.716126552371846,0.779859497971283,"","edgeR"
"1237","ColaDeBallena - EsteroZacatecas","k__Bacteria|p__Balneolota|c__Balneolia|o__Balneolales|f__Balneolaceae|g__|s__|ASV_1297",0.75422869750091,7.74452108134204,0.719621586568189,0.783032057817932,"","edgeR"
"1238","ColaDeBallena - EsteroZacatecas","k__Bacteria|p__Planctomycetota|c__Planctomycetes|o__Pirellulales|f__Pirellulaceae|g__Pir4_lineage|s__|ASV_4116",-0.835109365412056,9.24046787020648,0.72177588035509,0.784741789142125,"","edgeR"
"1239","ColaDeBallena - EsteroZacatecas","k__Bacteria|p__Cyanobacteriota|c__Cyanobacteriia|o__Cyanobacteriales|f__Xenococcaceae|g__Myxosarcina_GI1|s__|ASV_4818",0.640307054936395,10.4943819185424,0.725906167748654,0.788595400960201,"","edgeR"
"1240","ColaDeBallena - EsteroZacatecas","k__Bacteria|p__Thermodesulfobacteriota|c__Desulfobacteria|o__Desulfatiglandales|f__Desulfatiglandaceae|g__Desulfatiglans|s__|ASV_4118",-1.00275707579229,7.990460521433,0.729874282880066,0.792266761900458,"","edgeR"
"1241","ColaDeBallena - EsteroZacatecas","k__Bacteria|p__Pseudomonadota|c__Alphaproteobacteria|o__Sphingomonadales|f__Sphingomonadaceae|g__Croceibacterium|s__|ASV_7944",0.844393035622339,7.914029026588,0.734745108029056,0.796911293639895,"","edgeR"
"1242","ColaDeBallena - EsteroZacatecas","k__Bacteria|p__Pseudomonadota|c__Alphaproteobacteria|o__Hyphomicrobiales|f__Rhizobiaceae|g__Aurantimonas|s__|ASV_12613",-0.390591850844988,10.2298719255295,0.735686396797076,0.797246269123497,"","edgeR"
"1243","ColaDeBallena - EsteroZacatecas","k__Bacteria|p__Actinomycetota|c__Actinobacteria|o__Mycobacteriales|f__Mycobacteriaceae|g__Mycobacterium|s__|ASV_6684",0.562497980386782,10.9706479785167,0.73667258715532,0.797246269123497,"","edgeR"
"1244","ColaDeBallena - EsteroZacatecas","k__Bacteria|p__Bacteroidota|c__Bacteroidia|o__Flavobacteriales|f__Flavobacteriaceae|g__|s__|ASV_2473",-0.614178411305043,8.49920171230151,0.736830875772385,0.797246269123497,"","edgeR"
"1245","ColaDeBallena - EsteroZacatecas","k__Bacteria|p__Bacteroidota|c__Bacteroidia|o__Flavobacteriales|f__Flavobacteriaceae|g__Sungkyunkwania|s__|ASV_12555",0.9662241349018,8.17320500740452,0.739215170592683,0.798571595783752,"","edgeR"
"1246","ColaDeBallena - EsteroZacatecas","k__Bacteria|p__Bacteroidota|c__Bacteroidia|o__Cytophagales|f__Cyclobacteriaceae|g__Tunicatimonas|s__|ASV_14216",0.538143452701631,10.2178634086821,0.739242353897886,0.798571595783752,"","edgeR"
"1247","ColaDeBallena - EsteroZacatecas","k__Bacteria|p__Pseudomonadota|c__Alphaproteobacteria|o__Hyphomicrobiales|f__Rhizobiaceae|g__Oricola|s__|ASV_1268",-0.25678626320211,11.1551967242162,0.74112826615401,0.799966837404409,"","edgeR"
"1248","ColaDeBallena - EsteroZacatecas","k__Bacteria|p__Pseudomonadota|c__Gammaproteobacteria|o__Pseudomonadales|f__Cellvibrionaceae|g__|s__|ASV_8305",0.89993107666355,7.72477093235812,0.74175454628373,0.800001297514344,"","edgeR"
"1249","ColaDeBallena - EsteroZacatecas","k__Bacteria|p__Pseudomonadota|c__Alphaproteobacteria|o__Sphingomonadales|f__Sphingomonadaceae|g__Altererythrobacter|s__|ASV_2841",0.582021823805126,9.98403379216078,0.745814997566005,0.803736578641988,"","edgeR"
"1250","ColaDeBallena - EsteroZacatecas","k__Bacteria|p__Actinomycetota|c__Rubrobacteria|o__Rubrobacterales|f__Rubrobacteriaceae|g__Rubrobacter|s__|ASV_8945",-0.890328942329244,8.2376842037133,0.752167744265411,0.809934227024994,"","edgeR"
"1251","ColaDeBallena - EsteroZacatecas","k__Bacteria|p__Pseudomonadota|c__Alphaproteobacteria|o__Rhodobacterales|f__Paracoccaceae|g__Pikeienuella|s__|ASV_7133",-0.603509443525888,8.51290866506866,0.753164263101408,0.810358991314544,"","edgeR"
"1252","ColaDeBallena - EsteroZacatecas","k__Bacteria|p__Planctomycetota|c__Planctomycetes|o__Pirellulales|f__Pirellulaceae|g__Blastopirellula|s__|ASV_12568",-0.558244697181283,8.11560817374665,0.754313435318719,0.810947191644566,"","edgeR"
"1253","ColaDeBallena - EsteroZacatecas","k__Bacteria|p__Pseudomonadota|c__Alphaproteobacteria|o__Sphingomonadales|f__Sphingomonadaceae|g__|s__|ASV_6085",-0.640608477970612,8.33911506958604,0.755273139393451,0.811330922285383,"","edgeR"
"1254","ColaDeBallena - EsteroZacatecas","k__Bacteria|p__Pseudomonadota|c__Alphaproteobacteria|o__Hyphomicrobiales|f__Rhizobiaceae|g__Pseudahrensia|s__|ASV_8399",0.995210325938051,7.95411978264231,0.756663030478701,0.812175788695639,"","edgeR"
"1255","ColaDeBallena - EsteroZacatecas","k__Bacteria|p__Pseudomonadota|c__Alphaproteobacteria|o__Caulobacterales|f__Hyphomonadaceae|g__Euryhalocaulis|s__|ASV_12273",0.560968240546409,10.2589006786022,0.759374300250229,0.814351766355886,"","edgeR"
"1256","ColaDeBallena - EsteroZacatecas","k__Bacteria|p__Rhodothermota|c__Rhodothermia|o__Rhodothermales|f__Rhodothermaceae|g__|s__|ASV_13435",0.552885588835753,9.80676151893418,0.760194549400686,0.814351766355886,"","edgeR"
"1257","ColaDeBallena - EsteroZacatecas","k__Bacteria|p__Pseudomonadota|c__Alphaproteobacteria|o__Rhodobacterales|f__Paracoccaceae|g__Palleronia-Pseudomaribius|s__|ASV_15810",-0.554480954845562,9.94061829615452,0.76050532712433,0.814351766355886,"","edgeR"
"1258","ColaDeBallena - EsteroZacatecas","k__Bacteria|p__Pseudomonadota|c__Alphaproteobacteria|o__|f__Neomegalonemataceae|g__Acuticoccus|s__|ASV_10139",0.50428390351526,9.30335111312805,0.762541786769592,0.815490359391502,"","edgeR"
"1259","ColaDeBallena - EsteroZacatecas","k__Bacteria|p__Pseudomonadota|c__Gammaproteobacteria|o__Pseudomonadales|f__Halomonadaceae|g__Larsenimonas|s__|ASV_13136",-0.603163640673667,8.47326571898173,0.762780358450149,0.815490359391502,"","edgeR"
"1260","ColaDeBallena - EsteroZacatecas","k__Bacteria|p__Pseudomonadota|c__Alphaproteobacteria|o__Rhodobacterales|f__Paracoccaceae|g__Palleronia-Pseudomaribius|s__|ASV_12419",0.533745209236535,8.64285566550177,0.771665346520966,0.824334568585096,"","edgeR"
"1261","ColaDeBallena - EsteroZacatecas","k__Bacteria|p__Pseudomonadota|c__Alphaproteobacteria|o__Rhodobacterales|f__Paracoccaceae|g__|s__|ASV_6341",0.560064181950177,8.75926732187924,0.773312036748518,0.825438542001194,"","edgeR"
"1262","ColaDeBallena - EsteroZacatecas","k__Bacteria|p__Pseudomonadota|c__Alphaproteobacteria|o__Rhodobacterales|f__Paracoccaceae|g__Actibacterium|s__|ASV_14718",1.01206438891385,7.85372586162064,0.774476728981544,0.826026685585704,"","edgeR"
"1263","ColaDeBallena - EsteroZacatecas","k__Bacteria|p__Rhodothermota|c__Rhodothermia|o__Rhodothermales|f__Rhodothermaceae|g__Rubrivirga|s__|ASV_5056",0.548291003925616,9.91988833140355,0.782377644150617,0.833792802079754,"","edgeR"
"1264","ColaDeBallena - EsteroZacatecas","k__Bacteria|p__Bacteroidota|c__Bacteroidia|o__Cytophagales|f__Cyclobacteriaceae|g__Fulvivirga|s__|ASV_11442",1.08474754141032,7.99588255344601,0.786810489131013,0.837853574660082,"","edgeR"
"1265","ColaDeBallena - EsteroZacatecas","k__Bacteria|p__Pseudomonadota|c__Alphaproteobacteria|o__Sphingomonadales|f__Sphingomonadaceae|g__Pacificimonas|s__|ASV_12784",-0.516919544088224,7.77225422077945,0.788075843351906,0.838537616720685,"","edgeR"
"1266","ColaDeBallena - EsteroZacatecas","k__Bacteria|p__Pseudomonadota|c__Alphaproteobacteria|o__Sphingomonadales|f__Sphingomonadaceae|g__Sphingomicrobium|s__|ASV_429",0.439603036258021,11.4907413891949,0.788997724110142,0.83885540019925,"","edgeR"
"1267","ColaDeBallena - EsteroZacatecas","k__Bacteria|p__Gemmatimonadota|c__Longimicrobiia|o__Longimicrobiales|f__Longimicrobiaceae|g__|s__|ASV_5010",-0.59723325722183,8.81406419141861,0.796400463338609,0.846057635085847,"","edgeR"
"1268","ColaDeBallena - EsteroZacatecas","k__Bacteria|p__Rhodothermota|c__Rhodothermia|o__Rhodothermales|f__Rhodothermaceae|g__|s__|ASV_229",0.424844050566289,8.66087445553084,0.80616369178313,0.855212602550592,"","edgeR"
"1269","ColaDeBallena - EsteroZacatecas","k__Bacteria|p__Pseudomonadota|c__Alphaproteobacteria|o__Rhodobacterales|f__Paracoccaceae|g__Marivita|s__|ASV_9078",0.567405705852291,10.3991773337656,0.806288850398738,0.855212602550592,"","edgeR"
"1270","ColaDeBallena - EsteroZacatecas","k__Bacteria|p__Actinomycetota|c__Thermoleophilia|o__Solirubrobacterales|f__67-14|g__|s__|ASV_11059",-0.285613553217901,9.04728166892458,0.814730846825619,0.86348639356479,"","edgeR"
"1271","ColaDeBallena - EsteroZacatecas","k__Bacteria|p__Myxococcota|c__Polyangiia|o__Polyangiales|f__Sandaracinaceae|g__|s__|ASV_10160",0.466663030942354,8.878280709546,0.816443687960121,0.8641354285222,"","edgeR"
"1272","ColaDeBallena - EsteroZacatecas","k__Bacteria|p__Pseudomonadota|c__Alphaproteobacteria|o__Rhodobacterales|f__Paracoccaceae|g__|s__|ASV_5270",0.254866151417914,9.71908921801384,0.816627240029895,0.8641354285222,"","edgeR"
"1273","ColaDeBallena - EsteroZacatecas","k__Bacteria|p__Pseudomonadota|c__Alphaproteobacteria|o__Sphingomonadales|f__Sphingomonadaceae|g__Sphingomicrobium|s__|ASV_1652",0.328449014746292,9.99829312074191,0.817782886732847,0.864678527527425,"","edgeR"
"1274","ColaDeBallena - EsteroZacatecas","k__Bacteria|p__Bacteroidota|c__Bacteroidia|o__Flavobacteriales|f__Flavobacteriaceae|g__Robiginitalea|s__|ASV_12043",0.642322410100718,7.95179374693009,0.819366734828713,0.865673175101607,"","edgeR"
"1275","ColaDeBallena - EsteroZacatecas","k__Bacteria|p__Pseudomonadota|c__Alphaproteobacteria|o__Hyphomicrobiales|f__Methyloligellaceae|g__Methyloceanibacter|s__|ASV_15691",-0.307614721996732,9.31207240653371,0.820948867100298,0.866664451072158,"","edgeR"
"1276","ColaDeBallena - EsteroZacatecas","k__Bacteria|p__Pseudomonadota|c__Alphaproteobacteria|o__Sphingomonadales|f__Sphingomonadaceae|g__Croceibacterium|s__|ASV_8946",-0.966508423215083,7.74857515821626,0.82278628868155,0.867923467527717,"","edgeR"
"1277","ColaDeBallena - EsteroZacatecas","k__Bacteria|p__Pseudomonadota|c__Alphaproteobacteria|o__Sphingomonadales|f__Sphingomonadaceae|g__Sphingomicrobium|s__|ASV_14022",-0.3265315804262,10.4623376048005,0.827297621603136,0.871998902645122,"","edgeR"
"1278","ColaDeBallena - EsteroZacatecas","k__Bacteria|p__Actinomycetota|c__Acidimicrobiia|o__Microtrichales|f__Ilumatobacteraceae|g__Ilumatobacter|s__|ASV_6733",-0.549501621455239,9.33347016465014,0.829220789891115,0.872684558770196,"","edgeR"
"1279","ColaDeBallena - EsteroZacatecas","k__Bacteria|p__Pseudomonadota|c__Alphaproteobacteria|o__Rhodobacterales|f__Paracoccaceae|g__|s__|ASV_224",-0.429423581450121,8.71469938175447,0.829244837048351,0.872684558770196,"","edgeR"
"1280","ColaDeBallena - EsteroZacatecas","k__Bacteria|p__Pseudomonadota|c__Alphaproteobacteria|o__Rhodobacterales|f__Paracoccaceae|g__|s__|ASV_12829",0.27495954467486,10.6662154365562,0.830355720067539,0.873170936883522,"","edgeR"
"1281","ColaDeBallena - EsteroZacatecas","k__Bacteria|p__Planctomycetota|c__Planctomycetes|o__Pirellulales|f__Pirellulaceae|g__|s__|ASV_6161",0.359479330169936,9.24583304400123,0.832519292215811,0.874762659892647,"","edgeR"
"1282","ColaDeBallena - EsteroZacatecas","k__Bacteria|p__Pseudomonadota|c__Gammaproteobacteria|o__Chromatiales|f__Sedimenticolaceae|g__Candidatus_Thiodiazotropha|s__|ASV_13335",-0.584767275466924,8.25211893038989,0.834906321980274,0.876586512781161,"","edgeR"
"1283","ColaDeBallena - EsteroZacatecas","k__Bacteria|p__Rhodothermota|c__Rhodothermia|o__Rhodothermales|f__Rhodothermaceae|g__|s__|ASV_15308",0.522568107251133,8.30254883169137,0.838872958528994,0.880064693826988,"","edgeR"
"1284","ColaDeBallena - EsteroZacatecas","k__Bacteria|p__Planctomycetota|c__Planctomycetes|o__Planctomycetales|f__Gimesiaceae|g__|s__|ASV_9951",0.366013387110575,8.95032894665047,0.841610546188901,0.882249061659081,"","edgeR"
"1285","ColaDeBallena - EsteroZacatecas","k__Bacteria|p__Rhodothermota|c__Rhodothermia|o__Rhodothermales|f__Rhodothermaceae|g__Rubrivirga|s__|ASV_7122",0.330004191883181,11.3697366438475,0.843531625077798,0.883574760587327,"","edgeR"
"1286","ColaDeBallena - EsteroZacatecas","k__Bacteria|p__Actinomycetota|c__Actinobacteria|o__Propionibacteriales|f__Nocardioidaceae|g__Nocardioides|s__|ASV_15978",-0.370582408251018,8.68627991922439,0.848916829320822,0.888524146396444,"","edgeR"
"1287","ColaDeBallena - EsteroZacatecas","k__Bacteria|p__Pseudomonadota|c__Alphaproteobacteria|o__Rhodobacterales|f__Paracoccaceae|g__Halovulum|s__|ASV_4059",-0.388586592707221,8.18855462305828,0.851071247179668,0.890086945379824,"","edgeR"
"1288","ColaDeBallena - EsteroZacatecas","k__Bacteria|p__Pseudomonadota|c__Gammaproteobacteria|o__Steroidobacterales|f__Woeseiaceae|g__Woeseia|s__|ASV_15820",0.189163834794338,10.7377999830379,0.851895066771349,0.890256801144593,"","edgeR"
"1289","ColaDeBallena - EsteroZacatecas","k__Bacteria|p__Pseudomonadota|c__Alphaproteobacteria|o__Rhodobacterales|f__Paracoccaceae|g__|s__|ASV_594",-0.316018923896075,9.18363564598476,0.859633207297807,0.897646467822225,"","edgeR"
"1290","ColaDeBallena - EsteroZacatecas","k__Bacteria|p__Pseudomonadota|c__Gammaproteobacteria|o__Pseudomonadales|f__KI89A_clade|g__|s__|ASV_9783",-0.227958044817526,9.6832805572983,0.862361445055846,0.899797290732689,"","edgeR"
"1291","ColaDeBallena - EsteroZacatecas","k__Bacteria|p__Pseudomonadota|c__Alphaproteobacteria|o__Rhodobacterales|f__Paracoccaceae|g__Limibaculum|s__|ASV_3822",0.30116320237156,8.78628229474443,0.86609707983626,0.902995096405581,"","edgeR"
"1292","ColaDeBallena - EsteroZacatecas","k__Bacteria|p__Pseudomonadota|c__Alphaproteobacteria|o__Sphingomonadales|f__Sphingomonadaceae|g__Aurantiacibacter|s__|ASV_12729",-0.334321615030412,8.76431132703537,0.875904155634142,0.912513152851049,"","edgeR"
"1293","ColaDeBallena - EsteroZacatecas","k__Bacteria|p__Rhodothermota|c__Rhodothermia|o__Rhodothermales|f__Rhodothermaceae|g__|s__|ASV_11225",0.176698476427219,11.4617298497427,0.877332872477875,0.91329469942399,"","edgeR"
"1294","ColaDeBallena - EsteroZacatecas","k__Bacteria|p__Rhodothermota|c__Rhodothermia|o__Rhodothermales|f__Rhodothermaceae|g__Rubrivirga|s__|ASV_9879",0.228798134324068,10.367997973946,0.880931521368263,0.915272874914585,"","edgeR"
"1295","ColaDeBallena - EsteroZacatecas","k__Bacteria|p__Myxococcota|c__Polyangiia|o__Polyangiales|f__Sandaracinaceae|g__|s__|ASV_1122",-0.522890813980457,8.75275247248887,0.881068683448923,0.915272874914585,"","edgeR"
"1296","ColaDeBallena - EsteroZacatecas","k__Bacteria|p__Pseudomonadota|c__Alphaproteobacteria|o__Sphingomonadales|f__Sphingomonadaceae|g__Pacificimonas|s__|ASV_12382",-0.159732480044017,11.4004421096076,0.881273139590863,0.915272874914585,"","edgeR"
"1297","ColaDeBallena - EsteroZacatecas","k__Bacteria|p__Planctomycetota|c__Planctomycetes|o__Pirellulales|f__Pirellulaceae|g__Pir4_lineage|s__|ASV_4944",-0.213599948845608,9.82307000971012,0.88842060797252,0.92131885059382,"","edgeR"
"1298","ColaDeBallena - EsteroZacatecas","k__Bacteria|p__Actinomycetota|c__Actinobacteria|o__Euzebyales|f__Euzebyaceae|g__Euzebya|s__|ASV_2735",-0.424833491048908,7.74914021910851,0.888463497823758,0.92131885059382,"","edgeR"
"1299","ColaDeBallena - EsteroZacatecas","k__Bacteria|p__Actinomycetota|c__Actinobacteria|o__Nitriliruptorales|f__Nitriliruptoraceae|g__|s__|ASV_2255",-0.148855414264607,11.1186118883285,0.890037691046793,0.922240748382589,"","edgeR"
"1300","ColaDeBallena - EsteroZacatecas","k__Bacteria|p__Bacteroidota|c__Bacteroidia|o__Bacteroidales|f__Bacteroidetes_BD2-2|g__|s__|ASV_12719",-0.173481765719698,9.90542626568782,0.893310226610431,0.924315736281495,"","edgeR"
"1301","ColaDeBallena - EsteroZacatecas","k__Bacteria|p__Planctomycetota|c__Planctomycetes|o__Pirellulales|f__Pirellulaceae|g__Bythopirellula|s__|ASV_14072",0.356305033865973,8.10863863663737,0.894337963128222,0.924315736281495,"","edgeR"
"1302","ColaDeBallena - EsteroZacatecas","k__Bacteria|p__Pseudomonadota|c__Alphaproteobacteria|o__Hyphomicrobiales|f__Rhizobiaceae|g__|s__|ASV_4397",-0.301071790169867,8.64691545443227,0.895127468446021,0.924315736281495,"","edgeR"
"1303","ColaDeBallena - EsteroZacatecas","k__Bacteria|p__Actinomycetota|c__Actinobacteria|o__Euzebyales|f__Euzebyaceae|g__|s__|ASV_15365",-0.208340309448376,11.8618411257698,0.895192377161086,0.924315736281495,"","edgeR"
"1304","ColaDeBallena - EsteroZacatecas","k__Bacteria|p__Rhodothermota|c__Rhodothermia|o__Rhodothermales|f__Rhodothermaceae|g__Rubrivirga|s__|ASV_6541",0.257352805397868,8.92945580720016,0.895728191125763,0.924315736281495,"","edgeR"
"1305","ColaDeBallena - EsteroZacatecas","k__Bacteria|p__Planctomycetota|c__Planctomycetes|o__Planctomycetales|f__Rubinisphaeraceae|g__Planctomicrobium|s__|ASV_13985",-0.232888671708251,9.91421128362124,0.896160502115417,0.924315736281495,"","edgeR"
"1306","ColaDeBallena - EsteroZacatecas","k__Bacteria|p__Pseudomonadota|c__Alphaproteobacteria|o__Rhodobacterales|f__Paracoccaceae|g__|s__|ASV_14973",-0.188525110261648,9.83035794854264,0.89869305656021,0.926218111891304,"","edgeR"
"1307","ColaDeBallena - EsteroZacatecas","k__Bacteria|p__Actinomycetota|c__Acidimicrobiia|o__Microtrichales|f__Ilumatobacteraceae|g__Ilumatobacter|s__|ASV_1587",-0.301038855859287,8.59663733298735,0.900155661088353,0.927015699942558,"","edgeR"
"1308","ColaDeBallena - EsteroZacatecas","k__Bacteria|p__Pseudomonadota|c__Alphaproteobacteria|o__Sphingomonadales|f__Sphingomonadaceae|g__Aurantiacibacter|s__|ASV_6586",-0.13245559133956,9.70757930626069,0.904942407546997,0.931167824245808,"","edgeR"
"1309","ColaDeBallena - EsteroZacatecas","k__Bacteria|p__Balneolota|c__Balneolia|o__Balneolales|f__Balneolaceae|g__|s__|ASV_4902",-0.286094695077889,7.88579366059227,0.905571086135039,0.931167824245808,"","edgeR"
"1310","ColaDeBallena - EsteroZacatecas","k__Bacteria|p__Actinomycetota|c__Actinobacteria|o__Nitriliruptorales|f__Nitriliruptoraceae|g__|s__|ASV_5219",0.235216125215475,8.86763516658468,0.906677573481877,0.93149412308233,"","edgeR"
"1311","ColaDeBallena - EsteroZacatecas","k__Bacteria|p__Pseudomonadota|c__Alphaproteobacteria|o__Rhodobacterales|f__Paracoccaceae|g__|s__|ASV_1077",0.277161180237367,8.99081697263457,0.907392172805552,0.93149412308233,"","edgeR"
"1312","ColaDeBallena - EsteroZacatecas","k__Bacteria|p__Pseudomonadota|c__Alphaproteobacteria|o__Hyphomicrobiales|f__Hyphomicrobiaceae|g__Filomicrobium|s__|ASV_9961",-0.211042139229277,8.72574673925819,0.907964553851424,0.93149412308233,"","edgeR"
"1313","ColaDeBallena - EsteroZacatecas","k__Bacteria|p__Cyanobacteriota|c__Cyanobacteriia|o__Cyanobacteriales|f__Xenococcaceae|g__Pleurocapsa_PCC-7319|s__|ASV_1835",0.372925615554417,8.00769209946596,0.913090157893025,0.936039110833215,"","edgeR"
"1314","ColaDeBallena - EsteroZacatecas","k__Bacteria|p__Pseudomonadota|c__Alphaproteobacteria|o__Rhodobacterales|f__Paracoccaceae|g__|s__|ASV_15370",0.266069395830899,8.59249909054999,0.916212547105393,0.938525181433683,"","edgeR"
"1315","ColaDeBallena - EsteroZacatecas","k__Bacteria|p__Bacteroidota|c__Bacteroidia|o__Cytophagales|f__Cyclobacteriaceae|g__Fulvivirga|s__|ASV_2769",0.1847259056003,9.65820677694687,0.917463246487701,0.939091657621632,"","edgeR"
"1316","ColaDeBallena - EsteroZacatecas","k__Bacteria|p__Bacteroidota|c__Bacteroidia|o__Flavobacteriales|f__Flavobacteriaceae|g__Flavimarina|s__|ASV_14451",-0.104428671136943,9.78720059007513,0.929594867502395,0.950786239861872,"","edgeR"
"1317","ColaDeBallena - EsteroZacatecas","k__Bacteria|p__Pseudomonadota|c__Alphaproteobacteria|o__Rhodobacterales|f__Paracoccaceae|g__Hasllibacter|s__|ASV_5521",-0.195322364297891,9.32355955170157,0.940316791305943,0.961022324295976,"","edgeR"
"1318","ColaDeBallena - EsteroZacatecas","k__Bacteria|p__Pseudomonadota|c__Alphaproteobacteria|o__Rhodospirillales|f__Magnetospiraceae|g__|s__|ASV_8657",0.178580528202995,7.91639709997146,0.943832067824524,0.963883128445986,"","edgeR"
"1319","ColaDeBallena - EsteroZacatecas","k__Bacteria|p__Acidobacteriota|c__Thermoanaerobaculia|o__Thermoanaerobaculales|f__Thermoanaerobaculaceae|g__Subgroup_10|s__|ASV_9297",0.179729346816486,8.53879307326078,0.94667926305548,0.965495943871401,"","edgeR"
"1320","ColaDeBallena - EsteroZacatecas","k__Bacteria|p__Pseudomonadota|c__Alphaproteobacteria|o__Sphingomonadales|f__Sphingomonadaceae|g__Croceibacterium|s__|ASV_4473",0.148647977207766,8.89732852180343,0.946845947927377,0.965495943871401,"","edgeR"
"1321","ColaDeBallena - EsteroZacatecas","k__Bacteria|p__Myxococcota|c__Polyangiia|o__Polyangiales|f__BIrii41|g__|s__|ASV_14712",-0.110095486868581,9.26580368918745,0.950547380019728,0.96853654315409,"","edgeR"
"1322","ColaDeBallena - EsteroZacatecas","k__Bacteria|p__Pseudomonadota|c__Alphaproteobacteria|o__Hyphomicrobiales|f__Devosiaceae|g__|s__|ASV_7810",-0.11863120282346,8.44717763741992,0.952248980515709,0.969083588860151,"","edgeR"
"1323","ColaDeBallena - EsteroZacatecas","k__Bacteria|p__Pseudomonadota|c__Alphaproteobacteria|o__Sphingomonadales|f__Sphingomonadaceae|g__Sphingomicrobium|s__|ASV_14934",-0.0773113950727771,12.3664039484686,0.95252421104159,0.969083588860151,"","edgeR"
"1324","ColaDeBallena - EsteroZacatecas","k__Bacteria|p__Pseudomonadota|c__Alphaproteobacteria|o__Rhodobacterales|f__Paracoccaceae|g__Silicimonas|s__|ASV_5396",-0.0821052952634111,9.04346405691925,0.960346461378978,0.97630387992153,"","edgeR"
"1325","ColaDeBallena - EsteroZacatecas","k__Bacteria|p__Pseudomonadota|c__Alphaproteobacteria|o__Rhodobacterales|f__Paracoccaceae|g__Actibacterium|s__|ASV_1137",0.196309693568066,8.0195076781215,0.963057072819405,0.977753675288036,"","edgeR"
"1326","ColaDeBallena - EsteroZacatecas","k__Bacteria|p__Chloroflexota|c__Anaerolineae|o__Aggregatilineales|f__Aggregatilineaceae|g__|s__|ASV_4295",0.116842195771646,8.26491014471884,0.963225388879595,0.977753675288036,"","edgeR"
"1327","ColaDeBallena - EsteroZacatecas","k__Bacteria|p__Pseudomonadota|c__Alphaproteobacteria|o__Rhodobacterales|f__Paracoccaceae|g__Limibaculum|s__|ASV_7046",-0.0825347951160396,8.20782580504358,0.967353784760459,0.981204366456351,"","edgeR"
"1328","ColaDeBallena - EsteroZacatecas","k__Bacteria|p__Actinomycetota|c__Actinobacteria|o__Euzebyales|f__Euzebyaceae|g__Euzebya|s__|ASV_5746",0.065121645823939,9.73180552868377,0.968734364551862,0.981404021867488,"","edgeR"
"1329","ColaDeBallena - EsteroZacatecas","k__Bacteria|p__Myxococcota|c__Polyangiia|o__Polyangiales|f__Sandaracinaceae|g__|s__|ASV_3686",-0.125329727456688,7.81741404677831,0.969510410548564,0.981404021867488,"","edgeR"
"1330","ColaDeBallena - EsteroZacatecas","k__Bacteria|p__Pseudomonadota|c__Alphaproteobacteria|o__Sphingomonadales|f__Sphingomonadaceae|g__Aurantiacibacter|s__|ASV_6948",-0.0227204250245617,11.7886300894059,0.969890389219373,0.981404021867488,"","edgeR"
"1331","ColaDeBallena - EsteroZacatecas","k__Bacteria|p__Thermodesulfobacteriota|c__Desulfobacteria|o__Desulfobacterales|f__Desulfosarcinaceae|g__Sva0081_sediment_group|s__|ASV_7819",-0.142616991747935,7.98371578289036,0.971019183407558,0.981404021867488,"","edgeR"
"1332","ColaDeBallena - EsteroZacatecas","k__Bacteria|p__Bacteroidota|c__Bacteroidia|o__Cytophagales|f__Cyclobacteriaceae|g__Fulvivirga|s__|ASV_8666",0.0519660494877177,10.4383866202956,0.97119625343796,0.981404021867488,"","edgeR"
"1333","ColaDeBallena - EsteroZacatecas","k__Bacteria|p__Rhodothermota|c__Rhodothermia|o__Rhodothermales|f__Rhodothermaceae|g__Rubrivirga|s__|ASV_8705",0.154810799603033,8.14164001083492,0.972108163347852,0.981588588046668,"","edgeR"
"1334","ColaDeBallena - EsteroZacatecas","k__Bacteria|p__Pseudomonadota|c__Alphaproteobacteria|o__Rhodobacterales|f__Paracoccaceae|g__Limibaculum|s__|ASV_14872",-0.0247854775121096,11.3221226257893,0.974568375183429,0.982825696849912,"","edgeR"
"1335","ColaDeBallena - EsteroZacatecas","k__Bacteria|p__Acidobacteriota|c__Thermoanaerobaculia|o__Thermoanaerobaculales|f__Thermoanaerobaculaceae|g__Subgroup_10|s__|ASV_15757",0.0472448501661071,9.67679622863185,0.974793688926176,0.982825696849912,"","edgeR"
"1336","ColaDeBallena - EsteroZacatecas","k__Bacteria|p__Pseudomonadota|c__Alphaproteobacteria|o__Sphingomonadales|f__Sphingomonadaceae|g__|s__|ASV_4793",0.107688438216955,8.4166932094095,0.97586382924997,0.983168199229386,"","edgeR"
"1337","ColaDeBallena - EsteroZacatecas","k__Bacteria|p__Rhodothermota|c__Rhodothermia|o__Rhodothermales|f__Rhodothermaceae|g__|s__|ASV_3086",0.0935848998244141,8.38381749558459,0.979577247605005,0.986171260490902,"","edgeR"
"1338","ColaDeBallena - EsteroZacatecas","k__Bacteria|p__Pseudomonadota|c__Alphaproteobacteria|o__Sphingomonadales|f__Sphingomonadaceae|g__Parasphingopyxis|s__|ASV_8232",-0.0429575023873921,8.59701040330783,0.983713399227529,0.989595093692267,"","edgeR"
"1339","ColaDeBallena - EsteroZacatecas","k__Bacteria|p__Myxococcota|c__Polyangiia|o__Polyangiales|f__Sandaracinaceae|g__|s__|ASV_15192",0.0371987093169493,9.2676775440698,0.98536864264671,0.990519935027985,"","edgeR"
"1340","ColaDeBallena - EsteroZacatecas","k__Bacteria|p__Pseudomonadota|c__Alphaproteobacteria|o__Sphingomonadales|f__Sphingomonadaceae|g__Aurantiacibacter|s__|ASV_10631",0.0378822298383172,9.91806756612009,0.98760338089045,0.992025485581004,"","edgeR"
"1341","ColaDeBallena - EsteroZacatecas","k__Bacteria|p__Deinococcota|c__Deinococci|o__Deinococcales|f__Trueperaceae|g__Truepera|s__|ASV_110",0.0124323650129928,11.2428022838724,0.994177675133805,0.997884527017227,"","edgeR"
"1342","ColaDeBallena - EsteroZacatecas","k__Bacteria|p__Actinomycetota|c__Actinobacteria|o__Euzebyales|f__Euzebyaceae|g__|s__|ASV_7541",0.00474381466134394,12.6486626634886,0.99774457139973,1,"","edgeR"
"1343","ColaDeBallena - EsteroZacatecas","k__Bacteria|p__Pseudomonadota|c__Alphaproteobacteria|o__Sphingomonadales|f__Sphingomonadaceae|g__Pacificimonas|s__|ASV_7328",0.00750713802811722,10.9267950032833,0.997993293338953,1,"","edgeR"
"1344","ColaDeBallena - EsteroZacatecas","k__Bacteria|p__Bacteroidota|c__Bacteroidia|o__Cytophagales|f__Cyclobacteriaceae|g__Tunicatimonas|s__|ASV_7152",-0.025971464438901,8.28892058912565,1,1,"","edgeR"
"1345","ColaDeBallena - EsteroZacatecas","k__Bacteria|p__Pseudomonadota|c__Gammaproteobacteria|o__Enterobacterales|f__Vibrionaceae|g__Vibrio|s__|ASV_13283",-0.0150667985389809,8.14583350807755,1,1,"","edgeR"
"1346","ColaDeBallena - EsteroZacatecas","k__Bacteria|p__Pseudomonadota|c__Alphaproteobacteria|o__Sphingomonadales|f__Sphingomonadaceae|g__Paraurantiacibacter|s__|ASV_6999",-0.00953317700688827,9.66154399719712,1,1,"","edgeR"
