"","Comparison","Taxa","baseMean","log2FoldChange","lfcSE","stat","P.unadj","P.adj","Significance","Method"
"1","September - February","k__Bacteria|p__Actinomycetota|c__Actinobacteria|o__Euzebyales|f__Euzebyaceae|g__|s__|ASV_3566",847.62346797369,2.49595606146109,0.846027470841761,2.95020687564402,0.00317561216957941,0.0181736841030147,"*","DESeq2"
"2","September - February","k__Bacteria|p__Pseudomonadota|c__Alphaproteobacteria|o__Hyphomicrobiales|f__Rhizobiaceae|g__Fulvimarina|s__|ASV_6441",395.980010602273,1.90854298438185,0.66653496941762,2.86338012550103,0.00419147381455216,0.0208637697744601,"*","DESeq2"
"3","September - February","k__Bacteria|p__Pseudomonadota|c__Alphaproteobacteria|o__Sphingomonadales|f__Sphingomonadaceae|g__|s__|ASV_10845",553.902921198056,-1.00334958235594,0.662323389937572,-1.51489377787263,0.129799306342849,0.235773118595998,"","DESeq2"
"4","September - February","k__Bacteria|p__Cyanobacteriota|c__Cyanobacteriia|o__Cyanobacteriales|f__Nostocaceae|g__Rivularia_PCC-7116|s__|ASV_8325",321.009795839194,-0.359134488270636,1.93566929750617,-0.185535043993997,0.852809396251848,0.906229224204984,"","DESeq2"
"5","September - February","k__Bacteria|p__Bacteroidota|c__Bacteroidia|o__Cytophagales|f__Cyclobacteriaceae|g__Tunicatimonas|s__|ASV_6535",334.9592356777,-0.148664195084207,0.653045369158053,-0.227647575659061,0.819920230839077,0.88413645777199,"","DESeq2"
"6","September - February","k__Bacteria|p__Cyanobacteriota|c__Cyanobacteriia|o__Cyanobacteriales|f__Nostocaceae|g__Rivularia_PCC-7116|s__|ASV_7535",119.53894523047,-8.70528045321265,2.36536098174413,-3.6803179389531,0.000232943327300978,0.0030314542593963,"**","DESeq2"
"7","September - February","k__Bacteria|p__Actinomycetota|c__Actinobacteria|o__Nitriliruptorales|f__Nitriliruptoraceae|g__|s__|ASV_1823",246.213611165972,4.4242650961768,1.19650988252926,3.69764191736093,0.000217611563971306,0.00287126369128806,"**","DESeq2"
"8","September - February","k__Bacteria|p__Actinomycetota|c__Actinobacteria|o__Micrococcales|f__Intrasporangiaceae|g__|s__|ASV_82",183.622342519246,2.27545667252663,0.72071928064343,3.15720244155975,0.00159290716907974,0.0120100143700457,"*","DESeq2"
"9","September - February","k__Bacteria|p__Actinomycetota|c__Rubrobacteria|o__Rubrobacterales|f__Rubrobacteriaceae|g__Rubrobacter|s__|ASV_4417",184.703146695184,3.01229774414033,0.879748099869339,3.42404575194618,0.000616962329972173,0.00583119754869862,"**","DESeq2"
"10","September - February","k__Bacteria|p__Bacteroidota|c__Bacteroidia|o__Flavobacteriales|f__Flavobacteriaceae|g__Gramella|s__|ASV_2541",134.291128620645,0.578220546928798,0.893478167621584,0.6471568840546,0.517530412856694,0.63768338808542,"","DESeq2"
"11","September - February","k__Bacteria|p__Cyanobacteriota|c__Cyanobacteriia|o__Cyanobacteriales|f__Nostocaceae|g__Rivularia_PCC-7116|s__|ASV_7012",198.712082315569,-1.49357690115528,1.83275808933926,-0.814934011118584,0.415110083639552,0.540211752681609,"","DESeq2"
"12","September - February","k__Bacteria|p__Bacteroidota|c__Bacteroidia|o__Flavobacteriales|f__Flavobacteriaceae|g__Gramella|s__|ASV_13670",81.7685278553144,-25.4266487025381,2.60790351660455,-9.74984256152361,1.84754572717802e-22,2.27467560724524e-20,"***","DESeq2"
"13","September - February","k__Bacteria|p__Actinomycetota|c__Actinobacteria|o__Euzebyales|f__Euzebyaceae|g__|s__|ASV_7541",142.11409273669,1.14565717864162,1.3146249665259,0.871470729533759,0.383497181173671,0.508830058819815,"","DESeq2"
"14","September - February","k__Bacteria|p__Rhodothermota|c__Rhodothermia|o__Rhodothermales|f__Rhodothermaceae|g__|s__|ASV_14091",181.239552567031,-0.881687735729998,0.971618923702872,-0.907441913924295,0.364173153172428,0.48727393734339,"","DESeq2"
"15","September - February","k__Bacteria|p__Rhodothermota|c__Rhodothermia|o__Rhodothermales|f__Rhodothermaceae|g__|s__|ASV_13236",169.454545321436,-0.737891710838328,0.83400075372054,-0.884761443615654,0.376285308619609,0.50136191190551,"","DESeq2"
"16","September - February","k__Bacteria|p__Pseudomonadota|c__Alphaproteobacteria|o__Rhodobacterales|f__Paracoccaceae|g__Palleronia-Pseudomaribius|s__|ASV_6338",144.340349328657,6.35277828705731,1.55237208852071,4.09230385809823,4.2710847292985e-05,0.000745560270081612,"***","DESeq2"
"17","September - February","k__Bacteria|p__Pseudomonadota|c__Alphaproteobacteria|o__Sphingomonadales|f__Sphingomonadaceae|g__Pacificimonas|s__|ASV_10664",104.139004925551,1.94556432441654,1.15041764932664,1.69118087292498,0.0908022629328036,0.178967115738928,"","DESeq2"
"18","September - February","k__Bacteria|p__Rhodothermota|c__Rhodothermia|o__Rhodothermales|f__Rhodothermaceae|g__|s__|ASV_4439",215.110556191416,-3.2569177970684,1.0658277756214,-3.0557636717335,0.00224488122166107,0.0146438450702451,"*","DESeq2"
"19","September - February","k__Bacteria|p__Actinomycetota|c__Actinobacteria|o__Propionibacteriales|f__Nocardioidaceae|g__Nocardioides|s__|ASV_15946",123.563050466718,3.88166132050445,1.30664269212437,2.97071368010605,0.00297108635625617,0.0173161474751126,"*","DESeq2"
"20","September - February","k__Bacteria|p__Actinomycetota|c__Acidimicrobiia|o__Microtrichales|f__Ilumatobacteraceae|g__Ilumatobacter|s__|ASV_7782",93.5117407661629,1.07288534723065,0.603891527735743,1.77661930653899,0.0756308969230498,0.160736805541157,"","DESeq2"
"21","September - February","k__Bacteria|p__Actinomycetota|c__Actinobacteria|o__Propionibacteriales|f__Nocardioidaceae|g__Nocardioides|s__|ASV_5509",63.2262342806071,3.43517530888827,1.96839847365208,1.74516255467054,0.0809565772572601,0.165751612918959,"","DESeq2"
"22","September - February","k__Bacteria|p__Bacteroidota|c__Bacteroidia|o__Chitinophagales|f__Saprospiraceae|g__Lewinella|s__|ASV_10676",113.230454269253,2.72010225576535,1.25719662824331,2.16362515986554,0.0304931289764692,0.0830042192769219,"","DESeq2"
"23","September - February","k__Bacteria|p__Bacteroidota|c__Bacteroidia|o__Chitinophagales|f__Saprospiraceae|g__Lewinella|s__|ASV_12828",97.4848250490174,3.41143884816619,1.46094311941145,2.33509354528499,0.0195385344508644,0.0627081342173015,"","DESeq2"
"24","September - February","k__Bacteria|p__Actinomycetota|c__Rubrobacteria|o__Rubrobacterales|f__Rubrobacteriaceae|g__Rubrobacter|s__|ASV_16064",72.3742765710336,1.95447017442966,1.83275274405796,1.06641235745865,0.28623727796582,0.412633405261804,"","DESeq2"
"25","September - February","k__Bacteria|p__Actinomycetota|c__Actinobacteria|o__Nitriliruptorales|f__Nitriliruptoraceae|g__|s__|ASV_10841",101.705306661212,4.46588107247298,1.16771961513793,3.82444639498965,0.000131066257648822,0.0019455147619747,"**","DESeq2"
"26","September - February","k__Bacteria|p__Pseudomonadota|c__Alphaproteobacteria|o__Sphingomonadales|f__Sphingomonadaceae|g__Qipengyuania|s__|ASV_3585",165.638741948104,-5.13418795825681,1.94823124483952,-2.63530726747981,0.00840611491448604,0.0331051788303424,"*","DESeq2"
"27","September - February","k__Bacteria|p__Pseudomonadota|c__Gammaproteobacteria|o__Pseudomonadales|f__Marinobacteraceae|g__Marinobacter|s__|ASV_13594",103.785189935394,1.15749967585221,0.948508619389256,1.22033648634371,0.222337343708012,0.338494353401621,"","DESeq2"
"28","September - February","k__Bacteria|p__Cyanobacteriota|c__Cyanobacteriia|o__Cyanobacteriales|f__Nostocaceae|g__|s__|ASV_4049",100.928999918464,-0.560657031916421,1.94630232302168,-0.28806266389591,0.773298771676343,0.856216588685927,"","DESeq2"
"29","September - February","k__Bacteria|p__Pseudomonadota|c__Alphaproteobacteria|o__Sphingomonadales|f__Sphingomonadaceae|g__Sphingomicrobium|s__|ASV_14934",158.592999255564,-4.07162694232157,1.21235342902723,-3.35844881932538,0.000783812345461809,0.00695908157185719,"**","DESeq2"
"30","September - February","k__Bacteria|p__Pseudomonadota|c__Alphaproteobacteria|o__Hyphomicrobiales|f__Rhizobiaceae|g__Fulvimarina|s__|ASV_659",102.160152179652,1.40632219660364,1.04499852865257,1.3457647623839,0.178378392936039,0.294712127459542,"","DESeq2"
"31","September - February","k__Bacteria|p__Rhodothermota|c__Rhodothermia|o__Rhodothermales|f__Rhodothermaceae|g__|s__|ASV_2086",81.8214948972171,2.22013968583297,0.745829842500944,2.97673753357511,0.00291333302927147,0.0170843603568389,"*","DESeq2"
"32","September - February","k__Bacteria|p__Bacteroidota|c__Bacteroidia|o__Flavobacteriales|f__Flavobacteriaceae|g__Gramella|s__|ASV_8981",198.859947693552,-27.3594607833763,2.20046496902332,-12.4334907251533,1.71958015054216e-35,1.63360114301505e-32,"***","DESeq2"
"33","September - February","k__Bacteria|p__Actinomycetota|c__Actinobacteria|o__Nitriliruptorales|f__Nitriliruptoraceae|g__|s__|ASV_9614",74.4236400748041,1.24224323521887,1.19119434582581,1.04285521466077,0.297015354378302,0.423035362307927,"","DESeq2"
"34","September - February","k__Bacteria|p__Actinomycetota|c__Actinobacteria|o__Euzebyales|f__Euzebyaceae|g__|s__|ASV_15365",85.9896032686543,3.50135694648882,1.50814694886679,2.32162850517963,0.0202529476455055,0.0641087501141971,"","DESeq2"
"35","September - February","k__Bacteria|p__Bacteroidota|c__Bacteroidia|o__Cytophagales|f__Cyclobacteriaceae|g__|s__|ASV_9068",79.8514781721758,0.696704357373454,1.11099396612162,0.627100037100636,0.530593662821639,0.650405135071687,"","DESeq2"
"36","September - February","k__Bacteria|p__Bacteroidota|c__Bacteroidia|o__Flavobacteriales|f__Flavobacteriaceae|g__Hoppeia|s__|ASV_11816",94.6594455214077,-1.99109662404729,1.37821406661713,-1.44469329712656,0.148544053490352,0.259405975764402,"","DESeq2"
"37","September - February","k__Bacteria|p__Actinomycetota|c__Actinobacteria|o__Euzebyales|f__Euzebyaceae|g__|s__|ASV_4057",82.6951415317207,3.19241858043685,0.889738603765229,3.58804098970985,0.000333171919826635,0.00372368616276827,"**","DESeq2"
"38","September - February","k__Bacteria|p__Pseudomonadota|c__Alphaproteobacteria|o__Rhodobacterales|f__Paracoccaceae|g__Palleronia-Pseudomaribius|s__|ASV_5775",94.292467264206,2.30079269665764,1.86807869554926,1.23163585246131,0.218085141956421,0.335685197141494,"","DESeq2"
"39","September - February","k__Bacteria|p__Cyanobacteriota|c__Cyanobacteriia|o__Cyanobacteriales|f__Nostocaceae|g__Rivularia_PCC-7116|s__|ASV_12448",140.660160383313,-3.52602154651765,2.29274876527916,-1.53790140459996,0.124072723827835,0.227586982213541,"","DESeq2"
"40","September - February","k__Bacteria|p__Pseudomonadota|c__Alphaproteobacteria|o__Rhodobacterales|f__Paracoccaceae|g__Palleronia-Pseudomaribius|s__|ASV_3202",81.78207897473,4.6240553492597,1.45090392416313,3.18701691562852,0.00143748367525411,0.0112860288553008,"*","DESeq2"
"41","September - February","k__Bacteria|p__Pseudomonadota|c__Alphaproteobacteria|o__Rhodobacterales|f__Paracoccaceae|g__Actibacterium|s__|ASV_6146",88.1564038965582,4.55652064978824,1.66568503765733,2.73552355143723,0.00622811293572948,0.02689412404065,"*","DESeq2"
"42","September - February","k__Bacteria|p__Pseudomonadota|c__Alphaproteobacteria|o__Sphingomonadales|f__Sphingomonadaceae|g__|s__|ASV_14489",87.8787234689884,2.34141693364822,1.14047679710584,2.05301584354015,0.0400710409416683,0.100441923204709,"","DESeq2"
"43","September - February","k__Bacteria|p__Myxococcota|c__Polyangiia|o__Polyangiales|f__Sandaracinaceae|g__|s__|ASV_1096",119.890362374374,-0.520826566690113,1.85692365732162,-0.280478179399868,0.779110664207991,0.859168318679029,"","DESeq2"
"44","September - February","k__Bacteria|p__Bacteroidota|c__Bacteroidia|o__Flavobacteriales|f__Flavobacteriaceae|g__Sufflavibacter|s__|ASV_4707",82.1384622288725,0.695374663076725,1.39662747012217,0.497895593458361,0.61855763334976,0.729069170821677,"","DESeq2"
"45","September - February","k__Bacteria|p__Pseudomonadota|c__Alphaproteobacteria|o__Sphingomonadales|f__Sphingomonadaceae|g__Aurantiacibacter|s__|ASV_6948",94.4007492316412,-1.06164300750116,0.554642005001686,-1.91410495044985,0.0556067471209882,0.126378970729519,"","DESeq2"
"46","September - February","k__Bacteria|p__Pseudomonadota|c__Alphaproteobacteria|o__Rhodobacterales|f__Paracoccaceae|g__Palleronia-Pseudomaribius|s__|ASV_10594",76.2014850127718,9.13253567082041,1.40713700050379,6.49015388519434,8.57487434193968e-11,3.70278664765577e-09,"***","DESeq2"
"47","September - February","k__Bacteria|p__Pseudomonadota|c__Alphaproteobacteria|o__Rhodobacterales|f__Paracoccaceae|g__|s__|ASV_1011",53.3634514089635,8.61906505466942,1.61531022132825,5.3358574352251,9.50940988992628e-08,3.22640692693927e-06,"***","DESeq2"
"48","September - February","k__Bacteria|p__Pseudomonadota|c__Alphaproteobacteria|o__Rhodobacterales|f__Paracoccaceae|g__|s__|ASV_8954",60.3894412940076,1.25335211061808,1.29627107867196,0.966890437686965,0.333598807386644,0.459302705822191,"","DESeq2"
"49","September - February","k__Bacteria|p__Pseudomonadota|c__Alphaproteobacteria|o__Rhodobacterales|f__Paracoccaceae|g__Limibaculum|s__|ASV_636",62.9157592748004,1.31640012368801,1.1496568124949,1.14503746629505,0.252193637578876,0.374349930781144,"","DESeq2"
"50","September - February","k__Bacteria|p__Pseudomonadota|c__Alphaproteobacteria|o__Sphingomonadales|f__Sphingomonadaceae|g__Sphingomicrobium|s__|ASV_13477",74.8399136866576,9.10666021916523,1.680437134712,5.4192210056855,5.98592833290174e-08,2.18716612163718e-06,"***","DESeq2"
"51","September - February","k__Bacteria|p__Pseudomonadota|c__Alphaproteobacteria|o__Rhodobacterales|f__Paracoccaceae|g__|s__|ASV_14979",86.4911436167934,-2.17518815018181,1.98536705186418,-1.09561007781377,0.273249449532257,0.399979933829961,"","DESeq2"
"52","September - February","k__Bacteria|p__Actinomycetota|c__Actinobacteria|o__Nitriliruptorales|f__Nitriliruptoraceae|g__|s__|ASV_7144",67.9144860510601,-0.423470933123422,1.04796494502779,-0.404088834395305,0.686147395365212,0.789152573361927,"","DESeq2"
"53","September - February","k__Bacteria|p__Actinomycetota|c__Actinobacteria|o__Nitriliruptorales|f__Nitriliruptoraceae|g__|s__|ASV_11633",48.6713323287922,2.37075725113991,0.874235969696147,2.7118047453068,0.00669179977714958,0.0283532816428091,"*","DESeq2"
"54","September - February","k__Bacteria|p__Actinomycetota|c__Rubrobacteria|o__Rubrobacterales|f__Rubrobacteriaceae|g__Rubrobacter|s__|ASV_10060",49.3110836315551,3.03558063655719,1.36925396372956,2.21695953925808,0.0266258565325028,0.0759596507684013,"","DESeq2"
"55","September - February","k__Bacteria|p__Rhodothermota|c__Rhodothermia|o__Rhodothermales|f__Rhodothermaceae|g__|s__|ASV_5842",67.2190015714906,1.60880982659959,0.799167989078704,2.01310594091019,0.0441034853790691,0.106611478651694,"","DESeq2"
"56","September - February","k__Bacteria|p__Rhodothermota|c__Rhodothermia|o__Rhodothermales|f__Rhodothermaceae|g__|s__|ASV_11225",65.5129530821298,1.90545900528844,1.13009194829498,1.68610970829701,0.0917746704300225,0.180509186146007,"","DESeq2"
"57","September - February","k__Bacteria|p__Rhodothermota|c__Rhodothermia|o__Rhodothermales|f__Rhodothermaceae|g__|s__|ASV_12652",56.7967770532893,1.35771056821352,0.943685900940811,1.43873143263023,0.150226629974676,0.261383330542018,"","DESeq2"
"58","September - February","k__Bacteria|p__Rhodothermota|c__Rhodothermia|o__Rhodothermales|f__Rhodothermaceae|g__|s__|ASV_8456",77.5808349866261,-0.43667482261696,0.788052977820741,-0.554118612462487,0.579497673004828,0.695104532013367,"","DESeq2"
"59","September - February","k__Bacteria|p__Rhodothermota|c__Rhodothermia|o__Rhodothermales|f__Rhodothermaceae|g__Rubrivirga|s__|ASV_7122",54.5125081897432,7.55728139304698,1.26924060111083,5.95417558060536,2.6138606799443e-09,1.03465318581128e-07,"***","DESeq2"
"60","September - February","k__Bacteria|p__Bacteroidota|c__Bacteroidia|o__Flavobacteriales|f__Flavobacteriaceae|g__|s__|ASV_7083",108.413956307907,-3.17344296781264,0.774659359396893,-4.09656570893728,4.1932450373913e-05,0.000745560270081612,"***","DESeq2"
"61","September - February","k__Bacteria|p__Actinomycetota|c__Actinobacteria|o__Nitriliruptorales|f__Nitriliruptoraceae|g__|s__|ASV_15235",49.9924903258379,3.25374792056809,1.17510695249235,2.768895132198,0.00562467360747173,0.0252049053165007,"*","DESeq2"
"62","September - February","k__Bacteria|p__Pseudomonadota|c__Alphaproteobacteria|o__Sphingomonadales|f__Sphingomonadaceae|g__Pacificimonas|s__|ASV_12382",58.3417917702722,0.423448365524234,1.0853532945714,0.390147952415302,0.696427145877027,0.79615618361393,"","DESeq2"
"63","September - February","k__Bacteria|p__Actinomycetota|c__Actinobacteria|o__Nitriliruptorales|f__Nitriliruptoraceae|g__|s__|ASV_10311",60.7970351521657,2.53652449867248,1.25551989821283,2.02029812692185,0.043352472988364,0.10506339117078,"","DESeq2"
"64","September - February","k__Bacteria|p__Thermodesulfobacteriota|c__Desulfobulbia|o__Desulfobulbales|f__Desulfocapsaceae|g__|s__|ASV_11131",122.340822338635,-4.58635784482651,1.03300092285383,-4.43983905857119,9.00261768690202e-06,0.000213812170063923,"***","DESeq2"
"65","September - February","k__Bacteria|p__Actinomycetota|c__Acidimicrobiia|o__Microtrichales|f__Ilumatobacteraceae|g__Ilumatobacter|s__|ASV_249",56.6693368041081,0.428247770023186,1.08456055184971,0.394858331600584,0.692947442971148,0.795019838243743,"","DESeq2"
"66","September - February","k__Bacteria|p__Bacteroidota|c__Bacteroidia|o__Flavobacteriales|f__Flavobacteriaceae|g__Gramella|s__|ASV_12463",26.4238895451568,-8.60482242017759,1.8299148520578,-4.70230754753488,2.57237642426851e-06,6.60475027852725e-05,"***","DESeq2"
"67","September - February","k__Bacteria|p__Pseudomonadota|c__Alphaproteobacteria|o__Rhodobacterales|f__Paracoccaceae|g__|s__|ASV_10445",69.0582802475736,-0.852420092125165,1.7580340048302,-0.484871219659655,0.627767698917231,0.736270757989345,"","DESeq2"
"68","September - February","k__Bacteria|p__Pseudomonadota|c__Gammaproteobacteria|o__Enterobacterales|f__Vibrionaceae|g__|s__|ASV_7934",30.8475133145595,-0.740173984633777,1.71635447018364,-0.431247739025949,0.666288245562733,0.770041159713621,"","DESeq2"
"69","September - February","k__Bacteria|p__Pseudomonadota|c__Alphaproteobacteria|o__Rhodobacterales|f__Paracoccaceae|g__Limibaculum|s__|ASV_14872",68.1026305353236,0.337383485464983,0.724107768526487,0.465929934920511,0.641265653210789,0.745657736291615,"","DESeq2"
"70","September - February","k__Bacteria|p__Actinomycetota|c__Rubrobacteria|o__Rubrobacterales|f__Rubrobacteriaceae|g__Rubrobacter|s__|ASV_15130",35.3471154740636,1.83605797265525,1.91109303708584,0.960737094963722,0.336684374635158,0.459875983850683,"","DESeq2"
"71","September - February","k__Bacteria|p__Pseudomonadota|c__Alphaproteobacteria|o__|f__Neomegalonemataceae|g__Acuticoccus|s__|ASV_1266",65.8561211395604,-1.60764604879296,1.717657713281,-0.935952510423104,0.349297639251346,0.470684762111742,"","DESeq2"
"72","September - February","k__Bacteria|p__Deinococcota|c__Deinococci|o__Deinococcales|f__Trueperaceae|g__Truepera|s__|ASV_110",51.8630503629789,0.409736840686233,1.20112275410489,0.341128198001361,0.733007074091602,0.824090793357423,"","DESeq2"
"73","September - February","k__Bacteria|p__Bacteroidota|c__Bacteroidia|o__Chitinophagales|f__Saprospiraceae|g__Lewinella|s__|ASV_368",52.8622917078104,3.82719526091052,1.30900736962974,2.92373851339971,0.00345855145853817,0.0193271993271251,"*","DESeq2"
"74","September - February","k__Bacteria|p__Actinomycetota|c__Actinobacteria|o__Nitriliruptorales|f__Nitriliruptoraceae|g__|s__|ASV_13671",58.2283795390639,2.90691207910009,1.79445584992603,1.61994070749633,0.105245014270429,0.201985380923046,"","DESeq2"
"75","September - February","k__Bacteria|p__Actinomycetota|c__Actinobacteria|o__Nitriliruptorales|f__Nitriliruptoraceae|g__|s__|ASV_2255",60.1382410459559,-0.00927499566656832,1.15858452239471,-0.00800545448975756,0.993612639685266,0.995312647934842,"","DESeq2"
"76","September - February","k__Bacteria|p__Thermodesulfobacteriota|c__Desulfobulbia|o__Desulfobulbales|f__Desulfocapsaceae|g__|s__|ASV_15773",94.1267525243267,-3.82955591557345,0.844682176438188,-4.53372407089459,5.79527258962301e-06,0.000141166896413894,"***","DESeq2"
"77","September - February","k__Bacteria|p__Pseudomonadota|c__Alphaproteobacteria|o__Hyphomicrobiales|f__Rhizobiaceae|g__Oricola|s__|ASV_1268",66.3448992242382,-0.340563079861128,0.854192806832689,-0.398695794599256,0.690117366926225,0.792758764909206,"","DESeq2"
"78","September - February","k__Bacteria|p__Pseudomonadota|c__Alphaproteobacteria|o__Caulobacterales|f__Parvularculaceae|g__Parvularcula|s__|ASV_6944",41.3778599035767,6.88152344561166,1.43899592121941,4.78217022309574,1.73412731725834e-06,4.57616930943173e-05,"***","DESeq2"
"79","September - February","k__Bacteria|p__Bacteroidota|c__Bacteroidia|o__Flavobacteriales|f__Flavobacteriaceae|g__Hoppeia|s__|ASV_9379",78.6625390163595,-7.10764312146314,1.61599869463655,-4.39829756363862,1.09103325882067e-05,0.000241042231599916,"***","DESeq2"
"80","September - February","k__Bacteria|p__Pseudomonadota|c__Gammaproteobacteria|o__Pseudomonadales|f__Cellvibrionaceae|g__|s__|ASV_9855",67.9459380655019,0.410123209692403,2.17890927602864,0.188224087255211,0.850700991044224,0.905001054302366,"","DESeq2"
"81","September - February","k__Bacteria|p__Cyanobacteriota|c__Cyanobacteriia|o__Cyanobacteriales|f__Xenococcaceae|g__Pleurocapsa_PCC-7319|s__|ASV_696",43.6050767920331,0.70334875531421,1.95395965668502,0.359960735580116,0.718876496537552,0.813984114077085,"","DESeq2"
"82","September - February","k__Bacteria|p__Actinomycetota|c__Acidimicrobiia|o__Microtrichales|f__Ilumatobacteraceae|g__Ilumatobacter|s__|ASV_10265",69.4192452419546,-1.48123448624807,1.36678244567251,-1.08373830154019,0.278480848175384,0.405761972034685,"","DESeq2"
"83","September - February","k__Bacteria|p__Pseudomonadota|c__Alphaproteobacteria|o__Sphingomonadales|f__Sphingomonadaceae|g__Sphingomicrobium|s__|ASV_429",119.411156844648,-6.07236900727101,1.52506098551892,-3.98172208516949,6.84177513011054e-05,0.00112063558165604,"**","DESeq2"
"84","September - February","k__Bacteria|p__Pseudomonadota|c__Alphaproteobacteria|o__Rhodobacterales|f__Paracoccaceae|g__Wenxinia|s__|ASV_8558",46.3209259190659,2.92434638499348,0.968758023257694,3.01865513862753,0.00253899368174969,0.0158687105109355,"*","DESeq2"
"85","September - February","k__Bacteria|p__Pseudomonadota|c__Gammaproteobacteria|o__Chromatiales|f__Chromatiaceae|g__Thiohalocapsa|s__|ASV_3220",87.4010823482743,-5.64124720209576,1.9987935629228,-2.82232608046159,0.00476766737714737,0.0229912893821828,"*","DESeq2"
"86","September - February","k__Bacteria|p__Pseudomonadota|c__Alphaproteobacteria|o__Rhodobacterales|f__Paracoccaceae|g__Palleronia-Pseudomaribius|s__|ASV_11540",45.566709226823,0.320994522196747,1.82227741836727,0.176150194784476,0.860175947660184,0.911000167533083,"","DESeq2"
"87","September - February","k__Bacteria|p__Actinomycetota|c__Actinobacteria|o__Nitriliruptorales|f__Nitriliruptoraceae|g__|s__|ASV_13518",42.7253338455095,6.03004619932435,1.20382100138203,5.00908872033436,5.46883601867519e-07,1.52805712286513e-05,"***","DESeq2"
"88","September - February","k__Bacteria|p__Cyanobacteriota|c__Cyanobacteriia|o__Cyanobacteriales|f__Nostocaceae|g__Rivularia_PCC-7116|s__|ASV_13548",5.72745403467416,-6.39083183000965,2.94976495536489,-2.16655629404855,0.0302687030374462,0.0826300801309594,"","DESeq2"
"89","September - February","k__Bacteria|p__Pseudomonadota|c__Alphaproteobacteria|o__Sphingomonadales|f__Sphingomonadaceae|g__Sphingomicrobium|s__|ASV_5269",64.4375516036745,-2.08661888830882,1.52367172453125,-1.36946748746077,0.170853191076289,0.28545949971546,"","DESeq2"
"90","September - February","k__Bacteria|p__Pseudomonadota|c__Alphaproteobacteria|o__Rhodobacterales|f__Paracoccaceae|g__|s__|ASV_1163",45.3580629781946,1.74889074918924,1.33944078955492,1.30568724114365,0.191658938608611,0.309653047071736,"","DESeq2"
"91","September - February","k__Bacteria|p__Pseudomonadota|c__Alphaproteobacteria|o__Sphingomonadales|f__Sphingomonadaceae|g__Sphingomicrobium|s__|ASV_3742",77.4126555241971,-3.96822228923566,1.38478453343206,-2.86558825104783,0.00416235237828484,0.0208637697744601,"*","DESeq2"
"92","September - February","k__Bacteria|p__Actinomycetota|c__Actinobacteria|o__Euzebyales|f__Euzebyaceae|g__|s__|ASV_11651",30.3680937502557,5.46811707902781,1.67323754029914,3.26798613306884,0.00108315672473477,0.00902630603945642,"**","DESeq2"
"93","September - February","k__Bacteria|p__Bacteroidota|c__Bacteroidia|o__Chitinophagales|f__Saprospiraceae|g__Lewinella|s__|ASV_6532",34.6210725276874,-24.8508429150469,2.94566869176737,-8.43640120985116,3.27258041975923e-17,2.07263426584751e-15,"***","DESeq2"
"94","September - February","k__Bacteria|p__Pseudomonadota|c__Gammaproteobacteria|o__Enterobacterales|f__Pseudoalteromonadaceae|g__Pseudoalteromonas|s__|ASV_6090",26.3534972182017,-2.25821429012931,2.34758631792061,-0.961930248481572,0.336084642853517,0.459875983850683,"","DESeq2"
"95","September - February","k__Bacteria|p__Pseudomonadota|c__Alphaproteobacteria|o__Rhodobacterales|f__Paracoccaceae|g__Hasllibacter|s__|ASV_260",35.7258467076589,3.54136609074712,1.44516523319782,2.45049217168814,0.0142661064710917,0.0491043519838303,"*","DESeq2"
"96","September - February","k__Bacteria|p__Pseudomonadota|c__Alphaproteobacteria|o__Rhodobacterales|f__Paracoccaceae|g__Maribius|s__|ASV_6628",44.2284284047629,4.51816438821939,1.50541279238785,3.00127939065324,0.00268847767034522,0.0164402732367822,"*","DESeq2"
"97","September - February","k__Bacteria|p__Pseudomonadota|c__Alphaproteobacteria|o__Rhodobacterales|f__Paracoccaceae|g__Palleronia-Pseudomaribius|s__|ASV_12053",48.9467093059429,4.3644244638493,2.11493822422825,2.06361794110648,0.0390539551645854,0.0986735569317981,"","DESeq2"
"98","September - February","k__Bacteria|p__Pseudomonadota|c__Alphaproteobacteria|o__Sphingomonadales|f__Sphingomonadaceae|g__Novosphingobium|s__|ASV_15092",45.824995804218,1.18949821398459,1.00409732519604,1.18464434087836,0.236158097621385,0.356440789836652,"","DESeq2"
"99","September - February","k__Bacteria|p__Pseudomonadota|c__Alphaproteobacteria|o__Sphingomonadales|f__Sphingomonadaceae|g__Aurantiacibacter|s__|ASV_1062",42.2164871426455,1.69554128371332,1.10635471112068,1.53254762389525,0.125387354933728,0.229073052282773,"","DESeq2"
"100","September - February","k__Bacteria|p__Pseudomonadota|c__Alphaproteobacteria|o__Rhodobacterales|f__Paracoccaceae|g__Wenxinia|s__|ASV_15944",47.2789771281142,0.601617723893592,1.61258093050531,0.373077538319315,0.709090735606202,0.804015045498597,"","DESeq2"
"101","September - February","k__Bacteria|p__Pseudomonadota|c__Alphaproteobacteria|o__Sphingomonadales|f__Sphingomonadaceae|g__Aurantiacibacter|s__|ASV_11060",26.5983439149465,-24.6155031524971,2.94591225535542,-8.3558168128559,6.49814848120799e-17,3.85827566071724e-15,"***","DESeq2"
"102","September - February","k__Bacteria|p__Chloroflexota|c__Anaerolineae|o__Aggregatilineales|f__A4b|g__|s__|ASV_15923",46.8251796364484,-0.961210727287381,0.624364650770426,-1.53950215807591,0.123681751444252,0.227586982213541,"","DESeq2"
"103","September - February","k__Bacteria|p__Bacteroidota|c__Bacteroidia|o__Flavobacteriales|f__Flavobacteriaceae|g__Gramella|s__|ASV_14533",119.548138856002,-26.6579971304667,2.20345366351565,-12.0982789753488,1.07848500975271e-33,5.12280379632536e-31,"***","DESeq2"
"104","September - February","k__Bacteria|p__Actinomycetota|c__Actinobacteria|o__Nitriliruptorales|f__Nitriliruptoraceae|g__|s__|ASV_12809",40.7961644154895,3.81675319748541,1.65599004053233,2.3048165170477,0.0211768516583561,0.0655312825702253,"","DESeq2"
"105","September - February","k__Bacteria|p__Pseudomonadota|c__Alphaproteobacteria|o__Sphingomonadales|f__Sphingomonadaceae|g__Pacificimonas|s__|ASV_7328",47.0846333369586,-1.3737871771531,1.1116494192435,-1.23580973764911,0.216529294538384,0.335604699162892,"","DESeq2"
"106","September - February","k__Bacteria|p__Actinomycetota|c__Acidimicrobiia|o__Microtrichales|f__Ilumatobacteraceae|g__Ilumatobacter|s__|ASV_9292",26.9920004268494,1.12961809461512,2.19417597722321,0.514825659537427,0.606674852985958,0.718629813387356,"","DESeq2"
"107","September - February","k__Bacteria|p__Bacteroidota|c__Bacteroidia|o__Chitinophagales|f__Saprospiraceae|g__Lewinella|s__|ASV_6892",41.6887406236641,0.234224242623051,1.06341975000978,0.220255682312556,0.825672032998948,0.886970740662097,"","DESeq2"
"108","September - February","k__Bacteria|p__Pseudomonadota|c__Alphaproteobacteria|o__Sphingomonadales|f__Sphingomonadaceae|g__|s__|ASV_526",33.1642066155357,0.461500147722239,1.06613078767376,0.432873858496489,0.665106412383887,0.769611561223743,"","DESeq2"
"109","September - February","k__Bacteria|p__Bacteroidota|c__Bacteroidia|o__Cytophagales|f__Cyclobacteriaceae|g__Fulvivirga|s__|ASV_2236",44.8700992741576,-1.00153107092524,1.523638778807,-0.657328419869597,0.510969766390131,0.633709240301076,"","DESeq2"
"110","September - February","k__Bacteria|p__Actinomycetota|c__Actinobacteria|o__Frankiales|f__Sporichthyaceae|g__Sporichthya|s__|ASV_3678",38.0237147964935,8.12945597407742,1.51263754029894,5.37435820379733,7.68559363974252e-08,2.70419035472422e-06,"***","DESeq2"
"111","September - February","k__Bacteria|p__Bacteroidota|c__Bacteroidia|o__Cytophagales|f__Cyclobacteriaceae|g__Tunicatimonas|s__|ASV_5667",37.065745348905,2.57765603318038,1.12225511060341,2.2968539049864,0.0216271052810781,0.0662286084512447,"","DESeq2"
"112","September - February","k__Bacteria|p__Pseudomonadota|c__Alphaproteobacteria|o__Sphingomonadales|f__Sphingomonadaceae|g__|s__|ASV_13522",39.1247383976763,0.180828915914561,1.37054007370187,0.131939896821941,0.89503183136237,0.934373889883793,"","DESeq2"
"113","September - February","k__Bacteria|p__Rhodothermota|c__Rhodothermia|o__Rhodothermales|f__Rhodothermaceae|g__Rubrivirga|s__|ASV_3298",39.185358559928,4.45872968217296,1.76778858109174,2.52220753650268,0.0116620881162088,0.0422861973679325,"*","DESeq2"
"114","September - February","k__Bacteria|p__Actinomycetota|c__Actinobacteria|o__Mycobacteriales|f__Mycobacteriaceae|g__Mycobacterium|s__|ASV_6684",31.0378958684418,0.363298001954973,1.67209618824668,0.217270994640517,0.827997160097745,0.887807338705257,"","DESeq2"
"115","September - February","k__Bacteria|p__Pseudomonadota|c__Alphaproteobacteria|o__Rhodobacterales|f__Paracoccaceae|g__Palleronia-Pseudomaribius|s__|ASV_10171",40.5589222491112,8.2228087847296,2.16496114404953,3.79813227010114,0.000145790522430853,0.0020797800497442,"**","DESeq2"
"116","September - February","k__Bacteria|p__Pseudomonadota|c__Alphaproteobacteria|o__Rhodobacterales|f__Paracoccaceae|g__|s__|ASV_12829",34.1455564735964,1.76687821020842,1.27787284812716,1.382671376732,0.166765652289269,0.280899591621995,"","DESeq2"
"117","September - February","k__Bacteria|p__Bacteroidota|c__Bacteroidia|o__Chitinophagales|f__Saprospiraceae|g__|s__|ASV_949",15.5298482330633,-23.8366685488645,2.80340891427171,-8.50274407972229,1.85160805439726e-17,1.25644832262672e-15,"***","DESeq2"
"118","September - February","k__Bacteria|p__Pseudomonadota|c__Alphaproteobacteria|o__Sphingomonadales|f__Sphingomonadaceae|g__Pacificimonas|s__|ASV_11209",46.0668455822186,-0.935435416490585,1.07280475164743,-0.871953088438601,0.38323397010002,0.508830058819815,"","DESeq2"
"119","September - February","k__Bacteria|p__Cyanobacteriota|c__Cyanobacteriia|o__Phormidesmiales|f__Phormidesmiaceae|g__Acrophormium_PCC-7375|s__|ASV_6130",28.867453462744,-6.05902200478909,1.9999963979477,-3.02951645863291,0.00244945557059928,0.0154295588539994,"*","DESeq2"
"120","September - February","k__Bacteria|p__Actinomycetota|c__Actinobacteria|o__Euzebyales|f__Euzebyaceae|g__|s__|ASV_7017",27.7535496860656,4.10815911771741,1.71765615977994,2.39172380009031,0.016769456687364,0.0558842175199084,"","DESeq2"
"121","September - February","k__Bacteria|p__Pseudomonadota|c__Gammaproteobacteria|o__Pseudomonadales|f__Marinobacteraceae|g__Marinobacter|s__|ASV_10962",56.6262123726793,-0.547562716157977,1.58632496947628,-0.345176887897536,0.729961392982559,0.823153301910975,"","DESeq2"
"122","September - February","k__Bacteria|p__Bacteroidota|c__Bacteroidia|o__Cytophagales|f__Cyclobacteriaceae|g__Fulvivirga|s__|ASV_9556",33.755128579727,0.715677688886847,0.778231247001238,0.919620860309287,0.357770921797269,0.480059852694076,"","DESeq2"
"123","September - February","k__Bacteria|p__Cyanobacteriota|c__Cyanobacteriia|o__Cyanobacteriales|f__Xenococcaceae|g__Gloeocapsopsis_BDHKU_35101|s__|ASV_16008",6.06174058182331,-3.26729356083245,2.62026542997492,-1.2469322853539,0.212422327477888,0.331364878660089,"","DESeq2"
"124","September - February","k__Bacteria|p__Pseudomonadota|c__Alphaproteobacteria|o__Sphingomonadales|f__Sphingomonadaceae|g__|s__|ASV_2700",76.5819512312657,-7.16059167770172,1.75081733979119,-4.08985650013937,4.31640156363039e-05,0.000745560270081612,"***","DESeq2"
"125","September - February","k__Bacteria|p__Actinomycetota|c__Acidimicrobiia|o__Microtrichales|f__Iamiaceae|g__Iamia|s__|ASV_5513",29.9740637598021,2.62899909006908,1.00268851921614,2.62194992730575,0.00874282752097571,0.0339007597752119,"*","DESeq2"
"126","September - February","k__Bacteria|p__Bacteroidota|c__Bacteroidia|o__Flavobacteriales|f__Flavobacteriaceae|g__Gramella|s__|ASV_536",29.5772519307513,-8.76443449168688,1.99182640132414,-4.40019998020932,1.08151162019342e-05,0.000241042231599916,"***","DESeq2"
"127","September - February","k__Bacteria|p__Bacteroidota|c__Bacteroidia|o__Cytophagales|f__Cyclobacteriaceae|g__Tunicatimonas|s__|ASV_7636",56.9678565812428,-3.05969757298043,1.78778185152113,-1.71144906207494,0.0869982468063592,0.174640991721309,"","DESeq2"
"128","September - February","k__Bacteria|p__Pseudomonadota|c__Alphaproteobacteria|o__Sphingomonadales|f__Sphingomonadaceae|g__Croceibacterium|s__|ASV_4564",35.8271187778464,0.436815226113446,1.17141323921886,0.372895927320003,0.709225903292447,0.804015045498597,"","DESeq2"
"129","September - February","k__Bacteria|p__Bacteroidota|c__Bacteroidia|o__Cytophagales|f__Cyclobacteriaceae|g__Tunicatimonas|s__|ASV_1480",53.8873971086592,-2.93147533825466,1.79622985247051,-1.63201571014019,0.10267617671258,0.198256845278357,"","DESeq2"
"130","September - February","k__Bacteria|p__Actinomycetota|c__Actinobacteria|o__Nitriliruptorales|f__Nitriliruptoraceae|g__|s__|ASV_3706",32.3199547925075,3.09989523331557,1.39474042407459,2.22256068570778,0.0262454376828602,0.0755550478749007,"","DESeq2"
"131","September - February","k__Bacteria|p__Actinomycetota|c__Acidimicrobiia|o__Microtrichales|f__Ilumatobacteraceae|g__Ilumatobacter|s__|ASV_7004",33.9133090976172,1.93186061444709,1.1205038254661,1.72409997229907,0.0846897970987124,0.170818062088698,"","DESeq2"
"132","September - February","k__Bacteria|p__Actinomycetota|c__Acidimicrobiia|o__Microtrichales|f__Ilumatobacteraceae|g__Ilumatobacter|s__|ASV_3237",35.2284025103495,-0.644772648651645,1.7037857219207,-0.378435292863461,0.705107254299223,0.801258243521844,"","DESeq2"
"133","September - February","k__Bacteria|p__Myxococcota|c__Polyangiia|o__Polyangiales|f__Sandaracinaceae|g__|s__|ASV_14312",31.7797669433383,-3.92335295922792,2.4407531236501,-1.60743539410517,0.107958891057534,0.206170516378705,"","DESeq2"
"134","September - February","k__Bacteria|p__Pseudomonadota|c__Alphaproteobacteria|o__Rhodobacterales|f__Paracoccaceae|g__Silicimonas|s__|ASV_15668",45.3009239441458,-2.076445580556,1.93586277543713,-1.07262023264388,0.283441543074142,0.411098421252573,"","DESeq2"
"135","September - February","k__Bacteria|p__Rhodothermota|c__Rhodothermia|o__Rhodothermales|f__Rhodothermaceae|g__Rubricoccus|s__|ASV_7519",32.8645170997084,3.6570892348436,1.11357746246766,3.28409056226729,0.00102312039907079,0.00860145468245352,"**","DESeq2"
"136","September - February","k__Bacteria|p__Actinomycetota|c__Acidimicrobiia|o__Microtrichales|f__Ilumatobacteraceae|g__Ilumatobacter|s__|ASV_10344",49.903155571248,-2.17687966946162,1.2087391857899,-1.80095068899338,0.0717106525227921,0.154632959128989,"","DESeq2"
"137","September - February","k__Bacteria|p__Bacteroidota|c__Bacteroidia|o__Chitinophagales|f__Saprospiraceae|g__|s__|ASV_13366",29.7644216884782,0.165786821667459,1.34078979028945,0.123648630731048,0.90159348615025,0.940190792363049,"","DESeq2"
"138","September - February","k__Bacteria|p__Bacteroidota|c__Bacteroidia|o__Cytophagales|f__Cyclobacteriaceae|g__Tunicatimonas|s__|ASV_2727",0,0,0,0,1,NA,NA,"DESeq2"
"139","September - February","k__Bacteria|p__Rhodothermota|c__Rhodothermia|o__Rhodothermales|f__Rhodothermaceae|g__Rubrivirga|s__|ASV_4932",36.0678358212913,-0.612297655263851,1.57795814299072,-0.388031620473377,0.697992633619687,0.796986781176326,"","DESeq2"
"140","September - February","k__Bacteria|p__Pseudomonadota|c__Alphaproteobacteria|o__Rhodobacterales|f__Paracoccaceae|g__Actibacterium|s__|ASV_9665",42.8129109047645,-1.35180347567035,1.80781890298835,-0.747753811753932,0.454608666486427,0.576606452819901,"","DESeq2"
"141","September - February","k__Bacteria|p__Bacteroidota|c__Bacteroidia|o__Cytophagales|f__Cyclobacteriaceae|g__Tunicatimonas|s__|ASV_8388",49.4489500056314,-3.26435767810974,2.3327825634833,-1.39934073977105,0.161710828313036,0.275314134224703,"","DESeq2"
"142","September - February","k__Bacteria|p__Bacteroidota|c__Bacteroidia|o__Chitinophagales|f__Saprospiraceae|g__Lewinella|s__|ASV_3307",3.90678336203883,-2.34063377277019,2.49236066607097,-0.939123219457654,0.347667484082914,0.46982092443637,"","DESeq2"
"143","September - February","k__Bacteria|p__Cyanobacteriota|c__Cyanobacteriia|o__Cyanobacteriales|f__Xenococcaceae|g__Myxosarcina_GI1|s__|ASV_4818",31.125245620101,1.12372369290884,1.90696213012469,0.589274257289712,0.555677310719912,0.676786468184508,"","DESeq2"
"144","September - February","k__Bacteria|p__Pseudomonadota|c__Alphaproteobacteria|o__Sphingomonadales|f__Sphingomonadaceae|g__Qipengyuania|s__|ASV_13211",26.6180746159029,0.219368253247363,2.01309399894705,0.108970695537369,0.913225733464719,0.947122758505986,"","DESeq2"
"145","September - February","k__Bacteria|p__Bacteroidota|c__Bacteroidia|o__Cytophagales|f__Cyclobacteriaceae|g__Tunicatimonas|s__|ASV_8500",36.678364475931,-0.0131956856496562,1.61162873330243,-0.00818779497844806,0.993467157793368,0.995312647934842,"","DESeq2"
"146","September - February","k__Bacteria|p__Pseudomonadota|c__Alphaproteobacteria|o__Hyphomicrobiales|f__Rhizobiaceae|g__|s__|ASV_664",31.1788166379696,-1.64621637660118,0.91450672994016,-1.8001140097776,0.0718426378929678,0.154632959128989,"","DESeq2"
"147","September - February","k__Bacteria|p__Rhodothermota|c__Rhodothermia|o__Rhodothermales|f__Rhodothermaceae|g__|s__|ASV_12658",32.3635532469961,1.69812903624626,1.6201237624282,1.04814772527078,0.294570550704033,0.420183217971218,"","DESeq2"
"148","September - February","k__Bacteria|p__Rhodothermota|c__Rhodothermia|o__Rhodothermales|f__Rhodothermaceae|g__|s__|ASV_8887",44.7519368165296,-1.5575721841275,1.52078403920795,-1.02419024922086,0.305745423423647,0.433219083291756,"","DESeq2"
"149","September - February","k__Bacteria|p__Actinomycetota|c__Actinobacteria|o__Propionibacteriales|f__Nocardioidaceae|g__Nocardioides|s__|ASV_13532",34.608981054678,2.72226671065286,2.15886780281423,1.26096961893831,0.207319793286961,0.326623223254747,"","DESeq2"
"150","September - February","k__Bacteria|p__Rhodothermota|c__Rhodothermia|o__Rhodothermales|f__Rhodothermaceae|g__Rubrivirga|s__|ASV_9879",28.1928320547221,3.92085068036397,1.44285200952812,2.71743093156607,0.00657908853841042,0.0280275072264121,"*","DESeq2"
"151","September - February","k__Bacteria|p__Bacteroidota|c__Bacteroidia|o__Chitinophagales|f__Saprospiraceae|g__Lewinella|s__|ASV_5784",6.32776864818927,0.233881916960702,2.7496533087846,0.0850586931135994,0.932214729367357,0.956375802266727,"","DESeq2"
"152","September - February","k__Bacteria|p__Actinomycetota|c__Acidimicrobiia|o__Microtrichales|f__Ilumatobacteraceae|g__Ilumatobacter|s__|ASV_14205",50.85226137273,-1.4770319790184,1.51850253619959,-0.972689833442765,0.330707479587928,0.456645502337981,"","DESeq2"
"153","September - February","k__Bacteria|p__Pseudomonadota|c__Gammaproteobacteria|o__Steroidobacterales|f__Woeseiaceae|g__Woeseia|s__|ASV_15820",54.1358123205584,-2.8938548905998,1.00044561954518,-2.89256590669605,0.00382109004430666,0.0201668641227296,"*","DESeq2"
"154","September - February","k__Bacteria|p__Campylobacterota|c__Campylobacteria|o__Campylobacterales|f__Sulfurovaceae|g__Sulfurovum|s__|ASV_3044",75.6770052340827,-8.929266904793,1.95391386837133,-4.56993885418087,4.87866535791817e-06,0.000121966633947954,"***","DESeq2"
"155","September - February","k__Bacteria|p__Pseudomonadota|c__Alphaproteobacteria|o__Sphingomonadales|f__Sphingomonadaceae|g__Sphingomicrobium|s__|ASV_14022",36.2496317130261,1.59066193214084,1.55909190949019,1.02024898112708,0.307610392978251,0.434219722629032,"","DESeq2"
"156","September - February","k__Bacteria|p__Bacteroidota|c__Bacteroidia|o__Flavobacteriales|f__Flavobacteriaceae|g__Muricauda|s__|ASV_9281",24.7195213036523,-24.5155583559784,2.79438343235689,-8.77315477615076,1.73728982580191e-18,1.26955794962447e-16,"***","DESeq2"
"157","September - February","k__Bacteria|p__Rhodothermota|c__Rhodothermia|o__Rhodothermales|f__Rhodothermaceae|g__|s__|ASV_11484",29.8244814397359,2.58255556124925,1.46093612076846,1.76774023486449,0.0771043403364417,0.16169784397267,"","DESeq2"
"158","September - February","k__Bacteria|p__Myxococcota|c__Polyangiia|o__Polyangiales|f__Sandaracinaceae|g__|s__|ASV_5153",17.2061483000461,-0.901108555879551,1.88238692297335,-0.478705278326197,0.632148310245907,0.739582382676862,"","DESeq2"
"159","September - February","k__Bacteria|p__Bacteroidota|c__Bacteroidia|o__Cytophagales|f__Cyclobacteriaceae|g__Tunicatimonas|s__|ASV_213",13.5871110004064,-2.84744465350398,2.26856274573055,-1.25517562115612,0.209415013413931,0.328833492137578,"","DESeq2"
"160","September - February","k__Bacteria|p__Bacteroidota|c__Bacteroidia|o__Flavobacteriales|f__Flavobacteriaceae|g__Hoppeia|s__|ASV_2715",43.743283192271,-5.71710380575126,1.48575173906492,-3.8479536354771,0.000119108587645625,0.00179608187719593,"**","DESeq2"
"161","September - February","k__Bacteria|p__Pseudomonadota|c__Alphaproteobacteria|o__|f__Neomegalonemataceae|g__Acuticoccus|s__|ASV_5409",28.8629363312015,-0.277708592632685,1.03591792253316,-0.268079725808389,0.788637951298657,0.866134166166155,"","DESeq2"
"162","September - February","k__Bacteria|p__Pseudomonadota|c__Alphaproteobacteria|o__Sphingomonadales|f__Sphingomonadaceae|g__|s__|ASV_14191",21.7263278624616,-1.05757513924365,1.36904308093841,-0.772492227577482,0.439822948551899,0.561688985933403,"","DESeq2"
"163","September - February","k__Bacteria|p__Bacteroidota|c__Bacteroidia|o__Chitinophagales|f__Saprospiraceae|g__Lewinella|s__|ASV_4316",17.7955064868261,2.430391772118,2.15389199862826,1.12837216242311,0.259162779143132,0.381121734034018,"","DESeq2"
"164","September - February","k__Bacteria|p__Bacteroidota|c__Bacteroidia|o__Flavobacteriales|f__Blattabacteriaceae|g__Candidatus_Uzinura|s__|ASV_7089",0,0,0,0,1,NA,NA,"DESeq2"
"165","September - February","k__Bacteria|p__Pseudomonadota|c__Alphaproteobacteria|o__Hyphomicrobiales|f__Rhizobiaceae|g__Roseitalea|s__|ASV_2998",5.71680837733202,-0.466519715330829,2.77014993669497,-0.168409553992383,0.866261092452929,0.914386708700314,"","DESeq2"
"166","September - February","k__Bacteria|p__Pseudomonadota|c__Alphaproteobacteria|o__Sphingomonadales|f__Sphingomonadaceae|g__Aurantiacibacter|s__|ASV_472",29.5345381591273,1.80351359040375,1.39061115840424,1.29692155819699,0.19465817802839,0.312373765417181,"","DESeq2"
"167","September - February","k__Bacteria|p__Pseudomonadota|c__Alphaproteobacteria|o__Sphingomonadales|f__Sphingomonadaceae|g__Sphingomicrobium|s__|ASV_1202",11.846046712117,-2.52850933824485,2.66774408992785,-0.94780805542455,0.343227178894984,0.465663106943867,"","DESeq2"
"168","September - February","k__Bacteria|p__Pseudomonadota|c__Gammaproteobacteria|o__Salinisphaerales|f__Salinisphaeraceae|g__Salinisphaera|s__|ASV_136",30.784799932341,6.48089569133796,1.238583555303,5.23250584394567,1.67227364443934e-07,5.12470955553991e-06,"***","DESeq2"
"169","September - February","k__Bacteria|p__Cyanobacteriota|c__Cyanobacteriia|o__Cyanobacteriales|f__Phormidiaceae|g__Arthrospira_PCC-7345|s__|ASV_8114",2.91934891594782,-0.808815824888614,2.91118429934819,-0.277830512162939,0.781142467597715,NA,NA,"DESeq2"
"170","September - February","k__Bacteria|p__Pseudomonadota|c__Alphaproteobacteria|o__Sphingomonadales|f__Sphingomonadaceae|g__Croceibacterium|s__|ASV_4092",32.3699028453265,3.41437356809269,1.82820477423516,1.86761002717604,0.0618164477472177,0.138503833395889,"","DESeq2"
"171","September - February","k__Bacteria|p__Pseudomonadota|c__Alphaproteobacteria|o__Rhodobacterales|f__Paracoccaceae|g__Limibaculum|s__|ASV_361",12.4629830921627,0.897250409335942,1.73111542138779,0.518307675069199,0.60424361881424,0.716643492975691,"","DESeq2"
"172","September - February","k__Bacteria|p__Bacteroidota|c__Bacteroidia|o__Flavobacteriales|f__Flavobacteriaceae|g__|s__|ASV_6125",20.5194527618801,-2.09465631418544,1.20898657610393,-1.73257201989427,0.0831717660101694,0.168954251369018,"","DESeq2"
"173","September - February","k__Bacteria|p__Pseudomonadota|c__Alphaproteobacteria|o__Sphingomonadales|f__Sphingomonadaceae|g__Qipengyuania|s__|ASV_13971",4.00742704288042,1.48868288921895,2.77632857986918,0.536205584603066,0.591816474297818,0.704543421783116,"","DESeq2"
"174","September - February","k__Bacteria|p__Actinomycetota|c__Actinobacteria|o__Propionibacteriales|f__Nocardioidaceae|g__Nocardioides|s__|ASV_15626",30.1353277583533,7.79405943329639,1.82875282368857,4.26195346486239,2.02647648144191e-05,0.000393471263141537,"***","DESeq2"
"175","September - February","k__Bacteria|p__Bacteroidota|c__Bacteroidia|o__Cytophagales|f__Cyclobacteriaceae|g__Tunicatimonas|s__|ASV_15837",31.3004239516959,0.00779953057755889,1.67807304131958,0.00464790887256349,0.99629151862299,0.99629151862299,"","DESeq2"
"176","September - February","k__Bacteria|p__Pseudomonadota|c__Alphaproteobacteria|o__Rhodobacterales|f__Paracoccaceae|g__Actibacterium|s__|ASV_137",41.2085743031676,-2.45033705134273,1.77179669637036,-1.3829673891832,0.166674865348961,0.280899591621995,"","DESeq2"
"177","September - February","k__Bacteria|p__Pseudomonadota|c__Gammaproteobacteria|o__Enterobacterales|f__Alteromonadaceae|g__Alteromonas|s__|ASV_12422",23.5179076768275,-24.4367759701799,2.54162064674337,-9.61464331881754,6.93492827879399e-22,7.32020207206032e-20,"***","DESeq2"
"178","September - February","k__Bacteria|p__Pseudomonadota|c__Alphaproteobacteria|o__Rhodobacterales|f__Paracoccaceae|g__Palleronia-Pseudomaribius|s__|ASV_3213",30.7328534985595,7.82246382676669,2.15798603210346,3.62489085211636,0.000289083516672761,0.00334913830291614,"**","DESeq2"
"179","September - February","k__Bacteria|p__Actinomycetota|c__Actinobacteria|o__Nitriliruptorales|f__Nitriliruptoraceae|g__|s__|ASV_3062",28.7421870895677,-0.128858495071781,2.36066985139618,-0.0545855639218546,0.956468639932511,0.973896257166008,"","DESeq2"
"180","September - February","k__Bacteria|p__Pseudomonadota|c__Alphaproteobacteria|o__Hyphomicrobiales|f__Rhizobiaceae|g__Aurantimonas|s__|ASV_12613",25.2201881129078,2.01176169061043,1.11797713412722,1.79946586490873,0.0719450188789613,0.154632959128989,"","DESeq2"
"181","September - February","k__Bacteria|p__Pseudomonadota|c__Alphaproteobacteria|o__Sphingomonadales|f__Sphingomonadaceae|g__|s__|ASV_4279",67.6191627771716,-5.41952481394736,2.28005567325905,-2.37692652750046,0.0174575650326532,0.0571885751069675,"","DESeq2"
"182","September - February","k__Bacteria|p__Actinomycetota|c__Actinobacteria|o__Nitriliruptorales|f__Nitriliruptoraceae|g__|s__|ASV_9881",20.3005164419629,1.49711681952532,1.95949804442254,0.764030780120793,0.444848900150808,0.567256986769487,"","DESeq2"
"183","September - February","k__Bacteria|p__Pseudomonadota|c__Alphaproteobacteria|o__Rhodobacterales|f__Paracoccaceae|g__|s__|ASV_661",19.3567150847222,7.15628102048113,1.39397820918413,5.13371082369328,2.84084477584012e-07,8.43375792827537e-06,"***","DESeq2"
"184","September - February","k__Bacteria|p__Pseudomonadota|c__Alphaproteobacteria|o__Hyphomicrobiales|f__Rhizobiaceae|g__|s__|ASV_4948",25.2222008366537,1.26477530165339,0.894895216171258,1.41332222901429,0.157561000896241,0.270076302716567,"","DESeq2"
"185","September - February","k__Bacteria|p__Rhodothermota|c__Rhodothermia|o__Rhodothermales|f__Rhodothermaceae|g__Rubrivirga|s__|ASV_10928",27.0637954503392,4.30987466084875,1.7098873727483,2.5205605524307,0.0117168076942592,0.0423230696180464,"*","DESeq2"
"186","September - February","k__Bacteria|p__Actinomycetota|c__Actinobacteria|o__Nitriliruptorales|f__Nitriliruptoraceae|g__|s__|ASV_13617",25.3191085570558,2.9101970850148,2.11300854332463,1.37727653501858,0.16842676708946,0.283033382539455,"","DESeq2"
"187","September - February","k__Bacteria|p__Chloroflexota|c__Anaerolineae|o__Aggregatilineales|f__A4b|g__|s__|ASV_9233",1.46472616401804,3.43903446012513,2.95259055964523,1.16475155991095,0.244119571747242,NA,NA,"DESeq2"
"188","September - February","k__Bacteria|p__Rhodothermota|c__Rhodothermia|o__Rhodothermales|f__Rhodothermaceae|g__|s__|ASV_15452",8.25226270181487,0.0296905430024642,1.71879296135014,0.0172740659696103,0.986217974874752,0.995312647934842,"","DESeq2"
"189","September - February","k__Bacteria|p__Bacteroidota|c__Bacteroidia|o__Flavobacteriales|f__Flavobacteriaceae|g__|s__|ASV_15493",21.4075566906627,-24.2816255519296,2.54034816349788,-9.55838490992332,1.19608639199164e-21,1.13628207239206e-19,"***","DESeq2"
"190","September - February","k__Bacteria|p__Pseudomonadota|c__Alphaproteobacteria|o__Rhodobacterales|f__Paracoccaceae|g__|s__|ASV_8835",21.5982106923402,-0.159326064173529,2.05728348636748,-0.0774448758420017,0.938269642195984,0.961549255756402,"","DESeq2"
"191","September - February","k__Bacteria|p__Cyanobacteriota|c__Cyanobacteriia|o__Phormidesmiales|f__Phormidesmiaceae|g__Acrophormium_PCC-7375|s__|ASV_5093",17.7372004940571,-24.058267324827,2.9464417897658,-8.16519349148227,3.20920398065646e-16,1.79337869507273e-14,"***","DESeq2"
"192","September - February","k__Bacteria|p__Pseudomonadota|c__Alphaproteobacteria|o__Rhodobacterales|f__Paracoccaceae|g__Palleronia-Pseudomaribius|s__|ASV_4192",20.6180246157415,1.11539562048076,2.14297845250894,0.520488490761483,0.602723147600324,0.715733737775384,"","DESeq2"
"193","September - February","k__Bacteria|p__Pseudomonadota|c__Alphaproteobacteria|o__Sphingomonadales|f__Sphingomonadaceae|g__Qipengyuania|s__|ASV_11943",2.31064685751744,-2.58700296907416,2.93417921534375,-0.881678581712359,0.377950646642899,NA,NA,"DESeq2"
"194","September - February","k__Bacteria|p__Pseudomonadota|c__Alphaproteobacteria|o__Caulobacterales|f__Hyphomonadaceae|g__Euryhalocaulis|s__|ASV_12273",27.4819087540922,-0.609079312570848,1.91807879567404,-0.317546554367079,0.750828920546841,0.836560280034446,"","DESeq2"
"195","September - February","k__Bacteria|p__Bacteroidota|c__Bacteroidia|o__Flavobacteriales|f__Flavobacteriaceae|g__Hoppeia|s__|ASV_3834",55.1520747786399,-7.5539895866554,2.12138502801799,-3.56087626097423,0.000369619247662538,0.00399020778726604,"**","DESeq2"
"196","September - February","k__Bacteria|p__Pseudomonadota|c__Alphaproteobacteria|o__Caulobacterales|f__Parvularculaceae|g__Parvularcula|s__|ASV_9842",18.1972287832185,2.71406046007627,1.77702129645228,1.52730891041922,0.126684214829131,0.230998088460029,"","DESeq2"
"197","September - February","k__Bacteria|p__Bacteroidota|c__Bacteroidia|o__Flavobacteriales|f__Flavobacteriaceae|g__Hoppeia|s__|ASV_8218",4.16876664836965,-3.82761210483779,2.93436086279574,-1.30441083554768,0.192093542698045,0.309828294674266,"","DESeq2"
"198","September - February","k__Bacteria|p__Pseudomonadota|c__Alphaproteobacteria|o__Hyphomicrobiales|f__Rhizobiaceae|g__|s__|ASV_14696",15.5350133801237,6.83924908757449,2.34557574723741,2.91580823839506,0.00354768476509285,0.0193823904168873,"*","DESeq2"
"199","September - February","k__Bacteria|p__Bacteroidota|c__Bacteroidia|o__Bacteroidales|f__Prolixibacteraceae|g__|s__|ASV_5304",46.8301493618894,-6.59583825056311,2.14027251457689,-3.08177496353404,0.00205770334394926,0.0140634401205166,"*","DESeq2"
"200","September - February","k__Bacteria|p__Bacteroidota|c__Bacteroidia|o__Chitinophagales|f__Saprospiraceae|g__Lewinella|s__|ASV_15291",11.0124276169352,-3.9546019753887,2.82371748102026,-1.40049491564568,0.161365164875328,0.275218862893289,"","DESeq2"
"201","September - February","k__Bacteria|p__Bacteroidota|c__Bacteroidia|o__Cytophagales|f__Cyclobacteriaceae|g__|s__|ASV_922",9.95655270248306,-2.90709904461833,1.93770810461146,-1.50027707356948,0.133542645646039,0.240731524409368,"","DESeq2"
"202","September - February","k__Bacteria|p__Actinomycetota|c__Acidimicrobiia|o__Microtrichales|f__Ilumatobacteraceae|g__Ilumatobacter|s__|ASV_12667",21.2439597655112,1.02859295586457,1.28000518612821,0.803584990913888,0.421636694121722,0.546459562640703,"","DESeq2"
"203","September - February","k__Bacteria|p__Cyanobacteriota|c__Cyanobacteriia|o__Cyanobacteriales|f__Xenococcaceae|g__Pleurocapsa_PCC-7319|s__|ASV_1466",10.0467093887718,-2.70773092370508,2.28558656203116,-1.18469847901922,0.236136684060305,0.356440789836652,"","DESeq2"
"204","September - February","k__Bacteria|p__Pseudomonadota|c__Alphaproteobacteria|o__Rhodobacterales|f__Paracoccaceae|g__Maribius|s__|ASV_4361",32.4347131880522,-0.363574901421971,1.28733208907412,-0.282425105773184,0.777617566592404,0.858996149142772,"","DESeq2"
"205","September - February","k__Bacteria|p__Bacteroidota|c__Bacteroidia|o__Chitinophagales|f__Saprospiraceae|g__Lewinella|s__|ASV_14300",10.405242752482,-2.38724855750787,1.57750450799469,-1.5133069638847,0.130201704613101,0.236052708745125,"","DESeq2"
"206","September - February","k__Bacteria|p__Bacteroidota|c__Bacteroidia|o__Cytophagales|f__Cyclobacteriaceae|g__Fulvivirga|s__|ASV_8666",47.3721594567839,-3.98177114825476,1.3649459905093,-2.91716388482817,0.00353230123534385,0.0193823904168873,"*","DESeq2"
"207","September - February","k__Bacteria|p__Pseudomonadota|c__Gammaproteobacteria|o__Pseudomonadales|f__Cellvibrionaceae|g__|s__|ASV_7471",24.7260915618839,0.534704531207274,1.80683740245517,0.295933950935875,0.767280522595296,0.851537963160667,"","DESeq2"
"208","September - February","k__Bacteria|p__Actinomycetota|c__Actinobacteria|o__Propionibacteriales|f__Nocardioidaceae|g__Nocardioides|s__|ASV_12135",12.3831550577192,-4.01133277133938,2.38771537537429,-1.67998782966776,0.0929596836667259,0.181711315809444,"","DESeq2"
"209","September - February","k__Bacteria|p__Pseudomonadota|c__Alphaproteobacteria|o__Rhodobacterales|f__Paracoccaceae|g__Marivita|s__|ASV_9078",58.1408552429732,-9.74050955259078,1.94770380824309,-5.00102197847893,5.70272104328106e-07,1.54788142603343e-05,"***","DESeq2"
"210","September - February","k__Bacteria|p__Pseudomonadota|c__Alphaproteobacteria|o__Sphingomonadales|f__Sphingomonadaceae|g__|s__|ASV_15437",25.1341400191848,0.0818235334637113,0.901054034852835,0.0908086866034346,0.927644607661148,0.955816027416584,"","DESeq2"
"211","September - February","k__Bacteria|p__Pseudomonadota|c__Alphaproteobacteria|o__Rhodobacterales|f__Paracoccaceae|g__|s__|ASV_67",45.881457525845,-2.53221694089348,2.06199946431595,-1.22803957261625,0.219432113078808,0.335685197141494,"","DESeq2"
"212","September - February","k__Bacteria|p__Rhodothermota|c__Rhodothermia|o__Rhodothermales|f__Rhodothermaceae|g__Rubrivirga|s__|ASV_11931",24.6229422564916,2.24704760185815,1.72093678363321,1.30571187926742,0.191650556680555,0.309653047071736,"","DESeq2"
"213","September - February","k__Bacteria|p__Pseudomonadota|c__Alphaproteobacteria|o__Sphingomonadales|f__Sphingomonadaceae|g__|s__|ASV_3847",23.5852488479769,-1.21388015598604,1.73999178321523,-0.697635567992731,0.485405132099329,0.606841625154027,"","DESeq2"
"214","September - February","k__Bacteria|p__Pseudomonadota|c__Alphaproteobacteria|o__Rhodobacterales|f__Paracoccaceae|g__Limibaculum|s__|ASV_8635",25.2014792217565,4.41287370520422,1.75538805797493,2.51390208857581,0.0119403578567129,0.0427988162492953,"*","DESeq2"
"215","September - February","k__Bacteria|p__Bacteroidota|c__Bacteroidia|o__Flavobacteriales|f__Flavobacteriaceae|g__|s__|ASV_8714",2.59917573385202,-4.48228899260947,2.9550276156305,-1.51683489145772,0.129308375331813,NA,NA,"DESeq2"
"216","September - February","k__Bacteria|p__Pseudomonadota|c__Alphaproteobacteria|o__Rhodobacterales|f__Paracoccaceae|g__|s__|ASV_1133",48.0890024122457,-25.4127224163759,2.33997274766441,-10.860264266642,1.7823267162889e-27,5.64403460158151e-25,"***","DESeq2"
"217","September - February","k__Bacteria|p__Pseudomonadota|c__Alphaproteobacteria|o__Rhodobacterales|f__Paracoccaceae|g__|s__|ASV_12846",19.7639734917242,-0.612523061019722,2.05174086717028,-0.298538217384392,0.76529241190331,0.850324902114789,"","DESeq2"
"218","September - February","k__Bacteria|p__Bacteroidota|c__Bacteroidia|o__Cytophagales|f__Cyclobacteriaceae|g__Tunicatimonas|s__|ASV_14216",30.3241336516633,-1.72109308888797,1.68129091566947,-1.02367357894315,0.305989478830283,0.433219083291756,"","DESeq2"
"219","September - February","k__Bacteria|p__Pseudomonadota|c__Alphaproteobacteria|o__Rhodobacterales|f__Paracoccaceae|g__Palleronia-Pseudomaribius|s__|ASV_15810",21.6037266182131,7.31359777599887,1.44597007514782,5.05791779629409,4.23859062052415e-07,1.22020033015089e-05,"***","DESeq2"
"220","September - February","k__Bacteria|p__Bacteroidota|c__Bacteroidia|o__Flavobacteriales|f__Flavobacteriaceae|g__Robiginitalea|s__|ASV_15498",43.1198336124364,-3.18373169393918,1.67158018951764,-1.90462396832898,0.0568289686729671,0.128541714855521,"","DESeq2"
"221","September - February","k__Bacteria|p__Rhodothermota|c__Rhodothermia|o__Rhodothermales|f__Rhodothermaceae|g__Rubrivirga|s__|ASV_11245",24.5872255019549,7.50064768545856,2.37945866067896,3.15224963114859,0.0016201769747173,0.012119434062846,"*","DESeq2"
"222","September - February","k__Bacteria|p__Pseudomonadota|c__Alphaproteobacteria|o__Rhodobacterales|f__Paracoccaceae|g__|s__|ASV_12992",31.0167140513388,-2.15845913764972,1.22695853347325,-1.75919485358612,0.078544418097132,0.162919644524619,"","DESeq2"
"223","September - February","k__Bacteria|p__Bacteroidota|c__Bacteroidia|o__Flavobacteriales|f__Flavobacteriaceae|g__|s__|ASV_13815",27.1969983810259,-0.630784101452686,1.13177864276065,-0.557338756555847,0.577296000565208,0.693829178273445,"","DESeq2"
"224","September - February","k__Bacteria|p__Rhodothermota|c__Rhodothermia|o__Rhodothermales|f__Rhodothermaceae|g__|s__|ASV_10440",22.848414374369,1.67597565584536,1.8499935188422,0.905935960734746,0.364969749086277,0.487652969946502,"","DESeq2"
"225","September - February","k__Bacteria|p__Actinomycetota|c__Actinobacteria|o__Euzebyales|f__Euzebyaceae|g__|s__|ASV_36",17.2050893422719,5.72853520691502,1.60004617568356,3.58023117955813,0.000343290354242934,0.00379216088989288,"**","DESeq2"
"226","September - February","k__Bacteria|p__Pseudomonadota|c__Alphaproteobacteria|o__Rhodobacterales|f__Paracoccaceae|g__Allosediminivita|s__|ASV_1930",26.7375721742382,1.31997709661942,1.3718267704543,0.96220392038442,0.335947180228284,0.459875983850683,"","DESeq2"
"227","September - February","k__Bacteria|p__Pseudomonadota|c__Alphaproteobacteria|o__Sphingomonadales|f__Sphingomonadaceae|g__|s__|ASV_8288",25.1586407479782,0.62178966378805,1.12985730962557,0.550325831846952,0.582095909545098,0.697340623036373,"","DESeq2"
"228","September - February","k__Bacteria|p__Pseudomonadota|c__Alphaproteobacteria|o__Sphingomonadales|f__Sphingomonadaceae|g__Aurantiacibacter|s__|ASV_11680",34.9021221379647,-4.64905621374712,1.78848319286262,-2.59944081795138,0.00933757779980373,0.0356252968265604,"*","DESeq2"
"229","September - February","k__Bacteria|p__Pseudomonadota|c__Gammaproteobacteria|o__Enterobacterales|f__Vibrionaceae|g__|s__|ASV_4625",5.07285738519958,-0.686742427292964,2.16547483448652,-0.317132490461754,0.751143072494087,0.836560280034446,"","DESeq2"
"230","September - February","k__Bacteria|p__Pseudomonadota|c__Alphaproteobacteria|o__Kiloniellales|f__Kiloniellaceae|g__Limibacillus|s__|ASV_7263",30.7663849332009,-1.46890922174782,1.11394563787432,-1.31865431472118,0.187284706564102,0.305705277037624,"","DESeq2"
"231","September - February","k__Bacteria|p__Pseudomonadota|c__Alphaproteobacteria|o__Sphingomonadales|f__Sphingomonadaceae|g__|s__|ASV_14461",3.92035550748813,-0.261297109375026,2.81901085418649,-0.0926910618265182,0.926148998069736,0.955816027416584,"","DESeq2"
"232","September - February","k__Bacteria|p__Rhodothermota|c__Rhodothermia|o__Rhodothermales|f__Rhodothermaceae|g__|s__|ASV_634",17.1700033676664,2.6335757223925,1.63570445966011,1.61005596508537,0.107385639135076,0.205678139472425,"","DESeq2"
"233","September - February","k__Bacteria|p__Actinomycetota|c__Actinobacteria|o__Frankiales|f__Geodermatophilaceae|g__Geodermatophilus|s__|ASV_7953",19.8976107961806,1.56639244984252,1.03628497897364,1.5115460337888,0.130649389348258,0.23641318072542,"","DESeq2"
"234","September - February","k__Bacteria|p__Actinomycetota|c__Actinobacteria|o__Euzebyales|f__Euzebyaceae|g__|s__|ASV_8234",23.5867478967828,7.44054202088799,2.16730313503496,3.43308783188189,0.000596748749673924,0.00572637689081038,"**","DESeq2"
"235","September - February","k__Bacteria|p__Pseudomonadota|c__Alphaproteobacteria|o__Sphingomonadales|f__Sphingomonadaceae|g__Altererythrobacter|s__|ASV_2841",18.0793111647171,3.16934272764715,1.72387478618,1.83849938119358,0.065988852957561,0.145451068003905,"","DESeq2"
"236","September - February","k__Bacteria|p__Pseudomonadota|c__Alphaproteobacteria|o__Rhodobacterales|f__Paracoccaceae|g__|s__|ASV_14973",19.0590225690849,3.87074377082502,1.29191346618485,2.99613238203617,0.00273427702253852,0.0164402732367822,"*","DESeq2"
"237","September - February","k__Bacteria|p__Pseudomonadota|c__Alphaproteobacteria|o__Sphingomonadales|f__Sphingomonadaceae|g__Aurantiacibacter|s__|ASV_5145",26.7920648325825,-1.25748338801264,1.54231093042163,-0.815324175695804,0.414886773945911,0.540211752681609,"","DESeq2"
"238","September - February","k__Bacteria|p__Bacteroidota|c__Bacteroidia|o__Flavobacteriales|f__Flavobacteriaceae|g__Gramella|s__|ASV_3911",29.6080926281945,-1.87220194604505,1.53306825998381,-1.22121238493635,0.22200561619961,0.338494353401621,"","DESeq2"
"239","September - February","k__Bacteria|p__Pseudomonadota|c__Alphaproteobacteria|o__Rhodobacterales|f__Paracoccaceae|g__Palleronia-Pseudomaribius|s__|ASV_9440",18.7673037349409,3.06669556914351,1.36475786666701,2.24706202033694,0.0246360637320437,0.0724590109765991,"","DESeq2"
"240","September - February","k__Bacteria|p__Pseudomonadota|c__Gammaproteobacteria|o__Enterobacterales|f__Alteromonadaceae|g__Aestuariibacter|s__|ASV_8460",1.38667386276084,-4.3795412094532,2.96383958146988,-1.47765798015331,0.139499346818992,NA,NA,"DESeq2"
"241","September - February","k__Bacteria|p__Rhodothermota|c__Rhodothermia|o__Rhodothermales|f__Rhodothermaceae|g__Rubrivirga|s__|ASV_8252",21.3010147693428,-0.503510205299083,2.01547300090698,-0.249822351910693,0.802724733388467,0.872526884117898,"","DESeq2"
"242","September - February","k__Bacteria|p__Actinomycetota|c__Actinobacteria|o__Euzebyales|f__Euzebyaceae|g__|s__|ASV_10669",4.70966627038643,5.11749755626267,2.94727650520937,1.73634796301514,0.0825023273280876,0.168553141853082,"","DESeq2"
"243","September - February","k__Bacteria|p__Pseudomonadota|c__Alphaproteobacteria|o__Hyphomicrobiales|f__Rhizobiaceae|g__Pseudahrensia|s__|ASV_219",9.8526714580144,-2.85147996909595,1.91319619557873,-1.49042736739992,0.136111901064729,0.242472585478267,"","DESeq2"
"244","September - February","k__Bacteria|p__Pseudomonadota|c__Alphaproteobacteria|o__|f__Neomegalonemataceae|g__Acuticoccus|s__|ASV_13762",23.7062336320482,-0.165730253303631,1.17466851883017,-0.141086826323292,0.887801350620345,0.927845195917852,"","DESeq2"
"245","September - February","k__Bacteria|p__Pseudomonadota|c__Gammaproteobacteria|o__Steroidobacterales|f__Woeseiaceae|g__Woeseia|s__|ASV_6320",40.4960515993211,-3.80387533662304,1.85614696901394,-2.04933951897344,0.0404289268652864,0.101072317163216,"","DESeq2"
"246","September - February","k__Bacteria|p__Cyanobacteriota|c__Cyanobacteriia|o__Cyanobacteriales|f__Xenococcaceae|g__Myxosarcina_GI1|s__|ASV_3310",22.1256464300289,0.0618016263207467,2.19003991045005,0.028219406425359,0.977487159297955,0.990292743791574,"","DESeq2"
"247","September - February","k__Bacteria|p__Thermodesulfobacteriota|c__Desulfobacteria|o__Desulfobacterales|f__Desulfosarcinaceae|g__|s__|ASV_2528",39.541868199331,-2.92951441007429,1.89909889331161,-1.54258128441424,0.122932401884564,0.227586982213541,"","DESeq2"
"248","September - February","k__Bacteria|p__Actinomycetota|c__Acidimicrobiia|o__Microtrichales|f__Ilumatobacteraceae|g__Ilumatobacter|s__|ASV_2967",12.3534284056346,-23.5690594661669,2.94712313200156,-7.99731073677938,1.27166027248233e-15,6.35830136241167e-14,"***","DESeq2"
"249","September - February","k__Bacteria|p__Chloroflexota|c__Anaerolineae|o__Aggregatilineales|f__A4b|g__|s__|ASV_121",34.8241451477006,-3.80062137202245,1.50063535124705,-2.53267482261035,0.0113195907904342,0.0418428453342898,"*","DESeq2"
"250","September - February","k__Bacteria|p__Bacteroidota|c__Bacteroidia|o__Bacteroidales|f__Prolixibacteraceae|g__|s__|ASV_6058",28.0638995331635,-1.75125638287696,1.43199643839413,-1.22294744311016,0.221349547654806,0.33807406796152,"","DESeq2"
"251","September - February","k__Bacteria|p__Bacteroidota|c__Bacteroidia|o__Cytophagales|f__Cyclobacteriaceae|g__Tunicatimonas|s__|ASV_745",24.4656001659619,-2.51912062963742,1.9871274905653,-1.26771968159968,0.204898073667465,0.324502217890607,"","DESeq2"
"252","September - February","k__Bacteria|p__Thermodesulfobacteriota|c__Desulfobulbia|o__Desulfobulbales|f__Desulfobulbaceae|g__Candidatus_Electrothrix|s__|ASV_11661",2.57921387860164,-5.25981834627493,2.95553472001611,-1.77965033218972,0.075133203586758,NA,NA,"DESeq2"
"253","September - February","k__Bacteria|p__Pseudomonadota|c__Alphaproteobacteria|o__Sphingomonadales|f__Sphingomonadaceae|g__|s__|ASV_11464",15.0262827017579,-3.79749552291704,2.1945751053535,-1.73040125792612,0.0835586092599251,0.168954251369018,"","DESeq2"
"254","September - February","k__Bacteria|p__Cyanobacteriota|c__Cyanobacteriia|o__Cyanobacteriales|f__Xenococcaceae|g__Myxosarcina_GI1|s__|ASV_3786",22.9983847743672,-0.390917968021814,1.77637053149312,-0.220065555632264,0.825820099852538,0.886970740662097,"","DESeq2"
"255","September - February","k__Bacteria|p__Bacteroidota|c__Bacteroidia|o__Chitinophagales|f__Saprospiraceae|g__Lewinella|s__|ASV_12600",38.4052657422718,-4.80964686775309,1.94040161194279,-2.4786862874936,0.0131867230633802,0.0458878641399676,"*","DESeq2"
"256","September - February","k__Bacteria|p__Bacteroidota|c__Bacteroidia|o__Flavobacteriales|f__Flavobacteriaceae|g__|s__|ASV_6936",11.6350205498206,-3.44815557504663,2.40100381939472,-1.43613081628329,0.150965120728341,0.262188052453243,"","DESeq2"
"257","September - February","k__Bacteria|p__Bacteroidota|c__Bacteroidia|o__Cytophagales|f__Cyclobacteriaceae|g__Tunicatimonas|s__|ASV_15997",32.6580807833633,-1.98775734249018,1.56251896185813,-1.27214926091288,0.203320091401537,0.323000145203111,"","DESeq2"
"258","September - February","k__Bacteria|p__Actinomycetota|c__Actinobacteria|o__Nitriliruptorales|f__Nitriliruptoraceae|g__|s__|ASV_6096",16.2953370110783,2.38419390480431,2.25969578184767,1.05509508136305,0.291381841358008,0.417515458959439,"","DESeq2"
"259","September - February","k__Bacteria|p__Thermodesulfobacteriota|c__Desulfobulbia|o__Desulfobulbales|f__Desulfobulbaceae|g__|s__|ASV_9756",27.9185304007848,-2.49265391271489,1.8947871801269,-1.31553239269222,0.188331038173522,0.306885911260456,"","DESeq2"
"260","September - February","k__Bacteria|p__Bacteroidota|c__Bacteroidia|o__Cytophagales|f__Cyclobacteriaceae|g__Catalinimonas|s__|ASV_312",21.2181573147503,0.116328160742067,0.677561610509966,0.171686469448163,0.863684023676613,0.913696907007553,"","DESeq2"
"261","September - February","k__Bacteria|p__Rhodothermota|c__Rhodothermia|o__Rhodothermales|f__Rhodothermaceae|g__Rubrivirga|s__|ASV_5056",16.9107786878943,6.96044581312191,1.61927567870217,4.29849339718398,1.7196302300766e-05,0.000347584833738887,"***","DESeq2"
"262","September - February","k__Bacteria|p__Bacteroidota|c__Bacteroidia|o__Flavobacteriales|f__Flavobacteriaceae|g__|s__|ASV_11133",29.0285388053007,-2.2348711143544,1.11538688379144,-2.00367347584149,0.0451050493533707,0.10804671031885,"","DESeq2"
"263","September - February","k__Bacteria|p__Bacteroidota|c__Bacteroidia|o__Flavobacteriales|f__Flavobacteriaceae|g__Nonlabens|s__|ASV_13962",44.3524395490446,-4.33761311271153,2.11873013431294,-2.04727022213149,0.0406315599612785,0.101312288617361,"","DESeq2"
"264","September - February","k__Bacteria|p__Pseudomonadota|c__Alphaproteobacteria|o__Sphingomonadales|f__Sphingomonadaceae|g__Sphingomicrobium|s__|ASV_13291",30.7715395279348,-2.75576372940026,2.00239744331613,-1.37623214542088,0.168749772898626,0.283033382539455,"","DESeq2"
"265","September - February","k__Bacteria|p__Pseudomonadota|c__Gammaproteobacteria|o__Enterobacterales|f__Vibrionaceae|g__Vibrio|s__|ASV_10629",5.85195236856589,5.42888871465179,2.23719158703655,2.42665346415103,0.0152388038171169,0.0520750490153276,"","DESeq2"
"266","September - February","k__Bacteria|p__Bacteroidota|c__Bacteroidia|o__Chitinophagales|f__Saprospiraceae|g__|s__|ASV_15050",8.97183197386487,-3.78513471152039,1.57777695281099,-2.39903029688496,0.0164385545126582,0.0553781091738485,"","DESeq2"
"267","September - February","k__Bacteria|p__Pseudomonadota|c__Alphaproteobacteria|o__Rhodobacterales|f__Paracoccaceae|g__Actibacterium|s__|ASV_14368",38.1359654210212,-5.80994455172186,1.87864150515663,-3.0926307844122,0.00198390794053807,0.0138581804669938,"*","DESeq2"
"268","September - February","k__Bacteria|p__Actinomycetota|c__Acidimicrobiia|o__Microtrichales|f__Ilumatobacteraceae|g__Ilumatobacter|s__|ASV_9109",36.0241915269016,-2.40116345898768,1.91685116334233,-1.25266035512162,0.210329339699179,0.329357447807846,"","DESeq2"
"269","September - February","k__Bacteria|p__Pseudomonadota|c__Alphaproteobacteria|o__Hyphomicrobiales|f__Rhodomicrobiaceae|g__Rhodomicrobium|s__|ASV_14279",34.5542581526318,-2.79290861747998,1.88987147399274,-1.47782992437015,0.139453306608393,0.246705104800696,"","DESeq2"
"270","September - February","k__Bacteria|p__Pseudomonadota|c__Alphaproteobacteria|o__Sphingomonadales|f__Sphingomonadaceae|g__|s__|ASV_7123",25.143518283533,-0.230977783785554,0.904021450589288,-0.255500335346015,0.798336684633982,0.870048500061715,"","DESeq2"
"271","September - February","k__Bacteria|p__Bacteroidota|c__Bacteroidia|o__Flavobacteriales|f__Flavobacteriaceae|g__Flavimarina|s__|ASV_14451",17.1359049839143,0.546261334654463,1.14958499474506,0.475181336875057,0.634657728316598,0.741604971587661,"","DESeq2"
"272","September - February","k__Bacteria|p__Pseudomonadota|c__Alphaproteobacteria|o__Kiloniellales|f__Kiloniellaceae|g__|s__|ASV_13619",45.6154645485802,-25.3422353843538,2.3436341623943,-10.8132215304729,2.98016828771491e-27,7.0778996833229e-25,"***","DESeq2"
"273","September - February","k__Bacteria|p__Actinomycetota|c__Actinobacteria|o__Euzebyales|f__Euzebyaceae|g__Euzebya|s__|ASV_5746",16.9977015226828,6.96741826192027,1.27473378431809,5.46578301103665,4.60867834534726e-08,1.75129777123196e-06,"***","DESeq2"
"274","September - February","k__Bacteria|p__Myxococcota|c__Polyangiia|o__Polyangiales|f__Sandaracinaceae|g__|s__|ASV_15934",10.7070049657374,-0.610919310419504,2.30528514943903,-0.265008131670031,0.791003197549108,0.866500814837198,"","DESeq2"
"275","September - February","k__Bacteria|p__Rhodothermota|c__Rhodothermia|o__Rhodothermales|f__Rhodothermaceae|g__Rubrivirga|s__|ASV_4964",19.8115939538671,-0.214256290108914,2.16701339196087,-0.0988716963650322,0.921240141797023,0.953353087916309,"","DESeq2"
"276","September - February","k__Bacteria|p__Verrucomicrobiota|c__Verrucomicrobiia|o__Verrucomicrobiales|f__DEV007|g__|s__|ASV_12367",23.5695583433527,-2.22614540914494,1.14168858256236,-1.94987095705966,0.0511915015307299,0.118038656442217,"","DESeq2"
"277","September - February","k__Bacteria|p__Pseudomonadota|c__Alphaproteobacteria|o__Rhodobacterales|f__Paracoccaceae|g__|s__|ASV_5270",20.2838378427561,0.365698657302969,1.15072845298559,0.317797527604498,0.750638526245533,0.836560280034446,"","DESeq2"
"278","September - February","k__Bacteria|p__Actinomycetota|c__Actinobacteria|o__Mycobacteriales|f__Mycobacteriaceae|g__Mycobacterium|s__|ASV_13526",1.97203977367331,3.86221795858179,2.95062771095229,1.30894790428688,0.19055199807213,NA,NA,"DESeq2"
"279","September - February","k__Bacteria|p__Pseudomonadota|c__Alphaproteobacteria|o__Sphingomonadales|f__Sphingomonadaceae|g__Parasphingopyxis|s__|ASV_619",17.7381924434787,2.6875569343355,1.38892307969261,1.93499335825732,0.0529911107188847,0.121304952248049,"","DESeq2"
"280","September - February","k__Bacteria|p__Acidobacteriota|c__Thermoanaerobaculia|o__Thermoanaerobaculales|f__Thermoanaerobaculaceae|g__Subgroup_10|s__|ASV_9865",38.2938032710131,-7.01536449633295,1.94858993985441,-3.60022617013876,0.000317940505080051,0.00359575571221486,"**","DESeq2"
"281","September - February","k__Bacteria|p__Actinomycetota|c__Acidimicrobiia|o__Microtrichales|f__Ilumatobacteraceae|g__Ilumatobacter|s__|ASV_5173",3.544340016774,-1.72977026466306,2.57036221813328,-0.67296751113907,0.500967960281096,NA,NA,"DESeq2"
"282","September - February","k__Bacteria|p__Pseudomonadota|c__Alphaproteobacteria|o__Sphingomonadales|f__Sphingomonadaceae|g__Paraurantiacibacter|s__|ASV_6999",16.0122021393238,5.30983478669629,1.33172379981565,3.98718922604772,6.68606984984511e-05,0.00111434497497418,"**","DESeq2"
"283","September - February","k__Bacteria|p__Pseudomonadota|c__Alphaproteobacteria|o__Sphingomonadales|f__Sphingomonadaceae|g__Sphingomicrobium|s__|ASV_1652",26.8567940625728,-2.66986123231956,1.43506080561895,-1.86045164209472,0.0628216541163776,0.140424873907197,"","DESeq2"
"284","September - February","k__Bacteria|p__Bacteroidota|c__Bacteroidia|o__Cytophagales|f__Cyclobacteriaceae|g__Fulvivirga|s__|ASV_8492",18.8165775627893,-0.854530434046616,1.75275393385547,-0.487535881415446,0.625878621437735,0.734962534444806,"","DESeq2"
"285","September - February","k__Bacteria|p__Pseudomonadota|c__Alphaproteobacteria|o__Sphingomonadales|f__Sphingomonadaceae|g__|s__|ASV_2773",35.7447767959796,-5.26762097067595,1.87626956684541,-2.80749688837753,0.00499281622026865,0.0237158770462761,"*","DESeq2"
"286","September - February","k__Bacteria|p__Bacteroidota|c__Bacteroidia|o__Flavobacteriales|f__Flavobacteriaceae|g__Hoppeia|s__|ASV_1103",6.65228611887519,-5.05185600848567,2.75874544759513,-1.83121498683015,0.0670684606620262,0.146808842462961,"","DESeq2"
"287","September - February","k__Bacteria|p__Pseudomonadota|c__Alphaproteobacteria|o__Rhodobacterales|f__Paracoccaceae|g__|s__|ASV_6399",27.7109402090742,-2.31631671891162,1.6397859171149,-1.41257263813256,0.157781418955468,0.270076302716567,"","DESeq2"
"288","September - February","k__Bacteria|p__Bacteroidota|c__Bacteroidia|o__Cytophagales|f__Cyclobacteriaceae|g__Fulvivirga|s__|ASV_10951",26.3445483858279,-4.32409081136452,2.03725601132665,-2.12250732717126,0.0337951580508062,0.0891816670785164,"","DESeq2"
"289","September - February","k__Bacteria|p__Pseudomonadota|c__Gammaproteobacteria|o__Pseudomonadales|f__Cellvibrionaceae|g__|s__|ASV_6741",28.5556281840669,-1.1055633419719,1.1765691839375,-0.939650092034563,0.347397072891613,0.46982092443637,"","DESeq2"
"290","September - February","k__Bacteria|p__Pseudomonadota|c__Gammaproteobacteria|o__Pseudomonadales|f__Pseudohongiellaceae|g__Pseudohongiella|s__|ASV_8644",32.9731463699623,-4.52709564541621,1.69741996061327,-2.66704513347456,0.00765213948189013,0.0310663782384428,"*","DESeq2"
"291","September - February","k__Bacteria|p__Chloroflexota|c__Anaerolineae|o__Aggregatilineales|f__A4b|g__|s__|ASV_15753",14.3892352901006,1.4110645426218,1.46944660104339,0.960269356926523,0.3369196681685,0.459875983850683,"","DESeq2"
"292","September - February","k__Bacteria|p__Pseudomonadota|c__Alphaproteobacteria|o__|f__Neomegalonemataceae|g__Acuticoccus|s__|ASV_8326",18.3827483209601,2.6409736273915,1.65955632812407,1.5913732981735,0.111525589889429,0.21021688570428,"","DESeq2"
"293","September - February","k__Bacteria|p__Rhodothermota|c__Rhodothermia|o__Rhodothermales|f__Rhodothermaceae|g__|s__|ASV_13435",17.5150261504803,-0.0157555879534438,1.85467056518023,-0.00849508707866547,0.993221982701658,0.995312647934842,"","DESeq2"
"294","September - February","k__Bacteria|p__Pseudomonadota|c__Alphaproteobacteria|o__Hyphomicrobiales|f__Lutibaculaceae|g__Lutibaculum|s__|ASV_15630",16.5295534389568,1.54881892103834,1.61204462752639,0.960779183523559,0.336663207356872,0.459875983850683,"","DESeq2"
"295","September - February","k__Bacteria|p__Bacteroidota|c__Bacteroidia|o__Cytophagales|f__Flammeovirgaceae|g__|s__|ASV_15816",36.2298216172684,-6.85854801548411,2.11655056059429,-3.24043665347563,0.00119346786441474,0.00969055103584616,"**","DESeq2"
"296","September - February","k__Bacteria|p__Rhodothermota|c__Rhodothermia|o__Rhodothermales|f__Rhodothermaceae|g__Rubrivirga|s__|ASV_571",18.7843951808146,4.17194485982484,2.37079834768201,1.75972151486602,0.0784550360604685,0.162919644524619,"","DESeq2"
"297","September - February","k__Bacteria|p__Pseudomonadota|c__Alphaproteobacteria|o__Rhodobacterales|f__Paracoccaceae|g__Tropicimonas-Psychromarinibacter|s__|ASV_11169",15.7056419178951,-0.327536850395069,2.15546498713345,-0.151956469880153,0.879221268860038,0.920904305862223,"","DESeq2"
"298","September - February","k__Bacteria|p__Bacteroidota|c__Bacteroidia|o__Bacteroidales|f__Bacteroidetes_BD2-2|g__|s__|ASV_12719",32.8272601414298,-3.42031808455948,1.29578667027254,-2.63956881408581,0.0083011568513943,0.0329929212126886,"*","DESeq2"
"299","September - February","k__Bacteria|p__Bacteroidota|c__Bacteroidia|o__Cytophagales|f__Cyclobacteriaceae|g__Tunicatimonas|s__|ASV_10332",18.4873571509385,2.58152528149052,1.46246446621719,1.76518837969984,0.0775321109222573,0.161794016471654,"","DESeq2"
"300","September - February","k__Bacteria|p__Cyanobacteriota|c__Cyanobacteriia|o__Cyanobacteriales|f__Nostocaceae|g__Rivularia_PCC-7116|s__|ASV_3099",3.36854378353496,4.63416137436374,2.94823865229885,1.57184065501289,0.115987510374765,NA,NA,"DESeq2"
"301","September - February","k__Bacteria|p__Pseudomonadota|c__Alphaproteobacteria|o__Sphingomonadales|f__Sphingomonadaceae|g__Aurantiacibacter|s__|ASV_6586",24.5459146632495,-0.667782507090376,1.18531192038171,-0.563381246410926,0.573175304517254,0.69188886822286,"","DESeq2"
"302","September - February","k__Bacteria|p__Rhodothermota|c__Rhodothermia|o__Rhodothermales|f__Rhodothermaceae|g__|s__|ASV_12493",4.91386901269785,0.403331533403866,2.53930215037623,0.158835581399444,0.873798414753424,0.919278509430513,"","DESeq2"
"303","September - February","k__Bacteria|p__Bacteroidota|c__Bacteroidia|o__Cytophagales|f__Cyclobacteriaceae|g__Tunicatimonas|s__|ASV_15977",31.0050060794206,-4.942661133884,2.20935245888652,-2.23715374792442,0.0252762931147072,0.0734948840872032,"","DESeq2"
"304","September - February","k__Bacteria|p__Pseudomonadota|c__Alphaproteobacteria|o__Kiloniellales|f__Kiloniellaceae|g__Pelagibius|s__|ASV_3850",37.5027564167725,-1.79412966988544,1.62454262532116,-1.10439064012294,0.269423719232807,0.395598969507213,"","DESeq2"
"305","September - February","k__Bacteria|p__Pseudomonadota|c__Gammaproteobacteria|o__Pseudomonadales|f__KI89A_clade|g__|s__|ASV_9783",16.7351050116493,-0.115895968097389,1.32829513959874,-0.0872516691827988,0.930471469847893,0.956375802266727,"","DESeq2"
"306","September - February","k__Bacteria|p__Bacteroidota|c__Bacteroidia|o__Cytophagales|f__Cyclobacteriaceae|g__Tunicatimonas|s__|ASV_5122",19.4185245726105,2.92042867367021,1.70715503080034,1.71069915794411,0.08713666323779,0.174640991721309,"","DESeq2"
"307","September - February","k__Bacteria|p__Pseudomonadota|c__Alphaproteobacteria|o__|f__Neomegalonemataceae|g__Acuticoccus|s__|ASV_4242",38.2732121666391,-9.13825982395983,2.14431486670206,-4.26162219264674,2.02948335725635e-05,0.000393471263141537,"***","DESeq2"
"308","September - February","k__Bacteria|p__Rhodothermota|c__Rhodothermia|o__Rhodothermales|f__Rhodothermaceae|g__Rubrivirga|s__|ASV_11592",17.6009325555458,1.20368885162616,1.85774074477907,0.647931556116731,0.517029219650166,0.63768338808542,"","DESeq2"
"309","September - February","k__Bacteria|p__Rhodothermota|c__Rhodothermia|o__Rhodothermales|f__Rhodothermaceae|g__|s__|ASV_13295",17.8621110536023,3.48043391431449,1.0705778839115,3.25098618850435,0.00115005444435131,0.00950044975768471,"**","DESeq2"
"310","September - February","k__Bacteria|p__Actinomycetota|c__Rubrobacteria|o__Rubrobacterales|f__Rubrobacteriaceae|g__Rubrobacter|s__|ASV_2894",14.1447553493707,1.26962221853369,1.70727587300545,0.74365381635639,0.457085936365142,0.578472413852347,"","DESeq2"
"311","September - February","k__Bacteria|p__Planctomycetota|c__Planctomycetes|o__Planctomycetales|f__Rubinisphaeraceae|g__Planctomicrobium|s__|ASV_13985",23.1560760152414,-4.45468614477112,1.603296410436,-2.77845451145226,0.00546181600802036,0.0247700778582871,"*","DESeq2"
"312","September - February","k__Bacteria|p__Myxococcota|c__Polyangiia|o__Polyangiales|f__Sandaracinaceae|g__|s__|ASV_13049",0.615344116188952,-3.34797512449172,2.97621074259808,-1.1249119817265,0.260626334153377,NA,NA,"DESeq2"
"313","September - February","k__Bacteria|p__Verrucomicrobiota|c__Verrucomicrobiia|o__Verrucomicrobiales|f__Rubritaleaceae|g__Haloferula|s__|ASV_4595",4.32720002594248,-6.00294423932073,2.95126768767466,-2.03402228282807,0.0419493488380753,0.10310840329131,"","DESeq2"
"314","September - February","k__Bacteria|p__Cyanobacteriota|c__Cyanobacteriia|o__Cyanobacteriales|f__Xenococcaceae|g__Myxosarcina_GI1|s__|ASV_7756",11.2277527781908,6.37081245208088,2.36878279148643,2.68948781415419,0.00715617597364315,0.0294766915026764,"*","DESeq2"
"315","September - February","k__Bacteria|p__Bacteroidota|c__Bacteroidia|o__Cytophagales|f__Cyclobacteriaceae|g__Tunicatimonas|s__|ASV_6474",1.54927010766033,-0.85290521775874,2.93016552115166,-0.291077487466823,0.770992057223291,NA,NA,"DESeq2"
"316","September - February","k__Bacteria|p__Acidobacteriota|c__Thermoanaerobaculia|o__Thermoanaerobaculales|f__Thermoanaerobaculaceae|g__Subgroup_10|s__|ASV_15757",18.1975186020684,-1.034609793379,1.33228353910207,-0.776568773097888,0.437413230942926,0.560786193516572,"","DESeq2"
"317","September - February","k__Bacteria|p__Actinomycetota|c__Thermoleophilia|o__Solirubrobacterales|f__Solirubrobacteraceae|g__Patulibacter|s__|ASV_9925",3.42281205250728,-0.763991662694042,2.60346567436465,-0.293451790133736,0.769176844064961,NA,NA,"DESeq2"
"318","September - February","k__Bacteria|p__Actinomycetota|c__Actinobacteria|o__Nitriliruptorales|f__Nitriliruptoraceae|g__|s__|ASV_3378",19.8236486535804,-1.03580375522899,1.26038150171516,-0.821817643165532,0.411180690782972,0.536880785472498,"","DESeq2"
"319","September - February","k__Bacteria|p__Bacillota|c__Bacilli|o__Bacillales|f__Bacillaceae|g__Rossellomorea|s__|ASV_4044",1.03198336152522,-3.92463909434471,2.96909668942884,-1.32182933224033,0.186224988523411,NA,NA,"DESeq2"
"320","September - February","k__Bacteria|p__Rhodothermota|c__Rhodothermia|o__Rhodothermales|f__Rhodothermaceae|g__|s__|ASV_9391",17.7054138756492,1.49365011257888,1.49372843174563,0.999947568001595,0.317335882545404,0.443989820939813,"","DESeq2"
"321","September - February","k__Bacteria|p__Pseudomonadota|c__Gammaproteobacteria|o__Pseudomonadales|f__Cellvibrionaceae|g__|s__|ASV_4946",11.1164440057328,3.82685205921061,1.69265496112878,2.26085773361548,0.0237680681441833,0.0703416346946235,"","DESeq2"
"322","September - February","k__Bacteria|p__Pseudomonadota|c__Gammaproteobacteria|o__Chromatiales|f__Chromatiaceae|g__Thiophaeococcus|s__|ASV_12238",1.92429410652168,-4.84141570816282,2.95907021668642,-1.63612734867247,0.101812937499985,NA,NA,"DESeq2"
"323","September - February","k__Bacteria|p__Pseudomonadota|c__Alphaproteobacteria|o__Rhodobacterales|f__Paracoccaceae|g__|s__|ASV_14777",16.4322720974304,4.67072612740969,1.84212918847151,2.535504109397,0.0112285611033667,0.0417683656402509,"*","DESeq2"
"324","September - February","k__Bacteria|p__Bacteroidota|c__Bacteroidia|o__Cytophagales|f__Cyclobacteriaceae|g__Fulvivirga|s__|ASV_7283",17.5518501609972,-1.0521283337637,1.99642731917542,-0.527005578243767,0.598189714750478,0.711239335435487,"","DESeq2"
"325","September - February","k__Bacteria|p__Chloroflexota|c__Anaerolineae|o__Caldilineales|f__Caldilineaceae|g__|s__|ASV_1846",31.9319628805028,-3.7817871663148,1.08445666758567,-3.48726443328918,0.00048798860334656,0.00493179971467268,"**","DESeq2"
"326","September - February","k__Bacteria|p__Pseudomonadota|c__Alphaproteobacteria|o__|f__Neomegalonemataceae|g__Acuticoccus|s__|ASV_2172",10.6995634800055,6.30151170764297,2.14384129458884,2.93935550338931,0.00328895589119044,0.0184882135895321,"*","DESeq2"
"327","September - February","k__Bacteria|p__Actinomycetota|c__Acidimicrobiia|o__Microtrichales|f__Microtrichaceae|g__IMCC26207|s__|ASV_14497",10.9985758968116,3.16813660966353,1.2026853756721,2.63421895181279,0.00843310871257144,0.0331051788303424,"*","DESeq2"
"328","September - February","k__Bacteria|p__Rhodothermota|c__Rhodothermia|o__Rhodothermales|f__Rhodothermaceae|g__Rubrivirga|s__|ASV_15588",7.69403022801135,5.82555502637557,2.6640576200431,2.1867226078546,0.0287627801707496,0.0803665916535651,"","DESeq2"
"329","September - February","k__Bacteria|p__Actinomycetota|c__Actinobacteria|o__Nitriliruptorales|f__Nitriliruptoraceae|g__|s__|ASV_2752",14.2803645052484,1.69761966683669,1.66892930665748,1.01719087804664,0.309062634630905,0.43503805850164,"","DESeq2"
"330","September - February","k__Bacteria|p__Bacteroidota|c__Bacteroidia|o__Chitinophagales|f__Saprospiraceae|g__Phaeodactylibacter|s__|ASV_7871",10.8788967314093,-5.19874573609216,2.27727948618421,-2.28287558362155,0.0224376981002676,0.0675895757393488,"","DESeq2"
"331","September - February","k__Bacteria|p__Bacteroidota|c__Bacteroidia|o__Cytophagales|f__Cyclobacteriaceae|g__Tunicatimonas|s__|ASV_4875",15.0266078587765,0.324561529962686,1.35943115742408,0.238748044128753,0.811300959971076,0.878199473130798,"","DESeq2"
"332","September - February","k__Bacteria|p__Pseudomonadota|c__Alphaproteobacteria|o__Sphingomonadales|f__Sphingomonadaceae|g__Aurantiacibacter|s__|ASV_10631",52.0948220611663,-9.57992646884588,1.81938389733275,-5.26547832092514,1.39824819895862e-07,4.42778596336897e-06,"***","DESeq2"
"333","September - February","k__Bacteria|p__Balneolota|c__Balneolia|o__Balneolales|f__Balneolaceae|g__|s__|ASV_7903",35.3808277350274,-2.68380963348971,1.38652741504926,-1.93563401946463,0.052912540719714,0.121304952248049,"","DESeq2"
"334","September - February","k__Bacteria|p__Bacteroidota|c__Bacteroidia|o__Cytophagales|f__Cyclobacteriaceae|g__Tunicatimonas|s__|ASV_13852",28.0364405625386,-4.5264432465409,2.07512928134413,-2.18128252886922,0.0291625258511034,0.0812445734854786,"","DESeq2"
"335","September - February","k__Bacteria|p__Bacteroidota|c__Bacteroidia|o__Flavobacteriales|f__Flavobacteriaceae|g__Robiginitalea|s__|ASV_1957",11.0526900919285,-8.98134860580925,2.63193643073478,-3.41244891059236,0.000643819938478232,0.00599636217210118,"**","DESeq2"
"336","September - February","k__Bacteria|p__Pseudomonadota|c__Alphaproteobacteria|o__Hyphomicrobiales|f__Rhizobiaceae|g__|s__|ASV_8889",9.316966493164,6.101870549868,2.62894510167353,2.32103384204702,0.02028501743933,0.0641087501141971,"","DESeq2"
"337","September - February","k__Bacteria|p__Pseudomonadota|c__Gammaproteobacteria|o__Pseudomonadales|f__Marinomonadaceae|g__Marinomonas|s__|ASV_8306",18.5313890497655,-2.08161112694543,1.57618322753978,-1.32066570089986,0.186612855349788,0.305132896010841,"","DESeq2"
"338","September - February","k__Bacteria|p__Cyanobacteriota|c__Cyanobacteriia|o__Cyanobacteriales|f__Nostocaceae|g__Rivularia_PCC-7116|s__|ASV_12444",4.94665698048683,0.419647441437409,2.32614978284255,0.180404307810566,0.856835172667243,0.909318732874301,"","DESeq2"
"339","September - February","k__Bacteria|p__Pseudomonadota|c__Alphaproteobacteria|o__Rhodobacterales|f__Paracoccaceae|g__Palleronia-Pseudomaribius|s__|ASV_9319",1.89944330389237,0.770429474268435,2.92563613543485,0.263337420855968,0.792290519539804,NA,NA,"DESeq2"
"340","September - February","k__Bacteria|p__Actinomycetota|c__Actinobacteria|o__Euzebyales|f__Euzebyaceae|g__|s__|ASV_12943",11.1501624905303,1.80065925914445,2.44031968056786,0.737878431864071,0.460588326488513,0.580914139376899,"","DESeq2"
"341","September - February","k__Bacteria|p__Bacteroidota|c__Bacteroidia|o__Chitinophagales|f__Saprospiraceae|g__Lewinella|s__|ASV_14761",9.84264455118386,-23.244934145128,2.94770104462397,-7.88578413931163,3.12566510569973e-15,1.48469092520737e-13,"***","DESeq2"
"342","September - February","k__Bacteria|p__Planctomycetota|c__Planctomycetes|o__Pirellulales|f__Pirellulaceae|g__Pir4_lineage|s__|ASV_4944",29.3197698465697,-3.1171005998376,1.51339149766517,-2.05967894272341,0.039429243772904,0.0990946602758169,"","DESeq2"
"343","September - February","k__Bacteria|p__Bacteroidota|c__Bacteroidia|o__Chitinophagales|f__Saprospiraceae|g__|s__|ASV_12745",16.4692210135854,-1.8166592057801,1.85490818181811,-0.9793795852469,0.327392460253439,0.454047937577762,"","DESeq2"
"344","September - February","k__Bacteria|p__Actinomycetota|c__Acidimicrobiia|o__Microtrichales|f__Ilumatobacteraceae|g__Ilumatobacter|s__|ASV_8457",29.8834943220275,-8.78128585248428,2.10123569496233,-4.17910559654836,2.92657783854705e-05,0.000545146852278373,"***","DESeq2"
"345","September - February","k__Bacteria|p__Bacteroidota|c__Bacteroidia|o__Chitinophagales|f__Saprospiraceae|g__Lewinella|s__|ASV_14052",4.09715131853824,-0.330330568136564,2.14392507404115,-0.154077477863493,0.877548646271901,0.920166902823737,"","DESeq2"
"346","September - February","k__Bacteria|p__Pseudomonadota|c__Alphaproteobacteria|o__Caulobacterales|f__Parvularculaceae|g__Parvularcula|s__|ASV_11516",10.1482453418542,6.22502476384671,2.14556935069846,2.90133933998462,0.00371571260184801,0.0200564032486114,"*","DESeq2"
"347","September - February","k__Bacteria|p__Pseudomonadota|c__Alphaproteobacteria|o__Hyphomicrobiales|f__Rhizobiaceae|g__|s__|ASV_9057",10.0561093427459,6.2119051723108,2.38427722296226,2.60536195727821,0.009177724782362,0.0351566070292093,"*","DESeq2"
"348","September - February","k__Bacteria|p__Bacteroidota|c__Bacteroidia|o__Flavobacteriales|f__Flavobacteriaceae|g__Gramella|s__|ASV_15214",2.27001632939103,-5.07444426504918,2.95697885960344,-1.71609081633059,0.0861454218387985,NA,NA,"DESeq2"
"349","September - February","k__Bacteria|p__Pseudomonadota|c__Gammaproteobacteria|o__Steroidobacterales|f__Woeseiaceae|g__Woeseia|s__|ASV_4027",32.1383865289846,-24.8708744224636,2.55186026725686,-9.74617409173376,1.9155163008381e-22,2.27467560724524e-20,"***","DESeq2"
"350","September - February","k__Bacteria|p__Bacteroidota|c__Bacteroidia|o__Cytophagales|f__Cyclobacteriaceae|g__Fulvivirga|s__|ASV_488",14.2776661107141,0.463278848215416,1.99370323208106,0.232371017291193,0.816249857728439,0.88117882368411,"","DESeq2"
"351","September - February","k__Bacteria|p__Pseudomonadota|c__Alphaproteobacteria|o__|f__Neomegalonemataceae|g__Acuticoccus|s__|ASV_9666",11.649675798025,1.66115085488745,2.09744789141343,0.791986709985932,0.428368425473597,0.551422769918587,"","DESeq2"
"352","September - February","k__Bacteria|p__Bacteroidota|c__Bacteroidia|o__Chitinophagales|f__Saprospiraceae|g__|s__|ASV_14754",32.4805157285819,-4.65214169590671,1.43299623680757,-3.24644376336309,0.00116856532466802,0.00957014705547088,"**","DESeq2"
"353","September - February","k__Bacteria|p__Pseudomonadota|c__Alphaproteobacteria|o__Hyphomicrobiales|f__Rhizobiaceae|g__|s__|ASV_9642",28.7521472561139,-2.700868067793,1.52910502034162,-1.76630645499391,0.0773444492388586,0.161794016471654,"","DESeq2"
"354","September - February","k__Bacteria|p__Rhodothermota|c__Rhodothermia|o__Rhodothermales|f__Rhodothermaceae|g__|s__|ASV_4914",6.819522061933,-0.257355760926995,2.76096952347786,-0.093212097684735,0.925735063671382,0.955816027416584,"","DESeq2"
"355","September - February","k__Bacteria|p__Pseudomonadota|c__Alphaproteobacteria|o__Sphingomonadales|f__Sphingomonadaceae|g__Croceibacterium|s__|ASV_3589",34.7866679299471,-3.95155112916044,1.49708595918556,-2.63949515050568,0.00830296111515377,0.0329929212126886,"*","DESeq2"
"356","September - February","k__Bacteria|p__Bacteroidota|c__Bacteroidia|o__Bacteroidales|f__Prolixibacteraceae|g__|s__|ASV_10019",30.4735516026638,-4.57512069982247,1.69414969970923,-2.70054098560931,0.00692268068567037,0.0288445028569599,"*","DESeq2"
"357","September - February","k__Bacteria|p__Pseudomonadota|c__Gammaproteobacteria|o__Enterobacterales|f__Pseudoalteromonadaceae|g__Pseudoalteromonas|s__|ASV_11013",35.2330283915148,-4.44031864854224,1.39906646556199,-3.17377248175169,0.00150471590252281,0.0115280653822312,"*","DESeq2"
"358","September - February","k__Bacteria|p__Rhodothermota|c__Rhodothermia|o__Rhodothermales|f__Rhodothermaceae|g__|s__|ASV_14795",15.2143586331784,1.19741695107483,1.86862520744366,0.640801026500621,0.521651965930226,0.641098793834042,"","DESeq2"
"359","September - February","k__Bacteria|p__Pseudomonadota|c__Alphaproteobacteria|o__Sphingomonadales|f__Sphingomonadaceae|g__Paraurantiacibacter|s__|ASV_6166",9.77239110501425,6.17075326440803,2.15926915060416,2.85779716839906,0.00426592979870819,0.0210822163316922,"*","DESeq2"
"360","September - February","k__Bacteria|p__Pseudomonadota|c__Gammaproteobacteria|o__Pseudomonadales|f__Cellvibrionaceae|g__|s__|ASV_11138",0,0,0,0,1,NA,NA,"DESeq2"
"361","September - February","k__Bacteria|p__Bacteroidota|c__Bacteroidia|o__Flavobacteriales|f__Flavobacteriaceae|g__|s__|ASV_4722",14.7762691826713,-7.7681018564735,2.11566851828254,-3.67170083089363,0.00024094163257041,0.00308611597683815,"**","DESeq2"
"362","September - February","k__Bacteria|p__Thermodesulfobacteriota|c__Desulfobacteria|o__Desulfobacterales|f__Desulfosarcinaceae|g__|s__|ASV_7814",25.6305730554767,-3.45128291779432,1.27323316086743,-2.71064485584322,0.00671525091540215,0.0283532816428091,"*","DESeq2"
"363","September - February","k__Bacteria|p__Bacteroidota|c__Bacteroidia|o__Cytophagales|f__Cyclobacteriaceae|g__Tunicatimonas|s__|ASV_7191",21.561977028093,-2.58419699105109,1.7336470305368,-1.49061310955029,0.136063100456229,0.242472585478267,"","DESeq2"
"364","September - February","k__Bacteria|p__Pseudomonadota|c__Gammaproteobacteria|o__Pseudomonadales|f__Cellvibrionaceae|g__|s__|ASV_2139",1.55212339841023,3.51148996215775,2.95221254614552,1.18944347917714,0.234265199980244,NA,NA,"DESeq2"
"365","September - February","k__Bacteria|p__Bacteroidota|c__Bacteroidia|o__Cytophagales|f__Cyclobacteriaceae|g__Tunicatimonas|s__|ASV_1544",14.5477213763169,-1.10058535550296,1.97683382799654,-0.556741461986397,0.577704084225574,0.693829178273445,"","DESeq2"
"366","September - February","k__Bacteria|p__Pseudomonadota|c__Alphaproteobacteria|o__Rhodobacterales|f__Paracoccaceae|g__Palleronia-Pseudomaribius|s__|ASV_9313",1.07416993410625,2.98655309199148,2.95543090808853,1.0105305063359,0.312241191384753,NA,NA,"DESeq2"
"367","September - February","k__Bacteria|p__Pseudomonadota|c__Alphaproteobacteria|o__Rhodobacterales|f__Paracoccaceae|g__|s__|ASV_14237",13.2519318934892,1.11760522776422,1.34594612997877,0.830349152073303,0.406341405532204,0.533920242400545,"","DESeq2"
"368","September - February","k__Bacteria|p__Pseudomonadota|c__Alphaproteobacteria|o__Rhodobacterales|f__Paracoccaceae|g__|s__|ASV_1832",11.0108496792577,-23.3774474000819,2.58564826912857,-9.0412325911446,1.54915019945256e-19,1.22641057456661e-17,"***","DESeq2"
"369","September - February","k__Bacteria|p__Bacteroidota|c__Bacteroidia|o__Flavobacteriales|f__Flavobacteriaceae|g__Robiginitalea|s__|ASV_9267",24.3674150159598,-7.5302208428191,2.44264749199471,-3.08281111683037,0.0020505526156172,0.0140634401205166,"*","DESeq2"
"370","September - February","k__Bacteria|p__Planctomycetota|c__Planctomycetes|o__Pirellulales|f__Pirellulaceae|g__Rhodopirellula|s__|ASV_14101",11.0921462218253,-3.23463250462858,2.43851222123839,-1.32647787304748,0.184681459591067,0.303542191369401,"","DESeq2"
"371","September - February","k__Bacteria|p__Pseudomonadota|c__Gammaproteobacteria|o__Chromatiales|f__Chromatiaceae|g__|s__|ASV_15166",19.7013041906808,-2.65435336491896,2.12550089240291,-1.24881310302259,0.211733440313453,0.330833500489771,"","DESeq2"
"372","September - February","k__Bacteria|p__Pseudomonadota|c__Gammaproteobacteria|o__Steroidobacterales|f__Woeseiaceae|g__Woeseia|s__|ASV_15362",18.6798408112233,-1.96044281166292,1.71432360233105,-1.14356636576502,0.252803517018266,0.374669799013031,"","DESeq2"
"373","September - February","k__Bacteria|p__Bacteroidota|c__Bacteroidia|o__Flavobacteriales|f__Flavobacteriaceae|g__Pricia|s__|ASV_13539",26.8344130677211,-24.6174994036447,2.3253316722156,-10.586661549313,3.43629273164252e-26,6.52895619012079e-24,"***","DESeq2"
"374","September - February","k__Bacteria|p__Pseudomonadota|c__Alphaproteobacteria|o__Rhodobacterales|f__Paracoccaceae|g__Hasllibacter|s__|ASV_5521",12.5439803524176,6.52955664118538,2.15557905299837,3.02914274106666,0.00245248777574095,0.0154295588539994,"*","DESeq2"
"375","September - February","k__Bacteria|p__Verrucomicrobiota|c__Verrucomicrobiia|o__Verrucomicrobiales|f__Rubritaleaceae|g__Haloferula|s__|ASV_13415",2.7546536673014,1.07462218961071,2.91938696213783,0.368098578074001,0.712799731105345,NA,NA,"DESeq2"
"376","September - February","k__Bacteria|p__Bacteroidota|c__Bacteroidia|o__Cytophagales|f__Cyclobacteriaceae|g__Fulvivirga|s__|ASV_2769",25.9033960790713,-4.72165227447623,1.63007796277043,-2.8965806435733,0.00377253668090361,0.020127782726107,"*","DESeq2"
"377","September - February","k__Bacteria|p__Pseudomonadota|c__Alphaproteobacteria|o__Hyphomicrobiales|f__Devosiaceae|g__Pelagibacterium|s__|ASV_10161",13.9045894622213,1.46994122601798,1.36985495320946,1.07306340906679,0.283242667017661,0.411098421252573,"","DESeq2"
"378","September - February","k__Bacteria|p__Rhodothermota|c__Rhodothermia|o__Rhodothermales|f__Rhodothermaceae|g__Rubrivirga|s__|ASV_3675",14.328899735835,6.72140549004186,2.39167017748057,2.81033963350344,0.0049489245075047,0.0236255190056757,"*","DESeq2"
"379","September - February","k__Bacteria|p__Actinomycetota|c__Actinobacteria|o__Micrococcales|f__Intrasporangiaceae|g__|s__|ASV_3711",17.7964231597673,-1.96967234165288,1.98679614234739,-0.991381198941589,0.321499477201553,0.447836515163453,"","DESeq2"
"380","September - February","k__Bacteria|p__Planctomycetota|c__Planctomycetes|o__Pirellulales|f__Pirellulaceae|g__Pir4_lineage|s__|ASV_12473",18.1471451239741,-1.91219330417173,1.19106670830213,-1.60544601813073,0.10839568402524,0.206364528705367,"","DESeq2"
"381","September - February","k__Bacteria|p__Myxococcota|c__Polyangiia|o__Polyangiales|f__Sandaracinaceae|g__|s__|ASV_15192",16.5193871676231,-0.199689123061977,1.6514761772481,-0.120915533516641,0.903757938479741,0.941231521158149,"","DESeq2"
"382","September - February","k__Bacteria|p__Pseudomonadota|c__Alphaproteobacteria|o__Hyphomicrobiales|f__Rhodomicrobiaceae|g__Rhodomicrobium|s__|ASV_10200",8.59338462311199,-1.89634104348299,2.27736417319319,-0.832691172454886,0.405018924351597,0.532919637304733,"","DESeq2"
"383","September - February","k__Bacteria|p__Pseudomonadota|c__Gammaproteobacteria|o__Pseudomonadales|f__Halieaceae|g__|s__|ASV_10906",23.8075200227136,-4.49771358135412,1.20024479831934,-3.74733020101575,0.000178726743522035,0.00249691774038137,"**","DESeq2"
"384","September - February","k__Bacteria|p__Cyanobacteriota|c__Cyanobacteriia|o__Cyanobacteriales|f__Xenococcaceae|g__Pleurocapsa_PCC-7319|s__|ASV_7092",6.84430673423587,1.29053237581501,2.28494432745919,0.564798170487621,0.57221105157476,0.691603688290104,"","DESeq2"
"385","September - February","k__Bacteria|p__Pseudomonadota|c__Alphaproteobacteria|o__Sphingomonadales|f__Sphingomonadaceae|g__Altericroceibacterium|s__|ASV_2109",35.2629921399461,-7.29426243482352,2.09744794711918,-3.47768460468452,0.000505764648795607,0.00495336511707038,"**","DESeq2"
"386","September - February","k__Bacteria|p__Chloroflexota|c__Anaerolineae|o__Anaerolineales|f__Anaerolineaceae|g__|s__|ASV_8957",31.0109668638729,-3.59852094835273,1.99923542393556,-1.79994857297442,0.0718687589453248,0.154632959128989,"","DESeq2"
"387","September - February","k__Bacteria|p__Actinomycetota|c__Acidimicrobiia|o__Microtrichales|f__Ilumatobacteraceae|g__Ilumatobacter|s__|ASV_1622",18.3977200761047,-3.28365713082998,1.63824026779912,-2.00438067319721,0.0450292980064968,0.10804671031885,"","DESeq2"
"388","September - February","k__Bacteria|p__Pseudomonadota|c__Gammaproteobacteria|o__Pseudomonadales|f__Spongiibacteraceae|g__|s__|ASV_9864",12.2285171535344,1.367143909042,2.10577192080133,0.649236460766249,0.516185548108816,0.637680456051203,"","DESeq2"
"389","September - February","k__Bacteria|p__Actinomycetota|c__Acidimicrobiia|o__Microtrichales|f__Ilumatobacteraceae|g__Ilumatobacter|s__|ASV_9994",13.5770896921987,-0.597196341216442,1.97835571385459,-0.301864996792148,0.762754980231833,0.848497928829322,"","DESeq2"
"390","September - February","k__Bacteria|p__Campylobacterota|c__Campylobacteria|o__Campylobacterales|f__Sulfurovaceae|g__Sulfurovum|s__|ASV_10544",9.19667679217361,-7.08647146665335,2.57008203689086,-2.75729387814646,0.00582819450908545,0.0256332628871814,"*","DESeq2"
"391","September - February","k__Bacteria|p__Actinomycetota|c__Actinobacteria|o__Propionibacteriales|f__Nocardioidaceae|g__Nocardioides|s__|ASV_1509",12.3482808498226,1.15351061470064,2.28367287498723,0.505112018159383,0.613480160709169,0.725785993367012,"","DESeq2"
"392","September - February","k__Bacteria|p__Cyanobacteriota|c__Cyanobacteriia|o__Cyanobacteriales|f__Xenococcaceae|g__Pleurocapsa_PCC-7319|s__|ASV_2884",10.3390143623138,1.20143951553753,2.09571060116456,0.573285030323319,0.566451719480047,0.686389200900567,"","DESeq2"
"393","September - February","k__Bacteria|p__Pseudomonadota|c__Alphaproteobacteria|o__Sphingomonadales|f__Sphingomonadaceae|g__|s__|ASV_9919",12.6488091703159,-2.26131773315712,1.65170971513715,-1.36907697062819,0.170975216145365,0.28545949971546,"","DESeq2"
"394","September - February","k__Bacteria|p__Cyanobacteriota|c__Cyanobacteriia|o__Cyanobacteriales|f__Nostocaceae|g__Calothrix_PCC-6303|s__|ASV_10882",27.8554879000098,-7.08377659793723,1.96704560129497,-3.60122642468164,0.000316719585900152,0.00359575571221486,"**","DESeq2"
"395","September - February","k__Bacteria|p__Bacteroidota|c__Bacteroidia|o__Chitinophagales|f__Saprospiraceae|g__Lewinella|s__|ASV_4172",5.45684000570862,-0.257740359529141,2.49786969635736,-0.103184069171023,0.917816883378253,0.950846280490011,"","DESeq2"
"396","September - February","k__Bacteria|p__Bacteroidota|c__Bacteroidia|o__Flavobacteriales|f__Flavobacteriaceae|g__|s__|ASV_11518",4.2309426097046,-5.96686664003114,2.95142879282011,-2.02168748049983,0.0432086480570404,0.10498264873194,"","DESeq2"
"397","September - February","k__Bacteria|p__Pseudomonadota|c__Gammaproteobacteria|o__Pseudomonadales|f__Cellvibrionaceae|g__|s__|ASV_13870",19.0256214501717,-2.17119739544545,1.39330063797446,-1.5583122093462,0.119159256093697,0.221963320174534,"","DESeq2"
"398","September - February","k__Bacteria|p__Pseudomonadota|c__Gammaproteobacteria|o__Enterobacterales|f__Vibrionaceae|g__Vibrio|s__|ASV_5381",14.37177660569,0.552543497046898,2.30917334585139,0.239281948251995,0.810886962100488,0.878199473130798,"","DESeq2"
"399","September - February","k__Bacteria|p__Actinomycetota|c__Actinobacteria|o__Nitriliruptorales|f__Nitriliruptoraceae|g__|s__|ASV_13649",21.4123822146523,-3.62374186298975,2.09022235862392,-1.7336633339696,0.0829778358435187,0.168954251369018,"","DESeq2"
"400","September - February","k__Bacteria|p__Pseudomonadota|c__Alphaproteobacteria|o__Rhodobacterales|f__Paracoccaceae|g__Actibacterium|s__|ASV_413",16.9821655911266,-1.8250148583288,1.84968574878972,-0.98666211788837,0.323808306953348,0.449733759657428,"","DESeq2"
"401","September - February","k__Bacteria|p__Pseudomonadota|c__Alphaproteobacteria|o__|f__Neomegalonemataceae|g__Acuticoccus|s__|ASV_10139",10.6822492434333,4.23069875283181,1.47349510790597,2.8711997278662,0.00408917068468742,0.0208637697744601,"*","DESeq2"
"402","September - February","k__Bacteria|p__Pseudomonadota|c__Alphaproteobacteria|o__Sphingomonadales|f__Sphingomonadaceae|g__Sphingomicrobium|s__|ASV_8463",13.1298380379633,6.59509631559276,2.16712135375171,3.04325196379766,0.00234036285760906,0.0150225994238419,"*","DESeq2"
"403","September - February","k__Bacteria|p__Planctomycetota|c__Planctomycetes|o__Pirellulales|f__Pirellulaceae|g__Pir4_lineage|s__|ASV_6003",23.7884959506247,-2.83757114179527,1.84400147830186,-1.5388117499821,0.123850260496862,0.227586982213541,"","DESeq2"
"404","September - February","k__Bacteria|p__Thermodesulfobacteriota|c__Desulfobulbia|o__Desulfobulbales|f__Desulfocapsaceae|g__|s__|ASV_15238",7.06283768202041,-3.6861665565869,2.21156664563897,-1.6667671145501,0.0955607216823241,0.186030093438951,"","DESeq2"
"405","September - February","k__Bacteria|p__Pseudomonadota|c__Alphaproteobacteria|o__Hyphomicrobiales|f__Rhizobiaceae|g__Pseudahrensia|s__|ASV_1110",7.15437663245591,5.72115238285579,2.67363827781875,2.13983784954011,0.0323678732250342,0.0871090072628399,"","DESeq2"
"406","September - February","k__Bacteria|p__Pseudomonadota|c__Alphaproteobacteria|o__Hyphomicrobiales|f__Rhizobiaceae|g__|s__|ASV_9753",7.45216615162885,5.78006676314804,2.40901526061056,2.39934833857512,0.0164242819863581,0.0553781091738485,"","DESeq2"
"407","September - February","k__Bacteria|p__Pseudomonadota|c__Gammaproteobacteria|o__Pseudomonadales|f__Marinomonadaceae|g__Marinomonas|s__|ASV_223",23.1929605742524,-3.17557334665997,1.37633256132638,-2.30727182941864,0.0210396709441623,0.0655312825702253,"","DESeq2"
"408","September - February","k__Bacteria|p__Rhodothermota|c__Rhodothermia|o__Rhodothermales|f__Rhodothermaceae|g__|s__|ASV_4624",23.8050258407244,-7.09727978938016,2.26405394146268,-3.13476620826224,0.00171991122870233,0.0125685820559016,"*","DESeq2"
"409","September - February","k__Bacteria|p__Bacteroidota|c__Bacteroidia|o__Flavobacteriales|f__Flavobacteriaceae|g__Hoppeia|s__|ASV_7724",22.4957634138983,-8.36995486711627,2.11911342450718,-3.9497436854107,7.82349255733467e-05,0.00125971490329965,"**","DESeq2"
"410","September - February","k__Bacteria|p__Cyanobacteriota|c__Cyanobacteriia|o__Cyanobacteriales|f__Xenococcaceae|g__|s__|ASV_11687",9.4826999229849,0.67218835593716,2.46166382052654,0.273062613315486,0.784805085194679,0.862922258026557,"","DESeq2"
"411","September - February","k__Bacteria|p__Myxococcota|c__Polyangiia|o__Polyangiales|f__BIrii41|g__|s__|ASV_14712",12.4232517831935,-0.449528217907911,1.71918319186095,-0.261477787844886,0.79372407658538,0.866710198570243,"","DESeq2"
"412","September - February","k__Bacteria|p__Rhodothermota|c__Rhodothermia|o__Rhodothermales|f__Rhodothermaceae|g__|s__|ASV_7872",12.8297703238015,6.56178837045552,2.18586541202706,3.00191783737063,0.00268284575332066,0.0164402732367822,"*","DESeq2"
"413","September - February","k__Bacteria|p__Chloroflexota|c__Anaerolineae|o__Anaerolineales|f__Anaerolineaceae|g__|s__|ASV_12486",19.657996179939,-3.82822164377708,1.0279165799986,-3.72425323053189,0.000195894219994119,0.00269709433325236,"**","DESeq2"
"414","September - February","k__Bacteria|p__Pseudomonadota|c__Gammaproteobacteria|o__Chromatiales|f__Chromatiaceae|g__Candidatus_Thiobios|s__|ASV_1550",19.8033250365796,-2.81692952882314,1.83207437657119,-1.53756286581288,0.124155532870389,0.227586982213541,"","DESeq2"
"415","September - February","k__Bacteria|p__Myxococcota|c__Polyangiia|o__Polyangiales|f__Sandaracinaceae|g__|s__|ASV_3531",11.0603251700585,0.440442020087323,1.85748405504824,0.237117524045655,0.812565617770497,0.878199473130798,"","DESeq2"
"416","September - February","k__Bacteria|p__Pseudomonadota|c__Alphaproteobacteria|o__Hyphomicrobiales|f__Rhizobiaceae|g__|s__|ASV_8289",15.8371201706275,-4.82023288154122,1.94017385638216,-2.48443347779642,0.0129757749084472,0.0456555043074996,"*","DESeq2"
"417","September - February","k__Bacteria|p__Pseudomonadota|c__Alphaproteobacteria|o__Sphingomonadales|f__Sphingomonadaceae|g__Sphingomicrobium|s__|ASV_1676",7.53426132100058,-6.7975717497647,2.94856446102982,-2.30538346358233,0.021145106801401,0.0655312825702253,"","DESeq2"
"418","September - February","k__Bacteria|p__Pseudomonadota|c__Gammaproteobacteria|o__Pseudomonadales|f__Halieaceae|g__Pseudohaliea|s__|ASV_9004",20.2228331070728,-2.73939337610913,1.72574576067787,-1.58736787221375,0.112429351345745,0.211500759957342,"","DESeq2"
"419","September - February","k__Bacteria|p__Pseudomonadota|c__Alphaproteobacteria|o__Rhodobacterales|f__Paracoccaceae|g__Jannaschia|s__|ASV_11098",19.5980529477175,-3.56495922340057,2.0753519595986,-1.71776127269038,0.0858401680606691,0.172771524698381,"","DESeq2"
"420","September - February","k__Bacteria|p__Pseudomonadota|c__Alphaproteobacteria|o__Sphingomonadales|f__Sphingomonadaceae|g__Parasphingopyxis|s__|ASV_5701",13.7815497041609,-3.68418558044521,2.23051138154735,-1.6517223856932,0.0985911570589303,0.191146120828538,"","DESeq2"
"421","September - February","k__Bacteria|p__Bacteroidota|c__Bacteroidia|o__Flavobacteriales|f__Flavobacteriaceae|g__Aquimarina|s__|ASV_15336",16.0310829111429,-3.54779622033226,2.05041090777166,-1.73028547930811,0.0835792825899306,0.168954251369018,"","DESeq2"
"422","September - February","k__Bacteria|p__Bacteroidota|c__Bacteroidia|o__Chitinophagales|f__Saprospiraceae|g__|s__|ASV_12385",1.14549080693483,-4.07119482764819,2.9672243476268,-1.37205494114537,0.170046335025223,NA,NA,"DESeq2"
"423","September - February","k__Bacteria|p__Cyanobacteriota|c__Cyanobacteriia|o__Synechococcales|f__Cyanobiaceae|g__|s__|ASV_13824",22.1048603982596,-3.32979548210441,1.95227131445692,-1.70560078276348,0.0880824335491357,0.176025544880616,"","DESeq2"
"424","September - February","k__Bacteria|p__Planctomycetota|c__Phycisphaerae|o__Phycisphaerales|f__Phycisphaeraceae|g__Algisphaera|s__|ASV_11725",14.1851720325568,-3.35831517776777,1.90335254967249,-1.76442098356694,0.0776611279063937,0.161794016471654,"","DESeq2"
"425","September - February","k__Bacteria|p__Pseudomonadota|c__Alphaproteobacteria|o__Rhodobacterales|f__Paracoccaceae|g__|s__|ASV_13252",5.45995713018132,-6.32351203911888,2.94999799446593,-2.14356486037669,0.0320677688942431,0.0867931066938204,"","DESeq2"
"426","September - February","k__Bacteria|p__Pseudomonadota|c__Gammaproteobacteria|o__Pseudomonadales|f__Halieaceae|g__Haliea|s__|ASV_5047",19.7972904645174,-3.57612941319638,1.11064554943927,-3.21986561329296,0.00128250703155629,0.0102918916752198,"*","DESeq2"
"427","September - February","k__Bacteria|p__Pseudomonadota|c__Alphaproteobacteria|o__Rhodobacterales|f__Paracoccaceae|g__|s__|ASV_9805",21.4587528614346,-1.95215285045413,1.88558799473224,-1.03530190895776,0.300527938616806,0.427397517493961,"","DESeq2"
"428","September - February","k__Bacteria|p__Pseudomonadota|c__Gammaproteobacteria|o__Enterobacterales|f__Vibrionaceae|g__Vibrio|s__|ASV_10429",2.10798750977766,3.95868304283578,2.95025503097292,1.34181045410515,0.179657461709341,NA,NA,"DESeq2"
"429","September - February","k__Bacteria|p__Rhodothermota|c__Rhodothermia|o__Rhodothermales|f__Rhodothermaceae|g__Rubrivirga|s__|ASV_15014",8.67378745338227,5.99834619264202,2.40249966591638,2.49671052102065,0.0125351238667916,0.0446006279904571,"*","DESeq2"
"430","September - February","k__Bacteria|p__Bacteroidota|c__Bacteroidia|o__Flavobacteriales|f__Flavobacteriaceae|g__|s__|ASV_8065",2.12209544629039,-4.97884788312985,2.95779730338103,-1.68329583553226,0.0923178362009605,NA,NA,"DESeq2"
"431","September - February","k__Bacteria|p__Pseudomonadota|c__Alphaproteobacteria|o__Rhodobacterales|f__Paracoccaceae|g__|s__|ASV_594",10.1253024529737,0.397252744266898,1.80321112714058,0.220302957478328,0.825635217008312,0.886970740662097,"","DESeq2"
"432","September - February","k__Bacteria|p__Pseudomonadota|c__Gammaproteobacteria|o__Steroidobacterales|f__Woeseiaceae|g__Woeseia|s__|ASV_3051",17.0326512987304,-3.54377108666624,1.63212436856138,-2.17126289817599,0.0299113051888245,0.0824269857272461,"","DESeq2"
"433","September - February","k__Bacteria|p__Verrucomicrobiota|c__Verrucomicrobiia|o__Verrucomicrobiales|f__Rubritaleaceae|g__Haloferula|s__|ASV_2015",27.5875156139333,-7.27554685000099,2.09723781545297,-3.46910912839399,0.00052218729860918,0.00506201973141552,"**","DESeq2"
"434","September - February","k__Bacteria|p__Actinomycetota|c__Acidimicrobiia|o__Microtrichales|f__Ilumatobacteraceae|g__Ilumatobacter|s__|ASV_6733",23.0281321758519,-2.84871156745016,2.46922282390206,-1.15368752462299,0.24862830036597,0.370214553836476,"","DESeq2"
"435","September - February","k__Bacteria|p__Rhodothermota|c__Rhodothermia|o__Rhodothermales|f__Rhodothermaceae|g__|s__|ASV_13486",1.43632327571234,3.4068947893057,2.95276438521439,1.15379838850851,0.248582835018811,NA,NA,"DESeq2"
"436","September - February","k__Bacteria|p__Bacteroidota|c__Bacteroidia|o__Chitinophagales|f__Saprospiraceae|g__Lewinella|s__|ASV_2127",1.11598183925184,3.0489262673689,2.95498480260776,1.03179084531272,0.302170108800647,NA,NA,"DESeq2"
"437","September - February","k__Bacteria|p__Rhodothermota|c__Rhodothermia|o__Rhodothermales|f__Rhodothermaceae|g__Rubrivirga|s__|ASV_6541",9.43876310372671,6.11949013902629,1.60829745055642,3.80494922559826,0.000141833282053744,0.0020729479684778,"**","DESeq2"
"438","September - February","k__Bacteria|p__Pseudomonadota|c__Alphaproteobacteria|o__Sphingomonadales|f__Sphingomonadaceae|g__Sphingomicrobium|s__|ASV_13364",7.52711379072808,-6.79590466309611,2.94856872869893,-2.30481473840185,0.0211769513147991,0.0655312825702253,"","DESeq2"
"439","September - February","k__Bacteria|p__Rhodothermota|c__Rhodothermia|o__Rhodothermales|f__Rhodothermaceae|g__|s__|ASV_12149",6.07887838476043,-1.59486958351176,2.10330688520426,-0.758267656864953,0.448290765435938,0.570879661077937,"","DESeq2"
"440","September - February","k__Bacteria|p__Bacteroidota|c__Bacteroidia|o__Flavobacteriales|f__Flavobacteriaceae|g__Aquimarina|s__|ASV_592",5.7217233967579,-1.45827064999301,2.48756752216274,-0.58622354448701,0.55772530164775,0.677543525019645,"","DESeq2"
"441","September - February","k__Bacteria|p__Pseudomonadota|c__Alphaproteobacteria|o__Sphingomonadales|f__Sphingomonadaceae|g__Aurantiacibacter|s__|ASV_726",2.12609721443155,-1.94618616540848,2.92779328652788,-0.664727996461969,0.506224483740579,NA,NA,"DESeq2"
"442","September - February","k__Bacteria|p__Bacteroidota|c__Bacteroidia|o__Flavobacteriales|f__Flavobacteriaceae|g__Marinirhabdus|s__|ASV_6484",15.1628448502761,-4.00599563542319,2.02981921473914,-1.97357262476107,0.0484303590506914,0.112491054029723,"","DESeq2"
"443","September - February","k__Bacteria|p__Pseudomonadota|c__Alphaproteobacteria|o__Rhodobacterales|f__Paracoccaceae|g__Limibaculum|s__|ASV_11145",20.1390716267746,-3.94829693867619,1.89060226742903,-2.08838051593228,0.0367635236344167,0.0954244465920651,"","DESeq2"
"444","September - February","k__Bacteria|p__Bacteroidota|c__Bacteroidia|o__Cytophagales|f__Mooreiaceae|g__Mooreia|s__|ASV_10577",9.38605964878053,0.572850305455878,1.70844411626521,0.335305264013068,0.737394823243954,0.828043832247939,"","DESeq2"
"445","September - February","k__Bacteria|p__Actinomycetota|c__Thermoleophilia|o__Solirubrobacterales|f__67-14|g__|s__|ASV_11059",9.82192420364504,1.477418913032,1.19917521646728,1.2320292253741,0.217938167177782,0.335685197141494,"","DESeq2"
"446","September - February","k__Bacteria|p__Pseudomonadota|c__Alphaproteobacteria|o__Rhodobacterales|f__Paracoccaceae|g__|s__|ASV_1444",15.1370198909584,-2.83793078911104,2.07618434132933,-1.36689730898075,0.171657495611741,0.286095826019568,"","DESeq2"
"447","September - February","k__Bacteria|p__Pseudomonadota|c__Alphaproteobacteria|o__Sphingomonadales|f__Sphingomonadaceae|g__Croceibacterium|s__|ASV_13774",9.64268472155223,0.833009786207866,1.1120202080993,0.749095906837589,0.453799401916757,0.576572532356297,"","DESeq2"
"448","September - February","k__Bacteria|p__Pseudomonadota|c__Alphaproteobacteria|o__Sphingomonadales|f__Sphingomonadaceae|g__|s__|ASV_13045",12.5540180255965,-7.53542583306327,2.06105240552626,-3.65610588690451,0.000256075614405139,0.00314578676139466,"**","DESeq2"
"449","September - February","k__Bacteria|p__Thermodesulfobacteriota|c__Desulfobacteria|o__Desulfobacterales|f__Desulfosarcinaceae|g__Desulfosarcina|s__|ASV_12268",23.7923293104153,-8.44876461747037,2.31433003863682,-3.65063084193767,0.000261597004368608,0.00314578676139466,"**","DESeq2"
"450","September - February","k__Bacteria|p__Actinomycetota|c__Thermoleophilia|o__Solirubrobacterales|f__Solirubrobacteraceae|g__Patulibacter|s__|ASV_1623",0.348561881427357,1.37836887342122,2.9768942084825,0.463022457934054,0.643348269620962,NA,NA,"DESeq2"
"451","September - February","k__Bacteria|p__Bacteroidota|c__Bacteroidia|o__Chitinophagales|f__Saprospiraceae|g__|s__|ASV_3563",7.68909497256983,-4.66462841597806,2.77341415325212,-1.68190834769784,0.0925866137205002,0.181355222751495,"","DESeq2"
"452","September - February","k__Bacteria|p__Pseudomonadota|c__Alphaproteobacteria|o__Hyphomicrobiales|f__Rhizobiaceae|g__Oricola|s__|ASV_11065",25.6271693156911,-3.54548650330242,1.59771398127366,-2.2190996291314,0.0264799472784061,0.075770933477367,"","DESeq2"
"453","September - February","k__Bacteria|p__Bacteroidota|c__Bacteroidia|o__Flavobacteriales|f__Flavobacteriaceae|g__Pricia|s__|ASV_6575",3.23859624583117,-5.58766588752,2.95338513792751,-1.89195300530328,0.0584972425311261,NA,NA,"DESeq2"
"454","September - February","k__Bacteria|p__Campylobacterota|c__Campylobacteria|o__Campylobacterales|f__Sulfurovaceae|g__Sulfurovum|s__|ASV_14893",7.24398979998451,-5.98841449654464,2.21344852262549,-2.70546815764275,0.00682081871708532,0.0286715831027923,"*","DESeq2"
"455","September - February","k__Bacteria|p__Gemmatimonadota|c__Longimicrobiia|o__Longimicrobiales|f__Longimicrobiaceae|g__|s__|ASV_5611",9.25428277800119,1.75939822943756,1.6445276032979,1.06985022684283,0.284686729987976,0.411647478673634,"","DESeq2"
"456","September - February","k__Bacteria|p__Bacteroidota|c__Bacteroidia|o__Chitinophagales|f__Saprospiraceae|g__Lewinella|s__|ASV_10138",2.75532815315464,-5.35098116266036,2.95488826989672,-1.81089119922879,0.0701576951732884,NA,NA,"DESeq2"
"457","September - February","k__Bacteria|p__Pseudomonadota|c__Gammaproteobacteria|o__Pseudomonadales|f__Marinobacteraceae|g__Marinobacter|s__|ASV_13782",11.0291821432834,1.86545897527635,2.09889031742021,0.888783448946121,0.374119472610537,0.499176262612374,"","DESeq2"
"458","September - February","k__Bacteria|p__Actinomycetota|c__Actinobacteria|o__Nitriliruptorales|f__Nitriliruptoraceae|g__|s__|ASV_7511",0.71492586577071,2.41159829855388,2.96058473517562,0.814568240490111,0.415319496012805,NA,NA,"DESeq2"
"459","September - February","k__Bacteria|p__Actinomycetota|c__Acidimicrobiia|o__Microtrichales|f__Ilumatobacteraceae|g__Ilumatobacter|s__|ASV_8301",10.2710134916509,-3.6554284244423,2.5666029352052,-1.42422825685347,0.154380407692626,0.266173116711424,"","DESeq2"
"460","September - February","k__Bacteria|p__Bacteroidota|c__Bacteroidia|o__Cytophagales|f__Cyclobacteriaceae|g__Marinoscillum|s__|ASV_5991",6.54018283239554,1.1692895891069,2.33517261927759,0.500729401952578,0.616561576866731,0.727619252202974,"","DESeq2"
"461","September - February","k__Bacteria|p__Pseudomonadota|c__Alphaproteobacteria|o__Hyphomicrobiales|f__Methyloligellaceae|g__Methyloceanibacter|s__|ASV_15691",13.6415621469109,-1.89840207133885,1.33988430504702,-1.41684029299248,0.156529626262007,0.268902612927498,"","DESeq2"
"462","September - February","k__Bacteria|p__Bacteroidota|c__Bacteroidia|o__Flavobacteriales|f__Flavobacteriaceae|g__Euzebyella|s__|ASV_6004",8.45327358660866,-23.0571962247997,2.87449320187045,-8.02130831612202,1.04624750810248e-15,5.52186184831865e-14,"***","DESeq2"
"463","September - February","k__Bacteria|p__Bacteroidota|c__Bacteroidia|o__Flavobacteriales|f__Flavobacteriaceae|g__Muricauda|s__|ASV_12437",5.23230852811547,-4.23100209587943,2.84663813453787,-1.48631539939877,0.137195715347357,0.243586685158542,"","DESeq2"
"464","September - February","k__Bacteria|p__Pseudomonadota|c__Gammaproteobacteria|o__Pseudomonadales|f__Spongiibacteraceae|g__|s__|ASV_529",9.23391381711665,2.81042386920085,1.51780746306899,1.85163397702512,0.0640784005879986,0.14189855608065,"","DESeq2"
"465","September - February","k__Bacteria|p__Thermodesulfobacteriota|c__Desulfobacteria|o__Desulfobacterales|f__Desulfosarcinaceae|g__SEEP-SRB1|s__|ASV_1671",17.0133219474944,-2.40845280321892,1.81951404833884,-1.32367914686769,0.185609626914652,0.304015768222276,"","DESeq2"
"466","September - February","k__Bacteria|p__Cyanobacteriota|c__Cyanobacteriia|o__Cyanobacteriales|f__Xenococcaceae|g__Chroococcidiopsis_PCC-6712|s__|ASV_986",8.92192009061769,1.64696719677863,2.06976823484483,0.79572541942219,0.426191648810687,0.54936508327022,"","DESeq2"
"467","September - February","k__Bacteria|p__Pseudomonadota|c__Alphaproteobacteria|o__Tistrellales|f__Geminicoccaceae|g__|s__|ASV_4042",13.4176503410549,-1.43634845240932,1.27192367650989,-1.12927251763298,0.258782890531663,0.381121734034018,"","DESeq2"
"468","September - February","k__Bacteria|p__Bacteroidota|c__Bacteroidia|o__Cytophagales|f__Cyclobacteriaceae|g__|s__|ASV_9163",5.11913126556987,0.0807924073660625,2.90124476382393,0.0278474978648735,0.977783782817364,0.990292743791574,"","DESeq2"
"469","September - February","k__Bacteria|p__Bacteroidota|c__Bacteroidia|o__Flavobacteriales|f__Flavobacteriaceae|g__Gramella|s__|ASV_7179",11.7940952660007,1.55778949123478,2.27591212384168,0.68446820723696,0.493679558609135,0.614673107049381,"","DESeq2"
"470","September - February","k__Bacteria|p__Bacteroidota|c__Bacteroidia|o__Flavobacteriales|f__Flavobacteriaceae|g__Mesoflavibacter|s__|ASV_6111",16.091454503614,-5.81439104339506,2.08085083037105,-2.79423731799086,0.00520222859414495,0.0241078886070132,"*","DESeq2"
"471","September - February","k__Bacteria|p__Acidobacteriota|c__Thermoanaerobaculia|o__Thermoanaerobaculales|f__Thermoanaerobaculaceae|g__Subgroup_10|s__|ASV_10386",3.96012041122014,-3.32541566697952,2.9250941975181,-1.13685763344001,0.255597805533589,0.377936461802132,"","DESeq2"
"472","September - February","k__Bacteria|p__Cyanobacteriota|c__Cyanobacteriia|o__Cyanobacteriales|f__Nostocaceae|g__Rivularia_PCC-7116|s__|ASV_4054",10.3871677931598,-0.0400565399355819,2.29269360299739,-0.0174713881886412,0.986060558279813,0.995312647934842,"","DESeq2"
"473","September - February","k__Bacteria|p__Cyanobacteriota|c__Cyanobacteriia|o__Cyanobacteriales|f__Xenococcaceae|g__Pleurocapsa_PCC-7319|s__|ASV_6690",12.1500960176385,-0.866123286283136,1.843043334342,-0.469941899978363,0.638396527730094,0.744143191832625,"","DESeq2"
"474","September - February","k__Bacteria|p__Myxococcota|c__Polyangiia|o__Polyangiales|f__Sandaracinaceae|g__|s__|ASV_7463",17.1152175594594,-1.66174851953713,1.34576818276397,-1.23479551740047,0.216906616090543,0.335604699162892,"","DESeq2"
"475","September - February","k__Bacteria|p__Bacteroidota|c__Bacteroidia|o__Cytophagales|f__Cyclobacteriaceae|g__Fulvivirga|s__|ASV_2867",8.3031295594489,1.09354909972655,2.45821540042846,0.444854872984663,0.656424636319508,0.760706997824532,"","DESeq2"
"476","September - February","k__Bacteria|p__Bacteroidota|c__Bacteroidia|o__Cytophagales|f__Cyclobacteriaceae|g__Tunicatimonas|s__|ASV_15128",3.7685152267646,4.79334935138927,2.94788562786416,1.62602962139416,0.103943354139488,NA,NA,"DESeq2"
"477","September - February","k__Bacteria|p__Pseudomonadota|c__Alphaproteobacteria|o__Rhodobacterales|f__Paracoccaceae|g__Halodurantibacterium|s__|ASV_2265",17.0466258209179,-2.48000245038688,1.6003661251665,-1.54964692852947,0.121226282703693,0.225371758451092,"","DESeq2"
"478","September - February","k__Bacteria|p__Pseudomonadota|c__Alphaproteobacteria|o__Sphingomonadales|f__Sphingomonadaceae|g__Qipengyuania|s__|ASV_6837",13.9756280386098,-3.28059704872011,2.59814105420391,-1.26267087901635,0.20670748369351,0.326199517456536,"","DESeq2"
"479","September - February","k__Bacteria|p__Bacteroidota|c__Bacteroidia|o__Flavobacteriales|f__Flavobacteriaceae|g__Nonlabens|s__|ASV_11613",2.05166435509666,-2.4859743357974,2.93800225343495,-0.84614446190126,0.3974721598501,NA,NA,"DESeq2"
"480","September - February","k__Bacteria|p__Thermodesulfobacteriota|c__Desulfobacteria|o__Desulfobacterales|f__Desulfosarcinaceae|g__Sva0081_sediment_group|s__|ASV_4065",25.0727737689768,-4.1669251903533,1.45537145578294,-2.8631351630513,0.00419471581781251,0.0208637697744601,"*","DESeq2"
"481","September - February","k__Bacteria|p__Actinomycetota|c__Acidimicrobiia|o__Microtrichales|f__Microtrichaceae|g__|s__|ASV_11033",5.35740904749897,-0.974689427480583,1.97102570842889,-0.494508733859952,0.620946939746769,0.730073753415136,"","DESeq2"
"482","September - February","k__Bacteria|p__Pseudomonadota|c__Alphaproteobacteria|o__Hyphomicrobiales|f__KF-JG30-B3|g__|s__|ASV_1895",3.90077559170778,0.0170650348898023,2.37413999846439,0.00718788062238961,0.9942649504107,0.995312647934842,"","DESeq2"
"483","September - February","k__Bacteria|p__Pseudomonadota|c__Alphaproteobacteria|o__Sphingomonadales|f__Sphingomonadaceae|g__Croceibacterium|s__|ASV_12254",12.3286803084663,-0.735783050894129,1.52284194116507,-0.483164425016565,0.628978992738353,0.736781804070821,"","DESeq2"
"484","September - February","k__Bacteria|p__Pseudomonadota|c__Alphaproteobacteria|o__Sphingomonadales|f__Sphingomonadaceae|g__|s__|ASV_9967",13.9517483789601,-2.0118891930103,2.12436187402343,-0.947055780661273,0.343610355755422,0.465663106943867,"","DESeq2"
"485","September - February","k__Bacteria|p__Cyanobacteriota|c__Cyanobacteriia|o__Cyanobacteriales|f__Nostocaceae|g__|s__|ASV_11192",0.700407955077197,0.975249290801133,2.96015118838731,0.329459283913282,0.741808564359183,NA,NA,"DESeq2"
"486","September - February","k__Bacteria|p__Actinomycetota|c__Actinobacteria|o__Propionibacteriales|f__Nocardioidaceae|g__Nocardioides|s__|ASV_15504",10.9374723343099,0.0959081492534175,1.97592182234399,0.0485384331347907,0.96128713531192,0.977028313371083,"","DESeq2"
"487","September - February","k__Bacteria|p__Pseudomonadota|c__Gammaproteobacteria|o__Enterobacterales|f__Alteromonadaceae|g__Aestuariibacter|s__|ASV_1570",7.68170893644185,-6.82278232100422,2.89954950967748,-2.35304908511913,0.018620175956619,0.060167235233973,"","DESeq2"
"488","September - February","k__Bacteria|p__Bacteroidota|c__Bacteroidia|o__Bacteroidales|f__Bacteroidetes_BD2-2|g__|s__|ASV_6489",18.365014468999,-4.6423733790325,1.70377252164546,-2.72476126950856,0.00643479958791081,0.0276609032059515,"*","DESeq2"
"489","September - February","k__Bacteria|p__Bacteroidota|c__Bacteroidia|o__Cytophagales|f__Cyclobacteriaceae|g__|s__|ASV_7443",20.2968022033483,-2.1861469258734,1.76922537376181,-1.23565203071055,0.216587935398801,0.335604699162892,"","DESeq2"
"490","September - February","k__Bacteria|p__Chloroflexota|c__Anaerolineae|o__Caldilineales|f__Caldilineaceae|g__|s__|ASV_1530",3.10056151087635,4.51518258794566,2.94852908984181,1.53133391272999,0.125686888203163,NA,NA,"DESeq2"
"491","September - February","k__Bacteria|p__Pseudomonadota|c__Alphaproteobacteria|o__Rhodobacterales|f__Paracoccaceae|g__Limibaculum|s__|ASV_10749",5.97887367118655,-6.46389502712684,2.9351297286134,-2.20225190188799,0.0276475196700609,0.077832429895506,"","DESeq2"
"492","September - February","k__Bacteria|p__Cyanobacteriota|c__Cyanobacteriia|o__Synechococcales|f__Cyanobiaceae|g__Synechococcus_MBIC10613|s__|ASV_3584",16.2371815116937,-3.47206874609425,1.91711950757587,-1.81108623243032,0.0701275043384894,0.152103034524121,"","DESeq2"
"493","September - February","k__Bacteria|p__Bacteroidota|c__Bacteroidia|o__Chitinophagales|f__Saprospiraceae|g__|s__|ASV_13177",6.52995836294773,-3.20118211897132,2.03000605296228,-1.57693230239389,0.114811102900519,0.214705802668294,"","DESeq2"
"494","September - February","k__Bacteria|p__Pseudomonadota|c__Gammaproteobacteria|o__Steroidobacterales|f__Woeseiaceae|g__Woeseia|s__|ASV_15181",14.4422908975158,-7.73382528141328,2.54432218317412,-3.0396407076737,0.00236860530778504,0.0151018459221194,"*","DESeq2"
"495","September - February","k__Bacteria|p__Bacteroidota|c__Bacteroidia|o__Flavobacteriales|f__Flavobacteriaceae|g__|s__|ASV_12253",6.66892098214794,-6.62129800282717,2.94904390091052,-2.24523548150057,0.024753019429958,0.0725782977112967,"","DESeq2"
"496","September - February","k__Bacteria|p__Planctomycetota|c__Planctomycetes|o__Planctomycetales|f__Rubinisphaeraceae|g__Planctomicrobium|s__|ASV_5395",10.0222187594581,0.380858289206286,2.12306910522639,0.179390434474658,0.857631141742499,0.909318732874301,"","DESeq2"
"497","September - February","k__Bacteria|p__Planctomycetota|c__Phycisphaerae|o__Phycisphaerales|f__Phycisphaeraceae|g__Algisphaera|s__|ASV_298",13.9914297507632,-5.23647828969651,2.28885108744414,-2.28781956083647,0.0221480312195258,0.0672224589730017,"","DESeq2"
"498","September - February","k__Bacteria|p__Pseudomonadota|c__Alphaproteobacteria|o__Sphingomonadales|f__Sphingomonadaceae|g__Sphingomicrobium|s__|ASV_2882",9.96464241089994,1.90142668709778,1.79748415310573,1.05782667614202,0.29013446866213,0.416954934942579,"","DESeq2"
"499","September - February","k__Bacteria|p__Bacteroidota|c__Bacteroidia|o__Bacteroidales|f__Prolixibacteraceae|g__Draconibacterium|s__|ASV_11583",18.1034322786376,-3.3611193145098,1.82298890833763,-1.84374095702797,0.0652209010519372,0.144092688370559,"","DESeq2"
"500","September - February","k__Bacteria|p__Chloroflexota|c__Anaerolineae|o__Aggregatilineales|f__A4b|g__|s__|ASV_6080",20.3524740404661,-3.63060985429548,1.3529183040322,-2.68353960728812,0.00728473458761159,0.0297017075460559,"*","DESeq2"
"501","September - February","k__Bacteria|p__Chloroflexota|c__Anaerolineae|o__Caldilineales|f__Caldilineaceae|g__|s__|ASV_15048",12.5916450512812,-3.09650154639826,1.89603819025058,-1.63314302545194,0.102438919391737,0.198201575197862,"","DESeq2"
"502","September - February","k__Bacteria|p__Bacteroidota|c__Bacteroidia|o__Chitinophagales|f__Saprospiraceae|g__Aureispira|s__|ASV_6811",2.04336966675507,-0.0149563366808602,2.69696751933748,-0.00554561246052168,0.995575264117152,NA,NA,"DESeq2"
"503","September - February","k__Bacteria|p__Bacteroidota|c__Bacteroidia|o__Chitinophagales|f__Saprospiraceae|g__Lewinella|s__|ASV_2218",3.38580991888534,4.63692330288688,2.16815205958472,2.13865226029166,0.0324638416605199,NA,NA,"DESeq2"
"504","September - February","k__Bacteria|p__Bacteroidota|c__Bacteroidia|o__Flavobacteriales|f__Flavobacteriaceae|g__|s__|ASV_3483",6.7041579528263,-22.7442475378366,2.94901688166907,-7.71248468573157,1.23391488232126e-14,5.58199589621522e-13,"***","DESeq2"
"505","September - February","k__Bacteria|p__Bacteroidota|c__Bacteroidia|o__Cytophagales|f__Cyclobacteriaceae|g__|s__|ASV_3907",8.57771350199028,-6.73942439745837,2.4073643393164,-2.79950329386873,0.00511812943778778,0.0240704107222692,"*","DESeq2"
"506","September - February","k__Bacteria|p__Pseudomonadota|c__Alphaproteobacteria|o__Rhodobacterales|f__Paracoccaceae|g__|s__|ASV_7108",10.6537096258886,-0.0232271286616365,2.29893417847697,-0.0101034335298039,0.99193876352336,0.995312647934842,"","DESeq2"
"507","September - February","k__Bacteria|p__Bacteroidota|c__Bacteroidia|o__Flavobacteriales|f__Flavobacteriaceae|g__Robiginitalea|s__|ASV_10959",26.4281601107829,-24.5800329009412,2.33200159041766,-10.5403156678546,5.63095711674598e-26,8.91568210151447e-24,"***","DESeq2"
"508","September - February","k__Bacteria|p__Pseudomonadota|c__Alphaproteobacteria|o__Rhodobacterales|f__Paracoccaceae|g__Maribius|s__|ASV_8056",10.5631783397455,6.28130081330054,2.4101420737345,2.60619524539801,0.0091554256622739,0.0351566070292093,"*","DESeq2"
"509","September - February","k__Bacteria|p__Pseudomonadota|c__Alphaproteobacteria|o__Rhodobacterales|f__Paracoccaceae|g__Palleronia-Pseudomaribius|s__|ASV_4152",7.62175460651363,5.81147746196738,1.97340359015353,2.94490062294619,0.0032305840765734,0.0183775740882918,"*","DESeq2"
"510","September - February","k__Bacteria|p__Planctomycetota|c__Planctomycetes|o__Pirellulales|f__Pirellulaceae|g__Pir4_lineage|s__|ASV_4116",23.4266727877547,-6.89988667864807,2.08372033897427,-3.31133048403443,0.000928534778492775,0.00794691927538861,"**","DESeq2"
"511","September - February","k__Bacteria|p__Pseudomonadota|c__Alphaproteobacteria|o__|f__Neomegalonemataceae|g__Acuticoccus|s__|ASV_1871",9.35123322561442,2.06763101749529,1.51415045097197,1.36553868617747,0.172083802604308,0.286304049867062,"","DESeq2"
"512","September - February","k__Bacteria|p__Actinomycetota|c__Actinobacteria|o__Euzebyales|f__Euzebyaceae|g__Euzebya|s__|ASV_13638",9.79349887616238,2.1003344018153,1.63574868880783,1.28402022644816,0.199134878359334,0.317412977250617,"","DESeq2"
"513","September - February","k__Bacteria|p__Bacteroidota|c__Bacteroidia|o__Flavobacteriales|f__Flavobacteriaceae|g__Flavimarina|s__|ASV_7837",5.39629686742578,-0.278454515635704,2.3226504421687,-0.119886535907532,0.904573030334095,0.941231521158149,"","DESeq2"
"514","September - February","k__Bacteria|p__Pseudomonadota|c__Alphaproteobacteria|o__Rhodobacterales|f__Paracoccaceae|g__Palleronia-Pseudomaribius|s__|ASV_9563",9.06653233188894,1.69157809200976,2.25903814972186,0.748804570749738,0.453975004423695,0.576572532356297,"","DESeq2"
"515","September - February","k__Bacteria|p__Verrucomicrobiota|c__Verrucomicrobiia|o__Verrucomicrobiales|f__Rubritaleaceae|g__Roseibacillus|s__|ASV_2816",1.55126038665863,-4.53738874971574,2.96234033058653,-1.53169057007618,0.125598810511222,NA,NA,"DESeq2"
"516","September - February","k__Bacteria|p__Bacteroidota|c__Bacteroidia|o__Cytophagales|f__Cyclobacteriaceae|g__Marinoscillum|s__|ASV_9611",16.1218970989438,-1.96385325504629,1.23083024924794,-1.59555166624011,0.110588926045096,0.209281832157054,"","DESeq2"
"517","September - February","k__Bacteria|p__Pseudomonadota|c__Alphaproteobacteria|o__Sphingomonadales|f__Sphingomonadaceae|g__|s__|ASV_2217",9.35736378785136,3.54332948873265,1.55265015915017,2.28211710658121,0.0224824272985623,0.0675895757393488,"","DESeq2"
"518","September - February","k__Bacteria|p__Bacteroidota|c__Bacteroidia|o__Chitinophagales|f__Saprospiraceae|g__Lewinella|s__|ASV_11109",4.44266654465682,-0.658608621557612,2.32772635094612,-0.282940742278369,0.777222262276093,0.858996149142772,"","DESeq2"
"519","September - February","k__Bacteria|p__Planctomycetota|c__Planctomycetes|o__Pirellulales|f__Pirellulaceae|g__|s__|ASV_6161",21.6707421316523,-8.30564582174069,1.31214387777789,-6.32982858237031,2.45433707589116e-10,1.0137479226507e-08,"***","DESeq2"
"520","September - February","k__Bacteria|p__Pseudomonadota|c__Alphaproteobacteria|o__Rhodobacterales|f__Paracoccaceae|g__Limibaculum|s__|ASV_5904",9.80412756502316,1.91112528442193,1.6551020141307,1.15468730513612,0.248218499997533,0.370184576134468,"","DESeq2"
"521","September - February","k__Bacteria|p__Pseudomonadota|c__Alphaproteobacteria|o__Rhodobacterales|f__Paracoccaceae|g__|s__|ASV_11222",1.02553387856518,-3.98436218139687,2.96831138124958,-1.34229926367077,0.179498982088413,NA,NA,"DESeq2"
"522","September - February","k__Bacteria|p__Pseudomonadota|c__Alphaproteobacteria|o__Sphingomonadales|f__Sphingomonadaceae|g__|s__|ASV_4045",20.6079681163186,-3.50747026394041,2.09407943896159,-1.67494613560587,0.0939448005107683,0.18325987779308,"","DESeq2"
"523","September - February","k__Bacteria|p__Pseudomonadota|c__Alphaproteobacteria|o__Sphingomonadales|f__Sphingomonadaceae|g__|s__|ASV_6423",9.68770395104069,4.4413346047433,1.51074046219494,2.93983957925541,0.00328382215594591,0.0184882135895321,"*","DESeq2"
"524","September - February","k__Bacteria|p__Cyanobacteriota|c__Cyanobacteriia|o__Cyanobacteriales|f__Nostocaceae|g__Rivularia_PCC-7116|s__|ASV_4200",2.53264096396731,4.22446621672935,2.94934790825418,1.43233906210473,0.152046809076852,NA,NA,"DESeq2"
"525","September - February","k__Bacteria|p__Pseudomonadota|c__Alphaproteobacteria|o__Rhodospirillales|f__Thalassospiraceae|g__Thalassospira|s__|ASV_11925",8.08981548201163,-0.910919105369922,1.46866793519147,-0.620234896904156,0.535103149613483,0.655087618727846,"","DESeq2"
"526","September - February","k__Bacteria|p__Pseudomonadota|c__Alphaproteobacteria|o__Sphingomonadales|f__Sphingomonadaceae|g__|s__|ASV_13106",21.6898275596885,-23.8707290896837,2.56054340097107,-9.32252469559036,1.13604285580665e-20,9.81127920923928e-19,"***","DESeq2"
"527","September - February","k__Bacteria|p__Pseudomonadota|c__Alphaproteobacteria|o__Sphingomonadales|f__Sphingomonadaceae|g__|s__|ASV_4631",11.7470148125242,-3.93563531470002,2.38106295062698,-1.65289007317664,0.0983532377995596,0.191074797361108,"","DESeq2"
"528","September - February","k__Bacteria|p__Pseudomonadota|c__Gammaproteobacteria|o__Pseudomonadales|f__Marinomonadaceae|g__Marinomonas|s__|ASV_502",0.873713973390311,-3.75777538491847,2.97146492665179,-1.26462047430346,0.206007409984037,NA,NA,"DESeq2"
"529","September - February","k__Bacteria|p__Verrucomicrobiota|c__Verrucomicrobiia|o__Opitutales|f__Puniceicoccaceae|g__Lentimonas|s__|ASV_8380",1.11864899248848,-4.09194856337987,2.96697379858308,-1.37916572277586,0.167843663823829,NA,NA,"DESeq2"
"530","September - February","k__Bacteria|p__Pseudomonadota|c__Alphaproteobacteria|o__Rhodobacterales|f__Paracoccaceae|g__Silicimonas|s__|ASV_10644",22.2795725185095,-3.62192330288696,1.22470654425351,-2.95738054138889,0.00310264944858551,0.0178637392494317,"*","DESeq2"
"531","September - February","k__Bacteria|p__Pseudomonadota|c__Alphaproteobacteria|o__Sphingomonadales|f__Sphingomonadaceae|g__|s__|ASV_8066",9.66754298947902,-2.98027036319713,1.86522240586607,-1.59780965198802,0.110085345914943,0.208744667902586,"","DESeq2"
"532","September - February","k__Bacteria|p__Actinomycetota|c__Actinobacteria|o__Nitriliruptorales|f__Nitriliruptoraceae|g__|s__|ASV_5219",8.0581125502288,3.0775343082733,1.82961665815418,1.68206508973202,0.0925562189567693,0.181355222751495,"","DESeq2"
"533","September - February","k__Bacteria|p__Pseudomonadota|c__Gammaproteobacteria|o__Pseudomonadales|f__Halieaceae|g__Pseudohaliea|s__|ASV_9973",16.4908042466292,-3.46162385226081,1.51944596992648,-2.27821450763946,0.022713800330208,0.0678556928103697,"","DESeq2"
"534","September - February","k__Bacteria|p__Actinomycetota|c__Acidimicrobiia|o__Microtrichales|f__Microtrichaceae|g__Sva0996_marine_group|s__|ASV_3343",16.1942609752997,-6.39156943150528,2.05741854535552,-3.10659658723005,0.00189254471400161,0.013317907246678,"*","DESeq2"
"535","September - February","k__Bacteria|p__Actinomycetota|c__Actinobacteria|o__Nitriliruptorales|f__Nitriliruptoraceae|g__|s__|ASV_5403",9.34988410022757,2.37915051187605,2.43934032408783,0.975325373168549,0.329398888284931,0.455500646099978,"","DESeq2"
"536","September - February","k__Bacteria|p__Bacteroidota|c__Bacteroidia|o__Cytophagales|f__Cyclobacteriaceae|g__Tunicatimonas|s__|ASV_10497",10.3335806380179,3.7053716138286,2.18542909925943,1.69548928175443,0.0899826418138651,0.177723250274682,"","DESeq2"
"537","September - February","k__Bacteria|p__Rhodothermota|c__Rhodothermia|o__Rhodothermales|f__Rhodothermaceae|g__|s__|ASV_5525",16.6042038909242,-3.44042917096856,2.23217632368302,-1.54128916003014,0.123246425936236,0.227586982213541,"","DESeq2"
"538","September - February","k__Bacteria|p__Pseudomonadota|c__Alphaproteobacteria|o__Rhodobacterales|f__Paracoccaceae|g__Limibaculum|s__|ASV_3822",8.95363554039954,2.18413975143564,1.7563493950089,1.24356791287794,0.213658631699191,0.332202455178774,"","DESeq2"
"539","September - February","k__Bacteria|p__Rhodothermota|c__Rhodothermia|o__Rhodothermales|f__Rhodothermaceae|g__|s__|ASV_12020",1.147151658209,-4.12706357175539,2.9665577608995,-1.39119609473035,0.164165971163674,NA,NA,"DESeq2"
"540","September - February","k__Bacteria|p__Actinomycetota|c__Acidimicrobiia|o__Microtrichales|f__Microtrichaceae|g__|s__|ASV_15908",5.71661695265023,-6.40148312589476,2.94868440141348,-2.17096245458691,0.0299340106062104,0.0824269857272461,"","DESeq2"
"541","September - February","k__Bacteria|p__Actinomycetota|c__Acidimicrobiia|o__Microtrichales|f__Ilumatobacteraceae|g__Ilumatobacter|s__|ASV_5501",9.20320837098095,6.08255944187315,2.40923735728871,2.52468251974903,0.0115802853124977,0.0422861973679325,"*","DESeq2"
"542","September - February","k__Bacteria|p__Bacteroidota|c__Bacteroidia|o__Cytophagales|f__Cyclobacteriaceae|g__Tunicatimonas|s__|ASV_15191",5.01278487682225,5.20857802914417,2.49745909082266,2.08555088981596,0.0370193238448585,0.0957742849968426,"","DESeq2"
"543","September - February","k__Bacteria|p__Pseudomonadota|c__Alphaproteobacteria|o__Rhodobacterales|f__Paracoccaceae|g__Palleronia-Pseudomaribius|s__|ASV_8753",7.87990546610377,-1.20468532036986,2.69420655690101,-0.447139183625007,0.654774568997567,0.760435012894485,"","DESeq2"
"544","September - February","k__Bacteria|p__Pseudomonadota|c__Gammaproteobacteria|o__Pseudomonadales|f__Halieaceae|g__Pseudohaliea|s__|ASV_13386",13.8722568211347,-3.02689619169024,2.05591383444149,-1.47228747673296,0.140943263640799,0.248877510146393,"","DESeq2"
"545","September - February","k__Bacteria|p__Calditrichota|c__Calditrichia|o__Calditrichales|f__Calditrichaceae|g__Caldithrix|s__|ASV_13974",13.3872616289594,-1.77115381277266,2.29312082082563,-0.77237701419281,0.439891163720475,0.561688985933403,"","DESeq2"
"546","September - February","k__Bacteria|p__Pseudomonadota|c__Alphaproteobacteria|o__Sphingomonadales|f__Sphingomonadaceae|g__|s__|ASV_8622",8.71705435841475,0.781111103947136,2.27471990370082,0.343387817847956,0.731306722960909,0.823153301910975,"","DESeq2"
"547","September - February","k__Bacteria|p__Cyanobacteriota|c__Cyanobacteriia|o__Phormidesmiales|f__Phormidesmiaceae|g__Phormidesmis_ANT.LACV5.1|s__|ASV_2907",3.00267251727883,-2.84135003731873,2.92714157797288,-0.970691017715118,0.331702166120087,NA,NA,"DESeq2"
"548","September - February","k__Bacteria|p__Pseudomonadota|c__Alphaproteobacteria|o__Hyphomicrobiales|f__Methyloligellaceae|g__Methyloceanibacter|s__|ASV_12775",16.1365602487392,-2.25007997099767,1.98006580317161,-1.13636625984528,0.255803310461864,0.377936461802132,"","DESeq2"
"549","September - February","k__Bacteria|p__Rhodothermota|c__Rhodothermia|o__Rhodothermales|f__Rhodothermaceae|g__|s__|ASV_15803",9.19990449563752,6.08082293223482,1.66908254309883,3.64321282813558,0.000269256024318908,0.0031579410259625,"**","DESeq2"
"550","September - February","k__Bacteria|p__Bacteroidota|c__Bacteroidia|o__Flavobacteriales|f__Flavobacteriaceae|g__Actibacter|s__|ASV_4251",19.4128903079501,-4.76538021265244,2.18717249907634,-2.17878572205206,0.0293475901172469,0.0815210836590192,"","DESeq2"
"551","September - February","k__Bacteria|p__Bacteroidota|c__Bacteroidia|o__Flavobacteriales|f__Flavobacteriaceae|g__|s__|ASV_621",1.64287820794954,-4.60776581666254,2.96152310899163,-1.55587704268546,0.119737333418215,NA,NA,"DESeq2"
"552","September - February","k__Bacteria|p__Pseudomonadota|c__Gammaproteobacteria|o__Enterobacterales|f__Alteromonadaceae|g__|s__|ASV_4951",8.21128943954677,0.704524800672519,1.2609045812156,0.558745531714467,0.57633540034773,0.693829178273445,"","DESeq2"
"553","September - February","k__Bacteria|p__Pseudomonadota|c__Gammaproteobacteria|o__Pseudomonadales|f__Nitrincolaceae|g__Marinobacterium|s__|ASV_15550",13.690111630909,-0.497341552663574,1.88558068178292,-0.263760420049122,0.791964535019898,0.866500814837198,"","DESeq2"
"554","September - February","k__Bacteria|p__Pseudomonadota|c__Gammaproteobacteria|o__Enterobacterales|f__Alteromonadaceae|g__Alteromonas|s__|ASV_8501",23.6771558012521,-4.16576189674954,1.96078797290421,-2.12453460257584,0.0336254657826321,0.0889810375863523,"","DESeq2"
"555","September - February","k__Bacteria|p__Pseudomonadota|c__Gammaproteobacteria|o__Steroidobacterales|f__Woeseiaceae|g__Woeseia|s__|ASV_13326",10.5582448608696,-0.504999710327605,1.98852448902144,-0.253956998324982,0.799528779530397,0.870048500061715,"","DESeq2"
"556","September - February","k__Bacteria|p__Chloroflexota|c__Anaerolineae|o__Ardenticatenales|f__Ardenticatenaceae|g__|s__|ASV_1204",8.51817029889618,-2.84931913450747,1.79010601311626,-1.59170413016339,0.11145119988542,0.21021688570428,"","DESeq2"
"557","September - February","k__Bacteria|p__Pseudomonadota|c__Gammaproteobacteria|o__Pseudomonadales|f__Cellvibrionaceae|g__|s__|ASV_291",2.6159245498841,4.26564934935155,2.94922167096383,1.44636443959043,0.148075010371942,NA,NA,"DESeq2"
"558","September - February","k__Bacteria|p__Acidobacteriota|c__Thermoanaerobaculia|o__Thermoanaerobaculales|f__Thermoanaerobaculaceae|g__Subgroup_10|s__|ASV_6086",12.9663682100513,-5.54161509754817,2.47152517233285,-2.24218436436862,0.0249494592604675,0.0729291886075204,"","DESeq2"
"559","September - February","k__Bacteria|p__Bacteroidota|c__Bacteroidia|o__Chitinophagales|f__Saprospiraceae|g__|s__|ASV_4173",7.19196350026663,-3.32349743393424,1.87455665286475,-1.77295118227298,0.0762367964843865,0.16109108205134,"","DESeq2"
"560","September - February","k__Bacteria|p__Bacteroidota|c__Bacteroidia|o__Flavobacteriales|f__Flavobacteriaceae|g__Flavimarina|s__|ASV_13262",7.49615240408104,-0.196189215261726,2.28656615282149,-0.0858008044156694,0.931624767007332,0.956375802266727,"","DESeq2"
"561","September - February","k__Bacteria|p__Deinococcota|c__Deinococci|o__Deinococcales|f__Trueperaceae|g__Truepera|s__|ASV_14618",2.57735431560337,-5.22899015093662,2.95576251344705,-1.76908331679141,0.0768799715871871,NA,NA,"DESeq2"
"562","September - February","k__Bacteria|p__Bacteroidota|c__Bacteroidia|o__Chitinophagales|f__Saprospiraceae|g__|s__|ASV_14110",0,0,0,0,1,NA,NA,"DESeq2"
"563","September - February","k__Bacteria|p__Pseudomonadota|c__Alphaproteobacteria|o__Rhodobacterales|f__Paracoccaceae|g__|s__|ASV_6341",9.22860172505528,1.44730266821883,1.94975867332956,0.742298361338897,0.45790658443891,0.578472413852347,"","DESeq2"
"564","September - February","k__Bacteria|p__Pseudomonadota|c__Alphaproteobacteria|o__Sphingomonadales|f__Sphingomonadaceae|g__Croceibacterium|s__|ASV_4473",7.1276211138679,1.03175294122525,2.07839721143505,0.496417593109097,0.61959981504373,0.729392595156808,"","DESeq2"
"565","September - February","k__Bacteria|p__Planctomycetota|c__Planctomycetes|o__Pirellulales|f__Pirellulaceae|g__Blastopirellula|s__|ASV_5985",12.9965698839638,-2.28830411409374,1.27661523801429,-1.7924775186399,0.0730565072146029,0.156314598769984,"","DESeq2"
"566","September - February","k__Bacteria|p__Rhodothermota|c__Rhodothermia|o__Rhodothermales|f__Rhodothermaceae|g__Rubrivirga|s__|ASV_10530",6.73372745819676,5.63318686519396,1.81078908303296,3.11090171570878,0.0018651700762422,0.0132232206897768,"*","DESeq2"
"567","September - February","k__Bacteria|p__Rhodothermota|c__Rhodothermia|o__Rhodothermales|f__Rhodothermaceae|g__Rubrivirga|s__|ASV_238",5.66271704843283,5.383994745917,2.44546639936296,2.20162286724508,0.0276919592680853,0.077832429895506,"","DESeq2"
"568","September - February","k__Bacteria|p__Rhodothermota|c__Rhodothermia|o__Rhodothermales|f__Rhodothermaceae|g__Rubrivirga|s__|ASV_7369",8.45097986103269,3.07895073045414,2.20813693333365,1.39436584931615,0.163207155279697,0.277364575162275,"","DESeq2"
"569","September - February","k__Bacteria|p__Pseudomonadota|c__Alphaproteobacteria|o__Sphingomonadales|f__Sphingomonadaceae|g__|s__|ASV_9738",6.55696729925896,5.59436029856913,2.43291001437055,2.29945220559936,0.0214792743861182,0.0660366040997163,"","DESeq2"
"570","September - February","k__Bacteria|p__Actinomycetota|c__Actinobacteria|o__Nitriliruptorales|f__Nitriliruptoraceae|g__|s__|ASV_9726",3.4503072102933,1.0473678179434,2.83960405221768,0.368842908617989,0.712244819684583,NA,NA,"DESeq2"
"571","September - February","k__Bacteria|p__Pseudomonadota|c__Alphaproteobacteria|o__Rhodobacterales|f__Paracoccaceae|g__Palleronia-Pseudomaribius|s__|ASV_11178",7.62501068964581,4.57608210887107,2.36118197828257,1.93804719456632,0.0526174649483568,0.121032909687504,"","DESeq2"
"572","September - February","k__Bacteria|p__Rhodothermota|c__Rhodothermia|o__Rhodothermales|f__Rhodothermaceae|g__Rubrivirga|s__|ASV_7501",9.41559830370014,-0.953287038294224,2.48346952320642,-0.383852924059012,0.701087459495466,0.798847124052381,"","DESeq2"
"573","September - February","k__Bacteria|p__Verrucomicrobiota|c__Verrucomicrobiia|o__Verrucomicrobiales|f__DEV007|g__|s__|ASV_11556",18.4197163614499,-8.0825131472654,2.32109975206338,-3.48219120702604,0.000497328440765799,0.00495336511707038,"**","DESeq2"
"574","September - February","k__Bacteria|p__Pseudomonadota|c__Alphaproteobacteria|o__Rhodobacterales|f__Paracoccaceae|g__Maribius|s__|ASV_14792",1.90811521745705,1.88283315884642,2.93519346056025,0.641468163562561,0.521218558875358,NA,NA,"DESeq2"
"575","September - February","k__Bacteria|p__Actinomycetota|c__Acidimicrobiia|o__Microtrichales|f__Microtrichaceae|g__|s__|ASV_159",0,0,0,0,1,NA,NA,"DESeq2"
"576","September - February","k__Bacteria|p__Pseudomonadota|c__Alphaproteobacteria|o__Rhodobacterales|f__Paracoccaceae|g__Limibaculum|s__|ASV_11077",11.4658279122965,-7.39081227650685,2.57954916511243,-2.86515658490452,0.00416803084714508,0.0208637697744601,"*","DESeq2"
"577","September - February","k__Bacteria|p__Pseudomonadota|c__Alphaproteobacteria|o__Sphingomonadales|f__Sphingomonadaceae|g__|s__|ASV_14636",24.8995488805481,-8.51160085287235,1.9440227122086,-4.37834434722336,1.19584301967283e-05,0.000258193379247543,"***","DESeq2"
"578","September - February","k__Bacteria|p__Bacteroidota|c__Bacteroidia|o__Flavobacteriales|f__Flavobacteriaceae|g__Robiginitalea|s__|ASV_14687",6.0287846288682,-3.24696299313377,2.61012983172451,-1.24398524305916,0.213504994146676,0.332202455178774,"","DESeq2"
"579","September - February","k__Bacteria|p__Rhodothermota|c__Rhodothermia|o__Rhodothermales|f__Rhodothermaceae|g__|s__|ASV_13433",12.8386755671793,-1.68740226571011,1.85357516834355,-0.910350059996788,0.362637925918594,0.485904132048892,"","DESeq2"
"580","September - February","k__Bacteria|p__Actinomycetota|c__Actinobacteria|o__Propionibacteriales|f__Nocardioidaceae|g__Nocardioides|s__|ASV_6174",8.16775156529314,2.70340061861393,1.89597175079596,1.42586545262554,0.153907183311093,0.265839680264615,"","DESeq2"
"581","September - February","k__Bacteria|p__Chloroflexota|c__Anaerolineae|o__Caldilineales|f__Caldilineaceae|g__|s__|ASV_6747",4.79626201437322,-0.712323971511424,2.79299954121266,-0.255039057830331,0.798692932655611,0.870048500061715,"","DESeq2"
"582","September - February","k__Bacteria|p__Myxococcota|c__Polyangiia|o__Polyangiales|f__Sandaracinaceae|g__|s__|ASV_10160",8.8390324236524,-0.641095258730301,1.98444646468777,-0.323059991860838,0.746649808852899,0.836459101898885,"","DESeq2"
"583","September - February","k__Bacteria|p__Pseudomonadota|c__Alphaproteobacteria|o__Hyphomicrobiales|f__Rhizobiaceae|g__|s__|ASV_8528",5.88522620590672,2.8154052170327,2.62955947111179,1.07067561998981,0.284315308648737,0.411647478673634,"","DESeq2"
"584","September - February","k__Bacteria|p__Pseudomonadota|c__Alphaproteobacteria|o__Rhodobacterales|f__Paracoccaceae|g__|s__|ASV_15311",3.90411746299227,-5.85407462477143,2.95195884251999,-1.98311525907794,0.0473545565363552,0.111353536409746,"","DESeq2"
"585","September - February","k__Bacteria|p__Rhodothermota|c__Rhodothermia|o__Rhodothermales|f__Rhodothermaceae|g__|s__|ASV_229",7.56410544299213,5.79900834705931,1.47569204137303,3.92968734971541,8.50563834668739e-05,0.00134672607155884,"**","DESeq2"
"586","September - February","k__Bacteria|p__Bacteroidota|c__Bacteroidia|o__Flavobacteriales|f__Flavobacteriaceae|g__|s__|ASV_10531",8.85715545767255,-6.54443115750427,1.96954742085685,-3.32280964053006,0.000891157056461539,0.00769635639671329,"**","DESeq2"
"587","September - February","k__Bacteria|p__Pseudomonadota|c__Alphaproteobacteria|o__Rhodobacterales|f__Paracoccaceae|g__|s__|ASV_10303",2.47032696319669,-0.554771950131611,2.91538882792701,-0.190290895271792,0.849081187823937,NA,NA,"DESeq2"
"588","September - February","k__Bacteria|p__Pseudomonadota|c__Gammaproteobacteria|o__Enterobacterales|f__Vibrionaceae|g__Vibrio|s__|ASV_5703",2.07788223046024,3.93759598652711,2.95033439007403,1.33462701711866,0.181998450998025,NA,NA,"DESeq2"
"589","September - February","k__Bacteria|p__Chloroflexota|c__Anaerolineae|o__Aggregatilineales|f__A4b|g__|s__|ASV_14457",7.76188906191021,-3.53576122679751,2.20474133693789,-1.60370795773632,0.108778440995377,0.206679037891217,"","DESeq2"
"590","September - February","k__Bacteria|p__Gemmatimonadota|c__Longimicrobiia|o__Longimicrobiales|f__Longimicrobiaceae|g__|s__|ASV_5010",5.64954522909514,-1.81697790113129,2.27125441509133,-0.799988715072339,0.423717335492741,0.547829023924284,"","DESeq2"
"591","September - February","k__Bacteria|p__Pseudomonadota|c__Alphaproteobacteria|o__Rhodobacterales|f__Paracoccaceae|g__Limibaculum|s__|ASV_13046",11.2502743149895,-1.61677641122329,1.37565910221533,-1.17527402582491,0.239885102631213,0.360586784018438,"","DESeq2"
"592","September - February","k__Bacteria|p__Pseudomonadota|c__Alphaproteobacteria|o__Rhodobacterales|f__Paracoccaceae|g__|s__|ASV_12166",9.6387756357782,-7.15171176506176,2.57474208753437,-2.77764200138213,0.00547549089498977,0.0247700778582871,"*","DESeq2"
"593","September - February","k__Bacteria|p__Pseudomonadota|c__Alphaproteobacteria|o__Caulobacterales|f__Hyphomonadaceae|g__Euryhalocaulis|s__|ASV_6477",4.85208238148259,0.21287859016006,2.33569267742505,0.0911415239759817,0.927380138564436,0.955816027416584,"","DESeq2"
"594","September - February","k__Bacteria|p__Pseudomonadota|c__Alphaproteobacteria|o__Rhodobacterales|f__Paracoccaceae|g__Palleronia-Pseudomaribius|s__|ASV_9024",5.06396013509268,5.22056867416481,2.94710975216464,1.77141983610564,0.0764909124175111,0.161122764515822,"","DESeq2"
"595","September - February","k__Bacteria|p__Pseudomonadota|c__Alphaproteobacteria|o__Rhodobacterales|f__Paracoccaceae|g__|s__|ASV_3187",1.36529597404328,-4.36144332175688,2.96401938449504,-1.47146248252351,0.141166086492788,NA,NA,"DESeq2"
"596","September - February","k__Bacteria|p__Myxococcota|c__Polyangiia|o__Polyangiales|f__Sandaracinaceae|g__|s__|ASV_15697",8.59882471735898,5.98434581892789,2.66303147787668,2.24719304621191,0.0246276924051861,0.0724590109765991,"","DESeq2"
"597","September - February","k__Bacteria|p__Pseudomonadota|c__Alphaproteobacteria|o__Rhodobacterales|f__Paracoccaceae|g__Palleronia-Pseudomaribius|s__|ASV_7175",4.83853798243912,5.15393299224011,2.94721619428562,1.74874615653684,0.0803349077165589,0.165190827555695,"","DESeq2"
"598","September - February","k__Bacteria|p__Pseudomonadota|c__Alphaproteobacteria|o__Rhodobacterales|f__Paracoccaceae|g__|s__|ASV_1077",10.1125833255822,-2.2762281750662,2.23866126501356,-1.01678097112759,0.309257636388028,0.43503805850164,"","DESeq2"
"599","September - February","k__Bacteria|p__Pseudomonadota|c__Alphaproteobacteria|o__Rhodobacterales|f__Paracoccaceae|g__|s__|ASV_8503",9.37806915420742,-3.22807049805182,2.62766630752367,-1.22849331698208,0.219261836612138,0.335685197141494,"","DESeq2"
"600","September - February","k__Bacteria|p__Pseudomonadota|c__Gammaproteobacteria|o__Pseudomonadales|f__Marinomonadaceae|g__Marinomonas|s__|ASV_3667",0,0,0,0,1,NA,NA,"DESeq2"
"601","September - February","k__Bacteria|p__Thermodesulfobacteriota|c__Desulfobacteria|o__Desulfobacterales|f__Desulfosarcinaceae|g__Sva0081_sediment_group|s__|ASV_12562",11.3559662911205,-1.89163380927019,1.8349341923563,-1.03090008194849,0.302587678186652,0.429683548994498,"","DESeq2"
"602","September - February","k__Bacteria|p__Bacteroidota|c__Bacteroidia|o__Flavobacteriales|f__Flavobacteriaceae|g__Marixanthomonas|s__|ASV_2225",19.5092621796123,-8.15742627103876,1.94640764059358,-4.19101636312476,2.7770762867263e-05,0.000527644494477997,"***","DESeq2"
"603","September - February","k__Bacteria|p__Bacteroidota|c__Bacteroidia|o__Flavobacteriales|f__Flavobacteriaceae|g__Robiginitalea|s__|ASV_13586",12.1517421929659,-7.48439312515244,2.56308930487788,-2.92006724498779,0.00349955863800418,0.0193823904168873,"*","DESeq2"
"604","September - February","k__Bacteria|p__Pseudomonadota|c__Gammaproteobacteria|o__Pseudomonadales|f__Marinomonadaceae|g__Marinomonas|s__|ASV_10996",4.75575920077642,2.44352735985624,2.45177247103117,0.996637081428903,0.318940700044523,0.445578919179848,"","DESeq2"
"605","September - February","k__Bacteria|p__Actinomycetota|c__Actinobacteria|o__Nitriliruptorales|f__Nitriliruptoraceae|g__|s__|ASV_954",9.04370168384233,6.05717963844995,2.6651184643982,2.27276187507774,0.0230405336747887,0.0684015843470291,"","DESeq2"
"606","September - February","k__Bacteria|p__Pseudomonadota|c__Alphaproteobacteria|o__Hyphomicrobiales|f__Rhizobiaceae|g__Pseudahrensia|s__|ASV_1482",5.34168394259423,5.30013248346975,2.22381399703003,2.38335242540439,0.0171557614668155,0.0563943716037188,"","DESeq2"
"607","September - February","k__Bacteria|p__Pseudomonadota|c__Alphaproteobacteria|o__Rhodobacterales|f__Paracoccaceae|g__|s__|ASV_12197",9.12639167530541,6.07005387637192,2.415821772772,2.51262487356711,0.0119836685498027,0.0427988162492953,"*","DESeq2"
"608","September - February","k__Bacteria|p__Pseudomonadota|c__Alphaproteobacteria|o__Rhodobacterales|f__Paracoccaceae|g__|s__|ASV_6342",5.70274710090111,-3.81871729647605,2.82968502929596,-1.34952026707586,0.177169915035008,0.293737206428023,"","DESeq2"
"609","September - February","k__Bacteria|p__Pseudomonadota|c__Alphaproteobacteria|o__|f__Neomegalonemataceae|g__Acuticoccus|s__|ASV_9384",7.35829495333703,1.6989915856827,2.06841730794608,0.821396910166929,0.411420222972609,0.536880785472498,"","DESeq2"
"610","September - February","k__Bacteria|p__Actinomycetota|c__Actinobacteria|o__Frankiales|f__Geodermatophilaceae|g__Geodermatophilus|s__|ASV_9635",8.04169496307318,5.0914585200082,1.92967611924406,2.6385041869113,0.0083272672082371,0.0329929212126886,"*","DESeq2"
"611","September - February","k__Bacteria|p__Chloroflexota|c__Anaerolineae|o__Aggregatilineales|f__A4b|g__|s__|ASV_6654",2.48211125102734,0.2631445568435,2.64060140467591,0.0996532670086177,0.920619603301241,NA,NA,"DESeq2"
"612","September - February","k__Bacteria|p__Pseudomonadota|c__Alphaproteobacteria|o__Rhodobacterales|f__Paracoccaceae|g__Silicimonas|s__|ASV_5396",19.4067266272984,-6.28043705963686,1.42257032599199,-4.41485172640401,1.01079247209915e-05,0.000234208011827852,"***","DESeq2"
"613","September - February","k__Archaea|p__Halobacteriota|c__Halobacteria|o__Halobacterales|f__Halomicrobiaceae|g__Halomarina|s__|ASV_13588",8.92701340424862,5.11579965027937,2.28854084756915,2.23539800729941,0.0253912308231945,0.07354167464035,"","DESeq2"
"614","September - February","k__Bacteria|p__Pseudomonadota|c__Alphaproteobacteria|o__Caulobacterales|f__Hyphomonadaceae|g__Henriciella|s__|ASV_1670",11.2857653186199,-0.92943121522018,1.71452367511325,-0.542092960692881,0.587754467784414,0.701465759290444,"","DESeq2"
"615","September - February","k__Bacteria|p__Pseudomonadota|c__Alphaproteobacteria|o__Rhodobacterales|f__Paracoccaceae|g__Palleronia-Pseudomaribius|s__|ASV_12419",6.90377675842717,1.84735081816043,1.89149631347451,0.976661072506672,0.328736973025547,0.455247994714678,"","DESeq2"
"616","September - February","k__Bacteria|p__Rhodothermota|c__Rhodothermia|o__Rhodothermales|f__Rhodothermaceae|g__|s__|ASV_1677",6.81190764203276,3.05721449688158,1.71699820280521,1.78055777337841,0.0749847232910525,0.159720823153587,"","DESeq2"
"617","September - February","k__Bacteria|p__Bacteroidota|c__Bacteroidia|o__Flavobacteriales|f__Flavobacteriaceae|g__Robiginitalea|s__|ASV_8414",16.232805158258,-7.40727670552559,2.18761469701286,-3.38600609862425,0.000709178075646551,0.00641637306537355,"**","DESeq2"
"618","September - February","k__Bacteria|p__Cyanobacteriota|c__Cyanobacteriia|o__Cyanobacteriales|f__Xenococcaceae|g__Pleurocapsa_PCC-7319|s__|ASV_7227",20.0863692651908,-8.20672757045292,2.33495132179984,-3.51473176071481,0.000440198378164919,0.00459547757424915,"**","DESeq2"
"619","September - February","k__Bacteria|p__Cyanobacteriota|c__Cyanobacteriia|o__Phormidesmiales|f__Phormidesmiaceae|g__Phormidesmis_ANT.LACV5.1|s__|ASV_5824",16.3424623396818,-6.77258425191385,2.44927657765213,-2.76513657694225,0.00568989673467331,0.0252588873735498,"*","DESeq2"
"620","September - February","k__Bacteria|p__Myxococcota|c__Polyangiia|o__Haliangiales|f__Haliangiaceae|g__|s__|ASV_3182",12.0652606542557,-4.76240245938907,2.30206651699029,-2.06875102184945,0.0385694566462363,0.098233200573524,"","DESeq2"
"621","September - February","k__Bacteria|p__Myxococcota|c__Polyangiia|o__Polyangiales|f__Sandaracinaceae|g__|s__|ASV_1122",1.44859957565298,-4.44257673438854,2.96323022902575,-1.49923441346951,0.133812830285145,NA,NA,"DESeq2"
"622","September - February","k__Bacteria|p__Planctomycetota|c__Planctomycetes|o__Planctomycetales|f__Gimesiaceae|g__|s__|ASV_9951",15.9458341622691,-3.71328716671889,1.75565071602773,-2.11504892904919,0.0344257773163787,0.0905941508325756,"","DESeq2"
"623","September - February","k__Bacteria|p__Pseudomonadota|c__Alphaproteobacteria|o__Sphingomonadales|f__Sphingomonadaceae|g__Aurantiacibacter|s__|ASV_12729",7.04775566241828,-0.434004500975868,2.10806570048418,-0.205878071483344,0.836886154936393,0.893305446280419,"","DESeq2"
"624","September - February","k__Bacteria|p__Pseudomonadota|c__Alphaproteobacteria|o__Sphingomonadales|f__Sphingomonadaceae|g__|s__|ASV_3683",7.56440825748468,1.67209000324764,1.7860924823183,0.936172129831324,0.349184570234691,0.470684762111742,"","DESeq2"
"625","September - February","k__Bacteria|p__Cyanobacteriota|c__Cyanobacteriia|o__Cyanobacteriales|f__Nostocaceae|g__Rivularia_PCC-7116|s__|ASV_10615",3.35999196724696,-3.91153285216053,2.9437511081153,-1.32875800585765,0.183927820882891,NA,NA,"DESeq2"
"626","September - February","k__Bacteria|p__Myxococcota|c__Polyangiia|o__Polyangiales|f__Sandaracinaceae|g__|s__|ASV_1071",11.4225959816935,0.0297347306996838,2.02605201263999,0.0146761931649222,0.988290512416206,0.995312647934842,"","DESeq2"
"627","September - February","k__Bacteria|p__Acidobacteriota|c__Thermoanaerobaculia|o__Thermoanaerobaculales|f__Thermoanaerobaculaceae|g__Subgroup_10|s__|ASV_12805",7.6119828117665,0.0177793141051216,1.68228609014392,0.0105685437270664,0.991567679103735,0.995312647934842,"","DESeq2"
"628","September - February","k__Bacteria|p__Bacteroidota|c__Bacteroidia|o__Chitinophagales|f__Saprospiraceae|g__|s__|ASV_5174",1.9050566151948,-4.82970970270808,2.95918417493613,-1.63210851950853,0.102656627346481,NA,NA,"DESeq2"
"629","September - February","k__Bacteria|p__Cyanobacteriota|c__Cyanobacteriia|o__Cyanobacteriales|f__Xenococcaceae|g__Chroococcidiopsis_PCC-6712|s__|ASV_1997",9.14256575570914,-5.5266435320688,2.30515552233021,-2.39751438830561,0.0165067326705627,0.0554112934170834,"","DESeq2"
"630","September - February","k__Bacteria|p__Bacteroidota|c__Bacteroidia|o__Chitinophagales|f__Saprospiraceae|g__Lewinella|s__|ASV_9304",0.900623230452918,2.73194740455611,2.9574643595108,0.923746518117975,0.355618306317575,NA,NA,"DESeq2"
"631","September - February","k__Bacteria|p__Cyanobacteriota|c__Cyanobacteriia|o__Phormidesmiales|f__Phormidesmiaceae|g__Phormidium_MBIC10003|s__|ASV_546",16.9615981456625,-5.62695685011533,1.97532377865649,-2.84862507651404,0.00439085903721888,0.0215016293059687,"*","DESeq2"
"632","September - February","k__Bacteria|p__Actinomycetota|c__Actinobacteria|o__Propionibacteriales|f__Nocardioidaceae|g__Nocardioides|s__|ASV_13377",8.03627288430399,2.67379840104655,2.06329126355842,1.29588994451284,0.195013404054576,0.312416077321834,"","DESeq2"
"633","September - February","k__Bacteria|p__Bacteroidota|c__Bacteroidia|o__Cytophagales|f__Cyclobacteriaceae|g__Marivirga|s__|ASV_7231",6.12493608329888,2.0374033148445,2.06332629420847,0.987436316089833,0.32342878840045,0.449733759657428,"","DESeq2"
"634","September - February","k__Bacteria|p__Bacteroidota|c__Bacteroidia|o__Flavobacteriales|f__Cryomorphaceae|g__Owenweeksia|s__|ASV_3656",4.91087231575004,-0.953307449469736,2.30657133484324,-0.413300657590339,0.679386348137647,0.783273095547045,"","DESeq2"
"635","September - February","k__Bacteria|p__Pseudomonadota|c__Gammaproteobacteria|o__Pseudomonadales|f__Cellvibrionaceae|g__|s__|ASV_10185",7.49726064544512,5.78680095867084,2.20938421150298,2.61919177685001,0.00881383820330984,0.0340371800534323,"*","DESeq2"
"636","September - February","k__Bacteria|p__Pseudomonadota|c__Alphaproteobacteria|o__Rhodobacterales|f__Paracoccaceae|g__Limibaculum|s__|ASV_10764",11.9563430793181,-2.60001433308094,2.26070654524826,-1.15008926680283,0.250107106616861,0.371833726582187,"","DESeq2"
"637","September - February","k__Bacteria|p__Pseudomonadota|c__Gammaproteobacteria|o__Enterobacterales|f__Alteromonadaceae|g__Aestuariibacter|s__|ASV_12294",2.36142966272367,-5.12826569166727,2.95654077329329,-1.73454928746168,0.0828206685468677,NA,NA,"DESeq2"
"638","September - February","k__Bacteria|p__Actinomycetota|c__Actinobacteria|o__Euzebyales|f__Euzebyaceae|g__|s__|ASV_3446",9.25804432686358,6.09064701467606,2.67280692689217,2.27874559639742,0.0226821925852984,0.0678556928103697,"","DESeq2"
"639","September - February","k__Bacteria|p__Bacteroidota|c__Bacteroidia|o__Cytophagales|f__Cyclobacteriaceae|g__Tunicatimonas|s__|ASV_11136",8.81390790642562,2.62541076354118,2.23261098395075,1.17593740352175,0.239619890828404,0.360586784018438,"","DESeq2"
"640","September - February","k__Bacteria|p__Pseudomonadota|c__Alphaproteobacteria|o__Hyphomicrobiales|f__Rhizobiaceae|g__|s__|ASV_4397",7.17747938802112,5.72371134871825,1.99112869828864,2.87460642480707,0.00404531411305756,0.0208637697744601,"*","DESeq2"
"641","September - February","k__Bacteria|p__Actinomycetota|c__Actinobacteria|o__Nitriliruptorales|f__Nitriliruptoraceae|g__|s__|ASV_7640",8.67669161424933,-0.416249133378262,1.98038257191107,-0.210186223249068,0.833522331657171,0.890715652502039,"","DESeq2"
"642","September - February","k__Bacteria|p__Pseudomonadota|c__Alphaproteobacteria|o__|f__Neomegalonemataceae|g__Acuticoccus|s__|ASV_9958",6.08627287732851,2.6523414797572,2.64299618811608,1.00353587026843,0.315602378884899,0.442215722626333,"","DESeq2"
"643","September - February","k__Bacteria|p__Cyanobacteriota|c__Cyanobacteriia|o__Cyanobacteriales|f__Paraspirulinaceae|g__ESFC-1|s__|ASV_1387",0.360249292181167,1.41239436682147,2.9761541092862,0.474570306159387,0.635093275155023,NA,NA,"DESeq2"
"644","September - February","k__Bacteria|p__Pseudomonadota|c__Gammaproteobacteria|o__Enterobacterales|f__Vibrionaceae|g__Vibrio|s__|ASV_2958",8.92510405885582,-0.858849961335152,2.47890435242047,-0.346463533575447,0.728994385108005,0.823153301910975,"","DESeq2"
"645","September - February","k__Bacteria|p__Pseudomonadota|c__Alphaproteobacteria|o__Caulobacterales|f__Hyphomonadaceae|g__|s__|ASV_13826",4.97495478713879,-6.20081467911516,2.68052063062992,-2.31328742941179,0.0207068413675037,0.0649224399311171,"","DESeq2"
"646","September - February","k__Bacteria|p__Pseudomonadota|c__Alphaproteobacteria|o__Hyphomicrobiales|f__Rhizobiaceae|g__Pseudahrensia|s__|ASV_13404",9.93348238641511,-1.29933790316103,1.95758218014783,-0.663746286790834,0.506852708970678,0.629424932708685,"","DESeq2"
"647","September - February","k__Bacteria|p__Bacteroidota|c__Bacteroidia|o__Cytophagales|f__Cyclobacteriaceae|g__Tunicatimonas|s__|ASV_2268",19.1301481160462,-8.13673764361317,2.56190035762125,-3.17605546968587,0.00149292401727433,0.0115280653822312,"*","DESeq2"
"648","September - February","k__Bacteria|p__Bacteroidota|c__Bacteroidia|o__Cytophagales|f__Cyclobacteriaceae|g__|s__|ASV_2729",6.4912796456747,0.41523118439571,1.96397448288853,0.21142392022579,0.832556492948413,0.890685437275892,"","DESeq2"
"649","September - February","k__Bacteria|p__Pseudomonadota|c__Alphaproteobacteria|o__Rhodobacterales|f__Paracoccaceae|g__|s__|ASV_10218",8.05974711699781,5.89075818179508,2.42003291536954,2.43416448775679,0.0149262104119809,0.0511909743371188,"","DESeq2"
"650","September - February","k__Bacteria|p__Actinomycetota|c__Actinobacteria|o__Propionibacteriales|f__Propionibacteriaceae|g__|s__|ASV_8927",4.98829444097801,0.640038784062058,2.28696737032606,0.27986353997294,0.779582200738235,0.859168318679029,"","DESeq2"
"651","September - February","k__Bacteria|p__Cyanobacteriota|c__Cyanobacteriia|o__Cyanobacteriales|f__Xenococcaceae|g__Pleurocapsa_PCC-7319|s__|ASV_6643",2.51663370489832,1.54507565560566,2.63560950377559,0.586230871224394,0.557720378698509,NA,NA,"DESeq2"
"652","September - February","k__Bacteria|p__Pseudomonadota|c__Alphaproteobacteria|o__Sphingomonadales|f__Sphingomonadaceae|g__Sphingomicrobium|s__|ASV_14557",8.70096429777382,-2.0865816199382,2.23934055923319,-0.931783962620093,0.351448184340071,0.472911862780549,"","DESeq2"
"653","September - February","k__Bacteria|p__Pseudomonadota|c__Gammaproteobacteria|o__Beggiatoales|f__Leucotrichaceae|g__|s__|ASV_713",9.35021626468184,-1.93518848121988,2.26509858477936,-0.854350664568703,0.392910722867318,0.519056611982049,"","DESeq2"
"654","September - February","k__Bacteria|p__Actinomycetota|c__Acidimicrobiia|o__Microtrichales|f__Ilumatobacteraceae|g__Ilumatobacter|s__|ASV_9295",11.8768115016344,-3.47910655574706,2.38162346157052,-1.46081301762657,0.144066762381425,0.252515542919471,"","DESeq2"
"655","September - February","k__Bacteria|p__Pseudomonadota|c__Alphaproteobacteria|o__Rhodobacterales|f__Paracoccaceae|g__Palleronia-Pseudomaribius|s__|ASV_10722",8.10339137578804,2.35296511372115,2.23904533613686,1.05087872752985,0.293314291596743,0.419651471411003,"","DESeq2"
"656","September - February","k__Bacteria|p__Rhodothermota|c__Rhodothermia|o__Rhodothermales|f__Rhodothermaceae|g__|s__|ASV_10153",13.7710772912759,-2.46257016975818,1.95541107805699,-1.25936187914264,0.207899651997412,0.326994485757518,"","DESeq2"
"657","September - February","k__Bacteria|p__Bacteroidota|c__Bacteroidia|o__Cytophagales|f__Cyclobacteriaceae|g__Fulvivirga|s__|ASV_15281",2.39283595769225,-0.793349186368872,2.89637092269436,-0.27391145938962,0.784152664946069,NA,NA,"DESeq2"
"658","September - February","k__Bacteria|p__Cyanobacteriota|c__Cyanobacteriia|o__Cyanobacteriales|f__Microcystaceae|g__Synechocystis_BDHKU-20401|s__|ASV_1439",1.1976780042082,-0.693635434613691,2.93885750526423,-0.23602213900171,0.813415490982757,NA,NA,"DESeq2"
"659","September - February","k__Bacteria|p__Pseudomonadota|c__Alphaproteobacteria|o__Caulobacterales|f__Hyphomonadaceae|g__Henriciella|s__|ASV_13571",14.8054604888602,-4.59116005004905,2.34443778049529,-1.95832027970438,0.0501924426214855,0.116016594867181,"","DESeq2"
"660","September - February","k__Bacteria|p__Pseudomonadota|c__Alphaproteobacteria|o__Rhodobacterales|f__Paracoccaceae|g__|s__|ASV_13876",12.4999237797958,-3.42671812382709,2.21577957389831,-1.54650677540019,0.121982225038332,0.226334206614093,"","DESeq2"
"661","September - February","k__Bacteria|p__Rhodothermota|c__Rhodothermia|o__Rhodothermales|f__Rhodothermaceae|g__|s__|ASV_12226",3.97364283294539,-5.87712456137523,2.95184718088628,-1.99099892414168,0.046481005527007,0.110103987497054,"","DESeq2"
"662","September - February","k__Bacteria|p__Actinomycetota|c__Actinobacteria|o__Propionibacteriales|f__Nocardioidaceae|g__Nocardioides|s__|ASV_15978",6.66004977854136,0.0813897285190145,1.95375828358052,0.0416580337511644,0.966771309113872,0.98123156373737,"","DESeq2"
"663","September - February","k__Bacteria|p__Bacteroidota|c__Bacteroidia|o__Flavobacteriales|f__Cryomorphaceae|g__Vicingus|s__|ASV_5876",2.95476143011117,-0.903846927000189,1.97865288438273,-0.45679913547957,0.647815427232579,NA,NA,"DESeq2"
"664","September - February","k__Bacteria|p__Gemmatimonadota|c__Longimicrobiia|o__Longimicrobiales|f__Longimicrobiaceae|g__|s__|ASV_9886",7.12237197948734,0.275411711083475,1.15877127494498,0.237675645779665,0.812132674300266,0.878199473130798,"","DESeq2"
"665","September - February","k__Bacteria|p__Pseudomonadota|c__Gammaproteobacteria|o__Enterobacterales|f__Alteromonadaceae|g__Alteromonas|s__|ASV_3135",20.1961291079949,-8.21445303989453,2.33542460065697,-3.51732744340526,0.000435915674121052,0.00459547757424915,"**","DESeq2"
"666","September - February","k__Bacteria|p__Cyanobacteriota|c__Cyanobacteriia|o__Phormidesmiales|f__Nodosilineaceae|g__|s__|ASV_398",14.0102615483297,-3.71713678688614,2.59008175226719,-1.43514264892697,0.151246452413905,0.262197317140894,"","DESeq2"
"667","September - February","k__Bacteria|p__Bacteroidota|c__Bacteroidia|o__Cytophagales|f__Cyclobacteriaceae|g__Marinoscillum|s__|ASV_7402",7.58411441685158,0.489060988529621,1.46804109980488,0.3331384854243,0.739029749804214,0.828899955506498,"","DESeq2"
"668","September - February","k__Bacteria|p__Deinococcota|c__Deinococci|o__Deinococcales|f__Trueperaceae|g__Truepera|s__|ASV_2935",3.630590295219,-0.0324753659341702,2.16086592875931,-0.0150288666695839,0.988009150708867,NA,NA,"DESeq2"
"669","September - February","k__Bacteria|p__Pseudomonadota|c__Gammaproteobacteria|o__Enterobacterales|f__Alteromonadaceae|g__Alteromonas|s__|ASV_1591",0.900436323409103,2.73684429941263,2.9574217941159,0.925415611955612,0.354749761052031,NA,NA,"DESeq2"
"670","September - February","k__Bacteria|p__Pseudomonadota|c__Gammaproteobacteria|o__Enterobacterales|f__Vibrionaceae|g__Vibrio|s__|ASV_881",0.575498987137932,-3.27054645861605,2.97716455591329,-1.09854406674298,0.271966986368345,NA,NA,"DESeq2"
"671","September - February","k__Bacteria|p__Acidobacteriota|c__Thermoanaerobaculia|o__Thermoanaerobaculales|f__Thermoanaerobaculaceae|g__Subgroup_10|s__|ASV_11693",7.43273098050934,-3.083084729834,2.38243153530555,-1.2940916387923,0.19563376929224,0.312882290955603,"","DESeq2"
"672","September - February","k__Bacteria|p__Actinomycetota|c__Actinobacteria|o__Propionibacteriales|f__Nocardioidaceae|g__Nocardioides|s__|ASV_1358",5.67268678984156,5.38569437585846,2.4743336946838,2.176624109929,0.0295086247739687,0.0817294272165315,"","DESeq2"
"673","September - February","k__Bacteria|p__Planctomycetota|c__Planctomycetes|o__Planctomycetales|f__Gimesiaceae|g__|s__|ASV_10539",13.220928207298,-5.42819706250872,1.7737919665678,-3.06022192276134,0.00221173040301621,0.0146438450702451,"*","DESeq2"
"674","September - February","k__Bacteria|p__Bacteroidota|c__Bacteroidia|o__Flavobacteriales|f__Cryomorphaceae|g__|s__|ASV_996",13.7526104919473,-7.65959160752803,1.45419461171845,-5.26723971179934,1.38490318436959e-07,4.42778596336897e-06,"***","DESeq2"
"675","September - February","k__Bacteria|p__Bacteroidota|c__Bacteroidia|o__Cytophagales|f__Flammeovirgaceae|g__|s__|ASV_9450",3.79255461235907,-2.1726713346936,2.49240808517501,-0.871715730508493,0.383363476497783,NA,NA,"DESeq2"
"676","September - February","k__Bacteria|p__Bdellovibrionota|c__Oligoflexia|o__Oligoflexales|f__Oligoflexaceae|g__|s__|ASV_2184",7.87895017881927,0.285393330271528,1.96797077462495,0.145019089689437,0.884695799723614,0.925617852133737,"","DESeq2"
"677","September - February","k__Bacteria|p__Pseudomonadota|c__Gammaproteobacteria|o__Enterobacterales|f__Vibrionaceae|g__Vibrio|s__|ASV_1505",8.46011685352086,1.16475488585282,2.47365594414521,0.470863738592923,0.637738044283127,0.744143191832625,"","DESeq2"
"678","September - February","k__Bacteria|p__Pseudomonadota|c__Gammaproteobacteria|o__Pseudomonadales|f__Halomonadaceae|g__Halomonas|s__|ASV_7291",8.09891380393295,5.89758305301822,2.43323781210295,2.42375941376695,0.0153607780152977,0.0521169254090458,"","DESeq2"
"679","September - February","k__Bacteria|p__Acidobacteriota|c__Thermoanaerobaculia|o__Thermoanaerobaculales|f__Thermoanaerobaculaceae|g__Subgroup_10|s__|ASV_11724",2.58874798132358,-5.26217989129366,2.95551746546602,-1.78045975122124,0.0750007506383385,NA,NA,"DESeq2"
"680","September - February","k__Bacteria|p__Actinomycetota|c__Actinobacteria|o__Euzebyales|f__Euzebyaceae|g__|s__|ASV_3368",2.516972654533,3.00521055980525,2.94326094621063,1.02104795148197,0.307231720807899,NA,NA,"DESeq2"
"681","September - February","k__Bacteria|p__Bacteroidota|c__Bacteroidia|o__Flavobacteriales|f__Cryomorphaceae|g__Vicingus|s__|ASV_8806",5.71639360091371,1.67000116026816,2.06098681621421,0.810292015033725,0.417772363516572,0.542932620165176,"","DESeq2"
"682","September - February","k__Bacteria|p__Bacteroidota|c__Bacteroidia|o__Flavobacteriales|f__Flavobacteriaceae|g__Maritimimonas|s__|ASV_8338",1.98359637690373,-4.884813586234,2.95865547542761,-1.65102480731658,0.0987335095310485,NA,NA,"DESeq2"
"683","September - February","k__Bacteria|p__Pseudomonadota|c__Alphaproteobacteria|o__Sphingomonadales|f__Sphingomonadaceae|g__Parasphingopyxis|s__|ASV_8232",6.41025666101744,0.192832483673786,1.66745435586638,0.115644834891804,0.907934028158719,0.943695105854248,"","DESeq2"
"684","September - February","k__Bacteria|p__Bacteroidota|c__Bacteroidia|o__Flavobacteriales|f__Flavobacteriaceae|g__|s__|ASV_13178",5.03635007473927,-3.88322123113909,2.92722461633428,-1.32658806210846,0.184644986986558,0.303542191369401,"","DESeq2"
"685","September - February","k__Bacteria|p__Bacteroidota|c__Bacteroidia|o__Cytophagales|f__Cyclobacteriaceae|g__Tunicatimonas|s__|ASV_15859",5.28545992509678,-6.28560366133453,2.95013402919178,-2.13061630391638,0.0331207652800329,0.0878902989274616,"","DESeq2"
"686","September - February","k__Bacteria|p__Planctomycetota|c__Planctomycetes|o__Pirellulales|f__Pirellulaceae|g__Pir4_lineage|s__|ASV_11433",16.2567291727328,-3.68600223187556,1.91626057906142,-1.92353914292855,0.0544123755597115,0.124259030725303,"","DESeq2"
"687","September - February","k__Bacteria|p__Pseudomonadota|c__Alphaproteobacteria|o__Hyphomicrobiales|f__Rhizobiaceae|g__Pseudahrensia|s__|ASV_14095",4.90511801357324,5.17663309777626,2.48753204067361,2.08103172668058,0.0374310021620036,0.096106627172712,"","DESeq2"
"688","September - February","k__Bacteria|p__Bacteroidota|c__Bacteroidia|o__Chitinophagales|f__Saprospiraceae|g__|s__|ASV_71",13.646793527054,-5.30397767965773,2.30408852630921,-2.3019851967901,0.021336007003009,0.065809112509281,"","DESeq2"
"689","September - February","k__Bacteria|p__Cyanobacteriota|c__Cyanobacteriia|o__Cyanobacteriales|f__Microcystaceae|g__UCYN-C|s__|ASV_7308",14.8162487877653,-3.99019151272964,1.90165912799215,-2.09826853508844,0.0358814304007166,0.0936465903315405,"","DESeq2"
"690","September - February","k__Bacteria|p__Planctomycetota|c__Planctomycetes|o__Pirellulales|f__Pirellulaceae|g__Pir4_lineage|s__|ASV_6009",6.67030535168695,-1.22207228606894,2.08003246805269,-0.587525581854513,0.556850774579303,0.6773472930222,"","DESeq2"
"691","September - February","k__Bacteria|p__Pseudomonadota|c__Alphaproteobacteria|o__Sphingomonadales|f__Sphingomonadaceae|g__|s__|ASV_6859",5.30629722132281,2.650775657906,1.85191760126941,1.43136803499735,0.152324764508006,0.263585658073962,"","DESeq2"
"692","September - February","k__Bacteria|p__Pseudomonadota|c__Gammaproteobacteria|o__Steroidobacterales|f__Woeseiaceae|g__Woeseia|s__|ASV_4265",3.91790782131576,-3.92680060721956,2.93902901621362,-1.33608773018461,0.181520599956122,0.29938293395541,"","DESeq2"
"693","September - February","k__Bacteria|p__Bacteroidota|c__Bacteroidia|o__Chitinophagales|f__Saprospiraceae|g__|s__|ASV_495",2.99679403807165,-0.118414359789886,2.0084061819409,-0.058959368306391,0.952984471176299,NA,NA,"DESeq2"
"694","September - February","k__Bacteria|p__Pseudomonadota|c__Alphaproteobacteria|o__Rhodobacterales|f__Paracoccaceae|g__Allosediminivita|s__|ASV_14720",7.4582850255482,1.70518059467081,2.46583184656746,0.691523469876704,0.489236636777581,0.610742187830094,"","DESeq2"
"695","September - February","k__Bacteria|p__Actinomycetota|c__Actinobacteria|o__Mycobacteriales|f__Mycobacteriaceae|g__Mycobacterium|s__|ASV_8131",7.27230466668171,0.448909716977661,2.11492911516126,0.212257571073928,0.831906094588661,0.890685437275892,"","DESeq2"
"696","September - February","k__Bacteria|p__Planctomycetota|c__Planctomycetes|o__Pirellulales|f__Pirellulaceae|g__|s__|ASV_9760",12.466260401416,-6.1796809055467,2.07169333801911,-2.9829129592392,0.00285519180160666,0.0169304393644257,"*","DESeq2"
"697","September - February","k__Bacteria|p__Pseudomonadota|c__Alphaproteobacteria|o__Caulobacterales|f__Hyphomonadaceae|g__Algimonas|s__|ASV_7416",15.3392966549259,-7.8173790405153,2.14049622418942,-3.65213400153305,0.000260070107352185,0.00314578676139466,"**","DESeq2"
"698","September - February","k__Bacteria|p__Rhodothermota|c__Rhodothermia|o__Rhodothermales|f__Rhodothermaceae|g__|s__|ASV_3086",6.61190980515905,5.60568550604088,2.70644598274404,2.0712349486308,0.0383368450767085,0.0981671235117873,"","DESeq2"
"699","September - February","k__Bacteria|p__Verrucomicrobiota|c__Verrucomicrobiia|o__Verrucomicrobiales|f__DEV007|g__|s__|ASV_5482",10.8186932474204,-7.31672178074889,2.31737560398348,-3.15733097740898,0.00159220511864709,0.0120100143700457,"*","DESeq2"
"700","September - February","k__Bacteria|p__Bacteroidota|c__Bacteroidia|o__Chitinophagales|f__Saprospiraceae|g__Lewinella|s__|ASV_8923",14.1358932140552,-6.19021901553102,2.45901642283608,-2.5173557028918,0.0118239391172389,0.0425482657627916,"*","DESeq2"
"701","September - February","k__Bacteria|p__Bacteroidota|c__Bacteroidia|o__Cytophagales|f__Cyclobacteriaceae|g__Fulvivirga|s__|ASV_9806",0.473202455667138,-3.06338621907437,2.97997555814442,-1.02799038425063,0.303954350909452,NA,NA,"DESeq2"
"702","September - February","k__Bacteria|p__Pseudomonadota|c__Alphaproteobacteria|o__Rhodobacterales|f__Paracoccaceae|g__Limibaculum|s__|ASV_7044",7.41895535587179,-0.699267029675026,1.97367041090224,-0.354297772217887,0.72311573712727,0.817809464608222,"","DESeq2"
"703","September - February","k__Bacteria|p__Pseudomonadota|c__Alphaproteobacteria|o__Rhodobacterales|f__Paracoccaceae|g__|s__|ASV_11336",12.1671859866086,-4.10476454017586,2.17702458659205,-1.88549296386291,0.059363313509908,0.133321862492701,"","DESeq2"
"704","September - February","k__Bacteria|p__Pseudomonadota|c__Alphaproteobacteria|o__Sphingomonadales|f__Sphingomonadaceae|g__|s__|ASV_13125",7.69998275113442,5.82437229140266,2.21466688195141,2.62990896683776,0.00854077350099891,0.0333898552508188,"*","DESeq2"
"705","September - February","k__Bacteria|p__Rhodothermota|c__Rhodothermia|o__Rhodothermales|f__Rhodothermaceae|g__Rubrivirga|s__|ASV_3264",5.75955591728389,5.40670757948129,1.51302480440421,3.57344279072166,0.000352318245292441,0.00384715325319332,"**","DESeq2"
"706","September - February","k__Bacteria|p__Rhodothermota|c__Rhodothermia|o__Rhodothermales|f__Rhodothermaceae|g__|s__|ASV_11919",5.28236303345977,2.84416373744211,2.2021351138168,1.29154824315595,0.196513637788587,0.313761270418752,"","DESeq2"
"707","September - February","k__Bacteria|p__Bacteroidota|c__Bacteroidia|o__Chitinophagales|f__Saprospiraceae|g__Lewinella|s__|ASV_474",5.78200627601225,2.55497440688634,2.43359628754292,1.04987602913628,0.293775113836535,0.419678734052192,"","DESeq2"
"708","September - February","k__Bacteria|p__Pseudomonadota|c__Alphaproteobacteria|o__Rhodobacterales|f__Paracoccaceae|g__Jannaschia|s__|ASV_6611",2.68384452652617,4.30370806948271,2.94910816364559,1.45932527078376,0.144475603193276,NA,NA,"DESeq2"
"709","September - February","k__Bacteria|p__Pseudomonadota|c__Gammaproteobacteria|o__Steroidobacterales|f__Woeseiaceae|g__Woeseia|s__|ASV_11577",12.3002593697579,-3.39102626668695,1.88825803552923,-1.7958489797908,0.0725185385462461,0.155513795979535,"","DESeq2"
"710","September - February","k__Bacteria|p__Rhodothermota|c__Rhodothermia|o__Rhodothermales|f__Rhodothermaceae|g__Rubrivirga|s__|ASV_7459",5.92893002523167,1.50578427002111,2.68618062401131,0.560567020907367,0.575092738931541,0.693322464447924,"","DESeq2"
"711","September - February","k__Bacteria|p__Rhodothermota|c__Rhodothermia|o__Rhodothermales|f__Rhodothermaceae|g__|s__|ASV_9662",6.02825046607861,-6.47527077580058,2.94948745546594,-2.19538847802208,0.0281357429110731,0.0788464771844231,"","DESeq2"
"712","September - February","k__Bacteria|p__Bacteroidota|c__Bacteroidia|o__Cytophagales|f__Cyclobacteriaceae|g__Tunicatimonas|s__|ASV_2526",4.02818454433509,-2.14441089563196,2.90973680274109,-0.736977617223603,0.461135960989943,0.580914139376899,"","DESeq2"
"713","September - February","k__Bacteria|p__Planctomycetota|c__Planctomycetes|o__Pirellulales|f__Pirellulaceae|g__Rhodopirellula|s__|ASV_3665",13.7251970340818,-5.83733671285152,2.46983612454375,-2.36345102205105,0.018105619713751,0.0591076932235857,"","DESeq2"
"714","September - February","k__Bacteria|p__Pseudomonadota|c__Alphaproteobacteria|o__Rhodobacterales|f__Paracoccaceae|g__Pikeienuella|s__|ASV_7133",6.0823623593322,0.4622404487934,1.93726389093882,0.238604792540366,0.811412048548063,0.878199473130798,"","DESeq2"
"715","September - February","k__Bacteria|p__Spirochaetota|c__Spirochaetia|o__Spirochaetales|f__Spirochaetaceae|g__|s__|ASV_8996",7.73037723246181,2.45046271743798,2.24702804827658,1.09053499324026,0.275477547432531,0.402621030862929,"","DESeq2"
"716","September - February","k__Bacteria|p__Pseudomonadota|c__Alphaproteobacteria|o__Rhodobacterales|f__Paracoccaceae|g__Palleronia-Pseudomaribius|s__|ASV_6542",1.79815499968952,3.72910934441888,2.95118448752236,1.26359750133738,0.20637453089313,NA,NA,"DESeq2"
"717","September - February","k__Bacteria|p__Pseudomonadota|c__Gammaproteobacteria|o__Pseudomonadales|f__Alcanivoracaceae|g__Ketobacter|s__|ASV_11640",4.27824739451072,-0.711027606316566,2.55629974756449,-0.27814719576372,0.780899367590091,0.859622710556879,"","DESeq2"
"718","September - February","k__Bacteria|p__Pseudomonadota|c__Gammaproteobacteria|o__Steroidobacterales|f__Woeseiaceae|g__Woeseia|s__|ASV_55",3.97184681592996,-5.87639752054126,2.95185067616336,-1.99075026660192,0.0465083494534205,0.110103987497054,"","DESeq2"
"719","September - February","k__Bacteria|p__Rhodothermota|c__Rhodothermia|o__Rhodothermales|f__Rhodothermaceae|g__|s__|ASV_2058",1.20083097393722,3.14655870238849,2.95432389629728,1.06506896766876,0.28684472104272,NA,NA,"DESeq2"
"720","September - February","k__Bacteria|p__Thermodesulfobacteriota|c__Desulfobulbia|o__Desulfobulbales|f__Desulfocapsaceae|g__|s__|ASV_8870",8.14932651572637,-2.60464525260608,2.22497355687895,-1.17064099236294,0.241743112874325,0.362233371026197,"","DESeq2"
"721","September - February","k__Bacteria|p__Acidobacteriota|c__Thermoanaerobaculia|o__Thermoanaerobaculales|f__Thermoanaerobaculaceae|g__Subgroup_10|s__|ASV_5785",0.994043705056428,-3.93335572484495,2.96898010278321,-1.32481713877358,0.18523180890708,NA,NA,"DESeq2"
"722","September - February","k__Bacteria|p__Pseudomonadota|c__Alphaproteobacteria|o__Rhodobacterales|f__Paracoccaceae|g__|s__|ASV_5674",15.4433523708084,-7.82800992888001,2.56313151031594,-3.05408048606725,0.00225751505857187,0.0146438450702451,"*","DESeq2"
"723","September - February","k__Bacteria|p__Pseudomonadota|c__Gammaproteobacteria|o__Pseudomonadales|f__Pseudohongiellaceae|g__Pseudohongiella|s__|ASV_15449",12.514636600551,-1.67674850209935,1.99249640418755,-0.841531507196395,0.400050241834293,0.52711196912979,"","DESeq2"
"724","September - February","k__Bacteria|p__Actinomycetota|c__Acidimicrobiia|o__Microtrichales|f__Microtrichaceae|g__|s__|ASV_11603",5.41150574413063,-1.75871643981454,2.90159332050711,-0.606120929278665,0.544434453995042,0.664020508088723,"","DESeq2"
"725","September - February","k__Bacteria|p__Pseudomonadota|c__Alphaproteobacteria|o__Rhodobacterales|f__Paracoccaceae|g__Defluviimonas|s__|ASV_15547",3.16721523567858,-5.55407043030104,2.95358406607773,-1.8804511082282,0.0600466237405709,NA,NA,"DESeq2"
"726","September - February","k__Bacteria|p__Actinomycetota|c__Acidimicrobiia|o__Microtrichales|f__Microtrichaceae|g__|s__|ASV_12371",5.73087965630017,-6.39573799430957,2.94974838844886,-2.16823171066221,0.0301410612459302,0.0825187555724314,"","DESeq2"
"727","September - February","k__Bacteria|p__Actinomycetota|c__Actinobacteria|o__Euzebyales|f__Euzebyaceae|g__|s__|ASV_15196",2.17713531816673,4.00519637251337,2.95008401753563,1.35765501887609,0.17457317605744,NA,NA,"DESeq2"
"728","September - February","k__Bacteria|p__Actinomycetota|c__Actinobacteria|o__Nitriliruptorales|f__Nitriliruptoraceae|g__|s__|ASV_2609",8.78993820083583,-3.41303462597872,2.62728721202917,-1.29907176130267,0.193919303072582,0.31171461576811,"","DESeq2"
"729","September - February","k__Bacteria|p__Pseudomonadota|c__Alphaproteobacteria|o__Rhodobacterales|f__Paracoccaceae|g__Actibacterium|s__|ASV_9225",3.41788059800673,4.65524614976586,2.86250863824281,1.62628195687247,0.103889688293088,NA,NA,"DESeq2"
"730","September - February","k__Bacteria|p__Pseudomonadota|c__Alphaproteobacteria|o__Rhodobacterales|f__Paracoccaceae|g__Jannaschia|s__|ASV_5258",2.50875367842996,-3.66907559588218,2.95027524086022,-1.24363840534837,0.213632674729877,NA,NA,"DESeq2"
"731","September - February","k__Bacteria|p__Verrucomicrobiota|c__Verrucomicrobiia|o__Opitutales|f__Puniceicoccaceae|g__Verruc-01|s__|ASV_3940",11.9475271552802,-3.09181532421927,2.22772308237223,-1.38788135234784,0.165173177051369,0.279705023527274,"","DESeq2"
"732","September - February","k__Bacteria|p__Pseudomonadota|c__Alphaproteobacteria|o__Rhodobacterales|f__Paracoccaceae|g__|s__|ASV_12109",13.8446095420625,-7.67022911727693,2.55778105959049,-2.99878251444436,0.00271060721505733,0.0164402732367822,"*","DESeq2"
"733","September - February","k__Bacteria|p__Pseudomonadota|c__Alphaproteobacteria|o__Sphingomonadales|f__Sphingomonadaceae|g__|s__|ASV_15119",0.84366792958627,-3.73354343124935,2.97183135144002,-1.25631066831576,0.20900335548498,NA,NA,"DESeq2"
"734","September - February","k__Bacteria|p__Pseudomonadota|c__Gammaproteobacteria|o__Arenicellales|f__Arenicellaceae|g__|s__|ASV_6615",5.12058660479208,1.37437915346656,2.5199054499352,0.545409016636676,0.585472240457671,0.699873933107143,"","DESeq2"
"735","September - February","k__Bacteria|p__Pseudomonadota|c__Alphaproteobacteria|o__Rhodobacterales|f__Paracoccaceae|g__Limibaculum|s__|ASV_13202",0.989287515080082,-3.93761278793414,2.96892341096875,-1.32627631059344,0.184748190605759,NA,NA,"DESeq2"
"736","September - February","k__Bacteria|p__Pseudomonadota|c__Alphaproteobacteria|o__Sphingomonadales|f__Sphingomonadaceae|g__Croceibacterium|s__|ASV_2710",5.04387505655619,1.80037884086189,2.25663226265048,0.797816671621675,0.424976885129979,0.548543533795489,"","DESeq2"
"737","September - February","k__Bacteria|p__Chloroflexota|c__Anaerolineae|o__Aggregatilineales|f__A4b|g__|s__|ASV_4050",5.20943820294602,-5.77574241121449,2.4889773577382,-2.32052830583524,0.0203123155083806,0.0641087501141971,"","DESeq2"
"738","September - February","k__Bacteria|p__Pseudomonadota|c__Alphaproteobacteria|o__Rhodobacterales|f__Paracoccaceae|g__|s__|ASV_2081",1.46687227858219,0.243180478994494,2.93089483101683,0.0829714107858745,0.93387427209773,NA,NA,"DESeq2"
"739","September - February","k__Bacteria|p__Pseudomonadota|c__Alphaproteobacteria|o__Rhodobacterales|f__Paracoccaceae|g__|s__|ASV_224",14.9525163702656,-3.6686683993457,1.91064038665022,-1.9201250140942,0.054842110382046,0.124940059623366,"","DESeq2"
"740","September - February","k__Bacteria|p__Pseudomonadota|c__Alphaproteobacteria|o__Rhodobacterales|f__Paracoccaceae|g__|s__|ASV_6991",1.91152120022282,3.81981659891062,2.95079954627933,1.29450223202285,0.195491998815154,NA,NA,"DESeq2"
"741","September - February","k__Bacteria|p__Pseudomonadota|c__Alphaproteobacteria|o__Rhodobacterales|f__Paracoccaceae|g__|s__|ASV_7269",1.16162968030607,3.10145959627852,2.95462366566581,1.04969699942467,0.293857443754377,NA,NA,"DESeq2"
"742","September - February","k__Bacteria|p__Bacteroidota|c__Bacteroidia|o__Flavobacteriales|f__Cryomorphaceae|g__Vicingus|s__|ASV_9624",2.24004369134968,-0.906797763173229,2.91880875795597,-0.310673921578972,0.756048524433429,NA,NA,"DESeq2"
"743","September - February","k__Bacteria|p__Pseudomonadota|c__Alphaproteobacteria|o__Hyphomicrobiales|f__Rhizobiaceae|g__|s__|ASV_9695",4.34081044489696,5.00060450654036,2.51607704156662,1.98746080661615,0.0468713550510697,0.110490787341231,"","DESeq2"
"744","September - February","k__Bacteria|p__Pseudomonadota|c__Alphaproteobacteria|o__Rhodobacterales|f__Paracoccaceae|g__|s__|ASV_16062",4.08891253393915,-5.92048557382748,2.95164182590553,-2.00582791647193,0.0448746110977708,0.10804671031885,"","DESeq2"
"745","September - February","k__Bacteria|p__Pseudomonadota|c__Gammaproteobacteria|o__Enterobacterales|f__Pseudoalteromonadaceae|g__Pseudoalteromonas|s__|ASV_8939",17.7034390439821,-8.02474916992642,2.56318628692056,-3.13077095132537,0.00174348083923724,0.01264356333798,"*","DESeq2"
"746","September - February","k__Bacteria|p__Pseudomonadota|c__Gammaproteobacteria|o__Pseudomonadales|f__Porticoccaceae|g__C1-B045|s__|ASV_15068",6.25636123082164,0.132140995503078,2.14693788324322,0.0615485881237807,0.950922319997249,0.969287772529385,"","DESeq2"
"747","September - February","k__Bacteria|p__Pseudomonadota|c__Gammaproteobacteria|o__Pseudomonadales|f__Spongiibacteraceae|g__|s__|ASV_10489",10.9452068899522,-2.10369594494258,2.46482993303264,-0.853485231069986,0.39339027434429,0.519056611982049,"","DESeq2"
"748","September - February","k__Bacteria|p__Rhodothermota|c__Rhodothermia|o__Rhodothermales|f__Rhodothermaceae|g__Rubrivirga|s__|ASV_9477",4.42634446676989,5.02866419239779,2.26990078637649,2.21536739516497,0.0267348573821186,0.076042259020996,"","DESeq2"
"749","September - February","k__Bacteria|p__Actinomycetota|c__Actinobacteria|o__Propionibacteriales|f__Nocardioidaceae|g__Nocardioides|s__|ASV_10179",6.23815545710019,5.52106554327741,2.7277360527008,2.02404684199956,0.0429653323273946,0.104659142848782,"","DESeq2"
"750","September - February","k__Bacteria|p__Pseudomonadota|c__Alphaproteobacteria|o__Rhodobacterales|f__Paracoccaceae|g__|s__|ASV_1155",11.3767188174732,-7.38617337671453,2.57292629698346,-2.8707287050446,0.00409526829836693,0.0208637697744601,"*","DESeq2"
"751","September - February","k__Bacteria|p__Pseudomonadota|c__Gammaproteobacteria|o__Enterobacterales|f__Pseudoalteromonadaceae|g__Pseudoalteromonas|s__|ASV_1442",14.178752727068,-3.10625862087738,2.25800972125904,-1.37566220004818,0.168926239894601,0.283033382539455,"","DESeq2"
"752","September - February","k__Bacteria|p__Thermodesulfobacteriota|c__Desulfobulbia|o__Desulfobulbales|f__Desulfocapsaceae|g__|s__|ASV_4510",16.7547034118778,-7.94411105154379,2.14259639146052,-3.70770299212938,0.00020914775019525,0.00283843375264982,"**","DESeq2"
"753","September - February","k__Bacteria|p__Actinomycetota|c__Actinobacteria|o__Euzebyales|f__Euzebyaceae|g__Euzebya|s__|ASV_12212",11.9631587020787,-7.45984889177366,2.32593122770614,-3.20725256315109,0.00134009287405519,0.0106090685862702,"*","DESeq2"
"754","September - February","k__Bacteria|p__Actinomycetota|c__Actinobacteria|o__Euzebyales|f__Euzebyaceae|g__|s__|ASV_12651",0,0,0,0,1,NA,NA,"DESeq2"
"755","September - February","k__Bacteria|p__Bacteroidota|c__Bacteroidia|o__Chitinophagales|f__Saprospiraceae|g__Lewinella|s__|ASV_9425",3.37056005262869,-1.48388070626655,1.98051077160677,-0.749241421728138,0.453711707325423,NA,NA,"DESeq2"
"756","September - February","k__Bacteria|p__Bacteroidota|c__Bacteroidia|o__Cytophagales|f__Cyclobacteriaceae|g__Fulvivirga|s__|ASV_13853",4.50418098955721,-3.9500558752592,2.93377622274862,-1.34640667022601,0.178171400960139,0.294712127459542,"","DESeq2"
"757","September - February","k__Bacteria|p__Campylobacterota|c__Campylobacteria|o__Campylobacterales|f__Sulfurovaceae|g__Sulfurovum|s__|ASV_12204",18.0155460085195,-7.01272122782962,2.05963125532018,-3.4048430803889,0.000662020834873784,0.00610601740903004,"**","DESeq2"
"758","September - February","k__Bacteria|p__Pseudomonadota|c__Gammaproteobacteria|o__Enterobacterales|f__Alteromonadaceae|g__|s__|ASV_12014",13.285692081635,-2.69478240840088,2.44843113647686,-1.10061596924409,0.271063832330345,0.397392964064549,"","DESeq2"
"759","September - February","k__Bacteria|p__Pseudomonadota|c__Gammaproteobacteria|o__Pseudomonadales|f__Halieaceae|g__Parahaliea|s__|ASV_7963",7.75816820537725,-1.37154713898682,1.96320671271883,-0.6986259419862,0.484785827029779,0.606841625154027,"","DESeq2"
"760","September - February","k__Bacteria|p__Acidobacteriota|c__Thermoanaerobaculia|o__Thermoanaerobaculales|f__Thermoanaerobaculaceae|g__Subgroup_10|s__|ASV_5707",8.69341778868954,-2.52302315260759,1.79691827720869,-1.40408341581723,0.160294011435068,0.273883652631861,"","DESeq2"
"761","September - February","k__Bacteria|p__Cyanobacteriota|c__Cyanobacteriia|o__Phormidesmiales|f__Phormidesmiaceae|g__Acrophormium_PCC-7375|s__|ASV_13771",11.1055108308823,-7.35446774752421,2.338858490538,-3.14446888397788,0.00166388605077815,0.0123491542831191,"*","DESeq2"
"762","September - February","k__Bacteria|p__Pseudomonadota|c__Alphaproteobacteria|o__Rhodobacterales|f__Paracoccaceae|g__|s__|ASV_6066",3.83971487162883,1.95385472956088,2.26736900233043,0.861727723874095,0.388837365721776,0.515195951793149,"","DESeq2"
"763","September - February","k__Bacteria|p__Pseudomonadota|c__Gammaproteobacteria|o__Steroidobacterales|f__Woeseiaceae|g__Woeseia|s__|ASV_8264",14.9856836672935,-7.78322003317272,2.123392086955,-3.66546530948698,0.000246889278147052,0.00308611597683815,"**","DESeq2"
"764","September - February","k__Bacteria|p__Bacteroidota|c__Bacteroidia|o__Cytophagales|f__Cyclobacteriaceae|g__|s__|ASV_544",4.69307564626546,-6.10794690553273,2.95082077617389,-2.0699145657543,0.038460345675561,0.0982186247090939,"","DESeq2"
"765","September - February","k__Bacteria|p__Bacteroidota|c__Bacteroidia|o__Cytophagales|f__Cyclobacteriaceae|g__|s__|ASV_7495",1.99133214276919,-2.30303719500655,2.93586930855905,-0.784448132037901,0.432777205275986,NA,NA,"DESeq2"
"766","September - February","k__Bacteria|p__Pseudomonadota|c__Alphaproteobacteria|o__Hyphomicrobiales|f__Hyphomicrobiaceae|g__Filomicrobium|s__|ASV_9961",16.8213963422445,-4.76219306770621,1.7238446453392,-2.76254190340287,0.00573531992709264,0.0253421113057582,"*","DESeq2"
"767","September - February","k__Bacteria|p__Rhodothermota|c__Rhodothermia|o__Rhodothermales|f__Rhodothermaceae|g__|s__|ASV_6356",5.85234326125986,-1.25179093072906,2.29643802839369,-0.545101115402037,0.585683975600188,0.699873933107143,"","DESeq2"
"768","September - February","k__Bacteria|p__Thermodesulfobacteriota|c__Desulfobacteria|o__Desulfobacterales|f__Desulfosarcinaceae|g__Sva0081_sediment_group|s__|ASV_4006",13.2134551060634,-7.60047620218085,1.74493813204051,-4.35572818463938,1.32625273349409e-05,0.000273900021047693,"***","DESeq2"
"769","September - February","k__Bacteria|p__Planctomycetota|c__Planctomycetes|o__Pirellulales|f__Pirellulaceae|g__Rhodopirellula|s__|ASV_15927",5.81381958324588,-4.88752771632585,2.79796007107332,-1.74681825050168,0.0806688697743619,0.165519279234652,"","DESeq2"
"770","September - February","k__Bacteria|p__Pseudomonadota|c__Gammaproteobacteria|o__Chromatiales|f__Chromatiaceae|g__Thiophaeococcus|s__|ASV_12705",1.49022898717599,-4.48049157502752,2.96287603962862,-1.51221026971791,0.130480379278182,NA,NA,"DESeq2"
"771","September - February","k__Bacteria|p__Pseudomonadota|c__Gammaproteobacteria|o__Pseudomonadales|f__211ds20|g__|s__|ASV_11427",6.69654337367613,-2.16766268119367,2.24043998865041,-0.967516511120398,0.333285891307801,0.459302705822191,"","DESeq2"
"772","September - February","k__Bacteria|p__Bacteroidota|c__Bacteroidia|o__Flavobacteriales|f__Flavobacteriaceae|g__Hoppeia|s__|ASV_15678",0.7154563480215,-3.53356245148531,2.97411802728359,-1.18810431162098,0.234792315888542,NA,NA,"DESeq2"
"773","September - February","k__Bacteria|p__Bacteroidota|c__Bacteroidia|o__Flavobacteriales|f__Flavobacteriaceae|g__|s__|ASV_748",8.80900533995686,-3.66195752624052,2.01910370988353,-1.81365499370597,0.0697308581288656,0.151665681062517,"","DESeq2"
"774","September - February","k__Bacteria|p__Myxococcota|c__Polyangiia|o__Polyangiales|f__Sandaracinaceae|g__|s__|ASV_15920",2.84775935540596,-5.40046391529541,2.95455374758357,-1.82784419464776,0.0675729383241505,NA,NA,"DESeq2"
"775","September - February","k__Bacteria|p__Pseudomonadota|c__Gammaproteobacteria|o__Thiomicrospirales|f__Thiomicrospiraceae|g__endosymbionts|s__|ASV_6391",6.64872961725476,-6.59665866661852,2.94911565992079,-2.23682602763559,0.0252977127331741,0.0734948840872032,"","DESeq2"
"776","September - February","k__Bacteria|p__Bacillota|c__Bacilli|o__Bacillales|f__Bacillaceae|g__|s__|ASV_3276",2.19630372205344,-5.00913252576314,2.95753229196254,-1.69368650322976,0.0903248705103158,NA,NA,"DESeq2"
"777","September - February","k__Bacteria|p__Cyanobacteriota|c__Cyanobacteriia|o__Phormidesmiales|f__Phormidesmiaceae|g__Phormidesmis_ANT.LACV5.1|s__|ASV_6961",11.0319003667035,-5.66527359453492,2.28399632668695,-2.48042149995603,0.0131227155368231,0.0458878641399676,"*","DESeq2"
"778","September - February","k__Bacteria|p__Pseudomonadota|c__Gammaproteobacteria|o__Pseudomonadales|f__211ds20|g__|s__|ASV_7484",11.9828255133919,-3.08062155646077,1.68397570131903,-1.82937411391849,0.0673435827774604,0.147072192272615,"","DESeq2"
"779","September - February","k__Bacteria|p__Bacteroidota|c__Bacteroidia|o__Cytophagales|f__Cyclobacteriaceae|g__|s__|ASV_14628",12.0266141628986,-7.46715219101927,2.32016279275665,-3.21837425129438,0.00128919485194859,0.0102918916752198,"*","DESeq2"
"780","September - February","k__Bacteria|p__Balneolota|c__Balneolia|o__Balneolales|f__Balneolaceae|g__|s__|ASV_11154",7.22242756260135,5.73189923728957,2.45970170812826,2.33032290799657,0.0197890908903033,0.0632984388747075,"","DESeq2"
"781","September - February","k__Bacteria|p__Myxococcota|c__Polyangiia|o__Polyangiales|f__Sandaracinaceae|g__|s__|ASV_12484",0,0,0,0,1,NA,NA,"DESeq2"
"782","September - February","k__Bacteria|p__Pseudomonadota|c__Alphaproteobacteria|o__Rhodobacterales|f__Paracoccaceae|g__Palleronia-Pseudomaribius|s__|ASV_3694",7.97111412677436,-6.6272354304134,2.41501482354785,-2.74418002150291,0.00606622612982499,0.0263146795586015,"*","DESeq2"
"783","September - February","k__Bacteria|p__Pseudomonadota|c__Alphaproteobacteria|o__Sphingomonadales|f__Sphingomonadaceae|g__Altericroceibacterium|s__|ASV_8248",6.24664081077497,-1.55040917034678,1.77140061813321,-0.875244794698492,0.381440724727632,0.507519171556373,"","DESeq2"
"784","September - February","k__Bacteria|p__Planctomycetota|c__Planctomycetes|o__Pirellulales|f__Pirellulaceae|g__Bythopirellula|s__|ASV_15346",12.6827988732871,-2.69316168657371,1.70170653696548,-1.58262404713813,0.11350717918669,0.213106364085682,"","DESeq2"
"785","September - February","k__Bacteria|p__Pseudomonadota|c__Alphaproteobacteria|o__Rhodobacterales|f__Paracoccaceae|g__Tropicimonas-Psychromarinibacter|s__|ASV_2406",13.9347402752197,-5.2685986375158,1.95302076113927,-2.69766647766839,0.00698273606478375,0.0289676823648234,"*","DESeq2"
"786","September - February","k__Bacteria|p__Pseudomonadota|c__Gammaproteobacteria|o__Granulosicoccales|f__Granulosicoccaceae|g__Granulosicoccus|s__|ASV_4598",3.16550582932562,-1.71698564650456,2.91280159798726,-0.589461928231224,0.555551444274198,NA,NA,"DESeq2"
"787","September - February","k__Bacteria|p__Pseudomonadota|c__Gammaproteobacteria|o__Pseudomonadales|f__Pseudohongiellaceae|g__Pseudohongiella|s__|ASV_13196",7.40815472442526,-2.2248629197293,2.24348042450948,-0.991701507810459,0.321343155313703,0.447836515163453,"","DESeq2"
"788","September - February","k__Bacteria|p__Acidobacteriota|c__Thermoanaerobaculia|o__Thermoanaerobaculales|f__Thermoanaerobaculaceae|g__Subgroup_10|s__|ASV_642",5.76471668878705,-0.68657942644639,1.79253760064927,-0.383020934231843,0.701704242271551,0.798847124052381,"","DESeq2"
"789","September - February","k__Bacteria|p__Bacteroidota|c__Bacteroidia|o__Cytophagales|f__Cyclobacteriaceae|g__|s__|ASV_5830",4.79689497371579,4.01313790763491,1.45061288581598,2.7665119666833,0.00566595053489327,0.0252588873735498,"*","DESeq2"
"790","September - February","k__Bacteria|p__Bacteroidota|c__Bacteroidia|o__Flavobacteriales|f__Cryomorphaceae|g__Cryomorpha|s__|ASV_1777",5.75847310380756,-3.3574021656355,2.4097642124894,-1.39324924332209,0.163544433429158,0.277441449567322,"","DESeq2"
"791","September - February","k__Bacteria|p__Rhodothermota|c__Rhodothermia|o__Rhodothermales|f__Rhodothermaceae|g__|s__|ASV_14560",6.64101210627919,-0.223318533454641,1.96689214234127,-0.113538779604263,0.909603420160898,0.944396993609676,"","DESeq2"
"792","September - February","k__Bacteria|p__Actinomycetota|c__Actinobacteria|o__Nitriliruptorales|f__Nitriliruptoraceae|g__|s__|ASV_9244",10.085616589422,-0.82916316017232,2.16815993604226,-0.382427120061017,0.702144577456566,0.798847124052381,"","DESeq2"
"793","September - February","k__Bacteria|p__Bacillota|c__Clostridia|o__Oscillospirales|f__Oscillospiraceae|g__|s__|ASV_10387",3.99093935468766,-5.88532416739273,2.95180788077372,-1.99380325722624,0.0461735594853567,0.110103987497054,"","DESeq2"
"794","September - February","k__Bacteria|p__Bacteroidota|c__Bacteroidia|o__Cytophagales|f__Mooreiaceae|g__Mooreia|s__|ASV_5217",6.30548964227583,1.67701664128299,1.41628876970411,1.18409231023794,0.236376523786411,0.356440789836652,"","DESeq2"
"795","September - February","k__Bacteria|p__Bacteroidota|c__Bacteroidia|o__Flavobacteriales|f__Flavobacteriaceae|g__Winogradskyella|s__|ASV_124",9.5854395644275,-7.14271826505504,2.32939723735865,-3.06633757029535,0.00216698511046677,0.014600254290379,"*","DESeq2"
"796","September - February","k__Bacteria|p__Cyanobacteriota|c__Cyanobacteriia|o__Phormidesmiales|f__Phormidesmiaceae|g__Phormidium_MBIC10003|s__|ASV_9451",3.16790004996825,-3.71067935180544,2.94275628955659,-1.26095367291342,0.207325538724603,NA,NA,"DESeq2"
"797","September - February","k__Bacteria|p__Pseudomonadota|c__Alphaproteobacteria|o__Hyphomicrobiales|f__Devosiaceae|g__|s__|ASV_7810",5.59493440966811,2.35780769303807,1.58209943163381,1.49030310351809,0.136144556841307,0.242472585478267,"","DESeq2"
"798","September - February","k__Bacteria|p__Chloroflexota|c__Anaerolineae|o__Caldilineales|f__Caldilineaceae|g__|s__|ASV_13484",5.67764850424189,-1.15219909831456,1.55041531705906,-0.743155131168423,0.457387764736099,0.578472413852347,"","DESeq2"
"799","September - February","k__Bacteria|p__Pseudomonadota|c__Gammaproteobacteria|o__Chromatiales|f__Chromatiaceae|g__Thiophaeococcus|s__|ASV_8593",0.979188738589201,-3.92429083637117,2.9691013616207,-1.32170995813665,0.186264751388576,NA,NA,"DESeq2"
"800","September - February","k__Bacteria|p__Rhodothermota|c__Rhodothermia|o__Rhodothermales|f__Rhodothermaceae|g__|s__|ASV_5330",6.31849105939303,0.519206172069023,1.97484639322183,0.262909648999067,0.792620219045816,0.866500814837198,"","DESeq2"
"801","September - February","k__Bacteria|p__Verrucomicrobiota|c__Verrucomicrobiia|o__Verrucomicrobiales|f__Rubritaleaceae|g__Roseibacillus|s__|ASV_3198",4.89670094887864,-6.16346067017525,2.95059714951521,-2.08888586203234,0.0367179988028752,0.0954244465920651,"","DESeq2"
"802","September - February","k__Bacteria|p__Actinomycetota|c__Actinobacteria|o__Euzebyales|f__Euzebyaceae|g__|s__|ASV_9470",1.65742365532681,3.6112869716309,2.95172188873177,1.22345095769931,0.221159416675794,NA,NA,"DESeq2"
"803","September - February","k__Bacteria|p__Pseudomonadota|c__Alphaproteobacteria|o__Sphingomonadales|f__Sphingomonadaceae|g__|s__|ASV_7186",2.59812104302017,-5.27045264407986,2.95545723797974,-1.78329517894922,0.074538265786083,NA,NA,"DESeq2"
"804","September - February","k__Bacteria|p__Pseudomonadota|c__Gammaproteobacteria|o__Enterobacterales|f__Vibrionaceae|g__Vibrio|s__|ASV_2698",1.12082121352412,3.04906245917056,2.95498384936201,1.03183726700532,0.302148357895186,NA,NA,"DESeq2"
"805","September - February","k__Bacteria|p__Rhodothermota|c__Rhodothermia|o__Rhodothermales|f__Rhodothermaceae|g__|s__|ASV_16022",4.8290217009212,2.56202527542207,2.04577289794376,1.25235077559059,0.210442074546698,0.329357447807846,"","DESeq2"
"806","September - February","k__Bacteria|p__Thermodesulfobacteriota|c__Desulfobacteria|o__Desulfobacterales|f__Desulfatirhabdiaceae|g__|s__|ASV_13954",6.46899721622381,3.75282204707738,2.60383374562868,1.44126792018792,0.149509006550341,0.26061202976665,"","DESeq2"
"807","September - February","k__Bacteria|p__Verrucomicrobiota|c__Verrucomicrobiia|o__Verrucomicrobiales|f__Rubritaleaceae|g__Roseibacillus|s__|ASV_13004",2.11024978803325,-4.9702719876935,2.95787333614676,-1.68035322099637,0.0928886118355114,NA,NA,"DESeq2"
"808","September - February","k__Bacteria|p__Pseudomonadota|c__Gammaproteobacteria|o__Pseudomonadales|f__Halomonadaceae|g__Larsenimonas|s__|ASV_13136",5.69534165297906,2.74815789034529,1.87939211899254,1.46225892009085,0.143670271120399,0.252515542919471,"","DESeq2"
"809","September - February","k__Bacteria|p__Rhodothermota|c__Rhodothermia|o__Rhodothermales|f__Rhodothermaceae|g__Rubrivirga|s__|ASV_11310",4.08944420547826,4.91476572117409,2.28563772412925,2.15028202820132,0.0315329130904111,0.0855893355311158,"","DESeq2"
"810","September - February","k__Bacteria|p__Bacteroidota|c__Bacteroidia|o__Chitinophagales|f__Saprospiraceae|g__Phaeodactylibacter|s__|ASV_9821",14.7687323098082,-4.7886245872568,2.35091515292759,-2.03691935937949,0.0416581237587827,0.102792772911282,"","DESeq2"
"811","September - February","k__Bacteria|p__Bacteroidota|c__Bacteroidia|o__Cytophagales|f__Cyclobacteriaceae|g__Reichenbachiella|s__|ASV_15950",4.34424158027685,2.23908767020577,1.90963485899,1.17252136431465,0.240987799780993,0.361672053383797,"","DESeq2"
"812","September - February","k__Bacteria|p__Pseudomonadota|c__Alphaproteobacteria|o__Hyphomicrobiales|f__Devosiaceae|g__|s__|ASV_4313",3.52253442922681,-5.7052484293857,2.95272363171862,-1.93219858712784,0.0533349995165189,NA,NA,"DESeq2"
"813","September - February","k__Bacteria|p__Pseudomonadota|c__Alphaproteobacteria|o__Rhodobacterales|f__Paracoccaceae|g__|s__|ASV_5248",9.85854221469145,-7.18171379533063,2.12003816703465,-3.38753985989596,0.000705224689704631,0.00641637306537355,"**","DESeq2"
"814","September - February","k__Bacteria|p__Pseudomonadota|c__Alphaproteobacteria|o__Sphingomonadales|f__Sphingomonadaceae|g__|s__|ASV_4793",2.08975119066109,3.94029147688061,2.950324181287,1.33554526037263,0.181697952272146,NA,NA,"DESeq2"
"815","September - February","k__Bacteria|p__Verrucomicrobiota|c__Verrucomicrobiia|o__Verrucomicrobiales|f__DEV007|g__|s__|ASV_4459",10.9066376871445,-5.81127253183507,2.0840716734156,-2.78842258928213,0.00529654038055868,0.0243077940170567,"*","DESeq2"
"816","September - February","k__Bacteria|p__Cyanobacteriota|c__Cyanobacteriia|o__Phormidesmiales|f__Phormidesmiaceae|g__Phormidium_MBIC10003|s__|ASV_13924",4.83614923560209,-6.15110192130283,2.95064620219019,-2.08466264668974,0.0370999335566716,0.0957742849968426,"","DESeq2"
"817","September - February","k__Bacteria|p__Myxococcota|c__Polyangiia|o__Haliangiales|f__Haliangiaceae|g__|s__|ASV_3353",4.24703130263851,4.96850815304416,2.80305340108837,1.77253424822909,0.0763059153931506,0.16109108205134,"","DESeq2"
"818","September - February","k__Bacteria|p__Pseudomonadota|c__Alphaproteobacteria|o__Rhodobacterales|f__Paracoccaceae|g__Wenxinia|s__|ASV_2338",4.1180081552189,-3.11757568289546,2.92048254454782,-1.06748649763909,0.285752207630397,0.412560178189783,"","DESeq2"
"819","September - February","k__Bacteria|p__Pseudomonadota|c__Alphaproteobacteria|o__Rhodobacterales|f__Paracoccaceae|g__|s__|ASV_12432",3.85617631616246,-5.83631424198332,2.95204608532628,-1.97704035549914,0.0480370687847702,0.112402008240226,"","DESeq2"
"820","September - February","k__Bacteria|p__Bacteroidota|c__Bacteroidia|o__Flavobacteriales|f__Flavobacteriaceae|g__|s__|ASV_2498",2.15143245306088,-5.00064903131262,2.95760598380595,-1.69077593793532,0.0908796044738131,NA,NA,"DESeq2"
"821","September - February","k__Bacteria|p__Pseudomonadota|c__Gammaproteobacteria|o__Ectothiorhodospirales|f__Ectothiorhodospiraceae|g__Thiogranum|s__|ASV_4857",2.40663212803135,-5.15574740647091,2.95632314932685,-1.74397288322316,0.0811638183797315,NA,NA,"DESeq2"
"822","September - February","k__Bacteria|p__Rhodothermota|c__Rhodothermia|o__Rhodothermales|f__Rhodothermaceae|g__Rubrivirga|s__|ASV_4871",1.48852649467485,0.719823531538726,2.93183290854642,0.245519971291818,0.806053846458064,NA,NA,"DESeq2"
"823","September - February","k__Bacteria|p__Bacteroidota|c__Bacteroidia|o__Cytophagales|f__Cyclobacteriaceae|g__|s__|ASV_15791",0.323557234644197,-2.63087541232187,2.98726953250989,-0.880695693405151,0.378482548366362,NA,NA,"DESeq2"
"824","September - February","k__Bacteria|p__Chloroflexota|c__Anaerolineae|o__Caldilineales|f__Caldilineaceae|g__|s__|ASV_10173",12.0970462549499,-4.94671234976866,2.13279676974725,-2.31935476456806,0.0203758082577362,0.0641087501141971,"","DESeq2"
"825","September - February","k__Bacteria|p__Planctomycetota|c__Planctomycetes|o__Planctomycetales|f__Gimesiaceae|g__|s__|ASV_8713",14.1866215372254,-7.6993067969439,2.32696468711452,-3.30873383664932,0.000937188863095581,0.00794936982090002,"**","DESeq2"
"826","September - February","k__Bacteria|p__Pseudomonadota|c__Alphaproteobacteria|o__Rhodobacterales|f__Paracoccaceae|g__Maribius|s__|ASV_5962",4.51172847645951,5.05524840251351,2.78767905826887,1.81342554033203,0.0697662132887578,0.151665681062517,"","DESeq2"
"827","September - February","k__Bacteria|p__Pseudomonadota|c__Alphaproteobacteria|o__Rhodobacterales|f__Paracoccaceae|g__Palleronia-Pseudomaribius|s__|ASV_24",10.4729785669067,-2.96383033877256,2.41169201380181,-1.22894230349934,0.219093439023586,0.335685197141494,"","DESeq2"
"828","September - February","k__Bacteria|p__Bacteroidota|c__Bacteroidia|o__Chitinophagales|f__Saprospiraceae|g__Lewinella|s__|ASV_14840",6.85382806981541,-0.730160406592638,2.28703211847199,-0.319261107308135,0.749528522498792,0.836560280034446,"","DESeq2"
"829","September - February","k__Bacteria|p__Cyanobacteriota|c__Cyanobacteriia|o__Cyanobacteriales|f__Xenococcaceae|g__Myxosarcina_GI1|s__|ASV_12810",6.87458289435404,1.40227743817395,2.28293146310417,0.614244212249471,0.539053961477767,0.659074985075777,"","DESeq2"
"830","September - February","k__Bacteria|p__Planctomycetota|c__Planctomycetes|o__Planctomycetales|f__Gimesiaceae|g__|s__|ASV_8729",10.6346478266244,-3.83640259778627,2.02880697847915,-1.89096480763396,0.058629042199074,0.13229831375088,"","DESeq2"
"831","September - February","k__Bacteria|p__Pseudomonadota|c__Alphaproteobacteria|o__Rhodobacterales|f__Paracoccaceae|g__|s__|ASV_4342",11.6200940423507,-7.41785962281871,2.56634298731672,-2.89043968771087,0.00384703342188481,0.0201916118828208,"*","DESeq2"
"832","September - February","k__Bacteria|p__Pseudomonadota|c__Gammaproteobacteria|o__Arenicellales|f__Arenicellaceae|g__Candidatus_Thiosymbion|s__|ASV_7417",0.647317648209929,-3.41929376665131,2.975375292232,-1.14919747286276,0.250474562702304,NA,NA,"DESeq2"
"833","September - February","k__Bacteria|p__Acidobacteriota|c__Thermoanaerobaculia|o__Thermoanaerobaculales|f__Thermoanaerobaculaceae|g__Subgroup_10|s__|ASV_9297",3.97909581215549,-0.0497852903453238,2.52817095418264,-0.0196922167240939,0.984288899731736,0.995312647934842,"","DESeq2"
"834","September - February","k__Bacteria|p__Bacteroidota|c__Bacteroidia|o__Chitinophagales|f__Saprospiraceae|g__Lewinella|s__|ASV_5651",4.04129890380479,1.45431597800095,2.48615117056186,0.584966833562368,0.558570018048925,0.67770308703254,"","DESeq2"
"835","September - February","k__Bacteria|p__Bacteroidota|c__Bacteroidia|o__Flavobacteriales|f__Flavobacteriaceae|g__Pricia|s__|ASV_13538",5.06302230595055,-6.22465886543501,2.95036026975606,-2.10979619311023,0.0348759145232978,0.0915251900473285,"","DESeq2"
"836","September - February","k__Bacteria|p__Bacteroidota|c__Bacteroidia|o__Flavobacteriales|f__Flavobacteriaceae|g__|s__|ASV_2473",10.2064964749098,-2.74914706791246,1.81110346559179,-1.51794037179105,0.12902943125738,0.234823677575692,"","DESeq2"
"837","September - February","k__Bacteria|p__Pseudomonadota|c__Alphaproteobacteria|o__Rhodobacterales|f__Paracoccaceae|g__Jannaschia|s__|ASV_5480",8.21789559958084,-1.61489697353059,2.4690043246126,-0.654068102446106,0.513067930753605,0.635394368226359,"","DESeq2"
"838","September - February","k__Bacteria|p__Thermodesulfobacteriota|c__Desulfobacteria|o__Desulfobacterales|f__Desulfosarcinaceae|g__SEEP-SRB1|s__|ASV_7773",8.81432854421543,-1.65227581891792,2.11204127244941,-0.782312277923301,0.434031072960001,0.557701182482485,"","DESeq2"
"839","September - February","k__Archaea|p__Halobacteriota|c__Halobacteria|o__Halobacterales|f__Halomicrobiaceae|g__Halomarina|s__|ASV_6863",2.63473489973967,2.02130912950575,2.92755930659437,0.690441735869438,0.489916438205668,NA,NA,"DESeq2"
"840","September - February","k__Bacteria|p__Actinomycetota|c__Actinobacteria|o__Micrococcales|f__Intrasporangiaceae|g__Serinicoccus|s__|ASV_15687",1.94699316864932,2.16010870369211,2.93900153967593,0.734980460040962,0.462351394436427,NA,NA,"DESeq2"
"841","September - February","k__Bacteria|p__Rhodothermota|c__Rhodothermia|o__Rhodothermales|f__Rhodothermaceae|g__Rubrivirga|s__|ASV_9042",2.60952341623087,4.26345005668506,2.94922832192231,1.44561545981158,0.148285088014985,NA,NA,"DESeq2"
"842","September - February","k__Bacteria|p__Bacteroidota|c__Bacteroidia|o__Chitinophagales|f__Saprospiraceae|g__Lewinella|s__|ASV_12603",4.63357922349807,-6.09712639669162,2.95086536198553,-2.06621639714158,0.0388080512612206,0.0983137298617588,"","DESeq2"
"843","September - February","k__Bacteria|p__Bacteroidota|c__Bacteroidia|o__Cytophagales|f__Cyclobacteriaceae|g__|s__|ASV_8340",0.66393126614157,-1.64602730240096,2.97684086452304,-0.552944338415178,0.580301525238978,NA,NA,"DESeq2"
"844","September - February","k__Bacteria|p__Bacteroidota|c__Bacteroidia|o__Flavobacteriales|f__Flavobacteriaceae|g__Actibacter|s__|ASV_16072",9.30320777429197,-3.75458773840503,2.02059259105943,-1.8581616873278,0.0631460568962253,0.140818671482193,"","DESeq2"
"845","September - February","k__Bacteria|p__Deinococcota|c__Deinococci|o__Deinococcales|f__Trueperaceae|g__Truepera|s__|ASV_10769",1.85238463208756,-4.75121113241439,2.95997194954098,-1.60515410733916,0.108459894268771,NA,NA,"DESeq2"
"846","September - February","k__Bacteria|p__Pseudomonadota|c__Alphaproteobacteria|o__Micavibrionales|f__Micavibrionaceae|g__|s__|ASV_10591",4.41240367259365,0.341635472460286,2.09603209972758,0.162991526944977,0.870525105979137,0.916850167051198,"","DESeq2"
"847","September - February","k__Bacteria|p__Pseudomonadota|c__Alphaproteobacteria|o__Rhodobacterales|f__Paracoccaceae|g__Limibaculum|s__|ASV_7046",4.92364763961464,2.30185123627732,1.75510550702329,1.31151730027976,0.189683052720746,0.308032307837109,"","DESeq2"
"848","September - February","k__Bacteria|p__Rhodothermota|c__Rhodothermia|o__Rhodothermales|f__Rhodothermaceae|g__|s__|ASV_15482",1.72322732521884,3.66802991897321,2.95145761825503,1.24278590222205,0.213946738894389,NA,NA,"DESeq2"
"849","September - February","k__Bacteria|p__Calditrichota|c__Calditrichia|o__Calditrichales|f__Calditrichaceae|g__|s__|ASV_15461",11.2435800092814,-6.0399053779012,1.59086158388463,-3.79662532497185,0.000146679224560907,0.0020797800497442,"**","DESeq2"
"850","September - February","k__Bacteria|p__Cyanobacteriota|c__Cyanobacteriia|o__Cyanobacteriales|f__Xenococcaceae|g__Pleurocapsa_PCC-7319|s__|ASV_13765",1.16208578865317,3.10467653591404,2.95460197298257,1.05079349580884,0.293353443696612,NA,NA,"DESeq2"
"851","September - February","k__Bacteria|p__Planctomycetota|c__Planctomycetes|o__Planctomycetales|f__Rubinisphaeraceae|g__Planctomicrobium|s__|ASV_11443",15.9752261864606,-7.86386194203569,1.79827744709317,-4.37299703377099,1.22552389804364e-05,0.000258721711809213,"***","DESeq2"
"852","September - February","k__Bacteria|p__Pseudomonadota|c__Alphaproteobacteria|o__Rhodobacterales|f__Paracoccaceae|g__|s__|ASV_13400",4.3884386093035,-6.0134414893159,2.72685596779016,-2.2052655367013,0.0274354667071163,0.0775705159873825,"","DESeq2"
"853","September - February","k__Bacteria|p__Pseudomonadota|c__Alphaproteobacteria|o__Rhodobacterales|f__Paracoccaceae|g__|s__|ASV_280",5.46752778280074,1.86900125597788,1.7683603451016,1.05691199260098,0.29055175466525,0.416954934942579,"","DESeq2"
"854","September - February","k__Bacteria|p__Pseudomonadota|c__Alphaproteobacteria|o__|f__Neomegalonemataceae|g__Acuticoccus|s__|ASV_2125",5.17399743791781,1.63083388051318,2.26151516375479,0.721124450833001,0.470832948671789,0.591655160367988,"","DESeq2"
"855","September - February","k__Bacteria|p__Myxococcota|c__Polyangiia|o__Polyangiales|f__Sandaracinaceae|g__|s__|ASV_1252",0,0,0,0,1,NA,NA,"DESeq2"
"856","September - February","k__Bacteria|p__Thermodesulfobacteriota|c__Desulfobulbia|o__Desulfobulbales|f__Desulfocapsaceae|g__Desulfopila|s__|ASV_1368",3.260882848344,-5.56846494598806,2.95349827548553,-1.88537944721591,0.0593786268339501,NA,NA,"DESeq2"
"857","September - February","k__Bacteria|p__Bacteroidota|c__Bacteroidia|o__Cytophagales|f__Cyclobacteriaceae|g__Fulvivirga|s__|ASV_12732",9.12180020427965,-1.78200011664827,2.27979078542778,-0.781650723407889,0.434419868460041,0.557701182482485,"","DESeq2"
"858","September - February","k__Bacteria|p__Bacteroidota|c__Bacteroidia|o__Flavobacteriales|f__Flavobacteriaceae|g__Robertkochia|s__|ASV_13422",7.20716651431948,-0.679293851267039,2.13162921237141,-0.318673551349642,0.749974072753544,0.836560280034446,"","DESeq2"
"859","September - February","k__Bacteria|p__Pseudomonadota|c__Alphaproteobacteria|o__|f__Neomegalonemataceae|g__Acuticoccus|s__|ASV_4730",3.34520081494297,-1.03465373981045,2.34322814778595,-0.441550576621429,0.658814455016579,NA,NA,"DESeq2"
"860","September - February","k__Bacteria|p__Pseudomonadota|c__Gammaproteobacteria|o__Enterobacterales|f__Vibrionaceae|g__Vibrio|s__|ASV_3312",0.841916975380577,2.63564936971154,2.95833122228817,0.890924366363868,0.372969747296867,NA,NA,"DESeq2"
"861","September - February","k__Bacteria|p__Pseudomonadota|c__Gammaproteobacteria|o__Enterobacterales|f__Vibrionaceae|g__Vibrio|s__|ASV_4336",3.42904939027759,-1.15348349998171,2.90822266448453,-0.396628330446686,0.691641557882275,NA,NA,"DESeq2"
"862","September - February","k__Bacteria|p__Pseudomonadota|c__Gammaproteobacteria|o__Pseudomonadales|f__Halieaceae|g__Haliea|s__|ASV_2118",11.8153077160874,-4.72841411379086,1.98098157369636,-2.3869046419084,0.0169908977611166,0.0560463641425721,"","DESeq2"
"863","September - February","k__Bacteria|p__Verrucomicrobiota|c__Verrucomicrobiia|o__Verrucomicrobiales|f__Rubritaleaceae|g__DBS1|s__|ASV_10680",8.63985426290712,-6.99356558206846,2.34572589772657,-2.98140784004068,0.00286926393439215,0.0169304393644257,"*","DESeq2"
"864","September - February","k__Bacteria|p__Actinomycetota|c__Acidimicrobiia|o__Microtrichales|f__Ilumatobacteraceae|g__Ilumatobacter|s__|ASV_1587",10.262391010231,-4.84565879354709,2.1120458116452,-2.29429625381682,0.0217734876177285,0.0662974783232117,"","DESeq2"
"865","September - February","k__Bacteria|p__Pseudomonadota|c__Gammaproteobacteria|o__Enterobacterales|f__Pseudoalteromonadaceae|g__Pseudoalteromonas|s__|ASV_15651",10.9113595862846,-2.34932667505868,2.45453074102659,-0.95713882730843,0.338497188247156,0.461366325444473,"","DESeq2"
"866","September - February","k__Bacteria|p__Bacteroidota|c__Bacteroidia|o__Flavobacteriales|f__Crocinitomicaceae|g__Salinirepens|s__|ASV_7930",9.59063601292167,-7.13542269346139,2.13118274561719,-3.34810457157439,0.000813663033654869,0.00715722112937153,"**","DESeq2"
"867","September - February","k__Bacteria|p__Pseudomonadota|c__Alphaproteobacteria|o__Rhodobacterales|f__Paracoccaceae|g__|s__|ASV_15370",11.8318881778271,-7.43380945649511,1.92023356542408,-3.87130481955374,0.00010825431889448,0.0016634132274855,"**","DESeq2"
"868","September - February","k__Bacteria|p__Pseudomonadota|c__Gammaproteobacteria|o__Pseudomonadales|f__Alcanivoracaceae|g__Ketobacter|s__|ASV_15924",1.32576191235342,3.28115767661708,2.95348269802026,1.11094528463514,0.266591901594963,NA,NA,"DESeq2"
"869","September - February","k__Bacteria|p__Actinomycetota|c__Actinobacteria|o__Nitriliruptorales|f__Nitriliruptoraceae|g__|s__|ASV_8148",0.613248298304143,-3.35781281613332,2.97609309053316,-1.12826202473786,0.259209276254185,NA,NA,"DESeq2"
"870","September - February","k__Bacteria|p__Bacteroidota|c__Bacteroidia|o__Chitinophagales|f__Saprospiraceae|g__Portibacter|s__|ASV_9536",8.62841051393547,-4.33083242387311,2.13902274484372,-2.02467806119076,0.0429004328089029,0.104659142848782,"","DESeq2"
"871","September - February","k__Bacteria|p__Chloroflexota|c__Anaerolineae|o__Caldilineales|f__Caldilineaceae|g__|s__|ASV_6388",0.690477810013904,2.34912522855992,2.96127745783525,0.793281028883113,0.427614107282142,NA,NA,"DESeq2"
"872","September - February","k__Bacteria|p__Myxococcota|c__Polyangiia|o__Polyangiales|f__Sandaracinaceae|g__|s__|ASV_5526",2.41001006720688,0.0116885843608858,2.45093546603798,0.00476902983487393,0.996194879148471,NA,NA,"DESeq2"
"873","September - February","k__Bacteria|p__Planctomycetota|c__Planctomycetes|o__Pirellulales|f__Pirellulaceae|g__Pir4_lineage|s__|ASV_3731",16.4593634087005,-7.16348667737914,2.04373282910453,-3.50509938254398,0.000456436865338907,0.00471320676165176,"**","DESeq2"
"874","September - February","k__Bacteria|p__Pseudomonadota|c__Alphaproteobacteria|o__Hyphomicrobiales|f__C2U|g__|s__|ASV_11061",1.80332460198474,3.73378099259897,2.9511640675855,1.26518922943304,0.205803502475284,NA,NA,"DESeq2"
"875","September - February","k__Bacteria|p__Pseudomonadota|c__Alphaproteobacteria|o__Rhodobacterales|f__Paracoccaceae|g__|s__|ASV_11509",6.39470355519246,-6.56333448602875,2.35573985187565,-2.78610326212506,0.00533458749555649,0.0243647025037436,"*","DESeq2"
"876","September - February","k__Bacteria|p__Pseudomonadota|c__Alphaproteobacteria|o__Sphingomonadales|f__Sphingomonadaceae|g__|s__|ASV_11847",4.22375133316832,0.110393007002856,2.29297960653892,0.048143911392865,0.961601550528382,0.977028313371083,"","DESeq2"
"877","September - February","k__Bacteria|p__Pseudomonadota|c__Alphaproteobacteria|o__Sphingomonadales|f__Sphingomonadaceae|g__|s__|ASV_15186",14.6231084262407,-7.49738835505905,2.40023550589501,-3.12360530316519,0.00178649926098051,0.012780304681257,"*","DESeq2"
"878","September - February","k__Bacteria|p__Pseudomonadota|c__Gammaproteobacteria|o__Steroidobacterales|f__Woeseiaceae|g__Woeseia|s__|ASV_14630",12.2790189529629,-7.49676805735101,2.57459818731748,-2.91182060730107,0.00359328938328088,0.0195064280806677,"*","DESeq2"
"879","September - February","k__Bacteria|p__Bacteroidota|c__Bacteroidia|o__Chitinophagales|f__Saprospiraceae|g__Lewinella|s__|ASV_12788",10.28229905856,-4.58203310033677,2.14323237440503,-2.13790774862141,0.0325242312402127,0.0872825414638475,"","DESeq2"
"880","September - February","k__Bacteria|p__Bacteroidota|c__Bacteroidia|o__Chitinophagales|f__Saprospiraceae|g__|s__|ASV_14727",8.60494872452308,-6.23303182432988,2.23045292470038,-2.79451395512738,0.00519777973477958,0.0241078886070132,"*","DESeq2"
"881","September - February","k__Bacteria|p__Myxococcota|c__Myxococcia|o__Myxococcales|f__Myxococcaceae|g__P3OB-42|s__|ASV_5420",7.09870523768384,-6.70389005013238,2.94881202746326,-2.27342061402926,0.0230008450686492,0.0684015843470291,"","DESeq2"
"882","September - February","k__Bacteria|p__Pseudomonadota|c__Alphaproteobacteria|o__Rhodobacterales|f__Paracoccaceae|g__Actibacterium|s__|ASV_9420",16.5305589687089,-7.92495016631857,2.57001230625777,-3.08362343130497,0.00204496260016821,0.0140634401205166,"*","DESeq2"
"883","September - February","k__Bacteria|p__Pseudomonadota|c__Alphaproteobacteria|o__Rhodobacterales|f__Paracoccaceae|g__|s__|ASV_3670",10.2713728974857,-7.24062936401818,2.85257525730713,-2.53827812096128,0.0111399416059284,0.0416651359276851,"*","DESeq2"
"884","September - February","k__Bacteria|p__Verrucomicrobiota|c__Verrucomicrobiia|o__Opitutales|f__Puniceicoccaceae|g__Lentimonas|s__|ASV_4906",13.4477911352205,-4.77446248873408,1.99724044156437,-2.39052964749423,0.0168240907480987,0.0558842175199084,"","DESeq2"
"885","September - February","k__Bacteria|p__Actinomycetota|c__Actinobacteria|o__Nitriliruptorales|f__Nitriliruptoraceae|g__|s__|ASV_13751",1.53940562491298,3.50750442948348,2.9522328517799,1.1880852919067,0.234799808370055,NA,NA,"DESeq2"
"886","September - February","k__Bacteria|p__Actinomycetota|c__Rubrobacteria|o__Rubrobacterales|f__Rubrobacteriaceae|g__Rubrobacter|s__|ASV_8945",5.11786792727399,5.23541888669565,2.48762126393555,2.10458841247117,0.0353271511610206,0.0924539768676848,"","DESeq2"
"887","September - February","k__Bacteria|p__Bacteroidota|c__Bacteroidia|o__Bacteroidales|f__Prolixibacteraceae|g__|s__|ASV_15290",9.51074561539149,-5.37462174478076,1.92269691973416,-2.79535567442626,0.00518426439766146,0.0241078886070132,"*","DESeq2"
"888","September - February","k__Bacteria|p__Bacteroidota|c__Bacteroidia|o__Chitinophagales|f__Saprospiraceae|g__|s__|ASV_9801",9.93705738788171,-4.270519074234,2.15843683024261,-1.97852400144321,0.047869623681687,0.112286771599019,"","DESeq2"
"889","September - February","k__Bacteria|p__Bacteroidota|c__Bacteroidia|o__Flavobacteriales|f__Flavobacteriaceae|g__Gramella|s__|ASV_14211",5.56656443199136,-2.51384203019811,2.64316821532115,-0.951071526823984,0.341568067557074,0.464884905700889,"","DESeq2"
"890","September - February","k__Bacteria|p__Bacteroidota|c__Bacteroidia|o__Flavobacteriales|f__Flavobacteriaceae|g__|s__|ASV_10048",9.5009139427916,-7.12718091410363,2.1317741316734,-3.34330959748955,0.000827854829606878,0.00721524851492233,"**","DESeq2"
"891","September - February","k__Bacteria|p__Pseudomonadota|c__Gammaproteobacteria|o__Pseudomonadales|f__Cellvibrionaceae|g__|s__|ASV_3286",3.98285235530858,-3.38431016572739,2.9153899570364,-1.1608430486492,0.245705732754811,0.367013280058287,"","DESeq2"
"892","September - February","k__Bacteria|p__Rhodothermota|c__Rhodothermia|o__Rhodothermales|f__Rhodothermaceae|g__|s__|ASV_15308",2.29078728029309,2.85577316108873,2.9437946554199,0.970099309009507,0.331996993408658,NA,NA,"DESeq2"
"893","September - February","k__Bacteria|p__Verrucomicrobiota|c__Verrucomicrobiia|o__Opitutales|f__Puniceicoccaceae|g__Lentimonas|s__|ASV_4411",8.33106507342694,-4.67498135351578,2.52145344974628,-1.85408195974674,0.0637274352330243,0.141526754668331,"","DESeq2"
"894","September - February","k__Bacteria|p__Myxococcota|c__Myxococcia|o__Myxococcales|f__Myxococcaceae|g__P3OB-42|s__|ASV_15133",7.65986062779014,-2.21037366786447,2.08370647797955,-1.06078936319656,0.288785637249925,0.415676296041558,"","DESeq2"
"895","September - February","k__Bacteria|p__Pseudomonadota|c__Alphaproteobacteria|o__Sphingomonadales|f__Sphingomonadaceae|g__Croceibacterium|s__|ASV_5058",14.7610979418875,-7.75550349625327,2.12779192715034,-3.64485991195572,0.000267537491140507,0.0031579410259625,"**","DESeq2"
"896","September - February","k__Bacteria|p__Pseudomonadota|c__Gammaproteobacteria|o__Pseudomonadales|f__Spongiibacteraceae|g__|s__|ASV_8749",0,0,0,0,1,NA,NA,"DESeq2"
"897","September - February","k__Bacteria|p__Actinomycetota|c__Actinobacteria|o__Nitriliruptorales|f__Nitriliruptoraceae|g__|s__|ASV_2318",1.50685226420012,-4.49189628354279,2.96277126710882,-1.51611308419571,0.129490760388974,NA,NA,"DESeq2"
"898","September - February","k__Bacteria|p__Bacteroidota|c__Bacteroidia|o__Chitinophagales|f__Saprospiraceae|g__Lewinella|s__|ASV_11477",6.33012689234362,-3.30668643651765,2.19024620744879,-1.50973275299916,0.131111630259934,0.236798571762239,"","DESeq2"
"899","September - February","k__Bacteria|p__Bacteroidota|c__Bacteroidia|o__Cytophagales|f__Cyclobacteriaceae|g__Catalinimonas|s__|ASV_11134",10.4106265563604,-7.00344744200447,2.40205933488416,-2.91560135101418,0.00355003782372461,0.0193823904168873,"*","DESeq2"
"900","September - February","k__Bacteria|p__Chloroflexota|c__Anaerolineae|o__Aggregatilineales|f__A4b|g__|s__|ASV_10198",6.34658720646171,-4.18547292955479,2.38805392575862,-1.7526710282412,0.0796584914753787,0.164155242736681,"","DESeq2"
"901","September - February","k__Bacteria|p__Planctomycetota|c__Planctomycetes|o__Pirellulales|f__Pirellulaceae|g__Pir4_lineage|s__|ASV_7069",5.48874442694286,-3.34044244209441,2.60458797721058,-1.28252240712249,0.199659449795943,0.317716042388855,"","DESeq2"
"902","September - February","k__Bacteria|p__Pseudomonadota|c__Gammaproteobacteria|o__Pseudomonadales|f__Halieaceae|g__Parahaliea|s__|ASV_11483",9.8962954536037,-7.18105203561575,2.33871765966529,-3.07050832148909,0.00213694731312013,0.014500713910458,"*","DESeq2"
"903","September - February","k__Bacteria|p__Thermodesulfobacteriota|c__Desulfobulbia|o__Desulfobulbales|f__Desulfobulbaceae|g__Candidatus_Electrothrix|s__|ASV_12765",9.75513353756531,-7.15569212112551,2.12901956388958,-3.3610269452163,0.000776532495933195,0.00695908157185719,"**","DESeq2"
"904","September - February","k__Bacteria|p__Actinomycetota|c__Acidimicrobiia|o__Microtrichales|f__Ilumatobacteraceae|g__Ilumatobacter|s__|ASV_2799",2.71885944806273,4.3264202169493,2.94637202868274,1.46838897967802,0.141998593350144,NA,NA,"DESeq2"
"905","September - February","k__Bacteria|p__Bacteroidota|c__Bacteroidia|o__Cytophagales|f__Cyclobacteriaceae|g__Tunicatimonas|s__|ASV_7152",3.4855453199911,-1.34365401097329,2.78953431738648,-0.481676817022334,0.630035547305565,NA,NA,"DESeq2"
"906","September - February","k__Bacteria|p__Myxococcota|c__Polyangiia|o__Polyangiales|f__Sandaracinaceae|g__|s__|ASV_5363",3.79817922160125,1.17438407886143,2.56105877608211,0.45855412996729,0.646554382775413,NA,NA,"DESeq2"
"907","September - February","k__Bacteria|p__Pseudomonadota|c__Alphaproteobacteria|o__Rhodobacterales|f__Paracoccaceae|g__|s__|ASV_7164",4.57873764707505,1.37257228027352,2.72352608597872,0.503968839270462,0.614283274366207,0.725832227174,"","DESeq2"
"908","September - February","k__Bacteria|p__Actinomycetota|c__Actinobacteria|o__Euzebyales|f__Euzebyaceae|g__|s__|ASV_796",1.20216448207976,3.15014046229538,2.95430048572656,1.06628979601601,0.28629266075134,NA,NA,"DESeq2"
"909","September - February","k__Bacteria|p__Bacteroidota|c__Bacteroidia|o__Bacteroidales|f__Prolixibacteraceae|g__|s__|ASV_5097",9.12706795808762,-2.12124031020962,1.8216814765382,-1.16444084079983,0.244245404770802,0.365406511074429,"","DESeq2"
"910","September - February","k__Bacteria|p__Bdellovibrionota|c__Bdellovibrionia|o__Bdellovibrionales|f__Pseudobdellovibrionaceae|g__OM27_clade|s__|ASV_3144",3.00643896871638,-0.517712483777591,2.91071109969688,-0.177864606292086,0.85882930766671,NA,NA,"DESeq2"
"911","September - February","k__Bacteria|p__Cyanobacteriota|c__Cyanobacteriia|o__Phormidesmiales|f__Phormidesmiaceae|g__Phormidesmis_ANT.LACV5.1|s__|ASV_457",6.12459146448906,-3.84660331236865,2.58208002032224,-1.48973048166362,0.136295116468836,0.242472585478267,"","DESeq2"
"912","September - February","k__Bacteria|p__Gemmatimonadota|c__Longimicrobiia|o__Longimicrobiales|f__Longimicrobiaceae|g__|s__|ASV_10767",3.83802081320721,-1.29209837280302,2.90621685798748,-0.44459805855568,0.656610250753807,0.760706997824532,"","DESeq2"
"913","September - February","k__Bacteria|p__Pseudomonadota|c__Gammaproteobacteria|o__Pseudomonadales|f__Marinobacteraceae|g__Marinobacter|s__|ASV_2824",3.01920502926391,4.47206481752478,2.94864038574808,1.51665317993337,0.129354271095243,NA,NA,"DESeq2"
"914","September - February","k__Bacteria|p__Pseudomonadota|c__Gammaproteobacteria|o__Tenderiales|f__Tenderiaceae|g__Candidatus_Tenderia|s__|ASV_5531",9.79795440402886,-7.17071602694236,1.77496305074364,-4.03992411218821,5.34684991349549e-05,0.000907054896039414,"***","DESeq2"
"915","September - February","k__Bacteria|p__Actinomycetota|c__Acidimicrobiia|o__Microtrichales|f__Ilumatobacteraceae|g__Ilumatobacter|s__|ASV_2714",2.47112393491996,-1.57512162452429,2.9188985837403,-0.53962876041617,0.589453078272036,NA,NA,"DESeq2"
"916","September - February","k__Bacteria|p__Actinomycetota|c__Rubrobacteria|o__Rubrobacterales|f__Rubrobacteriaceae|g__Rubrobacter|s__|ASV_9121",1.95403624225215,0.122568458260015,2.92249928580997,0.0419396024680448,0.966546845952698,NA,NA,"DESeq2"
"917","September - February","k__Bacteria|p__Bacillota|c__Bacilli|o__Bacillales|f__Bacillaceae|g__|s__|ASV_12228",1.48521224529799,3.45309364459996,2.95251572493111,1.1695428462724,0.242184989086891,NA,NA,"DESeq2"
"918","September - February","k__Bacteria|p__Bacteroidota|c__Bacteroidia|o__Chitinophagales|f__Saprospiraceae|g__Lewinella|s__|ASV_203",2.67199293690862,-5.28617821748539,2.9553436782268,-1.78868476665871,0.0736655976205153,NA,NA,"DESeq2"
"919","September - February","k__Bacteria|p__Bacteroidota|c__Bacteroidia|o__Flavobacteriales|f__Flavobacteriaceae|g__Polaribacter|s__|ASV_840",9.07476907860642,-7.06225750762421,2.3492060238291,-3.00623165273221,0.00264507404525185,0.0164236623724788,"*","DESeq2"
"920","September - February","k__Bacteria|p__Bacteroidota|c__Bacteroidia|o__Flavobacteriales|f__Flavobacteriaceae|g__|s__|ASV_12272",5.04577763885397,3.32683290450507,2.40588154064085,1.38279164967487,0.1667287601274,0.280899591621995,"","DESeq2"
"921","September - February","k__Bacteria|p__Pseudomonadota|c__Gammaproteobacteria|o__Pseudomonadales|f__Nitrincolaceae|g__Marinobacterium|s__|ASV_14523",6.1793548122544,-0.979490271269166,2.48754124231082,-0.393758404728703,0.693759416741119,0.795019838243743,"","DESeq2"
"922","September - February","k__Bacteria|p__Thermodesulfobacteriota|c__Desulfobacteria|o__Desulfobacterales|f__Desulfosarcinaceae|g__Desulfosarcina|s__|ASV_9396",6.57906953664197,-0.432041264758035,1.96855858070731,-0.219470870205346,0.826283268932585,0.886970740662097,"","DESeq2"
"923","September - February","k__Bacteria|p__Thermodesulfobacteriota|c__Desulfuromonadia|o__Desulfuromonadales|f__Sva1033|g__|s__|ASV_14710",3.87985138292366,0.175842861257802,2.78705776325852,0.0630926504559465,0.949692726727167,0.969074210946089,"","DESeq2"
"924","September - February","k__Bacteria|p__Acidobacteriota|c__Thermoanaerobaculia|o__Thermoanaerobaculales|f__Thermoanaerobaculaceae|g__Subgroup_10|s__|ASV_5652",3.55286832371084,-0.0282643526161834,2.79421838616447,-0.0101152983446584,0.991929297254507,NA,NA,"DESeq2"
"925","September - February","k__Bacteria|p__Actinomycetota|c__Actinobacteria|o__Nitriliruptorales|f__Nitriliruptoraceae|g__|s__|ASV_9152",0,0,0,0,1,NA,NA,"DESeq2"
"926","September - February","k__Bacteria|p__Bacteroidota|c__Bacteroidia|o__Cytophagales|f__Cyclobacteriaceae|g__Fulvivirga|s__|ASV_5610",3.20061837901359,-5.56541705726304,2.95351637075773,-1.88433594354353,0.0595195484389799,NA,NA,"DESeq2"
"927","September - February","k__Bacteria|p__Cyanobacteriota|c__Cyanobacteriia|o__Cyanobacteriales|f__Xenococcaceae|g__Pleurocapsa_PCC-7319|s__|ASV_14705",4.50172495997821,0.144007056602987,2.13711067486098,0.0673839957363718,0.946276009780637,0.967666533144892,"","DESeq2"
"928","September - February","k__Bacteria|p__Pseudomonadota|c__Gammaproteobacteria|o__Steroidobacterales|f__Woeseiaceae|g__Woeseia|s__|ASV_11864",8.59468094079676,-4.06564037082078,2.15299329093803,-1.88836648397053,0.058976767573861,0.132767604727886,"","DESeq2"
"929","September - February","k__Bacteria|p__Acidobacteriota|c__Thermoanaerobaculia|o__Thermoanaerobaculales|f__Thermoanaerobaculaceae|g__Subgroup_10|s__|ASV_7687",0.141326787868583,-1.92039477111901,2.99881122316543,-0.640385348795621,0.521922105578055,NA,NA,"DESeq2"
"930","September - February","k__Bacteria|p__Bacteroidota|c__Bacteroidia|o__Flavobacteriales|f__Flavobacteriaceae|g__|s__|ASV_2485",0,0,0,0,1,NA,NA,"DESeq2"
"931","September - February","k__Bacteria|p__Cyanobacteriota|c__Cyanobacteriia|o__Synechococcales|f__Cyanobiaceae|g__|s__|ASV_1949",8.10250573702472,-3.55187305531093,2.18127451351353,-1.62834757079231,0.1034512079299,0.199348169438955,"","DESeq2"
"932","September - February","k__Bacteria|p__Planctomycetota|c__Planctomycetes|o__Planctomycetales|f__Gimesiaceae|g__|s__|ASV_8146",12.1274190357697,-4.75531576577645,2.1478123359438,-2.21402758806991,0.0268268811944644,0.0760762302529588,"","DESeq2"
"933","September - February","k__Bacteria|p__Pseudomonadota|c__Alphaproteobacteria|o__Sphingomonadales|f__Sphingomonadaceae|g__|s__|ASV_6085",6.19124786659318,-1.99421580167916,2.07406505044088,-0.961501087564856,0.336300278913588,0.459875983850683,"","DESeq2"
"934","September - February","k__Bacteria|p__Bacteroidota|c__Bacteroidia|o__Cytophagales|f__Cyclobacteriaceae|g__|s__|ASV_5050",6.21259567898492,-0.613417791371215,2.30651623897243,-0.265949912255765,0.790277784379932,0.866500814837198,"","DESeq2"
"935","September - February","k__Bacteria|p__Bacteroidota|c__Bacteroidia|o__Flavobacteriales|f__Flavobacteriaceae|g__Dokdonia|s__|ASV_14418",9.86485135232773,-7.18056957315248,2.35200056188537,-3.05296252454825,0.00226594234244846,0.0146438450702451,"*","DESeq2"
"936","September - February","k__Bacteria|p__Chloroflexota|c__Anaerolineae|o__Aggregatilineales|f__A4b|g__|s__|ASV_14804",3.30196776255195,-5.6090010561845,2.95326114544158,-1.89925671315661,0.0575307312762546,NA,NA,"DESeq2"
"937","September - February","k__Bacteria|p__Cyanobacteriota|c__Cyanobacteriia|o__Synechococcales|f__Cyanobiaceae|g__Synechococcus_MBIC10613|s__|ASV_12853",8.96108366924845,-3.95967384176776,2.16041816680374,-1.83282750654979,0.0668282271886255,0.14662082177643,"","DESeq2"
"938","September - February","k__Bacteria|p__Pseudomonadota|c__Alphaproteobacteria|o__Rhodobacterales|f__Paracoccaceae|g__|s__|ASV_14570",3.77837571467706,1.46445486018181,2.74268354068815,0.533949629425483,0.593376384003471,NA,NA,"DESeq2"
"939","September - February","k__Bacteria|p__Pseudomonadota|c__Gammaproteobacteria|o__Pseudomonadales|f__Marinomonadaceae|g__Marinomonas|s__|ASV_10506",0,0,0,0,1,NA,NA,"DESeq2"
"940","September - February","k__Bacteria|p__Thermodesulfobacteriota|c__Desulfobulbia|o__Desulfobulbales|f__Desulfocapsaceae|g__|s__|ASV_10438",0.493561883355554,1.83803931640138,2.96821124707664,0.619241409522872,0.535757335992057,NA,NA,"DESeq2"
"941","September - February","k__Bacteria|p__Pseudomonadota|c__Alphaproteobacteria|o__Rhodobacterales|f__Paracoccaceae|g__|s__|ASV_14734",0.734807551575138,-3.56891760757279,2.97374834237758,-1.20014110027863,0.230084545669734,NA,NA,"DESeq2"
"942","September - February","k__Bacteria|p__Pseudomonadota|c__Alphaproteobacteria|o__Sphingomonadales|f__Sphingomonadaceae|g__Aurantiacibacter|s__|ASV_5042",1.26056594651407,-4.25877723838986,2.96508205711732,-1.43631007720922,0.150914127823912,NA,NA,"DESeq2"
"943","September - February","k__Bacteria|p__Rhodothermota|c__Rhodothermia|o__Rhodothermales|f__Rhodothermaceae|g__Rubrivirga|s__|ASV_8705",0.762194702414865,2.48566896747804,2.95980101666314,0.839809484990436,0.40101521447561,NA,NA,"DESeq2"
"944","September - February","k__Bacteria|p__Bacteroidota|c__Bacteroidia|o__Chitinophagales|f__Saprospiraceae|g__|s__|ASV_9685",0,0,0,0,1,NA,NA,"DESeq2"
"945","September - February","k__Bacteria|p__Planctomycetota|c__Planctomycetes|o__Pirellulales|f__Pirellulaceae|g__Pir4_lineage|s__|ASV_4733",4.82093673216467,-4.58963069577586,2.56557102199319,-1.78893145285457,0.0736258556232983,0.15717879290367,"","DESeq2"
"946","September - February","k__Bacteria|p__Pseudomonadota|c__Alphaproteobacteria|o__Caulobacterales|f__Hyphomonadaceae|g__Litorimonas|s__|ASV_15428",5.18754744616343,-0.0237520891799799,1.6797072675279,-0.0141406122597403,0.988717799791231,0.995312647934842,"","DESeq2"
"947","September - February","k__Bacteria|p__Pseudomonadota|c__Alphaproteobacteria|o__Rhodobacterales|f__Paracoccaceae|g__|s__|ASV_1758",5.25682703211009,5.27419061379079,2.75726178017363,1.91283636966043,0.0557690035385462,0.126445234753267,"","DESeq2"
"948","September - February","k__Bacteria|p__Rhodothermota|c__Rhodothermia|o__Rhodothermales|f__Rhodothermaceae|g__Rubricoccus|s__|ASV_925",3.61818034000147,2.012267825535,2.72981225224501,0.737145136585895,0.461034092990659,NA,NA,"DESeq2"
"949","September - February","k__Bacteria|p__Rhodothermota|c__Rhodothermia|o__Rhodothermales|f__Rhodothermaceae|g__|s__|ASV_13633",1.73257618664775,3.67582790939581,2.95142210292958,1.24544296993208,0.212968966543824,NA,NA,"DESeq2"
"950","September - February","k__Bacteria|p__Cyanobacteriota|c__Cyanobacteriia|o__Phormidesmiales|f__Nodosilineaceae|g__|s__|ASV_119",1.76362854090747,-3.76188269638448,2.9598064735753,-1.27098941433164,0.203732414561009,NA,NA,"DESeq2"
"951","September - February","k__Bacteria|p__Planctomycetota|c__Planctomycetes|o__Planctomycetales|f__Gimesiaceae|g__|s__|ASV_195",11.2891935346414,-4.99880054575308,2.127458312523,-2.34965851802045,0.0187906411171395,0.0605122341060426,"","DESeq2"
"952","September - February","k__Bacteria|p__Pseudomonadota|c__Alphaproteobacteria|o__Rhodobacterales|f__Paracoccaceae|g__|s__|ASV_1545",0.381011323038961,-2.83255396491455,2.98360531765057,-0.949372877222593,0.342430999978404,NA,NA,"DESeq2"
"953","September - February","k__Bacteria|p__Pseudomonadota|c__Gammaproteobacteria|o__Enterobacterales|f__Vibrionaceae|g__Vibrio|s__|ASV_13283",0.36618154100451,1.45940123810262,2.97515945546143,0.490528746425215,0.623759793264822,NA,NA,"DESeq2"
"954","September - February","k__Bacteria|p__Rhodothermota|c__Rhodothermia|o__Rhodothermales|f__Rhodothermaceae|g__|s__|ASV_10821",3.91248546034918,1.39019631022801,1.79346177603442,0.77514688565146,0.438252869393968,0.561105425773948,"","DESeq2"
"955","September - February","k__Bacteria|p__Bacteroidota|c__Bacteroidia|o__Cytophagales|f__Cyclobacteriaceae|g__|s__|ASV_10933",0.599542425488846,0.362417465819263,2.9665108371712,0.122169607903693,0.902764695502884,NA,NA,"DESeq2"
"956","September - February","k__Bacteria|p__Bacteroidota|c__Bacteroidia|o__Cytophagales|f__Cyclobacteriaceae|g__|s__|ASV_15372",13.0729080176315,-3.59100357938222,2.23474276397009,-1.60689795589838,0.108076754901679,0.206170516378705,"","DESeq2"
"957","September - February","k__Bacteria|p__Bacteroidota|c__Bacteroidia|o__Flavobacteriales|f__Flavobacteriaceae|g__Mesohalobacter|s__|ASV_1762",3.33153883359441,-3.45798666539183,2.47705486911459,-1.3960072941896,0.162712298631037,NA,NA,"DESeq2"
"958","September - February","k__Bacteria|p__Pseudomonadota|c__Gammaproteobacteria|o__Enterobacterales|f__Alteromonadaceae|g__Aestuariibacter|s__|ASV_5142",0,0,0,0,1,NA,NA,"DESeq2"
"959","September - February","k__Bacteria|p__Bacteroidota|c__Bacteroidia|o__Flavobacteriales|f__Flavobacteriaceae|g__Flavimarina|s__|ASV_4287",2.34283584658099,-5.11965003180011,2.95660983561723,-1.73159473736626,0.0833457438790965,NA,NA,"DESeq2"
"960","September - February","k__Bacteria|p__Myxococcota|c__Polyangiia|o__Polyangiales|f__Sandaracinaceae|g__|s__|ASV_11195",3.02838615953464,-2.54382429761729,2.9221447482372,-0.870533295502172,0.384009031768088,NA,NA,"DESeq2"
"961","September - February","k__Bacteria|p__Pseudomonadota|c__Gammaproteobacteria|o__Pseudomonadales|f__Saccharospirillaceae|g__Bermanella|s__|ASV_15002",13.0659227246342,-6.05013488818979,2.09951064534703,-2.88168812175266,0.00395551035320896,0.020646894700816,"*","DESeq2"
"962","September - February","k__Bacteria|p__Bacteroidota|c__Bacteroidia|o__Chitinophagales|f__Saprospiraceae|g__|s__|ASV_4746",7.1454950316158,-6.22612203123749,2.4344477376663,-2.55750901319654,0.0105424825891111,0.0398502756083245,"*","DESeq2"
"963","September - February","k__Bacteria|p__Pseudomonadota|c__Alphaproteobacteria|o__Sphingomonadales|f__Sphingomonadaceae|g__Parasphingopyxis|s__|ASV_11051",3.25204955090687,-5.59065212633553,2.80387206136691,-1.99390414540172,0.046162530850188,NA,NA,"DESeq2"
"964","September - February","k__Bacteria|p__Actinomycetota|c__Acidimicrobiia|o__Microtrichales|f__Microtrichaceae|g__IMCC26207|s__|ASV_4676",5.26563263584625,0.349487300356737,2.13431333027955,0.163746951020992,0.869930354788118,0.916850167051198,"","DESeq2"
"965","September - February","k__Bacteria|p__Bacteroidota|c__Bacteroidia|o__Cytophagales|f__Cyclobacteriaceae|g__Marinoscillum|s__|ASV_10741",1.47577170029446,-1.88178085893112,2.94268822133482,-0.639476803994388,0.522512798880438,NA,NA,"DESeq2"
"966","September - February","k__Bacteria|p__Bacteroidota|c__Bacteroidia|o__Cytophagales|f__Cyclobacteriaceae|g__Tunicatimonas|s__|ASV_9643",0,0,0,0,1,NA,NA,"DESeq2"
"967","September - February","k__Bacteria|p__Bacteroidota|c__Bacteroidia|o__Cytophagales|f__Mooreiaceae|g__Mooreia|s__|ASV_7766",5.41537590909494,0.78998594677222,2.29934420841354,0.343570111809089,0.731169605175818,0.823153301910975,"","DESeq2"
"968","September - February","k__Bacteria|p__Chloroflexota|c__Anaerolineae|o__Aggregatilineales|f__A4b|g__|s__|ASV_5951",12.0734975482445,-3.76905666350265,2.21596540376163,-1.70086439847149,0.0889684531838148,0.177190839674264,"","DESeq2"
"969","September - February","k__Bacteria|p__Pseudomonadota|c__Gammaproteobacteria|o__Enterobacterales|f__Vibrionaceae|g__Vibrio|s__|ASV_12002",1.2193280333098,3.16916915432537,2.95417707783996,1.07277562272693,0.283371800786321,NA,NA,"DESeq2"
"970","September - February","k__Bacteria|p__Actinomycetota|c__Actinobacteria|o__Propionibacteriales|f__Nocardioidaceae|g__Nocardioides|s__|ASV_2050",6.26455454439931,-2.66872862043474,2.64739208482902,-1.00805945433168,0.313425920846324,0.439814807686865,"","DESeq2"
"971","September - February","k__Bacteria|p__Cyanobacteriota|c__Cyanobacteriia|o__Phormidesmiales|f__Phormidesmiaceae|g__Phormidium_MBIC10003|s__|ASV_6321",8.30532211226718,-3.54559845875309,2.37830132088222,-1.49081128939451,0.136011046950749,0.242472585478267,"","DESeq2"
"972","September - February","k__Bacteria|p__Pseudomonadota|c__Alphaproteobacteria|o__Rhodobacterales|f__Paracoccaceae|g__Actibacterium|s__|ASV_14652",5.02103844892064,-3.29545183930836,2.60979660313021,-1.26272362963296,0.206688518944682,0.326199517456536,"","DESeq2"
"973","September - February","k__Bacteria|p__Pseudomonadota|c__Alphaproteobacteria|o__Rhodobacterales|f__Paracoccaceae|g__|s__|ASV_12790",1.82617896841555,3.74331929517837,2.95112257934262,1.26843910902956,0.204641182725779,NA,NA,"DESeq2"
"974","September - February","k__Bacteria|p__Pseudomonadota|c__Alphaproteobacteria|o__Rhodobacterales|f__Paracoccaceae|g__|s__|ASV_15905",2.57786147010369,-5.25906733493187,2.9555402130387,-1.77939292171729,0.075175366121429,NA,NA,"DESeq2"
"975","September - February","k__Bacteria|p__Pseudomonadota|c__Gammaproteobacteria|o__Chromatiales|f__Sedimenticolaceae|g__Candidatus_Thiodiazotropha|s__|ASV_13335",2.08422944967853,-3.25416795727454,2.95127838045792,-1.10262995819785,0.270187894871047,NA,NA,"DESeq2"
"976","September - February","k__Bacteria|p__Pseudomonadota|c__Gammaproteobacteria|o__Granulosicoccales|f__Granulosicoccaceae|g__Granulosicoccus|s__|ASV_2296",5.50095708789554,-1.68298132786596,2.09277000298696,-0.804188384516155,0.421288186025168,0.546459562640703,"","DESeq2"
"977","September - February","k__Bacteria|p__Pseudomonadota|c__Gammaproteobacteria|o__Granulosicoccales|f__Granulosicoccaceae|g__Granulosicoccus|s__|ASV_5565",8.07049000536988,-2.42570713688061,2.24835153376781,-1.07888250589337,0.280640108432068,0.408281934166102,"","DESeq2"
"978","September - February","k__Bacteria|p__Pseudomonadota|c__Gammaproteobacteria|o__Pseudomonadales|f__Cellvibrionaceae|g__|s__|ASV_1931",1.14917502390276,0.527997047155392,2.93933717463447,0.179631330393748,0.857442006649827,NA,NA,"DESeq2"
"979","September - February","k__Bacteria|p__Thermodesulfobacteriota|c__Desulfobacteria|o__Desulfobacterales|f__Desulfosarcinaceae|g__Desulfosarcina|s__|ASV_14382",7.70713009404821,-6.82045771169756,2.35399955881811,-2.89739124467889,0.00376280174409527,0.020127782726107,"*","DESeq2"
"980","September - February","k__Bacteria|p__Actinomycetota|c__Acidimicrobiia|o__Microtrichales|f__Microtrichaceae|g__|s__|ASV_11076",4.4935914536401,-6.02852735646812,2.95115582809576,-2.04276822629121,0.0410753873037215,0.101949328545977,"","DESeq2"
"981","September - February","k__Bacteria|p__Actinomycetota|c__Actinobacteria|o__Propionibacteriales|f__Nocardioidaceae|g__Nocardioides|s__|ASV_8154",1.76816069139493,3.70184335500283,2.9513049913761,1.25430728637665,0.209730336548933,NA,NA,"DESeq2"
"982","September - February","k__Bacteria|p__Bacteroidota|c__Bacteroidia|o__Cytophagales|f__Cyclobacteriaceae|g__Fulvivirga|s__|ASV_11442",1.56068439065901,3.52153244636231,2.95216162833505,1.19286573355686,0.232921961179868,NA,NA,"DESeq2"
"983","September - February","k__Bacteria|p__Bacteroidota|c__Bacteroidia|o__Cytophagales|f__Cyclobacteriaceae|g__|s__|ASV_13781",0.75721877693827,-3.5819963197009,2.97361381820767,-1.20459364890224,0.228360209718755,NA,NA,"DESeq2"
"984","September - February","k__Bacteria|p__Bacteroidota|c__Bacteroidia|o__Flavobacteriales|f__Crocinitomicaceae|g__Brumimicrobium|s__|ASV_4358",8.76392752368789,-4.25848499211144,1.99562347488425,-2.13391205590947,0.0328499804204882,0.0874159142842124,"","DESeq2"
"985","September - February","k__Bacteria|p__Bacteroidota|c__Bacteroidia|o__Flavobacteriales|f__Flavobacteriaceae|g__Robiginitalea|s__|ASV_5224",5.75720485918493,-6.41132249937644,2.64460867896432,-2.42429912235153,0.0153379661890616,0.0521169254090458,"","DESeq2"
"986","September - February","k__Bacteria|p__Campylobacterota|c__Campylobacteria|o__Campylobacterales|f__Sulfurovaceae|g__Sulfurovum|s__|ASV_15957",2.39749198476954,-5.15544293883457,2.95632553829404,-1.7438684854069,0.0811820250446229,NA,NA,"DESeq2"
"987","September - February","k__Bacteria|p__Pseudomonadota|c__Gammaproteobacteria|o__Beggiatoales|f__Leucotrichaceae|g__|s__|ASV_11092",5.58088294825862,-3.99115669192759,2.35092524850403,-1.69769612813819,0.0895651289209571,0.177634389300437,"","DESeq2"
"988","September - February","k__Bacteria|p__Pseudomonadota|c__Gammaproteobacteria|o__Steroidobacterales|f__Woeseiaceae|g__Woeseia|s__|ASV_2719",7.26851557202493,-2.01902935756125,2.45570428231663,-0.822179352823607,0.410974828025534,0.536880785472498,"","DESeq2"
"989","September - February","k__Bacteria|p__Thermodesulfobacteriota|c__Desulfobacteria|o__Desulfobacterales|f__Desulfosarcinaceae|g__Sva0081_sediment_group|s__|ASV_14605",8.97772094503025,-7.04533546597344,2.58880105302288,-2.72146654828758,0.00649929626505104,0.0278123038369301,"*","DESeq2"
"990","September - February","k__Bacteria|p__Acidobacteriota|c__Blastocatellia|o__Blastocatellales|f__Blastocatellaceae|g__Blastocatella|s__|ASV_6534",1.98279696373009,-4.83128542978407,2.95916878293889,-1.63264949861559,0.102542734426107,NA,NA,"DESeq2"
"991","September - February","k__Bacteria|p__Actinomycetota|c__Acidimicrobiia|o__Microtrichales|f__Ilumatobacteraceae|g__Ilumatobacter|s__|ASV_8504",4.77460417779154,-6.14372335154778,2.67594518057446,-2.29590777723962,0.0216811549771969,0.0662286084512447,"","DESeq2"
"992","September - February","k__Bacteria|p__Bacteroidota|c__Bacteroidia|o__Chitinophagales|f__Saprospiraceae|g__Lewinella|s__|ASV_15371",1.45903461820313,-1.86172613162681,2.94292493796797,-0.63261081096832,0.526987825474639,NA,NA,"DESeq2"
"993","September - February","k__Bacteria|p__Bacteroidota|c__Bacteroidia|o__Cytophagales|f__Cyclobacteriaceae|g__|s__|ASV_13336",5.99332699014355,-0.903188929738106,2.30956268287488,-0.391064913039658,0.695749254911824,0.79615618361393,"","DESeq2"
"994","September - February","k__Bacteria|p__Bacteroidota|c__Bacteroidia|o__Flavobacteriales|f__Flavobacteriaceae|g__Marinirhabdus|s__|ASV_13913",1.90035594453144,-2.92018985444003,2.94953345375418,-0.990051443804851,0.322148974922926,NA,NA,"DESeq2"
"995","September - February","k__Bacteria|p__Planctomycetota|c__Planctomycetes|o__Pirellulales|f__Pirellulaceae|g__Rubripirellula|s__|ASV_7879",4.48223086173901,-2.31607368811831,2.05051647998089,-1.12950747322933,0.258683818783982,0.381121734034018,"","DESeq2"
"996","September - February","k__Bacteria|p__Planctomycetota|c__Planctomycetes|o__Planctomycetales|f__Gimesiaceae|g__|s__|ASV_811",5.0440551448199,-3.97300033697873,2.34002711995601,-1.69784371432986,0.089537262855636,0.177634389300437,"","DESeq2"
"997","September - February","k__Bacteria|p__Pseudomonadota|c__Alphaproteobacteria|o__Rhodobacterales|f__Paracoccaceae|g__Halovulum|s__|ASV_4059",5.20543746215042,-0.186304567975599,2.12742536300582,-0.0875727869072553,0.930216231962793,0.956375802266727,"","DESeq2"
"998","September - February","k__Bacteria|p__Spirochaetota|c__Spirochaetia|o__Spirochaetales|f__Spirochaetaceae|g__Sediminispirochaeta|s__|ASV_13757",11.8774355770794,-7.4401416108952,2.34274344885379,-3.17582431594691,0.00149411406640432,0.0115280653822312,"*","DESeq2"
"999","September - February","k__Bacteria|p__Cyanobacteriota|c__Cyanobacteriia|o__Cyanobacteriales|f__Microcystaceae|g__Cyanothece_ATCC_51142_(UCYN-C)|s__|ASV_6579",3.4620835909388,-1.18514655467575,2.78064720223446,-0.426212485252856,0.669953020619141,NA,NA,"DESeq2"
"1000","September - February","k__Bacteria|p__Myxococcota|c__Polyangiia|o__Polyangiales|f__Sandaracinaceae|g__|s__|ASV_6621",2.32561118765996,1.64888680584746,2.85943046399494,0.576648681130642,0.564176806450067,NA,NA,"DESeq2"
"1001","September - February","k__Bacteria|p__Planctomycetota|c__Planctomycetes|o__Pirellulales|f__Pirellulaceae|g__Bythopirellula|s__|ASV_2681",12.0780754048053,-7.46354791606404,2.13436686142301,-3.49684398261694,0.000470797087770123,0.00480921756324319,"**","DESeq2"
"1002","September - February","k__Bacteria|p__Pseudomonadota|c__Alphaproteobacteria|o__Hyphomicrobiales|f__Rhizobiaceae|g__|s__|ASV_12323",2.73123956056159,4.33320285987937,2.93941439735335,1.47417215612095,0.140435244678601,NA,NA,"DESeq2"
"1003","September - February","k__Bacteria|p__Pseudomonadota|c__Alphaproteobacteria|o__Hyphomicrobiales|f__Rhizobiaceae|g__|s__|ASV_12868",1.56541193919828,3.53312064033793,2.95210331031519,1.19681470089226,0.231378786980535,NA,NA,"DESeq2"
"1004","September - February","k__Bacteria|p__Pseudomonadota|c__Alphaproteobacteria|o__Rhodobacterales|f__Paracoccaceae|g__Maribius|s__|ASV_13147",2.88173512937334,-0.331993395168341,2.91222221613328,-0.114000021471283,0.909237776423931,NA,NA,"DESeq2"
"1005","September - February","k__Bacteria|p__Pseudomonadota|c__Gammaproteobacteria|o__Granulosicoccales|f__Granulosicoccaceae|g__Granulosicoccus|s__|ASV_13753",4.47922790117742,1.55329350516026,2.73187427020071,0.568581622552541,0.5696400993118,0.689373368593898,"","DESeq2"
"1006","September - February","k__Bacteria|p__Pseudomonadota|c__Gammaproteobacteria|o__Pseudomonadales|f__Spongiibacteraceae|g__|s__|ASV_3004",2.40341746263452,-5.15806847578215,2.95630495349531,-1.74476874237336,0.0810251318564338,NA,NA,"DESeq2"
"1007","September - February","k__Bacteria|p__Bacteroidota|c__Bacteroidia|o__Flavobacteriales|f__Flavobacteriaceae|g__Robiginitalea|s__|ASV_355",4.10973890502113,-5.91290106458347,2.95167730855507,-2.00323424496494,0.045152151575351,0.10804671031885,"","DESeq2"
"1008","September - February","k__Bacteria|p__Dependentiae|c__Babeliae|o__Babeliales|f__Vermiphilaceae|g__|s__|ASV_7801",0,0,0,0,1,NA,NA,"DESeq2"
"1009","September - February","k__Bacteria|p__Pseudomonadota|c__Alphaproteobacteria|o__Hyphomicrobiales|f__Rhodomicrobiaceae|g__Rhodomicrobium|s__|ASV_2124",5.83631157070446,-1.23431333632012,2.28945137433828,-0.539130618870154,0.58979672964088,0.70301994122815,"","DESeq2"
"1010","September - February","k__Bacteria|p__Pseudomonadota|c__Alphaproteobacteria|o__Rhodobacterales|f__Paracoccaceae|g__Palleronia-Pseudomaribius|s__|ASV_951",8.44579390816585,-6.95752230951515,2.34986406917041,-2.96081905366187,0.0030682214260767,0.0177732338705663,"*","DESeq2"
"1011","September - February","k__Bacteria|p__Pseudomonadota|c__Alphaproteobacteria|o__Sphingomonadales|f__Sphingomonadaceae|g__Aurantiacibacter|s__|ASV_8699",4.85423663004562,5.15882970381639,2.50454814145635,2.05978460482561,0.0394191369831953,0.0990946602758169,"","DESeq2"
"1012","September - February","k__Bacteria|p__Pseudomonadota|c__Gammaproteobacteria|o__Chromatiales|f__Chromatiaceae|g__Halochromatium|s__|ASV_5260",5.85647213519118,-2.91887795152251,2.4079299966304,-1.21219385763171,0.225438182188951,0.342118647091858,"","DESeq2"
"1013","September - February","k__Bacteria|p__Pseudomonadota|c__Gammaproteobacteria|o__Thiomicrospirales|f__Thiomicrospiraceae|g__endosymbionts|s__|ASV_10052",2.96403344180336,-5.45925048807514,2.9541706497994,-1.84798074831792,0.0646051279038828,NA,NA,"DESeq2"
"1014","September - February","k__Bacteria|p__Bacteroidota|c__Bacteroidia|o__Flavobacteriales|f__Flavobacteriaceae|g__Hanstruepera|s__|ASV_2269",3.12909226162804,-5.53758349190986,2.28249997601995,-2.42610451263438,0.0152618744691855,NA,NA,"DESeq2"
"1015","September - February","k__Bacteria|p__Chloroflexota|c__Anaerolineae|o__Anaerolineales|f__Anaerolineaceae|g__|s__|ASV_14272",2.80758653070033,-5.38144435930918,2.95468100076266,-1.82132837958484,0.0685569549521553,NA,NA,"DESeq2"
"1016","September - February","k__Bacteria|p__Cyanobacteriota|c__Cyanobacteriia|o__Cyanobacteriales|f__Xenococcaceae|g__Pleurocapsa_PCC-7319|s__|ASV_12101",4.7637043547695,-2.48399865686274,2.90843454615441,-0.854067237011446,0.393067735888787,0.519056611982049,"","DESeq2"
"1017","September - February","k__Bacteria|p__Pseudomonadota|c__Alphaproteobacteria|o__Rhodobacterales|f__Paracoccaceae|g__Palleronia-Pseudomaribius|s__|ASV_11632",1.24976488745076,3.20466188639907,2.95395117627701,1.08487300404133,0.277977906070184,NA,NA,"DESeq2"
"1018","September - February","k__Bacteria|p__Pseudomonadota|c__Alphaproteobacteria|o__Rhodobacterales|f__Paracoccaceae|g__Silicimonas|s__|ASV_9670",2.23096841777873,-5.04711536634883,2.95720747375514,-1.70671669510556,0.0878747225848336,NA,NA,"DESeq2"
"1019","September - February","k__Bacteria|p__Pseudomonadota|c__Gammaproteobacteria|o__Pseudomonadales|f__Alcanivoracaceae|g__Ketobacter|s__|ASV_7246",0,0,0,0,1,NA,NA,"DESeq2"
"1020","September - February","k__Bacteria|p__Acidobacteriota|c__Thermoanaerobaculia|o__Thermoanaerobaculales|f__Thermoanaerobaculaceae|g__Subgroup_10|s__|ASV_2228",3.09019576730624,-5.51821058994222,2.95380147472095,-1.868172467638,0.0617380351097021,NA,NA,"DESeq2"
"1021","September - February","k__Bacteria|p__Bacteroidota|c__Bacteroidia|o__Chitinophagales|f__Saprospiraceae|g__|s__|ASV_10691",1.21477449361267,3.16716233911079,2.9541900165272,1.07209161272366,0.283678885687441,NA,NA,"DESeq2"
"1022","September - February","k__Bacteria|p__Bacteroidota|c__Bacteroidia|o__Chitinophagales|f__Saprospiraceae|g__|s__|ASV_11215",3.01084102121578,-3.1144924293821,2.93246617436745,-1.06207275521393,0.288202657428158,NA,NA,"DESeq2"
"1023","September - February","k__Bacteria|p__Bacteroidota|c__Bacteroidia|o__Chitinophagales|f__Saprospiraceae|g__|s__|ASV_11900",1.63093275032858,-4.59530694772246,2.96166499627296,-1.55159579274,0.120758970486627,NA,NA,"DESeq2"
"1024","September - February","k__Bacteria|p__Chloroflexota|c__Anaerolineae|o__Aggregatilineales|f__Aggregatilineaceae|g__|s__|ASV_4295",7.82054685788618,-2.73677217936554,1.92431350755174,-1.42220702012713,0.154966161420997,0.266699009691932,"","DESeq2"
"1025","September - February","k__Bacteria|p__Pseudomonadota|c__Alphaproteobacteria|o__Sphingomonadales|f__Sphingomonadaceae|g__Parasphingopyxis|s__|ASV_11607",7.77971667793131,-6.83642458812464,2.38303064776802,-2.8687942366699,0.00412039753945597,0.0208637697744601,"*","DESeq2"
"1026","September - February","k__Bacteria|p__Pseudomonadota|c__Alphaproteobacteria|o__Sphingomonadales|f__Sphingomonadaceae|g__Qipengyuania|s__|ASV_3751",0,0,0,0,1,NA,NA,"DESeq2"
"1027","September - February","k__Bacteria|p__Pseudomonadota|c__Alphaproteobacteria|o__Sphingomonadales|f__Sphingomonadaceae|g__|s__|ASV_4187",7.11152875433361,-3.47997175658336,2.20138944810955,-1.58080695788371,0.113922183153008,0.213463656795576,"","DESeq2"
"1028","September - February","k__Bacteria|p__Verrucomicrobiota|c__Verrucomicrobiia|o__Verrucomicrobiales|f__Rubritaleaceae|g__DBS1|s__|ASV_11128",2.73878887535942,-5.34445958557948,2.95493320118384,-1.80865665032236,0.0705043615775174,NA,NA,"DESeq2"
"1029","September - February","k__Bacteria|p__Bacteroidota|c__Bacteroidia|o__Cytophagales|f__Cyclobacteriaceae|g__Tunicatimonas|s__|ASV_8575",0,0,0,0,1,NA,NA,"DESeq2"
"1030","September - February","k__Bacteria|p__Cyanobacteriota|c__Cyanobacteriia|o__Cyanobacteriales|f__Nostocaceae|g__Rivularia_PCC-7116|s__|ASV_10483",2.14779526300281,-4.96236575118369,2.95794382201004,-1.67764029670163,0.0934173411217946,NA,NA,"DESeq2"
"1031","September - February","k__Bacteria|p__Myxococcota|c__Polyangiia|o__Polyangiales|f__Sandaracinaceae|g__|s__|ASV_414",0.20924659485972,0.731947827924943,2.99184155984904,0.244647924458231,0.806729053030659,NA,NA,"DESeq2"
"1032","September - February","k__Bacteria|p__Verrucomicrobiota|c__Verrucomicrobiia|o__Verrucomicrobiales|f__Rubritaleaceae|g__Haloferula|s__|ASV_12612",3.83949761319223,-5.82720669929909,2.95209123509927,-1.97392500272883,0.0483902712989811,0.112491054029723,"","DESeq2"
"1033","September - February","k__Bacteria|p__Verrucomicrobiota|c__Verrucomicrobiia|o__Verrucomicrobiales|f__Rubritaleaceae|g__Roseibacillus|s__|ASV_9177",9.80546613477177,-5.59802100046806,2.27806179880696,-2.45736134261142,0.0139961828719373,0.0483504499212379,"*","DESeq2"
"1034","September - February","k__Bacteria|p__Cyanobacteriota|c__Cyanobacteriia|o__Cyanobacteriales|f__Xenococcaceae|g__Pleurocapsa_PCC-7319|s__|ASV_1835",1.13120307660701,0.0670960968544408,2.93847835260146,0.0228336195824073,0.98178299046145,NA,NA,"DESeq2"
"1035","September - February","k__Bacteria|p__Gemmatimonadota|c__Longimicrobiia|o__Longimicrobiales|f__Longimicrobiaceae|g__|s__|ASV_10835",0.390270066529598,1.5275835132519,2.97377219525288,0.513685451659825,0.607471925049195,NA,NA,"DESeq2"
"1036","September - February","k__Bacteria|p__Planctomycetota|c__Planctomycetes|o__Pirellulales|f__Pirellulaceae|g__|s__|ASV_9318",6.80985638546383,-6.64886506831158,2.62317261774917,-2.53466547467116,0.0112554753725308,0.0417683656402509,"*","DESeq2"
"1037","September - February","k__Bacteria|p__Pseudomonadota|c__Alphaproteobacteria|o__Rhodobacterales|f__Paracoccaceae|g__Palleronia-Pseudomaribius|s__|ASV_11182",0,0,0,0,1,NA,NA,"DESeq2"
"1038","September - February","k__Bacteria|p__Rhodothermota|c__Rhodothermia|o__Rhodothermales|f__Rhodothermaceae|g__|s__|ASV_2738",4.98583111472536,1.62582594676195,2.48924664416948,0.653139756387779,0.51366618399773,0.635394368226359,"","DESeq2"
"1039","September - February","k__Bacteria|p__Bacteroidota|c__Bacteroidia|o__Chitinophagales|f__Saprospiraceae|g__|s__|ASV_8127",4.82974596118257,-0.291316810410742,1.86434943275239,-0.156256550029177,0.875830803627084,0.919380401597492,"","DESeq2"
"1040","September - February","k__Bacteria|p__Bacteroidota|c__Bacteroidia|o__Chitinophagales|f__Saprospiraceae|g__|s__|ASV_9393",3.13531906070292,-3.94253987012836,2.94716792083357,-1.33773845808327,0.180981709644653,NA,NA,"DESeq2"
"1041","September - February","k__Bacteria|p__Bacteroidota|c__Bacteroidia|o__Cytophagales|f__Flammeovirgaceae|g__Rapidithrix|s__|ASV_7182",2.25281465255202,-5.06155997317067,2.95708611530824,-1.7116714819254,0.0869572269527837,NA,NA,"DESeq2"
"1042","September - February","k__Bacteria|p__Myxococcota|c__Polyangiia|o__Polyangiales|f__Sandaracinaceae|g__|s__|ASV_7560",3.04931652333592,-5.49780411164416,2.95392757928941,-1.86118446172831,0.0627181318838305,NA,NA,"DESeq2"
"1043","September - February","k__Bacteria|p__Pseudomonadota|c__Alphaproteobacteria|o__Rhodobacterales|f__Paracoccaceae|g__Jannaschia|s__|ASV_4456",3.45003344283498,-5.67458286100904,2.95289108321099,-1.92170408630124,0.0546430027953991,NA,NA,"DESeq2"
"1044","September - February","k__Bacteria|p__Pseudomonadota|c__Gammaproteobacteria|o__Enterobacterales|f__Alteromonadaceae|g__|s__|ASV_5959",1.01410008508428,-3.96554221229347,2.96855546025835,-1.33584912439141,0.181598592686276,NA,NA,"DESeq2"
"1045","September - February","k__Bacteria|p__Pseudomonadota|c__Gammaproteobacteria|o__Pseudomonadales|f__Cellvibrionaceae|g__|s__|ASV_13000",1.95636651723304,-4.86124935286277,2.95887917019511,-1.64293608263234,0.100396158509357,NA,NA,"DESeq2"
"1046","September - February","k__Bacteria|p__Actinomycetota|c__Acidimicrobiia|o__Microtrichales|f__Ilumatobacteraceae|g__Ilumatobacter|s__|ASV_13508",2.40356802878546,-5.15570868705122,2.95632345310665,-1.74395960686688,0.0811661335523382,NA,NA,"DESeq2"
"1047","September - February","k__Bacteria|p__Actinomycetota|c__Actinobacteria|o__Nitriliruptorales|f__Nitriliruptoraceae|g__|s__|ASV_15496",4.52523411814285,3.36573353258465,2.65524812071178,1.26757778541706,0.204948769194068,0.324502217890607,"","DESeq2"
"1048","September - February","k__Bacteria|p__Bacteroidota|c__Bacteroidia|o__Flavobacteriales|f__Flavobacteriaceae|g__Maribacter|s__|ASV_12000",13.4464776099876,-7.61974421019976,1.96861156487517,-3.87061843288669,0.00010855960010958,0.0016634132274855,"**","DESeq2"
"1049","September - February","k__Bacteria|p__Chloroflexota|c__Anaerolineae|o__Ardenticatenales|f__Ardenticatenaceae|g__|s__|ASV_14123",8.10881352538465,-6.89245980187792,2.88694461329587,-2.38745827340593,0.0169653285138687,0.0560463641425721,"","DESeq2"
"1050","September - February","k__Bacteria|p__Pseudomonadota|c__Alphaproteobacteria|o__Hyphomicrobiales|f__Rhizobiaceae|g__Martelella|s__|ASV_7223",0.290359886634234,1.09000158562962,2.98378975885978,0.36530777089541,0.714881678332522,NA,NA,"DESeq2"
"1051","September - February","k__Bacteria|p__Pseudomonadota|c__Alphaproteobacteria|o__Rhodobacterales|f__Paracoccaceae|g__Limibaculum|s__|ASV_1152",8.7139107093061,-4.73794113512283,2.31967418164289,-2.04250285346851,0.0411016766664306,0.101949328545977,"","DESeq2"
"1052","September - February","k__Bacteria|p__Pseudomonadota|c__Alphaproteobacteria|o__Rhodobacterales|f__Paracoccaceae|g__Marivita|s__|ASV_7068",9.39090254581143,-5.52570479683501,2.48985420044166,-2.21928850125234,0.0264671033952252,0.075770933477367,"","DESeq2"
"1053","September - February","k__Bacteria|p__Pseudomonadota|c__Alphaproteobacteria|o__Sphingomonadales|f__Sphingomonadaceae|g__Croceicoccus|s__|ASV_6402",11.147794048014,-7.34947580323657,2.34434479645805,-3.13498074785778,0.00171865390285969,0.0125685820559016,"*","DESeq2"
"1054","September - February","k__Bacteria|p__Pseudomonadota|c__Gammaproteobacteria|o__Steroidobacterales|f__Woeseiaceae|g__Woeseia|s__|ASV_2639",7.02670368609149,-5.00162870951877,2.51170686213216,-1.99132660937707,0.0464449918933958,0.110103987497054,"","DESeq2"
"1055","September - February","k__Bacteria|p__Acidobacteriota|c__Thermoanaerobaculia|o__Thermoanaerobaculales|f__Thermoanaerobaculaceae|g__Subgroup_10|s__|ASV_13832",4.96776774587985,-0.425178430255614,2.51814380804559,-0.168845968565079,0.86591779968803,0.914386708700314,"","DESeq2"
"1056","September - February","k__Bacteria|p__Pseudomonadota|c__Alphaproteobacteria|o__Rhodobacterales|f__Paracoccaceae|g__|s__|ASV_4861",1.07566944348175,2.98903986056188,2.95541275289372,1.01137814257424,0.311835478428812,NA,NA,"DESeq2"
"1057","September - February","k__Bacteria|p__Pseudomonadota|c__Gammaproteobacteria|o__Enterobacterales|f__Vibrionaceae|g__Vibrio|s__|ASV_6980",2.47451171026662,0.148179290567271,2.91660145742803,0.0508054640752808,0.959480536799818,NA,NA,"DESeq2"
"1058","September - February","k__Bacteria|p__Pseudomonadota|c__Gammaproteobacteria|o__Pseudomonadales|f__Halieaceae|g__|s__|ASV_15846",5.33595192074926,-4.3663301375416,2.56092674008233,-1.70498049366349,0.0881980624875509,0.176025544880616,"","DESeq2"
"1059","September - February","k__Bacteria|p__Pseudomonadota|c__Gammaproteobacteria|o__Pseudomonadales|f__KI89A_clade|g__|s__|ASV_5556",11.3393788798064,-7.37573401572793,2.58206232621061,-2.85652826458006,0.00428301868633326,0.0210822163316922,"*","DESeq2"
"1060","September - February","k__Bacteria|p__Bacteroidota|c__Bacteroidia|o__Chitinophagales|f__Saprospiraceae|g__|s__|ASV_1449",4.99451098210236,-1.17122393203919,1.8209032501947,-0.64321041324626,0.520087577316158,0.640004143070401,"","DESeq2"
"1061","September - February","k__Bacteria|p__Chloroflexota|c__Anaerolineae|o__Anaerolineales|f__Anaerolineaceae|g__|s__|ASV_3608",2.1664939252584,-0.790031146413148,2.91939899008402,-0.270614311060788,0.786687687770539,NA,NA,"DESeq2"
"1062","September - February","k__Bacteria|p__Gemmatimonadota|c__Longimicrobiia|o__Longimicrobiales|f__Longimicrobiaceae|g__YC-ZSS-LKJ147|s__|ASV_8187",4.92880463097871,5.18074511692453,2.94717277411524,1.7578694952758,0.0787697172800955,0.163031005263814,"","DESeq2"
"1063","September - February","k__Bacteria|p__Pseudomonadota|c__Alphaproteobacteria|o__Rhodobacterales|f__Paracoccaceae|g__|s__|ASV_1438",3.0565863684059,-2.38430053836891,2.91972063474622,-0.816619408718242,0.414145959977345,NA,NA,"DESeq2"
"1064","September - February","k__Bacteria|p__Pseudomonadota|c__Alphaproteobacteria|o__|f__Neomegalonemataceae|g__Acuticoccus|s__|ASV_15879",4.69976635812488,5.11202449466722,2.78371995607194,1.83640041934416,0.066298457607137,0.145795219274954,"","DESeq2"
"1065","September - February","k__Bacteria|p__Pseudomonadota|c__Gammaproteobacteria|o__Pseudomonadales|f__Cellvibrionaceae|g__|s__|ASV_5036",5.59449157460444,-3.23805696899322,2.63517291076489,-1.2287834911195,0.219152992825759,0.335685197141494,"","DESeq2"
"1066","September - February","k__Bacteria|p__Pseudomonadota|c__Gammaproteobacteria|o__Pseudomonadales|f__Microbulbiferaceae|g__Microbulbifer|s__|ASV_10385",0.698971178712249,-3.48930139603638,2.97459350395769,-1.17303469915935,0.24078189108513,NA,NA,"DESeq2"
"1067","September - February","k__Bacteria|p__Acidobacteriota|c__Thermoanaerobaculia|o__Thermoanaerobaculales|f__Thermoanaerobaculaceae|g__Subgroup_10|s__|ASV_4632",5.14553681009324,-1.63916639413458,2.27767269943224,-0.719667226350464,0.471729909677069,0.591999226146916,"","DESeq2"
"1068","September - February","k__Bacteria|p__Pseudomonadota|c__Alphaproteobacteria|o__Sphingomonadales|f__Sphingomonadaceae|g__|s__|ASV_8973",0.450311615226459,1.73356372214656,2.96995261375764,0.583700801863373,0.559421627677326,NA,NA,"DESeq2"
"1069","September - February","k__Bacteria|p__Pseudomonadota|c__Gammaproteobacteria|o__Pseudomonadales|f__Halieaceae|g__Parahaliea|s__|ASV_9065",6.81051014597632,-2.96725912916429,2.03915850645967,-1.4551390290478,0.145630776139093,0.254786809083128,"","DESeq2"
"1070","September - February","k__Bacteria|p__Bacteroidota|c__Bacteroidia|o__Chitinophagales|f__Saprospiraceae|g__Lewinella|s__|ASV_8583",1.1690125484302,3.1105974344385,2.95456217229177,1.0528116360556,0.292427330895259,NA,NA,"DESeq2"
"1071","September - February","k__Bacteria|p__Bacteroidota|c__Bacteroidia|o__Cytophagales|f__Cyclobacteriaceae|g__|s__|ASV_11285",4.99224018624164,-3.86563158753008,2.58838678481677,-1.4934520645081,0.135318893078442,0.242472585478267,"","DESeq2"
"1072","September - February","k__Bacteria|p__Bacteroidota|c__Bacteroidia|o__Flavobacteriales|f__Flavobacteriaceae|g__Robertkochia|s__|ASV_468",4.69738882534149,-0.412795328947728,2.12624912766391,-0.194142503612106,0.84606430164137,0.9012609669591,"","DESeq2"
"1073","September - February","k__Bacteria|p__Deinococcota|c__Deinococci|o__Deinococcales|f__Trueperaceae|g__Truepera|s__|ASV_14236",6.25156748576027,-1.98297715766138,1.82531704056382,-1.08637410027623,0.277313515384134,0.40468178128253,"","DESeq2"
"1074","September - February","k__Bacteria|p__Gemmatimonadota|c__Longimicrobiia|o__Longimicrobiales|f__Longimicrobiaceae|g__|s__|ASV_5599",2.16603101155294,-1.54199772067047,2.9241670768426,-0.527328870118961,0.597965229151812,NA,NA,"DESeq2"
"1075","September - February","k__Bacteria|p__Pseudomonadota|c__Gammaproteobacteria|o__Enterobacterales|f__Alteromonadaceae|g__|s__|ASV_7006",3.44042237884818,-5.66818782436272,2.95292644647177,-1.91951541195183,0.0549191377188688,NA,NA,"DESeq2"
"1076","September - February","k__Bacteria|p__Pseudomonadota|c__Gammaproteobacteria|o__Pseudomonadales|f__Cellvibrionaceae|g__|s__|ASV_9688",3.65092698810212,1.18497811450528,1.66148983730272,0.713202144184633,0.475720679666343,NA,NA,"DESeq2"
"1077","September - February","k__Bacteria|p__Rhodothermota|c__Rhodothermia|o__Rhodothermales|f__Rhodothermaceae|g__|s__|ASV_15284",3.96798420964191,-5.87419227956353,2.9518612885563,-1.98999604159465,0.0465913715513848,0.110103987497054,"","DESeq2"
"1078","September - February","k__Bacteria|p__Cyanobacteriota|c__Cyanobacteriia|o__Cyanobacteriales|f__Microcystaceae|g__Synechocystis_BDHKU-20401|s__|ASV_733",1.41957575081627,-2.24892133337129,2.95255963679881,-0.761685320540921,0.44624783862268,NA,NA,"DESeq2"
"1079","September - February","k__Bacteria|p__Pseudomonadota|c__Gammaproteobacteria|o__Ectothiorhodospirales|f__Ectothiorhodospiraceae|g__Thiogranum|s__|ASV_13819",5.24257257464041,-1.56302086441606,2.48238331252569,-0.62964525121053,0.528926710219826,0.64919945052821,"","DESeq2"
"1080","September - February","k__Bacteria|p__Pseudomonadota|c__Gammaproteobacteria|o__Enterobacterales|f__Alteromonadaceae|g__Alteromonas|s__|ASV_3498",2.04205196209539,-2.52773850015815,2.93918007127479,-0.860014847291003,0.389780858187226,NA,NA,"DESeq2"
"1081","September - February","k__Bacteria|p__Pseudomonadota|c__Gammaproteobacteria|o__Enterobacterales|f__Alteromonadaceae|g__|s__|ASV_6570",2.19838407303725,-5.02721260795875,2.957376638602,-1.69988919988737,0.0891517687767346,NA,NA,"DESeq2"
"1082","September - February","k__Bacteria|p__Pseudomonadota|c__Gammaproteobacteria|o__Pseudomonadales|f__Halieaceae|g__Pseudohaliea|s__|ASV_13472",3.69299471066789,-5.77009192096484,2.95238085860497,-1.95438603530686,0.0506555809401008,NA,NA,"DESeq2"
"1083","September - February","k__Bacteria|p__Pseudomonadota|c__Gammaproteobacteria|o__Steroidobacterales|f__Woeseiaceae|g__Woeseia|s__|ASV_8035",7.07889111871403,-2.44053637914438,1.7901101949912,-1.36334421532993,0.172774053265495,0.286949913640245,"","DESeq2"
"1084","September - February","k__Bacteria|p__Rhodothermota|c__Rhodothermia|o__Rhodothermales|f__Rhodothermaceae|g__|s__|ASV_7515",4.26745483241109,4.97328506400222,2.80575205254188,1.77253191688719,0.0763063020243189,0.16109108205134,"","DESeq2"
"1085","September - February","k__Bacteria|p__Rhodothermota|c__Rhodothermia|o__Rhodothermales|f__Rhodothermaceae|g__|s__|ASV_9456",6.39673047360407,-6.55848559744372,2.38855228757184,-2.74579946671838,0.00603636481202328,0.0263052595019363,"*","DESeq2"
"1086","September - February","k__Bacteria|p__Thermodesulfobacteriota|c__Desulfobulbia|o__Desulfobulbales|f__Desulfobulbaceae|g__|s__|ASV_8037",2.19282726914953,-2.93120187816372,2.94343864788618,-0.995842695844451,0.319326581671051,NA,NA,"DESeq2"
"1087","September - February","k__Bacteria|p__Actinomycetota|c__Actinobacteria|o__Euzebyales|f__Euzebyaceae|g__|s__|ASV_8144",1.29190708291158,3.25229397801451,2.95365656948521,1.10110769532741,0.27084978822729,NA,NA,"DESeq2"
"1088","September - February","k__Bacteria|p__Bacteroidota|c__Bacteroidia|o__Chitinophagales|f__Saprospiraceae|g__|s__|ASV_8386",2.32406605766145,-3.34040862241363,2.94794571424171,-1.13313098211948,0.257159252346946,NA,NA,"DESeq2"
"1089","September - February","k__Bacteria|p__Cyanobacteriota|c__Cyanobacteriia|o__Cyanobacteriales|f__Xenococcaceae|g__Pleurocapsa_PCC-7319|s__|ASV_7062",1.45688451705543,-4.44789633638497,2.96317998485017,-1.50105506892112,0.133341318757205,NA,NA,"DESeq2"
"1090","September - February","k__Bacteria|p__Pseudomonadota|c__Alphaproteobacteria|o__Caulobacterales|f__Hyphomonadaceae|g__Euryhalocaulis|s__|ASV_13612",1.5082588359635,-4.49332872876885,2.96275816467372,-1.51660327270204,0.129366878621629,NA,NA,"DESeq2"
"1091","September - February","k__Bacteria|p__Pseudomonadota|c__Alphaproteobacteria|o__Rhodobacterales|f__Paracoccaceae|g__Actibacterium|s__|ASV_1137",1.11892701469401,3.0445958424224,2.95501515919312,1.0303147965081,0.302862255387159,NA,NA,"DESeq2"
"1092","September - February","k__Bacteria|p__Pseudomonadota|c__Alphaproteobacteria|o__Rhodobacterales|f__Paracoccaceae|g__Limibaculum|s__|ASV_11834",0.722628382409248,0.087190193016971,2.95642900616158,0.0294917256038469,0.976472418084327,NA,NA,"DESeq2"
"1093","September - February","k__Bacteria|p__Thermodesulfobacteriota|c__Desulfobulbia|o__Desulfobulbales|f__Desulfocapsaceae|g__|s__|ASV_10762",6.4697464875134,-6.56886317918407,2.14912093526356,-3.05653491685822,0.00223911399767311,0.0146438450702451,"*","DESeq2"
"1094","September - February","k__Bacteria|p__Verrucomicrobiota|c__Verrucomicrobiia|o__Verrucomicrobiales|f__Rubritaleaceae|g__Haloferula|s__|ASV_655",1.03198336152522,-3.92463909434471,2.96909668942884,-1.32182933224033,0.186224988523411,NA,NA,"DESeq2"
"1095","September - February","k__Bacteria|p__Actinomycetota|c__Actinobacteria|o__Nitriliruptorales|f__Nitriliruptoraceae|g__|s__|ASV_10455",3.24212442444383,4.5788267906377,2.6206898174613,1.74718379875772,0.0806054611003149,NA,NA,"DESeq2"
"1096","September - February","k__Bacteria|p__Bacteroidota|c__Bacteroidia|o__Bacteroidales|f__Prolixibacteraceae|g__|s__|ASV_3832",7.85778549530556,-6.84373673871501,2.36404675239768,-2.89492444757021,0.00379249800839279,0.020127782726107,"*","DESeq2"
"1097","September - February","k__Bacteria|p__Bacteroidota|c__Bacteroidia|o__Chitinophagales|f__Saprospiraceae|g__Lewinella|s__|ASV_8608",9.53664362773355,-7.13084595196375,2.59660091848871,-2.74622330339238,0.00602857148692209,0.0263052595019363,"*","DESeq2"
"1098","September - February","k__Bacteria|p__Bacteroidota|c__Bacteroidia|o__Flavobacteriales|f__Flavobacteriaceae|g__Winogradskyella|s__|ASV_13686",6.03753213811982,-6.46826286958532,2.39321587521553,-2.70274944127336,0.00687685635197354,0.0287797953056161,"*","DESeq2"
"1099","September - February","k__Bacteria|p__Chloroflexota|c__Anaerolineae|o__Anaerolineales|f__Anaerolineaceae|g__ADurb.Bin120|s__|ASV_707",9.08994372802357,-7.05181943142222,2.35252889836613,-2.99754848338731,0.0027216056429833,0.0164402732367822,"*","DESeq2"
"1100","September - February","k__Bacteria|p__Chloroflexota|c__Anaerolineae|o__Anaerolineales|f__Anaerolineaceae|g__|s__|ASV_6002",2.79109394279405,-4.86077426568893,2.95495247806833,-1.64495852361946,0.0999783646965161,NA,NA,"DESeq2"
"1101","September - February","k__Bacteria|p__Myxococcota|c__Polyangiia|o__Polyangiales|f__Sandaracinaceae|g__|s__|ASV_10742",6.62003199773768,-5.24787650968207,2.07679438390676,-2.52691193232622,0.0115070353775818,0.0422861973679325,"*","DESeq2"
"1102","September - February","k__Bacteria|p__Pseudomonadota|c__Alphaproteobacteria|o__Hyphomicrobiales|f__Devosiaceae|g__|s__|ASV_11111",3.07217498927174,1.42801528809354,2.54166253827872,0.561842993153857,0.574222996785207,NA,NA,"DESeq2"
"1103","September - February","k__Bacteria|p__Pseudomonadota|c__Alphaproteobacteria|o__Hyphomicrobiales|f__Devosiaceae|g__|s__|ASV_12167",4.1492388668124,-0.139529557720272,2.13928377579101,-0.0652225568665758,0.947996801582252,0.968383829573268,"","DESeq2"
"1104","September - February","k__Bacteria|p__Pseudomonadota|c__Alphaproteobacteria|o__Hyphomicrobiales|f__Rhizobiaceae|g__Oricola|s__|ASV_10272",4.2072841050163,-2.91557563105167,2.41608548321697,-1.20673529612439,0.227534101429426,0.344748638529433,"","DESeq2"
"1105","September - February","k__Bacteria|p__Pseudomonadota|c__Alphaproteobacteria|o__Rhodobacterales|f__Paracoccaceae|g__|s__|ASV_8569",6.39223005861262,-3.40880080688388,2.60673740532761,-1.30768860719036,0.190978949113571,0.309607511361591,"","DESeq2"
"1106","September - February","k__Bacteria|p__Rhodothermota|c__Rhodothermia|o__Rhodothermales|f__Rhodothermaceae|g__|s__|ASV_10187",8.66849531343255,-6.99347458165302,2.60080972318881,-2.68896048768936,0.00716749024959815,0.0294766915026764,"*","DESeq2"
"1107","September - February","k__Bacteria|p__Bacteroidota|c__Bacteroidia|o__Cytophagales|f__Cyclobacteriaceae|g__Fulvivirga|s__|ASV_115",2.98304327198326,-1.52537963848698,2.91302538375251,-0.52364103896754,0.600528231951796,NA,NA,"DESeq2"
"1108","September - February","k__Bacteria|p__Bacteroidota|c__Bacteroidia|o__Cytophagales|f__Cyclobacteriaceae|g__Roseivirga|s__|ASV_15880",7.52926639402402,-3.6513879536979,2.37591815530604,-1.53683238016571,0.124334361861924,0.227586982213541,"","DESeq2"
"1109","September - February","k__Bacteria|p__Bacteroidota|c__Bacteroidia|o__Flavobacteriales|f__Flavobacteriaceae|g__Tenacibaculum|s__|ASV_12003",5.3208336259796,-2.91739200851949,2.22314902909287,-1.31227910065476,0.18942598108949,0.308032307837109,"","DESeq2"
"1110","September - February","k__Bacteria|p__Balneolota|c__Balneolia|o__Balneolales|f__Balneolaceae|g__|s__|ASV_4902",3.9386595444188,3.88200101365479,2.19551658235737,1.76814925692186,0.0770359546572286,0.16169784397267,"","DESeq2"
"1111","September - February","k__Bacteria|p__Planctomycetota|c__Planctomycetes|o__Pirellulales|f__Pirellulaceae|g__Rubripirellula|s__|ASV_7030",8.41284596523536,-6.95095468103329,2.60867187646682,-2.66455691255722,0.00770898207472363,0.0311639700893083,"*","DESeq2"
"1112","September - February","k__Bacteria|p__Thermodesulfobacteriota|c__Desulfobacteria|o__Desulfobacterales|f__Desulfobacteraceae|g__Desulfobacter|s__|ASV_4282",2.84602729831685,-5.40042699532864,2.95455399301533,-1.82783154685798,0.0675748370736008,NA,NA,"DESeq2"
"1113","September - February","k__Bacteria|p__Bacteroidota|c__Bacteroidia|o__Chitinophagales|f__Saprospiraceae|g__Phaeodactylibacter|s__|ASV_15113",4.7685962178792,-1.07726216881221,2.30214928522963,-0.467937581512989,0.639829227137085,0.744899222769891,"","DESeq2"
"1114","September - February","k__Bacteria|p__Bacteroidota|c__Bacteroidia|o__Cytophagales|f__Cyclobacteriaceae|g__Fulvivirga|s__|ASV_10945",10.3228062105523,-7.24542556615675,2.59517361137846,-2.79188472570367,0.00524020208776464,0.0241659805018272,"*","DESeq2"
"1115","September - February","k__Bacteria|p__Planctomycetota|c__Planctomycetes|o__Pirellulales|f__Pirellulaceae|g__Rhodopirellula|s__|ASV_9414",7.77495975654257,-4.68974708796083,2.31415395933532,-2.02654930068172,0.0427085259724307,0.104569844520127,"","DESeq2"
"1116","September - February","k__Bacteria|p__Pseudomonadota|c__Alphaproteobacteria|o__Hyphomicrobiales|f__Rhizobiaceae|g__Pseudahrensia|s__|ASV_8399",1.96594813615184,-0.218429722270468,2.92147466177696,-0.0747669405209252,0.940400145810848,NA,NA,"DESeq2"
"1117","September - February","k__Bacteria|p__Pseudomonadota|c__Gammaproteobacteria|o__Burkholderiales|f__Nitrosomonadaceae|g__|s__|ASV_10411",4.06739360470586,-5.19364124176952,2.54865084754107,-2.03780021370143,0.0415699170030025,0.102792772911282,"","DESeq2"
"1118","September - February","k__Bacteria|p__Actinomycetota|c__Thermoleophilia|o__Solirubrobacterales|f__67-14|g__|s__|ASV_11122",0.600415486968612,2.14781042598133,2.96372297856287,0.724700129369993,0.468636015747959,NA,NA,"DESeq2"
"1119","September - February","k__Bacteria|p__Verrucomicrobiota|c__Verrucomicrobiia|o__Verrucomicrobiales|f__DEV007|g__|s__|ASV_15353",3.87297313191263,-5.82627480191096,2.95209587072541,-1.97360622996274,0.0484265348024864,0.112491054029723,"","DESeq2"
"1120","September - February","k__Bacteria|p__Bacteroidota|c__Bacteroidia|o__Chitinophagales|f__Saprospiraceae|g__|s__|ASV_4360",5.27871527199589,-2.97502240367762,2.41866852545687,-1.23002485556207,0.218687797310545,0.335685197141494,"","DESeq2"
"1121","September - February","k__Bacteria|p__Bacteroidota|c__Bacteroidia|o__Flavobacteriales|f__Flavobacteriaceae|g__Gramella|s__|ASV_6794",4.008254892394,-1.66994833410495,2.02315412603305,-0.825418247980613,0.409134178438326,0.536847333586202,"","DESeq2"
"1122","September - February","k__Bacteria|p__Pseudomonadota|c__Alphaproteobacteria|o__Rhodobacterales|f__Paracoccaceae|g__|s__|ASV_4203",2.52595515727601,4.2202539635537,2.67192788681729,1.57947899132141,0.114226231583023,NA,NA,"DESeq2"
"1123","September - February","k__Bacteria|p__Pseudomonadota|c__Alphaproteobacteria|o__Sphingomonadales|f__Sphingomonadaceae|g__Qipengyuania|s__|ASV_13409",0.544301890055658,-3.22877180398151,2.97770025325256,-1.08431726815172,0.278224151447538,NA,NA,"DESeq2"
"1124","September - February","k__Bacteria|p__Rhodothermota|c__Rhodothermia|o__Rhodothermales|f__Rhodothermaceae|g__|s__|ASV_2717",4.07081141014696,3.4855906374176,2.67775528343075,1.30168378678423,0.1930245042515,0.310802167862584,"","DESeq2"
"1125","September - February","k__Bacteria|p__Thermodesulfobacteriota|c__Desulfobacteria|o__Desulfatiglandales|f__Desulfatiglandaceae|g__Desulfatiglans|s__|ASV_6997",2.56152699899166,-5.25016351417367,2.955605550317,-1.77634106608393,0.0756767184230935,NA,NA,"DESeq2"
"1126","September - February","k__Bacteria|p__Actinomycetota|c__Actinobacteria|o__Euzebyales|f__Euzebyaceae|g__Euzebya|s__|ASV_2735",3.61500212820759,1.77387642561723,2.75812385212439,0.64314603720603,0.520129344503953,NA,NA,"DESeq2"
"1127","September - February","k__Bacteria|p__Chloroflexota|c__Anaerolineae|o__Aggregatilineales|f__A4b|g__|s__|ASV_10524",9.7954083625406,-5.57194806335776,2.11203659333468,-2.63818727428403,0.00833505378004765,0.0329929212126886,"*","DESeq2"
"1128","September - February","k__Bacteria|p__Chloroflexota|c__Anaerolineae|o__Anaerolineales|f__Anaerolineaceae|g__ADurb.Bin120|s__|ASV_3163",1.63281812210593,-4.60701530891302,2.96153162270012,-1.55561915111771,0.119798681984246,NA,NA,"DESeq2"
"1129","September - February","k__Bacteria|p__Myxococcota|c__Polyangiia|o__Polyangiales|f__BIrii41|g__|s__|ASV_2804",1.21514014663969,1.14478755492642,2.94217452934552,0.389095732937732,0.697205329891358,NA,NA,"DESeq2"
"1130","September - February","k__Bacteria|p__Planctomycetota|c__Planctomycetes|o__Pirellulales|f__Pirellulaceae|g__Pir4_lineage|s__|ASV_1166",3.41832421656677,0.548233242909019,2.13349418726989,0.256964957383157,0.797205824873544,NA,NA,"DESeq2"
"1131","September - February","k__Bacteria|p__Pseudomonadota|c__Alphaproteobacteria|o__Hyphomicrobiales|f__Rhizobiaceae|g__|s__|ASV_2926",2.96872568169969,-5.45212970638939,2.84834778745205,-1.91413763811003,0.0556025714455581,NA,NA,"DESeq2"
"1132","September - February","k__Bacteria|p__Pseudomonadota|c__Alphaproteobacteria|o__Rhodobacterales|f__Paracoccaceae|g__Limibaculum|s__|ASV_7555",2.3300018998132,1.17501287282896,2.92317682333326,0.401964350377242,0.687710262795894,NA,NA,"DESeq2"
"1133","September - February","k__Bacteria|p__Pseudomonadota|c__Alphaproteobacteria|o__Rhodobacterales|f__Paracoccaceae|g__|s__|ASV_15974",1.31044702902541,-4.2977393662951,2.96467007021047,-1.44965182111815,0.147155637288196,NA,NA,"DESeq2"
"1134","September - February","k__Bacteria|p__Rhodothermota|c__Rhodothermia|o__Rhodothermales|f__Rhodothermaceae|g__Rubricoccus|s__|ASV_12641",3.05405983084672,0.761497988572113,2.55598911894471,0.297926928924686,0.765758934406699,NA,NA,"DESeq2"
"1135","September - February","k__Bacteria|p__Actinomycetota|c__Acidimicrobiia|o__Acidimicrobiales|f__Acidimicrobiaceae|g__|s__|ASV_9339",4.23699834129192,3.26667539553519,2.22212957373588,1.4700652176836,0.14154409152546,0.249474743876043,"","DESeq2"
"1136","September - February","k__Bacteria|p__Bacteroidota|c__Bacteroidia|o__Bacteroidales|f__Marinifilaceae|g__|s__|ASV_14354",8.15827113335903,-6.89794783588933,2.62429511592692,-2.62849547447065,0.00857634966126746,0.0333915253205085,"*","DESeq2"
"1137","September - February","k__Bacteria|p__Bacteroidota|c__Bacteroidia|o__Flavobacteriales|f__Flavobacteriaceae|g__Sungkyunkwania|s__|ASV_12555",5.87764960807965,-6.43670919697743,2.39629843013458,-2.68610500096014,0.00722903670279659,0.0296016589123136,"*","DESeq2"
"1138","September - February","k__Bacteria|p__Cyanobacteriota|c__Cyanobacteriia|o__Cyanobacteriales|f__Nostocaceae|g__Rivularia_PCC-7116|s__|ASV_2166",0.81546637516429,-3.66850589376022,2.97273314911812,-1.23405153094502,0.217183702878364,NA,NA,"DESeq2"
"1139","September - February","k__Bacteria|p__Pseudomonadota|c__Alphaproteobacteria|o__Hyphomicrobiales|f__Stappiaceae|g__Roseibium|s__|ASV_11950",12.6023422199367,-7.51570790677606,1.81577998812018,-4.1391071362984,3.48660110134349e-05,0.000636975201206984,"***","DESeq2"
"1140","September - February","k__Bacteria|p__Pseudomonadota|c__Alphaproteobacteria|o__Rhodobacterales|f__Paracoccaceae|g__Limibaculum|s__|ASV_6882",4.49471279619706,0.449259423680793,2.31669643435017,0.193922439306042,0.84623661318686,0.9012609669591,"","DESeq2"
"1141","September - February","k__Bacteria|p__Pseudomonadota|c__Alphaproteobacteria|o__Rhodobacterales|f__Paracoccaceae|g__|s__|ASV_12539",11.0115048728337,-7.33786298773334,2.58792239099599,-2.83542621419543,0.0045764585229973,0.0222955671633202,"*","DESeq2"
"1142","September - February","k__Bacteria|p__Pseudomonadota|c__Alphaproteobacteria|o__|f__Neomegalonemataceae|g__Acuticoccus|s__|ASV_11070",0,0,0,0,1,NA,NA,"DESeq2"
"1143","September - February","k__Bacteria|p__Pseudomonadota|c__Gammaproteobacteria|o__Ectothiorhodospirales|f__Thioalkalispiraceae|g__Thiohalophilus|s__|ASV_1620",2.43624319051207,-5.17385312942582,2.95618196525317,-1.75018087189458,0.0800871083824828,NA,NA,"DESeq2"
"1144","September - February","k__Bacteria|p__Pseudomonadota|c__Gammaproteobacteria|o__Pseudomonadales|f__Alcanivoracaceae|g__Ketobacter|s__|ASV_7134",4.63878186668698,-2.50290256313359,2.45040813017404,-1.0214227304885,0.307054200613605,0.434079599081733,"","DESeq2"
"1145","September - February","k__Bacteria|p__Pseudomonadota|c__Gammaproteobacteria|o__Steroidobacterales|f__Woeseiaceae|g__Woeseia|s__|ASV_14902",11.2608214509739,-7.3591376776611,2.15007618403526,-3.42273345116985,0.000619948370966906,0.00583119754869862,"**","DESeq2"
"1146","September - February","k__Bacteria|p__Thermodesulfobacteriota|c__Desulfobacteria|o__Desulfobacterales|f__Desulfosarcinaceae|g__Desulfatitalea|s__|ASV_5386",0,0,0,0,1,NA,NA,"DESeq2"
"1147","September - February","k__Bacteria|p__Verrucomicrobiota|c__Kiritimatiellia|o__Kiritimatiellales|f__Kiritimatiellaceae|g__R76-B128|s__|ASV_5011",1.74742794678062,-4.69431228455279,2.96056945846453,-1.58561126513392,0.112827519215047,NA,NA,"DESeq2"
"1148","September - February","k__Bacteria|p__Bacteroidota|c__Bacteroidia|o__Cytophagales|f__Cyclobacteriaceae|g__Marinoscillum|s__|ASV_227",2.34248420220992,2.46566874654181,2.93755029300514,0.839362223827462,0.401266075506158,NA,NA,"DESeq2"
"1149","September - February","k__Bacteria|p__Cyanobacteriota|c__Cyanobacteriia|o__Cyanobacteriales|f__Xenococcaceae|g__Chroococcidiopsis_PCC-6712|s__|ASV_3345",0,0,0,0,1,NA,NA,"DESeq2"
"1150","September - February","k__Bacteria|p__Planctomycetota|c__Planctomycetes|o__Planctomycetales|f__Rubinisphaeraceae|g__Planctomicrobium|s__|ASV_4177",3.12171086461118,-1.83467702910146,2.91372715016022,-0.629666723941731,0.528912658298579,NA,NA,"DESeq2"
"1151","September - February","k__Bacteria|p__Planctomycetota|c__Planctomycetes|o__Planctomycetales|f__Rubinisphaeraceae|g__|s__|ASV_9127",7.11399105113972,-4.61608721853417,1.64202191993505,-2.811221435288,0.00493538065761865,0.0236255190056757,"*","DESeq2"
"1152","September - February","k__Bacteria|p__Pseudomonadota|c__Alphaproteobacteria|o__Rhodobacterales|f__Paracoccaceae|g__Tropicimonas-Psychromarinibacter|s__|ASV_204",0,0,0,0,1,NA,NA,"DESeq2"
"1153","September - February","k__Bacteria|p__Pseudomonadota|c__Gammaproteobacteria|o__Pseudomonadales|f__Nitrincolaceae|g__Marinobacterium|s__|ASV_12692",6.47314761289946,0.154457247207362,2.1597692136064,0.0715156259447962,0.942987388694759,0.965342693168126,"","DESeq2"
"1154","September - February","k__Bacteria|p__Verrucomicrobiota|c__Verrucomicrobiia|o__Opitutales|f__Puniceicoccaceae|g__Verruc-01|s__|ASV_14543",4.37852908661126,-6.01952346489713,2.42846747182932,-2.47873341303713,0.0131849810830858,0.0458878641399676,"*","DESeq2"
"1155","September - February","k__Bacteria|p__Verrucomicrobiota|c__Verrucomicrobiia|o__Verrucomicrobiales|f__DEV007|g__|s__|ASV_8775",0.326581134033395,-2.66440427412482,2.9866256977826,-0.892111882685195,0.372332966402057,NA,NA,"DESeq2"
"1156","September - February","k__Bacteria|p__Bacillota|c__Clostridia|o__Peptostreptococcales-Tissierellales|f__Peptostreptococcaceae|g__Romboutsia|s__|ASV_8542",6.52953923619245,-6.57552866006806,2.15117402805211,-3.05671627414645,0.00223775981551754,0.0146438450702451,"*","DESeq2"
"1157","September - February","k__Bacteria|p__Bacteroidota|c__Bacteroidia|o__Flavobacteriales|f__Flavobacteriaceae|g__Hoppeia|s__|ASV_1461",6.52169911217927,-4.70782209536948,2.53949248643856,-1.85384367959751,0.063761527366364,0.141526754668331,"","DESeq2"
"1158","September - February","k__Bacteria|p__Bacteroidota|c__Bacteroidia|o__Flavobacteriales|f__Flavobacteriaceae|g__Robertkochia|s__|ASV_3583",0,0,0,0,1,NA,NA,"DESeq2"
"1159","September - February","k__Bacteria|p__Balneolota|c__Balneolia|o__Balneolales|f__Balneolaceae|g__|s__|ASV_1012",10.5073334544348,-7.25535810109101,1.96032183112163,-3.70110559700279,0.000214662114084005,0.00287126369128806,"**","DESeq2"
"1160","September - February","k__Bacteria|p__Cyanobacteriota|c__Cyanobacteriia|o__Phormidesmiales|f__Phormidesmiaceae|g__Phormidium_MBIC10003|s__|ASV_13926",1.24800647648476,-4.23933342253311,2.96529174468869,-1.42965137583054,0.152817102326251,NA,NA,"DESeq2"
"1161","September - February","k__Bacteria|p__Hydrogenedentes|c__Hydrogenedentia|o__Hydrogenedentiales|f__Hydrogenedensaceae|g__|s__|ASV_14174",5.57956032872953,-1.45189959648729,1.81540659997437,-0.799765516170199,0.423846665878261,0.547829023924284,"","DESeq2"
"1162","September - February","k__Bacteria|p__Nitrospirota|c__Nitrospiria|o__Nitrospirales|f__Nitrospiraceae|g__Nitrospira|s__|ASV_10748",0.82045882158527,-3.68090091143653,2.97257580160364,-1.23828664333833,0.21560979455656,NA,NA,"DESeq2"
"1163","September - February","k__Bacteria|p__Pseudomonadota|c__Alphaproteobacteria|o__Rhodobacterales|f__Paracoccaceae|g__|s__|ASV_3279",2.4438177225328,0.241385060995936,2.91681611490159,0.0827563519560713,0.934045276115458,NA,NA,"DESeq2"
"1164","September - February","k__Bacteria|p__Pseudomonadota|c__Alphaproteobacteria|o__Sphingomonadales|f__Sphingomonadaceae|g__Sphingomicrobium|s__|ASV_6904",7.08248186879404,-6.70289389969728,2.62182503407184,-2.55657559623165,0.0105708099508398,0.0398502756083245,"*","DESeq2"
"1165","September - February","k__Bacteria|p__Pseudomonadota|c__Gammaproteobacteria|o__Pseudomonadales|f__Halomonadaceae|g__Halomonas|s__|ASV_8266",0.514101601345898,1.92400496798073,2.96686882863944,0.648496808961739,0.516663674072561,NA,NA,"DESeq2"
"1166","September - February","k__Bacteria|p__Pseudomonadota|c__Gammaproteobacteria|o__Steroidobacterales|f__Woeseiaceae|g__Woeseia|s__|ASV_11187",1.28144716097246,-4.26851104594702,2.964978113909,-1.4396433572049,0.149968326335468,NA,NA,"DESeq2"
"1167","September - February","k__Bacteria|p__Pseudomonadota|c__Gammaproteobacteria|o__Steroidobacterales|f__Woeseiaceae|g__Woeseia|s__|ASV_14750",2.24831634375203,-5.0429403017694,2.95724277202903,-1.70528451348934,0.0881413744538162,NA,NA,"DESeq2"
"1168","September - February","k__Bacteria|p__Actinomycetota|c__Acidimicrobiia|o__Microtrichales|f__Microtrichaceae|g__|s__|ASV_12814",1.99780958334007,-1.93870207182318,2.90532796115925,-0.667291988285421,0.504585642895685,NA,NA,"DESeq2"
"1169","September - February","k__Bacteria|p__Actinomycetota|c__Actinobacteria|o__Nitriliruptorales|f__Nitriliruptoraceae|g__|s__|ASV_633",1.26056594651407,-4.25877723838986,2.96508205711732,-1.43631007720922,0.150914127823912,NA,NA,"DESeq2"
"1170","September - February","k__Bacteria|p__Bacteroidota|c__Bacteroidia|o__Cytophagales|f__Cyclobacteriaceae|g__Ekhidna|s__|ASV_14662",8.17465991346983,-2.95448704078473,2.42363713346728,-1.21903027478293,0.222832701936991,0.338705706944227,"","DESeq2"
"1171","September - February","k__Bacteria|p__Chloroflexota|c__Anaerolineae|o__Caldilineales|f__Caldilineaceae|g__|s__|ASV_1226",2.00175281635866,-0.204325156981337,2.92101908484844,-0.069949956178372,0.944233491194566,NA,NA,"DESeq2"
"1172","September - February","k__Bacteria|p__Myxococcota|c__Polyangiia|o__Haliangiales|f__Haliangiaceae|g__|s__|ASV_15528",1.31864676672043,1.03325574556739,2.84469110252244,0.363222475948685,0.716438699140088,NA,NA,"DESeq2"
"1173","September - February","k__Bacteria|p__Planctomycetota|c__Planctomycetes|o__Pirellulales|f__Pirellulaceae|g__Bythopirellula|s__|ASV_14072",7.04456267946662,-2.48506714251912,2.44560130275407,-1.01613747904068,0.309563923733799,0.43503805850164,"","DESeq2"
"1174","September - February","k__Bacteria|p__Pseudomonadota|c__Alphaproteobacteria|o__Rhodobacterales|f__Paracoccaceae|g__Allosediminivita|s__|ASV_12916",1.63532879547771,3.58501936513969,2.95184777545029,1.21450008193353,0.224556818563632,NA,NA,"DESeq2"
"1175","September - February","k__Bacteria|p__Pseudomonadota|c__Alphaproteobacteria|o__Rhodobacterales|f__Paracoccaceae|g__Pikeienuella|s__|ASV_14678",4.50140932329199,-0.394996793793779,2.52625694413146,-0.156356539548111,0.875751992188281,0.919380401597492,"","DESeq2"
"1176","September - February","k__Bacteria|p__Pseudomonadota|c__Alphaproteobacteria|o__Rhodobacterales|f__Paracoccaceae|g__|s__|ASV_10800",2.45879223149841,-5.18389302410181,2.95610441811642,-1.75362311031113,0.0794951083931053,NA,NA,"DESeq2"
"1177","September - February","k__Bacteria|p__Pseudomonadota|c__Alphaproteobacteria|o__Sphingomonadales|f__Sphingomonadaceae|g__Qipengyuania|s__|ASV_3190",0.734807551575138,-3.56891760757279,2.97374834237758,-1.20014110027863,0.230084545669734,NA,NA,"DESeq2"
"1178","September - February","k__Bacteria|p__Bacteroidota|c__Bacteroidia|o__Flavobacteriales|f__Flavobacteriaceae|g__Muricauda|s__|ASV_4268",0.217720756022263,-2.25574517311711,2.99452881161747,-0.753288852779041,0.45127635590106,NA,NA,"DESeq2"
"1179","September - February","k__Bacteria|p__Bacteroidota|c__Bacteroidia|o__Flavobacteriales|f__Flavobacteriaceae|g__Robiginitalea|s__|ASV_15981",1.33210344486186,-2.10695418277701,2.9531569778122,-0.713458240996697,0.475562244698865,NA,NA,"DESeq2"
"1180","September - February","k__Bacteria|p__Pseudomonadota|c__Alphaproteobacteria|o__Hyphomicrobiales|f__Rhizobiaceae|g__|s__|ASV_7337",1.01880024693563,-0.22149575902791,2.94250964984484,-0.0752744376011101,0.939996359605841,NA,NA,"DESeq2"
"1181","September - February","k__Bacteria|p__Pseudomonadota|c__Gammaproteobacteria|o__Chromatiales|f__Chromatiaceae|g__Candidatus_Thiobios|s__|ASV_6706",2.15521949424496,-5.00314231216572,2.95758428218954,-1.69163135681186,0.0907162838838638,NA,NA,"DESeq2"
"1182","September - February","k__Bacteria|p__Pseudomonadota|c__Gammaproteobacteria|o__Enterobacterales|f__Vibrionaceae|g__Catenococcus|s__|ASV_14741",4.03255706746394,0.684224620918269,2.32842938798724,0.293856719232415,0.76886739168557,0.852303409686454,"","DESeq2"
"1183","September - February","k__Bacteria|p__Thermodesulfobacteriota|c__Desulfobulbia|o__Desulfobulbales|f__Desulfocapsaceae|g__|s__|ASV_15239",0.95970268164483,-0.472186510715426,2.94595642043228,-0.160282924567546,0.872658209192731,NA,NA,"DESeq2"
"1184","September - February","k__Bacteria|p__Actinomycetota|c__Actinobacteria|o__Nitriliruptorales|f__Nitriliruptoraceae|g__|s__|ASV_856",1.3001418266688,3.2613492264188,2.95360164872559,1.10419400254127,0.2695089907282,NA,NA,"DESeq2"
"1185","September - February","k__Bacteria|p__Bacteroidota|c__Bacteroidia|o__Chitinophagales|f__Saprospiraceae|g__Lewinella|s__|ASV_12953",6.80724709193327,-6.64510668893365,2.63336308544479,-2.52342972591311,0.0116216286278386,0.0422861973679325,"*","DESeq2"
"1186","September - February","k__Bacteria|p__Bacteroidota|c__Bacteroidia|o__Flavobacteriales|f__Flavobacteriaceae|g__Robiginitalea|s__|ASV_12043",3.20721821259045,-3.92510235267132,2.94589267823731,-1.3323982851337,0.182729345331897,NA,NA,"DESeq2"
"1187","September - February","k__Bacteria|p__Bacteroidota|c__Bacteroidia|o__Flavobacteriales|f__Flavobacteriaceae|g__|s__|ASV_2932",1.88888687632049,-4.80968302422201,2.95938122534454,-1.62523266114931,0.104112993569337,NA,NA,"DESeq2"
"1188","September - February","k__Bacteria|p__Chloroflexota|c__Anaerolineae|o__Aggregatilineales|f__A4b|g__|s__|ASV_12727",1.53642184604781,0.789872138867235,2.93128126776161,0.269463100506353,0.787573333900156,NA,NA,"DESeq2"
"1189","September - February","k__Bacteria|p__Chloroflexota|c__Anaerolineae|o__Caldilineales|f__Caldilineaceae|g__|s__|ASV_14004",12.6574014140001,-7.52862826470424,2.16326173906809,-3.48022069116218,0.000501000907840002,0.00495336511707038,"**","DESeq2"
"1190","September - February","k__Bacteria|p__Pseudomonadota|c__Alphaproteobacteria|o__Hyphomicrobiales|f__Hyphomicrobiaceae|g__Filomicrobium|s__|ASV_130",5.01399936057756,-0.819060655339828,1.98104802473872,-0.413448157294347,0.679278297972078,0.783273095547045,"","DESeq2"
"1191","September - February","k__Bacteria|p__Pseudomonadota|c__Alphaproteobacteria|o__Kiloniellales|f__Kiloniellaceae|g__Pelagibius|s__|ASV_4281",3.18497592282948,-5.55930022909157,2.95355279960387,-1.88224169543784,0.0598032068092427,NA,NA,"DESeq2"
"1192","September - February","k__Bacteria|p__Pseudomonadota|c__Gammaproteobacteria|o__Chromatiales|f__Chromatiaceae|g__Thiohalocapsa|s__|ASV_14778",6.42883742857316,-6.56454080495007,2.63674993357201,-2.48963343901826,0.0127874905763666,0.0453287912221951,"*","DESeq2"
"1193","September - February","k__Bacteria|p__Rhodothermota|c__Rhodothermia|o__Rhodothermales|f__Rhodothermaceae|g__|s__|ASV_12679",0.765080333095333,2.49852872763212,2.95966896884956,0.844191953197831,0.398562150385138,NA,NA,"DESeq2"
"1194","September - February","k__Bacteria|p__Rhodothermota|c__Rhodothermia|o__Rhodothermales|f__Rhodothermaceae|g__|s__|ASV_13110",0.805860133630308,-1.23437308818205,2.96044723351893,-0.416954936472493,0.676711369430496,NA,NA,"DESeq2"
"1195","September - February","k__Bacteria|p__Actinomycetota|c__Actinobacteria|o__Euzebyales|f__Euzebyaceae|g__Euzebya|s__|ASV_2264",3.64193374478315,-0.297624778021843,2.33459821152884,-0.127484368210382,0.898557044592082,NA,NA,"DESeq2"
"1196","September - February","k__Bacteria|p__Cyanobacteriota|c__Cyanobacteriia|o__Cyanobacteriales|f__Xenococcaceae|g__Pleurocapsa_PCC-7319|s__|ASV_14141",3.96208575775521,-5.87481294398861,2.7422530027691,-2.14233075433094,0.0321668757243335,0.0868140111878319,"","DESeq2"
"1197","September - February","k__Bacteria|p__Pseudomonadota|c__Alphaproteobacteria|o__Kiloniellales|f__Kiloniellaceae|g__Pelagibius|s__|ASV_14443",0,0,0,0,1,NA,NA,"DESeq2"
"1198","September - February","k__Bacteria|p__Pseudomonadota|c__Gammaproteobacteria|o__Ectothiorhodospirales|f__Ectothiorhodospiraceae|g__Thiogranum|s__|ASV_6435",4.20209003388477,-1.8757524929362,2.72081091409744,-0.689409353372296,0.490565699021692,0.611597656260639,"","DESeq2"
"1199","September - February","k__Bacteria|p__Pseudomonadota|c__Gammaproteobacteria|o__Pseudomonadales|f__Halieaceae|g__|s__|ASV_13665",6.48379244580505,-4.11133331023502,2.34573034393994,-1.75268795104962,0.0796555850373864,0.164155242736681,"","DESeq2"
"1200","September - February","k__Bacteria|p__Verrucomicrobiota|c__Verrucomicrobiia|o__Opitutales|f__Puniceicoccaceae|g__Pelagicoccus|s__|ASV_14309",2.52715227260611,1.88028868306328,2.82249300876966,0.6661801029165,0.505295989144456,NA,NA,"DESeq2"
"1201","September - February","k__Bacteria|p__Bacteroidota|c__Bacteroidia|o__Chitinophagales|f__Saprospiraceae|g__Flavilitoribacter|s__|ASV_15475",6.95425092545289,-5.12353083689233,2.30246504936418,-2.22523718147521,0.0260653200307642,0.0752646019125409,"","DESeq2"
"1202","September - February","k__Bacteria|p__Chloroflexota|c__Anaerolineae|o__Aggregatilineales|f__A4b|g__|s__|ASV_8302",3.23811517324876,-1.13709268416983,2.13151828776704,-0.533466070028907,0.593710992359159,NA,NA,"DESeq2"
"1203","September - February","k__Bacteria|p__Deinococcota|c__Deinococci|o__Deinococcales|f__Trueperaceae|g__Truepera|s__|ASV_12777",0,0,0,0,1,NA,NA,"DESeq2"
"1204","September - February","k__Bacteria|p__Planctomycetota|c__Planctomycetes|o__Pirellulales|f__Pirellulaceae|g__Blastopirellula|s__|ASV_12568",5.84978904492034,-5.66686298049329,1.54509652035807,-3.66764335161406,0.000244796311677755,0.00308611597683815,"**","DESeq2"
"1205","September - February","k__Bacteria|p__Pseudomonadota|c__Alphaproteobacteria|o__Rhodobacterales|f__Paracoccaceae|g__Jannaschia|s__|ASV_7536",1.72115456204889,-4.67125627455599,2.96081813684984,-1.57769104978733,0.114636603461244,NA,NA,"DESeq2"
"1206","September - February","k__Bacteria|p__Pseudomonadota|c__Alphaproteobacteria|o__Rhodobacterales|f__Paracoccaceae|g__|s__|ASV_1099",3.06372252641615,-5.50127587441218,2.95390600147733,-1.86237336992472,0.0625504801005382,NA,NA,"DESeq2"
"1207","September - February","k__Bacteria|p__Pseudomonadota|c__Alphaproteobacteria|o__Sphingomonadales|f__Sphingomonadaceae|g__Croceibacterium|s__|ASV_7944",3.03823124199747,0.3589810616154,2.56523713464266,0.13994069272095,0.888706849470361,NA,NA,"DESeq2"
"1208","September - February","k__Bacteria|p__Pseudomonadota|c__Gammaproteobacteria|o__Ectothiorhodospirales|f__Thioalkalispiraceae|g__|s__|ASV_3277",1.02208049717357,-3.9814374345914,2.96834911065152,-1.34129689136111,0.179824078704887,NA,NA,"DESeq2"
"1209","September - February","k__Bacteria|p__Pseudomonadota|c__Gammaproteobacteria|o__Enterobacterales|f__Vibrionaceae|g__Vibrio|s__|ASV_7051",0,0,0,0,1,NA,NA,"DESeq2"
"1210","September - February","k__Bacteria|p__Rhodothermota|c__Rhodothermia|o__Rhodothermales|f__Rhodothermaceae|g__Rubricoccus|s__|ASV_10120",4.22847247583617,-2.29293877065716,2.4728258866265,-0.927254435121292,0.353794445791677,0.475395648517812,"","DESeq2"
"1211","September - February","k__Bacteria|p__Thermodesulfobacteriota|c__Desulfobacteria|o__Desulfobacterales|f__Desulfosarcinaceae|g__SEEP-SRB1|s__|ASV_13449",6.64486124536808,-4.58086762310162,1.53040064543726,-2.99324731517791,0.00276025972740636,0.0164921178681512,"*","DESeq2"
"1212","September - February","k__Bacteria|p__Bacteroidota|c__Bacteroidia|o__Chitinophagales|f__Saprospiraceae|g__|s__|ASV_1242",4.11630827308296,-5.93054034856542,2.24457566747597,-2.64216548120844,0.00823777961777324,0.0329929212126886,"*","DESeq2"
"1213","September - February","k__Bacteria|p__Bacteroidota|c__Bacteroidia|o__Cytophagales|f__Cyclobacteriaceae|g__Tunicatimonas|s__|ASV_15963",5.61861775975114,-6.37129533998851,2.66239666546447,-2.39306765315416,0.0167081599551137,0.0558842175199084,"","DESeq2"
"1214","September - February","k__Bacteria|p__Planctomycetota|c__Planctomycetes|o__Pirellulales|f__Pirellulaceae|g__Rhodopirellula|s__|ASV_14365",6.15102497006991,-4.73391106725846,2.79207448710379,-1.69548165320221,0.0899840877706548,0.177723250274682,"","DESeq2"
"1215","September - February","k__Bacteria|p__Planctomycetota|c__Planctomycetes|o__Pirellulales|f__Pirellulaceae|g__Rhodopirellula|s__|ASV_5930",2.41934932980734,-5.16433054737433,2.95625600464775,-1.746915875775,0.0806519315512965,NA,NA,"DESeq2"
"1216","September - February","k__Bacteria|p__Pseudomonadota|c__Alphaproteobacteria|o__Caulobacterales|f__Hyphomonadaceae|g__Litorimonas|s__|ASV_366",1.89663761737978,-4.81440530281166,2.95933452187382,-1.62685403330585,0.10376810256977,NA,NA,"DESeq2"
"1217","September - February","k__Bacteria|p__Pseudomonadota|c__Alphaproteobacteria|o__Kiloniellales|f__Kiloniellaceae|g__Pelagibius|s__|ASV_3338",1.30853976470401,-4.30230762434449,2.96462247129858,-1.45121602025096,0.146719717298555,NA,NA,"DESeq2"
"1218","September - February","k__Bacteria|p__Rhodothermota|c__Rhodothermia|o__Rhodothermales|f__Rhodothermaceae|g__|s__|ASV_5458",2.47326076839863,1.46000034021706,2.92378194343602,0.49935336097646,0.617530469393066,NA,NA,"DESeq2"
"1219","September - February","k__Bacteria|p__Actinomycetota|c__Acidimicrobiia|o__Microtrichales|f__Ilumatobacteraceae|g__Ilumatobacter|s__|ASV_8483",3.18213099238607,-1.25752300799106,2.77955094670118,-0.452419485055135,0.650966812457911,NA,NA,"DESeq2"
"1220","September - February","k__Bacteria|p__Bacteroidota|c__Bacteroidia|o__Cytophagales|f__Cyclobacteriaceae|g__Tunicatimonas|s__|ASV_4541",0.31386989228958,1.24131474059993,2.98005506008547,0.416540874437509,0.677014264075461,NA,NA,"DESeq2"
"1221","September - February","k__Bacteria|p__Pseudomonadota|c__Alphaproteobacteria|o__Kiloniellales|f__Kiloniellaceae|g__Pelagibius|s__|ASV_15689",0,0,0,0,1,NA,NA,"DESeq2"
"1222","September - February","k__Bacteria|p__Pseudomonadota|c__Alphaproteobacteria|o__Sphingomonadales|f__Sphingomonadaceae|g__Croceibacterium|s__|ASV_8946",0.311874612422226,1.23254385586226,2.98026754605568,0.413568190377239,0.679190373204276,NA,NA,"DESeq2"
"1223","September - February","k__Bacteria|p__Pseudomonadota|c__Gammaproteobacteria|o__Pseudomonadales|f__Hahellaceae|g__Hahella|s__|ASV_139",0.270627961773826,1.00947704040188,2.98573491321809,0.338100022186445,0.735287813824043,NA,NA,"DESeq2"
"1224","September - February","k__Bacteria|p__Rhodothermota|c__Rhodothermia|o__Rhodothermales|f__Rhodothermaceae|g__Rubrivirga|s__|ASV_123",1.63381410358972,3.58568821024988,2.95184454162648,1.21472799792978,0.224469850398042,NA,NA,"DESeq2"
"1225","September - February","k__Bacteria|p__Actinomycetota|c__Actinobacteria|o__Nitriliruptorales|f__Nitriliruptoraceae|g__|s__|ASV_1950",4.77429831443124,-1.44838885822193,2.11995428186122,-0.683217025298448,0.49446971602411,0.614851086679194,"","DESeq2"
"1226","September - February","k__Bacteria|p__Cyanobacteriota|c__Cyanobacteriia|o__Cyanobacteriales|f__Xenococcaceae|g__Chroococcidiopsis_PCC-6712|s__|ASV_12044",1.62135484165975,3.58251196567194,2.95185991186736,1.2136456582066,0.224883063824664,NA,NA,"DESeq2"
"1227","September - February","k__Bacteria|p__Pseudomonadota|c__Alphaproteobacteria|o__Rhodobacterales|f__Paracoccaceae|g__Pikeienuella|s__|ASV_9663",0.974257164789137,-3.91692600074578,2.96920042340938,-1.3191854513641,0.187107120893006,NA,NA,"DESeq2"
"1228","September - February","k__Bacteria|p__Pseudomonadota|c__Alphaproteobacteria|o__Rhodobacterales|f__Paracoccaceae|g__Sediminimonas|s__|ASV_528",7.04804111931595,-3.54612389208399,2.38729656137586,-1.48541406604308,0.13743417183682,0.243586685158542,"","DESeq2"
"1229","September - February","k__Bacteria|p__Pseudomonadota|c__Gammaproteobacteria|o__Enterobacterales|f__Vibrionaceae|g__Vibrio|s__|ASV_1395",1.66660274065744,1.094972312162,2.93110643927384,0.373569617769757,0.708724541484557,NA,NA,"DESeq2"
"1230","September - February","k__Bacteria|p__Rhodothermota|c__Rhodothermia|o__Rhodothermales|f__Rhodothermaceae|g__Rubrivirga|s__|ASV_12511",1.81831303637118,-4.76035617922384,2.9598780238183,-1.60829471380814,0.107770647863264,NA,NA,"DESeq2"
"1231","September - February","k__Bacteria|p__Rhodothermota|c__Rhodothermia|o__Rhodothermales|f__Rhodothermaceae|g__Rubrivirga|s__|ASV_15801",0.697308884416541,2.36618369395144,2.96108534876845,0.799093378019503,0.424236269092139,NA,NA,"DESeq2"
"1232","September - February","k__Bacteria|p__Rhodothermota|c__Rhodothermia|o__Rhodothermales|f__Rhodothermaceae|g__|s__|ASV_14251",3.73114809536913,4.779131251993,2.85303476013083,1.67510446026737,0.0939137380040765,NA,NA,"DESeq2"
"1233","September - February","k__Bacteria|p__Verrucomicrobiota|c__Verrucomicrobiia|o__Verrucomicrobiales|f__Rubritaleaceae|g__Haloferula|s__|ASV_8423",3.49474193991801,-5.69553464204277,2.77076707832516,-2.05558045156417,0.0398229736568543,NA,NA,"DESeq2"
"1234","September - February","k__Bacteria|p__Actinomycetota|c__Acidimicrobiia|o__Microtrichales|f__Ilumatobacteraceae|g__Ilumatobacter|s__|ASV_11502",3.19989997062948,-5.56310989140482,2.95353009332337,-1.88354603326391,0.059626407551204,NA,NA,"DESeq2"
"1235","September - February","k__Bacteria|p__Bacteroidota|c__Bacteroidia|o__Cytophagales|f__Cyclobacteriaceae|g__Marinoscillum|s__|ASV_7754",7.69829950747654,-2.16860483776013,2.28900936485737,-0.947398849062925,0.343435577387396,0.465663106943867,"","DESeq2"
"1236","September - February","k__Bacteria|p__Bacteroidota|c__Bacteroidia|o__Flavobacteriales|f__Flavobacteriaceae|g__Gramella|s__|ASV_1032",0,0,0,0,1,NA,NA,"DESeq2"
"1237","September - February","k__Bacteria|p__Bacteroidota|c__Bacteroidia|o__Flavobacteriales|f__Flavobacteriaceae|g__Nonlabens|s__|ASV_11333",7.21309722949638,-6.72811613192192,2.3791154368966,-2.82799061683963,0.0046841179445167,0.0227036328943412,"*","DESeq2"
"1238","September - February","k__Bacteria|p__Myxococcota|c__Polyangiia|o__Polyangiales|f__Sandaracinaceae|g__|s__|ASV_3686",3.24923736015449,0.495366259726064,2.80157844532763,0.176816844287268,0.859652257695999,NA,NA,"DESeq2"
"1239","September - February","k__Bacteria|p__Pseudomonadota|c__Alphaproteobacteria|o__Hyphomicrobiales|f__Devosiaceae|g__|s__|ASV_13035",1.94959871307516,1.03308463575525,2.92639529346328,0.353022928263609,0.724071251521089,NA,NA,"DESeq2"
"1240","September - February","k__Bacteria|p__Pseudomonadota|c__Alphaproteobacteria|o__Hyphomicrobiales|f__Rhizobiaceae|g__|s__|ASV_7290",4.08800637011404,1.85516346233997,2.52028275492604,0.736093384249821,0.461673868662693,0.580914139376899,"","DESeq2"
"1241","September - February","k__Bacteria|p__Pseudomonadota|c__Alphaproteobacteria|o__Kiloniellales|f__Kiloniellaceae|g__Tistlia|s__|ASV_11585",2.54509722968263,0.697524430165494,2.91817717034886,0.239027443999264,0.81108430221436,NA,NA,"DESeq2"
"1242","September - February","k__Bacteria|p__Pseudomonadota|c__Alphaproteobacteria|o__Rhodobacterales|f__Paracoccaceae|g__Jannaschia|s__|ASV_12644",4.33505292203909,-6.00138543025937,2.95127456680837,-2.03348936007317,0.0420031074460391,0.10310840329131,"","DESeq2"
"1243","September - February","k__Bacteria|p__Pseudomonadota|c__Gammaproteobacteria|o__Chromatiales|f__Sedimenticolaceae|g__Sedimenticola|s__|ASV_271",5.61885308744045,-2.54945700170525,1.92360256898745,-1.325355373718,0.185053310972937,0.303628057727617,"","DESeq2"
"1244","September - February","k__Bacteria|p__Pseudomonadota|c__Gammaproteobacteria|o__Enterobacterales|f__Alteromonadaceae|g__Glaciecola|s__|ASV_8800",7.28459841695424,-6.74351393261517,2.62485194371356,-2.56910259215407,0.0101962266495974,0.0387456612684702,"*","DESeq2"
"1245","September - February","k__Bacteria|p__Acidobacteriota|c__Blastocatellia|o__Blastocatellales|f__Blastocatellaceae|g__Blastocatella|s__|ASV_7595",1.11452230210056,0.508925533788821,2.94033620362728,0.173084130026014,0.862585299084169,NA,NA,"DESeq2"
"1246","September - February","k__Bacteria|p__Actinomycetota|c__Acidimicrobiia|o__Microtrichales|f__Microtrichaceae|g__Sva0996_marine_group|s__|ASV_8762",2.50527442815065,4.2073214174025,2.4102728806588,1.74557887248539,0.0808841561245682,NA,NA,"DESeq2"
"1247","September - February","k__Bacteria|p__Bacteroidota|c__Bacteroidia|o__Bacteroidales|f__Prolixibacteraceae|g__Draconibacterium|s__|ASV_10943",6.70115101909215,-6.61302275987603,2.38612153306903,-2.77145261388693,0.00558067943590367,0.0251262818204194,"*","DESeq2"
"1248","September - February","k__Bacteria|p__Bacteroidota|c__Bacteroidia|o__Flavobacteriales|f__Cryomorphaceae|g__Vicingus|s__|ASV_578",0,0,0,0,1,NA,NA,"DESeq2"
"1249","September - February","k__Bacteria|p__Cyanobacteriota|c__Cyanobacteriia|o__Cyanobacteriales|f__Xenococcaceae|g__Chroococcidiopsis_PCC-6712|s__|ASV_3072",4.62187858877513,-4.4831305482412,2.84777584201177,-1.57425682250123,0.115428087472858,0.215435526717515,"","DESeq2"
"1250","September - February","k__Bacteria|p__Planctomycetota|c__Planctomycetes|o__Pirellulales|f__Pirellulaceae|g__Pir4_lineage|s__|ASV_786",1.91168465665902,-4.8318934797208,2.95916284774909,-1.6328582536092,0.102498811899399,NA,NA,"DESeq2"
"1251","September - February","k__Bacteria|p__Planctomycetota|c__Planctomycetes|o__Pirellulales|f__Pirellulaceae|g__Rhodopirellula|s__|ASV_3695",1.75645355949707,-4.70650634599013,2.96043948005736,-1.58979988535315,0.111879919740601,NA,NA,"DESeq2"
"1252","September - February","k__Bacteria|p__Planctomycetota|c__Planctomycetes|o__Planctomycetales|f__Gimesiaceae|g__|s__|ASV_12350",5.30752595266019,-6.28172440119868,2.18690977158932,-2.87242047331175,0.00407340588727406,0.0208637697744601,"*","DESeq2"
"1253","September - February","k__Bacteria|p__Planctomycetota|c__Planctomycetes|o__Planctomycetales|f__Rubinisphaeraceae|g__Planctomicrobium|s__|ASV_10419",9.71078005430836,-7.15447221191518,2.87718629860441,-2.48662111848144,0.0128962662732755,0.0455444347940958,"*","DESeq2"
"1254","September - February","k__Bacteria|p__Pseudomonadota|c__Alphaproteobacteria|o__Caulobacterales|f__Parvularculaceae|g__Hyphococcus|s__|ASV_5943",7.55124692067858,-4.16814466052826,2.56443465239973,-1.62536590925716,0.104084615330075,0.200162721788605,"","DESeq2"
"1255","September - February","k__Bacteria|p__Pseudomonadota|c__Alphaproteobacteria|o__Rhodobacterales|f__Paracoccaceae|g__|s__|ASV_4436",2.01592739317686,-4.90530145080269,2.95846384494136,-1.65805692004322,0.0973059780960003,NA,NA,"DESeq2"
"1256","September - February","k__Bacteria|p__Pseudomonadota|c__Alphaproteobacteria|o__Sphingomonadales|f__Sphingomonadaceae|g__|s__|ASV_10904",0.677920156718021,-0.866972157536012,2.96540026578856,-0.292362608696761,0.770009393836983,NA,NA,"DESeq2"
"1257","September - February","k__Bacteria|p__Pseudomonadota|c__Alphaproteobacteria|o__Sphingomonadales|f__Sphingomonadaceae|g__|s__|ASV_9836",1.50032776366687,-4.48936069505956,2.96279449107876,-1.5152453903156,0.129710272167701,NA,NA,"DESeq2"
"1258","September - February","k__Bacteria|p__Pseudomonadota|c__Gammaproteobacteria|o__Pseudomonadales|f__Pseudohongiellaceae|g__Pseudohongiella|s__|ASV_12563",2.65279602289821,1.72856775342669,2.92439843225829,0.59108489949909,0.554463537118931,NA,NA,"DESeq2"
"1259","September - February","k__Bacteria|p__Rhodothermota|c__Rhodothermia|o__Rhodothermales|f__Rhodothermaceae|g__Rubrivirga|s__|ASV_10373",0.964659230579461,1.26813444672081,2.95305653984534,0.429431143498265,0.667609493475068,NA,NA,"DESeq2"
"1260","September - February","k__Bacteria|p__Actinomycetota|c__Acidimicrobiia|o__Microtrichales|f__Ilumatobacteraceae|g__Ilumatobacter|s__|ASV_2899",6.03698883526576,-4.85886960566088,2.12522277276496,-2.28628719206664,0.0222374626794159,0.067278947596959,"","DESeq2"
"1261","September - February","k__Bacteria|p__Bacteroidota|c__Bacteroidia|o__Bacteroidales|f__Prolixibacteraceae|g__Maribellus|s__|ASV_5500",5.45611518625004,-4.30247381552308,1.82349353753468,-2.35946754236373,0.0183011817621208,0.0595415160069,"","DESeq2"
"1262","September - February","k__Bacteria|p__Bacteroidota|c__Bacteroidia|o__Bacteroidales|f__Prolixibacteraceae|g__|s__|ASV_1501",7.31776301693907,-6.73565763331677,2.15668462563378,-3.12315373015531,0.00178924265537598,0.012780304681257,"*","DESeq2"
"1263","September - February","k__Bacteria|p__Bacteroidota|c__Bacteroidia|o__Chitinophagales|f__Saprospiraceae|g__|s__|ASV_15115",5.02287854894339,-1.12324496857114,2.73184925622648,-0.411166526121828,0.680950431560781,0.784124739373021,"","DESeq2"
"1264","September - February","k__Bacteria|p__Bacteroidota|c__Bacteroidia|o__Cytophagales|f__Cyclobacteriaceae|g__Marinoscillum|s__|ASV_403",1.51767110557721,0.677861636077305,2.93927190215735,0.230622296487702,0.817608244403047,NA,NA,"DESeq2"
"1265","September - February","k__Bacteria|p__Bacteroidota|c__Bacteroidia|o__Cytophagales|f__Cyclobacteriaceae|g__|s__|ASV_8590",0,0,0,0,1,NA,NA,"DESeq2"
"1266","September - February","k__Bacteria|p__Balneolota|c__Balneolia|o__Balneolales|f__Balneolaceae|g__|s__|ASV_1297",3.2904331422902,0.683852796904293,2.3390667183327,0.292361389927239,0.770010325590132,NA,NA,"DESeq2"
"1267","September - February","k__Bacteria|p__Planctomycetota|c__Planctomycetes|o__Pirellulales|f__Pirellulaceae|g__|s__|ASV_8950",6.81245064842389,-6.64643812737621,2.6324606438835,-2.52480056741556,0.0115763963702064,0.0422861973679325,"*","DESeq2"
"1268","September - February","k__Bacteria|p__Pseudomonadota|c__Alphaproteobacteria|o__Kiloniellales|f__Kiloniellaceae|g__|s__|ASV_12965",6.37517136186692,-6.54771756741072,2.65639314648869,-2.46489025017465,0.0137055224266991,0.0475191470998691,"*","DESeq2"
"1269","September - February","k__Bacteria|p__Pseudomonadota|c__Alphaproteobacteria|o__Rhodospirillales|f__Magnetospiraceae|g__|s__|ASV_8657",5.29442612460567,-1.39398816624079,2.30020797747501,-0.606027011423118,0.544496816632753,0.664020508088723,"","DESeq2"
"1270","September - February","k__Bacteria|p__Pseudomonadota|c__Alphaproteobacteria|o__Sphingomonadales|f__Sphingomonadaceae|g__|s__|ASV_4999",2.33075204463492,-5.11474059121958,2.95664936935511,-1.72991110959335,0.0836461580748303,NA,NA,"DESeq2"
"1271","September - February","k__Bacteria|p__Pseudomonadota|c__Gammaproteobacteria|o__Pseudomonadales|f__Cellvibrionaceae|g__|s__|ASV_8305",2.61379908338066,4.26750911595566,2.67114960688069,1.59763013833551,0.110125314968009,NA,NA,"DESeq2"
"1272","September - February","k__Bacteria|p__Rhodothermota|c__Rhodothermia|o__Rhodothermales|f__Rhodothermaceae|g__|s__|ASV_6668",6.52931604069837,-1.88873954039983,2.29185154894294,-0.824110768112782,0.409876622237215,0.536880785472498,"","DESeq2"
"1273","September - February","k__Bacteria|p__Bacteroidota|c__Bacteroidia|o__Cytophagales|f__Cyclobacteriaceae|g__Fulvivirga|s__|ASV_480",0,0,0,0,1,NA,NA,"DESeq2"
"1274","September - February","k__Bacteria|p__Myxococcota|c__Myxococcia|o__Myxococcales|f__Myxococcaceae|g__P3OB-42|s__|ASV_1140",1.09338968232048,3.00527771872574,2.95529496642511,1.01691294874741,0.309194842851989,NA,NA,"DESeq2"
"1275","September - February","k__Bacteria|p__Pseudomonadota|c__Alphaproteobacteria|o__Caulobacterales|f__Caulobacteraceae|g__|s__|ASV_2105",1.97904158316093,-2.8798163300556,2.94705897053333,-0.977183137103782,0.328478494768892,NA,NA,"DESeq2"
"1276","September - February","k__Bacteria|p__Pseudomonadota|c__Alphaproteobacteria|o__Kiloniellales|f__Kiloniellaceae|g__Limibacillus|s__|ASV_5797",2.41615811965907,-0.825762560085263,2.91659992295737,-0.283125070938066,0.777080963703002,NA,NA,"DESeq2"
"1277","September - February","k__Bacteria|p__Pseudomonadota|c__Alphaproteobacteria|o__Sphingomonadales|f__Sphingomonadaceae|g__|s__|ASV_4895",0.508447083012309,-3.13506348873806,2.97895826385309,-1.05240262234593,0.292614866072424,NA,NA,"DESeq2"
"1278","September - February","k__Bacteria|p__Pseudomonadota|c__Alphaproteobacteria|o__|f__Neomegalonemataceae|g__Acuticoccus|s__|ASV_4438",0.5231164871493,1.96604840898032,2.9662404955267,0.662808161356185,0.507453425978344,NA,NA,"DESeq2"
"1279","September - February","k__Bacteria|p__Pseudomonadota|c__Gammaproteobacteria|o__Steroidobacterales|f__Woeseiaceae|g__Woeseia|s__|ASV_4771",7.74452384902261,-4.09151647955956,2.36471411207529,-1.73023726575083,0.0835878927825669,0.168954251369018,"","DESeq2"
"1280","September - February","k__Bacteria|p__Thermodesulfobacteriota|c__Desulfobacteria|o__Desulfobacterales|f__Desulfosarcinaceae|g__Sva0081_sediment_group|s__|ASV_7819",3.51768131496259,-5.7042890313258,2.77230018180894,-2.05760150677612,0.0396284019037945,NA,NA,"DESeq2"
"1281","September - February","k__Bacteria|p__Actinomycetota|c__Acidimicrobiia|o__Microtrichales|f__Ilumatobacteraceae|g__Ilumatobacter|s__|ASV_11130",7.10243008642896,-6.69675674499636,2.6355063998959,-2.54097533030497,0.0110543719025861,0.0415085110966672,"*","DESeq2"
"1282","September - February","k__Bacteria|p__Bacteroidota|c__Bacteroidia|o__Bacteroidales|f__Bacteroidetes_BD2-2|g__|s__|ASV_10532",5.75539626490985,-6.39615401026298,2.94974698622546,-2.16837377582936,0.0301302593017651,0.0825187555724314,"","DESeq2"
"1283","September - February","k__Bacteria|p__Bacteroidota|c__Bacteroidia|o__Chitinophagales|f__Saprospiraceae|g__|s__|ASV_3210",2.16817951223459,-3.58704316205556,2.51685510894599,-1.42520844736181,0.15409695522506,NA,NA,"DESeq2"
"1284","September - February","k__Bacteria|p__Bacteroidota|c__Bacteroidia|o__Cytophagales|f__Cyclobacteriaceae|g__Tunicatimonas|s__|ASV_2922",3.32453130402177,4.61274899208513,2.94828917360993,1.56455107367817,0.117688208549945,NA,NA,"DESeq2"
"1285","September - February","k__Bacteria|p__Bacteroidota|c__Bacteroidia|o__Flavobacteriales|f__Flavobacteriaceae|g__Gramella|s__|ASV_3229",3.83308105709368,-5.8066737235174,2.95219405992125,-1.96690109310507,0.0491946145052144,0.113987521414521,"","DESeq2"
"1286","September - February","k__Bacteria|p__Bacteroidota|c__Bacteroidia|o__Flavobacteriales|f__Flavobacteriaceae|g__Marinirhabdus|s__|ASV_12284",2.40460979124604,-5.15502251648805,2.95632883789347,-1.74372432809649,0.0812071710947533,NA,NA,"DESeq2"
"1287","September - February","k__Bacteria|p__Chloroflexota|c__Anaerolineae|o__Aggregatilineales|f__A4b|g__|s__|ASV_6142",0,0,0,0,1,NA,NA,"DESeq2"
"1288","September - February","k__Bacteria|p__Cyanobacteriota|c__Cyanobacteriia|o__Phormidesmiales|f__Nodosilineaceae|g__Halomicronema_TFEP1|s__|ASV_15198",1.98989637538378,3.87535756358886,2.95057547498023,1.31342431212163,0.189040009613023,NA,NA,"DESeq2"
"1289","September - February","k__Bacteria|p__Pseudomonadota|c__Alphaproteobacteria|o__Rhodobacterales|f__Paracoccaceae|g__Limibaculum|s__|ASV_8852",4.87765921614364,-4.39091836013018,2.93980229585435,-1.49361008606673,0.135277561675081,0.242472585478267,"","DESeq2"
"1290","September - February","k__Bacteria|p__Pseudomonadota|c__Alphaproteobacteria|o__Rhodobacterales|f__Paracoccaceae|g__Marivita|s__|ASV_10920",0,0,0,0,1,NA,NA,"DESeq2"
"1291","September - February","k__Bacteria|p__Pseudomonadota|c__Alphaproteobacteria|o__Sphingomonadales|f__Sphingomonadaceae|g__Pacificimonas|s__|ASV_12784",3.15195212441798,2.00075956448391,2.10380698447305,0.951018595931248,0.341594935999261,NA,NA,"DESeq2"
"1292","September - February","k__Bacteria|p__Pseudomonadota|c__Gammaproteobacteria|o__Enterobacterales|f__Alteromonadaceae|g__Aestuariibacter|s__|ASV_7925",0,0,0,0,1,NA,NA,"DESeq2"
"1293","September - February","k__Bacteria|p__Verrucomicrobiota|c__Verrucomicrobiia|o__Verrucomicrobiales|f__Rubritaleaceae|g__DBS1|s__|ASV_1721",5.61733643078649,-3.22585016600205,2.20767468024422,-1.46119815336434,0.143961069680937,0.252515542919471,"","DESeq2"
"1294","September - February","k__Bacteria|p__Actinomycetota|c__Rubrobacteria|o__Rubrobacterales|f__Rubrobacteriaceae|g__Rubrobacter|s__|ASV_2748",0,0,0,0,1,NA,NA,"DESeq2"
"1295","September - February","k__Bacteria|p__Bacteroidota|c__Bacteroidia|o__Cytophagales|f__Cyclobacteriaceae|g__Algoriphagus|s__|ASV_5399",5.885163589082,-6.42781067563058,1.82189336223352,-3.52809380004025,0.000418563807028207,0.00446781591771681,"**","DESeq2"
"1296","September - February","k__Bacteria|p__Pseudomonadota|c__Alphaproteobacteria|o__Hyphomicrobiales|f__Rhizobiaceae|g__|s__|ASV_1910",0.647114469288393,2.26125736975906,2.96230344705895,0.763344272513371,0.445258105303804,NA,NA,"DESeq2"
"1297","September - February","k__Bacteria|p__Pseudomonadota|c__Alphaproteobacteria|o__Kiloniellales|f__Kiloniellaceae|g__|s__|ASV_7939",1.75023153509683,-0.175627967422015,2.92516271826396,-0.0600404094874584,0.952123450608249,NA,NA,"DESeq2"
"1298","September - February","k__Bacteria|p__Pseudomonadota|c__Alphaproteobacteria|o__Micavibrionales|f__Micavibrionaceae|g__|s__|ASV_1341",2.26796691710209,4.06467134338627,2.71672100016847,1.49616811705516,0.134609850727028,NA,NA,"DESeq2"
"1299","September - February","k__Bacteria|p__Pseudomonadota|c__Alphaproteobacteria|o__Rhodobacterales|f__Paracoccaceae|g__Actibacterium|s__|ASV_9547",0,0,0,0,1,NA,NA,"DESeq2"
"1300","September - February","k__Bacteria|p__Pseudomonadota|c__Alphaproteobacteria|o__Rhodobacterales|f__Paracoccaceae|g__Pikeienuella|s__|ASV_10608",5.40445954961795,-6.31411527520787,2.68024397842647,-2.3557986981897,0.0184829306852759,0.0599275909590856,"","DESeq2"
"1301","September - February","k__Bacteria|p__Pseudomonadota|c__Alphaproteobacteria|o__Sphingomonadales|f__Sphingomonadaceae|g__Parasphingopyxis|s__|ASV_632",7.33174682388497,-6.74418006233326,2.90787603314093,-2.31928045950727,0.020379834246829,0.0641087501141971,"","DESeq2"
"1302","September - February","k__Bacteria|p__Pseudomonadota|c__Gammaproteobacteria|o__Pseudomonadales|f__Alcanivoracaceae|g__Ketobacter|s__|ASV_12342",3.91998093183764,-5.85869374238686,2.74492332253225,-2.13437428080216,0.0328121551768505,0.0874159142842124,"","DESeq2"
"1303","September - February","k__Bacteria|p__Rhodothermota|c__Rhodothermia|o__Rhodothermales|f__Rhodothermaceae|g__Rubrivirga|s__|ASV_13113",0.8005683587528,2.56351447582811,2.95901923847814,0.866339239195539,0.386304153879941,NA,NA,"DESeq2"
"1304","September - February","k__Bacteria|p__Acidobacteriota|c__Blastocatellia|o__Blastocatellales|f__Blastocatellaceae|g__Blastocatella|s__|ASV_13389",1.30931813407739,-4.26405226073252,2.9650256426402,-1.43811648689001,0.150401005463668,NA,NA,"DESeq2"
"1305","September - February","k__Bacteria|p__Bacteroidota|c__Bacteroidia|o__Chitinophagales|f__Saprospiraceae|g__|s__|ASV_10850",7.02856350811272,-6.67829503766588,2.38054471734758,-2.80536424667833,0.00502597476389956,0.0237546070930576,"*","DESeq2"
"1306","September - February","k__Bacteria|p__Bacteroidota|c__Bacteroidia|o__Cytophagales|f__Cyclobacteriaceae|g__Fulvivirga|s__|ASV_13464",0.469208583238257,-1.07686716827841,2.98139777600529,-0.361195402017533,0.71795337911787,NA,NA,"DESeq2"
"1307","September - February","k__Bacteria|p__Bdellovibrionota|c__Bdellovibrionia|o__Bdellovibrionales|f__Pseudobdellovibrionaceae|g__OM27_clade|s__|ASV_14881",1.03736014383924,2.93856727465039,2.95578739850655,0.99417409930604,0.32013811539732,NA,NA,"DESeq2"
"1308","September - February","k__Bacteria|p__Pseudomonadota|c__Alphaproteobacteria|o__Hyphomicrobiales|f__Rhizobiaceae|g__|s__|ASV_8377",0,0,0,0,1,NA,NA,"DESeq2"
"1309","September - February","k__Bacteria|p__Pseudomonadota|c__Alphaproteobacteria|o__Sphingomonadales|f__Sphingomonadaceae|g__Aurantiacibacter|s__|ASV_13089",4.66904380817794,-6.10012418905768,2.95085297655391,-2.06724097660114,0.0387114528221976,0.0983137298617588,"","DESeq2"
"1310","September - February","k__Bacteria|p__Rhodothermota|c__Rhodothermia|o__Rhodothermales|f__Rhodothermaceae|g__Rubrivirga|s__|ASV_8651",3.48304078715394,4.67963909659678,2.87226798604417,1.629248774604,0.103260365445704,NA,NA,"DESeq2"
"1311","September - February","k__Bacteria|p__Acidobacteriota|c__Thermoanaerobaculia|o__Thermoanaerobaculales|f__Thermoanaerobaculaceae|g__Subgroup_10|s__|ASV_4002",0.282653575737166,-2.49783311538068,2.98997056327199,-0.835403915364053,0.403490326057398,NA,NA,"DESeq2"
"1312","September - February","k__Bacteria|p__Actinomycetota|c__Rubrobacteria|o__Rubrobacterales|f__Rubrobacteriaceae|g__Rubrobacter|s__|ASV_11767",1.08450047333706,0.63817516992672,2.94180666738432,0.216933076195026,0.82826050025676,NA,NA,"DESeq2"
"1313","September - February","k__Bacteria|p__Bacteroidota|c__Bacteroidia|o__Bacteroidales|f__Marinilabiliaceae|g__|s__|ASV_9761",2.04063200254052,-4.92501583315873,2.95828192630149,-1.66482301411891,0.0959480710228323,NA,NA,"DESeq2"
"1314","September - February","k__Bacteria|p__Bacteroidota|c__Bacteroidia|o__Chitinophagales|f__Saprospiraceae|g__|s__|ASV_6128",0.613043017797214,-1.85208995217312,2.97596002897882,-0.622350412686372,0.533711479003939,NA,NA,"DESeq2"
"1315","September - February","k__Bacteria|p__Bacteroidota|c__Bacteroidia|o__Cytophagales|f__Microscillaceae|g__|s__|ASV_9596",1.64417924565817,-4.61679549665008,2.96142101120188,-1.55897978679377,0.119001164367504,NA,NA,"DESeq2"
"1316","September - February","k__Bacteria|p__Bacteroidota|c__Bacteroidia|o__Flavobacteriales|f__Flavobacteriaceae|g__Mesoflavibacter|s__|ASV_209",3.50365944804968,-3.9737294913231,2.91834702155519,-1.36163707125052,0.173312449884764,NA,NA,"DESeq2"
"1317","September - February","k__Bacteria|p__Bacteroidota|c__Bacteroidia|o__Flavobacteriales|f__Flavobacteriaceae|g__|s__|ASV_3604",1.41549005807071,-4.41223612712058,2.96352028309162,-1.48884964691978,0.136526965462262,NA,NA,"DESeq2"
"1318","September - February","k__Bacteria|p__Planctomycetota|c__Planctomycetes|o__Pirellulales|f__Pirellulaceae|g__Mariniblastus|s__|ASV_10958",2.59065192901801,-2.66182706210044,2.9302335804101,-0.90840098205683,0.363666407076828,NA,NA,"DESeq2"
"1319","September - February","k__Bacteria|p__Planctomycetota|c__Planctomycetes|o__Pirellulales|f__Pirellulaceae|g__|s__|ASV_3627",2.13379442189697,-4.98146153781319,2.95777421826944,-1.68419262939137,0.0921444472377804,NA,NA,"DESeq2"
"1320","September - February","k__Bacteria|p__Pseudomonadota|c__Alphaproteobacteria|o__Rhodobacterales|f__Paracoccaceae|g__|s__|ASV_10847",2.04923842409445,-4.93091627404409,2.95822794639502,-1.66684797905889,0.0955446371196481,NA,NA,"DESeq2"
"1321","September - February","k__Bacteria|p__Pseudomonadota|c__Alphaproteobacteria|o__Rickettsiales|f__SM2D12|g__|s__|ASV_2164",3.60080141121779,0.509862001028025,2.34005152502421,0.217884946367901,0.827518756438787,NA,NA,"DESeq2"
"1322","September - February","k__Bacteria|p__Pseudomonadota|c__Alphaproteobacteria|o__|f__Neomegalonemataceae|g__Acuticoccus|s__|ASV_13911",0.762360163698774,2.5035021348029,2.95961821254813,0.845886852631398,0.39761586755067,NA,NA,"DESeq2"
"1323","September - February","k__Bacteria|p__Pseudomonadota|c__Gammaproteobacteria|o__Pseudomonadales|f__Halieaceae|g__|s__|ASV_1902",0.65316226806679,-3.43474409651869,2.97519955430009,-1.15445839306961,0.248312287101004,NA,NA,"DESeq2"
"1324","September - February","k__Bacteria|p__Pseudomonadota|c__Gammaproteobacteria|o__Pseudomonadales|f__Spongiibacteraceae|g__|s__|ASV_13598",1.23537375977801,0.476294577297832,2.93651373604331,0.162197292473624,0.871150491862351,NA,NA,"DESeq2"
"1325","September - February","k__Bacteria|p__Acidobacteriota|c__Thermoanaerobaculia|o__Thermoanaerobaculales|f__Thermoanaerobaculaceae|g__Subgroup_10|s__|ASV_637",0.450311615226459,1.73356372214656,2.96995261375764,0.583700801863373,0.559421627677326,NA,NA,"DESeq2"
"1326","September - February","k__Bacteria|p__Bacteroidota|c__Bacteroidia|o__Chitinophagales|f__Saprospiraceae|g__Lewinella|s__|ASV_12193",1.8755187670341,-4.79951807202851,2.95948226096225,-1.62174247007245,0.104858501150394,NA,NA,"DESeq2"
"1327","September - February","k__Bacteria|p__Bacteroidota|c__Bacteroidia|o__Chitinophagales|f__Saprospiraceae|g__|s__|ASV_10754",0.435441512044526,-2.97977614246629,2.98122585483987,-0.999513719374457,0.317545896432015,NA,NA,"DESeq2"
"1328","September - February","k__Bacteria|p__Bacteroidota|c__Bacteroidia|o__Chitinophagales|f__Saprospiraceae|g__|s__|ASV_5038",2.07380157914704,-1.82264947298563,2.88910387800253,-0.630870176341936,0.52812541357575,NA,NA,"DESeq2"
"1329","September - February","k__Bacteria|p__Bacteroidota|c__Bacteroidia|o__Cytophagales|f__Cyclobacteriaceae|g__|s__|ASV_12768",7.84914287130048,-5.26619924531426,2.52928321077541,-2.0820915676342,0.0373341066221023,0.096106627172712,"","DESeq2"
"1330","September - February","k__Bacteria|p__Bacteroidota|c__Bacteroidia|o__Cytophagales|f__Cyclobacteriaceae|g__|s__|ASV_8952",1.78377702615257,0.877595247044879,2.92786707458375,0.299738760226895,0.764376430761267,NA,NA,"DESeq2"
"1331","September - February","k__Bacteria|p__Bacteroidota|c__Bacteroidia|o__Flavobacteriales|f__Flavobacteriaceae|g__Marinirhabdus|s__|ASV_7919",1.25038449491006,-4.20008468418802,2.96572348585398,-1.41620913218031,0.156714282923383,NA,NA,"DESeq2"
"1332","September - February","k__Bacteria|p__Chloroflexota|c__Anaerolineae|o__Anaerolineales|f__Anaerolineaceae|g__|s__|ASV_5166",5.88039053432346,-1.73806339109411,2.4917521384659,-0.697526597554839,0.485473300123222,0.606841625154027,"","DESeq2"
"1333","September - February","k__Bacteria|p__Chloroflexota|c__Anaerolineae|o__Caldilineales|f__Caldilineaceae|g__|s__|ASV_1515",0,0,0,0,1,NA,NA,"DESeq2"
"1334","September - February","k__Bacteria|p__Cyanobacteriota|c__Cyanobacteriia|o__Cyanobacteriales|f__Xenococcaceae|g__Chroococcidiopsis_PCC-6712|s__|ASV_1638",0,0,0,0,1,NA,NA,"DESeq2"
"1335","September - February","k__Bacteria|p__Cyanobacteriota|c__Cyanobacteriia|o__Phormidesmiales|f__Phormidesmiaceae|g__Phormidium_MBIC10003|s__|ASV_5081",1.32171998736309,0.262391951899579,2.94412917510197,0.0891237905315385,0.928983530516589,NA,NA,"DESeq2"
"1336","September - February","k__Bacteria|p__Pseudomonadota|c__Alphaproteobacteria|o__Caulobacterales|f__Parvularculaceae|g__Parvularcula|s__|ASV_7821",1.64003979997954,-0.648555422521598,2.92759451222142,-0.221531848011794,0.824678341426842,NA,NA,"DESeq2"
"1337","September - February","k__Bacteria|p__Pseudomonadota|c__Alphaproteobacteria|o__Micavibrionales|f__Micavibrionaceae|g__|s__|ASV_14482",2.25320066173007,-0.604840560927075,2.91790830874423,-0.207285663882762,0.835786769575216,NA,NA,"DESeq2"
"1338","September - February","k__Bacteria|p__Pseudomonadota|c__Alphaproteobacteria|o__Rhodobacterales|f__Paracoccaceae|g__Actibacterium|s__|ASV_14718",2.26721176561398,-5.07337059153402,2.95698776185858,-1.715722552854,0.0862128349437313,NA,NA,"DESeq2"
"1339","September - February","k__Bacteria|p__Pseudomonadota|c__Alphaproteobacteria|o__Rhodobacterales|f__Paracoccaceae|g__Limibaculum|s__|ASV_5115",3.1872378940939,2.40342658527764,2.92723135595548,0.821057953068126,0.411613258633974,NA,NA,"DESeq2"
"1340","September - February","k__Bacteria|p__Pseudomonadota|c__Alphaproteobacteria|o__Rhodobacterales|f__Paracoccaceae|g__|s__|ASV_4714",0.77676506562616,2.52314776867241,2.95941940585941,0.852582017836601,0.39389113810043,NA,NA,"DESeq2"
"1341","September - February","k__Bacteria|p__Pseudomonadota|c__Gammaproteobacteria|o__Pseudomonadales|f__Cellvibrionaceae|g__Aestuariicella|s__|ASV_12370",3.24098986764625,-5.58930977301984,2.52317874946847,-2.21518581440069,0.0267473131521491,NA,NA,"DESeq2"
"1342","September - February","k__Bacteria|p__Pseudomonadota|c__Gammaproteobacteria|o__Pseudomonadales|f__Halieaceae|g__Pseudohaliea|s__|ASV_15218",2.71132564009016,-0.408733036590253,2.58316783171027,-0.158229376958306,0.874276055870661,NA,NA,"DESeq2"
"1343","September - February","k__Bacteria|p__Pseudomonadota|c__Gammaproteobacteria|o__Steroidobacterales|f__Woeseiaceae|g__Woeseia|s__|ASV_390",0.924449241840562,-3.84095395171205,2.97025134545255,-1.29314105272355,0.195962278792147,NA,NA,"DESeq2"
"1344","September - February","k__Bacteria|p__Thermodesulfobacteriota|c__Desulfobacteria|o__Desulfatiglandales|f__Desulfatiglandaceae|g__Desulfatiglans|s__|ASV_11755",3.75426412491703,-3.12622007188843,2.92355350690983,-1.06932199615967,0.284924602415771,NA,NA,"DESeq2"
"1345","September - February","k__Bacteria|p__Thermodesulfobacteriota|c__Desulfobacteria|o__Desulfatiglandales|f__Desulfatiglandaceae|g__Desulfatiglans|s__|ASV_4118",3.64024934740853,-3.60039312509086,2.64877339560064,-1.35926807897979,0.174061655288505,NA,NA,"DESeq2"
"1346","September - February","k__Bacteria|p__Thermodesulfobacteriota|c__Desulfobacteria|o__Desulfobacterales|f__Desulfosarcinaceae|g__|s__|ASV_12847",5.3892392135982,-6.3010191413708,2.95007828405971,-2.13588201215452,0.0326890321261012,0.0874159142842124,"","DESeq2"
