"","Comparison","Taxa","baseMean","log2FoldChange","lfcSE","stat","P.unadj","P.adj","Significance","Method"
"1","EsteroZacatecas - ColaDeBallena","k__Bacteria|p__Actinomycetota|c__Actinobacteria|o__Euzebyales|f__Euzebyaceae|g__|s__|ASV_3566",847.62346797369,-1.80000664516144,0.834152063204638,-2.15788790145312,0.0309365483695927,0.0614404177410093,"","DESeq2"
"2","EsteroZacatecas - ColaDeBallena","k__Bacteria|p__Pseudomonadota|c__Alphaproteobacteria|o__Hyphomicrobiales|f__Rhizobiaceae|g__Fulvimarina|s__|ASV_6441",395.980010602273,-2.43400093038928,0.515420709092622,-4.72235765356468,2.33126249593346e-06,2.75866062018792e-05,"***","DESeq2"
"3","EsteroZacatecas - ColaDeBallena","k__Bacteria|p__Pseudomonadota|c__Alphaproteobacteria|o__Sphingomonadales|f__Sphingomonadaceae|g__|s__|ASV_10845",553.902921198056,0.453078418229463,0.613028454984167,0.739082198462003,0.459857085713207,0.546441055826572,"","DESeq2"
"4","EsteroZacatecas - ColaDeBallena","k__Bacteria|p__Cyanobacteriota|c__Cyanobacteriia|o__Cyanobacteriales|f__Nostocaceae|g__Rivularia_PCC-7116|s__|ASV_8325",321.009795839194,11.5929997537338,1.09614140529099,10.5761899858679,3.84267965085466e-26,7.27547347228482e-24,"***","DESeq2"
"5","EsteroZacatecas - ColaDeBallena","k__Bacteria|p__Bacteroidota|c__Bacteroidia|o__Cytophagales|f__Cyclobacteriaceae|g__Tunicatimonas|s__|ASV_6535",334.9592356777,1.5421641770474,0.483682660700293,3.18838011438036,0.00143072323721998,0.0057028126227435,"**","DESeq2"
"6","EsteroZacatecas - ColaDeBallena","k__Bacteria|p__Cyanobacteriota|c__Cyanobacteriia|o__Cyanobacteriales|f__Nostocaceae|g__Rivularia_PCC-7116|s__|ASV_7535",120.812764308277,24.3827417620173,2.29172642883924,10.6394644034223,1.95248429380105e-26,4.43604431551599e-24,"***","DESeq2"
"7","EsteroZacatecas - ColaDeBallena","k__Bacteria|p__Actinomycetota|c__Actinobacteria|o__Nitriliruptorales|f__Nitriliruptoraceae|g__|s__|ASV_1823",246.213611165972,-3.45477030690535,1.21092697961996,-2.85299639453867,0.00433091129336119,0.0132612270330413,"*","DESeq2"
"8","EsteroZacatecas - ColaDeBallena","k__Bacteria|p__Actinomycetota|c__Actinobacteria|o__Micrococcales|f__Intrasporangiaceae|g__|s__|ASV_82",183.622342519246,-0.306244278562414,0.768224472167216,-0.39863905623636,0.690159179260127,0.753866180422601,"","DESeq2"
"9","EsteroZacatecas - ColaDeBallena","k__Bacteria|p__Actinomycetota|c__Rubrobacteria|o__Rubrobacterales|f__Rubrobacteriaceae|g__Rubrobacter|s__|ASV_4417",184.703146695184,-1.94569026762396,0.897192644250849,-2.16864268793532,0.0301098216420139,0.0600083462900488,"","DESeq2"
"10","EsteroZacatecas - ColaDeBallena","k__Bacteria|p__Bacteroidota|c__Bacteroidia|o__Flavobacteriales|f__Flavobacteriaceae|g__Gramella|s__|ASV_2541",205.242607931908,1.12753408787007,0.914342793301259,1.23316342200181,0.217514799215162,0.29070213165697,"","DESeq2"
"11","EsteroZacatecas - ColaDeBallena","k__Bacteria|p__Cyanobacteriota|c__Cyanobacteriia|o__Cyanobacteriales|f__Nostocaceae|g__Rivularia_PCC-7116|s__|ASV_7012",198.712082315569,10.9002912799376,0.951467805535162,11.4562901829418,2.18682523658961e-30,2.4842334687658e-27,"***","DESeq2"
"12","EsteroZacatecas - ColaDeBallena","k__Bacteria|p__Bacteroidota|c__Bacteroidia|o__Flavobacteriales|f__Flavobacteriaceae|g__Gramella|s__|ASV_13670",81.7685278553144,24.0206498823963,2.78838319739316,8.61454405006208,7.02204822850351e-18,4.43169265976666e-16,"***","DESeq2"
"13","EsteroZacatecas - ColaDeBallena","k__Bacteria|p__Actinomycetota|c__Actinobacteria|o__Euzebyales|f__Euzebyaceae|g__|s__|ASV_7541",142.11409273669,-0.409716884592688,1.27214584623809,-0.322067541079726,0.747401527669084,0.798543956722892,"","DESeq2"
"14","EsteroZacatecas - ColaDeBallena","k__Bacteria|p__Rhodothermota|c__Rhodothermia|o__Rhodothermales|f__Rhodothermaceae|g__|s__|ASV_14091",181.239552567031,0.772304543853829,0.910883837188032,0.847862825448734,0.396514369687127,0.482270154137662,"","DESeq2"
"15","EsteroZacatecas - ColaDeBallena","k__Bacteria|p__Rhodothermota|c__Rhodothermia|o__Rhodothermales|f__Rhodothermaceae|g__|s__|ASV_13236",169.454545321436,2.41064626041366,0.633304417661857,3.80645735792228,0.000140971585033337,0.000913981663145955,"***","DESeq2"
"16","EsteroZacatecas - ColaDeBallena","k__Bacteria|p__Pseudomonadota|c__Alphaproteobacteria|o__Rhodobacterales|f__Paracoccaceae|g__Palleronia-Pseudomaribius|s__|ASV_6338",144.340349328657,-3.75052857864043,1.69400518401551,-2.21400065007481,0.0268287342151955,0.0547171311821581,"","DESeq2"
"17","EsteroZacatecas - ColaDeBallena","k__Bacteria|p__Pseudomonadota|c__Alphaproteobacteria|o__Sphingomonadales|f__Sphingomonadaceae|g__Pacificimonas|s__|ASV_10664",104.139004925551,1.25836997811993,1.11204307058183,1.1315838490514,0.257809433408878,0.33471030440284,"","DESeq2"
"18","EsteroZacatecas - ColaDeBallena","k__Bacteria|p__Rhodothermota|c__Rhodothermia|o__Rhodothermales|f__Rhodothermaceae|g__|s__|ASV_4439",215.110556191416,4.09213331185927,0.931935545169017,4.39100464948691,1.12828127676204e-05,0.000106125417009507,"***","DESeq2"
"19","EsteroZacatecas - ColaDeBallena","k__Bacteria|p__Actinomycetota|c__Actinobacteria|o__Propionibacteriales|f__Nocardioidaceae|g__Nocardioides|s__|ASV_15946",123.563050466718,-3.68045458140462,1.2534233431345,-2.93632203482082,0.00332129331664821,0.0106682820856215,"*","DESeq2"
"20","EsteroZacatecas - ColaDeBallena","k__Bacteria|p__Actinomycetota|c__Acidimicrobiia|o__Microtrichales|f__Ilumatobacteraceae|g__Ilumatobacter|s__|ASV_7782",93.5117407661629,1.33114532877371,0.491193674823563,2.71002131542484,0.00672788842849824,0.0184610658327875,"*","DESeq2"
"21","EsteroZacatecas - ColaDeBallena","k__Bacteria|p__Actinomycetota|c__Actinobacteria|o__Propionibacteriales|f__Nocardioidaceae|g__Nocardioides|s__|ASV_5509",119.601222156072,-10.3980651175887,1.49166448754123,-6.9707800946098,3.15188321226613e-12,7.95675406474295e-11,"***","DESeq2"
"22","EsteroZacatecas - ColaDeBallena","k__Bacteria|p__Bacteroidota|c__Bacteroidia|o__Chitinophagales|f__Saprospiraceae|g__Lewinella|s__|ASV_10676",113.230454269253,-3.78737718186944,1.09540375761154,-3.45751706213568,0.000545177718588334,0.00284092609319426,"**","DESeq2"
"23","EsteroZacatecas - ColaDeBallena","k__Bacteria|p__Bacteroidota|c__Bacteroidia|o__Chitinophagales|f__Saprospiraceae|g__Lewinella|s__|ASV_12828",97.4848250490174,-5.32182558118995,1.23932567938357,-4.29413000127375,1.75379693009901e-05,0.000155649477546287,"***","DESeq2"
"24","EsteroZacatecas - ColaDeBallena","k__Bacteria|p__Actinomycetota|c__Rubrobacteria|o__Rubrobacterales|f__Rubrobacteriaceae|g__Rubrobacter|s__|ASV_16064",72.3742765710336,9.44582145638643,1.11944248115347,8.43796944944727,3.22897994710611e-17,1.83406060995627e-15,"***","DESeq2"
"25","EsteroZacatecas - ColaDeBallena","k__Bacteria|p__Actinomycetota|c__Actinobacteria|o__Nitriliruptorales|f__Nitriliruptoraceae|g__|s__|ASV_10841",101.705306661212,-2.45952501548946,1.26078457054283,-1.95078927277045,0.051082118451375,0.0896897783010232,"","DESeq2"
"26","EsteroZacatecas - ColaDeBallena","k__Bacteria|p__Pseudomonadota|c__Alphaproteobacteria|o__Sphingomonadales|f__Sphingomonadaceae|g__Qipengyuania|s__|ASV_3585",165.638741948104,10.6381042759073,1.51517569852738,7.02103675913398,2.2022789945285e-12,5.68588394950994e-11,"***","DESeq2"
"27","EsteroZacatecas - ColaDeBallena","k__Bacteria|p__Pseudomonadota|c__Gammaproteobacteria|o__Pseudomonadales|f__Marinobacteraceae|g__Marinobacter|s__|ASV_13594",103.785189935394,-2.53444197831436,0.736954157835462,-3.43907684266057,0.00058370152534953,0.00300038431129894,"**","DESeq2"
"28","EsteroZacatecas - ColaDeBallena","k__Bacteria|p__Cyanobacteriota|c__Cyanobacteriia|o__Cyanobacteriales|f__Nostocaceae|g__|s__|ASV_4049",100.928999918464,9.92404514549148,1.25072961041548,7.93460478016093,2.11166679520631e-15,8.27190854949782e-14,"***","DESeq2"
"29","EsteroZacatecas - ColaDeBallena","k__Bacteria|p__Pseudomonadota|c__Alphaproteobacteria|o__Sphingomonadales|f__Sphingomonadaceae|g__Sphingomicrobium|s__|ASV_14934",158.592999255564,0.504548730254573,1.34861222267577,0.374124393781262,0.708311770759417,0.769256378186136,"","DESeq2"
"30","EsteroZacatecas - ColaDeBallena","k__Bacteria|p__Pseudomonadota|c__Alphaproteobacteria|o__Hyphomicrobiales|f__Rhizobiaceae|g__Fulvimarina|s__|ASV_659",102.160152179652,-2.98296349491664,0.818138506361524,-3.64603728063437,0.000266315356644171,0.00156753494895222,"**","DESeq2"
"31","EsteroZacatecas - ColaDeBallena","k__Bacteria|p__Rhodothermota|c__Rhodothermia|o__Rhodothermales|f__Rhodothermaceae|g__|s__|ASV_2086",81.8214948972171,0.164887684454945,0.785785672551339,0.209837987907793,0.833794122991729,0.863436758175573,"","DESeq2"
"32","EsteroZacatecas - ColaDeBallena","k__Bacteria|p__Bacteroidota|c__Bacteroidia|o__Flavobacteriales|f__Flavobacteriaceae|g__Gramella|s__|ASV_8981",198.859947693552,25.8707035225385,2.27902143134171,11.35167189161,7.27580014553281e-30,4.13265448266264e-27,"***","DESeq2"
"33","EsteroZacatecas - ColaDeBallena","k__Bacteria|p__Actinomycetota|c__Actinobacteria|o__Nitriliruptorales|f__Nitriliruptoraceae|g__|s__|ASV_9614",74.4236400748041,2.52360925496984,1.02446309675883,2.46334813128357,0.0137646194236364,0.0319114442147978,"*","DESeq2"
"34","EsteroZacatecas - ColaDeBallena","k__Bacteria|p__Actinomycetota|c__Actinobacteria|o__Euzebyales|f__Euzebyaceae|g__|s__|ASV_15365",85.9896032686543,-1.17864663817684,1.58310407035886,-0.744516207269727,0.456564239842413,0.543665593774613,"","DESeq2"
"35","EsteroZacatecas - ColaDeBallena","k__Bacteria|p__Bacteroidota|c__Bacteroidia|o__Cytophagales|f__Cyclobacteriaceae|g__|s__|ASV_9068",79.8514781721758,2.92389158680252,0.889409306518971,3.28745333039772,0.00101097944485403,0.00435027518694764,"**","DESeq2"
"36","EsteroZacatecas - ColaDeBallena","k__Bacteria|p__Bacteroidota|c__Bacteroidia|o__Flavobacteriales|f__Flavobacteriaceae|g__Hoppeia|s__|ASV_11816",94.6594455214077,-1.41439450998982,1.34656299956877,-1.05037381128308,0.293546281404127,0.373288864236474,"","DESeq2"
"37","EsteroZacatecas - ColaDeBallena","k__Bacteria|p__Actinomycetota|c__Actinobacteria|o__Euzebyales|f__Euzebyaceae|g__|s__|ASV_4057",82.6951415317207,-1.95189287728074,0.924476531414029,-2.11134929979806,0.0347422994800135,0.067813148125937,"","DESeq2"
"38","EsteroZacatecas - ColaDeBallena","k__Bacteria|p__Pseudomonadota|c__Alphaproteobacteria|o__Rhodobacterales|f__Paracoccaceae|g__Palleronia-Pseudomaribius|s__|ASV_5775",94.292467264206,-10.0557487014296,1.14818351607691,-8.75796295681712,1.98810477666225e-18,1.50565801752554e-16,"***","DESeq2"
"39","EsteroZacatecas - ColaDeBallena","k__Bacteria|p__Cyanobacteriota|c__Cyanobacteriia|o__Cyanobacteriales|f__Nostocaceae|g__Rivularia_PCC-7116|s__|ASV_12448",140.660160383313,10.4022105927707,1.81274087599609,5.73838805673468,9.55819081626268e-09,1.64516738898097e-07,"***","DESeq2"
"40","EsteroZacatecas - ColaDeBallena","k__Bacteria|p__Pseudomonadota|c__Alphaproteobacteria|o__Rhodobacterales|f__Paracoccaceae|g__Palleronia-Pseudomaribius|s__|ASV_3202",81.78207897473,-2.36965643197778,1.55210511957588,-1.5267370760463,0.12682640401222,0.180407543497511,"","DESeq2"
"41","EsteroZacatecas - ColaDeBallena","k__Bacteria|p__Pseudomonadota|c__Alphaproteobacteria|o__Rhodobacterales|f__Paracoccaceae|g__Actibacterium|s__|ASV_6146",88.1564038965582,-3.11486206663567,1.71602491801216,-1.81516132658722,0.069499120968752,0.114981964202347,"","DESeq2"
"42","EsteroZacatecas - ColaDeBallena","k__Bacteria|p__Pseudomonadota|c__Alphaproteobacteria|o__Sphingomonadales|f__Sphingomonadaceae|g__|s__|ASV_14489",87.8787234689884,-1.25220974015274,1.1301661397659,-1.10798730920404,0.267867296752251,0.345008218946209,"","DESeq2"
"43","EsteroZacatecas - ColaDeBallena","k__Bacteria|p__Myxococcota|c__Polyangiia|o__Polyangiales|f__Sandaracinaceae|g__|s__|ASV_1096",119.890362374374,-10.3978789855197,1.07796739423512,-9.64581956850145,5.12005510178313e-22,4.84698549635469e-20,"***","DESeq2"
"44","EsteroZacatecas - ColaDeBallena","k__Bacteria|p__Bacteroidota|c__Bacteroidia|o__Flavobacteriales|f__Flavobacteriaceae|g__Sufflavibacter|s__|ASV_4707",82.1384622288725,-4.91869535992906,1.01301524411301,-4.85549984416655,1.20083448834229e-06,1.46682578360951e-05,"***","DESeq2"
"45","EsteroZacatecas - ColaDeBallena","k__Bacteria|p__Pseudomonadota|c__Alphaproteobacteria|o__Sphingomonadales|f__Sphingomonadaceae|g__Aurantiacibacter|s__|ASV_6948",94.4007492316412,-0.804136684236333,0.486683785952684,-1.65227753100966,0.0984779875640838,0.149161325163732,"","DESeq2"
"46","EsteroZacatecas - ColaDeBallena","k__Bacteria|p__Pseudomonadota|c__Alphaproteobacteria|o__Rhodobacterales|f__Paracoccaceae|g__Palleronia-Pseudomaribius|s__|ASV_10594",76.2014850127718,-3.5938855137633,1.74965032594149,-2.05405929429323,0.0399699531815871,0.0756140068240716,"","DESeq2"
"47","EsteroZacatecas - ColaDeBallena","k__Bacteria|p__Pseudomonadota|c__Alphaproteobacteria|o__Rhodobacterales|f__Paracoccaceae|g__|s__|ASV_1011",53.3634514089635,0.427220365628708,2.09578470902558,0.203847448542241,0.838472712668613,0.86749089398137,"","DESeq2"
"48","EsteroZacatecas - ColaDeBallena","k__Bacteria|p__Pseudomonadota|c__Alphaproteobacteria|o__Rhodobacterales|f__Paracoccaceae|g__|s__|ASV_8954",60.3894412940076,2.65691392636595,1.13278099453631,2.34547890473174,0.0190026538874439,0.0412753629371629,"*","DESeq2"
"49","EsteroZacatecas - ColaDeBallena","k__Bacteria|p__Pseudomonadota|c__Alphaproteobacteria|o__Rhodobacterales|f__Paracoccaceae|g__Limibaculum|s__|ASV_636",62.9157592748004,1.53637469463242,1.06393561313557,1.44404856427778,0.148725315040471,0.207557687820608,"","DESeq2"
"50","EsteroZacatecas - ColaDeBallena","k__Bacteria|p__Pseudomonadota|c__Alphaproteobacteria|o__Sphingomonadales|f__Sphingomonadaceae|g__Sphingomicrobium|s__|ASV_13477",74.8399136866576,-4.46935067118071,1.96760957698585,-2.2714621454665,0.0231190160419332,0.0484560926635353,"*","DESeq2"
"51","EsteroZacatecas - ColaDeBallena","k__Bacteria|p__Pseudomonadota|c__Alphaproteobacteria|o__Rhodobacterales|f__Paracoccaceae|g__|s__|ASV_14979",86.4911436167934,9.70026979278919,1.35431365013809,7.16249872531384,7.92196052533108e-13,2.0928714318084e-11,"***","DESeq2"
"52","EsteroZacatecas - ColaDeBallena","k__Bacteria|p__Actinomycetota|c__Actinobacteria|o__Nitriliruptorales|f__Nitriliruptoraceae|g__|s__|ASV_7144",67.9144860510601,-1.4202713904195,0.930179475121937,-1.52687887488952,0.126791133516199,0.180407543497511,"","DESeq2"
"53","EsteroZacatecas - ColaDeBallena","k__Bacteria|p__Actinomycetota|c__Actinobacteria|o__Nitriliruptorales|f__Nitriliruptoraceae|g__|s__|ASV_11633",48.6713323287922,1.24279196618281,0.871825094547282,1.42550607221069,0.154010966103978,0.214407423399656,"","DESeq2"
"54","EsteroZacatecas - ColaDeBallena","k__Bacteria|p__Actinomycetota|c__Rubrobacteria|o__Rubrobacterales|f__Rubrobacteriaceae|g__Rubrobacter|s__|ASV_10060",49.3110836315551,0.124515956092471,1.42777287042896,0.087209918798262,0.930504655336934,0.942955654293271,"","DESeq2"
"55","EsteroZacatecas - ColaDeBallena","k__Bacteria|p__Rhodothermota|c__Rhodothermia|o__Rhodothermales|f__Rhodothermaceae|g__|s__|ASV_5842",67.2190015714906,-0.890644305663798,0.756853368524818,-1.17677259916244,0.239286282007545,0.313890550069944,"","DESeq2"
"56","EsteroZacatecas - ColaDeBallena","k__Bacteria|p__Rhodothermota|c__Rhodothermia|o__Rhodothermales|f__Rhodothermaceae|g__|s__|ASV_11225",65.5129530821298,-0.710841779176169,1.10886068668161,-0.641055984501936,0.521486310020839,0.604953794824582,"","DESeq2"
"57","EsteroZacatecas - ColaDeBallena","k__Bacteria|p__Rhodothermota|c__Rhodothermia|o__Rhodothermales|f__Rhodothermaceae|g__|s__|ASV_12652",56.7967770532893,0.60720803858408,0.888183262934708,0.683651746124738,0.494195100669022,0.579964498305794,"","DESeq2"
"58","EsteroZacatecas - ColaDeBallena","k__Bacteria|p__Rhodothermota|c__Rhodothermia|o__Rhodothermales|f__Rhodothermaceae|g__|s__|ASV_8456",77.5808349866261,1.17584364136318,0.68109979182474,1.72638966488738,0.084277333859934,0.133713758749839,"","DESeq2"
"59","EsteroZacatecas - ColaDeBallena","k__Bacteria|p__Rhodothermota|c__Rhodothermia|o__Rhodothermales|f__Rhodothermaceae|g__Rubrivirga|s__|ASV_7122",54.5125081897432,-0.882596865353302,1.676227185408,-0.526537734882562,0.59851464092243,0.675184419699093,"","DESeq2"
"60","EsteroZacatecas - ColaDeBallena","k__Bacteria|p__Bacteroidota|c__Bacteroidia|o__Flavobacteriales|f__Flavobacteriaceae|g__|s__|ASV_7083",108.413956307907,1.19039107709696,0.863413272365248,1.37870370446817,0.167986126878479,0.231592524434408,"","DESeq2"
"61","EsteroZacatecas - ColaDeBallena","k__Bacteria|p__Actinomycetota|c__Actinobacteria|o__Nitriliruptorales|f__Nitriliruptoraceae|g__|s__|ASV_15235",49.9924903258379,0.949363743152492,1.24056969695702,0.765264334185476,0.444114157397091,0.530508604419658,"","DESeq2"
"62","EsteroZacatecas - ColaDeBallena","k__Bacteria|p__Pseudomonadota|c__Alphaproteobacteria|o__Sphingomonadales|f__Sphingomonadaceae|g__Pacificimonas|s__|ASV_12382",58.3417917702722,-0.454960285107949,1.0023402579565,-0.453898046592971,0.649902209603777,0.719579834415098,"","DESeq2"
"63","EsteroZacatecas - ColaDeBallena","k__Bacteria|p__Actinomycetota|c__Actinobacteria|o__Nitriliruptorales|f__Nitriliruptoraceae|g__|s__|ASV_10311",60.7970351521657,-3.49135255572371,1.08724354052544,-3.21119641146491,0.00132183555536141,0.0053248411024488,"**","DESeq2"
"64","EsteroZacatecas - ColaDeBallena","k__Bacteria|p__Thermodesulfobacteriota|c__Desulfobulbia|o__Desulfobulbales|f__Desulfocapsaceae|g__|s__|ASV_11131",122.340822338635,2.82607108763941,1.12093357272097,2.52117623774918,0.0116963254989833,0.0286358313940625,"*","DESeq2"
"65","EsteroZacatecas - ColaDeBallena","k__Bacteria|p__Actinomycetota|c__Acidimicrobiia|o__Microtrichales|f__Ilumatobacteraceae|g__Ilumatobacter|s__|ASV_249",56.6693368041081,0.553336136951703,0.99940396683637,0.553666140332921,0.579807352051628,0.661306377440411,"","DESeq2"
"66","EsteroZacatecas - ColaDeBallena","k__Bacteria|p__Bacteroidota|c__Bacteroidia|o__Flavobacteriales|f__Flavobacteriaceae|g__Gramella|s__|ASV_12463",26.4238895451568,2.51791390000776,2.2286495708047,1.12979354537942,0.258563228639075,0.335305739422363,"","DESeq2"
"67","EsteroZacatecas - ColaDeBallena","k__Bacteria|p__Pseudomonadota|c__Alphaproteobacteria|o__Rhodobacterales|f__Paracoccaceae|g__|s__|ASV_10445",69.0582802475736,9.37406757225906,0.985122431775714,9.5156371125993,1.80602783979135e-21,1.46546259000212e-19,"***","DESeq2"
"68","EsteroZacatecas - ColaDeBallena","k__Bacteria|p__Pseudomonadota|c__Gammaproteobacteria|o__Enterobacterales|f__Vibrionaceae|g__|s__|ASV_7934",54.6456590411498,4.73210919760322,1.5464942720572,3.05989442256933,0.00221415028631668,0.00798499912779603,"**","DESeq2"
"69","EsteroZacatecas - ColaDeBallena","k__Bacteria|p__Pseudomonadota|c__Alphaproteobacteria|o__Rhodobacterales|f__Paracoccaceae|g__Limibaculum|s__|ASV_14872",68.1026305353236,-0.325134023430827,0.64143677255175,-0.506883978817406,0.612236227611695,0.68589778556892,"","DESeq2"
"70","EsteroZacatecas - ColaDeBallena","k__Bacteria|p__Actinomycetota|c__Rubrobacteria|o__Rubrobacterales|f__Rubrobacteriaceae|g__Rubrobacter|s__|ASV_15130",35.3471154740636,8.41308400130797,1.32303068807697,6.35894849388294,2.03139502067414e-10,4.52483283036436e-09,"***","DESeq2"
"71","EsteroZacatecas - ColaDeBallena","k__Bacteria|p__Pseudomonadota|c__Alphaproteobacteria|o__|f__Neomegalonemataceae|g__Acuticoccus|s__|ASV_1266",65.8561211395604,9.30418593775281,0.932948408541039,9.9728836584896,2.0032649893817e-23,3.25101289705373e-21,"***","DESeq2"
"72","EsteroZacatecas - ColaDeBallena","k__Bacteria|p__Deinococcota|c__Deinococci|o__Deinococcales|f__Trueperaceae|g__Truepera|s__|ASV_110",51.8630503629789,-0.24253800060957,1.12698884275703,-0.215208874664839,0.829604472054864,0.860667287903494,"","DESeq2"
"73","EsteroZacatecas - ColaDeBallena","k__Bacteria|p__Bacteroidota|c__Bacteroidia|o__Chitinophagales|f__Saprospiraceae|g__Lewinella|s__|ASV_368",52.8622917078104,-4.08781180834372,1.19721939882001,-3.41442162762539,0.000639175793496983,0.00322712756183365,"**","DESeq2"
"74","EsteroZacatecas - ColaDeBallena","k__Bacteria|p__Actinomycetota|c__Actinobacteria|o__Nitriliruptorales|f__Nitriliruptoraceae|g__|s__|ASV_13671",58.2283795390639,-9.3610039238728,1.15724485882794,-8.08904343144255,6.01351275063047e-16,2.73254019388649e-14,"***","DESeq2"
"75","EsteroZacatecas - ColaDeBallena","k__Bacteria|p__Actinomycetota|c__Actinobacteria|o__Nitriliruptorales|f__Nitriliruptoraceae|g__|s__|ASV_2255",60.1382410459559,-0.0679973688417364,1.08568442933239,-0.0626308778173687,0.950060440735025,0.957647436268845,"","DESeq2"
"76","EsteroZacatecas - ColaDeBallena","k__Bacteria|p__Thermodesulfobacteriota|c__Desulfobulbia|o__Desulfobulbales|f__Desulfocapsaceae|g__|s__|ASV_15773",94.1267525243267,-1.13958873825166,0.991020626335035,-1.14991424796682,0.250179191923293,0.327046676668425,"","DESeq2"
"77","EsteroZacatecas - ColaDeBallena","k__Bacteria|p__Pseudomonadota|c__Alphaproteobacteria|o__Hyphomicrobiales|f__Rhizobiaceae|g__Oricola|s__|ASV_1268",66.3448992242382,-1.17760507982883,0.745187007731726,-1.58028128189371,0.114042464534235,0.165895004493647,"","DESeq2"
"78","EsteroZacatecas - ColaDeBallena","k__Bacteria|p__Pseudomonadota|c__Alphaproteobacteria|o__Caulobacterales|f__Parvularculaceae|g__Parvularcula|s__|ASV_6944",41.3778599035767,-0.275613232436136,1.76622306532894,-0.15604667261256,0.875996232381066,0.896846370034725,"","DESeq2"
"79","EsteroZacatecas - ColaDeBallena","k__Bacteria|p__Bacteroidota|c__Bacteroidia|o__Flavobacteriales|f__Flavobacteriaceae|g__Hoppeia|s__|ASV_9379",78.6625390163595,1.33644435428496,1.95057392781477,0.685154423130315,0.493246480691659,0.579449847017296,"","DESeq2"
"80","EsteroZacatecas - ColaDeBallena","k__Bacteria|p__Pseudomonadota|c__Gammaproteobacteria|o__Pseudomonadales|f__Cellvibrionaceae|g__|s__|ASV_9855",67.9459380655019,-4.86122693688929,1.95637083142147,-2.48481875665524,0.0129617407732705,0.0307401618338941,"*","DESeq2"
"81","EsteroZacatecas - ColaDeBallena","k__Bacteria|p__Cyanobacteriota|c__Cyanobacteriia|o__Cyanobacteriales|f__Xenococcaceae|g__Pleurocapsa_PCC-7319|s__|ASV_696",43.6050767920331,8.71331264444064,1.3034235073796,6.6849436082044,2.31013583835518e-11,5.70503111385106e-10,"***","DESeq2"
"82","EsteroZacatecas - ColaDeBallena","k__Bacteria|p__Actinomycetota|c__Acidimicrobiia|o__Microtrichales|f__Ilumatobacteraceae|g__Ilumatobacter|s__|ASV_10265",69.4192452419546,2.87154006143432,1.21804156001118,2.35750581565374,0.0183981671193091,0.0401420503381894,"*","DESeq2"
"83","EsteroZacatecas - ColaDeBallena","k__Bacteria|p__Pseudomonadota|c__Alphaproteobacteria|o__Sphingomonadales|f__Sphingomonadaceae|g__Sphingomicrobium|s__|ASV_429",49.236288260933,-1.52171587391941,1.61950442562268,-0.93961822508409,0.347413424428773,0.430383478899766,"","DESeq2"
"84","EsteroZacatecas - ColaDeBallena","k__Bacteria|p__Pseudomonadota|c__Alphaproteobacteria|o__Rhodobacterales|f__Paracoccaceae|g__Wenxinia|s__|ASV_8558",46.3209259190659,-2.32007100539172,0.928135896840809,-2.49971045542876,0.0124294847745581,0.0300423291572297,"*","DESeq2"
"85","EsteroZacatecas - ColaDeBallena","k__Bacteria|p__Pseudomonadota|c__Gammaproteobacteria|o__Chromatiales|f__Chromatiaceae|g__Thiohalocapsa|s__|ASV_3220",88.9296652416431,9.74022296073951,1.66700774077718,5.8429380515045,5.12880942475533e-09,9.24813889924136e-08,"***","DESeq2"
"86","EsteroZacatecas - ColaDeBallena","k__Bacteria|p__Pseudomonadota|c__Alphaproteobacteria|o__Rhodobacterales|f__Paracoccaceae|g__Palleronia-Pseudomaribius|s__|ASV_11540",45.566709226823,8.77579495381198,1.07958789739899,8.12883784169419,4.33425658674049e-16,2.05154811772383e-14,"***","DESeq2"
"87","EsteroZacatecas - ColaDeBallena","k__Bacteria|p__Actinomycetota|c__Actinobacteria|o__Nitriliruptorales|f__Nitriliruptoraceae|g__|s__|ASV_13518",42.7253338455095,-1.72833364687993,1.47076237104551,-1.17512773028815,0.239943617968514,0.314389792401652,"","DESeq2"
"88","EsteroZacatecas - ColaDeBallena","k__Bacteria|p__Cyanobacteriota|c__Cyanobacteriia|o__Cyanobacteriales|f__Nostocaceae|g__Rivularia_PCC-7116|s__|ASV_13548",5.72745403467416,5.77312127744227,2.94811337203443,1.95824262805007,0.0502015493029936,0.0887016347608221,"","DESeq2"
"89","EsteroZacatecas - ColaDeBallena","k__Bacteria|p__Pseudomonadota|c__Alphaproteobacteria|o__Sphingomonadales|f__Sphingomonadaceae|g__Sphingomicrobium|s__|ASV_5269",64.4375516036745,5.83032160677766,1.18926595704323,4.90245396519471,9.46467995642318e-07,1.18152488247217e-05,"***","DESeq2"
"90","EsteroZacatecas - ColaDeBallena","k__Bacteria|p__Pseudomonadota|c__Alphaproteobacteria|o__Rhodobacterales|f__Paracoccaceae|g__|s__|ASV_1163",45.3580629781946,-0.238846852221523,1.3144796528774,-0.181704487930784,0.855814643748568,0.881419252310402,"","DESeq2"
"91","EsteroZacatecas - ColaDeBallena","k__Bacteria|p__Pseudomonadota|c__Alphaproteobacteria|o__Sphingomonadales|f__Sphingomonadaceae|g__Sphingomicrobium|s__|ASV_3742",77.4126555241971,4.03981645121549,1.31794644817121,3.06523566023578,0.00217498546340396,0.00786873721792006,"**","DESeq2"
"92","EsteroZacatecas - ColaDeBallena","k__Bacteria|p__Actinomycetota|c__Actinobacteria|o__Euzebyales|f__Euzebyaceae|g__|s__|ASV_11651",30.3680937502557,2.25491722129474,1.82966874558657,1.23241828704454,0.217792873243311,0.290731732085077,"","DESeq2"
"93","EsteroZacatecas - ColaDeBallena","k__Bacteria|p__Bacteroidota|c__Bacteroidia|o__Chitinophagales|f__Saprospiraceae|g__Lewinella|s__|ASV_6532",34.6210725276874,23.6976642143848,2.94539277074842,8.04567202368844,8.57734232496211e-16,3.60883736339147e-14,"***","DESeq2"
"94","EsteroZacatecas - ColaDeBallena","k__Bacteria|p__Pseudomonadota|c__Gammaproteobacteria|o__Enterobacterales|f__Pseudoalteromonadaceae|g__Pseudoalteromonas|s__|ASV_6090",50.1013622479021,8.91299867003636,1.97913329356561,4.50348579300521,6.68478385995859e-06,6.72027828753359e-05,"***","DESeq2"
"95","EsteroZacatecas - ColaDeBallena","k__Bacteria|p__Pseudomonadota|c__Alphaproteobacteria|o__Rhodobacterales|f__Paracoccaceae|g__Hasllibacter|s__|ASV_260",35.7258467076589,1.68937966658159,1.49064035263265,1.13332479132068,0.257077884507484,0.334142421968538,"","DESeq2"
"96","EsteroZacatecas - ColaDeBallena","k__Bacteria|p__Pseudomonadota|c__Alphaproteobacteria|o__Rhodobacterales|f__Paracoccaceae|g__Maribius|s__|ASV_6628",44.2284284047629,-2.76770475076575,1.56431178031535,-1.76927949120719,0.0768472442289783,0.124003507733124,"","DESeq2"
"97","EsteroZacatecas - ColaDeBallena","k__Bacteria|p__Pseudomonadota|c__Alphaproteobacteria|o__Rhodobacterales|f__Paracoccaceae|g__Palleronia-Pseudomaribius|s__|ASV_12053",48.9467093059429,-9.10950038384471,1.70205365997125,-5.3520641552503,8.69565561486234e-08,1.35318695595666e-06,"***","DESeq2"
"98","EsteroZacatecas - ColaDeBallena","k__Bacteria|p__Pseudomonadota|c__Alphaproteobacteria|o__Sphingomonadales|f__Sphingomonadaceae|g__Novosphingobium|s__|ASV_15092",45.824995804218,-3.01291054705864,0.721158894783208,-4.17787337694056,2.94247379968624e-05,0.000237067392655572,"***","DESeq2"
"99","EsteroZacatecas - ColaDeBallena","k__Bacteria|p__Pseudomonadota|c__Alphaproteobacteria|o__Sphingomonadales|f__Sphingomonadaceae|g__Aurantiacibacter|s__|ASV_1062",42.2164871426455,-1.70854418685371,1.01230072617503,-1.68778322752906,0.0914528484026734,0.141431932099547,"","DESeq2"
"100","EsteroZacatecas - ColaDeBallena","k__Bacteria|p__Pseudomonadota|c__Alphaproteobacteria|o__Rhodobacterales|f__Paracoccaceae|g__Wenxinia|s__|ASV_15944",47.2789771281142,-6.349744907916,1.0790723393143,-5.88444785078168,3.993850382635e-09,7.58765497399815e-08,"***","DESeq2"
"101","EsteroZacatecas - ColaDeBallena","k__Bacteria|p__Pseudomonadota|c__Alphaproteobacteria|o__Sphingomonadales|f__Sphingomonadaceae|g__Aurantiacibacter|s__|ASV_11060",26.5983439149465,-24.4456144973105,2.94564367113653,-8.29890415356265,1.0507609607957e-16,5.68411643554247e-15,"***","DESeq2"
"102","EsteroZacatecas - ColaDeBallena","k__Bacteria|p__Chloroflexota|c__Anaerolineae|o__Aggregatilineales|f__A4b|g__|s__|ASV_15923",46.8251796364484,1.06914520889661,0.519756841964124,2.05701036056859,0.0396852292819255,0.0752628054495281,"","DESeq2"
"103","EsteroZacatecas - ColaDeBallena","k__Bacteria|p__Bacteroidota|c__Bacteroidia|o__Flavobacteriales|f__Flavobacteriaceae|g__Gramella|s__|ASV_14533",119.548138856002,24.4217107225953,2.28021953706921,10.7102453625956,9.11199896194393e-27,2.58780770519208e-24,"***","DESeq2"
"104","EsteroZacatecas - ColaDeBallena","k__Bacteria|p__Actinomycetota|c__Actinobacteria|o__Nitriliruptorales|f__Nitriliruptoraceae|g__|s__|ASV_12809",40.7961644154895,-3.02920879029597,1.6486816712895,-1.83735213598069,0.0661579279081658,0.110685428724118,"","DESeq2"
"105","EsteroZacatecas - ColaDeBallena","k__Bacteria|p__Pseudomonadota|c__Alphaproteobacteria|o__Sphingomonadales|f__Sphingomonadaceae|g__Pacificimonas|s__|ASV_7328",47.0846333369586,-0.257555834004953,1.06847906450943,-0.241049022446878,0.809517122057317,0.84629902432712,"","DESeq2"
"106","EsteroZacatecas - ColaDeBallena","k__Bacteria|p__Actinomycetota|c__Acidimicrobiia|o__Microtrichales|f__Ilumatobacteraceae|g__Ilumatobacter|s__|ASV_9292",37.7618340942919,8.50565776047588,1.67736686361107,5.07083926897466,3.96065172798979e-07,5.3563099559481e-06,"***","DESeq2"
"107","EsteroZacatecas - ColaDeBallena","k__Bacteria|p__Bacteroidota|c__Bacteroidia|o__Chitinophagales|f__Saprospiraceae|g__Lewinella|s__|ASV_6892",41.6887406236641,0.664502712246446,0.976401472175337,0.68056299706922,0.496148047396289,0.581655502417115,"","DESeq2"
"108","EsteroZacatecas - ColaDeBallena","k__Bacteria|p__Pseudomonadota|c__Alphaproteobacteria|o__Sphingomonadales|f__Sphingomonadaceae|g__|s__|ASV_526",48.9388094274213,2.0343136649927,0.995133225041072,2.04426263117558,0.0409276087898326,0.0769764297769037,"","DESeq2"
"109","EsteroZacatecas - ColaDeBallena","k__Bacteria|p__Bacteroidota|c__Bacteroidia|o__Cytophagales|f__Cyclobacteriaceae|g__Fulvivirga|s__|ASV_2236",44.8700992741576,4.1802262495229,1.24838274069217,3.34851333110002,0.000812463720133158,0.00375972588342404,"**","DESeq2"
"110","EsteroZacatecas - ColaDeBallena","k__Bacteria|p__Actinomycetota|c__Actinobacteria|o__Frankiales|f__Sporichthyaceae|g__Sporichthya|s__|ASV_3678",38.0237147964935,-2.23636411425643,1.87082491663837,-1.1953893142897,0.23193495866605,0.305659063856882,"","DESeq2"
"111","EsteroZacatecas - ColaDeBallena","k__Bacteria|p__Bacteroidota|c__Bacteroidia|o__Cytophagales|f__Cyclobacteriaceae|g__Tunicatimonas|s__|ASV_5667",37.065745348905,-2.68819242563852,1.0167702418283,-2.64385434884952,0.00819679191039507,0.0214058749659972,"*","DESeq2"
"112","EsteroZacatecas - ColaDeBallena","k__Bacteria|p__Pseudomonadota|c__Alphaproteobacteria|o__Sphingomonadales|f__Sphingomonadaceae|g__|s__|ASV_13522",39.1247383976763,1.35786343859426,1.26654917747865,1.07209689346401,0.283676514046944,0.362493273292833,"","DESeq2"
"113","EsteroZacatecas - ColaDeBallena","k__Bacteria|p__Rhodothermota|c__Rhodothermia|o__Rhodothermales|f__Rhodothermaceae|g__Rubrivirga|s__|ASV_3298",39.185358559928,-4.28297688862566,1.71642097434353,-2.49529512435825,0.0125852408098671,0.0302899016101886,"*","DESeq2"
"114","EsteroZacatecas - ColaDeBallena","k__Bacteria|p__Actinomycetota|c__Actinobacteria|o__Mycobacteriales|f__Mycobacteriaceae|g__Mycobacterium|s__|ASV_6684",31.0378958684418,-0.534672987062478,1.61239689497544,-0.331601349970735,0.740190300079517,0.792512894335845,"","DESeq2"
"115","EsteroZacatecas - ColaDeBallena","k__Bacteria|p__Pseudomonadota|c__Alphaproteobacteria|o__Rhodobacterales|f__Paracoccaceae|g__Palleronia-Pseudomaribius|s__|ASV_10171",40.5589222491112,-8.83810485768198,2.07596167099609,-4.2573545461662,2.0686016043976e-05,0.000178025107772399,"***","DESeq2"
"116","EsteroZacatecas - ColaDeBallena","k__Bacteria|p__Pseudomonadota|c__Alphaproteobacteria|o__Rhodobacterales|f__Paracoccaceae|g__|s__|ASV_12829",34.1455564735964,-0.494450583021503,1.24387925708106,-0.397506896434468,0.690993701982715,0.754052685352895,"","DESeq2"
"117","EsteroZacatecas - ColaDeBallena","k__Bacteria|p__Bacteroidota|c__Bacteroidia|o__Chitinophagales|f__Saprospiraceae|g__|s__|ASV_949",15.5298482330633,22.5780817636008,2.94605062017933,7.66384718882614,1.80444574939029e-14,5.8567153465925e-13,"***","DESeq2"
"118","EsteroZacatecas - ColaDeBallena","k__Bacteria|p__Pseudomonadota|c__Alphaproteobacteria|o__Sphingomonadales|f__Sphingomonadaceae|g__Pacificimonas|s__|ASV_11209",46.0668455822186,-2.79644694916714,0.855295036856092,-3.26956994798703,0.00107711102977732,0.00454682163420664,"**","DESeq2"
"119","EsteroZacatecas - ColaDeBallena","k__Bacteria|p__Cyanobacteriota|c__Cyanobacteriia|o__Phormidesmiales|f__Phormidesmiaceae|g__Acrophormium_PCC-7375|s__|ASV_6130",29.7093704381245,8.15868924428018,1.80052778159798,4.53127651106793,5.86283394670132e-06,6.03769685720256e-05,"***","DESeq2"
"120","EsteroZacatecas - ColaDeBallena","k__Bacteria|p__Actinomycetota|c__Actinobacteria|o__Euzebyales|f__Euzebyaceae|g__|s__|ASV_7017",27.7535496860656,0.981126379072379,1.83962151743757,0.533330562712162,0.593804774777605,0.671874725246374,"","DESeq2"
"121","EsteroZacatecas - ColaDeBallena","k__Bacteria|p__Pseudomonadota|c__Gammaproteobacteria|o__Pseudomonadales|f__Marinobacteraceae|g__Marinobacter|s__|ASV_10962",56.6262123726793,-3.18415247017403,1.40896437891881,-2.25992403911407,0.0238259656679056,0.0497542224241558,"*","DESeq2"
"122","EsteroZacatecas - ColaDeBallena","k__Bacteria|p__Bacteroidota|c__Bacteroidia|o__Cytophagales|f__Cyclobacteriaceae|g__Fulvivirga|s__|ASV_9556",33.755128579727,-0.107929778531875,0.693475720156716,-0.155635987525971,0.876319956636043,0.896846370034725,"","DESeq2"
"123","EsteroZacatecas - ColaDeBallena","k__Bacteria|p__Cyanobacteriota|c__Cyanobacteriia|o__Cyanobacteriales|f__Xenococcaceae|g__Gloeocapsopsis_BDHKU_35101|s__|ASV_16008",7.01469078644678,6.07597758508086,2.35531260203684,2.57969051743979,0.0098888894148019,0.0251878438906165,"*","DESeq2"
"124","EsteroZacatecas - ColaDeBallena","k__Bacteria|p__Pseudomonadota|c__Alphaproteobacteria|o__Sphingomonadales|f__Sphingomonadaceae|g__|s__|ASV_2700",29.5495688271482,1.39204375643372,1.97774317730961,0.703854662427588,0.48152328818731,0.567334011117543,"","DESeq2"
"125","EsteroZacatecas - ColaDeBallena","k__Bacteria|p__Actinomycetota|c__Acidimicrobiia|o__Microtrichales|f__Iamiaceae|g__Iamia|s__|ASV_5513",29.9740637598021,-0.43060353511786,1.03864276420725,-0.414582905650455,0.67844726425727,0.743934451926891,"","DESeq2"
"126","EsteroZacatecas - ColaDeBallena","k__Bacteria|p__Bacteroidota|c__Bacteroidia|o__Flavobacteriales|f__Flavobacteriaceae|g__Gramella|s__|ASV_536",5.87823105548129,2.87874100455633,2.20477771073721,1.3056831038054,0.191660346163966,0.260126825856948,"","DESeq2"
"127","EsteroZacatecas - ColaDeBallena","k__Bacteria|p__Bacteroidota|c__Bacteroidia|o__Cytophagales|f__Cyclobacteriaceae|g__Tunicatimonas|s__|ASV_7636",56.9678565812428,9.09524365205607,1.22764963304856,7.40866400902211,1.27578069193797e-13,3.62321716510382e-12,"***","DESeq2"
"128","EsteroZacatecas - ColaDeBallena","k__Bacteria|p__Pseudomonadota|c__Alphaproteobacteria|o__Sphingomonadales|f__Sphingomonadaceae|g__Croceibacterium|s__|ASV_4564",35.8271187778464,-2.96656360433744,0.90609813163207,-3.27399814741263,0.00106037306500134,0.00449471567851313,"**","DESeq2"
"129","EsteroZacatecas - ColaDeBallena","k__Bacteria|p__Bacteroidota|c__Bacteroidia|o__Cytophagales|f__Cyclobacteriaceae|g__Tunicatimonas|s__|ASV_1480",53.8873971086592,9.01483268586825,1.24212197306236,7.25760664521763,3.93999326427569e-13,1.06567436862314e-11,"***","DESeq2"
"130","EsteroZacatecas - ColaDeBallena","k__Bacteria|p__Actinomycetota|c__Actinobacteria|o__Nitriliruptorales|f__Nitriliruptoraceae|g__|s__|ASV_3706",32.3199547925075,-4.11329034205088,1.21329973766344,-3.39016832721996,0.000698497201700499,0.0034202276772921,"**","DESeq2"
"131","EsteroZacatecas - ColaDeBallena","k__Bacteria|p__Actinomycetota|c__Acidimicrobiia|o__Microtrichales|f__Ilumatobacteraceae|g__Ilumatobacter|s__|ASV_7004",33.9133090976172,-2.47973064225778,0.977201100942414,-2.53758478154223,0.0111620328291903,0.0277998426164009,"*","DESeq2"
"132","EsteroZacatecas - ColaDeBallena","k__Bacteria|p__Actinomycetota|c__Acidimicrobiia|o__Microtrichales|f__Ilumatobacteraceae|g__Ilumatobacter|s__|ASV_3237",35.2284025103495,1.64537617528798,1.61965490247213,1.01588071185818,0.309686194890714,0.390458953824474,"","DESeq2"
"133","EsteroZacatecas - ColaDeBallena","k__Bacteria|p__Myxococcota|c__Polyangiia|o__Polyangiales|f__Sandaracinaceae|g__|s__|ASV_14312",35.3366755546076,-8.63938519292228,2.09195704325552,-4.12981003638468,3.63063096812567e-05,0.000286416443041025,"***","DESeq2"
"134","EsteroZacatecas - ColaDeBallena","k__Bacteria|p__Pseudomonadota|c__Alphaproteobacteria|o__Rhodobacterales|f__Paracoccaceae|g__Silicimonas|s__|ASV_15668",45.3009239441458,4.61046003732739,1.73364180409016,2.65940751223811,0.00782782186264571,0.0206800131068966,"*","DESeq2"
"135","EsteroZacatecas - ColaDeBallena","k__Bacteria|p__Rhodothermota|c__Rhodothermia|o__Rhodothermales|f__Rhodothermaceae|g__Rubricoccus|s__|ASV_7519",32.8645170997084,-2.60672113281011,1.10582547719316,-2.3572626843673,0.0184102185089759,0.0401420503381894,"*","DESeq2"
"136","EsteroZacatecas - ColaDeBallena","k__Bacteria|p__Actinomycetota|c__Acidimicrobiia|o__Microtrichales|f__Ilumatobacteraceae|g__Ilumatobacter|s__|ASV_10344",49.903155571248,-2.26254873156713,1.12861951372637,-2.00470460066462,0.0449946363979121,0.0824417854000454,"","DESeq2"
"137","EsteroZacatecas - ColaDeBallena","k__Bacteria|p__Bacteroidota|c__Bacteroidia|o__Chitinophagales|f__Saprospiraceae|g__|s__|ASV_13366",29.7644216884782,1.48396143943464,1.23364607399769,1.20290695257984,0.229012329568216,0.303214459661414,"","DESeq2"
"138","EsteroZacatecas - ColaDeBallena","k__Bacteria|p__Bacteroidota|c__Bacteroidia|o__Cytophagales|f__Cyclobacteriaceae|g__Tunicatimonas|s__|ASV_2727",0.424606359269113,2.19676614576406,2.97519749815767,0.738359771788044,0.460295853457173,NA,NA,"DESeq2"
"139","EsteroZacatecas - ColaDeBallena","k__Bacteria|p__Rhodothermota|c__Rhodothermia|o__Rhodothermales|f__Rhodothermaceae|g__Rubrivirga|s__|ASV_4932",36.0678358212913,6.24326651312161,1.03645910018344,6.02364966646211,1.70527271414655e-09,3.4805393227784e-08,"***","DESeq2"
"140","EsteroZacatecas - ColaDeBallena","k__Bacteria|p__Pseudomonadota|c__Alphaproteobacteria|o__Rhodobacterales|f__Paracoccaceae|g__Actibacterium|s__|ASV_9665",42.8129109047645,8.68257480220671,1.12645580294386,7.7078699222072,1.27935045817363e-14,4.40406703177348e-13,"***","DESeq2"
"141","EsteroZacatecas - ColaDeBallena","k__Bacteria|p__Bacteroidota|c__Bacteroidia|o__Cytophagales|f__Cyclobacteriaceae|g__Tunicatimonas|s__|ASV_8388",49.4489500056314,8.89334134627514,1.92610754245391,4.61726105643343,3.88837995409886e-06,4.24730733447721e-05,"***","DESeq2"
"142","EsteroZacatecas - ColaDeBallena","k__Bacteria|p__Bacteroidota|c__Bacteroidia|o__Chitinophagales|f__Saprospiraceae|g__Lewinella|s__|ASV_3307",3.90678336203883,5.23850992106173,2.15927263874349,2.42605302687024,0.0152640398254283,0.0345587461217813,"*","DESeq2"
"143","EsteroZacatecas - ColaDeBallena","k__Bacteria|p__Cyanobacteriota|c__Cyanobacteriia|o__Cyanobacteriales|f__Xenococcaceae|g__Myxosarcina_GI1|s__|ASV_4818",31.125245620101,-0.149615428605617,1.88939632949398,-0.0791868949198641,0.936883968197452,0.946886288142621,"","DESeq2"
"144","EsteroZacatecas - ColaDeBallena","k__Bacteria|p__Pseudomonadota|c__Alphaproteobacteria|o__Sphingomonadales|f__Sphingomonadaceae|g__Qipengyuania|s__|ASV_13211",26.6180746159029,8.00340921676916,1.37142929984314,5.83581612095102,5.3527903492652e-09,9.50120286994572e-08,"***","DESeq2"
"145","EsteroZacatecas - ColaDeBallena","k__Bacteria|p__Bacteroidota|c__Bacteroidia|o__Cytophagales|f__Cyclobacteriaceae|g__Tunicatimonas|s__|ASV_8500",36.678364475931,-5.34289387970075,1.20151207061416,-4.44680832625319,8.71555386379233e-06,8.60945146892877e-05,"***","DESeq2"
"146","EsteroZacatecas - ColaDeBallena","k__Bacteria|p__Pseudomonadota|c__Alphaproteobacteria|o__Hyphomicrobiales|f__Rhizobiaceae|g__|s__|ASV_664",31.1788166379696,-0.224938592070381,0.888242869078528,-0.253239963866791,0.800082786036637,0.840012980533844,"","DESeq2"
"147","EsteroZacatecas - ColaDeBallena","k__Bacteria|p__Rhodothermota|c__Rhodothermia|o__Rhodothermales|f__Rhodothermaceae|g__|s__|ASV_12658",32.3635532469961,-0.0209891087103556,1.60048532108367,-0.0131142150658052,0.989536670191314,0.989536670191314,"","DESeq2"
"148","EsteroZacatecas - ColaDeBallena","k__Bacteria|p__Rhodothermota|c__Rhodothermia|o__Rhodothermales|f__Rhodothermaceae|g__|s__|ASV_8887",44.7519368165296,2.11763348509261,1.43370140722175,1.47703941310639,0.139665072627861,0.195875953710186,"","DESeq2"
"149","EsteroZacatecas - ColaDeBallena","k__Bacteria|p__Actinomycetota|c__Actinobacteria|o__Propionibacteriales|f__Nocardioidaceae|g__Nocardioides|s__|ASV_13532",34.608981054678,-8.6098794653705,1.65800054042738,-5.19292922736391,2.07010893086125e-07,2.97676423475745e-06,"***","DESeq2"
"150","EsteroZacatecas - ColaDeBallena","k__Bacteria|p__Rhodothermota|c__Rhodothermia|o__Rhodothermales|f__Rhodothermaceae|g__Rubrivirga|s__|ASV_9879",28.1928320547221,-0.819653955127181,1.55294003809669,-0.527807858010902,0.597632702580579,0.675184419699093,"","DESeq2"
"151","EsteroZacatecas - ColaDeBallena","k__Bacteria|p__Bacteroidota|c__Bacteroidia|o__Chitinophagales|f__Saprospiraceae|g__Lewinella|s__|ASV_5784",6.32776864818927,5.92666848187754,2.41820810634789,2.45085130031605,0.0142518815801291,0.0328400354463015,"*","DESeq2"
"152","EsteroZacatecas - ColaDeBallena","k__Bacteria|p__Actinomycetota|c__Acidimicrobiia|o__Microtrichales|f__Ilumatobacteraceae|g__Ilumatobacter|s__|ASV_14205",50.85226137273,-1.82130714314255,1.4437596236885,-1.26150303226342,0.207127668188806,0.278128878324449,"","DESeq2"
"153","EsteroZacatecas - ColaDeBallena","k__Bacteria|p__Pseudomonadota|c__Gammaproteobacteria|o__Steroidobacterales|f__Woeseiaceae|g__Woeseia|s__|ASV_15820",54.1358123205584,-0.102212440512594,1.06759875180659,-0.095740502074988,0.923726672627706,0.937760053713203,"","DESeq2"
"154","EsteroZacatecas - ColaDeBallena","k__Bacteria|p__Campylobacterota|c__Campylobacteria|o__Campylobacterales|f__Sulfurovaceae|g__Sulfurovum|s__|ASV_3044",75.6770052340827,-6.82060881384136,2.08964986614602,-3.26399600446974,0.00109852714605625,0.00457116057846116,"**","DESeq2"
"155","EsteroZacatecas - ColaDeBallena","k__Bacteria|p__Pseudomonadota|c__Alphaproteobacteria|o__Sphingomonadales|f__Sphingomonadaceae|g__Sphingomicrobium|s__|ASV_14022",36.2496317130261,-0.711170345402466,1.52550085315657,-0.466188100734856,0.641080865952001,0.712068204535708,"","DESeq2"
"156","EsteroZacatecas - ColaDeBallena","k__Bacteria|p__Bacteroidota|c__Bacteroidia|o__Flavobacteriales|f__Flavobacteriaceae|g__Muricauda|s__|ASV_9281",24.7195213036523,22.0855607404444,2.94560698635065,7.49779615637267,6.48997214838388e-14,1.94016009488529e-12,"***","DESeq2"
"157","EsteroZacatecas - ColaDeBallena","k__Bacteria|p__Rhodothermota|c__Rhodothermia|o__Rhodothermales|f__Rhodothermaceae|g__|s__|ASV_11484",29.8244814397359,-2.90412355908939,1.34949734351064,-2.15200390949602,0.0313970464516462,0.0620499817405924,"","DESeq2"
"158","EsteroZacatecas - ColaDeBallena","k__Bacteria|p__Myxococcota|c__Polyangiia|o__Polyangiales|f__Sandaracinaceae|g__|s__|ASV_5153",30.4735985672504,2.43316694604867,1.85156883086933,1.31411098819712,0.18880885689305,0.256870492731143,"","DESeq2"
"159","EsteroZacatecas - ColaDeBallena","k__Bacteria|p__Bacteroidota|c__Bacteroidia|o__Cytophagales|f__Cyclobacteriaceae|g__Tunicatimonas|s__|ASV_213",34.5622373978829,8.37723634301964,1.90913297367577,4.38797949568197,1.14408558672327e-05,0.000106531248075216,"***","DESeq2"
"160","EsteroZacatecas - ColaDeBallena","k__Bacteria|p__Bacteroidota|c__Bacteroidia|o__Flavobacteriales|f__Flavobacteriaceae|g__Hoppeia|s__|ASV_2715",43.743283192271,-3.65000036403571,1.59414584019863,-2.28962763129685,0.022042911815347,0.0465441409335208,"*","DESeq2"
"161","EsteroZacatecas - ColaDeBallena","k__Bacteria|p__Pseudomonadota|c__Alphaproteobacteria|o__|f__Neomegalonemataceae|g__Acuticoccus|s__|ASV_5409",28.8629363312015,1.62019871662252,0.876163617439677,1.84919652491057,0.0644294403518178,0.108271958934416,"","DESeq2"
"162","EsteroZacatecas - ColaDeBallena","k__Bacteria|p__Pseudomonadota|c__Alphaproteobacteria|o__Sphingomonadales|f__Sphingomonadaceae|g__|s__|ASV_14191",32.0615845257542,2.5317953860298,1.28124996469505,1.97603547769259,0.0481507591807782,0.0866866282557275,"","DESeq2"
"163","EsteroZacatecas - ColaDeBallena","k__Bacteria|p__Bacteroidota|c__Bacteroidia|o__Chitinophagales|f__Saprospiraceae|g__Lewinella|s__|ASV_4316",24.3128736418021,7.87141992242331,1.72191430155991,4.57131920868099,4.84663333036538e-06,5.09794024379173e-05,"***","DESeq2"
"164","EsteroZacatecas - ColaDeBallena","k__Bacteria|p__Bacteroidota|c__Bacteroidia|o__Flavobacteriales|f__Blattabacteriaceae|g__Candidatus_Uzinura|s__|ASV_7089",0,0,0,0,1,NA,NA,"DESeq2"
"165","EsteroZacatecas - ColaDeBallena","k__Bacteria|p__Pseudomonadota|c__Alphaproteobacteria|o__Hyphomicrobiales|f__Rhizobiaceae|g__Roseitalea|s__|ASV_2998",26.9772963440796,8.0205798855661,2.35618105192322,3.4040592419752,0.000663923523511076,0.00331725709899178,"**","DESeq2"
"166","EsteroZacatecas - ColaDeBallena","k__Bacteria|p__Pseudomonadota|c__Alphaproteobacteria|o__Sphingomonadales|f__Sphingomonadaceae|g__Aurantiacibacter|s__|ASV_472",29.5345381591273,-1.75804050748164,1.30925137421218,-1.34278301486566,0.179342244810549,0.244871141952864,"","DESeq2"
"167","EsteroZacatecas - ColaDeBallena","k__Bacteria|p__Pseudomonadota|c__Alphaproteobacteria|o__Sphingomonadales|f__Sphingomonadaceae|g__Sphingomicrobium|s__|ASV_1202",13.4718174231967,7.019379149558,2.35868935840397,2.97596592130629,0.00292067315682974,0.00984074730521865,"**","DESeq2"
"168","EsteroZacatecas - ColaDeBallena","k__Bacteria|p__Pseudomonadota|c__Gammaproteobacteria|o__Salinisphaerales|f__Salinisphaeraceae|g__Salinisphaera|s__|ASV_136",30.784799932341,-3.40830307460768,1.3815921479756,-2.46693865450941,0.0136273701734943,0.031718368970044,"*","DESeq2"
"169","EsteroZacatecas - ColaDeBallena","k__Bacteria|p__Cyanobacteriota|c__Cyanobacteriia|o__Cyanobacteriales|f__Phormidiaceae|g__Arthrospira_PCC-7345|s__|ASV_8114",2.91934891594782,4.81888808747341,2.82755567320588,1.7042593124293,0.0883326526937725,0.138217484104856,"","DESeq2"
"170","EsteroZacatecas - ColaDeBallena","k__Bacteria|p__Pseudomonadota|c__Alphaproteobacteria|o__Sphingomonadales|f__Sphingomonadaceae|g__Croceibacterium|s__|ASV_4092",32.3699028453265,-8.51450589494965,1.29575864365286,-6.57105853521187,4.99588132603007e-11,1.18235858049378e-09,"***","DESeq2"
"171","EsteroZacatecas - ColaDeBallena","k__Bacteria|p__Pseudomonadota|c__Alphaproteobacteria|o__Rhodobacterales|f__Paracoccaceae|g__Limibaculum|s__|ASV_361",24.1627258879687,2.81714443314445,1.66941998482949,1.68749892701937,0.0915074560679286,0.141431932099547,"","DESeq2"
"172","EsteroZacatecas - ColaDeBallena","k__Bacteria|p__Bacteroidota|c__Bacteroidia|o__Flavobacteriales|f__Flavobacteriaceae|g__|s__|ASV_6125",43.1486931895932,3.23558425905651,1.17896698607737,2.74442312402816,0.00606173503561558,0.0170027925937267,"*","DESeq2"
"173","EsteroZacatecas - ColaDeBallena","k__Bacteria|p__Pseudomonadota|c__Alphaproteobacteria|o__Sphingomonadales|f__Sphingomonadaceae|g__Qipengyuania|s__|ASV_13971",43.8826823226092,24.0268929205577,2.17462471062586,11.0487537473272,2.22279094684699e-28,8.41696838539393e-26,"***","DESeq2"
"174","EsteroZacatecas - ColaDeBallena","k__Bacteria|p__Actinomycetota|c__Actinobacteria|o__Propionibacteriales|f__Nocardioidaceae|g__Nocardioides|s__|ASV_15626",30.1353277583533,-5.38225979568182,1.94542710218338,-2.76662116490576,0.00566405324185333,0.0161667449315211,"*","DESeq2"
"175","EsteroZacatecas - ColaDeBallena","k__Bacteria|p__Bacteroidota|c__Bacteroidia|o__Cytophagales|f__Cyclobacteriaceae|g__Tunicatimonas|s__|ASV_15837",31.3004239516959,-3.4927729869939,1.44970210416323,-2.40930393696981,0.0159829812314725,0.0357397534370877,"*","DESeq2"
"176","EsteroZacatecas - ColaDeBallena","k__Bacteria|p__Pseudomonadota|c__Alphaproteobacteria|o__Rhodobacterales|f__Paracoccaceae|g__Actibacterium|s__|ASV_137",41.2085743031676,8.62741339610373,1.17625583756685,7.33464023774794,2.22317867706529e-13,6.15983165157602e-12,"***","DESeq2"
"177","EsteroZacatecas - ColaDeBallena","k__Bacteria|p__Pseudomonadota|c__Gammaproteobacteria|o__Enterobacterales|f__Alteromonadaceae|g__Alteromonas|s__|ASV_12422",23.5179076768275,21.6909720316085,2.68764553301492,8.07062232171525,6.99407534545219e-16,3.0558729201668e-14,"***","DESeq2"
"178","EsteroZacatecas - ColaDeBallena","k__Bacteria|p__Pseudomonadota|c__Alphaproteobacteria|o__Rhodobacterales|f__Paracoccaceae|g__Palleronia-Pseudomaribius|s__|ASV_3213",30.7328534985595,-8.43808770373036,2.05939646383983,-4.09735951862187,4.17889616071129e-05,0.00032515246839507,"***","DESeq2"
"179","EsteroZacatecas - ColaDeBallena","k__Bacteria|p__Actinomycetota|c__Actinobacteria|o__Nitriliruptorales|f__Nitriliruptoraceae|g__|s__|ASV_3062",28.7421870895677,-8.34201916315876,1.81411105437936,-4.59840600332637,4.25735717459885e-06,4.6060550003279e-05,"***","DESeq2"
"180","EsteroZacatecas - ColaDeBallena","k__Bacteria|p__Pseudomonadota|c__Alphaproteobacteria|o__Hyphomicrobiales|f__Rhizobiaceae|g__Aurantimonas|s__|ASV_12613",25.2201881129078,-1.33847307291907,1.05806987868231,-1.26501387090422,0.20586635557771,0.276762343119856,"","DESeq2"
"181","EsteroZacatecas - ColaDeBallena","k__Bacteria|p__Pseudomonadota|c__Alphaproteobacteria|o__Sphingomonadales|f__Sphingomonadaceae|g__|s__|ASV_4279",67.6191627771716,9.34439708278479,2.01896788763235,4.62830396660889,3.68672617959638e-06,4.06613683497232e-05,"***","DESeq2"
"182","EsteroZacatecas - ColaDeBallena","k__Bacteria|p__Actinomycetota|c__Actinobacteria|o__Nitriliruptorales|f__Nitriliruptoraceae|g__|s__|ASV_9881",20.3005164419629,1.50504769641665,1.91634769700007,0.785372977342638,0.432234919659869,0.517952393178915,"","DESeq2"
"183","EsteroZacatecas - ColaDeBallena","k__Bacteria|p__Pseudomonadota|c__Alphaproteobacteria|o__Rhodobacterales|f__Paracoccaceae|g__|s__|ASV_661",19.3567150847222,0.297288214865852,1.78219160566062,0.166810467472522,0.867519182238078,0.891050443962438,"","DESeq2"
"184","EsteroZacatecas - ColaDeBallena","k__Bacteria|p__Pseudomonadota|c__Alphaproteobacteria|o__Hyphomicrobiales|f__Rhizobiaceae|g__|s__|ASV_4948",25.2222008366537,-0.116688238786533,0.83082527775404,-0.140448589987506,0.888305569018512,0.908294443208848,"","DESeq2"
"185","EsteroZacatecas - ColaDeBallena","k__Bacteria|p__Rhodothermota|c__Rhodothermia|o__Rhodothermales|f__Rhodothermaceae|g__Rubrivirga|s__|ASV_10928",27.0637954503392,-2.65549837368426,1.75916399498821,-1.50952292182518,0.131165202114028,0.185327947265592,"","DESeq2"
"186","EsteroZacatecas - ColaDeBallena","k__Bacteria|p__Actinomycetota|c__Actinobacteria|o__Nitriliruptorales|f__Nitriliruptoraceae|g__|s__|ASV_13617",25.3191085570558,-8.15997296679187,1.63061930108712,-5.00421708571196,5.60895206524754e-07,7.49619946602494e-06,"***","DESeq2"
"187","EsteroZacatecas - ColaDeBallena","k__Bacteria|p__Chloroflexota|c__Anaerolineae|o__Aggregatilineales|f__A4b|g__|s__|ASV_9233",20.6140269126051,22.9751426311752,2.64617113216878,8.68240997412172,3.87469871538817e-18,2.58921043569469e-16,"***","DESeq2"
"188","EsteroZacatecas - ColaDeBallena","k__Bacteria|p__Rhodothermota|c__Rhodothermia|o__Rhodothermales|f__Rhodothermaceae|g__|s__|ASV_15452",8.25226270181487,1.2143204937346,1.59623145826191,0.760742113839083,0.446811115290641,0.533169566145135,"","DESeq2"
"189","EsteroZacatecas - ColaDeBallena","k__Bacteria|p__Bacteroidota|c__Bacteroidia|o__Flavobacteriales|f__Flavobacteriaceae|g__|s__|ASV_15493",21.4075566906627,23.0230351612292,2.68285288698726,8.58154961567167,9.36034974387123e-18,5.59650384686196e-16,"***","DESeq2"
"190","EsteroZacatecas - ColaDeBallena","k__Bacteria|p__Pseudomonadota|c__Alphaproteobacteria|o__Rhodobacterales|f__Paracoccaceae|g__|s__|ASV_8835",47.4792171320258,-9.05848843178932,1.54170838418284,-5.87561728581415,4.2127057444224e-09,7.84530118961287e-08,"***","DESeq2"
"191","EsteroZacatecas - ColaDeBallena","k__Bacteria|p__Cyanobacteriota|c__Cyanobacteriia|o__Phormidesmiales|f__Phormidesmiaceae|g__Acrophormium_PCC-7375|s__|ASV_5093",17.7372004940571,22.7588180740567,2.9459048314736,7.72557817581375,1.11346780763468e-14,3.95281071710311e-13,"***","DESeq2"
"192","EsteroZacatecas - ColaDeBallena","k__Bacteria|p__Pseudomonadota|c__Alphaproteobacteria|o__Rhodobacterales|f__Paracoccaceae|g__Palleronia-Pseudomaribius|s__|ASV_4192",20.6180246157415,2.75586735338703,2.04312661275549,1.3488480528724,0.177385776483329,0.242783424198869,"","DESeq2"
"193","EsteroZacatecas - ColaDeBallena","k__Bacteria|p__Pseudomonadota|c__Alphaproteobacteria|o__Sphingomonadales|f__Sphingomonadaceae|g__Qipengyuania|s__|ASV_11943",2.31064685751744,4.4743276981687,2.95282663403333,1.51526935127143,0.129704206577425,0.183491878794464,"","DESeq2"
"194","EsteroZacatecas - ColaDeBallena","k__Bacteria|p__Pseudomonadota|c__Alphaproteobacteria|o__Caulobacterales|f__Hyphomonadaceae|g__Euryhalocaulis|s__|ASV_12273",27.4819087540922,0.781070409557561,1.87944492781974,0.415585685962953,0.67771320272251,0.743847534582388,"","DESeq2"
"195","EsteroZacatecas - ColaDeBallena","k__Bacteria|p__Bacteroidota|c__Bacteroidia|o__Flavobacteriales|f__Flavobacteriaceae|g__Hoppeia|s__|ASV_3834",55.1520747786399,9.05030981179146,2.00166163203586,4.52139845563535,6.14324276439251e-06,6.2310033753124e-05,"***","DESeq2"
"196","EsteroZacatecas - ColaDeBallena","k__Bacteria|p__Pseudomonadota|c__Alphaproteobacteria|o__Caulobacterales|f__Parvularculaceae|g__Parvularcula|s__|ASV_9842",18.1972287832185,4.4149143245006,1.55839289902149,2.83299181308688,0.00461145670339131,0.0138587693519908,"*","DESeq2"
"197","EsteroZacatecas - ColaDeBallena","k__Bacteria|p__Bacteroidota|c__Bacteroidia|o__Flavobacteriales|f__Flavobacteriaceae|g__Hoppeia|s__|ASV_8218",3.51356324821515,5.06197375058293,2.9501759089391,1.71582099062128,0.0861948110770543,0.13599625747713,"","DESeq2"
"198","EsteroZacatecas - ColaDeBallena","k__Bacteria|p__Pseudomonadota|c__Alphaproteobacteria|o__Hyphomicrobiales|f__Rhizobiaceae|g__|s__|ASV_14696",15.5350133801237,7.22632971048155,2.292864172536,3.15166061602722,0.00162344847958174,0.00624191418307206,"**","DESeq2"
"199","EsteroZacatecas - ColaDeBallena","k__Bacteria|p__Bacteroidota|c__Bacteroidia|o__Bacteroidales|f__Prolixibacteraceae|g__|s__|ASV_5304",46.8301493618894,-9.04152946289325,1.94166673442933,-4.65658153511634,3.21502988006924e-06,3.61611281560263e-05,"***","DESeq2"
"200","EsteroZacatecas - ColaDeBallena","k__Bacteria|p__Bacteroidota|c__Bacteroidia|o__Chitinophagales|f__Saprospiraceae|g__Lewinella|s__|ASV_15291",12.8806955977193,21.7380828526201,2.65260473038289,8.19499513200458,2.50603305461013e-16,1.23776241305961e-14,"***","DESeq2"
"201","EsteroZacatecas - ColaDeBallena","k__Bacteria|p__Bacteroidota|c__Bacteroidia|o__Cytophagales|f__Cyclobacteriaceae|g__|s__|ASV_922",8.62330711740699,5.61774406440475,1.67023081834488,3.36345372310377,0.000769737402295695,0.00366318156817171,"**","DESeq2"
"202","EsteroZacatecas - ColaDeBallena","k__Bacteria|p__Actinomycetota|c__Acidimicrobiia|o__Microtrichales|f__Ilumatobacteraceae|g__Ilumatobacter|s__|ASV_12667",21.2439597655112,0.532483336139835,1.20154578568858,0.443165248034788,0.657646213342858,0.726737449764092,"","DESeq2"
"203","EsteroZacatecas - ColaDeBallena","k__Bacteria|p__Cyanobacteriota|c__Cyanobacteriia|o__Cyanobacteriales|f__Xenococcaceae|g__Pleurocapsa_PCC-7319|s__|ASV_1466",30.7992919832904,8.21064128012923,1.9535522581396,4.20292891880372,2.63483346376142e-05,0.00022114789333261,"***","DESeq2"
"204","EsteroZacatecas - ColaDeBallena","k__Bacteria|p__Pseudomonadota|c__Alphaproteobacteria|o__Rhodobacterales|f__Paracoccaceae|g__Maribius|s__|ASV_4361",32.4347131880522,0.614967385985902,1.20649453981283,0.509714189076484,0.610251710877109,0.684349401338989,"","DESeq2"
"205","EsteroZacatecas - ColaDeBallena","k__Bacteria|p__Bacteroidota|c__Bacteroidia|o__Chitinophagales|f__Saprospiraceae|g__Lewinella|s__|ASV_14300",26.566373308648,3.57165119854811,1.52337079216611,2.34457114243966,0.019048976033935,0.0412970167453247,"*","DESeq2"
"206","EsteroZacatecas - ColaDeBallena","k__Bacteria|p__Bacteroidota|c__Bacteroidia|o__Cytophagales|f__Cyclobacteriaceae|g__Fulvivirga|s__|ASV_8666",29.6810161163515,-1.22575867796812,1.39591520937096,-0.878103963435203,0.379887302297699,0.464533880958219,"","DESeq2"
"207","EsteroZacatecas - ColaDeBallena","k__Bacteria|p__Pseudomonadota|c__Gammaproteobacteria|o__Pseudomonadales|f__Cellvibrionaceae|g__|s__|ASV_7471",37.7973069354625,-6.1759230780896,1.44152500309265,-4.2842982708172,1.83316849548274e-05,0.000161432512470418,"***","DESeq2"
"208","EsteroZacatecas - ColaDeBallena","k__Bacteria|p__Actinomycetota|c__Actinobacteria|o__Propionibacteriales|f__Nocardioidaceae|g__Nocardioides|s__|ASV_12135",31.6337457900554,-8.47799357142708,2.11102010087584,-4.01606482473077,5.9177984238579e-05,0.000436533701915751,"***","DESeq2"
"209","EsteroZacatecas - ColaDeBallena","k__Bacteria|p__Pseudomonadota|c__Alphaproteobacteria|o__Rhodobacterales|f__Paracoccaceae|g__Marivita|s__|ASV_9078",18.4434826228658,0.674108728404988,2.39071110952414,0.281969965220585,0.777966540512871,0.821663568664951,"","DESeq2"
"210","EsteroZacatecas - ColaDeBallena","k__Bacteria|p__Pseudomonadota|c__Alphaproteobacteria|o__Sphingomonadales|f__Sphingomonadaceae|g__|s__|ASV_15437",25.1341400191848,1.20324042649393,0.764601911302357,1.57368221123647,0.115560936373705,0.166824631907665,"","DESeq2"
"211","EsteroZacatecas - ColaDeBallena","k__Bacteria|p__Pseudomonadota|c__Alphaproteobacteria|o__Rhodobacterales|f__Paracoccaceae|g__|s__|ASV_67",45.881457525845,-9.00877694670279,1.52108317692355,-5.92260639219178,3.16878664088385e-09,6.20645107593801e-08,"***","DESeq2"
"212","EsteroZacatecas - ColaDeBallena","k__Bacteria|p__Rhodothermota|c__Rhodothermia|o__Rhodothermales|f__Rhodothermaceae|g__Rubrivirga|s__|ASV_11931",24.6229422564916,-8.12339854141269,1.05688621529252,-7.68616188182977,1.51614647890541e-14,5.06571294128397e-13,"***","DESeq2"
"213","EsteroZacatecas - ColaDeBallena","k__Bacteria|p__Pseudomonadota|c__Alphaproteobacteria|o__Sphingomonadales|f__Sphingomonadaceae|g__|s__|ASV_3847",23.5852488479769,-1.22303457928384,1.68191536272078,-0.727167731737331,0.467123210860185,0.553338860831251,"","DESeq2"
"214","EsteroZacatecas - ColaDeBallena","k__Bacteria|p__Pseudomonadota|c__Alphaproteobacteria|o__Rhodobacterales|f__Paracoccaceae|g__Limibaculum|s__|ASV_8635",25.2014792217565,-4.25705343670653,1.68739649462758,-2.52285307588368,0.0116407025678281,0.028561205436399,"*","DESeq2"
"215","EsteroZacatecas - ColaDeBallena","k__Bacteria|p__Bacteroidota|c__Bacteroidia|o__Flavobacteriales|f__Flavobacteriaceae|g__|s__|ASV_8714",2.59917573385202,4.64832656947054,2.95192822548755,1.57467465818983,0.115331560185382,0.166824631907665,"","DESeq2"
"216","EsteroZacatecas - ColaDeBallena","k__Bacteria|p__Pseudomonadota|c__Alphaproteobacteria|o__Rhodobacterales|f__Paracoccaceae|g__|s__|ASV_1133",48.0890024122457,24.1512694518085,2.44403668405031,9.88171315488787,4.99711849851584e-23,7.09590826789249e-21,"***","DESeq2"
"217","EsteroZacatecas - ColaDeBallena","k__Bacteria|p__Pseudomonadota|c__Alphaproteobacteria|o__Rhodobacterales|f__Paracoccaceae|g__|s__|ASV_12846",54.2719820779716,-9.25144418570165,1.5895759143685,-5.82007068808477,5.88227446500767e-09,1.02804058342288e-07,"***","DESeq2"
"218","EsteroZacatecas - ColaDeBallena","k__Bacteria|p__Bacteroidota|c__Bacteroidia|o__Cytophagales|f__Cyclobacteriaceae|g__Tunicatimonas|s__|ASV_14216",30.3241336516633,0.932146808439256,1.65671665754666,0.562647091277285,0.573675218732839,0.656289071984396,"","DESeq2"
"219","EsteroZacatecas - ColaDeBallena","k__Bacteria|p__Pseudomonadota|c__Alphaproteobacteria|o__Rhodobacterales|f__Paracoccaceae|g__Palleronia-Pseudomaribius|s__|ASV_15810",21.6037266182131,-1.94142436508672,1.77116486921626,-1.09612854163362,0.273022525767195,0.350852476551508,"","DESeq2"
"220","EsteroZacatecas - ColaDeBallena","k__Bacteria|p__Bacteroidota|c__Bacteroidia|o__Flavobacteriales|f__Flavobacteriaceae|g__Robiginitalea|s__|ASV_15498",43.1198336124364,4.99821442416681,1.47897039731238,3.37952296628093,0.000726117404239425,0.0035250827829743,"**","DESeq2"
"221","EsteroZacatecas - ColaDeBallena","k__Bacteria|p__Rhodothermota|c__Rhodothermia|o__Rhodothermales|f__Rhodothermaceae|g__Rubrivirga|s__|ASV_11245",24.5872255019549,-8.11623970533005,2.33155460900838,-3.48104207980868,0.000499467016419822,0.00266382408757238,"**","DESeq2"
"222","EsteroZacatecas - ColaDeBallena","k__Bacteria|p__Pseudomonadota|c__Alphaproteobacteria|o__Rhodobacterales|f__Paracoccaceae|g__|s__|ASV_12992",31.0167140513388,-1.22936102326073,1.19884952733379,-1.02545064683372,0.305150601132104,0.386073312249179,"","DESeq2"
"223","EsteroZacatecas - ColaDeBallena","k__Bacteria|p__Bacteroidota|c__Bacteroidia|o__Flavobacteriales|f__Flavobacteriaceae|g__|s__|ASV_13815",27.1969983810259,2.94325375872394,0.891159240498895,3.30272483857793,0.000957502931286426,0.00419568412436998,"**","DESeq2"
"224","EsteroZacatecas - ColaDeBallena","k__Bacteria|p__Rhodothermota|c__Rhodothermia|o__Rhodothermales|f__Rhodothermaceae|g__|s__|ASV_10440",22.848414374369,-2.90582744683513,1.72013899663034,-1.6892980465692,0.0911623275521802,0.141431932099547,"","DESeq2"
"225","EsteroZacatecas - ColaDeBallena","k__Bacteria|p__Actinomycetota|c__Actinobacteria|o__Euzebyales|f__Euzebyaceae|g__|s__|ASV_36",17.2050893422719,0.344101832557919,1.80894575125011,0.190222306180338,0.849134932433001,0.875333287880117,"","DESeq2"
"226","EsteroZacatecas - ColaDeBallena","k__Bacteria|p__Pseudomonadota|c__Alphaproteobacteria|o__Rhodobacterales|f__Paracoccaceae|g__Allosediminivita|s__|ASV_1930",26.7375721742382,-1.73510440550442,1.27211260860051,-1.36395504122332,0.172581715990524,0.237639793169983,"","DESeq2"
"227","EsteroZacatecas - ColaDeBallena","k__Bacteria|p__Pseudomonadota|c__Alphaproteobacteria|o__Sphingomonadales|f__Sphingomonadaceae|g__|s__|ASV_8288",25.1586407479782,-2.92681437166646,0.843768771314405,-3.46873986235249,0.000522905509162399,0.00273742238897919,"**","DESeq2"
"228","EsteroZacatecas - ColaDeBallena","k__Bacteria|p__Pseudomonadota|c__Alphaproteobacteria|o__Sphingomonadales|f__Sphingomonadaceae|g__Aurantiacibacter|s__|ASV_11680",34.9021221379647,3.68248024269143,1.82121794931921,2.02198767262752,0.0431776254015059,0.0800159583297075,"","DESeq2"
"229","EsteroZacatecas - ColaDeBallena","k__Bacteria|p__Pseudomonadota|c__Gammaproteobacteria|o__Enterobacterales|f__Vibrionaceae|g__|s__|ASV_4625",25.9544834517127,3.0382924417983,2.13613913118704,1.42232890987299,0.154930790060063,0.215160608200772,"","DESeq2"
"230","EsteroZacatecas - ColaDeBallena","k__Bacteria|p__Pseudomonadota|c__Alphaproteobacteria|o__Kiloniellales|f__Kiloniellaceae|g__Limibacillus|s__|ASV_7263",30.7663849332009,-0.855882394870314,1.05983972816845,-0.807558324266061,0.419344886303523,0.505706784332062,"","DESeq2"
"231","EsteroZacatecas - ColaDeBallena","k__Bacteria|p__Pseudomonadota|c__Alphaproteobacteria|o__Sphingomonadales|f__Sphingomonadaceae|g__|s__|ASV_14461",22.2601735852999,7.74324521126415,2.36129817769972,3.27923228179819,0.00104089920823847,0.00444534398706356,"**","DESeq2"
"232","EsteroZacatecas - ColaDeBallena","k__Bacteria|p__Rhodothermota|c__Rhodothermia|o__Rhodothermales|f__Rhodothermaceae|g__|s__|ASV_634",17.1700033676664,3.00627189545373,1.51719996815465,1.98146055797128,0.0475396483471821,0.0858585699879155,"","DESeq2"
"233","EsteroZacatecas - ColaDeBallena","k__Bacteria|p__Actinomycetota|c__Actinobacteria|o__Frankiales|f__Geodermatophilaceae|g__Geodermatophilus|s__|ASV_7953",19.8976107961806,-1.45082597670885,0.927436366380099,-1.56434018473053,0.1177376997693,0.169733536723255,"","DESeq2"
"234","EsteroZacatecas - ColaDeBallena","k__Bacteria|p__Actinomycetota|c__Actinobacteria|o__Euzebyales|f__Euzebyaceae|g__|s__|ASV_8234",23.5867478967828,-8.0565487995373,2.06285718906602,-3.90552910896608,9.40194393331879e-05,0.000647309594439403,"***","DESeq2"
"235","EsteroZacatecas - ColaDeBallena","k__Bacteria|p__Pseudomonadota|c__Alphaproteobacteria|o__Sphingomonadales|f__Sphingomonadaceae|g__Altererythrobacter|s__|ASV_2841",18.0793111647171,-0.568745984651704,1.77968402734635,-0.319576945071395,0.749289053717027,0.798543956722892,"","DESeq2"
"236","EsteroZacatecas - ColaDeBallena","k__Bacteria|p__Pseudomonadota|c__Alphaproteobacteria|o__Rhodobacterales|f__Paracoccaceae|g__|s__|ASV_14973",19.0590225690849,-1.09218008414753,1.38017466854855,-0.791334683236953,0.428748714248697,0.515498454085242,"","DESeq2"
"237","EsteroZacatecas - ColaDeBallena","k__Bacteria|p__Pseudomonadota|c__Alphaproteobacteria|o__Sphingomonadales|f__Sphingomonadaceae|g__Aurantiacibacter|s__|ASV_5145",26.7920648325825,1.8569407384111,1.44362446853638,1.28630456111191,0.198336791302583,0.268226898713969,"","DESeq2"
"238","EsteroZacatecas - ColaDeBallena","k__Bacteria|p__Bacteroidota|c__Bacteroidia|o__Flavobacteriales|f__Flavobacteriaceae|g__Gramella|s__|ASV_3911",29.6080926281945,-5.17385473271722,1.17105368890659,-4.4181191534848,9.95635306859001e-06,9.58509922535445e-05,"***","DESeq2"
"239","EsteroZacatecas - ColaDeBallena","k__Bacteria|p__Pseudomonadota|c__Alphaproteobacteria|o__Rhodobacterales|f__Paracoccaceae|g__Palleronia-Pseudomaribius|s__|ASV_9440",18.7673037349409,-0.580494052983445,1.40366176180082,-0.413556932860167,0.679198619200207,0.744040146009099,"","DESeq2"
"240","EsteroZacatecas - ColaDeBallena","k__Bacteria|p__Pseudomonadota|c__Gammaproteobacteria|o__Enterobacterales|f__Alteromonadaceae|g__Aestuariibacter|s__|ASV_8460",2.11246435877858,4.34956959967455,2.95353958646697,1.47266338315022,0.140841824712019,NA,NA,"DESeq2"
"241","EsteroZacatecas - ColaDeBallena","k__Bacteria|p__Rhodothermota|c__Rhodothermia|o__Rhodothermales|f__Rhodothermaceae|g__Rubrivirga|s__|ASV_8252",21.3010147693428,7.67899870554761,1.42902493501327,5.37359322248377,7.7182872193456e-08,1.21777420571897e-06,"***","DESeq2"
"242","EsteroZacatecas - ColaDeBallena","k__Bacteria|p__Actinomycetota|c__Actinobacteria|o__Euzebyales|f__Euzebyaceae|g__|s__|ASV_10669",5.63411551222699,5.76358503087636,2.94813489134714,1.95499366321149,0.0505838182156623,0.0890221097851816,"","DESeq2"
"243","EsteroZacatecas - ColaDeBallena","k__Bacteria|p__Pseudomonadota|c__Alphaproteobacteria|o__Hyphomicrobiales|f__Rhizobiaceae|g__Pseudahrensia|s__|ASV_219",20.8819671473923,3.98623442744168,1.84626862521545,2.15907608080406,0.0308442649889808,0.0613644221146797,"","DESeq2"
"244","EsteroZacatecas - ColaDeBallena","k__Bacteria|p__Pseudomonadota|c__Alphaproteobacteria|o__|f__Neomegalonemataceae|g__Acuticoccus|s__|ASV_13762",23.7062336320482,-1.56305321871271,1.0387693428468,-1.50471635447875,0.132397016569389,0.186836038289224,"","DESeq2"
"245","EsteroZacatecas - ColaDeBallena","k__Bacteria|p__Pseudomonadota|c__Gammaproteobacteria|o__Steroidobacterales|f__Woeseiaceae|g__Woeseia|s__|ASV_6320",40.4960515993211,8.60176827341014,1.42823458741753,6.02265786670486,1.71575882108794e-09,3.4805393227784e-08,"***","DESeq2"
"246","EsteroZacatecas - ColaDeBallena","k__Bacteria|p__Cyanobacteriota|c__Cyanobacteriia|o__Cyanobacteriales|f__Xenococcaceae|g__Myxosarcina_GI1|s__|ASV_3310",22.1256464300289,-4.30008952464532,1.97003142154921,-2.18275174578879,0.0290540969767724,0.0583135232608012,"","DESeq2"
"247","EsteroZacatecas - ColaDeBallena","k__Bacteria|p__Thermodesulfobacteriota|c__Desulfobacteria|o__Desulfobacterales|f__Desulfosarcinaceae|g__|s__|ASV_2528",39.541868199331,-8.79245539794668,1.36886709537975,-6.42316221028566,1.33472129132699e-10,3.03248677389492e-09,"***","DESeq2"
"248","EsteroZacatecas - ColaDeBallena","k__Bacteria|p__Actinomycetota|c__Acidimicrobiia|o__Microtrichales|f__Ilumatobacteraceae|g__Ilumatobacter|s__|ASV_2967",13.8352506683375,-23.555638790677,2.94636642352192,-7.99480967561392,1.29774179576419e-15,5.26512385710043e-14,"***","DESeq2"
"249","EsteroZacatecas - ColaDeBallena","k__Bacteria|p__Chloroflexota|c__Anaerolineae|o__Aggregatilineales|f__A4b|g__|s__|ASV_121",34.8241451477006,4.41766924691194,1.38695124999758,3.1851654821463,0.0014467125475585,0.00572636046699113,"**","DESeq2"
"250","EsteroZacatecas - ColaDeBallena","k__Bacteria|p__Bacteroidota|c__Bacteroidia|o__Bacteroidales|f__Prolixibacteraceae|g__|s__|ASV_6058",28.0638995331635,-3.37245838705996,1.23393451593993,-2.73309348550886,0.00627425211066265,0.0173842692627141,"*","DESeq2"
"251","EsteroZacatecas - ColaDeBallena","k__Bacteria|p__Bacteroidota|c__Bacteroidia|o__Cytophagales|f__Cyclobacteriaceae|g__Tunicatimonas|s__|ASV_745",24.4656001659619,7.87700422540936,1.50770686386892,5.22449317846588,1.74632765190312e-07,2.54336950328454e-06,"***","DESeq2"
"252","EsteroZacatecas - ColaDeBallena","k__Bacteria|p__Thermodesulfobacteriota|c__Desulfobulbia|o__Desulfobulbales|f__Desulfobulbaceae|g__Candidatus_Electrothrix|s__|ASV_11661",2.57921387860164,-4.86886506281809,2.9528373297797,-1.64887683236562,0.0991728703201086,0.149695022384689,"","DESeq2"
"253","EsteroZacatecas - ColaDeBallena","k__Bacteria|p__Pseudomonadota|c__Alphaproteobacteria|o__Sphingomonadales|f__Sphingomonadaceae|g__|s__|ASV_11464",15.0262827017579,-7.4078325943045,1.85893202824554,-3.98499379307376,6.74818895685284e-05,0.000488276602228333,"***","DESeq2"
"254","EsteroZacatecas - ColaDeBallena","k__Bacteria|p__Cyanobacteriota|c__Cyanobacteriia|o__Cyanobacteriales|f__Xenococcaceae|g__Myxosarcina_GI1|s__|ASV_3786",22.9983847743672,-8.01648642376478,1.06386984524152,-7.53521350343838,4.87536471859557e-14,1.49686873522286e-12,"***","DESeq2"
"255","EsteroZacatecas - ColaDeBallena","k__Bacteria|p__Bacteroidota|c__Bacteroidia|o__Chitinophagales|f__Saprospiraceae|g__Lewinella|s__|ASV_12600",38.4052657422718,8.52669829639588,1.62353888834734,5.25192119363121,1.50520866050479e-07,2.24989083991243e-06,"***","DESeq2"
"256","EsteroZacatecas - ColaDeBallena","k__Bacteria|p__Bacteroidota|c__Bacteroidia|o__Flavobacteriales|f__Flavobacteriaceae|g__|s__|ASV_6936",11.6350205498206,-7.03884955127112,2.10178441323436,-3.34898741609721,0.000811074794065597,0.00375972588342404,"**","DESeq2"
"257","EsteroZacatecas - ColaDeBallena","k__Bacteria|p__Bacteroidota|c__Bacteroidia|o__Cytophagales|f__Cyclobacteriaceae|g__Tunicatimonas|s__|ASV_15997",32.1982710932557,5.83681027304027,1.17455287407159,4.96938911979925,6.71641645570804e-07,8.67028306100492e-06,"***","DESeq2"
"258","EsteroZacatecas - ColaDeBallena","k__Bacteria|p__Actinomycetota|c__Actinobacteria|o__Nitriliruptorales|f__Nitriliruptoraceae|g__|s__|ASV_6096",16.2953370110783,1.26559033867594,2.30730777964947,0.548513878312415,0.583339102492124,0.664001222876807,"","DESeq2"
"259","EsteroZacatecas - ColaDeBallena","k__Bacteria|p__Thermodesulfobacteriota|c__Desulfobulbia|o__Desulfobulbales|f__Desulfobulbaceae|g__|s__|ASV_9756",27.9185304007848,-8.29658255886059,1.37080103559704,-6.05236087762883,1.42738257542203e-09,3.05944642581024e-08,"***","DESeq2"
"260","EsteroZacatecas - ColaDeBallena","k__Bacteria|p__Bacteroidota|c__Bacteroidia|o__Cytophagales|f__Cyclobacteriaceae|g__Catalinimonas|s__|ASV_312",21.2181573147503,-0.793380128862056,0.550187277447359,-1.44201831155204,0.149297207886376,0.208100157250212,"","DESeq2"
"261","EsteroZacatecas - ColaDeBallena","k__Bacteria|p__Rhodothermota|c__Rhodothermia|o__Rhodothermales|f__Rhodothermaceae|g__Rubrivirga|s__|ASV_5056",16.9107786878943,-1.04427262646125,1.94605214872587,-0.536610813407526,0.591536473172719,0.670644145233742,"","DESeq2"
"262","EsteroZacatecas - ColaDeBallena","k__Bacteria|p__Bacteroidota|c__Bacteroidia|o__Flavobacteriales|f__Flavobacteriaceae|g__|s__|ASV_11133",29.0285388053007,3.74323278765147,0.892869015316845,4.19236497564331,2.76061393049307e-05,0.000225615642089218,"***","DESeq2"
"263","EsteroZacatecas - ColaDeBallena","k__Bacteria|p__Bacteroidota|c__Bacteroidia|o__Flavobacteriales|f__Flavobacteriaceae|g__Nonlabens|s__|ASV_13962",44.3524395490446,8.73452943561609,1.77090663008825,4.93223600116107,8.12936116406637e-07,1.02610603137549e-05,"***","DESeq2"
"264","EsteroZacatecas - ColaDeBallena","k__Bacteria|p__Pseudomonadota|c__Alphaproteobacteria|o__Sphingomonadales|f__Sphingomonadaceae|g__Sphingomicrobium|s__|ASV_13291",30.7715395279348,-0.756894627761622,2.06882565997941,-0.365857134510384,0.71447168376231,0.773727199956134,"","DESeq2"
"265","EsteroZacatecas - ColaDeBallena","k__Bacteria|p__Pseudomonadota|c__Gammaproteobacteria|o__Enterobacterales|f__Vibrionaceae|g__Vibrio|s__|ASV_10629",5.85195236856589,-3.72993272889478,2.28146909395121,-1.63488198844501,0.10207378895346,0.152724572183718,"","DESeq2"
"266","EsteroZacatecas - ColaDeBallena","k__Bacteria|p__Bacteroidota|c__Bacteroidia|o__Chitinophagales|f__Saprospiraceae|g__|s__|ASV_15050",8.97183197386487,-2.32889532451273,1.58590322752158,-1.46849775200489,0.141969066422691,0.198861725593313,"","DESeq2"
"267","EsteroZacatecas - ColaDeBallena","k__Bacteria|p__Pseudomonadota|c__Alphaproteobacteria|o__Rhodobacterales|f__Paracoccaceae|g__Actibacterium|s__|ASV_14368",38.1359654210212,2.80697066836491,2.0651890613466,1.35918338950267,0.174088483465245,0.239424354983679,"","DESeq2"
"268","EsteroZacatecas - ColaDeBallena","k__Bacteria|p__Actinomycetota|c__Acidimicrobiia|o__Microtrichales|f__Ilumatobacteraceae|g__Ilumatobacter|s__|ASV_9109",36.0241915269016,-1.50401060879924,1.93009694734019,-0.779240965523456,0.435837782739083,0.521170232833261,"","DESeq2"
"269","EsteroZacatecas - ColaDeBallena","k__Bacteria|p__Pseudomonadota|c__Alphaproteobacteria|o__Hyphomicrobiales|f__Rhodomicrobiaceae|g__Rhodomicrobium|s__|ASV_14279",34.5542581526318,-5.01807755414386,1.68686649811102,-2.97479235005449,0.00293186936683081,0.00984074730521865,"**","DESeq2"
"270","EsteroZacatecas - ColaDeBallena","k__Bacteria|p__Pseudomonadota|c__Alphaproteobacteria|o__Sphingomonadales|f__Sphingomonadaceae|g__|s__|ASV_7123",25.143518283533,-1.26196563288861,0.778671290512188,-1.62066541847013,0.105089413962065,0.156112816547686,"","DESeq2"
"271","EsteroZacatecas - ColaDeBallena","k__Bacteria|p__Bacteroidota|c__Bacteroidia|o__Flavobacteriales|f__Flavobacteriaceae|g__Flavimarina|s__|ASV_14451",17.1359049839143,-0.549910659698249,1.05302477512178,-0.522220058530583,0.601517121621259,0.677228394610258,"","DESeq2"
"272","EsteroZacatecas - ColaDeBallena","k__Bacteria|p__Pseudomonadota|c__Alphaproteobacteria|o__Kiloniellales|f__Kiloniellaceae|g__|s__|ASV_13619",45.6154645485802,24.0812761869712,2.44745951393807,9.83929501175828,7.62432119578592e-23,9.62358764268089e-21,"***","DESeq2"
"273","EsteroZacatecas - ColaDeBallena","k__Bacteria|p__Actinomycetota|c__Actinobacteria|o__Euzebyales|f__Euzebyaceae|g__Euzebya|s__|ASV_5746",16.9977015226828,-1.09068077739998,1.62520628745707,-0.671102976783669,0.502154930742096,0.585675566040062,"","DESeq2"
"274","EsteroZacatecas - ColaDeBallena","k__Bacteria|p__Myxococcota|c__Polyangiia|o__Polyangiales|f__Sandaracinaceae|g__|s__|ASV_15934",41.4731717787451,-8.86303731020057,1.74665326747763,-5.07429692843379,3.88931331292261e-07,5.32320472708444e-06,"***","DESeq2"
"275","EsteroZacatecas - ColaDeBallena","k__Bacteria|p__Rhodothermota|c__Rhodothermia|o__Rhodothermales|f__Rhodothermaceae|g__Rubrivirga|s__|ASV_4964",19.8115939538671,4.66185613058314,1.90610042420626,2.44575578043032,0.0144548876574746,0.0331732371290731,"*","DESeq2"
"276","EsteroZacatecas - ColaDeBallena","k__Bacteria|p__Verrucomicrobiota|c__Verrucomicrobiia|o__Verrucomicrobiales|f__DEV007|g__|s__|ASV_12367",23.5695583433527,1.36040228106572,1.10976263661075,1.22584977740865,0.220255211215732,0.293329331701139,"","DESeq2"
"277","EsteroZacatecas - ColaDeBallena","k__Bacteria|p__Pseudomonadota|c__Alphaproteobacteria|o__Rhodobacterales|f__Paracoccaceae|g__|s__|ASV_5270",20.2838378427561,0.103114437461518,1.06094288296753,0.0971913183234707,0.92257446237968,0.937428076264147,"","DESeq2"
"278","EsteroZacatecas - ColaDeBallena","k__Bacteria|p__Actinomycetota|c__Actinobacteria|o__Mycobacteriales|f__Mycobacteriaceae|g__Mycobacterium|s__|ASV_13526",1.97203977367331,4.25480858618412,2.95412300942316,1.44029499537155,0.149783956723993,NA,NA,"DESeq2"
"279","EsteroZacatecas - ColaDeBallena","k__Bacteria|p__Pseudomonadota|c__Alphaproteobacteria|o__Sphingomonadales|f__Sphingomonadaceae|g__Parasphingopyxis|s__|ASV_619",17.7381924434787,-1.48369550957408,1.36449266645326,-1.08736055975344,0.276877494297743,0.354429408778621,"","DESeq2"
"280","EsteroZacatecas - ColaDeBallena","k__Bacteria|p__Acidobacteriota|c__Thermoanaerobaculia|o__Thermoanaerobaculales|f__Thermoanaerobaculaceae|g__Subgroup_10|s__|ASV_9865",6.72728977631406,0.0666401877834724,2.09919567722699,0.031745581656067,0.974674944283371,0.977255725247934,"","DESeq2"
"281","EsteroZacatecas - ColaDeBallena","k__Bacteria|p__Actinomycetota|c__Acidimicrobiia|o__Microtrichales|f__Ilumatobacteraceae|g__Ilumatobacter|s__|ASV_5173",15.8800585989838,4.18658429109866,2.38968504737828,1.75193977787649,0.0797841637442908,0.127475119568937,"","DESeq2"
"282","EsteroZacatecas - ColaDeBallena","k__Bacteria|p__Pseudomonadota|c__Alphaproteobacteria|o__Sphingomonadales|f__Sphingomonadaceae|g__Paraurantiacibacter|s__|ASV_6999",16.0122021393238,-1.37502322356677,1.49056154867341,-0.922486713004594,0.356274757815134,0.440400571140362,"","DESeq2"
"283","EsteroZacatecas - ColaDeBallena","k__Bacteria|p__Pseudomonadota|c__Alphaproteobacteria|o__Sphingomonadales|f__Sphingomonadaceae|g__Sphingomicrobium|s__|ASV_1652",26.8567940625728,0.857866781839131,1.45477516052719,0.589690286936333,0.55539830828984,0.639242632438965,"","DESeq2"
"284","EsteroZacatecas - ColaDeBallena","k__Bacteria|p__Bacteroidota|c__Bacteroidia|o__Cytophagales|f__Cyclobacteriaceae|g__Fulvivirga|s__|ASV_8492",18.8165775627893,7.49797520314885,1.12867392144462,6.64317218701395,3.07002831840572e-11,7.42032376533808e-10,"***","DESeq2"
"285","EsteroZacatecas - ColaDeBallena","k__Bacteria|p__Pseudomonadota|c__Alphaproteobacteria|o__Sphingomonadales|f__Sphingomonadaceae|g__|s__|ASV_2773",35.7447767959796,3.60340266604533,1.97311642422371,1.82624938995327,0.0678127048074992,0.113058240896874,"","DESeq2"
"286","EsteroZacatecas - ColaDeBallena","k__Bacteria|p__Bacteroidota|c__Bacteroidia|o__Flavobacteriales|f__Flavobacteriaceae|g__Hoppeia|s__|ASV_1103",6.65228611887519,6.00081738519959,2.70473157445979,2.21863694048757,0.0265114342796594,0.0542648456607083,"","DESeq2"
"287","EsteroZacatecas - ColaDeBallena","k__Bacteria|p__Pseudomonadota|c__Alphaproteobacteria|o__Rhodobacterales|f__Paracoccaceae|g__|s__|ASV_6399",27.7109402090742,3.93774512728664,1.4578779460958,2.70101152008775,0.00691289440221146,0.0187423580928693,"*","DESeq2"
"288","EsteroZacatecas - ColaDeBallena","k__Bacteria|p__Bacteroidota|c__Bacteroidia|o__Cytophagales|f__Cyclobacteriaceae|g__Fulvivirga|s__|ASV_10951",26.3445483858279,-0.644556682781304,2.22238547223687,-0.290029200979498,0.771793898096566,0.817108917276514,"","DESeq2"
"289","EsteroZacatecas - ColaDeBallena","k__Bacteria|p__Pseudomonadota|c__Gammaproteobacteria|o__Pseudomonadales|f__Cellvibrionaceae|g__|s__|ASV_6741",28.5556281840669,-0.891402786442431,1.10842664688696,-0.80420548256031,0.421278312999352,0.507499643231457,"","DESeq2"
"290","EsteroZacatecas - ColaDeBallena","k__Bacteria|p__Pseudomonadota|c__Gammaproteobacteria|o__Pseudomonadales|f__Pseudohongiellaceae|g__Pseudohongiella|s__|ASV_8644",32.9731463699623,4.28608536442161,1.6679222282454,2.56971535713056,0.0101782106728905,0.025809034206258,"*","DESeq2"
"291","EsteroZacatecas - ColaDeBallena","k__Bacteria|p__Chloroflexota|c__Anaerolineae|o__Aggregatilineales|f__A4b|g__|s__|ASV_15753",14.3892352901006,3.4047288471028,1.21875254039826,2.79361784631868,0.00521220337568835,0.0151047526397499,"*","DESeq2"
"292","EsteroZacatecas - ColaDeBallena","k__Bacteria|p__Pseudomonadota|c__Alphaproteobacteria|o__|f__Neomegalonemataceae|g__Acuticoccus|s__|ASV_8326",18.3827483209601,-3.33529697390122,1.5183598501881,-2.19664460535362,0.0280458379347903,0.0564894891736202,"","DESeq2"
"293","EsteroZacatecas - ColaDeBallena","k__Bacteria|p__Rhodothermota|c__Rhodothermia|o__Rhodothermales|f__Rhodothermaceae|g__|s__|ASV_13435",17.5150261504803,0.193519164679124,1.79835067729671,0.107609248364186,0.914305660462218,0.93152576707182,"","DESeq2"
"294","EsteroZacatecas - ColaDeBallena","k__Bacteria|p__Pseudomonadota|c__Alphaproteobacteria|o__Hyphomicrobiales|f__Lutibaculaceae|g__Lutibaculum|s__|ASV_15630",16.5295534389568,-4.21636143531136,1.32451480558974,-3.18332525806236,0.00145593963344161,0.00574287299857524,"**","DESeq2"
"295","EsteroZacatecas - ColaDeBallena","k__Bacteria|p__Bacteroidota|c__Bacteroidia|o__Cytophagales|f__Flammeovirgaceae|g__|s__|ASV_15816",36.2298216172684,8.44311906958389,1.98202304118915,4.25984910070383,2.04564962958528e-05,0.000177393738870907,"***","DESeq2"
"296","EsteroZacatecas - ColaDeBallena","k__Bacteria|p__Rhodothermota|c__Rhodothermia|o__Rhodothermales|f__Rhodothermaceae|g__Rubrivirga|s__|ASV_571",18.7843951808146,-7.72843384716749,2.06240211928306,-3.74729727772684,0.000178750195716546,0.0011218796814033,"**","DESeq2"
"297","EsteroZacatecas - ColaDeBallena","k__Bacteria|p__Pseudomonadota|c__Alphaproteobacteria|o__Rhodobacterales|f__Paracoccaceae|g__Tropicimonas-Psychromarinibacter|s__|ASV_11169",15.7056419178951,7.23943467324511,1.63460271491668,4.42886495120871,9.47303143655778e-06,9.27703768269796e-05,"***","DESeq2"
"298","EsteroZacatecas - ColaDeBallena","k__Bacteria|p__Bacteroidota|c__Bacteroidia|o__Bacteroidales|f__Bacteroidetes_BD2-2|g__|s__|ASV_12719",32.8272601414298,-0.272191145675445,1.38291981782702,-0.196823519459818,0.843965645251186,0.87237941128785,"","DESeq2"
"299","EsteroZacatecas - ColaDeBallena","k__Bacteria|p__Bacteroidota|c__Bacteroidia|o__Cytophagales|f__Cyclobacteriaceae|g__Tunicatimonas|s__|ASV_10332",18.4873571509385,-4.09030223592157,1.22861575644237,-3.32919565329815,0.000870971964418223,0.00391134480876483,"**","DESeq2"
"300","EsteroZacatecas - ColaDeBallena","k__Bacteria|p__Cyanobacteriota|c__Cyanobacteriia|o__Cyanobacteriales|f__Nostocaceae|g__Rivularia_PCC-7116|s__|ASV_3099",4.37550228013793,5.40007454068336,2.94906985685065,1.83111109699184,0.0670839625325583,0.112069678583803,"","DESeq2"
"301","EsteroZacatecas - ColaDeBallena","k__Bacteria|p__Pseudomonadota|c__Alphaproteobacteria|o__Sphingomonadales|f__Sphingomonadaceae|g__Aurantiacibacter|s__|ASV_6586",24.5459146632495,-0.589388275207735,1.10210056679495,-0.534786291709975,0.592797643281765,0.67140391103498,"","DESeq2"
"302","EsteroZacatecas - ColaDeBallena","k__Bacteria|p__Rhodothermota|c__Rhodothermia|o__Rhodothermales|f__Rhodothermaceae|g__|s__|ASV_12493",14.0878608823621,7.08405570336272,2.11594886625245,3.34793331556697,0.000814165992361191,0.00375972588342404,"**","DESeq2"
"303","EsteroZacatecas - ColaDeBallena","k__Bacteria|p__Bacteroidota|c__Bacteroidia|o__Cytophagales|f__Cyclobacteriaceae|g__Tunicatimonas|s__|ASV_15977",31.0050060794206,8.21900634273073,1.95996623656574,4.19344282028659,2.74752356223186e-05,0.000225615642089218,"***","DESeq2"
"304","EsteroZacatecas - ColaDeBallena","k__Bacteria|p__Pseudomonadota|c__Alphaproteobacteria|o__Kiloniellales|f__Kiloniellaceae|g__Pelagibius|s__|ASV_3850",37.5027564167725,-1.41522534213465,1.5869662059765,-0.891780390032835,0.372510654603298,0.457371417169312,"","DESeq2"
"305","EsteroZacatecas - ColaDeBallena","k__Bacteria|p__Pseudomonadota|c__Gammaproteobacteria|o__Pseudomonadales|f__KI89A_clade|g__|s__|ASV_9783",16.7351050116493,-0.538137247495934,1.23331611380982,-0.436333589961443,0.662594714382417,0.730784073338277,"","DESeq2"
"306","EsteroZacatecas - ColaDeBallena","k__Bacteria|p__Bacteroidota|c__Bacteroidia|o__Cytophagales|f__Cyclobacteriaceae|g__Tunicatimonas|s__|ASV_5122",19.4185245726105,-2.46665818386056,1.6612140101412,-1.48485274552368,0.137582836044792,0.19319419251778,"","DESeq2"
"307","EsteroZacatecas - ColaDeBallena","k__Bacteria|p__Pseudomonadota|c__Alphaproteobacteria|o__|f__Neomegalonemataceae|g__Acuticoccus|s__|ASV_4242",38.2732121666391,8.52305114326387,2.20116614803268,3.87206170278489,0.000107918622349384,0.000729735446362499,"***","DESeq2"
"308","EsteroZacatecas - ColaDeBallena","k__Bacteria|p__Rhodothermota|c__Rhodothermia|o__Rhodothermales|f__Rhodothermaceae|g__Rubrivirga|s__|ASV_11592",17.6009325555458,-3.94405497377894,1.61696862456274,-2.4391660505135,0.0147212020700541,0.0335997757749327,"*","DESeq2"
"309","EsteroZacatecas - ColaDeBallena","k__Bacteria|p__Rhodothermota|c__Rhodothermia|o__Rhodothermales|f__Rhodothermaceae|g__|s__|ASV_13295",17.8621110536023,-2.8591769089503,1.0056515897862,-2.84310882415862,0.00446758132776126,0.0136063602904472,"*","DESeq2"
"310","EsteroZacatecas - ColaDeBallena","k__Bacteria|p__Actinomycetota|c__Rubrobacteria|o__Rubrobacterales|f__Rubrobacteriaceae|g__Rubrobacter|s__|ASV_2894",14.1447553493707,1.09893571639585,1.63443004237235,0.672366322146624,0.501350517256372,0.585338322305487,"","DESeq2"
"311","EsteroZacatecas - ColaDeBallena","k__Bacteria|p__Planctomycetota|c__Planctomycetes|o__Planctomycetales|f__Rubinisphaeraceae|g__Planctomicrobium|s__|ASV_13985",23.1560760152414,0.461130222232906,1.76864978871043,0.260724438029719,0.794305018868674,0.83471831770103,"","DESeq2"
"312","EsteroZacatecas - ColaDeBallena","k__Bacteria|p__Myxococcota|c__Polyangiia|o__Polyangiales|f__Sandaracinaceae|g__|s__|ASV_13049",0.615344116188952,-2.89309837902042,2.96961998688531,-0.974231851818472,0.329941432908602,NA,NA,"DESeq2"
"313","EsteroZacatecas - ColaDeBallena","k__Bacteria|p__Verrucomicrobiota|c__Verrucomicrobiia|o__Verrucomicrobiales|f__Rubritaleaceae|g__Haloferula|s__|ASV_4595",4.32720002594248,5.38424245337757,2.94911612555839,1.82571395094119,0.0678933606414467,0.113058240896874,"","DESeq2"
"314","EsteroZacatecas - ColaDeBallena","k__Bacteria|p__Cyanobacteriota|c__Cyanobacteriia|o__Cyanobacteriales|f__Xenococcaceae|g__Myxosarcina_GI1|s__|ASV_7756",11.2277527781908,6.75848684840487,2.30114058004664,2.93701606368955,0.00331386937745279,0.0106682820856215,"*","DESeq2"
"315","EsteroZacatecas - ColaDeBallena","k__Bacteria|p__Bacteroidota|c__Bacteroidia|o__Cytophagales|f__Cyclobacteriaceae|g__Tunicatimonas|s__|ASV_6474",16.6640863270952,5.60241017937425,2.2800282530573,2.45716699863783,0.0140037572004476,0.0323338784140417,"*","DESeq2"
"316","EsteroZacatecas - ColaDeBallena","k__Bacteria|p__Acidobacteriota|c__Thermoanaerobaculia|o__Thermoanaerobaculales|f__Thermoanaerobaculaceae|g__Subgroup_10|s__|ASV_15757",18.1975186020684,-0.466341210387658,1.2617065342851,-0.36961147280726,0.711672001505821,0.772127056586442,"","DESeq2"
"317","EsteroZacatecas - ColaDeBallena","k__Bacteria|p__Actinomycetota|c__Thermoleophilia|o__Solirubrobacterales|f__Solirubrobacteraceae|g__Patulibacter|s__|ASV_9925",11.8037525174312,6.8289085811749,2.10550035139377,3.24336615600866,0.00118126296341269,0.00484445749616178,"**","DESeq2"
"318","EsteroZacatecas - ColaDeBallena","k__Bacteria|p__Actinomycetota|c__Actinobacteria|o__Nitriliruptorales|f__Nitriliruptoraceae|g__|s__|ASV_3378",19.8236486535804,-3.18110122896474,1.01332198752545,-3.13927978285859,0.0016936365884095,0.0064132372147773,"**","DESeq2"
"319","EsteroZacatecas - ColaDeBallena","k__Bacteria|p__Bacillota|c__Bacilli|o__Bacillales|f__Bacillaceae|g__Rossellomorea|s__|ASV_4044",1.03198336152522,3.24532753107725,2.96332273247107,1.09516506437725,0.273444328007358,NA,NA,"DESeq2"
"320","EsteroZacatecas - ColaDeBallena","k__Bacteria|p__Rhodothermota|c__Rhodothermia|o__Rhodothermales|f__Rhodothermaceae|g__|s__|ASV_9391",17.7054138756492,-0.486490303754105,1.44238798601954,-0.337281167390086,0.735904955074041,0.790158817546419,"","DESeq2"
"321","EsteroZacatecas - ColaDeBallena","k__Bacteria|p__Pseudomonadota|c__Gammaproteobacteria|o__Pseudomonadales|f__Cellvibrionaceae|g__|s__|ASV_4946",11.1164440057328,4.64143417796957,1.49226146442225,3.11033574787549,0.00186874796022999,0.00693757412686691,"**","DESeq2"
"322","EsteroZacatecas - ColaDeBallena","k__Bacteria|p__Pseudomonadota|c__Gammaproteobacteria|o__Chromatiales|f__Chromatiaceae|g__Thiophaeococcus|s__|ASV_12238",1.92429410652168,-4.44868411067315,2.95549023005437,-1.50522714148553,0.132265689441907,NA,NA,"DESeq2"
"323","EsteroZacatecas - ColaDeBallena","k__Bacteria|p__Pseudomonadota|c__Alphaproteobacteria|o__Rhodobacterales|f__Paracoccaceae|g__|s__|ASV_14777",16.4322720974304,-3.45387028496269,1.84648655443057,-1.87050930681043,0.061413125814137,0.104595668553013,"","DESeq2"
"324","EsteroZacatecas - ColaDeBallena","k__Bacteria|p__Bacteroidota|c__Bacteroidia|o__Cytophagales|f__Cyclobacteriaceae|g__Fulvivirga|s__|ASV_7283",17.5518501609972,7.39979472329658,1.44288158619476,5.12848371903595,2.92085152940244e-07,4.14760917175146e-06,"***","DESeq2"
"325","EsteroZacatecas - ColaDeBallena","k__Bacteria|p__Chloroflexota|c__Anaerolineae|o__Caldilineales|f__Caldilineaceae|g__|s__|ASV_1846",31.9319628805028,0.491970638830877,1.21260308167158,0.405714488332564,0.684952395544484,0.749620348110341,"","DESeq2"
"326","EsteroZacatecas - ColaDeBallena","k__Bacteria|p__Pseudomonadota|c__Alphaproteobacteria|o__|f__Neomegalonemataceae|g__Acuticoccus|s__|ASV_2172",10.6995634800055,6.6901178633362,2.01583163923868,3.31878800446988,0.000904090378364858,0.00401190105399406,"**","DESeq2"
"327","EsteroZacatecas - ColaDeBallena","k__Bacteria|p__Actinomycetota|c__Acidimicrobiia|o__Microtrichales|f__Microtrichaceae|g__IMCC26207|s__|ASV_14497",10.9985758968116,1.30588890173066,1.20133291390407,1.08703331659066,0.277022085948617,0.354429408778621,"","DESeq2"
"328","EsteroZacatecas - ColaDeBallena","k__Bacteria|p__Rhodothermota|c__Rhodothermia|o__Rhodothermales|f__Rhodothermaceae|g__Rubrivirga|s__|ASV_15588",13.4256155274228,7.01511782458768,2.31762046734266,3.02686221641418,0.00247106565745803,0.00869080677050255,"**","DESeq2"
"329","EsteroZacatecas - ColaDeBallena","k__Bacteria|p__Actinomycetota|c__Actinobacteria|o__Nitriliruptorales|f__Nitriliruptoraceae|g__|s__|ASV_2752",14.2803645052484,-1.55511759976283,1.58869416199399,-0.97886530772605,0.327646535713023,0.409468057832777,"","DESeq2"
"330","EsteroZacatecas - ColaDeBallena","k__Bacteria|p__Bacteroidota|c__Bacteroidia|o__Chitinophagales|f__Saprospiraceae|g__Phaeodactylibacter|s__|ASV_7871",10.8788967314093,6.70889823157274,2.11145799943419,3.17737706995381,0.00148613677451722,0.00584170026246214,"**","DESeq2"
"331","EsteroZacatecas - ColaDeBallena","k__Bacteria|p__Bacteroidota|c__Bacteroidia|o__Cytophagales|f__Cyclobacteriaceae|g__Tunicatimonas|s__|ASV_4875",15.0266078587765,1.68150330548613,1.2062467914871,1.39399608550512,0.163318786729782,0.225705768521937,"","DESeq2"
"332","EsteroZacatecas - ColaDeBallena","k__Bacteria|p__Pseudomonadota|c__Alphaproteobacteria|o__Sphingomonadales|f__Sphingomonadaceae|g__Aurantiacibacter|s__|ASV_10631",13.448592517925,1.042073038339,2.19449102984388,0.474858645657408,0.634887729057772,0.707784553689528,"","DESeq2"
"333","EsteroZacatecas - ColaDeBallena","k__Bacteria|p__Balneolota|c__Balneolia|o__Balneolales|f__Balneolaceae|g__|s__|ASV_7903",11.5207392579105,-1.71255437861664,1.14925827362929,-1.49013882946303,0.13618773632573,0.191709130689007,"","DESeq2"
"334","EsteroZacatecas - ColaDeBallena","k__Bacteria|p__Bacteroidota|c__Bacteroidia|o__Cytophagales|f__Cyclobacteriaceae|g__Tunicatimonas|s__|ASV_13852",28.0364405625386,8.07200150896796,1.78191486971906,4.52995911653209,5.89951013335814e-06,6.03769685720256e-05,"***","DESeq2"
"335","EsteroZacatecas - ColaDeBallena","k__Bacteria|p__Bacteroidota|c__Bacteroidia|o__Flavobacteriales|f__Flavobacteriaceae|g__Robiginitalea|s__|ASV_1957",11.4685229084914,22.1523532132781,2.68104812058528,8.2625720303902,1.4256665347958e-16,7.36162356149105e-15,"***","DESeq2"
"336","EsteroZacatecas - ColaDeBallena","k__Bacteria|p__Pseudomonadota|c__Alphaproteobacteria|o__Hyphomicrobiales|f__Rhizobiaceae|g__|s__|ASV_8889",9.316966493164,6.48932485186423,2.62037855605873,2.47648372669661,0.0132683673557521,0.0312067604888911,"*","DESeq2"
"337","EsteroZacatecas - ColaDeBallena","k__Bacteria|p__Pseudomonadota|c__Gammaproteobacteria|o__Pseudomonadales|f__Marinomonadaceae|g__Marinomonas|s__|ASV_8306",9.90438690320369,0.394051161639766,1.46483961991693,0.269006351468097,0.787924795008423,0.828780154749601,"","DESeq2"
"338","EsteroZacatecas - ColaDeBallena","k__Bacteria|p__Cyanobacteriota|c__Cyanobacteriia|o__Cyanobacteriales|f__Nostocaceae|g__Rivularia_PCC-7116|s__|ASV_12444",12.922739278419,6.96112808126716,1.82947292216553,3.80499104246229,0.000141809322556957,0.000913981663145955,"***","DESeq2"
"339","EsteroZacatecas - ColaDeBallena","k__Bacteria|p__Pseudomonadota|c__Alphaproteobacteria|o__Rhodobacterales|f__Paracoccaceae|g__Palleronia-Pseudomaribius|s__|ASV_9319",6.22243481006638,5.9071583759542,2.71570052713483,2.17518769721877,0.0296160537379312,0.0593365732738799,"","DESeq2"
"340","EsteroZacatecas - ColaDeBallena","k__Bacteria|p__Actinomycetota|c__Actinobacteria|o__Euzebyales|f__Euzebyaceae|g__|s__|ASV_12943",11.1501624905303,6.74845747254224,2.04045082873922,3.3073364853943,0.000941876810841732,0.00414717851595429,"**","DESeq2"
"341","EsteroZacatecas - ColaDeBallena","k__Bacteria|p__Bacteroidota|c__Bacteroidia|o__Chitinophagales|f__Saprospiraceae|g__Lewinella|s__|ASV_14761",9.84264455118386,21.9418012920865,2.94674009214602,7.44612711197984,9.61201984140665e-14,2.79980885636871e-12,"***","DESeq2"
"342","EsteroZacatecas - ColaDeBallena","k__Bacteria|p__Planctomycetota|c__Planctomycetes|o__Pirellulales|f__Pirellulaceae|g__Pir4_lineage|s__|ASV_4944",29.3197698465697,-0.491355838950167,1.57298431499914,-0.312371734584294,0.754758028927052,0.80206278845756,"","DESeq2"
"343","EsteroZacatecas - ColaDeBallena","k__Bacteria|p__Bacteroidota|c__Bacteroidia|o__Chitinophagales|f__Saprospiraceae|g__|s__|ASV_12745",16.4692210135854,4.52761816353334,1.60200038774844,2.82622788243937,0.00470997433325238,0.0139991260857674,"*","DESeq2"
"344","EsteroZacatecas - ColaDeBallena","k__Bacteria|p__Actinomycetota|c__Acidimicrobiia|o__Microtrichales|f__Ilumatobacteraceae|g__Ilumatobacter|s__|ASV_8457",29.8834943220275,8.16573943510441,2.14743537667617,3.80255421131389,0.000143211915528151,0.000913981663145955,"***","DESeq2"
"345","EsteroZacatecas - ColaDeBallena","k__Bacteria|p__Bacteroidota|c__Bacteroidia|o__Chitinophagales|f__Saprospiraceae|g__Lewinella|s__|ASV_14052",11.6729190292446,6.81629108030747,1.63984354636202,4.15667158945094,3.22917660016409e-05,0.000256527595649399,"***","DESeq2"
"346","EsteroZacatecas - ColaDeBallena","k__Bacteria|p__Pseudomonadota|c__Alphaproteobacteria|o__Caulobacterales|f__Parvularculaceae|g__Parvularcula|s__|ASV_11516",10.1482453418542,3.16784953742983,2.33601618703528,1.35609057634582,0.175070350853952,0.240483577472901,"","DESeq2"
"347","EsteroZacatecas - ColaDeBallena","k__Bacteria|p__Pseudomonadota|c__Alphaproteobacteria|o__Hyphomicrobiales|f__Rhizobiaceae|g__|s__|ASV_9057",10.0561093427459,6.59981502526506,2.31208530346979,2.85448595489128,0.00431065376993636,0.0132612270330413,"*","DESeq2"
"348","EsteroZacatecas - ColaDeBallena","k__Bacteria|p__Bacteroidota|c__Bacteroidia|o__Flavobacteriales|f__Flavobacteriaceae|g__Gramella|s__|ASV_15214",0.680377362569572,2.77792328804667,2.96824864234967,0.93587957841957,0.349335192758554,NA,NA,"DESeq2"
"349","EsteroZacatecas - ColaDeBallena","k__Bacteria|p__Pseudomonadota|c__Gammaproteobacteria|o__Steroidobacterales|f__Woeseiaceae|g__Woeseia|s__|ASV_4027",32.1383865289846,23.5923728148208,2.70833689481644,8.71101850732635,3.01156484896021e-18,2.13821104276175e-16,"***","DESeq2"
"350","EsteroZacatecas - ColaDeBallena","k__Bacteria|p__Bacteroidota|c__Bacteroidia|o__Cytophagales|f__Cyclobacteriaceae|g__Fulvivirga|s__|ASV_488",14.2776661107141,7.101793323832,1.43527542005752,4.94803521650737,7.49663478388212e-07,9.56873833088774e-06,"***","DESeq2"
"351","EsteroZacatecas - ColaDeBallena","k__Bacteria|p__Pseudomonadota|c__Alphaproteobacteria|o__|f__Neomegalonemataceae|g__Acuticoccus|s__|ASV_9666",11.649675798025,6.81123289900257,1.60735819735673,4.23753268574704,2.25989528120451e-05,0.000191585152197636,"***","DESeq2"
"352","EsteroZacatecas - ColaDeBallena","k__Bacteria|p__Bacteroidota|c__Bacteroidia|o__Chitinophagales|f__Saprospiraceae|g__|s__|ASV_14754",32.4805157285819,5.19183364659179,1.33394651895519,3.89208530688194,9.93862844246931e-05,0.000680137464496695,"***","DESeq2"
"353","EsteroZacatecas - ColaDeBallena","k__Bacteria|p__Pseudomonadota|c__Alphaproteobacteria|o__Hyphomicrobiales|f__Rhizobiaceae|g__|s__|ASV_9642",28.7521472561139,-1.72669440223423,1.52030264416547,-1.13575702105159,0.256058268997128,0.333230947332942,"","DESeq2"
"354","EsteroZacatecas - ColaDeBallena","k__Bacteria|p__Rhodothermota|c__Rhodothermia|o__Rhodothermales|f__Rhodothermaceae|g__|s__|ASV_4914",15.2449104702688,7.19618205680647,2.33802614522868,3.07788776079004,0.00208473418483158,0.00759057062169446,"**","DESeq2"
"355","EsteroZacatecas - ColaDeBallena","k__Bacteria|p__Pseudomonadota|c__Alphaproteobacteria|o__Sphingomonadales|f__Sphingomonadaceae|g__Croceibacterium|s__|ASV_3589",11.9107540325119,-1.70100447880366,1.39668737434497,-1.21788491114657,0.223267710916239,0.29664575391912,"","DESeq2"
"356","EsteroZacatecas - ColaDeBallena","k__Bacteria|p__Bacteroidota|c__Bacteroidia|o__Bacteroidales|f__Prolixibacteraceae|g__|s__|ASV_10019",30.4735516026638,-7.00525950426661,1.46425724627482,-4.78417267327071,1.71693040534824e-06,2.05308730576379e-05,"***","DESeq2"
"357","EsteroZacatecas - ColaDeBallena","k__Bacteria|p__Pseudomonadota|c__Gammaproteobacteria|o__Enterobacterales|f__Pseudoalteromonadaceae|g__Pseudoalteromonas|s__|ASV_11013",35.2330283915148,2.92968281935889,1.44779854409495,2.02354314507914,0.0430171800147441,0.079848883164623,"","DESeq2"
"358","EsteroZacatecas - ColaDeBallena","k__Bacteria|p__Rhodothermota|c__Rhodothermia|o__Rhodothermales|f__Rhodothermaceae|g__|s__|ASV_14795",15.2143586331784,-1.59711059906302,1.79282407480023,-0.89083509169241,0.373017646224418,0.457371417169312,"","DESeq2"
"359","EsteroZacatecas - ColaDeBallena","k__Bacteria|p__Pseudomonadota|c__Alphaproteobacteria|o__Sphingomonadales|f__Sphingomonadaceae|g__Paraurantiacibacter|s__|ASV_6166",9.77239110501425,6.55959940545983,2.02869741403756,3.23340452847759,0.00122324214443058,0.00497313633958936,"**","DESeq2"
"360","EsteroZacatecas - ColaDeBallena","k__Bacteria|p__Pseudomonadota|c__Gammaproteobacteria|o__Pseudomonadales|f__Cellvibrionaceae|g__|s__|ASV_11138",2.02360372175777,-4.51562379186792,2.95501577924214,-1.5281217188715,0.126482319958699,NA,NA,"DESeq2"
"361","EsteroZacatecas - ColaDeBallena","k__Bacteria|p__Bacteroidota|c__Bacteroidia|o__Flavobacteriales|f__Flavobacteriaceae|g__|s__|ASV_4722",14.7762691826713,-7.38065221612981,2.10966184590799,-3.498500117659,0.000467882883150586,0.00253102359647174,"**","DESeq2"
"362","EsteroZacatecas - ColaDeBallena","k__Bacteria|p__Thermodesulfobacteriota|c__Desulfobacteria|o__Desulfobacterales|f__Desulfosarcinaceae|g__|s__|ASV_7814",11.8846833722587,0.267268817391301,1.19681905990887,0.223315976779022,0.823289593549676,0.856462434315414,"","DESeq2"
"363","EsteroZacatecas - ColaDeBallena","k__Bacteria|p__Bacteroidota|c__Bacteroidia|o__Cytophagales|f__Cyclobacteriaceae|g__Tunicatimonas|s__|ASV_7191",21.561977028093,7.68761712256077,1.24349451161242,6.18226863952328,6.31868777627982e-10,1.38039025266421e-08,"***","DESeq2"
"364","EsteroZacatecas - ColaDeBallena","k__Bacteria|p__Pseudomonadota|c__Gammaproteobacteria|o__Pseudomonadales|f__Cellvibrionaceae|g__|s__|ASV_2139",1.55212339841023,-4.13813913486759,2.95797176461323,-1.39897857862368,0.161819406881899,NA,NA,"DESeq2"
"365","EsteroZacatecas - ColaDeBallena","k__Bacteria|p__Bacteroidota|c__Bacteroidia|o__Cytophagales|f__Cyclobacteriaceae|g__Tunicatimonas|s__|ASV_1544",14.5477213763169,4.87672962516069,1.66227633629698,2.93376589600287,0.00334876682768779,0.0107160538486009,"*","DESeq2"
"366","EsteroZacatecas - ColaDeBallena","k__Bacteria|p__Pseudomonadota|c__Alphaproteobacteria|o__Rhodobacterales|f__Paracoccaceae|g__Palleronia-Pseudomaribius|s__|ASV_9313",1.07416993410625,3.38469370077559,2.96165304120815,1.14283937168915,0.253105288661569,NA,NA,"DESeq2"
"367","EsteroZacatecas - ColaDeBallena","k__Bacteria|p__Pseudomonadota|c__Alphaproteobacteria|o__Rhodobacterales|f__Paracoccaceae|g__|s__|ASV_14237",13.2519318934892,0.574768282389579,1.25824988517475,0.45679978926424,0.647814957269649,0.717968577032509,"","DESeq2"
"368","EsteroZacatecas - ColaDeBallena","k__Bacteria|p__Pseudomonadota|c__Alphaproteobacteria|o__Rhodobacterales|f__Paracoccaceae|g__|s__|ASV_1832",11.0108496792577,6.72707233810124,2.70215917749765,2.48951741781951,0.0127916650516328,0.0305666516377527,"*","DESeq2"
"369","EsteroZacatecas - ColaDeBallena","k__Bacteria|p__Bacteroidota|c__Bacteroidia|o__Flavobacteriales|f__Flavobacteriaceae|g__Robiginitalea|s__|ASV_9267",24.3674150159598,23.2056530590552,2.40389554165811,9.65335334123916,4.75740622151796e-22,4.84698549635469e-20,"***","DESeq2"
"370","EsteroZacatecas - ColaDeBallena","k__Bacteria|p__Planctomycetota|c__Planctomycetes|o__Pirellulales|f__Pirellulaceae|g__Rhodopirellula|s__|ASV_14101",11.0921462218253,4.56476778956046,2.36217321665309,1.93244413973509,0.0533047104459885,0.0929657421427704,"","DESeq2"
"371","EsteroZacatecas - ColaDeBallena","k__Bacteria|p__Pseudomonadota|c__Gammaproteobacteria|o__Chromatiales|f__Chromatiaceae|g__|s__|ASV_15166",19.7013041906808,7.56243943089478,1.71086622219837,4.42024007065699,9.85913106309159e-06,9.5726263997197e-05,"***","DESeq2"
"372","EsteroZacatecas - ColaDeBallena","k__Bacteria|p__Pseudomonadota|c__Gammaproteobacteria|o__Steroidobacterales|f__Woeseiaceae|g__Woeseia|s__|ASV_15362",18.6798408112233,7.47899254790103,1.14292467387279,6.5437318126649,6.00023591251712e-11,1.39107510135091e-09,"***","DESeq2"
"373","EsteroZacatecas - ColaDeBallena","k__Bacteria|p__Bacteroidota|c__Bacteroidia|o__Flavobacteriales|f__Flavobacteriaceae|g__Pricia|s__|ASV_13539",26.8344130677211,23.3405280845399,2.41498559355787,9.66487259667398,4.25148584784957e-22,4.82968792315711e-20,"***","DESeq2"
"374","EsteroZacatecas - ColaDeBallena","k__Bacteria|p__Pseudomonadota|c__Alphaproteobacteria|o__Rhodobacterales|f__Paracoccaceae|g__Hasllibacter|s__|ASV_5521",12.5439803524176,-1.62826341424097,2.4723504326375,-0.658589248816133,0.510159568623943,0.593792284791803,"","DESeq2"
"375","EsteroZacatecas - ColaDeBallena","k__Bacteria|p__Verrucomicrobiota|c__Verrucomicrobiia|o__Verrucomicrobiales|f__Rubritaleaceae|g__Haloferula|s__|ASV_13415",11.933289248296,6.84464245333896,2.36721115432405,2.89143722596788,0.00383484194766844,0.0119680781663498,"*","DESeq2"
"376","EsteroZacatecas - ColaDeBallena","k__Bacteria|p__Bacteroidota|c__Bacteroidia|o__Cytophagales|f__Cyclobacteriaceae|g__Fulvivirga|s__|ASV_2769",18.2372339648839,-0.918024783092353,1.76247793797981,-0.52087164514786,0.602456189216116,0.677231090002279,"","DESeq2"
"377","EsteroZacatecas - ColaDeBallena","k__Bacteria|p__Pseudomonadota|c__Alphaproteobacteria|o__Hyphomicrobiales|f__Devosiaceae|g__Pelagibacterium|s__|ASV_10161",13.9045894622213,-3.87462099146726,1.04735144532927,-3.69944683682479,0.000216069893785208,0.00133399673554346,"**","DESeq2"
"378","EsteroZacatecas - ColaDeBallena","k__Bacteria|p__Rhodothermota|c__Rhodothermia|o__Rhodothermales|f__Rhodothermaceae|g__Rubrivirga|s__|ASV_3675",14.328899735835,-7.33791153337552,2.31916719251271,-3.16402868972341,0.00155601456097784,0.0060952846250718,"**","DESeq2"
"379","EsteroZacatecas - ColaDeBallena","k__Bacteria|p__Actinomycetota|c__Actinobacteria|o__Micrococcales|f__Intrasporangiaceae|g__|s__|ASV_3711",17.7964231597673,-7.6412629457751,1.45648067173188,-5.24638815610851,1.55109937119513e-07,2.28837517620476e-06,"***","DESeq2"
"380","EsteroZacatecas - ColaDeBallena","k__Bacteria|p__Planctomycetota|c__Planctomycetes|o__Pirellulales|f__Pirellulaceae|g__Pir4_lineage|s__|ASV_12473",18.1471451239741,-1.15133611045477,1.14047794957735,-1.00952071092776,0.312724974068946,0.393853182419426,"","DESeq2"
"381","EsteroZacatecas - ColaDeBallena","k__Bacteria|p__Myxococcota|c__Polyangiia|o__Polyangiales|f__Sandaracinaceae|g__|s__|ASV_15192",16.5193871676231,-0.580749853872976,1.57491669657354,-0.368749569508331,0.712314397273408,0.772127056586442,"","DESeq2"
"382","EsteroZacatecas - ColaDeBallena","k__Bacteria|p__Pseudomonadota|c__Alphaproteobacteria|o__Hyphomicrobiales|f__Rhodomicrobiaceae|g__Rhodomicrobium|s__|ASV_10200",7.10097687831564,1.27246812308035,2.27863226858492,0.558435049228273,0.576547344876332,0.658911251287237,"","DESeq2"
"383","EsteroZacatecas - ColaDeBallena","k__Bacteria|p__Pseudomonadota|c__Gammaproteobacteria|o__Pseudomonadales|f__Halieaceae|g__|s__|ASV_10906",23.8075200227136,1.49497273157928,1.34581495828906,1.11083081843572,0.266641178331479,0.343818817916641,"","DESeq2"
"384","EsteroZacatecas - ColaDeBallena","k__Bacteria|p__Cyanobacteriota|c__Cyanobacteriia|o__Cyanobacteriales|f__Xenococcaceae|g__Pleurocapsa_PCC-7319|s__|ASV_7092",10.0087532968732,6.59424864308028,1.81692672062857,3.6293421018097,0.000284144472229873,0.00164687816557722,"**","DESeq2"
"385","EsteroZacatecas - ColaDeBallena","k__Bacteria|p__Pseudomonadota|c__Alphaproteobacteria|o__Sphingomonadales|f__Sphingomonadaceae|g__Altericroceibacterium|s__|ASV_2109",8.29263974310721,-6.2837788182574,2.11550132091111,-2.9703497493214,0.00297460875794165,0.0098517654490429,"**","DESeq2"
"386","EsteroZacatecas - ColaDeBallena","k__Bacteria|p__Chloroflexota|c__Anaerolineae|o__Anaerolineales|f__Anaerolineaceae|g__|s__|ASV_8957",31.0109668638729,-5.7774607023645,1.81383929255757,-3.18521090929622,0.00144648545403096,0.00572636046699113,"**","DESeq2"
"387","EsteroZacatecas - ColaDeBallena","k__Bacteria|p__Actinomycetota|c__Acidimicrobiia|o__Microtrichales|f__Ilumatobacteraceae|g__Ilumatobacter|s__|ASV_1622",18.3977200761047,-0.922723976396183,1.70154031463722,-0.542287460637049,0.587620492490393,0.66820508455364,"","DESeq2"
"388","EsteroZacatecas - ColaDeBallena","k__Bacteria|p__Pseudomonadota|c__Gammaproteobacteria|o__Pseudomonadales|f__Spongiibacteraceae|g__|s__|ASV_9864",12.2285171535344,-7.11304330242282,1.55410721653851,-4.5769321619044,4.7184438521619e-06,5.0094880523887e-05,"***","DESeq2"
"389","EsteroZacatecas - ColaDeBallena","k__Bacteria|p__Actinomycetota|c__Acidimicrobiia|o__Microtrichales|f__Ilumatobacteraceae|g__Ilumatobacter|s__|ASV_9994",13.5770896921987,-7.26370008000229,1.3630729261297,-5.32891523319064,9.88010929037513e-08,1.49650722051549e-06,"***","DESeq2"
"390","EsteroZacatecas - ColaDeBallena","k__Bacteria|p__Campylobacterota|c__Campylobacteria|o__Campylobacterales|f__Sulfurovaceae|g__Sulfurovum|s__|ASV_10544",9.19667679217361,-6.69878082089957,2.64052736196605,-2.53691020869099,0.0111835634469148,0.0277998426164009,"*","DESeq2"
"391","EsteroZacatecas - ColaDeBallena","k__Bacteria|p__Actinomycetota|c__Actinobacteria|o__Propionibacteriales|f__Nocardioidaceae|g__Nocardioides|s__|ASV_1509",12.3482808498226,-7.12550301591151,1.77670547118688,-4.01051447832348,6.05865848605809e-05,0.000444041034849161,"***","DESeq2"
"392","EsteroZacatecas - ColaDeBallena","k__Bacteria|p__Cyanobacteriota|c__Cyanobacteriia|o__Cyanobacteriales|f__Xenococcaceae|g__Pleurocapsa_PCC-7319|s__|ASV_2884",10.3390143623138,3.01567103578614,1.93478373419143,1.55866052752735,0.119076748927715,0.171012878358892,"","DESeq2"
"393","EsteroZacatecas - ColaDeBallena","k__Bacteria|p__Pseudomonadota|c__Alphaproteobacteria|o__Sphingomonadales|f__Sphingomonadaceae|g__|s__|ASV_9919",12.6488091703159,-2.72405828929063,1.53292939126637,-1.77702789496407,0.0755636503565105,0.122454075328097,"","DESeq2"
"394","EsteroZacatecas - ColaDeBallena","k__Bacteria|p__Cyanobacteriota|c__Cyanobacteriia|o__Cyanobacteriales|f__Nostocaceae|g__Calothrix_PCC-6303|s__|ASV_10882",27.8554879000098,8.0628146648246,1.84350777277363,4.37362661763762,1.22199314899941e-05,0.000111950340101882,"***","DESeq2"
"395","EsteroZacatecas - ColaDeBallena","k__Bacteria|p__Bacteroidota|c__Bacteroidia|o__Chitinophagales|f__Saprospiraceae|g__Lewinella|s__|ASV_4172",15.0456146488628,7.17395404886234,1.8508566792281,3.87601813223823,0.00010617977511123,0.000722276793571001,"***","DESeq2"
"396","EsteroZacatecas - ColaDeBallena","k__Bacteria|p__Bacteroidota|c__Bacteroidia|o__Flavobacteriales|f__Flavobacteriaceae|g__|s__|ASV_11518",4.2309426097046,5.34804454817052,2.94922382114417,1.81337357640618,0.0697742221566363,0.115208599374911,"","DESeq2"
"397","EsteroZacatecas - ColaDeBallena","k__Bacteria|p__Pseudomonadota|c__Gammaproteobacteria|o__Pseudomonadales|f__Cellvibrionaceae|g__|s__|ASV_13870",19.0256214501717,-2.07813365927654,1.31487489748547,-1.58048013788285,0.113996951991802,0.165895004493647,"","DESeq2"
"398","EsteroZacatecas - ColaDeBallena","k__Bacteria|p__Pseudomonadota|c__Gammaproteobacteria|o__Enterobacterales|f__Vibrionaceae|g__Vibrio|s__|ASV_5381",14.37177660569,-7.34285262497652,1.79376569452672,-4.09354055960688,4.24835720364048e-05,0.000328308420635074,"***","DESeq2"
"399","EsteroZacatecas - ColaDeBallena","k__Bacteria|p__Actinomycetota|c__Actinobacteria|o__Nitriliruptorales|f__Nitriliruptoraceae|g__|s__|ASV_13649",21.4123822146523,7.68274483325768,1.7419071105881,4.41053646693241,1.03114838244283e-05,9.8435677517232e-05,"***","DESeq2"
"400","EsteroZacatecas - ColaDeBallena","k__Bacteria|p__Pseudomonadota|c__Alphaproteobacteria|o__Rhodobacterales|f__Paracoccaceae|g__Actibacterium|s__|ASV_413",16.9821655911266,2.94547174259673,1.72506665903761,1.70745386977682,0.087737724975288,0.1374759387199,"","DESeq2"
"401","EsteroZacatecas - ColaDeBallena","k__Bacteria|p__Pseudomonadota|c__Alphaproteobacteria|o__|f__Neomegalonemataceae|g__Acuticoccus|s__|ASV_10139",10.6822492434333,-0.822901489485616,1.56538986770802,-0.525684691373706,0.599107301986519,0.675184419699093,"","DESeq2"
"402","EsteroZacatecas - ColaDeBallena","k__Bacteria|p__Pseudomonadota|c__Alphaproteobacteria|o__Sphingomonadales|f__Sphingomonadaceae|g__Sphingomicrobium|s__|ASV_8463",13.1298380379633,-7.21251571125299,2.02971397254934,-3.55346408843706,0.000380193101800426,0.00211715374335923,"**","DESeq2"
"403","EsteroZacatecas - ColaDeBallena","k__Bacteria|p__Planctomycetota|c__Planctomycetes|o__Pirellulales|f__Pirellulaceae|g__Pir4_lineage|s__|ASV_6003",23.7884959506247,-1.02094283919529,1.88878444375245,-0.540529038436479,0.588832240605194,0.668892529311062,"","DESeq2"
"404","EsteroZacatecas - ColaDeBallena","k__Bacteria|p__Thermodesulfobacteriota|c__Desulfobulbia|o__Desulfobulbales|f__Desulfocapsaceae|g__|s__|ASV_15238",8.39829219469305,6.33283129295973,1.90286214392098,3.3280557465453,0.000874543645621714,0.00391134480876483,"**","DESeq2"
"405","EsteroZacatecas - ColaDeBallena","k__Bacteria|p__Pseudomonadota|c__Alphaproteobacteria|o__Hyphomicrobiales|f__Rhizobiaceae|g__Pseudahrensia|s__|ASV_1110",7.15437663245591,6.10916201989564,2.64818005489424,2.30692849174095,0.0210588068707052,0.0447992595601518,"*","DESeq2"
"406","EsteroZacatecas - ColaDeBallena","k__Bacteria|p__Pseudomonadota|c__Alphaproteobacteria|o__Hyphomicrobiales|f__Rhizobiaceae|g__|s__|ASV_9753",7.45216615162885,6.16886359789608,2.31204888325372,2.66813718454547,0.00762731077352868,0.0202918619173971,"*","DESeq2"
"407","EsteroZacatecas - ColaDeBallena","k__Bacteria|p__Pseudomonadota|c__Gammaproteobacteria|o__Pseudomonadales|f__Marinomonadaceae|g__Marinomonas|s__|ASV_223",23.1929605742524,1.43287928438811,1.40846453790914,1.01733429974404,0.308994424965002,0.390019629733602,"","DESeq2"
"408","EsteroZacatecas - ColaDeBallena","k__Bacteria|p__Rhodothermota|c__Rhodothermia|o__Rhodothermales|f__Rhodothermaceae|g__|s__|ASV_4624",23.8050258407244,7.83756580198597,2.18049944183773,3.5943901895157,0.000325152244054162,0.00185614547359562,"**","DESeq2"
"409","EsteroZacatecas - ColaDeBallena","k__Bacteria|p__Bacteroidota|c__Bacteroidia|o__Flavobacteriales|f__Flavobacteriaceae|g__Hoppeia|s__|ASV_7724",7.36745398635229,-3.30641427757309,2.66377740436471,-1.24125021563566,0.214513329563408,0.287028436259165,"","DESeq2"
"410","EsteroZacatecas - ColaDeBallena","k__Bacteria|p__Cyanobacteriota|c__Cyanobacteriia|o__Cyanobacteriales|f__Xenococcaceae|g__|s__|ASV_11687",9.4826999229849,0.680999965647112,2.4678387124554,0.275949948515697,0.782586509351966,0.825054163016882,"","DESeq2"
"411","EsteroZacatecas - ColaDeBallena","k__Bacteria|p__Myxococcota|c__Polyangiia|o__Polyangiales|f__BIrii41|g__|s__|ASV_14712",12.4232517831935,-0.10770146071847,1.64329377100216,-0.0655399920689705,0.947744065700395,0.956160975697734,"","DESeq2"
"412","EsteroZacatecas - ColaDeBallena","k__Bacteria|p__Rhodothermota|c__Rhodothermia|o__Rhodothermales|f__Rhodothermaceae|g__|s__|ASV_7872",12.8297703238015,-7.17921186615176,2.05390148473851,-3.49540224762327,0.000473347802804069,0.00254845072978873,"**","DESeq2"
"413","EsteroZacatecas - ColaDeBallena","k__Bacteria|p__Chloroflexota|c__Anaerolineae|o__Anaerolineales|f__Anaerolineaceae|g__|s__|ASV_12486",19.657996179939,1.25367258686803,1.14463897481905,1.09525589679157,0.273404543329616,0.350946396861518,"","DESeq2"
"414","EsteroZacatecas - ColaDeBallena","k__Bacteria|p__Pseudomonadota|c__Gammaproteobacteria|o__Chromatiales|f__Chromatiaceae|g__Candidatus_Thiobios|s__|ASV_1550",19.8033250365796,7.56593096639911,1.37714251874469,5.49393462435226,3.93076052245631e-08,6.47151297610197e-07,"***","DESeq2"
"415","EsteroZacatecas - ColaDeBallena","k__Bacteria|p__Myxococcota|c__Polyangiia|o__Polyangiales|f__Sandaracinaceae|g__|s__|ASV_3531",23.0858433137507,-8.00659096101969,1.33114462781592,-6.01481671766693,1.80090340607945e-09,3.58916889351975e-08,"***","DESeq2"
"416","EsteroZacatecas - ColaDeBallena","k__Bacteria|p__Pseudomonadota|c__Alphaproteobacteria|o__Hyphomicrobiales|f__Rhizobiaceae|g__|s__|ASV_8289",15.8371201706275,1.44245139202248,2.12418180766996,0.679062115499764,0.497098505391322,0.582168971262414,"","DESeq2"
"417","EsteroZacatecas - ColaDeBallena","k__Bacteria|p__Pseudomonadota|c__Alphaproteobacteria|o__Sphingomonadales|f__Sphingomonadaceae|g__Sphingomicrobium|s__|ASV_1676",7.53426132100058,6.18070226872861,2.94731403818836,2.09706267762621,0.035988027311852,0.0695070126085167,"","DESeq2"
"418","EsteroZacatecas - ColaDeBallena","k__Bacteria|p__Pseudomonadota|c__Gammaproteobacteria|o__Pseudomonadales|f__Halieaceae|g__Pseudohaliea|s__|ASV_9004",20.2228331070728,7.59338158686979,1.25876262033135,6.03241744251267,1.61524868814346e-09,3.39800464764995e-08,"***","DESeq2"
"419","EsteroZacatecas - ColaDeBallena","k__Bacteria|p__Pseudomonadota|c__Alphaproteobacteria|o__Rhodobacterales|f__Paracoccaceae|g__Jannaschia|s__|ASV_11098",19.5980529477175,7.55537135536183,1.72080627311722,4.39059961216631,1.13038516356957e-05,0.000106125417009507,"***","DESeq2"
"420","EsteroZacatecas - ColaDeBallena","k__Bacteria|p__Pseudomonadota|c__Alphaproteobacteria|o__Sphingomonadales|f__Sphingomonadaceae|g__Parasphingopyxis|s__|ASV_5701",12.2685519787195,2.48284152239848,2.46830328355653,1.00588997265401,0.314468500308083,0.395610427851586,"","DESeq2"
"421","EsteroZacatecas - ColaDeBallena","k__Bacteria|p__Bacteroidota|c__Bacteroidia|o__Flavobacteriales|f__Flavobacteriaceae|g__Aquimarina|s__|ASV_15336",16.0310829111429,7.26554955000725,1.69874168794782,4.27701845522169,1.89413105438485e-05,0.000165517913675476,"***","DESeq2"
"422","EsteroZacatecas - ColaDeBallena","k__Bacteria|p__Bacteroidota|c__Bacteroidia|o__Chitinophagales|f__Saprospiraceae|g__|s__|ASV_12385",1.14549080693483,3.40522206181642,2.96141997441049,1.14986124603765,0.250201024780458,NA,NA,"DESeq2"
"423","EsteroZacatecas - ColaDeBallena","k__Bacteria|p__Cyanobacteriota|c__Cyanobacteriia|o__Synechococcales|f__Cyanobiaceae|g__|s__|ASV_13824",22.1048603982596,7.72598340919436,1.5504253839741,4.98313784658947,6.25613482280937e-07,8.16893006748442e-06,"***","DESeq2"
"424","EsteroZacatecas - ColaDeBallena","k__Bacteria|p__Planctomycetota|c__Phycisphaerae|o__Phycisphaerales|f__Phycisphaeraceae|g__Algisphaera|s__|ASV_11725",14.1851720325568,7.08962658502186,1.52246737266778,4.65666897846151,3.21366526056046e-06,3.61611281560263e-05,"***","DESeq2"
"425","EsteroZacatecas - ColaDeBallena","k__Bacteria|p__Pseudomonadota|c__Alphaproteobacteria|o__Rhodobacterales|f__Paracoccaceae|g__|s__|ASV_13252",5.45995713018132,5.7056363400923,2.94826873698499,1.93524975132596,0.0529596552572088,0.0926997971836506,"","DESeq2"
"426","EsteroZacatecas - ColaDeBallena","k__Bacteria|p__Pseudomonadota|c__Gammaproteobacteria|o__Pseudomonadales|f__Halieaceae|g__Haliea|s__|ASV_5047",19.7972904645174,0.99516967941452,1.20661957584113,0.824758440306917,0.409508745794406,0.496585282210598,"","DESeq2"
"427","EsteroZacatecas - ColaDeBallena","k__Bacteria|p__Pseudomonadota|c__Alphaproteobacteria|o__Rhodobacterales|f__Paracoccaceae|g__|s__|ASV_9805",21.4587528614346,-5.75005461719681,1.55958025586691,-3.68692447571451,0.000226980684761199,0.0013852026132666,"**","DESeq2"
"428","EsteroZacatecas - ColaDeBallena","k__Bacteria|p__Pseudomonadota|c__Gammaproteobacteria|o__Enterobacterales|f__Vibrionaceae|g__Vibrio|s__|ASV_10429",2.10798750977766,4.35082852976206,2.95353208565886,1.47309336874581,0.140725861267185,NA,NA,"DESeq2"
"429","EsteroZacatecas - ColaDeBallena","k__Bacteria|p__Rhodothermota|c__Rhodothermia|o__Rhodothermales|f__Rhodothermaceae|g__Rubrivirga|s__|ASV_15014",7.73630806269269,5.97564351966091,2.40934991215143,2.48018915373108,0.0131312702297258,0.0309483879273207,"*","DESeq2"
"430","EsteroZacatecas - ColaDeBallena","k__Bacteria|p__Bacteroidota|c__Bacteroidia|o__Flavobacteriales|f__Flavobacteriaceae|g__|s__|ASV_8065",0.593287512596558,-1.55907526166211,2.97473062078638,-0.524106368075089,0.600204559606031,NA,NA,"DESeq2"
"431","EsteroZacatecas - ColaDeBallena","k__Bacteria|p__Pseudomonadota|c__Alphaproteobacteria|o__Rhodobacterales|f__Paracoccaceae|g__|s__|ASV_594",10.1253024529737,-0.804301503845496,1.70801813219943,-0.470897520748091,0.637713918597344,0.710238246594689,"","DESeq2"
"432","EsteroZacatecas - ColaDeBallena","k__Bacteria|p__Pseudomonadota|c__Gammaproteobacteria|o__Steroidobacterales|f__Woeseiaceae|g__Woeseia|s__|ASV_3051",17.0326512987304,3.05425599761566,1.59821594341185,1.9110408766762,0.0559993280562271,0.0968268442494278,"","DESeq2"
"433","EsteroZacatecas - ColaDeBallena","k__Bacteria|p__Verrucomicrobiota|c__Verrucomicrobiia|o__Verrucomicrobiales|f__Rubritaleaceae|g__Haloferula|s__|ASV_2015",27.5875156139333,8.04870822117834,1.99448436522172,4.03548323643219,5.44900302753191e-05,0.000409938241011672,"***","DESeq2"
"434","EsteroZacatecas - ColaDeBallena","k__Bacteria|p__Actinomycetota|c__Acidimicrobiia|o__Microtrichales|f__Ilumatobacteraceae|g__Ilumatobacter|s__|ASV_6733",6.5871244965381,-0.35232116777459,2.74777705897539,-0.128220434268406,0.897974529336842,0.916531055998789,"","DESeq2"
"435","EsteroZacatecas - ColaDeBallena","k__Bacteria|p__Rhodothermota|c__Rhodothermia|o__Rhodothermales|f__Rhodothermaceae|g__|s__|ASV_13486",2.71371454870356,4.71349641918654,2.9516182463773,1.59691939327578,0.110283676269538,0.161373449018079,"","DESeq2"
"436","EsteroZacatecas - ColaDeBallena","k__Bacteria|p__Bacteroidota|c__Bacteroidia|o__Chitinophagales|f__Saprospiraceae|g__Lewinella|s__|ASV_2127",1.11598183925184,3.4465125149729,2.9609607731213,1.16398452362466,0.244430283703504,NA,NA,"DESeq2"
"437","EsteroZacatecas - ColaDeBallena","k__Bacteria|p__Rhodothermota|c__Rhodothermia|o__Rhodothermales|f__Rhodothermaceae|g__Rubrivirga|s__|ASV_6541",9.43876310372671,-0.620275870686334,1.86886655957448,-0.331899496787809,0.739965150379973,0.792512894335845,"","DESeq2"
"438","EsteroZacatecas - ColaDeBallena","k__Bacteria|p__Pseudomonadota|c__Alphaproteobacteria|o__Sphingomonadales|f__Sphingomonadaceae|g__Sphingomicrobium|s__|ASV_13364",7.52711379072808,6.17903163647086,2.94731687772885,2.09649382567656,0.0360384070655073,0.0695070126085167,"","DESeq2"
"439","EsteroZacatecas - ColaDeBallena","k__Bacteria|p__Rhodothermota|c__Rhodothermia|o__Rhodothermales|f__Rhodothermaceae|g__|s__|ASV_12149",10.8400640386368,2.22693340543222,2.04876998780277,1.08696116142375,0.277053974467795,0.354429408778621,"","DESeq2"
"440","EsteroZacatecas - ColaDeBallena","k__Bacteria|p__Bacteroidota|c__Bacteroidia|o__Flavobacteriales|f__Flavobacteriaceae|g__Aquimarina|s__|ASV_592",5.7217233967579,5.78515944455676,2.09369039582445,2.76313988739423,0.00572482252483166,0.0162338026850308,"*","DESeq2"
"441","EsteroZacatecas - ColaDeBallena","k__Bacteria|p__Pseudomonadota|c__Alphaproteobacteria|o__Sphingomonadales|f__Sphingomonadaceae|g__Aurantiacibacter|s__|ASV_726",12.2047550467149,6.87689071279997,2.36494355151793,2.90784560518837,0.00363927964944143,0.011452137622619,"*","DESeq2"
"442","EsteroZacatecas - ColaDeBallena","k__Bacteria|p__Bacteroidota|c__Bacteroidia|o__Flavobacteriales|f__Flavobacteriaceae|g__Marinirhabdus|s__|ASV_6484",15.1628448502761,5.6599445920505,1.8803446815632,3.0100569579324,0.00261198702698889,0.00912732863046423,"**","DESeq2"
"443","EsteroZacatecas - ColaDeBallena","k__Bacteria|p__Pseudomonadota|c__Alphaproteobacteria|o__Rhodobacterales|f__Paracoccaceae|g__Limibaculum|s__|ASV_11145",20.1390716267746,-4.36047064765781,1.81344605203333,-2.40452184544924,0.0161936383262009,0.0359004223361372,"*","DESeq2"
"444","EsteroZacatecas - ColaDeBallena","k__Bacteria|p__Bacteroidota|c__Bacteroidia|o__Cytophagales|f__Mooreiaceae|g__Mooreia|s__|ASV_10577",9.38605964878053,6.4998237184537,1.11109721403747,5.84991451363183,4.91825723319022e-09,9.01151647887757e-08,"***","DESeq2"
"445","EsteroZacatecas - ColaDeBallena","k__Bacteria|p__Actinomycetota|c__Thermoleophilia|o__Solirubrobacterales|f__67-14|g__|s__|ASV_11059",9.82192420364504,-0.940782861317523,1.09374942394404,-0.860144783368274,0.38970923759604,0.476031928934517,"","DESeq2"
"446","EsteroZacatecas - ColaDeBallena","k__Bacteria|p__Pseudomonadota|c__Alphaproteobacteria|o__Rhodobacterales|f__Paracoccaceae|g__|s__|ASV_1444",15.1370198909584,7.18314718157643,1.67034767701501,4.30039043991909,1.70497448304855e-05,0.000152507953759304,"***","DESeq2"
"447","EsteroZacatecas - ColaDeBallena","k__Bacteria|p__Pseudomonadota|c__Alphaproteobacteria|o__Sphingomonadales|f__Sphingomonadaceae|g__Croceibacterium|s__|ASV_13774",17.4854139456994,-2.08756080429959,1.06575569107095,-1.95876111362995,0.0501407695875261,0.0887016347608221,"","DESeq2"
"448","EsteroZacatecas - ColaDeBallena","k__Bacteria|p__Pseudomonadota|c__Alphaproteobacteria|o__Sphingomonadales|f__Sphingomonadaceae|g__|s__|ASV_13045",12.5540180255965,-3.23666170716079,2.39081832896902,-1.35378822721194,0.175803950680101,0.240967182987188,"","DESeq2"
"449","EsteroZacatecas - ColaDeBallena","k__Bacteria|p__Thermodesulfobacteriota|c__Desulfobacteria|o__Desulfobacterales|f__Desulfosarcinaceae|g__Desulfosarcina|s__|ASV_12268",23.7923293104153,-8.06255619777191,2.37125899607607,-3.40011622986512,0.000673572146609623,0.0033230633123107,"**","DESeq2"
"450","EsteroZacatecas - ColaDeBallena","k__Bacteria|p__Actinomycetota|c__Thermoleophilia|o__Solirubrobacterales|f__Solirubrobacteraceae|g__Patulibacter|s__|ASV_1623",0.348561881427357,1.96381364746103,2.97884194681217,0.65925405997543,0.509732637459446,NA,NA,"DESeq2"
"451","EsteroZacatecas - ColaDeBallena","k__Bacteria|p__Bacteroidota|c__Bacteroidia|o__Chitinophagales|f__Saprospiraceae|g__|s__|ASV_3563",7.68909497256983,6.20923480870875,2.70342582262225,2.29680235971334,0.0216300468980575,0.0458427859630472,"*","DESeq2"
"452","EsteroZacatecas - ColaDeBallena","k__Bacteria|p__Pseudomonadota|c__Alphaproteobacteria|o__Hyphomicrobiales|f__Rhizobiaceae|g__Oricola|s__|ASV_11065",13.8630754794703,0.555352267162332,1.59189750368543,0.348861824254781,0.727193046545857,0.783767837643353,"","DESeq2"
"453","EsteroZacatecas - ColaDeBallena","k__Bacteria|p__Bacteroidota|c__Bacteroidia|o__Flavobacteriales|f__Flavobacteriaceae|g__Pricia|s__|ASV_6575",3.23859624583117,4.96754906071068,2.95053341877611,1.6836105055103,0.0922569670942468,0.141818558347854,"","DESeq2"
"454","EsteroZacatecas - ColaDeBallena","k__Bacteria|p__Campylobacterota|c__Campylobacteria|o__Campylobacterales|f__Sulfurovaceae|g__Sulfurovum|s__|ASV_14893",7.24398979998451,-6.3565163959804,2.09142663971536,-3.03932075611579,0.00237112253183157,0.00844387208827793,"**","DESeq2"
"455","EsteroZacatecas - ColaDeBallena","k__Bacteria|p__Gemmatimonadota|c__Longimicrobiia|o__Longimicrobiales|f__Longimicrobiaceae|g__|s__|ASV_5611",9.25428277800119,0.685206573243202,1.57768734424394,0.434310749682516,0.664062798773843,0.731692860724623,"","DESeq2"
"456","EsteroZacatecas - ColaDeBallena","k__Bacteria|p__Bacteroidota|c__Bacteroidia|o__Chitinophagales|f__Saprospiraceae|g__Lewinella|s__|ASV_10138",2.75532815315464,4.72982913546145,2.95154269741574,1.60249388890857,0.109046437817749,0.16025453216166,"","DESeq2"
"457","EsteroZacatecas - ColaDeBallena","k__Bacteria|p__Pseudomonadota|c__Gammaproteobacteria|o__Pseudomonadales|f__Marinobacteraceae|g__Marinobacter|s__|ASV_13782",11.0291821432834,-6.96371528687312,1.58860845591784,-4.38353154984924,1.16770728646799e-05,0.000107846786782735,"***","DESeq2"
"458","EsteroZacatecas - ColaDeBallena","k__Bacteria|p__Actinomycetota|c__Actinobacteria|o__Nitriliruptorales|f__Nitriliruptoraceae|g__|s__|ASV_7511",0.71492586577071,2.84725415749866,2.96758770879845,0.959450717853083,0.337331735307339,NA,NA,"DESeq2"
"459","EsteroZacatecas - ColaDeBallena","k__Bacteria|p__Actinomycetota|c__Acidimicrobiia|o__Microtrichales|f__Ilumatobacteraceae|g__Ilumatobacter|s__|ASV_8301",10.2710134916509,-6.85868252830418,2.32071391747989,-2.95541922537017,0.00312244447505606,0.0102200783328542,"*","DESeq2"
"460","EsteroZacatecas - ColaDeBallena","k__Bacteria|p__Bacteroidota|c__Bacteroidia|o__Cytophagales|f__Cyclobacteriaceae|g__Marinoscillum|s__|ASV_5991",13.0506892286804,-7.20356741454542,1.83947032692444,-3.91610960454559,8.99893487737106e-05,0.000624506032437008,"***","DESeq2"
"461","EsteroZacatecas - ColaDeBallena","k__Bacteria|p__Pseudomonadota|c__Alphaproteobacteria|o__Hyphomicrobiales|f__Methyloligellaceae|g__Methyloceanibacter|s__|ASV_15691",13.6415621469109,-1.28288733173813,1.27645291519138,-1.00504085694832,0.314877176754822,0.395686363709599,"","DESeq2"
"462","EsteroZacatecas - ColaDeBallena","k__Bacteria|p__Bacteroidota|c__Bacteroidia|o__Flavobacteriales|f__Flavobacteriaceae|g__Euzebyella|s__|ASV_6004",8.45327358660866,-22.8809755347928,2.94732202923854,-7.76331032299998,8.27408288996205e-15,3.03205102032158e-13,"***","DESeq2"
"463","EsteroZacatecas - ColaDeBallena","k__Bacteria|p__Bacteroidota|c__Bacteroidia|o__Flavobacteriales|f__Flavobacteriaceae|g__Muricauda|s__|ASV_12437",5.23230852811547,5.65444888207701,2.75328177458888,2.05371238580233,0.0400035370609745,0.0756140068240716,"","DESeq2"
"464","EsteroZacatecas - ColaDeBallena","k__Bacteria|p__Pseudomonadota|c__Gammaproteobacteria|o__Pseudomonadales|f__Spongiibacteraceae|g__|s__|ASV_529",9.23391381711665,0.884990230118806,1.48467076097688,0.59608517482792,0.551118327522792,0.63560448737654,"","DESeq2"
"465","EsteroZacatecas - ColaDeBallena","k__Bacteria|p__Thermodesulfobacteriota|c__Desulfobacteria|o__Desulfobacterales|f__Desulfosarcinaceae|g__SEEP-SRB1|s__|ASV_1671",17.0133219474944,7.34349196388019,1.32326211932938,5.5495369032417,2.86427288873873e-08,4.78502059059883e-07,"***","DESeq2"
"466","EsteroZacatecas - ColaDeBallena","k__Bacteria|p__Cyanobacteriota|c__Cyanobacteriia|o__Cyanobacteriales|f__Xenococcaceae|g__Chroococcidiopsis_PCC-6712|s__|ASV_986",8.92192009061769,1.1542554435314,2.02139315725579,0.571019763962393,0.567986245683923,0.651092204941409,"","DESeq2"
"467","EsteroZacatecas - ColaDeBallena","k__Bacteria|p__Pseudomonadota|c__Alphaproteobacteria|o__Tistrellales|f__Geminicoccaceae|g__|s__|ASV_4042",13.4176503410549,1.68987300494898,1.15799551743929,1.45930876199404,0.144480144880235,0.202129857862004,"","DESeq2"
"468","EsteroZacatecas - ColaDeBallena","k__Bacteria|p__Bacteroidota|c__Bacteroidia|o__Cytophagales|f__Cyclobacteriaceae|g__|s__|ASV_9163",10.8689669372299,6.70807942505005,2.34723395980631,2.85786570061536,0.00426500860750424,0.0131658961362088,"*","DESeq2"
"469","EsteroZacatecas - ColaDeBallena","k__Bacteria|p__Bacteroidota|c__Bacteroidia|o__Flavobacteriales|f__Flavobacteriaceae|g__Gramella|s__|ASV_7179",11.7940952660007,-7.05837647292274,1.79011542869153,-3.9429728160502,8.04777804112077e-05,0.000571392240919575,"***","DESeq2"
"470","EsteroZacatecas - ColaDeBallena","k__Bacteria|p__Bacteroidota|c__Bacteroidia|o__Flavobacteriales|f__Flavobacteriaceae|g__Mesoflavibacter|s__|ASV_6111",16.091454503614,7.27234941203788,1.9098896194843,3.80773283327312,0.000140246671401059,0.000913981663145955,"***","DESeq2"
"471","EsteroZacatecas - ColaDeBallena","k__Bacteria|p__Acidobacteriota|c__Thermoanaerobaculia|o__Thermoanaerobaculales|f__Thermoanaerobaculaceae|g__Subgroup_10|s__|ASV_10386",3.96012041122014,-5.48522665560982,2.95008609526012,-1.85934460164498,0.0629783087714079,0.106463331494523,"","DESeq2"
"472","EsteroZacatecas - ColaDeBallena","k__Bacteria|p__Cyanobacteriota|c__Cyanobacteriia|o__Cyanobacteriales|f__Nostocaceae|g__Rivularia_PCC-7116|s__|ASV_4054",10.3871677931598,6.64565394338579,1.81354539815311,3.66445414057659,0.000247866644775018,0.00147422255740534,"**","DESeq2"
"473","EsteroZacatecas - ColaDeBallena","k__Bacteria|p__Cyanobacteriota|c__Cyanobacteriia|o__Cyanobacteriales|f__Xenococcaceae|g__Pleurocapsa_PCC-7319|s__|ASV_6690",12.1500960176385,6.8665079269531,1.27546573426119,5.38352990794418,7.30391048571351e-08,1.16862567771416e-06,"***","DESeq2"
"474","EsteroZacatecas - ColaDeBallena","k__Bacteria|p__Myxococcota|c__Polyangiia|o__Polyangiales|f__Sandaracinaceae|g__|s__|ASV_7463",17.1152175594594,0.230044717218425,1.30517820344041,0.176255408351161,0.860093292505815,0.885023532868302,"","DESeq2"
"475","EsteroZacatecas - ColaDeBallena","k__Bacteria|p__Bacteroidota|c__Bacteroidia|o__Cytophagales|f__Cyclobacteriaceae|g__Fulvivirga|s__|ASV_2867",8.3031295594489,6.32336099781746,2.03873726784392,3.10160661579742,0.00192473548170273,0.00709902437407239,"**","DESeq2"
"476","EsteroZacatecas - ColaDeBallena","k__Bacteria|p__Bacteroidota|c__Bacteroidia|o__Cytophagales|f__Cyclobacteriaceae|g__Tunicatimonas|s__|ASV_15128",9.71288327926156,-6.77762984911874,2.62377187412796,-2.58316278025175,0.00978991202002113,0.0249917754039191,"*","DESeq2"
"477","EsteroZacatecas - ColaDeBallena","k__Bacteria|p__Pseudomonadota|c__Alphaproteobacteria|o__Rhodobacterales|f__Paracoccaceae|g__Halodurantibacterium|s__|ASV_2265",17.0466258209179,5.55484279184047,1.27880550005512,4.34377455492727,1.40055246115454e-05,0.000126272031418378,"***","DESeq2"
"478","EsteroZacatecas - ColaDeBallena","k__Bacteria|p__Pseudomonadota|c__Alphaproteobacteria|o__Sphingomonadales|f__Sphingomonadaceae|g__Qipengyuania|s__|ASV_6837",13.9756280386098,7.07013443808888,2.35069461907601,3.00767882851068,0.00263251189133321,0.00914536241148174,"**","DESeq2"
"479","EsteroZacatecas - ColaDeBallena","k__Bacteria|p__Bacteroidota|c__Bacteroidia|o__Flavobacteriales|f__Flavobacteriaceae|g__Nonlabens|s__|ASV_11613",2.05166435509666,4.30563446384074,2.95380541803829,1.45765676965284,0.144935173403016,NA,NA,"DESeq2"
"480","EsteroZacatecas - ColaDeBallena","k__Bacteria|p__Thermodesulfobacteriota|c__Desulfobacteria|o__Desulfobacterales|f__Desulfosarcinaceae|g__Sva0081_sediment_group|s__|ASV_4065",25.0727737689768,1.33368310278761,1.5667404780199,0.851246981550617,0.394632169664202,0.480495331981279,"","DESeq2"
"481","EsteroZacatecas - ColaDeBallena","k__Bacteria|p__Actinomycetota|c__Acidimicrobiia|o__Microtrichales|f__Microtrichaceae|g__|s__|ASV_11033",5.35740904749897,-0.0553783918282341,1.87757348342144,-0.0294946601649485,0.97647007766146,0.978192247110598,"","DESeq2"
"482","EsteroZacatecas - ColaDeBallena","k__Bacteria|p__Pseudomonadota|c__Alphaproteobacteria|o__Hyphomicrobiales|f__KF-JG30-B3|g__|s__|ASV_1895",12.1982948940132,-7.10579890263683,2.08088346733503,-3.41479905731443,0.000638290812306313,0.00322712756183365,"**","DESeq2"
"483","EsteroZacatecas - ColaDeBallena","k__Bacteria|p__Pseudomonadota|c__Alphaproteobacteria|o__Sphingomonadales|f__Sphingomonadaceae|g__Croceibacterium|s__|ASV_12254",12.3286803084663,2.2282001154587,1.36115487128999,1.63699235293262,0.101632067406325,0.152515229291394,"","DESeq2"
"484","EsteroZacatecas - ColaDeBallena","k__Bacteria|p__Pseudomonadota|c__Alphaproteobacteria|o__Sphingomonadales|f__Sphingomonadaceae|g__|s__|ASV_9967",13.9517483789601,1.98088200125498,2.09869881517106,0.943861971491859,0.345240187296598,0.428330335943139,"","DESeq2"
"485","EsteroZacatecas - ColaDeBallena","k__Bacteria|p__Cyanobacteriota|c__Cyanobacteriia|o__Cyanobacteriales|f__Nostocaceae|g__|s__|ASV_11192",7.93495486180803,6.25772189996691,2.34712701425425,2.66611984011235,0.00767323348150249,0.0203188653496197,"*","DESeq2"
"486","EsteroZacatecas - ColaDeBallena","k__Bacteria|p__Actinomycetota|c__Actinobacteria|o__Propionibacteriales|f__Nocardioidaceae|g__Nocardioides|s__|ASV_15504",10.9374723343099,-6.95284751011291,1.36950190202637,-5.07691701619779,3.83608310106236e-07,5.31437854000834e-06,"***","DESeq2"
"487","EsteroZacatecas - ColaDeBallena","k__Bacteria|p__Pseudomonadota|c__Gammaproteobacteria|o__Enterobacterales|f__Alteromonadaceae|g__Aestuariibacter|s__|ASV_1570",7.68170893644185,6.20593669308551,2.94727154309132,2.10565487514471,0.0352343422387222,0.0684208765524588,"","DESeq2"
"488","EsteroZacatecas - ColaDeBallena","k__Bacteria|p__Bacteroidota|c__Bacteroidia|o__Bacteroidales|f__Bacteroidetes_BD2-2|g__|s__|ASV_6489",18.365014468999,-3.59816502290138,1.72237392074758,-2.08907309821529,0.0367011435584798,0.070426518720326,"","DESeq2"
"489","EsteroZacatecas - ColaDeBallena","k__Bacteria|p__Bacteroidota|c__Bacteroidia|o__Cytophagales|f__Cyclobacteriaceae|g__|s__|ASV_7443",20.2968022033483,-4.92404481332891,1.51057985779966,-3.25970506484931,0.00111528123929847,0.00460712541033842,"**","DESeq2"
"490","EsteroZacatecas - ColaDeBallena","k__Bacteria|p__Chloroflexota|c__Anaerolineae|o__Caldilineales|f__Caldilineaceae|g__|s__|ASV_1530",9.50950748273359,6.51518360571058,2.35176702882646,2.77033546514242,0.00559985845756697,0.0160237763420556,"*","DESeq2"
"491","EsteroZacatecas - ColaDeBallena","k__Bacteria|p__Pseudomonadota|c__Alphaproteobacteria|o__Rhodobacterales|f__Paracoccaceae|g__Limibaculum|s__|ASV_10749",5.97887367118655,5.84633644506507,2.94795277709309,1.98318524316052,0.0473467416219349,0.0856463351632452,"","DESeq2"
"492","EsteroZacatecas - ColaDeBallena","k__Bacteria|p__Cyanobacteriota|c__Cyanobacteriia|o__Synechococcales|f__Cyanobiaceae|g__Synechococcus_MBIC10613|s__|ASV_3584",16.2371815116937,7.28208950909473,1.54487179724485,4.71371768329368,2.43237610754184e-06,2.84863841048199e-05,"***","DESeq2"
"493","EsteroZacatecas - ColaDeBallena","k__Bacteria|p__Bacteroidota|c__Bacteroidia|o__Chitinophagales|f__Saprospiraceae|g__|s__|ASV_13177",6.52995836294773,4.96464299580324,1.80426613344552,2.75161346975044,0.00593024711169168,0.0166751502942617,"*","DESeq2"
"494","EsteroZacatecas - ColaDeBallena","k__Bacteria|p__Pseudomonadota|c__Gammaproteobacteria|o__Steroidobacterales|f__Woeseiaceae|g__Woeseia|s__|ASV_15181",14.4422908975158,7.11779398805228,2.66941583717262,2.6664238253682,0.00766629775971298,0.0203188653496197,"*","DESeq2"
"495","EsteroZacatecas - ColaDeBallena","k__Bacteria|p__Bacteroidota|c__Bacteroidia|o__Flavobacteriales|f__Flavobacteriaceae|g__|s__|ASV_12253",6.66892098214794,6.0040993178689,2.94763305279752,2.03692223907266,0.041657835134869,0.0774522106599201,"","DESeq2"
"496","EsteroZacatecas - ColaDeBallena","k__Bacteria|p__Planctomycetota|c__Planctomycetes|o__Planctomycetales|f__Rubinisphaeraceae|g__Planctomicrobium|s__|ASV_5395",10.0222187594581,1.47959843321284,2.04336636117775,0.724098458956734,0.469005290621176,0.554989593901725,"","DESeq2"
"497","EsteroZacatecas - ColaDeBallena","k__Bacteria|p__Planctomycetota|c__Phycisphaerae|o__Phycisphaerales|f__Phycisphaeraceae|g__Algisphaera|s__|ASV_298",13.9914297507632,7.07179279802061,2.12260346713935,3.33165987312332,0.000863296972862976,0.00391134480876483,"**","DESeq2"
"498","EsteroZacatecas - ColaDeBallena","k__Bacteria|p__Pseudomonadota|c__Alphaproteobacteria|o__Sphingomonadales|f__Sphingomonadaceae|g__Sphingomicrobium|s__|ASV_2882",9.96464241089994,-1.00538565220321,1.74477169977804,-0.576227624697896,0.564461335409662,0.648360037437185,"","DESeq2"
"499","EsteroZacatecas - ColaDeBallena","k__Bacteria|p__Bacteroidota|c__Bacteroidia|o__Bacteroidales|f__Prolixibacteraceae|g__Draconibacterium|s__|ASV_11583",18.1034322786376,-7.6560295547733,1.40090064439628,-5.46507676001009,4.62706533869805e-08,7.50906603537283e-07,"***","DESeq2"
"500","EsteroZacatecas - ColaDeBallena","k__Bacteria|p__Chloroflexota|c__Anaerolineae|o__Aggregatilineales|f__A4b|g__|s__|ASV_6080",20.3524740404661,1.82997715585789,1.39931411777927,1.30776723582414,0.190952270335523,0.259475812321954,"","DESeq2"
"501","EsteroZacatecas - ColaDeBallena","k__Bacteria|p__Chloroflexota|c__Anaerolineae|o__Caldilineales|f__Caldilineaceae|g__|s__|ASV_15048",12.5916450512812,-1.28124567466457,1.94004456323301,-0.660420744423223,0.508983863523853,0.593031455346766,"","DESeq2"
"502","EsteroZacatecas - ColaDeBallena","k__Bacteria|p__Bacteroidota|c__Bacteroidia|o__Chitinophagales|f__Saprospiraceae|g__Aureispira|s__|ASV_6811",9.2025289193546,5.72937087105365,1.82866526598393,3.13308891333423,0.00172977034279593,0.00652830268909029,"**","DESeq2"
"503","EsteroZacatecas - ColaDeBallena","k__Bacteria|p__Bacteroidota|c__Bacteroidia|o__Chitinophagales|f__Saprospiraceae|g__Lewinella|s__|ASV_2218",3.38580991888534,-1.63636200728562,2.21010285231574,-0.740400839522487,0.459056809573502,0.546061293901046,"","DESeq2"
"504","EsteroZacatecas - ColaDeBallena","k__Bacteria|p__Bacteroidota|c__Bacteroidia|o__Flavobacteriales|f__Flavobacteriaceae|g__|s__|ASV_3483",6.7041579528263,-22.5739360076628,2.94796041101523,-7.65747596993295,1.89622813464033e-14,5.98365322486503e-13,"***","DESeq2"
"505","EsteroZacatecas - ColaDeBallena","k__Bacteria|p__Bacteroidota|c__Bacteroidia|o__Cytophagales|f__Cyclobacteriaceae|g__|s__|ASV_3907",3.62728781193407,-0.799571878817414,2.90879101053782,-0.274881170878473,0.783407533578361,0.825054163016882,"","DESeq2"
"506","EsteroZacatecas - ColaDeBallena","k__Bacteria|p__Pseudomonadota|c__Alphaproteobacteria|o__Rhodobacterales|f__Paracoccaceae|g__|s__|ASV_7108",10.6537096258886,-6.91228684866302,1.78678777477603,-3.86855503840094,0.000109482225570061,0.000735927859453191,"***","DESeq2"
"507","EsteroZacatecas - ColaDeBallena","k__Bacteria|p__Bacteroidota|c__Bacteroidia|o__Flavobacteriales|f__Flavobacteriaceae|g__Robiginitalea|s__|ASV_10959",26.4281601107829,23.3146693991201,2.42233873456748,9.62485925953006,6.27928254212037e-22,5.48712689834519e-20,"***","DESeq2"
"508","EsteroZacatecas - ColaDeBallena","k__Bacteria|p__Pseudomonadota|c__Alphaproteobacteria|o__Rhodobacterales|f__Paracoccaceae|g__Maribius|s__|ASV_8056",10.5631783397455,-6.89855992326648,2.32015371656707,-2.97332020460855,0.00294596944143129,0.00984074730521865,"**","DESeq2"
"509","EsteroZacatecas - ColaDeBallena","k__Bacteria|p__Pseudomonadota|c__Alphaproteobacteria|o__Rhodobacterales|f__Paracoccaceae|g__Palleronia-Pseudomaribius|s__|ASV_4152",7.62175460651363,0.220613606133913,2.22588123787941,0.0991129276708809,0.921048607832267,0.936715504473998,"","DESeq2"
"510","EsteroZacatecas - ColaDeBallena","k__Bacteria|p__Planctomycetota|c__Planctomycetes|o__Pirellulales|f__Pirellulaceae|g__Pir4_lineage|s__|ASV_4116",5.98644365361521,-1.28559692554517,2.47157908882848,-0.520152048282033,0.602957603907974,0.677231090002279,"","DESeq2"
"511","EsteroZacatecas - ColaDeBallena","k__Bacteria|p__Pseudomonadota|c__Alphaproteobacteria|o__|f__Neomegalonemataceae|g__Acuticoccus|s__|ASV_1871",9.35123322561442,-1.69408892106156,1.41266215471731,-1.19921731845401,0.230443454888324,0.304399726457135,"","DESeq2"
"512","EsteroZacatecas - ColaDeBallena","k__Bacteria|p__Actinomycetota|c__Actinobacteria|o__Euzebyales|f__Euzebyaceae|g__Euzebya|s__|ASV_13638",9.79349887616238,-2.61864111441162,1.48339139865086,-1.76530692896916,0.0775121956346742,0.124722173145878,"","DESeq2"
"513","EsteroZacatecas - ColaDeBallena","k__Bacteria|p__Bacteroidota|c__Bacteroidia|o__Flavobacteriales|f__Flavobacteriaceae|g__Flavimarina|s__|ASV_7837",11.4818076403843,6.78625664073167,1.86860457452894,3.63172430017327,0.000281533807464487,0.00164687816557722,"**","DESeq2"
"514","EsteroZacatecas - ColaDeBallena","k__Bacteria|p__Pseudomonadota|c__Alphaproteobacteria|o__Rhodobacterales|f__Paracoccaceae|g__Palleronia-Pseudomaribius|s__|ASV_9563",9.06653233188894,-3.32811791333548,2.1137738660044,-1.57449099303442,0.115373982198477,0.166824631907665,"","DESeq2"
"515","EsteroZacatecas - ColaDeBallena","k__Bacteria|p__Verrucomicrobiota|c__Verrucomicrobiia|o__Verrucomicrobiales|f__Rubritaleaceae|g__Roseibacillus|s__|ASV_2816",1.55126038665863,3.91137909353387,2.9565813453782,1.32293978640169,0.185855402845246,NA,NA,"DESeq2"
"516","EsteroZacatecas - ColaDeBallena","k__Bacteria|p__Bacteroidota|c__Bacteroidia|o__Cytophagales|f__Cyclobacteriaceae|g__Marinoscillum|s__|ASV_9611",16.1218970989438,0.583964856492564,1.20114272881007,0.486174409157085,0.626843513804703,0.700355004874656,"","DESeq2"
"517","EsteroZacatecas - ColaDeBallena","k__Bacteria|p__Pseudomonadota|c__Alphaproteobacteria|o__Sphingomonadales|f__Sphingomonadaceae|g__|s__|ASV_2217",9.35736378785136,-1.94554956890853,1.53094607980735,-1.27081521326561,0.203794395226316,0.274301460873336,"","DESeq2"
"518","EsteroZacatecas - ColaDeBallena","k__Bacteria|p__Bacteroidota|c__Bacteroidia|o__Chitinophagales|f__Saprospiraceae|g__Lewinella|s__|ASV_11109",10.4978090787125,6.6585397248052,1.87325102003538,3.55453682052683,0.000378645488995426,0.00211715374335923,"**","DESeq2"
"519","EsteroZacatecas - ColaDeBallena","k__Bacteria|p__Planctomycetota|c__Planctomycetes|o__Pirellulales|f__Pirellulaceae|g__|s__|ASV_6161",21.6707421316523,0.0897191643829105,1.78811309646885,0.0501753298267807,0.959982670731508,0.965934733348976,"","DESeq2"
"520","EsteroZacatecas - ColaDeBallena","k__Bacteria|p__Pseudomonadota|c__Alphaproteobacteria|o__Rhodobacterales|f__Paracoccaceae|g__Limibaculum|s__|ASV_5904",9.80412756502316,-2.81459972026235,1.47999508459219,-1.90176288392059,0.0572021606342612,0.0984705534370432,"","DESeq2"
"521","EsteroZacatecas - ColaDeBallena","k__Bacteria|p__Pseudomonadota|c__Alphaproteobacteria|o__Rhodobacterales|f__Paracoccaceae|g__|s__|ASV_11222",1.02553387856518,3.31336147700983,2.96248823032603,1.11843869727212,0.263379674752633,NA,NA,"DESeq2"
"522","EsteroZacatecas - ColaDeBallena","k__Bacteria|p__Pseudomonadota|c__Alphaproteobacteria|o__Sphingomonadales|f__Sphingomonadaceae|g__|s__|ASV_4045",20.6079681163186,-7.847357399291,1.70775763116764,-4.59512360306395,4.32492823943015e-06,4.63501743395533e-05,"***","DESeq2"
"523","EsteroZacatecas - ColaDeBallena","k__Bacteria|p__Pseudomonadota|c__Alphaproteobacteria|o__Sphingomonadales|f__Sphingomonadaceae|g__|s__|ASV_6423",9.68770395104069,-2.06551774637289,1.54815665833047,-1.33417877012546,0.182145275427734,0.248101957896769,"","DESeq2"
"524","EsteroZacatecas - ColaDeBallena","k__Bacteria|p__Cyanobacteriota|c__Cyanobacteriia|o__Cyanobacteriales|f__Nostocaceae|g__Rivularia_PCC-7116|s__|ASV_4200",7.61345471713953,6.19723937124321,2.65544649951903,2.33378430797446,0.0196070188832512,0.0421847982033586,"*","DESeq2"
"525","EsteroZacatecas - ColaDeBallena","k__Bacteria|p__Pseudomonadota|c__Alphaproteobacteria|o__Rhodospirillales|f__Thalassospiraceae|g__Thalassospira|s__|ASV_11925",8.08981548201163,-1.05645584906101,1.34985678794028,-0.782642913307144,0.433836833979229,0.519324176396632,"","DESeq2"
"526","EsteroZacatecas - ColaDeBallena","k__Bacteria|p__Pseudomonadota|c__Alphaproteobacteria|o__Sphingomonadales|f__Sphingomonadaceae|g__|s__|ASV_13106",21.6898275596885,21.0786021364474,2.70705166291265,7.78655332856409,6.88618627423465e-15,2.60756920251019e-13,"***","DESeq2"
"527","EsteroZacatecas - ColaDeBallena","k__Bacteria|p__Pseudomonadota|c__Alphaproteobacteria|o__Sphingomonadales|f__Sphingomonadaceae|g__|s__|ASV_4631",13.4308487632853,3.0332466678788,2.43884279092841,1.24372373617576,0.213601256976307,0.286145080100336,"","DESeq2"
"528","EsteroZacatecas - ColaDeBallena","k__Bacteria|p__Pseudomonadota|c__Gammaproteobacteria|o__Pseudomonadales|f__Marinomonadaceae|g__Marinomonas|s__|ASV_502",0.873713973390311,3.06809799183446,2.96561642862125,1.03455658062323,0.300876040156147,NA,NA,"DESeq2"
"529","EsteroZacatecas - ColaDeBallena","k__Bacteria|p__Verrucomicrobiota|c__Verrucomicrobiia|o__Opitutales|f__Puniceicoccaceae|g__Lentimonas|s__|ASV_8380",1.11864899248848,3.429726664633,2.96114592291396,1.15824304303718,0.246764867514457,NA,NA,"DESeq2"
"530","EsteroZacatecas - ColaDeBallena","k__Bacteria|p__Pseudomonadota|c__Alphaproteobacteria|o__Rhodobacterales|f__Paracoccaceae|g__Silicimonas|s__|ASV_10644",10.2540543748173,0.279728813245176,1.16219253871612,0.24069059465327,0.809794929087658,0.84629902432712,"","DESeq2"
"531","EsteroZacatecas - ColaDeBallena","k__Bacteria|p__Pseudomonadota|c__Alphaproteobacteria|o__Sphingomonadales|f__Sphingomonadaceae|g__|s__|ASV_8066",9.66754298947902,-2.92771518604848,1.78974640766034,-1.63582682636908,0.101875835861251,0.152679352953009,"","DESeq2"
"532","EsteroZacatecas - ColaDeBallena","k__Bacteria|p__Actinomycetota|c__Actinobacteria|o__Nitriliruptorales|f__Nitriliruptoraceae|g__|s__|ASV_5219",8.0581125502288,-0.584901840634595,1.84035548735732,-0.317820032408245,0.750621454304795,0.79916211067502,"","DESeq2"
"533","EsteroZacatecas - ColaDeBallena","k__Bacteria|p__Pseudomonadota|c__Gammaproteobacteria|o__Pseudomonadales|f__Halieaceae|g__Pseudohaliea|s__|ASV_9973",16.4908042466292,-1.50681214523372,1.56788350914573,-0.961048532269282,0.336527766113448,0.419643844461995,"","DESeq2"
"534","EsteroZacatecas - ColaDeBallena","k__Bacteria|p__Actinomycetota|c__Acidimicrobiia|o__Microtrichales|f__Microtrichaceae|g__Sva0996_marine_group|s__|ASV_3343",16.1942609752997,7.28067730508022,1.9195322122504,3.79294354041841,0.000148872014367412,0.00093954782400767,"***","DESeq2"
"535","EsteroZacatecas - ColaDeBallena","k__Bacteria|p__Actinomycetota|c__Actinobacteria|o__Nitriliruptorales|f__Nitriliruptoraceae|g__|s__|ASV_5403",9.34988410022757,-6.72374051749629,2.05278505432426,-3.2754235536412,0.00105503663965499,0.00448884502864447,"**","DESeq2"
"536","EsteroZacatecas - ColaDeBallena","k__Bacteria|p__Bacteroidota|c__Bacteroidia|o__Cytophagales|f__Cyclobacteriaceae|g__Tunicatimonas|s__|ASV_10497",10.3335806380179,-3.54141272296164,2.13803317982517,-1.6563881030374,0.0976432488048586,0.148689987456192,"","DESeq2"
"537","EsteroZacatecas - ColaDeBallena","k__Bacteria|p__Rhodothermota|c__Rhodothermia|o__Rhodothermales|f__Rhodothermaceae|g__|s__|ASV_5525",16.6042038909242,7.31496677016938,1.90723602600595,3.83537573243521,0.000125372483874683,0.000828041521404886,"***","DESeq2"
"538","EsteroZacatecas - ColaDeBallena","k__Bacteria|p__Pseudomonadota|c__Alphaproteobacteria|o__Rhodobacterales|f__Paracoccaceae|g__Limibaculum|s__|ASV_3822",8.95363554039954,-0.43197351676643,1.72143181634338,-0.250938499373165,0.801861658306022,0.841103272239742,"","DESeq2"
"539","EsteroZacatecas - ColaDeBallena","k__Bacteria|p__Rhodothermota|c__Rhodothermia|o__Rhodothermales|f__Rhodothermaceae|g__|s__|ASV_12020",1.147151658209,3.46784667144712,2.96072843897024,1.17128157577777,0.241485614646953,NA,NA,"DESeq2"
"540","EsteroZacatecas - ColaDeBallena","k__Bacteria|p__Actinomycetota|c__Acidimicrobiia|o__Microtrichales|f__Microtrichaceae|g__|s__|ASV_15908",5.71661695265023,-6.01349388721625,2.94849242781358,-2.03951478066894,0.0413986775872905,0.0772231489969819,"","DESeq2"
"541","EsteroZacatecas - ColaDeBallena","k__Bacteria|p__Actinomycetota|c__Acidimicrobiia|o__Microtrichales|f__Ilumatobacteraceae|g__Ilumatobacter|s__|ASV_5501",9.20320837098095,-4.15952874674618,2.55241891644235,-1.62964187420452,0.103177208840343,0.15402011727021,"","DESeq2"
"542","EsteroZacatecas - ColaDeBallena","k__Bacteria|p__Bacteroidota|c__Bacteroidia|o__Cytophagales|f__Cyclobacteriaceae|g__Tunicatimonas|s__|ASV_15191",2.55244071215802,0.0980724420301057,2.80494484865175,0.0349641249015096,0.972108347552693,0.975543359381501,"","DESeq2"
"543","EsteroZacatecas - ColaDeBallena","k__Bacteria|p__Pseudomonadota|c__Alphaproteobacteria|o__Rhodobacterales|f__Paracoccaceae|g__Palleronia-Pseudomaribius|s__|ASV_8753",13.9039464332749,7.0607223025877,2.10808739522831,3.34934989819196,0.000810014317459387,0.00375972588342404,"**","DESeq2"
"544","EsteroZacatecas - ColaDeBallena","k__Bacteria|p__Pseudomonadota|c__Gammaproteobacteria|o__Pseudomonadales|f__Halieaceae|g__Pseudohaliea|s__|ASV_13386",13.8722568211347,7.05520358058128,1.6642380721602,4.23929947199413,2.24218379961648e-05,0.000191512841831904,"***","DESeq2"
"545","EsteroZacatecas - ColaDeBallena","k__Bacteria|p__Calditrichota|c__Calditrichia|o__Calditrichales|f__Calditrichaceae|g__Caldithrix|s__|ASV_13974",13.3872616289594,-7.23247514601605,1.84180400756975,-3.92684298453626,8.60681269732549e-05,0.000607288150569054,"***","DESeq2"
"546","EsteroZacatecas - ColaDeBallena","k__Bacteria|p__Pseudomonadota|c__Alphaproteobacteria|o__Sphingomonadales|f__Sphingomonadaceae|g__|s__|ASV_8622",8.71705435841475,6.38620156992142,1.80098463825202,3.54595005103413,0.000391200350196675,0.00214755229332296,"**","DESeq2"
"547","EsteroZacatecas - ColaDeBallena","k__Bacteria|p__Cyanobacteriota|c__Cyanobacteriia|o__Phormidesmiales|f__Phormidesmiaceae|g__Phormidesmis_ANT.LACV5.1|s__|ASV_2907",3.84458949265941,5.21163867063184,2.94965456041011,1.76686407302801,0.0772509950713915,0.124478199150497,"","DESeq2"
"548","EsteroZacatecas - ColaDeBallena","k__Bacteria|p__Pseudomonadota|c__Alphaproteobacteria|o__Hyphomicrobiales|f__Methyloligellaceae|g__Methyloceanibacter|s__|ASV_12775",16.1365602487392,4.74565286143396,1.75515912791742,2.70383054502009,0.00685452350960524,0.0186285614997884,"*","DESeq2"
"549","EsteroZacatecas - ColaDeBallena","k__Bacteria|p__Rhodothermota|c__Rhodothermia|o__Rhodothermales|f__Rhodothermaceae|g__|s__|ASV_15803",9.19990449563752,-3.28877426023725,1.76635736173016,-1.8618963135613,0.0626177067832277,0.106082590818817,"","DESeq2"
"550","EsteroZacatecas - ColaDeBallena","k__Bacteria|p__Bacteroidota|c__Bacteroidia|o__Flavobacteriales|f__Flavobacteriaceae|g__Actibacter|s__|ASV_4251",19.4128903079501,7.54022912048852,1.95711369900262,3.85272921258031,0.000116808545725662,0.000780555929084426,"***","DESeq2"
"551","EsteroZacatecas - ColaDeBallena","k__Bacteria|p__Bacteroidota|c__Bacteroidia|o__Flavobacteriales|f__Flavobacteriaceae|g__|s__|ASV_621",1.64287820794954,3.98220513481905,2.95602653820141,1.34714796479534,0.177932582861097,NA,NA,"DESeq2"
"552","EsteroZacatecas - ColaDeBallena","k__Bacteria|p__Pseudomonadota|c__Gammaproteobacteria|o__Enterobacterales|f__Alteromonadaceae|g__|s__|ASV_4951",15.2697457412792,-1.13681570506507,1.25865517313994,-0.903198691210307,0.366420452376545,0.451468149565895,"","DESeq2"
"553","EsteroZacatecas - ColaDeBallena","k__Bacteria|p__Pseudomonadota|c__Gammaproteobacteria|o__Pseudomonadales|f__Nitrincolaceae|g__Marinobacterium|s__|ASV_15550",13.690111630909,-7.25450002102322,1.29803091193101,-5.58884996831938,2.2857832939219e-08,3.87559674909743e-07,"***","DESeq2"
"554","EsteroZacatecas - ColaDeBallena","k__Bacteria|p__Pseudomonadota|c__Gammaproteobacteria|o__Enterobacterales|f__Alteromonadaceae|g__Alteromonas|s__|ASV_8501",23.6771558012521,4.63973338775139,1.89790842447718,2.44465608978448,0.0144990325419706,0.0332074616283844,"*","DESeq2"
"555","EsteroZacatecas - ColaDeBallena","k__Bacteria|p__Pseudomonadota|c__Gammaproteobacteria|o__Steroidobacterales|f__Woeseiaceae|g__Woeseia|s__|ASV_13326",10.5582448608696,-6.90038869482558,1.41636810910136,-4.87188934182065,1.10536077538397e-06,1.36488026177846e-05,"***","DESeq2"
"556","EsteroZacatecas - ColaDeBallena","k__Bacteria|p__Chloroflexota|c__Anaerolineae|o__Ardenticatenales|f__Ardenticatenaceae|g__|s__|ASV_1204",8.51817029889618,-3.58440376819094,1.65017427991013,-2.17213648996283,0.029845369346164,0.0595858340549074,"","DESeq2"
"557","EsteroZacatecas - ColaDeBallena","k__Bacteria|p__Pseudomonadota|c__Gammaproteobacteria|o__Pseudomonadales|f__Cellvibrionaceae|g__|s__|ASV_291",2.6159245498841,-3.3061112023498,2.93945551017931,-1.12473592163609,0.260700954972586,0.337692457068253,"","DESeq2"
"558","EsteroZacatecas - ColaDeBallena","k__Bacteria|p__Acidobacteriota|c__Thermoanaerobaculia|o__Thermoanaerobaculales|f__Thermoanaerobaculaceae|g__Subgroup_10|s__|ASV_6086",12.9663682100513,6.96094647192048,2.37087225997595,2.93602763397768,0.0033244470583715,0.0106682820856215,"*","DESeq2"
"559","EsteroZacatecas - ColaDeBallena","k__Bacteria|p__Bacteroidota|c__Bacteroidia|o__Chitinophagales|f__Saprospiraceae|g__|s__|ASV_4173",21.7969712886857,7.70324924110226,1.5159075958106,5.08160870912655,3.74251730295804e-07,5.24876500760535e-06,"***","DESeq2"
"560","EsteroZacatecas - ColaDeBallena","k__Bacteria|p__Bacteroidota|c__Bacteroidia|o__Flavobacteriales|f__Flavobacteriaceae|g__Flavimarina|s__|ASV_13262",7.49615240408104,6.17358909344652,1.81400438534855,3.40329336759586,0.000665787516346942,0.00331725709899178,"**","DESeq2"
"561","EsteroZacatecas - ColaDeBallena","k__Bacteria|p__Deinococcota|c__Deinococci|o__Deinococcales|f__Trueperaceae|g__Truepera|s__|ASV_14618",2.57735431560337,4.60711933476911,2.95213146144073,1.56060778286638,0.118616321307755,0.170783448676311,"","DESeq2"
"562","EsteroZacatecas - ColaDeBallena","k__Bacteria|p__Bacteroidota|c__Bacteroidia|o__Chitinophagales|f__Saprospiraceae|g__|s__|ASV_14110",0,0,0,0,1,NA,NA,"DESeq2"
"563","EsteroZacatecas - ColaDeBallena","k__Bacteria|p__Pseudomonadota|c__Alphaproteobacteria|o__Rhodobacterales|f__Paracoccaceae|g__|s__|ASV_6341",9.22860172505528,0.152456265824299,1.9040868431267,0.0800679162164424,0.93618323994689,0.946886288142621,"","DESeq2"
"564","EsteroZacatecas - ColaDeBallena","k__Bacteria|p__Pseudomonadota|c__Alphaproteobacteria|o__Sphingomonadales|f__Sphingomonadaceae|g__Croceibacterium|s__|ASV_4473",7.1276211138679,-0.785909860721918,2.00218725059155,-0.392525654376093,0.694669859725658,0.757336814441793,"","DESeq2"
"565","EsteroZacatecas - ColaDeBallena","k__Bacteria|p__Planctomycetota|c__Planctomycetes|o__Pirellulales|f__Pirellulaceae|g__Blastopirellula|s__|ASV_5985",12.9965698839638,0.447713187500408,1.26457283156332,0.354043022533486,0.723306641329467,0.781804324025,"","DESeq2"
"566","EsteroZacatecas - ColaDeBallena","k__Bacteria|p__Rhodothermota|c__Rhodothermia|o__Rhodothermales|f__Rhodothermaceae|g__Rubrivirga|s__|ASV_10530",6.73372745819676,1.28321745899179,1.99799937486185,0.642251181425178,0.520710106160589,0.60483300674686,"","DESeq2"
"567","EsteroZacatecas - ColaDeBallena","k__Bacteria|p__Rhodothermota|c__Rhodothermia|o__Rhodothermales|f__Rhodothermaceae|g__Rubrivirga|s__|ASV_238",5.66271704843283,5.7737894454127,2.32226963116522,2.48627005577972,0.0129089963531874,0.0307401618338941,"*","DESeq2"
"568","EsteroZacatecas - ColaDeBallena","k__Bacteria|p__Rhodothermota|c__Rhodothermia|o__Rhodothermales|f__Rhodothermaceae|g__Rubrivirga|s__|ASV_7369",8.45097986103269,-6.57993260403963,1.80269825189172,-3.65004658829328,0.000262192749500896,0.00155130710121364,"**","DESeq2"
"569","EsteroZacatecas - ColaDeBallena","k__Bacteria|p__Pseudomonadota|c__Alphaproteobacteria|o__Sphingomonadales|f__Sphingomonadaceae|g__|s__|ASV_9738",2.95532660766069,0.109532333523634,2.91150982081014,0.0376204582037633,0.969990296179148,0.974278493774988,"","DESeq2"
"570","EsteroZacatecas - ColaDeBallena","k__Bacteria|p__Actinomycetota|c__Actinobacteria|o__Nitriliruptorales|f__Nitriliruptoraceae|g__|s__|ASV_9726",8.10598791234646,-6.51803943722203,2.30371284768291,-2.82936280178231,0.00466407929607702,0.0139347103917667,"*","DESeq2"
"571","EsteroZacatecas - ColaDeBallena","k__Bacteria|p__Pseudomonadota|c__Alphaproteobacteria|o__Rhodobacterales|f__Paracoccaceae|g__Palleronia-Pseudomaribius|s__|ASV_11178",7.62501068964581,-6.43124596014884,2.08604918929026,-3.08297905589511,0.00204939577948758,0.00748589583761378,"**","DESeq2"
"572","EsteroZacatecas - ColaDeBallena","k__Bacteria|p__Rhodothermota|c__Rhodothermia|o__Rhodothermales|f__Rhodothermaceae|g__Rubrivirga|s__|ASV_7501",9.41559830370014,-3.96477039897515,2.3128989653953,-1.71419956439711,0.086492080881895,0.136276010931807,"","DESeq2"
"573","EsteroZacatecas - ColaDeBallena","k__Bacteria|p__Verrucomicrobiota|c__Verrucomicrobiia|o__Verrucomicrobiales|f__DEV007|g__|s__|ASV_11556",18.4197163614499,7.46667791341847,2.39768666716512,3.11411745982915,0.00184496025904377,0.00687172083368435,"**","DESeq2"
"574","EsteroZacatecas - ColaDeBallena","k__Bacteria|p__Pseudomonadota|c__Alphaproteobacteria|o__Rhodobacterales|f__Paracoccaceae|g__Maribius|s__|ASV_14792",11.2398137562321,6.75309170589756,2.08892052396881,3.23281409149408,0.00122577304144808,0.00497313633958936,"**","DESeq2"
"575","EsteroZacatecas - ColaDeBallena","k__Bacteria|p__Actinomycetota|c__Acidimicrobiia|o__Microtrichales|f__Microtrichaceae|g__|s__|ASV_159",0,0,0,0,1,NA,NA,"DESeq2"
"576","EsteroZacatecas - ColaDeBallena","k__Bacteria|p__Pseudomonadota|c__Alphaproteobacteria|o__Rhodobacterales|f__Paracoccaceae|g__Limibaculum|s__|ASV_11077",3.62309868814931,2.12291304865457,2.9160498944701,0.728009850819217,0.466607556167877,0.553338860831251,"","DESeq2"
"577","EsteroZacatecas - ColaDeBallena","k__Bacteria|p__Pseudomonadota|c__Alphaproteobacteria|o__Sphingomonadales|f__Sphingomonadaceae|g__|s__|ASV_14636",5.85071569539305,-2.16561450647579,2.43204725109949,-0.890449190695927,0.373224739186577,0.457371417169312,"","DESeq2"
"578","EsteroZacatecas - ColaDeBallena","k__Bacteria|p__Bacteroidota|c__Bacteroidia|o__Flavobacteriales|f__Flavobacteriaceae|g__Robiginitalea|s__|ASV_14687",5.24401328277102,5.658008955508,2.72287977059123,2.07795034383008,0.0377139329301815,0.0720050887540945,"","DESeq2"
"579","EsteroZacatecas - ColaDeBallena","k__Bacteria|p__Rhodothermota|c__Rhodothermia|o__Rhodothermales|f__Rhodothermaceae|g__|s__|ASV_13433",12.8386755671793,1.07158965562747,1.81427217443128,0.590644375595621,0.554758725236697,0.639154068832544,"","DESeq2"
"580","EsteroZacatecas - ColaDeBallena","k__Bacteria|p__Actinomycetota|c__Actinobacteria|o__Propionibacteriales|f__Nocardioidaceae|g__Nocardioides|s__|ASV_6174",8.16775156529314,-5.02395683192041,1.5932074541417,-3.15336010941961,0.00161402565954584,0.00624191418307206,"**","DESeq2"
"581","EsteroZacatecas - ColaDeBallena","k__Bacteria|p__Chloroflexota|c__Anaerolineae|o__Caldilineales|f__Caldilineaceae|g__|s__|ASV_6747",9.38790166053575,6.49530066538816,2.34098677598918,2.77459946891139,0.00552697296353113,0.0158952943963832,"*","DESeq2"
"582","EsteroZacatecas - ColaDeBallena","k__Bacteria|p__Myxococcota|c__Polyangiia|o__Polyangiales|f__Sandaracinaceae|g__|s__|ASV_10160",8.8390324236524,0.940731608307594,1.90724891596489,0.493240080218721,0.621842960991914,0.695973993780113,"","DESeq2"
"583","EsteroZacatecas - ColaDeBallena","k__Bacteria|p__Pseudomonadota|c__Alphaproteobacteria|o__Hyphomicrobiales|f__Rhizobiaceae|g__|s__|ASV_8528",5.88522620590672,5.82834217308157,2.33899106146686,2.49181891675397,0.0127090814002091,0.0305232906355973,"*","DESeq2"
"584","EsteroZacatecas - ColaDeBallena","k__Bacteria|p__Pseudomonadota|c__Alphaproteobacteria|o__Rhodobacterales|f__Paracoccaceae|g__|s__|ASV_15311",19.1117159254216,-7.74567959078115,2.66125026656173,-2.91054159321452,0.00360802940371183,0.0114170512607706,"*","DESeq2"
"585","EsteroZacatecas - ColaDeBallena","k__Bacteria|p__Rhodothermota|c__Rhodothermia|o__Rhodothermales|f__Rhodothermaceae|g__|s__|ASV_229",7.56410544299213,-0.388905126790199,1.70000094605539,-0.228767594331402,0.819049554872736,0.852832533762996,"","DESeq2"
"586","EsteroZacatecas - ColaDeBallena","k__Bacteria|p__Bacteroidota|c__Bacteroidia|o__Flavobacteriales|f__Flavobacteriaceae|g__|s__|ASV_10531",8.85715545767255,-3.94081462566288,2.11185186339664,-1.86604690128434,0.0620348039124344,0.105338620694358,"","DESeq2"
"587","EsteroZacatecas - ColaDeBallena","k__Bacteria|p__Pseudomonadota|c__Alphaproteobacteria|o__Rhodobacterales|f__Paracoccaceae|g__|s__|ASV_10303",7.2124747732247,6.11969618943177,2.33696690259097,2.61864906287159,0.00882787130681216,0.0226888276120783,"*","DESeq2"
"588","EsteroZacatecas - ColaDeBallena","k__Bacteria|p__Pseudomonadota|c__Gammaproteobacteria|o__Enterobacterales|f__Vibrionaceae|g__Vibrio|s__|ASV_5703",4.8789799260287,5.54673298064486,2.94866434390608,1.88110016391256,0.0599582947203411,0.102424996695199,"","DESeq2"
"589","EsteroZacatecas - ColaDeBallena","k__Bacteria|p__Chloroflexota|c__Anaerolineae|o__Aggregatilineales|f__A4b|g__|s__|ASV_14457",10.9440911428439,2.29511225199638,2.24944864658042,1.02029991015148,0.307586245941757,0.388674054938639,"","DESeq2"
"590","EsteroZacatecas - ColaDeBallena","k__Bacteria|p__Gemmatimonadota|c__Longimicrobiia|o__Longimicrobiales|f__Longimicrobiaceae|g__|s__|ASV_5010",7.88497995682977,-0.711783437948757,2.25416492837204,-0.315763691019187,0.752181879470261,0.800073609623798,"","DESeq2"
"591","EsteroZacatecas - ColaDeBallena","k__Bacteria|p__Pseudomonadota|c__Alphaproteobacteria|o__Rhodobacterales|f__Paracoccaceae|g__Limibaculum|s__|ASV_13046",11.2502743149895,2.01091032849954,1.2540227218976,1.60356769728751,0.10880937581972,0.160113278408292,"","DESeq2"
"592","EsteroZacatecas - ColaDeBallena","k__Bacteria|p__Pseudomonadota|c__Alphaproteobacteria|o__Rhodobacterales|f__Paracoccaceae|g__|s__|ASV_12166",9.6387756357782,6.53479657291247,2.67933411112213,2.43896292955254,0.0147294791689406,0.0335997757749327,"*","DESeq2"
"593","EsteroZacatecas - ColaDeBallena","k__Bacteria|p__Pseudomonadota|c__Alphaproteobacteria|o__Caulobacterales|f__Hyphomonadaceae|g__Euryhalocaulis|s__|ASV_6477",7.87137084491639,2.42620277210363,2.19441745686739,1.10562498694625,0.268888870080655,0.3459317739656,"","DESeq2"
"594","EsteroZacatecas - ColaDeBallena","k__Bacteria|p__Pseudomonadota|c__Alphaproteobacteria|o__Rhodobacterales|f__Paracoccaceae|g__Palleronia-Pseudomaribius|s__|ASV_9024",5.06396013509268,-5.83866039408364,2.94895759136765,-1.97990653076019,0.0477140324460607,0.0860367315217856,"","DESeq2"
"595","EsteroZacatecas - ColaDeBallena","k__Bacteria|p__Pseudomonadota|c__Alphaproteobacteria|o__Rhodobacterales|f__Paracoccaceae|g__|s__|ASV_3187",1.29765088337339,3.65066432048608,2.95886811391804,1.23380434001568,0.217275821821759,NA,NA,"DESeq2"
"596","EsteroZacatecas - ColaDeBallena","k__Bacteria|p__Myxococcota|c__Polyangiia|o__Polyangiales|f__Sandaracinaceae|g__|s__|ASV_15697",4.54807072138818,-5.68379771963921,2.94941874297636,-1.92709079820368,0.0539683153100811,0.0937431287343304,"","DESeq2"
"597","EsteroZacatecas - ColaDeBallena","k__Bacteria|p__Pseudomonadota|c__Alphaproteobacteria|o__Rhodobacterales|f__Paracoccaceae|g__Palleronia-Pseudomaribius|s__|ASV_7175",4.83853798243912,-5.77220196154739,2.94914952879278,-1.95724289500852,0.0503189178185011,0.0887613208723871,"","DESeq2"
"598","EsteroZacatecas - ColaDeBallena","k__Bacteria|p__Pseudomonadota|c__Alphaproteobacteria|o__Rhodobacterales|f__Paracoccaceae|g__|s__|ASV_1077",10.1125833255822,-0.386972243032061,2.28369068799461,-0.169450374810555,0.865442402973344,0.88972178260427,"","DESeq2"
"599","EsteroZacatecas - ColaDeBallena","k__Bacteria|p__Pseudomonadota|c__Alphaproteobacteria|o__Rhodobacterales|f__Paracoccaceae|g__|s__|ASV_8503",10.7934236851045,6.69565133231297,2.34646742414445,2.85350278611019,0.00432401487403912,0.0132612270330413,"*","DESeq2"
"600","EsteroZacatecas - ColaDeBallena","k__Bacteria|p__Pseudomonadota|c__Gammaproteobacteria|o__Pseudomonadales|f__Marinomonadaceae|g__Marinomonas|s__|ASV_3667",0.3487443247662,1.97276214343893,2.97869119325934,0.662291595685785,0.507784361942815,NA,NA,"DESeq2"
"601","EsteroZacatecas - ColaDeBallena","k__Bacteria|p__Thermodesulfobacteriota|c__Desulfobacteria|o__Desulfobacterales|f__Desulfosarcinaceae|g__Sva0081_sediment_group|s__|ASV_12562",11.3559662911205,-6.99298427630617,1.31035822948998,-5.33669657573563,9.46552425933486e-08,1.45308588629789e-06,"***","DESeq2"
"602","EsteroZacatecas - ColaDeBallena","k__Bacteria|p__Bacteroidota|c__Bacteroidia|o__Flavobacteriales|f__Flavobacteriaceae|g__Marixanthomonas|s__|ASV_2225",19.5092621796123,-5.00057907378316,2.16595371525554,-2.30871926697344,0.0209591644891019,0.0447060857480226,"*","DESeq2"
"603","EsteroZacatecas - ColaDeBallena","k__Bacteria|p__Bacteroidota|c__Bacteroidia|o__Flavobacteriales|f__Flavobacteriaceae|g__Robiginitalea|s__|ASV_13586",5.58815257589795,0.927064793649912,2.90149759793246,0.319512514609874,0.749337903051587,0.798543956722892,"","DESeq2"
"604","EsteroZacatecas - ColaDeBallena","k__Bacteria|p__Pseudomonadota|c__Gammaproteobacteria|o__Pseudomonadales|f__Marinomonadaceae|g__Marinomonas|s__|ASV_10996",4.75575920077642,-1.69664288922128,2.41276316173903,-0.703194957601394,0.481934261204603,0.567334011117543,"","DESeq2"
"605","EsteroZacatecas - ColaDeBallena","k__Bacteria|p__Actinomycetota|c__Actinobacteria|o__Nitriliruptorales|f__Nitriliruptoraceae|g__|s__|ASV_954",9.04370168384233,-6.67416215062465,2.63614102910081,-2.53179252435565,0.0113481116373451,0.0279771367765277,"*","DESeq2"
"606","EsteroZacatecas - ColaDeBallena","k__Bacteria|p__Pseudomonadota|c__Alphaproteobacteria|o__Hyphomicrobiales|f__Rhizobiaceae|g__Pseudahrensia|s__|ASV_1482",5.34168394259423,5.69173582175269,2.04162272194197,2.78784897943278,0.00530592721038434,0.0153372348880321,"*","DESeq2"
"607","EsteroZacatecas - ColaDeBallena","k__Bacteria|p__Pseudomonadota|c__Alphaproteobacteria|o__Rhodobacterales|f__Paracoccaceae|g__|s__|ASV_12197",9.12639167530541,-6.68776116083496,2.31272371010103,-2.89172508225931,0.00383133042674598,0.0119680781663498,"*","DESeq2"
"608","EsteroZacatecas - ColaDeBallena","k__Bacteria|p__Pseudomonadota|c__Alphaproteobacteria|o__Rhodobacterales|f__Paracoccaceae|g__|s__|ASV_6342",5.70274710090111,-3.63047898342945,2.90008874313025,-1.25185099663911,0.210624163667578,0.282490023525819,"","DESeq2"
"609","EsteroZacatecas - ColaDeBallena","k__Bacteria|p__Pseudomonadota|c__Alphaproteobacteria|o__|f__Neomegalonemataceae|g__Acuticoccus|s__|ASV_9384",7.35829495333703,1.17412013719897,2.00664795521655,0.585115158912994,0.558470286672168,0.642127779007675,"","DESeq2"
"610","EsteroZacatecas - ColaDeBallena","k__Bacteria|p__Actinomycetota|c__Actinobacteria|o__Frankiales|f__Geodermatophilaceae|g__Geodermatophilus|s__|ASV_9635",8.04169496307318,-2.54734889868148,1.98206369957048,-1.2852003188563,0.198722292249475,0.268428684893465,"","DESeq2"
"611","EsteroZacatecas - ColaDeBallena","k__Bacteria|p__Chloroflexota|c__Anaerolineae|o__Aggregatilineales|f__A4b|g__|s__|ASV_6654",6.75747089163183,2.66282918870343,2.22212274835902,1.19832677590374,0.230789826539622,0.304503185771209,"","DESeq2"
"612","EsteroZacatecas - ColaDeBallena","k__Bacteria|p__Pseudomonadota|c__Alphaproteobacteria|o__Rhodobacterales|f__Paracoccaceae|g__Silicimonas|s__|ASV_5396",19.4067266272984,-0.476315228097615,1.69158256213635,-0.281579651362723,0.778265844967859,0.821663568664951,"","DESeq2"
"613","EsteroZacatecas - ColaDeBallena","k__Archaea|p__Halobacteriota|c__Halobacteria|o__Halobacterales|f__Halomicrobiaceae|g__Halomarina|s__|ASV_13588",8.92701340424862,-6.65654970068203,2.05356253096326,-3.24146433347694,0.00118917313681931,0.00485935497635515,"**","DESeq2"
"614","EsteroZacatecas - ColaDeBallena","k__Bacteria|p__Pseudomonadota|c__Alphaproteobacteria|o__Caulobacterales|f__Hyphomonadaceae|g__Henriciella|s__|ASV_1670",11.2857653186199,1.92520364389068,1.58801327179661,1.21233473175736,0.225384273964503,0.298759084275,"","DESeq2"
"615","EsteroZacatecas - ColaDeBallena","k__Bacteria|p__Pseudomonadota|c__Alphaproteobacteria|o__Rhodobacterales|f__Paracoccaceae|g__Palleronia-Pseudomaribius|s__|ASV_12419",6.90377675842717,-0.303054582166415,1.83186713723997,-0.165434804744093,0.868601760856396,0.891356459198615,"","DESeq2"
"616","EsteroZacatecas - ColaDeBallena","k__Bacteria|p__Rhodothermota|c__Rhodothermia|o__Rhodothermales|f__Rhodothermaceae|g__|s__|ASV_1677",6.81190764203276,0.512846829961331,1.70969121561553,0.299964593183391,0.764204163222404,0.809828292370011,"","DESeq2"
"617","EsteroZacatecas - ColaDeBallena","k__Bacteria|p__Bacteroidota|c__Bacteroidia|o__Flavobacteriales|f__Flavobacteriaceae|g__Robiginitalea|s__|ASV_8414",17.2490647614778,-7.59565542520313,2.10980166908117,-3.60017509537334,0.000318002965443919,0.00182450186234491,"**","DESeq2"
"618","EsteroZacatecas - ColaDeBallena","k__Bacteria|p__Cyanobacteriota|c__Cyanobacteriia|o__Cyanobacteriales|f__Xenococcaceae|g__Pleurocapsa_PCC-7319|s__|ASV_7227",20.0863692651908,7.59110698837106,2.4170058537716,3.14070691079443,0.00168540606543714,0.00640341568674446,"**","DESeq2"
"619","EsteroZacatecas - ColaDeBallena","k__Bacteria|p__Cyanobacteriota|c__Cyanobacteriia|o__Phormidesmiales|f__Phormidesmiaceae|g__Phormidesmis_ANT.LACV5.1|s__|ASV_5824",16.3424623396818,7.29368151872648,2.40076209713423,3.03806925618865,0.00238099227238911,0.00845252256698136,"**","DESeq2"
"620","EsteroZacatecas - ColaDeBallena","k__Bacteria|p__Myxococcota|c__Polyangiia|o__Haliangiales|f__Haliangiaceae|g__|s__|ASV_3182",12.0652606542557,6.85528754903844,2.10741288341466,3.25293994498636,0.00114217633869512,0.00470113159694801,"**","DESeq2"
"621","EsteroZacatecas - ColaDeBallena","k__Bacteria|p__Myxococcota|c__Polyangiia|o__Polyangiales|f__Sandaracinaceae|g__|s__|ASV_1122",1.44859957565298,-4.04821154066649,2.95852052966028,-1.36832295063754,0.171211009960241,NA,NA,"DESeq2"
"622","EsteroZacatecas - ColaDeBallena","k__Bacteria|p__Planctomycetota|c__Planctomycetes|o__Planctomycetales|f__Gimesiaceae|g__|s__|ASV_9951",15.9458341622691,-0.403316620347764,1.86231703803786,-0.216567110814117,0.828545719192737,0.860354604207449,"","DESeq2"
"623","EsteroZacatecas - ColaDeBallena","k__Bacteria|p__Pseudomonadota|c__Alphaproteobacteria|o__Sphingomonadales|f__Sphingomonadaceae|g__Aurantiacibacter|s__|ASV_12729",7.04775566241828,-0.397708385088717,2.03465024939078,-0.195467690433675,0.845026829095504,0.872682252593175,"","DESeq2"
"624","EsteroZacatecas - ColaDeBallena","k__Bacteria|p__Pseudomonadota|c__Alphaproteobacteria|o__Sphingomonadales|f__Sphingomonadaceae|g__|s__|ASV_3683",7.56440825748468,-4.08734743991477,1.48507441472927,-2.75228459892354,0.00591810646985618,0.0166751502942617,"*","DESeq2"
"625","EsteroZacatecas - ColaDeBallena","k__Bacteria|p__Cyanobacteriota|c__Cyanobacteriia|o__Cyanobacteriales|f__Nostocaceae|g__Rivularia_PCC-7116|s__|ASV_10615",8.53776001884635,6.36156360233578,2.35055885789128,2.70640472625427,0.00680160958784194,0.0185290851122025,"*","DESeq2"
"626","EsteroZacatecas - ColaDeBallena","k__Bacteria|p__Myxococcota|c__Polyangiia|o__Polyangiales|f__Sandaracinaceae|g__|s__|ASV_1071",11.4225959816935,-5.70135930705602,1.62457073641547,-3.50945586994616,0.000449024565355914,0.00244063113035559,"**","DESeq2"
"627","EsteroZacatecas - ColaDeBallena","k__Bacteria|p__Acidobacteriota|c__Thermoanaerobaculia|o__Thermoanaerobaculales|f__Thermoanaerobaculaceae|g__Subgroup_10|s__|ASV_12805",7.6119828117665,6.18725724147749,1.05156059619808,5.88388083753571,4.00756424683001e-09,7.58765497399815e-08,"***","DESeq2"
"628","EsteroZacatecas - ColaDeBallena","k__Bacteria|p__Bacteroidota|c__Bacteroidia|o__Chitinophagales|f__Saprospiraceae|g__|s__|ASV_5174",1.9050566151948,4.20574945874361,2.95444013607947,1.42353517588095,0.154581072508354,NA,NA,"DESeq2"
"629","EsteroZacatecas - ColaDeBallena","k__Bacteria|p__Cyanobacteriota|c__Cyanobacteriia|o__Cyanobacteriales|f__Xenococcaceae|g__Chroococcidiopsis_PCC-6712|s__|ASV_1997",10.0131682118136,6.58854214584001,2.12298277730292,3.10343645566934,0.0019128730826844,0.00707825349162698,"**","DESeq2"
"630","EsteroZacatecas - ColaDeBallena","k__Bacteria|p__Bacteroidota|c__Bacteroidia|o__Chitinophagales|f__Saprospiraceae|g__Lewinella|s__|ASV_9304",1.99916785346645,4.27635557266575,2.95398703038992,1.4476555004039,0.147713420979823,NA,NA,"DESeq2"
"631","EsteroZacatecas - ColaDeBallena","k__Bacteria|p__Cyanobacteriota|c__Cyanobacteriia|o__Phormidesmiales|f__Phormidesmiaceae|g__Phormidium_MBIC10003|s__|ASV_546",16.9615981456625,7.34414067085049,1.78730608758977,4.10905592603575,3.97279867041849e-05,0.000311248226868649,"***","DESeq2"
"632","EsteroZacatecas - ColaDeBallena","k__Bacteria|p__Actinomycetota|c__Actinobacteria|o__Propionibacteriales|f__Nocardioidaceae|g__Nocardioides|s__|ASV_13377",8.03627288430399,-6.50841131373114,1.60676220768226,-4.0506375384068,5.1078276135318e-05,0.000387803334867722,"***","DESeq2"
"633","EsteroZacatecas - ColaDeBallena","k__Bacteria|p__Bacteroidota|c__Bacteroidia|o__Cytophagales|f__Cyclobacteriaceae|g__Marivirga|s__|ASV_7231",6.12493608329888,5.88404874845411,1.59799865932186,3.6821362234128,0.000231287761712493,0.00139017405981689,"**","DESeq2"
"634","EsteroZacatecas - ColaDeBallena","k__Bacteria|p__Bacteroidota|c__Bacteroidia|o__Flavobacteriales|f__Cryomorphaceae|g__Owenweeksia|s__|ASV_3656",7.40759162205106,6.15546008670274,1.83035609174438,3.36298500300912,0.000771045523976557,0.00366318156817171,"**","DESeq2"
"635","EsteroZacatecas - ColaDeBallena","k__Bacteria|p__Pseudomonadota|c__Gammaproteobacteria|o__Pseudomonadales|f__Cellvibrionaceae|g__|s__|ASV_10185",7.49726064544512,-3.88951732507704,2.28910788798849,-1.69914111321983,0.0892925985169683,0.139527361644121,"","DESeq2"
"636","EsteroZacatecas - ColaDeBallena","k__Bacteria|p__Pseudomonadota|c__Alphaproteobacteria|o__Rhodobacterales|f__Paracoccaceae|g__Limibaculum|s__|ASV_10764",11.9563430793181,-0.891933596581952,2.32634067854388,-0.383406267537839,0.701418556930296,0.762499024567289,"","DESeq2"
"637","EsteroZacatecas - ColaDeBallena","k__Bacteria|p__Pseudomonadota|c__Gammaproteobacteria|o__Enterobacterales|f__Alteromonadaceae|g__Aestuariibacter|s__|ASV_12294",2.36142966272367,4.5060030514648,2.95265505420381,1.52608515683179,0.126988658152447,0.180407543497511,"","DESeq2"
"638","EsteroZacatecas - ColaDeBallena","k__Bacteria|p__Actinomycetota|c__Actinobacteria|o__Euzebyales|f__Euzebyaceae|g__|s__|ASV_3446",9.25804432686358,-6.70753980627058,2.6494953467831,-2.53162920796014,0.0113533979348409,0.0279771367765277,"*","DESeq2"
"639","EsteroZacatecas - ColaDeBallena","k__Bacteria|p__Bacteroidota|c__Bacteroidia|o__Cytophagales|f__Cyclobacteriaceae|g__Tunicatimonas|s__|ASV_11136",8.81390790642562,-6.63891875901146,1.80683920613077,-3.67432737594191,0.000238476808269061,0.00142584028522976,"**","DESeq2"
"640","EsteroZacatecas - ColaDeBallena","k__Bacteria|p__Pseudomonadota|c__Alphaproteobacteria|o__Hyphomicrobiales|f__Rhizobiaceae|g__|s__|ASV_4397",7.17747938802112,-1.56814081641209,2.19252618741436,-0.715221020124461,0.474472482350352,0.559710010332295,"","DESeq2"
"641","EsteroZacatecas - ColaDeBallena","k__Bacteria|p__Actinomycetota|c__Actinobacteria|o__Nitriliruptorales|f__Nitriliruptoraceae|g__|s__|ASV_7640",8.67669161424933,3.78485456758698,1.71863831733313,2.20224030234591,0.0276483385894071,0.0558870331629297,"","DESeq2"
"642","EsteroZacatecas - ColaDeBallena","k__Bacteria|p__Pseudomonadota|c__Alphaproteobacteria|o__|f__Neomegalonemataceae|g__Acuticoccus|s__|ASV_9958",6.08627287732851,3.54541761170782,2.56981542341152,1.37963901197276,0.167697819493565,0.231475969556124,"","DESeq2"
"643","EsteroZacatecas - ColaDeBallena","k__Bacteria|p__Cyanobacteriota|c__Cyanobacteriia|o__Cyanobacteriales|f__Paraspirulinaceae|g__ESFC-1|s__|ASV_1387",2.12936362622441,4.33177153366598,2.95364631869995,1.46658437276018,0.142489153697831,NA,NA,"DESeq2"
"644","EsteroZacatecas - ColaDeBallena","k__Bacteria|p__Pseudomonadota|c__Gammaproteobacteria|o__Enterobacterales|f__Vibrionaceae|g__Vibrio|s__|ASV_2958",8.92510405885582,-6.65590556099296,2.03743529066691,-3.26680586690647,0.00108768239708571,0.00455943617376148,"**","DESeq2"
"645","EsteroZacatecas - ColaDeBallena","k__Bacteria|p__Pseudomonadota|c__Alphaproteobacteria|o__Caulobacterales|f__Hyphomonadaceae|g__|s__|ASV_13826",4.97495478713879,5.58179489273936,2.73141612864834,2.04355346451789,0.040997680504933,0.0769807686836428,"","DESeq2"
"646","EsteroZacatecas - ColaDeBallena","k__Bacteria|p__Pseudomonadota|c__Alphaproteobacteria|o__Hyphomicrobiales|f__Rhizobiaceae|g__Pseudahrensia|s__|ASV_13404",9.93348238641511,6.56887991827674,1.44586095370014,4.54323073146566,5.53985569061322e-06,5.77364776562992e-05,"***","DESeq2"
"647","EsteroZacatecas - ColaDeBallena","k__Bacteria|p__Bacteroidota|c__Bacteroidia|o__Cytophagales|f__Cyclobacteriaceae|g__Tunicatimonas|s__|ASV_2268",19.1301481160462,7.52141517866054,2.70407608250527,2.78151019023552,0.00541066320125787,0.0156002878087029,"*","DESeq2"
"648","EsteroZacatecas - ColaDeBallena","k__Bacteria|p__Bacteroidota|c__Bacteroidia|o__Cytophagales|f__Cyclobacteriaceae|g__|s__|ASV_2729",6.4912796456747,3.9868076588366,1.65285914347323,2.41206740125413,0.0158623488407752,0.0355416731422499,"*","DESeq2"
"649","EsteroZacatecas - ColaDeBallena","k__Bacteria|p__Pseudomonadota|c__Alphaproteobacteria|o__Rhodobacterales|f__Paracoccaceae|g__|s__|ASV_10218",8.05974711699781,-6.50893901297462,2.30427229559206,-2.82472649843764,0.00473209895856927,0.0139991260857674,"*","DESeq2"
"650","EsteroZacatecas - ColaDeBallena","k__Bacteria|p__Actinomycetota|c__Actinobacteria|o__Propionibacteriales|f__Propionibacteriaceae|g__|s__|ASV_8927",9.14069861611677,6.45015792954041,1.64478641787534,3.92157781669455,8.79710287052048e-05,0.000616883263019214,"***","DESeq2"
"651","EsteroZacatecas - ColaDeBallena","k__Bacteria|p__Cyanobacteriota|c__Cyanobacteriia|o__Cyanobacteriales|f__Xenococcaceae|g__Pleurocapsa_PCC-7319|s__|ASV_6643",5.7043301751979,5.78485632763221,2.06164554448938,2.80594127496586,0.00501698347394398,0.0146889000680422,"*","DESeq2"
"652","EsteroZacatecas - ColaDeBallena","k__Bacteria|p__Pseudomonadota|c__Alphaproteobacteria|o__Sphingomonadales|f__Sphingomonadaceae|g__Sphingomicrobium|s__|ASV_14557",8.70096429777382,3.68148401809783,2.09021711069871,1.76129264240268,0.0781888847208002,0.125455611642414,"","DESeq2"
"653","EsteroZacatecas - ColaDeBallena","k__Bacteria|p__Pseudomonadota|c__Gammaproteobacteria|o__Beggiatoales|f__Leucotrichaceae|g__|s__|ASV_713",9.35021626468184,-6.7229133756666,1.82469653301728,-3.6844008052943,0.000229241277547642,0.0013852026132666,"**","DESeq2"
"654","EsteroZacatecas - ColaDeBallena","k__Bacteria|p__Actinomycetota|c__Acidimicrobiia|o__Microtrichales|f__Ilumatobacteraceae|g__Ilumatobacter|s__|ASV_9295",11.8768115016344,-7.05790098778209,2.07277951706899,-3.40504184340953,0.000661539164203749,0.00331725709899178,"**","DESeq2"
"655","EsteroZacatecas - ColaDeBallena","k__Bacteria|p__Pseudomonadota|c__Alphaproteobacteria|o__Rhodobacterales|f__Paracoccaceae|g__Palleronia-Pseudomaribius|s__|ASV_10722",8.10339137578804,-6.51847498125805,1.79551569201755,-3.63041938883503,0.000282961070314674,0.00164687816557722,"**","DESeq2"
"656","EsteroZacatecas - ColaDeBallena","k__Bacteria|p__Rhodothermota|c__Rhodothermia|o__Rhodothermales|f__Rhodothermaceae|g__|s__|ASV_10153",5.40549945218562,2.33792860401715,1.91254192714077,1.22241953017591,0.221549017400006,0.294706889656215,"","DESeq2"
"657","EsteroZacatecas - ColaDeBallena","k__Bacteria|p__Bacteroidota|c__Bacteroidia|o__Cytophagales|f__Cyclobacteriaceae|g__Fulvivirga|s__|ASV_15281",3.40894265211709,2.42286606191888,2.65131623060938,0.913835186443228,0.360803454449587,0.445030102339555,"","DESeq2"
"658","EsteroZacatecas - ColaDeBallena","k__Bacteria|p__Cyanobacteriota|c__Cyanobacteriia|o__Cyanobacteriales|f__Microcystaceae|g__Synechocystis_BDHKU-20401|s__|ASV_1439",1.1976780042082,3.53758887781119,2.9599916996609,1.19513472899821,0.232034395132463,NA,NA,"DESeq2"
"659","EsteroZacatecas - ColaDeBallena","k__Bacteria|p__Pseudomonadota|c__Alphaproteobacteria|o__Caulobacterales|f__Hyphomonadaceae|g__Henriciella|s__|ASV_13571",14.8054604888602,7.15025764200359,2.14271049914714,3.33701526400771,0.000846832972484118,0.00389474597871238,"**","DESeq2"
"660","EsteroZacatecas - ColaDeBallena","k__Bacteria|p__Pseudomonadota|c__Alphaproteobacteria|o__Rhodobacterales|f__Paracoccaceae|g__|s__|ASV_13876",12.4999237797958,6.90464646354135,1.90316038557728,3.62798979837267,0.000285636544520664,0.00164712240901256,"**","DESeq2"
"661","EsteroZacatecas - ColaDeBallena","k__Bacteria|p__Rhodothermota|c__Rhodothermia|o__Rhodothermales|f__Rhodothermaceae|g__|s__|ASV_12226",12.671334689598,6.92610636654853,2.38090597131292,2.90902137673636,0.00362562068230515,0.0114408474863851,"*","DESeq2"
"662","EsteroZacatecas - ColaDeBallena","k__Bacteria|p__Actinomycetota|c__Actinobacteria|o__Propionibacteriales|f__Nocardioidaceae|g__Nocardioides|s__|ASV_15978",6.66004977854136,-0.649414902211074,1.84930963053839,-0.351166127882009,0.725463719956026,0.78264652029444,"","DESeq2"
"663","EsteroZacatecas - ColaDeBallena","k__Bacteria|p__Bacteroidota|c__Bacteroidia|o__Flavobacteriales|f__Cryomorphaceae|g__Vicingus|s__|ASV_5876",9.371656653028,3.98499572707418,1.6105289409282,2.47433971896059,0.0133482700970356,0.031329824029406,"*","DESeq2"
"664","EsteroZacatecas - ColaDeBallena","k__Bacteria|p__Gemmatimonadota|c__Longimicrobiia|o__Longimicrobiales|f__Longimicrobiaceae|g__|s__|ASV_9886",7.12237197948734,0.474694125997076,1.01872403915714,0.465969298603989,0.641237476443688,0.712068204535708,"","DESeq2"
"665","EsteroZacatecas - ColaDeBallena","k__Bacteria|p__Pseudomonadota|c__Gammaproteobacteria|o__Enterobacterales|f__Alteromonadaceae|g__Alteromonas|s__|ASV_3135",20.1961291079949,7.59885242926483,2.41775657004129,3.14293528282504,0.00167262816503921,0.00637619327343807,"**","DESeq2"
"666","EsteroZacatecas - ColaDeBallena","k__Bacteria|p__Cyanobacteriota|c__Cyanobacteriia|o__Phormidesmiales|f__Nodosilineaceae|g__|s__|ASV_398",14.0102615483297,7.07132874876178,2.37957655867766,2.97167524321695,0.00296179791375724,0.00984074730521865,"**","DESeq2"
"667","EsteroZacatecas - ColaDeBallena","k__Bacteria|p__Bacteroidota|c__Bacteroidia|o__Cytophagales|f__Cyclobacteriaceae|g__Marinoscillum|s__|ASV_7402",7.58411441685158,1.28048461769511,1.32302589448226,0.967845469265132,0.333121551559538,0.415852837990808,"","DESeq2"
"668","EsteroZacatecas - ColaDeBallena","k__Bacteria|p__Deinococcota|c__Deinococci|o__Deinococcales|f__Trueperaceae|g__Truepera|s__|ASV_2935",5.95177172589015,5.84224417714094,1.6476206903078,3.54586720809479,0.000391323349223461,0.00214755229332296,"**","DESeq2"
"669","EsteroZacatecas - ColaDeBallena","k__Bacteria|p__Pseudomonadota|c__Gammaproteobacteria|o__Enterobacterales|f__Alteromonadaceae|g__Alteromonas|s__|ASV_1591",1.9208860634408,4.21873004419916,2.9543551970755,1.42796981499559,0.153300546874829,NA,NA,"DESeq2"
"670","EsteroZacatecas - ColaDeBallena","k__Bacteria|p__Pseudomonadota|c__Gammaproteobacteria|o__Enterobacterales|f__Vibrionaceae|g__Vibrio|s__|ASV_881",2.16228566482414,1.37459377416797,2.92351845394315,0.47018474342584,0.638223033235248,NA,NA,"DESeq2"
"671","EsteroZacatecas - ColaDeBallena","k__Bacteria|p__Acidobacteriota|c__Thermoanaerobaculia|o__Thermoanaerobaculales|f__Thermoanaerobaculaceae|g__Subgroup_10|s__|ASV_11693",7.43273098050934,-1.10838770027588,2.46735217737925,-0.449221521936598,0.653271863513954,0.722606462465289,"","DESeq2"
"672","EsteroZacatecas - ColaDeBallena","k__Bacteria|p__Actinomycetota|c__Actinobacteria|o__Propionibacteriales|f__Nocardioidaceae|g__Nocardioides|s__|ASV_1358",0.523561675423175,0.395267941900941,2.97490258082441,0.132867524620387,0.89429815074047,NA,NA,"DESeq2"
"673","EsteroZacatecas - ColaDeBallena","k__Bacteria|p__Planctomycetota|c__Planctomycetes|o__Planctomycetales|f__Gimesiaceae|g__|s__|ASV_10539",13.220928207298,-1.55530005801639,1.96574169139603,-0.791202661480845,0.428825738653657,0.515498454085242,"","DESeq2"
"674","EsteroZacatecas - ColaDeBallena","k__Bacteria|p__Bacteroidota|c__Bacteroidia|o__Flavobacteriales|f__Cryomorphaceae|g__|s__|ASV_996",13.7526104919473,2.64357021764928,1.77623353493638,1.48830104018049,0.136671520778964,0.192152039114978,"","DESeq2"
"675","EsteroZacatecas - ColaDeBallena","k__Bacteria|p__Bacteroidota|c__Bacteroidia|o__Cytophagales|f__Flammeovirgaceae|g__|s__|ASV_9450",3.79255461235907,5.19028516657574,2.14313084940751,2.4218237388588,0.0154428388805336,0.0348076685878695,"*","DESeq2"
"676","EsteroZacatecas - ColaDeBallena","k__Bacteria|p__Bdellovibrionota|c__Oligoflexia|o__Oligoflexales|f__Oligoflexaceae|g__|s__|ASV_2184",7.87895017881927,-6.48147403437128,1.37964500681345,-4.69792881673342,2.62812988602411e-06,3.04648525563611e-05,"***","DESeq2"
"677","EsteroZacatecas - ColaDeBallena","k__Bacteria|p__Pseudomonadota|c__Gammaproteobacteria|o__Enterobacterales|f__Vibrionaceae|g__Vibrio|s__|ASV_1505",8.46011685352086,-6.57875521663812,2.03572000335428,-3.23166015257413,0.00123073334670049,0.00497549139449022,"**","DESeq2"
"678","EsteroZacatecas - ColaDeBallena","k__Bacteria|p__Pseudomonadota|c__Gammaproteobacteria|o__Pseudomonadales|f__Halomonadaceae|g__Halomonas|s__|ASV_7291",8.09891380393295,-6.51566791371504,2.32328673232198,-2.80450442171769,0.00503939963962915,0.0146937821542517,"*","DESeq2"
"679","EsteroZacatecas - ColaDeBallena","k__Bacteria|p__Acidobacteriota|c__Thermoanaerobaculia|o__Thermoanaerobaculales|f__Thermoanaerobaculaceae|g__Subgroup_10|s__|ASV_11724",2.58874798132358,-4.87122362238977,2.95282445946932,-1.64968276619641,0.0990078368324032,0.149695022384689,"","DESeq2"
"680","EsteroZacatecas - ColaDeBallena","k__Bacteria|p__Actinomycetota|c__Actinobacteria|o__Euzebyales|f__Euzebyaceae|g__|s__|ASV_3368",2.83784982344418,-5.00353113063974,2.95213440036195,-1.69488595438822,0.0900970574890985,0.140398158172313,"","DESeq2"
"681","EsteroZacatecas - ColaDeBallena","k__Bacteria|p__Bacteroidota|c__Bacteroidia|o__Flavobacteriales|f__Cryomorphaceae|g__Vicingus|s__|ASV_8806",5.71639360091371,2.05718845042985,1.92595366905053,1.06814015492076,0.285457294989501,0.364358974278734,"","DESeq2"
"682","EsteroZacatecas - ColaDeBallena","k__Bacteria|p__Bacteroidota|c__Bacteroidia|o__Flavobacteriales|f__Flavobacteriaceae|g__Maritimimonas|s__|ASV_8338",1.98359637690373,-4.49228268400274,2.95517879834651,-1.52013904759884,0.128476032598752,NA,NA,"DESeq2"
"683","EsteroZacatecas - ColaDeBallena","k__Bacteria|p__Pseudomonadota|c__Alphaproteobacteria|o__Sphingomonadales|f__Sphingomonadaceae|g__Parasphingopyxis|s__|ASV_8232",6.41025666101744,-0.342783908143551,1.54199234896853,-0.222299357304106,0.824080852385192,0.856501233586074,"","DESeq2"
"684","EsteroZacatecas - ColaDeBallena","k__Bacteria|p__Bacteroidota|c__Bacteroidia|o__Flavobacteriales|f__Flavobacteriaceae|g__|s__|ASV_13178",4.01714478561005,5.27415471632775,2.94945213957092,1.78818114915912,0.0737467865984858,0.120249058757987,"","DESeq2"
"685","EsteroZacatecas - ColaDeBallena","k__Bacteria|p__Bacteroidota|c__Bacteroidia|o__Cytophagales|f__Cyclobacteriaceae|g__Tunicatimonas|s__|ASV_15859",6.24790100610677,5.90971941070848,2.94782013675675,2.00477611812859,0.0449869867596186,0.0824417854000454,"","DESeq2"
"686","EsteroZacatecas - ColaDeBallena","k__Bacteria|p__Planctomycetota|c__Planctomycetes|o__Pirellulales|f__Pirellulaceae|g__Pir4_lineage|s__|ASV_11433",16.2567291727328,0.500625720126655,2.02954792910499,0.24666858710128,0.805164719308173,0.843788857134764,"","DESeq2"
"687","EsteroZacatecas - ColaDeBallena","k__Bacteria|p__Pseudomonadota|c__Alphaproteobacteria|o__Hyphomicrobiales|f__Rhizobiaceae|g__Pseudahrensia|s__|ASV_14095",4.90511801357324,5.56691361155423,2.35512438848846,2.36374504835693,0.0180912577965145,0.0395985912463208,"*","DESeq2"
"688","EsteroZacatecas - ColaDeBallena","k__Bacteria|p__Bacteroidota|c__Bacteroidia|o__Chitinophagales|f__Saprospiraceae|g__|s__|ASV_71",13.646793527054,7.03227084963986,2.15143867990881,3.26863643166345,0.00108067063489066,0.00454682163420664,"**","DESeq2"
"689","EsteroZacatecas - ColaDeBallena","k__Bacteria|p__Cyanobacteriota|c__Cyanobacteriia|o__Cyanobacteriales|f__Microcystaceae|g__UCYN-C|s__|ASV_7308",14.8162487877653,7.14430617692925,1.58863649439475,4.49713084279305,6.88766051713475e-06,6.86349328725006e-05,"***","DESeq2"
"690","EsteroZacatecas - ColaDeBallena","k__Bacteria|p__Planctomycetota|c__Planctomycetes|o__Pirellulales|f__Pirellulaceae|g__Pir4_lineage|s__|ASV_6009",6.67030535168695,-1.68786328251192,1.97608877848192,-0.854143447850853,0.393025512918974,0.479052556519265,"","DESeq2"
"691","EsteroZacatecas - ColaDeBallena","k__Bacteria|p__Pseudomonadota|c__Alphaproteobacteria|o__Sphingomonadales|f__Sphingomonadaceae|g__|s__|ASV_6859",5.30629722132281,2.80838909168576,1.67979604679081,1.67186313901089,0.0945513128927742,0.144782314076725,"","DESeq2"
"692","EsteroZacatecas - ColaDeBallena","k__Bacteria|p__Pseudomonadota|c__Gammaproteobacteria|o__Steroidobacterales|f__Woeseiaceae|g__Woeseia|s__|ASV_4265",3.91790782131576,5.22055377828322,2.94962516088024,1.76990413816692,0.0767431113555878,0.124003507733124,"","DESeq2"
"693","EsteroZacatecas - ColaDeBallena","k__Bacteria|p__Bacteroidota|c__Bacteroidia|o__Chitinophagales|f__Saprospiraceae|g__|s__|ASV_495",6.12990331870396,5.88687965870067,1.46043599851728,4.03090560947373,5.55623554611261e-05,0.000415255498709469,"***","DESeq2"
"694","EsteroZacatecas - ColaDeBallena","k__Bacteria|p__Pseudomonadota|c__Alphaproteobacteria|o__Rhodobacterales|f__Paracoccaceae|g__Allosediminivita|s__|ASV_14720",7.4582850255482,-6.39795752974324,2.0509926880243,-3.11944433888076,0.00181192491020813,0.00677087729604091,"**","DESeq2"
"695","EsteroZacatecas - ColaDeBallena","k__Bacteria|p__Actinomycetota|c__Actinobacteria|o__Mycobacteriales|f__Mycobacteriaceae|g__Mycobacterium|s__|ASV_8131",7.27230466668171,-1.71150664153783,1.99870923495404,-0.856305965673484,0.391828562329654,0.478106602370019,"","DESeq2"
"696","EsteroZacatecas - ColaDeBallena","k__Bacteria|p__Planctomycetota|c__Planctomycetes|o__Pirellulales|f__Pirellulaceae|g__|s__|ASV_9760",12.466260401416,2.91828946695292,2.25528623547947,1.29397742115537,0.195673219988235,0.264940140532342,"","DESeq2"
"697","EsteroZacatecas - ColaDeBallena","k__Bacteria|p__Pseudomonadota|c__Alphaproteobacteria|o__Caulobacterales|f__Hyphomonadaceae|g__Algimonas|s__|ASV_7416",15.3392966549259,7.20071718550161,2.16900427312118,3.31982618694422,0.000900735095286685,0.00401190105399406,"**","DESeq2"
"698","EsteroZacatecas - ColaDeBallena","k__Bacteria|p__Rhodothermota|c__Rhodothermia|o__Rhodothermales|f__Rhodothermaceae|g__|s__|ASV_3086",2.13079363922391,-4.59146671408055,2.95450339397199,-1.55405701122172,0.120170818197027,NA,NA,"DESeq2"
"699","EsteroZacatecas - ColaDeBallena","k__Bacteria|p__Verrucomicrobiota|c__Verrucomicrobiia|o__Verrucomicrobiales|f__DEV007|g__|s__|ASV_5482",10.8186932474204,6.69955336902126,2.36446415661717,2.83343409976081,0.0046050802048304,0.0138587693519908,"*","DESeq2"
"700","EsteroZacatecas - ColaDeBallena","k__Bacteria|p__Bacteroidota|c__Bacteroidia|o__Chitinophagales|f__Saprospiraceae|g__Lewinella|s__|ASV_8923",14.1358932140552,7.08380282254825,2.39755469077387,2.95459488361526,0.00313079864421943,0.0102200783328542,"*","DESeq2"
"701","EsteroZacatecas - ColaDeBallena","k__Bacteria|p__Bacteroidota|c__Bacteroidia|o__Cytophagales|f__Cyclobacteriaceae|g__Fulvivirga|s__|ASV_9806",0.473202455667138,-2.55998977957316,2.97482404617949,-0.860551662832263,0.389485017958234,NA,NA,"DESeq2"
"702","EsteroZacatecas - ColaDeBallena","k__Bacteria|p__Pseudomonadota|c__Alphaproteobacteria|o__Rhodobacterales|f__Paracoccaceae|g__Limibaculum|s__|ASV_7044",7.41895535587179,6.15166081933225,1.46461789829013,4.20018137598484,2.66701244600066e-05,0.00022114789333261,"***","DESeq2"
"703","EsteroZacatecas - ColaDeBallena","k__Bacteria|p__Pseudomonadota|c__Alphaproteobacteria|o__Rhodobacterales|f__Paracoccaceae|g__|s__|ASV_11336",12.1671859866086,6.8648044240635,1.91309885931857,3.58831661554003,0.000332819967876028,0.00189041741753584,"**","DESeq2"
"704","EsteroZacatecas - ColaDeBallena","k__Bacteria|p__Pseudomonadota|c__Alphaproteobacteria|o__Sphingomonadales|f__Sphingomonadaceae|g__|s__|ASV_13125",7.69998275113442,-6.4437478295621,2.04490222914163,-3.15112758826955,0.00162641425896948,0.00624191418307206,"**","DESeq2"
"705","EsteroZacatecas - ColaDeBallena","k__Bacteria|p__Rhodothermota|c__Rhodothermia|o__Rhodothermales|f__Rhodothermaceae|g__Rubrivirga|s__|ASV_3264",5.75955591728389,0.649695676494443,1.67904034941287,0.386944647710003,0.69879718667191,0.761106044160393,"","DESeq2"
"706","EsteroZacatecas - ColaDeBallena","k__Bacteria|p__Rhodothermota|c__Rhodothermia|o__Rhodothermales|f__Rhodothermaceae|g__|s__|ASV_11919",5.28236303345977,0.960750200768725,2.18966760330264,0.438765317311012,0.660831593382162,0.729547803772727,"","DESeq2"
"707","EsteroZacatecas - ColaDeBallena","k__Bacteria|p__Bacteroidota|c__Bacteroidia|o__Chitinophagales|f__Saprospiraceae|g__Lewinella|s__|ASV_474",5.78200627601225,-2.47361413173099,2.37846440085284,-1.04000468993525,0.298337721751454,0.378249611506308,"","DESeq2"
"708","EsteroZacatecas - ColaDeBallena","k__Bacteria|p__Pseudomonadota|c__Alphaproteobacteria|o__Rhodobacterales|f__Paracoccaceae|g__Jannaschia|s__|ASV_6611",2.68384452652617,-4.92503371875387,2.9525363346009,-1.66806879259611,0.0953020713780621,0.145514990706288,"","DESeq2"
"709","EsteroZacatecas - ColaDeBallena","k__Bacteria|p__Pseudomonadota|c__Gammaproteobacteria|o__Steroidobacterales|f__Woeseiaceae|g__Woeseia|s__|ASV_11577",12.3002593697579,-4.83435775748557,1.70902944553451,-2.82871530980181,0.00467352522822458,0.0139347103917667,"*","DESeq2"
"710","EsteroZacatecas - ColaDeBallena","k__Bacteria|p__Rhodothermota|c__Rhodothermia|o__Rhodothermales|f__Rhodothermaceae|g__Rubrivirga|s__|ASV_7459",5.92893002523167,5.83756143288481,2.34528029962728,2.48906769643379,0.0128078575524386,0.0305666516377527,"*","DESeq2"
"711","EsteroZacatecas - ColaDeBallena","k__Bacteria|p__Rhodothermota|c__Rhodothermia|o__Rhodothermales|f__Rhodothermaceae|g__|s__|ASV_9662",6.02825046607861,5.85776759240455,2.94792842560937,1.98707931356702,0.0469136082535848,0.085225099156662,"","DESeq2"
"712","EsteroZacatecas - ColaDeBallena","k__Bacteria|p__Bacteroidota|c__Bacteroidia|o__Cytophagales|f__Cyclobacteriaceae|g__Tunicatimonas|s__|ASV_2526",8.58390676275237,6.36432950940148,2.36868020784541,2.68686734845924,0.00721255901350507,0.019415798671426,"*","DESeq2"
"713","EsteroZacatecas - ColaDeBallena","k__Bacteria|p__Planctomycetota|c__Planctomycetes|o__Pirellulales|f__Pirellulaceae|g__Rhodopirellula|s__|ASV_3665",13.7251970340818,7.04163101977165,2.38983718278912,2.94648985733561,0.00321402959434722,0.0104617123758695,"*","DESeq2"
"714","EsteroZacatecas - ColaDeBallena","k__Bacteria|p__Pseudomonadota|c__Alphaproteobacteria|o__Rhodobacterales|f__Paracoccaceae|g__Pikeienuella|s__|ASV_7133",6.0823623593322,-1.2173523766622,1.80543711649153,-0.674270161803174,0.500139570428319,0.584525259266019,"","DESeq2"
"715","EsteroZacatecas - ColaDeBallena","k__Bacteria|p__Spirochaetota|c__Spirochaetia|o__Spirochaetales|f__Spirochaetaceae|g__|s__|ASV_8996",7.73037723246181,-5.2451775138836,1.99319860128139,-2.63153782594046,0.00849994045847354,0.0220959550590983,"*","DESeq2"
"716","EsteroZacatecas - ColaDeBallena","k__Bacteria|p__Pseudomonadota|c__Alphaproteobacteria|o__Rhodobacterales|f__Paracoccaceae|g__Palleronia-Pseudomaribius|s__|ASV_6542",1.30037463869845,-3.90655677173152,2.95945694964983,-1.32002486881715,0.186826715069691,NA,NA,"DESeq2"
"717","EsteroZacatecas - ColaDeBallena","k__Bacteria|p__Pseudomonadota|c__Gammaproteobacteria|o__Pseudomonadales|f__Alcanivoracaceae|g__Ketobacter|s__|ASV_11640",6.42958628147422,5.94810131467448,2.10202376565283,2.82970221929302,0.00465913461478964,0.0139347103917667,"*","DESeq2"
"718","EsteroZacatecas - ColaDeBallena","k__Bacteria|p__Pseudomonadota|c__Gammaproteobacteria|o__Steroidobacterales|f__Woeseiaceae|g__Woeseia|s__|ASV_55",8.80869105610075,-6.63543589305547,2.64987813647132,-2.50405322483677,0.0122779562413336,0.0298667201073981,"*","DESeq2"
"719","EsteroZacatecas - ColaDeBallena","k__Bacteria|p__Rhodothermota|c__Rhodothermia|o__Rhodothermales|f__Rhodothermaceae|g__|s__|ASV_2058",2.21772513996184,4.42046093512175,2.95312705521283,1.49687461882779,0.134425885587249,NA,NA,"DESeq2"
"720","EsteroZacatecas - ColaDeBallena","k__Bacteria|p__Thermodesulfobacteriota|c__Desulfobulbia|o__Desulfobulbales|f__Desulfocapsaceae|g__|s__|ASV_8870",8.14932651572637,-6.52535251650083,1.82083485216661,-3.58371463987319,0.000338742156345164,0.00191448303287615,"**","DESeq2"
"721","EsteroZacatecas - ColaDeBallena","k__Bacteria|p__Acidobacteriota|c__Thermoanaerobaculia|o__Thermoanaerobaculales|f__Thermoanaerobaculaceae|g__Subgroup_10|s__|ASV_5785",0.994043705056428,-3.53502645800174,2.96239420037823,-1.19330049240253,0.232751709724563,NA,NA,"DESeq2"
"722","EsteroZacatecas - ColaDeBallena","k__Bacteria|p__Pseudomonadota|c__Alphaproteobacteria|o__Rhodobacterales|f__Paracoccaceae|g__|s__|ASV_5674",15.4433523708084,7.21236206140488,2.69583297303006,2.67537422887826,0.00746458752023979,0.0199524033482174,"*","DESeq2"
"723","EsteroZacatecas - ColaDeBallena","k__Bacteria|p__Pseudomonadota|c__Gammaproteobacteria|o__Pseudomonadales|f__Pseudohongiellaceae|g__Pseudohongiella|s__|ASV_15449",12.514636600551,-7.11873836110458,1.48740005040058,-4.7860280488678,1.70114293251103e-06,2.05308730576379e-05,"***","DESeq2"
"724","EsteroZacatecas - ColaDeBallena","k__Bacteria|p__Actinomycetota|c__Acidimicrobiia|o__Microtrichales|f__Microtrichaceae|g__|s__|ASV_11603",3.73709705484691,5.15778907701378,2.94983601375786,1.74850027356035,0.0803774382731356,0.12806279085313,"","DESeq2"
"725","EsteroZacatecas - ColaDeBallena","k__Bacteria|p__Pseudomonadota|c__Alphaproteobacteria|o__Rhodobacterales|f__Paracoccaceae|g__Defluviimonas|s__|ASV_15547",3.16721523567858,-5.16411046281117,2.9513758805996,-1.74972984524154,0.0801649412047096,0.127903614056952,"","DESeq2"
"726","EsteroZacatecas - ColaDeBallena","k__Bacteria|p__Actinomycetota|c__Acidimicrobiia|o__Microtrichales|f__Microtrichaceae|g__|s__|ASV_12371",10.8886610612037,6.70868719912413,2.68214882385318,2.50123600132166,0.0123760675334357,0.0299769993986844,"*","DESeq2"
"727","EsteroZacatecas - ColaDeBallena","k__Bacteria|p__Actinomycetota|c__Actinobacteria|o__Euzebyales|f__Euzebyaceae|g__|s__|ASV_15196",2.17713531816673,4.39713678564804,2.95326059322059,1.48890917237103,0.136511287882166,NA,NA,"DESeq2"
"728","EsteroZacatecas - ColaDeBallena","k__Bacteria|p__Actinomycetota|c__Actinobacteria|o__Nitriliruptorales|f__Nitriliruptoraceae|g__|s__|ASV_2609",10.0600715688669,-6.8173178012185,2.3367740489837,-2.91740564483908,0.003529564189965,0.011199957876537,"*","DESeq2"
"729","EsteroZacatecas - ColaDeBallena","k__Bacteria|p__Pseudomonadota|c__Alphaproteobacteria|o__Rhodobacterales|f__Paracoccaceae|g__Actibacterium|s__|ASV_9225",6.42990108159228,2.51771284183011,2.64709486855894,0.951123011016503,0.34154193477723,0.42496345882468,"","DESeq2"
"730","EsteroZacatecas - ColaDeBallena","k__Bacteria|p__Pseudomonadota|c__Alphaproteobacteria|o__Rhodobacterales|f__Paracoccaceae|g__Jannaschia|s__|ASV_5258",2.50875367842996,4.5950389357532,2.92002529358376,1.57362984007364,0.115573050450116,0.166824631907665,"","DESeq2"
"731","EsteroZacatecas - ColaDeBallena","k__Bacteria|p__Verrucomicrobiota|c__Verrucomicrobiia|o__Opitutales|f__Puniceicoccaceae|g__Verruc-01|s__|ASV_3940",11.9475271552802,-7.06270563241437,1.85826848718791,-3.80069170903408,0.000144292733569795,0.000915734890141266,"***","DESeq2"
"732","EsteroZacatecas - ColaDeBallena","k__Bacteria|p__Pseudomonadota|c__Alphaproteobacteria|o__Rhodobacterales|f__Paracoccaceae|g__|s__|ASV_12109",13.8446095420625,7.05439306083518,2.68311239112604,2.62918284160084,0.00855903281760422,0.0221482033731171,"*","DESeq2"
"733","EsteroZacatecas - ColaDeBallena","k__Bacteria|p__Pseudomonadota|c__Alphaproteobacteria|o__Sphingomonadales|f__Sphingomonadaceae|g__|s__|ASV_15119",0.84366792958627,3.04488490044917,2.96586600024055,1.02664277489347,0.304588704447045,NA,NA,"DESeq2"
"734","EsteroZacatecas - ColaDeBallena","k__Bacteria|p__Pseudomonadota|c__Gammaproteobacteria|o__Arenicellales|f__Arenicellaceae|g__|s__|ASV_6615",7.78707777494421,-6.45944452830553,2.05172848042022,-3.14829403108084,0.00164226411945142,0.00628152201918119,"**","DESeq2"
"735","EsteroZacatecas - ColaDeBallena","k__Bacteria|p__Pseudomonadota|c__Alphaproteobacteria|o__Rhodobacterales|f__Paracoccaceae|g__Limibaculum|s__|ASV_13202",0.989287515080082,-3.53941534011115,2.96235494100672,-1.19479785866184,0.232166017178174,NA,NA,"DESeq2"
"736","EsteroZacatecas - ColaDeBallena","k__Bacteria|p__Pseudomonadota|c__Alphaproteobacteria|o__Sphingomonadales|f__Sphingomonadaceae|g__Croceibacterium|s__|ASV_2710",5.04387505655619,5.60295819638419,1.81625544822393,3.08489546548266,0.00203623706623877,0.00746182357176529,"**","DESeq2"
"737","EsteroZacatecas - ColaDeBallena","k__Bacteria|p__Chloroflexota|c__Anaerolineae|o__Aggregatilineales|f__A4b|g__|s__|ASV_4050",13.3948687719522,7.00470329370535,2.14588433413538,3.26425016590081,0.00109754210451392,0.00457116057846116,"**","DESeq2"
"738","EsteroZacatecas - ColaDeBallena","k__Bacteria|p__Pseudomonadota|c__Alphaproteobacteria|o__Rhodobacterales|f__Paracoccaceae|g__|s__|ASV_2081",7.29924337711519,-6.36533535151976,2.66174176097149,-2.39141732111402,0.0167834636278087,0.0368781715303495,"*","DESeq2"
"739","EsteroZacatecas - ColaDeBallena","k__Bacteria|p__Pseudomonadota|c__Alphaproteobacteria|o__Rhodobacterales|f__Paracoccaceae|g__|s__|ASV_224",14.9525163702656,-0.554403173456743,2.0192604930801,-0.274557530024806,0.783656198851422,0.825054163016882,"","DESeq2"
"740","EsteroZacatecas - ColaDeBallena","k__Bacteria|p__Pseudomonadota|c__Alphaproteobacteria|o__Rhodobacterales|f__Paracoccaceae|g__|s__|ASV_6991",1.91152120022282,4.21260194785922,2.95439520328371,1.42587624809878,0.153904066589404,NA,NA,"DESeq2"
"741","EsteroZacatecas - ColaDeBallena","k__Bacteria|p__Pseudomonadota|c__Alphaproteobacteria|o__Rhodobacterales|f__Paracoccaceae|g__|s__|ASV_7269",6.41383563059817,5.9496139943433,2.68550995467076,2.21545035943563,0.0267291680068766,0.0546121130500213,"","DESeq2"
"742","EsteroZacatecas - ColaDeBallena","k__Bacteria|p__Bacteroidota|c__Bacteroidia|o__Flavobacteriales|f__Cryomorphaceae|g__Vicingus|s__|ASV_9624",11.7968901355252,6.82286273037962,2.68054246932583,2.54532909232197,0.0109174792634653,0.0273177454698162,"*","DESeq2"
"743","EsteroZacatecas - ColaDeBallena","k__Bacteria|p__Pseudomonadota|c__Alphaproteobacteria|o__Hyphomicrobiales|f__Rhizobiaceae|g__|s__|ASV_9695",4.34081044489696,5.39145777520846,2.37051185012168,2.27438549819176,0.0229428185972351,0.0481756782374475,"*","DESeq2"
"744","EsteroZacatecas - ColaDeBallena","k__Bacteria|p__Pseudomonadota|c__Alphaproteobacteria|o__Rhodobacterales|f__Paracoccaceae|g__|s__|ASV_16062",4.08891253393915,5.30153164151236,2.94936619243866,1.79751556626097,0.0722538091670007,0.118442030611418,"","DESeq2"
"745","EsteroZacatecas - ColaDeBallena","k__Bacteria|p__Pseudomonadota|c__Gammaproteobacteria|o__Enterobacterales|f__Pseudoalteromonadaceae|g__Pseudoalteromonas|s__|ASV_8939",17.7034390439821,7.40933951813199,2.70232996309408,2.74183375802433,0.00610972548340595,0.0170951924855891,"*","DESeq2"
"746","EsteroZacatecas - ColaDeBallena","k__Bacteria|p__Pseudomonadota|c__Gammaproteobacteria|o__Pseudomonadales|f__Porticoccaceae|g__C1-B045|s__|ASV_15068",14.5550829068407,-7.08170839033786,1.62659071103027,-4.35371254877779,1.33851193902663e-05,0.00012164396501874,"***","DESeq2"
"747","EsteroZacatecas - ColaDeBallena","k__Bacteria|p__Pseudomonadota|c__Gammaproteobacteria|o__Pseudomonadales|f__Spongiibacteraceae|g__|s__|ASV_10489",10.9452068899522,-2.27727729376275,2.47469806648843,-0.920224299117905,0.357455558748824,0.441379907324635,"","DESeq2"
"748","EsteroZacatecas - ColaDeBallena","k__Bacteria|p__Rhodothermota|c__Rhodothermia|o__Rhodothermales|f__Rhodothermaceae|g__Rubrivirga|s__|ASV_9477",4.42634446676989,2.32762883322703,2.35936243431658,0.986549925256084,0.323863328796328,0.405632570576216,"","DESeq2"
"749","EsteroZacatecas - ColaDeBallena","k__Bacteria|p__Actinomycetota|c__Actinobacteria|o__Propionibacteriales|f__Nocardioidaceae|g__Nocardioides|s__|ASV_10179",7.38915343137605,-6.38343361858304,2.33141857197395,-2.7380041041615,0.0061813304510598,0.0172214201769524,"*","DESeq2"
"750","EsteroZacatecas - ColaDeBallena","k__Bacteria|p__Pseudomonadota|c__Alphaproteobacteria|o__Rhodobacterales|f__Paracoccaceae|g__|s__|ASV_1155",11.3767188174732,-6.99930793420253,2.66175023456388,-2.62958854790872,0.00854882653328556,0.0221482033731171,"*","DESeq2"
"751","EsteroZacatecas - ColaDeBallena","k__Bacteria|p__Pseudomonadota|c__Gammaproteobacteria|o__Enterobacterales|f__Pseudoalteromonadaceae|g__Pseudoalteromonas|s__|ASV_1442",14.178752727068,6.16210504466117,2.03374213251361,3.0299343000015,0.00244606942382788,0.00862961138344246,"**","DESeq2"
"752","EsteroZacatecas - ColaDeBallena","k__Bacteria|p__Thermodesulfobacteriota|c__Desulfobulbia|o__Desulfobulbales|f__Desulfocapsaceae|g__|s__|ASV_4510",16.7547034118778,7.32770087551852,2.1765255959302,3.3666963941156,0.00076074391437658,0.00366318156817171,"**","DESeq2"
"753","EsteroZacatecas - ColaDeBallena","k__Bacteria|p__Actinomycetota|c__Actinobacteria|o__Euzebyales|f__Euzebyaceae|g__Euzebya|s__|ASV_12212",11.9631587020787,6.84307966756672,2.38190132264036,2.87294843095393,0.00406660490667063,0.0126220305299941,"*","DESeq2"
"754","EsteroZacatecas - ColaDeBallena","k__Bacteria|p__Actinomycetota|c__Actinobacteria|o__Euzebyales|f__Euzebyaceae|g__|s__|ASV_12651",0,0,0,0,1,NA,NA,"DESeq2"
"755","EsteroZacatecas - ColaDeBallena","k__Bacteria|p__Bacteroidota|c__Bacteroidia|o__Chitinophagales|f__Saprospiraceae|g__Lewinella|s__|ASV_9425",6.12251568336262,-3.5366080851327,1.75573450329526,-2.01431826879007,0.0439761291297998,0.0812021951810225,"","DESeq2"
"756","EsteroZacatecas - ColaDeBallena","k__Bacteria|p__Bacteroidota|c__Bacteroidia|o__Cytophagales|f__Cyclobacteriaceae|g__Fulvivirga|s__|ASV_13853",4.50418098955721,5.42904237716325,2.94898649052169,1.84098584195373,0.0656236335023346,0.109953462623381,"","DESeq2"
"757","EsteroZacatecas - ColaDeBallena","k__Bacteria|p__Campylobacterota|c__Campylobacteria|o__Campylobacterales|f__Sulfurovaceae|g__Sulfurovum|s__|ASV_12204",4.94433063494091,-0.752857409538759,2.47811114636807,-0.303802922900432,0.761278039778873,0.808235376811962,"","DESeq2"
"758","EsteroZacatecas - ColaDeBallena","k__Bacteria|p__Pseudomonadota|c__Gammaproteobacteria|o__Enterobacterales|f__Alteromonadaceae|g__|s__|ASV_12014",12.3054036194812,6.63615252021256,2.20528115519701,3.00920928135339,0.00261928620909449,0.00912732863046423,"**","DESeq2"
"759","EsteroZacatecas - ColaDeBallena","k__Bacteria|p__Pseudomonadota|c__Gammaproteobacteria|o__Pseudomonadales|f__Halieaceae|g__Parahaliea|s__|ASV_7963",7.75816820537725,-3.51805377939128,1.744821147838,-2.01628332150289,0.0437703579359009,0.0809822909042075,"","DESeq2"
"760","EsteroZacatecas - ColaDeBallena","k__Bacteria|p__Acidobacteriota|c__Thermoanaerobaculia|o__Thermoanaerobaculales|f__Thermoanaerobaculaceae|g__Subgroup_10|s__|ASV_5707",8.69341778868954,-4.53378663703237,1.55223917755768,-2.92080415349773,0.00349129222873685,0.011109546139622,"*","DESeq2"
"761","EsteroZacatecas - ColaDeBallena","k__Bacteria|p__Cyanobacteriota|c__Cyanobacteriia|o__Phormidesmiales|f__Phormidesmiaceae|g__Acrophormium_PCC-7375|s__|ASV_13771",11.1055108308823,6.7374375637543,2.39231502672633,2.81628359496361,0.00485827606009725,0.0142853629093506,"*","DESeq2"
"762","EsteroZacatecas - ColaDeBallena","k__Bacteria|p__Pseudomonadota|c__Alphaproteobacteria|o__Rhodobacterales|f__Paracoccaceae|g__|s__|ASV_6066",3.83971487162883,2.00336071262228,2.12159024757692,0.944273153079552,0.345030081373001,0.428330335943139,"","DESeq2"
"763","EsteroZacatecas - ColaDeBallena","k__Bacteria|p__Pseudomonadota|c__Gammaproteobacteria|o__Steroidobacterales|f__Woeseiaceae|g__Woeseia|s__|ASV_8264",14.9856836672935,7.16646426332681,2.14920343197909,3.33447460426191,0.000854607038366064,0.00390492737597226,"**","DESeq2"
"764","EsteroZacatecas - ColaDeBallena","k__Bacteria|p__Bacteroidota|c__Bacteroidia|o__Cytophagales|f__Cyclobacteriaceae|g__|s__|ASV_544",4.69307564626546,5.48951474562281,2.94881771195107,1.86159853943318,0.0626596993304811,0.106082590818817,"","DESeq2"
"765","EsteroZacatecas - ColaDeBallena","k__Bacteria|p__Bacteroidota|c__Bacteroidia|o__Cytophagales|f__Cyclobacteriaceae|g__|s__|ASV_7495",3.71806467046358,5.16756099037473,2.42832298738935,2.12803692804073,0.0333340219467381,0.0655146175285372,"","DESeq2"
"766","EsteroZacatecas - ColaDeBallena","k__Bacteria|p__Pseudomonadota|c__Alphaproteobacteria|o__Hyphomicrobiales|f__Hyphomicrobiaceae|g__Filomicrobium|s__|ASV_9961",8.19439419568269,1.18513736766555,1.9055151696823,0.621951158679645,0.533973984144754,0.618342962271601,"","DESeq2"
"767","EsteroZacatecas - ColaDeBallena","k__Bacteria|p__Rhodothermota|c__Rhodothermia|o__Rhodothermales|f__Rhodothermaceae|g__|s__|ASV_6356",7.07167129456966,6.08316289005593,1.83786117404753,3.30991425030159,0.00093324556827959,0.00412516329013858,"**","DESeq2"
"768","EsteroZacatecas - ColaDeBallena","k__Bacteria|p__Thermodesulfobacteriota|c__Desulfobacteria|o__Desulfobacterales|f__Desulfosarcinaceae|g__Sva0081_sediment_group|s__|ASV_4006",13.2134551060634,3.59075230164884,2.00827554165059,1.78797790800042,0.0737795721428849,0.120249058757987,"","DESeq2"
"769","EsteroZacatecas - ColaDeBallena","k__Bacteria|p__Planctomycetota|c__Planctomycetes|o__Pirellulales|f__Pirellulaceae|g__Rhodopirellula|s__|ASV_15927",5.81381958324588,5.80563227859234,2.7391005515478,2.11953966980574,0.0340448849070183,0.0666810159558151,"","DESeq2"
"770","EsteroZacatecas - ColaDeBallena","k__Bacteria|p__Pseudomonadota|c__Gammaproteobacteria|o__Chromatiales|f__Chromatiaceae|g__Thiophaeococcus|s__|ASV_12705",1.49022898717599,-4.08636559960527,2.95828354285307,-1.38132993014734,0.167177539546321,NA,NA,"DESeq2"
"771","EsteroZacatecas - ColaDeBallena","k__Bacteria|p__Pseudomonadota|c__Gammaproteobacteria|o__Pseudomonadales|f__211ds20|g__|s__|ASV_11427",6.69654337367613,-6.24424400534475,1.80725670335872,-3.45509522456885,0.00055009849881354,0.00285347897101453,"**","DESeq2"
"772","EsteroZacatecas - ColaDeBallena","k__Bacteria|p__Bacteroidota|c__Bacteroidia|o__Flavobacteriales|f__Flavobacteriaceae|g__Hoppeia|s__|ASV_15678",0.7154563480215,-3.10958719664306,2.9668206012291,-1.0481210745789,0.294582827744621,NA,NA,"DESeq2"
"773","EsteroZacatecas - ColaDeBallena","k__Bacteria|p__Bacteroidota|c__Bacteroidia|o__Flavobacteriales|f__Flavobacteriaceae|g__|s__|ASV_748",8.80900533995686,-6.63064236830264,1.67201312430439,-3.96566406801454,7.31918859420445e-05,0.000522930707107941,"***","DESeq2"
"774","EsteroZacatecas - ColaDeBallena","k__Bacteria|p__Myxococcota|c__Polyangiia|o__Polyangiales|f__Sandaracinaceae|g__|s__|ASV_15920",3.75627535289358,-5.40867909126324,2.74070404526858,-1.97346338821243,0.0484427918450727,0.0870743853417762,"","DESeq2"
"775","EsteroZacatecas - ColaDeBallena","k__Bacteria|p__Pseudomonadota|c__Gammaproteobacteria|o__Thiomicrospirales|f__Thiomicrospiraceae|g__endosymbionts|s__|ASV_6391",6.64872961725476,-6.20895470944998,2.94803426042427,-2.10613383731721,0.035192728316384,0.0684208765524588,"","DESeq2"
"776","EsteroZacatecas - ColaDeBallena","k__Bacteria|p__Bacillota|c__Bacilli|o__Bacillales|f__Bacillaceae|g__|s__|ASV_3276",2.19630372205344,4.38612029154124,2.95332440676166,1.485146799823,0.137504941109821,NA,NA,"DESeq2"
"777","EsteroZacatecas - ColaDeBallena","k__Bacteria|p__Cyanobacteriota|c__Cyanobacteriia|o__Phormidesmiales|f__Phormidesmiaceae|g__Phormidesmis_ANT.LACV5.1|s__|ASV_6961",11.0319003667035,6.72565985931042,2.15404494960982,3.12233960601829,0.00179419840463656,0.00674903770750707,"**","DESeq2"
"778","EsteroZacatecas - ColaDeBallena","k__Bacteria|p__Pseudomonadota|c__Gammaproteobacteria|o__Pseudomonadales|f__211ds20|g__|s__|ASV_7484",11.9828255133919,-6.25134136430667,1.33625034293572,-4.67827110193483,2.89303884241999e-06,3.31968901514052e-05,"***","DESeq2"
"779","EsteroZacatecas - ColaDeBallena","k__Bacteria|p__Bacteroidota|c__Bacteroidia|o__Cytophagales|f__Cyclobacteriaceae|g__|s__|ASV_14628",12.0266141628986,3.01009175867791,2.69335350401846,1.11759995640634,0.263737887417163,0.340848964853125,"","DESeq2"
"780","EsteroZacatecas - ColaDeBallena","k__Bacteria|p__Balneolota|c__Balneolia|o__Balneolales|f__Balneolaceae|g__|s__|ASV_11154",7.22242756260135,-6.35031376128727,2.3450784744791,-2.70793230605975,0.00677038304357939,0.0184883536959283,"*","DESeq2"
"781","EsteroZacatecas - ColaDeBallena","k__Bacteria|p__Myxococcota|c__Polyangiia|o__Polyangiales|f__Sandaracinaceae|g__|s__|ASV_12484",0,0,0,0,1,NA,NA,"DESeq2"
"782","EsteroZacatecas - ColaDeBallena","k__Bacteria|p__Pseudomonadota|c__Alphaproteobacteria|o__Rhodobacterales|f__Paracoccaceae|g__Palleronia-Pseudomaribius|s__|ASV_3694",9.69784665446875,6.54019155876509,2.36514839458057,2.76523518513726,0.00568817688559191,0.0161949096291539,"*","DESeq2"
"783","EsteroZacatecas - ColaDeBallena","k__Bacteria|p__Pseudomonadota|c__Alphaproteobacteria|o__Sphingomonadales|f__Sphingomonadaceae|g__Altericroceibacterium|s__|ASV_8248",6.24664081077497,-2.39160530428993,1.60210742399939,-1.49278710557354,0.135492923637155,0.190967693860804,"","DESeq2"
"784","EsteroZacatecas - ColaDeBallena","k__Bacteria|p__Planctomycetota|c__Planctomycetes|o__Pirellulales|f__Pirellulaceae|g__Bythopirellula|s__|ASV_15346",12.6827988732871,-3.15957404321275,1.59260607843254,-1.98390178588445,0.0472667898064099,0.0856380753111349,"","DESeq2"
"785","EsteroZacatecas - ColaDeBallena","k__Bacteria|p__Pseudomonadota|c__Alphaproteobacteria|o__Rhodobacterales|f__Paracoccaceae|g__Tropicimonas-Psychromarinibacter|s__|ASV_2406",13.9347402752197,4.20094706937793,1.98311403885129,2.11835879686037,0.0341446925887463,0.0667613954919377,"","DESeq2"
"786","EsteroZacatecas - ColaDeBallena","k__Bacteria|p__Pseudomonadota|c__Gammaproteobacteria|o__Granulosicoccales|f__Granulosicoccaceae|g__Granulosicoccus|s__|ASV_4598",8.47413924744548,6.34729425204145,2.36834669524935,2.68005282536271,0.00736105426625595,0.019768694199685,"*","DESeq2"
"787","EsteroZacatecas - ColaDeBallena","k__Bacteria|p__Pseudomonadota|c__Gammaproteobacteria|o__Pseudomonadales|f__Pseudohongiellaceae|g__Pseudohongiella|s__|ASV_13196",7.40815472442526,-6.38810273401987,1.81827896906651,-3.51326877926739,0.000442629474762749,0.00241743790062732,"**","DESeq2"
"788","EsteroZacatecas - ColaDeBallena","k__Bacteria|p__Acidobacteriota|c__Thermoanaerobaculia|o__Thermoanaerobaculales|f__Thermoanaerobaculaceae|g__Subgroup_10|s__|ASV_642",5.76471668878705,-1.33324600390794,1.64758198391291,-0.809213755021499,0.418392204324945,0.505094095763164,"","DESeq2"
"789","EsteroZacatecas - ColaDeBallena","k__Bacteria|p__Bacteroidota|c__Bacteroidia|o__Cytophagales|f__Cyclobacteriaceae|g__|s__|ASV_5830",4.79689497371579,0.843303075144186,1.48331201078141,0.568527099500754,0.569677109942862,0.652372174289406,"","DESeq2"
"790","EsteroZacatecas - ColaDeBallena","k__Bacteria|p__Bacteroidota|c__Bacteroidia|o__Flavobacteriales|f__Cryomorphaceae|g__Cryomorpha|s__|ASV_1777",5.75847310380756,5.79151951662487,2.14682458165945,2.69771436665224,0.00698173172807055,0.0188512677682475,"*","DESeq2"
"791","EsteroZacatecas - ColaDeBallena","k__Bacteria|p__Rhodothermota|c__Rhodothermia|o__Rhodothermales|f__Rhodothermaceae|g__|s__|ASV_14560",6.64101210627919,5.99507897123485,1.43912904125857,4.16576887781511,3.10304953596753e-05,0.000248243962877403,"***","DESeq2"
"792","EsteroZacatecas - ColaDeBallena","k__Bacteria|p__Actinomycetota|c__Actinobacteria|o__Nitriliruptorales|f__Nitriliruptoraceae|g__|s__|ASV_9244",10.085616589422,-6.8100698030358,1.68147745617806,-4.05005120824805,5.12064262589422e-05,0.000387803334867722,"***","DESeq2"
"793","EsteroZacatecas - ColaDeBallena","k__Bacteria|p__Bacillota|c__Clostridia|o__Oscillospirales|f__Oscillospiraceae|g__|s__|ASV_10387",3.99093935468766,-3.56103130843951,2.93149109099791,-1.2147508547356,0.224461130028363,0.297882994990912,"","DESeq2"
"794","EsteroZacatecas - ColaDeBallena","k__Bacteria|p__Bacteroidota|c__Bacteroidia|o__Cytophagales|f__Mooreiaceae|g__Mooreia|s__|ASV_5217",6.30548964227583,-2.40429823610888,1.21024185954182,-1.98662624098882,0.0469638310493578,0.085225099156662,"","DESeq2"
"795","EsteroZacatecas - ColaDeBallena","k__Bacteria|p__Bacteroidota|c__Bacteroidia|o__Flavobacteriales|f__Flavobacteriaceae|g__Winogradskyella|s__|ASV_124",9.5854395644275,6.52518539170009,2.37004332335931,2.75319245322962,0.00590171914622501,0.0166751502942617,"*","DESeq2"
"796","EsteroZacatecas - ColaDeBallena","k__Bacteria|p__Cyanobacteriota|c__Cyanobacteriia|o__Phormidesmiales|f__Phormidesmiaceae|g__Phormidium_MBIC10003|s__|ASV_9451",3.16790004996825,4.92124236875669,2.82292076987735,1.7433157959196,0.0812784676660476,0.129136138837245,"","DESeq2"
"797","EsteroZacatecas - ColaDeBallena","k__Bacteria|p__Pseudomonadota|c__Alphaproteobacteria|o__Hyphomicrobiales|f__Devosiaceae|g__|s__|ASV_7810",5.59493440966811,-1.08417395442163,1.4896224147152,-0.727817964949801,0.466725025827369,0.553338860831251,"","DESeq2"
"798","EsteroZacatecas - ColaDeBallena","k__Bacteria|p__Chloroflexota|c__Anaerolineae|o__Caldilineales|f__Caldilineaceae|g__|s__|ASV_13484",5.67764850424189,-2.50029771513719,1.33560081198035,-1.87203967885426,0.0612011142272194,0.104391089732915,"","DESeq2"
"799","EsteroZacatecas - ColaDeBallena","k__Bacteria|p__Pseudomonadota|c__Gammaproteobacteria|o__Chromatiales|f__Chromatiaceae|g__Thiophaeococcus|s__|ASV_8593",0.979188738589201,-3.52597547202463,2.96247553797974,-1.19021251882781,0.233962873995924,NA,NA,"DESeq2"
"800","EsteroZacatecas - ColaDeBallena","k__Bacteria|p__Rhodothermota|c__Rhodothermia|o__Rhodothermales|f__Rhodothermaceae|g__|s__|ASV_5330",6.31849105939303,0.661159107661801,1.87390950794552,0.352823391342236,0.724220846358594,0.782048366410041,"","DESeq2"
"801","EsteroZacatecas - ColaDeBallena","k__Bacteria|p__Verrucomicrobiota|c__Verrucomicrobiia|o__Verrucomicrobiales|f__Rubritaleaceae|g__Roseibacillus|s__|ASV_3198",4.89670094887864,-5.77499713581421,2.94914127918189,-1.95819616258474,0.0502069992528245,0.0887016347608221,"","DESeq2"
"802","EsteroZacatecas - ColaDeBallena","k__Bacteria|p__Actinomycetota|c__Actinobacteria|o__Euzebyales|f__Euzebyaceae|g__|s__|ASV_9470",1.65742365532681,4.00517408719032,2.95585224543503,1.35499806980401,0.175418171999461,NA,NA,"DESeq2"
"803","EsteroZacatecas - ColaDeBallena","k__Bacteria|p__Pseudomonadota|c__Alphaproteobacteria|o__Sphingomonadales|f__Sphingomonadaceae|g__|s__|ASV_7186",2.59812104302017,-4.87954262860904,2.95277922740894,-1.65252538466644,0.0984274947090782,0.149161325163732,"","DESeq2"
"804","EsteroZacatecas - ColaDeBallena","k__Bacteria|p__Pseudomonadota|c__Gammaproteobacteria|o__Enterobacterales|f__Vibrionaceae|g__Vibrio|s__|ASV_2698",4.21677129809978,5.33208137080746,2.94927217147195,1.80793126602021,0.0706171988555954,0.116431259651606,"","DESeq2"
"805","EsteroZacatecas - ColaDeBallena","k__Bacteria|p__Rhodothermota|c__Rhodothermia|o__Rhodothermales|f__Rhodothermaceae|g__|s__|ASV_16022",4.8290217009212,2.28809759632185,1.92138499662969,1.19085846945584,0.233709150684828,0.307640318862068,"","DESeq2"
"806","EsteroZacatecas - ColaDeBallena","k__Bacteria|p__Thermodesulfobacteriota|c__Desulfobacteria|o__Desulfobacterales|f__Desulfatirhabdiaceae|g__|s__|ASV_13954",6.06794124274268,-5.85396509492015,2.43958565059854,-2.39957350687151,0.0164141838548844,0.0361366528278076,"*","DESeq2"
"807","EsteroZacatecas - ColaDeBallena","k__Bacteria|p__Verrucomicrobiota|c__Verrucomicrobiia|o__Verrucomicrobiales|f__Rubritaleaceae|g__Roseibacillus|s__|ASV_13004",2.11024978803325,4.34714250238462,2.95355406544566,1.47183440900672,0.141065599299532,NA,NA,"DESeq2"
"808","EsteroZacatecas - ColaDeBallena","k__Bacteria|p__Pseudomonadota|c__Gammaproteobacteria|o__Pseudomonadales|f__Halomonadaceae|g__Larsenimonas|s__|ASV_13136",5.69534165297906,-2.05682566916452,1.7802652314102,-1.15534788461562,0.247947994267751,0.324503365769775,"","DESeq2"
"809","EsteroZacatecas - ColaDeBallena","k__Bacteria|p__Rhodothermota|c__Rhodothermia|o__Rhodothermales|f__Rhodothermaceae|g__Rubrivirga|s__|ASV_11310",4.08944420547826,2.75026663051977,2.32832704592555,1.18122006757281,0.237515311280682,0.311927622676133,"","DESeq2"
"810","EsteroZacatecas - ColaDeBallena","k__Bacteria|p__Bacteroidota|c__Bacteroidia|o__Chitinophagales|f__Saprospiraceae|g__Phaeodactylibacter|s__|ASV_9821",14.7687323098082,7.14503109700212,2.16901599481479,3.29413481232176,0.000987251363654494,0.0042807845846743,"**","DESeq2"
"811","EsteroZacatecas - ColaDeBallena","k__Bacteria|p__Bacteroidota|c__Bacteroidia|o__Cytophagales|f__Cyclobacteriaceae|g__Reichenbachiella|s__|ASV_15950",4.34424158027685,5.40351489332563,1.42097082725296,3.80269234926643,0.000143132057942173,0.000913981663145955,"***","DESeq2"
"812","EsteroZacatecas - ColaDeBallena","k__Bacteria|p__Pseudomonadota|c__Alphaproteobacteria|o__Hyphomicrobiales|f__Devosiaceae|g__|s__|ASV_4313",3.52253442922681,-5.31572748006639,2.95073175101265,-1.80149465577212,0.0716249488831932,0.117921654972909,"","DESeq2"
"813","EsteroZacatecas - ColaDeBallena","k__Bacteria|p__Pseudomonadota|c__Alphaproteobacteria|o__Rhodobacterales|f__Paracoccaceae|g__|s__|ASV_5248",9.85854221469145,5.56877470104612,2.2286583592232,2.49871169261991,0.0124645671258215,0.0300631597769283,"*","DESeq2"
"814","EsteroZacatecas - ColaDeBallena","k__Bacteria|p__Pseudomonadota|c__Alphaproteobacteria|o__Sphingomonadales|f__Sphingomonadaceae|g__|s__|ASV_4793",2.08975119066109,-1.50962320787181,2.92635019251134,-0.515872369525356,0.605943553192709,NA,NA,"DESeq2"
"815","EsteroZacatecas - ColaDeBallena","k__Bacteria|p__Verrucomicrobiota|c__Verrucomicrobiia|o__Verrucomicrobiales|f__DEV007|g__|s__|ASV_4459",10.9066376871445,6.70620796411609,1.928966986961,3.4765799567578,0.000507852774157091,0.00269589136188063,"**","DESeq2"
"816","EsteroZacatecas - ColaDeBallena","k__Bacteria|p__Cyanobacteriota|c__Cyanobacteriia|o__Phormidesmiales|f__Phormidesmiaceae|g__Phormidium_MBIC10003|s__|ASV_13924",9.28113695762978,6.47877458100588,2.69411765057928,2.40478532168513,0.0161819686650464,0.0359004223361372,"*","DESeq2"
"817","EsteroZacatecas - ColaDeBallena","k__Bacteria|p__Myxococcota|c__Polyangiia|o__Haliangiales|f__Haliangiaceae|g__|s__|ASV_3353",4.24703130263851,5.35797276910755,2.73325265347461,1.96029180189263,0.0499616936919922,0.0887016347608221,"","DESeq2"
"818","EsteroZacatecas - ColaDeBallena","k__Bacteria|p__Pseudomonadota|c__Alphaproteobacteria|o__Rhodobacterales|f__Paracoccaceae|g__Wenxinia|s__|ASV_2338",6.83972251528543,-3.75813508235653,2.59116925170236,-1.45036264222705,0.146957418982403,0.20534271582289,"","DESeq2"
"819","EsteroZacatecas - ColaDeBallena","k__Bacteria|p__Pseudomonadota|c__Alphaproteobacteria|o__Rhodobacterales|f__Paracoccaceae|g__|s__|ASV_12432",3.85617631616246,-5.44714023521312,2.95022475120523,-1.84634754792422,0.0648417579703971,0.108803895205866,"","DESeq2"
"820","EsteroZacatecas - ColaDeBallena","k__Bacteria|p__Bacteroidota|c__Bacteroidia|o__Flavobacteriales|f__Flavobacteriaceae|g__|s__|ASV_2498",2.15143245306088,-4.60865085657477,2.95439088798617,-1.55993266676916,0.118775793850138,NA,NA,"DESeq2"
"821","EsteroZacatecas - ColaDeBallena","k__Bacteria|p__Pseudomonadota|c__Gammaproteobacteria|o__Ectothiorhodospirales|f__Ectothiorhodospiraceae|g__Thiogranum|s__|ASV_4857",3.50945664795441,-5.30880710287259,2.95075972803129,-1.79913228869182,0.0719977571527362,0.118192849892353,"","DESeq2"
"822","EsteroZacatecas - ColaDeBallena","k__Bacteria|p__Rhodothermota|c__Rhodothermia|o__Rhodothermales|f__Rhodothermaceae|g__Rubrivirga|s__|ASV_4871",7.28668531973656,6.12728469484192,2.38393950022295,2.57023498048876,0.0101629553762376,0.025809034206258,"*","DESeq2"
"823","EsteroZacatecas - ColaDeBallena","k__Bacteria|p__Bacteroidota|c__Bacteroidia|o__Cytophagales|f__Cyclobacteriaceae|g__|s__|ASV_15791",0.323557234644197,1.83837378651399,2.98105290412812,0.616686065506664,0.537441814032679,NA,NA,"DESeq2"
"824","EsteroZacatecas - ColaDeBallena","k__Bacteria|p__Chloroflexota|c__Anaerolineae|o__Caldilineales|f__Caldilineaceae|g__|s__|ASV_10173",12.0970462549499,6.85551509346122,1.927541080016,3.55661166682077,0.0003756688375603,0.00211267227459654,"**","DESeq2"
"825","EsteroZacatecas - ColaDeBallena","k__Bacteria|p__Planctomycetota|c__Planctomycetes|o__Planctomycetales|f__Gimesiaceae|g__|s__|ASV_8713",14.1866215372254,-7.31246406886247,2.36425515816923,-3.09292507773354,0.00198194165160788,0.00728636154118626,"**","DESeq2"
"826","EsteroZacatecas - ColaDeBallena","k__Bacteria|p__Pseudomonadota|c__Alphaproteobacteria|o__Rhodobacterales|f__Paracoccaceae|g__Maribius|s__|ASV_5962",2.27171685199969,-0.669452110553676,2.92039516554309,-0.229233399114049,0.818687514891897,0.852832533762996,"","DESeq2"
"827","EsteroZacatecas - ColaDeBallena","k__Bacteria|p__Pseudomonadota|c__Alphaproteobacteria|o__Rhodobacterales|f__Paracoccaceae|g__Palleronia-Pseudomaribius|s__|ASV_24",10.4729785669067,6.64849635789788,2.10888276655801,3.15261543378684,0.00161814829091502,0.00624191418307206,"**","DESeq2"
"828","EsteroZacatecas - ColaDeBallena","k__Bacteria|p__Bacteroidota|c__Bacteroidia|o__Chitinophagales|f__Saprospiraceae|g__Lewinella|s__|ASV_14840",6.85382806981541,6.03300643007085,1.83173302179629,3.2936057592905,0.000989111233867498,0.0042807845846743,"**","DESeq2"
"829","EsteroZacatecas - ColaDeBallena","k__Bacteria|p__Cyanobacteriota|c__Cyanobacteriia|o__Cyanobacteriales|f__Xenococcaceae|g__Myxosarcina_GI1|s__|ASV_12810",6.87458289435404,-6.28080815929137,1.80872624460604,-3.47250346923528,0.00051562834792265,0.00271182316314875,"**","DESeq2"
"830","EsteroZacatecas - ColaDeBallena","k__Bacteria|p__Planctomycetota|c__Planctomycetes|o__Planctomycetales|f__Gimesiaceae|g__|s__|ASV_8729",10.6346478266244,6.6665010488548,1.73151810924134,3.85009028393917,0.000118074292689078,0.000784399979501711,"***","DESeq2"
"831","EsteroZacatecas - ColaDeBallena","k__Bacteria|p__Pseudomonadota|c__Alphaproteobacteria|o__Rhodobacterales|f__Paracoccaceae|g__|s__|ASV_4342",11.6200940423507,6.80165515982995,2.68278658338631,2.53529490640462,0.0112352696904564,0.0278673938173765,"*","DESeq2"
"832","EsteroZacatecas - ColaDeBallena","k__Bacteria|p__Pseudomonadota|c__Gammaproteobacteria|o__Arenicellales|f__Arenicellaceae|g__Candidatus_Thiosymbion|s__|ASV_7417",0.647317648209929,-2.97692593129632,2.96848655449914,-1.00284298973306,0.31593662303957,NA,NA,"DESeq2"
"833","EsteroZacatecas - ColaDeBallena","k__Bacteria|p__Acidobacteriota|c__Thermoanaerobaculia|o__Thermoanaerobaculales|f__Thermoanaerobaculaceae|g__Subgroup_10|s__|ASV_9297",3.97909581215549,-2.33640646997002,2.37064516786614,-0.985557223678929,0.32435043779407,0.405795261381127,"","DESeq2"
"834","EsteroZacatecas - ColaDeBallena","k__Bacteria|p__Bacteroidota|c__Bacteroidia|o__Chitinophagales|f__Saprospiraceae|g__Lewinella|s__|ASV_5651",4.04129890380479,5.29061277962983,2.06218059447729,2.56554289852139,0.0103014482200788,0.0260054337289099,"*","DESeq2"
"835","EsteroZacatecas - ColaDeBallena","k__Bacteria|p__Bacteroidota|c__Bacteroidia|o__Flavobacteriales|f__Flavobacteriaceae|g__Pricia|s__|ASV_13538",5.06302230595055,5.60656192382498,2.94851029891661,1.90148968646474,0.0572379021245347,0.0984705534370432,"","DESeq2"
"836","EsteroZacatecas - ColaDeBallena","k__Bacteria|p__Bacteroidota|c__Bacteroidia|o__Flavobacteriales|f__Flavobacteriaceae|g__|s__|ASV_2473",10.2064964749098,-1.12696048894248,1.81853872454893,-0.61970662143695,0.535450955537615,0.619421879318463,"","DESeq2"
"837","EsteroZacatecas - ColaDeBallena","k__Bacteria|p__Pseudomonadota|c__Alphaproteobacteria|o__Rhodobacterales|f__Paracoccaceae|g__Jannaschia|s__|ASV_5480",8.21789559958084,6.29886061974854,2.09850595610395,3.0015929196803,0.00268571059444906,0.00921742367158348,"**","DESeq2"
"838","EsteroZacatecas - ColaDeBallena","k__Bacteria|p__Thermodesulfobacteriota|c__Desulfobacteria|o__Desulfobacterales|f__Desulfosarcinaceae|g__SEEP-SRB1|s__|ASV_7773",8.81432854421543,-6.61970816838512,1.63043295315309,-4.06009223230142,4.90533350509575e-05,0.000376517490661404,"***","DESeq2"
"839","EsteroZacatecas - ColaDeBallena","k__Archaea|p__Halobacteriota|c__Halobacteria|o__Halobacterales|f__Halomicrobiaceae|g__Halomarina|s__|ASV_6863",2.63473489973967,-4.89986186048615,2.84341235717831,-1.72323294864927,0.08484640761416,0.134241669985635,"","DESeq2"
"840","EsteroZacatecas - ColaDeBallena","k__Bacteria|p__Actinomycetota|c__Actinobacteria|o__Micrococcales|f__Intrasporangiaceae|g__Serinicoccus|s__|ASV_15687",4.35661761542821,5.39423956478006,2.73934229139483,1.96917325071976,0.0489331994849215,0.0876784142190391,"","DESeq2"
"841","EsteroZacatecas - ColaDeBallena","k__Bacteria|p__Rhodothermota|c__Rhodothermia|o__Rhodothermales|f__Rhodothermaceae|g__Rubrivirga|s__|ASV_9042",2.60952341623087,-4.88496525566099,2.95274988022116,-1.65437827578376,0.0980506776247325,0.149026408946143,"","DESeq2"
"842","EsteroZacatecas - ColaDeBallena","k__Bacteria|p__Bacteroidota|c__Bacteroidia|o__Chitinophagales|f__Saprospiraceae|g__Lewinella|s__|ASV_12603",5.0015714015313,5.58920833309631,2.94855432984122,1.89557583407232,0.0580161552791548,0.099406263042413,"","DESeq2"
"843","EsteroZacatecas - ColaDeBallena","k__Bacteria|p__Bacteroidota|c__Bacteroidia|o__Cytophagales|f__Cyclobacteriaceae|g__|s__|ASV_8340",0.66393126614157,-3.00559660802942,2.96811358195848,-1.01262856862984,0.311237608709365,NA,NA,"DESeq2"
"844","EsteroZacatecas - ColaDeBallena","k__Bacteria|p__Bacteroidota|c__Bacteroidia|o__Flavobacteriales|f__Flavobacteriaceae|g__Actibacter|s__|ASV_16072",9.30320777429197,-6.69952024901355,1.68225697572089,-3.98245948490873,6.82057545636951e-05,0.00049039074167315,"***","DESeq2"
"845","EsteroZacatecas - ColaDeBallena","k__Bacteria|p__Deinococcota|c__Deinococci|o__Deinococcales|f__Trueperaceae|g__Truepera|s__|ASV_10769",1.85238463208756,4.12646281356784,2.95497551051228,1.39644568927492,0.162580324625963,NA,NA,"DESeq2"
"846","EsteroZacatecas - ColaDeBallena","k__Bacteria|p__Pseudomonadota|c__Alphaproteobacteria|o__Micavibrionales|f__Micavibrionaceae|g__|s__|ASV_10591",4.41240367259365,5.41918944599846,1.55246302427888,3.49070435897541,0.000481749021020489,0.0025814475843362,"**","DESeq2"
"847","EsteroZacatecas - ColaDeBallena","k__Bacteria|p__Pseudomonadota|c__Alphaproteobacteria|o__Rhodobacterales|f__Paracoccaceae|g__Limibaculum|s__|ASV_7046",4.92364763961464,-0.546568874102555,1.67131995035036,-0.327028271270248,0.743646502439883,0.795463678692757,"","DESeq2"
"848","EsteroZacatecas - ColaDeBallena","k__Bacteria|p__Rhodothermota|c__Rhodothermia|o__Rhodothermales|f__Rhodothermaceae|g__|s__|ASV_15482",1.17888445320553,3.51878356486934,2.96018697386289,1.1887031447468,0.234556502700776,NA,NA,"DESeq2"
"849","EsteroZacatecas - ColaDeBallena","k__Bacteria|p__Calditrichota|c__Calditrichia|o__Calditrichales|f__Calditrichaceae|g__|s__|ASV_15461",11.2435800092814,-0.59107756424747,1.8423681979399,-0.320824884465766,0.748343100360578,0.798543956722892,"","DESeq2"
"850","EsteroZacatecas - ColaDeBallena","k__Bacteria|p__Cyanobacteriota|c__Cyanobacteriia|o__Cyanobacteriales|f__Xenococcaceae|g__Pleurocapsa_PCC-7319|s__|ASV_13765",4.86131231669868,5.55078107003513,2.71087941789167,2.04759423580417,0.0405997746266018,0.0766135281990359,"","DESeq2"
"851","EsteroZacatecas - ColaDeBallena","k__Bacteria|p__Planctomycetota|c__Planctomycetes|o__Planctomycetales|f__Rubinisphaeraceae|g__Planctomicrobium|s__|ASV_11443",5.77967819506931,0.117935541667536,2.26722843311106,0.0520174941109513,0.958514753999592,0.965312730978312,"","DESeq2"
"852","EsteroZacatecas - ColaDeBallena","k__Bacteria|p__Pseudomonadota|c__Alphaproteobacteria|o__Rhodobacterales|f__Paracoccaceae|g__|s__|ASV_13400",4.3884386093035,0.060755772724175,2.90362845777123,0.0209240864000934,0.983306212659753,0.984172561745797,"","DESeq2"
"853","EsteroZacatecas - ColaDeBallena","k__Bacteria|p__Pseudomonadota|c__Alphaproteobacteria|o__Rhodobacterales|f__Paracoccaceae|g__|s__|ASV_280",5.46752778280074,-2.93192639679172,1.54369622330133,-1.89928973883317,0.057526391275203,0.0987159826112245,"","DESeq2"
"854","EsteroZacatecas - ColaDeBallena","k__Bacteria|p__Pseudomonadota|c__Alphaproteobacteria|o__|f__Neomegalonemataceae|g__Acuticoccus|s__|ASV_2125",5.17399743791781,2.73595334432538,2.09951637835067,1.30313503268533,0.192528665249253,0.260993512796123,"","DESeq2"
"855","EsteroZacatecas - ColaDeBallena","k__Bacteria|p__Myxococcota|c__Polyangiia|o__Polyangiales|f__Sandaracinaceae|g__|s__|ASV_1252",0,0,0,0,1,NA,NA,"DESeq2"
"856","EsteroZacatecas - ColaDeBallena","k__Bacteria|p__Thermodesulfobacteriota|c__Desulfobulbia|o__Desulfobulbales|f__Desulfocapsaceae|g__Desulfopila|s__|ASV_1368",3.260882848344,-5.17846420147048,2.95131201701818,-1.75463121879687,0.0793224079159309,0.126915852665489,"","DESeq2"
"857","EsteroZacatecas - ColaDeBallena","k__Bacteria|p__Bacteroidota|c__Bacteroidia|o__Cytophagales|f__Cyclobacteriaceae|g__Fulvivirga|s__|ASV_12732",9.12180020427965,6.44424882060278,1.8766219478344,3.43396219363169,0.000594827153510453,0.00303015088066312,"**","DESeq2"
"858","EsteroZacatecas - ColaDeBallena","k__Bacteria|p__Bacteroidota|c__Bacteroidia|o__Flavobacteriales|f__Flavobacteriaceae|g__Robertkochia|s__|ASV_13422",7.20716651431948,3.71788832591471,1.88980451496148,1.96734016480562,0.0491440075200901,0.0879118947955428,"","DESeq2"
"859","EsteroZacatecas - ColaDeBallena","k__Bacteria|p__Pseudomonadota|c__Alphaproteobacteria|o__|f__Neomegalonemataceae|g__Acuticoccus|s__|ASV_4730",4.70394116460414,5.50728194839628,1.83190806886927,3.00630912761666,0.0026444001417616,0.00915865414951577,"**","DESeq2"
"860","EsteroZacatecas - ColaDeBallena","k__Bacteria|p__Pseudomonadota|c__Gammaproteobacteria|o__Enterobacterales|f__Vibrionaceae|g__Vibrio|s__|ASV_3312",0.841916975380577,3.0409999628714,2.96589766139129,1.02532194635633,0.305211303817812,NA,NA,"DESeq2"
"861","EsteroZacatecas - ColaDeBallena","k__Bacteria|p__Pseudomonadota|c__Gammaproteobacteria|o__Enterobacterales|f__Vibrionaceae|g__Vibrio|s__|ASV_4336",5.47046204597087,5.71729013233922,2.37813569238279,2.40410593501951,0.0162120745232732,0.0359004223361372,"*","DESeq2"
"862","EsteroZacatecas - ColaDeBallena","k__Bacteria|p__Pseudomonadota|c__Gammaproteobacteria|o__Pseudomonadales|f__Halieaceae|g__Haliea|s__|ASV_2118",11.8153077160874,6.8184916295801,1.74133943520618,3.91565911374009,9.01575610208356e-05,0.000624506032437008,"***","DESeq2"
"863","EsteroZacatecas - ColaDeBallena","k__Bacteria|p__Verrucomicrobiota|c__Verrucomicrobiia|o__Verrucomicrobiales|f__Rubritaleaceae|g__DBS1|s__|ASV_10680",8.63985426290712,6.37570935084448,2.38177697394043,2.67687084920317,0.0074313274352622,0.019910348977495,"*","DESeq2"
"864","EsteroZacatecas - ColaDeBallena","k__Bacteria|p__Actinomycetota|c__Acidimicrobiia|o__Microtrichales|f__Ilumatobacteraceae|g__Ilumatobacter|s__|ASV_1587",10.262391010231,-0.367724669500237,2.31961573666035,-0.15852826987183,0.874040546176126,0.896128213408013,"","DESeq2"
"865","EsteroZacatecas - ColaDeBallena","k__Bacteria|p__Pseudomonadota|c__Gammaproteobacteria|o__Enterobacterales|f__Pseudoalteromonadaceae|g__Pseudoalteromonas|s__|ASV_15651",10.9113595862846,4.13902864388374,2.34968651434749,1.7615237686433,0.0781497936811318,0.125455611642414,"","DESeq2"
"866","EsteroZacatecas - ColaDeBallena","k__Bacteria|p__Bacteroidota|c__Bacteroidia|o__Flavobacteriales|f__Crocinitomicaceae|g__Salinirepens|s__|ASV_7930",9.59063601292167,-6.74661422907265,2.10166737316903,-3.21012464446249,0.00132677425739026,0.00532585002259835,"**","DESeq2"
"867","EsteroZacatecas - ColaDeBallena","k__Bacteria|p__Pseudomonadota|c__Alphaproteobacteria|o__Rhodobacterales|f__Paracoccaceae|g__|s__|ASV_15370",11.8318881778271,-0.451228799987906,2.33723614000852,-0.193060851774379,0.846911311578443,0.873834014489656,"","DESeq2"
"868","EsteroZacatecas - ColaDeBallena","k__Bacteria|p__Pseudomonadota|c__Gammaproteobacteria|o__Pseudomonadales|f__Alcanivoracaceae|g__Ketobacter|s__|ASV_15924",3.28633883666108,-3.75954523388073,2.93907429952749,-1.27915964373039,0.200840843866691,0.270968169397341,"","DESeq2"
"869","EsteroZacatecas - ColaDeBallena","k__Bacteria|p__Actinomycetota|c__Actinobacteria|o__Nitriliruptorales|f__Nitriliruptoraceae|g__|s__|ASV_8148",2.27383805575999,-4.68799286028328,2.95388798389324,-1.58705844156774,0.112499409090968,0.164266489366761,"","DESeq2"
"870","EsteroZacatecas - ColaDeBallena","k__Bacteria|p__Bacteroidota|c__Bacteroidia|o__Chitinophagales|f__Saprospiraceae|g__Portibacter|s__|ASV_9536",8.62841051393547,6.36864776723151,1.89375590848124,3.36297182689139,0.000771082326188275,0.00366318156817171,"**","DESeq2"
"871","EsteroZacatecas - ColaDeBallena","k__Bacteria|p__Chloroflexota|c__Anaerolineae|o__Caldilineales|f__Caldilineaceae|g__|s__|ASV_6388",2.35448644532692,4.50531034232567,2.95265876702803,1.52584863264116,0.127047565843317,0.180407543497511,"","DESeq2"
"872","EsteroZacatecas - ColaDeBallena","k__Bacteria|p__Myxococcota|c__Polyangiia|o__Polyangiales|f__Sandaracinaceae|g__|s__|ASV_5526",5.43911701829379,-5.94608545881338,1.82392633779999,-3.26004693039606,0.00111393780337272,0.00460712541033842,"**","DESeq2"
"873","EsteroZacatecas - ColaDeBallena","k__Bacteria|p__Planctomycetota|c__Planctomycetes|o__Pirellulales|f__Pirellulaceae|g__Pir4_lineage|s__|ASV_3731",5.39216817756201,0.947443325194434,2.46744854256949,0.38397693360114,0.700995543797932,0.762499024567289,"","DESeq2"
"874","EsteroZacatecas - ColaDeBallena","k__Bacteria|p__Pseudomonadota|c__Alphaproteobacteria|o__Hyphomicrobiales|f__C2U|g__|s__|ASV_11061",1.80332460198474,4.1270066922849,2.95497173910449,1.39663152701948,0.162524404600202,NA,NA,"DESeq2"
"875","EsteroZacatecas - ColaDeBallena","k__Bacteria|p__Pseudomonadota|c__Alphaproteobacteria|o__Rhodobacterales|f__Paracoccaceae|g__|s__|ASV_11509",3.54057124211744,0.274575704363997,2.90796674227075,0.0944218860459143,0.924774030920776,0.937985088505359,"","DESeq2"
"876","EsteroZacatecas - ColaDeBallena","k__Bacteria|p__Pseudomonadota|c__Alphaproteobacteria|o__Sphingomonadales|f__Sphingomonadaceae|g__|s__|ASV_11847",4.22375133316832,0.50739086934078,2.18187324501841,0.232548279557137,0.816112193131968,0.851334666113788,"","DESeq2"
"877","EsteroZacatecas - ColaDeBallena","k__Bacteria|p__Pseudomonadota|c__Alphaproteobacteria|o__Sphingomonadales|f__Sphingomonadaceae|g__|s__|ASV_15186",12.0619497656296,-7.07798918648302,2.67248782146882,-2.64846452418739,0.00808583352213781,0.0211647623989598,"*","DESeq2"
"878","EsteroZacatecas - ColaDeBallena","k__Bacteria|p__Pseudomonadota|c__Gammaproteobacteria|o__Steroidobacterales|f__Woeseiaceae|g__Woeseia|s__|ASV_14630",12.2790189529629,6.88075657063348,2.69604533191634,2.55216649704575,0.0107055346029865,0.0269059453738775,"*","DESeq2"
"879","EsteroZacatecas - ColaDeBallena","k__Bacteria|p__Bacteroidota|c__Bacteroidia|o__Chitinophagales|f__Saprospiraceae|g__Lewinella|s__|ASV_12788",10.28229905856,6.62016420539203,1.91757106590614,3.45236967906776,0.000555685831283578,0.00286935956517338,"**","DESeq2"
"880","EsteroZacatecas - ColaDeBallena","k__Bacteria|p__Bacteroidota|c__Bacteroidia|o__Chitinophagales|f__Saprospiraceae|g__|s__|ASV_14727",8.60494872452308,6.36783545575219,2.16257408123906,2.94456292202656,0.00323411177878858,0.0104718749906689,"*","DESeq2"
"881","EsteroZacatecas - ColaDeBallena","k__Bacteria|p__Myxococcota|c__Myxococcia|o__Myxococcales|f__Myxococcaceae|g__P3OB-42|s__|ASV_5420",7.09870523768384,6.08684059191892,2.94747875143396,2.0651007539775,0.0389134681109311,0.0740463982814367,"","DESeq2"
"882","EsteroZacatecas - ColaDeBallena","k__Bacteria|p__Pseudomonadota|c__Alphaproteobacteria|o__Rhodobacterales|f__Paracoccaceae|g__Actibacterium|s__|ASV_9420",6.78605169820004,6.02142043887324,2.94760001936432,2.04282141379949,0.0410701199564515,0.0769895317995526,"","DESeq2"
"883","EsteroZacatecas - ColaDeBallena","k__Bacteria|p__Pseudomonadota|c__Alphaproteobacteria|o__Rhodobacterales|f__Paracoccaceae|g__|s__|ASV_3670",10.2713728974857,6.6244794637052,2.94666462990216,2.24812806875996,0.0245680247282642,0.0509644192137529,"","DESeq2"
"884","EsteroZacatecas - ColaDeBallena","k__Bacteria|p__Verrucomicrobiota|c__Verrucomicrobiia|o__Opitutales|f__Puniceicoccaceae|g__Lentimonas|s__|ASV_4906",13.4477911352205,-7.22385682721348,1.72843696164685,-4.17941584651755,2.92258841344873e-05,0.000237067392655572,"***","DESeq2"
"885","EsteroZacatecas - ColaDeBallena","k__Bacteria|p__Actinomycetota|c__Actinobacteria|o__Nitriliruptorales|f__Nitriliruptoraceae|g__|s__|ASV_13751",1.53940562491298,3.90197736539038,2.95665700966313,1.31972608004165,0.186926489296686,NA,NA,"DESeq2"
"886","EsteroZacatecas - ColaDeBallena","k__Bacteria|p__Actinomycetota|c__Rubrobacteria|o__Rubrobacterales|f__Rubrobacteriaceae|g__Rubrobacter|s__|ASV_8945",5.11786792727399,-2.96357183700702,2.60947345147484,-1.135697255449,0.256083289631741,0.333230947332942,"","DESeq2"
"887","EsteroZacatecas - ColaDeBallena","k__Bacteria|p__Bacteroidota|c__Bacteroidia|o__Bacteroidales|f__Prolixibacteraceae|g__|s__|ASV_15290",9.51074561539149,-5.15262838690301,1.85893012984819,-2.77182466633311,0.00557430527066886,0.0159909363320198,"*","DESeq2"
"888","EsteroZacatecas - ColaDeBallena","k__Bacteria|p__Bacteroidota|c__Bacteroidia|o__Chitinophagales|f__Saprospiraceae|g__|s__|ASV_9801",9.93705738788171,6.57045732289235,1.91233117206801,3.43583654278197,0.000590727263479978,0.00302282059150115,"**","DESeq2"
"889","EsteroZacatecas - ColaDeBallena","k__Bacteria|p__Bacteroidota|c__Bacteroidia|o__Flavobacteriales|f__Flavobacteriaceae|g__Gramella|s__|ASV_14211",5.56656443199136,-1.92453215726781,2.67930279541883,-0.718295879270698,0.47257487042869,0.558050990443859,"","DESeq2"
"890","EsteroZacatecas - ColaDeBallena","k__Bacteria|p__Bacteroidota|c__Bacteroidia|o__Flavobacteriales|f__Flavobacteriaceae|g__|s__|ASV_10048",9.5009139427916,6.50883833319533,2.13324268662556,3.05114761391319,0.002279684677589,0.00814377922560096,"**","DESeq2"
"891","EsteroZacatecas - ColaDeBallena","k__Bacteria|p__Pseudomonadota|c__Gammaproteobacteria|o__Pseudomonadales|f__Cellvibrionaceae|g__|s__|ASV_3286",5.16226191133741,-3.58072689766311,2.56604303717906,-1.39542745222213,0.162886977763861,0.225383199439398,"","DESeq2"
"892","EsteroZacatecas - ColaDeBallena","k__Bacteria|p__Rhodothermota|c__Rhodothermia|o__Rhodothermales|f__Rhodothermaceae|g__|s__|ASV_15308",3.2161004933877,0.676514659963989,2.76936051624128,0.244285515012032,0.807009701052586,0.844942875940772,"","DESeq2"
"893","EsteroZacatecas - ColaDeBallena","k__Bacteria|p__Verrucomicrobiota|c__Verrucomicrobiia|o__Opitutales|f__Puniceicoccaceae|g__Lentimonas|s__|ASV_4411",8.33106507342694,6.32109869401807,2.38025883334722,2.65563501139457,0.00791592393258856,0.0208159481190292,"*","DESeq2"
"894","EsteroZacatecas - ColaDeBallena","k__Bacteria|p__Myxococcota|c__Myxococcia|o__Myxococcales|f__Myxococcaceae|g__P3OB-42|s__|ASV_15133",7.65986062779014,6.19496419780571,1.67259489087427,3.7038043291927,0.000212390107248652,0.00132568770238719,"**","DESeq2"
"895","EsteroZacatecas - ColaDeBallena","k__Bacteria|p__Pseudomonadota|c__Alphaproteobacteria|o__Sphingomonadales|f__Sphingomonadaceae|g__Croceibacterium|s__|ASV_5058",9.74860732876495,-6.76560616678338,2.3667436801596,-2.85861380913337,0.00425496446517895,0.0131658961362088,"*","DESeq2"
"896","EsteroZacatecas - ColaDeBallena","k__Bacteria|p__Pseudomonadota|c__Gammaproteobacteria|o__Pseudomonadales|f__Spongiibacteraceae|g__|s__|ASV_8749",1.18454852005333,-3.77193757554539,2.9604356193849,-1.27411572501249,0.202622406262495,NA,NA,"DESeq2"
"897","EsteroZacatecas - ColaDeBallena","k__Bacteria|p__Actinomycetota|c__Actinobacteria|o__Nitriliruptorales|f__Nitriliruptoraceae|g__|s__|ASV_2318",6.81423911702451,6.03095472771592,2.94758200382914,2.04606851306638,0.0407496303702308,0.0767687895532043,"","DESeq2"
"898","EsteroZacatecas - ColaDeBallena","k__Bacteria|p__Bacteroidota|c__Bacteroidia|o__Chitinophagales|f__Saprospiraceae|g__Lewinella|s__|ASV_11477",6.33012689234362,5.92460687894314,1.87546678571418,3.15900389389569,0.00158309375215213,0.00618004983658014,"**","DESeq2"
"899","EsteroZacatecas - ColaDeBallena","k__Bacteria|p__Bacteroidota|c__Bacteroidia|o__Cytophagales|f__Cyclobacteriaceae|g__Catalinimonas|s__|ASV_11134",11.3783472177174,-6.99092387046302,2.35258687966173,-2.97159009552421,0.0029626193471697,0.00984074730521865,"**","DESeq2"
"900","EsteroZacatecas - ColaDeBallena","k__Bacteria|p__Chloroflexota|c__Anaerolineae|o__Aggregatilineales|f__A4b|g__|s__|ASV_10198",10.8338830289463,6.69697660301141,1.96875834508198,3.40162449075615,0.000669866111567611,0.00332300394209959,"**","DESeq2"
"901","EsteroZacatecas - ColaDeBallena","k__Bacteria|p__Planctomycetota|c__Planctomycetes|o__Pirellulales|f__Pirellulaceae|g__Pir4_lineage|s__|ASV_7069",5.48874442694286,-3.20745321519845,2.60623661926596,-1.23068381108919,0.218441145218197,0.291254860290929,"","DESeq2"
"902","EsteroZacatecas - ColaDeBallena","k__Bacteria|p__Pseudomonadota|c__Gammaproteobacteria|o__Pseudomonadales|f__Halieaceae|g__Parahaliea|s__|ASV_11483",9.8962954536037,-6.79330101695879,2.35286244904997,-2.88724953713371,0.00388625878525487,0.0120953150138343,"*","DESeq2"
"903","EsteroZacatecas - ColaDeBallena","k__Bacteria|p__Thermodesulfobacteriota|c__Desulfobulbia|o__Desulfobulbales|f__Desulfobulbaceae|g__Candidatus_Electrothrix|s__|ASV_12765",9.75513353756531,-3.36512177123072,2.40335194869677,-1.4001785186125,0.16145986686874,0.223680986296206,"","DESeq2"
"904","EsteroZacatecas - ColaDeBallena","k__Bacteria|p__Actinomycetota|c__Acidimicrobiia|o__Microtrichales|f__Ilumatobacteraceae|g__Ilumatobacter|s__|ASV_2799",5.58258646539981,5.74100505169489,2.36657152630903,2.42587430291986,0.0152715585855055,0.0345587461217813,"*","DESeq2"
"905","EsteroZacatecas - ColaDeBallena","k__Bacteria|p__Bacteroidota|c__Bacteroidia|o__Cytophagales|f__Cyclobacteriaceae|g__Tunicatimonas|s__|ASV_7152",3.4855453199911,-1.322304198444,2.74895250431809,-0.481021114903552,0.630501491940851,0.703585161930065,"","DESeq2"
"906","EsteroZacatecas - ColaDeBallena","k__Bacteria|p__Myxococcota|c__Polyangiia|o__Polyangiales|f__Sandaracinaceae|g__|s__|ASV_5363",6.00382826144737,-2.45906937362909,2.39822436993935,-1.02537085539302,0.305188234506833,0.386073312249179,"","DESeq2"
"907","EsteroZacatecas - ColaDeBallena","k__Bacteria|p__Pseudomonadota|c__Alphaproteobacteria|o__Rhodobacterales|f__Paracoccaceae|g__|s__|ASV_7164",4.57873764707505,5.46008460478429,2.38019319935571,2.29396697976545,0.0217923955043379,0.0461008590184876,"*","DESeq2"
"908","EsteroZacatecas - ColaDeBallena","k__Bacteria|p__Actinomycetota|c__Actinobacteria|o__Euzebyales|f__Euzebyaceae|g__|s__|ASV_796",4.28810947700732,5.37086061940554,2.7335968773846,1.96475956782046,0.0494420718825985,0.088034786298796,"","DESeq2"
"909","EsteroZacatecas - ColaDeBallena","k__Bacteria|p__Bacteroidota|c__Bacteroidia|o__Bacteroidales|f__Prolixibacteraceae|g__|s__|ASV_5097",9.12706795808762,-6.65331699259672,1.33360705316464,-4.98896356074936,6.07040949971059e-07,8.01858743217585e-06,"***","DESeq2"
"910","EsteroZacatecas - ColaDeBallena","k__Bacteria|p__Bdellovibrionota|c__Bdellovibrionia|o__Bdellovibrionales|f__Pseudobdellovibrionaceae|g__OM27_clade|s__|ASV_3144",5.12574721708818,3.67990679750167,2.58630811220481,1.42284160968145,0.154782076096533,0.215160608200772,"","DESeq2"
"911","EsteroZacatecas - ColaDeBallena","k__Bacteria|p__Cyanobacteriota|c__Cyanobacteriia|o__Phormidesmiales|f__Phormidesmiaceae|g__Phormidesmis_ANT.LACV5.1|s__|ASV_457",6.12459146448906,5.8788459658677,2.39102870397369,2.45870990845804,0.0139437236348214,0.0322608351306661,"*","DESeq2"
"912","EsteroZacatecas - ColaDeBallena","k__Bacteria|p__Gemmatimonadota|c__Longimicrobiia|o__Longimicrobiales|f__Longimicrobiaceae|g__|s__|ASV_10767",5.57991800364978,5.74413072974772,2.37399016441884,2.4196101634456,0.0155371537332345,0.0349509042395136,"*","DESeq2"
"913","EsteroZacatecas - ColaDeBallena","k__Bacteria|p__Pseudomonadota|c__Gammaproteobacteria|o__Pseudomonadales|f__Marinobacteraceae|g__Marinobacter|s__|ASV_2824",5.67042224389238,-6.00166183016153,2.67307877817379,-2.24522445023554,0.0247537272349662,0.0512208272111504,"","DESeq2"
"914","EsteroZacatecas - ColaDeBallena","k__Bacteria|p__Pseudomonadota|c__Gammaproteobacteria|o__Tenderiales|f__Tenderiaceae|g__Candidatus_Tenderia|s__|ASV_5531",6.2448509122416,1.20280127664515,2.10456865913121,0.571519143092093,0.567647787743334,0.651092204941409,"","DESeq2"
"915","EsteroZacatecas - ColaDeBallena","k__Bacteria|p__Actinomycetota|c__Acidimicrobiia|o__Microtrichales|f__Ilumatobacteraceae|g__Ilumatobacter|s__|ASV_2714",8.90295343948834,6.41608364897871,2.68516766484222,2.38945363933381,0.0168734533046183,0.0370043300271165,"*","DESeq2"
"916","EsteroZacatecas - ColaDeBallena","k__Bacteria|p__Actinomycetota|c__Rubrobacteria|o__Rubrobacterales|f__Rubrobacteriaceae|g__Rubrobacter|s__|ASV_9121",1.95403624225215,0.149381879622666,2.92178482425051,0.0511269270696502,0.959224379348273,NA,NA,"DESeq2"
"917","EsteroZacatecas - ColaDeBallena","k__Bacteria|p__Bacillota|c__Bacilli|o__Bacillales|f__Bacillaceae|g__|s__|ASV_12228",1.48521224529799,3.84790809089661,2.95710160591623,1.30124311021243,0.193175253267493,NA,NA,"DESeq2"
"918","EsteroZacatecas - ColaDeBallena","k__Bacteria|p__Bacteroidota|c__Bacteroidia|o__Chitinophagales|f__Saprospiraceae|g__Lewinella|s__|ASV_203",2.67199293690862,4.66461893140875,2.95184943382607,1.58023606419609,0.114052815589383,0.165895004493647,"","DESeq2"
"919","EsteroZacatecas - ColaDeBallena","k__Bacteria|p__Bacteroidota|c__Bacteroidia|o__Flavobacteriales|f__Flavobacteriaceae|g__Polaribacter|s__|ASV_840",9.07476907860642,6.44465426945832,2.38912218504734,2.69749881768002,0.00698625328383116,0.0188512677682475,"*","DESeq2"
"920","EsteroZacatecas - ColaDeBallena","k__Bacteria|p__Bacteroidota|c__Bacteroidia|o__Flavobacteriales|f__Flavobacteriaceae|g__|s__|ASV_12272",5.04577763885397,-2.65075112991218,2.36420546425285,-1.12120167641601,0.262202026315442,0.339250002157565,"","DESeq2"
"921","EsteroZacatecas - ColaDeBallena","k__Bacteria|p__Pseudomonadota|c__Gammaproteobacteria|o__Pseudomonadales|f__Nitrincolaceae|g__Marinobacterium|s__|ASV_14523",6.1793548122544,-6.12619436445395,2.05482154532942,-2.9813753794721,0.00286956812120832,0.00978927743451247,"**","DESeq2"
"922","EsteroZacatecas - ColaDeBallena","k__Bacteria|p__Thermodesulfobacteriota|c__Desulfobacteria|o__Desulfobacterales|f__Desulfosarcinaceae|g__Desulfosarcina|s__|ASV_9396",6.57906953664197,-0.981002046328485,1.86040880284887,-0.527304560603165,0.597982107726681,0.675184419699093,"","DESeq2"
"923","EsteroZacatecas - ColaDeBallena","k__Bacteria|p__Thermodesulfobacteriota|c__Desulfuromonadia|o__Desulfuromonadales|f__Sva1033|g__|s__|ASV_14710",6.44343778017445,-4.21314740764191,2.27438834316003,-1.85243097130377,0.0639639613431895,0.107808694489411,"","DESeq2"
"924","EsteroZacatecas - ColaDeBallena","k__Bacteria|p__Acidobacteriota|c__Thermoanaerobaculia|o__Thermoanaerobaculales|f__Thermoanaerobaculaceae|g__Subgroup_10|s__|ASV_5652",3.55286832371084,-4.00139828945668,2.53767627944248,-1.57679619022793,0.114842428558902,0.166824631907665,"","DESeq2"
"925","EsteroZacatecas - ColaDeBallena","k__Bacteria|p__Actinomycetota|c__Actinobacteria|o__Nitriliruptorales|f__Nitriliruptoraceae|g__|s__|ASV_9152",0,0,0,0,1,NA,NA,"DESeq2"
"926","EsteroZacatecas - ColaDeBallena","k__Bacteria|p__Bacteroidota|c__Bacteroidia|o__Cytophagales|f__Cyclobacteriaceae|g__Fulvivirga|s__|ASV_5610",9.1375846364387,6.45412294466436,2.68622004945722,2.40267842017205,0.0162754928202552,0.0359279148097929,"*","DESeq2"
"927","EsteroZacatecas - ColaDeBallena","k__Bacteria|p__Cyanobacteriota|c__Cyanobacteriia|o__Cyanobacteriales|f__Xenococcaceae|g__Pleurocapsa_PCC-7319|s__|ASV_14705",11.2987569542391,-4.1022923891044,1.79666466617701,-2.28328216518744,0.0224137528815972,0.0471518949509155,"*","DESeq2"
"928","EsteroZacatecas - ColaDeBallena","k__Bacteria|p__Pseudomonadota|c__Gammaproteobacteria|o__Steroidobacterales|f__Woeseiaceae|g__Woeseia|s__|ASV_11864",8.59468094079676,-2.91583407388408,2.18285314870081,-1.33579030527983,0.181617822624003,0.247680487996239,"","DESeq2"
"929","EsteroZacatecas - ColaDeBallena","k__Bacteria|p__Acidobacteriota|c__Thermoanaerobaculia|o__Thermoanaerobaculales|f__Thermoanaerobaculaceae|g__Subgroup_10|s__|ASV_7687",0.141326787868583,-1.20383487065206,3.00263418075441,-0.400926252810989,0.688474420738054,NA,NA,"DESeq2"
"930","EsteroZacatecas - ColaDeBallena","k__Bacteria|p__Bacteroidota|c__Bacteroidia|o__Flavobacteriales|f__Flavobacteriaceae|g__|s__|ASV_2485",0,0,0,0,1,NA,NA,"DESeq2"
"931","EsteroZacatecas - ColaDeBallena","k__Bacteria|p__Cyanobacteriota|c__Cyanobacteriia|o__Synechococcales|f__Cyanobiaceae|g__|s__|ASV_1949",8.10250573702472,6.2782734220249,1.88307879424134,3.33404711540725,0.00085592158152913,0.00390492737597226,"**","DESeq2"
"932","EsteroZacatecas - ColaDeBallena","k__Bacteria|p__Planctomycetota|c__Planctomycetes|o__Planctomycetales|f__Gimesiaceae|g__|s__|ASV_8146",12.1274190357697,-5.31098102948914,2.06804634508478,-2.56811509186532,0.0102253200096821,0.0258707428307324,"*","DESeq2"
"933","EsteroZacatecas - ColaDeBallena","k__Bacteria|p__Pseudomonadota|c__Alphaproteobacteria|o__Sphingomonadales|f__Sphingomonadaceae|g__|s__|ASV_6085",6.19124786659318,-0.280599838573403,2.04723114762168,-0.137063095634991,0.890980922528359,0.910210726611705,"","DESeq2"
"934","EsteroZacatecas - ColaDeBallena","k__Bacteria|p__Bacteroidota|c__Bacteroidia|o__Cytophagales|f__Cyclobacteriaceae|g__|s__|ASV_5050",6.21259567898492,-6.1343728625465,1.8243123165741,-3.36256725716039,0.000772213123908813,0.00366318156817171,"**","DESeq2"
"935","EsteroZacatecas - ColaDeBallena","k__Bacteria|p__Bacteroidota|c__Bacteroidia|o__Flavobacteriales|f__Flavobacteriaceae|g__Dokdonia|s__|ASV_14418",9.86485135232773,6.56334014236032,2.39942050120466,2.73538553957721,0.00623072513497905,0.0173058771475213,"*","DESeq2"
"936","EsteroZacatecas - ColaDeBallena","k__Bacteria|p__Chloroflexota|c__Anaerolineae|o__Aggregatilineales|f__A4b|g__|s__|ASV_14804",3.30196776255195,4.98893482431566,2.95045041197132,1.69090617624797,0.0908547235137482,0.141288186563869,"","DESeq2"
"937","EsteroZacatecas - ColaDeBallena","k__Bacteria|p__Cyanobacteriota|c__Cyanobacteriia|o__Synechococcales|f__Cyanobiaceae|g__Synechococcus_MBIC10613|s__|ASV_12853",8.96108366924845,6.42056382056491,1.8888221206755,3.39924217864873,0.000675728543260363,0.0033230633123107,"**","DESeq2"
"938","EsteroZacatecas - ColaDeBallena","k__Bacteria|p__Pseudomonadota|c__Alphaproteobacteria|o__Rhodobacterales|f__Paracoccaceae|g__|s__|ASV_14570",3.77837571467706,1.48474756307976,2.6921844288616,0.551502916056754,0.581288968239302,0.662331261704962,"","DESeq2"
"939","EsteroZacatecas - ColaDeBallena","k__Bacteria|p__Pseudomonadota|c__Gammaproteobacteria|o__Pseudomonadales|f__Marinomonadaceae|g__Marinomonas|s__|ASV_10506",0,0,0,0,1,NA,NA,"DESeq2"
"940","EsteroZacatecas - ColaDeBallena","k__Bacteria|p__Thermodesulfobacteriota|c__Desulfobulbia|o__Desulfobulbales|f__Desulfocapsaceae|g__|s__|ASV_10438",0.493561883355554,-2.60033742246461,2.97412895410132,-0.874318989725966,0.381944560597062,NA,NA,"DESeq2"
"941","EsteroZacatecas - ColaDeBallena","k__Bacteria|p__Pseudomonadota|c__Alphaproteobacteria|o__Rhodobacterales|f__Paracoccaceae|g__|s__|ASV_14734",0.734807551575138,2.87327488580862,2.96734757719915,0.968297380423725,0.332895872677316,NA,NA,"DESeq2"
"942","EsteroZacatecas - ColaDeBallena","k__Bacteria|p__Pseudomonadota|c__Alphaproteobacteria|o__Sphingomonadales|f__Sphingomonadaceae|g__Aurantiacibacter|s__|ASV_5042",2.4399755025429,-4.79005435944404,2.95327939974801,-1.62194418850203,0.104815298857514,0.15605528112993,"","DESeq2"
"943","EsteroZacatecas - ColaDeBallena","k__Bacteria|p__Rhodothermota|c__Rhodothermia|o__Rhodothermales|f__Rhodothermaceae|g__Rubrivirga|s__|ASV_8705",0.762194702414865,-3.19176861623922,2.96586199804569,-1.07616895807775,0.281851699927636,NA,NA,"DESeq2"
"944","EsteroZacatecas - ColaDeBallena","k__Bacteria|p__Bacteroidota|c__Bacteroidia|o__Chitinophagales|f__Saprospiraceae|g__|s__|ASV_9685",0,0,0,0,1,NA,NA,"DESeq2"
"945","EsteroZacatecas - ColaDeBallena","k__Bacteria|p__Planctomycetota|c__Planctomycetes|o__Pirellulales|f__Pirellulaceae|g__Pir4_lineage|s__|ASV_4733",4.82093673216467,-4.25761821370422,2.54764790289446,-1.67119569735952,0.0946830298498127,0.144782314076725,"","DESeq2"
"946","EsteroZacatecas - ColaDeBallena","k__Bacteria|p__Pseudomonadota|c__Alphaproteobacteria|o__Caulobacterales|f__Hyphomonadaceae|g__Litorimonas|s__|ASV_15428",5.18754744616343,0.70488267619288,1.53401695474923,0.459501229116539,0.645874269613757,0.716516767852762,"","DESeq2"
"947","EsteroZacatecas - ColaDeBallena","k__Bacteria|p__Pseudomonadota|c__Alphaproteobacteria|o__Rhodobacterales|f__Paracoccaceae|g__|s__|ASV_1758",5.25682703211009,-5.89286103028449,2.68226459137546,-2.19697230811321,0.028022423986081,0.0564894891736202,"","DESeq2"
"948","EsteroZacatecas - ColaDeBallena","k__Bacteria|p__Rhodothermota|c__Rhodothermia|o__Rhodothermales|f__Rhodothermaceae|g__Rubricoccus|s__|ASV_925",3.61818034000147,5.12943523207381,2.38370698986772,2.15187321842709,0.0314073411098949,0.0620499817405924,"","DESeq2"
"949","EsteroZacatecas - ColaDeBallena","k__Bacteria|p__Rhodothermota|c__Rhodothermia|o__Rhodothermales|f__Rhodothermaceae|g__|s__|ASV_13633",1.73257618664775,4.06935776422958,2.95537932993738,1.37693247124247,0.168533126846428,NA,NA,"DESeq2"
"950","EsteroZacatecas - ColaDeBallena","k__Bacteria|p__Cyanobacteriota|c__Cyanobacteriia|o__Phormidesmiales|f__Nodosilineaceae|g__|s__|ASV_119",2.18823490017658,4.37654810813406,2.56820261592891,1.70412882573561,0.0883570224092787,NA,NA,"DESeq2"
"951","EsteroZacatecas - ColaDeBallena","k__Bacteria|p__Planctomycetota|c__Planctomycetes|o__Planctomycetales|f__Gimesiaceae|g__|s__|ASV_195",11.2891935346414,-5.02943778349686,2.08873476056471,-2.40788724277136,0.0160451357860165,0.0357397534370877,"*","DESeq2"
"952","EsteroZacatecas - ColaDeBallena","k__Bacteria|p__Pseudomonadota|c__Alphaproteobacteria|o__Rhodobacterales|f__Paracoccaceae|g__|s__|ASV_1545",0.381011323038961,2.06609003849218,2.97717158546137,0.693977481372476,0.487696331025713,NA,NA,"DESeq2"
"953","EsteroZacatecas - ColaDeBallena","k__Bacteria|p__Pseudomonadota|c__Gammaproteobacteria|o__Enterobacterales|f__Vibrionaceae|g__Vibrio|s__|ASV_13283",0.36618154100451,2.03145466205809,2.97772448058693,0.682217134359481,0.495101661761292,NA,NA,"DESeq2"
"954","EsteroZacatecas - ColaDeBallena","k__Bacteria|p__Rhodothermota|c__Rhodothermia|o__Rhodothermales|f__Rhodothermaceae|g__|s__|ASV_10821",3.91248546034918,5.24279627359519,1.24774186320582,4.20182766018996,2.64768671803589e-05,0.00022114789333261,"***","DESeq2"
"955","EsteroZacatecas - ColaDeBallena","k__Bacteria|p__Bacteroidota|c__Bacteroidia|o__Cytophagales|f__Cyclobacteriaceae|g__|s__|ASV_10933",0.599542425488846,1.11661071820891,2.97622680403651,0.375176621853718,0.707529115533198,NA,NA,"DESeq2"
"956","EsteroZacatecas - ColaDeBallena","k__Bacteria|p__Bacteroidota|c__Bacteroidia|o__Cytophagales|f__Cyclobacteriaceae|g__|s__|ASV_15372",4.96875448601281,-1.03987306463631,2.46518311204901,-0.421823863531171,0.673153586084786,0.740069223526525,"","DESeq2"
"957","EsteroZacatecas - ColaDeBallena","k__Bacteria|p__Bacteroidota|c__Bacteroidia|o__Flavobacteriales|f__Flavobacteriaceae|g__Mesohalobacter|s__|ASV_1762",9.98567682489705,6.57470159332069,1.78104446390362,3.69148649939404,0.00022294723265523,0.00136901652052076,"**","DESeq2"
"958","EsteroZacatecas - ColaDeBallena","k__Bacteria|p__Pseudomonadota|c__Gammaproteobacteria|o__Enterobacterales|f__Alteromonadaceae|g__Aestuariibacter|s__|ASV_5142",0,0,0,0,1,NA,NA,"DESeq2"
"959","EsteroZacatecas - ColaDeBallena","k__Bacteria|p__Bacteroidota|c__Bacteroidia|o__Flavobacteriales|f__Flavobacteriaceae|g__Flavimarina|s__|ASV_4287",2.34283584658099,4.49735662169546,2.95270152365156,1.52313282791064,0.127725477277277,0.181143748048673,"","DESeq2"
"960","EsteroZacatecas - ColaDeBallena","k__Bacteria|p__Myxococcota|c__Polyangiia|o__Polyangiales|f__Sandaracinaceae|g__|s__|ASV_11195",11.7155966763404,-7.03453102731263,2.36622364932987,-2.97289355099838,0.00295006744089938,0.00984074730521865,"**","DESeq2"
"961","EsteroZacatecas - ColaDeBallena","k__Bacteria|p__Pseudomonadota|c__Gammaproteobacteria|o__Pseudomonadales|f__Saccharospirillaceae|g__Bermanella|s__|ASV_15002",13.0659227246342,6.96491780303101,1.96172603108946,3.55040290675196,0.000384641987629133,0.002131479502179,"**","DESeq2"
"962","EsteroZacatecas - ColaDeBallena","k__Bacteria|p__Bacteroidota|c__Bacteroidia|o__Chitinophagales|f__Saprospiraceae|g__|s__|ASV_4746",7.1454950316158,6.10014953840852,2.41597672389194,2.52492065758882,0.0115724413290842,0.0284551804109084,"*","DESeq2"
"963","EsteroZacatecas - ColaDeBallena","k__Bacteria|p__Pseudomonadota|c__Alphaproteobacteria|o__Sphingomonadales|f__Sphingomonadaceae|g__Parasphingopyxis|s__|ASV_11051",2.32008797929053,-4.71562801628208,2.95371903950171,-1.59650527122498,0.110376029830148,0.161373449018079,"","DESeq2"
"964","EsteroZacatecas - ColaDeBallena","k__Bacteria|p__Actinomycetota|c__Acidimicrobiia|o__Microtrichales|f__Microtrichaceae|g__IMCC26207|s__|ASV_4676",5.26563263584625,0.432073874823681,2.03423575267735,0.212401081956705,0.831794141756006,0.862151592185058,"","DESeq2"
"965","EsteroZacatecas - ColaDeBallena","k__Bacteria|p__Bacteroidota|c__Bacteroidia|o__Cytophagales|f__Cyclobacteriaceae|g__Marinoscillum|s__|ASV_10741",2.17253057647149,4.39097448744053,2.91667112912242,1.50547466376907,0.132202085936008,NA,NA,"DESeq2"
"966","EsteroZacatecas - ColaDeBallena","k__Bacteria|p__Bacteroidota|c__Bacteroidia|o__Cytophagales|f__Cyclobacteriaceae|g__Tunicatimonas|s__|ASV_9643",0,0,0,0,1,NA,NA,"DESeq2"
"967","EsteroZacatecas - ColaDeBallena","k__Bacteria|p__Bacteroidota|c__Bacteroidia|o__Cytophagales|f__Mooreiaceae|g__Mooreia|s__|ASV_7766",5.41537590909494,-5.9383489752277,1.80329652450975,-3.29305186058744,0.000991061924092729,0.0042807845846743,"**","DESeq2"
"968","EsteroZacatecas - ColaDeBallena","k__Bacteria|p__Chloroflexota|c__Anaerolineae|o__Aggregatilineales|f__A4b|g__|s__|ASV_5951",12.0734975482445,-7.0691449839805,1.90989940598114,-3.70131796567002,0.000214482501290656,0.00133143235773872,"**","DESeq2"
"969","EsteroZacatecas - ColaDeBallena","k__Bacteria|p__Pseudomonadota|c__Gammaproteobacteria|o__Enterobacterales|f__Vibrionaceae|g__Vibrio|s__|ASV_12002",2.93051217117035,4.82332046537918,2.951126093791,1.63439999243922,0.10217488984122,0.152724572183718,"","DESeq2"
"970","EsteroZacatecas - ColaDeBallena","k__Bacteria|p__Actinomycetota|c__Actinobacteria|o__Propionibacteriales|f__Nocardioidaceae|g__Nocardioides|s__|ASV_2050",6.26455454439931,-6.13336085219036,2.35606133497787,-2.60322630872764,0.00923509707217752,0.0236285366531389,"*","DESeq2"
"971","EsteroZacatecas - ColaDeBallena","k__Bacteria|p__Cyanobacteriota|c__Cyanobacteriia|o__Phormidesmiales|f__Phormidesmiaceae|g__Phormidium_MBIC10003|s__|ASV_6321",8.30532211226718,6.31271683686623,2.11929429889365,2.97868816056444,0.00289485228892194,0.00984074730521865,"**","DESeq2"
"972","EsteroZacatecas - ColaDeBallena","k__Bacteria|p__Pseudomonadota|c__Alphaproteobacteria|o__Rhodobacterales|f__Paracoccaceae|g__Actibacterium|s__|ASV_14652",3.81925443452791,-2.710780795155,2.92099702809209,-0.928032712489819,0.353390601123515,0.437311244963303,"","DESeq2"
"973","EsteroZacatecas - ColaDeBallena","k__Bacteria|p__Pseudomonadota|c__Alphaproteobacteria|o__Rhodobacterales|f__Paracoccaceae|g__|s__|ASV_12790",1.82617896841555,-4.36782985590544,2.95609246193213,-1.47756875407428,0.139523242826115,NA,NA,"DESeq2"
"974","EsteroZacatecas - ColaDeBallena","k__Bacteria|p__Pseudomonadota|c__Alphaproteobacteria|o__Rhodobacterales|f__Paracoccaceae|g__|s__|ASV_15905",2.57786147010369,-4.8681112620151,2.95284144748899,-1.6486192532128,0.0992256618447804,0.149695022384689,"","DESeq2"
"975","EsteroZacatecas - ColaDeBallena","k__Bacteria|p__Pseudomonadota|c__Gammaproteobacteria|o__Chromatiales|f__Sedimenticolaceae|g__Candidatus_Thiodiazotropha|s__|ASV_13335",2.60689882871916,4.64142385835425,2.88327679685569,1.6097739431108,0.107447215651122,0.15854681476214,"","DESeq2"
"976","EsteroZacatecas - ColaDeBallena","k__Bacteria|p__Pseudomonadota|c__Gammaproteobacteria|o__Granulosicoccales|f__Granulosicoccaceae|g__Granulosicoccus|s__|ASV_2296",5.50095708789554,5.72059131542921,1.64607159800305,3.47529920470604,0.000510283850612804,0.00269619746184254,"**","DESeq2"
"977","EsteroZacatecas - ColaDeBallena","k__Bacteria|p__Pseudomonadota|c__Gammaproteobacteria|o__Granulosicoccales|f__Granulosicoccaceae|g__Granulosicoccus|s__|ASV_5565",8.07049000536988,6.2673377095691,1.88140646385447,3.33119813818919,0.000864730288113432,0.00391134480876483,"**","DESeq2"
"978","EsteroZacatecas - ColaDeBallena","k__Bacteria|p__Pseudomonadota|c__Gammaproteobacteria|o__Pseudomonadales|f__Cellvibrionaceae|g__|s__|ASV_1931",3.88581364741553,-5.45686623519249,2.95018900022085,-1.84966666026617,0.0643616085793466,0.108271958934416,"","DESeq2"
"979","EsteroZacatecas - ColaDeBallena","k__Bacteria|p__Thermodesulfobacteriota|c__Desulfobacteria|o__Desulfobacterales|f__Desulfosarcinaceae|g__Desulfosarcina|s__|ASV_14382",7.70713009404821,-2.24237601840685,2.70318482644296,-0.82953115024603,0.406803917707633,0.494255882904675,"","DESeq2"
"980","EsteroZacatecas - ColaDeBallena","k__Bacteria|p__Actinomycetota|c__Acidimicrobiia|o__Microtrichales|f__Microtrichaceae|g__|s__|ASV_11076",4.4935914536401,-5.63976555236722,2.94955902138777,-1.91207075751741,0.0558671190130848,0.0968268442494278,"","DESeq2"
"981","EsteroZacatecas - ColaDeBallena","k__Bacteria|p__Actinomycetota|c__Actinobacteria|o__Propionibacteriales|f__Nocardioidaceae|g__Nocardioides|s__|ASV_8154",0.273779198545089,1.68581644903179,2.98332376975582,0.565079950799229,0.572019384802229,NA,NA,"DESeq2"
"982","EsteroZacatecas - ColaDeBallena","k__Bacteria|p__Bacteroidota|c__Bacteroidia|o__Cytophagales|f__Cyclobacteriaceae|g__Fulvivirga|s__|ASV_11442",0,0,0,0,1,NA,NA,"DESeq2"
"983","EsteroZacatecas - ColaDeBallena","k__Bacteria|p__Bacteroidota|c__Bacteroidia|o__Cytophagales|f__Cyclobacteriaceae|g__|s__|ASV_13781",1.25075631423033,3.59239993625834,2.95943640277207,1.2138797552444,0.22479364471489,NA,NA,"DESeq2"
"984","EsteroZacatecas - ColaDeBallena","k__Bacteria|p__Bacteroidota|c__Bacteroidia|o__Flavobacteriales|f__Crocinitomicaceae|g__Brumimicrobium|s__|ASV_4358",8.76392752368789,6.38617521534252,1.73328199438971,3.68444098306755,0.000229205123127882,0.0013852026132666,"**","DESeq2"
"985","EsteroZacatecas - ColaDeBallena","k__Bacteria|p__Bacteroidota|c__Bacteroidia|o__Flavobacteriales|f__Flavobacteriaceae|g__Robiginitalea|s__|ASV_5224",5.75720485918493,-6.02266180090346,2.67894349893686,-2.24814812380087,0.0245667463059675,0.0509644192137529,"","DESeq2"
"986","EsteroZacatecas - ColaDeBallena","k__Bacteria|p__Campylobacterota|c__Campylobacteria|o__Campylobacterales|f__Sulfurovaceae|g__Sulfurovum|s__|ASV_15957",2.39749198476954,-4.76409477759637,2.95343024267917,-1.61307171192054,0.106728928797477,0.157869873846269,"","DESeq2"
"987","EsteroZacatecas - ColaDeBallena","k__Bacteria|p__Pseudomonadota|c__Gammaproteobacteria|o__Beggiatoales|f__Leucotrichaceae|g__|s__|ASV_11092",5.58088294825862,-3.18259851812618,2.35111593285501,-1.35365443858036,0.175846650260897,0.240967182987188,"","DESeq2"
"988","EsteroZacatecas - ColaDeBallena","k__Bacteria|p__Pseudomonadota|c__Gammaproteobacteria|o__Steroidobacterales|f__Woeseiaceae|g__Woeseia|s__|ASV_2719",7.26851557202493,3.3043332522622,2.35862622904224,1.40095671436842,0.161227017454396,0.223631125553351,"","DESeq2"
"989","EsteroZacatecas - ColaDeBallena","k__Bacteria|p__Thermodesulfobacteriota|c__Desulfobacteria|o__Desulfobacterales|f__Desulfosarcinaceae|g__Sva0081_sediment_group|s__|ASV_14605",4.40750891541855,-5.63731118335639,2.94956696534947,-1.91123349616457,0.05597458109609,0.0968268442494278,"","DESeq2"
"990","EsteroZacatecas - ColaDeBallena","k__Bacteria|p__Acidobacteriota|c__Blastocatellia|o__Blastocatellales|f__Blastocatellaceae|g__Blastocatella|s__|ASV_6534",2.73761907958854,-1.2978986211314,2.77528932819351,-0.46766245520651,0.640025994179819,0.712068204535708,"","DESeq2"
"991","EsteroZacatecas - ColaDeBallena","k__Bacteria|p__Actinomycetota|c__Acidimicrobiia|o__Microtrichales|f__Ilumatobacteraceae|g__Ilumatobacter|s__|ASV_8504",1.72999995916735,-4.29566627128431,2.95665822298763,-1.45287887449624,0.146257387396462,NA,NA,"DESeq2"
"992","EsteroZacatecas - ColaDeBallena","k__Bacteria|p__Bacteroidota|c__Bacteroidia|o__Chitinophagales|f__Saprospiraceae|g__Lewinella|s__|ASV_15371",1.45903461820313,3.81634599047632,2.95736873251047,1.29045321556392,0.196893345615027,NA,NA,"DESeq2"
"993","EsteroZacatecas - ColaDeBallena","k__Bacteria|p__Bacteroidota|c__Bacteroidia|o__Cytophagales|f__Cyclobacteriaceae|g__|s__|ASV_13336",5.99332699014355,-6.08210342828025,1.84199406147808,-3.30191261496237,0.000960279817197354,0.00419568412436998,"**","DESeq2"
"994","EsteroZacatecas - ColaDeBallena","k__Bacteria|p__Bacteroidota|c__Bacteroidia|o__Flavobacteriales|f__Flavobacteriaceae|g__Marinirhabdus|s__|ASV_13913",1.90035594453144,4.19603470333877,2.9545041963747,1.42021619346064,0.155544750687685,NA,NA,"DESeq2"
"995","EsteroZacatecas - ColaDeBallena","k__Bacteria|p__Planctomycetota|c__Planctomycetes|o__Pirellulales|f__Pirellulaceae|g__Rubripirellula|s__|ASV_7879",4.48223086173901,2.04616618101758,1.94475542076886,1.05214576556297,0.292732677682378,0.372807535703118,"","DESeq2"
"996","EsteroZacatecas - ColaDeBallena","k__Bacteria|p__Planctomycetota|c__Planctomycetes|o__Planctomycetales|f__Gimesiaceae|g__|s__|ASV_811",5.0440551448199,-5.83516134342717,2.05494272452013,-2.83957371356411,0.00451738566586658,0.0136846669771318,"*","DESeq2"
"997","EsteroZacatecas - ColaDeBallena","k__Bacteria|p__Pseudomonadota|c__Alphaproteobacteria|o__Rhodobacterales|f__Paracoccaceae|g__Halovulum|s__|ASV_4059",5.20543746215042,-0.610111987597933,2.02221773399509,-0.301704399749575,0.762877413977357,0.809177163658522,"","DESeq2"
"998","EsteroZacatecas - ColaDeBallena","k__Bacteria|p__Spirochaetota|c__Spirochaetia|o__Spirochaetales|f__Spirochaetaceae|g__Sediminispirochaeta|s__|ASV_13757",11.8774355770794,-7.05301199699018,2.37263787238809,-2.97264579608655,0.00295244950861888,0.00984074730521865,"**","DESeq2"
"999","EsteroZacatecas - ColaDeBallena","k__Bacteria|p__Cyanobacteriota|c__Cyanobacteriia|o__Cyanobacteriales|f__Microcystaceae|g__Cyanothece_ATCC_51142_(UCYN-C)|s__|ASV_6579",8.90316492387925,6.41266933688612,2.13462887729102,3.00411439435984,0.00266355156800085,0.00916907448863324,"**","DESeq2"
"1000","EsteroZacatecas - ColaDeBallena","k__Bacteria|p__Myxococcota|c__Polyangiia|o__Polyangiales|f__Sandaracinaceae|g__|s__|ASV_6621",3.48117273996066,5.07476037403996,2.09407228578588,2.42339312185466,0.0153762770586328,0.0347265422238705,"*","DESeq2"
"1001","EsteroZacatecas - ColaDeBallena","k__Bacteria|p__Planctomycetota|c__Planctomycetes|o__Pirellulales|f__Pirellulaceae|g__Bythopirellula|s__|ASV_2681",9.2769777092368,-6.69330340532543,2.37274943427689,-2.82090612208501,0.0047888214690768,0.0141301329581071,"*","DESeq2"
"1002","EsteroZacatecas - ColaDeBallena","k__Bacteria|p__Pseudomonadota|c__Alphaproteobacteria|o__Hyphomicrobiales|f__Rhizobiaceae|g__|s__|ASV_12323",2.73123956056159,4.72469963840248,2.80257118115227,1.68584465228816,0.0918257247561668,0.141731009949736,"","DESeq2"
"1003","EsteroZacatecas - ColaDeBallena","k__Bacteria|p__Pseudomonadota|c__Alphaproteobacteria|o__Hyphomicrobiales|f__Rhizobiaceae|g__|s__|ASV_12868",1.56541193919828,3.92743137774816,2.95645326377456,1.32842667458032,0.184037192187792,NA,NA,"DESeq2"
"1004","EsteroZacatecas - ColaDeBallena","k__Bacteria|p__Pseudomonadota|c__Alphaproteobacteria|o__Rhodobacterales|f__Paracoccaceae|g__Maribius|s__|ASV_13147",4.62396639284209,5.47282246579067,2.73547289663352,2.00068605049092,0.0454262336441096,0.0830985530108028,"","DESeq2"
"1005","EsteroZacatecas - ColaDeBallena","k__Bacteria|p__Pseudomonadota|c__Gammaproteobacteria|o__Granulosicoccales|f__Granulosicoccaceae|g__Granulosicoccus|s__|ASV_13753",3.69295486382487,3.33723652384759,2.93570458258467,1.1367753225733,0.255632222027784,0.333230947332942,"","DESeq2"
"1006","EsteroZacatecas - ColaDeBallena","k__Bacteria|p__Pseudomonadota|c__Gammaproteobacteria|o__Pseudomonadales|f__Spongiibacteraceae|g__|s__|ASV_3004",2.40341746263452,-4.76672134291707,2.95341486005421,-1.61396944512888,0.106534053997432,0.157787073456431,"","DESeq2"
"1007","EsteroZacatecas - ColaDeBallena","k__Bacteria|p__Bacteroidota|c__Bacteroidia|o__Flavobacteriales|f__Flavobacteriaceae|g__Robiginitalea|s__|ASV_355",4.10973890502113,5.29386875125668,2.9493900868509,1.7949028766517,0.0726691755445869,0.118951272937537,"","DESeq2"
"1008","EsteroZacatecas - ColaDeBallena","k__Bacteria|p__Dependentiae|c__Babeliae|o__Babeliales|f__Vermiphilaceae|g__|s__|ASV_7801",0,0,0,0,1,NA,NA,"DESeq2"
"1009","EsteroZacatecas - ColaDeBallena","k__Bacteria|p__Pseudomonadota|c__Alphaproteobacteria|o__Hyphomicrobiales|f__Rhodomicrobiaceae|g__Rhodomicrobium|s__|ASV_2124",5.83631157070446,5.80465427465738,1.86014805327288,3.12053347820581,0.0018052377671413,0.00676815215667497,"**","DESeq2"
"1010","EsteroZacatecas - ColaDeBallena","k__Bacteria|p__Pseudomonadota|c__Alphaproteobacteria|o__Rhodobacterales|f__Paracoccaceae|g__Palleronia-Pseudomaribius|s__|ASV_951",8.44579390816585,6.33968633598283,2.38470152397031,2.65848210866567,0.00784935181392212,0.0206887787949316,"*","DESeq2"
"1011","EsteroZacatecas - ColaDeBallena","k__Bacteria|p__Pseudomonadota|c__Alphaproteobacteria|o__Sphingomonadales|f__Sphingomonadaceae|g__Aurantiacibacter|s__|ASV_8699",4.85423663004562,-5.77922955472119,2.34332218232332,-2.46625478916915,0.0136534176288306,0.031718368970044,"*","DESeq2"
"1012","EsteroZacatecas - ColaDeBallena","k__Bacteria|p__Pseudomonadota|c__Gammaproteobacteria|o__Chromatiales|f__Chromatiaceae|g__Halochromatium|s__|ASV_5260",5.85647213519118,5.81157766001383,2.10349408237513,2.76282101704407,0.00573041802526176,0.0162338026850308,"*","DESeq2"
"1013","EsteroZacatecas - ColaDeBallena","k__Bacteria|p__Pseudomonadota|c__Gammaproteobacteria|o__Thiomicrospirales|f__Thiomicrospiraceae|g__endosymbionts|s__|ASV_10052",2.96403344180336,-5.06899319013183,2.95181517582428,-1.71724613100694,0.0859342100297556,0.13577366146565,"","DESeq2"
"1014","EsteroZacatecas - ColaDeBallena","k__Bacteria|p__Bacteroidota|c__Bacteroidia|o__Flavobacteriales|f__Flavobacteriaceae|g__Hanstruepera|s__|ASV_2269",1.9058926988816,-1.85281305424715,2.77416846225288,-0.66788051246985,0.504209867745608,NA,NA,"DESeq2"
"1015","EsteroZacatecas - ColaDeBallena","k__Bacteria|p__Chloroflexota|c__Anaerolineae|o__Anaerolineales|f__Anaerolineaceae|g__|s__|ASV_14272",2.80758653070033,-4.99092743272014,2.95219750452973,-1.69058046592827,0.0909169580793913,0.141288186563869,"","DESeq2"
"1016","EsteroZacatecas - ColaDeBallena","k__Bacteria|p__Cyanobacteriota|c__Cyanobacteriia|o__Cyanobacteriales|f__Xenococcaceae|g__Pleurocapsa_PCC-7319|s__|ASV_12101",5.6927161896722,5.77157578234104,2.37664941099411,2.42845063964521,0.0151634890395299,0.03452048807396,"*","DESeq2"
"1017","EsteroZacatecas - ColaDeBallena","k__Bacteria|p__Pseudomonadota|c__Alphaproteobacteria|o__Rhodobacterales|f__Paracoccaceae|g__Palleronia-Pseudomaribius|s__|ASV_11632",4.25195113971523,5.35692887022006,2.73501403859425,1.95864766857775,0.0501540629626627,0.0887016347608221,"","DESeq2"
"1018","EsteroZacatecas - ColaDeBallena","k__Bacteria|p__Pseudomonadota|c__Alphaproteobacteria|o__Rhodobacterales|f__Paracoccaceae|g__Silicimonas|s__|ASV_9670",2.23096841777873,-4.65529200251192,2.9540920051032,-1.57587915151928,0.115053656566909,NA,NA,"DESeq2"
"1019","EsteroZacatecas - ColaDeBallena","k__Bacteria|p__Pseudomonadota|c__Gammaproteobacteria|o__Pseudomonadales|f__Alcanivoracaceae|g__Ketobacter|s__|ASV_7246",0.435539829951351,-2.4506473446564,2.97680671134166,-0.823247050377647,0.410367517693226,NA,NA,"DESeq2"
"1020","EsteroZacatecas - ColaDeBallena","k__Bacteria|p__Acidobacteriota|c__Thermoanaerobaculia|o__Thermoanaerobaculales|f__Thermoanaerobaculaceae|g__Subgroup_10|s__|ASV_2228",3.09019576730624,-2.81171941229167,2.92845852266683,-0.960136327876397,0.336986607146241,0.41975524749795,"","DESeq2"
"1021","EsteroZacatecas - ColaDeBallena","k__Bacteria|p__Bacteroidota|c__Bacteroidia|o__Chitinophagales|f__Saprospiraceae|g__|s__|ASV_10691",1.21477449361267,2.69214354506669,2.96132706665798,0.909100374415892,0.363297144993154,NA,NA,"DESeq2"
"1022","EsteroZacatecas - ColaDeBallena","k__Bacteria|p__Bacteroidota|c__Bacteroidia|o__Chitinophagales|f__Saprospiraceae|g__|s__|ASV_11215",3.01084102121578,4.85747272038295,2.95098042540872,1.64605386012012,0.099752670646624,0.150242641137693,"","DESeq2"
"1023","EsteroZacatecas - ColaDeBallena","k__Bacteria|p__Bacteroidota|c__Bacteroidia|o__Chitinophagales|f__Saprospiraceae|g__|s__|ASV_11900",1.63093275032858,3.9696365456108,2.95612306367993,1.34285226294645,0.179319816489959,NA,NA,"DESeq2"
"1024","EsteroZacatecas - ColaDeBallena","k__Bacteria|p__Chloroflexota|c__Anaerolineae|o__Aggregatilineales|f__Aggregatilineaceae|g__|s__|ASV_4295",7.82054685788618,0.138538668702867,1.94496167486761,0.0712295108397426,0.943215094807267,0.952437642400938,"","DESeq2"
"1025","EsteroZacatecas - ColaDeBallena","k__Bacteria|p__Pseudomonadota|c__Alphaproteobacteria|o__Sphingomonadales|f__Sphingomonadaceae|g__Parasphingopyxis|s__|ASV_11607",3.35289921275374,-2.21629250118241,2.91989012440425,-0.759032842591846,0.447832910627869,0.533828107527029,"","DESeq2"
"1026","EsteroZacatecas - ColaDeBallena","k__Bacteria|p__Pseudomonadota|c__Alphaproteobacteria|o__Sphingomonadales|f__Sphingomonadaceae|g__Qipengyuania|s__|ASV_3751",0.721781523437054,2.8529864401522,2.96753444328102,0.961399604514052,0.336351283066588,NA,NA,"DESeq2"
"1027","EsteroZacatecas - ColaDeBallena","k__Bacteria|p__Pseudomonadota|c__Alphaproteobacteria|o__Sphingomonadales|f__Sphingomonadaceae|g__|s__|ASV_4187",7.11152875433361,-6.30559312453885,1.87684986823647,-3.3596683630661,0.000780360862233761,0.00366318156817171,"**","DESeq2"
"1028","EsteroZacatecas - ColaDeBallena","k__Bacteria|p__Verrucomicrobiota|c__Verrucomicrobiia|o__Verrucomicrobiales|f__Rubritaleaceae|g__DBS1|s__|ASV_11128",2.73878887535942,4.72328602618609,2.95157286223806,1.60026069036447,0.109540763473449,0.160773006855087,"","DESeq2"
"1029","EsteroZacatecas - ColaDeBallena","k__Bacteria|p__Bacteroidota|c__Bacteroidia|o__Cytophagales|f__Cyclobacteriaceae|g__Tunicatimonas|s__|ASV_8575",0,0,0,0,1,NA,NA,"DESeq2"
"1030","EsteroZacatecas - ColaDeBallena","k__Bacteria|p__Cyanobacteriota|c__Cyanobacteriia|o__Cyanobacteriales|f__Nostocaceae|g__Rivularia_PCC-7116|s__|ASV_10483",2.14779526300281,4.33898544551117,2.9536029022773,1.4690483416595,0.141819677767552,NA,NA,"DESeq2"
"1031","EsteroZacatecas - ColaDeBallena","k__Bacteria|p__Myxococcota|c__Polyangiia|o__Polyangiales|f__Sandaracinaceae|g__|s__|ASV_414",0.20924659485972,1.42255342894843,2.98721982924007,0.476213171532917,0.633922516684822,NA,NA,"DESeq2"
"1032","EsteroZacatecas - ColaDeBallena","k__Bacteria|p__Verrucomicrobiota|c__Verrucomicrobiia|o__Verrucomicrobiales|f__Rubritaleaceae|g__Haloferula|s__|ASV_12612",12.2273364358319,-7.0959487311976,2.38372339875977,-2.97683394595596,0.00291241707001437,0.00984074730521865,"**","DESeq2"
"1033","EsteroZacatecas - ColaDeBallena","k__Bacteria|p__Verrucomicrobiota|c__Verrucomicrobiia|o__Verrucomicrobiales|f__Rubritaleaceae|g__Roseibacillus|s__|ASV_9177",9.80546613477177,6.55167273179333,2.14684649861309,3.05176580441398,0.0022749952458092,0.00814377922560096,"**","DESeq2"
"1034","EsteroZacatecas - ColaDeBallena","k__Bacteria|p__Cyanobacteriota|c__Cyanobacteriia|o__Cyanobacteriales|f__Xenococcaceae|g__Pleurocapsa_PCC-7319|s__|ASV_1835",1.13120307660701,3.45412103397975,2.96087753334102,1.16658693076108,0.243377223743329,NA,NA,"DESeq2"
"1035","EsteroZacatecas - ColaDeBallena","k__Bacteria|p__Gemmatimonadota|c__Longimicrobiia|o__Longimicrobiales|f__Longimicrobiaceae|g__|s__|ASV_10835",0.390270066529598,2.09157492978316,2.97677288239562,0.702631679478321,0.482285314686538,NA,NA,"DESeq2"
"1036","EsteroZacatecas - ColaDeBallena","k__Bacteria|p__Planctomycetota|c__Planctomycetes|o__Pirellulales|f__Pirellulaceae|g__|s__|ASV_9318",6.80985638546383,6.03114049936828,2.70387470662456,2.23055472377912,0.0257106387335769,0.0531041556388062,"","DESeq2"
"1037","EsteroZacatecas - ColaDeBallena","k__Bacteria|p__Pseudomonadota|c__Alphaproteobacteria|o__Rhodobacterales|f__Paracoccaceae|g__Palleronia-Pseudomaribius|s__|ASV_11182",0.696758876177029,2.80586228619323,2.9679785496248,0.945378222678847,0.344465816119021,NA,NA,"DESeq2"
"1038","EsteroZacatecas - ColaDeBallena","k__Bacteria|p__Rhodothermota|c__Rhodothermia|o__Rhodothermales|f__Rhodothermaceae|g__|s__|ASV_2738",4.98583111472536,-5.8181316624894,2.06629241063947,-2.81573490399107,0.00486658049816785,0.0142853629093506,"*","DESeq2"
"1039","EsteroZacatecas - ColaDeBallena","k__Bacteria|p__Bacteroidota|c__Bacteroidia|o__Chitinophagales|f__Saprospiraceae|g__|s__|ASV_8127",4.82974596118257,5.52060807254502,1.37100736221281,4.02668010741731,5.65699112562828e-05,0.000420022347628348,"***","DESeq2"
"1040","EsteroZacatecas - ColaDeBallena","k__Bacteria|p__Bacteroidota|c__Bacteroidia|o__Chitinophagales|f__Saprospiraceae|g__|s__|ASV_9393",3.13531906070292,4.89796432596337,2.95081206799349,1.65986996565793,0.096940614721395,0.147818172246315,"","DESeq2"
"1041","EsteroZacatecas - ColaDeBallena","k__Bacteria|p__Bacteroidota|c__Bacteroidia|o__Cytophagales|f__Flammeovirgaceae|g__Rapidithrix|s__|ASV_7182",2.25281465255202,4.43893930960714,2.9530227554291,1.5031849319299,0.132791362040355,NA,NA,"DESeq2"
"1042","EsteroZacatecas - ColaDeBallena","k__Bacteria|p__Myxococcota|c__Polyangiia|o__Polyangiales|f__Sandaracinaceae|g__|s__|ASV_7560",11.9600039609188,-7.06279091916718,2.38188455049705,-2.96521127260065,0.0030247512409585,0.00998871340037458,"**","DESeq2"
"1043","EsteroZacatecas - ColaDeBallena","k__Bacteria|p__Pseudomonadota|c__Alphaproteobacteria|o__Rhodobacterales|f__Paracoccaceae|g__Jannaschia|s__|ASV_4456",3.45003344283498,5.05477694037903,2.95020235112132,1.71336618264771,0.0866451936435777,0.136328171716211,"","DESeq2"
"1044","EsteroZacatecas - ColaDeBallena","k__Bacteria|p__Pseudomonadota|c__Gammaproteobacteria|o__Enterobacterales|f__Alteromonadaceae|g__|s__|ASV_5959",1.01410008508428,3.29277796753501,2.96273672238965,1.11139742611998,0.266397319742607,NA,NA,"DESeq2"
"1045","EsteroZacatecas - ColaDeBallena","k__Bacteria|p__Pseudomonadota|c__Gammaproteobacteria|o__Pseudomonadales|f__Cellvibrionaceae|g__|s__|ASV_13000",5.43865954708956,-5.94056819808654,2.68999332420223,-2.20839514531076,0.0272167399250298,0.0553098686132985,"","DESeq2"
"1046","EsteroZacatecas - ColaDeBallena","k__Bacteria|p__Actinomycetota|c__Acidimicrobiia|o__Microtrichales|f__Ilumatobacteraceae|g__Ilumatobacter|s__|ASV_13508",2.40356802878546,4.53360172722459,2.95250854585606,1.53550841828642,0.124658990846058,0.177988530715479,"","DESeq2"
"1047","EsteroZacatecas - ColaDeBallena","k__Bacteria|p__Actinomycetota|c__Actinobacteria|o__Nitriliruptorales|f__Nitriliruptoraceae|g__|s__|ASV_15496",4.52523411814285,-5.67829449831132,2.36358926431916,-2.40240323648067,0.0162877430695804,0.0359279148097929,"*","DESeq2"
"1048","EsteroZacatecas - ColaDeBallena","k__Bacteria|p__Bacteroidota|c__Bacteroidia|o__Flavobacteriales|f__Flavobacteriaceae|g__Maribacter|s__|ASV_12000",13.4464776099876,0.790954740498771,2.38292620018665,0.33192582314837,0.739945270734249,0.792512894335845,"","DESeq2"
"1049","EsteroZacatecas - ColaDeBallena","k__Bacteria|p__Chloroflexota|c__Anaerolineae|o__Ardenticatenales|f__Ardenticatenaceae|g__|s__|ASV_14123",8.10881352538465,-6.50552002152121,2.94744649807816,-2.20717153840216,0.0273020773842729,0.0553842141223821,"","DESeq2"
"1050","EsteroZacatecas - ColaDeBallena","k__Bacteria|p__Pseudomonadota|c__Alphaproteobacteria|o__Hyphomicrobiales|f__Rhizobiaceae|g__Martelella|s__|ASV_7223",0.290359886634234,-1.91781356457258,2.9888864893727,-0.641648176132338,0.521101645078475,NA,NA,"DESeq2"
"1051","EsteroZacatecas - ColaDeBallena","k__Bacteria|p__Pseudomonadota|c__Alphaproteobacteria|o__Rhodobacterales|f__Paracoccaceae|g__Limibaculum|s__|ASV_1152",8.7139107093061,6.38235289905114,2.13978625488379,2.98270581208017,0.00285712478034289,0.00977618599539014,"**","DESeq2"
"1052","EsteroZacatecas - ColaDeBallena","k__Bacteria|p__Pseudomonadota|c__Alphaproteobacteria|o__Rhodobacterales|f__Paracoccaceae|g__Marivita|s__|ASV_7068",9.39090254581143,6.49083888792888,2.39634679948637,2.70863920419203,0.00675597639964382,0.0184883536959283,"*","DESeq2"
"1053","EsteroZacatecas - ColaDeBallena","k__Bacteria|p__Pseudomonadota|c__Alphaproteobacteria|o__Sphingomonadales|f__Sphingomonadaceae|g__Croceicoccus|s__|ASV_6402",11.147794048014,-2.43929125397034,2.7374106892617,-0.891094370142989,0.372878544964871,0.457371417169312,"","DESeq2"
"1054","EsteroZacatecas - ColaDeBallena","k__Bacteria|p__Pseudomonadota|c__Gammaproteobacteria|o__Steroidobacterales|f__Woeseiaceae|g__Woeseia|s__|ASV_2639",7.02670368609149,6.07364812996211,2.38542556168051,2.54614867364936,0.0108918788320349,0.0273138506692972,"*","DESeq2"
"1055","EsteroZacatecas - ColaDeBallena","k__Bacteria|p__Acidobacteriota|c__Thermoanaerobaculia|o__Thermoanaerobaculales|f__Thermoanaerobaculaceae|g__Subgroup_10|s__|ASV_13832",4.96776774587985,5.57450124858546,2.11276241151316,2.63848940998198,0.00832763013402922,0.0216976785143514,"*","DESeq2"
"1056","EsteroZacatecas - ColaDeBallena","k__Bacteria|p__Pseudomonadota|c__Alphaproteobacteria|o__Rhodobacterales|f__Paracoccaceae|g__|s__|ASV_4861",1.07566944348175,3.38716462468625,2.96162481809157,1.14368457611349,0.25275447219256,NA,NA,"DESeq2"
"1057","EsteroZacatecas - ColaDeBallena","k__Bacteria|p__Pseudomonadota|c__Gammaproteobacteria|o__Enterobacterales|f__Vibrionaceae|g__Vibrio|s__|ASV_6980",4.15567507377873,5.31983673661476,2.75290328354657,1.93244592660052,0.0533044900876684,0.0929657421427704,"","DESeq2"
"1058","EsteroZacatecas - ColaDeBallena","k__Bacteria|p__Pseudomonadota|c__Gammaproteobacteria|o__Pseudomonadales|f__Halieaceae|g__|s__|ASV_15846",5.33595192074926,-5.91358872898635,2.3639529049514,-2.50156791051128,0.0123644726466662,0.0299769993986844,"*","DESeq2"
"1059","EsteroZacatecas - ColaDeBallena","k__Bacteria|p__Pseudomonadota|c__Gammaproteobacteria|o__Pseudomonadales|f__KI89A_clade|g__|s__|ASV_5556",11.3393788798064,-6.9892700629224,2.67277005134463,-2.6149911622237,0.00892297642861901,0.0228814926025083,"*","DESeq2"
"1060","EsteroZacatecas - ColaDeBallena","k__Bacteria|p__Bacteroidota|c__Bacteroidia|o__Chitinophagales|f__Saprospiraceae|g__|s__|ASV_1449",4.99451098210236,4.33057712265468,1.47929004125458,2.9274699361742,0.00341732097503962,0.0109047096282163,"*","DESeq2"
"1061","EsteroZacatecas - ColaDeBallena","k__Bacteria|p__Chloroflexota|c__Anaerolineae|o__Anaerolineales|f__Anaerolineaceae|g__|s__|ASV_3608",5.70472259334488,-6.00896328385918,2.70282751447783,-2.22321374622386,0.0262013903532456,0.0539217018863896,"","DESeq2"
"1062","EsteroZacatecas - ColaDeBallena","k__Bacteria|p__Gemmatimonadota|c__Longimicrobiia|o__Longimicrobiales|f__Longimicrobiaceae|g__YC-ZSS-LKJ147|s__|ASV_8187",4.92880463097871,-5.79894249877422,2.94907124968686,-1.96636229097211,0.0492567760762145,0.0879118947955428,"","DESeq2"
"1063","EsteroZacatecas - ColaDeBallena","k__Bacteria|p__Pseudomonadota|c__Alphaproteobacteria|o__Rhodobacterales|f__Paracoccaceae|g__|s__|ASV_1438",4.98147771349256,-5.81532585267258,2.35379766979668,-2.47061415995663,0.0134881260078388,0.0315278007096809,"*","DESeq2"
"1064","EsteroZacatecas - ColaDeBallena","k__Bacteria|p__Pseudomonadota|c__Alphaproteobacteria|o__|f__Neomegalonemataceae|g__Acuticoccus|s__|ASV_15879",4.69976635812488,-5.73110582999202,2.69717609869114,-2.1248541512633,0.0335987846889372,0.065920931617673,"","DESeq2"
"1065","EsteroZacatecas - ColaDeBallena","k__Bacteria|p__Pseudomonadota|c__Gammaproteobacteria|o__Pseudomonadales|f__Cellvibrionaceae|g__|s__|ASV_5036",1.68693488687019,1.25496425981327,2.93258499313942,0.427937898730701,0.668696333918034,NA,NA,"DESeq2"
"1066","EsteroZacatecas - ColaDeBallena","k__Bacteria|p__Pseudomonadota|c__Gammaproteobacteria|o__Pseudomonadales|f__Microbulbiferaceae|g__Microbulbifer|s__|ASV_10385",0.698971178712249,2.78525891978926,2.9681772303389,0.938373521405677,0.348052488543894,NA,NA,"DESeq2"
"1067","EsteroZacatecas - ColaDeBallena","k__Bacteria|p__Acidobacteriota|c__Thermoanaerobaculia|o__Thermoanaerobaculales|f__Thermoanaerobaculaceae|g__Subgroup_10|s__|ASV_4632",5.14553681009324,2.15046085954557,2.17233421383576,0.989930944257625,0.322207873289653,0.404004574014399,"","DESeq2"
"1068","EsteroZacatecas - ColaDeBallena","k__Bacteria|p__Pseudomonadota|c__Alphaproteobacteria|o__Sphingomonadales|f__Sphingomonadaceae|g__|s__|ASV_8973",0.450311615226459,2.26662551756735,2.97421114109876,0.762093008881002,0.446004495103327,NA,NA,"DESeq2"
"1069","EsteroZacatecas - ColaDeBallena","k__Bacteria|p__Pseudomonadota|c__Gammaproteobacteria|o__Pseudomonadales|f__Halieaceae|g__Parahaliea|s__|ASV_9065",6.81051014597632,-6.24124990741422,1.63831414723196,-3.8095562551048,0.000139216429089472,0.000913981663145955,"***","DESeq2"
"1070","EsteroZacatecas - ColaDeBallena","k__Bacteria|p__Bacteroidota|c__Bacteroidia|o__Chitinophagales|f__Saprospiraceae|g__Lewinella|s__|ASV_8583",3.37620312792392,5.02671193565138,2.769655799737,1.81492297206343,0.0695357477174402,0.114981964202347,"","DESeq2"
"1071","EsteroZacatecas - ColaDeBallena","k__Bacteria|p__Bacteroidota|c__Bacteroidia|o__Cytophagales|f__Cyclobacteriaceae|g__|s__|ASV_11285",4.99224018624164,-5.81814021695512,2.35721084086766,-2.468230722549,0.0135782769383114,0.0316733523653423,"*","DESeq2"
"1072","EsteroZacatecas - ColaDeBallena","k__Bacteria|p__Bacteroidota|c__Bacteroidia|o__Flavobacteriales|f__Flavobacteriaceae|g__Robertkochia|s__|ASV_468",4.69738882534149,5.48615714873307,1.63199592846369,3.36162428658605,0.000774854764386744,0.00366318156817171,"**","DESeq2"
"1073","EsteroZacatecas - ColaDeBallena","k__Bacteria|p__Deinococcota|c__Deinococci|o__Deinococcales|f__Trueperaceae|g__Truepera|s__|ASV_14236",6.25156748576027,2.29040680092917,1.70480903109376,1.34349757606558,0.17911091038674,0.244849571840358,"","DESeq2"
"1074","EsteroZacatecas - ColaDeBallena","k__Bacteria|p__Gemmatimonadota|c__Longimicrobiia|o__Longimicrobiales|f__Longimicrobiaceae|g__|s__|ASV_5599",1.62168813953964,3.92179996540374,2.95649803883838,1.32650179837246,0.18467353984989,NA,NA,"DESeq2"
"1075","EsteroZacatecas - ColaDeBallena","k__Bacteria|p__Pseudomonadota|c__Gammaproteobacteria|o__Enterobacterales|f__Alteromonadaceae|g__|s__|ASV_7006",3.44042237884818,5.04834800888103,2.95022608247019,1.71117326867848,0.0870491317828656,0.136585378046043,"","DESeq2"
"1076","EsteroZacatecas - ColaDeBallena","k__Bacteria|p__Pseudomonadota|c__Gammaproteobacteria|o__Pseudomonadales|f__Cellvibrionaceae|g__|s__|ASV_9688",3.65092698810212,1.38368410240604,1.46640344500174,0.943590324424257,0.345379038489362,0.428330335943139,"","DESeq2"
"1077","EsteroZacatecas - ColaDeBallena","k__Bacteria|p__Rhodothermota|c__Rhodothermia|o__Rhodothermales|f__Rhodothermaceae|g__|s__|ASV_15284",3.96798420964191,5.25507696679725,2.94951299383242,1.78167615392299,0.0748020577352233,0.121393053696019,"","DESeq2"
"1078","EsteroZacatecas - ColaDeBallena","k__Bacteria|p__Cyanobacteriota|c__Cyanobacteriia|o__Cyanobacteriales|f__Microcystaceae|g__Synechocystis_BDHKU-20401|s__|ASV_733",1.41957575081627,3.73425699579589,2.95809071413473,1.26238758600349,0.206809353985917,NA,NA,"DESeq2"
"1079","EsteroZacatecas - ColaDeBallena","k__Bacteria|p__Pseudomonadota|c__Gammaproteobacteria|o__Ectothiorhodospirales|f__Ectothiorhodospiraceae|g__Thiogranum|s__|ASV_13819",5.24257257464041,-5.88880058315485,2.07281796747438,-2.84096369076251,0.00449774330136168,0.0136615946265959,"*","DESeq2"
"1080","EsteroZacatecas - ColaDeBallena","k__Bacteria|p__Pseudomonadota|c__Gammaproteobacteria|o__Enterobacterales|f__Alteromonadaceae|g__Alteromonas|s__|ASV_3498",2.04205196209539,1.28156018622578,2.92477388726125,0.438174106999372,0.661260077041488,NA,NA,"DESeq2"
"1081","EsteroZacatecas - ColaDeBallena","k__Bacteria|p__Pseudomonadota|c__Gammaproteobacteria|o__Enterobacterales|f__Alteromonadaceae|g__|s__|ASV_6570",2.19838407303725,4.40440221577419,2.95321876887272,1.49139043209298,0.135859018651927,NA,NA,"DESeq2"
"1082","EsteroZacatecas - ColaDeBallena","k__Bacteria|p__Pseudomonadota|c__Gammaproteobacteria|o__Pseudomonadales|f__Halieaceae|g__Pseudohaliea|s__|ASV_13472",3.69299471066789,5.15062135857167,2.94986067541813,1.74605580578533,0.0808012551991919,0.128557739364541,"","DESeq2"
"1083","EsteroZacatecas - ColaDeBallena","k__Bacteria|p__Pseudomonadota|c__Gammaproteobacteria|o__Steroidobacterales|f__Woeseiaceae|g__Woeseia|s__|ASV_8035",7.07889111871403,-3.05981791825981,1.64673123480218,-1.85811615981608,0.0631525204889609,0.106599202489539,"","DESeq2"
"1084","EsteroZacatecas - ColaDeBallena","k__Bacteria|p__Rhodothermota|c__Rhodothermia|o__Rhodothermales|f__Rhodothermaceae|g__|s__|ASV_7515",3.51693547370033,-5.31341836980368,2.95074107141777,-1.8007064127964,0.0717491663166071,0.117955214089241,"","DESeq2"
"1085","EsteroZacatecas - ColaDeBallena","k__Bacteria|p__Rhodothermota|c__Rhodothermia|o__Rhodothermales|f__Rhodothermaceae|g__|s__|ASV_9456",6.39673047360407,5.93954958651766,2.40255277543499,2.47218277460827,0.0134290838280414,0.0314545138735154,"*","DESeq2"
"1086","EsteroZacatecas - ColaDeBallena","k__Bacteria|p__Thermodesulfobacteriota|c__Desulfobulbia|o__Desulfobulbales|f__Desulfobulbaceae|g__|s__|ASV_8037",5.24793944260623,-5.88957465629937,2.36549141034847,-2.48978906900015,0.0127818928591921,0.0305666516377527,"*","DESeq2"
"1087","EsteroZacatecas - ColaDeBallena","k__Bacteria|p__Actinomycetota|c__Actinobacteria|o__Euzebyales|f__Euzebyaceae|g__|s__|ASV_8144",4.690423080042,-1.9659116359246,2.91082195893769,-0.67538024092757,0.499434215819068,0.584302027981938,"","DESeq2"
"1088","EsteroZacatecas - ColaDeBallena","k__Bacteria|p__Bacteroidota|c__Bacteroidia|o__Chitinophagales|f__Saprospiraceae|g__|s__|ASV_8386",2.32406605766145,4.4838278526323,2.95277478417281,1.51851332403206,0.128885043181136,0.182560360416173,"","DESeq2"
"1089","EsteroZacatecas - ColaDeBallena","k__Bacteria|p__Cyanobacteriota|c__Cyanobacteriia|o__Cyanobacteriales|f__Xenococcaceae|g__Pleurocapsa_PCC-7319|s__|ASV_7062",1.45688451705543,-1.91322755368262,2.94179159733825,-0.650361349666551,0.515458837117297,NA,NA,"DESeq2"
"1090","EsteroZacatecas - ColaDeBallena","k__Bacteria|p__Pseudomonadota|c__Alphaproteobacteria|o__Caulobacterales|f__Hyphomonadaceae|g__Euryhalocaulis|s__|ASV_13612",2.9378461766045,-2.30246879589648,2.92359716037846,-0.787546529015793,0.430962001986784,0.517138587979741,"","DESeq2"
"1091","EsteroZacatecas - ColaDeBallena","k__Bacteria|p__Pseudomonadota|c__Alphaproteobacteria|o__Rhodobacterales|f__Paracoccaceae|g__Actibacterium|s__|ASV_1137",0.749525697927286,-3.17130695172802,2.96609564804527,-1.0691856662876,0.284986016196297,NA,NA,"DESeq2"
"1092","EsteroZacatecas - ColaDeBallena","k__Bacteria|p__Pseudomonadota|c__Alphaproteobacteria|o__Rhodobacterales|f__Paracoccaceae|g__Limibaculum|s__|ASV_11834",0.722628382409248,2.85512228079191,2.9675146496206,0.962125757713425,0.335986436854044,NA,NA,"DESeq2"
"1093","EsteroZacatecas - ColaDeBallena","k__Bacteria|p__Thermodesulfobacteriota|c__Desulfobulbia|o__Desulfobulbales|f__Desulfocapsaceae|g__|s__|ASV_10762",6.4697464875134,-6.17834058795737,2.08660543187704,-2.96095298783899,0.00306688748989978,0.0100985048942787,"*","DESeq2"
"1094","EsteroZacatecas - ColaDeBallena","k__Bacteria|p__Verrucomicrobiota|c__Verrucomicrobiia|o__Verrucomicrobiales|f__Rubritaleaceae|g__Haloferula|s__|ASV_655",1.03198336152522,3.24532753107725,2.96332273247107,1.09516506437725,0.273444328007358,NA,NA,"DESeq2"
"1095","EsteroZacatecas - ColaDeBallena","k__Bacteria|p__Actinomycetota|c__Actinobacteria|o__Nitriliruptorales|f__Nitriliruptoraceae|g__|s__|ASV_10455",1.9357015316119,0.837831166862666,2.92340668539789,0.286594120156988,0.774423117097499,NA,NA,"DESeq2"
"1096","EsteroZacatecas - ColaDeBallena","k__Bacteria|p__Bacteroidota|c__Bacteroidia|o__Bacteroidales|f__Prolixibacteraceae|g__|s__|ASV_3832",7.85778549530556,-6.45529705352921,2.36412810575012,-2.73051914480792,0.00632346602041191,0.0174779985381701,"*","DESeq2"
"1097","EsteroZacatecas - ColaDeBallena","k__Bacteria|p__Bacteroidota|c__Bacteroidia|o__Chitinophagales|f__Saprospiraceae|g__Lewinella|s__|ASV_8608",9.53664362773355,6.51438799377482,2.7050068129306,2.40827045707775,0.0160283021137444,0.0357397534370877,"*","DESeq2"
"1098","EsteroZacatecas - ColaDeBallena","k__Bacteria|p__Bacteroidota|c__Bacteroidia|o__Flavobacteriales|f__Flavobacteriaceae|g__Winogradskyella|s__|ASV_13686",6.03753213811982,-2.79526104950946,2.66424030341973,-1.04917752573654,0.294096420327152,0.373288864236474,"","DESeq2"
"1099","EsteroZacatecas - ColaDeBallena","k__Bacteria|p__Chloroflexota|c__Anaerolineae|o__Anaerolineales|f__Anaerolineaceae|g__ADurb.Bin120|s__|ASV_707",9.08994372802357,-4.05529175478328,2.60465621879826,-1.55693934789379,0.119484886240487,0.171382362082314,"","DESeq2"
"1100","EsteroZacatecas - ColaDeBallena","k__Bacteria|p__Chloroflexota|c__Anaerolineae|o__Anaerolineales|f__Anaerolineaceae|g__|s__|ASV_6002",2.79109394279405,-4.98251102841187,2.95223994477062,-1.68770530906118,0.0914678121628046,0.141431932099547,"","DESeq2"
"1101","EsteroZacatecas - ColaDeBallena","k__Bacteria|p__Myxococcota|c__Polyangiia|o__Polyangiales|f__Sandaracinaceae|g__|s__|ASV_10742",6.62003199773768,-6.20474051589314,1.8638260597446,-3.32903410350609,0.000871477326115744,0.00391134480876483,"**","DESeq2"
"1102","EsteroZacatecas - ColaDeBallena","k__Bacteria|p__Pseudomonadota|c__Alphaproteobacteria|o__Hyphomicrobiales|f__Devosiaceae|g__|s__|ASV_11111",3.07217498927174,1.46284302349736,2.40836882426603,0.607399916806002,0.54358554367685,0.628192449254223,"","DESeq2"
"1103","EsteroZacatecas - ColaDeBallena","k__Bacteria|p__Pseudomonadota|c__Alphaproteobacteria|o__Hyphomicrobiales|f__Devosiaceae|g__|s__|ASV_12167",4.1492388668124,1.55641521354544,1.97687786986542,0.787309745974037,0.431100565859872,0.517138587979741,"","DESeq2"
"1104","EsteroZacatecas - ColaDeBallena","k__Bacteria|p__Pseudomonadota|c__Alphaproteobacteria|o__Hyphomicrobiales|f__Rhizobiaceae|g__Oricola|s__|ASV_10272",4.2072841050163,-2.77872823205935,2.34137003316585,-1.1867958471742,0.235308157302884,0.309386651268607,"","DESeq2"
"1105","EsteroZacatecas - ColaDeBallena","k__Bacteria|p__Pseudomonadota|c__Alphaproteobacteria|o__Rhodobacterales|f__Paracoccaceae|g__|s__|ASV_8569",6.39223005861262,5.9351535841581,2.39037344949318,2.48293988766337,0.0130303074352036,0.0308383942633151,"*","DESeq2"
"1106","EsteroZacatecas - ColaDeBallena","k__Bacteria|p__Rhodothermota|c__Rhodothermia|o__Rhodothermales|f__Rhodothermaceae|g__|s__|ASV_10187",2.12172044987507,4.35221620604421,2.95352382520682,1.47356732622241,0.140598124057045,NA,NA,"DESeq2"
"1107","EsteroZacatecas - ColaDeBallena","k__Bacteria|p__Bacteroidota|c__Bacteroidia|o__Cytophagales|f__Cyclobacteriaceae|g__Fulvivirga|s__|ASV_115",2.98304327198326,4.84396399908308,2.95103763743273,1.64144433050915,0.100705214078793,0.151324237028451,"","DESeq2"
"1108","EsteroZacatecas - ColaDeBallena","k__Bacteria|p__Bacteroidota|c__Bacteroidia|o__Cytophagales|f__Cyclobacteriaceae|g__Roseivirga|s__|ASV_15880",7.52926639402402,6.17058625772708,2.12683885592345,2.90129467991494,0.00371624225562252,0.0116620198960972,"*","DESeq2"
"1109","EsteroZacatecas - ColaDeBallena","k__Bacteria|p__Bacteroidota|c__Bacteroidia|o__Flavobacteriales|f__Flavobacteriaceae|g__Tenacibaculum|s__|ASV_12003",5.3208336259796,5.67083879978459,1.88742224249323,3.00454168236016,0.0026598131090284,0.00916907448863324,"**","DESeq2"
"1110","EsteroZacatecas - ColaDeBallena","k__Bacteria|p__Balneolota|c__Balneolia|o__Balneolales|f__Balneolaceae|g__|s__|ASV_4902",3.9386595444188,-0.942521916888408,2.2144665461948,-0.425620300522479,0.670384545374476,0.737942677854074,"","DESeq2"
"1111","EsteroZacatecas - ColaDeBallena","k__Bacteria|p__Planctomycetota|c__Planctomycetes|o__Pirellulales|f__Pirellulaceae|g__Rubripirellula|s__|ASV_7030",3.84263393562365,2.40160909278372,2.91766714833734,0.823126481083457,0.41043607123452,0.497073962603853,"","DESeq2"
"1112","EsteroZacatecas - ColaDeBallena","k__Bacteria|p__Thermodesulfobacteriota|c__Desulfobacteria|o__Desulfobacterales|f__Desulfobacteraceae|g__Desulfobacter|s__|ASV_4282",2.84602729831685,-5.0099712549198,2.95210236336995,-1.6970858860059,0.0896804241880367,0.139940881700013,"","DESeq2"
"1113","EsteroZacatecas - ColaDeBallena","k__Bacteria|p__Bacteroidota|c__Bacteroidia|o__Chitinophagales|f__Saprospiraceae|g__Phaeodactylibacter|s__|ASV_15113",4.7685962178792,-5.75414717173,1.82605758254261,-3.15113128235414,0.0016263936878454,0.00624191418307206,"**","DESeq2"
"1114","EsteroZacatecas - ColaDeBallena","k__Bacteria|p__Bacteroidota|c__Bacteroidia|o__Cytophagales|f__Cyclobacteriaceae|g__Fulvivirga|s__|ASV_10945",10.3228062105523,6.62915029136144,2.70886744494878,2.44720364731128,0.0143969467170457,0.0331071487258379,"*","DESeq2"
"1115","EsteroZacatecas - ColaDeBallena","k__Bacteria|p__Planctomycetota|c__Planctomycetes|o__Pirellulales|f__Pirellulaceae|g__Rhodopirellula|s__|ASV_9414",7.77495975654257,-6.4377516637759,2.09643594768662,-3.07080770623106,0.00213480589588667,0.00774804951350562,"**","DESeq2"
"1116","EsteroZacatecas - ColaDeBallena","k__Bacteria|p__Pseudomonadota|c__Alphaproteobacteria|o__Hyphomicrobiales|f__Rhizobiaceae|g__Pseudahrensia|s__|ASV_8399",1.96594813615184,-0.191715623484695,2.92227088544227,-0.0656050143878704,0.947692296812489,NA,NA,"DESeq2"
"1117","EsteroZacatecas - ColaDeBallena","k__Bacteria|p__Pseudomonadota|c__Gammaproteobacteria|o__Burkholderiales|f__Nitrosomonadaceae|g__|s__|ASV_10411",4.84345530391098,-4.32480038017871,2.2749646867404,-1.90104066466867,0.0572966864629275,0.0984705534370432,"","DESeq2"
"1118","EsteroZacatecas - ColaDeBallena","k__Bacteria|p__Actinomycetota|c__Thermoleophilia|o__Solirubrobacterales|f__67-14|g__|s__|ASV_11122",0.600415486968612,2.62077380771622,2.96986702811289,0.882454932462585,0.377530840862972,NA,NA,"DESeq2"
"1119","EsteroZacatecas - ColaDeBallena","k__Bacteria|p__Verrucomicrobiota|c__Verrucomicrobiia|o__Verrucomicrobiales|f__DEV007|g__|s__|ASV_15353",7.27907493905033,6.12587351120274,2.71000721719085,2.26046391033332,0.0237924738581575,0.0497542224241558,"*","DESeq2"
"1120","EsteroZacatecas - ColaDeBallena","k__Bacteria|p__Bacteroidota|c__Bacteroidia|o__Chitinophagales|f__Saprospiraceae|g__|s__|ASV_4360",5.27871527199589,5.66233632873923,2.12210269028247,2.66826688202611,0.00762436679392408,0.0202918619173971,"*","DESeq2"
"1121","EsteroZacatecas - ColaDeBallena","k__Bacteria|p__Bacteroidota|c__Bacteroidia|o__Flavobacteriales|f__Flavobacteriaceae|g__Gramella|s__|ASV_6794",4.008254892394,1.3195043200943,1.91411370447453,0.689355244158046,0.490599740820987,0.576937169329856,"","DESeq2"
"1122","EsteroZacatecas - ColaDeBallena","k__Bacteria|p__Pseudomonadota|c__Alphaproteobacteria|o__Rhodobacterales|f__Paracoccaceae|g__|s__|ASV_4203",2.52595515727601,2.17546587251593,2.6699345403581,0.814801201914169,0.415186112847688,0.501756834249972,"","DESeq2"
"1123","EsteroZacatecas - ColaDeBallena","k__Bacteria|p__Pseudomonadota|c__Alphaproteobacteria|o__Sphingomonadales|f__Sphingomonadaceae|g__Qipengyuania|s__|ASV_13409",0.544301890055658,2.50253766363991,2.97120343850228,0.842263990143129,0.399640202623606,NA,NA,"DESeq2"
"1124","EsteroZacatecas - ColaDeBallena","k__Bacteria|p__Rhodothermota|c__Rhodothermia|o__Rhodothermales|f__Rhodothermaceae|g__|s__|ASV_2717",4.07081141014696,-5.52583461832522,2.3810276783002,-2.32077714538374,0.0202988746066288,0.0435085312323213,"*","DESeq2"
"1125","EsteroZacatecas - ColaDeBallena","k__Bacteria|p__Thermodesulfobacteriota|c__Desulfobacteria|o__Desulfatiglandales|f__Desulfatiglandaceae|g__Desulfatiglans|s__|ASV_6997",2.56152699899166,-4.85917579050438,2.95289041857183,-1.64556590381519,0.0998531637842945,0.150242641137693,"","DESeq2"
"1126","EsteroZacatecas - ColaDeBallena","k__Bacteria|p__Actinomycetota|c__Actinobacteria|o__Euzebyales|f__Euzebyaceae|g__Euzebya|s__|ASV_2735",2.74439967210311,-2.10647429773564,2.92352023320351,-0.720526669804308,0.471200785121827,0.557007379706967,"","DESeq2"
"1127","EsteroZacatecas - ColaDeBallena","k__Bacteria|p__Chloroflexota|c__Anaerolineae|o__Aggregatilineales|f__A4b|g__|s__|ASV_10524",9.7954083625406,6.54643073435263,1.94835683058159,3.35997525278699,0.000779494545015844,0.00366318156817171,"**","DESeq2"
"1128","EsteroZacatecas - ColaDeBallena","k__Bacteria|p__Chloroflexota|c__Anaerolineae|o__Anaerolineales|f__Anaerolineaceae|g__ADurb.Bin120|s__|ASV_3163",1.63281812210593,-4.21303766928596,2.95734047460692,-1.42460352653373,0.154271840067486,NA,NA,"DESeq2"
"1129","EsteroZacatecas - ColaDeBallena","k__Bacteria|p__Myxococcota|c__Polyangiia|o__Polyangiales|f__BIrii41|g__|s__|ASV_2804",4.5670422869781,-5.68939591370865,2.71370800998015,-2.09653945552907,0.0360343636902698,0.0695070126085167,"","DESeq2"
"1130","EsteroZacatecas - ColaDeBallena","k__Bacteria|p__Planctomycetota|c__Planctomycetes|o__Pirellulales|f__Pirellulaceae|g__Pir4_lineage|s__|ASV_1166",3.41832421656677,2.00968949618702,1.91461483130464,1.04965733228839,0.293875687468963,0.373288864236474,"","DESeq2"
"1131","EsteroZacatecas - ColaDeBallena","k__Bacteria|p__Pseudomonadota|c__Alphaproteobacteria|o__Hyphomicrobiales|f__Rhizobiaceae|g__|s__|ASV_2926",2.96872568169969,-0.983416476938785,2.91491986606041,-0.337373417495658,0.735835420977968,0.790158817546419,"","DESeq2"
"1132","EsteroZacatecas - ColaDeBallena","k__Bacteria|p__Pseudomonadota|c__Alphaproteobacteria|o__Rhodobacterales|f__Paracoccaceae|g__Limibaculum|s__|ASV_7555",4.14703389478843,-5.5511617905782,2.7187677986053,-2.04179326878371,0.0411720422455042,0.0770534431480936,"","DESeq2"
"1133","EsteroZacatecas - ColaDeBallena","k__Bacteria|p__Pseudomonadota|c__Alphaproteobacteria|o__Rhodobacterales|f__Paracoccaceae|g__|s__|ASV_15974",1.31044702902541,3.65253942881652,2.9588501919625,1.23444554196707,0.217036927583701,NA,NA,"DESeq2"
"1134","EsteroZacatecas - ColaDeBallena","k__Bacteria|p__Rhodothermota|c__Rhodothermia|o__Rhodothermales|f__Rhodothermaceae|g__Rubricoccus|s__|ASV_12641",3.05405983084672,4.88610729682573,2.11245737838622,2.3129968665017,0.0207228114236052,0.0443335476030424,"*","DESeq2"
"1135","EsteroZacatecas - ColaDeBallena","k__Bacteria|p__Actinomycetota|c__Acidimicrobiia|o__Acidimicrobiales|f__Acidimicrobiaceae|g__|s__|ASV_9339",4.23699834129192,-4.02218126748382,2.02054834640167,-1.99063846932779,0.0465206477872765,0.0846914357152982,"","DESeq2"
"1136","EsteroZacatecas - ColaDeBallena","k__Bacteria|p__Bacteroidota|c__Bacteroidia|o__Bacteroidales|f__Marinifilaceae|g__|s__|ASV_14354",8.15827113335903,-6.51093441965812,2.69629796756333,-2.41476813689924,0.0157452290896086,0.0353489728177774,"*","DESeq2"
"1137","EsteroZacatecas - ColaDeBallena","k__Bacteria|p__Bacteroidota|c__Bacteroidia|o__Flavobacteriales|f__Flavobacteriaceae|g__Sungkyunkwania|s__|ASV_12555",4.82204413005296,3.07707863033794,2.92071590924644,1.05353575149041,0.292095517730047,0.372413589384213,"","DESeq2"
"1138","EsteroZacatecas - ColaDeBallena","k__Bacteria|p__Cyanobacteriota|c__Cyanobacteriia|o__Cyanobacteriales|f__Nostocaceae|g__Rivularia_PCC-7116|s__|ASV_2166",1.33803553229706,3.68948492827001,2.95850164516642,1.24707888342664,0.212368574889223,NA,NA,"DESeq2"
"1139","EsteroZacatecas - ColaDeBallena","k__Bacteria|p__Pseudomonadota|c__Alphaproteobacteria|o__Hyphomicrobiales|f__Stappiaceae|g__Roseibium|s__|ASV_11950",3.45249145843171,0.0873316744071876,2.23529006687875,0.0390695040886273,0.96883497460937,0.97397923111172,"","DESeq2"
"1140","EsteroZacatecas - ColaDeBallena","k__Bacteria|p__Pseudomonadota|c__Alphaproteobacteria|o__Rhodobacterales|f__Paracoccaceae|g__Limibaculum|s__|ASV_6882",4.49471279619706,-2.55552833991068,2.12616489483306,-1.20194268380644,0.229385735459823,0.303355291597624,"","DESeq2"
"1141","EsteroZacatecas - ColaDeBallena","k__Bacteria|p__Pseudomonadota|c__Alphaproteobacteria|o__Rhodobacterales|f__Paracoccaceae|g__|s__|ASV_12539",11.0115048728337,6.72179039694636,2.70493687217819,2.48500823294022,0.0129548438529042,0.0307401618338941,"*","DESeq2"
"1142","EsteroZacatecas - ColaDeBallena","k__Bacteria|p__Pseudomonadota|c__Alphaproteobacteria|o__|f__Neomegalonemataceae|g__Acuticoccus|s__|ASV_11070",1.10933909020867,3.41987470528646,2.96125556404994,1.15487320540794,0.248142353408484,NA,NA,"DESeq2"
"1143","EsteroZacatecas - ColaDeBallena","k__Bacteria|p__Pseudomonadota|c__Gammaproteobacteria|o__Ectothiorhodospirales|f__Thioalkalispiraceae|g__Thiohalophilus|s__|ASV_1620",2.43624319051207,-4.78255420339286,2.95332270955032,-1.61938083770096,0.105365347211257,0.156259836073091,"","DESeq2"
"1144","EsteroZacatecas - ColaDeBallena","k__Bacteria|p__Pseudomonadota|c__Gammaproteobacteria|o__Pseudomonadales|f__Alcanivoracaceae|g__Ketobacter|s__|ASV_7134",4.63878186668698,-5.71305417019521,2.08673134481385,-2.73780052443927,0.00618515795087726,0.0172214201769524,"*","DESeq2"
"1145","EsteroZacatecas - ColaDeBallena","k__Bacteria|p__Pseudomonadota|c__Gammaproteobacteria|o__Steroidobacterales|f__Woeseiaceae|g__Woeseia|s__|ASV_14902",11.2608214509739,-4.874743806322,2.33141675343846,-2.0908933587839,0.036537624572791,0.0702313731213038,"","DESeq2"
"1146","EsteroZacatecas - ColaDeBallena","k__Bacteria|p__Thermodesulfobacteriota|c__Desulfobacteria|o__Desulfobacterales|f__Desulfosarcinaceae|g__Desulfatitalea|s__|ASV_5386",0,0,0,0,1,NA,NA,"DESeq2"
"1147","EsteroZacatecas - ColaDeBallena","k__Bacteria|p__Verrucomicrobiota|c__Kiritimatiellia|o__Kiritimatiellales|f__Kiritimatiellaceae|g__R76-B128|s__|ASV_5011",1.74742794678062,4.06936536204683,2.9553792751633,1.37693506760549,0.168532324049131,NA,NA,"DESeq2"
"1148","EsteroZacatecas - ColaDeBallena","k__Bacteria|p__Bacteroidota|c__Bacteroidia|o__Cytophagales|f__Cyclobacteriaceae|g__Marinoscillum|s__|ASV_227",2.34248420220992,4.50387779708717,2.85802839148821,1.57586880889659,0.115056040597852,0.166824631907665,"","DESeq2"
"1149","EsteroZacatecas - ColaDeBallena","k__Bacteria|p__Cyanobacteriota|c__Cyanobacteriia|o__Cyanobacteriales|f__Xenococcaceae|g__Chroococcidiopsis_PCC-6712|s__|ASV_3345",0,0,0,0,1,NA,NA,"DESeq2"
"1150","EsteroZacatecas - ColaDeBallena","k__Bacteria|p__Planctomycetota|c__Planctomycetes|o__Planctomycetales|f__Rubinisphaeraceae|g__Planctomicrobium|s__|ASV_4177",4.30625938466451,-2.39335690400148,2.65959538586406,-0.899895118153065,0.368176068352695,0.453139776434086,"","DESeq2"
"1151","EsteroZacatecas - ColaDeBallena","k__Bacteria|p__Planctomycetota|c__Planctomycetes|o__Planctomycetales|f__Rubinisphaeraceae|g__|s__|ASV_9127",7.11399105113972,-0.91481469253291,1.76044605720282,-0.519649374537758,0.603307978065411,0.677231090002279,"","DESeq2"
"1152","EsteroZacatecas - ColaDeBallena","k__Bacteria|p__Pseudomonadota|c__Alphaproteobacteria|o__Rhodobacterales|f__Paracoccaceae|g__Tropicimonas-Psychromarinibacter|s__|ASV_204",0,0,0,0,1,NA,NA,"DESeq2"
"1153","EsteroZacatecas - ColaDeBallena","k__Bacteria|p__Pseudomonadota|c__Gammaproteobacteria|o__Pseudomonadales|f__Nitrincolaceae|g__Marinobacterium|s__|ASV_12692",6.47314761289946,-3.70954123195162,1.91173324872274,-1.94040734209651,0.0523302050147673,0.0917393717542834,"","DESeq2"
"1154","EsteroZacatecas - ColaDeBallena","k__Bacteria|p__Verrucomicrobiota|c__Verrucomicrobiia|o__Opitutales|f__Puniceicoccaceae|g__Verruc-01|s__|ASV_14543",4.37852908661126,-1.46342822490426,2.71154936680694,-0.539701855632287,0.589402660070751,0.668892529311062,"","DESeq2"
"1155","EsteroZacatecas - ColaDeBallena","k__Bacteria|p__Verrucomicrobiota|c__Verrucomicrobiia|o__Verrucomicrobiales|f__DEV007|g__|s__|ASV_8775",0.326581134033395,1.8790840232067,2.98031496493674,0.630498469226921,0.528368504003634,NA,NA,"DESeq2"
"1156","EsteroZacatecas - ColaDeBallena","k__Bacteria|p__Bacillota|c__Clostridia|o__Peptostreptococcales-Tissierellales|f__Peptostreptococcaceae|g__Romboutsia|s__|ASV_8542",6.52953923619245,-6.18462189010409,2.09013579375094,-2.95895697714703,0.00308682193211194,0.0101347679620785,"*","DESeq2"
"1157","EsteroZacatecas - ColaDeBallena","k__Bacteria|p__Bacteroidota|c__Bacteroidia|o__Flavobacteriales|f__Flavobacteriaceae|g__Hoppeia|s__|ASV_1461",6.52169911217927,5.96528419568733,2.40331805514072,2.48210351639789,0.0130609326722544,0.0308466102197109,"*","DESeq2"
"1158","EsteroZacatecas - ColaDeBallena","k__Bacteria|p__Bacteroidota|c__Bacteroidia|o__Flavobacteriales|f__Flavobacteriaceae|g__Robertkochia|s__|ASV_3583",0,0,0,0,1,NA,NA,"DESeq2"
"1159","EsteroZacatecas - ColaDeBallena","k__Bacteria|p__Balneolota|c__Balneolia|o__Balneolales|f__Balneolaceae|g__|s__|ASV_1012",10.5073334544348,-3.88569142483635,2.17761517751979,-1.7843792902206,0.0743620539403641,0.121024775467412,"","DESeq2"
"1160","EsteroZacatecas - ColaDeBallena","k__Bacteria|p__Cyanobacteriota|c__Cyanobacteriia|o__Phormidesmiales|f__Phormidesmiaceae|g__Phormidium_MBIC10003|s__|ASV_13926",1.24800647648476,3.58946593311038,2.95946561259843,1.21287637802921,0.225177088223464,NA,NA,"DESeq2"
"1161","EsteroZacatecas - ColaDeBallena","k__Bacteria|p__Hydrogenedentes|c__Hydrogenedentia|o__Hydrogenedentiales|f__Hydrogenedensaceae|g__|s__|ASV_14174",5.57956032872953,-5.94063875104538,1.28191419264072,-4.63419375895024,3.58331257894639e-06,3.99082655851284e-05,"***","DESeq2"
"1162","EsteroZacatecas - ColaDeBallena","k__Bacteria|p__Nitrospirota|c__Nitrospiria|o__Nitrospirales|f__Nitrospiraceae|g__Nitrospira|s__|ASV_10748",2.36493601731422,-4.7406508523003,2.9535687579884,-1.60505857176287,0.10848091531573,0.159836990659752,"","DESeq2"
"1163","EsteroZacatecas - ColaDeBallena","k__Bacteria|p__Pseudomonadota|c__Alphaproteobacteria|o__Rhodobacterales|f__Paracoccaceae|g__|s__|ASV_3279",3.38947211450836,-5.26020007713704,2.95095998654898,-1.78253859798642,0.0746614427354252,0.121338195919089,"","DESeq2"
"1164","EsteroZacatecas - ColaDeBallena","k__Bacteria|p__Pseudomonadota|c__Alphaproteobacteria|o__Sphingomonadales|f__Sphingomonadaceae|g__Sphingomicrobium|s__|ASV_6904",6.13607695745976,5.8775974487127,2.94788663442381,1.99383428795304,0.0461701671116006,0.0841882982965944,"","DESeq2"
"1165","EsteroZacatecas - ColaDeBallena","k__Bacteria|p__Pseudomonadota|c__Gammaproteobacteria|o__Pseudomonadales|f__Halomonadaceae|g__Halomonas|s__|ASV_8266",1.49406621873644,-4.0900026154315,2.95826127576736,-1.38256977128248,0.166796823221228,NA,NA,"DESeq2"
"1166","EsteroZacatecas - ColaDeBallena","k__Bacteria|p__Pseudomonadota|c__Gammaproteobacteria|o__Steroidobacterales|f__Woeseiaceae|g__Woeseia|s__|ASV_11187",1.28144716097246,3.62090546121871,2.95915558975339,1.22362794094259,0.221092614255399,NA,NA,"DESeq2"
"1167","EsteroZacatecas - ColaDeBallena","k__Bacteria|p__Pseudomonadota|c__Gammaproteobacteria|o__Steroidobacterales|f__Woeseiaceae|g__Woeseia|s__|ASV_14750",2.24831634375203,4.42013532963562,2.95312890485483,1.49676342348927,0.134454826710054,NA,NA,"DESeq2"
"1168","EsteroZacatecas - ColaDeBallena","k__Bacteria|p__Actinomycetota|c__Acidimicrobiia|o__Microtrichales|f__Microtrichaceae|g__|s__|ASV_12814",1.99780958334007,-0.639573537295776,2.80714560696696,-0.227837678141255,0.819772434003134,NA,NA,"DESeq2"
"1169","EsteroZacatecas - ColaDeBallena","k__Bacteria|p__Actinomycetota|c__Actinobacteria|o__Nitriliruptorales|f__Nitriliruptoraceae|g__|s__|ASV_633",1.52212419008872,-1.9844498468607,2.94011773147017,-0.674955912690068,0.499703775543581,NA,NA,"DESeq2"
"1170","EsteroZacatecas - ColaDeBallena","k__Bacteria|p__Bacteroidota|c__Bacteroidia|o__Cytophagales|f__Cyclobacteriaceae|g__Ekhidna|s__|ASV_14662",8.17465991346983,6.28617865963118,2.1349450982308,2.94442169254866,0.0032355881353211,0.0104718749906689,"*","DESeq2"
"1171","EsteroZacatecas - ColaDeBallena","k__Bacteria|p__Chloroflexota|c__Anaerolineae|o__Caldilineales|f__Caldilineaceae|g__|s__|ASV_1226",3.08250069290216,4.89667556566141,2.43157887795558,2.01378438102672,0.0440321762601319,0.0812021951810225,"","DESeq2"
"1172","EsteroZacatecas - ColaDeBallena","k__Bacteria|p__Myxococcota|c__Polyangiia|o__Haliangiales|f__Haliangiaceae|g__|s__|ASV_15528",3.75745942285106,-5.41489884783916,1.90928632826549,-2.83608527839738,0.00456702495490742,0.0137982456084437,"*","DESeq2"
"1173","EsteroZacatecas - ColaDeBallena","k__Bacteria|p__Planctomycetota|c__Planctomycetes|o__Pirellulales|f__Pirellulaceae|g__Bythopirellula|s__|ASV_14072",2.91662923336573,-1.10357288541937,2.74330759037654,-0.402278216737591,0.687479284171327,0.751661662000604,"","DESeq2"
"1174","EsteroZacatecas - ColaDeBallena","k__Bacteria|p__Pseudomonadota|c__Alphaproteobacteria|o__Rhodobacterales|f__Paracoccaceae|g__Allosediminivita|s__|ASV_12916",1.63532879547771,-4.21063623105271,2.95736087171499,-1.42378168025566,0.154509680443213,NA,NA,"DESeq2"
"1175","EsteroZacatecas - ColaDeBallena","k__Bacteria|p__Pseudomonadota|c__Alphaproteobacteria|o__Rhodobacterales|f__Paracoccaceae|g__Pikeienuella|s__|ASV_14678",4.50140932329199,-5.67011523857286,2.08121256139684,-2.72442870264404,0.00644128360794777,0.0177604324723997,"*","DESeq2"
"1176","EsteroZacatecas - ColaDeBallena","k__Bacteria|p__Pseudomonadota|c__Alphaproteobacteria|o__Rhodobacterales|f__Paracoccaceae|g__|s__|ASV_10800",2.45879223149841,4.56190972616919,2.95236110752121,1.54517335787536,0.12230433677304,0.175205203750534,"","DESeq2"
"1177","EsteroZacatecas - ColaDeBallena","k__Bacteria|p__Pseudomonadota|c__Alphaproteobacteria|o__Sphingomonadales|f__Sphingomonadaceae|g__Qipengyuania|s__|ASV_3190",0.734807551575138,2.87327488580862,2.96734757719915,0.968297380423725,0.332895872677316,NA,NA,"DESeq2"
"1178","EsteroZacatecas - ColaDeBallena","k__Bacteria|p__Bacteroidota|c__Bacteroidia|o__Flavobacteriales|f__Flavobacteriaceae|g__Muricauda|s__|ASV_4268",0.217720756022263,1.44582403245901,2.9868473928114,0.484063576846526,0.628340749617185,NA,NA,"DESeq2"
"1179","EsteroZacatecas - ColaDeBallena","k__Bacteria|p__Bacteroidota|c__Bacteroidia|o__Flavobacteriales|f__Flavobacteriaceae|g__Robiginitalea|s__|ASV_15981",1.33210344486186,-3.93501076469051,2.95926144971926,-1.32972730917838,0.183608133610717,NA,NA,"DESeq2"
"1180","EsteroZacatecas - ColaDeBallena","k__Bacteria|p__Pseudomonadota|c__Alphaproteobacteria|o__Hyphomicrobiales|f__Rhizobiaceae|g__|s__|ASV_7337",5.2111475995581,5.64206888635706,2.73535776501377,2.06264385541123,0.0391464778171379,0.0743652153850646,"","DESeq2"
"1181","EsteroZacatecas - ColaDeBallena","k__Bacteria|p__Pseudomonadota|c__Gammaproteobacteria|o__Chromatiales|f__Chromatiaceae|g__Candidatus_Thiobios|s__|ASV_6706",2.15521949424496,-4.6111549658844,2.95437460174037,-1.56078885973636,0.118573576802232,NA,NA,"DESeq2"
"1182","EsteroZacatecas - ColaDeBallena","k__Bacteria|p__Pseudomonadota|c__Gammaproteobacteria|o__Enterobacterales|f__Vibrionaceae|g__Catenococcus|s__|ASV_14741",4.03255706746394,-5.51512092981663,1.8319108507954,-3.01058369047926,0.00260746080573143,0.00912732863046423,"**","DESeq2"
"1183","EsteroZacatecas - ColaDeBallena","k__Bacteria|p__Thermodesulfobacteriota|c__Desulfobulbia|o__Desulfobulbales|f__Desulfocapsaceae|g__|s__|ASV_15239",2.04992187862997,-0.22184917682722,2.92129815776817,-0.0759419836134459,0.939465255186568,NA,NA,"DESeq2"
"1184","EsteroZacatecas - ColaDeBallena","k__Bacteria|p__Actinomycetota|c__Actinobacteria|o__Nitriliruptorales|f__Nitriliruptoraceae|g__|s__|ASV_856",1.3001418266688,3.65741478063851,2.95880369984741,1.23611268325342,0.216416681009532,NA,NA,"DESeq2"
"1185","EsteroZacatecas - ColaDeBallena","k__Bacteria|p__Bacteroidota|c__Bacteroidia|o__Chitinophagales|f__Saprospiraceae|g__Lewinella|s__|ASV_12953",6.80724709193327,6.02760268935864,2.71617692621396,2.21914950796685,0.0264765548415629,0.0542648456607083,"","DESeq2"
"1186","EsteroZacatecas - ColaDeBallena","k__Bacteria|p__Bacteroidota|c__Bacteroidia|o__Flavobacteriales|f__Flavobacteriaceae|g__Robiginitalea|s__|ASV_12043",4.51364110542238,1.32786223131869,2.73241067196353,0.485967298013985,0.626990352075286,0.700355004874656,"","DESeq2"
"1187","EsteroZacatecas - ColaDeBallena","k__Bacteria|p__Bacteroidota|c__Bacteroidia|o__Flavobacteriales|f__Flavobacteriaceae|g__|s__|ASV_2932",2.46072181257689,-4.79802450948132,2.95323361572118,-1.62466812105199,0.10423329351785,0.155392416583042,"","DESeq2"
"1188","EsteroZacatecas - ColaDeBallena","k__Bacteria|p__Chloroflexota|c__Anaerolineae|o__Aggregatilineales|f__A4b|g__|s__|ASV_12727",2.91737746607562,4.81691982077617,2.81416874142981,1.71166701906042,0.0869580498646017,0.136585378046043,"","DESeq2"
"1189","EsteroZacatecas - ColaDeBallena","k__Bacteria|p__Chloroflexota|c__Anaerolineae|o__Caldilineales|f__Caldilineaceae|g__|s__|ASV_14004",3.50755065249514,0.93734777239703,2.76279565468678,0.339275100135227,0.734402498634352,0.790039051561197,"","DESeq2"
"1190","EsteroZacatecas - ColaDeBallena","k__Bacteria|p__Pseudomonadota|c__Alphaproteobacteria|o__Hyphomicrobiales|f__Hyphomicrobiaceae|g__Filomicrobium|s__|ASV_130",5.01399936057756,2.94971660829061,1.75174927825812,1.68386917288968,0.0922069551572791,0.141818558347854,"","DESeq2"
"1191","EsteroZacatecas - ColaDeBallena","k__Bacteria|p__Pseudomonadota|c__Alphaproteobacteria|o__Kiloniellales|f__Kiloniellaceae|g__Pelagibius|s__|ASV_4281",4.50232411918653,-5.66847066046604,2.70853624302516,-2.09281698742747,0.0363654947914236,0.070018986581453,"","DESeq2"
"1192","EsteroZacatecas - ColaDeBallena","k__Bacteria|p__Pseudomonadota|c__Gammaproteobacteria|o__Chromatiales|f__Chromatiaceae|g__Thiohalocapsa|s__|ASV_14778",6.42883742857316,5.94671421901672,2.71358009251234,2.19146441832531,0.0284182018905298,0.0571381899958263,"","DESeq2"
"1193","EsteroZacatecas - ColaDeBallena","k__Bacteria|p__Rhodothermota|c__Rhodothermia|o__Rhodothermales|f__Rhodothermaceae|g__|s__|ASV_12679",2.01343998624584,4.2845586126282,2.95393578337834,1.45045760193475,0.146930954155657,NA,NA,"DESeq2"
"1194","EsteroZacatecas - ColaDeBallena","k__Bacteria|p__Rhodothermota|c__Rhodothermia|o__Rhodothermales|f__Rhodothermaceae|g__|s__|ASV_13110",3.28838796419985,4.98662070637407,2.78477012866882,1.79067588201895,0.0733453221653738,0.11988530356815,"","DESeq2"
"1195","EsteroZacatecas - ColaDeBallena","k__Bacteria|p__Actinomycetota|c__Actinobacteria|o__Euzebyales|f__Euzebyaceae|g__Euzebya|s__|ASV_2264",3.64193374478315,-1.40692825786842,2.1855715158633,-0.643734715453903,0.519747474347645,0.604332784911898,"","DESeq2"
"1196","EsteroZacatecas - ColaDeBallena","k__Bacteria|p__Cyanobacteriota|c__Cyanobacteriia|o__Cyanobacteriales|f__Xenococcaceae|g__Pleurocapsa_PCC-7319|s__|ASV_14141",1.90666574543253,-4.42911213396201,2.95563302750493,-1.49853249464496,0.133994956626829,NA,NA,"DESeq2"
"1197","EsteroZacatecas - ColaDeBallena","k__Bacteria|p__Pseudomonadota|c__Alphaproteobacteria|o__Kiloniellales|f__Kiloniellaceae|g__Pelagibius|s__|ASV_14443",0,0,0,0,1,NA,NA,"DESeq2"
"1198","EsteroZacatecas - ColaDeBallena","k__Bacteria|p__Pseudomonadota|c__Gammaproteobacteria|o__Ectothiorhodospirales|f__Ectothiorhodospiraceae|g__Thiogranum|s__|ASV_6435",4.20209003388477,-5.57041215405568,2.37785370195203,-2.34262189868234,0.0191487775917499,0.0414343073223389,"*","DESeq2"
"1199","EsteroZacatecas - ColaDeBallena","k__Bacteria|p__Pseudomonadota|c__Gammaproteobacteria|o__Pseudomonadales|f__Halieaceae|g__|s__|ASV_13665",6.48379244580505,5.95249811624607,2.12272552918047,2.80417700471345,0.00504452028182939,0.0146937821542517,"*","DESeq2"
"1200","EsteroZacatecas - ColaDeBallena","k__Bacteria|p__Verrucomicrobiota|c__Verrucomicrobiia|o__Opitutales|f__Puniceicoccaceae|g__Pelagicoccus|s__|ASV_14309",2.52715227260611,4.61475942601221,2.44884720817372,1.88446196667932,0.0595025147268736,0.101799483026699,"","DESeq2"
"1201","EsteroZacatecas - ColaDeBallena","k__Bacteria|p__Bacteroidota|c__Bacteroidia|o__Chitinophagales|f__Saprospiraceae|g__Flavilitoribacter|s__|ASV_15475",6.95425092545289,6.05526827545995,2.14340740512312,2.82506641573916,0.0047270816630792,0.0139991260857674,"*","DESeq2"
"1202","EsteroZacatecas - ColaDeBallena","k__Bacteria|p__Chloroflexota|c__Anaerolineae|o__Aggregatilineales|f__A4b|g__|s__|ASV_8302",3.23811517324876,-1.09907419538899,1.97619624857902,-0.556156402067495,0.578103940511751,0.660026207458642,"","DESeq2"
"1203","EsteroZacatecas - ColaDeBallena","k__Bacteria|p__Deinococcota|c__Deinococci|o__Deinococcales|f__Trueperaceae|g__Truepera|s__|ASV_12777",0,0,0,0,1,NA,NA,"DESeq2"
"1204","EsteroZacatecas - ColaDeBallena","k__Bacteria|p__Planctomycetota|c__Planctomycetes|o__Pirellulales|f__Pirellulaceae|g__Blastopirellula|s__|ASV_12568",5.84978904492034,0.624798576778449,1.75359627577504,0.356295565524229,0.721619229918794,0.78072328113119,"","DESeq2"
"1205","EsteroZacatecas - ColaDeBallena","k__Bacteria|p__Pseudomonadota|c__Alphaproteobacteria|o__Rhodobacterales|f__Paracoccaceae|g__Jannaschia|s__|ASV_7536",1.72115456204889,4.04613444925751,2.95554807514578,1.36899632365409,0.171000424091354,NA,NA,"DESeq2"
"1206","EsteroZacatecas - ColaDeBallena","k__Bacteria|p__Pseudomonadota|c__Alphaproteobacteria|o__Rhodobacterales|f__Paracoccaceae|g__|s__|ASV_1099",3.06372252641615,4.88077450468358,2.9508829713714,1.65400476807634,0.0981265439187631,0.149026408946143,"","DESeq2"
"1207","EsteroZacatecas - ColaDeBallena","k__Bacteria|p__Pseudomonadota|c__Alphaproteobacteria|o__Sphingomonadales|f__Sphingomonadaceae|g__Croceibacterium|s__|ASV_7944",3.03823124199747,0.694384961757462,2.44108922939425,0.284457017546127,0.77606016905743,0.820860662988119,"","DESeq2"
"1208","EsteroZacatecas - ColaDeBallena","k__Bacteria|p__Pseudomonadota|c__Gammaproteobacteria|o__Ectothiorhodospirales|f__Thioalkalispiraceae|g__|s__|ASV_3277",1.02208049717357,-3.58363382807902,2.9619659354375,-1.20988353890359,0.226323584524655,NA,NA,"DESeq2"
"1209","EsteroZacatecas - ColaDeBallena","k__Bacteria|p__Pseudomonadota|c__Gammaproteobacteria|o__Enterobacterales|f__Vibrionaceae|g__Vibrio|s__|ASV_7051",0.750519358710765,2.89731143209249,2.96712949889856,0.976469491192753,0.328831859493873,NA,NA,"DESeq2"
"1210","EsteroZacatecas - ColaDeBallena","k__Bacteria|p__Rhodothermota|c__Rhodothermia|o__Rhodothermales|f__Rhodothermaceae|g__Rubricoccus|s__|ASV_10120",4.22847247583617,5.34404536522716,2.13245046517464,2.506058383302,0.0122085459176978,0.029761605498937,"*","DESeq2"
"1211","EsteroZacatecas - ColaDeBallena","k__Bacteria|p__Thermodesulfobacteriota|c__Desulfobacteria|o__Desulfobacterales|f__Desulfosarcinaceae|g__SEEP-SRB1|s__|ASV_13449",6.64486124536808,0.184170996126456,1.64862203643047,0.111712079577206,0.911051701168996,0.929043745536786,"","DESeq2"
"1212","EsteroZacatecas - ColaDeBallena","k__Bacteria|p__Bacteroidota|c__Bacteroidia|o__Chitinophagales|f__Saprospiraceae|g__|s__|ASV_1242",2.07789769482452,0.444304888075784,2.83599861484913,0.156666116037373,0.875507992744586,NA,NA,"DESeq2"
"1213","EsteroZacatecas - ColaDeBallena","k__Bacteria|p__Bacteroidota|c__Bacteroidia|o__Cytophagales|f__Cyclobacteriaceae|g__Tunicatimonas|s__|ASV_15963",5.61861775975114,5.75294537179912,2.72738449525545,2.10932685941675,0.0349163779199017,0.0680360297032733,"","DESeq2"
"1214","EsteroZacatecas - ColaDeBallena","k__Bacteria|p__Planctomycetota|c__Planctomycetes|o__Pirellulales|f__Pirellulaceae|g__Rhodopirellula|s__|ASV_14365",6.15102497006991,4.48387154412686,2.87651571931492,1.55878569132059,0.119047111944694,0.171012878358892,"","DESeq2"
"1215","EsteroZacatecas - ColaDeBallena","k__Bacteria|p__Planctomycetota|c__Planctomycetes|o__Pirellulales|f__Pirellulaceae|g__Rhodopirellula|s__|ASV_5930",2.41934932980734,4.54226623194571,2.95246311549637,1.53846671550444,0.123934540755452,0.177316924808807,"","DESeq2"
"1216","EsteroZacatecas - ColaDeBallena","k__Bacteria|p__Pseudomonadota|c__Alphaproteobacteria|o__Caulobacterales|f__Hyphomonadaceae|g__Litorimonas|s__|ASV_366",1.89663761737978,4.19029196304627,2.9545422638022,1.41825419605058,0.156116564171574,NA,NA,"DESeq2"
"1217","EsteroZacatecas - ColaDeBallena","k__Bacteria|p__Pseudomonadota|c__Alphaproteobacteria|o__Kiloniellales|f__Kiloniellaceae|g__Pelagibius|s__|ASV_3338",9.95996481743641,-6.79947953759358,2.68509720050525,-2.53230294095653,0.01133160433082,0.0279771367765277,"*","DESeq2"
"1218","EsteroZacatecas - ColaDeBallena","k__Bacteria|p__Rhodothermota|c__Rhodothermia|o__Rhodothermales|f__Rhodothermaceae|g__|s__|ASV_5458",3.21332614444477,3.35950347851504,2.94195840941247,1.14192759073911,0.253484118990423,0.330986159969104,"","DESeq2"
"1219","EsteroZacatecas - ColaDeBallena","k__Bacteria|p__Actinomycetota|c__Acidimicrobiia|o__Microtrichales|f__Ilumatobacteraceae|g__Ilumatobacter|s__|ASV_8483",3.18213099238607,4.94107731563302,2.42232197540716,2.03981030011607,0.0413692235301258,0.0772231489969819,"","DESeq2"
"1220","EsteroZacatecas - ColaDeBallena","k__Bacteria|p__Bacteroidota|c__Bacteroidia|o__Cytophagales|f__Cyclobacteriaceae|g__Tunicatimonas|s__|ASV_4541",1.56187636877434,3.91519464325267,2.95655077501608,1.32424400633923,0.185422020072771,NA,NA,"DESeq2"
"1221","EsteroZacatecas - ColaDeBallena","k__Bacteria|p__Pseudomonadota|c__Alphaproteobacteria|o__Kiloniellales|f__Kiloniellaceae|g__Pelagibius|s__|ASV_15689",0,0,0,0,1,NA,NA,"DESeq2"
"1222","EsteroZacatecas - ColaDeBallena","k__Bacteria|p__Pseudomonadota|c__Alphaproteobacteria|o__Sphingomonadales|f__Sphingomonadaceae|g__Croceibacterium|s__|ASV_8946",0,0,0,0,1,NA,NA,"DESeq2"
"1223","EsteroZacatecas - ColaDeBallena","k__Bacteria|p__Pseudomonadota|c__Gammaproteobacteria|o__Pseudomonadales|f__Hahellaceae|g__Hahella|s__|ASV_139",0.917742431062219,2.57371917356376,2.96576575985344,0.867809322099311,0.385498725893564,NA,NA,"DESeq2"
"1224","EsteroZacatecas - ColaDeBallena","k__Bacteria|p__Rhodothermota|c__Rhodothermia|o__Rhodothermales|f__Rhodothermaceae|g__Rubrivirga|s__|ASV_123",1.63381410358972,-4.21128308733361,2.95735537428925,-1.42400305487321,0.154445587755528,NA,NA,"DESeq2"
"1225","EsteroZacatecas - ColaDeBallena","k__Bacteria|p__Actinomycetota|c__Actinobacteria|o__Nitriliruptorales|f__Nitriliruptoraceae|g__|s__|ASV_1950",4.77429831443124,3.0981695849185,1.91188158019888,1.62048194668847,0.105128789312482,0.156112816547686,"","DESeq2"
"1226","EsteroZacatecas - ColaDeBallena","k__Bacteria|p__Cyanobacteriota|c__Cyanobacteriia|o__Cyanobacteriales|f__Xenococcaceae|g__Chroococcidiopsis_PCC-6712|s__|ASV_12044",2.72781134583403,4.71833578174043,2.8234297524716,1.67113624045721,0.0946947705625058,0.144782314076725,"","DESeq2"
"1227","EsteroZacatecas - ColaDeBallena","k__Bacteria|p__Pseudomonadota|c__Alphaproteobacteria|o__Rhodobacterales|f__Paracoccaceae|g__Pikeienuella|s__|ASV_9663",8.2610598585201,-6.52963840884145,2.69132561542357,-2.42617926698319,0.0152587309786989,0.0345587461217813,"*","DESeq2"
"1228","EsteroZacatecas - ColaDeBallena","k__Bacteria|p__Pseudomonadota|c__Alphaproteobacteria|o__Rhodobacterales|f__Paracoccaceae|g__Sediminimonas|s__|ASV_528",7.04804111931595,6.07262232655501,2.13455151713981,2.84491720054243,0.00444229688484307,0.013565723820381,"*","DESeq2"
"1229","EsteroZacatecas - ColaDeBallena","k__Bacteria|p__Pseudomonadota|c__Gammaproteobacteria|o__Enterobacterales|f__Vibrionaceae|g__Vibrio|s__|ASV_1395",3.66802501755484,-5.37467643918209,2.74967657907547,-1.95465767868206,0.0506234884869959,0.0890221097851816,"","DESeq2"
"1230","EsteroZacatecas - ColaDeBallena","k__Bacteria|p__Rhodothermota|c__Rhodothermia|o__Rhodothermales|f__Rhodothermaceae|g__Rubrivirga|s__|ASV_12511",1.81831303637118,-4.36720816018497,2.95609722017492,-1.47735606609263,0.139580216384934,NA,NA,"DESeq2"
"1231","EsteroZacatecas - ColaDeBallena","k__Bacteria|p__Rhodothermota|c__Rhodothermia|o__Rhodothermales|f__Rhodothermaceae|g__Rubrivirga|s__|ASV_15801",2.99159432343238,4.85226558000439,2.81247818575214,1.72526336544962,0.0844800208514912,0.133848401237509,"","DESeq2"
"1232","EsteroZacatecas - ColaDeBallena","k__Bacteria|p__Rhodothermota|c__Rhodothermia|o__Rhodothermales|f__Rhodothermaceae|g__|s__|ASV_14251",3.73114809536913,-5.3992213223668,2.74066589784096,-1.97003995511463,0.0488337915817483,0.0876385264405468,"","DESeq2"
"1233","EsteroZacatecas - ColaDeBallena","k__Bacteria|p__Verrucomicrobiota|c__Verrucomicrobiia|o__Verrucomicrobiales|f__Rubritaleaceae|g__Haloferula|s__|ASV_8423",3.49474193991801,-5.30549893319084,2.74608973648788,-1.93201950493298,0.0533570984833506,0.0929657421427704,"","DESeq2"
"1234","EsteroZacatecas - ColaDeBallena","k__Bacteria|p__Actinomycetota|c__Acidimicrobiia|o__Microtrichales|f__Ilumatobacteraceae|g__Ilumatobacter|s__|ASV_11502",3.19989997062948,4.94285915219065,2.95063077354089,1.67518728419517,0.0938974916453712,0.144145338525867,"","DESeq2"
"1235","EsteroZacatecas - ColaDeBallena","k__Bacteria|p__Bacteroidota|c__Bacteroidia|o__Cytophagales|f__Cyclobacteriaceae|g__Marinoscillum|s__|ASV_7754",7.69829950747654,-6.41380738352603,1.89726571990171,-3.38055303284472,0.000723401134898103,0.0035250827829743,"**","DESeq2"
"1236","EsteroZacatecas - ColaDeBallena","k__Bacteria|p__Bacteroidota|c__Bacteroidia|o__Flavobacteriales|f__Flavobacteriaceae|g__Gramella|s__|ASV_1032",0,0,0,0,1,NA,NA,"DESeq2"
"1237","EsteroZacatecas - ColaDeBallena","k__Bacteria|p__Bacteroidota|c__Bacteroidia|o__Flavobacteriales|f__Flavobacteriaceae|g__Nonlabens|s__|ASV_11333",7.21309722949638,6.10977145071887,2.4045179457109,2.54095481450545,0.0110550205617934,0.0276011062817524,"*","DESeq2"
"1238","EsteroZacatecas - ColaDeBallena","k__Bacteria|p__Myxococcota|c__Polyangiia|o__Polyangiales|f__Sandaracinaceae|g__|s__|ASV_3686",2.3782887649332,-1.66228410690032,2.76783682810781,-0.600571569111146,0.54812537905018,0.632795153049801,"","DESeq2"
"1239","EsteroZacatecas - ColaDeBallena","k__Bacteria|p__Pseudomonadota|c__Alphaproteobacteria|o__Hyphomicrobiales|f__Devosiaceae|g__|s__|ASV_13035",3.25687150085955,-5.20672739556245,2.39666129770732,-2.17249195810158,0.0298185755668766,0.0595858340549074,"","DESeq2"
"1240","EsteroZacatecas - ColaDeBallena","k__Bacteria|p__Pseudomonadota|c__Alphaproteobacteria|o__Hyphomicrobiales|f__Rhizobiaceae|g__|s__|ASV_7290",4.08800637011404,-5.53153129410264,2.11215650224587,-2.61890219224803,0.00882132358943679,0.0226888276120783,"*","DESeq2"
"1241","EsteroZacatecas - ColaDeBallena","k__Bacteria|p__Pseudomonadota|c__Alphaproteobacteria|o__Kiloniellales|f__Kiloniellaceae|g__Tistlia|s__|ASV_11585",4.23729354920225,-5.58176613883874,2.37931939241343,-2.34595076080852,0.0189786144990588,0.0412753629371629,"*","DESeq2"
"1242","EsteroZacatecas - ColaDeBallena","k__Bacteria|p__Pseudomonadota|c__Alphaproteobacteria|o__Rhodobacterales|f__Paracoccaceae|g__Jannaschia|s__|ASV_12644",4.33505292203909,5.38266827997712,2.94912075357208,1.82517730868004,0.0679742768772576,0.113058240896874,"","DESeq2"
"1243","EsteroZacatecas - ColaDeBallena","k__Bacteria|p__Pseudomonadota|c__Gammaproteobacteria|o__Chromatiales|f__Sedimenticolaceae|g__Sedimenticola|s__|ASV_271",5.61885308744045,-5.95499362071956,1.49250218259878,-3.98993963972005,6.60901118440901e-05,0.000481271583685169,"***","DESeq2"
"1244","EsteroZacatecas - ColaDeBallena","k__Bacteria|p__Pseudomonadota|c__Gammaproteobacteria|o__Enterobacterales|f__Alteromonadaceae|g__Glaciecola|s__|ASV_8800",7.28459841695424,6.12619636716576,2.71345823642203,2.25770799967932,0.0239638701690875,0.0499503789212538,"*","DESeq2"
"1245","EsteroZacatecas - ColaDeBallena","k__Bacteria|p__Acidobacteriota|c__Blastocatellia|o__Blastocatellales|f__Blastocatellaceae|g__Blastocatella|s__|ASV_7595",2.85641949254314,4.78598444108665,2.84047988732717,1.68492108056789,0.0920037988048346,0.141813182418307,"","DESeq2"
"1246","EsteroZacatecas - ColaDeBallena","k__Bacteria|p__Actinomycetota|c__Acidimicrobiia|o__Microtrichales|f__Microtrichaceae|g__Sva0996_marine_group|s__|ASV_8762",2.50527442815065,0.826384504945567,2.43113588648981,0.339917036122049,0.733919006775337,0.790039051561197,"","DESeq2"
"1247","EsteroZacatecas - ColaDeBallena","k__Bacteria|p__Bacteroidota|c__Bacteroidia|o__Bacteroidales|f__Prolixibacteraceae|g__Draconibacterium|s__|ASV_10943",6.70115101909215,-6.2239671620118,2.37436951013967,-2.62131363102185,0.00875916393268554,0.0226145686989336,"*","DESeq2"
"1248","EsteroZacatecas - ColaDeBallena","k__Bacteria|p__Bacteroidota|c__Bacteroidia|o__Flavobacteriales|f__Cryomorphaceae|g__Vicingus|s__|ASV_578",1.06311662811665,3.35860150235639,2.9619539321022,1.13391415914854,0.256830557203095,NA,NA,"DESeq2"
"1249","EsteroZacatecas - ColaDeBallena","k__Bacteria|p__Cyanobacteriota|c__Cyanobacteriia|o__Cyanobacteriales|f__Xenococcaceae|g__Chroococcidiopsis_PCC-6712|s__|ASV_3072",5.13140621989807,5.61852282615403,2.40189302642717,2.3392061029927,0.0193247693892596,0.0416564288922181,"*","DESeq2"
"1250","EsteroZacatecas - ColaDeBallena","k__Bacteria|p__Planctomycetota|c__Planctomycetes|o__Pirellulales|f__Pirellulaceae|g__Pir4_lineage|s__|ASV_786",1.91168465665902,-4.43910825654183,2.95555986133882,-1.50195173327702,0.133109574583317,NA,NA,"DESeq2"
"1251","EsteroZacatecas - ColaDeBallena","k__Bacteria|p__Planctomycetota|c__Planctomycetes|o__Pirellulales|f__Pirellulaceae|g__Rhodopirellula|s__|ASV_3695",2.13386461742629,4.3631159573674,2.95345921237775,1.47729006687544,0.139597899492471,NA,NA,"DESeq2"
"1252","EsteroZacatecas - ColaDeBallena","k__Bacteria|p__Planctomycetota|c__Planctomycetes|o__Planctomycetales|f__Gimesiaceae|g__|s__|ASV_12350",5.30752595266019,-5.89009734415921,2.10824950044794,-2.79383315063409,0.00520873457112644,0.0151047526397499,"*","DESeq2"
"1253","EsteroZacatecas - ColaDeBallena","k__Bacteria|p__Planctomycetota|c__Planctomycetes|o__Planctomycetales|f__Rubinisphaeraceae|g__Planctomicrobium|s__|ASV_10419",5.14056802469666,-0.291330478633881,2.90122941009015,-0.100416215836178,0.920013896459076,0.936501600696694,"","DESeq2"
"1254","EsteroZacatecas - ColaDeBallena","k__Bacteria|p__Pseudomonadota|c__Alphaproteobacteria|o__Caulobacterales|f__Parvularculaceae|g__Hyphococcus|s__|ASV_5943",6.61928534906225,-6.20438924178676,2.69897894081407,-2.29879127545745,0.0215167944747089,0.0456879972397557,"*","DESeq2"
"1255","EsteroZacatecas - ColaDeBallena","k__Bacteria|p__Pseudomonadota|c__Alphaproteobacteria|o__Rhodobacterales|f__Paracoccaceae|g__|s__|ASV_4436",2.01592739317686,-1.24968362410382,2.92552476073145,-0.427165628839653,0.669258694056493,NA,NA,"DESeq2"
"1256","EsteroZacatecas - ColaDeBallena","k__Bacteria|p__Pseudomonadota|c__Alphaproteobacteria|o__Sphingomonadales|f__Sphingomonadaceae|g__|s__|ASV_10904",1.98434304954995,4.26139567758144,2.95408122811163,1.44254519375742,0.149148631778608,NA,NA,"DESeq2"
"1257","EsteroZacatecas - ColaDeBallena","k__Bacteria|p__Pseudomonadota|c__Alphaproteobacteria|o__Sphingomonadales|f__Sphingomonadaceae|g__|s__|ASV_9836",1.50032776366687,-4.09528879417239,2.95822901126484,-1.38437179088491,0.166244641947819,NA,NA,"DESeq2"
"1258","EsteroZacatecas - ColaDeBallena","k__Bacteria|p__Pseudomonadota|c__Gammaproteobacteria|o__Pseudomonadales|f__Pseudohongiellaceae|g__Pseudohongiella|s__|ASV_12563",3.96074826639351,-5.48533922754348,2.37622856326924,-2.30842239350776,0.0209756546687465,0.0447060857480226,"*","DESeq2"
"1259","EsteroZacatecas - ColaDeBallena","k__Bacteria|p__Rhodothermota|c__Rhodothermia|o__Rhodothermales|f__Rhodothermaceae|g__Rubrivirga|s__|ASV_10373",3.14281819023246,4.92386721888266,2.4500816491787,2.00967474717963,0.0444656243694125,0.0818686374127271,"","DESeq2"
"1260","EsteroZacatecas - ColaDeBallena","k__Bacteria|p__Actinomycetota|c__Acidimicrobiia|o__Microtrichales|f__Ilumatobacteraceae|g__Ilumatobacter|s__|ASV_2899",6.03698883526576,5.84636349211576,1.91220868657293,3.05738779097047,0.00223275217770545,0.00802660276542214,"**","DESeq2"
"1261","EsteroZacatecas - ColaDeBallena","k__Bacteria|p__Bacteroidota|c__Bacteroidia|o__Bacteroidales|f__Prolixibacteraceae|g__Maribellus|s__|ASV_5500",5.45611518625004,3.83334394555599,1.73415676016601,2.21049447985833,0.0270708632079238,0.0551120082512571,"","DESeq2"
"1262","EsteroZacatecas - ColaDeBallena","k__Bacteria|p__Bacteroidota|c__Bacteroidia|o__Bacteroidales|f__Prolixibacteraceae|g__|s__|ASV_1501",7.31776301693907,-4.22646110764266,2.3174702858399,-1.82373907163642,0.0681915289644666,0.113253767402974,"","DESeq2"
"1263","EsteroZacatecas - ColaDeBallena","k__Bacteria|p__Bacteroidota|c__Bacteroidia|o__Chitinophagales|f__Saprospiraceae|g__|s__|ASV_15115",5.02287854894339,2.37987751708805,2.67717681309945,0.888950444155682,0.374029713318943,0.457863959407672,"","DESeq2"
"1264","EsteroZacatecas - ColaDeBallena","k__Bacteria|p__Bacteroidota|c__Bacteroidia|o__Cytophagales|f__Cyclobacteriaceae|g__Marinoscillum|s__|ASV_403",1.51767110557721,3.85256485190275,2.9570626727546,1.30283503538799,0.192631086796852,NA,NA,"DESeq2"
"1265","EsteroZacatecas - ColaDeBallena","k__Bacteria|p__Bacteroidota|c__Bacteroidia|o__Cytophagales|f__Cyclobacteriaceae|g__|s__|ASV_8590",0,0,0,0,1,NA,NA,"DESeq2"
"1266","EsteroZacatecas - ColaDeBallena","k__Bacteria|p__Balneolota|c__Balneolia|o__Balneolales|f__Balneolaceae|g__|s__|ASV_1297",3.2904331422902,0.183052693707197,2.20673295365836,0.0829519010914885,0.933889785104511,0.945542598822393,"","DESeq2"
"1267","EsteroZacatecas - ColaDeBallena","k__Bacteria|p__Planctomycetota|c__Planctomycetes|o__Pirellulales|f__Pirellulaceae|g__|s__|ASV_8950",6.81245064842389,6.0289193842072,2.71516914775839,2.22045812106572,0.0263876854667975,0.0542068909408353,"","DESeq2"
"1268","EsteroZacatecas - ColaDeBallena","k__Bacteria|p__Pseudomonadota|c__Alphaproteobacteria|o__Kiloniellales|f__Kiloniellaceae|g__|s__|ASV_12965",6.37517136186692,-3.72749643088712,2.92120433489091,-1.27601359013672,0.201950715059624,0.272142363354369,"","DESeq2"
"1269","EsteroZacatecas - ColaDeBallena","k__Bacteria|p__Pseudomonadota|c__Alphaproteobacteria|o__Rhodospirillales|f__Magnetospiraceae|g__|s__|ASV_8657",5.29442612460567,0.53378908250526,2.25504666580252,0.236708663550116,0.812882813410667,0.848745290472903,"","DESeq2"
"1270","EsteroZacatecas - ColaDeBallena","k__Bacteria|p__Pseudomonadota|c__Alphaproteobacteria|o__Sphingomonadales|f__Sphingomonadaceae|g__|s__|ASV_4999",2.33075204463492,-4.72322118169568,2.9536731682833,-1.59910081874118,0.10979820280453,0.160942914046382,"","DESeq2"
"1271","EsteroZacatecas - ColaDeBallena","k__Bacteria|p__Pseudomonadota|c__Gammaproteobacteria|o__Pseudomonadales|f__Cellvibrionaceae|g__|s__|ASV_8305",1.70642443764868,1.73692855991543,2.93683775936006,0.591428162614577,0.554233575193172,NA,NA,"DESeq2"
"1272","EsteroZacatecas - ColaDeBallena","k__Bacteria|p__Rhodothermota|c__Rhodothermia|o__Rhodothermales|f__Rhodothermaceae|g__|s__|ASV_6668",6.52931604069837,-6.17493138635468,1.87986071677547,-3.28478133047355,0.0010206154875328,0.00437516676919721,"**","DESeq2"
"1273","EsteroZacatecas - ColaDeBallena","k__Bacteria|p__Bacteroidota|c__Bacteroidia|o__Cytophagales|f__Cyclobacteriaceae|g__Fulvivirga|s__|ASV_480",1.71286557060186,4.05258343243601,2.95550094908691,1.37120017968123,0.170312562212735,NA,NA,"DESeq2"
"1274","EsteroZacatecas - ColaDeBallena","k__Bacteria|p__Myxococcota|c__Myxococcia|o__Myxococcales|f__Myxococcaceae|g__P3OB-42|s__|ASV_1140",3.5276839024244,-2.94681611959075,2.64981863430856,-1.11208219364028,0.266102811985179,0.343514539108141,"","DESeq2"
"1275","EsteroZacatecas - ColaDeBallena","k__Bacteria|p__Pseudomonadota|c__Alphaproteobacteria|o__Caulobacterales|f__Caulobacteraceae|g__|s__|ASV_2105",1.97904158316093,-2.03990228321858,2.93302109929202,-0.695495263812108,0.486744978283163,NA,NA,"DESeq2"
"1276","EsteroZacatecas - ColaDeBallena","k__Bacteria|p__Pseudomonadota|c__Alphaproteobacteria|o__Kiloniellales|f__Kiloniellaceae|g__Limibacillus|s__|ASV_5797",4.19497317081267,-5.5669795248823,2.3901033159997,-2.32917944911257,0.0198495611499523,0.0426259006925252,"*","DESeq2"
"1277","EsteroZacatecas - ColaDeBallena","k__Bacteria|p__Pseudomonadota|c__Alphaproteobacteria|o__Sphingomonadales|f__Sphingomonadaceae|g__|s__|ASV_4895",0.508447083012309,2.39817080127672,2.97247520150629,0.806792534404142,0.419786021039431,NA,NA,"DESeq2"
"1278","EsteroZacatecas - ColaDeBallena","k__Bacteria|p__Pseudomonadota|c__Alphaproteobacteria|o__|f__Neomegalonemataceae|g__Acuticoccus|s__|ASV_4438",1.73325797697379,4.07310195671014,2.95535237148904,1.37821195063042,0.168137858593227,NA,NA,"DESeq2"
"1279","EsteroZacatecas - ColaDeBallena","k__Bacteria|p__Pseudomonadota|c__Gammaproteobacteria|o__Steroidobacterales|f__Woeseiaceae|g__Woeseia|s__|ASV_4771",7.74452384902261,-6.42689106734734,2.119622109374,-3.03209286170611,0.00242864477201284,0.00859483009659373,"**","DESeq2"
"1280","EsteroZacatecas - ColaDeBallena","k__Bacteria|p__Thermodesulfobacteriota|c__Desulfobacteria|o__Desulfobacterales|f__Desulfosarcinaceae|g__Sva0081_sediment_group|s__|ASV_7819",1.18055807543442,-0.56757235129401,2.93711768631221,-0.193241269813279,0.846770019167921,NA,NA,"DESeq2"
"1281","EsteroZacatecas - ColaDeBallena","k__Bacteria|p__Actinomycetota|c__Acidimicrobiia|o__Microtrichales|f__Ilumatobacteraceae|g__Ilumatobacter|s__|ASV_11130",7.10243008642896,-6.30936090130179,2.69496123317709,-2.34116944749653,0.0192234401882744,0.0415167833723948,"*","DESeq2"
"1282","EsteroZacatecas - ColaDeBallena","k__Bacteria|p__Bacteroidota|c__Bacteroidia|o__Bacteroidales|f__Bacteroidetes_BD2-2|g__|s__|ASV_10532",5.75539626490985,-6.00813285769141,2.94850587941815,-2.03768725700389,0.0415812193841122,0.077436500361232,"","DESeq2"
"1283","EsteroZacatecas - ColaDeBallena","k__Bacteria|p__Bacteroidota|c__Bacteroidia|o__Chitinophagales|f__Saprospiraceae|g__|s__|ASV_3210",2.16817951223459,-4.62187738891613,2.18008891907871,-2.12004076919455,0.0340026072874071,NA,NA,"DESeq2"
"1284","EsteroZacatecas - ColaDeBallena","k__Bacteria|p__Bacteroidota|c__Bacteroidia|o__Cytophagales|f__Cyclobacteriaceae|g__Tunicatimonas|s__|ASV_2922",3.32453130402177,-5.23275996066065,2.95107599565633,-1.77317018211755,0.076200511370176,0.123310229225812,"","DESeq2"
"1285","EsteroZacatecas - ColaDeBallena","k__Bacteria|p__Bacteroidota|c__Bacteroidia|o__Flavobacteriales|f__Flavobacteriaceae|g__Gramella|s__|ASV_3229",3.83308105709368,5.18727317898573,2.94973583386366,1.75855516261308,0.0786530943430153,0.126022447353548,"","DESeq2"
"1286","EsteroZacatecas - ColaDeBallena","k__Bacteria|p__Bacteroidota|c__Bacteroidia|o__Flavobacteriales|f__Flavobacteriaceae|g__Marinirhabdus|s__|ASV_12284",2.40460979124604,4.53290587343912,2.95251220605768,1.53527083279755,0.12471731553655,0.177988530715479,"","DESeq2"
"1287","EsteroZacatecas - ColaDeBallena","k__Bacteria|p__Chloroflexota|c__Anaerolineae|o__Aggregatilineales|f__A4b|g__|s__|ASV_6142",0,0,0,0,1,NA,NA,"DESeq2"
"1288","EsteroZacatecas - ColaDeBallena","k__Bacteria|p__Cyanobacteriota|c__Cyanobacteriia|o__Phormidesmiales|f__Nodosilineaceae|g__Halomicronema_TFEP1|s__|ASV_15198",4.34871548744143,5.37717832501229,2.41249173896537,2.22888983956412,0.0258212353215894,0.0532357955087578,"","DESeq2"
"1289","EsteroZacatecas - ColaDeBallena","k__Bacteria|p__Pseudomonadota|c__Alphaproteobacteria|o__Rhodobacterales|f__Paracoccaceae|g__Limibaculum|s__|ASV_8852",5.63248133200209,5.75351120668426,2.73490722510673,2.10373176606009,0.0354018518380811,0.0686288458840617,"","DESeq2"
"1290","EsteroZacatecas - ColaDeBallena","k__Bacteria|p__Pseudomonadota|c__Alphaproteobacteria|o__Rhodobacterales|f__Paracoccaceae|g__Marivita|s__|ASV_10920",0,0,0,0,1,NA,NA,"DESeq2"
"1291","EsteroZacatecas - ColaDeBallena","k__Bacteria|p__Pseudomonadota|c__Alphaproteobacteria|o__Sphingomonadales|f__Sphingomonadaceae|g__Pacificimonas|s__|ASV_12784",3.15195212441798,-1.59671233099816,1.93633411560076,-0.824605794079486,0.409595430837439,0.496585282210598,"","DESeq2"
"1292","EsteroZacatecas - ColaDeBallena","k__Bacteria|p__Pseudomonadota|c__Gammaproteobacteria|o__Enterobacterales|f__Alteromonadaceae|g__Aestuariibacter|s__|ASV_7925",0,0,0,0,1,NA,NA,"DESeq2"
"1293","EsteroZacatecas - ColaDeBallena","k__Bacteria|p__Verrucomicrobiota|c__Verrucomicrobiia|o__Verrucomicrobiales|f__Rubritaleaceae|g__DBS1|s__|ASV_1721",5.61733643078649,-5.96014610242205,1.85904515962814,-3.20602545427904,0.00134582082883305,0.00538328331533218,"**","DESeq2"
"1294","EsteroZacatecas - ColaDeBallena","k__Bacteria|p__Actinomycetota|c__Rubrobacteria|o__Rubrobacterales|f__Rubrobacteriaceae|g__Rubrobacter|s__|ASV_2748",0,0,0,0,1,NA,NA,"DESeq2"
"1295","EsteroZacatecas - ColaDeBallena","k__Bacteria|p__Bacteroidota|c__Bacteroidia|o__Cytophagales|f__Cyclobacteriaceae|g__Algoriphagus|s__|ASV_5399",5.885163589082,1.70669860601928,2.07722398691936,0.821624734148391,0.411290507685326,0.497578292577775,"","DESeq2"
"1296","EsteroZacatecas - ColaDeBallena","k__Bacteria|p__Pseudomonadota|c__Alphaproteobacteria|o__Hyphomicrobiales|f__Rhizobiaceae|g__|s__|ASV_1910",0.647114469288393,2.71798484107884,2.9688456549513,0.915502237897048,0.359928028164816,NA,NA,"DESeq2"
"1297","EsteroZacatecas - ColaDeBallena","k__Bacteria|p__Pseudomonadota|c__Alphaproteobacteria|o__Kiloniellales|f__Kiloniellaceae|g__|s__|ASV_7939",3.37898575017016,-5.25648496957143,2.75966186624214,-1.90475689571681,0.0568116793550156,0.09808216982872,"","DESeq2"
"1298","EsteroZacatecas - ColaDeBallena","k__Bacteria|p__Pseudomonadota|c__Alphaproteobacteria|o__Micavibrionales|f__Micavibrionaceae|g__|s__|ASV_1341",2.26796691710209,4.45953109989658,2.47153512017921,1.80435675928134,0.0711753971273147,NA,NA,"DESeq2"
"1299","EsteroZacatecas - ColaDeBallena","k__Bacteria|p__Pseudomonadota|c__Alphaproteobacteria|o__Rhodobacterales|f__Paracoccaceae|g__Actibacterium|s__|ASV_9547",0,0,0,0,1,NA,NA,"DESeq2"
"1300","EsteroZacatecas - ColaDeBallena","k__Bacteria|p__Pseudomonadota|c__Alphaproteobacteria|o__Rhodobacterales|f__Paracoccaceae|g__Pikeienuella|s__|ASV_10608",5.40445954961795,5.6957073485478,2.74372177168825,2.07590558464066,0.0379026841113713,0.0722440421988554,"","DESeq2"
"1301","EsteroZacatecas - ColaDeBallena","k__Bacteria|p__Pseudomonadota|c__Alphaproteobacteria|o__Sphingomonadales|f__Sphingomonadaceae|g__Parasphingopyxis|s__|ASV_632",7.33174682388497,-6.35700787515289,2.94772588487373,-2.15658040246344,0.0310383728690335,0.0615350638380839,"","DESeq2"
"1302","EsteroZacatecas - ColaDeBallena","k__Bacteria|p__Pseudomonadota|c__Gammaproteobacteria|o__Pseudomonadales|f__Alcanivoracaceae|g__Ketobacter|s__|ASV_12342",3.91998093183764,-5.46898912765933,2.73860152083422,-1.99700069033533,0.045825107999357,0.0836934448348386,"","DESeq2"
"1303","EsteroZacatecas - ColaDeBallena","k__Bacteria|p__Rhodothermota|c__Rhodothermia|o__Rhodothermales|f__Rhodothermaceae|g__Rubrivirga|s__|ASV_13113",0.8005683587528,2.97865181383796,2.96641740977738,1.00412430294545,0.315318702599287,NA,NA,"DESeq2"
"1304","EsteroZacatecas - ColaDeBallena","k__Bacteria|p__Acidobacteriota|c__Blastocatellia|o__Blastocatellales|f__Blastocatellaceae|g__Blastocatella|s__|ASV_13389",1.30931813407739,3.61524137888599,2.95921096025072,1.22169099379778,0.221824503365857,NA,NA,"DESeq2"
"1305","EsteroZacatecas - ColaDeBallena","k__Bacteria|p__Bacteroidota|c__Bacteroidia|o__Chitinophagales|f__Saprospiraceae|g__|s__|ASV_10850",7.02856350811272,-6.28940894159356,2.37294539203247,-2.65046509823244,0.00803810318477378,0.021088418517097,"*","DESeq2"
"1306","EsteroZacatecas - ColaDeBallena","k__Bacteria|p__Bacteroidota|c__Bacteroidia|o__Cytophagales|f__Cyclobacteriaceae|g__Fulvivirga|s__|ASV_13464",1.14926001653235,3.48579949360614,2.96053548510209,1.17742196002962,0.239027129103865,NA,NA,"DESeq2"
"1307","EsteroZacatecas - ColaDeBallena","k__Bacteria|p__Bdellovibrionota|c__Bdellovibrionia|o__Bdellovibrionales|f__Pseudobdellovibrionaceae|g__OM27_clade|s__|ASV_14881",1.03736014383924,3.3370958933529,2.96220590674757,1.12655770679255,0.259929529193597,NA,NA,"DESeq2"
"1308","EsteroZacatecas - ColaDeBallena","k__Bacteria|p__Pseudomonadota|c__Alphaproteobacteria|o__Hyphomicrobiales|f__Rhizobiaceae|g__|s__|ASV_8377",0,0,0,0,1,NA,NA,"DESeq2"
"1309","EsteroZacatecas - ColaDeBallena","k__Bacteria|p__Pseudomonadota|c__Alphaproteobacteria|o__Sphingomonadales|f__Sphingomonadaceae|g__Aurantiacibacter|s__|ASV_13089",5.4528975438771,5.70725299785178,2.7347157404939,2.08696388927831,0.036891398867115,0.0706722244739336,"","DESeq2"
"1310","EsteroZacatecas - ColaDeBallena","k__Bacteria|p__Rhodothermota|c__Rhodothermia|o__Rhodothermales|f__Rhodothermaceae|g__Rubrivirga|s__|ASV_8651",3.48304078715394,-5.30006197564119,2.75021718077249,-1.92714306808035,0.0539618027082457,0.0937431287343304,"","DESeq2"
"1311","EsteroZacatecas - ColaDeBallena","k__Bacteria|p__Acidobacteriota|c__Thermoanaerobaculia|o__Thermoanaerobaculales|f__Thermoanaerobaculaceae|g__Subgroup_10|s__|ASV_4002",0.282653575737166,-1.88444790477116,2.98979782930257,-0.630292753008901,0.528503063569468,NA,NA,"DESeq2"
"1312","EsteroZacatecas - ColaDeBallena","k__Bacteria|p__Actinomycetota|c__Rubrobacteria|o__Rubrobacterales|f__Rubrobacteriaceae|g__Rubrobacter|s__|ASV_11767",1.08450047333706,0.861301044948362,2.94579159946327,0.292383563421558,0.769993373935615,NA,NA,"DESeq2"
"1313","EsteroZacatecas - ColaDeBallena","k__Bacteria|p__Bacteroidota|c__Bacteroidia|o__Bacteroidales|f__Marinilabiliaceae|g__|s__|ASV_9761",2.04063200254052,-3.41052082352858,2.94908043182807,-1.15646924604714,0.247489271906681,NA,NA,"DESeq2"
"1314","EsteroZacatecas - ColaDeBallena","k__Bacteria|p__Bacteroidota|c__Bacteroidia|o__Chitinophagales|f__Saprospiraceae|g__|s__|ASV_6128",0.613043017797214,2.62550703975002,2.96981572347776,0.884063956896105,0.376661688594338,NA,NA,"DESeq2"
"1315","EsteroZacatecas - ColaDeBallena","k__Bacteria|p__Bacteroidota|c__Bacteroidia|o__Cytophagales|f__Microscillaceae|g__|s__|ASV_9596",1.64417924565817,-4.22287268857981,2.95725727935943,-1.42796932754343,0.153300687184546,NA,NA,"DESeq2"
"1316","EsteroZacatecas - ColaDeBallena","k__Bacteria|p__Bacteroidota|c__Bacteroidia|o__Flavobacteriales|f__Flavobacteriaceae|g__Mesoflavibacter|s__|ASV_209",3.50365944804968,5.07695928946974,2.78526011762388,1.82279538537353,0.0683343869177089,0.113325348231412,"","DESeq2"
"1317","EsteroZacatecas - ColaDeBallena","k__Bacteria|p__Bacteroidota|c__Bacteroidia|o__Flavobacteriales|f__Flavobacteriaceae|g__|s__|ASV_3604",1.41549005807071,-4.01767832274714,2.95871471997611,-1.3579133857081,0.174491169428537,NA,NA,"DESeq2"
"1318","EsteroZacatecas - ColaDeBallena","k__Bacteria|p__Planctomycetota|c__Planctomycetes|o__Pirellulales|f__Pirellulaceae|g__Mariniblastus|s__|ASV_10958",2.59065192901801,4.64134759383239,2.88338110240515,1.60968926027879,0.107465710710254,0.15854681476214,"","DESeq2"
"1319","EsteroZacatecas - ColaDeBallena","k__Bacteria|p__Planctomycetota|c__Planctomycetes|o__Pirellulales|f__Pirellulaceae|g__|s__|ASV_3627",2.13379442189697,4.35837002341128,2.95348728702458,1.47566913274308,0.140032736236325,NA,NA,"DESeq2"
"1320","EsteroZacatecas - ColaDeBallena","k__Bacteria|p__Pseudomonadota|c__Alphaproteobacteria|o__Rhodobacterales|f__Paracoccaceae|g__|s__|ASV_10847",2.04923842409445,-4.5385992215628,2.9548577920518,-1.53597890015928,0.12454355536165,NA,NA,"DESeq2"
"1321","EsteroZacatecas - ColaDeBallena","k__Bacteria|p__Pseudomonadota|c__Alphaproteobacteria|o__Rickettsiales|f__SM2D12|g__|s__|ASV_2164",3.60080141121779,0.930942449020388,2.21028877880614,0.421185891159084,0.673619346061995,0.740069223526525,"","DESeq2"
"1322","EsteroZacatecas - ColaDeBallena","k__Bacteria|p__Pseudomonadota|c__Alphaproteobacteria|o__|f__Neomegalonemataceae|g__Acuticoccus|s__|ASV_13911",0.762360163698774,2.92660671406536,2.96686848373937,0.986429540138138,0.323922375196069,NA,NA,"DESeq2"
"1323","EsteroZacatecas - ColaDeBallena","k__Bacteria|p__Pseudomonadota|c__Gammaproteobacteria|o__Pseudomonadales|f__Halieaceae|g__|s__|ASV_1902",0.65316226806679,2.72742200920735,2.9687500387896,0.91871055951863,0.35824698514314,NA,NA,"DESeq2"
"1324","EsteroZacatecas - ColaDeBallena","k__Bacteria|p__Pseudomonadota|c__Gammaproteobacteria|o__Pseudomonadales|f__Spongiibacteraceae|g__|s__|ASV_13598",9.57709095823488,-6.74187814767318,2.68760204254436,-2.50851057595217,0.0121241338727936,0.0296193894182657,"*","DESeq2"
"1325","EsteroZacatecas - ColaDeBallena","k__Bacteria|p__Acidobacteriota|c__Thermoanaerobaculia|o__Thermoanaerobaculales|f__Thermoanaerobaculaceae|g__Subgroup_10|s__|ASV_637",0.450311615226459,2.26662551756735,2.97421114109876,0.762093008881002,0.446004495103327,NA,NA,"DESeq2"
"1326","EsteroZacatecas - ColaDeBallena","k__Bacteria|p__Bacteroidota|c__Bacteroidia|o__Chitinophagales|f__Saprospiraceae|g__Lewinella|s__|ASV_12193",5.96635606760553,5.83587600445122,2.72717739676442,2.13989600066905,0.0323631723968038,0.0637167484276761,"","DESeq2"
"1327","EsteroZacatecas - ColaDeBallena","k__Bacteria|p__Bacteroidota|c__Bacteroidia|o__Chitinophagales|f__Saprospiraceae|g__|s__|ASV_10754",0.435441512044526,2.22890553076286,2.97473795581051,0.749277941073488,0.453689700431992,NA,NA,"DESeq2"
"1328","EsteroZacatecas - ColaDeBallena","k__Bacteria|p__Bacteroidota|c__Bacteroidia|o__Chitinophagales|f__Saprospiraceae|g__|s__|ASV_5038",5.93983305255209,5.82396570244916,2.14168688166039,2.71933574992717,0.00654131731398139,0.0179925822486268,"*","DESeq2"
"1329","EsteroZacatecas - ColaDeBallena","k__Bacteria|p__Bacteroidota|c__Bacteroidia|o__Cytophagales|f__Cyclobacteriaceae|g__|s__|ASV_12768",7.84914287130048,6.22891485370722,2.42997474316134,2.56336608898393,0.01036626807062,0.0261110432998322,"*","DESeq2"
"1330","EsteroZacatecas - ColaDeBallena","k__Bacteria|p__Bacteroidota|c__Bacteroidia|o__Cytophagales|f__Cyclobacteriaceae|g__|s__|ASV_8952",4.04003878551206,-5.51258215465465,2.40921687536043,-2.28812200804045,0.0221304169342144,0.0466422145403851,"*","DESeq2"
"1331","EsteroZacatecas - ColaDeBallena","k__Bacteria|p__Bacteroidota|c__Bacteroidia|o__Flavobacteriales|f__Flavobacteriaceae|g__Marinirhabdus|s__|ASV_7919",1.25038449491006,1.87902186676048,2.95659399256616,0.635535982108112,0.525078906907729,NA,NA,"DESeq2"
"1332","EsteroZacatecas - ColaDeBallena","k__Bacteria|p__Chloroflexota|c__Anaerolineae|o__Anaerolineales|f__Anaerolineaceae|g__|s__|ASV_5166",5.88039053432346,-4.67403166676836,2.24576707904513,-2.0812628835737,0.037409850504467,0.0715447646011355,"","DESeq2"
"1333","EsteroZacatecas - ColaDeBallena","k__Bacteria|p__Chloroflexota|c__Anaerolineae|o__Caldilineales|f__Caldilineaceae|g__|s__|ASV_1515",0,0,0,0,1,NA,NA,"DESeq2"
"1334","EsteroZacatecas - ColaDeBallena","k__Bacteria|p__Cyanobacteriota|c__Cyanobacteriia|o__Cyanobacteriales|f__Xenococcaceae|g__Chroococcidiopsis_PCC-6712|s__|ASV_1638",1.30212616842528,3.66027815986634,2.95877646519539,1.2370918191769,0.216052996566598,NA,NA,"DESeq2"
"1335","EsteroZacatecas - ColaDeBallena","k__Bacteria|p__Cyanobacteriota|c__Cyanobacteriia|o__Phormidesmiales|f__Phormidesmiaceae|g__Phormidium_MBIC10003|s__|ASV_5081",1.32171998736309,3.64644340193997,2.95890853950533,1.23236097137007,0.217814273238254,NA,NA,"DESeq2"
"1336","EsteroZacatecas - ColaDeBallena","k__Bacteria|p__Pseudomonadota|c__Alphaproteobacteria|o__Caulobacterales|f__Parvularculaceae|g__Parvularcula|s__|ASV_7821",2.74324135392651,1.55521458708282,2.42830994895065,0.640451433209701,0.521879153985995,0.604953794824582,"","DESeq2"
"1337","EsteroZacatecas - ColaDeBallena","k__Bacteria|p__Pseudomonadota|c__Alphaproteobacteria|o__Micavibrionales|f__Micavibrionaceae|g__|s__|ASV_14482",3.70682625771026,-5.38980698640977,2.39774745938457,-2.24786266181392,0.0245849487052259,0.0509644192137529,"","DESeq2"
"1338","EsteroZacatecas - ColaDeBallena","k__Bacteria|p__Pseudomonadota|c__Alphaproteobacteria|o__Rhodobacterales|f__Paracoccaceae|g__Actibacterium|s__|ASV_14718",0.50567927091099,2.42264340215397,2.97216889599274,0.81510960074319,0.415009576580042,NA,NA,"DESeq2"
"1339","EsteroZacatecas - ColaDeBallena","k__Bacteria|p__Pseudomonadota|c__Alphaproteobacteria|o__Rhodobacterales|f__Paracoccaceae|g__Limibaculum|s__|ASV_5115",3.1872378940939,-5.17272982415873,2.76861029702678,-1.86834883541167,0.0617134637590292,0.104949842560265,"","DESeq2"
"1340","EsteroZacatecas - ColaDeBallena","k__Bacteria|p__Pseudomonadota|c__Alphaproteobacteria|o__Rhodobacterales|f__Paracoccaceae|g__|s__|ASV_4714",0.77676506562616,2.94372900111405,2.96671831854993,0.992250926792703,0.321075135324788,NA,NA,"DESeq2"
"1341","EsteroZacatecas - ColaDeBallena","k__Bacteria|p__Pseudomonadota|c__Gammaproteobacteria|o__Pseudomonadales|f__Cellvibrionaceae|g__Aestuariicella|s__|ASV_12370",3.24098986764625,-5.19824016769092,2.42356556097331,-2.14487293077531,0.031963008066607,0.0630381547980306,"","DESeq2"
"1342","EsteroZacatecas - ColaDeBallena","k__Bacteria|p__Pseudomonadota|c__Gammaproteobacteria|o__Pseudomonadales|f__Halieaceae|g__Pseudohaliea|s__|ASV_15218",2.71132564009016,4.71186291229938,2.13678158402471,2.20512145346386,0.0274455730238309,0.0555760623085061,"","DESeq2"
"1343","EsteroZacatecas - ColaDeBallena","k__Bacteria|p__Pseudomonadota|c__Gammaproteobacteria|o__Steroidobacterales|f__Woeseiaceae|g__Woeseia|s__|ASV_390",1.88249269658398,4.18482043512344,2.95457867167531,1.41638483863777,0.156662860474773,NA,NA,"DESeq2"
"1344","EsteroZacatecas - ColaDeBallena","k__Bacteria|p__Thermodesulfobacteriota|c__Desulfobacteria|o__Desulfatiglandales|f__Desulfatiglandaceae|g__Desulfatiglans|s__|ASV_11755",3.75426412491703,-5.40677945235562,2.7501064876659,-1.96602548905098,0.0492956663598246,0.0879118947955428,"","DESeq2"
"1345","EsteroZacatecas - ColaDeBallena","k__Bacteria|p__Thermodesulfobacteriota|c__Desulfobacteria|o__Desulfatiglandales|f__Desulfatiglandaceae|g__Desulfatiglans|s__|ASV_4118",2.80824502975202,-2.92559839826773,2.93280339363108,-0.997543307751553,0.318500863442818,0.399797768918278,"","DESeq2"
"1346","EsteroZacatecas - ColaDeBallena","k__Bacteria|p__Thermodesulfobacteriota|c__Desulfobacteria|o__Desulfobacterales|f__Desulfosarcinaceae|g__|s__|ASV_12847",5.3892392135982,-5.91283081010385,2.94875343573673,-2.00519675142881,0.0449420172452784,0.0824417854000454,"","DESeq2"
