"","Comparison","Taxa","kw.ep","kw.eBH","glm.ep","glm.eBH","P.adj","Significance","Method"
"k__Bacteria|p__Actinomycetota|c__Actinobacteria|o__Euzebyales|f__Euzebyaceae|g__|s__|ASV_3566","ColaDeBallena - EsteroZacatecas","k__Bacteria|p__Actinomycetota|c__Actinobacteria|o__Euzebyales|f__Euzebyaceae|g__|s__|ASV_3566",0.0153865629581961,0.0665300262604308,0.010530017277132,0.0426819689618571,0.0665300262604308,"","ALDEx2_kw"
"k__Bacteria|p__Pseudomonadota|c__Alphaproteobacteria|o__Hyphomicrobiales|f__Rhizobiaceae|g__Fulvimarina|s__|ASV_6441","ColaDeBallena - EsteroZacatecas","k__Bacteria|p__Pseudomonadota|c__Alphaproteobacteria|o__Hyphomicrobiales|f__Rhizobiaceae|g__Fulvimarina|s__|ASV_6441",0.00351852205488655,0.0285184701260369,0.00102825355741873,0.00903396469181541,0.0285184701260369,"*","ALDEx2_kw"
"k__Bacteria|p__Pseudomonadota|c__Alphaproteobacteria|o__Sphingomonadales|f__Sphingomonadaceae|g__|s__|ASV_10845","ColaDeBallena - EsteroZacatecas","k__Bacteria|p__Pseudomonadota|c__Alphaproteobacteria|o__Sphingomonadales|f__Sphingomonadaceae|g__|s__|ASV_10845",0.326204977020846,0.468047254044244,0.382384809296885,0.511568606701459,0.468047254044244,"","ALDEx2_kw"
"k__Bacteria|p__Cyanobacteriota|c__Cyanobacteriia|o__Cyanobacteriales|f__Nostocaceae|g__Rivularia_PCC-7116|s__|ASV_8325","ColaDeBallena - EsteroZacatecas","k__Bacteria|p__Cyanobacteriota|c__Cyanobacteriia|o__Cyanobacteriales|f__Nostocaceae|g__Rivularia_PCC-7116|s__|ASV_8325",3.24002270118808e-05,0.00398160307198038,7.46129080383381e-08,3.94770789518849e-06,0.00398160307198038,"**","ALDEx2_kw"
"k__Bacteria|p__Bacteroidota|c__Bacteroidia|o__Cytophagales|f__Cyclobacteriaceae|g__Tunicatimonas|s__|ASV_6535","ColaDeBallena - EsteroZacatecas","k__Bacteria|p__Bacteroidota|c__Bacteroidia|o__Cytophagales|f__Cyclobacteriaceae|g__Tunicatimonas|s__|ASV_6535",0.0876555231480756,0.194929879501839,0.063007312719286,0.144226129467248,0.194929879501839,"","ALDEx2_kw"
"k__Bacteria|p__Cyanobacteriota|c__Cyanobacteriia|o__Cyanobacteriales|f__Nostocaceae|g__Rivularia_PCC-7116|s__|ASV_7535","ColaDeBallena - EsteroZacatecas","k__Bacteria|p__Cyanobacteriota|c__Cyanobacteriia|o__Cyanobacteriales|f__Nostocaceae|g__Rivularia_PCC-7116|s__|ASV_7535",0.0902808992510872,0.179984071968662,0.0231487336844726,0.0634551553440783,0.179984071968662,"","ALDEx2_kw"
"k__Bacteria|p__Actinomycetota|c__Actinobacteria|o__Nitriliruptorales|f__Nitriliruptoraceae|g__|s__|ASV_1823","ColaDeBallena - EsteroZacatecas","k__Bacteria|p__Actinomycetota|c__Actinobacteria|o__Nitriliruptorales|f__Nitriliruptoraceae|g__|s__|ASV_1823",0.0401959557027761,0.117753129897407,0.0530420437340575,0.122116181984896,0.117753129897407,"","ALDEx2_kw"
"k__Bacteria|p__Actinomycetota|c__Actinobacteria|o__Micrococcales|f__Intrasporangiaceae|g__|s__|ASV_82","ColaDeBallena - EsteroZacatecas","k__Bacteria|p__Actinomycetota|c__Actinobacteria|o__Micrococcales|f__Intrasporangiaceae|g__|s__|ASV_82",0.210239775931861,0.348607128348088,0.0512006900961235,0.125601106596279,0.348607128348088,"","ALDEx2_kw"
"k__Bacteria|p__Actinomycetota|c__Rubrobacteria|o__Rubrobacterales|f__Rubrobacteriaceae|g__Rubrobacter|s__|ASV_4417","ColaDeBallena - EsteroZacatecas","k__Bacteria|p__Actinomycetota|c__Rubrobacteria|o__Rubrobacterales|f__Rubrobacteriaceae|g__Rubrobacter|s__|ASV_4417",0.253137326925224,0.394592823336476,0.3238737736753,0.448175158382032,0.394592823336476,"","ALDEx2_kw"
"k__Bacteria|p__Bacteroidota|c__Bacteroidia|o__Flavobacteriales|f__Flavobacteriaceae|g__Gramella|s__|ASV_2541","ColaDeBallena - EsteroZacatecas","k__Bacteria|p__Bacteroidota|c__Bacteroidia|o__Flavobacteriales|f__Flavobacteriaceae|g__Gramella|s__|ASV_2541",0.894628676137699,0.924073567484442,0.633252775406889,0.72756092431967,0.924073567484442,"","ALDEx2_kw"
"k__Bacteria|p__Cyanobacteriota|c__Cyanobacteriia|o__Cyanobacteriales|f__Nostocaceae|g__Rivularia_PCC-7116|s__|ASV_7012","ColaDeBallena - EsteroZacatecas","k__Bacteria|p__Cyanobacteriota|c__Cyanobacteriia|o__Cyanobacteriales|f__Nostocaceae|g__Rivularia_PCC-7116|s__|ASV_7012",3.22564145624377e-05,0.00398141997573617,3.70570201008615e-09,3.29192539376461e-07,0.00398141997573617,"**","ALDEx2_kw"
"k__Bacteria|p__Bacteroidota|c__Bacteroidia|o__Flavobacteriales|f__Flavobacteriaceae|g__Gramella|s__|ASV_13670","ColaDeBallena - EsteroZacatecas","k__Bacteria|p__Bacteroidota|c__Bacteroidia|o__Flavobacteriales|f__Flavobacteriaceae|g__Gramella|s__|ASV_13670",0.190209336755445,0.290042388672566,0.0796413839016629,0.145775447175481,0.290042388672566,"","ALDEx2_kw"
"k__Bacteria|p__Actinomycetota|c__Actinobacteria|o__Euzebyales|f__Euzebyaceae|g__|s__|ASV_7541","ColaDeBallena - EsteroZacatecas","k__Bacteria|p__Actinomycetota|c__Actinobacteria|o__Euzebyales|f__Euzebyaceae|g__|s__|ASV_7541",0.0765360409725043,0.178475515435218,0.0365925133190349,0.0948593379871826,0.178475515435218,"","ALDEx2_kw"
"k__Bacteria|p__Rhodothermota|c__Rhodothermia|o__Rhodothermales|f__Rhodothermaceae|g__|s__|ASV_14091","ColaDeBallena - EsteroZacatecas","k__Bacteria|p__Rhodothermota|c__Rhodothermia|o__Rhodothermales|f__Rhodothermaceae|g__|s__|ASV_14091",0.42928536471606,0.564439972500787,0.112999708656572,0.216363956553706,0.564439972500787,"","ALDEx2_kw"
"k__Bacteria|p__Rhodothermota|c__Rhodothermia|o__Rhodothermales|f__Rhodothermaceae|g__|s__|ASV_13236","ColaDeBallena - EsteroZacatecas","k__Bacteria|p__Rhodothermota|c__Rhodothermia|o__Rhodothermales|f__Rhodothermaceae|g__|s__|ASV_13236",0.00286059466462709,0.0249083495960807,0.00865760982332796,0.033854159257423,0.0249083495960807,"*","ALDEx2_kw"
"k__Bacteria|p__Pseudomonadota|c__Alphaproteobacteria|o__Rhodobacterales|f__Paracoccaceae|g__Palleronia-Pseudomaribius|s__|ASV_6338","ColaDeBallena - EsteroZacatecas","k__Bacteria|p__Pseudomonadota|c__Alphaproteobacteria|o__Rhodobacterales|f__Paracoccaceae|g__Palleronia-Pseudomaribius|s__|ASV_6338",0.314397260692889,0.446803195907506,0.397175287319839,0.51440188854312,0.446803195907506,"","ALDEx2_kw"
"k__Bacteria|p__Pseudomonadota|c__Alphaproteobacteria|o__Sphingomonadales|f__Sphingomonadaceae|g__Pacificimonas|s__|ASV_10664","ColaDeBallena - EsteroZacatecas","k__Bacteria|p__Pseudomonadota|c__Alphaproteobacteria|o__Sphingomonadales|f__Sphingomonadaceae|g__Pacificimonas|s__|ASV_10664",0.0916547552541737,0.200444943168615,0.0351857018771836,0.0920226664308256,0.200444943168615,"","ALDEx2_kw"
"k__Bacteria|p__Rhodothermota|c__Rhodothermia|o__Rhodothermales|f__Rhodothermaceae|g__|s__|ASV_4439","ColaDeBallena - EsteroZacatecas","k__Bacteria|p__Rhodothermota|c__Rhodothermia|o__Rhodothermales|f__Rhodothermaceae|g__|s__|ASV_4439",0.0141909742193853,0.0630932999877809,0.237602832829377,0.349903356529017,0.0630932999877809,"","ALDEx2_kw"
"k__Bacteria|p__Actinomycetota|c__Actinobacteria|o__Propionibacteriales|f__Nocardioidaceae|g__Nocardioides|s__|ASV_15946","ColaDeBallena - EsteroZacatecas","k__Bacteria|p__Actinomycetota|c__Actinobacteria|o__Propionibacteriales|f__Nocardioidaceae|g__Nocardioides|s__|ASV_15946",0.0108623946034492,0.0533685304665637,0.00500036500010751,0.0234371790603935,0.0533685304665637,"","ALDEx2_kw"
"k__Bacteria|p__Actinomycetota|c__Acidimicrobiia|o__Microtrichales|f__Ilumatobacteraceae|g__Ilumatobacter|s__|ASV_7782","ColaDeBallena - EsteroZacatecas","k__Bacteria|p__Actinomycetota|c__Acidimicrobiia|o__Microtrichales|f__Ilumatobacteraceae|g__Ilumatobacter|s__|ASV_7782",0.500569802594061,0.624466183244837,0.253204199020121,0.380302925624851,0.624466183244837,"","ALDEx2_kw"
"k__Bacteria|p__Actinomycetota|c__Actinobacteria|o__Propionibacteriales|f__Nocardioidaceae|g__Nocardioides|s__|ASV_5509","ColaDeBallena - EsteroZacatecas","k__Bacteria|p__Actinomycetota|c__Actinobacteria|o__Propionibacteriales|f__Nocardioidaceae|g__Nocardioides|s__|ASV_5509",0.000898872356016527,0.0123991605643584,0.000129911842770264,0.00138365898914363,0.0123991605643584,"*","ALDEx2_kw"
"k__Bacteria|p__Bacteroidota|c__Bacteroidia|o__Chitinophagales|f__Saprospiraceae|g__Lewinella|s__|ASV_10676","ColaDeBallena - EsteroZacatecas","k__Bacteria|p__Bacteroidota|c__Bacteroidia|o__Chitinophagales|f__Saprospiraceae|g__Lewinella|s__|ASV_10676",0.000578900622695027,0.0106558334783382,0.00142028048476072,0.00903669938871164,0.0106558334783382,"*","ALDEx2_kw"
"k__Bacteria|p__Bacteroidota|c__Bacteroidia|o__Chitinophagales|f__Saprospiraceae|g__Lewinella|s__|ASV_12828","ColaDeBallena - EsteroZacatecas","k__Bacteria|p__Bacteroidota|c__Bacteroidia|o__Chitinophagales|f__Saprospiraceae|g__Lewinella|s__|ASV_12828",0.0019775844986453,0.0203490275935218,0.00120447364354738,0.00794844942099605,0.0203490275935218,"*","ALDEx2_kw"
"k__Bacteria|p__Actinomycetota|c__Rubrobacteria|o__Rubrobacterales|f__Rubrobacteriaceae|g__Rubrobacter|s__|ASV_16064","ColaDeBallena - EsteroZacatecas","k__Bacteria|p__Actinomycetota|c__Rubrobacteria|o__Rubrobacterales|f__Rubrobacteriaceae|g__Rubrobacter|s__|ASV_16064",0.000189260908339787,0.00639411198298815,3.5241946112839e-05,0.0003484273713914,0.00639411198298815,"**","ALDEx2_kw"
"k__Bacteria|p__Actinomycetota|c__Actinobacteria|o__Nitriliruptorales|f__Nitriliruptoraceae|g__|s__|ASV_10841","ColaDeBallena - EsteroZacatecas","k__Bacteria|p__Actinomycetota|c__Actinobacteria|o__Nitriliruptorales|f__Nitriliruptoraceae|g__|s__|ASV_10841",0.396690895384322,0.533177197948638,0.765792879686413,0.830630469371682,0.533177197948638,"","ALDEx2_kw"
"k__Bacteria|p__Pseudomonadota|c__Alphaproteobacteria|o__Sphingomonadales|f__Sphingomonadaceae|g__Qipengyuania|s__|ASV_3585","ColaDeBallena - EsteroZacatecas","k__Bacteria|p__Pseudomonadota|c__Alphaproteobacteria|o__Sphingomonadales|f__Sphingomonadaceae|g__Qipengyuania|s__|ASV_3585",0.000844520214142605,0.0117429887341669,0.000206490717596407,0.00165805208899313,0.0117429887341669,"*","ALDEx2_kw"
"k__Bacteria|p__Pseudomonadota|c__Gammaproteobacteria|o__Pseudomonadales|f__Marinobacteraceae|g__Marinobacter|s__|ASV_13594","ColaDeBallena - EsteroZacatecas","k__Bacteria|p__Pseudomonadota|c__Gammaproteobacteria|o__Pseudomonadales|f__Marinobacteraceae|g__Marinobacter|s__|ASV_13594",0.0016972926018767,0.0191107600020624,0.00289101765536905,0.0169455789044383,0.0191107600020624,"*","ALDEx2_kw"
"k__Bacteria|p__Cyanobacteriota|c__Cyanobacteriia|o__Cyanobacteriales|f__Nostocaceae|g__|s__|ASV_4049","ColaDeBallena - EsteroZacatecas","k__Bacteria|p__Cyanobacteriota|c__Cyanobacteriia|o__Cyanobacteriales|f__Nostocaceae|g__|s__|ASV_4049",0.000245293801285055,0.00704645160099511,3.71165649846874e-05,0.000447959187475308,0.00704645160099511,"**","ALDEx2_kw"
"k__Bacteria|p__Pseudomonadota|c__Alphaproteobacteria|o__Sphingomonadales|f__Sphingomonadaceae|g__Sphingomicrobium|s__|ASV_14934","ColaDeBallena - EsteroZacatecas","k__Bacteria|p__Pseudomonadota|c__Alphaproteobacteria|o__Sphingomonadales|f__Sphingomonadaceae|g__Sphingomicrobium|s__|ASV_14934",0.14956402263824,0.276150732820252,0.140352760028101,0.242933866585138,0.276150732820252,"","ALDEx2_kw"
"k__Bacteria|p__Pseudomonadota|c__Alphaproteobacteria|o__Hyphomicrobiales|f__Rhizobiaceae|g__Fulvimarina|s__|ASV_659","ColaDeBallena - EsteroZacatecas","k__Bacteria|p__Pseudomonadota|c__Alphaproteobacteria|o__Hyphomicrobiales|f__Rhizobiaceae|g__Fulvimarina|s__|ASV_659",0.000508803033169042,0.00992255221016768,0.000834195863700679,0.00756136580617867,0.00992255221016768,"**","ALDEx2_kw"
"k__Bacteria|p__Rhodothermota|c__Rhodothermia|o__Rhodothermales|f__Rhodothermaceae|g__|s__|ASV_2086","ColaDeBallena - EsteroZacatecas","k__Bacteria|p__Rhodothermota|c__Rhodothermia|o__Rhodothermales|f__Rhodothermaceae|g__|s__|ASV_2086",0.525961351620979,0.646204357426149,0.647497049124025,0.740027076034198,0.646204357426149,"","ALDEx2_kw"
"k__Bacteria|p__Bacteroidota|c__Bacteroidia|o__Flavobacteriales|f__Flavobacteriaceae|g__Gramella|s__|ASV_8981","ColaDeBallena - EsteroZacatecas","k__Bacteria|p__Bacteroidota|c__Bacteroidia|o__Flavobacteriales|f__Flavobacteriaceae|g__Gramella|s__|ASV_8981",0.104708043908554,0.193568543120087,0.0277256681554586,0.0687248151033725,0.193568543120087,"","ALDEx2_kw"
"k__Bacteria|p__Actinomycetota|c__Actinobacteria|o__Nitriliruptorales|f__Nitriliruptoraceae|g__|s__|ASV_9614","ColaDeBallena - EsteroZacatecas","k__Bacteria|p__Actinomycetota|c__Actinobacteria|o__Nitriliruptorales|f__Nitriliruptoraceae|g__|s__|ASV_9614",0.00499185766020804,0.0340593140925922,0.000748161537879679,0.00690182061294339,0.0340593140925922,"*","ALDEx2_kw"
"k__Bacteria|p__Actinomycetota|c__Actinobacteria|o__Euzebyales|f__Euzebyaceae|g__|s__|ASV_15365","ColaDeBallena - EsteroZacatecas","k__Bacteria|p__Actinomycetota|c__Actinobacteria|o__Euzebyales|f__Euzebyaceae|g__|s__|ASV_15365",0.684882826553714,0.765770154850433,0.781928086540061,0.843161909576426,0.765770154850433,"","ALDEx2_kw"
"k__Bacteria|p__Bacteroidota|c__Bacteroidia|o__Cytophagales|f__Cyclobacteriaceae|g__|s__|ASV_9068","ColaDeBallena - EsteroZacatecas","k__Bacteria|p__Bacteroidota|c__Bacteroidia|o__Cytophagales|f__Cyclobacteriaceae|g__|s__|ASV_9068",0.00284289492611451,0.0254534264571136,0.00147603251195191,0.0109463924985994,0.0254534264571136,"*","ALDEx2_kw"
"k__Bacteria|p__Bacteroidota|c__Bacteroidia|o__Flavobacteriales|f__Flavobacteriaceae|g__Hoppeia|s__|ASV_11816","ColaDeBallena - EsteroZacatecas","k__Bacteria|p__Bacteroidota|c__Bacteroidia|o__Flavobacteriales|f__Flavobacteriaceae|g__Hoppeia|s__|ASV_11816",0.017268868448217,0.0705418586399367,0.00882952588745905,0.0359913778568909,0.0705418586399367,"","ALDEx2_kw"
"k__Bacteria|p__Actinomycetota|c__Actinobacteria|o__Euzebyales|f__Euzebyaceae|g__|s__|ASV_4057","ColaDeBallena - EsteroZacatecas","k__Bacteria|p__Actinomycetota|c__Actinobacteria|o__Euzebyales|f__Euzebyaceae|g__|s__|ASV_4057",0.0797538823497481,0.18347313075716,0.0752758340824735,0.158481562821655,0.18347313075716,"","ALDEx2_kw"
"k__Bacteria|p__Pseudomonadota|c__Alphaproteobacteria|o__Rhodobacterales|f__Paracoccaceae|g__Palleronia-Pseudomaribius|s__|ASV_5775","ColaDeBallena - EsteroZacatecas","k__Bacteria|p__Pseudomonadota|c__Alphaproteobacteria|o__Rhodobacterales|f__Paracoccaceae|g__Palleronia-Pseudomaribius|s__|ASV_5775",0.000174871251693138,0.00607994702748189,1.81788916296976e-06,5.37911429258759e-05,0.00607994702748189,"**","ALDEx2_kw"
"k__Bacteria|p__Cyanobacteriota|c__Cyanobacteriia|o__Cyanobacteriales|f__Nostocaceae|g__Rivularia_PCC-7116|s__|ASV_12448","ColaDeBallena - EsteroZacatecas","k__Bacteria|p__Cyanobacteriota|c__Cyanobacteriia|o__Cyanobacteriales|f__Nostocaceae|g__Rivularia_PCC-7116|s__|ASV_12448",0.0137073955993557,0.0560701517541331,0.00349410901393811,0.0153226027944356,0.0560701517541331,"","ALDEx2_kw"
"k__Bacteria|p__Pseudomonadota|c__Alphaproteobacteria|o__Rhodobacterales|f__Paracoccaceae|g__Palleronia-Pseudomaribius|s__|ASV_3202","ColaDeBallena - EsteroZacatecas","k__Bacteria|p__Pseudomonadota|c__Alphaproteobacteria|o__Rhodobacterales|f__Paracoccaceae|g__Palleronia-Pseudomaribius|s__|ASV_3202",0.269370108462367,0.403378301394475,0.415348340774595,0.527147110661637,0.403378301394475,"","ALDEx2_kw"
"k__Bacteria|p__Pseudomonadota|c__Alphaproteobacteria|o__Rhodobacterales|f__Paracoccaceae|g__Actibacterium|s__|ASV_6146","ColaDeBallena - EsteroZacatecas","k__Bacteria|p__Pseudomonadota|c__Alphaproteobacteria|o__Rhodobacterales|f__Paracoccaceae|g__Actibacterium|s__|ASV_6146",0.695754146331041,0.775026122412493,0.716646950700631,0.789554550923051,0.775026122412493,"","ALDEx2_kw"
"k__Bacteria|p__Pseudomonadota|c__Alphaproteobacteria|o__Sphingomonadales|f__Sphingomonadaceae|g__|s__|ASV_14489","ColaDeBallena - EsteroZacatecas","k__Bacteria|p__Pseudomonadota|c__Alphaproteobacteria|o__Sphingomonadales|f__Sphingomonadaceae|g__|s__|ASV_14489",0.637105529147886,0.735855482896904,0.768791035531698,0.8334421067497,0.735855482896904,"","ALDEx2_kw"
"k__Bacteria|p__Myxococcota|c__Polyangiia|o__Polyangiales|f__Sandaracinaceae|g__|s__|ASV_1096","ColaDeBallena - EsteroZacatecas","k__Bacteria|p__Myxococcota|c__Polyangiia|o__Polyangiales|f__Sandaracinaceae|g__|s__|ASV_1096",3.24913275608442e-05,0.00398503784226456,2.40558633725855e-08,1.75586974165382e-06,0.00398503784226456,"**","ALDEx2_kw"
"k__Bacteria|p__Bacteroidota|c__Bacteroidia|o__Flavobacteriales|f__Flavobacteriaceae|g__Sufflavibacter|s__|ASV_4707","ColaDeBallena - EsteroZacatecas","k__Bacteria|p__Bacteroidota|c__Bacteroidia|o__Flavobacteriales|f__Flavobacteriaceae|g__Sufflavibacter|s__|ASV_4707",3.57990138980369e-05,0.00399981332767324,1.66508134514266e-06,5.78039169915981e-05,0.00399981332767324,"**","ALDEx2_kw"
"k__Bacteria|p__Pseudomonadota|c__Alphaproteobacteria|o__Sphingomonadales|f__Sphingomonadaceae|g__Aurantiacibacter|s__|ASV_6948","ColaDeBallena - EsteroZacatecas","k__Bacteria|p__Pseudomonadota|c__Alphaproteobacteria|o__Sphingomonadales|f__Sphingomonadaceae|g__Aurantiacibacter|s__|ASV_6948",0.0678913544673516,0.160068925788992,0.0496622512928869,0.121264951612835,0.160068925788992,"","ALDEx2_kw"
"k__Bacteria|p__Pseudomonadota|c__Alphaproteobacteria|o__Rhodobacterales|f__Paracoccaceae|g__Palleronia-Pseudomaribius|s__|ASV_10594","ColaDeBallena - EsteroZacatecas","k__Bacteria|p__Pseudomonadota|c__Alphaproteobacteria|o__Rhodobacterales|f__Paracoccaceae|g__Palleronia-Pseudomaribius|s__|ASV_10594",0.511212277685846,0.623311051787148,0.578069390668602,0.673873538308992,0.623311051787148,"","ALDEx2_kw"
"k__Bacteria|p__Pseudomonadota|c__Alphaproteobacteria|o__Rhodobacterales|f__Paracoccaceae|g__|s__|ASV_1011","ColaDeBallena - EsteroZacatecas","k__Bacteria|p__Pseudomonadota|c__Alphaproteobacteria|o__Rhodobacterales|f__Paracoccaceae|g__|s__|ASV_1011",0.634076765769372,0.722898539252951,0.650657425743949,0.734469291416703,0.722898539252951,"","ALDEx2_kw"
"k__Bacteria|p__Pseudomonadota|c__Alphaproteobacteria|o__Rhodobacterales|f__Paracoccaceae|g__|s__|ASV_8954","ColaDeBallena - EsteroZacatecas","k__Bacteria|p__Pseudomonadota|c__Alphaproteobacteria|o__Rhodobacterales|f__Paracoccaceae|g__|s__|ASV_8954",0.00994391579993629,0.0505749384461638,0.0103378816084632,0.0370616252399942,0.0505749384461638,"","ALDEx2_kw"
"k__Bacteria|p__Pseudomonadota|c__Alphaproteobacteria|o__Rhodobacterales|f__Paracoccaceae|g__Limibaculum|s__|ASV_636","ColaDeBallena - EsteroZacatecas","k__Bacteria|p__Pseudomonadota|c__Alphaproteobacteria|o__Rhodobacterales|f__Paracoccaceae|g__Limibaculum|s__|ASV_636",0.868980733636837,0.906479986330419,0.74897928128096,0.816296354645573,0.906479986330419,"","ALDEx2_kw"
"k__Bacteria|p__Pseudomonadota|c__Alphaproteobacteria|o__Sphingomonadales|f__Sphingomonadaceae|g__Sphingomicrobium|s__|ASV_13477","ColaDeBallena - EsteroZacatecas","k__Bacteria|p__Pseudomonadota|c__Alphaproteobacteria|o__Sphingomonadales|f__Sphingomonadaceae|g__Sphingomicrobium|s__|ASV_13477",0.146764787101272,0.253712522878909,0.113348516951062,0.1983517533326,0.253712522878909,"","ALDEx2_kw"
"k__Bacteria|p__Pseudomonadota|c__Alphaproteobacteria|o__Rhodobacterales|f__Paracoccaceae|g__|s__|ASV_14979","ColaDeBallena - EsteroZacatecas","k__Bacteria|p__Pseudomonadota|c__Alphaproteobacteria|o__Rhodobacterales|f__Paracoccaceae|g__|s__|ASV_14979",0.00125983811524619,0.0150139298015746,0.000249742532982582,0.0020163078635751,0.0150139298015746,"*","ALDEx2_kw"
"k__Bacteria|p__Actinomycetota|c__Actinobacteria|o__Nitriliruptorales|f__Nitriliruptoraceae|g__|s__|ASV_7144","ColaDeBallena - EsteroZacatecas","k__Bacteria|p__Actinomycetota|c__Actinobacteria|o__Nitriliruptorales|f__Nitriliruptoraceae|g__|s__|ASV_7144",0.136544245515627,0.259828105509178,0.102536698247845,0.197020714113687,0.259828105509178,"","ALDEx2_kw"
"k__Bacteria|p__Actinomycetota|c__Actinobacteria|o__Nitriliruptorales|f__Nitriliruptoraceae|g__|s__|ASV_11633","ColaDeBallena - EsteroZacatecas","k__Bacteria|p__Actinomycetota|c__Actinobacteria|o__Nitriliruptorales|f__Nitriliruptoraceae|g__|s__|ASV_11633",0.66140932837049,0.755133018756921,0.785291961688623,0.845409818856887,0.755133018756921,"","ALDEx2_kw"
"k__Bacteria|p__Actinomycetota|c__Rubrobacteria|o__Rubrobacterales|f__Rubrobacteriaceae|g__Rubrobacter|s__|ASV_10060","ColaDeBallena - EsteroZacatecas","k__Bacteria|p__Actinomycetota|c__Rubrobacteria|o__Rubrobacterales|f__Rubrobacteriaceae|g__Rubrobacter|s__|ASV_10060",0.684283689827458,0.767999425385583,0.569588213071392,0.668661855253033,0.767999425385583,"","ALDEx2_kw"
"k__Bacteria|p__Rhodothermota|c__Rhodothermia|o__Rhodothermales|f__Rhodothermaceae|g__|s__|ASV_5842","ColaDeBallena - EsteroZacatecas","k__Bacteria|p__Rhodothermota|c__Rhodothermia|o__Rhodothermales|f__Rhodothermaceae|g__|s__|ASV_5842",0.212134869883121,0.347271889172149,0.250047436678977,0.369206181490793,0.347271889172149,"","ALDEx2_kw"
"k__Bacteria|p__Rhodothermota|c__Rhodothermia|o__Rhodothermales|f__Rhodothermaceae|g__|s__|ASV_11225","ColaDeBallena - EsteroZacatecas","k__Bacteria|p__Rhodothermota|c__Rhodothermia|o__Rhodothermales|f__Rhodothermaceae|g__|s__|ASV_11225",0.863813586981814,0.902614404374646,0.702349646820037,0.778731641767596,0.902614404374646,"","ALDEx2_kw"
"k__Bacteria|p__Rhodothermota|c__Rhodothermia|o__Rhodothermales|f__Rhodothermaceae|g__|s__|ASV_12652","ColaDeBallena - EsteroZacatecas","k__Bacteria|p__Rhodothermota|c__Rhodothermia|o__Rhodothermales|f__Rhodothermaceae|g__|s__|ASV_12652",0.728561414660458,0.804251494689361,0.642592973104354,0.730154056983484,0.804251494689361,"","ALDEx2_kw"
"k__Bacteria|p__Rhodothermota|c__Rhodothermia|o__Rhodothermales|f__Rhodothermaceae|g__|s__|ASV_8456","ColaDeBallena - EsteroZacatecas","k__Bacteria|p__Rhodothermota|c__Rhodothermia|o__Rhodothermales|f__Rhodothermaceae|g__|s__|ASV_8456",0.168159442931683,0.297139193853056,0.0914510643918009,0.185831759717885,0.297139193853056,"","ALDEx2_kw"
"k__Bacteria|p__Rhodothermota|c__Rhodothermia|o__Rhodothermales|f__Rhodothermaceae|g__Rubrivirga|s__|ASV_7122","ColaDeBallena - EsteroZacatecas","k__Bacteria|p__Rhodothermota|c__Rhodothermia|o__Rhodothermales|f__Rhodothermaceae|g__Rubrivirga|s__|ASV_7122",0.697407878492857,0.777898790266838,0.734070052628697,0.803376692295263,0.777898790266838,"","ALDEx2_kw"
"k__Bacteria|p__Bacteroidota|c__Bacteroidia|o__Flavobacteriales|f__Flavobacteriaceae|g__|s__|ASV_7083","ColaDeBallena - EsteroZacatecas","k__Bacteria|p__Bacteroidota|c__Bacteroidia|o__Flavobacteriales|f__Flavobacteriaceae|g__|s__|ASV_7083",0.843519751503543,0.88797700497399,0.647261457759589,0.738684588524131,0.88797700497399,"","ALDEx2_kw"
"k__Bacteria|p__Actinomycetota|c__Actinobacteria|o__Nitriliruptorales|f__Nitriliruptoraceae|g__|s__|ASV_15235","ColaDeBallena - EsteroZacatecas","k__Bacteria|p__Actinomycetota|c__Actinobacteria|o__Nitriliruptorales|f__Nitriliruptoraceae|g__|s__|ASV_15235",0.378571632193581,0.515161428552029,0.722413018281479,0.795696931061511,0.515161428552029,"","ALDEx2_kw"
"k__Bacteria|p__Pseudomonadota|c__Alphaproteobacteria|o__Sphingomonadales|f__Sphingomonadaceae|g__Pacificimonas|s__|ASV_12382","ColaDeBallena - EsteroZacatecas","k__Bacteria|p__Pseudomonadota|c__Alphaproteobacteria|o__Sphingomonadales|f__Sphingomonadaceae|g__Pacificimonas|s__|ASV_12382",0.189077651147771,0.322064001057107,0.273633730964907,0.390593975764481,0.322064001057107,"","ALDEx2_kw"
"k__Bacteria|p__Actinomycetota|c__Actinobacteria|o__Nitriliruptorales|f__Nitriliruptoraceae|g__|s__|ASV_10311","ColaDeBallena - EsteroZacatecas","k__Bacteria|p__Actinomycetota|c__Actinobacteria|o__Nitriliruptorales|f__Nitriliruptoraceae|g__|s__|ASV_10311",0.000924629616085175,0.0135056505292265,0.00196517753237382,0.0112966558746332,0.0135056505292265,"*","ALDEx2_kw"
"k__Bacteria|p__Thermodesulfobacteriota|c__Desulfobulbia|o__Desulfobulbales|f__Desulfocapsaceae|g__|s__|ASV_11131","ColaDeBallena - EsteroZacatecas","k__Bacteria|p__Thermodesulfobacteriota|c__Desulfobulbia|o__Desulfobulbales|f__Desulfocapsaceae|g__|s__|ASV_11131",0.0166230290705624,0.0680812918773665,0.00538691888506101,0.0270782422966926,0.0680812918773665,"","ALDEx2_kw"
"k__Bacteria|p__Actinomycetota|c__Acidimicrobiia|o__Microtrichales|f__Ilumatobacteraceae|g__Ilumatobacter|s__|ASV_249","ColaDeBallena - EsteroZacatecas","k__Bacteria|p__Actinomycetota|c__Acidimicrobiia|o__Microtrichales|f__Ilumatobacteraceae|g__Ilumatobacter|s__|ASV_249",0.859026897046736,0.898160660792746,0.755508041452325,0.822076425881733,0.898160660792746,"","ALDEx2_kw"
"k__Bacteria|p__Bacteroidota|c__Bacteroidia|o__Flavobacteriales|f__Flavobacteriaceae|g__Gramella|s__|ASV_12463","ColaDeBallena - EsteroZacatecas","k__Bacteria|p__Bacteroidota|c__Bacteroidia|o__Flavobacteriales|f__Flavobacteriaceae|g__Gramella|s__|ASV_12463",0.43565744541521,0.546188196135334,0.377188836763224,0.48252812154287,0.546188196135334,"","ALDEx2_kw"
"k__Bacteria|p__Pseudomonadota|c__Alphaproteobacteria|o__Rhodobacterales|f__Paracoccaceae|g__|s__|ASV_10445","ColaDeBallena - EsteroZacatecas","k__Bacteria|p__Pseudomonadota|c__Alphaproteobacteria|o__Rhodobacterales|f__Paracoccaceae|g__|s__|ASV_10445",3.22564145624377e-05,0.00398141997573617,5.25323371900014e-08,3.22478600957439e-06,0.00398141997573617,"**","ALDEx2_kw"
"k__Bacteria|p__Pseudomonadota|c__Gammaproteobacteria|o__Enterobacterales|f__Vibrionaceae|g__|s__|ASV_7934","ColaDeBallena - EsteroZacatecas","k__Bacteria|p__Pseudomonadota|c__Gammaproteobacteria|o__Enterobacterales|f__Vibrionaceae|g__|s__|ASV_7934",0.0354130716355541,0.103691160414443,0.040175567146942,0.0914245466951029,0.103691160414443,"","ALDEx2_kw"
"k__Bacteria|p__Pseudomonadota|c__Alphaproteobacteria|o__Rhodobacterales|f__Paracoccaceae|g__Limibaculum|s__|ASV_14872","ColaDeBallena - EsteroZacatecas","k__Bacteria|p__Pseudomonadota|c__Alphaproteobacteria|o__Rhodobacterales|f__Paracoccaceae|g__Limibaculum|s__|ASV_14872",0.113523259293701,0.229413272514462,0.0926689529392927,0.18700047011294,0.229413272514462,"","ALDEx2_kw"
"k__Bacteria|p__Actinomycetota|c__Rubrobacteria|o__Rubrobacterales|f__Rubrobacteriaceae|g__Rubrobacter|s__|ASV_15130","ColaDeBallena - EsteroZacatecas","k__Bacteria|p__Actinomycetota|c__Rubrobacteria|o__Rubrobacterales|f__Rubrobacteriaceae|g__Rubrobacter|s__|ASV_15130",0.00118608457033967,0.0140728202047431,0.000598278562935716,0.00396571212148689,0.0140728202047431,"*","ALDEx2_kw"
"k__Bacteria|p__Pseudomonadota|c__Alphaproteobacteria|o__|f__Neomegalonemataceae|g__Acuticoccus|s__|ASV_1266","ColaDeBallena - EsteroZacatecas","k__Bacteria|p__Pseudomonadota|c__Alphaproteobacteria|o__|f__Neomegalonemataceae|g__Acuticoccus|s__|ASV_1266",3.22564145624377e-05,0.00398141997573617,3.68702971508621e-07,1.17666303599935e-05,0.00398141997573617,"**","ALDEx2_kw"
"k__Bacteria|p__Deinococcota|c__Deinococci|o__Deinococcales|f__Trueperaceae|g__Truepera|s__|ASV_110","ColaDeBallena - EsteroZacatecas","k__Bacteria|p__Deinococcota|c__Deinococci|o__Deinococcales|f__Trueperaceae|g__Truepera|s__|ASV_110",0.0387927031299268,0.115074463936441,0.0298103944946946,0.0805411190122698,0.115074463936441,"","ALDEx2_kw"
"k__Bacteria|p__Bacteroidota|c__Bacteroidia|o__Chitinophagales|f__Saprospiraceae|g__Lewinella|s__|ASV_368","ColaDeBallena - EsteroZacatecas","k__Bacteria|p__Bacteroidota|c__Bacteroidia|o__Chitinophagales|f__Saprospiraceae|g__Lewinella|s__|ASV_368",0.00723846016264783,0.0409644620174121,0.00943167542680827,0.0330246932954122,0.0409644620174121,"*","ALDEx2_kw"
"k__Bacteria|p__Actinomycetota|c__Actinobacteria|o__Nitriliruptorales|f__Nitriliruptoraceae|g__|s__|ASV_13671","ColaDeBallena - EsteroZacatecas","k__Bacteria|p__Actinomycetota|c__Actinobacteria|o__Nitriliruptorales|f__Nitriliruptoraceae|g__|s__|ASV_13671",0.000154823600009049,0.00588776348448177,3.88666657886304e-06,9.01805022239266e-05,0.00588776348448177,"**","ALDEx2_kw"
"k__Bacteria|p__Actinomycetota|c__Actinobacteria|o__Nitriliruptorales|f__Nitriliruptoraceae|g__|s__|ASV_2255","ColaDeBallena - EsteroZacatecas","k__Bacteria|p__Actinomycetota|c__Actinobacteria|o__Nitriliruptorales|f__Nitriliruptoraceae|g__|s__|ASV_2255",0.162425404830146,0.290300393520704,0.215734897336115,0.325670247587952,0.290300393520704,"","ALDEx2_kw"
"k__Bacteria|p__Thermodesulfobacteriota|c__Desulfobulbia|o__Desulfobulbales|f__Desulfocapsaceae|g__|s__|ASV_15773","ColaDeBallena - EsteroZacatecas","k__Bacteria|p__Thermodesulfobacteriota|c__Desulfobulbia|o__Desulfobulbales|f__Desulfocapsaceae|g__|s__|ASV_15773",0.137891213169356,0.260970430644749,0.223002764423787,0.33865171947751,0.260970430644749,"","ALDEx2_kw"
"k__Bacteria|p__Pseudomonadota|c__Alphaproteobacteria|o__Hyphomicrobiales|f__Rhizobiaceae|g__Oricola|s__|ASV_1268","ColaDeBallena - EsteroZacatecas","k__Bacteria|p__Pseudomonadota|c__Alphaproteobacteria|o__Hyphomicrobiales|f__Rhizobiaceae|g__Oricola|s__|ASV_1268",0.0339603014997843,0.105124271929703,0.0338469855765045,0.0934724937373831,0.105124271929703,"","ALDEx2_kw"
"k__Bacteria|p__Pseudomonadota|c__Alphaproteobacteria|o__Caulobacterales|f__Parvularculaceae|g__Parvularcula|s__|ASV_6944","ColaDeBallena - EsteroZacatecas","k__Bacteria|p__Pseudomonadota|c__Alphaproteobacteria|o__Caulobacterales|f__Parvularculaceae|g__Parvularcula|s__|ASV_6944",0.728965017013519,0.802851066201405,0.668398336357824,0.75142206228436,0.802851066201405,"","ALDEx2_kw"
"k__Bacteria|p__Bacteroidota|c__Bacteroidia|o__Flavobacteriales|f__Flavobacteriaceae|g__Hoppeia|s__|ASV_9379","ColaDeBallena - EsteroZacatecas","k__Bacteria|p__Bacteroidota|c__Bacteroidia|o__Flavobacteriales|f__Flavobacteriaceae|g__Hoppeia|s__|ASV_9379",0.725002797780558,0.798334327327251,0.681501983953236,0.761314808091257,0.798334327327251,"","ALDEx2_kw"
"k__Bacteria|p__Pseudomonadota|c__Gammaproteobacteria|o__Pseudomonadales|f__Cellvibrionaceae|g__|s__|ASV_9855","ColaDeBallena - EsteroZacatecas","k__Bacteria|p__Pseudomonadota|c__Gammaproteobacteria|o__Pseudomonadales|f__Cellvibrionaceae|g__|s__|ASV_9855",0.0134484281943653,0.0524260645148977,0.00634703684467859,0.0232240267195696,0.0524260645148977,"","ALDEx2_kw"
"k__Bacteria|p__Cyanobacteriota|c__Cyanobacteriia|o__Cyanobacteriales|f__Xenococcaceae|g__Pleurocapsa_PCC-7319|s__|ASV_696","ColaDeBallena - EsteroZacatecas","k__Bacteria|p__Cyanobacteriota|c__Cyanobacteriia|o__Cyanobacteriales|f__Xenococcaceae|g__Pleurocapsa_PCC-7319|s__|ASV_696",0.000931640788439286,0.0125486151438034,0.000316486490510627,0.00212067907467513,0.0125486151438034,"*","ALDEx2_kw"
"k__Bacteria|p__Actinomycetota|c__Acidimicrobiia|o__Microtrichales|f__Ilumatobacteraceae|g__Ilumatobacter|s__|ASV_10265","ColaDeBallena - EsteroZacatecas","k__Bacteria|p__Actinomycetota|c__Acidimicrobiia|o__Microtrichales|f__Ilumatobacteraceae|g__Ilumatobacter|s__|ASV_10265",0.000179377515861505,0.00638535635287913,7.39379355997609e-05,0.000957998877723369,0.00638535635287913,"**","ALDEx2_kw"
"k__Bacteria|p__Pseudomonadota|c__Alphaproteobacteria|o__Sphingomonadales|f__Sphingomonadaceae|g__Sphingomicrobium|s__|ASV_429","ColaDeBallena - EsteroZacatecas","k__Bacteria|p__Pseudomonadota|c__Alphaproteobacteria|o__Sphingomonadales|f__Sphingomonadaceae|g__Sphingomicrobium|s__|ASV_429",0.388236069711479,0.519575096791226,0.510915543638415,0.618025269279365,0.519575096791226,"","ALDEx2_kw"
"k__Bacteria|p__Pseudomonadota|c__Alphaproteobacteria|o__Rhodobacterales|f__Paracoccaceae|g__Wenxinia|s__|ASV_8558","ColaDeBallena - EsteroZacatecas","k__Bacteria|p__Pseudomonadota|c__Alphaproteobacteria|o__Rhodobacterales|f__Paracoccaceae|g__Wenxinia|s__|ASV_8558",0.0187792906723923,0.0737469177282846,0.0295113511241216,0.078631448183518,0.0737469177282846,"","ALDEx2_kw"
"k__Bacteria|p__Pseudomonadota|c__Gammaproteobacteria|o__Chromatiales|f__Chromatiaceae|g__Thiohalocapsa|s__|ASV_3220","ColaDeBallena - EsteroZacatecas","k__Bacteria|p__Pseudomonadota|c__Gammaproteobacteria|o__Chromatiales|f__Chromatiaceae|g__Thiohalocapsa|s__|ASV_3220",0.00652229220152476,0.0365519225074073,0.00502489901448181,0.0168724236106139,0.0365519225074073,"*","ALDEx2_kw"
"k__Bacteria|p__Pseudomonadota|c__Alphaproteobacteria|o__Rhodobacterales|f__Paracoccaceae|g__Palleronia-Pseudomaribius|s__|ASV_11540","ColaDeBallena - EsteroZacatecas","k__Bacteria|p__Pseudomonadota|c__Alphaproteobacteria|o__Rhodobacterales|f__Paracoccaceae|g__Palleronia-Pseudomaribius|s__|ASV_11540",0.000222759372326633,0.00666111778468562,9.79101994454324e-05,0.00068291637850619,0.00666111778468562,"**","ALDEx2_kw"
"k__Bacteria|p__Actinomycetota|c__Actinobacteria|o__Nitriliruptorales|f__Nitriliruptoraceae|g__|s__|ASV_13518","ColaDeBallena - EsteroZacatecas","k__Bacteria|p__Actinomycetota|c__Actinobacteria|o__Nitriliruptorales|f__Nitriliruptoraceae|g__|s__|ASV_13518",0.227477189413884,0.357893706118378,0.450940148037489,0.56187476420273,0.357893706118378,"","ALDEx2_kw"
"k__Bacteria|p__Cyanobacteriota|c__Cyanobacteriia|o__Cyanobacteriales|f__Nostocaceae|g__Rivularia_PCC-7116|s__|ASV_13548","ColaDeBallena - EsteroZacatecas","k__Bacteria|p__Cyanobacteriota|c__Cyanobacteriia|o__Cyanobacteriales|f__Nostocaceae|g__Rivularia_PCC-7116|s__|ASV_13548",0.572357333236583,0.666851347843538,0.492472101044969,0.587532824551472,0.666851347843538,"","ALDEx2_kw"
"k__Bacteria|p__Pseudomonadota|c__Alphaproteobacteria|o__Sphingomonadales|f__Sphingomonadaceae|g__Sphingomicrobium|s__|ASV_5269","ColaDeBallena - EsteroZacatecas","k__Bacteria|p__Pseudomonadota|c__Alphaproteobacteria|o__Sphingomonadales|f__Sphingomonadaceae|g__Sphingomicrobium|s__|ASV_5269",0.00171051916625175,0.0183256491767432,0.0048751327955821,0.0177460243877166,0.0183256491767432,"*","ALDEx2_kw"
"k__Bacteria|p__Pseudomonadota|c__Alphaproteobacteria|o__Rhodobacterales|f__Paracoccaceae|g__|s__|ASV_1163","ColaDeBallena - EsteroZacatecas","k__Bacteria|p__Pseudomonadota|c__Alphaproteobacteria|o__Rhodobacterales|f__Paracoccaceae|g__|s__|ASV_1163",0.691278240984618,0.773986446433134,0.645922667773283,0.732333794963472,0.773986446433134,"","ALDEx2_kw"
"k__Bacteria|p__Pseudomonadota|c__Alphaproteobacteria|o__Sphingomonadales|f__Sphingomonadaceae|g__Sphingomicrobium|s__|ASV_3742","ColaDeBallena - EsteroZacatecas","k__Bacteria|p__Pseudomonadota|c__Alphaproteobacteria|o__Sphingomonadales|f__Sphingomonadaceae|g__Sphingomicrobium|s__|ASV_3742",0.0299315834454581,0.095426617237048,0.120240201269125,0.207595898222894,0.095426617237048,"","ALDEx2_kw"
"k__Bacteria|p__Actinomycetota|c__Actinobacteria|o__Euzebyales|f__Euzebyaceae|g__|s__|ASV_11651","ColaDeBallena - EsteroZacatecas","k__Bacteria|p__Actinomycetota|c__Actinobacteria|o__Euzebyales|f__Euzebyaceae|g__|s__|ASV_11651",0.207601448963478,0.331140294306322,0.213577166524976,0.318179703689688,0.331140294306322,"","ALDEx2_kw"
"k__Bacteria|p__Bacteroidota|c__Bacteroidia|o__Chitinophagales|f__Saprospiraceae|g__Lewinella|s__|ASV_6532","ColaDeBallena - EsteroZacatecas","k__Bacteria|p__Bacteroidota|c__Bacteroidia|o__Chitinophagales|f__Saprospiraceae|g__Lewinella|s__|ASV_6532",0.452216036132638,0.556555187896306,0.299367212221032,0.393650471528019,0.556555187896306,"","ALDEx2_kw"
"k__Bacteria|p__Pseudomonadota|c__Gammaproteobacteria|o__Enterobacterales|f__Pseudoalteromonadaceae|g__Pseudoalteromonas|s__|ASV_6090","ColaDeBallena - EsteroZacatecas","k__Bacteria|p__Pseudomonadota|c__Gammaproteobacteria|o__Enterobacterales|f__Pseudoalteromonadaceae|g__Pseudoalteromonas|s__|ASV_6090",0.0380103327937613,0.0970881640972568,0.0253698110002256,0.0580353731997045,0.0970881640972568,"","ALDEx2_kw"
"k__Bacteria|p__Pseudomonadota|c__Alphaproteobacteria|o__Rhodobacterales|f__Paracoccaceae|g__Hasllibacter|s__|ASV_260","ColaDeBallena - EsteroZacatecas","k__Bacteria|p__Pseudomonadota|c__Alphaproteobacteria|o__Rhodobacterales|f__Paracoccaceae|g__Hasllibacter|s__|ASV_260",0.0318440399272754,0.100142307669086,0.0297464114943471,0.0767589948779812,0.100142307669086,"","ALDEx2_kw"
"k__Bacteria|p__Pseudomonadota|c__Alphaproteobacteria|o__Rhodobacterales|f__Paracoccaceae|g__Maribius|s__|ASV_6628","ColaDeBallena - EsteroZacatecas","k__Bacteria|p__Pseudomonadota|c__Alphaproteobacteria|o__Rhodobacterales|f__Paracoccaceae|g__Maribius|s__|ASV_6628",0.189559438193191,0.313482755527188,0.228143965547832,0.338511175001754,0.313482755527188,"","ALDEx2_kw"
"k__Bacteria|p__Pseudomonadota|c__Alphaproteobacteria|o__Rhodobacterales|f__Paracoccaceae|g__Palleronia-Pseudomaribius|s__|ASV_12053","ColaDeBallena - EsteroZacatecas","k__Bacteria|p__Pseudomonadota|c__Alphaproteobacteria|o__Rhodobacterales|f__Paracoccaceae|g__Palleronia-Pseudomaribius|s__|ASV_12053",0.0108535452248041,0.0447857019592954,0.00281307578978891,0.0129286061985727,0.0447857019592954,"*","ALDEx2_kw"
"k__Bacteria|p__Pseudomonadota|c__Alphaproteobacteria|o__Sphingomonadales|f__Sphingomonadaceae|g__Novosphingobium|s__|ASV_15092","ColaDeBallena - EsteroZacatecas","k__Bacteria|p__Pseudomonadota|c__Alphaproteobacteria|o__Sphingomonadales|f__Sphingomonadaceae|g__Novosphingobium|s__|ASV_15092",0.000203231614392027,0.00666703827868074,0.000501804211929917,0.00519673578562849,0.00666703827868074,"**","ALDEx2_kw"
"k__Bacteria|p__Pseudomonadota|c__Alphaproteobacteria|o__Sphingomonadales|f__Sphingomonadaceae|g__Aurantiacibacter|s__|ASV_1062","ColaDeBallena - EsteroZacatecas","k__Bacteria|p__Pseudomonadota|c__Alphaproteobacteria|o__Sphingomonadales|f__Sphingomonadaceae|g__Aurantiacibacter|s__|ASV_1062",0.0063131024423018,0.0390482964868031,0.0170096135553609,0.0450119615979326,0.0390482964868031,"*","ALDEx2_kw"
"k__Bacteria|p__Pseudomonadota|c__Alphaproteobacteria|o__Rhodobacterales|f__Paracoccaceae|g__Wenxinia|s__|ASV_15944","ColaDeBallena - EsteroZacatecas","k__Bacteria|p__Pseudomonadota|c__Alphaproteobacteria|o__Rhodobacterales|f__Paracoccaceae|g__Wenxinia|s__|ASV_15944",3.29754768096535e-05,0.00398412103059254,1.19272380958602e-06,2.94237086322265e-05,0.00398412103059254,"**","ALDEx2_kw"
"k__Bacteria|p__Pseudomonadota|c__Alphaproteobacteria|o__Sphingomonadales|f__Sphingomonadaceae|g__Aurantiacibacter|s__|ASV_11060","ColaDeBallena - EsteroZacatecas","k__Bacteria|p__Pseudomonadota|c__Alphaproteobacteria|o__Sphingomonadales|f__Sphingomonadaceae|g__Aurantiacibacter|s__|ASV_11060",0.295565993556302,0.387818193405661,0.14876365870033,0.23122286382335,0.387818193405661,"","ALDEx2_kw"
"k__Bacteria|p__Chloroflexota|c__Anaerolineae|o__Aggregatilineales|f__A4b|g__|s__|ASV_15923","ColaDeBallena - EsteroZacatecas","k__Bacteria|p__Chloroflexota|c__Anaerolineae|o__Aggregatilineales|f__A4b|g__|s__|ASV_15923",0.209288282727025,0.337044941435582,0.148715745501151,0.258283676358405,0.337044941435582,"","ALDEx2_kw"
"k__Bacteria|p__Bacteroidota|c__Bacteroidia|o__Flavobacteriales|f__Flavobacteriaceae|g__Gramella|s__|ASV_14533","ColaDeBallena - EsteroZacatecas","k__Bacteria|p__Bacteroidota|c__Bacteroidia|o__Flavobacteriales|f__Flavobacteriaceae|g__Gramella|s__|ASV_14533",0.104965798870118,0.197989111727518,0.0528862619710751,0.104673998801347,0.197989111727518,"","ALDEx2_kw"
"k__Bacteria|p__Actinomycetota|c__Actinobacteria|o__Nitriliruptorales|f__Nitriliruptoraceae|g__|s__|ASV_12809","ColaDeBallena - EsteroZacatecas","k__Bacteria|p__Actinomycetota|c__Actinobacteria|o__Nitriliruptorales|f__Nitriliruptoraceae|g__|s__|ASV_12809",0.0774863324079957,0.171021550900962,0.143695380356453,0.243811568725211,0.171021550900962,"","ALDEx2_kw"
"k__Bacteria|p__Pseudomonadota|c__Alphaproteobacteria|o__Sphingomonadales|f__Sphingomonadaceae|g__Pacificimonas|s__|ASV_7328","ColaDeBallena - EsteroZacatecas","k__Bacteria|p__Pseudomonadota|c__Alphaproteobacteria|o__Sphingomonadales|f__Sphingomonadaceae|g__Pacificimonas|s__|ASV_7328",0.663917081435306,0.753645208078006,0.644180101365847,0.730344422581764,0.753645208078006,"","ALDEx2_kw"
"k__Bacteria|p__Actinomycetota|c__Acidimicrobiia|o__Microtrichales|f__Ilumatobacteraceae|g__Ilumatobacter|s__|ASV_9292","ColaDeBallena - EsteroZacatecas","k__Bacteria|p__Actinomycetota|c__Acidimicrobiia|o__Microtrichales|f__Ilumatobacteraceae|g__Ilumatobacter|s__|ASV_9292",0.0125246402830588,0.0514659294992385,0.00571691713158562,0.0206564502434755,0.0514659294992385,"","ALDEx2_kw"
"k__Bacteria|p__Bacteroidota|c__Bacteroidia|o__Chitinophagales|f__Saprospiraceae|g__Lewinella|s__|ASV_6892","ColaDeBallena - EsteroZacatecas","k__Bacteria|p__Bacteroidota|c__Bacteroidia|o__Chitinophagales|f__Saprospiraceae|g__Lewinella|s__|ASV_6892",0.833714735705493,0.880661079811391,0.688897679286336,0.769193857712234,0.880661079811391,"","ALDEx2_kw"
"k__Bacteria|p__Pseudomonadota|c__Alphaproteobacteria|o__Sphingomonadales|f__Sphingomonadaceae|g__|s__|ASV_526","ColaDeBallena - EsteroZacatecas","k__Bacteria|p__Pseudomonadota|c__Alphaproteobacteria|o__Sphingomonadales|f__Sphingomonadaceae|g__|s__|ASV_526",0.0406264010546405,0.117272474458937,0.0495004338702547,0.115466276352837,0.117272474458937,"","ALDEx2_kw"
"k__Bacteria|p__Bacteroidota|c__Bacteroidia|o__Cytophagales|f__Cyclobacteriaceae|g__Fulvivirga|s__|ASV_2236","ColaDeBallena - EsteroZacatecas","k__Bacteria|p__Bacteroidota|c__Bacteroidia|o__Cytophagales|f__Cyclobacteriaceae|g__Fulvivirga|s__|ASV_2236",0.00320085265414556,0.0258298500579936,0.0122640585699264,0.0368293176912776,0.0258298500579936,"*","ALDEx2_kw"
"k__Bacteria|p__Actinomycetota|c__Actinobacteria|o__Frankiales|f__Sporichthyaceae|g__Sporichthya|s__|ASV_3678","ColaDeBallena - EsteroZacatecas","k__Bacteria|p__Actinomycetota|c__Actinobacteria|o__Frankiales|f__Sporichthyaceae|g__Sporichthya|s__|ASV_3678",0.57624823058973,0.672430426194066,0.589289111140895,0.679870697253188,0.672430426194066,"","ALDEx2_kw"
"k__Bacteria|p__Bacteroidota|c__Bacteroidia|o__Cytophagales|f__Cyclobacteriaceae|g__Tunicatimonas|s__|ASV_5667","ColaDeBallena - EsteroZacatecas","k__Bacteria|p__Bacteroidota|c__Bacteroidia|o__Cytophagales|f__Cyclobacteriaceae|g__Tunicatimonas|s__|ASV_5667",0.0205295885459415,0.0773056755793216,0.0151758615259548,0.0501993630782638,0.0773056755793216,"","ALDEx2_kw"
"k__Bacteria|p__Pseudomonadota|c__Alphaproteobacteria|o__Sphingomonadales|f__Sphingomonadaceae|g__|s__|ASV_13522","ColaDeBallena - EsteroZacatecas","k__Bacteria|p__Pseudomonadota|c__Alphaproteobacteria|o__Sphingomonadales|f__Sphingomonadaceae|g__|s__|ASV_13522",0.54039438540632,0.65365754189866,0.655685812592082,0.738915221714056,0.65365754189866,"","ALDEx2_kw"
"k__Bacteria|p__Rhodothermota|c__Rhodothermia|o__Rhodothermales|f__Rhodothermaceae|g__Rubrivirga|s__|ASV_3298","ColaDeBallena - EsteroZacatecas","k__Bacteria|p__Rhodothermota|c__Rhodothermia|o__Rhodothermales|f__Rhodothermaceae|g__Rubrivirga|s__|ASV_3298",0.0626184953844353,0.143454053922049,0.0685651468428343,0.133173722779145,0.143454053922049,"","ALDEx2_kw"
"k__Bacteria|p__Actinomycetota|c__Actinobacteria|o__Mycobacteriales|f__Mycobacteriaceae|g__Mycobacterium|s__|ASV_6684","ColaDeBallena - EsteroZacatecas","k__Bacteria|p__Actinomycetota|c__Actinobacteria|o__Mycobacteriales|f__Mycobacteriaceae|g__Mycobacterium|s__|ASV_6684",0.276192640600582,0.407936361806524,0.202237317645905,0.305894137324006,0.407936361806524,"","ALDEx2_kw"
"k__Bacteria|p__Pseudomonadota|c__Alphaproteobacteria|o__Rhodobacterales|f__Paracoccaceae|g__Palleronia-Pseudomaribius|s__|ASV_10171","ColaDeBallena - EsteroZacatecas","k__Bacteria|p__Pseudomonadota|c__Alphaproteobacteria|o__Rhodobacterales|f__Paracoccaceae|g__Palleronia-Pseudomaribius|s__|ASV_10171",0.0549264742590015,0.121059141175114,0.017668060144313,0.0471421035547034,0.121059141175114,"","ALDEx2_kw"
"k__Bacteria|p__Pseudomonadota|c__Alphaproteobacteria|o__Rhodobacterales|f__Paracoccaceae|g__|s__|ASV_12829","ColaDeBallena - EsteroZacatecas","k__Bacteria|p__Pseudomonadota|c__Alphaproteobacteria|o__Rhodobacterales|f__Paracoccaceae|g__|s__|ASV_12829",0.244738279248546,0.380237117407778,0.257998356960909,0.372468485370907,0.380237117407778,"","ALDEx2_kw"
"k__Bacteria|p__Bacteroidota|c__Bacteroidia|o__Chitinophagales|f__Saprospiraceae|g__|s__|ASV_949","ColaDeBallena - EsteroZacatecas","k__Bacteria|p__Bacteroidota|c__Bacteroidia|o__Chitinophagales|f__Saprospiraceae|g__|s__|ASV_949",0.317020084834233,0.423771879324829,0.183430434211931,0.27040831607424,0.423771879324829,"","ALDEx2_kw"
"k__Bacteria|p__Pseudomonadota|c__Alphaproteobacteria|o__Sphingomonadales|f__Sphingomonadaceae|g__Pacificimonas|s__|ASV_11209","ColaDeBallena - EsteroZacatecas","k__Bacteria|p__Pseudomonadota|c__Alphaproteobacteria|o__Sphingomonadales|f__Sphingomonadaceae|g__Pacificimonas|s__|ASV_11209",8.8767482360882e-05,0.00497525619841601,0.000404681504629199,0.00340087531417847,0.00497525619841601,"**","ALDEx2_kw"
"k__Bacteria|p__Cyanobacteriota|c__Cyanobacteriia|o__Phormidesmiales|f__Phormidesmiaceae|g__Acrophormium_PCC-7375|s__|ASV_6130","ColaDeBallena - EsteroZacatecas","k__Bacteria|p__Cyanobacteriota|c__Cyanobacteriia|o__Phormidesmiales|f__Phormidesmiaceae|g__Acrophormium_PCC-7375|s__|ASV_6130",0.0150963504318664,0.0571831447767622,0.0101661976770862,0.0305305627194346,0.0571831447767622,"","ALDEx2_kw"
"k__Bacteria|p__Actinomycetota|c__Actinobacteria|o__Euzebyales|f__Euzebyaceae|g__|s__|ASV_7017","ColaDeBallena - EsteroZacatecas","k__Bacteria|p__Actinomycetota|c__Actinobacteria|o__Euzebyales|f__Euzebyaceae|g__|s__|ASV_7017",0.640457652787574,0.729084951273437,0.709513890257719,0.784316197303837,0.729084951273437,"","ALDEx2_kw"
"k__Bacteria|p__Pseudomonadota|c__Gammaproteobacteria|o__Pseudomonadales|f__Marinobacteraceae|g__Marinobacter|s__|ASV_10962","ColaDeBallena - EsteroZacatecas","k__Bacteria|p__Pseudomonadota|c__Gammaproteobacteria|o__Pseudomonadales|f__Marinobacteraceae|g__Marinobacter|s__|ASV_10962",0.0371608315923821,0.109073310672245,0.0387221371051867,0.0906845387325275,0.109073310672245,"","ALDEx2_kw"
"k__Bacteria|p__Bacteroidota|c__Bacteroidia|o__Cytophagales|f__Cyclobacteriaceae|g__Fulvivirga|s__|ASV_9556","ColaDeBallena - EsteroZacatecas","k__Bacteria|p__Bacteroidota|c__Bacteroidia|o__Cytophagales|f__Cyclobacteriaceae|g__Fulvivirga|s__|ASV_9556",0.727785509318475,0.801167906836833,0.531551489021037,0.637442316060386,0.801167906836833,"","ALDEx2_kw"
"k__Bacteria|p__Cyanobacteriota|c__Cyanobacteriia|o__Cyanobacteriales|f__Xenococcaceae|g__Gloeocapsopsis_BDHKU_35101|s__|ASV_16008","ColaDeBallena - EsteroZacatecas","k__Bacteria|p__Cyanobacteriota|c__Cyanobacteriia|o__Cyanobacteriales|f__Xenococcaceae|g__Gloeocapsopsis_BDHKU_35101|s__|ASV_16008",0.111288765061958,0.201738271449409,0.0705698563313724,0.128991189387004,0.201738271449409,"","ALDEx2_kw"
"k__Bacteria|p__Pseudomonadota|c__Alphaproteobacteria|o__Sphingomonadales|f__Sphingomonadaceae|g__|s__|ASV_2700","ColaDeBallena - EsteroZacatecas","k__Bacteria|p__Pseudomonadota|c__Alphaproteobacteria|o__Sphingomonadales|f__Sphingomonadaceae|g__|s__|ASV_2700",0.748456127724566,0.814992072909576,0.717789722818383,0.790248741888231,0.814992072909576,"","ALDEx2_kw"
"k__Bacteria|p__Actinomycetota|c__Acidimicrobiia|o__Microtrichales|f__Iamiaceae|g__Iamia|s__|ASV_5513","ColaDeBallena - EsteroZacatecas","k__Bacteria|p__Actinomycetota|c__Acidimicrobiia|o__Microtrichales|f__Iamiaceae|g__Iamia|s__|ASV_5513",0.215107876249022,0.352835415390228,0.0629531427024257,0.139929478319821,0.352835415390228,"","ALDEx2_kw"
"k__Bacteria|p__Bacteroidota|c__Bacteroidia|o__Flavobacteriales|f__Flavobacteriaceae|g__Gramella|s__|ASV_536","ColaDeBallena - EsteroZacatecas","k__Bacteria|p__Bacteroidota|c__Bacteroidia|o__Flavobacteriales|f__Flavobacteriaceae|g__Gramella|s__|ASV_536",0.408216023426184,0.519722468438606,0.333596694267018,0.435558112605488,0.519722468438606,"","ALDEx2_kw"
"k__Bacteria|p__Bacteroidota|c__Bacteroidia|o__Cytophagales|f__Cyclobacteriaceae|g__Tunicatimonas|s__|ASV_7636","ColaDeBallena - EsteroZacatecas","k__Bacteria|p__Bacteroidota|c__Bacteroidia|o__Cytophagales|f__Cyclobacteriaceae|g__Tunicatimonas|s__|ASV_7636",0.000167256053911393,0.00599610741440401,1.81458013317065e-05,0.000277438948305076,0.00599610741440401,"**","ALDEx2_kw"
"k__Bacteria|p__Pseudomonadota|c__Alphaproteobacteria|o__Sphingomonadales|f__Sphingomonadaceae|g__Croceibacterium|s__|ASV_4564","ColaDeBallena - EsteroZacatecas","k__Bacteria|p__Pseudomonadota|c__Alphaproteobacteria|o__Sphingomonadales|f__Sphingomonadaceae|g__Croceibacterium|s__|ASV_4564",0.000358528353393075,0.00839264956024394,0.0037205707991159,0.0149063412977463,0.00839264956024394,"**","ALDEx2_kw"
"k__Bacteria|p__Bacteroidota|c__Bacteroidia|o__Cytophagales|f__Cyclobacteriaceae|g__Tunicatimonas|s__|ASV_1480","ColaDeBallena - EsteroZacatecas","k__Bacteria|p__Bacteroidota|c__Bacteroidia|o__Cytophagales|f__Cyclobacteriaceae|g__Tunicatimonas|s__|ASV_1480",0.000219680323996946,0.00666807763944703,4.92481031615837e-05,0.00059164669630697,0.00666807763944703,"**","ALDEx2_kw"
"k__Bacteria|p__Actinomycetota|c__Actinobacteria|o__Nitriliruptorales|f__Nitriliruptoraceae|g__|s__|ASV_3706","ColaDeBallena - EsteroZacatecas","k__Bacteria|p__Actinomycetota|c__Actinobacteria|o__Nitriliruptorales|f__Nitriliruptoraceae|g__|s__|ASV_3706",0.00314537848062973,0.0252686528641176,0.00563153233769671,0.0210146572977724,0.0252686528641176,"*","ALDEx2_kw"
"k__Bacteria|p__Actinomycetota|c__Acidimicrobiia|o__Microtrichales|f__Ilumatobacteraceae|g__Ilumatobacter|s__|ASV_7004","ColaDeBallena - EsteroZacatecas","k__Bacteria|p__Actinomycetota|c__Acidimicrobiia|o__Microtrichales|f__Ilumatobacteraceae|g__Ilumatobacter|s__|ASV_7004",0.00620049742444243,0.0385077287359944,0.00787248586567271,0.0313140086609844,0.0385077287359944,"*","ALDEx2_kw"
"k__Bacteria|p__Actinomycetota|c__Acidimicrobiia|o__Microtrichales|f__Ilumatobacteraceae|g__Ilumatobacter|s__|ASV_3237","ColaDeBallena - EsteroZacatecas","k__Bacteria|p__Actinomycetota|c__Acidimicrobiia|o__Microtrichales|f__Ilumatobacteraceae|g__Ilumatobacter|s__|ASV_3237",0.0872571809104958,0.186957589337027,0.0629048927321063,0.129112501106107,0.186957589337027,"","ALDEx2_kw"
"k__Bacteria|p__Myxococcota|c__Polyangiia|o__Polyangiales|f__Sandaracinaceae|g__|s__|ASV_14312","ColaDeBallena - EsteroZacatecas","k__Bacteria|p__Myxococcota|c__Polyangiia|o__Polyangiales|f__Sandaracinaceae|g__|s__|ASV_14312",0.0418649787348607,0.103871137848315,0.0131270005742337,0.0400200929334971,0.103871137848315,"","ALDEx2_kw"
"k__Bacteria|p__Pseudomonadota|c__Alphaproteobacteria|o__Rhodobacterales|f__Paracoccaceae|g__Silicimonas|s__|ASV_15668","ColaDeBallena - EsteroZacatecas","k__Bacteria|p__Pseudomonadota|c__Alphaproteobacteria|o__Rhodobacterales|f__Paracoccaceae|g__Silicimonas|s__|ASV_15668",0.0190828955045043,0.0671549674903784,0.0266584607710722,0.0672037402745338,0.0671549674903784,"","ALDEx2_kw"
"k__Bacteria|p__Rhodothermota|c__Rhodothermia|o__Rhodothermales|f__Rhodothermaceae|g__Rubricoccus|s__|ASV_7519","ColaDeBallena - EsteroZacatecas","k__Bacteria|p__Rhodothermota|c__Rhodothermia|o__Rhodothermales|f__Rhodothermaceae|g__Rubricoccus|s__|ASV_7519",0.016934594140412,0.0691359299613937,0.0065400345839079,0.027799577624611,0.0691359299613937,"","ALDEx2_kw"
"k__Bacteria|p__Actinomycetota|c__Acidimicrobiia|o__Microtrichales|f__Ilumatobacteraceae|g__Ilumatobacter|s__|ASV_10344","ColaDeBallena - EsteroZacatecas","k__Bacteria|p__Actinomycetota|c__Acidimicrobiia|o__Microtrichales|f__Ilumatobacteraceae|g__Ilumatobacter|s__|ASV_10344",0.000109253119358401,0.00529483834711765,0.00014950250505898,0.00210699471340476,0.00529483834711765,"**","ALDEx2_kw"
"k__Bacteria|p__Bacteroidota|c__Bacteroidia|o__Chitinophagales|f__Saprospiraceae|g__|s__|ASV_13366","ColaDeBallena - EsteroZacatecas","k__Bacteria|p__Bacteroidota|c__Bacteroidia|o__Chitinophagales|f__Saprospiraceae|g__|s__|ASV_13366",0.72523076667205,0.798334061029053,0.696243117322304,0.773338225522222,0.798334061029053,"","ALDEx2_kw"
"k__Bacteria|p__Bacteroidota|c__Bacteroidia|o__Cytophagales|f__Cyclobacteriaceae|g__Tunicatimonas|s__|ASV_2727","ColaDeBallena - EsteroZacatecas","k__Bacteria|p__Bacteroidota|c__Bacteroidia|o__Cytophagales|f__Cyclobacteriaceae|g__Tunicatimonas|s__|ASV_2727",0.465477044741372,0.56620190775845,0.321896049839066,0.420347880897369,0.56620190775845,"","ALDEx2_kw"
"k__Bacteria|p__Rhodothermota|c__Rhodothermia|o__Rhodothermales|f__Rhodothermaceae|g__Rubrivirga|s__|ASV_4932","ColaDeBallena - EsteroZacatecas","k__Bacteria|p__Rhodothermota|c__Rhodothermia|o__Rhodothermales|f__Rhodothermaceae|g__Rubrivirga|s__|ASV_4932",3.37962111238137e-05,0.00399129206719664,2.57119515250566e-06,5.99843100379013e-05,0.00399129206719664,"**","ALDEx2_kw"
"k__Bacteria|p__Pseudomonadota|c__Alphaproteobacteria|o__Rhodobacterales|f__Paracoccaceae|g__Actibacterium|s__|ASV_9665","ColaDeBallena - EsteroZacatecas","k__Bacteria|p__Pseudomonadota|c__Alphaproteobacteria|o__Rhodobacterales|f__Paracoccaceae|g__Actibacterium|s__|ASV_9665",0.00015275724438513,0.00577405014892254,2.48789796732147e-05,0.000289110750920066,0.00577405014892254,"**","ALDEx2_kw"
"k__Bacteria|p__Bacteroidota|c__Bacteroidia|o__Cytophagales|f__Cyclobacteriaceae|g__Tunicatimonas|s__|ASV_8388","ColaDeBallena - EsteroZacatecas","k__Bacteria|p__Bacteroidota|c__Bacteroidia|o__Cytophagales|f__Cyclobacteriaceae|g__Tunicatimonas|s__|ASV_8388",0.0398239229360391,0.104894123150498,0.0265422145957582,0.0572192194005282,0.104894123150498,"","ALDEx2_kw"
"k__Bacteria|p__Bacteroidota|c__Bacteroidia|o__Chitinophagales|f__Saprospiraceae|g__Lewinella|s__|ASV_3307","ColaDeBallena - EsteroZacatecas","k__Bacteria|p__Bacteroidota|c__Bacteroidia|o__Chitinophagales|f__Saprospiraceae|g__Lewinella|s__|ASV_3307",0.0314383131817137,0.0894249422778394,0.0287690500724665,0.0678579441385112,0.0894249422778394,"","ALDEx2_kw"
"k__Bacteria|p__Cyanobacteriota|c__Cyanobacteriia|o__Cyanobacteriales|f__Xenococcaceae|g__Myxosarcina_GI1|s__|ASV_4818","ColaDeBallena - EsteroZacatecas","k__Bacteria|p__Cyanobacteriota|c__Cyanobacteriia|o__Cyanobacteriales|f__Xenococcaceae|g__Myxosarcina_GI1|s__|ASV_4818",0.615930030041298,0.709652883448215,0.552864689642248,0.651393861182678,0.709652883448215,"","ALDEx2_kw"
"k__Bacteria|p__Pseudomonadota|c__Alphaproteobacteria|o__Sphingomonadales|f__Sphingomonadaceae|g__Qipengyuania|s__|ASV_13211","ColaDeBallena - EsteroZacatecas","k__Bacteria|p__Pseudomonadota|c__Alphaproteobacteria|o__Sphingomonadales|f__Sphingomonadaceae|g__Qipengyuania|s__|ASV_13211",0.00426881699984068,0.0274424214008959,0.00136509899640729,0.00739118226369729,0.0274424214008959,"*","ALDEx2_kw"
"k__Bacteria|p__Bacteroidota|c__Bacteroidia|o__Cytophagales|f__Cyclobacteriaceae|g__Tunicatimonas|s__|ASV_8500","ColaDeBallena - EsteroZacatecas","k__Bacteria|p__Bacteroidota|c__Bacteroidia|o__Cytophagales|f__Cyclobacteriaceae|g__Tunicatimonas|s__|ASV_8500",3.94713923958245e-05,0.00403733027184345,2.41316143323217e-06,5.41812841855853e-05,0.00403733027184345,"**","ALDEx2_kw"
"k__Bacteria|p__Pseudomonadota|c__Alphaproteobacteria|o__Hyphomicrobiales|f__Rhizobiaceae|g__|s__|ASV_664","ColaDeBallena - EsteroZacatecas","k__Bacteria|p__Pseudomonadota|c__Alphaproteobacteria|o__Hyphomicrobiales|f__Rhizobiaceae|g__|s__|ASV_664",0.110760581004716,0.222038127925521,0.37139091210078,0.483987553170452,0.222038127925521,"","ALDEx2_kw"
"k__Bacteria|p__Rhodothermota|c__Rhodothermia|o__Rhodothermales|f__Rhodothermaceae|g__|s__|ASV_12658","ColaDeBallena - EsteroZacatecas","k__Bacteria|p__Rhodothermota|c__Rhodothermia|o__Rhodothermales|f__Rhodothermaceae|g__|s__|ASV_12658",0.764501842608595,0.828572835707157,0.660582195507071,0.743770856464408,0.828572835707157,"","ALDEx2_kw"
"k__Bacteria|p__Rhodothermota|c__Rhodothermia|o__Rhodothermales|f__Rhodothermaceae|g__|s__|ASV_8887","ColaDeBallena - EsteroZacatecas","k__Bacteria|p__Rhodothermota|c__Rhodothermia|o__Rhodothermales|f__Rhodothermaceae|g__|s__|ASV_8887",0.43122318386881,0.558920892833879,0.482031339340359,0.587470363933777,0.558920892833879,"","ALDEx2_kw"
"k__Bacteria|p__Actinomycetota|c__Actinobacteria|o__Propionibacteriales|f__Nocardioidaceae|g__Nocardioides|s__|ASV_13532","ColaDeBallena - EsteroZacatecas","k__Bacteria|p__Actinomycetota|c__Actinobacteria|o__Propionibacteriales|f__Nocardioidaceae|g__Nocardioides|s__|ASV_13532",0.0105856487964794,0.0453548719217867,0.00369824636191844,0.0152758385206936,0.0453548719217867,"*","ALDEx2_kw"
"k__Bacteria|p__Rhodothermota|c__Rhodothermia|o__Rhodothermales|f__Rhodothermaceae|g__Rubrivirga|s__|ASV_9879","ColaDeBallena - EsteroZacatecas","k__Bacteria|p__Rhodothermota|c__Rhodothermia|o__Rhodothermales|f__Rhodothermaceae|g__Rubrivirga|s__|ASV_9879",0.554931061838303,0.660579125785235,0.680916410825254,0.762660736007697,0.660579125785235,"","ALDEx2_kw"
"k__Bacteria|p__Bacteroidota|c__Bacteroidia|o__Chitinophagales|f__Saprospiraceae|g__Lewinella|s__|ASV_5784","ColaDeBallena - EsteroZacatecas","k__Bacteria|p__Bacteroidota|c__Bacteroidia|o__Chitinophagales|f__Saprospiraceae|g__Lewinella|s__|ASV_5784",0.208027466870607,0.310550225881222,0.144712228502005,0.226411710687539,0.310550225881222,"","ALDEx2_kw"
"k__Bacteria|p__Actinomycetota|c__Acidimicrobiia|o__Microtrichales|f__Ilumatobacteraceae|g__Ilumatobacter|s__|ASV_14205","ColaDeBallena - EsteroZacatecas","k__Bacteria|p__Actinomycetota|c__Acidimicrobiia|o__Microtrichales|f__Ilumatobacteraceae|g__Ilumatobacter|s__|ASV_14205",0.0727959375816599,0.167052918746856,0.221155264372609,0.326843883231377,0.167052918746856,"","ALDEx2_kw"
"k__Bacteria|p__Pseudomonadota|c__Gammaproteobacteria|o__Steroidobacterales|f__Woeseiaceae|g__Woeseia|s__|ASV_15820","ColaDeBallena - EsteroZacatecas","k__Bacteria|p__Pseudomonadota|c__Gammaproteobacteria|o__Steroidobacterales|f__Woeseiaceae|g__Woeseia|s__|ASV_15820",0.362199571100164,0.499897900755618,0.70518347989037,0.783861623708656,0.499897900755618,"","ALDEx2_kw"
"k__Bacteria|p__Campylobacterota|c__Campylobacteria|o__Campylobacterales|f__Sulfurovaceae|g__Sulfurovum|s__|ASV_3044","ColaDeBallena - EsteroZacatecas","k__Bacteria|p__Campylobacterota|c__Campylobacteria|o__Campylobacterales|f__Sulfurovaceae|g__Sulfurovum|s__|ASV_3044",0.116005079572631,0.210797192584338,0.0651700011835507,0.128106233255293,0.210797192584338,"","ALDEx2_kw"
"k__Bacteria|p__Pseudomonadota|c__Alphaproteobacteria|o__Sphingomonadales|f__Sphingomonadaceae|g__Sphingomicrobium|s__|ASV_14022","ColaDeBallena - EsteroZacatecas","k__Bacteria|p__Pseudomonadota|c__Alphaproteobacteria|o__Sphingomonadales|f__Sphingomonadaceae|g__Sphingomicrobium|s__|ASV_14022",0.580566612134336,0.684519121712207,0.715572830490826,0.789137474925313,0.684519121712207,"","ALDEx2_kw"
"k__Bacteria|p__Bacteroidota|c__Bacteroidia|o__Flavobacteriales|f__Flavobacteriaceae|g__Muricauda|s__|ASV_9281","ColaDeBallena - EsteroZacatecas","k__Bacteria|p__Bacteroidota|c__Bacteroidia|o__Flavobacteriales|f__Flavobacteriaceae|g__Muricauda|s__|ASV_9281",0.368994727239081,0.473075458611707,0.168578792005363,0.259724850822625,0.473075458611707,"","ALDEx2_kw"
"k__Bacteria|p__Rhodothermota|c__Rhodothermia|o__Rhodothermales|f__Rhodothermaceae|g__|s__|ASV_11484","ColaDeBallena - EsteroZacatecas","k__Bacteria|p__Rhodothermota|c__Rhodothermia|o__Rhodothermales|f__Rhodothermaceae|g__|s__|ASV_11484",0.00385913150572105,0.02777088468663,0.00533006936898007,0.020320350155176,0.02777088468663,"*","ALDEx2_kw"
"k__Bacteria|p__Myxococcota|c__Polyangiia|o__Polyangiales|f__Sandaracinaceae|g__|s__|ASV_5153","ColaDeBallena - EsteroZacatecas","k__Bacteria|p__Myxococcota|c__Polyangiia|o__Polyangiales|f__Sandaracinaceae|g__|s__|ASV_5153",0.274530820887202,0.401091295517603,0.226242693214956,0.331590636090286,0.401091295517603,"","ALDEx2_kw"
"k__Bacteria|p__Bacteroidota|c__Bacteroidia|o__Cytophagales|f__Cyclobacteriaceae|g__Tunicatimonas|s__|ASV_213","ColaDeBallena - EsteroZacatecas","k__Bacteria|p__Bacteroidota|c__Bacteroidia|o__Cytophagales|f__Cyclobacteriaceae|g__Tunicatimonas|s__|ASV_213",0.0323061966001162,0.0910291339250216,0.0221305011348467,0.0538003495454791,0.0910291339250216,"","ALDEx2_kw"
"k__Bacteria|p__Bacteroidota|c__Bacteroidia|o__Flavobacteriales|f__Flavobacteriaceae|g__Hoppeia|s__|ASV_2715","ColaDeBallena - EsteroZacatecas","k__Bacteria|p__Bacteroidota|c__Bacteroidia|o__Flavobacteriales|f__Flavobacteriaceae|g__Hoppeia|s__|ASV_2715",0.0356037779718199,0.102711339192599,0.0548388887212836,0.110671974967082,0.102711339192599,"","ALDEx2_kw"
"k__Bacteria|p__Pseudomonadota|c__Alphaproteobacteria|o__|f__Neomegalonemataceae|g__Acuticoccus|s__|ASV_5409","ColaDeBallena - EsteroZacatecas","k__Bacteria|p__Pseudomonadota|c__Alphaproteobacteria|o__|f__Neomegalonemataceae|g__Acuticoccus|s__|ASV_5409",0.0427579020177374,0.121391432252646,0.045995397636409,0.110854565405396,0.121391432252646,"","ALDEx2_kw"
"k__Bacteria|p__Pseudomonadota|c__Alphaproteobacteria|o__Sphingomonadales|f__Sphingomonadaceae|g__|s__|ASV_14191","ColaDeBallena - EsteroZacatecas","k__Bacteria|p__Pseudomonadota|c__Alphaproteobacteria|o__Sphingomonadales|f__Sphingomonadaceae|g__|s__|ASV_14191",0.30676660522919,0.441605341205728,0.286243014423719,0.394991504277744,0.441605341205728,"","ALDEx2_kw"
"k__Bacteria|p__Bacteroidota|c__Bacteroidia|o__Chitinophagales|f__Saprospiraceae|g__Lewinella|s__|ASV_4316","ColaDeBallena - EsteroZacatecas","k__Bacteria|p__Bacteroidota|c__Bacteroidia|o__Chitinophagales|f__Saprospiraceae|g__Lewinella|s__|ASV_4316",0.0124711549005471,0.0503101064967226,0.0152291313095983,0.0402063612160538,0.0503101064967226,"","ALDEx2_kw"
"k__Bacteria|p__Bacteroidota|c__Bacteroidia|o__Flavobacteriales|f__Blattabacteriaceae|g__Candidatus_Uzinura|s__|ASV_7089","ColaDeBallena - EsteroZacatecas","k__Bacteria|p__Bacteroidota|c__Bacteroidia|o__Flavobacteriales|f__Blattabacteriaceae|g__Candidatus_Uzinura|s__|ASV_7089",0.353333055905143,0.449035581268082,0.239047196484344,0.327850882659788,0.449035581268082,"","ALDEx2_kw"
"k__Bacteria|p__Pseudomonadota|c__Alphaproteobacteria|o__Hyphomicrobiales|f__Rhizobiaceae|g__Roseitalea|s__|ASV_2998","ColaDeBallena - EsteroZacatecas","k__Bacteria|p__Pseudomonadota|c__Alphaproteobacteria|o__Hyphomicrobiales|f__Rhizobiaceae|g__Roseitalea|s__|ASV_2998",0.193398101411631,0.294553223164394,0.120583413865053,0.188594151827826,0.294553223164394,"","ALDEx2_kw"
"k__Bacteria|p__Pseudomonadota|c__Alphaproteobacteria|o__Sphingomonadales|f__Sphingomonadaceae|g__Aurantiacibacter|s__|ASV_472","ColaDeBallena - EsteroZacatecas","k__Bacteria|p__Pseudomonadota|c__Alphaproteobacteria|o__Sphingomonadales|f__Sphingomonadaceae|g__Aurantiacibacter|s__|ASV_472",0.0602093181978778,0.147165195976651,0.24787876639571,0.352480053085817,0.147165195976651,"","ALDEx2_kw"
"k__Bacteria|p__Pseudomonadota|c__Alphaproteobacteria|o__Sphingomonadales|f__Sphingomonadaceae|g__Sphingomicrobium|s__|ASV_1202","ColaDeBallena - EsteroZacatecas","k__Bacteria|p__Pseudomonadota|c__Alphaproteobacteria|o__Sphingomonadales|f__Sphingomonadaceae|g__Sphingomicrobium|s__|ASV_1202",0.0915918857557101,0.176767226362824,0.0615381376677195,0.118839394701277,0.176767226362824,"","ALDEx2_kw"
"k__Bacteria|p__Pseudomonadota|c__Gammaproteobacteria|o__Salinisphaerales|f__Salinisphaeraceae|g__Salinisphaera|s__|ASV_136","ColaDeBallena - EsteroZacatecas","k__Bacteria|p__Pseudomonadota|c__Gammaproteobacteria|o__Salinisphaerales|f__Salinisphaeraceae|g__Salinisphaera|s__|ASV_136",0.22229718995574,0.350697473733173,0.307544277815406,0.417287866710624,0.350697473733173,"","ALDEx2_kw"
"k__Bacteria|p__Cyanobacteriota|c__Cyanobacteriia|o__Cyanobacteriales|f__Phormidiaceae|g__Arthrospira_PCC-7345|s__|ASV_8114","ColaDeBallena - EsteroZacatecas","k__Bacteria|p__Cyanobacteriota|c__Cyanobacteriia|o__Cyanobacteriales|f__Phormidiaceae|g__Arthrospira_PCC-7345|s__|ASV_8114",0.110521028215275,0.205497351864286,0.0729589664497129,0.139324017335008,0.205497351864286,"","ALDEx2_kw"
"k__Bacteria|p__Pseudomonadota|c__Alphaproteobacteria|o__Sphingomonadales|f__Sphingomonadaceae|g__Croceibacterium|s__|ASV_4092","ColaDeBallena - EsteroZacatecas","k__Bacteria|p__Pseudomonadota|c__Alphaproteobacteria|o__Sphingomonadales|f__Sphingomonadaceae|g__Croceibacterium|s__|ASV_4092",0.000685707363966419,0.0105786464876732,0.000122846611740909,0.00137991418225229,0.0105786464876732,"*","ALDEx2_kw"
"k__Bacteria|p__Pseudomonadota|c__Alphaproteobacteria|o__Rhodobacterales|f__Paracoccaceae|g__Limibaculum|s__|ASV_361","ColaDeBallena - EsteroZacatecas","k__Bacteria|p__Pseudomonadota|c__Alphaproteobacteria|o__Rhodobacterales|f__Paracoccaceae|g__Limibaculum|s__|ASV_361",0.516777157191707,0.623884952690183,0.504343318482406,0.603889450930527,0.623884952690183,"","ALDEx2_kw"
"k__Bacteria|p__Bacteroidota|c__Bacteroidia|o__Flavobacteriales|f__Flavobacteriaceae|g__|s__|ASV_6125","ColaDeBallena - EsteroZacatecas","k__Bacteria|p__Bacteroidota|c__Bacteroidia|o__Flavobacteriales|f__Flavobacteriaceae|g__|s__|ASV_6125",0.521033642237317,0.63920656068191,0.655221055950344,0.738732558717832,0.63920656068191,"","ALDEx2_kw"
"k__Bacteria|p__Pseudomonadota|c__Alphaproteobacteria|o__Sphingomonadales|f__Sphingomonadaceae|g__Qipengyuania|s__|ASV_13971","ColaDeBallena - EsteroZacatecas","k__Bacteria|p__Pseudomonadota|c__Alphaproteobacteria|o__Sphingomonadales|f__Sphingomonadaceae|g__Qipengyuania|s__|ASV_13971",0.0991412675770121,0.184130474503131,0.0651679800336281,0.119193912684789,0.184130474503131,"","ALDEx2_kw"
"k__Bacteria|p__Actinomycetota|c__Actinobacteria|o__Propionibacteriales|f__Nocardioidaceae|g__Nocardioides|s__|ASV_15626","ColaDeBallena - EsteroZacatecas","k__Bacteria|p__Actinomycetota|c__Actinobacteria|o__Propionibacteriales|f__Nocardioidaceae|g__Nocardioides|s__|ASV_15626",0.087247129604216,0.177179068890686,0.0660670431945561,0.132658150225569,0.177179068890686,"","ALDEx2_kw"
"k__Bacteria|p__Bacteroidota|c__Bacteroidia|o__Cytophagales|f__Cyclobacteriaceae|g__Tunicatimonas|s__|ASV_15837","ColaDeBallena - EsteroZacatecas","k__Bacteria|p__Bacteroidota|c__Bacteroidia|o__Cytophagales|f__Cyclobacteriaceae|g__Tunicatimonas|s__|ASV_15837",0.00786043664033298,0.0407186665135262,0.0116618243149673,0.0376720561674659,0.0407186665135262,"*","ALDEx2_kw"
"k__Bacteria|p__Pseudomonadota|c__Alphaproteobacteria|o__Rhodobacterales|f__Paracoccaceae|g__Actibacterium|s__|ASV_137","ColaDeBallena - EsteroZacatecas","k__Bacteria|p__Pseudomonadota|c__Alphaproteobacteria|o__Rhodobacterales|f__Paracoccaceae|g__Actibacterium|s__|ASV_137",0.000216784236750519,0.00668248548483236,2.70325845935589e-05,0.000388789506722239,0.00668248548483236,"**","ALDEx2_kw"
"k__Bacteria|p__Pseudomonadota|c__Gammaproteobacteria|o__Enterobacterales|f__Alteromonadaceae|g__Alteromonas|s__|ASV_12422","ColaDeBallena - EsteroZacatecas","k__Bacteria|p__Pseudomonadota|c__Gammaproteobacteria|o__Enterobacterales|f__Alteromonadaceae|g__Alteromonas|s__|ASV_12422",0.187997763736259,0.291582429406771,0.112384711140371,0.182081840312776,0.291582429406771,"","ALDEx2_kw"
"k__Bacteria|p__Pseudomonadota|c__Alphaproteobacteria|o__Rhodobacterales|f__Paracoccaceae|g__Palleronia-Pseudomaribius|s__|ASV_3213","ColaDeBallena - EsteroZacatecas","k__Bacteria|p__Pseudomonadota|c__Alphaproteobacteria|o__Rhodobacterales|f__Paracoccaceae|g__Palleronia-Pseudomaribius|s__|ASV_3213",0.0606930463741043,0.129614070052518,0.0218576338842192,0.0555412316544468,0.129614070052518,"","ALDEx2_kw"
"k__Bacteria|p__Actinomycetota|c__Actinobacteria|o__Nitriliruptorales|f__Nitriliruptoraceae|g__|s__|ASV_3062","ColaDeBallena - EsteroZacatecas","k__Bacteria|p__Actinomycetota|c__Actinobacteria|o__Nitriliruptorales|f__Nitriliruptoraceae|g__|s__|ASV_3062",0.0194140735268591,0.0645451977250953,0.0111620852438607,0.0291994003088793,0.0645451977250953,"","ALDEx2_kw"
"k__Bacteria|p__Pseudomonadota|c__Alphaproteobacteria|o__Hyphomicrobiales|f__Rhizobiaceae|g__Aurantimonas|s__|ASV_12613","ColaDeBallena - EsteroZacatecas","k__Bacteria|p__Pseudomonadota|c__Alphaproteobacteria|o__Hyphomicrobiales|f__Rhizobiaceae|g__Aurantimonas|s__|ASV_12613",0.0917562852826042,0.196617820006143,0.106043986989521,0.192086848249657,0.196617820006143,"","ALDEx2_kw"
"k__Bacteria|p__Pseudomonadota|c__Alphaproteobacteria|o__Sphingomonadales|f__Sphingomonadaceae|g__|s__|ASV_4279","ColaDeBallena - EsteroZacatecas","k__Bacteria|p__Pseudomonadota|c__Alphaproteobacteria|o__Sphingomonadales|f__Sphingomonadaceae|g__|s__|ASV_4279",0.0326214585002916,0.0930222015915614,0.021555552647529,0.0532539823629674,0.0930222015915614,"","ALDEx2_kw"
"k__Bacteria|p__Actinomycetota|c__Actinobacteria|o__Nitriliruptorales|f__Nitriliruptoraceae|g__|s__|ASV_9881","ColaDeBallena - EsteroZacatecas","k__Bacteria|p__Actinomycetota|c__Actinobacteria|o__Nitriliruptorales|f__Nitriliruptoraceae|g__|s__|ASV_9881",0.277743791756504,0.398029994546554,0.304830410680426,0.412331487482212,0.398029994546554,"","ALDEx2_kw"
"k__Bacteria|p__Pseudomonadota|c__Alphaproteobacteria|o__Rhodobacterales|f__Paracoccaceae|g__|s__|ASV_661","ColaDeBallena - EsteroZacatecas","k__Bacteria|p__Pseudomonadota|c__Alphaproteobacteria|o__Rhodobacterales|f__Paracoccaceae|g__|s__|ASV_661",0.687389560437238,0.76727190103048,0.691608042322744,0.770218814715009,0.76727190103048,"","ALDEx2_kw"
"k__Bacteria|p__Pseudomonadota|c__Alphaproteobacteria|o__Hyphomicrobiales|f__Rhizobiaceae|g__|s__|ASV_4948","ColaDeBallena - EsteroZacatecas","k__Bacteria|p__Pseudomonadota|c__Alphaproteobacteria|o__Hyphomicrobiales|f__Rhizobiaceae|g__|s__|ASV_4948",0.385959968573882,0.521791145887336,0.449463504327355,0.559991246644785,0.521791145887336,"","ALDEx2_kw"
"k__Bacteria|p__Rhodothermota|c__Rhodothermia|o__Rhodothermales|f__Rhodothermaceae|g__Rubrivirga|s__|ASV_10928","ColaDeBallena - EsteroZacatecas","k__Bacteria|p__Rhodothermota|c__Rhodothermia|o__Rhodothermales|f__Rhodothermaceae|g__Rubrivirga|s__|ASV_10928",0.075627405176958,0.163956674091015,0.103421509073987,0.184311989804181,0.163956674091015,"","ALDEx2_kw"
"k__Bacteria|p__Actinomycetota|c__Actinobacteria|o__Nitriliruptorales|f__Nitriliruptoraceae|g__|s__|ASV_13617","ColaDeBallena - EsteroZacatecas","k__Bacteria|p__Actinomycetota|c__Actinobacteria|o__Nitriliruptorales|f__Nitriliruptoraceae|g__|s__|ASV_13617",0.00842893184802049,0.0401030492624173,0.00401262977838166,0.0147656446232421,0.0401030492624173,"*","ALDEx2_kw"
"k__Bacteria|p__Chloroflexota|c__Anaerolineae|o__Aggregatilineales|f__A4b|g__|s__|ASV_9233","ColaDeBallena - EsteroZacatecas","k__Bacteria|p__Chloroflexota|c__Anaerolineae|o__Aggregatilineales|f__A4b|g__|s__|ASV_9233",0.322046485194843,0.42657073307359,0.198640114389887,0.286880534718544,0.42657073307359,"","ALDEx2_kw"
"k__Bacteria|p__Rhodothermota|c__Rhodothermia|o__Rhodothermales|f__Rhodothermaceae|g__|s__|ASV_15452","ColaDeBallena - EsteroZacatecas","k__Bacteria|p__Rhodothermota|c__Rhodothermia|o__Rhodothermales|f__Rhodothermaceae|g__|s__|ASV_15452",0.528255009762844,0.636786287445193,0.562621811318807,0.653806409574059,0.636786287445193,"","ALDEx2_kw"
"k__Bacteria|p__Bacteroidota|c__Bacteroidia|o__Flavobacteriales|f__Flavobacteriaceae|g__|s__|ASV_15493","ColaDeBallena - EsteroZacatecas","k__Bacteria|p__Bacteroidota|c__Bacteroidia|o__Flavobacteriales|f__Flavobacteriaceae|g__|s__|ASV_15493",0.240290221805991,0.344461529319963,0.116229006729618,0.193952371309324,0.344461529319963,"","ALDEx2_kw"
"k__Bacteria|p__Pseudomonadota|c__Alphaproteobacteria|o__Rhodobacterales|f__Paracoccaceae|g__|s__|ASV_8835","ColaDeBallena - EsteroZacatecas","k__Bacteria|p__Pseudomonadota|c__Alphaproteobacteria|o__Rhodobacterales|f__Paracoccaceae|g__|s__|ASV_8835",0.00339779278043636,0.0228706690945793,0.00152288151620836,0.00649519191469354,0.0228706690945793,"*","ALDEx2_kw"
"k__Bacteria|p__Cyanobacteriota|c__Cyanobacteriia|o__Phormidesmiales|f__Phormidesmiaceae|g__Acrophormium_PCC-7375|s__|ASV_5093","ColaDeBallena - EsteroZacatecas","k__Bacteria|p__Cyanobacteriota|c__Cyanobacteriia|o__Phormidesmiales|f__Phormidesmiaceae|g__Acrophormium_PCC-7375|s__|ASV_5093",0.460343260033572,0.558475396959963,0.290610660450687,0.38659904527853,0.558475396959963,"","ALDEx2_kw"
"k__Bacteria|p__Pseudomonadota|c__Alphaproteobacteria|o__Rhodobacterales|f__Paracoccaceae|g__Palleronia-Pseudomaribius|s__|ASV_4192","ColaDeBallena - EsteroZacatecas","k__Bacteria|p__Pseudomonadota|c__Alphaproteobacteria|o__Rhodobacterales|f__Paracoccaceae|g__Palleronia-Pseudomaribius|s__|ASV_4192",0.0870256401359038,0.178400277106699,0.0671305181811563,0.13137003312746,0.178400277106699,"","ALDEx2_kw"
"k__Bacteria|p__Pseudomonadota|c__Alphaproteobacteria|o__Sphingomonadales|f__Sphingomonadaceae|g__Qipengyuania|s__|ASV_11943","ColaDeBallena - EsteroZacatecas","k__Bacteria|p__Pseudomonadota|c__Alphaproteobacteria|o__Sphingomonadales|f__Sphingomonadaceae|g__Qipengyuania|s__|ASV_11943",0.340797282496357,0.445644048151617,0.232619210333169,0.327068359977403,0.445644048151617,"","ALDEx2_kw"
"k__Bacteria|p__Pseudomonadota|c__Alphaproteobacteria|o__Caulobacterales|f__Hyphomonadaceae|g__Euryhalocaulis|s__|ASV_12273","ColaDeBallena - EsteroZacatecas","k__Bacteria|p__Pseudomonadota|c__Alphaproteobacteria|o__Caulobacterales|f__Hyphomonadaceae|g__Euryhalocaulis|s__|ASV_12273",0.684221923301112,0.764653987073876,0.650967524953985,0.735230841598569,0.764653987073876,"","ALDEx2_kw"
"k__Bacteria|p__Bacteroidota|c__Bacteroidia|o__Flavobacteriales|f__Flavobacteriaceae|g__Hoppeia|s__|ASV_3834","ColaDeBallena - EsteroZacatecas","k__Bacteria|p__Bacteroidota|c__Bacteroidia|o__Flavobacteriales|f__Flavobacteriaceae|g__Hoppeia|s__|ASV_3834",0.0493176874406066,0.118621253887202,0.0293437165753503,0.0679813087897794,0.118621253887202,"","ALDEx2_kw"
"k__Bacteria|p__Pseudomonadota|c__Alphaproteobacteria|o__Caulobacterales|f__Parvularculaceae|g__Parvularcula|s__|ASV_9842","ColaDeBallena - EsteroZacatecas","k__Bacteria|p__Pseudomonadota|c__Alphaproteobacteria|o__Caulobacterales|f__Parvularculaceae|g__Parvularcula|s__|ASV_9842",0.011510714111573,0.051662355614574,0.0136805282745729,0.0382855483569597,0.051662355614574,"","ALDEx2_kw"
"k__Bacteria|p__Bacteroidota|c__Bacteroidia|o__Flavobacteriales|f__Flavobacteriaceae|g__Hoppeia|s__|ASV_8218","ColaDeBallena - EsteroZacatecas","k__Bacteria|p__Bacteroidota|c__Bacteroidia|o__Flavobacteriales|f__Flavobacteriaceae|g__Hoppeia|s__|ASV_8218",0.585191522470253,0.671585990863583,0.496104595725529,0.593148474975538,0.671585990863583,"","ALDEx2_kw"
"k__Bacteria|p__Pseudomonadota|c__Alphaproteobacteria|o__Hyphomicrobiales|f__Rhizobiaceae|g__|s__|ASV_14696","ColaDeBallena - EsteroZacatecas","k__Bacteria|p__Pseudomonadota|c__Alphaproteobacteria|o__Hyphomicrobiales|f__Rhizobiaceae|g__|s__|ASV_14696",0.210324009830012,0.318067492910153,0.104951835688931,0.179922495220102,0.318067492910153,"","ALDEx2_kw"
"k__Bacteria|p__Bacteroidota|c__Bacteroidia|o__Bacteroidales|f__Prolixibacteraceae|g__|s__|ASV_5304","ColaDeBallena - EsteroZacatecas","k__Bacteria|p__Bacteroidota|c__Bacteroidia|o__Bacteroidales|f__Prolixibacteraceae|g__|s__|ASV_5304",0.0245123013825464,0.0739245951325013,0.0108002806300634,0.0317917748270699,0.0739245951325013,"","ALDEx2_kw"
"k__Bacteria|p__Bacteroidota|c__Bacteroidia|o__Chitinophagales|f__Saprospiraceae|g__Lewinella|s__|ASV_15291","ColaDeBallena - EsteroZacatecas","k__Bacteria|p__Bacteroidota|c__Bacteroidia|o__Chitinophagales|f__Saprospiraceae|g__Lewinella|s__|ASV_15291",0.168048357012293,0.266732228704403,0.0945821957833105,0.162424487473696,0.266732228704403,"","ALDEx2_kw"
"k__Bacteria|p__Bacteroidota|c__Bacteroidia|o__Cytophagales|f__Cyclobacteriaceae|g__|s__|ASV_922","ColaDeBallena - EsteroZacatecas","k__Bacteria|p__Bacteroidota|c__Bacteroidia|o__Cytophagales|f__Cyclobacteriaceae|g__|s__|ASV_922",0.0402040047849445,0.107271573337906,0.0401283315176944,0.0906405724812642,0.107271573337906,"","ALDEx2_kw"
"k__Bacteria|p__Actinomycetota|c__Acidimicrobiia|o__Microtrichales|f__Ilumatobacteraceae|g__Ilumatobacter|s__|ASV_12667","ColaDeBallena - EsteroZacatecas","k__Bacteria|p__Actinomycetota|c__Acidimicrobiia|o__Microtrichales|f__Ilumatobacteraceae|g__Ilumatobacter|s__|ASV_12667",0.835865472045844,0.882840543409668,0.428920205151232,0.539640015407606,0.882840543409668,"","ALDEx2_kw"
"k__Bacteria|p__Cyanobacteriota|c__Cyanobacteriia|o__Cyanobacteriales|f__Xenococcaceae|g__Pleurocapsa_PCC-7319|s__|ASV_1466","ColaDeBallena - EsteroZacatecas","k__Bacteria|p__Cyanobacteriota|c__Cyanobacteriia|o__Cyanobacteriales|f__Xenococcaceae|g__Pleurocapsa_PCC-7319|s__|ASV_1466",0.0324059555432145,0.090921490170696,0.0290271739375365,0.0644639622313958,0.090921490170696,"","ALDEx2_kw"
"k__Bacteria|p__Pseudomonadota|c__Alphaproteobacteria|o__Rhodobacterales|f__Paracoccaceae|g__Maribius|s__|ASV_4361","ColaDeBallena - EsteroZacatecas","k__Bacteria|p__Pseudomonadota|c__Alphaproteobacteria|o__Rhodobacterales|f__Paracoccaceae|g__Maribius|s__|ASV_4361",0.797024264935156,0.853654630350226,0.622586984300973,0.712879747773498,0.853654630350226,"","ALDEx2_kw"
"k__Bacteria|p__Bacteroidota|c__Bacteroidia|o__Chitinophagales|f__Saprospiraceae|g__Lewinella|s__|ASV_14300","ColaDeBallena - EsteroZacatecas","k__Bacteria|p__Bacteroidota|c__Bacteroidia|o__Chitinophagales|f__Saprospiraceae|g__Lewinella|s__|ASV_14300",0.10446173699212,0.209290299423776,0.137618472150731,0.223420333905686,0.209290299423776,"","ALDEx2_kw"
"k__Bacteria|p__Bacteroidota|c__Bacteroidia|o__Cytophagales|f__Cyclobacteriaceae|g__Fulvivirga|s__|ASV_8666","ColaDeBallena - EsteroZacatecas","k__Bacteria|p__Bacteroidota|c__Bacteroidia|o__Cytophagales|f__Cyclobacteriaceae|g__Fulvivirga|s__|ASV_8666",0.215402505029788,0.347805790229017,0.255131998451604,0.363876847582699,0.347805790229017,"","ALDEx2_kw"
"k__Bacteria|p__Pseudomonadota|c__Gammaproteobacteria|o__Pseudomonadales|f__Cellvibrionaceae|g__|s__|ASV_7471","ColaDeBallena - EsteroZacatecas","k__Bacteria|p__Pseudomonadota|c__Gammaproteobacteria|o__Pseudomonadales|f__Cellvibrionaceae|g__|s__|ASV_7471",0.00096007108140847,0.0128106147582594,0.000509812475513073,0.00298442329340155,0.0128106147582594,"*","ALDEx2_kw"
"k__Bacteria|p__Actinomycetota|c__Actinobacteria|o__Propionibacteriales|f__Nocardioidaceae|g__Nocardioides|s__|ASV_12135","ColaDeBallena - EsteroZacatecas","k__Bacteria|p__Actinomycetota|c__Actinobacteria|o__Propionibacteriales|f__Nocardioidaceae|g__Nocardioides|s__|ASV_12135",0.0661163151399773,0.137817185879939,0.0336586097564686,0.0746835808293823,0.137817185879939,"","ALDEx2_kw"
"k__Bacteria|p__Pseudomonadota|c__Alphaproteobacteria|o__Rhodobacterales|f__Paracoccaceae|g__Marivita|s__|ASV_9078","ColaDeBallena - EsteroZacatecas","k__Bacteria|p__Pseudomonadota|c__Alphaproteobacteria|o__Rhodobacterales|f__Paracoccaceae|g__Marivita|s__|ASV_9078",0.637819444745749,0.727670057837186,0.659854233130085,0.742690308288471,0.727670057837186,"","ALDEx2_kw"
"k__Bacteria|p__Pseudomonadota|c__Alphaproteobacteria|o__Sphingomonadales|f__Sphingomonadaceae|g__|s__|ASV_15437","ColaDeBallena - EsteroZacatecas","k__Bacteria|p__Pseudomonadota|c__Alphaproteobacteria|o__Sphingomonadales|f__Sphingomonadaceae|g__|s__|ASV_15437",0.156552899820503,0.28210494807803,0.038228185123743,0.101761123696869,0.28210494807803,"","ALDEx2_kw"
"k__Bacteria|p__Pseudomonadota|c__Alphaproteobacteria|o__Rhodobacterales|f__Paracoccaceae|g__|s__|ASV_67","ColaDeBallena - EsteroZacatecas","k__Bacteria|p__Pseudomonadota|c__Alphaproteobacteria|o__Rhodobacterales|f__Paracoccaceae|g__|s__|ASV_67",0.00245488057691877,0.0200482902507124,0.000687147790633001,0.00429300536010597,0.0200482902507124,"*","ALDEx2_kw"
"k__Bacteria|p__Rhodothermota|c__Rhodothermia|o__Rhodothermales|f__Rhodothermaceae|g__Rubrivirga|s__|ASV_11931","ColaDeBallena - EsteroZacatecas","k__Bacteria|p__Rhodothermota|c__Rhodothermia|o__Rhodothermales|f__Rhodothermaceae|g__Rubrivirga|s__|ASV_11931",0.000162558228576255,0.00585820669115647,1.94997482579283e-05,0.000282974682230601,0.00585820669115647,"**","ALDEx2_kw"
"k__Bacteria|p__Pseudomonadota|c__Alphaproteobacteria|o__Sphingomonadales|f__Sphingomonadaceae|g__|s__|ASV_3847","ColaDeBallena - EsteroZacatecas","k__Bacteria|p__Pseudomonadota|c__Alphaproteobacteria|o__Sphingomonadales|f__Sphingomonadaceae|g__|s__|ASV_3847",0.211172566853253,0.335428090568483,0.248057384865549,0.356206380090554,0.335428090568483,"","ALDEx2_kw"
"k__Bacteria|p__Pseudomonadota|c__Alphaproteobacteria|o__Rhodobacterales|f__Paracoccaceae|g__Limibaculum|s__|ASV_8635","ColaDeBallena - EsteroZacatecas","k__Bacteria|p__Pseudomonadota|c__Alphaproteobacteria|o__Rhodobacterales|f__Paracoccaceae|g__Limibaculum|s__|ASV_8635",0.059239957058392,0.14321924466372,0.0654493307771736,0.132772508365282,0.14321924466372,"","ALDEx2_kw"
"k__Bacteria|p__Bacteroidota|c__Bacteroidia|o__Flavobacteriales|f__Flavobacteriaceae|g__|s__|ASV_8714","ColaDeBallena - EsteroZacatecas","k__Bacteria|p__Bacteroidota|c__Bacteroidia|o__Flavobacteriales|f__Flavobacteriaceae|g__|s__|ASV_8714",0.22202791654975,0.328907440689711,0.1421578931101,0.229632383874613,0.328907440689711,"","ALDEx2_kw"
"k__Bacteria|p__Pseudomonadota|c__Alphaproteobacteria|o__Rhodobacterales|f__Paracoccaceae|g__|s__|ASV_1133","ColaDeBallena - EsteroZacatecas","k__Bacteria|p__Pseudomonadota|c__Alphaproteobacteria|o__Rhodobacterales|f__Paracoccaceae|g__|s__|ASV_1133",0.174866783361809,0.277605389842689,0.0941999294264525,0.163088288458775,0.277605389842689,"","ALDEx2_kw"
"k__Bacteria|p__Pseudomonadota|c__Alphaproteobacteria|o__Rhodobacterales|f__Paracoccaceae|g__|s__|ASV_12846","ColaDeBallena - EsteroZacatecas","k__Bacteria|p__Pseudomonadota|c__Alphaproteobacteria|o__Rhodobacterales|f__Paracoccaceae|g__|s__|ASV_12846",0.00256348698209057,0.0205880996282689,0.00168514849869124,0.00664887676064936,0.0205880996282689,"*","ALDEx2_kw"
"k__Bacteria|p__Bacteroidota|c__Bacteroidia|o__Cytophagales|f__Cyclobacteriaceae|g__Tunicatimonas|s__|ASV_14216","ColaDeBallena - EsteroZacatecas","k__Bacteria|p__Bacteroidota|c__Bacteroidia|o__Cytophagales|f__Cyclobacteriaceae|g__Tunicatimonas|s__|ASV_14216",0.657649527210658,0.746081940624314,0.561689760472535,0.657007083428297,0.746081940624314,"","ALDEx2_kw"
"k__Bacteria|p__Pseudomonadota|c__Alphaproteobacteria|o__Rhodobacterales|f__Paracoccaceae|g__Palleronia-Pseudomaribius|s__|ASV_15810","ColaDeBallena - EsteroZacatecas","k__Bacteria|p__Pseudomonadota|c__Alphaproteobacteria|o__Rhodobacterales|f__Paracoccaceae|g__Palleronia-Pseudomaribius|s__|ASV_15810",0.505213139553246,0.615069656806024,0.5874179605351,0.682165506624032,0.615069656806024,"","ALDEx2_kw"
"k__Bacteria|p__Bacteroidota|c__Bacteroidia|o__Flavobacteriales|f__Flavobacteriaceae|g__Robiginitalea|s__|ASV_15498","ColaDeBallena - EsteroZacatecas","k__Bacteria|p__Bacteroidota|c__Bacteroidia|o__Flavobacteriales|f__Flavobacteriaceae|g__Robiginitalea|s__|ASV_15498",0.000921544393483632,0.0133410660047891,0.001186528448476,0.00448932445674461,0.0133410660047891,"*","ALDEx2_kw"
"k__Bacteria|p__Rhodothermota|c__Rhodothermia|o__Rhodothermales|f__Rhodothermaceae|g__Rubrivirga|s__|ASV_11245","ColaDeBallena - EsteroZacatecas","k__Bacteria|p__Rhodothermota|c__Rhodothermia|o__Rhodothermales|f__Rhodothermaceae|g__Rubrivirga|s__|ASV_11245",0.118760107056604,0.210502302818947,0.051583768267105,0.104219365310823,0.210502302818947,"","ALDEx2_kw"
"k__Bacteria|p__Pseudomonadota|c__Alphaproteobacteria|o__Rhodobacterales|f__Paracoccaceae|g__|s__|ASV_12992","ColaDeBallena - EsteroZacatecas","k__Bacteria|p__Pseudomonadota|c__Alphaproteobacteria|o__Rhodobacterales|f__Paracoccaceae|g__|s__|ASV_12992",0.0110405335716794,0.0526784570380441,0.0623863706490237,0.119488589296886,0.0526784570380441,"","ALDEx2_kw"
"k__Bacteria|p__Bacteroidota|c__Bacteroidia|o__Flavobacteriales|f__Flavobacteriaceae|g__|s__|ASV_13815","ColaDeBallena - EsteroZacatecas","k__Bacteria|p__Bacteroidota|c__Bacteroidia|o__Flavobacteriales|f__Flavobacteriaceae|g__|s__|ASV_13815",0.00161548513945116,0.0180574236489074,0.000879857990312834,0.00746535457977548,0.0180574236489074,"*","ALDEx2_kw"
"k__Bacteria|p__Rhodothermota|c__Rhodothermia|o__Rhodothermales|f__Rhodothermaceae|g__|s__|ASV_10440","ColaDeBallena - EsteroZacatecas","k__Bacteria|p__Rhodothermota|c__Rhodothermia|o__Rhodothermales|f__Rhodothermaceae|g__|s__|ASV_10440",0.0158856808173177,0.0601157807347239,0.0202590284371598,0.0535614710662605,0.0601157807347239,"","ALDEx2_kw"
"k__Bacteria|p__Actinomycetota|c__Actinobacteria|o__Euzebyales|f__Euzebyaceae|g__|s__|ASV_36","ColaDeBallena - EsteroZacatecas","k__Bacteria|p__Actinomycetota|c__Actinobacteria|o__Euzebyales|f__Euzebyaceae|g__|s__|ASV_36",0.515351557888586,0.624124552131975,0.481716009068897,0.586087988442289,0.624124552131975,"","ALDEx2_kw"
"k__Bacteria|p__Pseudomonadota|c__Alphaproteobacteria|o__Rhodobacterales|f__Paracoccaceae|g__Allosediminivita|s__|ASV_1930","ColaDeBallena - EsteroZacatecas","k__Bacteria|p__Pseudomonadota|c__Alphaproteobacteria|o__Rhodobacterales|f__Paracoccaceae|g__Allosediminivita|s__|ASV_1930",0.0341626505642006,0.104095888486834,0.0796804912764332,0.154714855050494,0.104095888486834,"","ALDEx2_kw"
"k__Bacteria|p__Pseudomonadota|c__Alphaproteobacteria|o__Sphingomonadales|f__Sphingomonadaceae|g__|s__|ASV_8288","ColaDeBallena - EsteroZacatecas","k__Bacteria|p__Pseudomonadota|c__Alphaproteobacteria|o__Sphingomonadales|f__Sphingomonadaceae|g__|s__|ASV_8288",0.000102268555218501,0.00517438587371011,0.000153060682592752,0.00206491971784655,0.00517438587371011,"**","ALDEx2_kw"
"k__Bacteria|p__Pseudomonadota|c__Alphaproteobacteria|o__Sphingomonadales|f__Sphingomonadaceae|g__Aurantiacibacter|s__|ASV_11680","ColaDeBallena - EsteroZacatecas","k__Bacteria|p__Pseudomonadota|c__Alphaproteobacteria|o__Sphingomonadales|f__Sphingomonadaceae|g__Aurantiacibacter|s__|ASV_11680",0.157180793990034,0.272209196879182,0.190001163097442,0.288675836203806,0.272209196879182,"","ALDEx2_kw"
"k__Bacteria|p__Pseudomonadota|c__Gammaproteobacteria|o__Enterobacterales|f__Vibrionaceae|g__|s__|ASV_4625","ColaDeBallena - EsteroZacatecas","k__Bacteria|p__Pseudomonadota|c__Gammaproteobacteria|o__Enterobacterales|f__Vibrionaceae|g__|s__|ASV_4625",0.585550014048565,0.678558114771832,0.52840024997617,0.623576810006887,0.678558114771832,"","ALDEx2_kw"
"k__Bacteria|p__Pseudomonadota|c__Alphaproteobacteria|o__Kiloniellales|f__Kiloniellaceae|g__Limibacillus|s__|ASV_7263","ColaDeBallena - EsteroZacatecas","k__Bacteria|p__Pseudomonadota|c__Alphaproteobacteria|o__Kiloniellales|f__Kiloniellaceae|g__Limibacillus|s__|ASV_7263",0.059558410283528,0.148707084854727,0.212905755895427,0.320486642372641,0.148707084854727,"","ALDEx2_kw"
"k__Bacteria|p__Pseudomonadota|c__Alphaproteobacteria|o__Sphingomonadales|f__Sphingomonadaceae|g__|s__|ASV_14461","ColaDeBallena - EsteroZacatecas","k__Bacteria|p__Pseudomonadota|c__Alphaproteobacteria|o__Sphingomonadales|f__Sphingomonadaceae|g__|s__|ASV_14461",0.1666204360237,0.26791773168692,0.103772815954857,0.176105664213838,0.26791773168692,"","ALDEx2_kw"
"k__Bacteria|p__Rhodothermota|c__Rhodothermia|o__Rhodothermales|f__Rhodothermaceae|g__|s__|ASV_634","ColaDeBallena - EsteroZacatecas","k__Bacteria|p__Rhodothermota|c__Rhodothermia|o__Rhodothermales|f__Rhodothermaceae|g__|s__|ASV_634",0.0545347292742149,0.136084879060149,0.0821052933300881,0.153151695068834,0.136084879060149,"","ALDEx2_kw"
"k__Bacteria|p__Actinomycetota|c__Actinobacteria|o__Frankiales|f__Geodermatophilaceae|g__Geodermatophilus|s__|ASV_7953","ColaDeBallena - EsteroZacatecas","k__Bacteria|p__Actinomycetota|c__Actinobacteria|o__Frankiales|f__Geodermatophilaceae|g__Geodermatophilus|s__|ASV_7953",0.116929610613657,0.230740724591287,0.139553281263122,0.236734315154488,0.230740724591287,"","ALDEx2_kw"
"k__Bacteria|p__Actinomycetota|c__Actinobacteria|o__Euzebyales|f__Euzebyaceae|g__|s__|ASV_8234","ColaDeBallena - EsteroZacatecas","k__Bacteria|p__Actinomycetota|c__Actinobacteria|o__Euzebyales|f__Euzebyaceae|g__|s__|ASV_8234",0.0725879657208149,0.144198219375338,0.0283119776171333,0.0645020951829026,0.144198219375338,"","ALDEx2_kw"
"k__Bacteria|p__Pseudomonadota|c__Alphaproteobacteria|o__Sphingomonadales|f__Sphingomonadaceae|g__Altererythrobacter|s__|ASV_2841","ColaDeBallena - EsteroZacatecas","k__Bacteria|p__Pseudomonadota|c__Alphaproteobacteria|o__Sphingomonadales|f__Sphingomonadaceae|g__Altererythrobacter|s__|ASV_2841",0.741004310144644,0.808846723164008,0.725810811996772,0.796763060522757,0.808846723164008,"","ALDEx2_kw"
"k__Bacteria|p__Pseudomonadota|c__Alphaproteobacteria|o__Rhodobacterales|f__Paracoccaceae|g__|s__|ASV_14973","ColaDeBallena - EsteroZacatecas","k__Bacteria|p__Pseudomonadota|c__Alphaproteobacteria|o__Rhodobacterales|f__Paracoccaceae|g__|s__|ASV_14973",0.217117411004068,0.34308797872558,0.462238074080347,0.568012559034614,0.34308797872558,"","ALDEx2_kw"
"k__Bacteria|p__Pseudomonadota|c__Alphaproteobacteria|o__Sphingomonadales|f__Sphingomonadaceae|g__Aurantiacibacter|s__|ASV_5145","ColaDeBallena - EsteroZacatecas","k__Bacteria|p__Pseudomonadota|c__Alphaproteobacteria|o__Sphingomonadales|f__Sphingomonadaceae|g__Aurantiacibacter|s__|ASV_5145",0.0152631818878589,0.0637116764923872,0.0162965956557939,0.0476595896226169,0.0637116764923872,"","ALDEx2_kw"
"k__Bacteria|p__Bacteroidota|c__Bacteroidia|o__Flavobacteriales|f__Flavobacteriaceae|g__Gramella|s__|ASV_3911","ColaDeBallena - EsteroZacatecas","k__Bacteria|p__Bacteroidota|c__Bacteroidia|o__Flavobacteriales|f__Flavobacteriaceae|g__Gramella|s__|ASV_3911",4.01664706967084e-05,0.00405510221432412,8.22788757588246e-06,0.000131768958167481,0.00405510221432412,"**","ALDEx2_kw"
"k__Bacteria|p__Pseudomonadota|c__Alphaproteobacteria|o__Rhodobacterales|f__Paracoccaceae|g__Palleronia-Pseudomaribius|s__|ASV_9440","ColaDeBallena - EsteroZacatecas","k__Bacteria|p__Pseudomonadota|c__Alphaproteobacteria|o__Rhodobacterales|f__Paracoccaceae|g__Palleronia-Pseudomaribius|s__|ASV_9440",0.569778075562941,0.673776663839341,0.531573709036458,0.633772090360857,0.673776663839341,"","ALDEx2_kw"
"k__Bacteria|p__Pseudomonadota|c__Gammaproteobacteria|o__Enterobacterales|f__Alteromonadaceae|g__Aestuariibacter|s__|ASV_8460","ColaDeBallena - EsteroZacatecas","k__Bacteria|p__Pseudomonadota|c__Gammaproteobacteria|o__Enterobacterales|f__Alteromonadaceae|g__Aestuariibacter|s__|ASV_8460",0.397874663016936,0.50164413254566,0.327340694267608,0.420875286003048,0.50164413254566,"","ALDEx2_kw"
"k__Bacteria|p__Rhodothermota|c__Rhodothermia|o__Rhodothermales|f__Rhodothermaceae|g__Rubrivirga|s__|ASV_8252","ColaDeBallena - EsteroZacatecas","k__Bacteria|p__Rhodothermota|c__Rhodothermia|o__Rhodothermales|f__Rhodothermaceae|g__Rubrivirga|s__|ASV_8252",0.00352842926314116,0.0248709264477113,0.00506847079363861,0.0132012082065345,0.0248709264477113,"*","ALDEx2_kw"
"k__Bacteria|p__Actinomycetota|c__Actinobacteria|o__Euzebyales|f__Euzebyaceae|g__|s__|ASV_10669","ColaDeBallena - EsteroZacatecas","k__Bacteria|p__Actinomycetota|c__Actinobacteria|o__Euzebyales|f__Euzebyaceae|g__|s__|ASV_10669",0.344817510884517,0.450889632598638,0.232295459116479,0.325052576597193,0.450889632598638,"","ALDEx2_kw"
"k__Bacteria|p__Pseudomonadota|c__Alphaproteobacteria|o__Hyphomicrobiales|f__Rhizobiaceae|g__Pseudahrensia|s__|ASV_219","ColaDeBallena - EsteroZacatecas","k__Bacteria|p__Pseudomonadota|c__Alphaproteobacteria|o__Hyphomicrobiales|f__Rhizobiaceae|g__Pseudahrensia|s__|ASV_219",0.197107419705043,0.315513383246686,0.241614388944602,0.345705660036647,0.315513383246686,"","ALDEx2_kw"
"k__Bacteria|p__Pseudomonadota|c__Alphaproteobacteria|o__|f__Neomegalonemataceae|g__Acuticoccus|s__|ASV_13762","ColaDeBallena - EsteroZacatecas","k__Bacteria|p__Pseudomonadota|c__Alphaproteobacteria|o__|f__Neomegalonemataceae|g__Acuticoccus|s__|ASV_13762",0.00439412487123011,0.0317405783628744,0.000869750644893619,0.00765714872967716,0.0317405783628744,"*","ALDEx2_kw"
"k__Bacteria|p__Pseudomonadota|c__Gammaproteobacteria|o__Steroidobacterales|f__Woeseiaceae|g__Woeseia|s__|ASV_6320","ColaDeBallena - EsteroZacatecas","k__Bacteria|p__Pseudomonadota|c__Gammaproteobacteria|o__Steroidobacterales|f__Woeseiaceae|g__Woeseia|s__|ASV_6320",0.00136584847697184,0.01566839332805,0.00142209542323603,0.00615833626461267,0.01566839332805,"*","ALDEx2_kw"
"k__Bacteria|p__Cyanobacteriota|c__Cyanobacteriia|o__Cyanobacteriales|f__Xenococcaceae|g__Myxosarcina_GI1|s__|ASV_3310","ColaDeBallena - EsteroZacatecas","k__Bacteria|p__Cyanobacteriota|c__Cyanobacteriia|o__Cyanobacteriales|f__Xenococcaceae|g__Myxosarcina_GI1|s__|ASV_3310",0.0355999118472306,0.0988287104139581,0.0229139905915106,0.0598572278596783,0.0988287104139581,"","ALDEx2_kw"
"k__Bacteria|p__Thermodesulfobacteriota|c__Desulfobacteria|o__Desulfobacterales|f__Desulfosarcinaceae|g__|s__|ASV_2528","ColaDeBallena - EsteroZacatecas","k__Bacteria|p__Thermodesulfobacteriota|c__Desulfobacteria|o__Desulfobacterales|f__Desulfosarcinaceae|g__|s__|ASV_2528",0.000758827446095671,0.0113199765952662,0.000172615141094227,0.0015098166596161,0.0113199765952662,"*","ALDEx2_kw"
"k__Bacteria|p__Actinomycetota|c__Acidimicrobiia|o__Microtrichales|f__Ilumatobacteraceae|g__Ilumatobacter|s__|ASV_2967","ColaDeBallena - EsteroZacatecas","k__Bacteria|p__Actinomycetota|c__Acidimicrobiia|o__Microtrichales|f__Ilumatobacteraceae|g__Ilumatobacter|s__|ASV_2967",0.170024734535344,0.262873815962252,0.0755118208983643,0.139792990044742,0.262873815962252,"","ALDEx2_kw"
"k__Bacteria|p__Chloroflexota|c__Anaerolineae|o__Aggregatilineales|f__A4b|g__|s__|ASV_121","ColaDeBallena - EsteroZacatecas","k__Bacteria|p__Chloroflexota|c__Anaerolineae|o__Aggregatilineales|f__A4b|g__|s__|ASV_121",0.00803454801142538,0.042796639690869,0.0139847428120941,0.039934412549651,0.042796639690869,"*","ALDEx2_kw"
"k__Bacteria|p__Bacteroidota|c__Bacteroidia|o__Bacteroidales|f__Prolixibacteraceae|g__|s__|ASV_6058","ColaDeBallena - EsteroZacatecas","k__Bacteria|p__Bacteroidota|c__Bacteroidia|o__Bacteroidales|f__Prolixibacteraceae|g__|s__|ASV_6058",0.000585606819127912,0.0102685971753376,0.00103022238592319,0.00522934100203793,0.0102685971753376,"*","ALDEx2_kw"
"k__Bacteria|p__Bacteroidota|c__Bacteroidia|o__Cytophagales|f__Cyclobacteriaceae|g__Tunicatimonas|s__|ASV_745","ColaDeBallena - EsteroZacatecas","k__Bacteria|p__Bacteroidota|c__Bacteroidia|o__Cytophagales|f__Cyclobacteriaceae|g__Tunicatimonas|s__|ASV_745",0.00458457206409099,0.0288078226825086,0.00488306605794272,0.0154765711139053,0.0288078226825086,"*","ALDEx2_kw"
"k__Bacteria|p__Thermodesulfobacteriota|c__Desulfobulbia|o__Desulfobulbales|f__Desulfobulbaceae|g__Candidatus_Electrothrix|s__|ASV_11661","ColaDeBallena - EsteroZacatecas","k__Bacteria|p__Thermodesulfobacteriota|c__Desulfobulbia|o__Desulfobulbales|f__Desulfobulbaceae|g__Candidatus_Electrothrix|s__|ASV_11661",0.256669273053346,0.357739563240195,0.159569760217422,0.240575124595417,0.357739563240195,"","ALDEx2_kw"
"k__Bacteria|p__Pseudomonadota|c__Alphaproteobacteria|o__Sphingomonadales|f__Sphingomonadaceae|g__|s__|ASV_11464","ColaDeBallena - EsteroZacatecas","k__Bacteria|p__Pseudomonadota|c__Alphaproteobacteria|o__Sphingomonadales|f__Sphingomonadaceae|g__|s__|ASV_11464",0.00713477273608471,0.0355987087166268,0.00498168898576289,0.0174209245217375,0.0355987087166268,"*","ALDEx2_kw"
"k__Bacteria|p__Cyanobacteriota|c__Cyanobacteriia|o__Cyanobacteriales|f__Xenococcaceae|g__Myxosarcina_GI1|s__|ASV_3786","ColaDeBallena - EsteroZacatecas","k__Bacteria|p__Cyanobacteriota|c__Cyanobacteriia|o__Cyanobacteriales|f__Xenococcaceae|g__Myxosarcina_GI1|s__|ASV_3786",0.000171008751357346,0.00601375942392337,7.9741183681452e-05,0.000568801077926194,0.00601375942392337,"**","ALDEx2_kw"
"k__Bacteria|p__Bacteroidota|c__Bacteroidia|o__Chitinophagales|f__Saprospiraceae|g__Lewinella|s__|ASV_12600","ColaDeBallena - EsteroZacatecas","k__Bacteria|p__Bacteroidota|c__Bacteroidia|o__Chitinophagales|f__Saprospiraceae|g__Lewinella|s__|ASV_12600",0.00606531692053968,0.0341214136338439,0.00888547975450203,0.0239738314168674,0.0341214136338439,"*","ALDEx2_kw"
"k__Bacteria|p__Bacteroidota|c__Bacteroidia|o__Flavobacteriales|f__Flavobacteriaceae|g__|s__|ASV_6936","ColaDeBallena - EsteroZacatecas","k__Bacteria|p__Bacteroidota|c__Bacteroidia|o__Flavobacteriales|f__Flavobacteriaceae|g__|s__|ASV_6936",0.0266456914201601,0.0744384500441172,0.020630472235505,0.0483911595860976,0.0744384500441172,"","ALDEx2_kw"
"k__Bacteria|p__Bacteroidota|c__Bacteroidia|o__Cytophagales|f__Cyclobacteriaceae|g__Tunicatimonas|s__|ASV_15997","ColaDeBallena - EsteroZacatecas","k__Bacteria|p__Bacteroidota|c__Bacteroidia|o__Cytophagales|f__Cyclobacteriaceae|g__Tunicatimonas|s__|ASV_15997",0.000184480075414316,0.00644710791541217,8.41002906735539e-06,0.000157996331999828,0.00644710791541217,"**","ALDEx2_kw"
"k__Bacteria|p__Actinomycetota|c__Actinobacteria|o__Nitriliruptorales|f__Nitriliruptoraceae|g__|s__|ASV_6096","ColaDeBallena - EsteroZacatecas","k__Bacteria|p__Actinomycetota|c__Actinobacteria|o__Nitriliruptorales|f__Nitriliruptoraceae|g__|s__|ASV_6096",0.619200278861777,0.707840503712224,0.613493816889301,0.700271424201795,0.707840503712224,"","ALDEx2_kw"
"k__Bacteria|p__Thermodesulfobacteriota|c__Desulfobulbia|o__Desulfobulbales|f__Desulfobulbaceae|g__|s__|ASV_9756","ColaDeBallena - EsteroZacatecas","k__Bacteria|p__Thermodesulfobacteriota|c__Desulfobulbia|o__Desulfobulbales|f__Desulfobulbaceae|g__|s__|ASV_9756",0.000705142734178037,0.0106451133009658,0.000505004445590848,0.00269420532857961,0.0106451133009658,"*","ALDEx2_kw"
"k__Bacteria|p__Bacteroidota|c__Bacteroidia|o__Cytophagales|f__Cyclobacteriaceae|g__Catalinimonas|s__|ASV_312","ColaDeBallena - EsteroZacatecas","k__Bacteria|p__Bacteroidota|c__Bacteroidia|o__Cytophagales|f__Cyclobacteriaceae|g__Catalinimonas|s__|ASV_312",0.00893396998644403,0.0464780479646581,0.151214316082941,0.235345301149435,0.0464780479646581,"*","ALDEx2_kw"
"k__Bacteria|p__Rhodothermota|c__Rhodothermia|o__Rhodothermales|f__Rhodothermaceae|g__Rubrivirga|s__|ASV_5056","ColaDeBallena - EsteroZacatecas","k__Bacteria|p__Rhodothermota|c__Rhodothermia|o__Rhodothermales|f__Rhodothermaceae|g__Rubrivirga|s__|ASV_5056",0.708823311295114,0.785172378868806,0.708879761499327,0.784360304254299,0.785172378868806,"","ALDEx2_kw"
"k__Bacteria|p__Bacteroidota|c__Bacteroidia|o__Flavobacteriales|f__Flavobacteriaceae|g__|s__|ASV_11133","ColaDeBallena - EsteroZacatecas","k__Bacteria|p__Bacteroidota|c__Bacteroidia|o__Flavobacteriales|f__Flavobacteriaceae|g__|s__|ASV_11133",0.000270441147385934,0.00731873440596498,0.000556231215832494,0.0048727758965988,0.00731873440596498,"**","ALDEx2_kw"
"k__Bacteria|p__Bacteroidota|c__Bacteroidia|o__Flavobacteriales|f__Flavobacteriaceae|g__Nonlabens|s__|ASV_13962","ColaDeBallena - EsteroZacatecas","k__Bacteria|p__Bacteroidota|c__Bacteroidia|o__Flavobacteriales|f__Flavobacteriaceae|g__Nonlabens|s__|ASV_13962",0.0178126947595509,0.063941859896207,0.00932953848408023,0.0301861103480712,0.063941859896207,"","ALDEx2_kw"
"k__Bacteria|p__Pseudomonadota|c__Alphaproteobacteria|o__Sphingomonadales|f__Sphingomonadaceae|g__Sphingomicrobium|s__|ASV_13291","ColaDeBallena - EsteroZacatecas","k__Bacteria|p__Pseudomonadota|c__Alphaproteobacteria|o__Sphingomonadales|f__Sphingomonadaceae|g__Sphingomicrobium|s__|ASV_13291",0.0987639272482491,0.19250245497868,0.0786039280168879,0.146821202677436,0.19250245497868,"","ALDEx2_kw"
"k__Bacteria|p__Pseudomonadota|c__Gammaproteobacteria|o__Enterobacterales|f__Vibrionaceae|g__Vibrio|s__|ASV_10629","ColaDeBallena - EsteroZacatecas","k__Bacteria|p__Pseudomonadota|c__Gammaproteobacteria|o__Enterobacterales|f__Vibrionaceae|g__Vibrio|s__|ASV_10629",0.302962428815818,0.419562595315332,0.324566546488393,0.431194667676159,0.419562595315332,"","ALDEx2_kw"
"k__Bacteria|p__Bacteroidota|c__Bacteroidia|o__Chitinophagales|f__Saprospiraceae|g__|s__|ASV_15050","ColaDeBallena - EsteroZacatecas","k__Bacteria|p__Bacteroidota|c__Bacteroidia|o__Chitinophagales|f__Saprospiraceae|g__|s__|ASV_15050",0.0211921049280932,0.0746136681000632,0.0229256104504997,0.0587412483941679,0.0746136681000632,"","ALDEx2_kw"
"k__Bacteria|p__Pseudomonadota|c__Alphaproteobacteria|o__Rhodobacterales|f__Paracoccaceae|g__Actibacterium|s__|ASV_14368","ColaDeBallena - EsteroZacatecas","k__Bacteria|p__Pseudomonadota|c__Alphaproteobacteria|o__Rhodobacterales|f__Paracoccaceae|g__Actibacterium|s__|ASV_14368",0.219261128723553,0.340813843700621,0.245657270031997,0.352535922072891,0.340813843700621,"","ALDEx2_kw"
"k__Bacteria|p__Actinomycetota|c__Acidimicrobiia|o__Microtrichales|f__Ilumatobacteraceae|g__Ilumatobacter|s__|ASV_9109","ColaDeBallena - EsteroZacatecas","k__Bacteria|p__Actinomycetota|c__Acidimicrobiia|o__Microtrichales|f__Ilumatobacteraceae|g__Ilumatobacter|s__|ASV_9109",0.472585856179478,0.584444544194102,0.563731357184733,0.660698088528101,0.584444544194102,"","ALDEx2_kw"
"k__Bacteria|p__Pseudomonadota|c__Alphaproteobacteria|o__Hyphomicrobiales|f__Rhodomicrobiaceae|g__Rhodomicrobium|s__|ASV_14279","ColaDeBallena - EsteroZacatecas","k__Bacteria|p__Pseudomonadota|c__Alphaproteobacteria|o__Hyphomicrobiales|f__Rhodomicrobiaceae|g__Rhodomicrobium|s__|ASV_14279",0.0142281936377288,0.0564255751445974,0.0120966635226725,0.0389506882736689,0.0564255751445974,"","ALDEx2_kw"
"k__Bacteria|p__Pseudomonadota|c__Alphaproteobacteria|o__Sphingomonadales|f__Sphingomonadaceae|g__|s__|ASV_7123","ColaDeBallena - EsteroZacatecas","k__Bacteria|p__Pseudomonadota|c__Alphaproteobacteria|o__Sphingomonadales|f__Sphingomonadaceae|g__|s__|ASV_7123",0.0288551981484635,0.0931912043879954,0.164231415331598,0.263319525536893,0.0931912043879954,"","ALDEx2_kw"
"k__Bacteria|p__Bacteroidota|c__Bacteroidia|o__Flavobacteriales|f__Flavobacteriaceae|g__Flavimarina|s__|ASV_14451","ColaDeBallena - EsteroZacatecas","k__Bacteria|p__Bacteroidota|c__Bacteroidia|o__Flavobacteriales|f__Flavobacteriaceae|g__Flavimarina|s__|ASV_14451",0.577270057973207,0.686202131189203,0.725163073417587,0.798448978845362,0.686202131189203,"","ALDEx2_kw"
"k__Bacteria|p__Pseudomonadota|c__Alphaproteobacteria|o__Kiloniellales|f__Kiloniellaceae|g__|s__|ASV_13619","ColaDeBallena - EsteroZacatecas","k__Bacteria|p__Pseudomonadota|c__Alphaproteobacteria|o__Kiloniellales|f__Kiloniellaceae|g__|s__|ASV_13619",0.193287866578964,0.296845626917229,0.0864802555770778,0.159656230136114,0.296845626917229,"","ALDEx2_kw"
"k__Bacteria|p__Actinomycetota|c__Actinobacteria|o__Euzebyales|f__Euzebyaceae|g__Euzebya|s__|ASV_5746","ColaDeBallena - EsteroZacatecas","k__Bacteria|p__Actinomycetota|c__Actinobacteria|o__Euzebyales|f__Euzebyaceae|g__Euzebya|s__|ASV_5746",0.409542888687604,0.530611290557035,0.476074914940676,0.581148747951516,0.530611290557035,"","ALDEx2_kw"
"k__Bacteria|p__Myxococcota|c__Polyangiia|o__Polyangiales|f__Sandaracinaceae|g__|s__|ASV_15934","ColaDeBallena - EsteroZacatecas","k__Bacteria|p__Myxococcota|c__Polyangiia|o__Polyangiales|f__Sandaracinaceae|g__|s__|ASV_15934",0.00908367622974718,0.0412697387422193,0.00493357577457244,0.016291606347623,0.0412697387422193,"*","ALDEx2_kw"
"k__Bacteria|p__Rhodothermota|c__Rhodothermia|o__Rhodothermales|f__Rhodothermaceae|g__Rubrivirga|s__|ASV_4964","ColaDeBallena - EsteroZacatecas","k__Bacteria|p__Rhodothermota|c__Rhodothermia|o__Rhodothermales|f__Rhodothermaceae|g__Rubrivirga|s__|ASV_4964",0.0485073672659857,0.120326753545871,0.043335114088484,0.0950821940630968,0.120326753545871,"","ALDEx2_kw"
"k__Bacteria|p__Verrucomicrobiota|c__Verrucomicrobiia|o__Verrucomicrobiales|f__DEV007|g__|s__|ASV_12367","ColaDeBallena - EsteroZacatecas","k__Bacteria|p__Verrucomicrobiota|c__Verrucomicrobiia|o__Verrucomicrobiales|f__DEV007|g__|s__|ASV_12367",0.204719741220944,0.337309097911254,0.458447710717494,0.564141168070904,0.337309097911254,"","ALDEx2_kw"
"k__Bacteria|p__Pseudomonadota|c__Alphaproteobacteria|o__Rhodobacterales|f__Paracoccaceae|g__|s__|ASV_5270","ColaDeBallena - EsteroZacatecas","k__Bacteria|p__Pseudomonadota|c__Alphaproteobacteria|o__Rhodobacterales|f__Paracoccaceae|g__|s__|ASV_5270",0.813715663744138,0.865314509260372,0.571354760596208,0.669724237657864,0.865314509260372,"","ALDEx2_kw"
"k__Bacteria|p__Actinomycetota|c__Actinobacteria|o__Mycobacteriales|f__Mycobacteriaceae|g__Mycobacterium|s__|ASV_13526","ColaDeBallena - EsteroZacatecas","k__Bacteria|p__Actinomycetota|c__Actinobacteria|o__Mycobacteriales|f__Mycobacteriaceae|g__Mycobacterium|s__|ASV_13526",0.483626840596429,0.583641268064805,0.317478521530503,0.423108812919408,0.583641268064805,"","ALDEx2_kw"
"k__Bacteria|p__Pseudomonadota|c__Alphaproteobacteria|o__Sphingomonadales|f__Sphingomonadaceae|g__Parasphingopyxis|s__|ASV_619","ColaDeBallena - EsteroZacatecas","k__Bacteria|p__Pseudomonadota|c__Alphaproteobacteria|o__Sphingomonadales|f__Sphingomonadaceae|g__Parasphingopyxis|s__|ASV_619",0.0888768496361976,0.189125258203052,0.182965572592578,0.28374608833015,0.189125258203052,"","ALDEx2_kw"
"k__Bacteria|p__Acidobacteriota|c__Thermoanaerobaculia|o__Thermoanaerobaculales|f__Thermoanaerobaculaceae|g__Subgroup_10|s__|ASV_9865","ColaDeBallena - EsteroZacatecas","k__Bacteria|p__Acidobacteriota|c__Thermoanaerobaculia|o__Thermoanaerobaculales|f__Thermoanaerobaculaceae|g__Subgroup_10|s__|ASV_9865",0.540370981155229,0.640589050172045,0.522746925651084,0.619185361325429,0.640589050172045,"","ALDEx2_kw"
"k__Bacteria|p__Actinomycetota|c__Acidimicrobiia|o__Microtrichales|f__Ilumatobacteraceae|g__Ilumatobacter|s__|ASV_5173","ColaDeBallena - EsteroZacatecas","k__Bacteria|p__Actinomycetota|c__Acidimicrobiia|o__Microtrichales|f__Ilumatobacteraceae|g__Ilumatobacter|s__|ASV_5173",0.501616318012047,0.60115373892361,0.462678627805578,0.554797976334421,0.60115373892361,"","ALDEx2_kw"
"k__Bacteria|p__Pseudomonadota|c__Alphaproteobacteria|o__Sphingomonadales|f__Sphingomonadaceae|g__Paraurantiacibacter|s__|ASV_6999","ColaDeBallena - EsteroZacatecas","k__Bacteria|p__Pseudomonadota|c__Alphaproteobacteria|o__Sphingomonadales|f__Sphingomonadaceae|g__Paraurantiacibacter|s__|ASV_6999",0.673563520193409,0.757743762296069,0.664055568215394,0.746001583940814,0.757743762296069,"","ALDEx2_kw"
"k__Bacteria|p__Pseudomonadota|c__Alphaproteobacteria|o__Sphingomonadales|f__Sphingomonadaceae|g__Sphingomicrobium|s__|ASV_1652","ColaDeBallena - EsteroZacatecas","k__Bacteria|p__Pseudomonadota|c__Alphaproteobacteria|o__Sphingomonadales|f__Sphingomonadaceae|g__Sphingomicrobium|s__|ASV_1652",0.656079025867428,0.745418315528023,0.472412683036641,0.57643430309363,0.745418315528023,"","ALDEx2_kw"
"k__Bacteria|p__Bacteroidota|c__Bacteroidia|o__Cytophagales|f__Cyclobacteriaceae|g__Fulvivirga|s__|ASV_8492","ColaDeBallena - EsteroZacatecas","k__Bacteria|p__Bacteroidota|c__Bacteroidia|o__Cytophagales|f__Cyclobacteriaceae|g__Fulvivirga|s__|ASV_8492",0.000241666081048509,0.006940981680153,0.000255609887951561,0.00156872866964493,0.006940981680153,"**","ALDEx2_kw"
"k__Bacteria|p__Pseudomonadota|c__Alphaproteobacteria|o__Sphingomonadales|f__Sphingomonadaceae|g__|s__|ASV_2773","ColaDeBallena - EsteroZacatecas","k__Bacteria|p__Pseudomonadota|c__Alphaproteobacteria|o__Sphingomonadales|f__Sphingomonadaceae|g__|s__|ASV_2773",0.28744175683593,0.405193422759624,0.292523237587604,0.396728160244547,0.405193422759624,"","ALDEx2_kw"
"k__Bacteria|p__Bacteroidota|c__Bacteroidia|o__Flavobacteriales|f__Flavobacteriaceae|g__Hoppeia|s__|ASV_1103","ColaDeBallena - EsteroZacatecas","k__Bacteria|p__Bacteroidota|c__Bacteroidia|o__Flavobacteriales|f__Flavobacteriaceae|g__Hoppeia|s__|ASV_1103",0.209100419356018,0.313348281967166,0.15147884289332,0.228319964993327,0.313348281967166,"","ALDEx2_kw"
"k__Bacteria|p__Pseudomonadota|c__Alphaproteobacteria|o__Rhodobacterales|f__Paracoccaceae|g__|s__|ASV_6399","ColaDeBallena - EsteroZacatecas","k__Bacteria|p__Pseudomonadota|c__Alphaproteobacteria|o__Rhodobacterales|f__Paracoccaceae|g__|s__|ASV_6399",0.00428640439484643,0.0297884051678728,0.00854836560838057,0.0262134443406053,0.0297884051678728,"*","ALDEx2_kw"
"k__Bacteria|p__Bacteroidota|c__Bacteroidia|o__Cytophagales|f__Cyclobacteriaceae|g__Fulvivirga|s__|ASV_10951","ColaDeBallena - EsteroZacatecas","k__Bacteria|p__Bacteroidota|c__Bacteroidia|o__Cytophagales|f__Cyclobacteriaceae|g__Fulvivirga|s__|ASV_10951",0.35830037563346,0.476706733121025,0.357679385289204,0.466535114170239,0.476706733121025,"","ALDEx2_kw"
"k__Bacteria|p__Pseudomonadota|c__Gammaproteobacteria|o__Pseudomonadales|f__Cellvibrionaceae|g__|s__|ASV_6741","ColaDeBallena - EsteroZacatecas","k__Bacteria|p__Pseudomonadota|c__Gammaproteobacteria|o__Pseudomonadales|f__Cellvibrionaceae|g__|s__|ASV_6741",0.667471655619651,0.757516383845637,0.673915668086165,0.755516545715727,0.757516383845637,"","ALDEx2_kw"
"k__Bacteria|p__Pseudomonadota|c__Gammaproteobacteria|o__Pseudomonadales|f__Pseudohongiellaceae|g__Pseudohongiella|s__|ASV_8644","ColaDeBallena - EsteroZacatecas","k__Bacteria|p__Pseudomonadota|c__Gammaproteobacteria|o__Pseudomonadales|f__Pseudohongiellaceae|g__Pseudohongiella|s__|ASV_8644",0.063319419029397,0.151309758483571,0.0775000705103625,0.151350161285057,0.151309758483571,"","ALDEx2_kw"
"k__Bacteria|p__Chloroflexota|c__Anaerolineae|o__Aggregatilineales|f__A4b|g__|s__|ASV_15753","ColaDeBallena - EsteroZacatecas","k__Bacteria|p__Chloroflexota|c__Anaerolineae|o__Aggregatilineales|f__A4b|g__|s__|ASV_15753",0.016143194757874,0.0645419952146377,0.0526703654285823,0.106278595894305,0.0645419952146377,"","ALDEx2_kw"
"k__Bacteria|p__Pseudomonadota|c__Alphaproteobacteria|o__|f__Neomegalonemataceae|g__Acuticoccus|s__|ASV_8326","ColaDeBallena - EsteroZacatecas","k__Bacteria|p__Pseudomonadota|c__Alphaproteobacteria|o__|f__Neomegalonemataceae|g__Acuticoccus|s__|ASV_8326",0.00773570018175435,0.0406495058227914,0.012024945271407,0.0338363928828947,0.0406495058227914,"*","ALDEx2_kw"
"k__Bacteria|p__Rhodothermota|c__Rhodothermia|o__Rhodothermales|f__Rhodothermaceae|g__|s__|ASV_13435","ColaDeBallena - EsteroZacatecas","k__Bacteria|p__Rhodothermota|c__Rhodothermia|o__Rhodothermales|f__Rhodothermaceae|g__|s__|ASV_13435",0.713156405870872,0.786830907304761,0.694810128996161,0.770840880784075,0.786830907304761,"","ALDEx2_kw"
"k__Bacteria|p__Pseudomonadota|c__Alphaproteobacteria|o__Hyphomicrobiales|f__Lutibaculaceae|g__Lutibaculum|s__|ASV_15630","ColaDeBallena - EsteroZacatecas","k__Bacteria|p__Pseudomonadota|c__Alphaproteobacteria|o__Hyphomicrobiales|f__Lutibaculaceae|g__Lutibaculum|s__|ASV_15630",0.00255773039390034,0.0221561786534859,0.00263827222453944,0.0111331262599988,0.0221561786534859,"*","ALDEx2_kw"
"k__Bacteria|p__Bacteroidota|c__Bacteroidia|o__Cytophagales|f__Flammeovirgaceae|g__|s__|ASV_15816","ColaDeBallena - EsteroZacatecas","k__Bacteria|p__Bacteroidota|c__Bacteroidia|o__Cytophagales|f__Flammeovirgaceae|g__|s__|ASV_15816",0.039188790529356,0.100477399278988,0.0345498548796141,0.0725805696141188,0.100477399278988,"","ALDEx2_kw"
"k__Bacteria|p__Rhodothermota|c__Rhodothermia|o__Rhodothermales|f__Rhodothermaceae|g__Rubrivirga|s__|ASV_571","ColaDeBallena - EsteroZacatecas","k__Bacteria|p__Rhodothermota|c__Rhodothermia|o__Rhodothermales|f__Rhodothermaceae|g__Rubrivirga|s__|ASV_571",0.070616323642723,0.139640759420165,0.0307253901004126,0.0693728617329104,0.139640759420165,"","ALDEx2_kw"
"k__Bacteria|p__Pseudomonadota|c__Alphaproteobacteria|o__Rhodobacterales|f__Paracoccaceae|g__Tropicimonas-Psychromarinibacter|s__|ASV_11169","ColaDeBallena - EsteroZacatecas","k__Bacteria|p__Pseudomonadota|c__Alphaproteobacteria|o__Rhodobacterales|f__Paracoccaceae|g__Tropicimonas-Psychromarinibacter|s__|ASV_11169",0.00989361553308619,0.043747995618683,0.00634719649329069,0.0224350887342017,0.043747995618683,"*","ALDEx2_kw"
"k__Bacteria|p__Bacteroidota|c__Bacteroidia|o__Bacteroidales|f__Bacteroidetes_BD2-2|g__|s__|ASV_12719","ColaDeBallena - EsteroZacatecas","k__Bacteria|p__Bacteroidota|c__Bacteroidia|o__Bacteroidales|f__Bacteroidetes_BD2-2|g__|s__|ASV_12719",0.242210242530409,0.376501636882861,0.272401578844924,0.383225101343451,0.376501636882861,"","ALDEx2_kw"
"k__Bacteria|p__Bacteroidota|c__Bacteroidia|o__Cytophagales|f__Cyclobacteriaceae|g__Tunicatimonas|s__|ASV_10332","ColaDeBallena - EsteroZacatecas","k__Bacteria|p__Bacteroidota|c__Bacteroidia|o__Cytophagales|f__Cyclobacteriaceae|g__Tunicatimonas|s__|ASV_10332",0.00334394399481255,0.0256414695738652,0.00339065877881828,0.0154036212014856,0.0256414695738652,"*","ALDEx2_kw"
"k__Bacteria|p__Cyanobacteriota|c__Cyanobacteriia|o__Cyanobacteriales|f__Nostocaceae|g__Rivularia_PCC-7116|s__|ASV_3099","ColaDeBallena - EsteroZacatecas","k__Bacteria|p__Cyanobacteriota|c__Cyanobacteriia|o__Cyanobacteriales|f__Nostocaceae|g__Rivularia_PCC-7116|s__|ASV_3099",0.480263626828909,0.577928045318518,0.345844080990226,0.442250673083656,0.577928045318518,"","ALDEx2_kw"
"k__Bacteria|p__Pseudomonadota|c__Alphaproteobacteria|o__Sphingomonadales|f__Sphingomonadaceae|g__Aurantiacibacter|s__|ASV_6586","ColaDeBallena - EsteroZacatecas","k__Bacteria|p__Pseudomonadota|c__Alphaproteobacteria|o__Sphingomonadales|f__Sphingomonadaceae|g__Aurantiacibacter|s__|ASV_6586",0.107798886977845,0.220355927251879,0.140375878581357,0.238536109009504,0.220355927251879,"","ALDEx2_kw"
"k__Bacteria|p__Rhodothermota|c__Rhodothermia|o__Rhodothermales|f__Rhodothermaceae|g__|s__|ASV_12493","ColaDeBallena - EsteroZacatecas","k__Bacteria|p__Rhodothermota|c__Rhodothermia|o__Rhodothermales|f__Rhodothermaceae|g__|s__|ASV_12493",0.0931013622569733,0.182276911148877,0.0930346240544258,0.161441989521231,0.182276911148877,"","ALDEx2_kw"
"k__Bacteria|p__Bacteroidota|c__Bacteroidia|o__Cytophagales|f__Cyclobacteriaceae|g__Tunicatimonas|s__|ASV_15977","ColaDeBallena - EsteroZacatecas","k__Bacteria|p__Bacteroidota|c__Bacteroidia|o__Cytophagales|f__Cyclobacteriaceae|g__Tunicatimonas|s__|ASV_15977",0.0347501417154397,0.0940365924106045,0.0243136269114791,0.0594193304896036,0.0940365924106045,"","ALDEx2_kw"
"k__Bacteria|p__Pseudomonadota|c__Alphaproteobacteria|o__Kiloniellales|f__Kiloniellaceae|g__Pelagibius|s__|ASV_3850","ColaDeBallena - EsteroZacatecas","k__Bacteria|p__Pseudomonadota|c__Alphaproteobacteria|o__Kiloniellales|f__Kiloniellaceae|g__Pelagibius|s__|ASV_3850",0.206121833396824,0.332918916703058,0.41762955909578,0.525689172371771,0.332918916703058,"","ALDEx2_kw"
"k__Bacteria|p__Pseudomonadota|c__Gammaproteobacteria|o__Pseudomonadales|f__KI89A_clade|g__|s__|ASV_9783","ColaDeBallena - EsteroZacatecas","k__Bacteria|p__Pseudomonadota|c__Gammaproteobacteria|o__Pseudomonadales|f__KI89A_clade|g__|s__|ASV_9783",0.0677655213178632,0.160922243602346,0.0668190509192521,0.139009259542517,0.160922243602346,"","ALDEx2_kw"
"k__Bacteria|p__Bacteroidota|c__Bacteroidia|o__Cytophagales|f__Cyclobacteriaceae|g__Tunicatimonas|s__|ASV_5122","ColaDeBallena - EsteroZacatecas","k__Bacteria|p__Bacteroidota|c__Bacteroidia|o__Cytophagales|f__Cyclobacteriaceae|g__Tunicatimonas|s__|ASV_5122",0.268369278383267,0.397141503950232,0.271611449251989,0.382282980357389,0.397141503950232,"","ALDEx2_kw"
"k__Bacteria|p__Pseudomonadota|c__Alphaproteobacteria|o__|f__Neomegalonemataceae|g__Acuticoccus|s__|ASV_4242","ColaDeBallena - EsteroZacatecas","k__Bacteria|p__Pseudomonadota|c__Alphaproteobacteria|o__|f__Neomegalonemataceae|g__Acuticoccus|s__|ASV_4242",0.113373212056828,0.203737905495141,0.0740050844067207,0.135809407021458,0.203737905495141,"","ALDEx2_kw"
"k__Bacteria|p__Rhodothermota|c__Rhodothermia|o__Rhodothermales|f__Rhodothermaceae|g__Rubrivirga|s__|ASV_11592","ColaDeBallena - EsteroZacatecas","k__Bacteria|p__Rhodothermota|c__Rhodothermia|o__Rhodothermales|f__Rhodothermaceae|g__Rubrivirga|s__|ASV_11592",0.00383375602503226,0.0259349622503321,0.0020391482801944,0.0109376151403302,0.0259349622503321,"*","ALDEx2_kw"
"k__Bacteria|p__Rhodothermota|c__Rhodothermia|o__Rhodothermales|f__Rhodothermaceae|g__|s__|ASV_13295","ColaDeBallena - EsteroZacatecas","k__Bacteria|p__Rhodothermota|c__Rhodothermia|o__Rhodothermales|f__Rhodothermaceae|g__|s__|ASV_13295",0.0376848398874426,0.110572871028469,0.0417043559296221,0.0964233312918546,0.110572871028469,"","ALDEx2_kw"
"k__Bacteria|p__Actinomycetota|c__Rubrobacteria|o__Rubrobacterales|f__Rubrobacteriaceae|g__Rubrobacter|s__|ASV_2894","ColaDeBallena - EsteroZacatecas","k__Bacteria|p__Actinomycetota|c__Rubrobacteria|o__Rubrobacterales|f__Rubrobacteriaceae|g__Rubrobacter|s__|ASV_2894",0.576804460512391,0.674058212551531,0.600933852259307,0.689590207339325,0.674058212551531,"","ALDEx2_kw"
"k__Bacteria|p__Planctomycetota|c__Planctomycetes|o__Planctomycetales|f__Rubinisphaeraceae|g__Planctomicrobium|s__|ASV_13985","ColaDeBallena - EsteroZacatecas","k__Bacteria|p__Planctomycetota|c__Planctomycetes|o__Planctomycetales|f__Rubinisphaeraceae|g__Planctomicrobium|s__|ASV_13985",0.507125282779555,0.614928041243093,0.490759276078709,0.593036205318733,0.614928041243093,"","ALDEx2_kw"
"k__Bacteria|p__Myxococcota|c__Polyangiia|o__Polyangiales|f__Sandaracinaceae|g__|s__|ASV_13049","ColaDeBallena - EsteroZacatecas","k__Bacteria|p__Myxococcota|c__Polyangiia|o__Polyangiales|f__Sandaracinaceae|g__|s__|ASV_13049",0.334308335248491,0.434404798162971,0.268353884963942,0.360898278123929,0.434404798162971,"","ALDEx2_kw"
"k__Bacteria|p__Verrucomicrobiota|c__Verrucomicrobiia|o__Verrucomicrobiales|f__Rubritaleaceae|g__Haloferula|s__|ASV_4595","ColaDeBallena - EsteroZacatecas","k__Bacteria|p__Verrucomicrobiota|c__Verrucomicrobiia|o__Verrucomicrobiales|f__Rubritaleaceae|g__Haloferula|s__|ASV_4595",0.516695812267695,0.616060209699862,0.431912446499759,0.53087179681186,0.616060209699862,"","ALDEx2_kw"
"k__Bacteria|p__Cyanobacteriota|c__Cyanobacteriia|o__Cyanobacteriales|f__Xenococcaceae|g__Myxosarcina_GI1|s__|ASV_7756","ColaDeBallena - EsteroZacatecas","k__Bacteria|p__Cyanobacteriota|c__Cyanobacteriia|o__Cyanobacteriales|f__Xenococcaceae|g__Myxosarcina_GI1|s__|ASV_7756",0.224969743072288,0.332364030257758,0.125318403041648,0.199776730664642,0.332364030257758,"","ALDEx2_kw"
"k__Bacteria|p__Bacteroidota|c__Bacteroidia|o__Cytophagales|f__Cyclobacteriaceae|g__Tunicatimonas|s__|ASV_6474","ColaDeBallena - EsteroZacatecas","k__Bacteria|p__Bacteroidota|c__Bacteroidia|o__Cytophagales|f__Cyclobacteriaceae|g__Tunicatimonas|s__|ASV_6474",0.277935112940413,0.388886650092514,0.201908580555218,0.296353868170493,0.388886650092514,"","ALDEx2_kw"
"k__Bacteria|p__Acidobacteriota|c__Thermoanaerobaculia|o__Thermoanaerobaculales|f__Thermoanaerobaculaceae|g__Subgroup_10|s__|ASV_15757","ColaDeBallena - EsteroZacatecas","k__Bacteria|p__Acidobacteriota|c__Thermoanaerobaculia|o__Thermoanaerobaculales|f__Thermoanaerobaculaceae|g__Subgroup_10|s__|ASV_15757",0.237253908411123,0.371847267806269,0.260744731396764,0.37116788315243,0.371847267806269,"","ALDEx2_kw"
"k__Bacteria|p__Actinomycetota|c__Thermoleophilia|o__Solirubrobacterales|f__Solirubrobacteraceae|g__Patulibacter|s__|ASV_9925","ColaDeBallena - EsteroZacatecas","k__Bacteria|p__Actinomycetota|c__Thermoleophilia|o__Solirubrobacterales|f__Solirubrobacteraceae|g__Patulibacter|s__|ASV_9925",0.135432918183292,0.235945113433359,0.101856776632998,0.176012229256231,0.235945113433359,"","ALDEx2_kw"
"k__Bacteria|p__Actinomycetota|c__Actinobacteria|o__Nitriliruptorales|f__Nitriliruptoraceae|g__|s__|ASV_3378","ColaDeBallena - EsteroZacatecas","k__Bacteria|p__Actinomycetota|c__Actinobacteria|o__Nitriliruptorales|f__Nitriliruptoraceae|g__|s__|ASV_3378",8.69635506795544e-05,0.00492760607862499,0.000121600779714294,0.001184689534426,0.00492760607862499,"**","ALDEx2_kw"
"k__Bacteria|p__Bacillota|c__Bacilli|o__Bacillales|f__Bacillaceae|g__Rossellomorea|s__|ASV_4044","ColaDeBallena - EsteroZacatecas","k__Bacteria|p__Bacillota|c__Bacilli|o__Bacillales|f__Bacillaceae|g__Rossellomorea|s__|ASV_4044",0.513523863014831,0.611284121461161,0.463395285889601,0.554699095876038,0.611284121461161,"","ALDEx2_kw"
"k__Bacteria|p__Rhodothermota|c__Rhodothermia|o__Rhodothermales|f__Rhodothermaceae|g__|s__|ASV_9391","ColaDeBallena - EsteroZacatecas","k__Bacteria|p__Rhodothermota|c__Rhodothermia|o__Rhodothermales|f__Rhodothermaceae|g__|s__|ASV_9391",0.645518147594234,0.737566699787326,0.59347279895155,0.685127722934376,0.737566699787326,"","ALDEx2_kw"
"k__Bacteria|p__Pseudomonadota|c__Gammaproteobacteria|o__Pseudomonadales|f__Cellvibrionaceae|g__|s__|ASV_4946","ColaDeBallena - EsteroZacatecas","k__Bacteria|p__Pseudomonadota|c__Gammaproteobacteria|o__Pseudomonadales|f__Cellvibrionaceae|g__|s__|ASV_4946",0.0117009781399376,0.0495630279751485,0.0111608624749344,0.0334752963251712,0.0495630279751485,"*","ALDEx2_kw"
"k__Bacteria|p__Pseudomonadota|c__Gammaproteobacteria|o__Chromatiales|f__Chromatiaceae|g__Thiophaeococcus|s__|ASV_12238","ColaDeBallena - EsteroZacatecas","k__Bacteria|p__Pseudomonadota|c__Gammaproteobacteria|o__Chromatiales|f__Chromatiaceae|g__Thiophaeococcus|s__|ASV_12238",0.265334664479439,0.37057845851411,0.169404659977994,0.261993875746439,0.37057845851411,"","ALDEx2_kw"
"k__Bacteria|p__Pseudomonadota|c__Alphaproteobacteria|o__Rhodobacterales|f__Paracoccaceae|g__|s__|ASV_14777","ColaDeBallena - EsteroZacatecas","k__Bacteria|p__Pseudomonadota|c__Alphaproteobacteria|o__Rhodobacterales|f__Paracoccaceae|g__|s__|ASV_14777",0.0687182180225329,0.14847325948418,0.0726057133432585,0.135271420086187,0.14847325948418,"","ALDEx2_kw"
"k__Bacteria|p__Bacteroidota|c__Bacteroidia|o__Cytophagales|f__Cyclobacteriaceae|g__Fulvivirga|s__|ASV_7283","ColaDeBallena - EsteroZacatecas","k__Bacteria|p__Bacteroidota|c__Bacteroidia|o__Cytophagales|f__Cyclobacteriaceae|g__Fulvivirga|s__|ASV_7283",0.00515837206156539,0.0323831550767613,0.00375148545175345,0.0164233057924205,0.0323831550767613,"*","ALDEx2_kw"
"k__Bacteria|p__Chloroflexota|c__Anaerolineae|o__Caldilineales|f__Caldilineaceae|g__|s__|ASV_1846","ColaDeBallena - EsteroZacatecas","k__Bacteria|p__Chloroflexota|c__Anaerolineae|o__Caldilineales|f__Caldilineaceae|g__|s__|ASV_1846",0.312694504304036,0.449337262671679,0.103061748882459,0.193065699259378,0.449337262671679,"","ALDEx2_kw"
"k__Bacteria|p__Pseudomonadota|c__Alphaproteobacteria|o__|f__Neomegalonemataceae|g__Acuticoccus|s__|ASV_2172","ColaDeBallena - EsteroZacatecas","k__Bacteria|p__Pseudomonadota|c__Alphaproteobacteria|o__|f__Neomegalonemataceae|g__Acuticoccus|s__|ASV_2172",0.124993220596529,0.222480068174426,0.068773027705834,0.13093210638665,0.222480068174426,"","ALDEx2_kw"
"k__Bacteria|p__Actinomycetota|c__Acidimicrobiia|o__Microtrichales|f__Microtrichaceae|g__IMCC26207|s__|ASV_14497","ColaDeBallena - EsteroZacatecas","k__Bacteria|p__Actinomycetota|c__Acidimicrobiia|o__Microtrichales|f__Microtrichaceae|g__IMCC26207|s__|ASV_14497",0.604891665424163,0.704180081033007,0.69775184527192,0.77448488167612,0.704180081033007,"","ALDEx2_kw"
"k__Bacteria|p__Rhodothermota|c__Rhodothermia|o__Rhodothermales|f__Rhodothermaceae|g__Rubrivirga|s__|ASV_15588","ColaDeBallena - EsteroZacatecas","k__Bacteria|p__Rhodothermota|c__Rhodothermia|o__Rhodothermales|f__Rhodothermaceae|g__Rubrivirga|s__|ASV_15588",0.152732703310341,0.252071942552202,0.0967217872909428,0.162969663582159,0.252071942552202,"","ALDEx2_kw"
"k__Bacteria|p__Actinomycetota|c__Actinobacteria|o__Nitriliruptorales|f__Nitriliruptoraceae|g__|s__|ASV_2752","ColaDeBallena - EsteroZacatecas","k__Bacteria|p__Actinomycetota|c__Actinobacteria|o__Nitriliruptorales|f__Nitriliruptoraceae|g__|s__|ASV_2752",0.0749112837141779,0.166827686562051,0.0781738905343978,0.153024960357719,0.166827686562051,"","ALDEx2_kw"
"k__Bacteria|p__Bacteroidota|c__Bacteroidia|o__Chitinophagales|f__Saprospiraceae|g__Phaeodactylibacter|s__|ASV_7871","ColaDeBallena - EsteroZacatecas","k__Bacteria|p__Bacteroidota|c__Bacteroidia|o__Chitinophagales|f__Saprospiraceae|g__Phaeodactylibacter|s__|ASV_7871",0.0519224940483775,0.124879128466112,0.0389670429653868,0.0852997192096756,0.124879128466112,"","ALDEx2_kw"
"k__Bacteria|p__Bacteroidota|c__Bacteroidia|o__Cytophagales|f__Cyclobacteriaceae|g__Tunicatimonas|s__|ASV_4875","ColaDeBallena - EsteroZacatecas","k__Bacteria|p__Bacteroidota|c__Bacteroidia|o__Cytophagales|f__Cyclobacteriaceae|g__Tunicatimonas|s__|ASV_4875",0.0768683796307525,0.174114426307388,0.148743601946218,0.244499864928418,0.174114426307388,"","ALDEx2_kw"
"k__Bacteria|p__Pseudomonadota|c__Alphaproteobacteria|o__Sphingomonadales|f__Sphingomonadaceae|g__Aurantiacibacter|s__|ASV_10631","ColaDeBallena - EsteroZacatecas","k__Bacteria|p__Pseudomonadota|c__Alphaproteobacteria|o__Sphingomonadales|f__Sphingomonadaceae|g__Aurantiacibacter|s__|ASV_10631",0.661983307351399,0.747911856190747,0.622572208004548,0.714610567502287,0.747911856190747,"","ALDEx2_kw"
"k__Bacteria|p__Balneolota|c__Balneolia|o__Balneolales|f__Balneolaceae|g__|s__|ASV_7903","ColaDeBallena - EsteroZacatecas","k__Bacteria|p__Balneolota|c__Balneolia|o__Balneolales|f__Balneolaceae|g__|s__|ASV_7903",0.0184623610411327,0.0708067586782496,0.0400536393545378,0.09177553197439,0.0708067586782496,"","ALDEx2_kw"
"k__Bacteria|p__Bacteroidota|c__Bacteroidia|o__Cytophagales|f__Cyclobacteriaceae|g__Tunicatimonas|s__|ASV_13852","ColaDeBallena - EsteroZacatecas","k__Bacteria|p__Bacteroidota|c__Bacteroidia|o__Cytophagales|f__Cyclobacteriaceae|g__Tunicatimonas|s__|ASV_13852",0.0230074380350414,0.0734494305001558,0.0295808194753285,0.0614855657911999,0.0734494305001558,"","ALDEx2_kw"
"k__Bacteria|p__Bacteroidota|c__Bacteroidia|o__Flavobacteriales|f__Flavobacteriaceae|g__Robiginitalea|s__|ASV_1957","ColaDeBallena - EsteroZacatecas","k__Bacteria|p__Bacteroidota|c__Bacteroidia|o__Flavobacteriales|f__Flavobacteriaceae|g__Robiginitalea|s__|ASV_1957",0.282825433395546,0.390670550735735,0.157734843982846,0.24537454617834,0.390670550735735,"","ALDEx2_kw"
"k__Bacteria|p__Pseudomonadota|c__Alphaproteobacteria|o__Hyphomicrobiales|f__Rhizobiaceae|g__|s__|ASV_8889","ColaDeBallena - EsteroZacatecas","k__Bacteria|p__Pseudomonadota|c__Alphaproteobacteria|o__Hyphomicrobiales|f__Rhizobiaceae|g__|s__|ASV_8889",0.349699326287955,0.455275944769346,0.170706012197747,0.262179004605284,0.455275944769346,"","ALDEx2_kw"
"k__Bacteria|p__Pseudomonadota|c__Gammaproteobacteria|o__Pseudomonadales|f__Marinomonadaceae|g__Marinomonas|s__|ASV_8306","ColaDeBallena - EsteroZacatecas","k__Bacteria|p__Pseudomonadota|c__Gammaproteobacteria|o__Pseudomonadales|f__Marinomonadaceae|g__Marinomonas|s__|ASV_8306",0.580079830411765,0.684347588916621,0.615986570952344,0.704401715911296,0.684347588916621,"","ALDEx2_kw"
"k__Bacteria|p__Cyanobacteriota|c__Cyanobacteriia|o__Cyanobacteriales|f__Nostocaceae|g__Rivularia_PCC-7116|s__|ASV_12444","ColaDeBallena - EsteroZacatecas","k__Bacteria|p__Cyanobacteriota|c__Cyanobacteriia|o__Cyanobacteriales|f__Nostocaceae|g__Rivularia_PCC-7116|s__|ASV_12444",0.0463584883820415,0.115339456300095,0.0407274773717658,0.0844566678199411,0.115339456300095,"","ALDEx2_kw"
"k__Bacteria|p__Pseudomonadota|c__Alphaproteobacteria|o__Rhodobacterales|f__Paracoccaceae|g__Palleronia-Pseudomaribius|s__|ASV_9319","ColaDeBallena - EsteroZacatecas","k__Bacteria|p__Pseudomonadota|c__Alphaproteobacteria|o__Rhodobacterales|f__Paracoccaceae|g__Palleronia-Pseudomaribius|s__|ASV_9319",0.200165351591484,0.304908547026688,0.145377773991444,0.228888246471374,0.304908547026688,"","ALDEx2_kw"
"k__Bacteria|p__Actinomycetota|c__Actinobacteria|o__Euzebyales|f__Euzebyaceae|g__|s__|ASV_12943","ColaDeBallena - EsteroZacatecas","k__Bacteria|p__Actinomycetota|c__Actinobacteria|o__Euzebyales|f__Euzebyaceae|g__|s__|ASV_12943",0.142879494271419,0.24711573098952,0.0814623726077565,0.14991544850778,0.24711573098952,"","ALDEx2_kw"
"k__Bacteria|p__Bacteroidota|c__Bacteroidia|o__Chitinophagales|f__Saprospiraceae|g__Lewinella|s__|ASV_14761","ColaDeBallena - EsteroZacatecas","k__Bacteria|p__Bacteroidota|c__Bacteroidia|o__Chitinophagales|f__Saprospiraceae|g__Lewinella|s__|ASV_14761",0.464528827180229,0.569566096577632,0.29983942620627,0.400868898808528,0.569566096577632,"","ALDEx2_kw"
"k__Bacteria|p__Planctomycetota|c__Planctomycetes|o__Pirellulales|f__Pirellulaceae|g__Pir4_lineage|s__|ASV_4944","ColaDeBallena - EsteroZacatecas","k__Bacteria|p__Planctomycetota|c__Planctomycetes|o__Pirellulales|f__Pirellulaceae|g__Pir4_lineage|s__|ASV_4944",0.654255609170847,0.743049772143502,0.707196108416532,0.782468232553054,0.743049772143502,"","ALDEx2_kw"
"k__Bacteria|p__Bacteroidota|c__Bacteroidia|o__Chitinophagales|f__Saprospiraceae|g__|s__|ASV_12745","ColaDeBallena - EsteroZacatecas","k__Bacteria|p__Bacteroidota|c__Bacteroidia|o__Chitinophagales|f__Saprospiraceae|g__|s__|ASV_12745",0.0369591859306274,0.103704955870933,0.0560348879471544,0.112152003503534,0.103704955870933,"","ALDEx2_kw"
"k__Bacteria|p__Actinomycetota|c__Acidimicrobiia|o__Microtrichales|f__Ilumatobacteraceae|g__Ilumatobacter|s__|ASV_8457","ColaDeBallena - EsteroZacatecas","k__Bacteria|p__Actinomycetota|c__Acidimicrobiia|o__Microtrichales|f__Ilumatobacteraceae|g__Ilumatobacter|s__|ASV_8457",0.109426446701626,0.203506986674301,0.0576972311581731,0.116123458673952,0.203506986674301,"","ALDEx2_kw"
"k__Bacteria|p__Bacteroidota|c__Bacteroidia|o__Chitinophagales|f__Saprospiraceae|g__Lewinella|s__|ASV_14052","ColaDeBallena - EsteroZacatecas","k__Bacteria|p__Bacteroidota|c__Bacteroidia|o__Chitinophagales|f__Saprospiraceae|g__Lewinella|s__|ASV_14052",0.0186412002937549,0.0651114765917775,0.0169209383637318,0.0446311309157746,0.0651114765917775,"","ALDEx2_kw"
"k__Bacteria|p__Pseudomonadota|c__Alphaproteobacteria|o__Caulobacterales|f__Parvularculaceae|g__Parvularcula|s__|ASV_11516","ColaDeBallena - EsteroZacatecas","k__Bacteria|p__Pseudomonadota|c__Alphaproteobacteria|o__Caulobacterales|f__Parvularculaceae|g__Parvularcula|s__|ASV_11516",0.26270465146975,0.375550801114075,0.2144529510111,0.305933770915254,0.375550801114075,"","ALDEx2_kw"
"k__Bacteria|p__Pseudomonadota|c__Alphaproteobacteria|o__Hyphomicrobiales|f__Rhizobiaceae|g__|s__|ASV_9057","ColaDeBallena - EsteroZacatecas","k__Bacteria|p__Pseudomonadota|c__Alphaproteobacteria|o__Hyphomicrobiales|f__Rhizobiaceae|g__|s__|ASV_9057",0.232552412943355,0.346238601965244,0.128912210216008,0.215102381529035,0.346238601965244,"","ALDEx2_kw"
"k__Bacteria|p__Bacteroidota|c__Bacteroidia|o__Flavobacteriales|f__Flavobacteriaceae|g__Gramella|s__|ASV_15214","ColaDeBallena - EsteroZacatecas","k__Bacteria|p__Bacteroidota|c__Bacteroidia|o__Flavobacteriales|f__Flavobacteriaceae|g__Gramella|s__|ASV_15214",0.49602912355015,0.597848385379468,0.456091505885066,0.553910585414778,0.597848385379468,"","ALDEx2_kw"
"k__Bacteria|p__Pseudomonadota|c__Gammaproteobacteria|o__Steroidobacterales|f__Woeseiaceae|g__Woeseia|s__|ASV_4027","ColaDeBallena - EsteroZacatecas","k__Bacteria|p__Pseudomonadota|c__Gammaproteobacteria|o__Steroidobacterales|f__Woeseiaceae|g__Woeseia|s__|ASV_4027",0.295506415656756,0.404724011827918,0.174632176369008,0.261815764841057,0.404724011827918,"","ALDEx2_kw"
"k__Bacteria|p__Bacteroidota|c__Bacteroidia|o__Cytophagales|f__Cyclobacteriaceae|g__Fulvivirga|s__|ASV_488","ColaDeBallena - EsteroZacatecas","k__Bacteria|p__Bacteroidota|c__Bacteroidia|o__Cytophagales|f__Cyclobacteriaceae|g__Fulvivirga|s__|ASV_488",0.00329407620150288,0.0233199113811074,0.00232667080079996,0.00965624968573453,0.0233199113811074,"*","ALDEx2_kw"
"k__Bacteria|p__Pseudomonadota|c__Alphaproteobacteria|o__|f__Neomegalonemataceae|g__Acuticoccus|s__|ASV_9666","ColaDeBallena - EsteroZacatecas","k__Bacteria|p__Pseudomonadota|c__Alphaproteobacteria|o__|f__Neomegalonemataceae|g__Acuticoccus|s__|ASV_9666",0.0130079930806203,0.0507796661574794,0.012046380565791,0.0339402678843818,0.0507796661574794,"","ALDEx2_kw"
"k__Bacteria|p__Bacteroidota|c__Bacteroidia|o__Chitinophagales|f__Saprospiraceae|g__|s__|ASV_14754","ColaDeBallena - EsteroZacatecas","k__Bacteria|p__Bacteroidota|c__Bacteroidia|o__Chitinophagales|f__Saprospiraceae|g__|s__|ASV_14754",0.00667910177637826,0.0386561205104195,0.0198315944091711,0.0548225567335554,0.0386561205104195,"*","ALDEx2_kw"
"k__Bacteria|p__Pseudomonadota|c__Alphaproteobacteria|o__Hyphomicrobiales|f__Rhizobiaceae|g__|s__|ASV_9642","ColaDeBallena - EsteroZacatecas","k__Bacteria|p__Pseudomonadota|c__Alphaproteobacteria|o__Hyphomicrobiales|f__Rhizobiaceae|g__|s__|ASV_9642",0.0422740253605987,0.116933219461236,0.145367009231737,0.236562585592642,0.116933219461236,"","ALDEx2_kw"
"k__Bacteria|p__Rhodothermota|c__Rhodothermia|o__Rhodothermales|f__Rhodothermaceae|g__|s__|ASV_4914","ColaDeBallena - EsteroZacatecas","k__Bacteria|p__Rhodothermota|c__Rhodothermia|o__Rhodothermales|f__Rhodothermaceae|g__|s__|ASV_4914",0.194455971822619,0.298433252350936,0.111109896414067,0.185245741967428,0.298433252350936,"","ALDEx2_kw"
"k__Bacteria|p__Pseudomonadota|c__Alphaproteobacteria|o__Sphingomonadales|f__Sphingomonadaceae|g__Croceibacterium|s__|ASV_3589","ColaDeBallena - EsteroZacatecas","k__Bacteria|p__Pseudomonadota|c__Alphaproteobacteria|o__Sphingomonadales|f__Sphingomonadaceae|g__Croceibacterium|s__|ASV_3589",0.0100774946225033,0.0488146245376095,0.0120734692069325,0.0362528919805429,0.0488146245376095,"*","ALDEx2_kw"
"k__Bacteria|p__Bacteroidota|c__Bacteroidia|o__Bacteroidales|f__Prolixibacteraceae|g__|s__|ASV_10019","ColaDeBallena - EsteroZacatecas","k__Bacteria|p__Bacteroidota|c__Bacteroidia|o__Bacteroidales|f__Prolixibacteraceae|g__|s__|ASV_10019",0.00117927579694091,0.013781007018116,0.00167589656669586,0.00772255909601361,0.013781007018116,"*","ALDEx2_kw"
"k__Bacteria|p__Pseudomonadota|c__Gammaproteobacteria|o__Enterobacterales|f__Pseudoalteromonadaceae|g__Pseudoalteromonas|s__|ASV_11013","ColaDeBallena - EsteroZacatecas","k__Bacteria|p__Pseudomonadota|c__Gammaproteobacteria|o__Enterobacterales|f__Pseudoalteromonadaceae|g__Pseudoalteromonas|s__|ASV_11013",0.0337828385010052,0.102286704458529,0.122302955157953,0.207500906682987,0.102286704458529,"","ALDEx2_kw"
"k__Bacteria|p__Rhodothermota|c__Rhodothermia|o__Rhodothermales|f__Rhodothermaceae|g__|s__|ASV_14795","ColaDeBallena - EsteroZacatecas","k__Bacteria|p__Rhodothermota|c__Rhodothermia|o__Rhodothermales|f__Rhodothermaceae|g__|s__|ASV_14795",0.357084799183035,0.480754414689169,0.393573474814242,0.498349373710248,0.480754414689169,"","ALDEx2_kw"
"k__Bacteria|p__Pseudomonadota|c__Alphaproteobacteria|o__Sphingomonadales|f__Sphingomonadaceae|g__Paraurantiacibacter|s__|ASV_6166","ColaDeBallena - EsteroZacatecas","k__Bacteria|p__Pseudomonadota|c__Alphaproteobacteria|o__Sphingomonadales|f__Sphingomonadaceae|g__Paraurantiacibacter|s__|ASV_6166",0.105975507688528,0.195527020360247,0.0582354096435452,0.115822479973124,0.195527020360247,"","ALDEx2_kw"
"k__Bacteria|p__Pseudomonadota|c__Gammaproteobacteria|o__Pseudomonadales|f__Cellvibrionaceae|g__|s__|ASV_11138","ColaDeBallena - EsteroZacatecas","k__Bacteria|p__Pseudomonadota|c__Gammaproteobacteria|o__Pseudomonadales|f__Cellvibrionaceae|g__|s__|ASV_11138",0.365386092644449,0.468542074943989,0.304664772117122,0.398366167821246,0.468542074943989,"","ALDEx2_kw"
"k__Bacteria|p__Bacteroidota|c__Bacteroidia|o__Flavobacteriales|f__Flavobacteriaceae|g__|s__|ASV_4722","ColaDeBallena - EsteroZacatecas","k__Bacteria|p__Bacteroidota|c__Bacteroidia|o__Flavobacteriales|f__Flavobacteriaceae|g__|s__|ASV_4722",0.0497193347776689,0.117479671300661,0.0365570370325914,0.0808599578706132,0.117479671300661,"","ALDEx2_kw"
"k__Bacteria|p__Thermodesulfobacteriota|c__Desulfobacteria|o__Desulfobacterales|f__Desulfosarcinaceae|g__|s__|ASV_7814","ColaDeBallena - EsteroZacatecas","k__Bacteria|p__Thermodesulfobacteriota|c__Desulfobacteria|o__Desulfobacterales|f__Desulfosarcinaceae|g__|s__|ASV_7814",0.667013857259478,0.753628279210715,0.631692382153532,0.717695327919888,0.753628279210715,"","ALDEx2_kw"
"k__Bacteria|p__Bacteroidota|c__Bacteroidia|o__Cytophagales|f__Cyclobacteriaceae|g__Tunicatimonas|s__|ASV_7191","ColaDeBallena - EsteroZacatecas","k__Bacteria|p__Bacteroidota|c__Bacteroidia|o__Cytophagales|f__Cyclobacteriaceae|g__Tunicatimonas|s__|ASV_7191",0.00024741127974332,0.00701362663835748,0.000629264279226699,0.00248774589918034,0.00701362663835748,"**","ALDEx2_kw"
"k__Bacteria|p__Pseudomonadota|c__Gammaproteobacteria|o__Pseudomonadales|f__Cellvibrionaceae|g__|s__|ASV_2139","ColaDeBallena - EsteroZacatecas","k__Bacteria|p__Pseudomonadota|c__Gammaproteobacteria|o__Pseudomonadales|f__Cellvibrionaceae|g__|s__|ASV_2139",0.34620351447966,0.450773171726635,0.287395018587802,0.382195123483176,0.450773171726635,"","ALDEx2_kw"
"k__Bacteria|p__Bacteroidota|c__Bacteroidia|o__Cytophagales|f__Cyclobacteriaceae|g__Tunicatimonas|s__|ASV_1544","ColaDeBallena - EsteroZacatecas","k__Bacteria|p__Bacteroidota|c__Bacteroidia|o__Cytophagales|f__Cyclobacteriaceae|g__Tunicatimonas|s__|ASV_1544",0.0229826564333397,0.0761857687991258,0.0247539193578805,0.0602508954750322,0.0761857687991258,"","ALDEx2_kw"
"k__Bacteria|p__Pseudomonadota|c__Alphaproteobacteria|o__Rhodobacterales|f__Paracoccaceae|g__Palleronia-Pseudomaribius|s__|ASV_9313","ColaDeBallena - EsteroZacatecas","k__Bacteria|p__Pseudomonadota|c__Alphaproteobacteria|o__Rhodobacterales|f__Paracoccaceae|g__Palleronia-Pseudomaribius|s__|ASV_9313",0.452006069649889,0.551381750847429,0.336022552647757,0.431442567553732,0.551381750847429,"","ALDEx2_kw"
"k__Bacteria|p__Pseudomonadota|c__Alphaproteobacteria|o__Rhodobacterales|f__Paracoccaceae|g__|s__|ASV_14237","ColaDeBallena - EsteroZacatecas","k__Bacteria|p__Pseudomonadota|c__Alphaproteobacteria|o__Rhodobacterales|f__Paracoccaceae|g__|s__|ASV_14237",0.312039248760722,0.447613321265331,0.256008675854727,0.36388647040821,0.447613321265331,"","ALDEx2_kw"
"k__Bacteria|p__Pseudomonadota|c__Alphaproteobacteria|o__Rhodobacterales|f__Paracoccaceae|g__|s__|ASV_1832","ColaDeBallena - EsteroZacatecas","k__Bacteria|p__Pseudomonadota|c__Alphaproteobacteria|o__Rhodobacterales|f__Paracoccaceae|g__|s__|ASV_1832",0.215604527217129,0.318797902858836,0.166043515005086,0.243734519765667,0.318797902858836,"","ALDEx2_kw"
"k__Bacteria|p__Bacteroidota|c__Bacteroidia|o__Flavobacteriales|f__Flavobacteriaceae|g__Robiginitalea|s__|ASV_9267","ColaDeBallena - EsteroZacatecas","k__Bacteria|p__Bacteroidota|c__Bacteroidia|o__Flavobacteriales|f__Flavobacteriaceae|g__Robiginitalea|s__|ASV_9267",0.228478199348326,0.334664042707725,0.138524827441952,0.222237397789477,0.334664042707725,"","ALDEx2_kw"
"k__Bacteria|p__Planctomycetota|c__Planctomycetes|o__Pirellulales|f__Pirellulaceae|g__Rhodopirellula|s__|ASV_14101","ColaDeBallena - EsteroZacatecas","k__Bacteria|p__Planctomycetota|c__Planctomycetes|o__Pirellulales|f__Pirellulaceae|g__Rhodopirellula|s__|ASV_14101",0.244774202269351,0.348383668976248,0.19622211473975,0.285051144341289,0.348383668976248,"","ALDEx2_kw"
"k__Bacteria|p__Pseudomonadota|c__Gammaproteobacteria|o__Chromatiales|f__Chromatiaceae|g__|s__|ASV_15166","ColaDeBallena - EsteroZacatecas","k__Bacteria|p__Pseudomonadota|c__Gammaproteobacteria|o__Chromatiales|f__Chromatiaceae|g__|s__|ASV_15166",0.0163332969259589,0.0606806026483229,0.0218761547790263,0.0516895591138525,0.0606806026483229,"","ALDEx2_kw"
"k__Bacteria|p__Pseudomonadota|c__Gammaproteobacteria|o__Steroidobacterales|f__Woeseiaceae|g__Woeseia|s__|ASV_15362","ColaDeBallena - EsteroZacatecas","k__Bacteria|p__Pseudomonadota|c__Gammaproteobacteria|o__Steroidobacterales|f__Woeseiaceae|g__Woeseia|s__|ASV_15362",0.000198786573925791,0.00640922661885566,0.000155600637315209,0.00112605715904468,0.00640922661885566,"**","ALDEx2_kw"
"k__Bacteria|p__Bacteroidota|c__Bacteroidia|o__Flavobacteriales|f__Flavobacteriaceae|g__Pricia|s__|ASV_13539","ColaDeBallena - EsteroZacatecas","k__Bacteria|p__Bacteroidota|c__Bacteroidia|o__Flavobacteriales|f__Flavobacteriaceae|g__Pricia|s__|ASV_13539",0.212796806268805,0.313673818287407,0.120139335509464,0.19716427861803,0.313673818287407,"","ALDEx2_kw"
"k__Bacteria|p__Pseudomonadota|c__Alphaproteobacteria|o__Rhodobacterales|f__Paracoccaceae|g__Hasllibacter|s__|ASV_5521","ColaDeBallena - EsteroZacatecas","k__Bacteria|p__Pseudomonadota|c__Alphaproteobacteria|o__Rhodobacterales|f__Paracoccaceae|g__Hasllibacter|s__|ASV_5521",0.399338408978683,0.508476414000334,0.339722520456855,0.445893489674403,0.508476414000334,"","ALDEx2_kw"
"k__Bacteria|p__Verrucomicrobiota|c__Verrucomicrobiia|o__Verrucomicrobiales|f__Rubritaleaceae|g__Haloferula|s__|ASV_13415","ColaDeBallena - EsteroZacatecas","k__Bacteria|p__Verrucomicrobiota|c__Verrucomicrobiia|o__Verrucomicrobiales|f__Rubritaleaceae|g__Haloferula|s__|ASV_13415",0.178997349701652,0.283425827492071,0.137200986037983,0.217520425931171,0.283425827492071,"","ALDEx2_kw"
"k__Bacteria|p__Bacteroidota|c__Bacteroidia|o__Cytophagales|f__Cyclobacteriaceae|g__Fulvivirga|s__|ASV_2769","ColaDeBallena - EsteroZacatecas","k__Bacteria|p__Bacteroidota|c__Bacteroidia|o__Cytophagales|f__Cyclobacteriaceae|g__Fulvivirga|s__|ASV_2769",0.739277385435761,0.808820234243282,0.677890445620899,0.758460297506531,0.808820234243282,"","ALDEx2_kw"
"k__Bacteria|p__Pseudomonadota|c__Alphaproteobacteria|o__Hyphomicrobiales|f__Devosiaceae|g__Pelagibacterium|s__|ASV_10161","ColaDeBallena - EsteroZacatecas","k__Bacteria|p__Pseudomonadota|c__Alphaproteobacteria|o__Hyphomicrobiales|f__Devosiaceae|g__Pelagibacterium|s__|ASV_10161",0.000414919571537067,0.00881522714784524,0.000704075186067921,0.00410457957294322,0.00881522714784524,"**","ALDEx2_kw"
"k__Bacteria|p__Rhodothermota|c__Rhodothermia|o__Rhodothermales|f__Rhodothermaceae|g__Rubrivirga|s__|ASV_3675","ColaDeBallena - EsteroZacatecas","k__Bacteria|p__Rhodothermota|c__Rhodothermia|o__Rhodothermales|f__Rhodothermaceae|g__Rubrivirga|s__|ASV_3675",0.0934157948957883,0.175543916874021,0.0496004361508012,0.0995119214448499,0.175543916874021,"","ALDEx2_kw"
"k__Bacteria|p__Actinomycetota|c__Actinobacteria|o__Micrococcales|f__Intrasporangiaceae|g__|s__|ASV_3711","ColaDeBallena - EsteroZacatecas","k__Bacteria|p__Actinomycetota|c__Actinobacteria|o__Micrococcales|f__Intrasporangiaceae|g__|s__|ASV_3711",0.00263145354989666,0.0210791228343137,0.00315421174104006,0.0101149637591136,0.0210791228343137,"*","ALDEx2_kw"
"k__Bacteria|p__Planctomycetota|c__Planctomycetes|o__Pirellulales|f__Pirellulaceae|g__Pir4_lineage|s__|ASV_12473","ColaDeBallena - EsteroZacatecas","k__Bacteria|p__Planctomycetota|c__Planctomycetes|o__Pirellulales|f__Pirellulaceae|g__Pir4_lineage|s__|ASV_12473",0.0166011905295658,0.0656348663123454,0.0669767919560837,0.136571554458035,0.0656348663123454,"","ALDEx2_kw"
"k__Bacteria|p__Myxococcota|c__Polyangiia|o__Polyangiales|f__Sandaracinaceae|g__|s__|ASV_15192","ColaDeBallena - EsteroZacatecas","k__Bacteria|p__Myxococcota|c__Polyangiia|o__Polyangiales|f__Sandaracinaceae|g__|s__|ASV_15192",0.156817123233908,0.27541533251735,0.181397304539944,0.273968423572778,0.27541533251735,"","ALDEx2_kw"
"k__Bacteria|p__Pseudomonadota|c__Alphaproteobacteria|o__Hyphomicrobiales|f__Rhodomicrobiaceae|g__Rhodomicrobium|s__|ASV_10200","ColaDeBallena - EsteroZacatecas","k__Bacteria|p__Pseudomonadota|c__Alphaproteobacteria|o__Hyphomicrobiales|f__Rhodomicrobiaceae|g__Rhodomicrobium|s__|ASV_10200",0.656520343198311,0.741617436221387,0.632066391126751,0.719163515116064,0.741617436221387,"","ALDEx2_kw"
"k__Bacteria|p__Pseudomonadota|c__Gammaproteobacteria|o__Pseudomonadales|f__Halieaceae|g__|s__|ASV_10906","ColaDeBallena - EsteroZacatecas","k__Bacteria|p__Pseudomonadota|c__Gammaproteobacteria|o__Pseudomonadales|f__Halieaceae|g__|s__|ASV_10906",0.263244169885415,0.397477587313695,0.275709431257525,0.390403739712158,0.397477587313695,"","ALDEx2_kw"
"k__Bacteria|p__Cyanobacteriota|c__Cyanobacteriia|o__Cyanobacteriales|f__Xenococcaceae|g__Pleurocapsa_PCC-7319|s__|ASV_7092","ColaDeBallena - EsteroZacatecas","k__Bacteria|p__Cyanobacteriota|c__Cyanobacteriia|o__Cyanobacteriales|f__Xenococcaceae|g__Pleurocapsa_PCC-7319|s__|ASV_7092",0.0297208745465008,0.0863373967836392,0.0286064193207477,0.0658476814452405,0.0863373967836392,"","ALDEx2_kw"
"k__Bacteria|p__Pseudomonadota|c__Alphaproteobacteria|o__Sphingomonadales|f__Sphingomonadaceae|g__Altericroceibacterium|s__|ASV_2109","ColaDeBallena - EsteroZacatecas","k__Bacteria|p__Pseudomonadota|c__Alphaproteobacteria|o__Sphingomonadales|f__Sphingomonadaceae|g__Altericroceibacterium|s__|ASV_2109",0.0943871011624879,0.181726503291896,0.073618402384486,0.138324084591452,0.181726503291896,"","ALDEx2_kw"
"k__Bacteria|p__Chloroflexota|c__Anaerolineae|o__Anaerolineales|f__Anaerolineaceae|g__|s__|ASV_8957","ColaDeBallena - EsteroZacatecas","k__Bacteria|p__Chloroflexota|c__Anaerolineae|o__Anaerolineales|f__Anaerolineaceae|g__|s__|ASV_8957",0.0425090970682173,0.108355898539731,0.0370538785978633,0.0802772765528375,0.108355898539731,"","ALDEx2_kw"
"k__Bacteria|p__Actinomycetota|c__Acidimicrobiia|o__Microtrichales|f__Ilumatobacteraceae|g__Ilumatobacter|s__|ASV_1622","ColaDeBallena - EsteroZacatecas","k__Bacteria|p__Actinomycetota|c__Acidimicrobiia|o__Microtrichales|f__Ilumatobacteraceae|g__Ilumatobacter|s__|ASV_1622",0.299779512543488,0.429207456346048,0.458552486792356,0.563389352095205,0.429207456346048,"","ALDEx2_kw"
"k__Bacteria|p__Pseudomonadota|c__Gammaproteobacteria|o__Pseudomonadales|f__Spongiibacteraceae|g__|s__|ASV_9864","ColaDeBallena - EsteroZacatecas","k__Bacteria|p__Pseudomonadota|c__Gammaproteobacteria|o__Pseudomonadales|f__Spongiibacteraceae|g__|s__|ASV_9864",0.00681453669256506,0.0338257540247757,0.00319673262423837,0.0126221186694462,0.0338257540247757,"*","ALDEx2_kw"
"k__Bacteria|p__Actinomycetota|c__Acidimicrobiia|o__Microtrichales|f__Ilumatobacteraceae|g__Ilumatobacter|s__|ASV_9994","ColaDeBallena - EsteroZacatecas","k__Bacteria|p__Actinomycetota|c__Acidimicrobiia|o__Microtrichales|f__Ilumatobacteraceae|g__Ilumatobacter|s__|ASV_9994",0.00230580102839645,0.0192885355517864,0.000810089836124047,0.00471746931897227,0.0192885355517864,"*","ALDEx2_kw"
"k__Bacteria|p__Campylobacterota|c__Campylobacteria|o__Campylobacterales|f__Sulfurovaceae|g__Sulfurovum|s__|ASV_10544","ColaDeBallena - EsteroZacatecas","k__Bacteria|p__Campylobacterota|c__Campylobacteria|o__Campylobacterales|f__Sulfurovaceae|g__Sulfurovum|s__|ASV_10544",0.102270689822827,0.188965240009067,0.058642829674956,0.114385373886175,0.188965240009067,"","ALDEx2_kw"
"k__Bacteria|p__Actinomycetota|c__Actinobacteria|o__Propionibacteriales|f__Nocardioidaceae|g__Nocardioides|s__|ASV_1509","ColaDeBallena - EsteroZacatecas","k__Bacteria|p__Actinomycetota|c__Actinobacteria|o__Propionibacteriales|f__Nocardioidaceae|g__Nocardioides|s__|ASV_1509",0.0217837711987602,0.0699584605568696,0.0117174550849655,0.0343664200124229,0.0699584605568696,"","ALDEx2_kw"
"k__Bacteria|p__Cyanobacteriota|c__Cyanobacteriia|o__Cyanobacteriales|f__Xenococcaceae|g__Pleurocapsa_PCC-7319|s__|ASV_2884","ColaDeBallena - EsteroZacatecas","k__Bacteria|p__Cyanobacteriota|c__Cyanobacteriia|o__Cyanobacteriales|f__Xenococcaceae|g__Pleurocapsa_PCC-7319|s__|ASV_2884",0.199734282986396,0.31830165190986,0.193505480373916,0.294027580914299,0.31830165190986,"","ALDEx2_kw"
"k__Bacteria|p__Pseudomonadota|c__Alphaproteobacteria|o__Sphingomonadales|f__Sphingomonadaceae|g__|s__|ASV_9919","ColaDeBallena - EsteroZacatecas","k__Bacteria|p__Pseudomonadota|c__Alphaproteobacteria|o__Sphingomonadales|f__Sphingomonadaceae|g__|s__|ASV_9919",0.0783589271079128,0.171607427841536,0.12627575490837,0.211430418407422,0.171607427841536,"","ALDEx2_kw"
"k__Bacteria|p__Cyanobacteriota|c__Cyanobacteriia|o__Cyanobacteriales|f__Nostocaceae|g__Calothrix_PCC-6303|s__|ASV_10882","ColaDeBallena - EsteroZacatecas","k__Bacteria|p__Cyanobacteriota|c__Cyanobacteriia|o__Cyanobacteriales|f__Nostocaceae|g__Calothrix_PCC-6303|s__|ASV_10882",0.0186695359442086,0.0637433206472584,0.0317443202661544,0.0691922111948139,0.0637433206472584,"","ALDEx2_kw"
"k__Bacteria|p__Bacteroidota|c__Bacteroidia|o__Chitinophagales|f__Saprospiraceae|g__Lewinella|s__|ASV_4172","ColaDeBallena - EsteroZacatecas","k__Bacteria|p__Bacteroidota|c__Bacteroidia|o__Chitinophagales|f__Saprospiraceae|g__Lewinella|s__|ASV_4172",0.0538906804711283,0.125117866750215,0.028459013402396,0.0659674191916512,0.125117866750215,"","ALDEx2_kw"
"k__Bacteria|p__Bacteroidota|c__Bacteroidia|o__Flavobacteriales|f__Flavobacteriaceae|g__|s__|ASV_11518","ColaDeBallena - EsteroZacatecas","k__Bacteria|p__Bacteroidota|c__Bacteroidia|o__Flavobacteriales|f__Flavobacteriaceae|g__|s__|ASV_11518",0.313208077909051,0.417242664042732,0.227684124066879,0.315481824063927,0.417242664042732,"","ALDEx2_kw"
"k__Bacteria|p__Pseudomonadota|c__Gammaproteobacteria|o__Pseudomonadales|f__Cellvibrionaceae|g__|s__|ASV_13870","ColaDeBallena - EsteroZacatecas","k__Bacteria|p__Pseudomonadota|c__Gammaproteobacteria|o__Pseudomonadales|f__Cellvibrionaceae|g__|s__|ASV_13870",0.00457540119050888,0.0304630618678136,0.0202970327504222,0.0507441465660549,0.0304630618678136,"*","ALDEx2_kw"
"k__Bacteria|p__Pseudomonadota|c__Gammaproteobacteria|o__Enterobacterales|f__Vibrionaceae|g__Vibrio|s__|ASV_5381","ColaDeBallena - EsteroZacatecas","k__Bacteria|p__Pseudomonadota|c__Gammaproteobacteria|o__Enterobacterales|f__Vibrionaceae|g__Vibrio|s__|ASV_5381",0.0258422167242459,0.0748783242289606,0.0105512287003436,0.0294711017169636,0.0748783242289606,"","ALDEx2_kw"
"k__Bacteria|p__Actinomycetota|c__Actinobacteria|o__Nitriliruptorales|f__Nitriliruptoraceae|g__|s__|ASV_13649","ColaDeBallena - EsteroZacatecas","k__Bacteria|p__Actinomycetota|c__Actinobacteria|o__Nitriliruptorales|f__Nitriliruptoraceae|g__|s__|ASV_13649",0.0142595431513597,0.0548609799548502,0.0169906630018864,0.0434509018960735,0.0548609799548502,"","ALDEx2_kw"
"k__Bacteria|p__Pseudomonadota|c__Alphaproteobacteria|o__Rhodobacterales|f__Paracoccaceae|g__Actibacterium|s__|ASV_413","ColaDeBallena - EsteroZacatecas","k__Bacteria|p__Pseudomonadota|c__Alphaproteobacteria|o__Rhodobacterales|f__Paracoccaceae|g__Actibacterium|s__|ASV_413",0.0735253339735097,0.164150230279481,0.0775336487192135,0.143652287204842,0.164150230279481,"","ALDEx2_kw"
"k__Bacteria|p__Pseudomonadota|c__Alphaproteobacteria|o__|f__Neomegalonemataceae|g__Acuticoccus|s__|ASV_10139","ColaDeBallena - EsteroZacatecas","k__Bacteria|p__Pseudomonadota|c__Alphaproteobacteria|o__|f__Neomegalonemataceae|g__Acuticoccus|s__|ASV_10139",0.344628817417134,0.471865476657953,0.310728139158733,0.422024150961775,0.471865476657953,"","ALDEx2_kw"
"k__Bacteria|p__Pseudomonadota|c__Alphaproteobacteria|o__Sphingomonadales|f__Sphingomonadaceae|g__Sphingomicrobium|s__|ASV_8463","ColaDeBallena - EsteroZacatecas","k__Bacteria|p__Pseudomonadota|c__Alphaproteobacteria|o__Sphingomonadales|f__Sphingomonadaceae|g__Sphingomicrobium|s__|ASV_8463",0.0470681506808901,0.111064840114346,0.0182215742278944,0.0489986327283789,0.111064840114346,"","ALDEx2_kw"
"k__Bacteria|p__Planctomycetota|c__Planctomycetes|o__Pirellulales|f__Pirellulaceae|g__Pir4_lineage|s__|ASV_6003","ColaDeBallena - EsteroZacatecas","k__Bacteria|p__Planctomycetota|c__Planctomycetes|o__Pirellulales|f__Pirellulaceae|g__Pir4_lineage|s__|ASV_6003",0.0946448868169448,0.190021152875803,0.130733751543829,0.214194221835736,0.190021152875803,"","ALDEx2_kw"
"k__Bacteria|p__Thermodesulfobacteriota|c__Desulfobulbia|o__Desulfobulbales|f__Desulfocapsaceae|g__|s__|ASV_15238","ColaDeBallena - EsteroZacatecas","k__Bacteria|p__Thermodesulfobacteriota|c__Desulfobulbia|o__Desulfobulbales|f__Desulfocapsaceae|g__|s__|ASV_15238",0.0142831266160022,0.0539745330849528,0.0206173180031813,0.0496956578083927,0.0539745330849528,"","ALDEx2_kw"
"k__Bacteria|p__Pseudomonadota|c__Alphaproteobacteria|o__Hyphomicrobiales|f__Rhizobiaceae|g__Pseudahrensia|s__|ASV_1110","ColaDeBallena - EsteroZacatecas","k__Bacteria|p__Pseudomonadota|c__Alphaproteobacteria|o__Hyphomicrobiales|f__Rhizobiaceae|g__Pseudahrensia|s__|ASV_1110",0.414123227205874,0.512978215824291,0.260670359578192,0.353278842466404,0.512978215824291,"","ALDEx2_kw"
"k__Bacteria|p__Pseudomonadota|c__Alphaproteobacteria|o__Hyphomicrobiales|f__Rhizobiaceae|g__|s__|ASV_9753","ColaDeBallena - EsteroZacatecas","k__Bacteria|p__Pseudomonadota|c__Alphaproteobacteria|o__Hyphomicrobiales|f__Rhizobiaceae|g__|s__|ASV_9753",0.236216271516427,0.340684973227966,0.134980283338914,0.214110946890231,0.340684973227966,"","ALDEx2_kw"
"k__Bacteria|p__Pseudomonadota|c__Gammaproteobacteria|o__Pseudomonadales|f__Marinomonadaceae|g__Marinomonas|s__|ASV_223","ColaDeBallena - EsteroZacatecas","k__Bacteria|p__Pseudomonadota|c__Gammaproteobacteria|o__Pseudomonadales|f__Marinomonadaceae|g__Marinomonas|s__|ASV_223",0.027982614587675,0.0914600264091586,0.0459020506313374,0.102384282373303,0.0914600264091586,"","ALDEx2_kw"
"k__Bacteria|p__Rhodothermota|c__Rhodothermia|o__Rhodothermales|f__Rhodothermaceae|g__|s__|ASV_4624","ColaDeBallena - EsteroZacatecas","k__Bacteria|p__Rhodothermota|c__Rhodothermia|o__Rhodothermales|f__Rhodothermaceae|g__|s__|ASV_4624",0.0878590025488134,0.174812603112349,0.0756286134058075,0.139691898377576,0.174812603112349,"","ALDEx2_kw"
"k__Bacteria|p__Bacteroidota|c__Bacteroidia|o__Flavobacteriales|f__Flavobacteriaceae|g__Hoppeia|s__|ASV_7724","ColaDeBallena - EsteroZacatecas","k__Bacteria|p__Bacteroidota|c__Bacteroidia|o__Flavobacteriales|f__Flavobacteriaceae|g__Hoppeia|s__|ASV_7724",0.353379826611301,0.465210053003963,0.334554757318687,0.436816153870209,0.465210053003963,"","ALDEx2_kw"
"k__Bacteria|p__Cyanobacteriota|c__Cyanobacteriia|o__Cyanobacteriales|f__Xenococcaceae|g__|s__|ASV_11687","ColaDeBallena - EsteroZacatecas","k__Bacteria|p__Cyanobacteriota|c__Cyanobacteriia|o__Cyanobacteriales|f__Xenococcaceae|g__|s__|ASV_11687",0.352774848291586,0.46774459851516,0.274774795508823,0.377485059835201,0.46774459851516,"","ALDEx2_kw"
"k__Bacteria|p__Myxococcota|c__Polyangiia|o__Polyangiales|f__BIrii41|g__|s__|ASV_14712","ColaDeBallena - EsteroZacatecas","k__Bacteria|p__Myxococcota|c__Polyangiia|o__Polyangiales|f__BIrii41|g__|s__|ASV_14712",0.465929245250166,0.58230727394071,0.540819805896387,0.634061772538424,0.58230727394071,"","ALDEx2_kw"
"k__Bacteria|p__Rhodothermota|c__Rhodothermia|o__Rhodothermales|f__Rhodothermaceae|g__|s__|ASV_7872","ColaDeBallena - EsteroZacatecas","k__Bacteria|p__Rhodothermota|c__Rhodothermia|o__Rhodothermales|f__Rhodothermaceae|g__|s__|ASV_7872",0.0642091777986808,0.141762070854401,0.0486871737687447,0.0985984939788587,0.141762070854401,"","ALDEx2_kw"
"k__Bacteria|p__Chloroflexota|c__Anaerolineae|o__Anaerolineales|f__Anaerolineaceae|g__|s__|ASV_12486","ColaDeBallena - EsteroZacatecas","k__Bacteria|p__Chloroflexota|c__Anaerolineae|o__Anaerolineales|f__Anaerolineaceae|g__|s__|ASV_12486",0.294570134263446,0.432618731054056,0.177838375233741,0.280374437700091,0.432618731054056,"","ALDEx2_kw"
"k__Bacteria|p__Pseudomonadota|c__Gammaproteobacteria|o__Chromatiales|f__Chromatiaceae|g__Candidatus_Thiobios|s__|ASV_1550","ColaDeBallena - EsteroZacatecas","k__Bacteria|p__Pseudomonadota|c__Gammaproteobacteria|o__Chromatiales|f__Chromatiaceae|g__Candidatus_Thiobios|s__|ASV_1550",0.00126286976503485,0.0149266696963085,0.0014720380446013,0.00698287375297272,0.0149266696963085,"*","ALDEx2_kw"
"k__Bacteria|p__Myxococcota|c__Polyangiia|o__Polyangiales|f__Sandaracinaceae|g__|s__|ASV_3531","ColaDeBallena - EsteroZacatecas","k__Bacteria|p__Myxococcota|c__Polyangiia|o__Polyangiales|f__Sandaracinaceae|g__|s__|ASV_3531",0.000803523758823719,0.0115132034651724,0.000676850355682209,0.00274546708172168,0.0115132034651724,"*","ALDEx2_kw"
"k__Bacteria|p__Pseudomonadota|c__Alphaproteobacteria|o__Hyphomicrobiales|f__Rhizobiaceae|g__|s__|ASV_8289","ColaDeBallena - EsteroZacatecas","k__Bacteria|p__Pseudomonadota|c__Alphaproteobacteria|o__Hyphomicrobiales|f__Rhizobiaceae|g__|s__|ASV_8289",0.545884756392196,0.649391719685739,0.516675119013092,0.617351188366482,0.649391719685739,"","ALDEx2_kw"
"k__Bacteria|p__Pseudomonadota|c__Alphaproteobacteria|o__Sphingomonadales|f__Sphingomonadaceae|g__Sphingomicrobium|s__|ASV_1676","ColaDeBallena - EsteroZacatecas","k__Bacteria|p__Pseudomonadota|c__Alphaproteobacteria|o__Sphingomonadales|f__Sphingomonadaceae|g__Sphingomicrobium|s__|ASV_1676",0.538983657605198,0.634330441825408,0.467572008742775,0.56322864926222,0.634330441825408,"","ALDEx2_kw"
"k__Bacteria|p__Pseudomonadota|c__Gammaproteobacteria|o__Pseudomonadales|f__Halieaceae|g__Pseudohaliea|s__|ASV_9004","ColaDeBallena - EsteroZacatecas","k__Bacteria|p__Pseudomonadota|c__Gammaproteobacteria|o__Pseudomonadales|f__Halieaceae|g__Pseudohaliea|s__|ASV_9004",0.000224905891426096,0.00663931236779031,0.000362047372913363,0.00186940805170341,0.00663931236779031,"**","ALDEx2_kw"
"k__Bacteria|p__Pseudomonadota|c__Alphaproteobacteria|o__Rhodobacterales|f__Paracoccaceae|g__Jannaschia|s__|ASV_11098","ColaDeBallena - EsteroZacatecas","k__Bacteria|p__Pseudomonadota|c__Alphaproteobacteria|o__Rhodobacterales|f__Paracoccaceae|g__Jannaschia|s__|ASV_11098",0.0149727519146952,0.0580616085857391,0.0172151837666295,0.0423926083557958,0.0580616085857391,"","ALDEx2_kw"
"k__Bacteria|p__Pseudomonadota|c__Alphaproteobacteria|o__Sphingomonadales|f__Sphingomonadaceae|g__Parasphingopyxis|s__|ASV_5701","ColaDeBallena - EsteroZacatecas","k__Bacteria|p__Pseudomonadota|c__Alphaproteobacteria|o__Sphingomonadales|f__Sphingomonadaceae|g__Parasphingopyxis|s__|ASV_5701",0.655754892011505,0.738750217901539,0.630617086340524,0.716391402997537,0.738750217901539,"","ALDEx2_kw"
"k__Bacteria|p__Bacteroidota|c__Bacteroidia|o__Flavobacteriales|f__Flavobacteriaceae|g__Aquimarina|s__|ASV_15336","ColaDeBallena - EsteroZacatecas","k__Bacteria|p__Bacteroidota|c__Bacteroidia|o__Flavobacteriales|f__Flavobacteriaceae|g__Aquimarina|s__|ASV_15336",0.0208253838831572,0.0704205264366538,0.0226515544666762,0.0532528423754984,0.0704205264366538,"","ALDEx2_kw"
"k__Bacteria|p__Bacteroidota|c__Bacteroidia|o__Chitinophagales|f__Saprospiraceae|g__|s__|ASV_12385","ColaDeBallena - EsteroZacatecas","k__Bacteria|p__Bacteroidota|c__Bacteroidia|o__Chitinophagales|f__Saprospiraceae|g__|s__|ASV_12385",0.523220343093858,0.617742766491658,0.48580904615305,0.577665666769838,0.617742766491658,"","ALDEx2_kw"
"k__Bacteria|p__Cyanobacteriota|c__Cyanobacteriia|o__Synechococcales|f__Cyanobiaceae|g__|s__|ASV_13824","ColaDeBallena - EsteroZacatecas","k__Bacteria|p__Cyanobacteriota|c__Cyanobacteriia|o__Synechococcales|f__Cyanobiaceae|g__|s__|ASV_13824",0.0055497169462001,0.0329174557266578,0.00675120599734013,0.0215340120000964,0.0329174557266578,"*","ALDEx2_kw"
"k__Bacteria|p__Planctomycetota|c__Phycisphaerae|o__Phycisphaerales|f__Phycisphaeraceae|g__Algisphaera|s__|ASV_11725","ColaDeBallena - EsteroZacatecas","k__Bacteria|p__Planctomycetota|c__Phycisphaerae|o__Phycisphaerales|f__Phycisphaeraceae|g__Algisphaera|s__|ASV_11725",0.00530376566934563,0.0324437150321051,0.00615318895632439,0.0213357284018285,0.0324437150321051,"*","ALDEx2_kw"
"k__Bacteria|p__Pseudomonadota|c__Alphaproteobacteria|o__Rhodobacterales|f__Paracoccaceae|g__|s__|ASV_13252","ColaDeBallena - EsteroZacatecas","k__Bacteria|p__Pseudomonadota|c__Alphaproteobacteria|o__Rhodobacterales|f__Paracoccaceae|g__|s__|ASV_13252",0.49836310399962,0.593129300677148,0.364969118292849,0.46104089394071,0.593129300677148,"","ALDEx2_kw"
"k__Bacteria|p__Pseudomonadota|c__Gammaproteobacteria|o__Pseudomonadales|f__Halieaceae|g__Haliea|s__|ASV_5047","ColaDeBallena - EsteroZacatecas","k__Bacteria|p__Pseudomonadota|c__Gammaproteobacteria|o__Pseudomonadales|f__Halieaceae|g__Haliea|s__|ASV_5047",0.526063911144255,0.638059083415079,0.450846366861555,0.557551625653192,0.638059083415079,"","ALDEx2_kw"
"k__Bacteria|p__Pseudomonadota|c__Alphaproteobacteria|o__Rhodobacterales|f__Paracoccaceae|g__|s__|ASV_9805","ColaDeBallena - EsteroZacatecas","k__Bacteria|p__Pseudomonadota|c__Alphaproteobacteria|o__Rhodobacterales|f__Paracoccaceae|g__|s__|ASV_9805",0.00432609323956018,0.0268896444823489,0.00857305858315329,0.0221630196052012,0.0268896444823489,"*","ALDEx2_kw"
"k__Bacteria|p__Pseudomonadota|c__Gammaproteobacteria|o__Enterobacterales|f__Vibrionaceae|g__Vibrio|s__|ASV_10429","ColaDeBallena - EsteroZacatecas","k__Bacteria|p__Pseudomonadota|c__Gammaproteobacteria|o__Enterobacterales|f__Vibrionaceae|g__Vibrio|s__|ASV_10429",0.457773801038945,0.553183162565107,0.375993470134604,0.465674336597555,0.553183162565107,"","ALDEx2_kw"
"k__Bacteria|p__Rhodothermota|c__Rhodothermia|o__Rhodothermales|f__Rhodothermaceae|g__Rubrivirga|s__|ASV_15014","ColaDeBallena - EsteroZacatecas","k__Bacteria|p__Rhodothermota|c__Rhodothermia|o__Rhodothermales|f__Rhodothermaceae|g__Rubrivirga|s__|ASV_15014",0.400893130892484,0.50459204102022,0.342823981584229,0.438312504622228,0.50459204102022,"","ALDEx2_kw"
"k__Bacteria|p__Bacteroidota|c__Bacteroidia|o__Flavobacteriales|f__Flavobacteriaceae|g__|s__|ASV_8065","ColaDeBallena - EsteroZacatecas","k__Bacteria|p__Bacteroidota|c__Bacteroidia|o__Flavobacteriales|f__Flavobacteriaceae|g__|s__|ASV_8065",0.577694243734779,0.674560267881269,0.588278280311018,0.678300544423239,0.674560267881269,"","ALDEx2_kw"
"k__Bacteria|p__Pseudomonadota|c__Alphaproteobacteria|o__Rhodobacterales|f__Paracoccaceae|g__|s__|ASV_594","ColaDeBallena - EsteroZacatecas","k__Bacteria|p__Pseudomonadota|c__Alphaproteobacteria|o__Rhodobacterales|f__Paracoccaceae|g__|s__|ASV_594",0.347382638910754,0.46874845029135,0.385751427150524,0.491205072363913,0.46874845029135,"","ALDEx2_kw"
"k__Bacteria|p__Pseudomonadota|c__Gammaproteobacteria|o__Steroidobacterales|f__Woeseiaceae|g__Woeseia|s__|ASV_3051","ColaDeBallena - EsteroZacatecas","k__Bacteria|p__Pseudomonadota|c__Gammaproteobacteria|o__Steroidobacterales|f__Woeseiaceae|g__Woeseia|s__|ASV_3051",0.024076836563371,0.0788093173630547,0.0252750208447382,0.0614019895443165,0.0788093173630547,"","ALDEx2_kw"
"k__Bacteria|p__Verrucomicrobiota|c__Verrucomicrobiia|o__Verrucomicrobiales|f__Rubritaleaceae|g__Haloferula|s__|ASV_2015","ColaDeBallena - EsteroZacatecas","k__Bacteria|p__Verrucomicrobiota|c__Verrucomicrobiia|o__Verrucomicrobiales|f__Rubritaleaceae|g__Haloferula|s__|ASV_2015",0.0384755269469919,0.103723889681281,0.0360378568156863,0.0816699661008737,0.103723889681281,"","ALDEx2_kw"
"k__Bacteria|p__Actinomycetota|c__Acidimicrobiia|o__Microtrichales|f__Ilumatobacteraceae|g__Ilumatobacter|s__|ASV_6733","ColaDeBallena - EsteroZacatecas","k__Bacteria|p__Actinomycetota|c__Acidimicrobiia|o__Microtrichales|f__Ilumatobacteraceae|g__Ilumatobacter|s__|ASV_6733",0.570997993446236,0.667350563621688,0.620025047171542,0.70679341420723,0.667350563621688,"","ALDEx2_kw"
"k__Bacteria|p__Rhodothermota|c__Rhodothermia|o__Rhodothermales|f__Rhodothermaceae|g__|s__|ASV_13486","ColaDeBallena - EsteroZacatecas","k__Bacteria|p__Rhodothermota|c__Rhodothermia|o__Rhodothermales|f__Rhodothermaceae|g__|s__|ASV_13486",0.302432684582816,0.40786359067923,0.212493760111628,0.302625991726046,0.40786359067923,"","ALDEx2_kw"
"k__Bacteria|p__Bacteroidota|c__Bacteroidia|o__Chitinophagales|f__Saprospiraceae|g__Lewinella|s__|ASV_2127","ColaDeBallena - EsteroZacatecas","k__Bacteria|p__Bacteroidota|c__Bacteroidia|o__Chitinophagales|f__Saprospiraceae|g__Lewinella|s__|ASV_2127",0.42736666230885,0.532440215651916,0.305770544234491,0.402596957479716,0.532440215651916,"","ALDEx2_kw"
"k__Bacteria|p__Rhodothermota|c__Rhodothermia|o__Rhodothermales|f__Rhodothermaceae|g__Rubrivirga|s__|ASV_6541","ColaDeBallena - EsteroZacatecas","k__Bacteria|p__Rhodothermota|c__Rhodothermia|o__Rhodothermales|f__Rhodothermaceae|g__Rubrivirga|s__|ASV_6541",0.363582068010626,0.483428724677887,0.319709751359447,0.427114247557425,0.483428724677887,"","ALDEx2_kw"
"k__Bacteria|p__Pseudomonadota|c__Alphaproteobacteria|o__Sphingomonadales|f__Sphingomonadaceae|g__Sphingomicrobium|s__|ASV_13364","ColaDeBallena - EsteroZacatecas","k__Bacteria|p__Pseudomonadota|c__Alphaproteobacteria|o__Sphingomonadales|f__Sphingomonadaceae|g__Sphingomicrobium|s__|ASV_13364",0.440011439060223,0.54382122306728,0.344296838023451,0.440572443447835,0.54382122306728,"","ALDEx2_kw"
"k__Bacteria|p__Rhodothermota|c__Rhodothermia|o__Rhodothermales|f__Rhodothermaceae|g__|s__|ASV_12149","ColaDeBallena - EsteroZacatecas","k__Bacteria|p__Rhodothermota|c__Rhodothermia|o__Rhodothermales|f__Rhodothermaceae|g__|s__|ASV_12149",0.545641393829076,0.645185250877973,0.492028542340846,0.589363384869483,0.645185250877973,"","ALDEx2_kw"
"k__Bacteria|p__Bacteroidota|c__Bacteroidia|o__Flavobacteriales|f__Flavobacteriaceae|g__Aquimarina|s__|ASV_592","ColaDeBallena - EsteroZacatecas","k__Bacteria|p__Bacteroidota|c__Bacteroidia|o__Flavobacteriales|f__Flavobacteriaceae|g__Aquimarina|s__|ASV_592",0.0489293372704834,0.118595733317987,0.0350570881668813,0.0787226224978685,0.118595733317987,"","ALDEx2_kw"
"k__Bacteria|p__Pseudomonadota|c__Alphaproteobacteria|o__Sphingomonadales|f__Sphingomonadaceae|g__Aurantiacibacter|s__|ASV_726","ColaDeBallena - EsteroZacatecas","k__Bacteria|p__Pseudomonadota|c__Alphaproteobacteria|o__Sphingomonadales|f__Sphingomonadaceae|g__Aurantiacibacter|s__|ASV_726",0.15822624187648,0.255735866609253,0.121084358094841,0.193645063941276,0.255735866609253,"","ALDEx2_kw"
"k__Bacteria|p__Bacteroidota|c__Bacteroidia|o__Flavobacteriales|f__Flavobacteriaceae|g__Marinirhabdus|s__|ASV_6484","ColaDeBallena - EsteroZacatecas","k__Bacteria|p__Bacteroidota|c__Bacteroidia|o__Flavobacteriales|f__Flavobacteriaceae|g__Marinirhabdus|s__|ASV_6484",0.072214404089936,0.157911208320519,0.0858620230101256,0.155307444129375,0.157911208320519,"","ALDEx2_kw"
"k__Bacteria|p__Pseudomonadota|c__Alphaproteobacteria|o__Rhodobacterales|f__Paracoccaceae|g__Limibaculum|s__|ASV_11145","ColaDeBallena - EsteroZacatecas","k__Bacteria|p__Pseudomonadota|c__Alphaproteobacteria|o__Rhodobacterales|f__Paracoccaceae|g__Limibaculum|s__|ASV_11145",0.012781716305081,0.0515667914887969,0.0129710647216611,0.0351328633340857,0.0515667914887969,"","ALDEx2_kw"
"k__Bacteria|p__Bacteroidota|c__Bacteroidia|o__Cytophagales|f__Mooreiaceae|g__Mooreia|s__|ASV_10577","ColaDeBallena - EsteroZacatecas","k__Bacteria|p__Bacteroidota|c__Bacteroidia|o__Cytophagales|f__Mooreiaceae|g__Mooreia|s__|ASV_10577",0.000305116346478875,0.00752767970338067,0.000807348491769433,0.00412848344240523,0.00752767970338067,"**","ALDEx2_kw"
"k__Bacteria|p__Actinomycetota|c__Thermoleophilia|o__Solirubrobacterales|f__67-14|g__|s__|ASV_11059","ColaDeBallena - EsteroZacatecas","k__Bacteria|p__Actinomycetota|c__Thermoleophilia|o__Solirubrobacterales|f__67-14|g__|s__|ASV_11059",0.119187923079414,0.2312723954887,0.0802404083021972,0.153427537637172,0.2312723954887,"","ALDEx2_kw"
"k__Bacteria|p__Pseudomonadota|c__Alphaproteobacteria|o__Rhodobacterales|f__Paracoccaceae|g__|s__|ASV_1444","ColaDeBallena - EsteroZacatecas","k__Bacteria|p__Pseudomonadota|c__Alphaproteobacteria|o__Rhodobacterales|f__Paracoccaceae|g__|s__|ASV_1444",0.0112207419469353,0.0466468650134562,0.00966120659951145,0.0280064999422237,0.0466468650134562,"*","ALDEx2_kw"
"k__Bacteria|p__Pseudomonadota|c__Alphaproteobacteria|o__Sphingomonadales|f__Sphingomonadaceae|g__Croceibacterium|s__|ASV_13774","ColaDeBallena - EsteroZacatecas","k__Bacteria|p__Pseudomonadota|c__Alphaproteobacteria|o__Sphingomonadales|f__Sphingomonadaceae|g__Croceibacterium|s__|ASV_13774",0.276908451976008,0.410953593844396,0.59133454162807,0.682351105975374,0.410953593844396,"","ALDEx2_kw"
"k__Bacteria|p__Pseudomonadota|c__Alphaproteobacteria|o__Sphingomonadales|f__Sphingomonadaceae|g__|s__|ASV_13045","ColaDeBallena - EsteroZacatecas","k__Bacteria|p__Pseudomonadota|c__Alphaproteobacteria|o__Sphingomonadales|f__Sphingomonadaceae|g__|s__|ASV_13045",0.137355455276686,0.229218854284034,0.112861631414803,0.183120003511653,0.229218854284034,"","ALDEx2_kw"
"k__Bacteria|p__Thermodesulfobacteriota|c__Desulfobacteria|o__Desulfobacterales|f__Desulfosarcinaceae|g__Desulfosarcina|s__|ASV_12268","ColaDeBallena - EsteroZacatecas","k__Bacteria|p__Thermodesulfobacteriota|c__Desulfobacteria|o__Desulfobacterales|f__Desulfosarcinaceae|g__Desulfosarcina|s__|ASV_12268",0.113079978987181,0.195550088171388,0.0527476009012521,0.105088277294004,0.195550088171388,"","ALDEx2_kw"
"k__Bacteria|p__Actinomycetota|c__Thermoleophilia|o__Solirubrobacterales|f__Solirubrobacteraceae|g__Patulibacter|s__|ASV_1623","ColaDeBallena - EsteroZacatecas","k__Bacteria|p__Actinomycetota|c__Thermoleophilia|o__Solirubrobacterales|f__Solirubrobacteraceae|g__Patulibacter|s__|ASV_1623",0.346652080538817,0.455264184673775,0.264495356956522,0.360646710629994,0.455264184673775,"","ALDEx2_kw"
"k__Bacteria|p__Bacteroidota|c__Bacteroidia|o__Chitinophagales|f__Saprospiraceae|g__|s__|ASV_3563","ColaDeBallena - EsteroZacatecas","k__Bacteria|p__Bacteroidota|c__Bacteroidia|o__Chitinophagales|f__Saprospiraceae|g__|s__|ASV_3563",0.200725700462608,0.305522728958911,0.152809335965068,0.232688116097763,0.305522728958911,"","ALDEx2_kw"
"k__Bacteria|p__Pseudomonadota|c__Alphaproteobacteria|o__Hyphomicrobiales|f__Rhizobiaceae|g__Oricola|s__|ASV_11065","ColaDeBallena - EsteroZacatecas","k__Bacteria|p__Pseudomonadota|c__Alphaproteobacteria|o__Hyphomicrobiales|f__Rhizobiaceae|g__Oricola|s__|ASV_11065",0.273603692230834,0.402194344594587,0.382110622596016,0.484120291434028,0.402194344594587,"","ALDEx2_kw"
"k__Bacteria|p__Bacteroidota|c__Bacteroidia|o__Flavobacteriales|f__Flavobacteriaceae|g__Pricia|s__|ASV_6575","ColaDeBallena - EsteroZacatecas","k__Bacteria|p__Bacteroidota|c__Bacteroidia|o__Flavobacteriales|f__Flavobacteriaceae|g__Pricia|s__|ASV_6575",0.543904903589794,0.639902932462622,0.473713459731013,0.565774597080263,0.639902932462622,"","ALDEx2_kw"
"k__Bacteria|p__Campylobacterota|c__Campylobacteria|o__Campylobacterales|f__Sulfurovaceae|g__Sulfurovum|s__|ASV_14893","ColaDeBallena - EsteroZacatecas","k__Bacteria|p__Campylobacterota|c__Campylobacteria|o__Campylobacterales|f__Sulfurovaceae|g__Sulfurovum|s__|ASV_14893",0.0216197306292415,0.0663324629972142,0.0255471312666564,0.0538466440849326,0.0663324629972142,"","ALDEx2_kw"
"k__Bacteria|p__Gemmatimonadota|c__Longimicrobiia|o__Longimicrobiales|f__Longimicrobiaceae|g__|s__|ASV_5611","ColaDeBallena - EsteroZacatecas","k__Bacteria|p__Gemmatimonadota|c__Longimicrobiia|o__Longimicrobiales|f__Longimicrobiaceae|g__|s__|ASV_5611",0.617427891399274,0.711372701951759,0.619823671583156,0.709993284314959,0.711372701951759,"","ALDEx2_kw"
"k__Bacteria|p__Bacteroidota|c__Bacteroidia|o__Chitinophagales|f__Saprospiraceae|g__Lewinella|s__|ASV_10138","ColaDeBallena - EsteroZacatecas","k__Bacteria|p__Bacteroidota|c__Bacteroidia|o__Chitinophagales|f__Saprospiraceae|g__Lewinella|s__|ASV_10138",0.46410295890722,0.565298604245778,0.327639859014171,0.423169005598524,0.565298604245778,"","ALDEx2_kw"
"k__Bacteria|p__Pseudomonadota|c__Gammaproteobacteria|o__Pseudomonadales|f__Marinobacteraceae|g__Marinobacter|s__|ASV_13782","ColaDeBallena - EsteroZacatecas","k__Bacteria|p__Pseudomonadota|c__Gammaproteobacteria|o__Pseudomonadales|f__Marinobacteraceae|g__Marinobacter|s__|ASV_13782",0.00775457871346403,0.036837639888744,0.0038440377529164,0.015584082213798,0.036837639888744,"*","ALDEx2_kw"
"k__Bacteria|p__Actinomycetota|c__Actinobacteria|o__Nitriliruptorales|f__Nitriliruptoraceae|g__|s__|ASV_7511","ColaDeBallena - EsteroZacatecas","k__Bacteria|p__Actinomycetota|c__Actinobacteria|o__Nitriliruptorales|f__Nitriliruptoraceae|g__|s__|ASV_7511",0.403481145804906,0.511133050677297,0.283229491051568,0.383032784000968,0.511133050677297,"","ALDEx2_kw"
"k__Bacteria|p__Actinomycetota|c__Acidimicrobiia|o__Microtrichales|f__Ilumatobacteraceae|g__Ilumatobacter|s__|ASV_8301","ColaDeBallena - EsteroZacatecas","k__Bacteria|p__Actinomycetota|c__Acidimicrobiia|o__Microtrichales|f__Ilumatobacteraceae|g__Ilumatobacter|s__|ASV_8301",0.100499862325807,0.179379522519268,0.0648548396878635,0.117007869292144,0.179379522519268,"","ALDEx2_kw"
"k__Bacteria|p__Bacteroidota|c__Bacteroidia|o__Cytophagales|f__Cyclobacteriaceae|g__Marinoscillum|s__|ASV_5991","ColaDeBallena - EsteroZacatecas","k__Bacteria|p__Bacteroidota|c__Bacteroidia|o__Cytophagales|f__Cyclobacteriaceae|g__Marinoscillum|s__|ASV_5991",0.0247031876755233,0.0736722236121726,0.0182312393409195,0.0448802433026992,0.0736722236121726,"","ALDEx2_kw"
"k__Bacteria|p__Pseudomonadota|c__Alphaproteobacteria|o__Hyphomicrobiales|f__Methyloligellaceae|g__Methyloceanibacter|s__|ASV_15691","ColaDeBallena - EsteroZacatecas","k__Bacteria|p__Pseudomonadota|c__Alphaproteobacteria|o__Hyphomicrobiales|f__Methyloligellaceae|g__Methyloceanibacter|s__|ASV_15691",0.192075012795742,0.309513287420172,0.1437177347251,0.236795009330413,0.309513287420172,"","ALDEx2_kw"
"k__Bacteria|p__Bacteroidota|c__Bacteroidia|o__Flavobacteriales|f__Flavobacteriaceae|g__Euzebyella|s__|ASV_6004","ColaDeBallena - EsteroZacatecas","k__Bacteria|p__Bacteroidota|c__Bacteroidia|o__Flavobacteriales|f__Flavobacteriaceae|g__Euzebyella|s__|ASV_6004",0.179798734069255,0.275435907635132,0.122903034458845,0.197453738480795,0.275435907635132,"","ALDEx2_kw"
"k__Bacteria|p__Bacteroidota|c__Bacteroidia|o__Flavobacteriales|f__Flavobacteriaceae|g__Muricauda|s__|ASV_12437","ColaDeBallena - EsteroZacatecas","k__Bacteria|p__Bacteroidota|c__Bacteroidia|o__Flavobacteriales|f__Flavobacteriaceae|g__Muricauda|s__|ASV_12437",0.222970584352683,0.323469660827392,0.177413863765721,0.260863374910332,0.323469660827392,"","ALDEx2_kw"
"k__Bacteria|p__Pseudomonadota|c__Gammaproteobacteria|o__Pseudomonadales|f__Spongiibacteraceae|g__|s__|ASV_529","ColaDeBallena - EsteroZacatecas","k__Bacteria|p__Pseudomonadota|c__Gammaproteobacteria|o__Pseudomonadales|f__Spongiibacteraceae|g__|s__|ASV_529",0.407942931246713,0.531365482965535,0.470799195032221,0.571125955643767,0.531365482965535,"","ALDEx2_kw"
"k__Bacteria|p__Thermodesulfobacteriota|c__Desulfobacteria|o__Desulfobacterales|f__Desulfosarcinaceae|g__SEEP-SRB1|s__|ASV_1671","ColaDeBallena - EsteroZacatecas","k__Bacteria|p__Thermodesulfobacteriota|c__Desulfobacteria|o__Desulfobacterales|f__Desulfosarcinaceae|g__SEEP-SRB1|s__|ASV_1671",0.00117579006730394,0.014095324836218,0.00195561254642459,0.00760522794940463,0.014095324836218,"*","ALDEx2_kw"
"k__Bacteria|p__Cyanobacteriota|c__Cyanobacteriia|o__Cyanobacteriales|f__Xenococcaceae|g__Chroococcidiopsis_PCC-6712|s__|ASV_986","ColaDeBallena - EsteroZacatecas","k__Bacteria|p__Cyanobacteriota|c__Cyanobacteriia|o__Cyanobacteriales|f__Xenococcaceae|g__Chroococcidiopsis_PCC-6712|s__|ASV_986",0.305278637725836,0.424939501388608,0.245044552235213,0.349606969592937,0.424939501388608,"","ALDEx2_kw"
"k__Bacteria|p__Pseudomonadota|c__Alphaproteobacteria|o__Tistrellales|f__Geminicoccaceae|g__|s__|ASV_4042","ColaDeBallena - EsteroZacatecas","k__Bacteria|p__Pseudomonadota|c__Alphaproteobacteria|o__Tistrellales|f__Geminicoccaceae|g__|s__|ASV_4042",0.138570827855877,0.257159276395446,0.239511921987003,0.348189858372099,0.257159276395446,"","ALDEx2_kw"
"k__Bacteria|p__Bacteroidota|c__Bacteroidia|o__Cytophagales|f__Cyclobacteriaceae|g__|s__|ASV_9163","ColaDeBallena - EsteroZacatecas","k__Bacteria|p__Bacteroidota|c__Bacteroidia|o__Cytophagales|f__Cyclobacteriaceae|g__|s__|ASV_9163",0.155406359778875,0.254752618388731,0.112158931676222,0.187674900598517,0.254752618388731,"","ALDEx2_kw"
"k__Bacteria|p__Bacteroidota|c__Bacteroidia|o__Flavobacteriales|f__Flavobacteriaceae|g__Gramella|s__|ASV_7179","ColaDeBallena - EsteroZacatecas","k__Bacteria|p__Bacteroidota|c__Bacteroidia|o__Flavobacteriales|f__Flavobacteriaceae|g__Gramella|s__|ASV_7179",0.0194546690401636,0.0651688806030798,0.00878478373614735,0.028590207915051,0.0651688806030798,"","ALDEx2_kw"
"k__Bacteria|p__Bacteroidota|c__Bacteroidia|o__Flavobacteriales|f__Flavobacteriaceae|g__Mesoflavibacter|s__|ASV_6111","ColaDeBallena - EsteroZacatecas","k__Bacteria|p__Bacteroidota|c__Bacteroidia|o__Flavobacteriales|f__Flavobacteriaceae|g__Mesoflavibacter|s__|ASV_6111",0.0521473291653831,0.124642212629825,0.050950709117121,0.0973425608464125,0.124642212629825,"","ALDEx2_kw"
"k__Bacteria|p__Acidobacteriota|c__Thermoanaerobaculia|o__Thermoanaerobaculales|f__Thermoanaerobaculaceae|g__Subgroup_10|s__|ASV_10386","ColaDeBallena - EsteroZacatecas","k__Bacteria|p__Acidobacteriota|c__Thermoanaerobaculia|o__Thermoanaerobaculales|f__Thermoanaerobaculaceae|g__Subgroup_10|s__|ASV_10386",0.169477653681661,0.266826055591811,0.126353567300572,0.1991451806808,0.266826055591811,"","ALDEx2_kw"
"k__Bacteria|p__Cyanobacteriota|c__Cyanobacteriia|o__Cyanobacteriales|f__Nostocaceae|g__Rivularia_PCC-7116|s__|ASV_4054","ColaDeBallena - EsteroZacatecas","k__Bacteria|p__Cyanobacteriota|c__Cyanobacteriia|o__Cyanobacteriales|f__Nostocaceae|g__Rivularia_PCC-7116|s__|ASV_4054",0.0295498755633619,0.08594297160382,0.0276615082436129,0.0613423700853844,0.08594297160382,"","ALDEx2_kw"
"k__Bacteria|p__Cyanobacteriota|c__Cyanobacteriia|o__Cyanobacteriales|f__Xenococcaceae|g__Pleurocapsa_PCC-7319|s__|ASV_6690","ColaDeBallena - EsteroZacatecas","k__Bacteria|p__Cyanobacteriota|c__Cyanobacteriia|o__Cyanobacteriales|f__Xenococcaceae|g__Pleurocapsa_PCC-7319|s__|ASV_6690",0.000891236354111739,0.0120965999122763,0.00154911150870485,0.00649164229427087,0.0120965999122763,"*","ALDEx2_kw"
"k__Bacteria|p__Myxococcota|c__Polyangiia|o__Polyangiales|f__Sandaracinaceae|g__|s__|ASV_7463","ColaDeBallena - EsteroZacatecas","k__Bacteria|p__Myxococcota|c__Polyangiia|o__Polyangiales|f__Sandaracinaceae|g__|s__|ASV_7463",0.416136044946622,0.545003913634936,0.335288933801351,0.446316877567126,0.545003913634936,"","ALDEx2_kw"
"k__Bacteria|p__Bacteroidota|c__Bacteroidia|o__Cytophagales|f__Cyclobacteriaceae|g__Fulvivirga|s__|ASV_2867","ColaDeBallena - EsteroZacatecas","k__Bacteria|p__Bacteroidota|c__Bacteroidia|o__Cytophagales|f__Cyclobacteriaceae|g__Fulvivirga|s__|ASV_2867",0.121006096590649,0.216966653174172,0.0769698060091287,0.140244307322445,0.216966653174172,"","ALDEx2_kw"
"k__Bacteria|p__Bacteroidota|c__Bacteroidia|o__Cytophagales|f__Cyclobacteriaceae|g__Tunicatimonas|s__|ASV_15128","ColaDeBallena - EsteroZacatecas","k__Bacteria|p__Bacteroidota|c__Bacteroidia|o__Cytophagales|f__Cyclobacteriaceae|g__Tunicatimonas|s__|ASV_15128",0.188129749860187,0.274806893628747,0.0947983597326712,0.159915603099562,0.274806893628747,"","ALDEx2_kw"
"k__Bacteria|p__Pseudomonadota|c__Alphaproteobacteria|o__Rhodobacterales|f__Paracoccaceae|g__Halodurantibacterium|s__|ASV_2265","ColaDeBallena - EsteroZacatecas","k__Bacteria|p__Pseudomonadota|c__Alphaproteobacteria|o__Rhodobacterales|f__Paracoccaceae|g__Halodurantibacterium|s__|ASV_2265",0.000444713709987121,0.00896990251268941,0.000469738757612436,0.0031136949468036,0.00896990251268941,"**","ALDEx2_kw"
"k__Bacteria|p__Pseudomonadota|c__Alphaproteobacteria|o__Sphingomonadales|f__Sphingomonadaceae|g__Qipengyuania|s__|ASV_6837","ColaDeBallena - EsteroZacatecas","k__Bacteria|p__Pseudomonadota|c__Alphaproteobacteria|o__Sphingomonadales|f__Sphingomonadaceae|g__Qipengyuania|s__|ASV_6837",0.166736378529762,0.264292660192688,0.114750587469643,0.18345645053432,0.264292660192688,"","ALDEx2_kw"
"k__Bacteria|p__Bacteroidota|c__Bacteroidia|o__Flavobacteriales|f__Flavobacteriaceae|g__Nonlabens|s__|ASV_11613","ColaDeBallena - EsteroZacatecas","k__Bacteria|p__Bacteroidota|c__Bacteroidia|o__Flavobacteriales|f__Flavobacteriaceae|g__Nonlabens|s__|ASV_11613",0.179684596891133,0.280622806104514,0.137621840301943,0.212951726807422,0.280622806104514,"","ALDEx2_kw"
"k__Bacteria|p__Thermodesulfobacteriota|c__Desulfobacteria|o__Desulfobacterales|f__Desulfosarcinaceae|g__Sva0081_sediment_group|s__|ASV_4065","ColaDeBallena - EsteroZacatecas","k__Bacteria|p__Thermodesulfobacteriota|c__Desulfobacteria|o__Desulfobacterales|f__Desulfosarcinaceae|g__Sva0081_sediment_group|s__|ASV_4065",0.0990407275150889,0.205411750318248,0.101193861741818,0.186423809712368,0.205411750318248,"","ALDEx2_kw"
"k__Bacteria|p__Actinomycetota|c__Acidimicrobiia|o__Microtrichales|f__Microtrichaceae|g__|s__|ASV_11033","ColaDeBallena - EsteroZacatecas","k__Bacteria|p__Actinomycetota|c__Acidimicrobiia|o__Microtrichales|f__Microtrichaceae|g__|s__|ASV_11033",0.470030813953185,0.582294039328618,0.480248197609307,0.578450140313975,0.582294039328618,"","ALDEx2_kw"
"k__Bacteria|p__Pseudomonadota|c__Alphaproteobacteria|o__Hyphomicrobiales|f__KF-JG30-B3|g__|s__|ASV_1895","ColaDeBallena - EsteroZacatecas","k__Bacteria|p__Pseudomonadota|c__Alphaproteobacteria|o__Hyphomicrobiales|f__KF-JG30-B3|g__|s__|ASV_1895",0.051695597836672,0.124242721861756,0.0450020548812968,0.094777401455706,0.124242721861756,"","ALDEx2_kw"
"k__Bacteria|p__Pseudomonadota|c__Alphaproteobacteria|o__Sphingomonadales|f__Sphingomonadaceae|g__Croceibacterium|s__|ASV_12254","ColaDeBallena - EsteroZacatecas","k__Bacteria|p__Pseudomonadota|c__Alphaproteobacteria|o__Sphingomonadales|f__Sphingomonadaceae|g__Croceibacterium|s__|ASV_12254",0.00563648875313383,0.0343353449218457,0.0135640281408343,0.0389626234219128,0.0343353449218457,"*","ALDEx2_kw"
"k__Bacteria|p__Pseudomonadota|c__Alphaproteobacteria|o__Sphingomonadales|f__Sphingomonadaceae|g__|s__|ASV_9967","ColaDeBallena - EsteroZacatecas","k__Bacteria|p__Pseudomonadota|c__Alphaproteobacteria|o__Sphingomonadales|f__Sphingomonadaceae|g__|s__|ASV_9967",0.686678391095152,0.765316038544256,0.658371042670089,0.740131884464042,0.765316038544256,"","ALDEx2_kw"
"k__Bacteria|p__Cyanobacteriota|c__Cyanobacteriia|o__Cyanobacteriales|f__Nostocaceae|g__|s__|ASV_11192","ColaDeBallena - EsteroZacatecas","k__Bacteria|p__Cyanobacteriota|c__Cyanobacteriia|o__Cyanobacteriales|f__Nostocaceae|g__|s__|ASV_11192",0.252582656911235,0.359479967443938,0.155497524598574,0.237477418975212,0.359479967443938,"","ALDEx2_kw"
"k__Bacteria|p__Actinomycetota|c__Actinobacteria|o__Propionibacteriales|f__Nocardioidaceae|g__Nocardioides|s__|ASV_15504","ColaDeBallena - EsteroZacatecas","k__Bacteria|p__Actinomycetota|c__Actinobacteria|o__Propionibacteriales|f__Nocardioidaceae|g__Nocardioides|s__|ASV_15504",0.00237395709545832,0.0195031943684561,0.000873791368865778,0.00493689412873636,0.0195031943684561,"*","ALDEx2_kw"
"k__Bacteria|p__Pseudomonadota|c__Gammaproteobacteria|o__Enterobacterales|f__Alteromonadaceae|g__Aestuariibacter|s__|ASV_1570","ColaDeBallena - EsteroZacatecas","k__Bacteria|p__Pseudomonadota|c__Gammaproteobacteria|o__Enterobacterales|f__Alteromonadaceae|g__Aestuariibacter|s__|ASV_1570",0.342722253157112,0.455818335576197,0.242615601266222,0.337712233027468,0.455818335576197,"","ALDEx2_kw"
"k__Bacteria|p__Bacteroidota|c__Bacteroidia|o__Bacteroidales|f__Bacteroidetes_BD2-2|g__|s__|ASV_6489","ColaDeBallena - EsteroZacatecas","k__Bacteria|p__Bacteroidota|c__Bacteroidia|o__Bacteroidales|f__Bacteroidetes_BD2-2|g__|s__|ASV_6489",0.0251575276573074,0.0802261392632636,0.0331011665608382,0.0766548575602145,0.0802261392632636,"","ALDEx2_kw"
"k__Bacteria|p__Bacteroidota|c__Bacteroidia|o__Cytophagales|f__Cyclobacteriaceae|g__|s__|ASV_7443","ColaDeBallena - EsteroZacatecas","k__Bacteria|p__Bacteroidota|c__Bacteroidia|o__Cytophagales|f__Cyclobacteriaceae|g__|s__|ASV_7443",0.018831435978968,0.0680686043615263,0.0189708766833377,0.0524301855877592,0.0680686043615263,"","ALDEx2_kw"
"k__Bacteria|p__Chloroflexota|c__Anaerolineae|o__Caldilineales|f__Caldilineaceae|g__|s__|ASV_1530","ColaDeBallena - EsteroZacatecas","k__Bacteria|p__Chloroflexota|c__Anaerolineae|o__Caldilineales|f__Caldilineaceae|g__|s__|ASV_1530",0.190420242563621,0.286992937869631,0.142409519088474,0.213402873970105,0.286992937869631,"","ALDEx2_kw"
"k__Bacteria|p__Pseudomonadota|c__Alphaproteobacteria|o__Rhodobacterales|f__Paracoccaceae|g__Limibaculum|s__|ASV_10749","ColaDeBallena - EsteroZacatecas","k__Bacteria|p__Pseudomonadota|c__Alphaproteobacteria|o__Rhodobacterales|f__Paracoccaceae|g__Limibaculum|s__|ASV_10749",0.304675632752828,0.408776081952744,0.186097874829702,0.273746759122029,0.408776081952744,"","ALDEx2_kw"
"k__Bacteria|p__Cyanobacteriota|c__Cyanobacteriia|o__Synechococcales|f__Cyanobiaceae|g__Synechococcus_MBIC10613|s__|ASV_3584","ColaDeBallena - EsteroZacatecas","k__Bacteria|p__Cyanobacteriota|c__Cyanobacteriia|o__Synechococcales|f__Cyanobiaceae|g__Synechococcus_MBIC10613|s__|ASV_3584",0.00520187235212634,0.0318911299425532,0.00870263098692836,0.0252079918810349,0.0318911299425532,"*","ALDEx2_kw"
"k__Bacteria|p__Bacteroidota|c__Bacteroidia|o__Chitinophagales|f__Saprospiraceae|g__|s__|ASV_13177","ColaDeBallena - EsteroZacatecas","k__Bacteria|p__Bacteroidota|c__Bacteroidia|o__Chitinophagales|f__Saprospiraceae|g__|s__|ASV_13177",0.0325117696222188,0.093851746548339,0.0479153356543146,0.0946127882009417,0.093851746548339,"","ALDEx2_kw"
"k__Bacteria|p__Pseudomonadota|c__Gammaproteobacteria|o__Steroidobacterales|f__Woeseiaceae|g__Woeseia|s__|ASV_15181","ColaDeBallena - EsteroZacatecas","k__Bacteria|p__Pseudomonadota|c__Gammaproteobacteria|o__Steroidobacterales|f__Woeseiaceae|g__Woeseia|s__|ASV_15181",0.352646338737278,0.457086096087933,0.210888935392624,0.304699911999883,0.457086096087933,"","ALDEx2_kw"
"k__Bacteria|p__Bacteroidota|c__Bacteroidia|o__Flavobacteriales|f__Flavobacteriaceae|g__|s__|ASV_12253","ColaDeBallena - EsteroZacatecas","k__Bacteria|p__Bacteroidota|c__Bacteroidia|o__Flavobacteriales|f__Flavobacteriaceae|g__|s__|ASV_12253",0.476118664226605,0.568904027910393,0.333391800672047,0.428625613322239,0.568904027910393,"","ALDEx2_kw"
"k__Bacteria|p__Planctomycetota|c__Planctomycetes|o__Planctomycetales|f__Rubinisphaeraceae|g__Planctomicrobium|s__|ASV_5395","ColaDeBallena - EsteroZacatecas","k__Bacteria|p__Planctomycetota|c__Planctomycetes|o__Planctomycetales|f__Rubinisphaeraceae|g__Planctomicrobium|s__|ASV_5395",0.337513493309883,0.454176045233125,0.294642178385979,0.400050402021784,0.454176045233125,"","ALDEx2_kw"
"k__Bacteria|p__Planctomycetota|c__Phycisphaerae|o__Phycisphaerales|f__Phycisphaeraceae|g__Algisphaera|s__|ASV_298","ColaDeBallena - EsteroZacatecas","k__Bacteria|p__Planctomycetota|c__Phycisphaerae|o__Phycisphaerales|f__Phycisphaeraceae|g__Algisphaera|s__|ASV_298",0.108405627224823,0.202372364976262,0.0970575061355621,0.164653596561741,0.202372364976262,"","ALDEx2_kw"
"k__Bacteria|p__Pseudomonadota|c__Alphaproteobacteria|o__Sphingomonadales|f__Sphingomonadaceae|g__Sphingomicrobium|s__|ASV_2882","ColaDeBallena - EsteroZacatecas","k__Bacteria|p__Pseudomonadota|c__Alphaproteobacteria|o__Sphingomonadales|f__Sphingomonadaceae|g__Sphingomicrobium|s__|ASV_2882",0.266178111271448,0.389159749256533,0.304592787528039,0.408668626336059,0.389159749256533,"","ALDEx2_kw"
"k__Bacteria|p__Bacteroidota|c__Bacteroidia|o__Bacteroidales|f__Prolixibacteraceae|g__Draconibacterium|s__|ASV_11583","ColaDeBallena - EsteroZacatecas","k__Bacteria|p__Bacteroidota|c__Bacteroidia|o__Bacteroidales|f__Prolixibacteraceae|g__Draconibacterium|s__|ASV_11583",0.000759456875442599,0.0111983533738321,0.0007974425754141,0.00405578844527755,0.0111983533738321,"*","ALDEx2_kw"
"k__Bacteria|p__Chloroflexota|c__Anaerolineae|o__Aggregatilineales|f__A4b|g__|s__|ASV_6080","ColaDeBallena - EsteroZacatecas","k__Bacteria|p__Chloroflexota|c__Anaerolineae|o__Aggregatilineales|f__A4b|g__|s__|ASV_6080",0.0951400258534658,0.198703379685998,0.288367250984086,0.394119597219732,0.198703379685998,"","ALDEx2_kw"
"k__Bacteria|p__Chloroflexota|c__Anaerolineae|o__Caldilineales|f__Caldilineaceae|g__|s__|ASV_15048","ColaDeBallena - EsteroZacatecas","k__Bacteria|p__Chloroflexota|c__Anaerolineae|o__Caldilineales|f__Caldilineaceae|g__|s__|ASV_15048",0.0295381899825601,0.0871387127024856,0.0221148456152542,0.0566533776945947,0.0871387127024856,"","ALDEx2_kw"
"k__Bacteria|p__Bacteroidota|c__Bacteroidia|o__Chitinophagales|f__Saprospiraceae|g__Aureispira|s__|ASV_6811","ColaDeBallena - EsteroZacatecas","k__Bacteria|p__Bacteroidota|c__Bacteroidia|o__Chitinophagales|f__Saprospiraceae|g__Aureispira|s__|ASV_6811",0.0818125019475781,0.169208138615486,0.0986551435960926,0.171875878783127,0.169208138615486,"","ALDEx2_kw"
"k__Bacteria|p__Bacteroidota|c__Bacteroidia|o__Chitinophagales|f__Saprospiraceae|g__Lewinella|s__|ASV_2218","ColaDeBallena - EsteroZacatecas","k__Bacteria|p__Bacteroidota|c__Bacteroidia|o__Chitinophagales|f__Saprospiraceae|g__Lewinella|s__|ASV_2218",0.45539481968239,0.567001718171147,0.417162483690718,0.521986864844178,0.567001718171147,"","ALDEx2_kw"
"k__Bacteria|p__Bacteroidota|c__Bacteroidia|o__Flavobacteriales|f__Flavobacteriaceae|g__|s__|ASV_3483","ColaDeBallena - EsteroZacatecas","k__Bacteria|p__Bacteroidota|c__Bacteroidia|o__Flavobacteriales|f__Flavobacteriaceae|g__|s__|ASV_3483",0.319237331018531,0.415598849204631,0.211639342468872,0.29672204319236,0.415598849204631,"","ALDEx2_kw"
"k__Bacteria|p__Bacteroidota|c__Bacteroidia|o__Cytophagales|f__Cyclobacteriaceae|g__|s__|ASV_3907","ColaDeBallena - EsteroZacatecas","k__Bacteria|p__Bacteroidota|c__Bacteroidia|o__Cytophagales|f__Cyclobacteriaceae|g__|s__|ASV_3907",0.398234522208802,0.509485025578002,0.391802364044268,0.49766507909241,0.509485025578002,"","ALDEx2_kw"
"k__Bacteria|p__Pseudomonadota|c__Alphaproteobacteria|o__Rhodobacterales|f__Paracoccaceae|g__|s__|ASV_7108","ColaDeBallena - EsteroZacatecas","k__Bacteria|p__Pseudomonadota|c__Alphaproteobacteria|o__Rhodobacterales|f__Paracoccaceae|g__|s__|ASV_7108",0.0269263811531215,0.0758055923670427,0.0181999901989447,0.0450438027335805,0.0758055923670427,"","ALDEx2_kw"
"k__Bacteria|p__Bacteroidota|c__Bacteroidia|o__Flavobacteriales|f__Flavobacteriaceae|g__Robiginitalea|s__|ASV_10959","ColaDeBallena - EsteroZacatecas","k__Bacteria|p__Bacteroidota|c__Bacteroidia|o__Flavobacteriales|f__Flavobacteriaceae|g__Robiginitalea|s__|ASV_10959",0.238597860559907,0.348317669729967,0.144808948246428,0.228309180505959,0.348317669729967,"","ALDEx2_kw"
"k__Bacteria|p__Pseudomonadota|c__Alphaproteobacteria|o__Rhodobacterales|f__Paracoccaceae|g__Maribius|s__|ASV_8056","ColaDeBallena - EsteroZacatecas","k__Bacteria|p__Pseudomonadota|c__Alphaproteobacteria|o__Rhodobacterales|f__Paracoccaceae|g__Maribius|s__|ASV_8056",0.118001377895971,0.20395811436401,0.0633641424216024,0.119969400699357,0.20395811436401,"","ALDEx2_kw"
"k__Bacteria|p__Pseudomonadota|c__Alphaproteobacteria|o__Rhodobacterales|f__Paracoccaceae|g__Palleronia-Pseudomaribius|s__|ASV_4152","ColaDeBallena - EsteroZacatecas","k__Bacteria|p__Pseudomonadota|c__Alphaproteobacteria|o__Rhodobacterales|f__Paracoccaceae|g__Palleronia-Pseudomaribius|s__|ASV_4152",0.549292092683225,0.648519985116126,0.483947169993509,0.58485112387769,0.648519985116126,"","ALDEx2_kw"
"k__Bacteria|p__Planctomycetota|c__Planctomycetes|o__Pirellulales|f__Pirellulaceae|g__Pir4_lineage|s__|ASV_4116","ColaDeBallena - EsteroZacatecas","k__Bacteria|p__Planctomycetota|c__Planctomycetes|o__Pirellulales|f__Pirellulaceae|g__Pir4_lineage|s__|ASV_4116",0.472279056862397,0.581449014363542,0.475564636969651,0.577347670940623,0.581449014363542,"","ALDEx2_kw"
"k__Bacteria|p__Pseudomonadota|c__Alphaproteobacteria|o__|f__Neomegalonemataceae|g__Acuticoccus|s__|ASV_1871","ColaDeBallena - EsteroZacatecas","k__Bacteria|p__Pseudomonadota|c__Alphaproteobacteria|o__|f__Neomegalonemataceae|g__Acuticoccus|s__|ASV_1871",0.0560996185857236,0.1392777434528,0.105146071578648,0.18095554206765,0.1392777434528,"","ALDEx2_kw"
"k__Bacteria|p__Actinomycetota|c__Actinobacteria|o__Euzebyales|f__Euzebyaceae|g__Euzebya|s__|ASV_13638","ColaDeBallena - EsteroZacatecas","k__Bacteria|p__Actinomycetota|c__Actinobacteria|o__Euzebyales|f__Euzebyaceae|g__Euzebya|s__|ASV_13638",0.0447718179823456,0.11845495818485,0.0592802685527082,0.119818994898906,0.11845495818485,"","ALDEx2_kw"
"k__Bacteria|p__Bacteroidota|c__Bacteroidia|o__Flavobacteriales|f__Flavobacteriaceae|g__Flavimarina|s__|ASV_7837","ColaDeBallena - EsteroZacatecas","k__Bacteria|p__Bacteroidota|c__Bacteroidia|o__Flavobacteriales|f__Flavobacteriaceae|g__Flavimarina|s__|ASV_7837",0.0663238236438368,0.144850238867554,0.0701102770751854,0.123887219773305,0.144850238867554,"","ALDEx2_kw"
"k__Bacteria|p__Pseudomonadota|c__Alphaproteobacteria|o__Rhodobacterales|f__Paracoccaceae|g__Palleronia-Pseudomaribius|s__|ASV_9563","ColaDeBallena - EsteroZacatecas","k__Bacteria|p__Pseudomonadota|c__Alphaproteobacteria|o__Rhodobacterales|f__Paracoccaceae|g__Palleronia-Pseudomaribius|s__|ASV_9563",0.0976682028765771,0.185218132002102,0.0730641049526637,0.137627109031393,0.185218132002102,"","ALDEx2_kw"
"k__Bacteria|p__Verrucomicrobiota|c__Verrucomicrobiia|o__Verrucomicrobiales|f__Rubritaleaceae|g__Roseibacillus|s__|ASV_2816","ColaDeBallena - EsteroZacatecas","k__Bacteria|p__Verrucomicrobiota|c__Verrucomicrobiia|o__Verrucomicrobiales|f__Rubritaleaceae|g__Roseibacillus|s__|ASV_2816",0.506243207611918,0.604838108199122,0.406036233375681,0.503512898736642,0.604838108199122,"","ALDEx2_kw"
"k__Bacteria|p__Bacteroidota|c__Bacteroidia|o__Cytophagales|f__Cyclobacteriaceae|g__Marinoscillum|s__|ASV_9611","ColaDeBallena - EsteroZacatecas","k__Bacteria|p__Bacteroidota|c__Bacteroidia|o__Cytophagales|f__Cyclobacteriaceae|g__Marinoscillum|s__|ASV_9611",0.795167243034904,0.852152848415689,0.628287361455708,0.716695249330155,0.852152848415689,"","ALDEx2_kw"
"k__Bacteria|p__Pseudomonadota|c__Alphaproteobacteria|o__Sphingomonadales|f__Sphingomonadaceae|g__|s__|ASV_2217","ColaDeBallena - EsteroZacatecas","k__Bacteria|p__Pseudomonadota|c__Alphaproteobacteria|o__Sphingomonadales|f__Sphingomonadaceae|g__|s__|ASV_2217",0.185505118134493,0.305606361198064,0.216852805172034,0.318840464971431,0.305606361198064,"","ALDEx2_kw"
"k__Bacteria|p__Bacteroidota|c__Bacteroidia|o__Chitinophagales|f__Saprospiraceae|g__Lewinella|s__|ASV_11109","ColaDeBallena - EsteroZacatecas","k__Bacteria|p__Bacteroidota|c__Bacteroidia|o__Chitinophagales|f__Saprospiraceae|g__Lewinella|s__|ASV_11109",0.0359769369395727,0.0984764396890431,0.0394672302833416,0.0834436738411119,0.0984764396890431,"","ALDEx2_kw"
"k__Bacteria|p__Planctomycetota|c__Planctomycetes|o__Pirellulales|f__Pirellulaceae|g__|s__|ASV_6161","ColaDeBallena - EsteroZacatecas","k__Bacteria|p__Planctomycetota|c__Planctomycetes|o__Pirellulales|f__Pirellulaceae|g__|s__|ASV_6161",0.753460468835133,0.819418304948727,0.676559081555527,0.756753666077835,0.819418304948727,"","ALDEx2_kw"
"k__Bacteria|p__Pseudomonadota|c__Alphaproteobacteria|o__Rhodobacterales|f__Paracoccaceae|g__Limibaculum|s__|ASV_5904","ColaDeBallena - EsteroZacatecas","k__Bacteria|p__Pseudomonadota|c__Alphaproteobacteria|o__Rhodobacterales|f__Paracoccaceae|g__Limibaculum|s__|ASV_5904",0.00868985182149776,0.0436983033500235,0.0104666803518548,0.0340126187035844,0.0436983033500235,"*","ALDEx2_kw"
"k__Bacteria|p__Pseudomonadota|c__Alphaproteobacteria|o__Rhodobacterales|f__Paracoccaceae|g__|s__|ASV_11222","ColaDeBallena - EsteroZacatecas","k__Bacteria|p__Pseudomonadota|c__Alphaproteobacteria|o__Rhodobacterales|f__Paracoccaceae|g__|s__|ASV_11222",0.331055795301436,0.437561330440593,0.241359331429611,0.334729253408787,0.437561330440593,"","ALDEx2_kw"
"k__Bacteria|p__Pseudomonadota|c__Alphaproteobacteria|o__Sphingomonadales|f__Sphingomonadaceae|g__|s__|ASV_4045","ColaDeBallena - EsteroZacatecas","k__Bacteria|p__Pseudomonadota|c__Alphaproteobacteria|o__Sphingomonadales|f__Sphingomonadaceae|g__|s__|ASV_4045",0.00580884670171293,0.032371153951571,0.00720184767804511,0.0201137626700551,0.032371153951571,"*","ALDEx2_kw"
"k__Bacteria|p__Pseudomonadota|c__Alphaproteobacteria|o__Sphingomonadales|f__Sphingomonadaceae|g__|s__|ASV_6423","ColaDeBallena - EsteroZacatecas","k__Bacteria|p__Pseudomonadota|c__Alphaproteobacteria|o__Sphingomonadales|f__Sphingomonadaceae|g__|s__|ASV_6423",0.245300257053355,0.369907099711965,0.331109691804586,0.437753730578871,0.369907099711965,"","ALDEx2_kw"
"k__Bacteria|p__Cyanobacteriota|c__Cyanobacteriia|o__Cyanobacteriales|f__Nostocaceae|g__Rivularia_PCC-7116|s__|ASV_4200","ColaDeBallena - EsteroZacatecas","k__Bacteria|p__Cyanobacteriota|c__Cyanobacteriia|o__Cyanobacteriales|f__Nostocaceae|g__Rivularia_PCC-7116|s__|ASV_4200",0.404889010732517,0.508148790108829,0.232884119315319,0.329083806032467,0.508148790108829,"","ALDEx2_kw"
"k__Bacteria|p__Pseudomonadota|c__Alphaproteobacteria|o__Rhodospirillales|f__Thalassospiraceae|g__Thalassospira|s__|ASV_11925","ColaDeBallena - EsteroZacatecas","k__Bacteria|p__Pseudomonadota|c__Alphaproteobacteria|o__Rhodospirillales|f__Thalassospiraceae|g__Thalassospira|s__|ASV_11925",0.211627657039288,0.341456902848286,0.428094714193135,0.530245336888385,0.341456902848286,"","ALDEx2_kw"
"k__Bacteria|p__Pseudomonadota|c__Alphaproteobacteria|o__Sphingomonadales|f__Sphingomonadaceae|g__|s__|ASV_13106","ColaDeBallena - EsteroZacatecas","k__Bacteria|p__Pseudomonadota|c__Alphaproteobacteria|o__Sphingomonadales|f__Sphingomonadaceae|g__|s__|ASV_13106",0.401489636536189,0.504717927244899,0.305150531880794,0.397498836084611,0.504717927244899,"","ALDEx2_kw"
"k__Bacteria|p__Pseudomonadota|c__Alphaproteobacteria|o__Sphingomonadales|f__Sphingomonadaceae|g__|s__|ASV_4631","ColaDeBallena - EsteroZacatecas","k__Bacteria|p__Pseudomonadota|c__Alphaproteobacteria|o__Sphingomonadales|f__Sphingomonadaceae|g__|s__|ASV_4631",0.488731988795965,0.593757133558752,0.48513384439395,0.583007384597999,0.593757133558752,"","ALDEx2_kw"
"k__Bacteria|p__Pseudomonadota|c__Gammaproteobacteria|o__Pseudomonadales|f__Marinomonadaceae|g__Marinomonas|s__|ASV_502","ColaDeBallena - EsteroZacatecas","k__Bacteria|p__Pseudomonadota|c__Gammaproteobacteria|o__Pseudomonadales|f__Marinomonadaceae|g__Marinomonas|s__|ASV_502",0.553322113940966,0.650035122266407,0.519943174829727,0.610268380129863,0.650035122266407,"","ALDEx2_kw"
"k__Bacteria|p__Verrucomicrobiota|c__Verrucomicrobiia|o__Opitutales|f__Puniceicoccaceae|g__Lentimonas|s__|ASV_8380","ColaDeBallena - EsteroZacatecas","k__Bacteria|p__Verrucomicrobiota|c__Verrucomicrobiia|o__Opitutales|f__Puniceicoccaceae|g__Lentimonas|s__|ASV_8380",0.423642256563805,0.526512179589328,0.346540655702818,0.445909385294458,0.526512179589328,"","ALDEx2_kw"
"k__Bacteria|p__Pseudomonadota|c__Alphaproteobacteria|o__Rhodobacterales|f__Paracoccaceae|g__Silicimonas|s__|ASV_10644","ColaDeBallena - EsteroZacatecas","k__Bacteria|p__Pseudomonadota|c__Alphaproteobacteria|o__Rhodobacterales|f__Paracoccaceae|g__Silicimonas|s__|ASV_10644",0.588968498449365,0.689623805867357,0.663215974556409,0.745957289447991,0.689623805867357,"","ALDEx2_kw"
"k__Bacteria|p__Pseudomonadota|c__Alphaproteobacteria|o__Sphingomonadales|f__Sphingomonadaceae|g__|s__|ASV_8066","ColaDeBallena - EsteroZacatecas","k__Bacteria|p__Pseudomonadota|c__Alphaproteobacteria|o__Sphingomonadales|f__Sphingomonadaceae|g__|s__|ASV_8066",0.128476237551712,0.232038018991691,0.150776618078819,0.23793915261771,0.232038018991691,"","ALDEx2_kw"
"k__Bacteria|p__Actinomycetota|c__Actinobacteria|o__Nitriliruptorales|f__Nitriliruptoraceae|g__|s__|ASV_5219","ColaDeBallena - EsteroZacatecas","k__Bacteria|p__Actinomycetota|c__Actinobacteria|o__Nitriliruptorales|f__Nitriliruptoraceae|g__|s__|ASV_5219",0.727564625682646,0.799962871987221,0.694419635140634,0.77058286530323,0.799962871987221,"","ALDEx2_kw"
"k__Bacteria|p__Pseudomonadota|c__Gammaproteobacteria|o__Pseudomonadales|f__Halieaceae|g__Pseudohaliea|s__|ASV_9973","ColaDeBallena - EsteroZacatecas","k__Bacteria|p__Pseudomonadota|c__Gammaproteobacteria|o__Pseudomonadales|f__Halieaceae|g__Pseudohaliea|s__|ASV_9973",0.145219360129545,0.260148405987385,0.274264717645547,0.377794946030861,0.260148405987385,"","ALDEx2_kw"
"k__Bacteria|p__Actinomycetota|c__Acidimicrobiia|o__Microtrichales|f__Microtrichaceae|g__Sva0996_marine_group|s__|ASV_3343","ColaDeBallena - EsteroZacatecas","k__Bacteria|p__Actinomycetota|c__Acidimicrobiia|o__Microtrichales|f__Microtrichaceae|g__Sva0996_marine_group|s__|ASV_3343",0.0411082045035454,0.105801809460154,0.0423783807136636,0.0878311937981005,0.105801809460154,"","ALDEx2_kw"
"k__Bacteria|p__Actinomycetota|c__Actinobacteria|o__Nitriliruptorales|f__Nitriliruptoraceae|g__|s__|ASV_5403","ColaDeBallena - EsteroZacatecas","k__Bacteria|p__Actinomycetota|c__Actinobacteria|o__Nitriliruptorales|f__Nitriliruptoraceae|g__|s__|ASV_5403",0.047647018344681,0.111535908096789,0.0309282929648088,0.0700972845704299,0.111535908096789,"","ALDEx2_kw"
"k__Bacteria|p__Bacteroidota|c__Bacteroidia|o__Cytophagales|f__Cyclobacteriaceae|g__Tunicatimonas|s__|ASV_10497","ColaDeBallena - EsteroZacatecas","k__Bacteria|p__Bacteroidota|c__Bacteroidia|o__Cytophagales|f__Cyclobacteriaceae|g__Tunicatimonas|s__|ASV_10497",0.211403764175258,0.313448567939674,0.17944619339941,0.267562057149088,0.313448567939674,"","ALDEx2_kw"
"k__Bacteria|p__Rhodothermota|c__Rhodothermia|o__Rhodothermales|f__Rhodothermaceae|g__|s__|ASV_5525","ColaDeBallena - EsteroZacatecas","k__Bacteria|p__Rhodothermota|c__Rhodothermia|o__Rhodothermales|f__Rhodothermaceae|g__|s__|ASV_5525",0.0343120238807048,0.0919839756090485,0.0414743217286237,0.0826709690772165,0.0919839756090485,"","ALDEx2_kw"
"k__Bacteria|p__Pseudomonadota|c__Alphaproteobacteria|o__Rhodobacterales|f__Paracoccaceae|g__Limibaculum|s__|ASV_3822","ColaDeBallena - EsteroZacatecas","k__Bacteria|p__Pseudomonadota|c__Alphaproteobacteria|o__Rhodobacterales|f__Paracoccaceae|g__Limibaculum|s__|ASV_3822",0.619916532683746,0.711129991242156,0.621146305595799,0.707643340957918,0.711129991242156,"","ALDEx2_kw"
"k__Bacteria|p__Rhodothermota|c__Rhodothermia|o__Rhodothermales|f__Rhodothermaceae|g__|s__|ASV_12020","ColaDeBallena - EsteroZacatecas","k__Bacteria|p__Rhodothermota|c__Rhodothermia|o__Rhodothermales|f__Rhodothermaceae|g__|s__|ASV_12020",0.209675478541494,0.312356186006937,0.185119065244499,0.270242967967328,0.312356186006937,"","ALDEx2_kw"
"k__Bacteria|p__Actinomycetota|c__Acidimicrobiia|o__Microtrichales|f__Microtrichaceae|g__|s__|ASV_15908","ColaDeBallena - EsteroZacatecas","k__Bacteria|p__Actinomycetota|c__Acidimicrobiia|o__Microtrichales|f__Microtrichaceae|g__|s__|ASV_15908",0.221039304210852,0.316420258197412,0.143590306255706,0.217137425859406,0.316420258197412,"","ALDEx2_kw"
"k__Bacteria|p__Actinomycetota|c__Acidimicrobiia|o__Microtrichales|f__Ilumatobacteraceae|g__Ilumatobacter|s__|ASV_5501","ColaDeBallena - EsteroZacatecas","k__Bacteria|p__Actinomycetota|c__Acidimicrobiia|o__Microtrichales|f__Ilumatobacteraceae|g__Ilumatobacter|s__|ASV_5501",0.239258806745098,0.342274964225282,0.196666695536485,0.290169253009326,0.342274964225282,"","ALDEx2_kw"
"k__Bacteria|p__Bacteroidota|c__Bacteroidia|o__Cytophagales|f__Cyclobacteriaceae|g__Tunicatimonas|s__|ASV_15191","ColaDeBallena - EsteroZacatecas","k__Bacteria|p__Bacteroidota|c__Bacteroidia|o__Cytophagales|f__Cyclobacteriaceae|g__Tunicatimonas|s__|ASV_15191",0.499856912067824,0.602191235753391,0.607863824534413,0.694742997751717,0.602191235753391,"","ALDEx2_kw"
"k__Bacteria|p__Pseudomonadota|c__Alphaproteobacteria|o__Rhodobacterales|f__Paracoccaceae|g__Palleronia-Pseudomaribius|s__|ASV_8753","ColaDeBallena - EsteroZacatecas","k__Bacteria|p__Pseudomonadota|c__Alphaproteobacteria|o__Rhodobacterales|f__Paracoccaceae|g__Palleronia-Pseudomaribius|s__|ASV_8753",0.134549849252362,0.23167866232091,0.095791158744937,0.160255144534071,0.23167866232091,"","ALDEx2_kw"
"k__Bacteria|p__Pseudomonadota|c__Gammaproteobacteria|o__Pseudomonadales|f__Halieaceae|g__Pseudohaliea|s__|ASV_13386","ColaDeBallena - EsteroZacatecas","k__Bacteria|p__Pseudomonadota|c__Gammaproteobacteria|o__Pseudomonadales|f__Halieaceae|g__Pseudohaliea|s__|ASV_13386",0.0197386146235168,0.0673493111619658,0.0175818662442066,0.0443730417504633,0.0673493111619658,"","ALDEx2_kw"
"k__Bacteria|p__Calditrichota|c__Calditrichia|o__Calditrichales|f__Calditrichaceae|g__Caldithrix|s__|ASV_13974","ColaDeBallena - EsteroZacatecas","k__Bacteria|p__Calditrichota|c__Calditrichia|o__Calditrichales|f__Calditrichaceae|g__Caldithrix|s__|ASV_13974",0.0246073309505168,0.0729498188412572,0.0165315477666221,0.0411080105577052,0.0729498188412572,"","ALDEx2_kw"
"k__Bacteria|p__Pseudomonadota|c__Alphaproteobacteria|o__Sphingomonadales|f__Sphingomonadaceae|g__|s__|ASV_8622","ColaDeBallena - EsteroZacatecas","k__Bacteria|p__Pseudomonadota|c__Alphaproteobacteria|o__Sphingomonadales|f__Sphingomonadaceae|g__|s__|ASV_8622",0.0419888383502052,0.111818818386178,0.0332591277994351,0.0754981252771231,0.111818818386178,"","ALDEx2_kw"
"k__Bacteria|p__Cyanobacteriota|c__Cyanobacteriia|o__Phormidesmiales|f__Phormidesmiaceae|g__Phormidesmis_ANT.LACV5.1|s__|ASV_2907","ColaDeBallena - EsteroZacatecas","k__Bacteria|p__Cyanobacteriota|c__Cyanobacteriia|o__Phormidesmiales|f__Phormidesmiaceae|g__Phormidesmis_ANT.LACV5.1|s__|ASV_2907",0.318352399268384,0.42555569504254,0.230894391094436,0.319659164952352,0.42555569504254,"","ALDEx2_kw"
"k__Bacteria|p__Pseudomonadota|c__Alphaproteobacteria|o__Hyphomicrobiales|f__Methyloligellaceae|g__Methyloceanibacter|s__|ASV_12775","ColaDeBallena - EsteroZacatecas","k__Bacteria|p__Pseudomonadota|c__Alphaproteobacteria|o__Hyphomicrobiales|f__Methyloligellaceae|g__Methyloceanibacter|s__|ASV_12775",0.0229237581145304,0.0741082556608909,0.0392130102323587,0.0793362368820201,0.0741082556608909,"","ALDEx2_kw"
"k__Bacteria|p__Rhodothermota|c__Rhodothermia|o__Rhodothermales|f__Rhodothermaceae|g__|s__|ASV_15803","ColaDeBallena - EsteroZacatecas","k__Bacteria|p__Rhodothermota|c__Rhodothermia|o__Rhodothermales|f__Rhodothermaceae|g__|s__|ASV_15803",0.333319716147098,0.45217272613525,0.354731592545323,0.454239970530737,0.45217272613525,"","ALDEx2_kw"
"k__Bacteria|p__Bacteroidota|c__Bacteroidia|o__Flavobacteriales|f__Flavobacteriaceae|g__Actibacter|s__|ASV_4251","ColaDeBallena - EsteroZacatecas","k__Bacteria|p__Bacteroidota|c__Bacteroidia|o__Flavobacteriales|f__Flavobacteriaceae|g__Actibacter|s__|ASV_4251",0.0424917417592739,0.108332806542798,0.0436647442624763,0.0894927925523108,0.108332806542798,"","ALDEx2_kw"
"k__Bacteria|p__Bacteroidota|c__Bacteroidia|o__Flavobacteriales|f__Flavobacteriaceae|g__|s__|ASV_621","ColaDeBallena - EsteroZacatecas","k__Bacteria|p__Bacteroidota|c__Bacteroidia|o__Flavobacteriales|f__Flavobacteriaceae|g__|s__|ASV_621",0.36518349679945,0.468580774399283,0.254147485844925,0.34918503857275,0.468580774399283,"","ALDEx2_kw"
"k__Bacteria|p__Pseudomonadota|c__Gammaproteobacteria|o__Enterobacterales|f__Alteromonadaceae|g__|s__|ASV_4951","ColaDeBallena - EsteroZacatecas","k__Bacteria|p__Pseudomonadota|c__Gammaproteobacteria|o__Enterobacterales|f__Alteromonadaceae|g__|s__|ASV_4951",0.788689709816052,0.84764016750919,0.685687513329462,0.766072129378301,0.84764016750919,"","ALDEx2_kw"
"k__Bacteria|p__Pseudomonadota|c__Gammaproteobacteria|o__Pseudomonadales|f__Nitrincolaceae|g__Marinobacterium|s__|ASV_15550","ColaDeBallena - EsteroZacatecas","k__Bacteria|p__Pseudomonadota|c__Gammaproteobacteria|o__Pseudomonadales|f__Nitrincolaceae|g__Marinobacterium|s__|ASV_15550",0.000846899859968679,0.0116967437577827,0.00142186376099648,0.00445073117155147,0.0116967437577827,"*","ALDEx2_kw"
"k__Bacteria|p__Pseudomonadota|c__Gammaproteobacteria|o__Enterobacterales|f__Alteromonadaceae|g__Alteromonas|s__|ASV_8501","ColaDeBallena - EsteroZacatecas","k__Bacteria|p__Pseudomonadota|c__Gammaproteobacteria|o__Enterobacterales|f__Alteromonadaceae|g__Alteromonas|s__|ASV_8501",0.237488226789385,0.357616196382849,0.307588577165694,0.40572725926814,0.357616196382849,"","ALDEx2_kw"
"k__Bacteria|p__Pseudomonadota|c__Gammaproteobacteria|o__Steroidobacterales|f__Woeseiaceae|g__Woeseia|s__|ASV_13326","ColaDeBallena - EsteroZacatecas","k__Bacteria|p__Pseudomonadota|c__Gammaproteobacteria|o__Steroidobacterales|f__Woeseiaceae|g__Woeseia|s__|ASV_13326",0.00244967544532034,0.0197985295340023,0.00145938601057905,0.00755519816991394,0.0197985295340023,"*","ALDEx2_kw"
"k__Bacteria|p__Chloroflexota|c__Anaerolineae|o__Ardenticatenales|f__Ardenticatenaceae|g__|s__|ASV_1204","ColaDeBallena - EsteroZacatecas","k__Bacteria|p__Chloroflexota|c__Anaerolineae|o__Ardenticatenales|f__Ardenticatenaceae|g__|s__|ASV_1204",0.0361686217145742,0.100822976211748,0.0449220904262036,0.0958378378693212,0.100822976211748,"","ALDEx2_kw"
"k__Bacteria|p__Pseudomonadota|c__Gammaproteobacteria|o__Pseudomonadales|f__Cellvibrionaceae|g__|s__|ASV_291","ColaDeBallena - EsteroZacatecas","k__Bacteria|p__Pseudomonadota|c__Gammaproteobacteria|o__Pseudomonadales|f__Cellvibrionaceae|g__|s__|ASV_291",0.377011661177474,0.477245220190865,0.293502442808025,0.388221450910714,0.477245220190865,"","ALDEx2_kw"
"k__Bacteria|p__Acidobacteriota|c__Thermoanaerobaculia|o__Thermoanaerobaculales|f__Thermoanaerobaculaceae|g__Subgroup_10|s__|ASV_6086","ColaDeBallena - EsteroZacatecas","k__Bacteria|p__Acidobacteriota|c__Thermoanaerobaculia|o__Thermoanaerobaculales|f__Thermoanaerobaculaceae|g__Subgroup_10|s__|ASV_6086",0.172896297652754,0.277814210740978,0.130537762021925,0.208842013036981,0.277814210740978,"","ALDEx2_kw"
"k__Bacteria|p__Bacteroidota|c__Bacteroidia|o__Chitinophagales|f__Saprospiraceae|g__|s__|ASV_4173","ColaDeBallena - EsteroZacatecas","k__Bacteria|p__Bacteroidota|c__Bacteroidia|o__Chitinophagales|f__Saprospiraceae|g__|s__|ASV_4173",0.00130049017987888,0.0150317552467031,0.00523314198753265,0.0146326829775211,0.0150317552467031,"*","ALDEx2_kw"
"k__Bacteria|p__Bacteroidota|c__Bacteroidia|o__Flavobacteriales|f__Flavobacteriaceae|g__Flavimarina|s__|ASV_13262","ColaDeBallena - EsteroZacatecas","k__Bacteria|p__Bacteroidota|c__Bacteroidia|o__Flavobacteriales|f__Flavobacteriaceae|g__Flavimarina|s__|ASV_13262",0.048484636214223,0.120167944328042,0.0473349284195684,0.0950651902388302,0.120167944328042,"","ALDEx2_kw"
"k__Bacteria|p__Deinococcota|c__Deinococci|o__Deinococcales|f__Trueperaceae|g__Truepera|s__|ASV_14618","ColaDeBallena - EsteroZacatecas","k__Bacteria|p__Deinococcota|c__Deinococci|o__Deinococcales|f__Trueperaceae|g__Truepera|s__|ASV_14618",0.501033361211202,0.598863788092342,0.471063095032222,0.564275033108505,0.598863788092342,"","ALDEx2_kw"
"k__Bacteria|p__Bacteroidota|c__Bacteroidia|o__Chitinophagales|f__Saprospiraceae|g__|s__|ASV_14110","ColaDeBallena - EsteroZacatecas","k__Bacteria|p__Bacteroidota|c__Bacteroidia|o__Chitinophagales|f__Saprospiraceae|g__|s__|ASV_14110",0.527754900301312,0.628513539052721,0.518372002880075,0.611995599777304,0.628513539052721,"","ALDEx2_kw"
"k__Bacteria|p__Pseudomonadota|c__Alphaproteobacteria|o__Rhodobacterales|f__Paracoccaceae|g__|s__|ASV_6341","ColaDeBallena - EsteroZacatecas","k__Bacteria|p__Pseudomonadota|c__Alphaproteobacteria|o__Rhodobacterales|f__Paracoccaceae|g__|s__|ASV_6341",0.556525754955552,0.659437733337842,0.512909279358251,0.612417169231965,0.659437733337842,"","ALDEx2_kw"
"k__Bacteria|p__Pseudomonadota|c__Alphaproteobacteria|o__Sphingomonadales|f__Sphingomonadaceae|g__Croceibacterium|s__|ASV_4473","ColaDeBallena - EsteroZacatecas","k__Bacteria|p__Pseudomonadota|c__Alphaproteobacteria|o__Sphingomonadales|f__Sphingomonadaceae|g__Croceibacterium|s__|ASV_4473",0.598871494020185,0.695394372666173,0.624664843612704,0.711806259180566,0.695394372666173,"","ALDEx2_kw"
"k__Bacteria|p__Planctomycetota|c__Planctomycetes|o__Pirellulales|f__Pirellulaceae|g__Blastopirellula|s__|ASV_5985","ColaDeBallena - EsteroZacatecas","k__Bacteria|p__Planctomycetota|c__Planctomycetes|o__Pirellulales|f__Pirellulaceae|g__Blastopirellula|s__|ASV_5985",0.783993304748314,0.844112197192759,0.666878777034637,0.747095654158482,0.844112197192759,"","ALDEx2_kw"
"k__Bacteria|p__Rhodothermota|c__Rhodothermia|o__Rhodothermales|f__Rhodothermaceae|g__Rubrivirga|s__|ASV_10530","ColaDeBallena - EsteroZacatecas","k__Bacteria|p__Rhodothermota|c__Rhodothermia|o__Rhodothermales|f__Rhodothermaceae|g__Rubrivirga|s__|ASV_10530",0.562809913484163,0.657854475592422,0.540028474197765,0.633111639145438,0.657854475592422,"","ALDEx2_kw"
"k__Bacteria|p__Rhodothermota|c__Rhodothermia|o__Rhodothermales|f__Rhodothermaceae|g__Rubrivirga|s__|ASV_238","ColaDeBallena - EsteroZacatecas","k__Bacteria|p__Rhodothermota|c__Rhodothermia|o__Rhodothermales|f__Rhodothermaceae|g__Rubrivirga|s__|ASV_238",0.204544302944617,0.307415216237675,0.136867670006189,0.215038735824781,0.307415216237675,"","ALDEx2_kw"
"k__Bacteria|p__Rhodothermota|c__Rhodothermia|o__Rhodothermales|f__Rhodothermaceae|g__Rubrivirga|s__|ASV_7369","ColaDeBallena - EsteroZacatecas","k__Bacteria|p__Rhodothermota|c__Rhodothermia|o__Rhodothermales|f__Rhodothermaceae|g__Rubrivirga|s__|ASV_7369",0.0186393566536996,0.0633938780155058,0.0133955911805967,0.0375490244453115,0.0633938780155058,"","ALDEx2_kw"
"k__Bacteria|p__Pseudomonadota|c__Alphaproteobacteria|o__Sphingomonadales|f__Sphingomonadaceae|g__|s__|ASV_9738","ColaDeBallena - EsteroZacatecas","k__Bacteria|p__Pseudomonadota|c__Alphaproteobacteria|o__Sphingomonadales|f__Sphingomonadaceae|g__|s__|ASV_9738",0.588875241257334,0.684119253249264,0.629661229013126,0.715979605212046,0.684119253249264,"","ALDEx2_kw"
"k__Bacteria|p__Actinomycetota|c__Actinobacteria|o__Nitriliruptorales|f__Nitriliruptoraceae|g__|s__|ASV_9726","ColaDeBallena - EsteroZacatecas","k__Bacteria|p__Actinomycetota|c__Actinobacteria|o__Nitriliruptorales|f__Nitriliruptoraceae|g__|s__|ASV_9726",0.084426638791048,0.16165432697146,0.0529013510857983,0.101233754887571,0.16165432697146,"","ALDEx2_kw"
"k__Bacteria|p__Pseudomonadota|c__Alphaproteobacteria|o__Rhodobacterales|f__Paracoccaceae|g__Palleronia-Pseudomaribius|s__|ASV_11178","ColaDeBallena - EsteroZacatecas","k__Bacteria|p__Pseudomonadota|c__Alphaproteobacteria|o__Rhodobacterales|f__Paracoccaceae|g__Palleronia-Pseudomaribius|s__|ASV_11178",0.0547217916479706,0.121424895939987,0.052308470457127,0.0962515844377163,0.121424895939987,"","ALDEx2_kw"
"k__Bacteria|p__Rhodothermota|c__Rhodothermia|o__Rhodothermales|f__Rhodothermaceae|g__Rubrivirga|s__|ASV_7501","ColaDeBallena - EsteroZacatecas","k__Bacteria|p__Rhodothermota|c__Rhodothermia|o__Rhodothermales|f__Rhodothermaceae|g__Rubrivirga|s__|ASV_7501",0.137856399706556,0.233060026243359,0.110415134708265,0.183094880961786,0.233060026243359,"","ALDEx2_kw"
"k__Bacteria|p__Verrucomicrobiota|c__Verrucomicrobiia|o__Verrucomicrobiales|f__DEV007|g__|s__|ASV_11556","ColaDeBallena - EsteroZacatecas","k__Bacteria|p__Verrucomicrobiota|c__Verrucomicrobiia|o__Verrucomicrobiales|f__DEV007|g__|s__|ASV_11556",0.191642751206955,0.290295950904928,0.134012080599137,0.210320035743324,0.290295950904928,"","ALDEx2_kw"
"k__Bacteria|p__Pseudomonadota|c__Alphaproteobacteria|o__Rhodobacterales|f__Paracoccaceae|g__Maribius|s__|ASV_14792","ColaDeBallena - EsteroZacatecas","k__Bacteria|p__Pseudomonadota|c__Alphaproteobacteria|o__Rhodobacterales|f__Paracoccaceae|g__Maribius|s__|ASV_14792",0.10961504912953,0.202787094707474,0.0866236894354015,0.148113131072544,0.202787094707474,"","ALDEx2_kw"
"k__Bacteria|p__Actinomycetota|c__Acidimicrobiia|o__Microtrichales|f__Microtrichaceae|g__|s__|ASV_159","ColaDeBallena - EsteroZacatecas","k__Bacteria|p__Actinomycetota|c__Acidimicrobiia|o__Microtrichales|f__Microtrichaceae|g__|s__|ASV_159",0.565065092650615,0.652334198296204,0.521718979438326,0.613973391493554,0.652334198296204,"","ALDEx2_kw"
"k__Bacteria|p__Pseudomonadota|c__Alphaproteobacteria|o__Rhodobacterales|f__Paracoccaceae|g__Limibaculum|s__|ASV_11077","ColaDeBallena - EsteroZacatecas","k__Bacteria|p__Pseudomonadota|c__Alphaproteobacteria|o__Rhodobacterales|f__Paracoccaceae|g__Limibaculum|s__|ASV_11077",0.624681819763701,0.709786283659923,0.627622556641577,0.71081951096759,0.709786283659923,"","ALDEx2_kw"
"k__Bacteria|p__Pseudomonadota|c__Alphaproteobacteria|o__Sphingomonadales|f__Sphingomonadaceae|g__|s__|ASV_14636","ColaDeBallena - EsteroZacatecas","k__Bacteria|p__Pseudomonadota|c__Alphaproteobacteria|o__Sphingomonadales|f__Sphingomonadaceae|g__|s__|ASV_14636",0.232988557880201,0.346217723271541,0.243522469795601,0.337575523211089,0.346217723271541,"","ALDEx2_kw"
"k__Bacteria|p__Bacteroidota|c__Bacteroidia|o__Flavobacteriales|f__Flavobacteriaceae|g__Robiginitalea|s__|ASV_14687","ColaDeBallena - EsteroZacatecas","k__Bacteria|p__Bacteroidota|c__Bacteroidia|o__Flavobacteriales|f__Flavobacteriaceae|g__Robiginitalea|s__|ASV_14687",0.299243121851743,0.412525085603803,0.260244715258768,0.357579392714449,0.412525085603803,"","ALDEx2_kw"
"k__Bacteria|p__Rhodothermota|c__Rhodothermia|o__Rhodothermales|f__Rhodothermaceae|g__|s__|ASV_13433","ColaDeBallena - EsteroZacatecas","k__Bacteria|p__Rhodothermota|c__Rhodothermia|o__Rhodothermales|f__Rhodothermaceae|g__|s__|ASV_13433",0.728272638651063,0.797945543521591,0.65944126408605,0.741706471110837,0.797945543521591,"","ALDEx2_kw"
"k__Bacteria|p__Actinomycetota|c__Actinobacteria|o__Propionibacteriales|f__Nocardioidaceae|g__Nocardioides|s__|ASV_6174","ColaDeBallena - EsteroZacatecas","k__Bacteria|p__Actinomycetota|c__Actinobacteria|o__Propionibacteriales|f__Nocardioidaceae|g__Nocardioides|s__|ASV_6174",0.0111575041450185,0.0470440604380262,0.0121919451785845,0.034648558298544,0.0470440604380262,"*","ALDEx2_kw"
"k__Bacteria|p__Chloroflexota|c__Anaerolineae|o__Caldilineales|f__Caldilineaceae|g__|s__|ASV_6747","ColaDeBallena - EsteroZacatecas","k__Bacteria|p__Chloroflexota|c__Anaerolineae|o__Caldilineales|f__Caldilineaceae|g__|s__|ASV_6747",0.222128055201567,0.32423983750244,0.170034187155531,0.249694022564523,0.32423983750244,"","ALDEx2_kw"
"k__Bacteria|p__Myxococcota|c__Polyangiia|o__Polyangiales|f__Sandaracinaceae|g__|s__|ASV_10160","ColaDeBallena - EsteroZacatecas","k__Bacteria|p__Myxococcota|c__Polyangiia|o__Polyangiales|f__Sandaracinaceae|g__|s__|ASV_10160",0.715977570624478,0.790579663173863,0.670174557359401,0.750946979126089,0.790579663173863,"","ALDEx2_kw"
"k__Bacteria|p__Pseudomonadota|c__Alphaproteobacteria|o__Hyphomicrobiales|f__Rhizobiaceae|g__|s__|ASV_8528","ColaDeBallena - EsteroZacatecas","k__Bacteria|p__Pseudomonadota|c__Alphaproteobacteria|o__Hyphomicrobiales|f__Rhizobiaceae|g__|s__|ASV_8528",0.235219477269281,0.345830908396671,0.144758896205297,0.230317190543949,0.345830908396671,"","ALDEx2_kw"
"k__Bacteria|p__Pseudomonadota|c__Alphaproteobacteria|o__Rhodobacterales|f__Paracoccaceae|g__|s__|ASV_15311","ColaDeBallena - EsteroZacatecas","k__Bacteria|p__Pseudomonadota|c__Alphaproteobacteria|o__Rhodobacterales|f__Paracoccaceae|g__|s__|ASV_15311",0.193289239500592,0.286121627356913,0.113635848752186,0.182576632217224,0.286121627356913,"","ALDEx2_kw"
"k__Bacteria|p__Rhodothermota|c__Rhodothermia|o__Rhodothermales|f__Rhodothermaceae|g__|s__|ASV_229","ColaDeBallena - EsteroZacatecas","k__Bacteria|p__Rhodothermota|c__Rhodothermia|o__Rhodothermales|f__Rhodothermaceae|g__|s__|ASV_229",0.630226537014066,0.720929678725331,0.648700765137796,0.731292675335857,0.720929678725331,"","ALDEx2_kw"
"k__Bacteria|p__Bacteroidota|c__Bacteroidia|o__Flavobacteriales|f__Flavobacteriaceae|g__|s__|ASV_10531","ColaDeBallena - EsteroZacatecas","k__Bacteria|p__Bacteroidota|c__Bacteroidia|o__Flavobacteriales|f__Flavobacteriaceae|g__|s__|ASV_10531",0.0721166865544521,0.151953268651468,0.0644509847367628,0.124120108252778,0.151953268651468,"","ALDEx2_kw"
"k__Bacteria|p__Pseudomonadota|c__Alphaproteobacteria|o__Rhodobacterales|f__Paracoccaceae|g__|s__|ASV_10303","ColaDeBallena - EsteroZacatecas","k__Bacteria|p__Pseudomonadota|c__Alphaproteobacteria|o__Rhodobacterales|f__Paracoccaceae|g__|s__|ASV_10303",0.151616039119563,0.248175087414056,0.134545713825309,0.207208919555893,0.248175087414056,"","ALDEx2_kw"
"k__Bacteria|p__Pseudomonadota|c__Gammaproteobacteria|o__Enterobacterales|f__Vibrionaceae|g__Vibrio|s__|ASV_5703","ColaDeBallena - EsteroZacatecas","k__Bacteria|p__Pseudomonadota|c__Gammaproteobacteria|o__Enterobacterales|f__Vibrionaceae|g__Vibrio|s__|ASV_5703",0.346169419120546,0.45088550396046,0.275400103125253,0.363813200438572,0.45088550396046,"","ALDEx2_kw"
"k__Bacteria|p__Chloroflexota|c__Anaerolineae|o__Aggregatilineales|f__A4b|g__|s__|ASV_14457","ColaDeBallena - EsteroZacatecas","k__Bacteria|p__Chloroflexota|c__Anaerolineae|o__Aggregatilineales|f__A4b|g__|s__|ASV_14457",0.636438994993202,0.726015185701021,0.593369153907272,0.68692479420257,0.726015185701021,"","ALDEx2_kw"
"k__Bacteria|p__Gemmatimonadota|c__Longimicrobiia|o__Longimicrobiales|f__Longimicrobiaceae|g__|s__|ASV_5010","ColaDeBallena - EsteroZacatecas","k__Bacteria|p__Gemmatimonadota|c__Longimicrobiia|o__Longimicrobiales|f__Longimicrobiaceae|g__|s__|ASV_5010",0.256670953020906,0.367368982699625,0.248180093139822,0.34461725629299,0.367368982699625,"","ALDEx2_kw"
"k__Bacteria|p__Pseudomonadota|c__Alphaproteobacteria|o__Rhodobacterales|f__Paracoccaceae|g__Limibaculum|s__|ASV_13046","ColaDeBallena - EsteroZacatecas","k__Bacteria|p__Pseudomonadota|c__Alphaproteobacteria|o__Rhodobacterales|f__Paracoccaceae|g__Limibaculum|s__|ASV_13046",0.172357247021255,0.295606013683772,0.221335636163817,0.325902762610608,0.295606013683772,"","ALDEx2_kw"
"k__Bacteria|p__Pseudomonadota|c__Alphaproteobacteria|o__Rhodobacterales|f__Paracoccaceae|g__|s__|ASV_12166","ColaDeBallena - EsteroZacatecas","k__Bacteria|p__Pseudomonadota|c__Alphaproteobacteria|o__Rhodobacterales|f__Paracoccaceae|g__|s__|ASV_12166",0.331382469262511,0.435203574251142,0.264397553207505,0.355593968278169,0.435203574251142,"","ALDEx2_kw"
"k__Bacteria|p__Pseudomonadota|c__Alphaproteobacteria|o__Caulobacterales|f__Hyphomonadaceae|g__Euryhalocaulis|s__|ASV_6477","ColaDeBallena - EsteroZacatecas","k__Bacteria|p__Pseudomonadota|c__Alphaproteobacteria|o__Caulobacterales|f__Hyphomonadaceae|g__Euryhalocaulis|s__|ASV_6477",0.402387034557082,0.512933235017414,0.386699817983316,0.487513946617187,0.512933235017414,"","ALDEx2_kw"
"k__Bacteria|p__Pseudomonadota|c__Alphaproteobacteria|o__Rhodobacterales|f__Paracoccaceae|g__Palleronia-Pseudomaribius|s__|ASV_9024","ColaDeBallena - EsteroZacatecas","k__Bacteria|p__Pseudomonadota|c__Alphaproteobacteria|o__Rhodobacterales|f__Paracoccaceae|g__Palleronia-Pseudomaribius|s__|ASV_9024",0.31086926801897,0.410185269725772,0.204035611266617,0.292225090706892,0.410185269725772,"","ALDEx2_kw"
"k__Bacteria|p__Pseudomonadota|c__Alphaproteobacteria|o__Rhodobacterales|f__Paracoccaceae|g__|s__|ASV_3187","ColaDeBallena - EsteroZacatecas","k__Bacteria|p__Pseudomonadota|c__Alphaproteobacteria|o__Rhodobacterales|f__Paracoccaceae|g__|s__|ASV_3187",0.549413504541807,0.643684750319744,0.512037739292212,0.599996603099574,0.643684750319744,"","ALDEx2_kw"
"k__Bacteria|p__Myxococcota|c__Polyangiia|o__Polyangiales|f__Sandaracinaceae|g__|s__|ASV_15697","ColaDeBallena - EsteroZacatecas","k__Bacteria|p__Myxococcota|c__Polyangiia|o__Polyangiales|f__Sandaracinaceae|g__|s__|ASV_15697",0.360914067001576,0.463576649438392,0.317929276905262,0.415856689888081,0.463576649438392,"","ALDEx2_kw"
"k__Bacteria|p__Pseudomonadota|c__Alphaproteobacteria|o__Rhodobacterales|f__Paracoccaceae|g__Palleronia-Pseudomaribius|s__|ASV_7175","ColaDeBallena - EsteroZacatecas","k__Bacteria|p__Pseudomonadota|c__Alphaproteobacteria|o__Rhodobacterales|f__Paracoccaceae|g__Palleronia-Pseudomaribius|s__|ASV_7175",0.283384884586816,0.385206366914054,0.171995002560536,0.258535163628841,0.385206366914054,"","ALDEx2_kw"
"k__Bacteria|p__Pseudomonadota|c__Alphaproteobacteria|o__Rhodobacterales|f__Paracoccaceae|g__|s__|ASV_1077","ColaDeBallena - EsteroZacatecas","k__Bacteria|p__Pseudomonadota|c__Alphaproteobacteria|o__Rhodobacterales|f__Paracoccaceae|g__|s__|ASV_1077",0.630469278515901,0.719163010439271,0.629765586370181,0.713238697638674,0.719163010439271,"","ALDEx2_kw"
"k__Bacteria|p__Pseudomonadota|c__Alphaproteobacteria|o__Rhodobacterales|f__Paracoccaceae|g__|s__|ASV_8503","ColaDeBallena - EsteroZacatecas","k__Bacteria|p__Pseudomonadota|c__Alphaproteobacteria|o__Rhodobacterales|f__Paracoccaceae|g__|s__|ASV_8503",0.243877781705914,0.354061605880384,0.139708684560067,0.221195341608559,0.354061605880384,"","ALDEx2_kw"
"k__Bacteria|p__Pseudomonadota|c__Gammaproteobacteria|o__Pseudomonadales|f__Marinomonadaceae|g__Marinomonas|s__|ASV_3667","ColaDeBallena - EsteroZacatecas","k__Bacteria|p__Pseudomonadota|c__Gammaproteobacteria|o__Pseudomonadales|f__Marinomonadaceae|g__Marinomonas|s__|ASV_3667",0.538082228528449,0.635865307377795,0.51007588492172,0.598319062916633,0.635865307377795,"","ALDEx2_kw"
"k__Bacteria|p__Thermodesulfobacteriota|c__Desulfobacteria|o__Desulfobacterales|f__Desulfosarcinaceae|g__Sva0081_sediment_group|s__|ASV_12562","ColaDeBallena - EsteroZacatecas","k__Bacteria|p__Thermodesulfobacteriota|c__Desulfobacteria|o__Desulfobacterales|f__Desulfosarcinaceae|g__Sva0081_sediment_group|s__|ASV_12562",0.000845278084925269,0.0114619838681068,0.00103211200949412,0.00465643932364871,0.0114619838681068,"*","ALDEx2_kw"
"k__Bacteria|p__Bacteroidota|c__Bacteroidia|o__Flavobacteriales|f__Flavobacteriaceae|g__Marixanthomonas|s__|ASV_2225","ColaDeBallena - EsteroZacatecas","k__Bacteria|p__Bacteroidota|c__Bacteroidia|o__Flavobacteriales|f__Flavobacteriaceae|g__Marixanthomonas|s__|ASV_2225",0.0651546393207029,0.145442956230227,0.0525812836549685,0.108706761766032,0.145442956230227,"","ALDEx2_kw"
"k__Bacteria|p__Bacteroidota|c__Bacteroidia|o__Flavobacteriales|f__Flavobacteriaceae|g__Robiginitalea|s__|ASV_13586","ColaDeBallena - EsteroZacatecas","k__Bacteria|p__Bacteroidota|c__Bacteroidia|o__Flavobacteriales|f__Flavobacteriaceae|g__Robiginitalea|s__|ASV_13586",0.528316776672757,0.62973792197931,0.546132145295622,0.643414348315641,0.62973792197931,"","ALDEx2_kw"
"k__Bacteria|p__Pseudomonadota|c__Gammaproteobacteria|o__Pseudomonadales|f__Marinomonadaceae|g__Marinomonas|s__|ASV_10996","ColaDeBallena - EsteroZacatecas","k__Bacteria|p__Pseudomonadota|c__Gammaproteobacteria|o__Pseudomonadales|f__Marinomonadaceae|g__Marinomonas|s__|ASV_10996",0.598291756864609,0.69234899316034,0.597507677920617,0.68508879280214,0.69234899316034,"","ALDEx2_kw"
"k__Bacteria|p__Actinomycetota|c__Actinobacteria|o__Nitriliruptorales|f__Nitriliruptoraceae|g__|s__|ASV_954","ColaDeBallena - EsteroZacatecas","k__Bacteria|p__Actinomycetota|c__Actinobacteria|o__Nitriliruptorales|f__Nitriliruptoraceae|g__|s__|ASV_954",0.165859153287832,0.261084971881287,0.099583700795584,0.167875660249548,0.261084971881287,"","ALDEx2_kw"
"k__Bacteria|p__Pseudomonadota|c__Alphaproteobacteria|o__Hyphomicrobiales|f__Rhizobiaceae|g__Pseudahrensia|s__|ASV_1482","ColaDeBallena - EsteroZacatecas","k__Bacteria|p__Pseudomonadota|c__Alphaproteobacteria|o__Hyphomicrobiales|f__Rhizobiaceae|g__Pseudahrensia|s__|ASV_1482",0.131206054875034,0.228588522186298,0.0903021251548659,0.154848685552749,0.228588522186298,"","ALDEx2_kw"
"k__Bacteria|p__Pseudomonadota|c__Alphaproteobacteria|o__Rhodobacterales|f__Paracoccaceae|g__|s__|ASV_12197","ColaDeBallena - EsteroZacatecas","k__Bacteria|p__Pseudomonadota|c__Alphaproteobacteria|o__Rhodobacterales|f__Paracoccaceae|g__|s__|ASV_12197",0.113748085089536,0.203098688452043,0.0675037664079599,0.126963084522956,0.203098688452043,"","ALDEx2_kw"
"k__Bacteria|p__Pseudomonadota|c__Alphaproteobacteria|o__Rhodobacterales|f__Paracoccaceae|g__|s__|ASV_6342","ColaDeBallena - EsteroZacatecas","k__Bacteria|p__Pseudomonadota|c__Alphaproteobacteria|o__Rhodobacterales|f__Paracoccaceae|g__|s__|ASV_6342",0.264376109108123,0.379097399250447,0.186559753940688,0.280363058381437,0.379097399250447,"","ALDEx2_kw"
"k__Bacteria|p__Pseudomonadota|c__Alphaproteobacteria|o__|f__Neomegalonemataceae|g__Acuticoccus|s__|ASV_9384","ColaDeBallena - EsteroZacatecas","k__Bacteria|p__Pseudomonadota|c__Alphaproteobacteria|o__|f__Neomegalonemataceae|g__Acuticoccus|s__|ASV_9384",0.52520218705427,0.629609840530739,0.526426633119111,0.624362526379069,0.629609840530739,"","ALDEx2_kw"
"k__Bacteria|p__Actinomycetota|c__Actinobacteria|o__Frankiales|f__Geodermatophilaceae|g__Geodermatophilus|s__|ASV_9635","ColaDeBallena - EsteroZacatecas","k__Bacteria|p__Actinomycetota|c__Actinobacteria|o__Frankiales|f__Geodermatophilaceae|g__Geodermatophilus|s__|ASV_9635",0.290643668277383,0.407641267213494,0.289509287736126,0.389961154293999,0.407641267213494,"","ALDEx2_kw"
"k__Bacteria|p__Chloroflexota|c__Anaerolineae|o__Aggregatilineales|f__A4b|g__|s__|ASV_6654","ColaDeBallena - EsteroZacatecas","k__Bacteria|p__Chloroflexota|c__Anaerolineae|o__Aggregatilineales|f__A4b|g__|s__|ASV_6654",0.410930724613594,0.521717743054507,0.388774602635077,0.487400715647971,0.521717743054507,"","ALDEx2_kw"
"k__Bacteria|p__Pseudomonadota|c__Alphaproteobacteria|o__Rhodobacterales|f__Paracoccaceae|g__Silicimonas|s__|ASV_5396","ColaDeBallena - EsteroZacatecas","k__Bacteria|p__Pseudomonadota|c__Alphaproteobacteria|o__Rhodobacterales|f__Paracoccaceae|g__Silicimonas|s__|ASV_5396",0.735772340961809,0.806046460773771,0.625221258743209,0.714618532814656,0.806046460773771,"","ALDEx2_kw"
"k__Archaea|p__Halobacteriota|c__Halobacteria|o__Halobacterales|f__Halomicrobiaceae|g__Halomarina|s__|ASV_13588","ColaDeBallena - EsteroZacatecas","k__Archaea|p__Halobacteriota|c__Halobacteria|o__Halobacterales|f__Halomicrobiaceae|g__Halomarina|s__|ASV_13588",0.0639566180557956,0.135509708028826,0.0447474898447947,0.0908305917665951,0.135509708028826,"","ALDEx2_kw"
"k__Bacteria|p__Pseudomonadota|c__Alphaproteobacteria|o__Caulobacterales|f__Hyphomonadaceae|g__Henriciella|s__|ASV_1670","ColaDeBallena - EsteroZacatecas","k__Bacteria|p__Pseudomonadota|c__Alphaproteobacteria|o__Caulobacterales|f__Hyphomonadaceae|g__Henriciella|s__|ASV_1670",0.472953814862319,0.588084634688279,0.441740577752997,0.544338242670878,0.588084634688279,"","ALDEx2_kw"
"k__Bacteria|p__Pseudomonadota|c__Alphaproteobacteria|o__Rhodobacterales|f__Paracoccaceae|g__Palleronia-Pseudomaribius|s__|ASV_12419","ColaDeBallena - EsteroZacatecas","k__Bacteria|p__Pseudomonadota|c__Alphaproteobacteria|o__Rhodobacterales|f__Paracoccaceae|g__Palleronia-Pseudomaribius|s__|ASV_12419",0.697072876209712,0.776374064356378,0.658905456584293,0.74227649766772,0.776374064356378,"","ALDEx2_kw"
"k__Bacteria|p__Rhodothermota|c__Rhodothermia|o__Rhodothermales|f__Rhodothermaceae|g__|s__|ASV_1677","ColaDeBallena - EsteroZacatecas","k__Bacteria|p__Rhodothermota|c__Rhodothermia|o__Rhodothermales|f__Rhodothermaceae|g__|s__|ASV_1677",0.59072210868583,0.688024611120811,0.572004874187924,0.664576341579595,0.688024611120811,"","ALDEx2_kw"
"k__Bacteria|p__Bacteroidota|c__Bacteroidia|o__Flavobacteriales|f__Flavobacteriaceae|g__Robiginitalea|s__|ASV_8414","ColaDeBallena - EsteroZacatecas","k__Bacteria|p__Bacteroidota|c__Bacteroidia|o__Flavobacteriales|f__Flavobacteriaceae|g__Robiginitalea|s__|ASV_8414",0.0495569804434042,0.115583557239514,0.0307718204669356,0.069548856152227,0.115583557239514,"","ALDEx2_kw"
"k__Bacteria|p__Cyanobacteriota|c__Cyanobacteriia|o__Cyanobacteriales|f__Xenococcaceae|g__Pleurocapsa_PCC-7319|s__|ASV_7227","ColaDeBallena - EsteroZacatecas","k__Bacteria|p__Cyanobacteriota|c__Cyanobacteriia|o__Cyanobacteriales|f__Xenococcaceae|g__Pleurocapsa_PCC-7319|s__|ASV_7227",0.239319454599549,0.347256242693695,0.188675856168621,0.271764060791391,0.347256242693695,"","ALDEx2_kw"
"k__Bacteria|p__Cyanobacteriota|c__Cyanobacteriia|o__Phormidesmiales|f__Phormidesmiaceae|g__Phormidesmis_ANT.LACV5.1|s__|ASV_5824","ColaDeBallena - EsteroZacatecas","k__Bacteria|p__Cyanobacteriota|c__Cyanobacteriia|o__Phormidesmiales|f__Phormidesmiaceae|g__Phormidesmis_ANT.LACV5.1|s__|ASV_5824",0.196968202159054,0.301739998308944,0.165573319297082,0.248505918117355,0.301739998308944,"","ALDEx2_kw"
"k__Bacteria|p__Myxococcota|c__Polyangiia|o__Haliangiales|f__Haliangiaceae|g__|s__|ASV_3182","ColaDeBallena - EsteroZacatecas","k__Bacteria|p__Myxococcota|c__Polyangiia|o__Haliangiales|f__Haliangiaceae|g__|s__|ASV_3182",0.109434543403331,0.198702118452113,0.0713700486970249,0.132597928049344,0.198702118452113,"","ALDEx2_kw"
"k__Bacteria|p__Myxococcota|c__Polyangiia|o__Polyangiales|f__Sandaracinaceae|g__|s__|ASV_1122","ColaDeBallena - EsteroZacatecas","k__Bacteria|p__Myxococcota|c__Polyangiia|o__Polyangiales|f__Sandaracinaceae|g__|s__|ASV_1122",0.466086821772305,0.566659108266815,0.474258253292181,0.567787780344188,0.566659108266815,"","ALDEx2_kw"
"k__Bacteria|p__Planctomycetota|c__Planctomycetes|o__Planctomycetales|f__Gimesiaceae|g__|s__|ASV_9951","ColaDeBallena - EsteroZacatecas","k__Bacteria|p__Planctomycetota|c__Planctomycetes|o__Planctomycetales|f__Gimesiaceae|g__|s__|ASV_9951",0.658653634758726,0.745436941282688,0.641828749204694,0.727550708807316,0.745436941282688,"","ALDEx2_kw"
"k__Bacteria|p__Pseudomonadota|c__Alphaproteobacteria|o__Sphingomonadales|f__Sphingomonadaceae|g__Aurantiacibacter|s__|ASV_12729","ColaDeBallena - EsteroZacatecas","k__Bacteria|p__Pseudomonadota|c__Alphaproteobacteria|o__Sphingomonadales|f__Sphingomonadaceae|g__Aurantiacibacter|s__|ASV_12729",0.375014498394572,0.492052096923469,0.390388422639692,0.491327590113255,0.492052096923469,"","ALDEx2_kw"
"k__Bacteria|p__Pseudomonadota|c__Alphaproteobacteria|o__Sphingomonadales|f__Sphingomonadaceae|g__|s__|ASV_3683","ColaDeBallena - EsteroZacatecas","k__Bacteria|p__Pseudomonadota|c__Alphaproteobacteria|o__Sphingomonadales|f__Sphingomonadaceae|g__|s__|ASV_3683",0.00504149926554156,0.0305338136908933,0.00656519715279205,0.023137803439197,0.0305338136908933,"*","ALDEx2_kw"
"k__Bacteria|p__Cyanobacteriota|c__Cyanobacteriia|o__Cyanobacteriales|f__Nostocaceae|g__Rivularia_PCC-7116|s__|ASV_10615","ColaDeBallena - EsteroZacatecas","k__Bacteria|p__Cyanobacteriota|c__Cyanobacteriia|o__Cyanobacteriales|f__Nostocaceae|g__Rivularia_PCC-7116|s__|ASV_10615",0.184025724676196,0.288640300974035,0.137307344565683,0.217745079747697,0.288640300974035,"","ALDEx2_kw"
"k__Bacteria|p__Myxococcota|c__Polyangiia|o__Polyangiales|f__Sandaracinaceae|g__|s__|ASV_1071","ColaDeBallena - EsteroZacatecas","k__Bacteria|p__Myxococcota|c__Polyangiia|o__Polyangiales|f__Sandaracinaceae|g__|s__|ASV_1071",0.0103370992422807,0.0471567139718202,0.018898562604317,0.0447234575761609,0.0471567139718202,"*","ALDEx2_kw"
"k__Bacteria|p__Acidobacteriota|c__Thermoanaerobaculia|o__Thermoanaerobaculales|f__Thermoanaerobaculaceae|g__Subgroup_10|s__|ASV_12805","ColaDeBallena - EsteroZacatecas","k__Bacteria|p__Acidobacteriota|c__Thermoanaerobaculia|o__Thermoanaerobaculales|f__Thermoanaerobaculaceae|g__Subgroup_10|s__|ASV_12805",0.000224099947673625,0.00668093227760482,0.000260553149468652,0.0021120307698042,0.00668093227760482,"**","ALDEx2_kw"
"k__Bacteria|p__Bacteroidota|c__Bacteroidia|o__Chitinophagales|f__Saprospiraceae|g__|s__|ASV_5174","ColaDeBallena - EsteroZacatecas","k__Bacteria|p__Bacteroidota|c__Bacteroidia|o__Chitinophagales|f__Saprospiraceae|g__|s__|ASV_5174",0.498864847277678,0.598813838419645,0.451399703598996,0.541280713492089,0.598813838419645,"","ALDEx2_kw"
"k__Bacteria|p__Cyanobacteriota|c__Cyanobacteriia|o__Cyanobacteriales|f__Xenococcaceae|g__Chroococcidiopsis_PCC-6712|s__|ASV_1997","ColaDeBallena - EsteroZacatecas","k__Bacteria|p__Cyanobacteriota|c__Cyanobacteriia|o__Cyanobacteriales|f__Xenococcaceae|g__Chroococcidiopsis_PCC-6712|s__|ASV_1997",0.087108715593615,0.167112206955498,0.0954646791554077,0.155725149227885,0.167112206955498,"","ALDEx2_kw"
"k__Bacteria|p__Bacteroidota|c__Bacteroidia|o__Chitinophagales|f__Saprospiraceae|g__Lewinella|s__|ASV_9304","ColaDeBallena - EsteroZacatecas","k__Bacteria|p__Bacteroidota|c__Bacteroidia|o__Chitinophagales|f__Saprospiraceae|g__Lewinella|s__|ASV_9304",0.462376934525209,0.564132396895419,0.347052025042375,0.44337459345257,0.564132396895419,"","ALDEx2_kw"
"k__Bacteria|p__Cyanobacteriota|c__Cyanobacteriia|o__Phormidesmiales|f__Phormidesmiaceae|g__Phormidium_MBIC10003|s__|ASV_546","ColaDeBallena - EsteroZacatecas","k__Bacteria|p__Cyanobacteriota|c__Cyanobacteriia|o__Phormidesmiales|f__Phormidesmiaceae|g__Phormidium_MBIC10003|s__|ASV_546",0.0170729004646701,0.0619848093076871,0.0244150753419182,0.0608691262699149,0.0619848093076871,"","ALDEx2_kw"
"k__Bacteria|p__Actinomycetota|c__Actinobacteria|o__Propionibacteriales|f__Nocardioidaceae|g__Nocardioides|s__|ASV_13377","ColaDeBallena - EsteroZacatecas","k__Bacteria|p__Actinomycetota|c__Actinobacteria|o__Propionibacteriales|f__Nocardioidaceae|g__Nocardioides|s__|ASV_13377",0.00767351770485107,0.037245708039687,0.00761323020393375,0.0233917258114968,0.037245708039687,"*","ALDEx2_kw"
"k__Bacteria|p__Bacteroidota|c__Bacteroidia|o__Cytophagales|f__Cyclobacteriaceae|g__Marivirga|s__|ASV_7231","ColaDeBallena - EsteroZacatecas","k__Bacteria|p__Bacteroidota|c__Bacteroidia|o__Cytophagales|f__Cyclobacteriaceae|g__Marivirga|s__|ASV_7231",0.0203245791990839,0.0696543111907315,0.0272157746810517,0.0613098770688771,0.0696543111907315,"","ALDEx2_kw"
"k__Bacteria|p__Bacteroidota|c__Bacteroidia|o__Flavobacteriales|f__Cryomorphaceae|g__Owenweeksia|s__|ASV_3656","ColaDeBallena - EsteroZacatecas","k__Bacteria|p__Bacteroidota|c__Bacteroidia|o__Flavobacteriales|f__Cryomorphaceae|g__Owenweeksia|s__|ASV_3656",0.0350844239891212,0.0933276199675166,0.0391985365537036,0.0807550970619013,0.0933276199675166,"","ALDEx2_kw"
"k__Bacteria|p__Pseudomonadota|c__Gammaproteobacteria|o__Pseudomonadales|f__Cellvibrionaceae|g__|s__|ASV_10185","ColaDeBallena - EsteroZacatecas","k__Bacteria|p__Pseudomonadota|c__Gammaproteobacteria|o__Pseudomonadales|f__Cellvibrionaceae|g__|s__|ASV_10185",0.174213529860665,0.273781365412177,0.127382085770805,0.209304025545476,0.273781365412177,"","ALDEx2_kw"
"k__Bacteria|p__Pseudomonadota|c__Alphaproteobacteria|o__Rhodobacterales|f__Paracoccaceae|g__Limibaculum|s__|ASV_10764","ColaDeBallena - EsteroZacatecas","k__Bacteria|p__Pseudomonadota|c__Alphaproteobacteria|o__Rhodobacterales|f__Paracoccaceae|g__Limibaculum|s__|ASV_10764",0.28004485231912,0.397409851485017,0.283099427739456,0.383872130711083,0.397409851485017,"","ALDEx2_kw"
"k__Bacteria|p__Pseudomonadota|c__Gammaproteobacteria|o__Enterobacterales|f__Alteromonadaceae|g__Aestuariibacter|s__|ASV_12294","ColaDeBallena - EsteroZacatecas","k__Bacteria|p__Pseudomonadota|c__Gammaproteobacteria|o__Enterobacterales|f__Alteromonadaceae|g__Aestuariibacter|s__|ASV_12294",0.345475175809123,0.453268882292346,0.24904162117693,0.342462777987302,0.453268882292346,"","ALDEx2_kw"
"k__Bacteria|p__Actinomycetota|c__Actinobacteria|o__Euzebyales|f__Euzebyaceae|g__|s__|ASV_3446","ColaDeBallena - EsteroZacatecas","k__Bacteria|p__Actinomycetota|c__Actinobacteria|o__Euzebyales|f__Euzebyaceae|g__|s__|ASV_3446",0.178022473134401,0.271450399136855,0.114803558564626,0.185795765246245,0.271450399136855,"","ALDEx2_kw"
"k__Bacteria|p__Bacteroidota|c__Bacteroidia|o__Cytophagales|f__Cyclobacteriaceae|g__Tunicatimonas|s__|ASV_11136","ColaDeBallena - EsteroZacatecas","k__Bacteria|p__Bacteroidota|c__Bacteroidia|o__Cytophagales|f__Cyclobacteriaceae|g__Tunicatimonas|s__|ASV_11136",0.031075208360522,0.0839876492730999,0.0179894878939667,0.0456309701703524,0.0839876492730999,"","ALDEx2_kw"
"k__Bacteria|p__Pseudomonadota|c__Alphaproteobacteria|o__Hyphomicrobiales|f__Rhizobiaceae|g__|s__|ASV_4397","ColaDeBallena - EsteroZacatecas","k__Bacteria|p__Pseudomonadota|c__Alphaproteobacteria|o__Hyphomicrobiales|f__Rhizobiaceae|g__|s__|ASV_4397",0.443117770057528,0.549509817399439,0.507689412871321,0.603077881378786,0.549509817399439,"","ALDEx2_kw"
"k__Bacteria|p__Actinomycetota|c__Actinobacteria|o__Nitriliruptorales|f__Nitriliruptoraceae|g__|s__|ASV_7640","ColaDeBallena - EsteroZacatecas","k__Bacteria|p__Actinomycetota|c__Actinobacteria|o__Nitriliruptorales|f__Nitriliruptoraceae|g__|s__|ASV_7640",0.087586349388835,0.178771690843373,0.131103306051112,0.213664846453403,0.178771690843373,"","ALDEx2_kw"
"k__Bacteria|p__Pseudomonadota|c__Alphaproteobacteria|o__|f__Neomegalonemataceae|g__Acuticoccus|s__|ASV_9958","ColaDeBallena - EsteroZacatecas","k__Bacteria|p__Pseudomonadota|c__Alphaproteobacteria|o__|f__Neomegalonemataceae|g__Acuticoccus|s__|ASV_9958",0.44023602481077,0.541323499232396,0.369604752387112,0.466190432223321,0.541323499232396,"","ALDEx2_kw"
"k__Bacteria|p__Cyanobacteriota|c__Cyanobacteriia|o__Cyanobacteriales|f__Paraspirulinaceae|g__ESFC-1|s__|ASV_1387","ColaDeBallena - EsteroZacatecas","k__Bacteria|p__Cyanobacteriota|c__Cyanobacteriia|o__Cyanobacteriales|f__Paraspirulinaceae|g__ESFC-1|s__|ASV_1387",0.454936067953008,0.549407184994798,0.376858335199186,0.471372390190146,0.549407184994798,"","ALDEx2_kw"
"k__Bacteria|p__Pseudomonadota|c__Gammaproteobacteria|o__Enterobacterales|f__Vibrionaceae|g__Vibrio|s__|ASV_2958","ColaDeBallena - EsteroZacatecas","k__Bacteria|p__Pseudomonadota|c__Gammaproteobacteria|o__Enterobacterales|f__Vibrionaceae|g__Vibrio|s__|ASV_2958",0.048616508429613,0.11415047242744,0.0291614521393353,0.067389050027256,0.11415047242744,"","ALDEx2_kw"
"k__Bacteria|p__Pseudomonadota|c__Alphaproteobacteria|o__Caulobacterales|f__Hyphomonadaceae|g__|s__|ASV_13826","ColaDeBallena - EsteroZacatecas","k__Bacteria|p__Pseudomonadota|c__Alphaproteobacteria|o__Caulobacterales|f__Hyphomonadaceae|g__|s__|ASV_13826",0.204929359734791,0.306836584595063,0.145729812649932,0.225921288823176,0.306836584595063,"","ALDEx2_kw"
"k__Bacteria|p__Pseudomonadota|c__Alphaproteobacteria|o__Hyphomicrobiales|f__Rhizobiaceae|g__Pseudahrensia|s__|ASV_13404","ColaDeBallena - EsteroZacatecas","k__Bacteria|p__Pseudomonadota|c__Alphaproteobacteria|o__Hyphomicrobiales|f__Rhizobiaceae|g__Pseudahrensia|s__|ASV_13404",0.00532968301511106,0.032314063001923,0.00702204419209914,0.0225565221785824,0.032314063001923,"*","ALDEx2_kw"
"k__Bacteria|p__Bacteroidota|c__Bacteroidia|o__Cytophagales|f__Cyclobacteriaceae|g__Tunicatimonas|s__|ASV_2268","ColaDeBallena - EsteroZacatecas","k__Bacteria|p__Bacteroidota|c__Bacteroidia|o__Cytophagales|f__Cyclobacteriaceae|g__Tunicatimonas|s__|ASV_2268",0.332212394730354,0.441373230189224,0.254212599447098,0.344987047689025,0.441373230189224,"","ALDEx2_kw"
"k__Bacteria|p__Bacteroidota|c__Bacteroidia|o__Cytophagales|f__Cyclobacteriaceae|g__|s__|ASV_2729","ColaDeBallena - EsteroZacatecas","k__Bacteria|p__Bacteroidota|c__Bacteroidia|o__Cytophagales|f__Cyclobacteriaceae|g__|s__|ASV_2729",0.0308507676436957,0.0908682694893645,0.0393668785380393,0.0852738189706384,0.0908682694893645,"","ALDEx2_kw"
"k__Bacteria|p__Pseudomonadota|c__Alphaproteobacteria|o__Rhodobacterales|f__Paracoccaceae|g__|s__|ASV_10218","ColaDeBallena - EsteroZacatecas","k__Bacteria|p__Pseudomonadota|c__Alphaproteobacteria|o__Rhodobacterales|f__Paracoccaceae|g__|s__|ASV_10218",0.121538713428755,0.207313477815458,0.0673207156777739,0.121132394156062,0.207313477815458,"","ALDEx2_kw"
"k__Bacteria|p__Actinomycetota|c__Actinobacteria|o__Propionibacteriales|f__Propionibacteriaceae|g__|s__|ASV_8927","ColaDeBallena - EsteroZacatecas","k__Bacteria|p__Actinomycetota|c__Actinobacteria|o__Propionibacteriales|f__Propionibacteriaceae|g__|s__|ASV_8927",0.021601856302936,0.0722023329703876,0.0295812859795952,0.0652885294062614,0.0722023329703876,"","ALDEx2_kw"
"k__Bacteria|p__Cyanobacteriota|c__Cyanobacteriia|o__Cyanobacteriales|f__Xenococcaceae|g__Pleurocapsa_PCC-7319|s__|ASV_6643","ColaDeBallena - EsteroZacatecas","k__Bacteria|p__Cyanobacteriota|c__Cyanobacteriia|o__Cyanobacteriales|f__Xenococcaceae|g__Pleurocapsa_PCC-7319|s__|ASV_6643",0.107512285530687,0.199757465497641,0.110741387765945,0.178421405286191,0.199757465497641,"","ALDEx2_kw"
"k__Bacteria|p__Pseudomonadota|c__Alphaproteobacteria|o__Sphingomonadales|f__Sphingomonadaceae|g__Sphingomicrobium|s__|ASV_14557","ColaDeBallena - EsteroZacatecas","k__Bacteria|p__Pseudomonadota|c__Alphaproteobacteria|o__Sphingomonadales|f__Sphingomonadaceae|g__Sphingomicrobium|s__|ASV_14557",0.154821411280564,0.25652033524217,0.153068325240026,0.236152062476952,0.25652033524217,"","ALDEx2_kw"
"k__Bacteria|p__Pseudomonadota|c__Gammaproteobacteria|o__Beggiatoales|f__Leucotrichaceae|g__|s__|ASV_713","ColaDeBallena - EsteroZacatecas","k__Bacteria|p__Pseudomonadota|c__Gammaproteobacteria|o__Beggiatoales|f__Leucotrichaceae|g__|s__|ASV_713",0.0212243790562194,0.0683497239916322,0.0135838946062004,0.0388279819188512,0.0683497239916322,"","ALDEx2_kw"
"k__Bacteria|p__Actinomycetota|c__Acidimicrobiia|o__Microtrichales|f__Ilumatobacteraceae|g__Ilumatobacter|s__|ASV_9295","ColaDeBallena - EsteroZacatecas","k__Bacteria|p__Actinomycetota|c__Acidimicrobiia|o__Microtrichales|f__Ilumatobacteraceae|g__Ilumatobacter|s__|ASV_9295",0.049920799308159,0.11600583358478,0.0285665163478604,0.0671779407388959,0.11600583358478,"","ALDEx2_kw"
"k__Bacteria|p__Pseudomonadota|c__Alphaproteobacteria|o__Rhodobacterales|f__Paracoccaceae|g__Palleronia-Pseudomaribius|s__|ASV_10722","ColaDeBallena - EsteroZacatecas","k__Bacteria|p__Pseudomonadota|c__Alphaproteobacteria|o__Rhodobacterales|f__Paracoccaceae|g__Palleronia-Pseudomaribius|s__|ASV_10722",0.0144648211148374,0.0541911234198148,0.0104540529973064,0.0309612515005435,0.0541911234198148,"","ALDEx2_kw"
"k__Bacteria|p__Rhodothermota|c__Rhodothermia|o__Rhodothermales|f__Rhodothermaceae|g__|s__|ASV_10153","ColaDeBallena - EsteroZacatecas","k__Bacteria|p__Rhodothermota|c__Rhodothermia|o__Rhodothermales|f__Rhodothermaceae|g__|s__|ASV_10153",0.252331847883713,0.376120261268919,0.210827372516289,0.308074142585386,0.376120261268919,"","ALDEx2_kw"
"k__Bacteria|p__Bacteroidota|c__Bacteroidia|o__Cytophagales|f__Cyclobacteriaceae|g__Fulvivirga|s__|ASV_15281","ColaDeBallena - EsteroZacatecas","k__Bacteria|p__Bacteroidota|c__Bacteroidia|o__Cytophagales|f__Cyclobacteriaceae|g__Fulvivirga|s__|ASV_15281",0.268491940825619,0.385068837677102,0.251598838510071,0.350083874109357,0.385068837677102,"","ALDEx2_kw"
"k__Bacteria|p__Cyanobacteriota|c__Cyanobacteriia|o__Cyanobacteriales|f__Microcystaceae|g__Synechocystis_BDHKU-20401|s__|ASV_1439","ColaDeBallena - EsteroZacatecas","k__Bacteria|p__Cyanobacteriota|c__Cyanobacteriia|o__Cyanobacteriales|f__Microcystaceae|g__Synechocystis_BDHKU-20401|s__|ASV_1439",0.163503142804501,0.260349053721128,0.159021156759407,0.238939056805184,0.260349053721128,"","ALDEx2_kw"
"k__Bacteria|p__Pseudomonadota|c__Alphaproteobacteria|o__Caulobacterales|f__Hyphomonadaceae|g__Henriciella|s__|ASV_13571","ColaDeBallena - EsteroZacatecas","k__Bacteria|p__Pseudomonadota|c__Alphaproteobacteria|o__Caulobacterales|f__Hyphomonadaceae|g__Henriciella|s__|ASV_13571",0.116943082384922,0.210616703225679,0.101471858924527,0.168915730021138,0.210616703225679,"","ALDEx2_kw"
"k__Bacteria|p__Pseudomonadota|c__Alphaproteobacteria|o__Rhodobacterales|f__Paracoccaceae|g__|s__|ASV_13876","ColaDeBallena - EsteroZacatecas","k__Bacteria|p__Pseudomonadota|c__Alphaproteobacteria|o__Rhodobacterales|f__Paracoccaceae|g__|s__|ASV_13876",0.0350901036800655,0.0956123988180992,0.0425374886931594,0.0852854988785512,0.0956123988180992,"","ALDEx2_kw"
"k__Bacteria|p__Rhodothermota|c__Rhodothermia|o__Rhodothermales|f__Rhodothermaceae|g__|s__|ASV_12226","ColaDeBallena - EsteroZacatecas","k__Bacteria|p__Rhodothermota|c__Rhodothermia|o__Rhodothermales|f__Rhodothermaceae|g__|s__|ASV_12226",0.172033477310141,0.270602501565031,0.162535629131835,0.239563561966918,0.270602501565031,"","ALDEx2_kw"
"k__Bacteria|p__Actinomycetota|c__Actinobacteria|o__Propionibacteriales|f__Nocardioidaceae|g__Nocardioides|s__|ASV_15978","ColaDeBallena - EsteroZacatecas","k__Bacteria|p__Actinomycetota|c__Actinobacteria|o__Propionibacteriales|f__Nocardioidaceae|g__Nocardioides|s__|ASV_15978",0.366030605416584,0.48284676060395,0.343795387424904,0.446765521847335,0.48284676060395,"","ALDEx2_kw"
"k__Bacteria|p__Bacteroidota|c__Bacteroidia|o__Flavobacteriales|f__Cryomorphaceae|g__Vicingus|s__|ASV_5876","ColaDeBallena - EsteroZacatecas","k__Bacteria|p__Bacteroidota|c__Bacteroidia|o__Flavobacteriales|f__Cryomorphaceae|g__Vicingus|s__|ASV_5876",0.0441806994623988,0.114386252094757,0.0832896684729566,0.145747813970329,0.114386252094757,"","ALDEx2_kw"
"k__Bacteria|p__Gemmatimonadota|c__Longimicrobiia|o__Longimicrobiales|f__Longimicrobiaceae|g__|s__|ASV_9886","ColaDeBallena - EsteroZacatecas","k__Bacteria|p__Gemmatimonadota|c__Longimicrobiia|o__Longimicrobiales|f__Longimicrobiaceae|g__|s__|ASV_9886",0.498825234308227,0.613687474482043,0.595240858969155,0.686079038991671,0.613687474482043,"","ALDEx2_kw"
"k__Bacteria|p__Pseudomonadota|c__Gammaproteobacteria|o__Enterobacterales|f__Alteromonadaceae|g__Alteromonas|s__|ASV_3135","ColaDeBallena - EsteroZacatecas","k__Bacteria|p__Pseudomonadota|c__Gammaproteobacteria|o__Enterobacterales|f__Alteromonadaceae|g__Alteromonas|s__|ASV_3135",0.201572090552742,0.308052634520165,0.144365916517213,0.222726510445707,0.308052634520165,"","ALDEx2_kw"
"k__Bacteria|p__Cyanobacteriota|c__Cyanobacteriia|o__Phormidesmiales|f__Nodosilineaceae|g__|s__|ASV_398","ColaDeBallena - EsteroZacatecas","k__Bacteria|p__Cyanobacteriota|c__Cyanobacteriia|o__Phormidesmiales|f__Nodosilineaceae|g__|s__|ASV_398",0.163235047546108,0.26241437817695,0.124171975365615,0.199295533619348,0.26241437817695,"","ALDEx2_kw"
"k__Bacteria|p__Bacteroidota|c__Bacteroidia|o__Cytophagales|f__Cyclobacteriaceae|g__Marinoscillum|s__|ASV_7402","ColaDeBallena - EsteroZacatecas","k__Bacteria|p__Bacteroidota|c__Bacteroidia|o__Cytophagales|f__Cyclobacteriaceae|g__Marinoscillum|s__|ASV_7402",0.0101858726733535,0.0500874250466101,0.0105905444762679,0.031932619544418,0.0500874250466101,"","ALDEx2_kw"
"k__Bacteria|p__Deinococcota|c__Deinococci|o__Deinococcales|f__Trueperaceae|g__Truepera|s__|ASV_2935","ColaDeBallena - EsteroZacatecas","k__Bacteria|p__Deinococcota|c__Deinococci|o__Deinococcales|f__Trueperaceae|g__Truepera|s__|ASV_2935",0.0237503050473908,0.0771090331667797,0.0332212419106482,0.0750460764121338,0.0771090331667797,"","ALDEx2_kw"
"k__Bacteria|p__Pseudomonadota|c__Gammaproteobacteria|o__Enterobacterales|f__Alteromonadaceae|g__Alteromonas|s__|ASV_1591","ColaDeBallena - EsteroZacatecas","k__Bacteria|p__Pseudomonadota|c__Gammaproteobacteria|o__Enterobacterales|f__Alteromonadaceae|g__Alteromonas|s__|ASV_1591",0.383918837108381,0.484012818587286,0.301365769574025,0.390732188995081,0.484012818587286,"","ALDEx2_kw"
"k__Bacteria|p__Pseudomonadota|c__Gammaproteobacteria|o__Enterobacterales|f__Vibrionaceae|g__Vibrio|s__|ASV_881","ColaDeBallena - EsteroZacatecas","k__Bacteria|p__Pseudomonadota|c__Gammaproteobacteria|o__Enterobacterales|f__Vibrionaceae|g__Vibrio|s__|ASV_881",0.570223646142591,0.668336848726621,0.571888960087256,0.662721222730718,0.668336848726621,"","ALDEx2_kw"
"k__Bacteria|p__Acidobacteriota|c__Thermoanaerobaculia|o__Thermoanaerobaculales|f__Thermoanaerobaculaceae|g__Subgroup_10|s__|ASV_11693","ColaDeBallena - EsteroZacatecas","k__Bacteria|p__Acidobacteriota|c__Thermoanaerobaculia|o__Thermoanaerobaculales|f__Thermoanaerobaculaceae|g__Subgroup_10|s__|ASV_11693",0.162228473844012,0.263649122809416,0.131971463957827,0.214614877166156,0.263649122809416,"","ALDEx2_kw"
"k__Bacteria|p__Actinomycetota|c__Actinobacteria|o__Propionibacteriales|f__Nocardioidaceae|g__Nocardioides|s__|ASV_1358","ColaDeBallena - EsteroZacatecas","k__Bacteria|p__Actinomycetota|c__Actinobacteria|o__Propionibacteriales|f__Nocardioidaceae|g__Nocardioides|s__|ASV_1358",0.642945575008046,0.726708364485237,0.605750026164799,0.694406753330323,0.726708364485237,"","ALDEx2_kw"
"k__Bacteria|p__Planctomycetota|c__Planctomycetes|o__Planctomycetales|f__Gimesiaceae|g__|s__|ASV_10539","ColaDeBallena - EsteroZacatecas","k__Bacteria|p__Planctomycetota|c__Planctomycetes|o__Planctomycetales|f__Gimesiaceae|g__|s__|ASV_10539",0.0960271182824939,0.189792545172108,0.096001915586661,0.163599805726664,0.189792545172108,"","ALDEx2_kw"
"k__Bacteria|p__Bacteroidota|c__Bacteroidia|o__Flavobacteriales|f__Cryomorphaceae|g__|s__|ASV_996","ColaDeBallena - EsteroZacatecas","k__Bacteria|p__Bacteroidota|c__Bacteroidia|o__Flavobacteriales|f__Cryomorphaceae|g__|s__|ASV_996",0.440722372526653,0.556252668357858,0.490451103053169,0.586942688212375,0.556252668357858,"","ALDEx2_kw"
"k__Bacteria|p__Bacteroidota|c__Bacteroidia|o__Cytophagales|f__Flammeovirgaceae|g__|s__|ASV_9450","ColaDeBallena - EsteroZacatecas","k__Bacteria|p__Bacteroidota|c__Bacteroidia|o__Cytophagales|f__Flammeovirgaceae|g__|s__|ASV_9450",0.0481988553205248,0.116566148194666,0.0669046438342205,0.120756674488818,0.116566148194666,"","ALDEx2_kw"
"k__Bacteria|p__Bdellovibrionota|c__Oligoflexia|o__Oligoflexales|f__Oligoflexaceae|g__|s__|ASV_2184","ColaDeBallena - EsteroZacatecas","k__Bacteria|p__Bdellovibrionota|c__Oligoflexia|o__Oligoflexales|f__Oligoflexaceae|g__|s__|ASV_2184",0.00282531121662178,0.0221517956130562,0.00206072220778898,0.00934754282808972,0.0221517956130562,"*","ALDEx2_kw"
"k__Bacteria|p__Pseudomonadota|c__Gammaproteobacteria|o__Enterobacterales|f__Vibrionaceae|g__Vibrio|s__|ASV_1505","ColaDeBallena - EsteroZacatecas","k__Bacteria|p__Pseudomonadota|c__Gammaproteobacteria|o__Enterobacterales|f__Vibrionaceae|g__Vibrio|s__|ASV_1505",0.0479005655873697,0.112500670619238,0.0293402326145566,0.0671664152113218,0.112500670619238,"","ALDEx2_kw"
"k__Bacteria|p__Pseudomonadota|c__Gammaproteobacteria|o__Pseudomonadales|f__Halomonadaceae|g__Halomonas|s__|ASV_7291","ColaDeBallena - EsteroZacatecas","k__Bacteria|p__Pseudomonadota|c__Gammaproteobacteria|o__Pseudomonadales|f__Halomonadaceae|g__Halomonas|s__|ASV_7291",0.116798481178504,0.203999681170616,0.0684000935989645,0.126884480847127,0.203999681170616,"","ALDEx2_kw"
"k__Bacteria|p__Acidobacteriota|c__Thermoanaerobaculia|o__Thermoanaerobaculales|f__Thermoanaerobaculaceae|g__Subgroup_10|s__|ASV_11724","ColaDeBallena - EsteroZacatecas","k__Bacteria|p__Acidobacteriota|c__Thermoanaerobaculia|o__Thermoanaerobaculales|f__Thermoanaerobaculaceae|g__Subgroup_10|s__|ASV_11724",0.273679956394338,0.375117190779184,0.19135325335196,0.279120328982615,0.375117190779184,"","ALDEx2_kw"
"k__Bacteria|p__Actinomycetota|c__Actinobacteria|o__Euzebyales|f__Euzebyaceae|g__|s__|ASV_3368","ColaDeBallena - EsteroZacatecas","k__Bacteria|p__Actinomycetota|c__Actinobacteria|o__Euzebyales|f__Euzebyaceae|g__|s__|ASV_3368",0.253188148265807,0.358671266868131,0.235728416171022,0.331784297199121,0.358671266868131,"","ALDEx2_kw"
"k__Bacteria|p__Bacteroidota|c__Bacteroidia|o__Flavobacteriales|f__Cryomorphaceae|g__Vicingus|s__|ASV_8806","ColaDeBallena - EsteroZacatecas","k__Bacteria|p__Bacteroidota|c__Bacteroidia|o__Flavobacteriales|f__Cryomorphaceae|g__Vicingus|s__|ASV_8806",0.237365324634246,0.350572013261634,0.246770220332948,0.341801852300062,0.350572013261634,"","ALDEx2_kw"
"k__Bacteria|p__Bacteroidota|c__Bacteroidia|o__Flavobacteriales|f__Flavobacteriaceae|g__Maritimimonas|s__|ASV_8338","ColaDeBallena - EsteroZacatecas","k__Bacteria|p__Bacteroidota|c__Bacteroidia|o__Flavobacteriales|f__Flavobacteriaceae|g__Maritimimonas|s__|ASV_8338",0.284675838712361,0.386818002299485,0.238866853028309,0.328862876726523,0.386818002299485,"","ALDEx2_kw"
"k__Bacteria|p__Pseudomonadota|c__Alphaproteobacteria|o__Sphingomonadales|f__Sphingomonadaceae|g__Parasphingopyxis|s__|ASV_8232","ColaDeBallena - EsteroZacatecas","k__Bacteria|p__Pseudomonadota|c__Alphaproteobacteria|o__Sphingomonadales|f__Sphingomonadaceae|g__Parasphingopyxis|s__|ASV_8232",0.475240776333548,0.589480104143862,0.493356679953285,0.590966060417735,0.589480104143862,"","ALDEx2_kw"
"k__Bacteria|p__Bacteroidota|c__Bacteroidia|o__Flavobacteriales|f__Flavobacteriaceae|g__|s__|ASV_13178","ColaDeBallena - EsteroZacatecas","k__Bacteria|p__Bacteroidota|c__Bacteroidia|o__Flavobacteriales|f__Flavobacteriaceae|g__|s__|ASV_13178",0.583696998826534,0.67235915661384,0.567683115763452,0.65242257053765,0.67235915661384,"","ALDEx2_kw"
"k__Bacteria|p__Bacteroidota|c__Bacteroidia|o__Cytophagales|f__Cyclobacteriaceae|g__Tunicatimonas|s__|ASV_15859","ColaDeBallena - EsteroZacatecas","k__Bacteria|p__Bacteroidota|c__Bacteroidia|o__Cytophagales|f__Cyclobacteriaceae|g__Tunicatimonas|s__|ASV_15859",0.365908065368107,0.474010177952559,0.266406090371418,0.361850855420207,0.474010177952559,"","ALDEx2_kw"
"k__Bacteria|p__Planctomycetota|c__Planctomycetes|o__Pirellulales|f__Pirellulaceae|g__Pir4_lineage|s__|ASV_11433","ColaDeBallena - EsteroZacatecas","k__Bacteria|p__Planctomycetota|c__Planctomycetes|o__Pirellulales|f__Pirellulaceae|g__Pir4_lineage|s__|ASV_11433",0.479180466853192,0.587422587941792,0.423417126875419,0.526056992405684,0.587422587941792,"","ALDEx2_kw"
"k__Bacteria|p__Pseudomonadota|c__Alphaproteobacteria|o__Hyphomicrobiales|f__Rhizobiaceae|g__Pseudahrensia|s__|ASV_14095","ColaDeBallena - EsteroZacatecas","k__Bacteria|p__Pseudomonadota|c__Alphaproteobacteria|o__Hyphomicrobiales|f__Rhizobiaceae|g__Pseudahrensia|s__|ASV_14095",0.182928544756218,0.288511429139477,0.148241780788997,0.227997112546486,0.288511429139477,"","ALDEx2_kw"
"k__Bacteria|p__Bacteroidota|c__Bacteroidia|o__Chitinophagales|f__Saprospiraceae|g__|s__|ASV_71","ColaDeBallena - EsteroZacatecas","k__Bacteria|p__Bacteroidota|c__Bacteroidia|o__Chitinophagales|f__Saprospiraceae|g__|s__|ASV_71",0.111706483311356,0.200505522757033,0.132621626819141,0.202126178530076,0.200505522757033,"","ALDEx2_kw"
"k__Bacteria|p__Cyanobacteriota|c__Cyanobacteriia|o__Cyanobacteriales|f__Microcystaceae|g__UCYN-C|s__|ASV_7308","ColaDeBallena - EsteroZacatecas","k__Bacteria|p__Cyanobacteriota|c__Cyanobacteriia|o__Cyanobacteriales|f__Microcystaceae|g__UCYN-C|s__|ASV_7308",0.0042650153863412,0.0271025505839641,0.00856505647184701,0.0247408953511123,0.0271025505839641,"*","ALDEx2_kw"
"k__Bacteria|p__Planctomycetota|c__Planctomycetes|o__Pirellulales|f__Pirellulaceae|g__Pir4_lineage|s__|ASV_6009","ColaDeBallena - EsteroZacatecas","k__Bacteria|p__Planctomycetota|c__Planctomycetes|o__Pirellulales|f__Pirellulaceae|g__Pir4_lineage|s__|ASV_6009",0.283747566718709,0.399244907971648,0.346992550117352,0.447826134821869,0.399244907971648,"","ALDEx2_kw"
"k__Bacteria|p__Pseudomonadota|c__Alphaproteobacteria|o__Sphingomonadales|f__Sphingomonadaceae|g__|s__|ASV_6859","ColaDeBallena - EsteroZacatecas","k__Bacteria|p__Pseudomonadota|c__Alphaproteobacteria|o__Sphingomonadales|f__Sphingomonadaceae|g__|s__|ASV_6859",0.0893260038490464,0.182230106564052,0.140770919537771,0.224771356829134,0.182230106564052,"","ALDEx2_kw"
"k__Bacteria|p__Pseudomonadota|c__Gammaproteobacteria|o__Steroidobacterales|f__Woeseiaceae|g__Woeseia|s__|ASV_4265","ColaDeBallena - EsteroZacatecas","k__Bacteria|p__Pseudomonadota|c__Gammaproteobacteria|o__Steroidobacterales|f__Woeseiaceae|g__Woeseia|s__|ASV_4265",0.428207945865352,0.523402914496968,0.346727337137081,0.43896358458849,0.523402914496968,"","ALDEx2_kw"
"k__Bacteria|p__Bacteroidota|c__Bacteroidia|o__Chitinophagales|f__Saprospiraceae|g__|s__|ASV_495","ColaDeBallena - EsteroZacatecas","k__Bacteria|p__Bacteroidota|c__Bacteroidia|o__Chitinophagales|f__Saprospiraceae|g__|s__|ASV_495",0.00596939812542764,0.0330958566250848,0.0114067514699641,0.0299046040608917,0.0330958566250848,"*","ALDEx2_kw"
"k__Bacteria|p__Pseudomonadota|c__Alphaproteobacteria|o__Rhodobacterales|f__Paracoccaceae|g__Allosediminivita|s__|ASV_14720","ColaDeBallena - EsteroZacatecas","k__Bacteria|p__Pseudomonadota|c__Alphaproteobacteria|o__Rhodobacterales|f__Paracoccaceae|g__Allosediminivita|s__|ASV_14720",0.0461769294838438,0.107733087922079,0.0339990916031927,0.0742072769767819,0.107733087922079,"","ALDEx2_kw"
"k__Bacteria|p__Actinomycetota|c__Actinobacteria|o__Mycobacteriales|f__Mycobacteriaceae|g__Mycobacterium|s__|ASV_8131","ColaDeBallena - EsteroZacatecas","k__Bacteria|p__Actinomycetota|c__Actinobacteria|o__Mycobacteriales|f__Mycobacteriaceae|g__Mycobacterium|s__|ASV_8131",0.144533609743898,0.246846307966105,0.159310714633992,0.245863250736154,0.246846307966105,"","ALDEx2_kw"
"k__Bacteria|p__Planctomycetota|c__Planctomycetes|o__Pirellulales|f__Pirellulaceae|g__|s__|ASV_9760","ColaDeBallena - EsteroZacatecas","k__Bacteria|p__Planctomycetota|c__Planctomycetes|o__Pirellulales|f__Pirellulaceae|g__|s__|ASV_9760",0.588409983652532,0.683667807642101,0.54530798275986,0.639960519009375,0.683667807642101,"","ALDEx2_kw"
"k__Bacteria|p__Pseudomonadota|c__Alphaproteobacteria|o__Caulobacterales|f__Hyphomonadaceae|g__Algimonas|s__|ASV_7416","ColaDeBallena - EsteroZacatecas","k__Bacteria|p__Pseudomonadota|c__Alphaproteobacteria|o__Caulobacterales|f__Hyphomonadaceae|g__Algimonas|s__|ASV_7416",0.127968722249955,0.222486349872022,0.124426308245674,0.195227788428504,0.222486349872022,"","ALDEx2_kw"
"k__Bacteria|p__Rhodothermota|c__Rhodothermia|o__Rhodothermales|f__Rhodothermaceae|g__|s__|ASV_3086","ColaDeBallena - EsteroZacatecas","k__Bacteria|p__Rhodothermota|c__Rhodothermia|o__Rhodothermales|f__Rhodothermaceae|g__|s__|ASV_3086",0.373458764341687,0.483998048313195,0.338221219000133,0.440040955786409,0.483998048313195,"","ALDEx2_kw"
"k__Bacteria|p__Verrucomicrobiota|c__Verrucomicrobiia|o__Verrucomicrobiales|f__DEV007|g__|s__|ASV_5482","ColaDeBallena - EsteroZacatecas","k__Bacteria|p__Verrucomicrobiota|c__Verrucomicrobiia|o__Verrucomicrobiales|f__DEV007|g__|s__|ASV_5482",0.18965941315996,0.290462655616074,0.13552261901351,0.210834286073208,0.290462655616074,"","ALDEx2_kw"
"k__Bacteria|p__Bacteroidota|c__Bacteroidia|o__Chitinophagales|f__Saprospiraceae|g__Lewinella|s__|ASV_8923","ColaDeBallena - EsteroZacatecas","k__Bacteria|p__Bacteroidota|c__Bacteroidia|o__Chitinophagales|f__Saprospiraceae|g__Lewinella|s__|ASV_8923",0.204674334261486,0.310193295038659,0.168468067202338,0.248306216227132,0.310193295038659,"","ALDEx2_kw"
"k__Bacteria|p__Bacteroidota|c__Bacteroidia|o__Cytophagales|f__Cyclobacteriaceae|g__Fulvivirga|s__|ASV_9806","ColaDeBallena - EsteroZacatecas","k__Bacteria|p__Bacteroidota|c__Bacteroidia|o__Cytophagales|f__Cyclobacteriaceae|g__Fulvivirga|s__|ASV_9806",0.505287592984852,0.604787499080352,0.561663625963077,0.653729651893203,0.604787499080352,"","ALDEx2_kw"
"k__Bacteria|p__Pseudomonadota|c__Alphaproteobacteria|o__Rhodobacterales|f__Paracoccaceae|g__Limibaculum|s__|ASV_7044","ColaDeBallena - EsteroZacatecas","k__Bacteria|p__Pseudomonadota|c__Alphaproteobacteria|o__Rhodobacterales|f__Paracoccaceae|g__Limibaculum|s__|ASV_7044",0.00431092130346889,0.0282615372395718,0.00751426288220753,0.0252069922962247,0.0282615372395718,"*","ALDEx2_kw"
"k__Bacteria|p__Pseudomonadota|c__Alphaproteobacteria|o__Rhodobacterales|f__Paracoccaceae|g__|s__|ASV_11336","ColaDeBallena - EsteroZacatecas","k__Bacteria|p__Pseudomonadota|c__Alphaproteobacteria|o__Rhodobacterales|f__Paracoccaceae|g__|s__|ASV_11336",0.0497335913447904,0.119079160653138,0.0486891383374982,0.0989931596379957,0.119079160653138,"","ALDEx2_kw"
"k__Bacteria|p__Pseudomonadota|c__Alphaproteobacteria|o__Sphingomonadales|f__Sphingomonadaceae|g__|s__|ASV_13125","ColaDeBallena - EsteroZacatecas","k__Bacteria|p__Pseudomonadota|c__Alphaproteobacteria|o__Sphingomonadales|f__Sphingomonadaceae|g__|s__|ASV_13125",0.0474609862321867,0.114298123107355,0.0284078118371896,0.0665555817861646,0.114298123107355,"","ALDEx2_kw"
"k__Bacteria|p__Rhodothermota|c__Rhodothermia|o__Rhodothermales|f__Rhodothermaceae|g__Rubrivirga|s__|ASV_3264","ColaDeBallena - EsteroZacatecas","k__Bacteria|p__Rhodothermota|c__Rhodothermia|o__Rhodothermales|f__Rhodothermaceae|g__Rubrivirga|s__|ASV_3264",0.699106812558491,0.776692519953628,0.655058462144187,0.737824949016396,0.776692519953628,"","ALDEx2_kw"
"k__Bacteria|p__Rhodothermota|c__Rhodothermia|o__Rhodothermales|f__Rhodothermaceae|g__|s__|ASV_11919","ColaDeBallena - EsteroZacatecas","k__Bacteria|p__Rhodothermota|c__Rhodothermia|o__Rhodothermales|f__Rhodothermaceae|g__|s__|ASV_11919",0.636681610916842,0.720111241277404,0.602289448365801,0.693271878529845,0.720111241277404,"","ALDEx2_kw"
"k__Bacteria|p__Bacteroidota|c__Bacteroidia|o__Chitinophagales|f__Saprospiraceae|g__Lewinella|s__|ASV_474","ColaDeBallena - EsteroZacatecas","k__Bacteria|p__Bacteroidota|c__Bacteroidia|o__Chitinophagales|f__Saprospiraceae|g__Lewinella|s__|ASV_474",0.384202584011188,0.494044644012757,0.359497868324896,0.457042141401401,0.494044644012757,"","ALDEx2_kw"
"k__Bacteria|p__Pseudomonadota|c__Alphaproteobacteria|o__Rhodobacterales|f__Paracoccaceae|g__Jannaschia|s__|ASV_6611","ColaDeBallena - EsteroZacatecas","k__Bacteria|p__Pseudomonadota|c__Alphaproteobacteria|o__Rhodobacterales|f__Paracoccaceae|g__Jannaschia|s__|ASV_6611",0.152635061257762,0.246174528316949,0.126347964206497,0.196898360981238,0.246174528316949,"","ALDEx2_kw"
"k__Bacteria|p__Pseudomonadota|c__Gammaproteobacteria|o__Steroidobacterales|f__Woeseiaceae|g__Woeseia|s__|ASV_11577","ColaDeBallena - EsteroZacatecas","k__Bacteria|p__Pseudomonadota|c__Gammaproteobacteria|o__Steroidobacterales|f__Woeseiaceae|g__Woeseia|s__|ASV_11577",0.0117223902604027,0.0471287675188817,0.0108769012779602,0.0317495194067711,0.0471287675188817,"*","ALDEx2_kw"
"k__Bacteria|p__Rhodothermota|c__Rhodothermia|o__Rhodothermales|f__Rhodothermaceae|g__Rubrivirga|s__|ASV_7459","ColaDeBallena - EsteroZacatecas","k__Bacteria|p__Rhodothermota|c__Rhodothermia|o__Rhodothermales|f__Rhodothermaceae|g__Rubrivirga|s__|ASV_7459",0.194295241836786,0.296069027442626,0.142896968139693,0.221057217514865,0.296069027442626,"","ALDEx2_kw"
"k__Bacteria|p__Rhodothermota|c__Rhodothermia|o__Rhodothermales|f__Rhodothermaceae|g__|s__|ASV_9662","ColaDeBallena - EsteroZacatecas","k__Bacteria|p__Rhodothermota|c__Rhodothermia|o__Rhodothermales|f__Rhodothermaceae|g__|s__|ASV_9662",0.466381758398952,0.56495456195675,0.366087162015374,0.460248108754761,0.56495456195675,"","ALDEx2_kw"
"k__Bacteria|p__Bacteroidota|c__Bacteroidia|o__Cytophagales|f__Cyclobacteriaceae|g__Tunicatimonas|s__|ASV_2526","ColaDeBallena - EsteroZacatecas","k__Bacteria|p__Bacteroidota|c__Bacteroidia|o__Cytophagales|f__Cyclobacteriaceae|g__Tunicatimonas|s__|ASV_2526",0.275925232184737,0.383053742796039,0.193865892922486,0.280478603820718,0.383053742796039,"","ALDEx2_kw"
"k__Bacteria|p__Planctomycetota|c__Planctomycetes|o__Pirellulales|f__Pirellulaceae|g__Rhodopirellula|s__|ASV_3665","ColaDeBallena - EsteroZacatecas","k__Bacteria|p__Planctomycetota|c__Planctomycetes|o__Pirellulales|f__Pirellulaceae|g__Rhodopirellula|s__|ASV_3665",0.17820793754979,0.279842441067714,0.122364561992148,0.197984784786238,0.279842441067714,"","ALDEx2_kw"
"k__Bacteria|p__Pseudomonadota|c__Alphaproteobacteria|o__Rhodobacterales|f__Paracoccaceae|g__Pikeienuella|s__|ASV_7133","ColaDeBallena - EsteroZacatecas","k__Bacteria|p__Pseudomonadota|c__Alphaproteobacteria|o__Rhodobacterales|f__Paracoccaceae|g__Pikeienuella|s__|ASV_7133",0.260556999400411,0.372595276562122,0.298251423885001,0.393007788597463,0.372595276562122,"","ALDEx2_kw"
"k__Bacteria|p__Spirochaetota|c__Spirochaetia|o__Spirochaetales|f__Spirochaetaceae|g__|s__|ASV_8996","ColaDeBallena - EsteroZacatecas","k__Bacteria|p__Spirochaetota|c__Spirochaetia|o__Spirochaetales|f__Spirochaetaceae|g__|s__|ASV_8996",0.0865324036004807,0.16956358446668,0.080803941320253,0.137077494445881,0.16956358446668,"","ALDEx2_kw"
"k__Bacteria|p__Pseudomonadota|c__Alphaproteobacteria|o__Rhodobacterales|f__Paracoccaceae|g__Palleronia-Pseudomaribius|s__|ASV_6542","ColaDeBallena - EsteroZacatecas","k__Bacteria|p__Pseudomonadota|c__Alphaproteobacteria|o__Rhodobacterales|f__Paracoccaceae|g__Palleronia-Pseudomaribius|s__|ASV_6542",0.489614966207465,0.586802565310349,0.470769229042336,0.561078809862206,0.586802565310349,"","ALDEx2_kw"
"k__Bacteria|p__Pseudomonadota|c__Gammaproteobacteria|o__Pseudomonadales|f__Alcanivoracaceae|g__Ketobacter|s__|ASV_11640","ColaDeBallena - EsteroZacatecas","k__Bacteria|p__Pseudomonadota|c__Gammaproteobacteria|o__Pseudomonadales|f__Alcanivoracaceae|g__Ketobacter|s__|ASV_11640",0.12905309482308,0.228275490231507,0.1239124635644,0.19856709946082,0.228275490231507,"","ALDEx2_kw"
"k__Bacteria|p__Pseudomonadota|c__Gammaproteobacteria|o__Steroidobacterales|f__Woeseiaceae|g__Woeseia|s__|ASV_55","ColaDeBallena - EsteroZacatecas","k__Bacteria|p__Pseudomonadota|c__Gammaproteobacteria|o__Steroidobacterales|f__Woeseiaceae|g__Woeseia|s__|ASV_55",0.219907041679948,0.316629217071396,0.130945448093994,0.206720839409701,0.316629217071396,"","ALDEx2_kw"
"k__Bacteria|p__Rhodothermota|c__Rhodothermia|o__Rhodothermales|f__Rhodothermaceae|g__|s__|ASV_2058","ColaDeBallena - EsteroZacatecas","k__Bacteria|p__Rhodothermota|c__Rhodothermia|o__Rhodothermales|f__Rhodothermaceae|g__|s__|ASV_2058",0.409833094372095,0.5185329613074,0.370724838429744,0.465064263732118,0.5185329613074,"","ALDEx2_kw"
"k__Bacteria|p__Thermodesulfobacteriota|c__Desulfobulbia|o__Desulfobulbales|f__Desulfocapsaceae|g__|s__|ASV_8870","ColaDeBallena - EsteroZacatecas","k__Bacteria|p__Thermodesulfobacteriota|c__Desulfobulbia|o__Desulfobulbales|f__Desulfocapsaceae|g__|s__|ASV_8870",0.0208360470693477,0.0667061973270174,0.0216498729863296,0.0504902351784588,0.0667061973270174,"","ALDEx2_kw"
"k__Bacteria|p__Acidobacteriota|c__Thermoanaerobaculia|o__Thermoanaerobaculales|f__Thermoanaerobaculaceae|g__Subgroup_10|s__|ASV_5785","ColaDeBallena - EsteroZacatecas","k__Bacteria|p__Acidobacteriota|c__Thermoanaerobaculia|o__Thermoanaerobaculales|f__Thermoanaerobaculaceae|g__Subgroup_10|s__|ASV_5785",0.228164692136698,0.324296090957607,0.164054292218436,0.244685096094531,0.324296090957607,"","ALDEx2_kw"
"k__Bacteria|p__Pseudomonadota|c__Alphaproteobacteria|o__Rhodobacterales|f__Paracoccaceae|g__|s__|ASV_5674","ColaDeBallena - EsteroZacatecas","k__Bacteria|p__Pseudomonadota|c__Alphaproteobacteria|o__Rhodobacterales|f__Paracoccaceae|g__|s__|ASV_5674",0.373345361096018,0.477054602428718,0.270610949885719,0.361339923384508,0.477054602428718,"","ALDEx2_kw"
"k__Bacteria|p__Pseudomonadota|c__Gammaproteobacteria|o__Pseudomonadales|f__Pseudohongiellaceae|g__Pseudohongiella|s__|ASV_15449","ColaDeBallena - EsteroZacatecas","k__Bacteria|p__Pseudomonadota|c__Gammaproteobacteria|o__Pseudomonadales|f__Pseudohongiellaceae|g__Pseudohongiella|s__|ASV_15449",0.00308451447082968,0.0222685342211857,0.00299759447591391,0.0108234816570197,0.0222685342211857,"*","ALDEx2_kw"
"k__Bacteria|p__Actinomycetota|c__Acidimicrobiia|o__Microtrichales|f__Microtrichaceae|g__|s__|ASV_11603","ColaDeBallena - EsteroZacatecas","k__Bacteria|p__Actinomycetota|c__Acidimicrobiia|o__Microtrichales|f__Microtrichaceae|g__|s__|ASV_11603",0.512672021321758,0.610815509319593,0.474603372490851,0.571509403476678,0.610815509319593,"","ALDEx2_kw"
"k__Bacteria|p__Pseudomonadota|c__Alphaproteobacteria|o__Rhodobacterales|f__Paracoccaceae|g__Defluviimonas|s__|ASV_15547","ColaDeBallena - EsteroZacatecas","k__Bacteria|p__Pseudomonadota|c__Alphaproteobacteria|o__Rhodobacterales|f__Paracoccaceae|g__Defluviimonas|s__|ASV_15547",0.271983203780835,0.37340989254917,0.192466233951169,0.275754144233996,0.37340989254917,"","ALDEx2_kw"
"k__Bacteria|p__Actinomycetota|c__Acidimicrobiia|o__Microtrichales|f__Microtrichaceae|g__|s__|ASV_12371","ColaDeBallena - EsteroZacatecas","k__Bacteria|p__Actinomycetota|c__Acidimicrobiia|o__Microtrichales|f__Microtrichaceae|g__|s__|ASV_12371",0.364660730081914,0.475060719159209,0.258837404696633,0.352438267136577,0.475060719159209,"","ALDEx2_kw"
"k__Bacteria|p__Actinomycetota|c__Actinobacteria|o__Euzebyales|f__Euzebyaceae|g__|s__|ASV_15196","ColaDeBallena - EsteroZacatecas","k__Bacteria|p__Actinomycetota|c__Actinobacteria|o__Euzebyales|f__Euzebyaceae|g__|s__|ASV_15196",0.49443572185558,0.589016125687032,0.374784086094837,0.469150171589484,0.589016125687032,"","ALDEx2_kw"
"k__Bacteria|p__Actinomycetota|c__Actinobacteria|o__Nitriliruptorales|f__Nitriliruptoraceae|g__|s__|ASV_2609","ColaDeBallena - EsteroZacatecas","k__Bacteria|p__Actinomycetota|c__Actinobacteria|o__Nitriliruptorales|f__Nitriliruptoraceae|g__|s__|ASV_2609",0.10062373086339,0.182074031362161,0.0811118596811171,0.13536929651419,0.182074031362161,"","ALDEx2_kw"
"k__Bacteria|p__Pseudomonadota|c__Alphaproteobacteria|o__Rhodobacterales|f__Paracoccaceae|g__Actibacterium|s__|ASV_9225","ColaDeBallena - EsteroZacatecas","k__Bacteria|p__Pseudomonadota|c__Alphaproteobacteria|o__Rhodobacterales|f__Paracoccaceae|g__Actibacterium|s__|ASV_9225",0.46277949609655,0.564917327703773,0.391706080486435,0.49098446463099,0.564917327703773,"","ALDEx2_kw"
"k__Bacteria|p__Pseudomonadota|c__Alphaproteobacteria|o__Rhodobacterales|f__Paracoccaceae|g__Jannaschia|s__|ASV_5258","ColaDeBallena - EsteroZacatecas","k__Bacteria|p__Pseudomonadota|c__Alphaproteobacteria|o__Rhodobacterales|f__Paracoccaceae|g__Jannaschia|s__|ASV_5258",0.2679041196904,0.370039892859131,0.211533845106165,0.297863332615182,0.370039892859131,"","ALDEx2_kw"
"k__Bacteria|p__Verrucomicrobiota|c__Verrucomicrobiia|o__Opitutales|f__Puniceicoccaceae|g__Verruc-01|s__|ASV_3940","ColaDeBallena - EsteroZacatecas","k__Bacteria|p__Verrucomicrobiota|c__Verrucomicrobiia|o__Opitutales|f__Puniceicoccaceae|g__Verruc-01|s__|ASV_3940",0.0198693753935106,0.0657609863245287,0.0136366491279149,0.0387816375578522,0.0657609863245287,"","ALDEx2_kw"
"k__Bacteria|p__Pseudomonadota|c__Alphaproteobacteria|o__Rhodobacterales|f__Paracoccaceae|g__|s__|ASV_12109","ColaDeBallena - EsteroZacatecas","k__Bacteria|p__Pseudomonadota|c__Alphaproteobacteria|o__Rhodobacterales|f__Paracoccaceae|g__|s__|ASV_12109",0.359699331816548,0.465752869134107,0.254215106251721,0.345992280481158,0.465752869134107,"","ALDEx2_kw"
"k__Bacteria|p__Pseudomonadota|c__Alphaproteobacteria|o__Sphingomonadales|f__Sphingomonadaceae|g__|s__|ASV_15119","ColaDeBallena - EsteroZacatecas","k__Bacteria|p__Pseudomonadota|c__Alphaproteobacteria|o__Sphingomonadales|f__Sphingomonadaceae|g__|s__|ASV_15119",0.533929913261707,0.630389172086115,0.497613511553889,0.589837291823327,0.630389172086115,"","ALDEx2_kw"
"k__Bacteria|p__Pseudomonadota|c__Gammaproteobacteria|o__Arenicellales|f__Arenicellaceae|g__|s__|ASV_6615","ColaDeBallena - EsteroZacatecas","k__Bacteria|p__Pseudomonadota|c__Gammaproteobacteria|o__Arenicellales|f__Arenicellaceae|g__|s__|ASV_6615",0.0497678507491774,0.116172147954209,0.0328639586790848,0.0730418521657757,0.116172147954209,"","ALDEx2_kw"
"k__Bacteria|p__Pseudomonadota|c__Alphaproteobacteria|o__Rhodobacterales|f__Paracoccaceae|g__Limibaculum|s__|ASV_13202","ColaDeBallena - EsteroZacatecas","k__Bacteria|p__Pseudomonadota|c__Alphaproteobacteria|o__Rhodobacterales|f__Paracoccaceae|g__Limibaculum|s__|ASV_13202",0.261888907381688,0.365329774598529,0.187406623585988,0.27353751065471,0.365329774598529,"","ALDEx2_kw"
"k__Bacteria|p__Pseudomonadota|c__Alphaproteobacteria|o__Sphingomonadales|f__Sphingomonadaceae|g__Croceibacterium|s__|ASV_2710","ColaDeBallena - EsteroZacatecas","k__Bacteria|p__Pseudomonadota|c__Alphaproteobacteria|o__Sphingomonadales|f__Sphingomonadaceae|g__Croceibacterium|s__|ASV_2710",0.0462248729363485,0.117996277334174,0.0467194319262767,0.0979820096346409,0.117996277334174,"","ALDEx2_kw"
"k__Bacteria|p__Chloroflexota|c__Anaerolineae|o__Aggregatilineales|f__A4b|g__|s__|ASV_4050","ColaDeBallena - EsteroZacatecas","k__Bacteria|p__Chloroflexota|c__Anaerolineae|o__Aggregatilineales|f__A4b|g__|s__|ASV_4050",0.0979817557363034,0.187942171420746,0.0867437009065204,0.153051755012012,0.187942171420746,"","ALDEx2_kw"
"k__Bacteria|p__Pseudomonadota|c__Alphaproteobacteria|o__Rhodobacterales|f__Paracoccaceae|g__|s__|ASV_2081","ColaDeBallena - EsteroZacatecas","k__Bacteria|p__Pseudomonadota|c__Alphaproteobacteria|o__Rhodobacterales|f__Paracoccaceae|g__|s__|ASV_2081",0.184867689902302,0.284899223087074,0.129354392717224,0.205846411489013,0.284899223087074,"","ALDEx2_kw"
"k__Bacteria|p__Pseudomonadota|c__Alphaproteobacteria|o__Rhodobacterales|f__Paracoccaceae|g__|s__|ASV_224","ColaDeBallena - EsteroZacatecas","k__Bacteria|p__Pseudomonadota|c__Alphaproteobacteria|o__Rhodobacterales|f__Paracoccaceae|g__|s__|ASV_224",0.455631046075653,0.567004750854222,0.463873645425892,0.562149077392656,0.567004750854222,"","ALDEx2_kw"
"k__Bacteria|p__Pseudomonadota|c__Alphaproteobacteria|o__Rhodobacterales|f__Paracoccaceae|g__|s__|ASV_6991","ColaDeBallena - EsteroZacatecas","k__Bacteria|p__Pseudomonadota|c__Alphaproteobacteria|o__Rhodobacterales|f__Paracoccaceae|g__|s__|ASV_6991",0.426573419508545,0.528155927114154,0.326044001771921,0.42246090601471,0.528155927114154,"","ALDEx2_kw"
"k__Bacteria|p__Pseudomonadota|c__Alphaproteobacteria|o__Rhodobacterales|f__Paracoccaceae|g__|s__|ASV_7269","ColaDeBallena - EsteroZacatecas","k__Bacteria|p__Pseudomonadota|c__Alphaproteobacteria|o__Rhodobacterales|f__Paracoccaceae|g__|s__|ASV_7269",0.297333242057056,0.401960591235741,0.236147184418322,0.32624395712857,0.401960591235741,"","ALDEx2_kw"
"k__Bacteria|p__Bacteroidota|c__Bacteroidia|o__Flavobacteriales|f__Cryomorphaceae|g__Vicingus|s__|ASV_9624","ColaDeBallena - EsteroZacatecas","k__Bacteria|p__Bacteroidota|c__Bacteroidia|o__Flavobacteriales|f__Cryomorphaceae|g__Vicingus|s__|ASV_9624",0.359688375917938,0.459911766735654,0.267086306103423,0.353476309103046,0.459911766735654,"","ALDEx2_kw"
"k__Bacteria|p__Pseudomonadota|c__Alphaproteobacteria|o__Hyphomicrobiales|f__Rhizobiaceae|g__|s__|ASV_9695","ColaDeBallena - EsteroZacatecas","k__Bacteria|p__Pseudomonadota|c__Alphaproteobacteria|o__Hyphomicrobiales|f__Rhizobiaceae|g__|s__|ASV_9695",0.215778621331287,0.321291157691134,0.185851141571173,0.2693473446119,0.321291157691134,"","ALDEx2_kw"
"k__Bacteria|p__Pseudomonadota|c__Alphaproteobacteria|o__Rhodobacterales|f__Paracoccaceae|g__|s__|ASV_16062","ColaDeBallena - EsteroZacatecas","k__Bacteria|p__Pseudomonadota|c__Alphaproteobacteria|o__Rhodobacterales|f__Paracoccaceae|g__|s__|ASV_16062",0.445063709346751,0.541479207913355,0.37290756378177,0.463100873001355,0.541479207913355,"","ALDEx2_kw"
"k__Bacteria|p__Pseudomonadota|c__Gammaproteobacteria|o__Enterobacterales|f__Pseudoalteromonadaceae|g__Pseudoalteromonas|s__|ASV_8939","ColaDeBallena - EsteroZacatecas","k__Bacteria|p__Pseudomonadota|c__Gammaproteobacteria|o__Enterobacterales|f__Pseudoalteromonadaceae|g__Pseudoalteromonas|s__|ASV_8939",0.323726240282611,0.436511512515287,0.238527109302179,0.333388858648023,0.436511512515287,"","ALDEx2_kw"
"k__Bacteria|p__Pseudomonadota|c__Gammaproteobacteria|o__Pseudomonadales|f__Porticoccaceae|g__C1-B045|s__|ASV_15068","ColaDeBallena - EsteroZacatecas","k__Bacteria|p__Pseudomonadota|c__Gammaproteobacteria|o__Pseudomonadales|f__Porticoccaceae|g__C1-B045|s__|ASV_15068",0.0131091856848794,0.0517191232309885,0.0186930820356647,0.044672834978891,0.0517191232309885,"","ALDEx2_kw"
"k__Bacteria|p__Pseudomonadota|c__Gammaproteobacteria|o__Pseudomonadales|f__Spongiibacteraceae|g__|s__|ASV_10489","ColaDeBallena - EsteroZacatecas","k__Bacteria|p__Pseudomonadota|c__Gammaproteobacteria|o__Pseudomonadales|f__Spongiibacteraceae|g__|s__|ASV_10489",0.137084732706719,0.230843042318594,0.123286439378594,0.198009683110439,0.230843042318594,"","ALDEx2_kw"
"k__Bacteria|p__Rhodothermota|c__Rhodothermia|o__Rhodothermales|f__Rhodothermaceae|g__Rubrivirga|s__|ASV_9477","ColaDeBallena - EsteroZacatecas","k__Bacteria|p__Rhodothermota|c__Rhodothermia|o__Rhodothermales|f__Rhodothermaceae|g__Rubrivirga|s__|ASV_9477",0.56927500655205,0.664051009102729,0.512002096821648,0.61027872720885,0.664051009102729,"","ALDEx2_kw"
"k__Bacteria|p__Actinomycetota|c__Actinobacteria|o__Propionibacteriales|f__Nocardioidaceae|g__Nocardioides|s__|ASV_10179","ColaDeBallena - EsteroZacatecas","k__Bacteria|p__Actinomycetota|c__Actinobacteria|o__Propionibacteriales|f__Nocardioidaceae|g__Nocardioides|s__|ASV_10179",0.118563613179786,0.205301684344237,0.0915940503441933,0.149709515404596,0.205301684344237,"","ALDEx2_kw"
"k__Bacteria|p__Pseudomonadota|c__Alphaproteobacteria|o__Rhodobacterales|f__Paracoccaceae|g__|s__|ASV_1155","ColaDeBallena - EsteroZacatecas","k__Bacteria|p__Pseudomonadota|c__Alphaproteobacteria|o__Rhodobacterales|f__Paracoccaceae|g__|s__|ASV_1155",0.178012524972029,0.273196712174652,0.124462477787765,0.193533746755925,0.273196712174652,"","ALDEx2_kw"
"k__Bacteria|p__Pseudomonadota|c__Gammaproteobacteria|o__Enterobacterales|f__Pseudoalteromonadaceae|g__Pseudoalteromonas|s__|ASV_1442","ColaDeBallena - EsteroZacatecas","k__Bacteria|p__Pseudomonadota|c__Gammaproteobacteria|o__Enterobacterales|f__Pseudoalteromonadaceae|g__Pseudoalteromonas|s__|ASV_1442",0.135792443464716,0.239093793157873,0.124849796894912,0.201858256490795,0.239093793157873,"","ALDEx2_kw"
"k__Bacteria|p__Thermodesulfobacteriota|c__Desulfobulbia|o__Desulfobulbales|f__Desulfocapsaceae|g__|s__|ASV_4510","ColaDeBallena - EsteroZacatecas","k__Bacteria|p__Thermodesulfobacteriota|c__Desulfobulbia|o__Desulfobulbales|f__Desulfocapsaceae|g__|s__|ASV_4510",0.092688338151356,0.177920410655432,0.0833672866376169,0.146119788923049,0.177920410655432,"","ALDEx2_kw"
"k__Bacteria|p__Actinomycetota|c__Actinobacteria|o__Euzebyales|f__Euzebyaceae|g__Euzebya|s__|ASV_12212","ColaDeBallena - EsteroZacatecas","k__Bacteria|p__Actinomycetota|c__Actinobacteria|o__Euzebyales|f__Euzebyaceae|g__Euzebya|s__|ASV_12212",0.206788334207138,0.317305877317525,0.164963085665185,0.249502906610303,0.317305877317525,"","ALDEx2_kw"
"k__Bacteria|p__Actinomycetota|c__Actinobacteria|o__Euzebyales|f__Euzebyaceae|g__|s__|ASV_12651","ColaDeBallena - EsteroZacatecas","k__Bacteria|p__Actinomycetota|c__Actinobacteria|o__Euzebyales|f__Euzebyaceae|g__|s__|ASV_12651",0.342352421787053,0.443249561373571,0.308150672484999,0.393934370903979,0.443249561373571,"","ALDEx2_kw"
"k__Bacteria|p__Bacteroidota|c__Bacteroidia|o__Chitinophagales|f__Saprospiraceae|g__Lewinella|s__|ASV_9425","ColaDeBallena - EsteroZacatecas","k__Bacteria|p__Bacteroidota|c__Bacteroidia|o__Chitinophagales|f__Saprospiraceae|g__Lewinella|s__|ASV_9425",0.0420134950782858,0.109648128506534,0.0689640548892244,0.12442466798626,0.109648128506534,"","ALDEx2_kw"
"k__Bacteria|p__Bacteroidota|c__Bacteroidia|o__Cytophagales|f__Cyclobacteriaceae|g__Fulvivirga|s__|ASV_13853","ColaDeBallena - EsteroZacatecas","k__Bacteria|p__Bacteroidota|c__Bacteroidia|o__Cytophagales|f__Cyclobacteriaceae|g__Fulvivirga|s__|ASV_13853",0.325847022895895,0.430080396580185,0.248160633421424,0.334725163584842,0.430080396580185,"","ALDEx2_kw"
"k__Bacteria|p__Campylobacterota|c__Campylobacteria|o__Campylobacterales|f__Sulfurovaceae|g__Sulfurovum|s__|ASV_12204","ColaDeBallena - EsteroZacatecas","k__Bacteria|p__Campylobacterota|c__Campylobacteria|o__Campylobacterales|f__Sulfurovaceae|g__Sulfurovum|s__|ASV_12204",0.631950659287765,0.720950386577299,0.56099374837784,0.653750072241503,0.720950386577299,"","ALDEx2_kw"
"k__Bacteria|p__Pseudomonadota|c__Gammaproteobacteria|o__Enterobacterales|f__Alteromonadaceae|g__|s__|ASV_12014","ColaDeBallena - EsteroZacatecas","k__Bacteria|p__Pseudomonadota|c__Gammaproteobacteria|o__Enterobacterales|f__Alteromonadaceae|g__|s__|ASV_12014",0.328992246748743,0.445289243310717,0.28525113214415,0.389536320564969,0.445289243310717,"","ALDEx2_kw"
"k__Bacteria|p__Pseudomonadota|c__Gammaproteobacteria|o__Pseudomonadales|f__Halieaceae|g__Parahaliea|s__|ASV_7963","ColaDeBallena - EsteroZacatecas","k__Bacteria|p__Pseudomonadota|c__Gammaproteobacteria|o__Pseudomonadales|f__Halieaceae|g__Parahaliea|s__|ASV_7963",0.0454416568287618,0.11538695154107,0.060880721934873,0.115363557508373,0.11538695154107,"","ALDEx2_kw"
"k__Bacteria|p__Acidobacteriota|c__Thermoanaerobaculia|o__Thermoanaerobaculales|f__Thermoanaerobaculaceae|g__Subgroup_10|s__|ASV_5707","ColaDeBallena - EsteroZacatecas","k__Bacteria|p__Acidobacteriota|c__Thermoanaerobaculia|o__Thermoanaerobaculales|f__Thermoanaerobaculaceae|g__Subgroup_10|s__|ASV_5707",0.00412948170186119,0.0264572061825418,0.00609585120233073,0.0198141739293024,0.0264572061825418,"*","ALDEx2_kw"
"k__Bacteria|p__Cyanobacteriota|c__Cyanobacteriia|o__Phormidesmiales|f__Phormidesmiaceae|g__Acrophormium_PCC-7375|s__|ASV_13771","ColaDeBallena - EsteroZacatecas","k__Bacteria|p__Cyanobacteriota|c__Cyanobacteriia|o__Phormidesmiales|f__Phormidesmiaceae|g__Acrophormium_PCC-7375|s__|ASV_13771",0.207505110164178,0.30791611497047,0.192756347348382,0.270356797961426,0.30791611497047,"","ALDEx2_kw"
"k__Bacteria|p__Pseudomonadota|c__Alphaproteobacteria|o__Rhodobacterales|f__Paracoccaceae|g__|s__|ASV_6066","ColaDeBallena - EsteroZacatecas","k__Bacteria|p__Pseudomonadota|c__Alphaproteobacteria|o__Rhodobacterales|f__Paracoccaceae|g__|s__|ASV_6066",0.534812079833191,0.63375913230635,0.514043239690433,0.605183411473591,0.63375913230635,"","ALDEx2_kw"
"k__Bacteria|p__Pseudomonadota|c__Gammaproteobacteria|o__Steroidobacterales|f__Woeseiaceae|g__Woeseia|s__|ASV_8264","ColaDeBallena - EsteroZacatecas","k__Bacteria|p__Pseudomonadota|c__Gammaproteobacteria|o__Steroidobacterales|f__Woeseiaceae|g__Woeseia|s__|ASV_8264",0.124815978606812,0.219875485755833,0.130689519980846,0.200450464482403,0.219875485755833,"","ALDEx2_kw"
"k__Bacteria|p__Bacteroidota|c__Bacteroidia|o__Cytophagales|f__Cyclobacteriaceae|g__|s__|ASV_544","ColaDeBallena - EsteroZacatecas","k__Bacteria|p__Bacteroidota|c__Bacteroidia|o__Cytophagales|f__Cyclobacteriaceae|g__|s__|ASV_544",0.363708038079555,0.462112978780444,0.27463346682112,0.366778242658896,0.462112978780444,"","ALDEx2_kw"
"k__Bacteria|p__Bacteroidota|c__Bacteroidia|o__Cytophagales|f__Cyclobacteriaceae|g__|s__|ASV_7495","ColaDeBallena - EsteroZacatecas","k__Bacteria|p__Bacteroidota|c__Bacteroidia|o__Cytophagales|f__Cyclobacteriaceae|g__|s__|ASV_7495",0.124353115682925,0.222575414623922,0.101943958908788,0.175653592152019,0.222575414623922,"","ALDEx2_kw"
"k__Bacteria|p__Pseudomonadota|c__Alphaproteobacteria|o__Hyphomicrobiales|f__Hyphomicrobiaceae|g__Filomicrobium|s__|ASV_9961","ColaDeBallena - EsteroZacatecas","k__Bacteria|p__Pseudomonadota|c__Alphaproteobacteria|o__Hyphomicrobiales|f__Hyphomicrobiaceae|g__Filomicrobium|s__|ASV_9961",0.454440743572851,0.569955587307085,0.435451999394031,0.539326704371679,0.569955587307085,"","ALDEx2_kw"
"k__Bacteria|p__Rhodothermota|c__Rhodothermia|o__Rhodothermales|f__Rhodothermaceae|g__|s__|ASV_6356","ColaDeBallena - EsteroZacatecas","k__Bacteria|p__Rhodothermota|c__Rhodothermia|o__Rhodothermales|f__Rhodothermaceae|g__|s__|ASV_6356",0.0364228412759867,0.0970996680209724,0.0382301637614319,0.0804621724374045,0.0970996680209724,"","ALDEx2_kw"
"k__Bacteria|p__Thermodesulfobacteriota|c__Desulfobacteria|o__Desulfobacterales|f__Desulfosarcinaceae|g__Sva0081_sediment_group|s__|ASV_4006","ColaDeBallena - EsteroZacatecas","k__Bacteria|p__Thermodesulfobacteriota|c__Desulfobacteria|o__Desulfobacterales|f__Desulfosarcinaceae|g__Sva0081_sediment_group|s__|ASV_4006",0.178041798033132,0.290204987424726,0.217091894541771,0.312369363055462,0.290204987424726,"","ALDEx2_kw"
"k__Bacteria|p__Planctomycetota|c__Planctomycetes|o__Pirellulales|f__Pirellulaceae|g__Rhodopirellula|s__|ASV_15927","ColaDeBallena - EsteroZacatecas","k__Bacteria|p__Planctomycetota|c__Planctomycetes|o__Pirellulales|f__Pirellulaceae|g__Rhodopirellula|s__|ASV_15927",0.218649887625791,0.326975116669443,0.184961740758015,0.273042704731183,0.326975116669443,"","ALDEx2_kw"
"k__Bacteria|p__Pseudomonadota|c__Gammaproteobacteria|o__Chromatiales|f__Chromatiaceae|g__Thiophaeococcus|s__|ASV_12705","ColaDeBallena - EsteroZacatecas","k__Bacteria|p__Pseudomonadota|c__Gammaproteobacteria|o__Chromatiales|f__Chromatiaceae|g__Thiophaeococcus|s__|ASV_12705",0.252242132671864,0.350704238751933,0.20483915487296,0.29005404775834,0.350704238751933,"","ALDEx2_kw"
"k__Bacteria|p__Pseudomonadota|c__Gammaproteobacteria|o__Pseudomonadales|f__211ds20|g__|s__|ASV_11427","ColaDeBallena - EsteroZacatecas","k__Bacteria|p__Pseudomonadota|c__Gammaproteobacteria|o__Pseudomonadales|f__211ds20|g__|s__|ASV_11427",0.0217923122615384,0.0693390077854358,0.0193594070642867,0.0478175363880332,0.0693390077854358,"","ALDEx2_kw"
"k__Bacteria|p__Bacteroidota|c__Bacteroidia|o__Flavobacteriales|f__Flavobacteriaceae|g__Hoppeia|s__|ASV_15678","ColaDeBallena - EsteroZacatecas","k__Bacteria|p__Bacteroidota|c__Bacteroidia|o__Flavobacteriales|f__Flavobacteriaceae|g__Hoppeia|s__|ASV_15678",0.372420736033704,0.472478260137925,0.302892990242908,0.393165412372773,0.472478260137925,"","ALDEx2_kw"
"k__Bacteria|p__Bacteroidota|c__Bacteroidia|o__Flavobacteriales|f__Flavobacteriaceae|g__|s__|ASV_748","ColaDeBallena - EsteroZacatecas","k__Bacteria|p__Bacteroidota|c__Bacteroidia|o__Flavobacteriales|f__Flavobacteriaceae|g__|s__|ASV_748",0.00731925382035395,0.0366902006844986,0.00776122336099793,0.0246405129176153,0.0366902006844986,"*","ALDEx2_kw"
"k__Bacteria|p__Myxococcota|c__Polyangiia|o__Polyangiales|f__Sandaracinaceae|g__|s__|ASV_15920","ColaDeBallena - EsteroZacatecas","k__Bacteria|p__Myxococcota|c__Polyangiia|o__Polyangiales|f__Sandaracinaceae|g__|s__|ASV_15920",0.125654401355978,0.210072887961647,0.0810659540201195,0.140484333984993,0.210072887961647,"","ALDEx2_kw"
"k__Bacteria|p__Pseudomonadota|c__Gammaproteobacteria|o__Thiomicrospirales|f__Thiomicrospiraceae|g__endosymbionts|s__|ASV_6391","ColaDeBallena - EsteroZacatecas","k__Bacteria|p__Pseudomonadota|c__Gammaproteobacteria|o__Thiomicrospirales|f__Thiomicrospiraceae|g__endosymbionts|s__|ASV_6391",0.265818843059659,0.368846545721199,0.190136448641148,0.280756612660025,0.368846545721199,"","ALDEx2_kw"
"k__Bacteria|p__Bacillota|c__Bacilli|o__Bacillales|f__Bacillaceae|g__|s__|ASV_3276","ColaDeBallena - EsteroZacatecas","k__Bacteria|p__Bacillota|c__Bacilli|o__Bacillales|f__Bacillaceae|g__|s__|ASV_3276",0.431698942405908,0.532990180824666,0.365291883819414,0.46252928884625,0.532990180824666,"","ALDEx2_kw"
"k__Bacteria|p__Cyanobacteriota|c__Cyanobacteriia|o__Phormidesmiales|f__Phormidesmiaceae|g__Phormidesmis_ANT.LACV5.1|s__|ASV_6961","ColaDeBallena - EsteroZacatecas","k__Bacteria|p__Cyanobacteriota|c__Cyanobacteriia|o__Phormidesmiales|f__Phormidesmiaceae|g__Phormidesmis_ANT.LACV5.1|s__|ASV_6961",0.130292989127585,0.230153850017609,0.112694040555637,0.189023057668293,0.230153850017609,"","ALDEx2_kw"
"k__Bacteria|p__Pseudomonadota|c__Gammaproteobacteria|o__Pseudomonadales|f__211ds20|g__|s__|ASV_7484","ColaDeBallena - EsteroZacatecas","k__Bacteria|p__Pseudomonadota|c__Gammaproteobacteria|o__Pseudomonadales|f__211ds20|g__|s__|ASV_7484",0.000837121348968338,0.0116453798778201,0.00147216012998146,0.00656361425089789,0.0116453798778201,"*","ALDEx2_kw"
"k__Bacteria|p__Bacteroidota|c__Bacteroidia|o__Cytophagales|f__Cyclobacteriaceae|g__|s__|ASV_14628","ColaDeBallena - EsteroZacatecas","k__Bacteria|p__Bacteroidota|c__Bacteroidia|o__Cytophagales|f__Cyclobacteriaceae|g__|s__|ASV_14628",0.448835711892499,0.554672901011103,0.395306806488653,0.493327450245745,0.554672901011103,"","ALDEx2_kw"
"k__Bacteria|p__Balneolota|c__Balneolia|o__Balneolales|f__Balneolaceae|g__|s__|ASV_11154","ColaDeBallena - EsteroZacatecas","k__Bacteria|p__Balneolota|c__Balneolia|o__Balneolales|f__Balneolaceae|g__|s__|ASV_11154",0.102160605578218,0.190475705941908,0.0712904402293159,0.13295545243819,0.190475705941908,"","ALDEx2_kw"
"k__Bacteria|p__Myxococcota|c__Polyangiia|o__Polyangiales|f__Sandaracinaceae|g__|s__|ASV_12484","ColaDeBallena - EsteroZacatecas","k__Bacteria|p__Myxococcota|c__Polyangiia|o__Polyangiales|f__Sandaracinaceae|g__|s__|ASV_12484",0.423919004143745,0.521714434701182,0.3676208329797,0.463435991338234,0.521714434701182,"","ALDEx2_kw"
"k__Bacteria|p__Pseudomonadota|c__Alphaproteobacteria|o__Rhodobacterales|f__Paracoccaceae|g__Palleronia-Pseudomaribius|s__|ASV_3694","ColaDeBallena - EsteroZacatecas","k__Bacteria|p__Pseudomonadota|c__Alphaproteobacteria|o__Rhodobacterales|f__Paracoccaceae|g__Palleronia-Pseudomaribius|s__|ASV_3694",0.170243209931913,0.272232252095371,0.128145188760665,0.205021593948899,0.272232252095371,"","ALDEx2_kw"
"k__Bacteria|p__Pseudomonadota|c__Alphaproteobacteria|o__Sphingomonadales|f__Sphingomonadaceae|g__Altericroceibacterium|s__|ASV_8248","ColaDeBallena - EsteroZacatecas","k__Bacteria|p__Pseudomonadota|c__Alphaproteobacteria|o__Sphingomonadales|f__Sphingomonadaceae|g__Altericroceibacterium|s__|ASV_8248",0.0506523100248179,0.125643770590358,0.0963762819349804,0.166048075247822,0.125643770590358,"","ALDEx2_kw"
"k__Bacteria|p__Planctomycetota|c__Planctomycetes|o__Pirellulales|f__Pirellulaceae|g__Bythopirellula|s__|ASV_15346","ColaDeBallena - EsteroZacatecas","k__Bacteria|p__Planctomycetota|c__Planctomycetes|o__Pirellulales|f__Pirellulaceae|g__Bythopirellula|s__|ASV_15346",0.0188732974122849,0.0692241519384014,0.0421437830107301,0.0912688574806915,0.0692241519384014,"","ALDEx2_kw"
"k__Bacteria|p__Pseudomonadota|c__Alphaproteobacteria|o__Rhodobacterales|f__Paracoccaceae|g__Tropicimonas-Psychromarinibacter|s__|ASV_2406","ColaDeBallena - EsteroZacatecas","k__Bacteria|p__Pseudomonadota|c__Alphaproteobacteria|o__Rhodobacterales|f__Paracoccaceae|g__Tropicimonas-Psychromarinibacter|s__|ASV_2406",0.0771541711727842,0.164546343470794,0.0775114028863901,0.146289489163843,0.164546343470794,"","ALDEx2_kw"
"k__Bacteria|p__Pseudomonadota|c__Gammaproteobacteria|o__Granulosicoccales|f__Granulosicoccaceae|g__Granulosicoccus|s__|ASV_4598","ColaDeBallena - EsteroZacatecas","k__Bacteria|p__Pseudomonadota|c__Gammaproteobacteria|o__Granulosicoccales|f__Granulosicoccaceae|g__Granulosicoccus|s__|ASV_4598",0.193048718577223,0.301349404574145,0.159383093889612,0.243601426535145,0.301349404574145,"","ALDEx2_kw"
"k__Bacteria|p__Pseudomonadota|c__Gammaproteobacteria|o__Pseudomonadales|f__Pseudohongiellaceae|g__Pseudohongiella|s__|ASV_13196","ColaDeBallena - EsteroZacatecas","k__Bacteria|p__Pseudomonadota|c__Gammaproteobacteria|o__Pseudomonadales|f__Pseudohongiellaceae|g__Pseudohongiella|s__|ASV_13196",0.0210034441139283,0.0660559638524271,0.015185665466254,0.0403291918654159,0.0660559638524271,"","ALDEx2_kw"
"k__Bacteria|p__Acidobacteriota|c__Thermoanaerobaculia|o__Thermoanaerobaculales|f__Thermoanaerobaculaceae|g__Subgroup_10|s__|ASV_642","ColaDeBallena - EsteroZacatecas","k__Bacteria|p__Acidobacteriota|c__Thermoanaerobaculia|o__Thermoanaerobaculales|f__Thermoanaerobaculaceae|g__Subgroup_10|s__|ASV_642",0.169686155479155,0.285586177790672,0.183812921102181,0.27863204485234,0.285586177790672,"","ALDEx2_kw"
"k__Bacteria|p__Bacteroidota|c__Bacteroidia|o__Cytophagales|f__Cyclobacteriaceae|g__|s__|ASV_5830","ColaDeBallena - EsteroZacatecas","k__Bacteria|p__Bacteroidota|c__Bacteroidia|o__Cytophagales|f__Cyclobacteriaceae|g__|s__|ASV_5830",0.392707146533531,0.514933731369694,0.434099288735607,0.534564428543097,0.514933731369694,"","ALDEx2_kw"
"k__Bacteria|p__Bacteroidota|c__Bacteroidia|o__Flavobacteriales|f__Cryomorphaceae|g__Cryomorpha|s__|ASV_1777","ColaDeBallena - EsteroZacatecas","k__Bacteria|p__Bacteroidota|c__Bacteroidia|o__Flavobacteriales|f__Cryomorphaceae|g__Cryomorpha|s__|ASV_1777",0.0517640520012921,0.120952910558862,0.0703005388729543,0.12865248650496,0.120952910558862,"","ALDEx2_kw"
"k__Bacteria|p__Rhodothermota|c__Rhodothermia|o__Rhodothermales|f__Rhodothermaceae|g__|s__|ASV_14560","ColaDeBallena - EsteroZacatecas","k__Bacteria|p__Rhodothermota|c__Rhodothermia|o__Rhodothermales|f__Rhodothermaceae|g__|s__|ASV_14560",0.00425052464634604,0.0277322297592442,0.00957199824762954,0.0260141037539935,0.0277322297592442,"*","ALDEx2_kw"
"k__Bacteria|p__Actinomycetota|c__Actinobacteria|o__Nitriliruptorales|f__Nitriliruptoraceae|g__|s__|ASV_9244","ColaDeBallena - EsteroZacatecas","k__Bacteria|p__Actinomycetota|c__Actinobacteria|o__Nitriliruptorales|f__Nitriliruptoraceae|g__|s__|ASV_9244",0.0088032732384145,0.0369769320545301,0.0093338935692989,0.0255785260320702,0.0369769320545301,"*","ALDEx2_kw"
"k__Bacteria|p__Bacillota|c__Clostridia|o__Oscillospirales|f__Oscillospiraceae|g__|s__|ASV_10387","ColaDeBallena - EsteroZacatecas","k__Bacteria|p__Bacillota|c__Clostridia|o__Oscillospirales|f__Oscillospiraceae|g__|s__|ASV_10387",0.397922721693177,0.498559746327206,0.297247671388524,0.394472067636413,0.498559746327206,"","ALDEx2_kw"
"k__Bacteria|p__Bacteroidota|c__Bacteroidia|o__Cytophagales|f__Mooreiaceae|g__Mooreia|s__|ASV_5217","ColaDeBallena - EsteroZacatecas","k__Bacteria|p__Bacteroidota|c__Bacteroidia|o__Cytophagales|f__Mooreiaceae|g__Mooreia|s__|ASV_5217",0.0375965726771515,0.109815872678382,0.11147848129151,0.195349007494454,0.109815872678382,"","ALDEx2_kw"
"k__Bacteria|p__Bacteroidota|c__Bacteroidia|o__Flavobacteriales|f__Flavobacteriaceae|g__Winogradskyella|s__|ASV_124","ColaDeBallena - EsteroZacatecas","k__Bacteria|p__Bacteroidota|c__Bacteroidia|o__Flavobacteriales|f__Flavobacteriaceae|g__Winogradskyella|s__|ASV_124",0.204113896239062,0.306315121243271,0.169368913001403,0.251258560049069,0.306315121243271,"","ALDEx2_kw"
"k__Bacteria|p__Cyanobacteriota|c__Cyanobacteriia|o__Phormidesmiales|f__Phormidesmiaceae|g__Phormidium_MBIC10003|s__|ASV_9451","ColaDeBallena - EsteroZacatecas","k__Bacteria|p__Cyanobacteriota|c__Cyanobacteriia|o__Phormidesmiales|f__Phormidesmiaceae|g__Phormidium_MBIC10003|s__|ASV_9451",0.192884536820895,0.295191285587633,0.166718669925215,0.247853747607172,0.295191285587633,"","ALDEx2_kw"
"k__Bacteria|p__Pseudomonadota|c__Alphaproteobacteria|o__Hyphomicrobiales|f__Devosiaceae|g__|s__|ASV_7810","ColaDeBallena - EsteroZacatecas","k__Bacteria|p__Pseudomonadota|c__Alphaproteobacteria|o__Hyphomicrobiales|f__Devosiaceae|g__|s__|ASV_7810",0.356830823287962,0.478329661154768,0.30681918561744,0.412780311154544,0.478329661154768,"","ALDEx2_kw"
"k__Bacteria|p__Chloroflexota|c__Anaerolineae|o__Caldilineales|f__Caldilineaceae|g__|s__|ASV_13484","ColaDeBallena - EsteroZacatecas","k__Bacteria|p__Chloroflexota|c__Anaerolineae|o__Caldilineales|f__Caldilineaceae|g__|s__|ASV_13484",0.0397645107379646,0.110326625038769,0.039741027991978,0.0903172739552601,0.110326625038769,"","ALDEx2_kw"
"k__Bacteria|p__Pseudomonadota|c__Gammaproteobacteria|o__Chromatiales|f__Chromatiaceae|g__Thiophaeococcus|s__|ASV_8593","ColaDeBallena - EsteroZacatecas","k__Bacteria|p__Pseudomonadota|c__Gammaproteobacteria|o__Chromatiales|f__Chromatiaceae|g__Thiophaeococcus|s__|ASV_8593",0.236626675919428,0.340808715091915,0.215459221830635,0.298771192843183,0.340808715091915,"","ALDEx2_kw"
"k__Bacteria|p__Rhodothermota|c__Rhodothermia|o__Rhodothermales|f__Rhodothermaceae|g__|s__|ASV_5330","ColaDeBallena - EsteroZacatecas","k__Bacteria|p__Rhodothermota|c__Rhodothermia|o__Rhodothermales|f__Rhodothermaceae|g__|s__|ASV_5330",0.692484853722368,0.772434400728036,0.639235733226331,0.725278097150067,0.772434400728036,"","ALDEx2_kw"
"k__Bacteria|p__Verrucomicrobiota|c__Verrucomicrobiia|o__Verrucomicrobiales|f__Rubritaleaceae|g__Roseibacillus|s__|ASV_3198","ColaDeBallena - EsteroZacatecas","k__Bacteria|p__Verrucomicrobiota|c__Verrucomicrobiia|o__Verrucomicrobiales|f__Rubritaleaceae|g__Roseibacillus|s__|ASV_3198",0.256135960765479,0.361487118304633,0.183405424980159,0.273139524497357,0.361487118304633,"","ALDEx2_kw"
"k__Bacteria|p__Actinomycetota|c__Actinobacteria|o__Euzebyales|f__Euzebyaceae|g__|s__|ASV_9470","ColaDeBallena - EsteroZacatecas","k__Bacteria|p__Actinomycetota|c__Actinobacteria|o__Euzebyales|f__Euzebyaceae|g__|s__|ASV_9470",0.434017739900363,0.536699247769955,0.357041907842194,0.453046173596772,0.536699247769955,"","ALDEx2_kw"
"k__Bacteria|p__Pseudomonadota|c__Alphaproteobacteria|o__Sphingomonadales|f__Sphingomonadaceae|g__|s__|ASV_7186","ColaDeBallena - EsteroZacatecas","k__Bacteria|p__Pseudomonadota|c__Alphaproteobacteria|o__Sphingomonadales|f__Sphingomonadaceae|g__|s__|ASV_7186",0.254903463682574,0.352134381436734,0.190508986937305,0.271084792231659,0.352134381436734,"","ALDEx2_kw"
"k__Bacteria|p__Pseudomonadota|c__Gammaproteobacteria|o__Enterobacterales|f__Vibrionaceae|g__Vibrio|s__|ASV_2698","ColaDeBallena - EsteroZacatecas","k__Bacteria|p__Pseudomonadota|c__Gammaproteobacteria|o__Enterobacterales|f__Vibrionaceae|g__Vibrio|s__|ASV_2698",0.327642323236337,0.435610390785591,0.285688599936795,0.377596534918658,0.435610390785591,"","ALDEx2_kw"
"k__Bacteria|p__Rhodothermota|c__Rhodothermia|o__Rhodothermales|f__Rhodothermaceae|g__|s__|ASV_16022","ColaDeBallena - EsteroZacatecas","k__Bacteria|p__Rhodothermota|c__Rhodothermia|o__Rhodothermales|f__Rhodothermaceae|g__|s__|ASV_16022",0.261609534044759,0.375692519556709,0.273295356827574,0.369245534157648,0.375692519556709,"","ALDEx2_kw"
"k__Bacteria|p__Thermodesulfobacteriota|c__Desulfobacteria|o__Desulfobacterales|f__Desulfatirhabdiaceae|g__|s__|ASV_13954","ColaDeBallena - EsteroZacatecas","k__Bacteria|p__Thermodesulfobacteriota|c__Desulfobacteria|o__Desulfobacterales|f__Desulfatirhabdiaceae|g__|s__|ASV_13954",0.309086785587189,0.416154746001936,0.275498214916906,0.370448809069994,0.416154746001936,"","ALDEx2_kw"
"k__Bacteria|p__Verrucomicrobiota|c__Verrucomicrobiia|o__Verrucomicrobiales|f__Rubritaleaceae|g__Roseibacillus|s__|ASV_13004","ColaDeBallena - EsteroZacatecas","k__Bacteria|p__Verrucomicrobiota|c__Verrucomicrobiia|o__Verrucomicrobiales|f__Rubritaleaceae|g__Roseibacillus|s__|ASV_13004",0.456946229497498,0.556760975159399,0.38460464819085,0.478305924751792,0.556760975159399,"","ALDEx2_kw"
"k__Bacteria|p__Pseudomonadota|c__Gammaproteobacteria|o__Pseudomonadales|f__Halomonadaceae|g__Larsenimonas|s__|ASV_13136","ColaDeBallena - EsteroZacatecas","k__Bacteria|p__Pseudomonadota|c__Gammaproteobacteria|o__Pseudomonadales|f__Halomonadaceae|g__Larsenimonas|s__|ASV_13136",0.130089436516684,0.233631640845294,0.117913210702239,0.200883855764634,0.233631640845294,"","ALDEx2_kw"
"k__Bacteria|p__Rhodothermota|c__Rhodothermia|o__Rhodothermales|f__Rhodothermaceae|g__Rubrivirga|s__|ASV_11310","ColaDeBallena - EsteroZacatecas","k__Bacteria|p__Rhodothermota|c__Rhodothermia|o__Rhodothermales|f__Rhodothermaceae|g__Rubrivirga|s__|ASV_11310",0.281927606643508,0.392923786160391,0.27320895127264,0.368677706252716,0.392923786160391,"","ALDEx2_kw"
"k__Bacteria|p__Bacteroidota|c__Bacteroidia|o__Chitinophagales|f__Saprospiraceae|g__Phaeodactylibacter|s__|ASV_9821","ColaDeBallena - EsteroZacatecas","k__Bacteria|p__Bacteroidota|c__Bacteroidia|o__Chitinophagales|f__Saprospiraceae|g__Phaeodactylibacter|s__|ASV_9821",0.13438583818766,0.23638396426233,0.119832203467595,0.194184739506926,0.23638396426233,"","ALDEx2_kw"
"k__Bacteria|p__Bacteroidota|c__Bacteroidia|o__Cytophagales|f__Cyclobacteriaceae|g__Reichenbachiella|s__|ASV_15950","ColaDeBallena - EsteroZacatecas","k__Bacteria|p__Bacteroidota|c__Bacteroidia|o__Cytophagales|f__Cyclobacteriaceae|g__Reichenbachiella|s__|ASV_15950",0.00598632051270384,0.0337800320093727,0.0178206916608576,0.0417318494694998,0.0337800320093727,"*","ALDEx2_kw"
"k__Bacteria|p__Pseudomonadota|c__Alphaproteobacteria|o__Hyphomicrobiales|f__Devosiaceae|g__|s__|ASV_4313","ColaDeBallena - EsteroZacatecas","k__Bacteria|p__Pseudomonadota|c__Alphaproteobacteria|o__Hyphomicrobiales|f__Devosiaceae|g__|s__|ASV_4313",0.16844462424913,0.261199847556876,0.101129743816834,0.171757625444795,0.261199847556876,"","ALDEx2_kw"
"k__Bacteria|p__Pseudomonadota|c__Alphaproteobacteria|o__Rhodobacterales|f__Paracoccaceae|g__|s__|ASV_5248","ColaDeBallena - EsteroZacatecas","k__Bacteria|p__Pseudomonadota|c__Alphaproteobacteria|o__Rhodobacterales|f__Paracoccaceae|g__|s__|ASV_5248",0.25175445880982,0.367158971420458,0.213284841082806,0.305606861456021,0.367158971420458,"","ALDEx2_kw"
"k__Bacteria|p__Pseudomonadota|c__Alphaproteobacteria|o__Sphingomonadales|f__Sphingomonadaceae|g__|s__|ASV_4793","ColaDeBallena - EsteroZacatecas","k__Bacteria|p__Pseudomonadota|c__Alphaproteobacteria|o__Sphingomonadales|f__Sphingomonadaceae|g__|s__|ASV_4793",0.544481767595167,0.641492161174319,0.585697110202815,0.675548351798233,0.641492161174319,"","ALDEx2_kw"
"k__Bacteria|p__Verrucomicrobiota|c__Verrucomicrobiia|o__Verrucomicrobiales|f__DEV007|g__|s__|ASV_4459","ColaDeBallena - EsteroZacatecas","k__Bacteria|p__Verrucomicrobiota|c__Verrucomicrobiia|o__Verrucomicrobiales|f__DEV007|g__|s__|ASV_4459",0.0349628885349027,0.0952340564315144,0.0465326985401805,0.0933903217812126,0.0952340564315144,"","ALDEx2_kw"
"k__Bacteria|p__Cyanobacteriota|c__Cyanobacteriia|o__Phormidesmiales|f__Phormidesmiaceae|g__Phormidium_MBIC10003|s__|ASV_13924","ColaDeBallena - EsteroZacatecas","k__Bacteria|p__Cyanobacteriota|c__Cyanobacteriia|o__Phormidesmiales|f__Phormidesmiaceae|g__Phormidium_MBIC10003|s__|ASV_13924",0.271459277265131,0.37496668228262,0.203260528668015,0.288535143432743,0.37496668228262,"","ALDEx2_kw"
"k__Bacteria|p__Myxococcota|c__Polyangiia|o__Haliangiales|f__Haliangiaceae|g__|s__|ASV_3353","ColaDeBallena - EsteroZacatecas","k__Bacteria|p__Myxococcota|c__Polyangiia|o__Haliangiales|f__Haliangiaceae|g__|s__|ASV_3353",0.307745396218302,0.416062350804041,0.25844878169344,0.351450142503655,0.416062350804041,"","ALDEx2_kw"
"k__Bacteria|p__Pseudomonadota|c__Alphaproteobacteria|o__Rhodobacterales|f__Paracoccaceae|g__Wenxinia|s__|ASV_2338","ColaDeBallena - EsteroZacatecas","k__Bacteria|p__Pseudomonadota|c__Alphaproteobacteria|o__Rhodobacterales|f__Paracoccaceae|g__Wenxinia|s__|ASV_2338",0.257327887949109,0.361492491937611,0.236411263281975,0.324077191320324,0.361492491937611,"","ALDEx2_kw"
"k__Bacteria|p__Pseudomonadota|c__Alphaproteobacteria|o__Rhodobacterales|f__Paracoccaceae|g__|s__|ASV_12432","ColaDeBallena - EsteroZacatecas","k__Bacteria|p__Pseudomonadota|c__Alphaproteobacteria|o__Rhodobacterales|f__Paracoccaceae|g__|s__|ASV_12432",0.213630581687387,0.311984588369097,0.129902518134962,0.208007414291947,0.311984588369097,"","ALDEx2_kw"
"k__Bacteria|p__Bacteroidota|c__Bacteroidia|o__Flavobacteriales|f__Flavobacteriaceae|g__|s__|ASV_2498","ColaDeBallena - EsteroZacatecas","k__Bacteria|p__Bacteroidota|c__Bacteroidia|o__Flavobacteriales|f__Flavobacteriaceae|g__|s__|ASV_2498",0.263993303390657,0.365963680234692,0.184057558519078,0.268637039857312,0.365963680234692,"","ALDEx2_kw"
"k__Bacteria|p__Pseudomonadota|c__Gammaproteobacteria|o__Ectothiorhodospirales|f__Ectothiorhodospiraceae|g__Thiogranum|s__|ASV_4857","ColaDeBallena - EsteroZacatecas","k__Bacteria|p__Pseudomonadota|c__Gammaproteobacteria|o__Ectothiorhodospirales|f__Ectothiorhodospiraceae|g__Thiogranum|s__|ASV_4857",0.27770745099261,0.382586964998536,0.19649418162829,0.281528671417298,0.382586964998536,"","ALDEx2_kw"
"k__Bacteria|p__Rhodothermota|c__Rhodothermia|o__Rhodothermales|f__Rhodothermaceae|g__Rubrivirga|s__|ASV_4871","ColaDeBallena - EsteroZacatecas","k__Bacteria|p__Rhodothermota|c__Rhodothermia|o__Rhodothermales|f__Rhodothermaceae|g__Rubrivirga|s__|ASV_4871",0.156642193252998,0.253371408216035,0.142594181823089,0.215060604496282,0.253371408216035,"","ALDEx2_kw"
"k__Bacteria|p__Bacteroidota|c__Bacteroidia|o__Cytophagales|f__Cyclobacteriaceae|g__|s__|ASV_15791","ColaDeBallena - EsteroZacatecas","k__Bacteria|p__Bacteroidota|c__Bacteroidia|o__Cytophagales|f__Cyclobacteriaceae|g__|s__|ASV_15791",0.504726506544037,0.604479786512091,0.49510556811552,0.590943415141799,0.604479786512091,"","ALDEx2_kw"
"k__Bacteria|p__Chloroflexota|c__Anaerolineae|o__Caldilineales|f__Caldilineaceae|g__|s__|ASV_10173","ColaDeBallena - EsteroZacatecas","k__Bacteria|p__Chloroflexota|c__Anaerolineae|o__Caldilineales|f__Caldilineaceae|g__|s__|ASV_10173",0.0449667352944094,0.113610980236405,0.0521035408286094,0.0998565676550221,0.113610980236405,"","ALDEx2_kw"
"k__Bacteria|p__Planctomycetota|c__Planctomycetes|o__Planctomycetales|f__Gimesiaceae|g__|s__|ASV_8713","ColaDeBallena - EsteroZacatecas","k__Bacteria|p__Planctomycetota|c__Planctomycetes|o__Planctomycetales|f__Gimesiaceae|g__|s__|ASV_8713",0.0923750102058489,0.174808942275261,0.0677408956188223,0.126063740723639,0.174808942275261,"","ALDEx2_kw"
"k__Bacteria|p__Pseudomonadota|c__Alphaproteobacteria|o__Rhodobacterales|f__Paracoccaceae|g__Maribius|s__|ASV_5962","ColaDeBallena - EsteroZacatecas","k__Bacteria|p__Pseudomonadota|c__Alphaproteobacteria|o__Rhodobacterales|f__Paracoccaceae|g__Maribius|s__|ASV_5962",0.575428740061828,0.667715837654278,0.622221751323909,0.707099764303212,0.667715837654278,"","ALDEx2_kw"
"k__Bacteria|p__Pseudomonadota|c__Alphaproteobacteria|o__Rhodobacterales|f__Paracoccaceae|g__Palleronia-Pseudomaribius|s__|ASV_24","ColaDeBallena - EsteroZacatecas","k__Bacteria|p__Pseudomonadota|c__Alphaproteobacteria|o__Rhodobacterales|f__Paracoccaceae|g__Palleronia-Pseudomaribius|s__|ASV_24",0.114053934891476,0.210606070977891,0.104570820527036,0.174885120231619,0.210606070977891,"","ALDEx2_kw"
"k__Bacteria|p__Bacteroidota|c__Bacteroidia|o__Chitinophagales|f__Saprospiraceae|g__Lewinella|s__|ASV_14840","ColaDeBallena - EsteroZacatecas","k__Bacteria|p__Bacteroidota|c__Bacteroidia|o__Chitinophagales|f__Saprospiraceae|g__Lewinella|s__|ASV_14840",0.0454319627556029,0.117138052269444,0.0441175799553049,0.0949069993854051,0.117138052269444,"","ALDEx2_kw"
"k__Bacteria|p__Cyanobacteriota|c__Cyanobacteriia|o__Cyanobacteriales|f__Xenococcaceae|g__Myxosarcina_GI1|s__|ASV_12810","ColaDeBallena - EsteroZacatecas","k__Bacteria|p__Cyanobacteriota|c__Cyanobacteriia|o__Cyanobacteriales|f__Xenococcaceae|g__Myxosarcina_GI1|s__|ASV_12810",0.0270439315344991,0.0770095311223761,0.0216347946317799,0.0520125127547622,0.0770095311223761,"","ALDEx2_kw"
"k__Bacteria|p__Planctomycetota|c__Planctomycetes|o__Planctomycetales|f__Gimesiaceae|g__|s__|ASV_8729","ColaDeBallena - EsteroZacatecas","k__Bacteria|p__Planctomycetota|c__Planctomycetes|o__Planctomycetales|f__Gimesiaceae|g__|s__|ASV_8729",0.0175049462496227,0.0623927170254159,0.0312947086313296,0.0677548088469004,0.0623927170254159,"","ALDEx2_kw"
"k__Bacteria|p__Pseudomonadota|c__Alphaproteobacteria|o__Rhodobacterales|f__Paracoccaceae|g__|s__|ASV_4342","ColaDeBallena - EsteroZacatecas","k__Bacteria|p__Pseudomonadota|c__Alphaproteobacteria|o__Rhodobacterales|f__Paracoccaceae|g__|s__|ASV_4342",0.368314749254237,0.46814008897612,0.242177106034611,0.332856122101462,0.46814008897612,"","ALDEx2_kw"
"k__Bacteria|p__Pseudomonadota|c__Gammaproteobacteria|o__Arenicellales|f__Arenicellaceae|g__Candidatus_Thiosymbion|s__|ASV_7417","ColaDeBallena - EsteroZacatecas","k__Bacteria|p__Pseudomonadota|c__Gammaproteobacteria|o__Arenicellales|f__Arenicellaceae|g__Candidatus_Thiosymbion|s__|ASV_7417",0.353095357138945,0.457600120883911,0.296589577030771,0.388177980113632,0.457600120883911,"","ALDEx2_kw"
"k__Bacteria|p__Acidobacteriota|c__Thermoanaerobaculia|o__Thermoanaerobaculales|f__Thermoanaerobaculaceae|g__Subgroup_10|s__|ASV_9297","ColaDeBallena - EsteroZacatecas","k__Bacteria|p__Acidobacteriota|c__Thermoanaerobaculia|o__Thermoanaerobaculales|f__Thermoanaerobaculaceae|g__Subgroup_10|s__|ASV_9297",0.302398057358595,0.420985760289227,0.292085052826613,0.396496333159681,0.420985760289227,"","ALDEx2_kw"
"k__Bacteria|p__Bacteroidota|c__Bacteroidia|o__Chitinophagales|f__Saprospiraceae|g__Lewinella|s__|ASV_5651","ColaDeBallena - EsteroZacatecas","k__Bacteria|p__Bacteroidota|c__Bacteroidia|o__Chitinophagales|f__Saprospiraceae|g__Lewinella|s__|ASV_5651",0.0930703693443745,0.178365678647697,0.0804760652302026,0.144120370540024,0.178365678647697,"","ALDEx2_kw"
"k__Bacteria|p__Bacteroidota|c__Bacteroidia|o__Flavobacteriales|f__Flavobacteriaceae|g__Pricia|s__|ASV_13538","ColaDeBallena - EsteroZacatecas","k__Bacteria|p__Bacteroidota|c__Bacteroidia|o__Flavobacteriales|f__Flavobacteriaceae|g__Pricia|s__|ASV_13538",0.456720271017836,0.551674555683321,0.330503091297544,0.425398857167286,0.551674555683321,"","ALDEx2_kw"
"k__Bacteria|p__Bacteroidota|c__Bacteroidia|o__Flavobacteriales|f__Flavobacteriaceae|g__|s__|ASV_2473","ColaDeBallena - EsteroZacatecas","k__Bacteria|p__Bacteroidota|c__Bacteroidia|o__Flavobacteriales|f__Flavobacteriaceae|g__|s__|ASV_2473",0.719664316503375,0.792972289604638,0.66057674112089,0.743439013957985,0.792972289604638,"","ALDEx2_kw"
"k__Bacteria|p__Pseudomonadota|c__Alphaproteobacteria|o__Rhodobacterales|f__Paracoccaceae|g__Jannaschia|s__|ASV_5480","ColaDeBallena - EsteroZacatecas","k__Bacteria|p__Pseudomonadota|c__Alphaproteobacteria|o__Rhodobacterales|f__Paracoccaceae|g__Jannaschia|s__|ASV_5480",0.106008320876897,0.196346045124884,0.0993775770936535,0.163495256452654,0.196346045124884,"","ALDEx2_kw"
"k__Bacteria|p__Thermodesulfobacteriota|c__Desulfobacteria|o__Desulfobacterales|f__Desulfosarcinaceae|g__SEEP-SRB1|s__|ASV_7773","ColaDeBallena - EsteroZacatecas","k__Bacteria|p__Thermodesulfobacteriota|c__Desulfobacteria|o__Desulfobacterales|f__Desulfosarcinaceae|g__SEEP-SRB1|s__|ASV_7773",0.00922797700729799,0.0426333296797737,0.0100600193186676,0.0284897433518575,0.0426333296797737,"*","ALDEx2_kw"
"k__Archaea|p__Halobacteriota|c__Halobacteria|o__Halobacterales|f__Halomicrobiaceae|g__Halomarina|s__|ASV_6863","ColaDeBallena - EsteroZacatecas","k__Archaea|p__Halobacteriota|c__Halobacteria|o__Halobacterales|f__Halomicrobiaceae|g__Halomarina|s__|ASV_6863",0.110663733354466,0.191411752975069,0.0747537590819368,0.130064277729614,0.191411752975069,"","ALDEx2_kw"
"k__Bacteria|p__Actinomycetota|c__Actinobacteria|o__Micrococcales|f__Intrasporangiaceae|g__Serinicoccus|s__|ASV_15687","ColaDeBallena - EsteroZacatecas","k__Bacteria|p__Actinomycetota|c__Actinobacteria|o__Micrococcales|f__Intrasporangiaceae|g__Serinicoccus|s__|ASV_15687",0.284280876427797,0.392641496889873,0.24051347575014,0.334699546202715,0.392641496889873,"","ALDEx2_kw"
"k__Bacteria|p__Rhodothermota|c__Rhodothermia|o__Rhodothermales|f__Rhodothermaceae|g__Rubrivirga|s__|ASV_9042","ColaDeBallena - EsteroZacatecas","k__Bacteria|p__Rhodothermota|c__Rhodothermia|o__Rhodothermales|f__Rhodothermaceae|g__Rubrivirga|s__|ASV_9042",0.269936704236571,0.366625577620807,0.200763915094231,0.28129209895124,0.366625577620807,"","ALDEx2_kw"
"k__Bacteria|p__Bacteroidota|c__Bacteroidia|o__Chitinophagales|f__Saprospiraceae|g__Lewinella|s__|ASV_12603","ColaDeBallena - EsteroZacatecas","k__Bacteria|p__Bacteroidota|c__Bacteroidia|o__Chitinophagales|f__Saprospiraceae|g__Lewinella|s__|ASV_12603",0.333843103408887,0.437707402713695,0.278865711407449,0.366870670534104,0.437707402713695,"","ALDEx2_kw"
"k__Bacteria|p__Bacteroidota|c__Bacteroidia|o__Cytophagales|f__Cyclobacteriaceae|g__|s__|ASV_8340","ColaDeBallena - EsteroZacatecas","k__Bacteria|p__Bacteroidota|c__Bacteroidia|o__Cytophagales|f__Cyclobacteriaceae|g__|s__|ASV_8340",0.204412873782912,0.303117303974691,0.172053219327574,0.251280796864379,0.303117303974691,"","ALDEx2_kw"
"k__Bacteria|p__Bacteroidota|c__Bacteroidia|o__Flavobacteriales|f__Flavobacteriaceae|g__Actibacter|s__|ASV_16072","ColaDeBallena - EsteroZacatecas","k__Bacteria|p__Bacteroidota|c__Bacteroidia|o__Flavobacteriales|f__Flavobacteriaceae|g__Actibacter|s__|ASV_16072",0.00729133115262341,0.0366664829218845,0.00961853441144114,0.0275335540267391,0.0366664829218845,"*","ALDEx2_kw"
"k__Bacteria|p__Deinococcota|c__Deinococci|o__Deinococcales|f__Trueperaceae|g__Truepera|s__|ASV_10769","ColaDeBallena - EsteroZacatecas","k__Bacteria|p__Deinococcota|c__Deinococci|o__Deinococcales|f__Trueperaceae|g__Truepera|s__|ASV_10769",0.497467787759209,0.588815950957528,0.45525139850886,0.543438544899961,0.588815950957528,"","ALDEx2_kw"
"k__Bacteria|p__Pseudomonadota|c__Alphaproteobacteria|o__Micavibrionales|f__Micavibrionaceae|g__|s__|ASV_10591","ColaDeBallena - EsteroZacatecas","k__Bacteria|p__Pseudomonadota|c__Alphaproteobacteria|o__Micavibrionales|f__Micavibrionaceae|g__|s__|ASV_10591",0.015898232201795,0.0602830794915975,0.0229179569998803,0.0532584044582513,0.0602830794915975,"","ALDEx2_kw"
"k__Bacteria|p__Pseudomonadota|c__Alphaproteobacteria|o__Rhodobacterales|f__Paracoccaceae|g__Limibaculum|s__|ASV_7046","ColaDeBallena - EsteroZacatecas","k__Bacteria|p__Pseudomonadota|c__Alphaproteobacteria|o__Rhodobacterales|f__Paracoccaceae|g__Limibaculum|s__|ASV_7046",0.393879760303946,0.512630243199738,0.410733286816328,0.511013173713097,0.512630243199738,"","ALDEx2_kw"
"k__Bacteria|p__Rhodothermota|c__Rhodothermia|o__Rhodothermales|f__Rhodothermaceae|g__|s__|ASV_15482","ColaDeBallena - EsteroZacatecas","k__Bacteria|p__Rhodothermota|c__Rhodothermia|o__Rhodothermales|f__Rhodothermaceae|g__|s__|ASV_15482",0.529014771366576,0.627707306735035,0.513643637537892,0.604536414707444,0.627707306735035,"","ALDEx2_kw"
"k__Bacteria|p__Calditrichota|c__Calditrichia|o__Calditrichales|f__Calditrichaceae|g__|s__|ASV_15461","ColaDeBallena - EsteroZacatecas","k__Bacteria|p__Calditrichota|c__Calditrichia|o__Calditrichales|f__Calditrichaceae|g__|s__|ASV_15461",0.54973324918679,0.649776473368498,0.543213193331695,0.637230144912306,0.649776473368498,"","ALDEx2_kw"
"k__Bacteria|p__Cyanobacteriota|c__Cyanobacteriia|o__Cyanobacteriales|f__Xenococcaceae|g__Pleurocapsa_PCC-7319|s__|ASV_13765","ColaDeBallena - EsteroZacatecas","k__Bacteria|p__Cyanobacteriota|c__Cyanobacteriia|o__Cyanobacteriales|f__Xenococcaceae|g__Pleurocapsa_PCC-7319|s__|ASV_13765",0.344888702881047,0.448513741018629,0.281912004220178,0.374087278519153,0.448513741018629,"","ALDEx2_kw"
"k__Bacteria|p__Planctomycetota|c__Planctomycetes|o__Planctomycetales|f__Rubinisphaeraceae|g__Planctomicrobium|s__|ASV_11443","ColaDeBallena - EsteroZacatecas","k__Bacteria|p__Planctomycetota|c__Planctomycetes|o__Planctomycetales|f__Rubinisphaeraceae|g__Planctomicrobium|s__|ASV_11443",0.304377410124999,0.423564841980252,0.310573327431693,0.41362346799147,0.423564841980252,"","ALDEx2_kw"
"k__Bacteria|p__Pseudomonadota|c__Alphaproteobacteria|o__Rhodobacterales|f__Paracoccaceae|g__|s__|ASV_13400","ColaDeBallena - EsteroZacatecas","k__Bacteria|p__Pseudomonadota|c__Alphaproteobacteria|o__Rhodobacterales|f__Paracoccaceae|g__|s__|ASV_13400",0.513968818417745,0.614600560552603,0.46528255341559,0.563545700908147,0.614600560552603,"","ALDEx2_kw"
"k__Bacteria|p__Pseudomonadota|c__Alphaproteobacteria|o__Rhodobacterales|f__Paracoccaceae|g__|s__|ASV_280","ColaDeBallena - EsteroZacatecas","k__Bacteria|p__Pseudomonadota|c__Alphaproteobacteria|o__Rhodobacterales|f__Paracoccaceae|g__|s__|ASV_280",0.0295041505942822,0.0871101391316954,0.0413125722622295,0.0878718944342104,0.0871101391316954,"","ALDEx2_kw"
"k__Bacteria|p__Pseudomonadota|c__Alphaproteobacteria|o__|f__Neomegalonemataceae|g__Acuticoccus|s__|ASV_2125","ColaDeBallena - EsteroZacatecas","k__Bacteria|p__Pseudomonadota|c__Alphaproteobacteria|o__|f__Neomegalonemataceae|g__Acuticoccus|s__|ASV_2125",0.177966095494423,0.287409031648447,0.172926976318418,0.261802763376667,0.287409031648447,"","ALDEx2_kw"
"k__Bacteria|p__Myxococcota|c__Polyangiia|o__Polyangiales|f__Sandaracinaceae|g__|s__|ASV_1252","ColaDeBallena - EsteroZacatecas","k__Bacteria|p__Myxococcota|c__Polyangiia|o__Polyangiales|f__Sandaracinaceae|g__|s__|ASV_1252",0.428256399352339,0.530775982986894,0.407176821393574,0.501222105499451,0.530775982986894,"","ALDEx2_kw"
"k__Bacteria|p__Thermodesulfobacteriota|c__Desulfobulbia|o__Desulfobulbales|f__Desulfocapsaceae|g__Desulfopila|s__|ASV_1368","ColaDeBallena - EsteroZacatecas","k__Bacteria|p__Thermodesulfobacteriota|c__Desulfobulbia|o__Desulfobulbales|f__Desulfocapsaceae|g__Desulfopila|s__|ASV_1368",0.291816221630302,0.387805611970385,0.231616266678443,0.317704997957454,0.387805611970385,"","ALDEx2_kw"
"k__Bacteria|p__Bacteroidota|c__Bacteroidia|o__Cytophagales|f__Cyclobacteriaceae|g__Fulvivirga|s__|ASV_12732","ColaDeBallena - EsteroZacatecas","k__Bacteria|p__Bacteroidota|c__Bacteroidia|o__Cytophagales|f__Cyclobacteriaceae|g__Fulvivirga|s__|ASV_12732",0.0509991441728654,0.121562063910556,0.0627857306355605,0.117247254098464,0.121562063910556,"","ALDEx2_kw"
"k__Bacteria|p__Bacteroidota|c__Bacteroidia|o__Flavobacteriales|f__Flavobacteriaceae|g__Robertkochia|s__|ASV_13422","ColaDeBallena - EsteroZacatecas","k__Bacteria|p__Bacteroidota|c__Bacteroidia|o__Flavobacteriales|f__Flavobacteriaceae|g__Robertkochia|s__|ASV_13422",0.0710450549111182,0.152352029655288,0.0997573135337792,0.166866467185975,0.152352029655288,"","ALDEx2_kw"
"k__Bacteria|p__Pseudomonadota|c__Alphaproteobacteria|o__|f__Neomegalonemataceae|g__Acuticoccus|s__|ASV_4730","ColaDeBallena - EsteroZacatecas","k__Bacteria|p__Pseudomonadota|c__Alphaproteobacteria|o__|f__Neomegalonemataceae|g__Acuticoccus|s__|ASV_4730",0.052234565827342,0.125140003940888,0.0600029415706163,0.114660542874405,0.125140003940888,"","ALDEx2_kw"
"k__Bacteria|p__Pseudomonadota|c__Gammaproteobacteria|o__Enterobacterales|f__Vibrionaceae|g__Vibrio|s__|ASV_3312","ColaDeBallena - EsteroZacatecas","k__Bacteria|p__Pseudomonadota|c__Gammaproteobacteria|o__Enterobacterales|f__Vibrionaceae|g__Vibrio|s__|ASV_3312",0.505236875043692,0.60433746987072,0.454285948285935,0.547082758886108,0.60433746987072,"","ALDEx2_kw"
"k__Bacteria|p__Pseudomonadota|c__Gammaproteobacteria|o__Enterobacterales|f__Vibrionaceae|g__Vibrio|s__|ASV_4336","ColaDeBallena - EsteroZacatecas","k__Bacteria|p__Pseudomonadota|c__Gammaproteobacteria|o__Enterobacterales|f__Vibrionaceae|g__Vibrio|s__|ASV_4336",0.173065748657824,0.275877045319377,0.155270027683906,0.236608892429006,0.275877045319377,"","ALDEx2_kw"
"k__Bacteria|p__Pseudomonadota|c__Gammaproteobacteria|o__Pseudomonadales|f__Halieaceae|g__Haliea|s__|ASV_2118","ColaDeBallena - EsteroZacatecas","k__Bacteria|p__Pseudomonadota|c__Gammaproteobacteria|o__Pseudomonadales|f__Halieaceae|g__Haliea|s__|ASV_2118",0.0174025227663798,0.0616662293682756,0.0322272175479257,0.0673977994896272,0.0616662293682756,"","ALDEx2_kw"
"k__Bacteria|p__Verrucomicrobiota|c__Verrucomicrobiia|o__Verrucomicrobiales|f__Rubritaleaceae|g__DBS1|s__|ASV_10680","ColaDeBallena - EsteroZacatecas","k__Bacteria|p__Verrucomicrobiota|c__Verrucomicrobiia|o__Verrucomicrobiales|f__Rubritaleaceae|g__DBS1|s__|ASV_10680",0.184748580414124,0.289976741164564,0.164850823664379,0.244161067619385,0.289976741164564,"","ALDEx2_kw"
"k__Bacteria|p__Actinomycetota|c__Acidimicrobiia|o__Microtrichales|f__Ilumatobacteraceae|g__Ilumatobacter|s__|ASV_1587","ColaDeBallena - EsteroZacatecas","k__Bacteria|p__Actinomycetota|c__Acidimicrobiia|o__Microtrichales|f__Ilumatobacteraceae|g__Ilumatobacter|s__|ASV_1587",0.67088119854082,0.751407097033032,0.659005199981081,0.740177099584226,0.751407097033032,"","ALDEx2_kw"
"k__Bacteria|p__Pseudomonadota|c__Gammaproteobacteria|o__Enterobacterales|f__Pseudoalteromonadaceae|g__Pseudoalteromonas|s__|ASV_15651","ColaDeBallena - EsteroZacatecas","k__Bacteria|p__Pseudomonadota|c__Gammaproteobacteria|o__Enterobacterales|f__Pseudoalteromonadaceae|g__Pseudoalteromonas|s__|ASV_15651",0.295111188438891,0.407748873140671,0.267540372941489,0.365080390262843,0.407748873140671,"","ALDEx2_kw"
"k__Bacteria|p__Bacteroidota|c__Bacteroidia|o__Flavobacteriales|f__Crocinitomicaceae|g__Salinirepens|s__|ASV_7930","ColaDeBallena - EsteroZacatecas","k__Bacteria|p__Bacteroidota|c__Bacteroidia|o__Flavobacteriales|f__Crocinitomicaceae|g__Salinirepens|s__|ASV_7930",0.0516097610707499,0.116289281722108,0.0499019167589915,0.0935324520012095,0.116289281722108,"","ALDEx2_kw"
"k__Bacteria|p__Pseudomonadota|c__Alphaproteobacteria|o__Rhodobacterales|f__Paracoccaceae|g__|s__|ASV_15370","ColaDeBallena - EsteroZacatecas","k__Bacteria|p__Pseudomonadota|c__Alphaproteobacteria|o__Rhodobacterales|f__Paracoccaceae|g__|s__|ASV_15370",0.624514240387455,0.715834981005943,0.600316795164407,0.693508780670798,0.715834981005943,"","ALDEx2_kw"
"k__Bacteria|p__Pseudomonadota|c__Gammaproteobacteria|o__Pseudomonadales|f__Alcanivoracaceae|g__Ketobacter|s__|ASV_15924","ColaDeBallena - EsteroZacatecas","k__Bacteria|p__Pseudomonadota|c__Gammaproteobacteria|o__Pseudomonadales|f__Alcanivoracaceae|g__Ketobacter|s__|ASV_15924",0.238907406716805,0.348819543496979,0.185465859428462,0.276327802058105,0.348819543496979,"","ALDEx2_kw"
"k__Bacteria|p__Actinomycetota|c__Actinobacteria|o__Nitriliruptorales|f__Nitriliruptoraceae|g__|s__|ASV_8148","ColaDeBallena - EsteroZacatecas","k__Bacteria|p__Actinomycetota|c__Actinobacteria|o__Nitriliruptorales|f__Nitriliruptoraceae|g__|s__|ASV_8148",0.262419852446556,0.360728416982274,0.194908987624633,0.275827779152785,0.360728416982274,"","ALDEx2_kw"
"k__Bacteria|p__Bacteroidota|c__Bacteroidia|o__Chitinophagales|f__Saprospiraceae|g__Portibacter|s__|ASV_9536","ColaDeBallena - EsteroZacatecas","k__Bacteria|p__Bacteroidota|c__Bacteroidia|o__Chitinophagales|f__Saprospiraceae|g__Portibacter|s__|ASV_9536",0.0465107135991238,0.112868088460578,0.0680934752918537,0.117675932839519,0.112868088460578,"","ALDEx2_kw"
"k__Bacteria|p__Chloroflexota|c__Anaerolineae|o__Caldilineales|f__Caldilineaceae|g__|s__|ASV_6388","ColaDeBallena - EsteroZacatecas","k__Bacteria|p__Chloroflexota|c__Anaerolineae|o__Caldilineales|f__Caldilineaceae|g__|s__|ASV_6388",0.427407487527829,0.526285588923199,0.343116423044222,0.432772605151241,0.526285588923199,"","ALDEx2_kw"
"k__Bacteria|p__Myxococcota|c__Polyangiia|o__Polyangiales|f__Sandaracinaceae|g__|s__|ASV_5526","ColaDeBallena - EsteroZacatecas","k__Bacteria|p__Myxococcota|c__Polyangiia|o__Polyangiales|f__Sandaracinaceae|g__|s__|ASV_5526",0.0204332747166288,0.0669778137383147,0.0279101647840179,0.0582889413681156,0.0669778137383147,"","ALDEx2_kw"
"k__Bacteria|p__Planctomycetota|c__Planctomycetes|o__Pirellulales|f__Pirellulaceae|g__Pir4_lineage|s__|ASV_3731","ColaDeBallena - EsteroZacatecas","k__Bacteria|p__Planctomycetota|c__Planctomycetes|o__Pirellulales|f__Pirellulaceae|g__Pir4_lineage|s__|ASV_3731",0.427223921829098,0.53585511633889,0.442904016037604,0.539317756117189,0.53585511633889,"","ALDEx2_kw"
"k__Bacteria|p__Pseudomonadota|c__Alphaproteobacteria|o__Hyphomicrobiales|f__C2U|g__|s__|ASV_11061","ColaDeBallena - EsteroZacatecas","k__Bacteria|p__Pseudomonadota|c__Alphaproteobacteria|o__Hyphomicrobiales|f__C2U|g__|s__|ASV_11061",0.527753845231375,0.622387602516561,0.400939955658732,0.498022084774774,0.622387602516561,"","ALDEx2_kw"
"k__Bacteria|p__Pseudomonadota|c__Alphaproteobacteria|o__Rhodobacterales|f__Paracoccaceae|g__|s__|ASV_11509","ColaDeBallena - EsteroZacatecas","k__Bacteria|p__Pseudomonadota|c__Alphaproteobacteria|o__Rhodobacterales|f__Paracoccaceae|g__|s__|ASV_11509",0.600483076028596,0.696464625249387,0.627190156320964,0.714678752315919,0.696464625249387,"","ALDEx2_kw"
"k__Bacteria|p__Pseudomonadota|c__Alphaproteobacteria|o__Sphingomonadales|f__Sphingomonadaceae|g__|s__|ASV_11847","ColaDeBallena - EsteroZacatecas","k__Bacteria|p__Pseudomonadota|c__Alphaproteobacteria|o__Sphingomonadales|f__Sphingomonadaceae|g__|s__|ASV_11847",0.51295698150802,0.612832794147823,0.45851636834255,0.556868759981994,0.612832794147823,"","ALDEx2_kw"
"k__Bacteria|p__Pseudomonadota|c__Alphaproteobacteria|o__Sphingomonadales|f__Sphingomonadaceae|g__|s__|ASV_15186","ColaDeBallena - EsteroZacatecas","k__Bacteria|p__Pseudomonadota|c__Alphaproteobacteria|o__Sphingomonadales|f__Sphingomonadaceae|g__|s__|ASV_15186",0.257135390397304,0.36580270017028,0.238167504428702,0.332291926184841,0.36580270017028,"","ALDEx2_kw"
"k__Bacteria|p__Pseudomonadota|c__Gammaproteobacteria|o__Steroidobacterales|f__Woeseiaceae|g__Woeseia|s__|ASV_14630","ColaDeBallena - EsteroZacatecas","k__Bacteria|p__Pseudomonadota|c__Gammaproteobacteria|o__Steroidobacterales|f__Woeseiaceae|g__Woeseia|s__|ASV_14630",0.360178916937418,0.469263773942984,0.292959696341878,0.382001705906134,0.469263773942984,"","ALDEx2_kw"
"k__Bacteria|p__Bacteroidota|c__Bacteroidia|o__Chitinophagales|f__Saprospiraceae|g__Lewinella|s__|ASV_12788","ColaDeBallena - EsteroZacatecas","k__Bacteria|p__Bacteroidota|c__Bacteroidia|o__Chitinophagales|f__Saprospiraceae|g__Lewinella|s__|ASV_12788",0.0375996117523186,0.0981708798378857,0.0582462930893414,0.107131902489286,0.0981708798378857,"","ALDEx2_kw"
"k__Bacteria|p__Bacteroidota|c__Bacteroidia|o__Chitinophagales|f__Saprospiraceae|g__|s__|ASV_14727","ColaDeBallena - EsteroZacatecas","k__Bacteria|p__Bacteroidota|c__Bacteroidia|o__Chitinophagales|f__Saprospiraceae|g__|s__|ASV_14727",0.0838977245742965,0.167770423850048,0.0966221706256969,0.163928852192057,0.167770423850048,"","ALDEx2_kw"
"k__Bacteria|p__Myxococcota|c__Myxococcia|o__Myxococcales|f__Myxococcaceae|g__P3OB-42|s__|ASV_5420","ColaDeBallena - EsteroZacatecas","k__Bacteria|p__Myxococcota|c__Myxococcia|o__Myxococcales|f__Myxococcaceae|g__P3OB-42|s__|ASV_5420",0.461790610893558,0.567021446521005,0.36633409680271,0.468077723572213,0.567021446521005,"","ALDEx2_kw"
"k__Bacteria|p__Pseudomonadota|c__Alphaproteobacteria|o__Rhodobacterales|f__Paracoccaceae|g__Actibacterium|s__|ASV_9420","ColaDeBallena - EsteroZacatecas","k__Bacteria|p__Pseudomonadota|c__Alphaproteobacteria|o__Rhodobacterales|f__Paracoccaceae|g__Actibacterium|s__|ASV_9420",0.490229848403209,0.593519283711931,0.467479647705045,0.565379425964197,0.593519283711931,"","ALDEx2_kw"
"k__Bacteria|p__Pseudomonadota|c__Alphaproteobacteria|o__Rhodobacterales|f__Paracoccaceae|g__|s__|ASV_3670","ColaDeBallena - EsteroZacatecas","k__Bacteria|p__Pseudomonadota|c__Alphaproteobacteria|o__Rhodobacterales|f__Paracoccaceae|g__|s__|ASV_3670",0.449492782910921,0.549748234884871,0.346516576606928,0.442545299741966,0.549748234884871,"","ALDEx2_kw"
"k__Bacteria|p__Verrucomicrobiota|c__Verrucomicrobiia|o__Opitutales|f__Puniceicoccaceae|g__Lentimonas|s__|ASV_4906","ColaDeBallena - EsteroZacatecas","k__Bacteria|p__Verrucomicrobiota|c__Verrucomicrobiia|o__Opitutales|f__Puniceicoccaceae|g__Lentimonas|s__|ASV_4906",0.0086627311653985,0.0380930865675363,0.0151441181374197,0.0328305616018445,0.0380930865675363,"*","ALDEx2_kw"
"k__Bacteria|p__Actinomycetota|c__Actinobacteria|o__Nitriliruptorales|f__Nitriliruptoraceae|g__|s__|ASV_13751","ColaDeBallena - EsteroZacatecas","k__Bacteria|p__Actinomycetota|c__Actinobacteria|o__Nitriliruptorales|f__Nitriliruptoraceae|g__|s__|ASV_13751",0.464500584006663,0.563837831265019,0.384180821263393,0.477719432242433,0.563837831265019,"","ALDEx2_kw"
"k__Bacteria|p__Actinomycetota|c__Rubrobacteria|o__Rubrobacterales|f__Rubrobacteriaceae|g__Rubrobacter|s__|ASV_8945","ColaDeBallena - EsteroZacatecas","k__Bacteria|p__Actinomycetota|c__Rubrobacteria|o__Rubrobacterales|f__Rubrobacteriaceae|g__Rubrobacter|s__|ASV_8945",0.29679118457985,0.403584917875962,0.255803312762737,0.348920037698955,0.403584917875962,"","ALDEx2_kw"
"k__Bacteria|p__Bacteroidota|c__Bacteroidia|o__Bacteroidales|f__Prolixibacteraceae|g__|s__|ASV_15290","ColaDeBallena - EsteroZacatecas","k__Bacteria|p__Bacteroidota|c__Bacteroidia|o__Bacteroidales|f__Prolixibacteraceae|g__|s__|ASV_15290",0.0214436286997156,0.0710568551748496,0.0298982075510512,0.0676480384399907,0.0710568551748496,"","ALDEx2_kw"
"k__Bacteria|p__Bacteroidota|c__Bacteroidia|o__Chitinophagales|f__Saprospiraceae|g__|s__|ASV_9801","ColaDeBallena - EsteroZacatecas","k__Bacteria|p__Bacteroidota|c__Bacteroidia|o__Chitinophagales|f__Saprospiraceae|g__|s__|ASV_9801",0.0436160213145712,0.106832110341348,0.0600541068705059,0.106529086846942,0.106832110341348,"","ALDEx2_kw"
"k__Bacteria|p__Bacteroidota|c__Bacteroidia|o__Flavobacteriales|f__Flavobacteriaceae|g__Gramella|s__|ASV_14211","ColaDeBallena - EsteroZacatecas","k__Bacteria|p__Bacteroidota|c__Bacteroidia|o__Flavobacteriales|f__Flavobacteriaceae|g__Gramella|s__|ASV_14211",0.234775581847189,0.33808317643423,0.210311794497139,0.301071137626869,0.33808317643423,"","ALDEx2_kw"
"k__Bacteria|p__Bacteroidota|c__Bacteroidia|o__Flavobacteriales|f__Flavobacteriaceae|g__|s__|ASV_10048","ColaDeBallena - EsteroZacatecas","k__Bacteria|p__Bacteroidota|c__Bacteroidia|o__Flavobacteriales|f__Flavobacteriaceae|g__|s__|ASV_10048",0.106860429079355,0.200881241144516,0.118047702499738,0.188392664370019,0.200881241144516,"","ALDEx2_kw"
"k__Bacteria|p__Pseudomonadota|c__Gammaproteobacteria|o__Pseudomonadales|f__Cellvibrionaceae|g__|s__|ASV_3286","ColaDeBallena - EsteroZacatecas","k__Bacteria|p__Pseudomonadota|c__Gammaproteobacteria|o__Pseudomonadales|f__Cellvibrionaceae|g__|s__|ASV_3286",0.199537941763552,0.300688787796316,0.155981380465087,0.239908169624502,0.300688787796316,"","ALDEx2_kw"
"k__Bacteria|p__Rhodothermota|c__Rhodothermia|o__Rhodothermales|f__Rhodothermaceae|g__|s__|ASV_15308","ColaDeBallena - EsteroZacatecas","k__Bacteria|p__Rhodothermota|c__Rhodothermia|o__Rhodothermales|f__Rhodothermaceae|g__|s__|ASV_15308",0.60960817852647,0.699078248297657,0.607513023039664,0.693696503088763,0.699078248297657,"","ALDEx2_kw"
"k__Bacteria|p__Verrucomicrobiota|c__Verrucomicrobiia|o__Opitutales|f__Puniceicoccaceae|g__Lentimonas|s__|ASV_4411","ColaDeBallena - EsteroZacatecas","k__Bacteria|p__Verrucomicrobiota|c__Verrucomicrobiia|o__Opitutales|f__Puniceicoccaceae|g__Lentimonas|s__|ASV_4411",0.189418325287752,0.286355894998979,0.169405272546866,0.245529745070381,0.286355894998979,"","ALDEx2_kw"
"k__Bacteria|p__Myxococcota|c__Myxococcia|o__Myxococcales|f__Myxococcaceae|g__P3OB-42|s__|ASV_15133","ColaDeBallena - EsteroZacatecas","k__Bacteria|p__Myxococcota|c__Myxococcia|o__Myxococcales|f__Myxococcaceae|g__P3OB-42|s__|ASV_15133",0.022300628169056,0.0719910825170331,0.0435486713018285,0.0811790290644859,0.0719910825170331,"","ALDEx2_kw"
"k__Bacteria|p__Pseudomonadota|c__Alphaproteobacteria|o__Sphingomonadales|f__Sphingomonadaceae|g__Croceibacterium|s__|ASV_5058","ColaDeBallena - EsteroZacatecas","k__Bacteria|p__Pseudomonadota|c__Alphaproteobacteria|o__Sphingomonadales|f__Sphingomonadaceae|g__Croceibacterium|s__|ASV_5058",0.191688408364998,0.298539864364808,0.151259488516437,0.23822715737039,0.298539864364808,"","ALDEx2_kw"
"k__Bacteria|p__Pseudomonadota|c__Gammaproteobacteria|o__Pseudomonadales|f__Spongiibacteraceae|g__|s__|ASV_8749","ColaDeBallena - EsteroZacatecas","k__Bacteria|p__Pseudomonadota|c__Gammaproteobacteria|o__Pseudomonadales|f__Spongiibacteraceae|g__|s__|ASV_8749",0.354069063800295,0.454632257913866,0.312762552080095,0.398988813567603,0.454632257913866,"","ALDEx2_kw"
"k__Bacteria|p__Actinomycetota|c__Actinobacteria|o__Nitriliruptorales|f__Nitriliruptoraceae|g__|s__|ASV_2318","ColaDeBallena - EsteroZacatecas","k__Bacteria|p__Actinomycetota|c__Actinobacteria|o__Nitriliruptorales|f__Nitriliruptoraceae|g__|s__|ASV_2318",0.51708776653384,0.621895334127233,0.491331491107434,0.588062455322147,0.621895334127233,"","ALDEx2_kw"
"k__Bacteria|p__Bacteroidota|c__Bacteroidia|o__Chitinophagales|f__Saprospiraceae|g__Lewinella|s__|ASV_11477","ColaDeBallena - EsteroZacatecas","k__Bacteria|p__Bacteroidota|c__Bacteroidia|o__Chitinophagales|f__Saprospiraceae|g__Lewinella|s__|ASV_11477",0.0612385189454161,0.138021911185613,0.0857661427635736,0.144558138046977,0.138021911185613,"","ALDEx2_kw"
"k__Bacteria|p__Bacteroidota|c__Bacteroidia|o__Cytophagales|f__Cyclobacteriaceae|g__Catalinimonas|s__|ASV_11134","ColaDeBallena - EsteroZacatecas","k__Bacteria|p__Bacteroidota|c__Bacteroidia|o__Cytophagales|f__Cyclobacteriaceae|g__Catalinimonas|s__|ASV_11134",0.0971549439019114,0.175002489345736,0.0605101828173728,0.113038153887137,0.175002489345736,"","ALDEx2_kw"
"k__Bacteria|p__Chloroflexota|c__Anaerolineae|o__Aggregatilineales|f__A4b|g__|s__|ASV_10198","ColaDeBallena - EsteroZacatecas","k__Bacteria|p__Chloroflexota|c__Anaerolineae|o__Aggregatilineales|f__A4b|g__|s__|ASV_10198",0.048702690724544,0.119551265301388,0.0894672380266557,0.151199409818575,0.119551265301388,"","ALDEx2_kw"
"k__Bacteria|p__Planctomycetota|c__Planctomycetes|o__Pirellulales|f__Pirellulaceae|g__Pir4_lineage|s__|ASV_7069","ColaDeBallena - EsteroZacatecas","k__Bacteria|p__Planctomycetota|c__Planctomycetes|o__Pirellulales|f__Pirellulaceae|g__Pir4_lineage|s__|ASV_7069",0.218447836212061,0.320993118512258,0.195943250591681,0.281642244851008,0.320993118512258,"","ALDEx2_kw"
"k__Bacteria|p__Pseudomonadota|c__Gammaproteobacteria|o__Pseudomonadales|f__Halieaceae|g__Parahaliea|s__|ASV_11483","ColaDeBallena - EsteroZacatecas","k__Bacteria|p__Pseudomonadota|c__Gammaproteobacteria|o__Pseudomonadales|f__Halieaceae|g__Parahaliea|s__|ASV_11483",0.134888521421325,0.21965012915471,0.0932748120775633,0.153948904401275,0.21965012915471,"","ALDEx2_kw"
"k__Bacteria|p__Thermodesulfobacteriota|c__Desulfobulbia|o__Desulfobulbales|f__Desulfobulbaceae|g__Candidatus_Electrothrix|s__|ASV_12765","ColaDeBallena - EsteroZacatecas","k__Bacteria|p__Thermodesulfobacteriota|c__Desulfobulbia|o__Desulfobulbales|f__Desulfobulbaceae|g__Candidatus_Electrothrix|s__|ASV_12765",0.344664588730024,0.452081899801338,0.316292046476386,0.41044048785347,0.452081899801338,"","ALDEx2_kw"
"k__Bacteria|p__Actinomycetota|c__Acidimicrobiia|o__Microtrichales|f__Ilumatobacteraceae|g__Ilumatobacter|s__|ASV_2799","ColaDeBallena - EsteroZacatecas","k__Bacteria|p__Actinomycetota|c__Acidimicrobiia|o__Microtrichales|f__Ilumatobacteraceae|g__Ilumatobacter|s__|ASV_2799",0.215677404461031,0.320256721107344,0.157098759614113,0.234458240380359,0.320256721107344,"","ALDEx2_kw"
"k__Bacteria|p__Bacteroidota|c__Bacteroidia|o__Cytophagales|f__Cyclobacteriaceae|g__Tunicatimonas|s__|ASV_7152","ColaDeBallena - EsteroZacatecas","k__Bacteria|p__Bacteroidota|c__Bacteroidia|o__Cytophagales|f__Cyclobacteriaceae|g__Tunicatimonas|s__|ASV_7152",0.508462977110666,0.61128001630108,0.485538760801945,0.588568460154286,0.61128001630108,"","ALDEx2_kw"
"k__Bacteria|p__Myxococcota|c__Polyangiia|o__Polyangiales|f__Sandaracinaceae|g__|s__|ASV_5363","ColaDeBallena - EsteroZacatecas","k__Bacteria|p__Myxococcota|c__Polyangiia|o__Polyangiales|f__Sandaracinaceae|g__|s__|ASV_5363",0.308599545693609,0.417821573502979,0.281404457674437,0.378431538231542,0.417821573502979,"","ALDEx2_kw"
"k__Bacteria|p__Pseudomonadota|c__Alphaproteobacteria|o__Rhodobacterales|f__Paracoccaceae|g__|s__|ASV_7164","ColaDeBallena - EsteroZacatecas","k__Bacteria|p__Pseudomonadota|c__Alphaproteobacteria|o__Rhodobacterales|f__Paracoccaceae|g__|s__|ASV_7164",0.200106003103643,0.30696412642598,0.170331992100956,0.258415399254665,0.30696412642598,"","ALDEx2_kw"
"k__Bacteria|p__Actinomycetota|c__Actinobacteria|o__Euzebyales|f__Euzebyaceae|g__|s__|ASV_796","ColaDeBallena - EsteroZacatecas","k__Bacteria|p__Actinomycetota|c__Actinobacteria|o__Euzebyales|f__Euzebyaceae|g__|s__|ASV_796",0.30678290967275,0.408699138635914,0.254098892283181,0.341214589464229,0.408699138635914,"","ALDEx2_kw"
"k__Bacteria|p__Bacteroidota|c__Bacteroidia|o__Bacteroidales|f__Prolixibacteraceae|g__|s__|ASV_5097","ColaDeBallena - EsteroZacatecas","k__Bacteria|p__Bacteroidota|c__Bacteroidia|o__Bacteroidales|f__Prolixibacteraceae|g__|s__|ASV_5097",0.000720550573536577,0.0108080796622869,0.00057101899884248,0.00375242343998937,0.0108080796622869,"*","ALDEx2_kw"
"k__Bacteria|p__Bdellovibrionota|c__Bdellovibrionia|o__Bdellovibrionales|f__Pseudobdellovibrionaceae|g__OM27_clade|s__|ASV_3144","ColaDeBallena - EsteroZacatecas","k__Bacteria|p__Bdellovibrionota|c__Bdellovibrionia|o__Bdellovibrionales|f__Pseudobdellovibrionaceae|g__OM27_clade|s__|ASV_3144",0.411900211510151,0.517967498272829,0.373983332860918,0.472522669294586,0.517967498272829,"","ALDEx2_kw"
"k__Bacteria|p__Cyanobacteriota|c__Cyanobacteriia|o__Phormidesmiales|f__Phormidesmiaceae|g__Phormidesmis_ANT.LACV5.1|s__|ASV_457","ColaDeBallena - EsteroZacatecas","k__Bacteria|p__Cyanobacteriota|c__Cyanobacteriia|o__Phormidesmiales|f__Phormidesmiaceae|g__Phormidesmis_ANT.LACV5.1|s__|ASV_457",0.245584272700014,0.347708853526192,0.217007436378149,0.302136741627718,0.347708853526192,"","ALDEx2_kw"
"k__Bacteria|p__Gemmatimonadota|c__Longimicrobiia|o__Longimicrobiales|f__Longimicrobiaceae|g__|s__|ASV_10767","ColaDeBallena - EsteroZacatecas","k__Bacteria|p__Gemmatimonadota|c__Longimicrobiia|o__Longimicrobiales|f__Longimicrobiaceae|g__|s__|ASV_10767",0.1938406327638,0.296145182773467,0.177388154362052,0.254127279372345,0.296145182773467,"","ALDEx2_kw"
"k__Bacteria|p__Pseudomonadota|c__Gammaproteobacteria|o__Pseudomonadales|f__Marinobacteraceae|g__Marinobacter|s__|ASV_2824","ColaDeBallena - EsteroZacatecas","k__Bacteria|p__Pseudomonadota|c__Gammaproteobacteria|o__Pseudomonadales|f__Marinobacteraceae|g__Marinobacter|s__|ASV_2824",0.157566316635979,0.249285502653152,0.120935342777839,0.187777136377338,0.249285502653152,"","ALDEx2_kw"
"k__Bacteria|p__Pseudomonadota|c__Gammaproteobacteria|o__Tenderiales|f__Tenderiaceae|g__Candidatus_Tenderia|s__|ASV_5531","ColaDeBallena - EsteroZacatecas","k__Bacteria|p__Pseudomonadota|c__Gammaproteobacteria|o__Tenderiales|f__Tenderiaceae|g__Candidatus_Tenderia|s__|ASV_5531",0.6605295792333,0.745161040829317,0.611278087331407,0.699876968118925,0.745161040829317,"","ALDEx2_kw"
"k__Bacteria|p__Actinomycetota|c__Acidimicrobiia|o__Microtrichales|f__Ilumatobacteraceae|g__Ilumatobacter|s__|ASV_2714","ColaDeBallena - EsteroZacatecas","k__Bacteria|p__Actinomycetota|c__Acidimicrobiia|o__Microtrichales|f__Ilumatobacteraceae|g__Ilumatobacter|s__|ASV_2714",0.345978613294757,0.451425456927135,0.245807274585937,0.341330080870492,0.451425456927135,"","ALDEx2_kw"
"k__Bacteria|p__Actinomycetota|c__Rubrobacteria|o__Rubrobacterales|f__Rubrobacteriaceae|g__Rubrobacter|s__|ASV_9121","ColaDeBallena - EsteroZacatecas","k__Bacteria|p__Actinomycetota|c__Rubrobacteria|o__Rubrobacterales|f__Rubrobacteriaceae|g__Rubrobacter|s__|ASV_9121",0.548437946438862,0.642625820529728,0.563178138501242,0.654296925623041,0.642625820529728,"","ALDEx2_kw"
"k__Bacteria|p__Bacillota|c__Bacilli|o__Bacillales|f__Bacillaceae|g__|s__|ASV_12228","ColaDeBallena - EsteroZacatecas","k__Bacteria|p__Bacillota|c__Bacilli|o__Bacillales|f__Bacillaceae|g__|s__|ASV_12228",0.464280203693811,0.560961627074351,0.395315650512823,0.482468784418925,0.560961627074351,"","ALDEx2_kw"
"k__Bacteria|p__Bacteroidota|c__Bacteroidia|o__Chitinophagales|f__Saprospiraceae|g__Lewinella|s__|ASV_203","ColaDeBallena - EsteroZacatecas","k__Bacteria|p__Bacteroidota|c__Bacteroidia|o__Chitinophagales|f__Saprospiraceae|g__Lewinella|s__|ASV_203",0.43703523413237,0.54149186279051,0.36322045669945,0.460370209805333,0.54149186279051,"","ALDEx2_kw"
"k__Bacteria|p__Bacteroidota|c__Bacteroidia|o__Flavobacteriales|f__Flavobacteriaceae|g__Polaribacter|s__|ASV_840","ColaDeBallena - EsteroZacatecas","k__Bacteria|p__Bacteroidota|c__Bacteroidia|o__Flavobacteriales|f__Flavobacteriaceae|g__Polaribacter|s__|ASV_840",0.182670656997491,0.286803283655805,0.138351274519194,0.219039609377872,0.286803283655805,"","ALDEx2_kw"
"k__Bacteria|p__Bacteroidota|c__Bacteroidia|o__Flavobacteriales|f__Flavobacteriaceae|g__|s__|ASV_12272","ColaDeBallena - EsteroZacatecas","k__Bacteria|p__Bacteroidota|c__Bacteroidia|o__Flavobacteriales|f__Flavobacteriaceae|g__|s__|ASV_12272",0.348988039645797,0.458300350807693,0.316525270038294,0.415032313889147,0.458300350807693,"","ALDEx2_kw"
"k__Bacteria|p__Pseudomonadota|c__Gammaproteobacteria|o__Pseudomonadales|f__Nitrincolaceae|g__Marinobacterium|s__|ASV_14523","ColaDeBallena - EsteroZacatecas","k__Bacteria|p__Pseudomonadota|c__Gammaproteobacteria|o__Pseudomonadales|f__Nitrincolaceae|g__Marinobacterium|s__|ASV_14523",0.0606048747343201,0.133778732133456,0.0453821416308191,0.0906857465261732,0.133778732133456,"","ALDEx2_kw"
"k__Bacteria|p__Thermodesulfobacteriota|c__Desulfobacteria|o__Desulfobacterales|f__Desulfosarcinaceae|g__Desulfosarcina|s__|ASV_9396","ColaDeBallena - EsteroZacatecas","k__Bacteria|p__Thermodesulfobacteriota|c__Desulfobacteria|o__Desulfobacterales|f__Desulfosarcinaceae|g__Desulfosarcina|s__|ASV_9396",0.241622551414451,0.357735806225802,0.285016538500717,0.385395093191672,0.357735806225802,"","ALDEx2_kw"
"k__Bacteria|p__Thermodesulfobacteriota|c__Desulfuromonadia|o__Desulfuromonadales|f__Sva1033|g__|s__|ASV_14710","ColaDeBallena - EsteroZacatecas","k__Bacteria|p__Thermodesulfobacteriota|c__Desulfuromonadia|o__Desulfuromonadales|f__Sva1033|g__|s__|ASV_14710",0.162903817559899,0.260093560510221,0.144177629138515,0.219539073217692,0.260093560510221,"","ALDEx2_kw"
"k__Bacteria|p__Acidobacteriota|c__Thermoanaerobaculia|o__Thermoanaerobaculales|f__Thermoanaerobaculaceae|g__Subgroup_10|s__|ASV_5652","ColaDeBallena - EsteroZacatecas","k__Bacteria|p__Acidobacteriota|c__Thermoanaerobaculia|o__Thermoanaerobaculales|f__Thermoanaerobaculaceae|g__Subgroup_10|s__|ASV_5652",0.112912492365268,0.208510170105633,0.0991217078482681,0.172699359340941,0.208510170105633,"","ALDEx2_kw"
"k__Bacteria|p__Actinomycetota|c__Actinobacteria|o__Nitriliruptorales|f__Nitriliruptoraceae|g__|s__|ASV_9152","ColaDeBallena - EsteroZacatecas","k__Bacteria|p__Actinomycetota|c__Actinobacteria|o__Nitriliruptorales|f__Nitriliruptoraceae|g__|s__|ASV_9152",0.456791445853658,0.560069012262654,0.41649686078934,0.516676775684216,0.560069012262654,"","ALDEx2_kw"
"k__Bacteria|p__Bacteroidota|c__Bacteroidia|o__Cytophagales|f__Cyclobacteriaceae|g__Fulvivirga|s__|ASV_5610","ColaDeBallena - EsteroZacatecas","k__Bacteria|p__Bacteroidota|c__Bacteroidia|o__Cytophagales|f__Cyclobacteriaceae|g__Fulvivirga|s__|ASV_5610",0.308796986561947,0.414364414732488,0.229756830862155,0.316130749451094,0.414364414732488,"","ALDEx2_kw"
"k__Bacteria|p__Cyanobacteriota|c__Cyanobacteriia|o__Cyanobacteriales|f__Xenococcaceae|g__Pleurocapsa_PCC-7319|s__|ASV_14705","ColaDeBallena - EsteroZacatecas","k__Bacteria|p__Cyanobacteriota|c__Cyanobacteriia|o__Cyanobacteriales|f__Xenococcaceae|g__Pleurocapsa_PCC-7319|s__|ASV_14705",0.0585558611394873,0.136525988800211,0.0762431835054679,0.139234317729828,0.136525988800211,"","ALDEx2_kw"
"k__Bacteria|p__Pseudomonadota|c__Gammaproteobacteria|o__Steroidobacterales|f__Woeseiaceae|g__Woeseia|s__|ASV_11864","ColaDeBallena - EsteroZacatecas","k__Bacteria|p__Pseudomonadota|c__Gammaproteobacteria|o__Steroidobacterales|f__Woeseiaceae|g__Woeseia|s__|ASV_11864",0.224177666575282,0.337385251267854,0.216727031380742,0.312435826986729,0.337385251267854,"","ALDEx2_kw"
"k__Bacteria|p__Acidobacteriota|c__Thermoanaerobaculia|o__Thermoanaerobaculales|f__Thermoanaerobaculaceae|g__Subgroup_10|s__|ASV_7687","ColaDeBallena - EsteroZacatecas","k__Bacteria|p__Acidobacteriota|c__Thermoanaerobaculia|o__Thermoanaerobaculales|f__Thermoanaerobaculaceae|g__Subgroup_10|s__|ASV_7687",0.556891577047106,0.653733384389631,0.540075973373948,0.632822315610008,0.653733384389631,"","ALDEx2_kw"
"k__Bacteria|p__Bacteroidota|c__Bacteroidia|o__Flavobacteriales|f__Flavobacteriaceae|g__|s__|ASV_2485","ColaDeBallena - EsteroZacatecas","k__Bacteria|p__Bacteroidota|c__Bacteroidia|o__Flavobacteriales|f__Flavobacteriaceae|g__|s__|ASV_2485",0.492583401338908,0.593176069873085,0.496195212751322,0.592658758869958,0.593176069873085,"","ALDEx2_kw"
"k__Bacteria|p__Cyanobacteriota|c__Cyanobacteriia|o__Synechococcales|f__Cyanobiaceae|g__|s__|ASV_1949","ColaDeBallena - EsteroZacatecas","k__Bacteria|p__Cyanobacteriota|c__Cyanobacteriia|o__Synechococcales|f__Cyanobiaceae|g__|s__|ASV_1949",0.0393999619029179,0.103909868835242,0.0453807262040057,0.093722318573421,0.103909868835242,"","ALDEx2_kw"
"k__Bacteria|p__Planctomycetota|c__Planctomycetes|o__Planctomycetales|f__Gimesiaceae|g__|s__|ASV_8146","ColaDeBallena - EsteroZacatecas","k__Bacteria|p__Planctomycetota|c__Planctomycetes|o__Planctomycetales|f__Gimesiaceae|g__|s__|ASV_8146",0.0567863829337924,0.130171920270453,0.0480091214069783,0.10060400224421,0.130171920270453,"","ALDEx2_kw"
"k__Bacteria|p__Pseudomonadota|c__Alphaproteobacteria|o__Sphingomonadales|f__Sphingomonadaceae|g__|s__|ASV_6085","ColaDeBallena - EsteroZacatecas","k__Bacteria|p__Pseudomonadota|c__Alphaproteobacteria|o__Sphingomonadales|f__Sphingomonadaceae|g__|s__|ASV_6085",0.278136269854024,0.397045485589197,0.331825259839743,0.433621373648795,0.397045485589197,"","ALDEx2_kw"
"k__Bacteria|p__Bacteroidota|c__Bacteroidia|o__Cytophagales|f__Cyclobacteriaceae|g__|s__|ASV_5050","ColaDeBallena - EsteroZacatecas","k__Bacteria|p__Bacteroidota|c__Bacteroidia|o__Cytophagales|f__Cyclobacteriaceae|g__|s__|ASV_5050",0.0232321653381259,0.0671500617370612,0.0210532535642764,0.0465940171374382,0.0671500617370612,"","ALDEx2_kw"
"k__Bacteria|p__Bacteroidota|c__Bacteroidia|o__Flavobacteriales|f__Flavobacteriaceae|g__Dokdonia|s__|ASV_14418","ColaDeBallena - EsteroZacatecas","k__Bacteria|p__Bacteroidota|c__Bacteroidia|o__Flavobacteriales|f__Flavobacteriaceae|g__Dokdonia|s__|ASV_14418",0.206763138311738,0.314047407015726,0.15865727736206,0.245312295384365,0.314047407015726,"","ALDEx2_kw"
"k__Bacteria|p__Chloroflexota|c__Anaerolineae|o__Aggregatilineales|f__A4b|g__|s__|ASV_14804","ColaDeBallena - EsteroZacatecas","k__Bacteria|p__Chloroflexota|c__Anaerolineae|o__Aggregatilineales|f__A4b|g__|s__|ASV_14804",0.352157012527954,0.460210629550472,0.250984934952373,0.346368815338998,0.460210629550472,"","ALDEx2_kw"
"k__Bacteria|p__Cyanobacteriota|c__Cyanobacteriia|o__Synechococcales|f__Cyanobiaceae|g__Synechococcus_MBIC10613|s__|ASV_12853","ColaDeBallena - EsteroZacatecas","k__Bacteria|p__Cyanobacteriota|c__Cyanobacteriia|o__Synechococcales|f__Cyanobiaceae|g__Synechococcus_MBIC10613|s__|ASV_12853",0.0341297288817781,0.0900916225082041,0.041249441837434,0.0824691595291953,0.0900916225082041,"","ALDEx2_kw"
"k__Bacteria|p__Pseudomonadota|c__Alphaproteobacteria|o__Rhodobacterales|f__Paracoccaceae|g__|s__|ASV_14570","ColaDeBallena - EsteroZacatecas","k__Bacteria|p__Pseudomonadota|c__Alphaproteobacteria|o__Rhodobacterales|f__Paracoccaceae|g__|s__|ASV_14570",0.583762874078698,0.676133102583334,0.611267763074825,0.69625298415634,0.676133102583334,"","ALDEx2_kw"
"k__Bacteria|p__Pseudomonadota|c__Gammaproteobacteria|o__Pseudomonadales|f__Marinomonadaceae|g__Marinomonas|s__|ASV_10506","ColaDeBallena - EsteroZacatecas","k__Bacteria|p__Pseudomonadota|c__Gammaproteobacteria|o__Pseudomonadales|f__Marinomonadaceae|g__Marinomonas|s__|ASV_10506",0.521641451092179,0.618378568686654,0.535237339154787,0.62700333425228,0.618378568686654,"","ALDEx2_kw"
"k__Bacteria|p__Thermodesulfobacteriota|c__Desulfobulbia|o__Desulfobulbales|f__Desulfocapsaceae|g__|s__|ASV_10438","ColaDeBallena - EsteroZacatecas","k__Bacteria|p__Thermodesulfobacteriota|c__Desulfobulbia|o__Desulfobulbales|f__Desulfocapsaceae|g__|s__|ASV_10438",0.342725089455553,0.445193293140181,0.307425358608466,0.392797267994083,0.445193293140181,"","ALDEx2_kw"
"k__Bacteria|p__Pseudomonadota|c__Alphaproteobacteria|o__Rhodobacterales|f__Paracoccaceae|g__|s__|ASV_14734","ColaDeBallena - EsteroZacatecas","k__Bacteria|p__Pseudomonadota|c__Alphaproteobacteria|o__Rhodobacterales|f__Paracoccaceae|g__|s__|ASV_14734",0.483514223582975,0.583311650185252,0.441200515282679,0.535541861943399,0.583311650185252,"","ALDEx2_kw"
"k__Bacteria|p__Pseudomonadota|c__Alphaproteobacteria|o__Sphingomonadales|f__Sphingomonadaceae|g__Aurantiacibacter|s__|ASV_5042","ColaDeBallena - EsteroZacatecas","k__Bacteria|p__Pseudomonadota|c__Alphaproteobacteria|o__Sphingomonadales|f__Sphingomonadaceae|g__Aurantiacibacter|s__|ASV_5042",0.247246236419809,0.346453632175222,0.193548893671478,0.275745531443873,0.346453632175222,"","ALDEx2_kw"
"k__Bacteria|p__Rhodothermota|c__Rhodothermia|o__Rhodothermales|f__Rhodothermaceae|g__Rubrivirga|s__|ASV_8705","ColaDeBallena - EsteroZacatecas","k__Bacteria|p__Rhodothermota|c__Rhodothermia|o__Rhodothermales|f__Rhodothermaceae|g__Rubrivirga|s__|ASV_8705",0.499173347258765,0.597039914679182,0.513951388590571,0.604536085816276,0.597039914679182,"","ALDEx2_kw"
"k__Bacteria|p__Bacteroidota|c__Bacteroidia|o__Chitinophagales|f__Saprospiraceae|g__|s__|ASV_9685","ColaDeBallena - EsteroZacatecas","k__Bacteria|p__Bacteroidota|c__Bacteroidia|o__Chitinophagales|f__Saprospiraceae|g__|s__|ASV_9685",0.532199251351509,0.631656778755502,0.530958706290843,0.628346302165043,0.631656778755502,"","ALDEx2_kw"
"k__Bacteria|p__Planctomycetota|c__Planctomycetes|o__Pirellulales|f__Pirellulaceae|g__Pir4_lineage|s__|ASV_4733","ColaDeBallena - EsteroZacatecas","k__Bacteria|p__Planctomycetota|c__Planctomycetes|o__Pirellulales|f__Pirellulaceae|g__Pir4_lineage|s__|ASV_4733",0.230305367371874,0.335518060169327,0.174517778887599,0.260697467690228,0.335518060169327,"","ALDEx2_kw"
"k__Bacteria|p__Pseudomonadota|c__Alphaproteobacteria|o__Caulobacterales|f__Hyphomonadaceae|g__Litorimonas|s__|ASV_15428","ColaDeBallena - EsteroZacatecas","k__Bacteria|p__Pseudomonadota|c__Alphaproteobacteria|o__Caulobacterales|f__Hyphomonadaceae|g__Litorimonas|s__|ASV_15428",0.74842846179987,0.81482340505795,0.606848034100291,0.696850271360732,0.81482340505795,"","ALDEx2_kw"
"k__Bacteria|p__Pseudomonadota|c__Alphaproteobacteria|o__Rhodobacterales|f__Paracoccaceae|g__|s__|ASV_1758","ColaDeBallena - EsteroZacatecas","k__Bacteria|p__Pseudomonadota|c__Alphaproteobacteria|o__Rhodobacterales|f__Paracoccaceae|g__|s__|ASV_1758",0.162319450343238,0.261897295526008,0.113597560873861,0.190475414715375,0.261897295526008,"","ALDEx2_kw"
"k__Bacteria|p__Rhodothermota|c__Rhodothermia|o__Rhodothermales|f__Rhodothermaceae|g__Rubricoccus|s__|ASV_925","ColaDeBallena - EsteroZacatecas","k__Bacteria|p__Rhodothermota|c__Rhodothermia|o__Rhodothermales|f__Rhodothermaceae|g__Rubricoccus|s__|ASV_925",0.163544726465267,0.259626288212393,0.146787390042085,0.220823744585638,0.259626288212393,"","ALDEx2_kw"
"k__Bacteria|p__Rhodothermota|c__Rhodothermia|o__Rhodothermales|f__Rhodothermaceae|g__|s__|ASV_13633","ColaDeBallena - EsteroZacatecas","k__Bacteria|p__Rhodothermota|c__Rhodothermia|o__Rhodothermales|f__Rhodothermaceae|g__|s__|ASV_13633",0.442145460719714,0.546937862968979,0.379199181851961,0.472330914196525,0.546937862968979,"","ALDEx2_kw"
"k__Bacteria|p__Cyanobacteriota|c__Cyanobacteriia|o__Phormidesmiales|f__Nodosilineaceae|g__|s__|ASV_119","ColaDeBallena - EsteroZacatecas","k__Bacteria|p__Cyanobacteriota|c__Cyanobacteriia|o__Phormidesmiales|f__Nodosilineaceae|g__|s__|ASV_119",0.116604294344955,0.211494699508681,0.153354349567472,0.234642685414003,0.211494699508681,"","ALDEx2_kw"
"k__Bacteria|p__Planctomycetota|c__Planctomycetes|o__Planctomycetales|f__Gimesiaceae|g__|s__|ASV_195","ColaDeBallena - EsteroZacatecas","k__Bacteria|p__Planctomycetota|c__Planctomycetes|o__Planctomycetales|f__Gimesiaceae|g__|s__|ASV_195",0.0780041820599846,0.159261865718105,0.0925489140271934,0.154326892698981,0.159261865718105,"","ALDEx2_kw"
"k__Bacteria|p__Pseudomonadota|c__Alphaproteobacteria|o__Rhodobacterales|f__Paracoccaceae|g__|s__|ASV_1545","ColaDeBallena - EsteroZacatecas","k__Bacteria|p__Pseudomonadota|c__Alphaproteobacteria|o__Rhodobacterales|f__Paracoccaceae|g__|s__|ASV_1545",0.445591854187896,0.546261311693283,0.367908282077334,0.461172632408824,0.546261311693283,"","ALDEx2_kw"
"k__Bacteria|p__Pseudomonadota|c__Gammaproteobacteria|o__Enterobacterales|f__Vibrionaceae|g__Vibrio|s__|ASV_13283","ColaDeBallena - EsteroZacatecas","k__Bacteria|p__Pseudomonadota|c__Gammaproteobacteria|o__Enterobacterales|f__Vibrionaceae|g__Vibrio|s__|ASV_13283",0.568909268553467,0.66584360115857,0.611331849911327,0.697392190004731,0.66584360115857,"","ALDEx2_kw"
"k__Bacteria|p__Rhodothermota|c__Rhodothermia|o__Rhodothermales|f__Rhodothermaceae|g__|s__|ASV_10821","ColaDeBallena - EsteroZacatecas","k__Bacteria|p__Rhodothermota|c__Rhodothermia|o__Rhodothermales|f__Rhodothermaceae|g__|s__|ASV_10821",0.00188771646975145,0.0178456700511425,0.00438405120565705,0.0147894563067917,0.0178456700511425,"*","ALDEx2_kw"
"k__Bacteria|p__Bacteroidota|c__Bacteroidia|o__Cytophagales|f__Cyclobacteriaceae|g__|s__|ASV_10933","ColaDeBallena - EsteroZacatecas","k__Bacteria|p__Bacteroidota|c__Bacteroidia|o__Cytophagales|f__Cyclobacteriaceae|g__|s__|ASV_10933",0.558469610895785,0.654848087095695,0.545549896432156,0.636558660841077,0.654848087095695,"","ALDEx2_kw"
"k__Bacteria|p__Bacteroidota|c__Bacteroidia|o__Cytophagales|f__Cyclobacteriaceae|g__|s__|ASV_15372","ColaDeBallena - EsteroZacatecas","k__Bacteria|p__Bacteroidota|c__Bacteroidia|o__Cytophagales|f__Cyclobacteriaceae|g__|s__|ASV_15372",0.230185563813559,0.345777935578358,0.242017161326308,0.340713127284964,0.345777935578358,"","ALDEx2_kw"
"k__Bacteria|p__Bacteroidota|c__Bacteroidia|o__Flavobacteriales|f__Flavobacteriaceae|g__Mesohalobacter|s__|ASV_1762","ColaDeBallena - EsteroZacatecas","k__Bacteria|p__Bacteroidota|c__Bacteroidia|o__Flavobacteriales|f__Flavobacteriaceae|g__Mesohalobacter|s__|ASV_1762",0.0245158490366962,0.0738564702574283,0.0480949140273723,0.0935359854820191,0.0738564702574283,"","ALDEx2_kw"
"k__Bacteria|p__Pseudomonadota|c__Gammaproteobacteria|o__Enterobacterales|f__Alteromonadaceae|g__Aestuariibacter|s__|ASV_5142","ColaDeBallena - EsteroZacatecas","k__Bacteria|p__Pseudomonadota|c__Gammaproteobacteria|o__Enterobacterales|f__Alteromonadaceae|g__Aestuariibacter|s__|ASV_5142",0.511224294148031,0.610297984752736,0.539186199127788,0.631381021785785,0.610297984752736,"","ALDEx2_kw"
"k__Bacteria|p__Bacteroidota|c__Bacteroidia|o__Flavobacteriales|f__Flavobacteriaceae|g__Flavimarina|s__|ASV_4287","ColaDeBallena - EsteroZacatecas","k__Bacteria|p__Bacteroidota|c__Bacteroidia|o__Flavobacteriales|f__Flavobacteriaceae|g__Flavimarina|s__|ASV_4287",0.474235610939108,0.575150525963867,0.39286323981232,0.487581518860365,0.575150525963867,"","ALDEx2_kw"
"k__Bacteria|p__Myxococcota|c__Polyangiia|o__Polyangiales|f__Sandaracinaceae|g__|s__|ASV_11195","ColaDeBallena - EsteroZacatecas","k__Bacteria|p__Myxococcota|c__Polyangiia|o__Polyangiales|f__Sandaracinaceae|g__|s__|ASV_11195",0.102446184973706,0.188591264892532,0.0642953472589407,0.123349890736274,0.188591264892532,"","ALDEx2_kw"
"k__Bacteria|p__Pseudomonadota|c__Gammaproteobacteria|o__Pseudomonadales|f__Saccharospirillaceae|g__Bermanella|s__|ASV_15002","ColaDeBallena - EsteroZacatecas","k__Bacteria|p__Pseudomonadota|c__Gammaproteobacteria|o__Pseudomonadales|f__Saccharospirillaceae|g__Bermanella|s__|ASV_15002",0.0450364551852968,0.110477934703803,0.0552988858869674,0.106314588008865,0.110477934703803,"","ALDEx2_kw"
"k__Bacteria|p__Bacteroidota|c__Bacteroidia|o__Chitinophagales|f__Saprospiraceae|g__|s__|ASV_4746","ColaDeBallena - EsteroZacatecas","k__Bacteria|p__Bacteroidota|c__Bacteroidia|o__Chitinophagales|f__Saprospiraceae|g__|s__|ASV_4746",0.251644649810577,0.358224261211716,0.229236994744247,0.320949252704618,0.358224261211716,"","ALDEx2_kw"
"k__Bacteria|p__Pseudomonadota|c__Alphaproteobacteria|o__Sphingomonadales|f__Sphingomonadaceae|g__Parasphingopyxis|s__|ASV_11051","ColaDeBallena - EsteroZacatecas","k__Bacteria|p__Pseudomonadota|c__Alphaproteobacteria|o__Sphingomonadales|f__Sphingomonadaceae|g__Parasphingopyxis|s__|ASV_11051",0.232847234992999,0.337500521175401,0.221004209554586,0.307426719425957,0.337500521175401,"","ALDEx2_kw"
"k__Bacteria|p__Actinomycetota|c__Acidimicrobiia|o__Microtrichales|f__Microtrichaceae|g__IMCC26207|s__|ASV_4676","ColaDeBallena - EsteroZacatecas","k__Bacteria|p__Actinomycetota|c__Acidimicrobiia|o__Microtrichales|f__Microtrichaceae|g__IMCC26207|s__|ASV_4676",0.454311953097834,0.565031303305861,0.481946309979674,0.582183507307129,0.565031303305861,"","ALDEx2_kw"
"k__Bacteria|p__Bacteroidota|c__Bacteroidia|o__Cytophagales|f__Cyclobacteriaceae|g__Marinoscillum|s__|ASV_10741","ColaDeBallena - EsteroZacatecas","k__Bacteria|p__Bacteroidota|c__Bacteroidia|o__Cytophagales|f__Cyclobacteriaceae|g__Marinoscillum|s__|ASV_10741",0.173271178327933,0.274660093276826,0.165587716142341,0.246388476754079,0.274660093276826,"","ALDEx2_kw"
"k__Bacteria|p__Bacteroidota|c__Bacteroidia|o__Cytophagales|f__Cyclobacteriaceae|g__Tunicatimonas|s__|ASV_9643","ColaDeBallena - EsteroZacatecas","k__Bacteria|p__Bacteroidota|c__Bacteroidia|o__Cytophagales|f__Cyclobacteriaceae|g__Tunicatimonas|s__|ASV_9643",0.535491133257661,0.631285770401579,0.512338650886045,0.610074311799839,0.631285770401579,"","ALDEx2_kw"
"k__Bacteria|p__Bacteroidota|c__Bacteroidia|o__Cytophagales|f__Mooreiaceae|g__Mooreia|s__|ASV_7766","ColaDeBallena - EsteroZacatecas","k__Bacteria|p__Bacteroidota|c__Bacteroidia|o__Cytophagales|f__Mooreiaceae|g__Mooreia|s__|ASV_7766",0.0221080807895323,0.0693123742542981,0.0227188300469632,0.0520929546863346,0.0693123742542981,"","ALDEx2_kw"
"k__Bacteria|p__Chloroflexota|c__Anaerolineae|o__Aggregatilineales|f__A4b|g__|s__|ASV_5951","ColaDeBallena - EsteroZacatecas","k__Bacteria|p__Chloroflexota|c__Anaerolineae|o__Aggregatilineales|f__A4b|g__|s__|ASV_5951",0.0215680945707462,0.0681313233229089,0.0209912399039147,0.0510579376535177,0.0681313233229089,"","ALDEx2_kw"
"k__Bacteria|p__Pseudomonadota|c__Gammaproteobacteria|o__Enterobacterales|f__Vibrionaceae|g__Vibrio|s__|ASV_12002","ColaDeBallena - EsteroZacatecas","k__Bacteria|p__Pseudomonadota|c__Gammaproteobacteria|o__Enterobacterales|f__Vibrionaceae|g__Vibrio|s__|ASV_12002",0.447956610443267,0.556467379160149,0.364820173440015,0.465259296555163,0.556467379160149,"","ALDEx2_kw"
"k__Bacteria|p__Actinomycetota|c__Actinobacteria|o__Propionibacteriales|f__Nocardioidaceae|g__Nocardioides|s__|ASV_2050","ColaDeBallena - EsteroZacatecas","k__Bacteria|p__Actinomycetota|c__Actinobacteria|o__Propionibacteriales|f__Nocardioidaceae|g__Nocardioides|s__|ASV_2050",0.114149435261611,0.202174643095079,0.0860230218236416,0.150731104350906,0.202174643095079,"","ALDEx2_kw"
"k__Bacteria|p__Cyanobacteriota|c__Cyanobacteriia|o__Phormidesmiales|f__Phormidesmiaceae|g__Phormidium_MBIC10003|s__|ASV_6321","ColaDeBallena - EsteroZacatecas","k__Bacteria|p__Cyanobacteriota|c__Cyanobacteriia|o__Phormidesmiales|f__Phormidesmiaceae|g__Phormidium_MBIC10003|s__|ASV_6321",0.0869191497763435,0.174188671059148,0.0930648507131274,0.159672132396794,0.174188671059148,"","ALDEx2_kw"
"k__Bacteria|p__Pseudomonadota|c__Alphaproteobacteria|o__Rhodobacterales|f__Paracoccaceae|g__Actibacterium|s__|ASV_14652","ColaDeBallena - EsteroZacatecas","k__Bacteria|p__Pseudomonadota|c__Alphaproteobacteria|o__Rhodobacterales|f__Paracoccaceae|g__Actibacterium|s__|ASV_14652",0.438104252600251,0.541315891136703,0.445587931171746,0.540482187999498,0.541315891136703,"","ALDEx2_kw"
"k__Bacteria|p__Pseudomonadota|c__Alphaproteobacteria|o__Rhodobacterales|f__Paracoccaceae|g__|s__|ASV_12790","ColaDeBallena - EsteroZacatecas","k__Bacteria|p__Pseudomonadota|c__Alphaproteobacteria|o__Rhodobacterales|f__Paracoccaceae|g__|s__|ASV_12790",0.376559978744634,0.478657976405567,0.2824452923641,0.380640166116989,0.478657976405567,"","ALDEx2_kw"
"k__Bacteria|p__Pseudomonadota|c__Alphaproteobacteria|o__Rhodobacterales|f__Paracoccaceae|g__|s__|ASV_15905","ColaDeBallena - EsteroZacatecas","k__Bacteria|p__Pseudomonadota|c__Alphaproteobacteria|o__Rhodobacterales|f__Paracoccaceae|g__|s__|ASV_15905",0.182237182766401,0.278249211829127,0.124093767072394,0.199247411026975,0.278249211829127,"","ALDEx2_kw"
"k__Bacteria|p__Pseudomonadota|c__Gammaproteobacteria|o__Chromatiales|f__Sedimenticolaceae|g__Candidatus_Thiodiazotropha|s__|ASV_13335","ColaDeBallena - EsteroZacatecas","k__Bacteria|p__Pseudomonadota|c__Gammaproteobacteria|o__Chromatiales|f__Sedimenticolaceae|g__Candidatus_Thiodiazotropha|s__|ASV_13335",0.538620593319059,0.635954810448729,0.545073370679375,0.637369001133533,0.635954810448729,"","ALDEx2_kw"
"k__Bacteria|p__Pseudomonadota|c__Gammaproteobacteria|o__Granulosicoccales|f__Granulosicoccaceae|g__Granulosicoccus|s__|ASV_2296","ColaDeBallena - EsteroZacatecas","k__Bacteria|p__Pseudomonadota|c__Gammaproteobacteria|o__Granulosicoccales|f__Granulosicoccaceae|g__Granulosicoccus|s__|ASV_2296",0.0170236128510108,0.0605762094990193,0.0317968563280107,0.0674283889854028,0.0605762094990193,"","ALDEx2_kw"
"k__Bacteria|p__Pseudomonadota|c__Gammaproteobacteria|o__Granulosicoccales|f__Granulosicoccaceae|g__Granulosicoccus|s__|ASV_5565","ColaDeBallena - EsteroZacatecas","k__Bacteria|p__Pseudomonadota|c__Gammaproteobacteria|o__Granulosicoccales|f__Granulosicoccaceae|g__Granulosicoccus|s__|ASV_5565",0.0504851761810521,0.120738306804655,0.0488290142166833,0.0973489938550066,0.120738306804655,"","ALDEx2_kw"
"k__Bacteria|p__Pseudomonadota|c__Gammaproteobacteria|o__Pseudomonadales|f__Cellvibrionaceae|g__|s__|ASV_1931","ColaDeBallena - EsteroZacatecas","k__Bacteria|p__Pseudomonadota|c__Gammaproteobacteria|o__Pseudomonadales|f__Cellvibrionaceae|g__|s__|ASV_1931",0.16714138140673,0.262899065988026,0.137488442042396,0.213359689008624,0.262899065988026,"","ALDEx2_kw"
"k__Bacteria|p__Thermodesulfobacteriota|c__Desulfobacteria|o__Desulfobacterales|f__Desulfosarcinaceae|g__Desulfosarcina|s__|ASV_14382","ColaDeBallena - EsteroZacatecas","k__Bacteria|p__Thermodesulfobacteriota|c__Desulfobacteria|o__Desulfobacterales|f__Desulfosarcinaceae|g__Desulfosarcina|s__|ASV_14382",0.240285915811892,0.346631307329895,0.220468700793554,0.312748880077449,0.346631307329895,"","ALDEx2_kw"
"k__Bacteria|p__Actinomycetota|c__Acidimicrobiia|o__Microtrichales|f__Microtrichaceae|g__|s__|ASV_11076","ColaDeBallena - EsteroZacatecas","k__Bacteria|p__Actinomycetota|c__Acidimicrobiia|o__Microtrichales|f__Microtrichaceae|g__|s__|ASV_11076",0.18946957090024,0.288287485518962,0.170987644579984,0.246570955747195,0.288287485518962,"","ALDEx2_kw"
"k__Bacteria|p__Actinomycetota|c__Actinobacteria|o__Propionibacteriales|f__Nocardioidaceae|g__Nocardioides|s__|ASV_8154","ColaDeBallena - EsteroZacatecas","k__Bacteria|p__Actinomycetota|c__Actinobacteria|o__Propionibacteriales|f__Nocardioidaceae|g__Nocardioides|s__|ASV_8154",0.524587907415623,0.628365804132481,0.557215084685646,0.651692586527521,0.628365804132481,"","ALDEx2_kw"
"k__Bacteria|p__Bacteroidota|c__Bacteroidia|o__Cytophagales|f__Cyclobacteriaceae|g__Fulvivirga|s__|ASV_11442","ColaDeBallena - EsteroZacatecas","k__Bacteria|p__Bacteroidota|c__Bacteroidia|o__Cytophagales|f__Cyclobacteriaceae|g__Fulvivirga|s__|ASV_11442",0.530085901745326,0.625442719533778,0.567086507091987,0.654424091725541,0.625442719533778,"","ALDEx2_kw"
"k__Bacteria|p__Bacteroidota|c__Bacteroidia|o__Cytophagales|f__Cyclobacteriaceae|g__|s__|ASV_13781","ColaDeBallena - EsteroZacatecas","k__Bacteria|p__Bacteroidota|c__Bacteroidia|o__Cytophagales|f__Cyclobacteriaceae|g__|s__|ASV_13781",0.430984564902421,0.535301462169892,0.367524289371122,0.461560619103952,0.535301462169892,"","ALDEx2_kw"
"k__Bacteria|p__Bacteroidota|c__Bacteroidia|o__Flavobacteriales|f__Crocinitomicaceae|g__Brumimicrobium|s__|ASV_4358","ColaDeBallena - EsteroZacatecas","k__Bacteria|p__Bacteroidota|c__Bacteroidia|o__Flavobacteriales|f__Crocinitomicaceae|g__Brumimicrobium|s__|ASV_4358",0.0168992066450639,0.0591339591408883,0.0249145116642832,0.0591658548239319,0.0591339591408883,"","ALDEx2_kw"
"k__Bacteria|p__Bacteroidota|c__Bacteroidia|o__Flavobacteriales|f__Flavobacteriaceae|g__Robiginitalea|s__|ASV_5224","ColaDeBallena - EsteroZacatecas","k__Bacteria|p__Bacteroidota|c__Bacteroidia|o__Flavobacteriales|f__Flavobacteriaceae|g__Robiginitalea|s__|ASV_5224",0.160187686027474,0.254493225355893,0.113387517866805,0.186344288295105,0.254493225355893,"","ALDEx2_kw"
"k__Bacteria|p__Campylobacterota|c__Campylobacteria|o__Campylobacterales|f__Sulfurovaceae|g__Sulfurovum|s__|ASV_15957","ColaDeBallena - EsteroZacatecas","k__Bacteria|p__Campylobacterota|c__Campylobacteria|o__Campylobacterales|f__Sulfurovaceae|g__Sulfurovum|s__|ASV_15957",0.256641051085069,0.360457019731181,0.19487930132052,0.281317879004941,0.360457019731181,"","ALDEx2_kw"
"k__Bacteria|p__Pseudomonadota|c__Gammaproteobacteria|o__Beggiatoales|f__Leucotrichaceae|g__|s__|ASV_11092","ColaDeBallena - EsteroZacatecas","k__Bacteria|p__Pseudomonadota|c__Gammaproteobacteria|o__Beggiatoales|f__Leucotrichaceae|g__|s__|ASV_11092",0.301704190775292,0.415433877705602,0.279003373441818,0.377206345465006,0.415433877705602,"","ALDEx2_kw"
"k__Bacteria|p__Pseudomonadota|c__Gammaproteobacteria|o__Steroidobacterales|f__Woeseiaceae|g__Woeseia|s__|ASV_2719","ColaDeBallena - EsteroZacatecas","k__Bacteria|p__Pseudomonadota|c__Gammaproteobacteria|o__Steroidobacterales|f__Woeseiaceae|g__Woeseia|s__|ASV_2719",0.278084581996228,0.386404253355679,0.263832032661326,0.353769201175405,0.386404253355679,"","ALDEx2_kw"
"k__Bacteria|p__Thermodesulfobacteriota|c__Desulfobacteria|o__Desulfobacterales|f__Desulfosarcinaceae|g__Sva0081_sediment_group|s__|ASV_14605","ColaDeBallena - EsteroZacatecas","k__Bacteria|p__Thermodesulfobacteriota|c__Desulfobacteria|o__Desulfobacterales|f__Desulfosarcinaceae|g__Sva0081_sediment_group|s__|ASV_14605",0.357116768000205,0.462150597976066,0.333406601003051,0.432926294630701,0.462150597976066,"","ALDEx2_kw"
"k__Bacteria|p__Acidobacteriota|c__Blastocatellia|o__Blastocatellales|f__Blastocatellaceae|g__Blastocatella|s__|ASV_6534","ColaDeBallena - EsteroZacatecas","k__Bacteria|p__Acidobacteriota|c__Blastocatellia|o__Blastocatellales|f__Blastocatellaceae|g__Blastocatella|s__|ASV_6534",0.512753714822494,0.611525056037473,0.508897122024096,0.603581028213964,0.611525056037473,"","ALDEx2_kw"
"k__Bacteria|p__Actinomycetota|c__Acidimicrobiia|o__Microtrichales|f__Ilumatobacteraceae|g__Ilumatobacter|s__|ASV_8504","ColaDeBallena - EsteroZacatecas","k__Bacteria|p__Actinomycetota|c__Acidimicrobiia|o__Microtrichales|f__Ilumatobacteraceae|g__Ilumatobacter|s__|ASV_8504",0.328625091496279,0.444040508000849,0.342638360177169,0.440306241982665,0.444040508000849,"","ALDEx2_kw"
"k__Bacteria|p__Bacteroidota|c__Bacteroidia|o__Chitinophagales|f__Saprospiraceae|g__Lewinella|s__|ASV_15371","ColaDeBallena - EsteroZacatecas","k__Bacteria|p__Bacteroidota|c__Bacteroidia|o__Chitinophagales|f__Saprospiraceae|g__Lewinella|s__|ASV_15371",0.222367099008072,0.328596838264055,0.226029747470926,0.311576820189239,0.328596838264055,"","ALDEx2_kw"
"k__Bacteria|p__Bacteroidota|c__Bacteroidia|o__Cytophagales|f__Cyclobacteriaceae|g__|s__|ASV_13336","ColaDeBallena - EsteroZacatecas","k__Bacteria|p__Bacteroidota|c__Bacteroidia|o__Cytophagales|f__Cyclobacteriaceae|g__|s__|ASV_13336",0.0250976215195216,0.0756788681347484,0.0225568835642998,0.0549207293678383,0.0756788681347484,"","ALDEx2_kw"
"k__Bacteria|p__Bacteroidota|c__Bacteroidia|o__Flavobacteriales|f__Flavobacteriaceae|g__Marinirhabdus|s__|ASV_13913","ColaDeBallena - EsteroZacatecas","k__Bacteria|p__Bacteroidota|c__Bacteroidia|o__Flavobacteriales|f__Flavobacteriaceae|g__Marinirhabdus|s__|ASV_13913",0.369392616658018,0.476509196753631,0.284742812433986,0.37780710086774,0.476509196753631,"","ALDEx2_kw"
"k__Bacteria|p__Planctomycetota|c__Planctomycetes|o__Pirellulales|f__Pirellulaceae|g__Rubripirellula|s__|ASV_7879","ColaDeBallena - EsteroZacatecas","k__Bacteria|p__Planctomycetota|c__Planctomycetes|o__Pirellulales|f__Pirellulaceae|g__Rubripirellula|s__|ASV_7879",0.468770839235154,0.576582901930305,0.506919878266109,0.604086646458772,0.576582901930305,"","ALDEx2_kw"
"k__Bacteria|p__Planctomycetota|c__Planctomycetes|o__Planctomycetales|f__Gimesiaceae|g__|s__|ASV_811","ColaDeBallena - EsteroZacatecas","k__Bacteria|p__Planctomycetota|c__Planctomycetes|o__Planctomycetales|f__Gimesiaceae|g__|s__|ASV_811",0.0527358534503768,0.116159577255257,0.0495437310778262,0.0924128530940891,0.116159577255257,"","ALDEx2_kw"
"k__Bacteria|p__Pseudomonadota|c__Alphaproteobacteria|o__Rhodobacterales|f__Paracoccaceae|g__Halovulum|s__|ASV_4059","ColaDeBallena - EsteroZacatecas","k__Bacteria|p__Pseudomonadota|c__Alphaproteobacteria|o__Rhodobacterales|f__Paracoccaceae|g__Halovulum|s__|ASV_4059",0.411770983772518,0.525792119015659,0.443494107434077,0.540278674874075,0.525792119015659,"","ALDEx2_kw"
"k__Bacteria|p__Spirochaetota|c__Spirochaetia|o__Spirochaetales|f__Spirochaetaceae|g__Sediminispirochaeta|s__|ASV_13757","ColaDeBallena - EsteroZacatecas","k__Bacteria|p__Spirochaetota|c__Spirochaetia|o__Spirochaetales|f__Spirochaetaceae|g__Sediminispirochaeta|s__|ASV_13757",0.111977670699106,0.198574287422891,0.0848543714976229,0.145660742443649,0.198574287422891,"","ALDEx2_kw"
"k__Bacteria|p__Cyanobacteriota|c__Cyanobacteriia|o__Cyanobacteriales|f__Microcystaceae|g__Cyanothece_ATCC_51142_(UCYN-C)|s__|ASV_6579","ColaDeBallena - EsteroZacatecas","k__Bacteria|p__Cyanobacteriota|c__Cyanobacteriia|o__Cyanobacteriales|f__Microcystaceae|g__Cyanothece_ATCC_51142_(UCYN-C)|s__|ASV_6579",0.0818628897266482,0.168689638132976,0.0923042602363217,0.158385517998776,0.168689638132976,"","ALDEx2_kw"
"k__Bacteria|p__Myxococcota|c__Polyangiia|o__Polyangiales|f__Sandaracinaceae|g__|s__|ASV_6621","ColaDeBallena - EsteroZacatecas","k__Bacteria|p__Myxococcota|c__Polyangiia|o__Polyangiales|f__Sandaracinaceae|g__|s__|ASV_6621",0.115398330259884,0.204467514463916,0.119501844611705,0.186666963257989,0.204467514463916,"","ALDEx2_kw"
"k__Bacteria|p__Planctomycetota|c__Planctomycetes|o__Pirellulales|f__Pirellulaceae|g__Bythopirellula|s__|ASV_2681","ColaDeBallena - EsteroZacatecas","k__Bacteria|p__Planctomycetota|c__Planctomycetes|o__Pirellulales|f__Pirellulaceae|g__Bythopirellula|s__|ASV_2681",0.130950787649598,0.23201756293078,0.12722315068406,0.211079358808,0.23201756293078,"","ALDEx2_kw"
"k__Bacteria|p__Pseudomonadota|c__Alphaproteobacteria|o__Hyphomicrobiales|f__Rhizobiaceae|g__|s__|ASV_12323","ColaDeBallena - EsteroZacatecas","k__Bacteria|p__Pseudomonadota|c__Alphaproteobacteria|o__Hyphomicrobiales|f__Rhizobiaceae|g__|s__|ASV_12323",0.36189093466813,0.471523601986993,0.24520035040091,0.34110602008935,0.471523601986993,"","ALDEx2_kw"
"k__Bacteria|p__Pseudomonadota|c__Alphaproteobacteria|o__Hyphomicrobiales|f__Rhizobiaceae|g__|s__|ASV_12868","ColaDeBallena - EsteroZacatecas","k__Bacteria|p__Pseudomonadota|c__Alphaproteobacteria|o__Hyphomicrobiales|f__Rhizobiaceae|g__|s__|ASV_12868",0.492706393574558,0.593713461451081,0.414271115861611,0.507921951065683,0.593713461451081,"","ALDEx2_kw"
"k__Bacteria|p__Pseudomonadota|c__Alphaproteobacteria|o__Rhodobacterales|f__Paracoccaceae|g__Maribius|s__|ASV_13147","ColaDeBallena - EsteroZacatecas","k__Bacteria|p__Pseudomonadota|c__Alphaproteobacteria|o__Rhodobacterales|f__Paracoccaceae|g__Maribius|s__|ASV_13147",0.374610989056113,0.477920452797547,0.310143059703223,0.402490957161887,0.477920452797547,"","ALDEx2_kw"
"k__Bacteria|p__Pseudomonadota|c__Gammaproteobacteria|o__Granulosicoccales|f__Granulosicoccaceae|g__Granulosicoccus|s__|ASV_13753","ColaDeBallena - EsteroZacatecas","k__Bacteria|p__Pseudomonadota|c__Gammaproteobacteria|o__Granulosicoccales|f__Granulosicoccaceae|g__Granulosicoccus|s__|ASV_13753",0.534426065905673,0.634252585489441,0.522699913901236,0.618380757685692,0.634252585489441,"","ALDEx2_kw"
"k__Bacteria|p__Pseudomonadota|c__Gammaproteobacteria|o__Pseudomonadales|f__Spongiibacteraceae|g__|s__|ASV_3004","ColaDeBallena - EsteroZacatecas","k__Bacteria|p__Pseudomonadota|c__Gammaproteobacteria|o__Pseudomonadales|f__Spongiibacteraceae|g__|s__|ASV_3004",0.150268653801912,0.240652915095811,0.107133175577455,0.177643065497329,0.240652915095811,"","ALDEx2_kw"
"k__Bacteria|p__Bacteroidota|c__Bacteroidia|o__Flavobacteriales|f__Flavobacteriaceae|g__Robiginitalea|s__|ASV_355","ColaDeBallena - EsteroZacatecas","k__Bacteria|p__Bacteroidota|c__Bacteroidia|o__Flavobacteriales|f__Flavobacteriaceae|g__Robiginitalea|s__|ASV_355",0.453326120025425,0.55471630882844,0.373839589266928,0.470198306685986,0.55471630882844,"","ALDEx2_kw"
"k__Bacteria|p__Dependentiae|c__Babeliae|o__Babeliales|f__Vermiphilaceae|g__|s__|ASV_7801","ColaDeBallena - EsteroZacatecas","k__Bacteria|p__Dependentiae|c__Babeliae|o__Babeliales|f__Vermiphilaceae|g__|s__|ASV_7801",0.432274184261544,0.529768254995489,0.420370813233448,0.507950346940528,0.529768254995489,"","ALDEx2_kw"
"k__Bacteria|p__Pseudomonadota|c__Alphaproteobacteria|o__Hyphomicrobiales|f__Rhodomicrobiaceae|g__Rhodomicrobium|s__|ASV_2124","ColaDeBallena - EsteroZacatecas","k__Bacteria|p__Pseudomonadota|c__Alphaproteobacteria|o__Hyphomicrobiales|f__Rhodomicrobiaceae|g__Rhodomicrobium|s__|ASV_2124",0.0429041414458458,0.107652229147186,0.0594394964970373,0.106407710197287,0.107652229147186,"","ALDEx2_kw"
"k__Bacteria|p__Pseudomonadota|c__Alphaproteobacteria|o__Rhodobacterales|f__Paracoccaceae|g__Palleronia-Pseudomaribius|s__|ASV_951","ColaDeBallena - EsteroZacatecas","k__Bacteria|p__Pseudomonadota|c__Alphaproteobacteria|o__Rhodobacterales|f__Paracoccaceae|g__Palleronia-Pseudomaribius|s__|ASV_951",0.201593565280646,0.306632688926291,0.169254941076474,0.250243431740921,0.306632688926291,"","ALDEx2_kw"
"k__Bacteria|p__Pseudomonadota|c__Alphaproteobacteria|o__Sphingomonadales|f__Sphingomonadaceae|g__Aurantiacibacter|s__|ASV_8699","ColaDeBallena - EsteroZacatecas","k__Bacteria|p__Pseudomonadota|c__Alphaproteobacteria|o__Sphingomonadales|f__Sphingomonadaceae|g__Aurantiacibacter|s__|ASV_8699",0.0944499136980276,0.177544509664687,0.0618151533522368,0.114184020167999,0.177544509664687,"","ALDEx2_kw"
"k__Bacteria|p__Pseudomonadota|c__Gammaproteobacteria|o__Chromatiales|f__Chromatiaceae|g__Halochromatium|s__|ASV_5260","ColaDeBallena - EsteroZacatecas","k__Bacteria|p__Pseudomonadota|c__Gammaproteobacteria|o__Chromatiales|f__Chromatiaceae|g__Halochromatium|s__|ASV_5260",0.107257183210822,0.193381225738732,0.125178188914927,0.190475192783029,0.193381225738732,"","ALDEx2_kw"
"k__Bacteria|p__Pseudomonadota|c__Gammaproteobacteria|o__Thiomicrospirales|f__Thiomicrospiraceae|g__endosymbionts|s__|ASV_10052","ColaDeBallena - EsteroZacatecas","k__Bacteria|p__Pseudomonadota|c__Gammaproteobacteria|o__Thiomicrospirales|f__Thiomicrospiraceae|g__endosymbionts|s__|ASV_10052",0.350116617421572,0.456892337475016,0.275307096363806,0.371374761674217,0.456892337475016,"","ALDEx2_kw"
"k__Bacteria|p__Bacteroidota|c__Bacteroidia|o__Flavobacteriales|f__Flavobacteriaceae|g__Hanstruepera|s__|ASV_2269","ColaDeBallena - EsteroZacatecas","k__Bacteria|p__Bacteroidota|c__Bacteroidia|o__Flavobacteriales|f__Flavobacteriaceae|g__Hanstruepera|s__|ASV_2269",0.492988311112758,0.597910429087829,0.474150704029809,0.567659345554255,0.597910429087829,"","ALDEx2_kw"
"k__Bacteria|p__Chloroflexota|c__Anaerolineae|o__Anaerolineales|f__Anaerolineaceae|g__|s__|ASV_14272","ColaDeBallena - EsteroZacatecas","k__Bacteria|p__Chloroflexota|c__Anaerolineae|o__Anaerolineales|f__Anaerolineaceae|g__|s__|ASV_14272",0.302417322639306,0.40249674391198,0.22217535202254,0.304300777573262,0.40249674391198,"","ALDEx2_kw"
"k__Bacteria|p__Cyanobacteriota|c__Cyanobacteriia|o__Cyanobacteriales|f__Xenococcaceae|g__Pleurocapsa_PCC-7319|s__|ASV_12101","ColaDeBallena - EsteroZacatecas","k__Bacteria|p__Cyanobacteriota|c__Cyanobacteriia|o__Cyanobacteriales|f__Xenococcaceae|g__Pleurocapsa_PCC-7319|s__|ASV_12101",0.186647809679429,0.285053718334263,0.175380495350526,0.253260707095348,0.285053718334263,"","ALDEx2_kw"
"k__Bacteria|p__Pseudomonadota|c__Alphaproteobacteria|o__Rhodobacterales|f__Paracoccaceae|g__Palleronia-Pseudomaribius|s__|ASV_11632","ColaDeBallena - EsteroZacatecas","k__Bacteria|p__Pseudomonadota|c__Alphaproteobacteria|o__Rhodobacterales|f__Paracoccaceae|g__Palleronia-Pseudomaribius|s__|ASV_11632",0.339415373937478,0.448290842244357,0.252928453922972,0.345812023954578,0.448290842244357,"","ALDEx2_kw"
"k__Bacteria|p__Pseudomonadota|c__Alphaproteobacteria|o__Rhodobacterales|f__Paracoccaceae|g__Silicimonas|s__|ASV_9670","ColaDeBallena - EsteroZacatecas","k__Bacteria|p__Pseudomonadota|c__Alphaproteobacteria|o__Rhodobacterales|f__Paracoccaceae|g__Silicimonas|s__|ASV_9670",0.333006312871259,0.439060598168694,0.315458057871773,0.411293062812579,0.439060598168694,"","ALDEx2_kw"
"k__Bacteria|p__Pseudomonadota|c__Gammaproteobacteria|o__Pseudomonadales|f__Alcanivoracaceae|g__Ketobacter|s__|ASV_7246","ColaDeBallena - EsteroZacatecas","k__Bacteria|p__Pseudomonadota|c__Gammaproteobacteria|o__Pseudomonadales|f__Alcanivoracaceae|g__Ketobacter|s__|ASV_7246",0.295308657795935,0.394317723749218,0.229379855305572,0.313840429242192,0.394317723749218,"","ALDEx2_kw"
"k__Bacteria|p__Acidobacteriota|c__Thermoanaerobaculia|o__Thermoanaerobaculales|f__Thermoanaerobaculaceae|g__Subgroup_10|s__|ASV_2228","ColaDeBallena - EsteroZacatecas","k__Bacteria|p__Acidobacteriota|c__Thermoanaerobaculia|o__Thermoanaerobaculales|f__Thermoanaerobaculaceae|g__Subgroup_10|s__|ASV_2228",0.375035757542683,0.480048455693832,0.269930381404966,0.367419400899292,0.480048455693832,"","ALDEx2_kw"
"k__Bacteria|p__Bacteroidota|c__Bacteroidia|o__Chitinophagales|f__Saprospiraceae|g__|s__|ASV_10691","ColaDeBallena - EsteroZacatecas","k__Bacteria|p__Bacteroidota|c__Bacteroidia|o__Chitinophagales|f__Saprospiraceae|g__|s__|ASV_10691",0.565171412417144,0.662397468378236,0.479978933217269,0.578488523561561,0.662397468378236,"","ALDEx2_kw"
"k__Bacteria|p__Bacteroidota|c__Bacteroidia|o__Chitinophagales|f__Saprospiraceae|g__|s__|ASV_11215","ColaDeBallena - EsteroZacatecas","k__Bacteria|p__Bacteroidota|c__Bacteroidia|o__Chitinophagales|f__Saprospiraceae|g__|s__|ASV_11215",0.349145942573888,0.454537918703235,0.275546262509825,0.363859981688149,0.454537918703235,"","ALDEx2_kw"
"k__Bacteria|p__Bacteroidota|c__Bacteroidia|o__Chitinophagales|f__Saprospiraceae|g__|s__|ASV_11900","ColaDeBallena - EsteroZacatecas","k__Bacteria|p__Bacteroidota|c__Bacteroidia|o__Chitinophagales|f__Saprospiraceae|g__|s__|ASV_11900",0.531614497799746,0.62504006498988,0.463512836408485,0.557824855145395,0.62504006498988,"","ALDEx2_kw"
"k__Bacteria|p__Chloroflexota|c__Anaerolineae|o__Aggregatilineales|f__Aggregatilineaceae|g__|s__|ASV_4295","ColaDeBallena - EsteroZacatecas","k__Bacteria|p__Chloroflexota|c__Anaerolineae|o__Aggregatilineales|f__Aggregatilineaceae|g__|s__|ASV_4295",0.684373819651282,0.766723176911955,0.631161862632988,0.717744174312353,0.766723176911955,"","ALDEx2_kw"
"k__Bacteria|p__Pseudomonadota|c__Alphaproteobacteria|o__Sphingomonadales|f__Sphingomonadaceae|g__Parasphingopyxis|s__|ASV_11607","ColaDeBallena - EsteroZacatecas","k__Bacteria|p__Pseudomonadota|c__Alphaproteobacteria|o__Sphingomonadales|f__Sphingomonadaceae|g__Parasphingopyxis|s__|ASV_11607",0.520889059450396,0.62409398400338,0.551895271392598,0.647094362426201,0.62409398400338,"","ALDEx2_kw"
"k__Bacteria|p__Pseudomonadota|c__Alphaproteobacteria|o__Sphingomonadales|f__Sphingomonadaceae|g__Qipengyuania|s__|ASV_3751","ColaDeBallena - EsteroZacatecas","k__Bacteria|p__Pseudomonadota|c__Alphaproteobacteria|o__Sphingomonadales|f__Sphingomonadaceae|g__Qipengyuania|s__|ASV_3751",0.522548078319244,0.617675653413627,0.465310695801682,0.55788918994379,0.617675653413627,"","ALDEx2_kw"
"k__Bacteria|p__Pseudomonadota|c__Alphaproteobacteria|o__Sphingomonadales|f__Sphingomonadaceae|g__|s__|ASV_4187","ColaDeBallena - EsteroZacatecas","k__Bacteria|p__Pseudomonadota|c__Alphaproteobacteria|o__Sphingomonadales|f__Sphingomonadaceae|g__|s__|ASV_4187",0.0206742543900837,0.0643205197608569,0.0241860844005086,0.0554122717235451,0.0643205197608569,"","ALDEx2_kw"
"k__Bacteria|p__Verrucomicrobiota|c__Verrucomicrobiia|o__Verrucomicrobiales|f__Rubritaleaceae|g__DBS1|s__|ASV_11128","ColaDeBallena - EsteroZacatecas","k__Bacteria|p__Verrucomicrobiota|c__Verrucomicrobiia|o__Verrucomicrobiales|f__Rubritaleaceae|g__DBS1|s__|ASV_11128",0.41973286838659,0.521610619534634,0.317317712457559,0.411839176395377,0.521610619534634,"","ALDEx2_kw"
"k__Bacteria|p__Bacteroidota|c__Bacteroidia|o__Cytophagales|f__Cyclobacteriaceae|g__Tunicatimonas|s__|ASV_8575","ColaDeBallena - EsteroZacatecas","k__Bacteria|p__Bacteroidota|c__Bacteroidia|o__Cytophagales|f__Cyclobacteriaceae|g__Tunicatimonas|s__|ASV_8575",0.521736900294047,0.620621274679636,0.531978367030353,0.624707838748006,0.620621274679636,"","ALDEx2_kw"
"k__Bacteria|p__Cyanobacteriota|c__Cyanobacteriia|o__Cyanobacteriales|f__Nostocaceae|g__Rivularia_PCC-7116|s__|ASV_10483","ColaDeBallena - EsteroZacatecas","k__Bacteria|p__Cyanobacteriota|c__Cyanobacteriia|o__Cyanobacteriales|f__Nostocaceae|g__Rivularia_PCC-7116|s__|ASV_10483",0.531892343863593,0.625569243475526,0.457851595079578,0.554952584254205,0.625569243475526,"","ALDEx2_kw"
"k__Bacteria|p__Myxococcota|c__Polyangiia|o__Polyangiales|f__Sandaracinaceae|g__|s__|ASV_414","ColaDeBallena - EsteroZacatecas","k__Bacteria|p__Myxococcota|c__Polyangiia|o__Polyangiales|f__Sandaracinaceae|g__|s__|ASV_414",0.499257182114197,0.601228828832231,0.497114972453676,0.59338369484751,0.601228828832231,"","ALDEx2_kw"
"k__Bacteria|p__Verrucomicrobiota|c__Verrucomicrobiia|o__Verrucomicrobiales|f__Rubritaleaceae|g__Haloferula|s__|ASV_12612","ColaDeBallena - EsteroZacatecas","k__Bacteria|p__Verrucomicrobiota|c__Verrucomicrobiia|o__Verrucomicrobiales|f__Rubritaleaceae|g__Haloferula|s__|ASV_12612",0.0903095465999021,0.170553741616896,0.0701361125320305,0.121572748849281,0.170553741616896,"","ALDEx2_kw"
"k__Bacteria|p__Verrucomicrobiota|c__Verrucomicrobiia|o__Verrucomicrobiales|f__Rubritaleaceae|g__Roseibacillus|s__|ASV_9177","ColaDeBallena - EsteroZacatecas","k__Bacteria|p__Verrucomicrobiota|c__Verrucomicrobiia|o__Verrucomicrobiales|f__Rubritaleaceae|g__Roseibacillus|s__|ASV_9177",0.11221724930335,0.204385757586075,0.107319109627098,0.177796805720255,0.204385757586075,"","ALDEx2_kw"
"k__Bacteria|p__Cyanobacteriota|c__Cyanobacteriia|o__Cyanobacteriales|f__Xenococcaceae|g__Pleurocapsa_PCC-7319|s__|ASV_1835","ColaDeBallena - EsteroZacatecas","k__Bacteria|p__Cyanobacteriota|c__Cyanobacteriia|o__Cyanobacteriales|f__Xenococcaceae|g__Pleurocapsa_PCC-7319|s__|ASV_1835",0.54582034759333,0.648116617516511,0.543911772273294,0.641487037867601,0.648116617516511,"","ALDEx2_kw"
"k__Bacteria|p__Gemmatimonadota|c__Longimicrobiia|o__Longimicrobiales|f__Longimicrobiaceae|g__|s__|ASV_10835","ColaDeBallena - EsteroZacatecas","k__Bacteria|p__Gemmatimonadota|c__Longimicrobiia|o__Longimicrobiales|f__Longimicrobiaceae|g__|s__|ASV_10835",0.518087336730945,0.617498175379196,0.501946549709432,0.591798382013337,0.617498175379196,"","ALDEx2_kw"
"k__Bacteria|p__Planctomycetota|c__Planctomycetes|o__Pirellulales|f__Pirellulaceae|g__|s__|ASV_9318","ColaDeBallena - EsteroZacatecas","k__Bacteria|p__Planctomycetota|c__Planctomycetes|o__Pirellulales|f__Pirellulaceae|g__|s__|ASV_9318",0.324853681854744,0.432050246869076,0.286802904393453,0.377130422063108,0.432050246869076,"","ALDEx2_kw"
"k__Bacteria|p__Pseudomonadota|c__Alphaproteobacteria|o__Rhodobacterales|f__Paracoccaceae|g__Palleronia-Pseudomaribius|s__|ASV_11182","ColaDeBallena - EsteroZacatecas","k__Bacteria|p__Pseudomonadota|c__Alphaproteobacteria|o__Rhodobacterales|f__Paracoccaceae|g__Palleronia-Pseudomaribius|s__|ASV_11182",0.540302400136142,0.633613923147014,0.472540008201317,0.561290606706018,0.633613923147014,"","ALDEx2_kw"
"k__Bacteria|p__Rhodothermota|c__Rhodothermia|o__Rhodothermales|f__Rhodothermaceae|g__|s__|ASV_2738","ColaDeBallena - EsteroZacatecas","k__Bacteria|p__Rhodothermota|c__Rhodothermia|o__Rhodothermales|f__Rhodothermaceae|g__|s__|ASV_2738",0.0406630916624589,0.101718631127481,0.0405151699938788,0.0809672538645183,0.101718631127481,"","ALDEx2_kw"
"k__Bacteria|p__Bacteroidota|c__Bacteroidia|o__Chitinophagales|f__Saprospiraceae|g__|s__|ASV_8127","ColaDeBallena - EsteroZacatecas","k__Bacteria|p__Bacteroidota|c__Bacteroidia|o__Chitinophagales|f__Saprospiraceae|g__|s__|ASV_8127",0.00333663952895921,0.0230872004898404,0.0152843827528841,0.0329816924439933,0.0230872004898404,"*","ALDEx2_kw"
"k__Bacteria|p__Bacteroidota|c__Bacteroidia|o__Chitinophagales|f__Saprospiraceae|g__|s__|ASV_9393","ColaDeBallena - EsteroZacatecas","k__Bacteria|p__Bacteroidota|c__Bacteroidia|o__Chitinophagales|f__Saprospiraceae|g__|s__|ASV_9393",0.32983586602221,0.434138989484739,0.299331200900695,0.388716983436408,0.434138989484739,"","ALDEx2_kw"
"k__Bacteria|p__Bacteroidota|c__Bacteroidia|o__Cytophagales|f__Flammeovirgaceae|g__Rapidithrix|s__|ASV_7182","ColaDeBallena - EsteroZacatecas","k__Bacteria|p__Bacteroidota|c__Bacteroidia|o__Cytophagales|f__Flammeovirgaceae|g__Rapidithrix|s__|ASV_7182",0.348835276238541,0.456162012821064,0.2906240079594,0.378467222056211,0.456162012821064,"","ALDEx2_kw"
"k__Bacteria|p__Myxococcota|c__Polyangiia|o__Polyangiales|f__Sandaracinaceae|g__|s__|ASV_7560","ColaDeBallena - EsteroZacatecas","k__Bacteria|p__Myxococcota|c__Polyangiia|o__Polyangiales|f__Sandaracinaceae|g__|s__|ASV_7560",0.0966978666818438,0.174259978677052,0.0754145306841409,0.131039997378351,0.174259978677052,"","ALDEx2_kw"
"k__Bacteria|p__Pseudomonadota|c__Alphaproteobacteria|o__Rhodobacterales|f__Paracoccaceae|g__Jannaschia|s__|ASV_4456","ColaDeBallena - EsteroZacatecas","k__Bacteria|p__Pseudomonadota|c__Alphaproteobacteria|o__Rhodobacterales|f__Paracoccaceae|g__Jannaschia|s__|ASV_4456",0.435358575896347,0.534014615128034,0.360695221987622,0.452019854673144,0.534014615128034,"","ALDEx2_kw"
"k__Bacteria|p__Pseudomonadota|c__Gammaproteobacteria|o__Enterobacterales|f__Alteromonadaceae|g__|s__|ASV_5959","ColaDeBallena - EsteroZacatecas","k__Bacteria|p__Pseudomonadota|c__Gammaproteobacteria|o__Enterobacterales|f__Alteromonadaceae|g__|s__|ASV_5959",0.427696430239119,0.535484887599608,0.370029971744209,0.469555508670272,0.535484887599608,"","ALDEx2_kw"
"k__Bacteria|p__Pseudomonadota|c__Gammaproteobacteria|o__Pseudomonadales|f__Cellvibrionaceae|g__|s__|ASV_13000","ColaDeBallena - EsteroZacatecas","k__Bacteria|p__Pseudomonadota|c__Gammaproteobacteria|o__Pseudomonadales|f__Cellvibrionaceae|g__|s__|ASV_13000",0.156112244080104,0.25469949506941,0.106239001227261,0.181630881732475,0.25469949506941,"","ALDEx2_kw"
"k__Bacteria|p__Actinomycetota|c__Acidimicrobiia|o__Microtrichales|f__Ilumatobacteraceae|g__Ilumatobacter|s__|ASV_13508","ColaDeBallena - EsteroZacatecas","k__Bacteria|p__Actinomycetota|c__Acidimicrobiia|o__Microtrichales|f__Ilumatobacteraceae|g__Ilumatobacter|s__|ASV_13508",0.495168655266476,0.59377042643248,0.454762129969939,0.546188449703745,0.59377042643248,"","ALDEx2_kw"
"k__Bacteria|p__Actinomycetota|c__Actinobacteria|o__Nitriliruptorales|f__Nitriliruptoraceae|g__|s__|ASV_15496","ColaDeBallena - EsteroZacatecas","k__Bacteria|p__Actinomycetota|c__Actinobacteria|o__Nitriliruptorales|f__Nitriliruptoraceae|g__|s__|ASV_15496",0.0950870692461329,0.182516148931501,0.062547405473176,0.121928259563228,0.182516148931501,"","ALDEx2_kw"
"k__Bacteria|p__Bacteroidota|c__Bacteroidia|o__Flavobacteriales|f__Flavobacteriaceae|g__Maribacter|s__|ASV_12000","ColaDeBallena - EsteroZacatecas","k__Bacteria|p__Bacteroidota|c__Bacteroidia|o__Flavobacteriales|f__Flavobacteriaceae|g__Maribacter|s__|ASV_12000",0.661858186889196,0.74392038006127,0.607863751690564,0.697514405927399,0.74392038006127,"","ALDEx2_kw"
"k__Bacteria|p__Chloroflexota|c__Anaerolineae|o__Ardenticatenales|f__Ardenticatenaceae|g__|s__|ASV_14123","ColaDeBallena - EsteroZacatecas","k__Bacteria|p__Chloroflexota|c__Anaerolineae|o__Ardenticatenales|f__Ardenticatenaceae|g__|s__|ASV_14123",0.290556303427628,0.397380991200804,0.206179642149458,0.295832213256486,0.397380991200804,"","ALDEx2_kw"
"k__Bacteria|p__Pseudomonadota|c__Alphaproteobacteria|o__Hyphomicrobiales|f__Rhizobiaceae|g__Martelella|s__|ASV_7223","ColaDeBallena - EsteroZacatecas","k__Bacteria|p__Pseudomonadota|c__Alphaproteobacteria|o__Hyphomicrobiales|f__Rhizobiaceae|g__Martelella|s__|ASV_7223",0.54935825071337,0.639430495255145,0.556142074525762,0.644992062412151,0.639430495255145,"","ALDEx2_kw"
"k__Bacteria|p__Pseudomonadota|c__Alphaproteobacteria|o__Rhodobacterales|f__Paracoccaceae|g__Limibaculum|s__|ASV_1152","ColaDeBallena - EsteroZacatecas","k__Bacteria|p__Pseudomonadota|c__Alphaproteobacteria|o__Rhodobacterales|f__Paracoccaceae|g__Limibaculum|s__|ASV_1152",0.106503245948423,0.202144167306906,0.10887620414251,0.180680218382818,0.202144167306906,"","ALDEx2_kw"
"k__Bacteria|p__Pseudomonadota|c__Alphaproteobacteria|o__Rhodobacterales|f__Paracoccaceae|g__Marivita|s__|ASV_7068","ColaDeBallena - EsteroZacatecas","k__Bacteria|p__Pseudomonadota|c__Alphaproteobacteria|o__Rhodobacterales|f__Paracoccaceae|g__Marivita|s__|ASV_7068",0.201667927248228,0.311077047469162,0.170603653847997,0.256017415653076,0.311077047469162,"","ALDEx2_kw"
"k__Bacteria|p__Pseudomonadota|c__Alphaproteobacteria|o__Sphingomonadales|f__Sphingomonadaceae|g__Croceicoccus|s__|ASV_6402","ColaDeBallena - EsteroZacatecas","k__Bacteria|p__Pseudomonadota|c__Alphaproteobacteria|o__Sphingomonadales|f__Sphingomonadaceae|g__Croceicoccus|s__|ASV_6402",0.258511224265876,0.364681975110667,0.235711634758569,0.327863078065702,0.364681975110667,"","ALDEx2_kw"
"k__Bacteria|p__Pseudomonadota|c__Gammaproteobacteria|o__Steroidobacterales|f__Woeseiaceae|g__Woeseia|s__|ASV_2639","ColaDeBallena - EsteroZacatecas","k__Bacteria|p__Pseudomonadota|c__Gammaproteobacteria|o__Steroidobacterales|f__Woeseiaceae|g__Woeseia|s__|ASV_2639",0.198522531780888,0.295937810493117,0.15112788839948,0.22854378467142,0.295937810493117,"","ALDEx2_kw"
"k__Bacteria|p__Acidobacteriota|c__Thermoanaerobaculia|o__Thermoanaerobaculales|f__Thermoanaerobaculaceae|g__Subgroup_10|s__|ASV_13832","ColaDeBallena - EsteroZacatecas","k__Bacteria|p__Acidobacteriota|c__Thermoanaerobaculia|o__Thermoanaerobaculales|f__Thermoanaerobaculaceae|g__Subgroup_10|s__|ASV_13832",0.0852392690862168,0.166618784218478,0.106939492687183,0.168224259666847,0.166618784218478,"","ALDEx2_kw"
"k__Bacteria|p__Pseudomonadota|c__Alphaproteobacteria|o__Rhodobacterales|f__Paracoccaceae|g__|s__|ASV_4861","ColaDeBallena - EsteroZacatecas","k__Bacteria|p__Pseudomonadota|c__Alphaproteobacteria|o__Rhodobacterales|f__Paracoccaceae|g__|s__|ASV_4861",0.5345585865083,0.630015742888161,0.47243223678361,0.564598292137868,0.630015742888161,"","ALDEx2_kw"
"k__Bacteria|p__Pseudomonadota|c__Gammaproteobacteria|o__Enterobacterales|f__Vibrionaceae|g__Vibrio|s__|ASV_6980","ColaDeBallena - EsteroZacatecas","k__Bacteria|p__Pseudomonadota|c__Gammaproteobacteria|o__Enterobacterales|f__Vibrionaceae|g__Vibrio|s__|ASV_6980",0.332423909482967,0.433790292833236,0.288260944763303,0.3751131606234,0.433790292833236,"","ALDEx2_kw"
"k__Bacteria|p__Pseudomonadota|c__Gammaproteobacteria|o__Pseudomonadales|f__Halieaceae|g__|s__|ASV_15846","ColaDeBallena - EsteroZacatecas","k__Bacteria|p__Pseudomonadota|c__Gammaproteobacteria|o__Pseudomonadales|f__Halieaceae|g__|s__|ASV_15846",0.0913671538906337,0.169332071260352,0.0745226038026684,0.131444270301391,0.169332071260352,"","ALDEx2_kw"
"k__Bacteria|p__Pseudomonadota|c__Gammaproteobacteria|o__Pseudomonadales|f__KI89A_clade|g__|s__|ASV_5556","ColaDeBallena - EsteroZacatecas","k__Bacteria|p__Pseudomonadota|c__Gammaproteobacteria|o__Pseudomonadales|f__KI89A_clade|g__|s__|ASV_5556",0.168741229091173,0.267598206257046,0.122563052422807,0.196504540769741,0.267598206257046,"","ALDEx2_kw"
"k__Bacteria|p__Bacteroidota|c__Bacteroidia|o__Chitinophagales|f__Saprospiraceae|g__|s__|ASV_1449","ColaDeBallena - EsteroZacatecas","k__Bacteria|p__Bacteroidota|c__Bacteroidia|o__Chitinophagales|f__Saprospiraceae|g__|s__|ASV_1449",0.013573125961908,0.0522917813000456,0.0311123758393767,0.0677072845810086,0.0522917813000456,"","ALDEx2_kw"
"k__Bacteria|p__Chloroflexota|c__Anaerolineae|o__Anaerolineales|f__Anaerolineaceae|g__|s__|ASV_3608","ColaDeBallena - EsteroZacatecas","k__Bacteria|p__Chloroflexota|c__Anaerolineae|o__Anaerolineales|f__Anaerolineaceae|g__|s__|ASV_3608",0.180157390295501,0.276063945247145,0.147725090363152,0.224054968763424,0.276063945247145,"","ALDEx2_kw"
"k__Bacteria|p__Gemmatimonadota|c__Longimicrobiia|o__Longimicrobiales|f__Longimicrobiaceae|g__YC-ZSS-LKJ147|s__|ASV_8187","ColaDeBallena - EsteroZacatecas","k__Bacteria|p__Gemmatimonadota|c__Longimicrobiia|o__Longimicrobiales|f__Longimicrobiaceae|g__YC-ZSS-LKJ147|s__|ASV_8187",0.237235889367152,0.343171978083054,0.17944326224359,0.261829565059092,0.343171978083054,"","ALDEx2_kw"
"k__Bacteria|p__Pseudomonadota|c__Alphaproteobacteria|o__Rhodobacterales|f__Paracoccaceae|g__|s__|ASV_1438","ColaDeBallena - EsteroZacatecas","k__Bacteria|p__Pseudomonadota|c__Alphaproteobacteria|o__Rhodobacterales|f__Paracoccaceae|g__|s__|ASV_1438",0.109608594700826,0.197712850449845,0.0853148739546898,0.148840992817433,0.197712850449845,"","ALDEx2_kw"
"k__Bacteria|p__Pseudomonadota|c__Alphaproteobacteria|o__|f__Neomegalonemataceae|g__Acuticoccus|s__|ASV_15879","ColaDeBallena - EsteroZacatecas","k__Bacteria|p__Pseudomonadota|c__Alphaproteobacteria|o__|f__Neomegalonemataceae|g__Acuticoccus|s__|ASV_15879",0.201025878772458,0.294685303965569,0.152388197792964,0.225453499450179,0.294685303965569,"","ALDEx2_kw"
"k__Bacteria|p__Pseudomonadota|c__Gammaproteobacteria|o__Pseudomonadales|f__Cellvibrionaceae|g__|s__|ASV_5036","ColaDeBallena - EsteroZacatecas","k__Bacteria|p__Pseudomonadota|c__Gammaproteobacteria|o__Pseudomonadales|f__Cellvibrionaceae|g__|s__|ASV_5036",0.478579271827811,0.582101983980001,0.43550723153019,0.531877159059462,0.582101983980001,"","ALDEx2_kw"
"k__Bacteria|p__Pseudomonadota|c__Gammaproteobacteria|o__Pseudomonadales|f__Microbulbiferaceae|g__Microbulbifer|s__|ASV_10385","ColaDeBallena - EsteroZacatecas","k__Bacteria|p__Pseudomonadota|c__Gammaproteobacteria|o__Pseudomonadales|f__Microbulbiferaceae|g__Microbulbifer|s__|ASV_10385",0.532903502586998,0.626440626008927,0.51856795534151,0.612401206888512,0.626440626008927,"","ALDEx2_kw"
"k__Bacteria|p__Acidobacteriota|c__Thermoanaerobaculia|o__Thermoanaerobaculales|f__Thermoanaerobaculaceae|g__Subgroup_10|s__|ASV_4632","ColaDeBallena - EsteroZacatecas","k__Bacteria|p__Acidobacteriota|c__Thermoanaerobaculia|o__Thermoanaerobaculales|f__Thermoanaerobaculaceae|g__Subgroup_10|s__|ASV_4632",0.402350645130128,0.516156745070345,0.392428444573776,0.493548121136768,0.516156745070345,"","ALDEx2_kw"
"k__Bacteria|p__Pseudomonadota|c__Alphaproteobacteria|o__Sphingomonadales|f__Sphingomonadaceae|g__|s__|ASV_8973","ColaDeBallena - EsteroZacatecas","k__Bacteria|p__Pseudomonadota|c__Alphaproteobacteria|o__Sphingomonadales|f__Sphingomonadaceae|g__|s__|ASV_8973",0.363146302543139,0.469840577531645,0.301103634391802,0.391660884514279,0.469840577531645,"","ALDEx2_kw"
"k__Bacteria|p__Pseudomonadota|c__Gammaproteobacteria|o__Pseudomonadales|f__Halieaceae|g__Parahaliea|s__|ASV_9065","ColaDeBallena - EsteroZacatecas","k__Bacteria|p__Pseudomonadota|c__Gammaproteobacteria|o__Pseudomonadales|f__Halieaceae|g__Parahaliea|s__|ASV_9065",0.0101356562565282,0.0428310565843792,0.0172160396864514,0.0375928687337328,0.0428310565843792,"*","ALDEx2_kw"
"k__Bacteria|p__Bacteroidota|c__Bacteroidia|o__Chitinophagales|f__Saprospiraceae|g__Lewinella|s__|ASV_8583","ColaDeBallena - EsteroZacatecas","k__Bacteria|p__Bacteroidota|c__Bacteroidia|o__Chitinophagales|f__Saprospiraceae|g__Lewinella|s__|ASV_8583",0.285094103885514,0.389245763127676,0.251582009528269,0.340122351929583,0.389245763127676,"","ALDEx2_kw"
"k__Bacteria|p__Bacteroidota|c__Bacteroidia|o__Cytophagales|f__Cyclobacteriaceae|g__|s__|ASV_11285","ColaDeBallena - EsteroZacatecas","k__Bacteria|p__Bacteroidota|c__Bacteroidia|o__Cytophagales|f__Cyclobacteriaceae|g__|s__|ASV_11285",0.123635882879437,0.20583220670599,0.0863000289279853,0.144875455906506,0.20583220670599,"","ALDEx2_kw"
"k__Bacteria|p__Bacteroidota|c__Bacteroidia|o__Flavobacteriales|f__Flavobacteriaceae|g__Robertkochia|s__|ASV_468","ColaDeBallena - EsteroZacatecas","k__Bacteria|p__Bacteroidota|c__Bacteroidia|o__Flavobacteriales|f__Flavobacteriaceae|g__Robertkochia|s__|ASV_468",0.0141293842582002,0.0538082947102401,0.0163880960555867,0.0442347746163699,0.0538082947102401,"","ALDEx2_kw"
"k__Bacteria|p__Deinococcota|c__Deinococci|o__Deinococcales|f__Trueperaceae|g__Truepera|s__|ASV_14236","ColaDeBallena - EsteroZacatecas","k__Bacteria|p__Deinococcota|c__Deinococci|o__Deinococcales|f__Trueperaceae|g__Truepera|s__|ASV_14236",0.512005513373934,0.617309556566796,0.51464814215264,0.61137381732167,0.617309556566796,"","ALDEx2_kw"
"k__Bacteria|p__Gemmatimonadota|c__Longimicrobiia|o__Longimicrobiales|f__Longimicrobiaceae|g__|s__|ASV_5599","ColaDeBallena - EsteroZacatecas","k__Bacteria|p__Gemmatimonadota|c__Longimicrobiia|o__Longimicrobiales|f__Longimicrobiaceae|g__|s__|ASV_5599",0.583471848475074,0.676855553605038,0.557843469023756,0.652869235010552,0.676855553605038,"","ALDEx2_kw"
"k__Bacteria|p__Pseudomonadota|c__Gammaproteobacteria|o__Enterobacterales|f__Alteromonadaceae|g__|s__|ASV_7006","ColaDeBallena - EsteroZacatecas","k__Bacteria|p__Pseudomonadota|c__Gammaproteobacteria|o__Enterobacterales|f__Alteromonadaceae|g__|s__|ASV_7006",0.448971970996645,0.551771979178572,0.371246827144545,0.466707158411594,0.551771979178572,"","ALDEx2_kw"
"k__Bacteria|p__Pseudomonadota|c__Gammaproteobacteria|o__Pseudomonadales|f__Cellvibrionaceae|g__|s__|ASV_9688","ColaDeBallena - EsteroZacatecas","k__Bacteria|p__Pseudomonadota|c__Gammaproteobacteria|o__Pseudomonadales|f__Cellvibrionaceae|g__|s__|ASV_9688",0.313719444100324,0.441335153590526,0.413156767166952,0.516379265608621,0.441335153590526,"","ALDEx2_kw"
"k__Bacteria|p__Rhodothermota|c__Rhodothermia|o__Rhodothermales|f__Rhodothermaceae|g__|s__|ASV_15284","ColaDeBallena - EsteroZacatecas","k__Bacteria|p__Rhodothermota|c__Rhodothermia|o__Rhodothermales|f__Rhodothermaceae|g__|s__|ASV_15284",0.393631842001149,0.491985914174514,0.329131006138235,0.419482512166395,0.491985914174514,"","ALDEx2_kw"
"k__Bacteria|p__Cyanobacteriota|c__Cyanobacteriia|o__Cyanobacteriales|f__Microcystaceae|g__Synechocystis_BDHKU-20401|s__|ASV_733","ColaDeBallena - EsteroZacatecas","k__Bacteria|p__Cyanobacteriota|c__Cyanobacteriia|o__Cyanobacteriales|f__Microcystaceae|g__Synechocystis_BDHKU-20401|s__|ASV_733",0.427045883690667,0.529437827050201,0.377380435295703,0.474378709154894,0.529437827050201,"","ALDEx2_kw"
"k__Bacteria|p__Pseudomonadota|c__Gammaproteobacteria|o__Ectothiorhodospirales|f__Ectothiorhodospiraceae|g__Thiogranum|s__|ASV_13819","ColaDeBallena - EsteroZacatecas","k__Bacteria|p__Pseudomonadota|c__Gammaproteobacteria|o__Ectothiorhodospirales|f__Ectothiorhodospiraceae|g__Thiogranum|s__|ASV_13819",0.0480744765930822,0.111876767140599,0.0494835208445218,0.0948179077920669,0.111876767140599,"","ALDEx2_kw"
"k__Bacteria|p__Pseudomonadota|c__Gammaproteobacteria|o__Enterobacterales|f__Alteromonadaceae|g__Alteromonas|s__|ASV_3498","ColaDeBallena - EsteroZacatecas","k__Bacteria|p__Pseudomonadota|c__Gammaproteobacteria|o__Enterobacterales|f__Alteromonadaceae|g__Alteromonas|s__|ASV_3498",0.566580143633907,0.659927710443026,0.555162158135648,0.646384465964117,0.659927710443026,"","ALDEx2_kw"
"k__Bacteria|p__Pseudomonadota|c__Gammaproteobacteria|o__Enterobacterales|f__Alteromonadaceae|g__|s__|ASV_6570","ColaDeBallena - EsteroZacatecas","k__Bacteria|p__Pseudomonadota|c__Gammaproteobacteria|o__Enterobacterales|f__Alteromonadaceae|g__|s__|ASV_6570",0.431752713432518,0.535914046100708,0.373762524555123,0.470388779971385,0.535914046100708,"","ALDEx2_kw"
"k__Bacteria|p__Pseudomonadota|c__Gammaproteobacteria|o__Pseudomonadales|f__Halieaceae|g__Pseudohaliea|s__|ASV_13472","ColaDeBallena - EsteroZacatecas","k__Bacteria|p__Pseudomonadota|c__Gammaproteobacteria|o__Pseudomonadales|f__Halieaceae|g__Pseudohaliea|s__|ASV_13472",0.333687111638992,0.437140682919767,0.265758840407957,0.356303145631154,0.437140682919767,"","ALDEx2_kw"
"k__Bacteria|p__Pseudomonadota|c__Gammaproteobacteria|o__Steroidobacterales|f__Woeseiaceae|g__Woeseia|s__|ASV_8035","ColaDeBallena - EsteroZacatecas","k__Bacteria|p__Pseudomonadota|c__Gammaproteobacteria|o__Steroidobacterales|f__Woeseiaceae|g__Woeseia|s__|ASV_8035",0.0743026060273191,0.163972269721506,0.121502703639938,0.201606083712139,0.163972269721506,"","ALDEx2_kw"
"k__Bacteria|p__Rhodothermota|c__Rhodothermia|o__Rhodothermales|f__Rhodothermaceae|g__|s__|ASV_7515","ColaDeBallena - EsteroZacatecas","k__Bacteria|p__Rhodothermota|c__Rhodothermia|o__Rhodothermales|f__Rhodothermaceae|g__|s__|ASV_7515",0.343127365327901,0.448609079023442,0.30401568911704,0.402271790070724,0.448609079023442,"","ALDEx2_kw"
"k__Bacteria|p__Rhodothermota|c__Rhodothermia|o__Rhodothermales|f__Rhodothermaceae|g__|s__|ASV_9456","ColaDeBallena - EsteroZacatecas","k__Bacteria|p__Rhodothermota|c__Rhodothermia|o__Rhodothermales|f__Rhodothermaceae|g__|s__|ASV_9456",0.212573661333925,0.312904414138865,0.177598979111475,0.258096715139523,0.312904414138865,"","ALDEx2_kw"
"k__Bacteria|p__Thermodesulfobacteriota|c__Desulfobulbia|o__Desulfobulbales|f__Desulfobulbaceae|g__|s__|ASV_8037","ColaDeBallena - EsteroZacatecas","k__Bacteria|p__Thermodesulfobacteriota|c__Desulfobulbia|o__Desulfobulbales|f__Desulfobulbaceae|g__|s__|ASV_8037",0.100161990934452,0.184193693498241,0.0784644512158947,0.140027309975098,0.184193693498241,"","ALDEx2_kw"
"k__Bacteria|p__Actinomycetota|c__Actinobacteria|o__Euzebyales|f__Euzebyaceae|g__|s__|ASV_8144","ColaDeBallena - EsteroZacatecas","k__Bacteria|p__Actinomycetota|c__Actinobacteria|o__Euzebyales|f__Euzebyaceae|g__|s__|ASV_8144",0.529794551303843,0.632950653032864,0.562893169872932,0.654887196892054,0.632950653032864,"","ALDEx2_kw"
"k__Bacteria|p__Bacteroidota|c__Bacteroidia|o__Chitinophagales|f__Saprospiraceae|g__|s__|ASV_8386","ColaDeBallena - EsteroZacatecas","k__Bacteria|p__Bacteroidota|c__Bacteroidia|o__Chitinophagales|f__Saprospiraceae|g__|s__|ASV_8386",0.32098139430994,0.425911037333218,0.283490472112057,0.373182130216188,0.425911037333218,"","ALDEx2_kw"
"k__Bacteria|p__Cyanobacteriota|c__Cyanobacteriia|o__Cyanobacteriales|f__Xenococcaceae|g__Pleurocapsa_PCC-7319|s__|ASV_7062","ColaDeBallena - EsteroZacatecas","k__Bacteria|p__Cyanobacteriota|c__Cyanobacteriia|o__Cyanobacteriales|f__Xenococcaceae|g__Pleurocapsa_PCC-7319|s__|ASV_7062",0.492984158991363,0.59508683221226,0.464841800842115,0.560650618243196,0.59508683221226,"","ALDEx2_kw"
"k__Bacteria|p__Pseudomonadota|c__Alphaproteobacteria|o__Caulobacterales|f__Hyphomonadaceae|g__Euryhalocaulis|s__|ASV_13612","ColaDeBallena - EsteroZacatecas","k__Bacteria|p__Pseudomonadota|c__Alphaproteobacteria|o__Caulobacterales|f__Hyphomonadaceae|g__Euryhalocaulis|s__|ASV_13612",0.208296131573758,0.315509662138483,0.188873204371769,0.276956480094146,0.315509662138483,"","ALDEx2_kw"
"k__Bacteria|p__Pseudomonadota|c__Alphaproteobacteria|o__Rhodobacterales|f__Paracoccaceae|g__Actibacterium|s__|ASV_1137","ColaDeBallena - EsteroZacatecas","k__Bacteria|p__Pseudomonadota|c__Alphaproteobacteria|o__Rhodobacterales|f__Paracoccaceae|g__Actibacterium|s__|ASV_1137",0.511631827083313,0.606627342400088,0.530923017919884,0.619740178539026,0.606627342400088,"","ALDEx2_kw"
"k__Bacteria|p__Pseudomonadota|c__Alphaproteobacteria|o__Rhodobacterales|f__Paracoccaceae|g__Limibaculum|s__|ASV_11834","ColaDeBallena - EsteroZacatecas","k__Bacteria|p__Pseudomonadota|c__Alphaproteobacteria|o__Rhodobacterales|f__Paracoccaceae|g__Limibaculum|s__|ASV_11834",0.314059777100025,0.421842586062535,0.28627367254598,0.380051711326433,0.421842586062535,"","ALDEx2_kw"
"k__Bacteria|p__Thermodesulfobacteriota|c__Desulfobulbia|o__Desulfobulbales|f__Desulfocapsaceae|g__|s__|ASV_10762","ColaDeBallena - EsteroZacatecas","k__Bacteria|p__Thermodesulfobacteriota|c__Desulfobulbia|o__Desulfobulbales|f__Desulfocapsaceae|g__|s__|ASV_10762",0.0481649218721553,0.114034024425697,0.0472165489945925,0.0932182541556579,0.114034024425697,"","ALDEx2_kw"
"k__Bacteria|p__Verrucomicrobiota|c__Verrucomicrobiia|o__Verrucomicrobiales|f__Rubritaleaceae|g__Haloferula|s__|ASV_655","ColaDeBallena - EsteroZacatecas","k__Bacteria|p__Verrucomicrobiota|c__Verrucomicrobiia|o__Verrucomicrobiales|f__Rubritaleaceae|g__Haloferula|s__|ASV_655",0.568442373398943,0.657664945387079,0.503927527079165,0.598112876438768,0.657664945387079,"","ALDEx2_kw"
"k__Bacteria|p__Actinomycetota|c__Actinobacteria|o__Nitriliruptorales|f__Nitriliruptoraceae|g__|s__|ASV_10455","ColaDeBallena - EsteroZacatecas","k__Bacteria|p__Actinomycetota|c__Actinobacteria|o__Nitriliruptorales|f__Nitriliruptoraceae|g__|s__|ASV_10455",0.605517513979754,0.69355030392117,0.574273635337989,0.665367582328633,0.69355030392117,"","ALDEx2_kw"
"k__Bacteria|p__Bacteroidota|c__Bacteroidia|o__Bacteroidales|f__Prolixibacteraceae|g__|s__|ASV_3832","ColaDeBallena - EsteroZacatecas","k__Bacteria|p__Bacteroidota|c__Bacteroidia|o__Bacteroidales|f__Prolixibacteraceae|g__|s__|ASV_3832",0.1208874403106,0.204602857266933,0.0985297950688809,0.157382230433532,0.204602857266933,"","ALDEx2_kw"
"k__Bacteria|p__Bacteroidota|c__Bacteroidia|o__Chitinophagales|f__Saprospiraceae|g__Lewinella|s__|ASV_8608","ColaDeBallena - EsteroZacatecas","k__Bacteria|p__Bacteroidota|c__Bacteroidia|o__Chitinophagales|f__Saprospiraceae|g__Lewinella|s__|ASV_8608",0.356250201161404,0.460502274801796,0.296319217181693,0.38573287425344,0.460502274801796,"","ALDEx2_kw"
"k__Bacteria|p__Bacteroidota|c__Bacteroidia|o__Flavobacteriales|f__Flavobacteriaceae|g__Winogradskyella|s__|ASV_13686","ColaDeBallena - EsteroZacatecas","k__Bacteria|p__Bacteroidota|c__Bacteroidia|o__Flavobacteriales|f__Flavobacteriaceae|g__Winogradskyella|s__|ASV_13686",0.23554832274059,0.342915915738831,0.227914607226447,0.317441597394619,0.342915915738831,"","ALDEx2_kw"
"k__Bacteria|p__Chloroflexota|c__Anaerolineae|o__Anaerolineales|f__Anaerolineaceae|g__ADurb.Bin120|s__|ASV_707","ColaDeBallena - EsteroZacatecas","k__Bacteria|p__Chloroflexota|c__Anaerolineae|o__Anaerolineales|f__Anaerolineaceae|g__ADurb.Bin120|s__|ASV_707",0.24151146003709,0.340739235186803,0.227943838448794,0.312586080109648,0.340739235186803,"","ALDEx2_kw"
"k__Bacteria|p__Chloroflexota|c__Anaerolineae|o__Anaerolineales|f__Anaerolineaceae|g__|s__|ASV_6002","ColaDeBallena - EsteroZacatecas","k__Bacteria|p__Chloroflexota|c__Anaerolineae|o__Anaerolineales|f__Anaerolineaceae|g__|s__|ASV_6002",0.150606512205572,0.240352198300509,0.136419535052095,0.206252217746214,0.240352198300509,"","ALDEx2_kw"
"k__Bacteria|p__Myxococcota|c__Polyangiia|o__Polyangiales|f__Sandaracinaceae|g__|s__|ASV_10742","ColaDeBallena - EsteroZacatecas","k__Bacteria|p__Myxococcota|c__Polyangiia|o__Polyangiales|f__Sandaracinaceae|g__|s__|ASV_10742",0.0199717754631958,0.0643540214357076,0.0251346513764852,0.0562166156618476,0.0643540214357076,"","ALDEx2_kw"
"k__Bacteria|p__Pseudomonadota|c__Alphaproteobacteria|o__Hyphomicrobiales|f__Devosiaceae|g__|s__|ASV_11111","ColaDeBallena - EsteroZacatecas","k__Bacteria|p__Pseudomonadota|c__Alphaproteobacteria|o__Hyphomicrobiales|f__Devosiaceae|g__|s__|ASV_11111",0.555029789322753,0.649556592877548,0.540961277363435,0.632783996106639,0.649556592877548,"","ALDEx2_kw"
"k__Bacteria|p__Pseudomonadota|c__Alphaproteobacteria|o__Hyphomicrobiales|f__Devosiaceae|g__|s__|ASV_12167","ColaDeBallena - EsteroZacatecas","k__Bacteria|p__Pseudomonadota|c__Alphaproteobacteria|o__Hyphomicrobiales|f__Devosiaceae|g__|s__|ASV_12167",0.309742412601504,0.425609516034442,0.343576785493291,0.436421324310027,0.425609516034442,"","ALDEx2_kw"
"k__Bacteria|p__Pseudomonadota|c__Alphaproteobacteria|o__Hyphomicrobiales|f__Rhizobiaceae|g__Oricola|s__|ASV_10272","ColaDeBallena - EsteroZacatecas","k__Bacteria|p__Pseudomonadota|c__Alphaproteobacteria|o__Hyphomicrobiales|f__Rhizobiaceae|g__Oricola|s__|ASV_10272",0.144090731896178,0.234935273882592,0.139216496686311,0.213317887452734,0.234935273882592,"","ALDEx2_kw"
"k__Bacteria|p__Pseudomonadota|c__Alphaproteobacteria|o__Rhodobacterales|f__Paracoccaceae|g__|s__|ASV_8569","ColaDeBallena - EsteroZacatecas","k__Bacteria|p__Pseudomonadota|c__Alphaproteobacteria|o__Rhodobacterales|f__Paracoccaceae|g__|s__|ASV_8569",0.204790492440844,0.312963002877314,0.179874080908517,0.263351043619164,0.312963002877314,"","ALDEx2_kw"
"k__Bacteria|p__Rhodothermota|c__Rhodothermia|o__Rhodothermales|f__Rhodothermaceae|g__|s__|ASV_10187","ColaDeBallena - EsteroZacatecas","k__Bacteria|p__Rhodothermota|c__Rhodothermia|o__Rhodothermales|f__Rhodothermaceae|g__|s__|ASV_10187",0.513575710656099,0.613090452702413,0.492645581889066,0.585608208517041,0.613090452702413,"","ALDEx2_kw"
"k__Bacteria|p__Bacteroidota|c__Bacteroidia|o__Cytophagales|f__Cyclobacteriaceae|g__Fulvivirga|s__|ASV_115","ColaDeBallena - EsteroZacatecas","k__Bacteria|p__Bacteroidota|c__Bacteroidia|o__Cytophagales|f__Cyclobacteriaceae|g__Fulvivirga|s__|ASV_115",0.385310083331749,0.4850826533597,0.300889616573862,0.388880223834033,0.4850826533597,"","ALDEx2_kw"
"k__Bacteria|p__Bacteroidota|c__Bacteroidia|o__Cytophagales|f__Cyclobacteriaceae|g__Roseivirga|s__|ASV_15880","ColaDeBallena - EsteroZacatecas","k__Bacteria|p__Bacteroidota|c__Bacteroidia|o__Cytophagales|f__Cyclobacteriaceae|g__Roseivirga|s__|ASV_15880",0.0938454384491736,0.181066703432939,0.118732992866888,0.188512429684828,0.181066703432939,"","ALDEx2_kw"
"k__Bacteria|p__Bacteroidota|c__Bacteroidia|o__Flavobacteriales|f__Flavobacteriaceae|g__Tenacibaculum|s__|ASV_12003","ColaDeBallena - EsteroZacatecas","k__Bacteria|p__Bacteroidota|c__Bacteroidia|o__Flavobacteriales|f__Flavobacteriaceae|g__Tenacibaculum|s__|ASV_12003",0.0483866166440169,0.11436211193384,0.0818898592015407,0.134645320589351,0.11436211193384,"","ALDEx2_kw"
"k__Bacteria|p__Balneolota|c__Balneolia|o__Balneolales|f__Balneolaceae|g__|s__|ASV_4902","ColaDeBallena - EsteroZacatecas","k__Bacteria|p__Balneolota|c__Balneolia|o__Balneolales|f__Balneolaceae|g__|s__|ASV_4902",0.318565934706559,0.431887572461799,0.318279002659487,0.419306928137033,0.431887572461799,"","ALDEx2_kw"
"k__Bacteria|p__Planctomycetota|c__Planctomycetes|o__Pirellulales|f__Pirellulaceae|g__Rubripirellula|s__|ASV_7030","ColaDeBallena - EsteroZacatecas","k__Bacteria|p__Planctomycetota|c__Planctomycetes|o__Pirellulales|f__Pirellulaceae|g__Rubripirellula|s__|ASV_7030",0.551343818821978,0.650127778417354,0.528696272668177,0.623863160848612,0.650127778417354,"","ALDEx2_kw"
"k__Bacteria|p__Thermodesulfobacteriota|c__Desulfobacteria|o__Desulfobacterales|f__Desulfobacteraceae|g__Desulfobacter|s__|ASV_4282","ColaDeBallena - EsteroZacatecas","k__Bacteria|p__Thermodesulfobacteriota|c__Desulfobacteria|o__Desulfobacterales|f__Desulfobacteraceae|g__Desulfobacter|s__|ASV_4282",0.147595181825678,0.243624478591488,0.103249597934399,0.173080543908754,0.243624478591488,"","ALDEx2_kw"
"k__Bacteria|p__Bacteroidota|c__Bacteroidia|o__Chitinophagales|f__Saprospiraceae|g__Phaeodactylibacter|s__|ASV_15113","ColaDeBallena - EsteroZacatecas","k__Bacteria|p__Bacteroidota|c__Bacteroidia|o__Chitinophagales|f__Saprospiraceae|g__Phaeodactylibacter|s__|ASV_15113",0.020749095893076,0.0684605543770368,0.017706730976881,0.0456497927105715,0.0684605543770368,"","ALDEx2_kw"
"k__Bacteria|p__Bacteroidota|c__Bacteroidia|o__Cytophagales|f__Cyclobacteriaceae|g__Fulvivirga|s__|ASV_10945","ColaDeBallena - EsteroZacatecas","k__Bacteria|p__Bacteroidota|c__Bacteroidia|o__Cytophagales|f__Cyclobacteriaceae|g__Fulvivirga|s__|ASV_10945",0.341233318166298,0.44518599987041,0.269211738295179,0.361531454336229,0.44518599987041,"","ALDEx2_kw"
"k__Bacteria|p__Planctomycetota|c__Planctomycetes|o__Pirellulales|f__Pirellulaceae|g__Rhodopirellula|s__|ASV_9414","ColaDeBallena - EsteroZacatecas","k__Bacteria|p__Planctomycetota|c__Planctomycetes|o__Pirellulales|f__Pirellulaceae|g__Rhodopirellula|s__|ASV_9414",0.042083844645501,0.103686531226535,0.0390844864657853,0.0779880908397276,0.103686531226535,"","ALDEx2_kw"
"k__Bacteria|p__Pseudomonadota|c__Alphaproteobacteria|o__Hyphomicrobiales|f__Rhizobiaceae|g__Pseudahrensia|s__|ASV_8399","ColaDeBallena - EsteroZacatecas","k__Bacteria|p__Pseudomonadota|c__Alphaproteobacteria|o__Hyphomicrobiales|f__Rhizobiaceae|g__Pseudahrensia|s__|ASV_8399",0.572670755651753,0.666861059756081,0.5480328931763,0.639985245835934,0.666861059756081,"","ALDEx2_kw"
"k__Bacteria|p__Pseudomonadota|c__Gammaproteobacteria|o__Burkholderiales|f__Nitrosomonadaceae|g__|s__|ASV_10411","ColaDeBallena - EsteroZacatecas","k__Bacteria|p__Pseudomonadota|c__Gammaproteobacteria|o__Burkholderiales|f__Nitrosomonadaceae|g__|s__|ASV_10411",0.283580879119746,0.395019304696516,0.223824736712523,0.314549060314184,0.395019304696516,"","ALDEx2_kw"
"k__Bacteria|p__Actinomycetota|c__Thermoleophilia|o__Solirubrobacterales|f__67-14|g__|s__|ASV_11122","ColaDeBallena - EsteroZacatecas","k__Bacteria|p__Actinomycetota|c__Thermoleophilia|o__Solirubrobacterales|f__67-14|g__|s__|ASV_11122",0.513675332719683,0.613436236500983,0.46370883680303,0.554497254212747,0.613436236500983,"","ALDEx2_kw"
"k__Bacteria|p__Verrucomicrobiota|c__Verrucomicrobiia|o__Verrucomicrobiales|f__DEV007|g__|s__|ASV_15353","ColaDeBallena - EsteroZacatecas","k__Bacteria|p__Verrucomicrobiota|c__Verrucomicrobiia|o__Verrucomicrobiales|f__DEV007|g__|s__|ASV_15353",0.313995834519571,0.426157483736512,0.252908440665953,0.346993845953456,0.426157483736512,"","ALDEx2_kw"
"k__Bacteria|p__Bacteroidota|c__Bacteroidia|o__Chitinophagales|f__Saprospiraceae|g__|s__|ASV_4360","ColaDeBallena - EsteroZacatecas","k__Bacteria|p__Bacteroidota|c__Bacteroidia|o__Chitinophagales|f__Saprospiraceae|g__|s__|ASV_4360",0.101995905414865,0.188833523505269,0.116693338172322,0.184414208187964,0.188833523505269,"","ALDEx2_kw"
"k__Bacteria|p__Bacteroidota|c__Bacteroidia|o__Flavobacteriales|f__Flavobacteriaceae|g__Gramella|s__|ASV_6794","ColaDeBallena - EsteroZacatecas","k__Bacteria|p__Bacteroidota|c__Bacteroidia|o__Flavobacteriales|f__Flavobacteriaceae|g__Gramella|s__|ASV_6794",0.640319413701955,0.726809898295438,0.5852604025777,0.672825645118465,0.726809898295438,"","ALDEx2_kw"
"k__Bacteria|p__Pseudomonadota|c__Alphaproteobacteria|o__Rhodobacterales|f__Paracoccaceae|g__|s__|ASV_4203","ColaDeBallena - EsteroZacatecas","k__Bacteria|p__Pseudomonadota|c__Alphaproteobacteria|o__Rhodobacterales|f__Paracoccaceae|g__|s__|ASV_4203",0.490315967667629,0.594771002943965,0.426763303138899,0.528690879153046,0.594771002943965,"","ALDEx2_kw"
"k__Bacteria|p__Pseudomonadota|c__Alphaproteobacteria|o__Sphingomonadales|f__Sphingomonadaceae|g__Qipengyuania|s__|ASV_13409","ColaDeBallena - EsteroZacatecas","k__Bacteria|p__Pseudomonadota|c__Alphaproteobacteria|o__Sphingomonadales|f__Sphingomonadaceae|g__Qipengyuania|s__|ASV_13409",0.480973459268322,0.584006464631953,0.439268020783032,0.532481320618746,0.584006464631953,"","ALDEx2_kw"
"k__Bacteria|p__Rhodothermota|c__Rhodothermia|o__Rhodothermales|f__Rhodothermaceae|g__|s__|ASV_2717","ColaDeBallena - EsteroZacatecas","k__Bacteria|p__Rhodothermota|c__Rhodothermia|o__Rhodothermales|f__Rhodothermaceae|g__|s__|ASV_2717",0.0911215124995237,0.174908491960383,0.067138304225307,0.127010167564132,0.174908491960383,"","ALDEx2_kw"
"k__Bacteria|p__Thermodesulfobacteriota|c__Desulfobacteria|o__Desulfatiglandales|f__Desulfatiglandaceae|g__Desulfatiglans|s__|ASV_6997","ColaDeBallena - EsteroZacatecas","k__Bacteria|p__Thermodesulfobacteriota|c__Desulfobacteria|o__Desulfatiglandales|f__Desulfatiglandaceae|g__Desulfatiglans|s__|ASV_6997",0.288166020171863,0.386377760108689,0.214580905829717,0.297886916110106,0.386377760108689,"","ALDEx2_kw"
"k__Bacteria|p__Actinomycetota|c__Actinobacteria|o__Euzebyales|f__Euzebyaceae|g__Euzebya|s__|ASV_2735","ColaDeBallena - EsteroZacatecas","k__Bacteria|p__Actinomycetota|c__Actinobacteria|o__Euzebyales|f__Euzebyaceae|g__Euzebya|s__|ASV_2735",0.44656490611824,0.557567429867768,0.464143390311096,0.563284967111381,0.557567429867768,"","ALDEx2_kw"
"k__Bacteria|p__Chloroflexota|c__Anaerolineae|o__Aggregatilineales|f__A4b|g__|s__|ASV_10524","ColaDeBallena - EsteroZacatecas","k__Bacteria|p__Chloroflexota|c__Anaerolineae|o__Aggregatilineales|f__A4b|g__|s__|ASV_10524",0.0519382454253783,0.118410103463077,0.0675191091370485,0.118275962503055,0.118410103463077,"","ALDEx2_kw"
"k__Bacteria|p__Chloroflexota|c__Anaerolineae|o__Anaerolineales|f__Anaerolineaceae|g__ADurb.Bin120|s__|ASV_3163","ColaDeBallena - EsteroZacatecas","k__Bacteria|p__Chloroflexota|c__Anaerolineae|o__Anaerolineales|f__Anaerolineaceae|g__ADurb.Bin120|s__|ASV_3163",0.23964672771346,0.348476286846885,0.181342070963582,0.271053029284633,0.348476286846885,"","ALDEx2_kw"
"k__Bacteria|p__Myxococcota|c__Polyangiia|o__Polyangiales|f__BIrii41|g__|s__|ASV_2804","ColaDeBallena - EsteroZacatecas","k__Bacteria|p__Myxococcota|c__Polyangiia|o__Polyangiales|f__BIrii41|g__|s__|ASV_2804",0.194362209967975,0.289363961732859,0.142046730938315,0.217167454546864,0.289363961732859,"","ALDEx2_kw"
"k__Bacteria|p__Planctomycetota|c__Planctomycetes|o__Pirellulales|f__Pirellulaceae|g__Pir4_lineage|s__|ASV_1166","ColaDeBallena - EsteroZacatecas","k__Bacteria|p__Planctomycetota|c__Planctomycetes|o__Pirellulales|f__Pirellulaceae|g__Pir4_lineage|s__|ASV_1166",0.118558524233354,0.217410138782295,0.181754834233041,0.257802735199282,0.217410138782295,"","ALDEx2_kw"
"k__Bacteria|p__Pseudomonadota|c__Alphaproteobacteria|o__Hyphomicrobiales|f__Rhizobiaceae|g__|s__|ASV_2926","ColaDeBallena - EsteroZacatecas","k__Bacteria|p__Pseudomonadota|c__Alphaproteobacteria|o__Hyphomicrobiales|f__Rhizobiaceae|g__|s__|ASV_2926",0.208625894667913,0.31787133041716,0.186447621636494,0.278302413960966,0.31787133041716,"","ALDEx2_kw"
"k__Bacteria|p__Pseudomonadota|c__Alphaproteobacteria|o__Rhodobacterales|f__Paracoccaceae|g__Limibaculum|s__|ASV_7555","ColaDeBallena - EsteroZacatecas","k__Bacteria|p__Pseudomonadota|c__Alphaproteobacteria|o__Rhodobacterales|f__Paracoccaceae|g__Limibaculum|s__|ASV_7555",0.163312370067548,0.255515986756174,0.122235195114378,0.193831268120037,0.255515986756174,"","ALDEx2_kw"
"k__Bacteria|p__Pseudomonadota|c__Alphaproteobacteria|o__Rhodobacterales|f__Paracoccaceae|g__|s__|ASV_15974","ColaDeBallena - EsteroZacatecas","k__Bacteria|p__Pseudomonadota|c__Alphaproteobacteria|o__Rhodobacterales|f__Paracoccaceae|g__|s__|ASV_15974",0.470573942488745,0.568315173752599,0.395709858503602,0.489731948404061,0.568315173752599,"","ALDEx2_kw"
"k__Bacteria|p__Rhodothermota|c__Rhodothermia|o__Rhodothermales|f__Rhodothermaceae|g__Rubricoccus|s__|ASV_12641","ColaDeBallena - EsteroZacatecas","k__Bacteria|p__Rhodothermota|c__Rhodothermia|o__Rhodothermales|f__Rhodothermaceae|g__Rubricoccus|s__|ASV_12641",0.118604613673178,0.213547770739043,0.12038619736808,0.193775945742322,0.213547770739043,"","ALDEx2_kw"
"k__Bacteria|p__Actinomycetota|c__Acidimicrobiia|o__Acidimicrobiales|f__Acidimicrobiaceae|g__|s__|ASV_9339","ColaDeBallena - EsteroZacatecas","k__Bacteria|p__Actinomycetota|c__Acidimicrobiia|o__Acidimicrobiales|f__Acidimicrobiaceae|g__|s__|ASV_9339",0.0750774356555093,0.158008159225029,0.0734252040717895,0.13429580507968,0.158008159225029,"","ALDEx2_kw"
"k__Bacteria|p__Bacteroidota|c__Bacteroidia|o__Bacteroidales|f__Marinifilaceae|g__|s__|ASV_14354","ColaDeBallena - EsteroZacatecas","k__Bacteria|p__Bacteroidota|c__Bacteroidia|o__Bacteroidales|f__Marinifilaceae|g__|s__|ASV_14354",0.178778717244402,0.274205544662965,0.164841881190325,0.238188009164833,0.274205544662965,"","ALDEx2_kw"
"k__Bacteria|p__Bacteroidota|c__Bacteroidia|o__Flavobacteriales|f__Flavobacteriaceae|g__Sungkyunkwania|s__|ASV_12555","ColaDeBallena - EsteroZacatecas","k__Bacteria|p__Bacteroidota|c__Bacteroidia|o__Flavobacteriales|f__Flavobacteriaceae|g__Sungkyunkwania|s__|ASV_12555",0.61417975475682,0.704222889157413,0.57299381716974,0.665342885057757,0.704222889157413,"","ALDEx2_kw"
"k__Bacteria|p__Cyanobacteriota|c__Cyanobacteriia|o__Cyanobacteriales|f__Nostocaceae|g__Rivularia_PCC-7116|s__|ASV_2166","ColaDeBallena - EsteroZacatecas","k__Bacteria|p__Cyanobacteriota|c__Cyanobacteriia|o__Cyanobacteriales|f__Nostocaceae|g__Rivularia_PCC-7116|s__|ASV_2166",0.428958820384682,0.531136527348417,0.380167623494625,0.466337976701146,0.531136527348417,"","ALDEx2_kw"
"k__Bacteria|p__Pseudomonadota|c__Alphaproteobacteria|o__Hyphomicrobiales|f__Stappiaceae|g__Roseibium|s__|ASV_11950","ColaDeBallena - EsteroZacatecas","k__Bacteria|p__Pseudomonadota|c__Alphaproteobacteria|o__Hyphomicrobiales|f__Stappiaceae|g__Roseibium|s__|ASV_11950",0.312928501211342,0.427038697279532,0.322144382135441,0.422856589423661,0.427038697279532,"","ALDEx2_kw"
"k__Bacteria|p__Pseudomonadota|c__Alphaproteobacteria|o__Rhodobacterales|f__Paracoccaceae|g__Limibaculum|s__|ASV_6882","ColaDeBallena - EsteroZacatecas","k__Bacteria|p__Pseudomonadota|c__Alphaproteobacteria|o__Rhodobacterales|f__Paracoccaceae|g__Limibaculum|s__|ASV_6882",0.0709192140780375,0.14842146232,0.0882728934582283,0.15085717093796,0.14842146232,"","ALDEx2_kw"
"k__Bacteria|p__Pseudomonadota|c__Alphaproteobacteria|o__Rhodobacterales|f__Paracoccaceae|g__|s__|ASV_12539","ColaDeBallena - EsteroZacatecas","k__Bacteria|p__Pseudomonadota|c__Alphaproteobacteria|o__Rhodobacterales|f__Paracoccaceae|g__|s__|ASV_12539",0.302377455429485,0.409494830976375,0.250897089041442,0.339242100785325,0.409494830976375,"","ALDEx2_kw"
"k__Bacteria|p__Pseudomonadota|c__Alphaproteobacteria|o__|f__Neomegalonemataceae|g__Acuticoccus|s__|ASV_11070","ColaDeBallena - EsteroZacatecas","k__Bacteria|p__Pseudomonadota|c__Alphaproteobacteria|o__|f__Neomegalonemataceae|g__Acuticoccus|s__|ASV_11070",0.490512727467132,0.590567105503167,0.445584164224869,0.540942262740661,0.590567105503167,"","ALDEx2_kw"
"k__Bacteria|p__Pseudomonadota|c__Gammaproteobacteria|o__Ectothiorhodospirales|f__Thioalkalispiraceae|g__Thiohalophilus|s__|ASV_1620","ColaDeBallena - EsteroZacatecas","k__Bacteria|p__Pseudomonadota|c__Gammaproteobacteria|o__Ectothiorhodospirales|f__Thioalkalispiraceae|g__Thiohalophilus|s__|ASV_1620",0.279867843898426,0.376808621413216,0.232473169137259,0.315977030507388,0.376808621413216,"","ALDEx2_kw"
"k__Bacteria|p__Pseudomonadota|c__Gammaproteobacteria|o__Pseudomonadales|f__Alcanivoracaceae|g__Ketobacter|s__|ASV_7134","ColaDeBallena - EsteroZacatecas","k__Bacteria|p__Pseudomonadota|c__Gammaproteobacteria|o__Pseudomonadales|f__Alcanivoracaceae|g__Ketobacter|s__|ASV_7134",0.0455134022756183,0.106992959873881,0.0433562003474498,0.0840042549282249,0.106992959873881,"","ALDEx2_kw"
"k__Bacteria|p__Pseudomonadota|c__Gammaproteobacteria|o__Steroidobacterales|f__Woeseiaceae|g__Woeseia|s__|ASV_14902","ColaDeBallena - EsteroZacatecas","k__Bacteria|p__Pseudomonadota|c__Gammaproteobacteria|o__Steroidobacterales|f__Woeseiaceae|g__Woeseia|s__|ASV_14902",0.133952335284844,0.22899397450494,0.120952112585048,0.19133025237047,0.22899397450494,"","ALDEx2_kw"
"k__Bacteria|p__Thermodesulfobacteriota|c__Desulfobacteria|o__Desulfobacterales|f__Desulfosarcinaceae|g__Desulfatitalea|s__|ASV_5386","ColaDeBallena - EsteroZacatecas","k__Bacteria|p__Thermodesulfobacteriota|c__Desulfobacteria|o__Desulfobacterales|f__Desulfosarcinaceae|g__Desulfatitalea|s__|ASV_5386",0.399605367656479,0.501585709305652,0.377544374035571,0.469293527171226,0.501585709305652,"","ALDEx2_kw"
"k__Bacteria|p__Verrucomicrobiota|c__Kiritimatiellia|o__Kiritimatiellales|f__Kiritimatiellaceae|g__R76-B128|s__|ASV_5011","ColaDeBallena - EsteroZacatecas","k__Bacteria|p__Verrucomicrobiota|c__Kiritimatiellia|o__Kiritimatiellales|f__Kiritimatiellaceae|g__R76-B128|s__|ASV_5011",0.534784502478157,0.626778538290645,0.472900669854635,0.568561529367969,0.626778538290645,"","ALDEx2_kw"
"k__Bacteria|p__Bacteroidota|c__Bacteroidia|o__Cytophagales|f__Cyclobacteriaceae|g__Marinoscillum|s__|ASV_227","ColaDeBallena - EsteroZacatecas","k__Bacteria|p__Bacteroidota|c__Bacteroidia|o__Cytophagales|f__Cyclobacteriaceae|g__Marinoscillum|s__|ASV_227",0.336883811673504,0.444587217585412,0.270507206525307,0.368113016120771,0.444587217585412,"","ALDEx2_kw"
"k__Bacteria|p__Cyanobacteriota|c__Cyanobacteriia|o__Cyanobacteriales|f__Xenococcaceae|g__Chroococcidiopsis_PCC-6712|s__|ASV_3345","ColaDeBallena - EsteroZacatecas","k__Bacteria|p__Cyanobacteriota|c__Cyanobacteriia|o__Cyanobacteriales|f__Xenococcaceae|g__Chroococcidiopsis_PCC-6712|s__|ASV_3345",0.477710001120655,0.580298227609594,0.510256866773085,0.601904854346198,0.580298227609594,"","ALDEx2_kw"
"k__Bacteria|p__Planctomycetota|c__Planctomycetes|o__Planctomycetales|f__Rubinisphaeraceae|g__Planctomicrobium|s__|ASV_4177","ColaDeBallena - EsteroZacatecas","k__Bacteria|p__Planctomycetota|c__Planctomycetes|o__Planctomycetales|f__Rubinisphaeraceae|g__Planctomicrobium|s__|ASV_4177",0.202392855489841,0.308119848801284,0.200791515855469,0.290964100878024,0.308119848801284,"","ALDEx2_kw"
"k__Bacteria|p__Planctomycetota|c__Planctomycetes|o__Planctomycetales|f__Rubinisphaeraceae|g__|s__|ASV_9127","ColaDeBallena - EsteroZacatecas","k__Bacteria|p__Planctomycetota|c__Planctomycetes|o__Planctomycetales|f__Rubinisphaeraceae|g__|s__|ASV_9127",0.119166568447812,0.222446659651075,0.184981153431372,0.277110181984759,0.222446659651075,"","ALDEx2_kw"
"k__Bacteria|p__Pseudomonadota|c__Alphaproteobacteria|o__Rhodobacterales|f__Paracoccaceae|g__Tropicimonas-Psychromarinibacter|s__|ASV_204","ColaDeBallena - EsteroZacatecas","k__Bacteria|p__Pseudomonadota|c__Alphaproteobacteria|o__Rhodobacterales|f__Paracoccaceae|g__Tropicimonas-Psychromarinibacter|s__|ASV_204",0.570447779946461,0.665291192434699,0.574615991357607,0.665428845390693,0.665291192434699,"","ALDEx2_kw"
"k__Bacteria|p__Pseudomonadota|c__Gammaproteobacteria|o__Pseudomonadales|f__Nitrincolaceae|g__Marinobacterium|s__|ASV_12692","ColaDeBallena - EsteroZacatecas","k__Bacteria|p__Pseudomonadota|c__Gammaproteobacteria|o__Pseudomonadales|f__Nitrincolaceae|g__Marinobacterium|s__|ASV_12692",0.103995230842262,0.194942420219861,0.132776482940752,0.206352164321197,0.194942420219861,"","ALDEx2_kw"
"k__Bacteria|p__Verrucomicrobiota|c__Verrucomicrobiia|o__Opitutales|f__Puniceicoccaceae|g__Verruc-01|s__|ASV_14543","ColaDeBallena - EsteroZacatecas","k__Bacteria|p__Verrucomicrobiota|c__Verrucomicrobiia|o__Opitutales|f__Puniceicoccaceae|g__Verruc-01|s__|ASV_14543",0.471127003690486,0.572591088772455,0.47214815233546,0.566258353026134,0.572591088772455,"","ALDEx2_kw"
"k__Bacteria|p__Verrucomicrobiota|c__Verrucomicrobiia|o__Verrucomicrobiales|f__DEV007|g__|s__|ASV_8775","ColaDeBallena - EsteroZacatecas","k__Bacteria|p__Verrucomicrobiota|c__Verrucomicrobiia|o__Verrucomicrobiales|f__DEV007|g__|s__|ASV_8775",0.512995823921965,0.61350797447974,0.448220669623502,0.549137545291404,0.61350797447974,"","ALDEx2_kw"
"k__Bacteria|p__Bacillota|c__Clostridia|o__Peptostreptococcales-Tissierellales|f__Peptostreptococcaceae|g__Romboutsia|s__|ASV_8542","ColaDeBallena - EsteroZacatecas","k__Bacteria|p__Bacillota|c__Clostridia|o__Peptostreptococcales-Tissierellales|f__Peptostreptococcaceae|g__Romboutsia|s__|ASV_8542",0.051682807324639,0.116461444562479,0.0400705487686186,0.0818778080783929,0.116461444562479,"","ALDEx2_kw"
"k__Bacteria|p__Bacteroidota|c__Bacteroidia|o__Flavobacteriales|f__Flavobacteriaceae|g__Hoppeia|s__|ASV_1461","ColaDeBallena - EsteroZacatecas","k__Bacteria|p__Bacteroidota|c__Bacteroidia|o__Flavobacteriales|f__Flavobacteriaceae|g__Hoppeia|s__|ASV_1461",0.147644364633739,0.247699470577861,0.164010953118469,0.243999333541192,0.247699470577861,"","ALDEx2_kw"
"k__Bacteria|p__Bacteroidota|c__Bacteroidia|o__Flavobacteriales|f__Flavobacteriaceae|g__Robertkochia|s__|ASV_3583","ColaDeBallena - EsteroZacatecas","k__Bacteria|p__Bacteroidota|c__Bacteroidia|o__Flavobacteriales|f__Flavobacteriaceae|g__Robertkochia|s__|ASV_3583",0.522969181742445,0.621766236436077,0.526292964380216,0.619225044092898,0.621766236436077,"","ALDEx2_kw"
"k__Bacteria|p__Balneolota|c__Balneolia|o__Balneolales|f__Balneolaceae|g__|s__|ASV_1012","ColaDeBallena - EsteroZacatecas","k__Bacteria|p__Balneolota|c__Balneolia|o__Balneolales|f__Balneolaceae|g__|s__|ASV_1012",0.0896732935522294,0.173197577952483,0.0978864281699157,0.165517748800087,0.173197577952483,"","ALDEx2_kw"
"k__Bacteria|p__Cyanobacteriota|c__Cyanobacteriia|o__Phormidesmiales|f__Phormidesmiaceae|g__Phormidium_MBIC10003|s__|ASV_13926","ColaDeBallena - EsteroZacatecas","k__Bacteria|p__Cyanobacteriota|c__Cyanobacteriia|o__Phormidesmiales|f__Phormidesmiaceae|g__Phormidium_MBIC10003|s__|ASV_13926",0.465268249229722,0.56650721267909,0.447533885011225,0.54161261599152,0.56650721267909,"","ALDEx2_kw"
"k__Bacteria|p__Hydrogenedentes|c__Hydrogenedentia|o__Hydrogenedentiales|f__Hydrogenedensaceae|g__|s__|ASV_14174","ColaDeBallena - EsteroZacatecas","k__Bacteria|p__Hydrogenedentes|c__Hydrogenedentia|o__Hydrogenedentiales|f__Hydrogenedensaceae|g__|s__|ASV_14174",0.000779746564216253,0.0114005252994934,0.0015727883462685,0.00643845515623139,0.0114005252994934,"*","ALDEx2_kw"
"k__Bacteria|p__Nitrospirota|c__Nitrospiria|o__Nitrospirales|f__Nitrospiraceae|g__Nitrospira|s__|ASV_10748","ColaDeBallena - EsteroZacatecas","k__Bacteria|p__Nitrospirota|c__Nitrospiria|o__Nitrospirales|f__Nitrospiraceae|g__Nitrospira|s__|ASV_10748",0.304220338925532,0.40785683835722,0.225494149692893,0.312831220171213,0.40785683835722,"","ALDEx2_kw"
"k__Bacteria|p__Pseudomonadota|c__Alphaproteobacteria|o__Rhodobacterales|f__Paracoccaceae|g__|s__|ASV_3279","ColaDeBallena - EsteroZacatecas","k__Bacteria|p__Pseudomonadota|c__Alphaproteobacteria|o__Rhodobacterales|f__Paracoccaceae|g__|s__|ASV_3279",0.353199970671737,0.459430386653838,0.310847613642761,0.410935221257693,0.459430386653838,"","ALDEx2_kw"
"k__Bacteria|p__Pseudomonadota|c__Alphaproteobacteria|o__Sphingomonadales|f__Sphingomonadaceae|g__Sphingomicrobium|s__|ASV_6904","ColaDeBallena - EsteroZacatecas","k__Bacteria|p__Pseudomonadota|c__Alphaproteobacteria|o__Sphingomonadales|f__Sphingomonadaceae|g__Sphingomicrobium|s__|ASV_6904",0.554942735614323,0.645898885670266,0.508417834401346,0.600949892037828,0.645898885670266,"","ALDEx2_kw"
"k__Bacteria|p__Pseudomonadota|c__Gammaproteobacteria|o__Pseudomonadales|f__Halomonadaceae|g__Halomonas|s__|ASV_8266","ColaDeBallena - EsteroZacatecas","k__Bacteria|p__Pseudomonadota|c__Gammaproteobacteria|o__Pseudomonadales|f__Halomonadaceae|g__Halomonas|s__|ASV_8266",0.247955197558108,0.348310561007058,0.198253283086138,0.281695888597654,0.348310561007058,"","ALDEx2_kw"
"k__Bacteria|p__Pseudomonadota|c__Gammaproteobacteria|o__Steroidobacterales|f__Woeseiaceae|g__Woeseia|s__|ASV_11187","ColaDeBallena - EsteroZacatecas","k__Bacteria|p__Pseudomonadota|c__Gammaproteobacteria|o__Steroidobacterales|f__Woeseiaceae|g__Woeseia|s__|ASV_11187",0.515645940750693,0.610522136733169,0.44827045094924,0.545655092170756,0.610522136733169,"","ALDEx2_kw"
"k__Bacteria|p__Pseudomonadota|c__Gammaproteobacteria|o__Steroidobacterales|f__Woeseiaceae|g__Woeseia|s__|ASV_14750","ColaDeBallena - EsteroZacatecas","k__Bacteria|p__Pseudomonadota|c__Gammaproteobacteria|o__Steroidobacterales|f__Woeseiaceae|g__Woeseia|s__|ASV_14750",0.443579543617069,0.544525684738152,0.365145693038172,0.457101537696712,0.544525684738152,"","ALDEx2_kw"
"k__Bacteria|p__Actinomycetota|c__Acidimicrobiia|o__Microtrichales|f__Microtrichaceae|g__|s__|ASV_12814","ColaDeBallena - EsteroZacatecas","k__Bacteria|p__Actinomycetota|c__Acidimicrobiia|o__Microtrichales|f__Microtrichaceae|g__|s__|ASV_12814",0.328789572614873,0.43458126773834,0.307838475843229,0.404562418503787,0.43458126773834,"","ALDEx2_kw"
"k__Bacteria|p__Actinomycetota|c__Actinobacteria|o__Nitriliruptorales|f__Nitriliruptoraceae|g__|s__|ASV_633","ColaDeBallena - EsteroZacatecas","k__Bacteria|p__Actinomycetota|c__Actinobacteria|o__Nitriliruptorales|f__Nitriliruptoraceae|g__|s__|ASV_633",0.460334792707584,0.564919322535949,0.455989652981944,0.552196579716999,0.564919322535949,"","ALDEx2_kw"
"k__Bacteria|p__Bacteroidota|c__Bacteroidia|o__Cytophagales|f__Cyclobacteriaceae|g__Ekhidna|s__|ASV_14662","ColaDeBallena - EsteroZacatecas","k__Bacteria|p__Bacteroidota|c__Bacteroidia|o__Cytophagales|f__Cyclobacteriaceae|g__Ekhidna|s__|ASV_14662",0.114651606623993,0.205928266368369,0.124621160607761,0.193161088734767,0.205928266368369,"","ALDEx2_kw"
"k__Bacteria|p__Chloroflexota|c__Anaerolineae|o__Caldilineales|f__Caldilineaceae|g__|s__|ASV_1226","ColaDeBallena - EsteroZacatecas","k__Bacteria|p__Chloroflexota|c__Anaerolineae|o__Caldilineales|f__Caldilineaceae|g__|s__|ASV_1226",0.173306468414085,0.270064393897136,0.150689835801293,0.228675315525112,0.270064393897136,"","ALDEx2_kw"
"k__Bacteria|p__Myxococcota|c__Polyangiia|o__Haliangiales|f__Haliangiaceae|g__|s__|ASV_15528","ColaDeBallena - EsteroZacatecas","k__Bacteria|p__Myxococcota|c__Polyangiia|o__Haliangiales|f__Haliangiaceae|g__|s__|ASV_15528",0.0263191143542292,0.0770715965529515,0.0315132713703834,0.0698841391057446,0.0770715965529515,"","ALDEx2_kw"
"k__Bacteria|p__Planctomycetota|c__Planctomycetes|o__Pirellulales|f__Pirellulaceae|g__Bythopirellula|s__|ASV_14072","ColaDeBallena - EsteroZacatecas","k__Bacteria|p__Planctomycetota|c__Planctomycetes|o__Pirellulales|f__Pirellulaceae|g__Bythopirellula|s__|ASV_14072",0.593620274110686,0.685303500389991,0.593109949252732,0.681100967354479,0.685303500389991,"","ALDEx2_kw"
"k__Bacteria|p__Pseudomonadota|c__Alphaproteobacteria|o__Rhodobacterales|f__Paracoccaceae|g__Allosediminivita|s__|ASV_12916","ColaDeBallena - EsteroZacatecas","k__Bacteria|p__Pseudomonadota|c__Alphaproteobacteria|o__Rhodobacterales|f__Paracoccaceae|g__Allosediminivita|s__|ASV_12916",0.414562716770096,0.508312985935308,0.325243575020154,0.415952310901671,0.508312985935308,"","ALDEx2_kw"
"k__Bacteria|p__Pseudomonadota|c__Alphaproteobacteria|o__Rhodobacterales|f__Paracoccaceae|g__Pikeienuella|s__|ASV_14678","ColaDeBallena - EsteroZacatecas","k__Bacteria|p__Pseudomonadota|c__Alphaproteobacteria|o__Rhodobacterales|f__Paracoccaceae|g__Pikeienuella|s__|ASV_14678",0.0494024482167488,0.116789537711924,0.0371375509838653,0.0782456383262526,0.116789537711924,"","ALDEx2_kw"
"k__Bacteria|p__Pseudomonadota|c__Alphaproteobacteria|o__Rhodobacterales|f__Paracoccaceae|g__|s__|ASV_10800","ColaDeBallena - EsteroZacatecas","k__Bacteria|p__Pseudomonadota|c__Alphaproteobacteria|o__Rhodobacterales|f__Paracoccaceae|g__|s__|ASV_10800",0.589955665040976,0.679902900568541,0.515295526569662,0.60605807329857,0.679902900568541,"","ALDEx2_kw"
"k__Bacteria|p__Pseudomonadota|c__Alphaproteobacteria|o__Sphingomonadales|f__Sphingomonadaceae|g__Qipengyuania|s__|ASV_3190","ColaDeBallena - EsteroZacatecas","k__Bacteria|p__Pseudomonadota|c__Alphaproteobacteria|o__Sphingomonadales|f__Sphingomonadaceae|g__Qipengyuania|s__|ASV_3190",0.504901832168109,0.599917190320968,0.428733777345185,0.523502100615982,0.599917190320968,"","ALDEx2_kw"
"k__Bacteria|p__Bacteroidota|c__Bacteroidia|o__Flavobacteriales|f__Flavobacteriaceae|g__Muricauda|s__|ASV_4268","ColaDeBallena - EsteroZacatecas","k__Bacteria|p__Bacteroidota|c__Bacteroidia|o__Flavobacteriales|f__Flavobacteriaceae|g__Muricauda|s__|ASV_4268",0.450454937080729,0.55056440234244,0.386601314894664,0.480605524990707,0.55056440234244,"","ALDEx2_kw"
"k__Bacteria|p__Bacteroidota|c__Bacteroidia|o__Flavobacteriales|f__Flavobacteriaceae|g__Robiginitalea|s__|ASV_15981","ColaDeBallena - EsteroZacatecas","k__Bacteria|p__Bacteroidota|c__Bacteroidia|o__Flavobacteriales|f__Flavobacteriaceae|g__Robiginitalea|s__|ASV_15981",0.167967847581968,0.263328819331425,0.145485749535873,0.221050807986228,0.263328819331425,"","ALDEx2_kw"
"k__Bacteria|p__Pseudomonadota|c__Alphaproteobacteria|o__Hyphomicrobiales|f__Rhizobiaceae|g__|s__|ASV_7337","ColaDeBallena - EsteroZacatecas","k__Bacteria|p__Pseudomonadota|c__Alphaproteobacteria|o__Hyphomicrobiales|f__Rhizobiaceae|g__|s__|ASV_7337",0.317353165175233,0.425630783130885,0.287382091151933,0.378236172029916,0.425630783130885,"","ALDEx2_kw"
"k__Bacteria|p__Pseudomonadota|c__Gammaproteobacteria|o__Chromatiales|f__Chromatiaceae|g__Candidatus_Thiobios|s__|ASV_6706","ColaDeBallena - EsteroZacatecas","k__Bacteria|p__Pseudomonadota|c__Gammaproteobacteria|o__Chromatiales|f__Chromatiaceae|g__Candidatus_Thiobios|s__|ASV_6706",0.260653422369405,0.364239127714533,0.205791368490674,0.292722713535507,0.364239127714533,"","ALDEx2_kw"
"k__Bacteria|p__Pseudomonadota|c__Gammaproteobacteria|o__Enterobacterales|f__Vibrionaceae|g__Catenococcus|s__|ASV_14741","ColaDeBallena - EsteroZacatecas","k__Bacteria|p__Pseudomonadota|c__Gammaproteobacteria|o__Enterobacterales|f__Vibrionaceae|g__Catenococcus|s__|ASV_14741",0.0309831045679534,0.0891605495472216,0.0252433578179623,0.0634158888557673,0.0891605495472216,"","ALDEx2_kw"
"k__Bacteria|p__Thermodesulfobacteriota|c__Desulfobulbia|o__Desulfobulbales|f__Desulfocapsaceae|g__|s__|ASV_15239","ColaDeBallena - EsteroZacatecas","k__Bacteria|p__Thermodesulfobacteriota|c__Desulfobulbia|o__Desulfobulbales|f__Desulfocapsaceae|g__|s__|ASV_15239",0.578790287106817,0.673564490922397,0.561880701423015,0.654848615352841,0.673564490922397,"","ALDEx2_kw"
"k__Bacteria|p__Actinomycetota|c__Actinobacteria|o__Nitriliruptorales|f__Nitriliruptoraceae|g__|s__|ASV_856","ColaDeBallena - EsteroZacatecas","k__Bacteria|p__Actinomycetota|c__Actinobacteria|o__Nitriliruptorales|f__Nitriliruptoraceae|g__|s__|ASV_856",0.430096148825633,0.531871041107168,0.355508158066824,0.450694192599854,0.531871041107168,"","ALDEx2_kw"
"k__Bacteria|p__Bacteroidota|c__Bacteroidia|o__Chitinophagales|f__Saprospiraceae|g__Lewinella|s__|ASV_12953","ColaDeBallena - EsteroZacatecas","k__Bacteria|p__Bacteroidota|c__Bacteroidia|o__Chitinophagales|f__Saprospiraceae|g__Lewinella|s__|ASV_12953",0.300590660868312,0.408864574223392,0.265497346560875,0.358648261137022,0.408864574223392,"","ALDEx2_kw"
"k__Bacteria|p__Bacteroidota|c__Bacteroidia|o__Flavobacteriales|f__Flavobacteriaceae|g__Robiginitalea|s__|ASV_12043","ColaDeBallena - EsteroZacatecas","k__Bacteria|p__Bacteroidota|c__Bacteroidia|o__Flavobacteriales|f__Flavobacteriaceae|g__Robiginitalea|s__|ASV_12043",0.595575406570488,0.687683375435048,0.589553287116831,0.677310266609685,0.687683375435048,"","ALDEx2_kw"
"k__Bacteria|p__Bacteroidota|c__Bacteroidia|o__Flavobacteriales|f__Flavobacteriaceae|g__|s__|ASV_2932","ColaDeBallena - EsteroZacatecas","k__Bacteria|p__Bacteroidota|c__Bacteroidia|o__Flavobacteriales|f__Flavobacteriaceae|g__|s__|ASV_2932",0.167206572609218,0.260903324976176,0.152859082344866,0.22641979909198,0.260903324976176,"","ALDEx2_kw"
"k__Bacteria|p__Chloroflexota|c__Anaerolineae|o__Aggregatilineales|f__A4b|g__|s__|ASV_12727","ColaDeBallena - EsteroZacatecas","k__Bacteria|p__Chloroflexota|c__Anaerolineae|o__Aggregatilineales|f__A4b|g__|s__|ASV_12727",0.284750083313783,0.385900055748874,0.242489726877929,0.329601123210637,0.385900055748874,"","ALDEx2_kw"
"k__Bacteria|p__Chloroflexota|c__Anaerolineae|o__Caldilineales|f__Caldilineaceae|g__|s__|ASV_14004","ColaDeBallena - EsteroZacatecas","k__Bacteria|p__Chloroflexota|c__Anaerolineae|o__Caldilineales|f__Caldilineaceae|g__|s__|ASV_14004",0.585626633418204,0.679242777212959,0.539567734386125,0.635930942698068,0.679242777212959,"","ALDEx2_kw"
"k__Bacteria|p__Pseudomonadota|c__Alphaproteobacteria|o__Hyphomicrobiales|f__Hyphomicrobiaceae|g__Filomicrobium|s__|ASV_130","ColaDeBallena - EsteroZacatecas","k__Bacteria|p__Pseudomonadota|c__Alphaproteobacteria|o__Hyphomicrobiales|f__Hyphomicrobiaceae|g__Filomicrobium|s__|ASV_130",0.142083150476827,0.248516718543727,0.188954360832138,0.279247707067357,0.248516718543727,"","ALDEx2_kw"
"k__Bacteria|p__Pseudomonadota|c__Alphaproteobacteria|o__Kiloniellales|f__Kiloniellaceae|g__Pelagibius|s__|ASV_4281","ColaDeBallena - EsteroZacatecas","k__Bacteria|p__Pseudomonadota|c__Alphaproteobacteria|o__Kiloniellales|f__Kiloniellaceae|g__Pelagibius|s__|ASV_4281",0.190191177765173,0.291102522284836,0.130774000002244,0.208738479119557,0.291102522284836,"","ALDEx2_kw"
"k__Bacteria|p__Pseudomonadota|c__Gammaproteobacteria|o__Chromatiales|f__Chromatiaceae|g__Thiohalocapsa|s__|ASV_14778","ColaDeBallena - EsteroZacatecas","k__Bacteria|p__Pseudomonadota|c__Gammaproteobacteria|o__Chromatiales|f__Chromatiaceae|g__Thiohalocapsa|s__|ASV_14778",0.334596795562171,0.442272870844417,0.263817718342185,0.351693324478921,0.442272870844417,"","ALDEx2_kw"
"k__Bacteria|p__Rhodothermota|c__Rhodothermia|o__Rhodothermales|f__Rhodothermaceae|g__|s__|ASV_12679","ColaDeBallena - EsteroZacatecas","k__Bacteria|p__Rhodothermota|c__Rhodothermia|o__Rhodothermales|f__Rhodothermaceae|g__|s__|ASV_12679",0.308685041097911,0.416396179602137,0.260378611124273,0.354298781771999,0.416396179602137,"","ALDEx2_kw"
"k__Bacteria|p__Rhodothermota|c__Rhodothermia|o__Rhodothermales|f__Rhodothermaceae|g__|s__|ASV_13110","ColaDeBallena - EsteroZacatecas","k__Bacteria|p__Rhodothermota|c__Rhodothermia|o__Rhodothermales|f__Rhodothermaceae|g__|s__|ASV_13110",0.353187869367618,0.45921147633475,0.267696386867428,0.361044321157703,0.45921147633475,"","ALDEx2_kw"
"k__Bacteria|p__Actinomycetota|c__Actinobacteria|o__Euzebyales|f__Euzebyaceae|g__Euzebya|s__|ASV_2264","ColaDeBallena - EsteroZacatecas","k__Bacteria|p__Actinomycetota|c__Actinobacteria|o__Euzebyales|f__Euzebyaceae|g__Euzebya|s__|ASV_2264",0.121413917686835,0.214113222053818,0.109548875495989,0.180334715014874,0.214113222053818,"","ALDEx2_kw"
"k__Bacteria|p__Cyanobacteriota|c__Cyanobacteriia|o__Cyanobacteriales|f__Xenococcaceae|g__Pleurocapsa_PCC-7319|s__|ASV_14141","ColaDeBallena - EsteroZacatecas","k__Bacteria|p__Cyanobacteriota|c__Cyanobacteriia|o__Cyanobacteriales|f__Xenococcaceae|g__Pleurocapsa_PCC-7319|s__|ASV_14141",0.361802903359247,0.472797967901616,0.328713155093307,0.428834687804605,0.472797967901616,"","ALDEx2_kw"
"k__Bacteria|p__Pseudomonadota|c__Alphaproteobacteria|o__Kiloniellales|f__Kiloniellaceae|g__Pelagibius|s__|ASV_14443","ColaDeBallena - EsteroZacatecas","k__Bacteria|p__Pseudomonadota|c__Alphaproteobacteria|o__Kiloniellales|f__Kiloniellaceae|g__Pelagibius|s__|ASV_14443",0.430925083465181,0.527965524704431,0.401920220697004,0.492126000735561,0.527965524704431,"","ALDEx2_kw"
"k__Bacteria|p__Pseudomonadota|c__Gammaproteobacteria|o__Ectothiorhodospirales|f__Ectothiorhodospiraceae|g__Thiogranum|s__|ASV_6435","ColaDeBallena - EsteroZacatecas","k__Bacteria|p__Pseudomonadota|c__Gammaproteobacteria|o__Ectothiorhodospirales|f__Ectothiorhodospiraceae|g__Thiogranum|s__|ASV_6435",0.109699312931076,0.192330329479898,0.0761787502028367,0.13289876449369,0.192330329479898,"","ALDEx2_kw"
"k__Bacteria|p__Pseudomonadota|c__Gammaproteobacteria|o__Pseudomonadales|f__Halieaceae|g__|s__|ASV_13665","ColaDeBallena - EsteroZacatecas","k__Bacteria|p__Pseudomonadota|c__Gammaproteobacteria|o__Pseudomonadales|f__Halieaceae|g__|s__|ASV_13665",0.100039078794423,0.192537394418558,0.118969317886078,0.18889357686092,0.192537394418558,"","ALDEx2_kw"
"k__Bacteria|p__Verrucomicrobiota|c__Verrucomicrobiia|o__Opitutales|f__Puniceicoccaceae|g__Pelagicoccus|s__|ASV_14309","ColaDeBallena - EsteroZacatecas","k__Bacteria|p__Verrucomicrobiota|c__Verrucomicrobiia|o__Opitutales|f__Puniceicoccaceae|g__Pelagicoccus|s__|ASV_14309",0.2138793958374,0.316654620901685,0.226251311703672,0.307828872482977,0.316654620901685,"","ALDEx2_kw"
"k__Bacteria|p__Bacteroidota|c__Bacteroidia|o__Chitinophagales|f__Saprospiraceae|g__Flavilitoribacter|s__|ASV_15475","ColaDeBallena - EsteroZacatecas","k__Bacteria|p__Bacteroidota|c__Bacteroidia|o__Chitinophagales|f__Saprospiraceae|g__Flavilitoribacter|s__|ASV_15475",0.104484642149888,0.193970539092254,0.127834558144501,0.199047717346967,0.193970539092254,"","ALDEx2_kw"
"k__Bacteria|p__Chloroflexota|c__Anaerolineae|o__Aggregatilineales|f__A4b|g__|s__|ASV_8302","ColaDeBallena - EsteroZacatecas","k__Bacteria|p__Chloroflexota|c__Anaerolineae|o__Aggregatilineales|f__A4b|g__|s__|ASV_8302",0.395655652933234,0.504945375875338,0.384666261698575,0.477753024463937,0.504945375875338,"","ALDEx2_kw"
"k__Bacteria|p__Deinococcota|c__Deinococci|o__Deinococcales|f__Trueperaceae|g__Truepera|s__|ASV_12777","ColaDeBallena - EsteroZacatecas","k__Bacteria|p__Deinococcota|c__Deinococci|o__Deinococcales|f__Trueperaceae|g__Truepera|s__|ASV_12777",0.550226910209462,0.642300971742767,0.532948636431011,0.625433172455317,0.642300971742767,"","ALDEx2_kw"
"k__Bacteria|p__Planctomycetota|c__Planctomycetes|o__Pirellulales|f__Pirellulaceae|g__Blastopirellula|s__|ASV_12568","ColaDeBallena - EsteroZacatecas","k__Bacteria|p__Planctomycetota|c__Planctomycetes|o__Pirellulales|f__Pirellulaceae|g__Blastopirellula|s__|ASV_12568",0.586971639839567,0.683117166527713,0.570995121576397,0.662333175572874,0.683117166527713,"","ALDEx2_kw"
"k__Bacteria|p__Pseudomonadota|c__Alphaproteobacteria|o__Rhodobacterales|f__Paracoccaceae|g__Jannaschia|s__|ASV_7536","ColaDeBallena - EsteroZacatecas","k__Bacteria|p__Pseudomonadota|c__Alphaproteobacteria|o__Rhodobacterales|f__Paracoccaceae|g__Jannaschia|s__|ASV_7536",0.538488038696875,0.63508760398389,0.471501817944392,0.566247120977932,0.63508760398389,"","ALDEx2_kw"
"k__Bacteria|p__Pseudomonadota|c__Alphaproteobacteria|o__Rhodobacterales|f__Paracoccaceae|g__|s__|ASV_1099","ColaDeBallena - EsteroZacatecas","k__Bacteria|p__Pseudomonadota|c__Alphaproteobacteria|o__Rhodobacterales|f__Paracoccaceae|g__|s__|ASV_1099",0.35012970369414,0.454696890679416,0.289250505705742,0.385254312449467,0.454696890679416,"","ALDEx2_kw"
"k__Bacteria|p__Pseudomonadota|c__Alphaproteobacteria|o__Sphingomonadales|f__Sphingomonadaceae|g__Croceibacterium|s__|ASV_7944","ColaDeBallena - EsteroZacatecas","k__Bacteria|p__Pseudomonadota|c__Alphaproteobacteria|o__Sphingomonadales|f__Sphingomonadaceae|g__Croceibacterium|s__|ASV_7944",0.5535196506081,0.651582274644487,0.517074643564369,0.612058628874114,0.651582274644487,"","ALDEx2_kw"
"k__Bacteria|p__Pseudomonadota|c__Gammaproteobacteria|o__Ectothiorhodospirales|f__Thioalkalispiraceae|g__|s__|ASV_3277","ColaDeBallena - EsteroZacatecas","k__Bacteria|p__Pseudomonadota|c__Gammaproteobacteria|o__Ectothiorhodospirales|f__Thioalkalispiraceae|g__|s__|ASV_3277",0.39165872104059,0.494118666902643,0.32559844618365,0.41437665831362,0.494118666902643,"","ALDEx2_kw"
"k__Bacteria|p__Pseudomonadota|c__Gammaproteobacteria|o__Enterobacterales|f__Vibrionaceae|g__Vibrio|s__|ASV_7051","ColaDeBallena - EsteroZacatecas","k__Bacteria|p__Pseudomonadota|c__Gammaproteobacteria|o__Enterobacterales|f__Vibrionaceae|g__Vibrio|s__|ASV_7051",0.572621519068971,0.666352789673174,0.511606500291345,0.604273991426913,0.666352789673174,"","ALDEx2_kw"
"k__Bacteria|p__Rhodothermota|c__Rhodothermia|o__Rhodothermales|f__Rhodothermaceae|g__Rubricoccus|s__|ASV_10120","ColaDeBallena - EsteroZacatecas","k__Bacteria|p__Rhodothermota|c__Rhodothermia|o__Rhodothermales|f__Rhodothermaceae|g__Rubricoccus|s__|ASV_10120",0.103914889995753,0.190063240535788,0.135658844391653,0.203466190782325,0.190063240535788,"","ALDEx2_kw"
"k__Bacteria|p__Thermodesulfobacteriota|c__Desulfobacteria|o__Desulfobacterales|f__Desulfosarcinaceae|g__SEEP-SRB1|s__|ASV_13449","ColaDeBallena - EsteroZacatecas","k__Bacteria|p__Thermodesulfobacteriota|c__Desulfobacteria|o__Desulfobacterales|f__Desulfosarcinaceae|g__SEEP-SRB1|s__|ASV_13449",0.670952676438764,0.756476107179034,0.572308398921623,0.66606115773305,0.756476107179034,"","ALDEx2_kw"
"k__Bacteria|p__Bacteroidota|c__Bacteroidia|o__Chitinophagales|f__Saprospiraceae|g__|s__|ASV_1242","ColaDeBallena - EsteroZacatecas","k__Bacteria|p__Bacteroidota|c__Bacteroidia|o__Chitinophagales|f__Saprospiraceae|g__|s__|ASV_1242",0.357386201937784,0.458969299222223,0.34429647511565,0.431858849342609,0.458969299222223,"","ALDEx2_kw"
"k__Bacteria|p__Bacteroidota|c__Bacteroidia|o__Cytophagales|f__Cyclobacteriaceae|g__Tunicatimonas|s__|ASV_15963","ColaDeBallena - EsteroZacatecas","k__Bacteria|p__Bacteroidota|c__Bacteroidia|o__Cytophagales|f__Cyclobacteriaceae|g__Tunicatimonas|s__|ASV_15963",0.358210542340164,0.461693096533918,0.279532959170009,0.37137785797966,0.461693096533918,"","ALDEx2_kw"
"k__Bacteria|p__Planctomycetota|c__Planctomycetes|o__Pirellulales|f__Pirellulaceae|g__Rhodopirellula|s__|ASV_14365","ColaDeBallena - EsteroZacatecas","k__Bacteria|p__Planctomycetota|c__Planctomycetes|o__Pirellulales|f__Pirellulaceae|g__Rhodopirellula|s__|ASV_14365",0.509296050257501,0.611896510152129,0.463500202781919,0.563158353958212,0.611896510152129,"","ALDEx2_kw"
"k__Bacteria|p__Planctomycetota|c__Planctomycetes|o__Pirellulales|f__Pirellulaceae|g__Rhodopirellula|s__|ASV_5930","ColaDeBallena - EsteroZacatecas","k__Bacteria|p__Planctomycetota|c__Planctomycetes|o__Pirellulales|f__Pirellulaceae|g__Rhodopirellula|s__|ASV_5930",0.404590867908465,0.508480320918257,0.346235805187441,0.446936314092191,0.508480320918257,"","ALDEx2_kw"
"k__Bacteria|p__Pseudomonadota|c__Alphaproteobacteria|o__Caulobacterales|f__Hyphomonadaceae|g__Litorimonas|s__|ASV_366","ColaDeBallena - EsteroZacatecas","k__Bacteria|p__Pseudomonadota|c__Alphaproteobacteria|o__Caulobacterales|f__Hyphomonadaceae|g__Litorimonas|s__|ASV_366",0.522660023536005,0.617741759102631,0.439388439145693,0.534583886368726,0.617741759102631,"","ALDEx2_kw"
"k__Bacteria|p__Pseudomonadota|c__Alphaproteobacteria|o__Kiloniellales|f__Kiloniellaceae|g__Pelagibius|s__|ASV_3338","ColaDeBallena - EsteroZacatecas","k__Bacteria|p__Pseudomonadota|c__Alphaproteobacteria|o__Kiloniellales|f__Kiloniellaceae|g__Pelagibius|s__|ASV_3338",0.175747447670975,0.277596624805365,0.134844331952639,0.21098048865302,0.277596624805365,"","ALDEx2_kw"
"k__Bacteria|p__Rhodothermota|c__Rhodothermia|o__Rhodothermales|f__Rhodothermaceae|g__|s__|ASV_5458","ColaDeBallena - EsteroZacatecas","k__Bacteria|p__Rhodothermota|c__Rhodothermia|o__Rhodothermales|f__Rhodothermaceae|g__|s__|ASV_5458",0.59951868687327,0.692108420076461,0.578003070358936,0.66934437947405,0.692108420076461,"","ALDEx2_kw"
"k__Bacteria|p__Actinomycetota|c__Acidimicrobiia|o__Microtrichales|f__Ilumatobacteraceae|g__Ilumatobacter|s__|ASV_8483","ColaDeBallena - EsteroZacatecas","k__Bacteria|p__Actinomycetota|c__Acidimicrobiia|o__Microtrichales|f__Ilumatobacteraceae|g__Ilumatobacter|s__|ASV_8483",0.188601883408396,0.287372692183591,0.181032716559045,0.25979920034174,0.287372692183591,"","ALDEx2_kw"
"k__Bacteria|p__Bacteroidota|c__Bacteroidia|o__Cytophagales|f__Cyclobacteriaceae|g__Tunicatimonas|s__|ASV_4541","ColaDeBallena - EsteroZacatecas","k__Bacteria|p__Bacteroidota|c__Bacteroidia|o__Cytophagales|f__Cyclobacteriaceae|g__Tunicatimonas|s__|ASV_4541",0.391925377214297,0.495439496552947,0.347160355859054,0.439862311301888,0.495439496552947,"","ALDEx2_kw"
"k__Bacteria|p__Pseudomonadota|c__Alphaproteobacteria|o__Kiloniellales|f__Kiloniellaceae|g__Pelagibius|s__|ASV_15689","ColaDeBallena - EsteroZacatecas","k__Bacteria|p__Pseudomonadota|c__Alphaproteobacteria|o__Kiloniellales|f__Kiloniellaceae|g__Pelagibius|s__|ASV_15689",0.44461030876819,0.541466436644906,0.41569216276759,0.508442444971532,0.541466436644906,"","ALDEx2_kw"
"k__Bacteria|p__Pseudomonadota|c__Alphaproteobacteria|o__Sphingomonadales|f__Sphingomonadaceae|g__Croceibacterium|s__|ASV_8946","ColaDeBallena - EsteroZacatecas","k__Bacteria|p__Pseudomonadota|c__Alphaproteobacteria|o__Sphingomonadales|f__Sphingomonadaceae|g__Croceibacterium|s__|ASV_8946",0.543225118992529,0.637792040980374,0.574130765986432,0.663486095535908,0.637792040980374,"","ALDEx2_kw"
"k__Bacteria|p__Pseudomonadota|c__Gammaproteobacteria|o__Pseudomonadales|f__Hahellaceae|g__Hahella|s__|ASV_139","ColaDeBallena - EsteroZacatecas","k__Bacteria|p__Pseudomonadota|c__Gammaproteobacteria|o__Pseudomonadales|f__Hahellaceae|g__Hahella|s__|ASV_139",0.49791169819673,0.600664398852984,0.489476198099015,0.580319358191132,0.600664398852984,"","ALDEx2_kw"
"k__Bacteria|p__Rhodothermota|c__Rhodothermia|o__Rhodothermales|f__Rhodothermaceae|g__Rubrivirga|s__|ASV_123","ColaDeBallena - EsteroZacatecas","k__Bacteria|p__Rhodothermota|c__Rhodothermia|o__Rhodothermales|f__Rhodothermaceae|g__Rubrivirga|s__|ASV_123",0.324994848163779,0.420629598291803,0.280400334148134,0.362642152378687,0.420629598291803,"","ALDEx2_kw"
"k__Bacteria|p__Actinomycetota|c__Actinobacteria|o__Nitriliruptorales|f__Nitriliruptoraceae|g__|s__|ASV_1950","ColaDeBallena - EsteroZacatecas","k__Bacteria|p__Actinomycetota|c__Actinobacteria|o__Nitriliruptorales|f__Nitriliruptoraceae|g__|s__|ASV_1950",0.2380720848661,0.352317285861046,0.29626363552423,0.388496240638398,0.352317285861046,"","ALDEx2_kw"
"k__Bacteria|p__Cyanobacteriota|c__Cyanobacteriia|o__Cyanobacteriales|f__Xenococcaceae|g__Chroococcidiopsis_PCC-6712|s__|ASV_12044","ColaDeBallena - EsteroZacatecas","k__Bacteria|p__Cyanobacteriota|c__Cyanobacteriia|o__Cyanobacteriales|f__Xenococcaceae|g__Chroococcidiopsis_PCC-6712|s__|ASV_12044",0.349056162129002,0.451000122206866,0.281839400846053,0.369526704109751,0.451000122206866,"","ALDEx2_kw"
"k__Bacteria|p__Pseudomonadota|c__Alphaproteobacteria|o__Rhodobacterales|f__Paracoccaceae|g__Pikeienuella|s__|ASV_9663","ColaDeBallena - EsteroZacatecas","k__Bacteria|p__Pseudomonadota|c__Alphaproteobacteria|o__Rhodobacterales|f__Paracoccaceae|g__Pikeienuella|s__|ASV_9663",0.169907204461204,0.264840385440251,0.125270514244102,0.197345609491521,0.264840385440251,"","ALDEx2_kw"
"k__Bacteria|p__Pseudomonadota|c__Alphaproteobacteria|o__Rhodobacterales|f__Paracoccaceae|g__Sediminimonas|s__|ASV_528","ColaDeBallena - EsteroZacatecas","k__Bacteria|p__Pseudomonadota|c__Alphaproteobacteria|o__Rhodobacterales|f__Paracoccaceae|g__Sediminimonas|s__|ASV_528",0.0978404953217928,0.181506416164654,0.120820537029518,0.187465537005399,0.181506416164654,"","ALDEx2_kw"
"k__Bacteria|p__Pseudomonadota|c__Gammaproteobacteria|o__Enterobacterales|f__Vibrionaceae|g__Vibrio|s__|ASV_1395","ColaDeBallena - EsteroZacatecas","k__Bacteria|p__Pseudomonadota|c__Gammaproteobacteria|o__Enterobacterales|f__Vibrionaceae|g__Vibrio|s__|ASV_1395",0.155884826565606,0.254237631304511,0.129587143303098,0.20296142084492,0.254237631304511,"","ALDEx2_kw"
"k__Bacteria|p__Rhodothermota|c__Rhodothermia|o__Rhodothermales|f__Rhodothermaceae|g__Rubrivirga|s__|ASV_12511","ColaDeBallena - EsteroZacatecas","k__Bacteria|p__Rhodothermota|c__Rhodothermia|o__Rhodothermales|f__Rhodothermaceae|g__Rubrivirga|s__|ASV_12511",0.285225911647176,0.384500449194586,0.233016997656439,0.324781766150525,0.384500449194586,"","ALDEx2_kw"
"k__Bacteria|p__Rhodothermota|c__Rhodothermia|o__Rhodothermales|f__Rhodothermaceae|g__Rubrivirga|s__|ASV_15801","ColaDeBallena - EsteroZacatecas","k__Bacteria|p__Rhodothermota|c__Rhodothermia|o__Rhodothermales|f__Rhodothermaceae|g__Rubrivirga|s__|ASV_15801",0.327158143421551,0.429421223295285,0.292085708768582,0.378642254313979,0.429421223295285,"","ALDEx2_kw"
"k__Bacteria|p__Rhodothermota|c__Rhodothermia|o__Rhodothermales|f__Rhodothermaceae|g__|s__|ASV_14251","ColaDeBallena - EsteroZacatecas","k__Bacteria|p__Rhodothermota|c__Rhodothermia|o__Rhodothermales|f__Rhodothermaceae|g__|s__|ASV_14251",0.201654419620231,0.300851826387719,0.145809177799584,0.225056442653454,0.300851826387719,"","ALDEx2_kw"
"k__Bacteria|p__Verrucomicrobiota|c__Verrucomicrobiia|o__Verrucomicrobiales|f__Rubritaleaceae|g__Haloferula|s__|ASV_8423","ColaDeBallena - EsteroZacatecas","k__Bacteria|p__Verrucomicrobiota|c__Verrucomicrobiia|o__Verrucomicrobiales|f__Rubritaleaceae|g__Haloferula|s__|ASV_8423",0.169444849057541,0.262209400945554,0.129576805878429,0.200494336176804,0.262209400945554,"","ALDEx2_kw"
"k__Bacteria|p__Actinomycetota|c__Acidimicrobiia|o__Microtrichales|f__Ilumatobacteraceae|g__Ilumatobacter|s__|ASV_11502","ColaDeBallena - EsteroZacatecas","k__Bacteria|p__Actinomycetota|c__Acidimicrobiia|o__Microtrichales|f__Ilumatobacteraceae|g__Ilumatobacter|s__|ASV_11502",0.418954168889059,0.517726621448727,0.347645146131546,0.434497864068954,0.517726621448727,"","ALDEx2_kw"
"k__Bacteria|p__Bacteroidota|c__Bacteroidia|o__Cytophagales|f__Cyclobacteriaceae|g__Marinoscillum|s__|ASV_7754","ColaDeBallena - EsteroZacatecas","k__Bacteria|p__Bacteroidota|c__Bacteroidia|o__Cytophagales|f__Cyclobacteriaceae|g__Marinoscillum|s__|ASV_7754",0.0257326327382888,0.0721703987395521,0.0299167436031893,0.0589593488301068,0.0721703987395521,"","ALDEx2_kw"
"k__Bacteria|p__Bacteroidota|c__Bacteroidia|o__Flavobacteriales|f__Flavobacteriaceae|g__Gramella|s__|ASV_1032","ColaDeBallena - EsteroZacatecas","k__Bacteria|p__Bacteroidota|c__Bacteroidia|o__Flavobacteriales|f__Flavobacteriaceae|g__Gramella|s__|ASV_1032",0.50836483918011,0.60421068809363,0.508376680994715,0.599842882538595,0.60421068809363,"","ALDEx2_kw"
"k__Bacteria|p__Bacteroidota|c__Bacteroidia|o__Flavobacteriales|f__Flavobacteriaceae|g__Nonlabens|s__|ASV_11333","ColaDeBallena - EsteroZacatecas","k__Bacteria|p__Bacteroidota|c__Bacteroidia|o__Flavobacteriales|f__Flavobacteriaceae|g__Nonlabens|s__|ASV_11333",0.157775465686319,0.262461532312934,0.145589375452673,0.227533873898031,0.262461532312934,"","ALDEx2_kw"
"k__Bacteria|p__Myxococcota|c__Polyangiia|o__Polyangiales|f__Sandaracinaceae|g__|s__|ASV_3686","ColaDeBallena - EsteroZacatecas","k__Bacteria|p__Myxococcota|c__Polyangiia|o__Polyangiales|f__Sandaracinaceae|g__|s__|ASV_3686",0.51826006026792,0.615019528149332,0.518534130178601,0.611009481536506,0.615019528149332,"","ALDEx2_kw"
"k__Bacteria|p__Pseudomonadota|c__Alphaproteobacteria|o__Hyphomicrobiales|f__Devosiaceae|g__|s__|ASV_13035","ColaDeBallena - EsteroZacatecas","k__Bacteria|p__Pseudomonadota|c__Alphaproteobacteria|o__Hyphomicrobiales|f__Devosiaceae|g__|s__|ASV_13035",0.0896261549524773,0.171228066675826,0.0813645230452415,0.143634727021017,0.171228066675826,"","ALDEx2_kw"
"k__Bacteria|p__Pseudomonadota|c__Alphaproteobacteria|o__Hyphomicrobiales|f__Rhizobiaceae|g__|s__|ASV_7290","ColaDeBallena - EsteroZacatecas","k__Bacteria|p__Pseudomonadota|c__Alphaproteobacteria|o__Hyphomicrobiales|f__Rhizobiaceae|g__|s__|ASV_7290",0.0615214952578882,0.130700341118165,0.0551673882230505,0.106941746327652,0.130700341118165,"","ALDEx2_kw"
"k__Bacteria|p__Pseudomonadota|c__Alphaproteobacteria|o__Kiloniellales|f__Kiloniellaceae|g__Tistlia|s__|ASV_11585","ColaDeBallena - EsteroZacatecas","k__Bacteria|p__Pseudomonadota|c__Alphaproteobacteria|o__Kiloniellales|f__Kiloniellaceae|g__Tistlia|s__|ASV_11585",0.12049737398115,0.209548836831624,0.0897312869120053,0.152846316625977,0.209548836831624,"","ALDEx2_kw"
"k__Bacteria|p__Pseudomonadota|c__Alphaproteobacteria|o__Rhodobacterales|f__Paracoccaceae|g__Jannaschia|s__|ASV_12644","ColaDeBallena - EsteroZacatecas","k__Bacteria|p__Pseudomonadota|c__Alphaproteobacteria|o__Rhodobacterales|f__Paracoccaceae|g__Jannaschia|s__|ASV_12644",0.474438617701086,0.578029951070108,0.387297324446926,0.485942223630332,0.578029951070108,"","ALDEx2_kw"
"k__Bacteria|p__Pseudomonadota|c__Gammaproteobacteria|o__Chromatiales|f__Sedimenticolaceae|g__Sedimenticola|s__|ASV_271","ColaDeBallena - EsteroZacatecas","k__Bacteria|p__Pseudomonadota|c__Gammaproteobacteria|o__Chromatiales|f__Sedimenticolaceae|g__Sedimenticola|s__|ASV_271",0.00211801376368924,0.0188458888012414,0.00371417393037615,0.0128942775245411,0.0188458888012414,"*","ALDEx2_kw"
"k__Bacteria|p__Pseudomonadota|c__Gammaproteobacteria|o__Enterobacterales|f__Alteromonadaceae|g__Glaciecola|s__|ASV_8800","ColaDeBallena - EsteroZacatecas","k__Bacteria|p__Pseudomonadota|c__Gammaproteobacteria|o__Enterobacterales|f__Alteromonadaceae|g__Glaciecola|s__|ASV_8800",0.337910361145277,0.446052730552227,0.285348466098267,0.380521050755119,0.446052730552227,"","ALDEx2_kw"
"k__Bacteria|p__Acidobacteriota|c__Blastocatellia|o__Blastocatellales|f__Blastocatellaceae|g__Blastocatella|s__|ASV_7595","ColaDeBallena - EsteroZacatecas","k__Bacteria|p__Acidobacteriota|c__Blastocatellia|o__Blastocatellales|f__Blastocatellaceae|g__Blastocatella|s__|ASV_7595",0.339060716527712,0.442215756458586,0.3134533095922,0.4049398608365,0.442215756458586,"","ALDEx2_kw"
"k__Bacteria|p__Actinomycetota|c__Acidimicrobiia|o__Microtrichales|f__Microtrichaceae|g__Sva0996_marine_group|s__|ASV_8762","ColaDeBallena - EsteroZacatecas","k__Bacteria|p__Actinomycetota|c__Acidimicrobiia|o__Microtrichales|f__Microtrichaceae|g__Sva0996_marine_group|s__|ASV_8762",0.42605087330628,0.534683038595092,0.393196740086714,0.48980993265878,0.534683038595092,"","ALDEx2_kw"
"k__Bacteria|p__Bacteroidota|c__Bacteroidia|o__Bacteroidales|f__Prolixibacteraceae|g__Draconibacterium|s__|ASV_10943","ColaDeBallena - EsteroZacatecas","k__Bacteria|p__Bacteroidota|c__Bacteroidia|o__Bacteroidales|f__Prolixibacteraceae|g__Draconibacterium|s__|ASV_10943",0.0889632208469485,0.170372517515188,0.0646733020326457,0.12259808111351,0.170372517515188,"","ALDEx2_kw"
"k__Bacteria|p__Bacteroidota|c__Bacteroidia|o__Flavobacteriales|f__Cryomorphaceae|g__Vicingus|s__|ASV_578","ColaDeBallena - EsteroZacatecas","k__Bacteria|p__Bacteroidota|c__Bacteroidia|o__Flavobacteriales|f__Cryomorphaceae|g__Vicingus|s__|ASV_578",0.545115907659133,0.635005926078698,0.508267541817671,0.597293854081371,0.635005926078698,"","ALDEx2_kw"
"k__Bacteria|p__Cyanobacteriota|c__Cyanobacteriia|o__Cyanobacteriales|f__Xenococcaceae|g__Chroococcidiopsis_PCC-6712|s__|ASV_3072","ColaDeBallena - EsteroZacatecas","k__Bacteria|p__Cyanobacteriota|c__Cyanobacteriia|o__Cyanobacteriales|f__Xenococcaceae|g__Chroococcidiopsis_PCC-6712|s__|ASV_3072",0.250165542217466,0.353113549907576,0.239555807237058,0.325536448202801,0.353113549907576,"","ALDEx2_kw"
"k__Bacteria|p__Planctomycetota|c__Planctomycetes|o__Pirellulales|f__Pirellulaceae|g__Pir4_lineage|s__|ASV_786","ColaDeBallena - EsteroZacatecas","k__Bacteria|p__Planctomycetota|c__Planctomycetes|o__Pirellulales|f__Pirellulaceae|g__Pir4_lineage|s__|ASV_786",0.229688555169674,0.331766815942804,0.190724690909196,0.273961049197585,0.331766815942804,"","ALDEx2_kw"
"k__Bacteria|p__Planctomycetota|c__Planctomycetes|o__Pirellulales|f__Pirellulaceae|g__Rhodopirellula|s__|ASV_3695","ColaDeBallena - EsteroZacatecas","k__Bacteria|p__Planctomycetota|c__Planctomycetes|o__Pirellulales|f__Pirellulaceae|g__Rhodopirellula|s__|ASV_3695",0.426984490540649,0.532354818654336,0.366852712146366,0.46469679105838,0.532354818654336,"","ALDEx2_kw"
"k__Bacteria|p__Planctomycetota|c__Planctomycetes|o__Planctomycetales|f__Gimesiaceae|g__|s__|ASV_12350","ColaDeBallena - EsteroZacatecas","k__Bacteria|p__Planctomycetota|c__Planctomycetes|o__Planctomycetales|f__Gimesiaceae|g__|s__|ASV_12350",0.0542418385174061,0.121141450175817,0.0577580290560196,0.108171309252326,0.121141450175817,"","ALDEx2_kw"
"k__Bacteria|p__Planctomycetota|c__Planctomycetes|o__Planctomycetales|f__Rubinisphaeraceae|g__Planctomicrobium|s__|ASV_10419","ColaDeBallena - EsteroZacatecas","k__Bacteria|p__Planctomycetota|c__Planctomycetes|o__Planctomycetales|f__Rubinisphaeraceae|g__Planctomicrobium|s__|ASV_10419",0.620949169039388,0.70621165971119,0.608646756058326,0.693167452319164,0.70621165971119,"","ALDEx2_kw"
"k__Bacteria|p__Pseudomonadota|c__Alphaproteobacteria|o__Caulobacterales|f__Parvularculaceae|g__Hyphococcus|s__|ASV_5943","ColaDeBallena - EsteroZacatecas","k__Bacteria|p__Pseudomonadota|c__Alphaproteobacteria|o__Caulobacterales|f__Parvularculaceae|g__Hyphococcus|s__|ASV_5943",0.276675584056041,0.381638087078039,0.260391459909244,0.35173590125041,0.381638087078039,"","ALDEx2_kw"
"k__Bacteria|p__Pseudomonadota|c__Alphaproteobacteria|o__Rhodobacterales|f__Paracoccaceae|g__|s__|ASV_4436","ColaDeBallena - EsteroZacatecas","k__Bacteria|p__Pseudomonadota|c__Alphaproteobacteria|o__Rhodobacterales|f__Paracoccaceae|g__|s__|ASV_4436",0.343370876786973,0.451436146227667,0.311261208636484,0.408497857118645,0.451436146227667,"","ALDEx2_kw"
"k__Bacteria|p__Pseudomonadota|c__Alphaproteobacteria|o__Sphingomonadales|f__Sphingomonadaceae|g__|s__|ASV_10904","ColaDeBallena - EsteroZacatecas","k__Bacteria|p__Pseudomonadota|c__Alphaproteobacteria|o__Sphingomonadales|f__Sphingomonadaceae|g__|s__|ASV_10904",0.330996354743391,0.439260754334677,0.308068313463878,0.402205101420362,0.439260754334677,"","ALDEx2_kw"
"k__Bacteria|p__Pseudomonadota|c__Alphaproteobacteria|o__Sphingomonadales|f__Sphingomonadaceae|g__|s__|ASV_9836","ColaDeBallena - EsteroZacatecas","k__Bacteria|p__Pseudomonadota|c__Alphaproteobacteria|o__Sphingomonadales|f__Sphingomonadaceae|g__|s__|ASV_9836",0.293744002490673,0.392357508121515,0.243414922799666,0.329403175857817,0.392357508121515,"","ALDEx2_kw"
"k__Bacteria|p__Pseudomonadota|c__Gammaproteobacteria|o__Pseudomonadales|f__Pseudohongiellaceae|g__Pseudohongiella|s__|ASV_12563","ColaDeBallena - EsteroZacatecas","k__Bacteria|p__Pseudomonadota|c__Gammaproteobacteria|o__Pseudomonadales|f__Pseudohongiellaceae|g__Pseudohongiella|s__|ASV_12563",0.10645701845507,0.192744218482399,0.0762391247273606,0.138237456810417,0.192744218482399,"","ALDEx2_kw"
"k__Bacteria|p__Rhodothermota|c__Rhodothermia|o__Rhodothermales|f__Rhodothermaceae|g__Rubrivirga|s__|ASV_10373","ColaDeBallena - EsteroZacatecas","k__Bacteria|p__Rhodothermota|c__Rhodothermia|o__Rhodothermales|f__Rhodothermaceae|g__Rubrivirga|s__|ASV_10373",0.201229728616879,0.304840443773982,0.22351736384661,0.308110590674884,0.304840443773982,"","ALDEx2_kw"
"k__Bacteria|p__Actinomycetota|c__Acidimicrobiia|o__Microtrichales|f__Ilumatobacteraceae|g__Ilumatobacter|s__|ASV_2899","ColaDeBallena - EsteroZacatecas","k__Bacteria|p__Actinomycetota|c__Acidimicrobiia|o__Microtrichales|f__Ilumatobacteraceae|g__Ilumatobacter|s__|ASV_2899",0.0414477156927354,0.104992114979179,0.0646091369024989,0.116413118339512,0.104992114979179,"","ALDEx2_kw"
"k__Bacteria|p__Bacteroidota|c__Bacteroidia|o__Bacteroidales|f__Prolixibacteraceae|g__Maribellus|s__|ASV_5500","ColaDeBallena - EsteroZacatecas","k__Bacteria|p__Bacteroidota|c__Bacteroidia|o__Bacteroidales|f__Prolixibacteraceae|g__Maribellus|s__|ASV_5500",0.0515638090702104,0.12615766041745,0.0789428973058524,0.142623074880787,0.12615766041745,"","ALDEx2_kw"
"k__Bacteria|p__Bacteroidota|c__Bacteroidia|o__Bacteroidales|f__Prolixibacteraceae|g__|s__|ASV_1501","ColaDeBallena - EsteroZacatecas","k__Bacteria|p__Bacteroidota|c__Bacteroidia|o__Bacteroidales|f__Prolixibacteraceae|g__|s__|ASV_1501",0.148464797448294,0.243895609514587,0.144252426272498,0.220300177106214,0.243895609514587,"","ALDEx2_kw"
"k__Bacteria|p__Bacteroidota|c__Bacteroidia|o__Chitinophagales|f__Saprospiraceae|g__|s__|ASV_15115","ColaDeBallena - EsteroZacatecas","k__Bacteria|p__Bacteroidota|c__Bacteroidia|o__Chitinophagales|f__Saprospiraceae|g__|s__|ASV_15115",0.456389662015014,0.558642226390017,0.392720284854161,0.491120367510243,0.558642226390017,"","ALDEx2_kw"
"k__Bacteria|p__Bacteroidota|c__Bacteroidia|o__Cytophagales|f__Cyclobacteriaceae|g__Marinoscillum|s__|ASV_403","ColaDeBallena - EsteroZacatecas","k__Bacteria|p__Bacteroidota|c__Bacteroidia|o__Cytophagales|f__Cyclobacteriaceae|g__Marinoscillum|s__|ASV_403",0.501439176850413,0.595894792631021,0.431363291244528,0.523017913276549,0.595894792631021,"","ALDEx2_kw"
"k__Bacteria|p__Bacteroidota|c__Bacteroidia|o__Cytophagales|f__Cyclobacteriaceae|g__|s__|ASV_8590","ColaDeBallena - EsteroZacatecas","k__Bacteria|p__Bacteroidota|c__Bacteroidia|o__Cytophagales|f__Cyclobacteriaceae|g__|s__|ASV_8590",0.483179733409063,0.581792044090119,0.488946066760654,0.579054239775515,0.581792044090119,"","ALDEx2_kw"
"k__Bacteria|p__Balneolota|c__Balneolia|o__Balneolales|f__Balneolaceae|g__|s__|ASV_1297","ColaDeBallena - EsteroZacatecas","k__Bacteria|p__Balneolota|c__Balneolia|o__Balneolales|f__Balneolaceae|g__|s__|ASV_1297",0.656522818759042,0.737983731258506,0.613976355983951,0.700569346234104,0.737983731258506,"","ALDEx2_kw"
"k__Bacteria|p__Planctomycetota|c__Planctomycetes|o__Pirellulales|f__Pirellulaceae|g__|s__|ASV_8950","ColaDeBallena - EsteroZacatecas","k__Bacteria|p__Planctomycetota|c__Planctomycetes|o__Pirellulales|f__Pirellulaceae|g__|s__|ASV_8950",0.327890879000424,0.430289890350199,0.245398227695478,0.332482560188706,0.430289890350199,"","ALDEx2_kw"
"k__Bacteria|p__Pseudomonadota|c__Alphaproteobacteria|o__Kiloniellales|f__Kiloniellaceae|g__|s__|ASV_12965","ColaDeBallena - EsteroZacatecas","k__Bacteria|p__Pseudomonadota|c__Alphaproteobacteria|o__Kiloniellales|f__Kiloniellaceae|g__|s__|ASV_12965",0.377015560818896,0.480422539492573,0.324896010719011,0.420603708938231,0.480422539492573,"","ALDEx2_kw"
"k__Bacteria|p__Pseudomonadota|c__Alphaproteobacteria|o__Rhodospirillales|f__Magnetospiraceae|g__|s__|ASV_8657","ColaDeBallena - EsteroZacatecas","k__Bacteria|p__Pseudomonadota|c__Alphaproteobacteria|o__Rhodospirillales|f__Magnetospiraceae|g__|s__|ASV_8657",0.513030129019914,0.612690054988037,0.531063606186622,0.622211014506745,0.612690054988037,"","ALDEx2_kw"
"k__Bacteria|p__Pseudomonadota|c__Alphaproteobacteria|o__Sphingomonadales|f__Sphingomonadaceae|g__|s__|ASV_4999","ColaDeBallena - EsteroZacatecas","k__Bacteria|p__Pseudomonadota|c__Alphaproteobacteria|o__Sphingomonadales|f__Sphingomonadaceae|g__|s__|ASV_4999",0.46169804767263,0.563766524799249,0.466167431644215,0.560100900947091,0.563766524799249,"","ALDEx2_kw"
"k__Bacteria|p__Pseudomonadota|c__Gammaproteobacteria|o__Pseudomonadales|f__Cellvibrionaceae|g__|s__|ASV_8305","ColaDeBallena - EsteroZacatecas","k__Bacteria|p__Pseudomonadota|c__Gammaproteobacteria|o__Pseudomonadales|f__Cellvibrionaceae|g__|s__|ASV_8305",0.56359419630095,0.664192874099482,0.559762361839626,0.655400264195704,0.664192874099482,"","ALDEx2_kw"
"k__Bacteria|p__Rhodothermota|c__Rhodothermia|o__Rhodothermales|f__Rhodothermaceae|g__|s__|ASV_6668","ColaDeBallena - EsteroZacatecas","k__Bacteria|p__Rhodothermota|c__Rhodothermia|o__Rhodothermales|f__Rhodothermaceae|g__|s__|ASV_6668",0.0217538146003023,0.0715305453034645,0.0184804505626966,0.0493556542609271,0.0715305453034645,"","ALDEx2_kw"
"k__Bacteria|p__Bacteroidota|c__Bacteroidia|o__Cytophagales|f__Cyclobacteriaceae|g__Fulvivirga|s__|ASV_480","ColaDeBallena - EsteroZacatecas","k__Bacteria|p__Bacteroidota|c__Bacteroidia|o__Cytophagales|f__Cyclobacteriaceae|g__Fulvivirga|s__|ASV_480",0.506240366390712,0.606093021215824,0.483807491003142,0.57818714726727,0.606093021215824,"","ALDEx2_kw"
"k__Bacteria|p__Myxococcota|c__Myxococcia|o__Myxococcales|f__Myxococcaceae|g__P3OB-42|s__|ASV_1140","ColaDeBallena - EsteroZacatecas","k__Bacteria|p__Myxococcota|c__Myxococcia|o__Myxococcales|f__Myxococcaceae|g__P3OB-42|s__|ASV_1140",0.461398218906798,0.5612219229397,0.415343724779824,0.512596884916357,0.5612219229397,"","ALDEx2_kw"
"k__Bacteria|p__Pseudomonadota|c__Alphaproteobacteria|o__Caulobacterales|f__Caulobacteraceae|g__|s__|ASV_2105","ColaDeBallena - EsteroZacatecas","k__Bacteria|p__Pseudomonadota|c__Alphaproteobacteria|o__Caulobacterales|f__Caulobacteraceae|g__|s__|ASV_2105",0.434165157426543,0.537364687766679,0.348307349581516,0.445949141426213,0.537364687766679,"","ALDEx2_kw"
"k__Bacteria|p__Pseudomonadota|c__Alphaproteobacteria|o__Kiloniellales|f__Kiloniellaceae|g__Limibacillus|s__|ASV_5797","ColaDeBallena - EsteroZacatecas","k__Bacteria|p__Pseudomonadota|c__Alphaproteobacteria|o__Kiloniellales|f__Kiloniellaceae|g__Limibacillus|s__|ASV_5797",0.106556590161291,0.192976708395574,0.0860823219472989,0.14818536681832,0.192976708395574,"","ALDEx2_kw"
"k__Bacteria|p__Pseudomonadota|c__Alphaproteobacteria|o__Sphingomonadales|f__Sphingomonadaceae|g__|s__|ASV_4895","ColaDeBallena - EsteroZacatecas","k__Bacteria|p__Pseudomonadota|c__Alphaproteobacteria|o__Sphingomonadales|f__Sphingomonadaceae|g__|s__|ASV_4895",0.479345782514326,0.583332908035198,0.50074951609605,0.59036732934793,0.583332908035198,"","ALDEx2_kw"
"k__Bacteria|p__Pseudomonadota|c__Alphaproteobacteria|o__|f__Neomegalonemataceae|g__Acuticoccus|s__|ASV_4438","ColaDeBallena - EsteroZacatecas","k__Bacteria|p__Pseudomonadota|c__Alphaproteobacteria|o__|f__Neomegalonemataceae|g__Acuticoccus|s__|ASV_4438",0.455575436619123,0.558178473024159,0.378863091555088,0.474148370286887,0.558178473024159,"","ALDEx2_kw"
"k__Bacteria|p__Pseudomonadota|c__Gammaproteobacteria|o__Steroidobacterales|f__Woeseiaceae|g__Woeseia|s__|ASV_4771","ColaDeBallena - EsteroZacatecas","k__Bacteria|p__Pseudomonadota|c__Gammaproteobacteria|o__Steroidobacterales|f__Woeseiaceae|g__Woeseia|s__|ASV_4771",0.0568637493439316,0.125243414405076,0.0475097448493724,0.0939731563826662,0.125243414405076,"","ALDEx2_kw"
"k__Bacteria|p__Thermodesulfobacteriota|c__Desulfobacteria|o__Desulfobacterales|f__Desulfosarcinaceae|g__Sva0081_sediment_group|s__|ASV_7819","ColaDeBallena - EsteroZacatecas","k__Bacteria|p__Thermodesulfobacteriota|c__Desulfobacteria|o__Desulfobacterales|f__Desulfosarcinaceae|g__Sva0081_sediment_group|s__|ASV_7819",0.576184542410721,0.667561295729372,0.556661024994565,0.64775345590519,0.667561295729372,"","ALDEx2_kw"
"k__Bacteria|p__Actinomycetota|c__Acidimicrobiia|o__Microtrichales|f__Ilumatobacteraceae|g__Ilumatobacter|s__|ASV_11130","ColaDeBallena - EsteroZacatecas","k__Bacteria|p__Actinomycetota|c__Acidimicrobiia|o__Microtrichales|f__Ilumatobacteraceae|g__Ilumatobacter|s__|ASV_11130",0.155585978597401,0.241024136552752,0.142927560880973,0.208706084160128,0.241024136552752,"","ALDEx2_kw"
"k__Bacteria|p__Bacteroidota|c__Bacteroidia|o__Bacteroidales|f__Bacteroidetes_BD2-2|g__|s__|ASV_10532","ColaDeBallena - EsteroZacatecas","k__Bacteria|p__Bacteroidota|c__Bacteroidia|o__Bacteroidales|f__Bacteroidetes_BD2-2|g__|s__|ASV_10532",0.276217609195166,0.373325887127825,0.22505123052859,0.308681525651738,0.373325887127825,"","ALDEx2_kw"
"k__Bacteria|p__Bacteroidota|c__Bacteroidia|o__Chitinophagales|f__Saprospiraceae|g__|s__|ASV_3210","ColaDeBallena - EsteroZacatecas","k__Bacteria|p__Bacteroidota|c__Bacteroidia|o__Chitinophagales|f__Saprospiraceae|g__|s__|ASV_3210",0.0206650597973052,0.0649881214170165,0.0206771767333269,0.0502597863505784,0.0649881214170165,"","ALDEx2_kw"
"k__Bacteria|p__Bacteroidota|c__Bacteroidia|o__Cytophagales|f__Cyclobacteriaceae|g__Tunicatimonas|s__|ASV_2922","ColaDeBallena - EsteroZacatecas","k__Bacteria|p__Bacteroidota|c__Bacteroidia|o__Cytophagales|f__Cyclobacteriaceae|g__Tunicatimonas|s__|ASV_2922",0.232635900547539,0.327695824168939,0.186162882684918,0.26091174840389,0.327695824168939,"","ALDEx2_kw"
"k__Bacteria|p__Bacteroidota|c__Bacteroidia|o__Flavobacteriales|f__Flavobacteriaceae|g__Gramella|s__|ASV_3229","ColaDeBallena - EsteroZacatecas","k__Bacteria|p__Bacteroidota|c__Bacteroidia|o__Flavobacteriales|f__Flavobacteriaceae|g__Gramella|s__|ASV_3229",0.55918111654914,0.655925654172053,0.490866893080377,0.589539155820415,0.655925654172053,"","ALDEx2_kw"
"k__Bacteria|p__Bacteroidota|c__Bacteroidia|o__Flavobacteriales|f__Flavobacteriaceae|g__Marinirhabdus|s__|ASV_12284","ColaDeBallena - EsteroZacatecas","k__Bacteria|p__Bacteroidota|c__Bacteroidia|o__Flavobacteriales|f__Flavobacteriaceae|g__Marinirhabdus|s__|ASV_12284",0.311642396714337,0.418575396028083,0.308882102578974,0.395925060028814,0.418575396028083,"","ALDEx2_kw"
"k__Bacteria|p__Chloroflexota|c__Anaerolineae|o__Aggregatilineales|f__A4b|g__|s__|ASV_6142","ColaDeBallena - EsteroZacatecas","k__Bacteria|p__Chloroflexota|c__Anaerolineae|o__Aggregatilineales|f__A4b|g__|s__|ASV_6142",0.485203700058403,0.585593446272034,0.518132478732344,0.607489671629354,0.585593446272034,"","ALDEx2_kw"
"k__Bacteria|p__Cyanobacteriota|c__Cyanobacteriia|o__Phormidesmiales|f__Nodosilineaceae|g__Halomicronema_TFEP1|s__|ASV_15198","ColaDeBallena - EsteroZacatecas","k__Bacteria|p__Cyanobacteriota|c__Cyanobacteriia|o__Phormidesmiales|f__Nodosilineaceae|g__Halomicronema_TFEP1|s__|ASV_15198",0.190325013501165,0.290931380291383,0.198757706657828,0.279131230111669,0.290931380291383,"","ALDEx2_kw"
"k__Bacteria|p__Pseudomonadota|c__Alphaproteobacteria|o__Rhodobacterales|f__Paracoccaceae|g__Limibaculum|s__|ASV_8852","ColaDeBallena - EsteroZacatecas","k__Bacteria|p__Pseudomonadota|c__Alphaproteobacteria|o__Rhodobacterales|f__Paracoccaceae|g__Limibaculum|s__|ASV_8852",0.328769409909541,0.435652580563864,0.282299012632649,0.372070674294878,0.435652580563864,"","ALDEx2_kw"
"k__Bacteria|p__Pseudomonadota|c__Alphaproteobacteria|o__Rhodobacterales|f__Paracoccaceae|g__Marivita|s__|ASV_10920","ColaDeBallena - EsteroZacatecas","k__Bacteria|p__Pseudomonadota|c__Alphaproteobacteria|o__Rhodobacterales|f__Paracoccaceae|g__Marivita|s__|ASV_10920",0.53821878673491,0.635363742120319,0.519290883285947,0.61499894775646,0.635363742120319,"","ALDEx2_kw"
"k__Bacteria|p__Pseudomonadota|c__Alphaproteobacteria|o__Sphingomonadales|f__Sphingomonadaceae|g__Pacificimonas|s__|ASV_12784","ColaDeBallena - EsteroZacatecas","k__Bacteria|p__Pseudomonadota|c__Alphaproteobacteria|o__Sphingomonadales|f__Sphingomonadaceae|g__Pacificimonas|s__|ASV_12784",0.32249191605544,0.438245626181465,0.394569667809798,0.491810983105565,0.438245626181465,"","ALDEx2_kw"
"k__Bacteria|p__Pseudomonadota|c__Gammaproteobacteria|o__Enterobacterales|f__Alteromonadaceae|g__Aestuariibacter|s__|ASV_7925","ColaDeBallena - EsteroZacatecas","k__Bacteria|p__Pseudomonadota|c__Gammaproteobacteria|o__Enterobacterales|f__Alteromonadaceae|g__Aestuariibacter|s__|ASV_7925",0.511720049992727,0.609434878532055,0.539371616812947,0.627422546882014,0.609434878532055,"","ALDEx2_kw"
"k__Bacteria|p__Verrucomicrobiota|c__Verrucomicrobiia|o__Verrucomicrobiales|f__Rubritaleaceae|g__DBS1|s__|ASV_1721","ColaDeBallena - EsteroZacatecas","k__Bacteria|p__Verrucomicrobiota|c__Verrucomicrobiia|o__Verrucomicrobiales|f__Rubritaleaceae|g__DBS1|s__|ASV_1721",0.0232757184045663,0.0698963903663019,0.0351880420879573,0.065922349505456,0.0698963903663019,"","ALDEx2_kw"
"k__Bacteria|p__Actinomycetota|c__Rubrobacteria|o__Rubrobacterales|f__Rubrobacteriaceae|g__Rubrobacter|s__|ASV_2748","ColaDeBallena - EsteroZacatecas","k__Bacteria|p__Actinomycetota|c__Rubrobacteria|o__Rubrobacterales|f__Rubrobacteriaceae|g__Rubrobacter|s__|ASV_2748",0.53377799093425,0.62783317876066,0.535676417238494,0.625648698765036,0.62783317876066,"","ALDEx2_kw"
"k__Bacteria|p__Bacteroidota|c__Bacteroidia|o__Cytophagales|f__Cyclobacteriaceae|g__Algoriphagus|s__|ASV_5399","ColaDeBallena - EsteroZacatecas","k__Bacteria|p__Bacteroidota|c__Bacteroidia|o__Cytophagales|f__Cyclobacteriaceae|g__Algoriphagus|s__|ASV_5399",0.290931922486785,0.40416521302221,0.333292704489982,0.432287133108752,0.40416521302221,"","ALDEx2_kw"
"k__Bacteria|p__Pseudomonadota|c__Alphaproteobacteria|o__Hyphomicrobiales|f__Rhizobiaceae|g__|s__|ASV_1910","ColaDeBallena - EsteroZacatecas","k__Bacteria|p__Pseudomonadota|c__Alphaproteobacteria|o__Hyphomicrobiales|f__Rhizobiaceae|g__|s__|ASV_1910",0.523811372847669,0.622143077561552,0.463701189827821,0.558250325822022,0.622143077561552,"","ALDEx2_kw"
"k__Bacteria|p__Pseudomonadota|c__Alphaproteobacteria|o__Kiloniellales|f__Kiloniellaceae|g__|s__|ASV_7939","ColaDeBallena - EsteroZacatecas","k__Bacteria|p__Pseudomonadota|c__Alphaproteobacteria|o__Kiloniellales|f__Kiloniellaceae|g__|s__|ASV_7939",0.160701600171812,0.25230867584073,0.125562619275766,0.197830414591382,0.25230867584073,"","ALDEx2_kw"
"k__Bacteria|p__Pseudomonadota|c__Alphaproteobacteria|o__Micavibrionales|f__Micavibrionaceae|g__|s__|ASV_1341","ColaDeBallena - EsteroZacatecas","k__Bacteria|p__Pseudomonadota|c__Alphaproteobacteria|o__Micavibrionales|f__Micavibrionaceae|g__|s__|ASV_1341",0.222317252179332,0.326757822599363,0.19379504958044,0.280805936244927,0.326757822599363,"","ALDEx2_kw"
"k__Bacteria|p__Pseudomonadota|c__Alphaproteobacteria|o__Rhodobacterales|f__Paracoccaceae|g__Actibacterium|s__|ASV_9547","ColaDeBallena - EsteroZacatecas","k__Bacteria|p__Pseudomonadota|c__Alphaproteobacteria|o__Rhodobacterales|f__Paracoccaceae|g__Actibacterium|s__|ASV_9547",0.463961196466784,0.568028763351832,0.49325706872609,0.578474144296545,0.568028763351832,"","ALDEx2_kw"
"k__Bacteria|p__Pseudomonadota|c__Alphaproteobacteria|o__Rhodobacterales|f__Paracoccaceae|g__Pikeienuella|s__|ASV_10608","ColaDeBallena - EsteroZacatecas","k__Bacteria|p__Pseudomonadota|c__Alphaproteobacteria|o__Rhodobacterales|f__Paracoccaceae|g__Pikeienuella|s__|ASV_10608",0.339283062204044,0.44071547593107,0.319763453179902,0.406302090538916,0.44071547593107,"","ALDEx2_kw"
"k__Bacteria|p__Pseudomonadota|c__Alphaproteobacteria|o__Sphingomonadales|f__Sphingomonadaceae|g__Parasphingopyxis|s__|ASV_632","ColaDeBallena - EsteroZacatecas","k__Bacteria|p__Pseudomonadota|c__Alphaproteobacteria|o__Sphingomonadales|f__Sphingomonadaceae|g__Parasphingopyxis|s__|ASV_632",0.262219414454087,0.359145153575487,0.201833588266007,0.285745201893096,0.359145153575487,"","ALDEx2_kw"
"k__Bacteria|p__Pseudomonadota|c__Gammaproteobacteria|o__Pseudomonadales|f__Alcanivoracaceae|g__Ketobacter|s__|ASV_12342","ColaDeBallena - EsteroZacatecas","k__Bacteria|p__Pseudomonadota|c__Gammaproteobacteria|o__Pseudomonadales|f__Alcanivoracaceae|g__Ketobacter|s__|ASV_12342",0.20166502375837,0.296926168480203,0.142867577011454,0.218122341469489,0.296926168480203,"","ALDEx2_kw"
"k__Bacteria|p__Rhodothermota|c__Rhodothermia|o__Rhodothermales|f__Rhodothermaceae|g__Rubrivirga|s__|ASV_13113","ColaDeBallena - EsteroZacatecas","k__Bacteria|p__Rhodothermota|c__Rhodothermia|o__Rhodothermales|f__Rhodothermaceae|g__Rubrivirga|s__|ASV_13113",0.442779645692793,0.546174910142946,0.400195172510201,0.493624878746385,0.546174910142946,"","ALDEx2_kw"
"k__Bacteria|p__Acidobacteriota|c__Blastocatellia|o__Blastocatellales|f__Blastocatellaceae|g__Blastocatella|s__|ASV_13389","ColaDeBallena - EsteroZacatecas","k__Bacteria|p__Acidobacteriota|c__Blastocatellia|o__Blastocatellales|f__Blastocatellaceae|g__Blastocatella|s__|ASV_13389",0.440471030988586,0.538693641485478,0.404928475732727,0.496718372704974,0.538693641485478,"","ALDEx2_kw"
"k__Bacteria|p__Bacteroidota|c__Bacteroidia|o__Chitinophagales|f__Saprospiraceae|g__|s__|ASV_10850","ColaDeBallena - EsteroZacatecas","k__Bacteria|p__Bacteroidota|c__Bacteroidia|o__Chitinophagales|f__Saprospiraceae|g__|s__|ASV_10850",0.0928881982903683,0.17613576847172,0.0758282607945586,0.137178450257652,0.17613576847172,"","ALDEx2_kw"
"k__Bacteria|p__Bacteroidota|c__Bacteroidia|o__Cytophagales|f__Cyclobacteriaceae|g__Fulvivirga|s__|ASV_13464","ColaDeBallena - EsteroZacatecas","k__Bacteria|p__Bacteroidota|c__Bacteroidia|o__Cytophagales|f__Cyclobacteriaceae|g__Fulvivirga|s__|ASV_13464",0.324927550721292,0.432179685560765,0.316444747940557,0.406556027176458,0.432179685560765,"","ALDEx2_kw"
"k__Bacteria|p__Bdellovibrionota|c__Bdellovibrionia|o__Bdellovibrionales|f__Pseudobdellovibrionaceae|g__OM27_clade|s__|ASV_14881","ColaDeBallena - EsteroZacatecas","k__Bacteria|p__Bdellovibrionota|c__Bdellovibrionia|o__Bdellovibrionales|f__Pseudobdellovibrionaceae|g__OM27_clade|s__|ASV_14881",0.24874231581846,0.353225322390541,0.235972352684256,0.322099345976578,0.353225322390541,"","ALDEx2_kw"
"k__Bacteria|p__Pseudomonadota|c__Alphaproteobacteria|o__Hyphomicrobiales|f__Rhizobiaceae|g__|s__|ASV_8377","ColaDeBallena - EsteroZacatecas","k__Bacteria|p__Pseudomonadota|c__Alphaproteobacteria|o__Hyphomicrobiales|f__Rhizobiaceae|g__|s__|ASV_8377",0.567581444063997,0.660866730559213,0.591341528365039,0.678131479658877,0.660866730559213,"","ALDEx2_kw"
"k__Bacteria|p__Pseudomonadota|c__Alphaproteobacteria|o__Sphingomonadales|f__Sphingomonadaceae|g__Aurantiacibacter|s__|ASV_13089","ColaDeBallena - EsteroZacatecas","k__Bacteria|p__Pseudomonadota|c__Alphaproteobacteria|o__Sphingomonadales|f__Sphingomonadaceae|g__Aurantiacibacter|s__|ASV_13089",0.293631371356661,0.403203828289731,0.243086103018749,0.335202339490417,0.403203828289731,"","ALDEx2_kw"
"k__Bacteria|p__Rhodothermota|c__Rhodothermia|o__Rhodothermales|f__Rhodothermaceae|g__Rubrivirga|s__|ASV_8651","ColaDeBallena - EsteroZacatecas","k__Bacteria|p__Rhodothermota|c__Rhodothermia|o__Rhodothermales|f__Rhodothermaceae|g__Rubrivirga|s__|ASV_8651",0.177862726959789,0.280764713968734,0.146383306715234,0.224873211840665,0.280764713968734,"","ALDEx2_kw"
"k__Bacteria|p__Acidobacteriota|c__Thermoanaerobaculia|o__Thermoanaerobaculales|f__Thermoanaerobaculaceae|g__Subgroup_10|s__|ASV_4002","ColaDeBallena - EsteroZacatecas","k__Bacteria|p__Acidobacteriota|c__Thermoanaerobaculia|o__Thermoanaerobaculales|f__Thermoanaerobaculaceae|g__Subgroup_10|s__|ASV_4002",0.356911844547829,0.46133346316069,0.321499151973845,0.416336948921125,0.46133346316069,"","ALDEx2_kw"
"k__Bacteria|p__Actinomycetota|c__Rubrobacteria|o__Rubrobacterales|f__Rubrobacteriaceae|g__Rubrobacter|s__|ASV_11767","ColaDeBallena - EsteroZacatecas","k__Bacteria|p__Actinomycetota|c__Rubrobacteria|o__Rubrobacterales|f__Rubrobacteriaceae|g__Rubrobacter|s__|ASV_11767",0.561720717338779,0.655554985332106,0.547917737443437,0.640366506879102,0.655554985332106,"","ALDEx2_kw"
"k__Bacteria|p__Bacteroidota|c__Bacteroidia|o__Bacteroidales|f__Marinilabiliaceae|g__|s__|ASV_9761","ColaDeBallena - EsteroZacatecas","k__Bacteria|p__Bacteroidota|c__Bacteroidia|o__Bacteroidales|f__Marinilabiliaceae|g__|s__|ASV_9761",0.220409342267853,0.323920752144202,0.191893126078071,0.275836254402193,0.323920752144202,"","ALDEx2_kw"
"k__Bacteria|p__Bacteroidota|c__Bacteroidia|o__Chitinophagales|f__Saprospiraceae|g__|s__|ASV_6128","ColaDeBallena - EsteroZacatecas","k__Bacteria|p__Bacteroidota|c__Bacteroidia|o__Chitinophagales|f__Saprospiraceae|g__|s__|ASV_6128",0.488034201277489,0.58171706578493,0.420458443676658,0.510231382686118,0.58171706578493,"","ALDEx2_kw"
"k__Bacteria|p__Bacteroidota|c__Bacteroidia|o__Cytophagales|f__Microscillaceae|g__|s__|ASV_9596","ColaDeBallena - EsteroZacatecas","k__Bacteria|p__Bacteroidota|c__Bacteroidia|o__Cytophagales|f__Microscillaceae|g__|s__|ASV_9596",0.271034007628453,0.365439481080992,0.239974675979394,0.320228101931449,0.365439481080992,"","ALDEx2_kw"
"k__Bacteria|p__Bacteroidota|c__Bacteroidia|o__Flavobacteriales|f__Flavobacteriaceae|g__Mesoflavibacter|s__|ASV_209","ColaDeBallena - EsteroZacatecas","k__Bacteria|p__Bacteroidota|c__Bacteroidia|o__Flavobacteriales|f__Flavobacteriaceae|g__Mesoflavibacter|s__|ASV_209",0.301476402429962,0.398252897529338,0.27132708066136,0.353618550720507,0.398252897529338,"","ALDEx2_kw"
"k__Bacteria|p__Bacteroidota|c__Bacteroidia|o__Flavobacteriales|f__Flavobacteriaceae|g__|s__|ASV_3604","ColaDeBallena - EsteroZacatecas","k__Bacteria|p__Bacteroidota|c__Bacteroidia|o__Flavobacteriales|f__Flavobacteriaceae|g__|s__|ASV_3604",0.244864546154959,0.343801144197287,0.198280556339261,0.282103132370631,0.343801144197287,"","ALDEx2_kw"
"k__Bacteria|p__Planctomycetota|c__Planctomycetes|o__Pirellulales|f__Pirellulaceae|g__Mariniblastus|s__|ASV_10958","ColaDeBallena - EsteroZacatecas","k__Bacteria|p__Planctomycetota|c__Planctomycetes|o__Pirellulales|f__Pirellulaceae|g__Mariniblastus|s__|ASV_10958",0.217730543430578,0.321990701447511,0.234639751554312,0.318110817150291,0.321990701447511,"","ALDEx2_kw"
"k__Bacteria|p__Planctomycetota|c__Planctomycetes|o__Pirellulales|f__Pirellulaceae|g__|s__|ASV_3627","ColaDeBallena - EsteroZacatecas","k__Bacteria|p__Planctomycetota|c__Planctomycetes|o__Pirellulales|f__Pirellulaceae|g__|s__|ASV_3627",0.33656558751199,0.444828522118773,0.269859674155202,0.362046096904054,0.444828522118773,"","ALDEx2_kw"
"k__Bacteria|p__Pseudomonadota|c__Alphaproteobacteria|o__Rhodobacterales|f__Paracoccaceae|g__|s__|ASV_10847","ColaDeBallena - EsteroZacatecas","k__Bacteria|p__Pseudomonadota|c__Alphaproteobacteria|o__Rhodobacterales|f__Paracoccaceae|g__|s__|ASV_10847",0.38642837239161,0.484365317596761,0.334750175454176,0.425829316523615,0.484365317596761,"","ALDEx2_kw"
"k__Bacteria|p__Pseudomonadota|c__Alphaproteobacteria|o__Rickettsiales|f__SM2D12|g__|s__|ASV_2164","ColaDeBallena - EsteroZacatecas","k__Bacteria|p__Pseudomonadota|c__Alphaproteobacteria|o__Rickettsiales|f__SM2D12|g__|s__|ASV_2164",0.498311116422593,0.605207886097366,0.472773851501594,0.574512873516944,0.605207886097366,"","ALDEx2_kw"
"k__Bacteria|p__Pseudomonadota|c__Alphaproteobacteria|o__|f__Neomegalonemataceae|g__Acuticoccus|s__|ASV_13911","ColaDeBallena - EsteroZacatecas","k__Bacteria|p__Pseudomonadota|c__Alphaproteobacteria|o__|f__Neomegalonemataceae|g__Acuticoccus|s__|ASV_13911",0.513880858112338,0.617220893625928,0.451853238839742,0.550152210115531,0.617220893625928,"","ALDEx2_kw"
"k__Bacteria|p__Pseudomonadota|c__Gammaproteobacteria|o__Pseudomonadales|f__Halieaceae|g__|s__|ASV_1902","ColaDeBallena - EsteroZacatecas","k__Bacteria|p__Pseudomonadota|c__Gammaproteobacteria|o__Pseudomonadales|f__Halieaceae|g__|s__|ASV_1902",0.544716948646404,0.640380847862902,0.500129961566201,0.593538549841848,0.640380847862902,"","ALDEx2_kw"
"k__Bacteria|p__Pseudomonadota|c__Gammaproteobacteria|o__Pseudomonadales|f__Spongiibacteraceae|g__|s__|ASV_13598","ColaDeBallena - EsteroZacatecas","k__Bacteria|p__Pseudomonadota|c__Gammaproteobacteria|o__Pseudomonadales|f__Spongiibacteraceae|g__|s__|ASV_13598",0.170906379617875,0.269708431238766,0.131548528506133,0.208413744455261,0.269708431238766,"","ALDEx2_kw"
"k__Bacteria|p__Acidobacteriota|c__Thermoanaerobaculia|o__Thermoanaerobaculales|f__Thermoanaerobaculaceae|g__Subgroup_10|s__|ASV_637","ColaDeBallena - EsteroZacatecas","k__Bacteria|p__Acidobacteriota|c__Thermoanaerobaculia|o__Thermoanaerobaculales|f__Thermoanaerobaculaceae|g__Subgroup_10|s__|ASV_637",0.484617859515144,0.582534214890754,0.443352199162063,0.540248098185874,0.582534214890754,"","ALDEx2_kw"
"k__Bacteria|p__Bacteroidota|c__Bacteroidia|o__Chitinophagales|f__Saprospiraceae|g__Lewinella|s__|ASV_12193","ColaDeBallena - EsteroZacatecas","k__Bacteria|p__Bacteroidota|c__Bacteroidia|o__Chitinophagales|f__Saprospiraceae|g__Lewinella|s__|ASV_12193",0.393174449522507,0.491972248015004,0.303842133510437,0.399211576725817,0.491972248015004,"","ALDEx2_kw"
"k__Bacteria|p__Bacteroidota|c__Bacteroidia|o__Chitinophagales|f__Saprospiraceae|g__|s__|ASV_10754","ColaDeBallena - EsteroZacatecas","k__Bacteria|p__Bacteroidota|c__Bacteroidia|o__Chitinophagales|f__Saprospiraceae|g__|s__|ASV_10754",0.547745405149697,0.640787702061692,0.479583912281695,0.574246827045977,0.640787702061692,"","ALDEx2_kw"
"k__Bacteria|p__Bacteroidota|c__Bacteroidia|o__Chitinophagales|f__Saprospiraceae|g__|s__|ASV_5038","ColaDeBallena - EsteroZacatecas","k__Bacteria|p__Bacteroidota|c__Bacteroidia|o__Chitinophagales|f__Saprospiraceae|g__|s__|ASV_5038",0.0765448358880434,0.1589795210328,0.114240292865742,0.181924606433149,0.1589795210328,"","ALDEx2_kw"
"k__Bacteria|p__Bacteroidota|c__Bacteroidia|o__Cytophagales|f__Cyclobacteriaceae|g__|s__|ASV_12768","ColaDeBallena - EsteroZacatecas","k__Bacteria|p__Bacteroidota|c__Bacteroidia|o__Cytophagales|f__Cyclobacteriaceae|g__|s__|ASV_12768",0.260600956799131,0.375324974152927,0.258445112164342,0.348954366984805,0.375324974152927,"","ALDEx2_kw"
"k__Bacteria|p__Bacteroidota|c__Bacteroidia|o__Cytophagales|f__Cyclobacteriaceae|g__|s__|ASV_8952","ColaDeBallena - EsteroZacatecas","k__Bacteria|p__Bacteroidota|c__Bacteroidia|o__Cytophagales|f__Cyclobacteriaceae|g__|s__|ASV_8952",0.101603470972229,0.189188085367813,0.107228111524719,0.176258342496015,0.189188085367813,"","ALDEx2_kw"
"k__Bacteria|p__Bacteroidota|c__Bacteroidia|o__Flavobacteriales|f__Flavobacteriaceae|g__Marinirhabdus|s__|ASV_7919","ColaDeBallena - EsteroZacatecas","k__Bacteria|p__Bacteroidota|c__Bacteroidia|o__Flavobacteriales|f__Flavobacteriaceae|g__Marinirhabdus|s__|ASV_7919",0.541702206258337,0.636960149529727,0.547852341043146,0.637850177195498,0.636960149529727,"","ALDEx2_kw"
"k__Bacteria|p__Chloroflexota|c__Anaerolineae|o__Anaerolineales|f__Anaerolineaceae|g__|s__|ASV_5166","ColaDeBallena - EsteroZacatecas","k__Bacteria|p__Chloroflexota|c__Anaerolineae|o__Anaerolineales|f__Anaerolineaceae|g__|s__|ASV_5166",0.135443006175807,0.229837478881192,0.129407176927693,0.204794665538957,0.229837478881192,"","ALDEx2_kw"
"k__Bacteria|p__Chloroflexota|c__Anaerolineae|o__Caldilineales|f__Caldilineaceae|g__|s__|ASV_1515","ColaDeBallena - EsteroZacatecas","k__Bacteria|p__Chloroflexota|c__Anaerolineae|o__Caldilineales|f__Caldilineaceae|g__|s__|ASV_1515",0.558454744114932,0.653009487623969,0.560270255908517,0.647746273727982,0.653009487623969,"","ALDEx2_kw"
"k__Bacteria|p__Cyanobacteriota|c__Cyanobacteriia|o__Cyanobacteriales|f__Xenococcaceae|g__Chroococcidiopsis_PCC-6712|s__|ASV_1638","ColaDeBallena - EsteroZacatecas","k__Bacteria|p__Cyanobacteriota|c__Cyanobacteriia|o__Cyanobacteriales|f__Xenococcaceae|g__Chroococcidiopsis_PCC-6712|s__|ASV_1638",0.547470511000235,0.640778436953545,0.499065653713026,0.594653009759954,0.640778436953545,"","ALDEx2_kw"
"k__Bacteria|p__Cyanobacteriota|c__Cyanobacteriia|o__Phormidesmiales|f__Phormidesmiaceae|g__Phormidium_MBIC10003|s__|ASV_5081","ColaDeBallena - EsteroZacatecas","k__Bacteria|p__Cyanobacteriota|c__Cyanobacteriia|o__Phormidesmiales|f__Phormidesmiaceae|g__Phormidium_MBIC10003|s__|ASV_5081",0.324924180489354,0.429005345250189,0.30833004118203,0.400121950887134,0.429005345250189,"","ALDEx2_kw"
"k__Bacteria|p__Pseudomonadota|c__Alphaproteobacteria|o__Caulobacterales|f__Parvularculaceae|g__Parvularcula|s__|ASV_7821","ColaDeBallena - EsteroZacatecas","k__Bacteria|p__Pseudomonadota|c__Alphaproteobacteria|o__Caulobacterales|f__Parvularculaceae|g__Parvularcula|s__|ASV_7821",0.502911637799746,0.605983119947003,0.505672840776097,0.60027342204176,0.605983119947003,"","ALDEx2_kw"
"k__Bacteria|p__Pseudomonadota|c__Alphaproteobacteria|o__Micavibrionales|f__Micavibrionaceae|g__|s__|ASV_14482","ColaDeBallena - EsteroZacatecas","k__Bacteria|p__Pseudomonadota|c__Alphaproteobacteria|o__Micavibrionales|f__Micavibrionaceae|g__|s__|ASV_14482",0.106606231637257,0.196039471486628,0.0935674107024881,0.159918299486643,0.196039471486628,"","ALDEx2_kw"
"k__Bacteria|p__Pseudomonadota|c__Alphaproteobacteria|o__Rhodobacterales|f__Paracoccaceae|g__Actibacterium|s__|ASV_14718","ColaDeBallena - EsteroZacatecas","k__Bacteria|p__Pseudomonadota|c__Alphaproteobacteria|o__Rhodobacterales|f__Paracoccaceae|g__Actibacterium|s__|ASV_14718",0.529023647013269,0.628083230863646,0.521683320705768,0.61815232499022,0.628083230863646,"","ALDEx2_kw"
"k__Bacteria|p__Pseudomonadota|c__Alphaproteobacteria|o__Rhodobacterales|f__Paracoccaceae|g__Limibaculum|s__|ASV_5115","ColaDeBallena - EsteroZacatecas","k__Bacteria|p__Pseudomonadota|c__Alphaproteobacteria|o__Rhodobacterales|f__Paracoccaceae|g__Limibaculum|s__|ASV_5115",0.141809325586673,0.238985275343026,0.122043355941573,0.198129119134064,0.238985275343026,"","ALDEx2_kw"
"k__Bacteria|p__Pseudomonadota|c__Alphaproteobacteria|o__Rhodobacterales|f__Paracoccaceae|g__|s__|ASV_4714","ColaDeBallena - EsteroZacatecas","k__Bacteria|p__Pseudomonadota|c__Alphaproteobacteria|o__Rhodobacterales|f__Paracoccaceae|g__|s__|ASV_4714",0.433405433967204,0.535849570448451,0.391701027494187,0.484450539169079,0.535849570448451,"","ALDEx2_kw"
"k__Bacteria|p__Pseudomonadota|c__Gammaproteobacteria|o__Pseudomonadales|f__Cellvibrionaceae|g__Aestuariicella|s__|ASV_12370","ColaDeBallena - EsteroZacatecas","k__Bacteria|p__Pseudomonadota|c__Gammaproteobacteria|o__Pseudomonadales|f__Cellvibrionaceae|g__Aestuariicella|s__|ASV_12370",0.103016161022946,0.183773896987746,0.099474129051103,0.162298281008359,0.183773896987746,"","ALDEx2_kw"
"k__Bacteria|p__Pseudomonadota|c__Gammaproteobacteria|o__Pseudomonadales|f__Halieaceae|g__Pseudohaliea|s__|ASV_15218","ColaDeBallena - EsteroZacatecas","k__Bacteria|p__Pseudomonadota|c__Gammaproteobacteria|o__Pseudomonadales|f__Halieaceae|g__Pseudohaliea|s__|ASV_15218",0.100704611394505,0.1894416106673,0.133248561723345,0.205293020998568,0.1894416106673,"","ALDEx2_kw"
"k__Bacteria|p__Pseudomonadota|c__Gammaproteobacteria|o__Steroidobacterales|f__Woeseiaceae|g__Woeseia|s__|ASV_390","ColaDeBallena - EsteroZacatecas","k__Bacteria|p__Pseudomonadota|c__Gammaproteobacteria|o__Steroidobacterales|f__Woeseiaceae|g__Woeseia|s__|ASV_390",0.419331657239407,0.524405889215255,0.372788465351525,0.466270484694826,0.524405889215255,"","ALDEx2_kw"
"k__Bacteria|p__Thermodesulfobacteriota|c__Desulfobacteria|o__Desulfatiglandales|f__Desulfatiglandaceae|g__Desulfatiglans|s__|ASV_11755","ColaDeBallena - EsteroZacatecas","k__Bacteria|p__Thermodesulfobacteriota|c__Desulfobacteria|o__Desulfatiglandales|f__Desulfatiglandaceae|g__Desulfatiglans|s__|ASV_11755",0.180285609922174,0.277525499624447,0.155118081778159,0.229795643541396,0.277525499624447,"","ALDEx2_kw"
"k__Bacteria|p__Thermodesulfobacteriota|c__Desulfobacteria|o__Desulfatiglandales|f__Desulfatiglandaceae|g__Desulfatiglans|s__|ASV_4118","ColaDeBallena - EsteroZacatecas","k__Bacteria|p__Thermodesulfobacteriota|c__Desulfobacteria|o__Desulfatiglandales|f__Desulfatiglandaceae|g__Desulfatiglans|s__|ASV_4118",0.433055575046084,0.539285574205525,0.449739334516595,0.54455144300321,0.539285574205525,"","ALDEx2_kw"
"k__Bacteria|p__Thermodesulfobacteriota|c__Desulfobacteria|o__Desulfobacterales|f__Desulfosarcinaceae|g__|s__|ASV_12847","ColaDeBallena - EsteroZacatecas","k__Bacteria|p__Thermodesulfobacteriota|c__Desulfobacteria|o__Desulfobacterales|f__Desulfosarcinaceae|g__|s__|ASV_12847",0.257299864974252,0.356629105542625,0.210125209956532,0.293611147904271,0.356629105542625,"","ALDEx2_kw"
