"","by_group","Taxa","Env","value","coef","stderr","Pvalue","name","AdjPvalue","N","N.not.zero","Significance","Method"
"1","All","k__Bacteria.p__Actinomycetota.c__Actinobacteria.o__Nitriliruptorales.f__Nitriliruptoraceae.g__.s__.ASV_13518","season","September",2.72826056018157,0.261702244784812,5.63005589261647e-10,"seasonSeptember",7.04882997755582e-07,24,13,"***","maaslin2"
"2","All","k__Bacteria.p__Actinomycetota.c__Actinobacteria.o__Nitriliruptorales.f__Nitriliruptoraceae.g__.s__.ASV_15235","season","September",4.2209261523636,0.43287181199482,1.90617646210175e-09,"seasonSeptember",1.1932664652757e-06,24,16,"***","maaslin2"
"3","All","k__Bacteria.p__Rhodothermota.c__Rhodothermia.o__Rhodothermales.f__Rhodothermaceae.g__.s__.ASV_2086","season","September",3.256317007211,0.344574980953844,3.34314027187357e-09,"seasonSeptember",1.3952038734619e-06,24,22,"***","maaslin2"
"4","All","k__Bacteria.p__Actinomycetota.c__Actinobacteria.o__Nitriliruptorales.f__Nitriliruptoraceae.g__.s__.ASV_10841","season","September",4.37992287282654,0.502273147917745,1.37086914235623e-08,"seasonSeptember",4.29082041557499e-06,24,16,"***","maaslin2"
"5","All","k__Bacteria.p__Rhodothermota.c__Rhodothermia.o__Rhodothermales.f__Rhodothermaceae.g__Rubrivirga.s__.ASV_7122","season","September",4.25545514380172,0.549883621448546,1.01963549912719e-07,"seasonSeptember",2.40198195990098e-05,24,12,"***","maaslin2"
"6","All","k__Bacteria.p__Actinomycetota.c__Actinobacteria.o__Euzebyales.f__Euzebyaceae.g__Euzebya.s__.ASV_5746","season","September",2.20692557189725,0.28730562166324,1.15110956544776e-07,"seasonSeptember",2.40198195990098e-05,24,11,"***","maaslin2"
"7","All","k__Bacteria.p__Rhodothermota.c__Rhodothermia.o__Rhodothermales.f__Rhodothermaceae.g__Rubrivirga.s__.ASV_9879","season","September",1.90166800796901,0.252593988834227,1.59376512375711e-07,"seasonSeptember",2.49424241867988e-05,24,12,"***","maaslin2"
"8","All","k__Bacteria.p__Pseudomonadota.c__Gammaproteobacteria.o__Salinisphaerales.f__Salinisphaeraceae.g__Salinisphaera.s__.ASV_136","season","September",3.83173491995514,0.506081090508912,1.45447172557782e-07,"seasonSeptember",2.49424241867988e-05,24,13,"***","maaslin2"
"9","All","k__Bacteria.p__Pseudomonadota.c__Alphaproteobacteria.o__Rhodobacterales.f__Paracoccaceae.g__.s__.ASV_14973","season","September",2.35755407152074,0.32244474682472,2.54306041872065e-07,"seasonSeptember",3.53767960470917e-05,24,13,"***","maaslin2"
"10","All","k__Bacteria.p__Planctomycetota.c__Planctomycetes.o__Pirellulales.f__Pirellulaceae.g__.s__.ASV_6161","season","September",-2.81387503400165,0.400749850782236,4.79401517138379e-07,"seasonSeptember",6.00210699457251e-05,24,11,"***","maaslin2"
"11","All","k__Bacteria.p__Actinomycetota.c__Actinobacteria.o__Euzebyales.f__Euzebyaceae.g__.s__.ASV_4057","season","September",3.13548122394124,0.474811142087476,1.21866475676776e-06,"seasonSeptember",0.000134646519192548,24,19,"***","maaslin2"
"12","All","k__Bacteria.p__Actinomycetota.c__Actinobacteria.o__Euzebyales.f__Euzebyaceae.g__.s__.ASV_15365","season","September",3.38527209017424,0.514612613405688,1.29054171750046e-06,"seasonSeptember",0.000134646519192548,24,13,"***","maaslin2"
"13","All","k__Bacteria.p__Pseudomonadota.c__Alphaproteobacteria.o__Sphingomonadales.f__Sphingomonadaceae.g__Paraurantiacibacter.s__.ASV_6999","season","September",2.48801412602933,0.382962007953807,1.55260248284769e-06,"seasonSeptember",0.000149527562194254,24,12,"***","maaslin2"
"14","All","k__Bacteria.p__Bacteroidota.c__Bacteroidia.o__Cytophagales.f__Cyclobacteriaceae.g__.s__.ASV_5830","season","September",2.60682512982121,0.413922353264931,2.44587401859487e-06,"seasonSeptember",0.000218731019377199,24,11,"***","maaslin2"
"15","All","k__Bacteria.p__Pseudomonadota.c__Alphaproteobacteria.o__Sphingomonadales.f__Sphingomonadaceae.g__.s__.ASV_14489","season","September",3.3453966466422,0.545027492977152,3.53610865741698e-06,"seasonSeptember",0.000279501685356105,24,18,"***","maaslin2"
"16","All","k__Bacteria.p__Rhodothermota.c__Rhodothermia.o__Rhodothermales.f__Rhodothermaceae.g__.s__.ASV_229","season","September",2.13386993376555,0.347893703371319,3.57190652212275e-06,"seasonSeptember",0.000279501685356105,24,10,"***","maaslin2"
"17","All","k__Bacteria.p__Pseudomonadota.c__Alphaproteobacteria.o__Rhodobacterales.f__Paracoccaceae.g__Palleronia.Pseudomaribius.s__.ASV_10594","season","September",4.01052550247816,0.660477906044999,4.11989878820985e-06,"seasonSeptember",0.000303418428402278,24,11,"***","maaslin2"
"18","All","k__Bacteria.p__Pseudomonadota.c__Alphaproteobacteria.o__Caulobacterales.f__Parvularculaceae.g__Parvularcula.s__.ASV_6944","season","September",3.38212962155451,0.571958827415063,5.96828213931646e-06,"seasonSeptember",0.000415127179912456,24,11,"***","maaslin2"
"19","All","k__Bacteria.p__Rhodothermota.c__Rhodothermia.o__Rhodothermales.f__Rhodothermaceae.g__.s__.ASV_11225","season","September",3.43626830239672,0.593466296377092,7.96763485708103e-06,"seasonSeptember",0.00052502520216134,24,18,"***","maaslin2"
"20","All","k__Bacteria.p__Pseudomonadota.c__Gammaproteobacteria.o__Pseudomonadales.f__Halieaceae.g__.s__.ASV_10906","season","September",-2.74345404654286,0.484810401183953,1.08642659041717e-05,"seasonSeptember",0.000680103045601149,24,15,"***","maaslin2"
"21","All","k__Bacteria.p__Pseudomonadota.c__Alphaproteobacteria.o__Rhodobacterales.f__Paracoccaceae.g__Palleronia.Pseudomaribius.s__.ASV_6338","season","September",3.78788692901434,0.675923448066317,1.2371128082429e-05,"seasonSeptember",0.000690008344605198,24,12,"***","maaslin2"
"22","All","k__Bacteria.p__Pseudomonadota.c__Alphaproteobacteria.o__Rhodobacterales.f__Paracoccaceae.g__Silicimonas.s__.ASV_5396","season","September",-3.08945713252737,0.552699163062594,1.27968585819549e-05,"seasonSeptember",0.000690008344605198,24,12,"***","maaslin2"
"23","All","k__Bacteria.p__Bacteroidota.c__Bacteroidia.o__Flavobacteriales.f__Cryomorphaceae.g__.s__.ASV_996","season","September",-2.4111390039934,0.431135690970595,1.27130801238219e-05,"seasonSeptember",0.000690008344605198,24,10,"***","maaslin2"
"24","All","k__Bacteria.p__Rhodothermota.c__Rhodothermia.o__Rhodothermales.f__Rhodothermaceae.g__Rubrivirga.s__.ASV_3264","season","September",2.4026848310054,0.430909800461334,1.32269970211859e-05,"seasonSeptember",0.000690008344605198,24,10,"***","maaslin2"
"25","All","k__Bacteria.p__Actinomycetota.c__Actinobacteria.o__Frankiales.f__Sporichthyaceae.g__Sporichthya.s__.ASV_3678","season","September",4.24331640723648,0.770546033539712,1.55843478500829e-05,"seasonSeptember",0.000780464140332153,24,10,"***","maaslin2"
"26","All","k__Bacteria.p__Pseudomonadota.c__Alphaproteobacteria.o__Rhodobacterales.f__Paracoccaceae.g__Palleronia.Pseudomaribius.s__.ASV_3202","season","September",2.78740846421655,0.509592244702915,1.70218731131243e-05,"seasonSeptember",0.000819668659139676,24,13,"***","maaslin2"
"27","All","k__Bacteria.p__Pseudomonadota.c__Alphaproteobacteria.o__Sphingomonadales.f__Sphingomonadaceae.g__Pacificimonas.s__.ASV_10664","season","September",2.87314650381114,0.527963369090171,1.8195492639183e-05,"seasonSeptember",0.000843731732750263,24,17,"***","maaslin2"
"28","All","k__Bacteria.p__Bacteroidota.c__Bacteroidia.o__Flavobacteriales.f__Flavobacteriaceae.g__.s__.ASV_7083","season","September",-2.53367607854452,0.479318225156312,2.64322715984865e-05,"seasonSeptember",0.00110964353677374,24,23,"**","maaslin2"
"29","All","k__Bacteria.p__Chloroflexota.c__Anaerolineae.o__Caldilineales.f__Caldilineaceae.g__.s__.ASV_1846","season","September",-2.21088257719569,0.418447270900158,2.65889026383484e-05,"seasonSeptember",0.00110964353677374,24,17,"**","maaslin2"
"30","All","k__Bacteria.p__Pseudomonadota.c__Gammaproteobacteria.o__Pseudomonadales.f__Halieaceae.g__Haliea.s__.ASV_5047","season","September",-2.34222752588273,0.442921238906652,2.62970874988235e-05,"seasonSeptember",0.00110964353677374,24,16,"**","maaslin2"
"31","All","k__Bacteria.p__Thermodesulfobacteriota.c__Desulfobulbia.o__Desulfobulbales.f__Desulfocapsaceae.g__.s__.ASV_15773","season","September",-2.86394016267646,0.555770520602596,3.63927236380712e-05,"seasonSeptember",0.00146979645144726,24,21,"**","maaslin2"
"32","All","k__Bacteria.p__Pseudomonadota.c__Alphaproteobacteria.o__Rhodobacterales.f__Paracoccaceae.g__.s__.ASV_661","season","September",1.89184215770881,0.369488278205503,3.94016012912033e-05,"seasonSeptember",0.00154158765051833,24,10,"**","maaslin2"
"33","All","k__Bacteria.p__Pseudomonadota.c__Alphaproteobacteria.o__Rhodobacterales.f__Paracoccaceae.g__Palleronia.Pseudomaribius.s__.ASV_15810","season","September",1.71739956258352,0.338204876670986,4.36269016553176e-05,"seasonSeptember",0.00157853590632557,24,10,"**","maaslin2"
"34","All","k__Bacteria.p__Pseudomonadota.c__Alphaproteobacteria.o__.f__Neomegalonemataceae.g__Acuticoccus.s__.ASV_10139","season","September",1.42811418420024,0.281102082494106,4.33719709696847e-05,"seasonSeptember",0.00157853590632557,24,11,"**","maaslin2"
"35","All","k__Bacteria.p__Thermodesulfobacteriota.c__Desulfobacteria.o__Desulfobacterales.f__Desulfosarcinaceae.g__SEEP.SRB1.s__.ASV_13449","season","September",-1.61532765933946,0.318400579688747,4.41283999372165e-05,"seasonSeptember",0.00157853590632557,24,11,"**","maaslin2"
"36","All","k__Bacteria.p__Planctomycetota.c__Planctomycetes.o__Pirellulales.f__Pirellulaceae.g__Blastopirellula.s__.ASV_12568","season","September",-2.51855864353191,0.497706027396453,4.55284718993517e-05,"seasonSeptember",0.00158337907827745,24,10,"**","maaslin2"
"37","All","k__Bacteria.p__Pseudomonadota.c__Alphaproteobacteria.o__Rhodobacterales.f__Paracoccaceae.g__Maribius.s__.ASV_6628","season","September",2.87322360061841,0.572369298908231,5.02090927647258e-05,"seasonSeptember",0.00169896713895775,24,12,"**","maaslin2"
"38","All","k__Bacteria.p__Pseudomonadota.c__Alphaproteobacteria.o__Sphingomonadales.f__Sphingomonadaceae.g__.s__.ASV_6423","season","September",1.92335310340197,0.384863711788964,5.30051177119915e-05,"seasonSeptember",0.00174637914145824,24,11,"**","maaslin2"
"39","All","k__Bacteria.p__Pseudomonadota.c__Alphaproteobacteria.o__Sphingomonadales.f__Sphingomonadaceae.g__Sphingomicrobium.s__.ASV_14934","season","September",-3.62702045638421,0.73227750650408,5.90284858224231e-05,"seasonSeptember",0.00184759160624184,24,17,"**","maaslin2"
"40","All","k__Bacteria.p__Rhodothermota.c__Rhodothermia.o__Rhodothermales.f__Rhodothermaceae.g__Rubricoccus.s__.ASV_7519","season","September",2.44467368582037,0.493544865740244,5.89959383570284e-05,"seasonSeptember",0.00184759160624184,24,16,"**","maaslin2"
"41","All","k__Bacteria.p__Thermodesulfobacteriota.c__Desulfobulbia.o__Desulfobulbales.f__Desulfocapsaceae.g__.s__.ASV_11131","season","September",-3.0975084930923,0.62723300711329,6.11700877112584e-05,"seasonSeptember",0.0018679256052316,24,19,"**","maaslin2"
"42","All","k__Bacteria.p__Bacteroidota.c__Bacteroidia.o__Flavobacteriales.f__Flavobacteriaceae.g__Hoppeia.s__.ASV_9379","season","September",-4.53237681001188,0.92412520513273,6.64077186443369e-05,"seasonSeptember",0.00196037305469481,24,11,"**","maaslin2"
"43","All","k__Bacteria.p__Pseudomonadota.c__Alphaproteobacteria.o__Rhodobacterales.f__Paracoccaceae.g__Wenxinia.s__.ASV_8558","season","September",2.5731789440287,0.526186097717698,6.87465784628889e-05,"seasonSeptember",0.00196037305469481,24,18,"**","maaslin2"
"44","All","k__Bacteria.p__Actinomycetota.c__Acidimicrobiia.o__Microtrichales.f__Iamiaceae.g__Iamia.s__.ASV_5513","season","September",1.90723642329323,0.390079168820006,6.88948996857602e-05,"seasonSeptember",0.00196037305469481,24,17,"**","maaslin2"
"45","All","k__Bacteria.p__Pseudomonadota.c__Alphaproteobacteria.o__Rhodobacterales.f__Paracoccaceae.g__Palleronia.Pseudomaribius.s__.ASV_9440","season","September",1.86914912031344,0.387940493391487,8.19103273503041e-05,"seasonSeptember",0.00227892732983513,24,13,"**","maaslin2"
"46","All","k__Bacteria.p__Actinomycetota.c__Actinobacteria.o__Nitriliruptorales.f__Nitriliruptoraceae.g__.s__.ASV_1823","season","September",4.22915447180396,0.889423201730746,9.55223282739799e-05,"seasonSeptember",0.00259986858693528,24,17,"**","maaslin2"
"47","All","k__Bacteria.p__Pseudomonadota.c__Alphaproteobacteria.o__Sphingomonadales.f__Sphingomonadaceae.g__Sphingomicrobium.s__.ASV_429","season","September",-3.07635290114794,0.648750761648201,9.85880760195636e-05,"seasonSeptember",0.00262621853567008,24,13,"**","maaslin2"
"48","All","k__Bacteria.p__Actinomycetota.c__Actinobacteria.o__Euzebyales.f__Euzebyaceae.g__.s__.ASV_36","season","September",2.57987802155913,0.55203830359713,0.00011651917831112,"seasonSeptember",0.00303920856761505,24,10,"**","maaslin2"
"49","All","k__Bacteria.p__Rhodothermota.c__Rhodothermia.o__Rhodothermales.f__Rhodothermaceae.g__Rubrivirga.s__.ASV_6541","season","September",1.42853130513146,0.307636750771865,0.000125299932915501,"seasonSeptember",0.00320154114306544,24,9,"**","maaslin2"
"50","All","k__Bacteria.p__Actinomycetota.c__Actinobacteria.o__Micrococcales.f__Intrasporangiaceae.g__.s__.ASV_82","season","September",3.229820174501,0.710413279992461,0.000158821690638767,"seasonSeptember",0.00397689513359472,24,23,"**","maaslin2"
"51","All","k__Bacteria.p__Pseudomonadota.c__Alphaproteobacteria.o__Rhodobacterales.f__Paracoccaceae.g__.s__.ASV_1163","season","September",2.28793442245201,0.506059641446375,0.000168948840275675,"seasonSeptember",0.00414752839264991,24,15,"**","maaslin2"
"52","All","k__Bacteria.p__Thermodesulfobacteriota.c__Desulfobacteria.o__Desulfobacterales.f__Desulfosarcinaceae.g__Sva0081_sediment_group.s__.ASV_4006","season","September",-1.114658484116,0.250407248491264,0.00020029827727975,"seasonSeptember",0.00482256621450475,24,8,"**","maaslin2"
"53","All","k__Bacteria.p__Planctomycetota.c__Planctomycetes.o__Planctomycetales.f__Rubinisphaeraceae.g__.s__.ASV_9127","season","September",-1.33261427374935,0.300352728599635,0.00020754673257554,"seasonSeptember",0.00490280206008634,24,10,"**","maaslin2"
"54","All","k__Bacteria.p__Actinomycetota.c__Actinobacteria.o__Euzebyales.f__Euzebyaceae.g__.s__.ASV_3566","season","September",3.90941746048477,0.882654255709706,0.000211472641844193,"seasonSeptember",0.00490303236275797,24,23,"**","maaslin2"
"55","All","k__Bacteria.p__Bacteroidota.c__Bacteroidia.o__Flavobacteriales.f__Flavobacteriaceae.g__Hoppeia.s__.ASV_2715","season","September",-3.27980552785507,0.743881555415926,0.000222126756207233,"seasonSeptember",0.00505641270493556,24,12,"**","maaslin2"
"56","All","k__Bacteria.p__Rhodothermota.c__Rhodothermia.o__Rhodothermales.f__Rhodothermaceae.g__.s__.ASV_12652","season","September",2.2532608900577,0.512030392208979,0.000226734906614094,"seasonSeptember",0.00506914469787224,24,19,"**","maaslin2"
"57","All","k__Bacteria.p__Chloroflexota.c__Anaerolineae.o__Aggregatilineales.f__A4b.g__.s__.ASV_6080","season","September",-1.74881209602207,0.399746491519634,0.000241510229542028,"seasonSeptember",0.00530475100678279,24,14,"**","maaslin2"
"58","All","k__Bacteria.p__Rhodothermota.c__Rhodothermia.o__Rhodothermales.f__Rhodothermaceae.g__Rubrivirga.s__.ASV_5056","season","September",2.46014048499945,0.56474587083739,0.00025274824770799,"seasonSeptember",0.00537428407979625,24,9,"**","maaslin2"
"59","All","k__Bacteria.p__Calditrichota.c__Calditrichia.o__Calditrichales.f__Calditrichaceae.g__.s__.ASV_15461","season","September",-2.41246932547004,0.55390801003504,0.000253260990980814,"seasonSeptember",0.00537428407979625,24,10,"**","maaslin2"
"60","All","k__Bacteria.p__Pseudomonadota.c__Alphaproteobacteria.o__Rhodobacterales.f__Paracoccaceae.g__.s__.ASV_1011","season","September",2.31609096150906,0.534889210514552,0.00026942784208003,"seasonSeptember",0.00562206097140329,24,9,"**","maaslin2"
"61","All","k__Bacteria.p__Pseudomonadota.c__Alphaproteobacteria.o__Hyphomicrobiales.f__Rhizobiaceae.g__Aurantimonas.s__.ASV_12613","season","September",1.69787478138034,0.394922317307548,0.000290472298027193,"seasonSeptember",0.00596182487098436,24,16,"**","maaslin2"
"62","All","k__Bacteria.p__Chloroflexota.c__Anaerolineae.o__Anaerolineales.f__Anaerolineaceae.g__.s__.ASV_12486","season","September",-2.72206127665859,0.635778673143892,0.000303387420414611,"seasonSeptember",0.00612646855417891,24,17,"**","maaslin2"
"63","All","k__Bacteria.p__Rhodothermota.c__Rhodothermia.o__Rhodothermales.f__Rhodothermaceae.g__.s__.ASV_5842","season","September",1.84499086037726,0.434208089876499,0.000328356371829679,"seasonSeptember",0.00652543138937712,24,21,"**","maaslin2"
"64","All","k__Bacteria.p__Rhodothermota.c__Rhodothermia.o__Rhodothermales.f__Rhodothermaceae.g__.s__.ASV_15803","season","September",2.02164555345849,0.476635746852601,0.000334514151546369,"seasonSeptember",0.00654393308962583,24,9,"**","maaslin2"
"65","All","k__Bacteria.p__Pseudomonadota.c__Alphaproteobacteria.o__Sphingomonadales.f__Sphingomonadaceae.g__Sphingomicrobium.s__.ASV_13477","season","September",2.50067261469904,0.596988983692801,0.000380459671281208,"seasonSeptember",0.00732823859144727,24,9,"**","maaslin2"
"66","All","k__Bacteria.p__Pseudomonadota.c__Alphaproteobacteria.o__Sphingomonadales.f__Sphingomonadaceae.g__Parasphingopyxis.s__.ASV_619","season","September",1.74747171920462,0.421762068498121,0.000425222099395493,"seasonSeptember",0.00806633437035087,24,13,"**","maaslin2"
"67","All","k__Bacteria.p__Actinomycetota.c__Acidimicrobiia.o__Microtrichales.f__Microtrichaceae.g__IMCC26207.s__.ASV_14497","season","September",1.9508618098345,0.477339323927616,0.000487887189114353,"seasonSeptember",0.00911693672792791,24,14,"**","maaslin2"
"68","All","k__Bacteria.p__Planctomycetota.c__Planctomycetes.o__Planctomycetales.f__Rubinisphaeraceae.g__Planctomicrobium.s__.ASV_13985","season","September",-2.7613896793627,0.678678671903475,0.000510013576888208,"seasonSeptember",0.00925415939513096,24,11,"**","maaslin2"
"69","All","k__Bacteria.p__Rhodothermota.c__Rhodothermia.o__Rhodothermales.f__Rhodothermaceae.g__.s__.ASV_9391","season","September",2.25782957632932,0.554811280100969,0.000509053994311255,"seasonSeptember",0.00925415939513096,24,13,"**","maaslin2"
"70","All","k__Bacteria.p__Bacteroidota.c__Bacteroidia.o__Cytophagales.f__Cyclobacteriaceae.g__Algoriphagus.s__.ASV_5399","season","September",-2.29172620077244,0.571186078870573,0.000585437170554327,"seasonSeptember",0.0104709619647717,24,8,"*","maaslin2"
"71","All","k__Bacteria.p__Pseudomonadota.c__Alphaproteobacteria.o__Sphingomonadales.f__Sphingomonadaceae.g__.s__.ASV_2700","season","September",-3.38440319880604,0.84849229987655,0.000619946626442423,"seasonSeptember",0.0109224451007069,24,10,"*","maaslin2"
"72","All","k__Bacteria.p__Pseudomonadota.c__Alphaproteobacteria.o__Sphingomonadales.f__Sphingomonadaceae.g__Sphingomicrobium.s__.ASV_14022","season","September",1.86947941879697,0.469733817555501,0.000633470854289002,"seasonSeptember",0.0109224451007069,24,13,"*","maaslin2"
"73","All","k__Bacteria.p__Rhodothermota.c__Rhodothermia.o__Rhodothermales.f__Rhodothermaceae.g__Rubrivirga.s__.ASV_10928","season","September",1.4271952643674,0.358800463164327,0.000636851830951762,"seasonSeptember",0.0109224451007069,24,10,"*","maaslin2"
"74","All","k__Bacteria.p__Rhodothermota.c__Rhodothermia.o__Rhodothermales.f__Rhodothermaceae.g__Rubrivirga.s__.ASV_10530","season","September",1.54776952414272,0.39282323877006,0.000697875679974002,"seasonSeptember",0.0118073020449656,24,8,"*","maaslin2"
"75","All","k__Bacteria.p__Pseudomonadota.c__Alphaproteobacteria.o__Sphingomonadales.f__Sphingomonadaceae.g__.s__.ASV_2217","season","September",1.6966447041228,0.431826474069055,0.00071702756674105,"seasonSeptember",0.0119695801807973,24,11,"*","maaslin2"
"76","All","k__Bacteria.p__Actinomycetota.c__Actinobacteria.o__Nitriliruptorales.f__Nitriliruptoraceae.g__.s__.ASV_12809","season","September",1.78319921149582,0.458723136672375,0.000793572123086867,"seasonSeptember",0.01307305655401,24,11,"*","maaslin2"
"77","All","k__Bacteria.p__Pseudomonadota.c__Alphaproteobacteria.o__Sphingomonadales.f__Sphingomonadaceae.g__Aurantiacibacter.s__.ASV_10631","season","September",-2.19430847690208,0.567010349185034,0.000827764357156397,"seasonSeptember",0.0134592334436339,24,8,"*","maaslin2"
"78","All","k__Bacteria.p__Actinomycetota.c__Actinobacteria.o__Euzebyales.f__Euzebyaceae.g__.s__.ASV_11651","season","September",3.03686591514445,0.786276298715031,0.000843245309941834,"seasonSeptember",0.0135351683082971,24,10,"*","maaslin2"
"79","All","k__Bacteria.p__Planctomycetota.c__Planctomycetes.o__Planctomycetales.f__Gimesiaceae.g__.s__.ASV_10539","season","September",-2.00358637148018,0.526008818589513,0.000959806685194645,"seasonSeptember",0.0152111135425784,24,9,"*","maaslin2"
"80","All","k__Bacteria.p__Rhodothermota.c__Rhodothermia.o__Rhodothermales.f__Rhodothermaceae.g__.s__.ASV_1677","season","September",1.95281214554428,0.515356111135801,0.00100701776249377,"seasonSeptember",0.0157598279830275,24,10,"*","maaslin2"
"81","All","k__Bacteria.p__Actinomycetota.c__Actinobacteria.o__Propionibacteriales.f__Nocardioidaceae.g__Nocardioides.s__.ASV_15946","season","September",3.05522648017004,0.809717450418705,0.00104698390902693,"seasonSeptember",0.0161830105444657,24,16,"*","maaslin2"
"82","All","k__Bacteria.p__Actinomycetota.c__Rubrobacteria.o__Rubrobacterales.f__Rubrobacteriaceae.g__Rubrobacter.s__.ASV_4417","season","September",3.16162603350242,0.842578880095176,0.00110133957811819,"seasonSeptember",0.0162220841388703,24,22,"*","maaslin2"
"83","All","k__Bacteria.p__Actinomycetota.c__Actinobacteria.o__Nitriliruptorales.f__Nitriliruptoraceae.g__.s__.ASV_11633","season","September",2.17958977320564,0.579176359518679,0.00107252968212462,"seasonSeptember",0.0162220841388703,24,19,"*","maaslin2"
"84","All","k__Bacteria.p__Planctomycetota.c__Planctomycetes.o__Planctomycetales.f__Rubinisphaeraceae.g__Planctomicrobium.s__.ASV_11443","season","September",-1.86228387395024,0.4956060345638,0.00108736688881753,"seasonSeptember",0.0162220841388703,24,8,"*","maaslin2"
"85","All","k__Bacteria.p__Pseudomonadota.c__Alphaproteobacteria.o__Hyphomicrobiales.f__Rhizobiaceae.g__.s__.ASV_4397","season","September",0.783025884467854,0.208575954463051,0.0010964618566016,"seasonSeptember",0.0162220841388703,24,7,"*","maaslin2"
"86","All","k__Bacteria.p__Pseudomonadota.c__Alphaproteobacteria.o__Sphingomonadales.f__Sphingomonadaceae.g__Altererythrobacter.s__.ASV_2841","season","September",1.43839485895727,0.385086685841611,0.00114784122463531,"seasonSeptember",0.0167104327121327,24,10,"*","maaslin2"
"87","All","k__Bacteria.p__Rhodothermota.c__Rhodothermia.o__Rhodothermales.f__Rhodothermaceae.g__.s__.ASV_12658","season","September",1.87690822721587,0.503770899129755,0.00117464300858765,"seasonSeptember",0.0167119664403607,24,12,"*","maaslin2"
"88","All","k__Bacteria.p__Rhodothermota.c__Rhodothermia.o__Rhodothermales.f__Rhodothermaceae.g__.s__.ASV_634","season","September",2.13950097029473,0.573834837626738,0.0011669646824111,"seasonSeptember",0.0167119664403607,24,11,"*","maaslin2"
"89","All","k__Bacteria.p__Actinomycetota.c__Actinobacteria.o__Euzebyales.f__Euzebyaceae.g__.s__.ASV_7017","season","September",2.07798043086334,0.562731991167988,0.0012724538289247,"seasonSeptember",0.0179001370091429,24,10,"*","maaslin2"
"90","All","k__Bacteria.p__Actinomycetota.c__Actinobacteria.o__Propionibacteriales.f__Nocardioidaceae.g__Nocardioides.s__.ASV_15626","season","September",2.10064307971965,0.571110236935659,0.00131782333104364,"seasonSeptember",0.0179338566355069,24,8,"*","maaslin2"
"91","All","k__Bacteria.p__Pseudomonadota.c__Alphaproteobacteria.o__Hyphomicrobiales.f__Hyphomicrobiaceae.g__Filomicrobium.s__.ASV_9961","season","September",-2.10659912929385,0.572304771821659,0.0013091555965803,"seasonSeptember",0.0179338566355069,24,10,"*","maaslin2"
"92","All","k__Bacteria.p__Pseudomonadota.c__Alphaproteobacteria.o__Hyphomicrobiales.f__Stappiaceae.g__Roseibium.s__.ASV_11950","season","September",-1.53098500168835,0.415213474732489,0.00128930571081172,"seasonSeptember",0.0179338566355069,24,8,"*","maaslin2"
"93","All","k__Bacteria.p__Pseudomonadota.c__Alphaproteobacteria.o__Rhodobacterales.f__Paracoccaceae.g__Hasllibacter.s__.ASV_260","season","September",2.52969788620085,0.692810558573014,0.00140603699067348,"seasonSeptember",0.0184807706239813,24,13,"*","maaslin2"
"94","All","k__Bacteria.p__Pseudomonadota.c__Alphaproteobacteria.o__Rhodobacterales.f__Paracoccaceae.g__Marivita.s__.ASV_9078","season","September",-0.952717917474492,0.260809735634566,0.00140072550590756,"seasonSeptember",0.0184807706239813,24,7,"*","maaslin2"
"95","All","k__Bacteria.p__Pseudomonadota.c__Alphaproteobacteria.o__Hyphomicrobiales.f__Rhizobiaceae.g__.s__.ASV_4948","season","September",1.79166572346191,0.491090887360403,0.00141631905418375,"seasonSeptember",0.0184807706239813,24,19,"*","maaslin2"
"96","All","k__Bacteria.p__Pseudomonadota.c__Alphaproteobacteria.o__Sphingomonadales.f__Sphingomonadaceae.g__Croceibacterium.s__.ASV_3589","season","September",-2.02612031026154,0.556041288030311,0.00143181689339152,"seasonSeptember",0.0184807706239813,24,13,"*","maaslin2"
"97","All","k__Bacteria.p__Pseudomonadota.c__Alphaproteobacteria.o__Sphingomonadales.f__Sphingomonadaceae.g__.s__.ASV_2773","season","September",-1.36686368615611,0.37494396244718,0.00142600803609272,"seasonSeptember",0.0184807706239813,24,9,"*","maaslin2"
"98","All","k__Bacteria.p__Pseudomonadota.c__Alphaproteobacteria.o__Rhodobacterales.f__Paracoccaceae.g__Limibaculum.s__.ASV_3822","season","September",1.83202495016732,0.50927748134431,0.00160186035290398,"seasonSeptember",0.0204645832840386,24,10,"*","maaslin2"
"99","All","k__Bacteria.p__Bacteroidota.c__Bacteroidia.o__Bacteroidales.f__Bacteroidetes_BD2.2.g__.s__.ASV_6489","season","September",-2.04187879332111,0.568775851961045,0.00163047349502675,"seasonSeptember",0.0206197254118535,24,10,"*","maaslin2"
"100","All","k__Bacteria.p__Pseudomonadota.c__Alphaproteobacteria.o__Rhodobacterales.f__Paracoccaceae.g__Actibacterium.s__.ASV_6146","season","September",2.64482017963864,0.745352395741613,0.00180189590975729,"seasonSeptember",0.0223363730595657,24,12,"*","maaslin2"
"101","All","k__Bacteria.p__Pseudomonadota.c__Alphaproteobacteria.o__Rhodobacterales.f__Paracoccaceae.g__.s__.ASV_15370","season","September",-0.955528383814717,0.269159416740603,0.00179484497854396,"seasonSeptember",0.0223363730595657,24,7,"*","maaslin2"
"102","All","k__Bacteria.p__Actinomycetota.c__Rubrobacteria.o__Rubrobacterales.f__Rubrobacteriaceae.g__Rubrobacter.s__.ASV_10060","season","September",2.00148298212227,0.56674365226476,0.00187644670700563,"seasonSeptember",0.0226959170547084,24,14,"*","maaslin2"
"103","All","k__Bacteria.p__Actinomycetota.c__Acidimicrobiia.o__Microtrichales.f__Ilumatobacteraceae.g__Ilumatobacter.s__.ASV_1622","season","September",-1.50786676372003,0.426735812752341,0.00186771544986235,"seasonSeptember",0.0226959170547084,24,11,"*","maaslin2"
"104","All","k__Bacteria.p__Bacteroidota.c__Bacteroidia.o__Flavobacteriales.f__Flavobacteriaceae.g__Maribacter.s__.ASV_12000","season","September",-1.29409310498857,0.366640845872482,0.00188528384480006,"seasonSeptember",0.0226959170547084,24,7,"*","maaslin2"
"105","All","k__Bacteria.p__Pseudomonadota.c__Gammaproteobacteria.o__Steroidobacterales.f__Woeseiaceae.g__Woeseia.s__.ASV_15820","season","September",-2.37519657961797,0.676735130570743,0.00197711404436986,"seasonSeptember",0.0235747312719149,24,19,"*","maaslin2"
"106","All","k__Bacteria.p__Rhodothermota.c__Rhodothermia.o__Rhodothermales.f__Rhodothermaceae.g__Rubrivirga.s__.ASV_3298","season","September",2.09562424807292,0.598121970747095,0.00200633658817431,"seasonSeptember",0.0236974849848512,24,10,"*","maaslin2"
"107","All","k__Bacteria.p__Bacteroidota.c__Bacteroidia.o__Cytophagales.f__Cyclobacteriaceae.g__Fulvivirga.s__.ASV_2769","season","September",-2.04972599855434,0.585821253573609,0.00202948072481993,"seasonSeptember",0.023746821191351,24,11,"*","maaslin2"
"108","All","k__Bacteria.p__Bacteroidota.c__Bacteroidia.o__Chitinophagales.f__Saprospiraceae.g__.s__.ASV_15050","season","September",-2.96846053658299,0.851462277206848,0.00209166267284141,"seasonSeptember",0.0242477932073837,24,12,"*","maaslin2"
"109","All","k__Bacteria.p__Pseudomonadota.c__Alphaproteobacteria.o__Sphingomonadales.f__Sphingomonadaceae.g__.s__.ASV_14636","season","September",-1.33870179147033,0.385549161374334,0.00216362492008378,"seasonSeptember",0.0247033236106944,24,7,"*","maaslin2"
"110","All","k__Bacteria.p__Actinomycetota.c__Actinobacteria.o__Frankiales.f__Geodermatophilaceae.g__Geodermatophilus.s__.ASV_9635","season","September",1.91393238826221,0.551424744840493,0.00217041980605143,"seasonSeptember",0.0247033236106944,24,8,"*","maaslin2"
"111","All","k__Bacteria.p__Pseudomonadota.c__Gammaproteobacteria.o__Tenderiales.f__Tenderiaceae.g__Candidatus_Tenderia.s__.ASV_5531","season","September",-1.26387641395426,0.365248650718602,0.00222605390614504,"seasonSeptember",0.0251082836981404,24,8,"*","maaslin2"
"112","All","k__Bacteria.p__Pseudomonadota.c__Alphaproteobacteria.o__Rhodobacterales.f__Paracoccaceae.g__.s__.ASV_8954","season","September",2.46069232648836,0.714838330686016,0.00232410574061089,"seasonSeptember",0.0259801820289718,24,16,"*","maaslin2"
"113","All","k__Bacteria.p__Thermodesulfobacteriota.c__Desulfobacteria.o__Desulfobacterales.f__Desulfosarcinaceae.g__.s__.ASV_7814","season","September",-1.85493097526461,0.545085776333865,0.00255292197916363,"seasonSeptember",0.0282854718399368,24,15,"*","maaslin2"
"114","All","k__Bacteria.p__Pseudomonadota.c__Alphaproteobacteria.o__Sphingomonadales.f__Sphingomonadaceae.g__.s__.ASV_6859","season","September",1.53241300837505,0.451545290526215,0.00261020536565184,"seasonSeptember",0.0286664659455798,24,9,"*","maaslin2"
"115","All","k__Bacteria.p__Pseudomonadota.c__Alphaproteobacteria.o__Hyphomicrobiales.f__Rhizobiaceae.g__Fulvimarina.s__.ASV_6441","season","September",2.31108960259187,0.683778102714021,0.00269769976939372,"seasonSeptember",0.0291165526834563,24,24,"*","maaslin2"
"116","All","k__Bacteria.p__Pseudomonadota.c__Alphaproteobacteria.o__Rhodobacterales.f__Paracoccaceae.g__Palleronia.Pseudomaribius.s__.ASV_4152","season","September",1.25276326976086,0.370592357141499,0.00269415055858085,"seasonSeptember",0.0291165526834563,24,7,"*","maaslin2"
"117","All","k__Bacteria.p__Pseudomonadota.c__Gammaproteobacteria.o__Pseudomonadales.f__Spongiibacteraceae.g__.s__.ASV_529","season","September",1.98179797874706,0.587440267923429,0.00273829103630109,"seasonSeptember",0.0293020545081108,24,12,"*","maaslin2"
"118","All","k__Bacteria.p__Acidobacteriota.c__Thermoanaerobaculia.o__Thermoanaerobaculales.f__Thermoanaerobaculaceae.g__Subgroup_10.s__.ASV_9865","season","September",-2.23464043390647,0.6636216411653,0.00277953587956702,"seasonSeptember",0.0294913467899823,24,8,"*","maaslin2"
"119","All","k__Bacteria.p__Pseudomonadota.c__Alphaproteobacteria.o__Hyphomicrobiales.f__Rhizobiaceae.g__.s__.ASV_8289","season","September",-1.51859890999932,0.452986062727559,0.00288006736783169,"seasonSeptember",0.030301212979204,24,8,"*","maaslin2"
"120","All","k__Bacteria.p__Balneolota.c__Balneolia.o__Balneolales.f__Balneolaceae.g__.s__.ASV_1012","season","September",-1.15378492576127,0.345002057297586,0.00293635193917139,"seasonSeptember",0.0306359385653548,24,7,"*","maaslin2"
"121","All","k__Bacteria.p__Bacteroidota.c__Bacteroidia.o__Flavobacteriales.f__Flavobacteriaceae.g__Marixanthomonas.s__.ASV_2225","season","September",-1.80040426358461,0.550046586181698,0.00347611824141557,"seasonSeptember",0.0359677689111759,24,7,"*","maaslin2"
"122","All","k__Bacteria.p__Bacteroidota.c__Bacteroidia.o__Flavobacteriales.f__Flavobacteriaceae.g__Hanstruepera.s__.ASV_2269","season","September",-2.14705808245574,0.656939336723269,0.00351676782552626,"seasonSeptember",0.0360901091603187,24,7,"*","maaslin2"
"123","All","k__Bacteria.p__Pseudomonadota.c__Alphaproteobacteria.o__Rhodobacterales.f__Paracoccaceae.g__Tropicimonas.Psychromarinibacter.s__.ASV_2406","season","September",-1.33956203365449,0.414934739055074,0.00386468444338422,"seasonSeptember",0.0393380888058296,24,8,"*","maaslin2"
"124","All","k__Bacteria.p__Pseudomonadota.c__Alphaproteobacteria.o__Rhodobacterales.f__Paracoccaceae.g__Actibacterium.s__.ASV_14368","season","September",-2.18505505133531,0.679498314126833,0.00398205717574695,"seasonSeptember",0.0398842846722814,24,9,"*","maaslin2"
"125","All","k__Bacteria.p__Thermodesulfobacteriota.c__Desulfobacteria.o__Desulfobacterales.f__Desulfosarcinaceae.g__Sva0081_sediment_group.s__.ASV_4065","season","September",-2.00510779419791,0.623475815337333,0.00397899042432177,"seasonSeptember",0.0398842846722814,24,13,"*","maaslin2"
"126","All","k__Bacteria.p__Bacteroidota.c__Bacteroidia.o__Chitinophagales.f__Saprospiraceae.g__Lewinella.s__.ASV_368","season","September",2.73560316100367,0.854062340350654,0.00410250444491655,"seasonSeptember",0.0400876037704555,24,15,"*","maaslin2"
"127","All","k__Bacteria.p__Bacteroidota.c__Bacteroidia.o__Cytophagales.f__Cyclobacteriaceae.g__Tunicatimonas.s__.ASV_5667","season","September",2.03966270762193,0.637865894349874,0.00415515729746826,"seasonSeptember",0.0400876037704555,24,17,"*","maaslin2"
"128","All","k__Bacteria.p__Pseudomonadota.c__Alphaproteobacteria.o__Hyphomicrobiales.f__Rhizobiaceae.g__.s__.ASV_9642","season","September",-1.88012060564448,0.587114577693808,0.00410968798801288,"seasonSeptember",0.0400876037704555,24,13,"*","maaslin2"
"129","All","k__Bacteria.p__Bacteroidota.c__Bacteroidia.o__Cytophagales.f__Cyclobacteriaceae.g__Tunicatimonas.s__.ASV_5122","season","September",2.06109483608184,0.642249281997272,0.00404362467494709,"seasonSeptember",0.0400876037704555,24,11,"*","maaslin2"
"130","All","k__Bacteria.p__Pseudomonadota.c__Alphaproteobacteria.o__Rhodobacterales.f__Paracoccaceae.g__Hasllibacter.s__.ASV_5521","season","September",0.788768468087476,0.246729855184606,0.0041624508707342,"seasonSeptember",0.0400876037704555,24,6,"*","maaslin2"
"131","All","k__Bacteria.p__Pseudomonadota.c__Gammaproteobacteria.o__Pseudomonadales.f__Halieaceae.g__Pseudohaliea.s__.ASV_9973","season","September",-1.85313415087175,0.580745508926963,0.00422102091744657,"seasonSeptember",0.0403413602186497,24,12,"*","maaslin2"
"132","All","k__Bacteria.p__Planctomycetota.c__Planctomycetes.o__Planctomycetales.f__Gimesiaceae.g__.s__.ASV_9951","season","September",-1.17163330874691,0.36761749950409,0.00425953468766557,"seasonSeptember",0.0404010411284643,24,10,"*","maaslin2"
"133","All","k__Bacteria.p__Pseudomonadota.c__Alphaproteobacteria.o__Rhodobacterales.f__Paracoccaceae.g__Limibaculum.s__.ASV_8635","season","September",2.12936364111254,0.669305338998117,0.00431650034953825,"seasonSeptember",0.0406335220873827,24,10,"*","maaslin2"
"134","All","k__Bacteria.p__Bacteroidota.c__Bacteroidia.o__Bacteroidales.f__Prolixibacteraceae.g__.s__.ASV_15290","season","September",-1.79028303094206,0.564126670395338,0.00439750814679279,"seasonSeptember",0.0410871656700342,24,8,"*","maaslin2"
"135","All","k__Bacteria.p__Bacillota.c__Clostridia.o__Peptostreptococcales.Tissierellales.f__Peptostreptococcaceae.g__Romboutsia.s__.ASV_8542","season","September",-0.832182735283476,0.264992963949391,0.00475354092755477,"seasonSeptember",0.0440846906762857,24,6,"*","maaslin2"
"136","All","k__Bacteria.p__Campylobacterota.c__Campylobacteria.o__Campylobacterales.f__Sulfurovaceae.g__Sulfurovum.s__.ASV_3044","season","September",-3.08936700000019,0.985608755711149,0.00481997971344039,"seasonSeptember",0.0443721661854954,24,8,"*","maaslin2"
"137","All","k__Bacteria.p__Pseudomonadota.c__Alphaproteobacteria.o__Rhodobacterales.f__Paracoccaceae.g__.s__.ASV_12829","season","September",1.19863934801547,0.38549201356389,0.00511180220274378,"seasonSeptember",0.0460429953801095,24,15,"*","maaslin2"
"138","All","k__Bacteria.p__Planctomycetota.c__Planctomycetes.o__Pirellulales.f__Pirellulaceae.g__Pir4_lineage.s__.ASV_4944","season","September",-2.29416566116252,0.737583172259636,0.0050997729373405,"seasonSeptember",0.0460429953801095,24,13,"*","maaslin2"
"139","All","k__Bacteria.p__Pseudomonadota.c__Alphaproteobacteria.o__Caulobacterales.f__Parvularculaceae.g__Parvularcula.s__.ASV_11516","season","September",1.13952793685432,0.366091573793226,0.00507236298321523,"seasonSeptember",0.0460429953801095,24,6,"*","maaslin2"
"140","All","k__Bacteria.p__Bacteroidota.c__Bacteroidia.o__Flavobacteriales.f__Flavobacteriaceae.g__Gramella.s__.ASV_12463","season","September",-2.20837232956527,0.713428211460231,0.0052811362370997,"seasonSeptember",0.0465632575271044,24,8,"*","maaslin2"
"141","All","k__Bacteria.p__Pseudomonadota.c__Gammaproteobacteria.o__Pseudomonadales.f__Cellvibrionaceae.g__.s__.ASV_4946","season","September",2.2425331112429,0.72379840114097,0.00524611608895124,"seasonSeptember",0.0465632575271044,24,10,"*","maaslin2"
"142","All","k__Bacteria.p__Pseudomonadota.c__Alphaproteobacteria.o__Sphingomonadales.f__Sphingomonadaceae.g__Croceibacterium.s__.ASV_5058","season","September",-1.03997487313414,0.335682493140048,0.00524848636874476,"seasonSeptember",0.0465632575271044,24,6,"*","maaslin2"
"143","All","k__Bacteria.p__Pseudomonadota.c__Alphaproteobacteria.o__Rhodobacterales.f__Paracoccaceae.g__.s__.ASV_14237","season","September",1.16674628652045,0.381135751092217,0.00571989802652473,"seasonSeptember",0.0497313356195067,24,14,"*","maaslin2"
"144","All","k__Bacteria.p__Actinomycetota.c__Acidimicrobiia.o__Microtrichales.f__Microtrichaceae.g__Sva0996_marine_group.s__.ASV_8762","season","September",0.752475273640424,0.245623497775266,0.00568937809661572,"seasonSeptember",0.0497313356195067,24,6,"*","maaslin2"
"145","All","k__Bacteria.p__Bacteroidota.c__Bacteroidia.o__Flavobacteriales.f__Flavobacteriaceae.g__Gramella.s__.ASV_8981","season","September",-1.4848323058322,0.486858468552898,0.0058739632922367,"seasonSeptember",0.0503712468621941,24,6,"","maaslin2"
"146","All","k__Bacteria.p__Pseudomonadota.c__Alphaproteobacteria.o__Rhodobacterales.f__Paracoccaceae.g__.s__.ASV_14777","season","September",2.43234242054806,0.797302327791064,0.00586177863882663,"seasonSeptember",0.0503712468621941,24,9,"","maaslin2"
"147","All","k__Bacteria.p__Pseudomonadota.c__Alphaproteobacteria.o__.f__Neomegalonemataceae.g__Acuticoccus.s__.ASV_2172","season","September",1.41850397668966,0.466787095278168,0.00602562578423539,"seasonSeptember",0.0509735370396129,24,6,"","maaslin2"
"148","All","k__Bacteria.p__Actinomycetota.c__Acidimicrobiia.o__Microtrichales.f__Ilumatobacteraceae.g__Ilumatobacter.s__.ASV_8457","season","September",-1.04114554954873,0.342590750952373,0.00602326341650543,"seasonSeptember",0.0509735370396129,24,6,"","maaslin2"
"149","All","k__Bacteria.p__Bacteroidota.c__Bacteroidia.o__Flavobacteriales.f__Flavobacteriaceae.g__.s__.ASV_10531","season","September",-2.66312016281682,0.877195623884374,0.00606666856638275,"seasonSeptember",0.0509763023161825,24,7,"","maaslin2"
"150","All","k__Bacteria.p__Pseudomonadota.c__Alphaproteobacteria.o__Rhodobacterales.f__Paracoccaceae.g__Palleronia.Pseudomaribius.s__.ASV_3213","season","September",0.74186379404493,0.245173865305943,0.0062104563093014,"seasonSeptember",0.0511902888928055,24,6,"","maaslin2"
"151","All","k__Bacteria.p__Bacteroidota.c__Bacteroidia.o__Cytophagales.f__Cyclobacteriaceae.g__Fulvivirga.s__.ASV_10951","season","September",-1.27910590622956,0.42276561714216,0.00621479545663454,"seasonSeptember",0.0511902888928055,24,8,"","maaslin2"
"152","All","k__Bacteria.p__Pseudomonadota.c__Alphaproteobacteria.o__Rhodobacterales.f__Paracoccaceae.g__Limibaculum.s__.ASV_11145","season","September",-1.60232481458363,0.528600530384512,0.0061331606593876,"seasonSeptember",0.0511902888928055,24,9,"","maaslin2"
"153","All","k__Bacteria.p__Bacteroidota.c__Bacteroidia.o__Bacteroidales.f__Prolixibacteraceae.g__.s__.ASV_5304","season","September",-2.23846594975247,0.742250271332509,0.00635759523126688,"seasonSeptember",0.0520242433303669,24,7,"","maaslin2"
"154","All","k__Bacteria.p__Actinomycetota.c__Actinobacteria.o__Euzebyales.f__Euzebyaceae.g__.s__.ASV_8234","season","September",1.69013432034017,0.562958890950506,0.006560562367163,"seasonSeptember",0.0533365200239485,24,6,"","maaslin2"
"155","All","k__Bacteria.p__Pseudomonadota.c__Alphaproteobacteria.o__Sphingomonadales.f__Sphingomonadaceae.g__.s__.ASV_13045","season","September",-1.41189116427133,0.471958344228086,0.00672484456224115,"seasonSeptember",0.053924402495947,24,6,"","maaslin2"
"156","All","k__Bacteria.p__Pseudomonadota.c__Alphaproteobacteria.o__Sphingomonadales.f__Sphingomonadaceae.g__Sphingomicrobium.s__.ASV_8463","season","September",0.855876901201622,0.286347837001908,0.0067657243195942,"seasonSeptember",0.053924402495947,24,6,"","maaslin2"
"157","All","k__Bacteria.p__Planctomycetota.c__Planctomycetes.o__Pirellulales.f__Pirellulaceae.g__Bythopirellula.s__.ASV_2681","season","September",-0.970457877666427,0.324109935621243,0.00668345770808764,"seasonSeptember",0.053924402495947,24,6,"","maaslin2"
"158","All","k__Bacteria.p__Pseudomonadota.c__Gammaproteobacteria.o__Steroidobacterales.f__Woeseiaceae.g__Woeseia.s__.ASV_8264","season","September",-1.18179219635295,0.396082145387406,0.00684822683454918,"seasonSeptember",0.053924402495947,24,6,"","maaslin2"
"159","All","k__Bacteria.p__Bacteroidota.c__Bacteroidia.o__Bacteroidales.f__Prolixibacteraceae.g__.s__.ASV_1501","season","September",-1.56556379817306,0.52460900089458,0.00683961078906582,"seasonSeptember",0.053924402495947,24,6,"","maaslin2"
"160","All","k__Bacteria.p__Campylobacterota.c__Campylobacteria.o__Campylobacterales.f__Sulfurovaceae.g__Sulfurovum.s__.ASV_14893","season","September",-2.59108322015726,0.871868628639606,0.00703819937995212,"seasonSeptember",0.0550739101481253,24,7,"","maaslin2"
"161","All","k__Bacteria.p__Bacteroidota.c__Bacteroidia.o__Bacteroidales.f__Bacteroidetes_BD2.2.g__.s__.ASV_12719","season","September",-2.11128954383822,0.714438184058676,0.0073149492245003,"seasonSeptember",0.0562062825003163,24,15,"","maaslin2"
"162","All","k__Bacteria.p__Myxococcota.c__Polyangiia.o__Polyangiales.f__Sandaracinaceae.g__.s__.ASV_10742","season","September",-1.71609122599454,0.580737977374883,0.00731759109229357,"seasonSeptember",0.0562062825003163,24,7,"","maaslin2"
"163","All","k__Bacteria.p__Pseudomonadota.c__Alphaproteobacteria.o__Rhodobacterales.f__Paracoccaceae.g__.s__.ASV_5248","season","September",-1.56661910398728,0.529368143151478,0.00724372952367345,"seasonSeptember",0.0562062825003163,24,6,"","maaslin2"
"164","All","k__Bacteria.p__Pseudomonadota.c__Alphaproteobacteria.o__Sphingomonadales.f__Sphingomonadaceae.g__Sphingomicrobium.s__.ASV_3742","season","September",-1.82741667756911,0.620127343637891,0.00745693295188703,"seasonSeptember",0.056300960671249,24,15,"","maaslin2"
"165","All","k__Bacteria.p__Pseudomonadota.c__Alphaproteobacteria.o__Rhodobacterales.f__Paracoccaceae.g__Palleronia.Pseudomaribius.s__.ASV_10171","season","September",0.682900433874022,0.231733429169352,0.00745553325574561,"seasonSeptember",0.056300960671249,24,6,"","maaslin2"
"166","All","k__Bacteria.p__Pseudomonadota.c__Alphaproteobacteria.o__Sphingomonadales.f__Sphingomonadaceae.g__Altericroceibacterium.s__.ASV_2109","season","September",-1.35530192165074,0.460395543612018,0.00750979267739504,"seasonSeptember",0.056300960671249,24,7,"","maaslin2"
"167","All","k__Bacteria.p__Rhodothermota.c__Rhodothermia.o__Rhodothermales.f__Rhodothermaceae.g__Rubrivirga.s__.ASV_11310","season","September",1.62319375710982,0.551237195571014,0.00749491299240984,"seasonSeptember",0.056300960671249,24,6,"","maaslin2"
"168","All","k__Bacteria.p__Pseudomonadota.c__Alphaproteobacteria.o__Hyphomicrobiales.f__Rhizobiaceae.g__Pseudahrensia.s__.ASV_1482","season","September",1.02191708338291,0.347930637843003,0.0076257375418391,"seasonSeptember",0.056829901204658,24,6,"","maaslin2"
"169","All","k__Bacteria.p__Pseudomonadota.c__Alphaproteobacteria.o__Caulobacterales.f__Parvularculaceae.g__Parvularcula.s__.ASV_9842","season","September",2.0840240880958,0.711041268020117,0.00773508399779522,"seasonSeptember",0.0568660394548925,24,10,"","maaslin2"
"170","All","k__Bacteria.p__Pseudomonadota.c__Alphaproteobacteria.o__Rhodobacterales.f__Paracoccaceae.g__Silicimonas.s__.ASV_10644","season","September",-2.00179291480216,0.683400145656903,0.00776684724184235,"seasonSeptember",0.0568660394548925,24,16,"","maaslin2"
"171","All","k__Bacteria.p__Actinomycetota.c__Acidimicrobiia.o__Microtrichales.f__Microtrichaceae.g__Sva0996_marine_group.s__.ASV_3343","season","September",-1.86209011929264,0.63543524022762,0.00774452659858791,"seasonSeptember",0.0568660394548925,24,7,"","maaslin2"
"172","All","k__Bacteria.p__Pseudomonadota.c__Gammaproteobacteria.o__Steroidobacterales.f__Woeseiaceae.g__Woeseia.s__.ASV_14902","season","September",-1.60249838563637,0.548424448003316,0.00789592224732583,"seasonSeptember",0.0574749689165811,24,6,"","maaslin2"
"173","All","k__Bacteria.p__Pseudomonadota.c__Alphaproteobacteria.o__Sphingomonadales.f__Sphingomonadaceae.g__Paraurantiacibacter.s__.ASV_6166","season","September",1.09875476697962,0.376974573443597,0.00803029107282189,"seasonSeptember",0.0581151700761446,24,6,"","maaslin2"
"174","All","k__Bacteria.p__Bacteroidota.c__Bacteroidia.o__Bacteroidales.f__Prolixibacteraceae.g__Maribellus.s__.ASV_5500","season","September",-1.95888906032177,0.673544334085379,0.00814805474966477,"seasonSeptember",0.0586285318768983,24,9,"","maaslin2"
"175","All","k__Bacteria.p__Planctomycetota.c__Planctomycetes.o__Planctomycetales.f__Gimesiaceae.g__.s__.ASV_12350","season","September",-1.39819639295577,0.481249250797763,0.00820405467981635,"seasonSeptember",0.058694151195029,24,6,"","maaslin2"
"176","All","k__Bacteria.p__Bacteroidota.c__Bacteroidia.o__Flavobacteriales.f__Flavobacteriaceae.g__Gramella.s__.ASV_536","season","September",-1.62190878351606,0.560860523779515,0.008462698044231,"seasonSeptember",0.060200556541916,24,7,"","maaslin2"
"177","All","k__Bacteria.p__Bacteroidota.c__Bacteroidia.o__Flavobacteriales.f__Flavobacteriaceae.g__.s__.ASV_10048","season","September",-1.5618897093661,0.541769449496735,0.00863672697874233,"seasonSeptember",0.061091424730991,24,6,"","maaslin2"
"178","All","k__Bacteria.p__Rhodothermota.c__Rhodothermia.o__Rhodothermales.f__Rhodothermaceae.g__.s__.ASV_7872","season","September",1.42231066901019,0.494117964040663,0.0087253665556895,"seasonSeptember",0.0612425183606742,24,6,"","maaslin2"
"179","All","k__Bacteria.p__Pseudomonadota.c__Gammaproteobacteria.o__Pseudomonadales.f__Cellvibrionaceae.g__.s__.ASV_10185","season","September",1.12499769140618,0.39136831107491,0.00880483490808415,"seasonSeptember",0.0612425183606742,24,6,"","maaslin2"
"180","All","k__Bacteria.p__Pseudomonadota.c__Gammaproteobacteria.o__Pseudomonadales.f__Cellvibrionaceae.g__.s__.ASV_9688","season","September",1.47206045519998,0.512058621407206,0.00879950119686861,"seasonSeptember",0.0612425183606742,24,11,"","maaslin2"
"181","All","k__Bacteria.p__Pseudomonadota.c__Alphaproteobacteria.o__Hyphomicrobiales.f__Devosiaceae.g__.s__.ASV_7810","season","September",0.919883510968653,0.321051644951922,0.00899429141320604,"seasonSeptember",0.0622146566261545,24,11,"","maaslin2"
"182","All","k__Bacteria.p__Actinomycetota.c__Acidimicrobiia.o__Microtrichales.f__Ilumatobacteraceae.g__Ilumatobacter.s__.ASV_7004","season","September",2.22653313451253,0.779060617247383,0.00914456455135798,"seasonSeptember",0.0625628132147551,24,17,"","maaslin2"
"183","All","k__Bacteria.p__Planctomycetota.c__Planctomycetes.o__Pirellulales.f__Pirellulaceae.g__.s__.ASV_9760","season","September",-1.60737607139559,0.562029422577886,0.00910331060797233,"seasonSeptember",0.0625628132147551,24,7,"","maaslin2"
"184","All","k__Bacteria.p__Bacteroidota.c__Bacteroidia.o__Flavobacteriales.f__Flavobacteriaceae.g__Hoppeia.s__.ASV_7724","season","September",-1.64309910645769,0.577915927124344,0.00945943784139879,"seasonSeptember",0.0643653053121265,24,6,"","maaslin2"
"185","All","k__Bacteria.p__Actinomycetota.c__Acidimicrobiia.o__Microtrichales.f__Ilumatobacteraceae.g__Ilumatobacter.s__.ASV_1587","season","September",-1.20587278370204,0.424549685857627,0.00951979820926712,"seasonSeptember",0.064425877610824,24,7,"","maaslin2"
"186","All","k__Bacteria.p__Bacteroidota.c__Bacteroidia.o__Cytophagales.f__Cyclobacteriaceae.g__Fulvivirga.s__.ASV_8666","season","September",-2.27472149996449,0.802575583746355,0.00965269716567726,"seasonSeptember",0.0644864254319467,24,15,"","maaslin2"
"187","All","k__Bacteria.p__Pseudomonadota.c__Alphaproteobacteria.o__.f__Neomegalonemataceae.g__Acuticoccus.s__.ASV_4242","season","September",-1.61277911862875,0.570018798699158,0.00976182111811204,"seasonSeptember",0.0644864254319467,24,6,"","maaslin2"
"188","All","k__Bacteria.p__Pseudomonadota.c__Gammaproteobacteria.o__Enterobacterales.f__Pseudoalteromonadaceae.g__Pseudoalteromonas.s__.ASV_11013","season","September",-1.24910563931292,0.440398048943979,0.0096080528746823,"seasonSeptember",0.0644864254319467,24,14,"","maaslin2"
"189","All","k__Bacteria.p__Thermodesulfobacteriota.c__Desulfobulbia.o__Desulfobulbales.f__Desulfobulbaceae.g__Candidatus_Electrothrix.s__.ASV_12765","season","September",-1.20401799729798,0.42560733188462,0.00977078317223321,"seasonSeptember",0.0644864254319467,24,6,"","maaslin2"
"190","All","k__Bacteria.p__Pseudomonadota.c__Alphaproteobacteria.o__.f__Neomegalonemataceae.g__Acuticoccus.s__.ASV_2125","season","September",1.08803911626071,0.384704652550775,0.00978627861986411,"seasonSeptember",0.0644864254319467,24,7,"","maaslin2"
"191","All","k__Bacteria.p__Thermodesulfobacteriota.c__Desulfobulbia.o__Desulfobulbales.f__Desulfocapsaceae.g__.s__.ASV_4510","season","September",-1.43894547766832,0.509455593993942,0.00987062990066471,"seasonSeptember",0.0647017206054043,24,6,"","maaslin2"
"192","All","k__Bacteria.p__Actinomycetota.c__Actinobacteria.o__Nitriliruptorales.f__Nitriliruptoraceae.g__.s__.ASV_5219","season","September",1.01318542565319,0.36066853936939,0.0102200087289134,"seasonSeptember",0.0666429735864564,24,9,"","maaslin2"
"193","All","k__Bacteria.p__Rhodothermota.c__Rhodothermia.o__Rhodothermales.f__Rhodothermaceae.g__.s__.ASV_13295","season","September",2.38902874903726,0.853322478313684,0.0104431820041624,"seasonSeptember",0.0677454086487636,24,18,"","maaslin2"
"194","All","k__Bacteria.p__Pseudomonadota.c__Gammaproteobacteria.o__Pseudomonadales.f__Saccharospirillaceae.g__Bermanella.s__.ASV_15002","season","September",-1.38824692484933,0.496353479617764,0.0105094682123801,"seasonSeptember",0.0678239907314426,24,7,"","maaslin2"
"195","All","k__Bacteria.p__Bacteroidota.c__Bacteroidia.o__Flavobacteriales.f__Flavobacteriaceae.g__Gramella.s__.ASV_14533","season","September",-1.22640486108624,0.439747669692102,0.0107021775276513,"seasonSeptember",0.0680959291068683,24,6,"","maaslin2"
"196","All","k__Bacteria.p__Campylobacterota.c__Campylobacteria.o__Campylobacterales.f__Sulfurovaceae.g__Sulfurovum.s__.ASV_12204","season","September",-2.02892049876223,0.728534977122805,0.0107984811747158,"seasonSeptember",0.0680959291068683,24,7,"","maaslin2"
"197","All","k__Bacteria.p__Planctomycetota.c__Planctomycetes.o__Planctomycetales.f__Gimesiaceae.g__.s__.ASV_195","season","September",-1.39382040071251,0.500670241905418,0.0108235542270502,"seasonSeptember",0.0680959291068683,24,7,"","maaslin2"
"198","All","k__Bacteria.p__Thermodesulfobacteriota.c__Desulfobulbia.o__Desulfobulbales.f__Desulfocapsaceae.g__.s__.ASV_10762","season","September",-0.910522443869031,0.326664594837786,0.0107399059265418,"seasonSeptember",0.0680959291068683,24,6,"","maaslin2"
"199","All","k__Bacteria.p__Pseudomonadota.c__Alphaproteobacteria.o__Sphingomonadales.f__Sphingomonadaceae.g__.s__.ASV_13125","season","September",0.942606900455497,0.338559208639045,0.0108171166118682,"seasonSeptember",0.0680959291068683,24,6,"","maaslin2"
"200","All","k__Bacteria.p__Pseudomonadota.c__Gammaproteobacteria.o__Pseudomonadales.f__Marinobacteraceae.g__Marinobacter.s__.ASV_13594","season","September",1.63658446721041,0.589051409614839,0.0109610244233014,"seasonSeptember",0.068359063815684,24,20,"","maaslin2"
"201","All","k__Bacteria.p__Bacteroidota.c__Bacteroidia.o__Flavobacteriales.f__Flavobacteriaceae.g__Hoppeia.s__.ASV_3834","season","September",-1.67865083237241,0.604824041810236,0.0110333075765129,"seasonSeptember",0.068359063815684,24,7,"","maaslin2"
"202","All","k__Bacteria.p__Rhodothermota.c__Rhodothermia.o__Rhodothermales.f__Rhodothermaceae.g__Rubrivirga.s__.ASV_9477","season","September",1.35910890760339,0.489554643195729,0.0110138804855681,"seasonSeptember",0.068359063815684,24,6,"","maaslin2"
"203","All","k__Bacteria.p__Pseudomonadota.c__Alphaproteobacteria.o__Caulobacterales.f__Hyphomonadaceae.g__Algimonas.s__.ASV_7416","season","September",-1.76179359839176,0.635242053044243,0.0110837779189967,"seasonSeptember",0.068359063815684,24,6,"","maaslin2"
"204","All","k__Bacteria.p__Bacteroidota.c__Bacteroidia.o__Flavobacteriales.f__Crocinitomicaceae.g__Salinirepens.s__.ASV_7930","season","September",-1.45739946399072,0.526671994485562,0.0112412725522458,"seasonSeptember",0.0689905550755478,24,6,"","maaslin2"
"205","All","k__Bacteria.p__Chloroflexota.c__Anaerolineae.o__Caldilineales.f__Caldilineaceae.g__.s__.ASV_15048","season","September",-1.34656963218727,0.49105572147227,0.011894179481113,"seasonSeptember",0.0726415254163582,24,9,"","maaslin2"
"206","All","k__Bacteria.p__Actinomycetota.c__Actinobacteria.o__Frankiales.f__Geodermatophilaceae.g__Geodermatophilus.s__.ASV_7953","season","September",1.82052465169449,0.665153929689058,0.0120343456635521,"seasonSeptember",0.0727874433370397,24,17,"","maaslin2"
"207","All","k__Bacteria.p__Bacteroidota.c__Bacteroidia.o__Cytophagales.f__Mooreiaceae.g__Mooreia.s__.ASV_5217","season","September",1.66283302811076,0.607235975044038,0.0119973348365681,"seasonSeptember",0.0727874433370397,24,13,"","maaslin2"
"208","All","k__Bacteria.p__Pseudomonadota.c__Gammaproteobacteria.o__Steroidobacterales.f__Woeseiaceae.g__Woeseia.s__.ASV_11577","season","September",-1.12087227632481,0.410683450567791,0.0122452923938785,"seasonSeptember",0.0730052670339804,24,9,"","maaslin2"
"209","All","k__Bacteria.p__Pseudomonadota.c__Alphaproteobacteria.o__Rhodobacterales.f__Paracoccaceae.g__.s__.ASV_10218","season","September",0.580974109453529,0.212598820710765,0.0121507791953033,"seasonSeptember",0.0730052670339804,24,5,"","maaslin2"
"210","All","k__Bacteria.p__Balneolota.c__Balneolia.o__Balneolales.f__Balneolaceae.g__.s__.ASV_4902","season","September",1.15818183643441,0.424280500403021,0.0122323425452501,"seasonSeptember",0.0730052670339804,24,7,"","maaslin2"
"211","All","k__Bacteria.p__Verrucomicrobiota.c__Verrucomicrobiia.o__Opitutales.f__Puniceicoccaceae.g__Lentimonas.s__.ASV_4906","season","September",-1.82494338479231,0.670169258893749,0.0124167668858152,"seasonSeptember",0.0733428495263228,24,8,"","maaslin2"
"212","All","k__Bacteria.p__Rhodothermota.c__Rhodothermia.o__Rhodothermales.f__Rhodothermaceae.g__.s__.ASV_16022","season","September",1.28239482667807,0.470944844243406,0.0124190767568534,"seasonSeptember",0.0733428495263228,24,8,"","maaslin2"
"213","All","k__Bacteria.p__Pseudomonadota.c__Alphaproteobacteria.o__Sphingomonadales.f__Sphingomonadaceae.g__Aurantiacibacter.s__.ASV_11680","season","September",-1.69824658373958,0.624645063984035,0.0125394378506454,"seasonSeptember",0.0733615709766733,24,10,"","maaslin2"
"214","All","k__Bacteria.p__Bacteroidota.c__Bacteroidia.o__Chitinophagales.f__Saprospiraceae.g__.s__.ASV_3210","season","September",-1.4836636230161,0.545574394884194,0.0125193169616783,"seasonSeptember",0.0733615709766733,24,7,"","maaslin2"
"215","All","k__Bacteria.p__Pseudomonadota.c__Alphaproteobacteria.o__Rhodobacterales.f__Paracoccaceae.g__.s__.ASV_224","season","September",-1.6543828105686,0.612992781757116,0.0131120471814384,"seasonSeptember",0.0760013105146336,24,9,"","maaslin2"
"216","All","k__Bacteria.p__Bacteroidota.c__Bacteroidia.o__Chitinophagales.f__Saprospiraceae.g__.s__.ASV_1242","season","September",-1.39554728392798,0.517038797559991,0.0131045941844842,"seasonSeptember",0.0760013105146336,24,6,"","maaslin2"
"217","All","k__Bacteria.p__Rhodothermota.c__Rhodothermia.o__Rhodothermales.f__Rhodothermaceae.g__Rubrivirga.s__.ASV_238","season","September",0.715656592694317,0.266232761204052,0.0134327135838636,"seasonSeptember",0.0775011862073606,24,5,"","maaslin2"
"218","All","k__Bacteria.p__Chloroflexota.c__Anaerolineae.o__Caldilineales.f__Caldilineaceae.g__.s__.ASV_14004","season","September",-1.27148333843132,0.473721432492964,0.0135552729193028,"seasonSeptember",0.0778495490594819,24,6,"","maaslin2"
"219","All","k__Bacteria.p__Verrucomicrobiota.c__Verrucomicrobiia.o__Verrucomicrobiales.f__DEV007.g__.s__.ASV_4459","season","September",-1.44784126318668,0.540448255897117,0.0137099546565228,"seasonSeptember",0.0783783709130895,24,7,"","maaslin2"
"220","All","k__Bacteria.p__Pseudomonadota.c__Alphaproteobacteria.o__Sphingomonadales.f__Sphingomonadaceae.g__Aurantiacibacter.s__.ASV_1062","season","September",1.71877689445031,0.643758645931953,0.0139904756832412,"seasonSeptember",0.0796185252518998,24,17,"","maaslin2"
"221","All","k__Bacteria.p__Bacteroidota.c__Bacteroidia.o__Cytophagales.f__Cyclobacteriaceae.g__.s__.ASV_14628","season","September",-0.860294990370799,0.325148088530778,0.0147621468369376,"seasonSeptember",0.0836298997278092,24,5,"","maaslin2"
"222","All","k__Bacteria.p__Verrucomicrobiota.c__Verrucomicrobiia.o__Verrucomicrobiales.f__DEV007.g__.s__.ASV_5482","season","September",-0.739279995334862,0.279832154743748,0.0148938539725349,"seasonSeptember",0.0839959692505123,24,5,"","maaslin2"
"223","All","k__Bacteria.p__Actinomycetota.c__Rubrobacteria.o__Rubrobacterales.f__Rubrobacteriaceae.g__Rubrobacter.s__.ASV_8945","season","September",0.773044535576016,0.29301230735103,0.0150138378576421,"seasonSeptember",0.0842929372097213,24,5,"","maaslin2"
"224","All","k__Bacteria.p__Bacteroidota.c__Bacteroidia.o__Flavobacteriales.f__Flavobacteriaceae.g__Nonlabens.s__.ASV_11333","season","September",-0.881933685513158,0.334799332554199,0.0151498179483659,"seasonSeptember",0.0846766610328309,24,5,"","maaslin2"
"225","All","k__Bacteria.p__Bacteroidota.c__Bacteroidia.o__Chitinophagales.f__Saprospiraceae.g__.s__.ASV_10850","season","September",-0.586490827930877,0.222951317781151,0.0152729253062287,"seasonSeptember",0.0849853443706591,24,5,"","maaslin2"
"226","All","k__Bacteria.p__Thermodesulfobacteriota.c__Desulfobacteria.o__Desulfobacterales.f__Desulfosarcinaceae.g__Desulfosarcina.s__.ASV_12268","season","September",-0.724645204397155,0.276162250041167,0.0154984904762369,"seasonSeptember",0.0856125344182837,24,5,"","maaslin2"
"227","All","k__Bacteria.p__Bacteroidota.c__Bacteroidia.o__Bacteroidales.f__Prolixibacteraceae.g__.s__.ASV_3832","season","September",-0.849614795573938,0.323873778348159,0.0155224004097048,"seasonSeptember",0.0856125344182837,24,5,"","maaslin2"
"228","All","k__Bacteria.p__Pseudomonadota.c__Alphaproteobacteria.o__Rhodobacterales.f__Paracoccaceae.g__.s__.ASV_11509","season","September",-0.777652480022921,0.296842984095762,0.015645173926288,"seasonSeptember",0.0859112182268096,24,5,"","maaslin2"
"229","All","k__Bacteria.p__Planctomycetota.c__Planctomycetes.o__Planctomycetales.f__Gimesiaceae.g__.s__.ASV_8713","season","September",-0.964504380644378,0.370373432132046,0.0161962728733151,"seasonSeptember",0.087186724751993,24,5,"","maaslin2"
"230","All","k__Bacteria.p__Actinomycetota.c__Acidimicrobiia.o__Microtrichales.f__Ilumatobacteraceae.g__Ilumatobacter.s__.ASV_5501","season","September",0.70752402588044,0.271039885298235,0.0159728306191247,"seasonSeptember",0.087186724751993,24,5,"","maaslin2"
"231","All","k__Bacteria.p__Planctomycetota.c__Planctomycetes.o__Planctomycetales.f__Gimesiaceae.g__.s__.ASV_8146","season","September",-1.53129792255703,0.587482176033666,0.0161102166567975,"seasonSeptember",0.087186724751993,24,7,"","maaslin2"
"232","All","k__Bacteria.p__Bacteroidota.c__Bacteroidia.o__Chitinophagales.f__Saprospiraceae.g__Lewinella.s__.ASV_2218","season","September",1.25826399179424,0.482891334635924,0.0161408170438258,"seasonSeptember",0.087186724751993,24,7,"","maaslin2"
"233","All","k__Bacteria.p__Planctomycetota.c__Planctomycetes.o__Pirellulales.f__Pirellulaceae.g__Pir4_lineage.s__.ASV_11433","season","September",-1.03450553076035,0.39737889677502,0.0162256444626313,"seasonSeptember",0.087186724751993,24,9,"","maaslin2"
"234","All","k__Bacteria.p__Actinomycetota.c__Actinobacteria.o__Nitriliruptorales.f__Nitriliruptoraceae.g__.s__.ASV_9614","season","September",1.72382733956649,0.665243037253,0.0166643446416311,"seasonSeptember",0.0882604059587676,24,17,"","maaslin2"
"235","All","k__Bacteria.p__Bacteroidota.c__Bacteroidia.o__Bacteroidales.f__Prolixibacteraceae.g__.s__.ASV_10019","season","September",-1.99682277999089,0.770995477739392,0.0167140598358029,"seasonSeptember",0.0882604059587676,24,11,"","maaslin2"
"236","All","k__Bacteria.p__Pseudomonadota.c__Alphaproteobacteria.o__Hyphomicrobiales.f__Rhizobiaceae.g__Oricola.s__.ASV_11065","season","September",-1.36467335655592,0.529859861636204,0.0172541730864464,"seasonSeptember",0.0882604059587676,24,12,"","maaslin2"
"237","All","k__Bacteria.p__Cyanobacteriota.c__Cyanobacteriia.o__Cyanobacteriales.f__Nostocaceae.g__Calothrix_PCC.6303.s__.ASV_10882","season","September",-2.14547174477342,0.831982696660553,0.0171323325353664,"seasonSeptember",0.0882604059587676,24,8,"","maaslin2"
"238","All","k__Bacteria.p__Verrucomicrobiota.c__Verrucomicrobiia.o__Verrucomicrobiales.f__Rubritaleaceae.g__Haloferula.s__.ASV_2015","season","September",-1.51578852333224,0.585660036317852,0.0167791268512387,"seasonSeptember",0.0882604059587676,24,7,"","maaslin2"
"239","All","k__Bacteria.p__Pseudomonadota.c__Alphaproteobacteria.o__Rhodobacterales.f__Paracoccaceae.g__.s__.ASV_12197","season","September",1.0338756139674,0.401779895200502,0.0173419008513233,"seasonSeptember",0.0882604059587676,24,5,"","maaslin2"
"240","All","k__Bacteria.p__Thermodesulfobacteriota.c__Desulfobacteria.o__Desulfobacterales.f__Desulfosarcinaceae.g__Desulfosarcina.s__.ASV_14382","season","September",-0.658453308287098,0.255789096305027,0.0173049972443112,"seasonSeptember",0.0882604059587676,24,5,"","maaslin2"
"241","All","k__Bacteria.p__Pseudomonadota.c__Alphaproteobacteria.o__Sphingomonadales.f__Sphingomonadaceae.g__Croceicoccus.s__.ASV_6402","season","September",-0.96270149747145,0.373000113433264,0.0170484179741786,"seasonSeptember",0.0882604059587676,24,5,"","maaslin2"
"242","All","k__Bacteria.p__Bacteroidota.c__Bacteroidia.o__Cytophagales.f__Cyclobacteriaceae.g__Marivirga.s__.ASV_7231","season","September",1.19886812386942,0.464228115763467,0.0169908991983563,"seasonSeptember",0.0882604059587676,24,8,"","maaslin2"
"243","All","k__Bacteria.p__Pseudomonadota.c__Gammaproteobacteria.o__Enterobacterales.f__Alteromonadaceae.g__Alteromonas.s__.ASV_3135","season","September",-0.866062612856844,0.336363679885204,0.0172829923998768,"seasonSeptember",0.0882604059587676,24,5,"","maaslin2"
"244","All","k__Bacteria.p__Bacteroidota.c__Bacteroidia.o__Flavobacteriales.f__Flavobacteriaceae.g__Winogradskyella.s__.ASV_124","season","September",-0.919099793423551,0.357147134919497,0.0173338728386362,"seasonSeptember",0.0882604059587676,24,5,"","maaslin2"
"245","All","k__Bacteria.p__Pseudomonadota.c__Alphaproteobacteria.o__Rhodobacterales.f__Paracoccaceae.g__Palleronia.Pseudomaribius.s__.ASV_951","season","September",-1.09986258650354,0.426686455279993,0.0171725717494294,"seasonSeptember",0.0882604059587676,24,5,"","maaslin2"
"246","All","k__Bacteria.p__Pseudomonadota.c__Alphaproteobacteria.o__Sphingomonadales.f__Sphingomonadaceae.g__Aurantiacibacter.s__.ASV_8699","season","September",0.684416531182204,0.264765324035409,0.0168974542928126,"seasonSeptember",0.0882604059587676,24,5,"","maaslin2"
"247","All","k__Bacteria.p__Pseudomonadota.c__Alphaproteobacteria.o__Hyphomicrobiales.f__Rhizobiaceae.g__.s__.ASV_14696","season","September",1.05110919334135,0.408850254266967,0.0174320000978556,"seasonSeptember",0.088359773775365,24,5,"","maaslin2"
"248","All","k__Bacteria.p__Pseudomonadota.c__Alphaproteobacteria.o__Sphingomonadales.f__Sphingomonadaceae.g__Aurantiacibacter.s__.ASV_472","season","September",1.45893907321977,0.57032569942582,0.0179312341867118,"seasonSeptember",0.0887348031690245,24,14,"","maaslin2"
"249","All","k__Bacteria.p__Pseudomonadota.c__Alphaproteobacteria.o__Sphingomonadales.f__Sphingomonadaceae.g__Sphingomicrobium.s__.ASV_13291","season","September",-1.28282208881098,0.500873913173353,0.0178097096527059,"seasonSeptember",0.0887348031690245,24,9,"","maaslin2"
"250","All","k__Bacteria.p__Bacteroidota.c__Bacteroidia.o__Flavobacteriales.f__Flavobacteriaceae.g__Robiginitalea.s__.ASV_10959","season","September",-0.695563825731077,0.271761191630863,0.0178765577336437,"seasonSeptember",0.0887348031690245,24,5,"","maaslin2"
"251","All","k__Bacteria.p__Bacteroidota.c__Bacteroidia.o__Cytophagales.f__Cyclobacteriaceae.g__Tunicatimonas.s__.ASV_10497","season","September",1.16029610876979,0.45211738124046,0.0176070423044079,"seasonSeptember",0.0887348031690245,24,7,"","maaslin2"
"252","All","k__Bacteria.p__Bacteroidota.c__Bacteroidia.o__Bacteroidales.f__Prolixibacteraceae.g__Draconibacterium.s__.ASV_10943","season","September",-1.07863603769194,0.420894892709272,0.017748870056658,"seasonSeptember",0.0887348031690245,24,5,"","maaslin2"
"253","All","k__Bacteria.p__Pseudomonadota.c__Gammaproteobacteria.o__Pseudomonadales.f__Cellvibrionaceae.g__.s__.ASV_8305","season","September",0.759946152890139,0.296413030849793,0.0177063807659045,"seasonSeptember",0.0887348031690245,24,5,"","maaslin2"
"254","All","k__Archaea.p__Halobacteriota.c__Halobacteria.o__Halobacterales.f__Halomicrobiaceae.g__Halomarina.s__.ASV_13588","season","September",1.38695538469015,0.542865813406283,0.018058159885127,"seasonSeptember",0.0890110873077913,24,6,"","maaslin2"
"255","All","k__Bacteria.p__Pseudomonadota.c__Alphaproteobacteria.o__Micavibrionales.f__Micavibrionaceae.g__.s__.ASV_1341","season","September",0.567415724299385,0.222310626719721,0.0181586588936489,"seasonSeptember",0.0891554546464644,24,5,"","maaslin2"
"256","All","k__Bacteria.p__Bacteroidota.c__Bacteroidia.o__Cytophagales.f__Flammeovirgaceae.g__.s__.ASV_15816","season","September",-2.02053206656235,0.792897587337575,0.0183218335564545,"seasonSeptember",0.0896052172370354,24,7,"","maaslin2"
"257","All","k__Bacteria.p__Cyanobacteriota.c__Cyanobacteriia.o__Cyanobacteriales.f__Xenococcaceae.g__Myxosarcina_GI1.s__.ASV_7756","season","September",0.768099894446045,0.301851784622602,0.0184699822755389,"seasonSeptember",0.0896900156072514,24,5,"","maaslin2"
"258","All","k__Bacteria.p__Pseudomonadota.c__Gammaproteobacteria.o__Pseudomonadales.f__Halieaceae.g__Parahaliea.s__.ASV_11483","season","September",-1.09879640465885,0.431862664441036,0.0184824473056476,"seasonSeptember",0.0896900156072514,24,5,"","maaslin2"
"259","All","k__Bacteria.p__Chloroflexota.c__Anaerolineae.o__Anaerolineales.f__Anaerolineaceae.g__ADurb.Bin120.s__.ASV_707","season","September",-0.769724756610027,0.302997208307373,0.0186435631703213,"seasonSeptember",0.090122552468117,24,5,"","maaslin2"
"260","All","k__Bacteria.p__Pseudomonadota.c__Alphaproteobacteria.o__Sphingomonadales.f__Sphingomonadaceae.g__.s__.ASV_11464","season","September",-1.75595971638479,0.694407218408272,0.0191265085703655,"seasonSeptember",0.0907060179170364,24,8,"","maaslin2"
"261","All","k__Bacteria.p__Rhodothermota.c__Rhodothermia.o__Rhodothermales.f__Rhodothermaceae.g__Rubrivirga.s__.ASV_3675","season","September",1.15792637953136,0.457709922308428,0.0190800737270653,"seasonSeptember",0.0907060179170364,24,5,"","maaslin2"
"262","All","k__Bacteria.p__Pseudomonadota.c__Alphaproteobacteria.o__Rhodobacterales.f__Paracoccaceae.g__Limibaculum.s__.ASV_11077","season","September",-0.862050019335798,0.340901757960095,0.0191257994871333,"seasonSeptember",0.0907060179170364,24,5,"","maaslin2"
"263","All","k__Bacteria.p__Pseudomonadota.c__Alphaproteobacteria.o__.f__Neomegalonemataceae.g__Acuticoccus.s__.ASV_9384","season","September",0.807317782008818,0.31854187544067,0.0188888517015781,"seasonSeptember",0.0907060179170364,24,8,"","maaslin2"
"264","All","k__Bacteria.p__Planctomycetota.c__Planctomycetes.o__Pirellulales.f__Pirellulaceae.g__Rhodopirellula.s__.ASV_9414","season","September",-1.29707967480248,0.512419863548549,0.0190191818003166,"seasonSeptember",0.0907060179170364,24,6,"","maaslin2"
"265","All","k__Bacteria.p__Bacteroidota.c__Bacteroidia.o__Flavobacteriales.f__Flavobacteriaceae.g__.s__.ASV_4722","season","September",-1.39372142132948,0.552673252013417,0.0194195041062472,"seasonSeptember",0.0912298534713161,24,6,"","maaslin2"
"266","All","k__Bacteria.p__Pseudomonadota.c__Alphaproteobacteria.o__Kiloniellales.f__Kiloniellaceae.g__.s__.ASV_13619","season","September",-1.08534748325335,0.430825381885508,0.0195284350881092,"seasonSeptember",0.0912298534713161,24,5,"","maaslin2"
"267","All","k__Bacteria.p__Actinomycetota.c__Actinobacteria.o__Euzebyales.f__Euzebyaceae.g__Euzebya.s__.ASV_13638","season","September",1.0126254157002,0.401461920813719,0.0193955674633819,"seasonSeptember",0.0912298534713161,24,11,"","maaslin2"
"268","All","k__Bacteria.p__Pseudomonadota.c__Alphaproteobacteria.o__Hyphomicrobiales.f__Rhizobiaceae.g__.s__.ASV_9695","season","September",1.21257840867773,0.481178108910017,0.0194946060914935,"seasonSeptember",0.0912298534713161,24,5,"","maaslin2"
"269","All","k__Bacteria.p__Spirochaetota.c__Spirochaetia.o__Spirochaetales.f__Spirochaetaceae.g__Sediminispirochaeta.s__.ASV_13757","season","September",-0.793140753231652,0.315611638009987,0.0197953148081554,"seasonSeptember",0.0921328406684409,24,5,"","maaslin2"
"270","All","k__Bacteria.p__Actinomycetota.c__Actinobacteria.o__Nitriliruptorales.f__Nitriliruptoraceae.g__.s__.ASV_10311","season","September",1.70513885437943,0.679416379019044,0.0199394488034574,"seasonSeptember",0.0923773365519634,24,16,"","maaslin2"
"271","All","k__Bacteria.p__Rhodothermota.c__Rhodothermia.o__Rhodothermales.f__Rhodothermaceae.g__.s__.ASV_11484","season","September",1.21134729157265,0.483559064395421,0.0201429815324968,"seasonSeptember",0.0923773365519634,24,13,"","maaslin2"
"272","All","k__Bacteria.p__Planctomycetota.c__Planctomycetes.o__Planctomycetales.f__Gimesiaceae.g__.s__.ASV_811","season","September",-1.18659550153883,0.473482512694083,0.0200974123607518,"seasonSeptember",0.0923773365519634,24,6,"","maaslin2"
"273","All","k__Bacteria.p__Bacteroidota.c__Bacteroidia.o__Flavobacteriales.f__Flavobacteriaceae.g__Sungkyunkwania.s__.ASV_12555","season","September",-0.697365841194438,0.278026260761877,0.0200022423050289,"seasonSeptember",0.0923773365519634,24,5,"","maaslin2"
"274","All","k__Bacteria.p__Verrucomicrobiota.c__Verrucomicrobiia.o__Verrucomicrobiales.f__DEV007.g__.s__.ASV_11556","season","September",-1.17778694281248,0.471066646416393,0.0203557882907885,"seasonSeptember",0.093012580073238,24,5,"","maaslin2"
"275","All","k__Bacteria.p__Pseudomonadota.c__Alphaproteobacteria.o__Rhodobacterales.f__Paracoccaceae.g__.s__.ASV_1133","season","September",-1.4626385528199,0.585888391105239,0.0205258118293555,"seasonSeptember",0.0934484233103749,24,5,"","maaslin2"
"276","All","k__Bacteria.p__Pseudomonadota.c__Alphaproteobacteria.o__Hyphomicrobiales.f__Rhizobiaceae.g__Fulvimarina.s__.ASV_659","season","September",1.540009847823,0.619463074813435,0.0209969802459083,"seasonSeptember",0.0936760237628082,24,19,"","maaslin2"
"277","All","k__Bacteria.p__Cyanobacteriota.c__Cyanobacteriia.o__Phormidesmiales.f__Phormidesmiaceae.g__Acrophormium_PCC.7375.s__.ASV_6130","season","September",-2.40684298799453,0.96925341346423,0.0211276373690842,"seasonSeptember",0.0936760237628082,24,8,"","maaslin2"
"278","All","k__Bacteria.p__Rhodothermota.c__Rhodothermia.o__Rhodothermales.f__Rhodothermaceae.g__Rubrivirga.s__.ASV_11245","season","September",0.798765545434771,0.321512880592134,0.0210722906284252,"seasonSeptember",0.0936760237628082,24,5,"","maaslin2"
"279","All","k__Bacteria.p__Pseudomonadota.c__Gammaproteobacteria.o__Steroidobacterales.f__Woeseiaceae.g__Woeseia.s__.ASV_3051","season","September",-1.42761979087508,0.575926872527965,0.0213297207036432,"seasonSeptember",0.0936760237628082,24,11,"","maaslin2"
"280","All","k__Bacteria.p__Pseudomonadota.c__Gammaproteobacteria.o__Pseudomonadales.f__Halomonadaceae.g__Halomonas.s__.ASV_7291","season","September",0.988539341200084,0.399033365616679,0.0213988360991719,"seasonSeptember",0.0936760237628082,24,5,"","maaslin2"
"281","All","k__Bacteria.p__Pseudomonadota.c__Gammaproteobacteria.o__Pseudomonadales.f__Halieaceae.g__Parahaliea.s__.ASV_9065","season","September",-1.05249717727894,0.422567883949991,0.0207839506000173,"seasonSeptember",0.0936760237628082,24,8,"","maaslin2"
"282","All","k__Bacteria.p__Actinomycetota.c__Actinobacteria.o__Euzebyales.f__Euzebyaceae.g__Euzebya.s__.ASV_12212","season","September",-0.81422804473639,0.327947744743726,0.0211458040881713,"seasonSeptember",0.0936760237628082,24,5,"","maaslin2"
"283","All","k__Bacteria.p__Verrucomicrobiota.c__Verrucomicrobiia.o__Opitutales.f__Puniceicoccaceae.g__Verruc.01.s__.ASV_14543","season","September",-0.809962114507696,0.326479550267605,0.021233543462046,"seasonSeptember",0.0936760237628082,24,5,"","maaslin2"
"284","All","k__Bacteria.p__Pseudomonadota.c__Gammaproteobacteria.o__Pseudomonadales.f__Halomonadaceae.g__Larsenimonas.s__.ASV_13136","season","September",1.0837160972894,0.437053751353701,0.0212938436956743,"seasonSeptember",0.0936760237628082,24,9,"","maaslin2"
"285","All","k__Bacteria.p__Actinomycetota.c__Actinobacteria.o__Propionibacteriales.f__Nocardioidaceae.g__Nocardioides.s__.ASV_1358","season","September",1.35591485858399,0.546517138837439,0.0212282844667633,"seasonSeptember",0.0936760237628082,24,5,"","maaslin2"
"286","All","k__Bacteria.p__Bdellovibrionota.c__Bdellovibrionia.o__Bdellovibrionales.f__Pseudobdellovibrionaceae.g__OM27_clade.s__.ASV_14881","season","September",0.95780404794212,0.384536032614433,0.0207800064176577,"seasonSeptember",0.0936760237628082,24,5,"","maaslin2"
"287","All","k__Bacteria.p__Bacteroidota.c__Bacteroidia.o__Flavobacteriales.f__Flavobacteriaceae.g__.s__.ASV_15493","season","September",-1.77710326386148,0.718665711535427,0.0216118921378183,"seasonSeptember",0.0942790555977299,24,5,"","maaslin2"
"288","All","k__Bacteria.p__Pseudomonadota.c__Alphaproteobacteria.o__Hyphomicrobiales.f__Rhizobiaceae.g__.s__.ASV_9057","season","September",0.982660865982197,0.398426491703539,0.0219159748948574,"seasonSeptember",0.0952736130845886,24,5,"","maaslin2"
"289","All","k__Bacteria.p__Verrucomicrobiota.c__Verrucomicrobiia.o__Verrucomicrobiales.f__Rubritaleaceae.g__DBS1.s__.ASV_10680","season","September",-1.14051536441403,0.462790565565346,0.0220077418456695,"seasonSeptember",0.0953414975459456,24,5,"","maaslin2"
"290","All","k__Bacteria.p__Pseudomonadota.c__Alphaproteobacteria.o__Hyphomicrobiales.f__Rhizobiaceae.g__.s__.ASV_9753","season","September",1.25447892335856,0.510410653734948,0.0223276558841932,"seasonSeptember",0.0960626294398963,24,5,"","maaslin2"
"291","All","k__Bacteria.p__Pseudomonadota.c__Alphaproteobacteria.o__Hyphomicrobiales.f__Rhizobiaceae.g__Pseudahrensia.s__.ASV_14095","season","September",0.935972304895887,0.380642546977896,0.0222723119806004,"seasonSeptember",0.0960626294398963,24,5,"","maaslin2"
"292","All","k__Bacteria.p__Campylobacterota.c__Campylobacteria.o__Campylobacterales.f__Sulfurovaceae.g__Sulfurovum.s__.ASV_10544","season","September",-1.25511322878918,0.511950131491397,0.0226275652059363,"seasonSeptember",0.0966884356240007,24,5,"","maaslin2"
"293","All","k__Bacteria.p__Pseudomonadota.c__Alphaproteobacteria.o__Hyphomicrobiales.f__Rhizobiaceae.g__.s__.ASV_2926","season","September",-1.12109494690196,0.45702350015592,0.0225587971866185,"seasonSeptember",0.0966884356240007,24,5,"","maaslin2"
"294","All","k__Bacteria.p__Pseudomonadota.c__Gammaproteobacteria.o__Pseudomonadales.f__Cellvibrionaceae.g__Aestuariicella.s__.ASV_12370","season","September",-0.845468152423557,0.34557726041521,0.0228786877643748,"seasonSeptember",0.0974289696632558,24,5,"","maaslin2"
"295","All","k__Bacteria.p__Planctomycetota.c__Planctomycetes.o__Pirellulales.f__Pirellulaceae.g__Pir4_lineage.s__.ASV_6003","season","September",-1.18046658646185,0.483694700086786,0.0231787854186186,"seasonSeptember",0.0980603575193224,24,10,"","maaslin2"
"296","All","k__Bacteria.p__Rhodothermota.c__Rhodothermia.o__Rhodothermales.f__Rhodothermaceae.g__.s__.ASV_4624","season","September",-1.68540992845124,0.690772018041358,0.0232102483456426,"seasonSeptember",0.0980603575193224,24,6,"","maaslin2"
"297","All","k__Bacteria.p__Pseudomonadota.c__Alphaproteobacteria.o__Sphingomonadales.f__Sphingomonadaceae.g__.s__.ASV_8622","season","September",0.749266556969755,0.307219314111471,0.0232619218715964,"seasonSeptember",0.0980603575193224,24,7,"","maaslin2"
"298","All","k__Bacteria.p__Pseudomonadota.c__Alphaproteobacteria.o__Hyphomicrobiales.f__Rhizobiaceae.g__Oricola.s__.ASV_10272","season","September",-0.861413596074793,0.353781397757581,0.023463546515815,"seasonSeptember",0.098578390059733,24,6,"","maaslin2"
"299","All","k__Bacteria.p__Bacteroidota.c__Bacteroidia.o__Cytophagales.f__Cyclobacteriaceae.g__Fulvivirga.s__.ASV_9556","season","September",1.21409078067854,0.499684604337954,0.0237267497361954,"seasonSeptember",0.0986906666767996,24,21,"","maaslin2"
"300","All","k__Bacteria.p__Bacteroidota.c__Bacteroidia.o__Flavobacteriales.f__Flavobacteriaceae.g__Winogradskyella.s__.ASV_13686","season","September",-0.906492429955447,0.372787570001104,0.0236272259724772,"seasonSeptember",0.0986906666767996,24,5,"","maaslin2"
"301","All","k__Bacteria.p__Bacteroidota.c__Bacteroidia.o__Flavobacteriales.f__Flavobacteriaceae.g__.s__.ASV_12272","season","September",1.16226738241182,0.478135905864195,0.0236695865424918,"seasonSeptember",0.0986906666767996,24,6,"","maaslin2"
"302","All","k__Bacteria.p__Rhodothermota.c__Rhodothermia.o__Rhodothermales.f__Rhodothermaceae.g__Rubrivirga.s__.ASV_15014","season","September",0.744744672394613,0.306882889204798,0.0238763581110745,"seasonSeptember",0.0989841071359775,24,5,"","maaslin2"
"303","All","k__Bacteria.p__Pseudomonadota.c__Alphaproteobacteria.o__Caulobacterales.f__Hyphomonadaceae.g__.s__.ASV_13826","season","September",-1.03183282428079,0.425998575456899,0.0241174059193487,"seasonSeptember",0.0991621502558503,24,5,"","maaslin2"
"304","All","k__Bacteria.p__Pseudomonadota.c__Alphaproteobacteria.o__Rhodobacterales.f__Paracoccaceae.g__.s__.ASV_4203","season","September",0.837548023379975,0.345895217428293,0.0241569136006664,"seasonSeptember",0.0991621502558503,24,5,"","maaslin2"
"305","All","k__Bacteria.p__Bacteroidota.c__Bacteroidia.o__Chitinophagales.f__Saprospiraceae.g__Flavilitoribacter.s__.ASV_15475","season","September",-1.11394473319973,0.45961694573666,0.0240401673831093,"seasonSeptember",0.0991621502558503,24,6,"","maaslin2"
"306","All","k__Bacteria.p__Pseudomonadota.c__Alphaproteobacteria.o__Rhodobacterales.f__Paracoccaceae.g__Palleronia.Pseudomaribius.s__.ASV_12053","season","September",1.90027245312456,0.78559676509334,0.024287646788933,"seasonSeptember",0.0992277362259332,24,8,"","maaslin2"
"307","All","k__Bacteria.p__Planctomycetota.c__Planctomycetes.o__Pirellulales.f__Pirellulaceae.g__Blastopirellula.s__.ASV_5985","season","September",-1.70138714561832,0.703617822239736,0.0243314017742504,"seasonSeptember",0.0992277362259332,24,15,"","maaslin2"
"308","All","k__Bacteria.p__Bacteroidota.c__Bacteroidia.o__Flavobacteriales.f__Flavobacteriaceae.g__.s__.ASV_8065","season","September",-1.73776622581425,0.720021870821443,0.0245720197473411,"seasonSeptember",0.099239253947326,24,5,"","maaslin2"
"309","All","k__Bacteria.p__Planctomycetota.c__Planctomycetes.o__Pirellulales.f__Pirellulaceae.g__Pir4_lineage.s__.ASV_3731","season","September",-1.02084105845587,0.422722362373056,0.0244964083991172,"seasonSeptember",0.099239253947326,24,7,"","maaslin2"
"310","All","k__Bacteria.p__Cyanobacteriota.c__Cyanobacteriia.o__Cyanobacteriales.f__Xenococcaceae.g__Pleurocapsa_PCC.7319.s__.ASV_7227","season","September",-0.714877267190148,0.295999829222107,0.0244855117413408,"seasonSeptember",0.099239253947326,24,5,"","maaslin2"
"311","All","k__Bacteria.p__Bacteroidota.c__Bacteroidia.o__Flavobacteriales.f__Flavobacteriaceae.g__Pricia.s__.ASV_13539","season","September",-1.18697396465005,0.493765135798137,0.0250834458851727,"seasonSeptember",0.100655366180244,24,5,"","maaslin2"
"312","All","k__Bacteria.p__Pseudomonadota.c__Alphaproteobacteria.o__Sphingomonadales.f__Sphingomonadaceae.g__Parasphingopyxis.s__.ASV_11051","season","September",-0.815672289471531,0.33918408923926,0.0250358407791393,"seasonSeptember",0.100655366180244,24,5,"","maaslin2"
"313","All","k__Bacteria.p__Pseudomonadota.c__Alphaproteobacteria.o__Rhodobacterales.f__Paracoccaceae.g__Maribius.s__.ASV_8056","season","September",0.782674153461211,0.325838947831639,0.0251859983119468,"seasonSeptember",0.100743993247787,24,5,"","maaslin2"
"314","All","k__Bacteria.p__Pseudomonadota.c__Alphaproteobacteria.o__Rhodobacterales.f__Paracoccaceae.g__.s__.ASV_1832","season","September",-1.72850662484205,0.720427179383125,0.0253352482654822,"seasonSeptember",0.101016635693954,24,5,"","maaslin2"
"315","All","k__Bacteria.p__Rhodothermota.c__Rhodothermia.o__Rhodothermales.f__Rhodothermaceae.g__.s__.ASV_11919","season","September",1.05064635102992,0.438169416246147,0.0254155273511146,"seasonSeptember",0.101016635693954,24,7,"","maaslin2"
"316","All","k__Bacteria.p__Pseudomonadota.c__Alphaproteobacteria.o__Sphingomonadales.f__Sphingomonadaceae.g__Parasphingopyxis.s__.ASV_11607","season","September",-0.923412519528688,0.386697165268008,0.0259595498524236,"seasonSeptember",0.102527938218405,24,5,"","maaslin2"
"317","All","k__Bacteria.p__Verrucomicrobiota.c__Verrucomicrobiia.o__Verrucomicrobiales.f__Rubritaleaceae.g__Roseibacillus.s__.ASV_9177","season","September",-1.12702767825715,0.471815535498523,0.0259174326036667,"seasonSeptember",0.102527938218405,24,6,"","maaslin2"
"318","All","k__Bacteria.p__Pseudomonadota.c__Alphaproteobacteria.o__Sphingomonadales.f__Sphingomonadaceae.g__Qipengyuania.s__.ASV_3585","season","September",-1.79394143807968,0.754821169484036,0.0265963562798636,"seasonSeptember",0.103091758707087,24,10,"","maaslin2"
"319","All","k__Bacteria.p__Actinomycetota.c__Actinobacteria.o__Nitriliruptorales.f__Nitriliruptoraceae.g__.s__.ASV_3706","season","September",1.9841068030278,0.834457398680065,0.0265350865058819,"seasonSeptember",0.103091758707087,24,14,"","maaslin2"
"320","All","k__Bacteria.p__Planctomycetota.c__Planctomycetes.o__Pirellulales.f__Pirellulaceae.g__Pir4_lineage.s__.ASV_4116","season","September",-1.56916727077804,0.659140439915515,0.0263703709555402,"seasonSeptember",0.103091758707087,24,7,"","maaslin2"
"321","All","k__Bacteria.p__Actinomycetota.c__Acidimicrobiia.o__Microtrichales.f__Ilumatobacteraceae.g__Ilumatobacter.s__.ASV_9295","season","September",-0.831265326884574,0.349355551773546,0.0264383729196531,"seasonSeptember",0.103091758707087,24,6,"","maaslin2"
"322","All","k__Bacteria.p__Pseudomonadota.c__Alphaproteobacteria.o__Sphingomonadales.f__Sphingomonadaceae.g__.s__.ASV_9738","season","September",0.770283884630843,0.323774134277542,0.026458045305267,"seasonSeptember",0.103091758707087,24,5,"","maaslin2"
"323","All","k__Bacteria.p__Pseudomonadota.c__Gammaproteobacteria.o__Steroidobacterales.f__Woeseiaceae.g__Woeseia.s__.ASV_11864","season","September",-1.21314110362406,0.510106530221707,0.0265072223569116,"seasonSeptember",0.103091758707087,24,7,"","maaslin2"
"324","All","k__Bacteria.p__Bacteroidota.c__Bacteroidia.o__Flavobacteriales.f__Flavobacteriaceae.g__.s__.ASV_748","season","September",-1.34591674345929,0.5667218557695,0.0266949946221651,"seasonSeptember",0.103154732305403,24,8,"","maaslin2"
"325","All","k__Bacteria.p__Bacteroidota.c__Bacteroidia.o__Chitinophagales.f__Saprospiraceae.g__.s__.ASV_14727","season","September",-1.58956399200582,0.670116531736725,0.0268580843168289,"seasonSeptember",0.103465604814368,24,6,"","maaslin2"
"326","All","k__Bacteria.p__Pseudomonadota.c__Alphaproteobacteria.o__Rhodobacterales.f__Paracoccaceae.g__.s__.ASV_13400","season","September",-1.31618995945848,0.555465188316571,0.0270046820771411,"seasonSeptember",0.103711233007916,24,5,"","maaslin2"
"327","All","k__Bacteria.p__Rhodothermota.c__Rhodothermia.o__Rhodothermales.f__Rhodothermaceae.g__.s__.ASV_10821","season","September",1.36174511066256,0.57533614093304,0.0271586963152258,"seasonSeptember",0.103983754699274,24,10,"","maaslin2"
"328","All","k__Bacteria.p__Planctomycetota.c__Planctomycetes.o__Pirellulales.f__Pirellulaceae.g__Bythopirellula.s__.ASV_15346","season","September",-1.50681789243564,0.637417883727269,0.027329268925464,"seasonSeptember",0.1043178191911,24,11,"","maaslin2"
"329","All","k__Bacteria.p__Pseudomonadota.c__Alphaproteobacteria.o__Rhodobacterales.f__Paracoccaceae.g__Allosediminivita.s__.ASV_1930","season","September",1.5852466707275,0.672230884919932,0.0276672357143489,"seasonSeptember",0.104967815498075,24,15,"","maaslin2"
"330","All","k__Bacteria.p__Bacteroidota.c__Bacteroidia.o__Flavobacteriales.f__Flavobacteriaceae.g__Dokdonia.s__.ASV_14418","season","September",-1.09379442342793,0.463711417667855,0.0276321133283879,"seasonSeptember",0.104967815498075,24,5,"","maaslin2"
"331","All","k__Bacteria.p__Verrucomicrobiota.c__Verrucomicrobiia.o__Verrucomicrobiales.f__DEV007.g__.s__.ASV_12367","season","September",-1.50015777932056,0.637038258894132,0.027862457600151,"seasonSeptember",0.105389114548003,24,17,"","maaslin2"
"332","All","k__Bacteria.p__Bacteroidota.c__Bacteroidia.o__Flavobacteriales.f__Flavobacteriaceae.g__Polaribacter.s__.ASV_840","season","September",-0.882340591579872,0.375448257264797,0.0281489688813861,"seasonSeptember",0.106152135661131,24,5,"","maaslin2"
"333","All","k__Bacteria.p__Bacteroidota.c__Bacteroidia.o__Flavobacteriales.f__Flavobacteriaceae.g__Nonlabens.s__.ASV_13962","season","September",-0.78867431641036,0.336025237786197,0.0283314248090306,"seasonSeptember",0.106519350933653,24,8,"","maaslin2"
"334","All","k__Bacteria.p__Pseudomonadota.c__Gammaproteobacteria.o__Pseudomonadales.f__Halieaceae.g__Haliea.s__.ASV_2118","season","September",-1.10553128954445,0.471654883169487,0.0285208738903793,"seasonSeptember",0.106591445106731,24,8,"","maaslin2"
"335","All","k__Bacteria.p__Actinomycetota.c__Acidimicrobiia.o__Acidimicrobiales.f__Acidimicrobiaceae.g__.s__.ASV_9339","season","September",0.840033966876029,0.358190976009956,0.0284437203369779,"seasonSeptember",0.106591445106731,24,7,"","maaslin2"
"336","All","k__Bacteria.p__Bacteroidota.c__Bacteroidia.o__Cytophagales.f__Cyclobacteriaceae.g__Tunicatimonas.s__.ASV_6535","season","September",1.07418255553774,0.459425488066051,0.0288778473421081,"seasonSeptember",0.106826580108999,24,24,"","maaslin2"
"337","All","k__Bacteria.p__Cyanobacteriota.c__Cyanobacteriia.o__Cyanobacteriales.f__Nostocaceae.g__Rivularia_PCC.7116.s__.ASV_7535","season","September",-2.00146006247267,0.857315469265715,0.0290957378731379,"seasonSeptember",0.106826580108999,24,6,"","maaslin2"
"338","All","k__Bacteria.p__Pseudomonadota.c__Alphaproteobacteria.o__Sphingomonadales.f__Sphingomonadaceae.g__Croceibacterium.s__.ASV_2710","season","September",1.29303958502886,0.553621947729217,0.0290318311541022,"seasonSeptember",0.106826580108999,24,7,"","maaslin2"
"339","All","k__Bacteria.p__Chloroflexota.c__Anaerolineae.o__Aggregatilineales.f__A4b.g__.s__.ASV_10524","season","September",-1.52879312783967,0.653639207219488,0.0288290334854535,"seasonSeptember",0.106826580108999,24,7,"","maaslin2"
"340","All","k__Bacteria.p__Actinomycetota.c__Actinobacteria.o__Nitriliruptorales.f__Nitriliruptoraceae.g__.s__.ASV_10455","season","September",1.0497890023998,0.448754570306436,0.0288017761169822,"seasonSeptember",0.106826580108999,24,5,"","maaslin2"
"341","All","k__Bacteria.p__Rhodothermota.c__Rhodothermia.o__Rhodothermales.f__Rhodothermaceae.g__Rubrivirga.s__.ASV_8651","season","September",0.371220587484492,0.15893634362505,0.029028405425135,"seasonSeptember",0.106826580108999,24,4,"","maaslin2"
"342","All","k__Bacteria.p__Actinomycetota.c__Acidimicrobiia.o__Microtrichales.f__Ilumatobacteraceae.g__Ilumatobacter.s__.ASV_2899","season","September",-1.14752787999309,0.492002871511382,0.0292325832946567,"seasonSeptember",0.107015187967574,24,7,"","maaslin2"
"343","All","k__Bacteria.p__Pseudomonadota.c__Alphaproteobacteria.o__Rhodobacterales.f__Paracoccaceae.g__Palleronia.Pseudomaribius.s__.ASV_12419","season","September",1.0269265499702,0.441958806520963,0.0297830219154067,"seasonSeptember",0.108712371539619,24,9,"","maaslin2"
"344","All","k__Bacteria.p__Bacteroidota.c__Bacteroidia.o__Flavobacteriales.f__Flavobacteriaceae.g__Mesoflavibacter.s__.ASV_6111","season","September",-1.35176727885593,0.582274748548522,0.0299129976735354,"seasonSeptember",0.108869398509495,24,7,"","maaslin2"
"345","All","k__Bacteria.p__Balneolota.c__Balneolia.o__Balneolales.f__Balneolaceae.g__.s__.ASV_11154","season","September",1.05388794545359,0.454313702927675,0.0300269594514276,"seasonSeptember",0.108967400675905,24,5,"","maaslin2"
"346","All","k__Bacteria.p__Pseudomonadota.c__Alphaproteobacteria.o__.f__Neomegalonemataceae.g__Acuticoccus.s__.ASV_1871","season","September",1.22310430224244,0.530127609723658,0.030836145365425,"seasonSeptember",0.111580502882983,24,12,"","maaslin2"
"347","All","k__Bacteria.p__Pseudomonadota.c__Alphaproteobacteria.o__.f__Neomegalonemataceae.g__Acuticoccus.s__.ASV_8326","season","September",1.34689040980672,0.584627329875421,0.0310551491228148,"seasonSeptember",0.112049125941684,24,11,"","maaslin2"
"348","All","k__Bacteria.p__Rhodothermota.c__Rhodothermia.o__Rhodothermales.f__Rhodothermaceae.g__.s__.ASV_9456","season","September",-0.914783510545649,0.397894795386827,0.031371048221198,"seasonSeptember",0.11286365624408,24,5,"","maaslin2"
"349","All","k__Bacteria.p__Pseudomonadota.c__Gammaproteobacteria.o__Enterobacterales.f__Alteromonadaceae.g__Alteromonas.s__.ASV_12422","season","September",-0.914143961888613,0.398093217827892,0.0315540678807156,"seasonSeptember",0.113196828041994,24,5,"","maaslin2"
"350","All","k__Bacteria.p__Bacteroidota.c__Bacteroidia.o__Cytophagales.f__Cyclobacteriaceae.g__Tunicatimonas.s__.ASV_4875","season","September",1.03685160004609,0.454274605904958,0.0324914932972396,"seasonSeptember",0.115978390865215,24,14,"","maaslin2"
"351","All","k__Bacteria.p__Planctomycetota.c__Planctomycetes.o__Pirellulales.f__Pirellulaceae.g__.s__.ASV_8950","season","September",-0.423383959250556,0.185524275704919,0.0325147086211585,"seasonSeptember",0.115978390865215,24,4,"","maaslin2"
"352","All","k__Bacteria.p__Rhodothermota.c__Rhodothermia.o__Rhodothermales.f__Rhodothermaceae.g__.s__.ASV_7515","season","September",0.396603848935094,0.174439908201192,0.0331027067668061,"seasonSeptember",0.117740309295572,24,4,"","maaslin2"
"353","All","k__Bacteria.p__Pseudomonadota.c__Alphaproteobacteria.o__Sphingomonadales.f__Sphingomonadaceae.g__Sphingomicrobium.s__.ASV_6904","season","September",-0.437283542283005,0.193056030186356,0.0337013938817599,"seasonSeptember",0.119530156203862,24,4,"","maaslin2"
"354","All","k__Bacteria.p__Cyanobacteriota.c__Cyanobacteriia.o__Phormidesmiales.f__Phormidesmiaceae.g__Acrophormium_PCC.7375.s__.ASV_13771","season","September",-0.864119166479798,0.382730235946106,0.0342208196861858,"seasonSeptember",0.120688637315788,24,5,"","maaslin2"
"355","All","k__Bacteria.p__Pseudomonadota.c__Alphaproteobacteria.o__Rhodobacterales.f__Paracoccaceae.g__.s__.ASV_4342","season","September",-0.398729644079269,0.176564688262928,0.0341858128617061,"seasonSeptember",0.120688637315788,24,4,"","maaslin2"
"356","All","k__Bacteria.p__Actinomycetota.c__Acidimicrobiia.o__Microtrichales.f__Ilumatobacteraceae.g__Ilumatobacter.s__.ASV_10344","season","September",-1.21717807494294,0.54057494485485,0.0346643178169251,"seasonSeptember",0.121270807596119,24,17,"","maaslin2"
"357","All","k__Bacteria.p__Cyanobacteriota.c__Cyanobacteriia.o__Phormidesmiales.f__Phormidesmiaceae.g__Phormidium_MBIC10003.s__.ASV_546","season","September",-1.35558448662018,0.602329508108391,0.0347418867320372,"seasonSeptember",0.121270807596119,24,8,"","maaslin2"
"358","All","k__Bacteria.p__Pseudomonadota.c__Alphaproteobacteria.o__Rhodobacterales.f__Paracoccaceae.g__.s__.ASV_12109","season","September",-0.535024945700354,0.237774303482692,0.0347733385998456,"seasonSeptember",0.121270807596119,24,4,"","maaslin2"
"359","All","k__Bacteria.p__Bacteroidota.c__Bacteroidia.o__Bacteroidales.f__Marinilabiliaceae.g__.s__.ASV_9761","season","September",-1.27936901187712,0.568138515382187,0.034647976762366,"seasonSeptember",0.121270807596119,24,5,"","maaslin2"
"360","All","k__Bacteria.p__Verrucomicrobiota.c__Verrucomicrobiia.o__Verrucomicrobiales.f__Rubritaleaceae.g__Haloferula.s__.ASV_8423","season","September",-0.418153778923146,0.186436888436377,0.0353065747358355,"seasonSeptember",0.122788421025739,24,4,"","maaslin2"
"361","All","k__Bacteria.p__Actinomycetota.c__Thermoleophilia.o__Solirubrobacterales.f__67.14.g__.s__.ASV_11059","season","September",1.12056191502867,0.500381441875266,0.0355626866883805,"seasonSeptember",0.123312375397549,24,15,"","maaslin2"
"362","All","k__Bacteria.p__Thermodesulfobacteriota.c__Desulfobacteria.o__Desulfobacterales.f__Desulfosarcinaceae.g__Sva0081_sediment_group.s__.ASV_14605","season","September",-0.493653222979619,0.220795951563038,0.035833305929123,"seasonSeptember",0.123312375397549,24,4,"","maaslin2"
"363","All","k__Bacteria.p__Actinomycetota.c__Acidimicrobiia.o__Microtrichales.f__Ilumatobacteraceae.g__Ilumatobacter.s__.ASV_8504","season","September",-0.549368185138997,0.245453300699787,0.0356548230776456,"seasonSeptember",0.123312375397549,24,4,"","maaslin2"
"364","All","k__Bacteria.p__Planctomycetota.c__Planctomycetes.o__Pirellulales.f__Pirellulaceae.g__Rubripirellula.s__.ASV_7030","season","September",-0.453333047646447,0.202783642443771,0.0358512017928975,"seasonSeptember",0.123312375397549,24,4,"","maaslin2"
"365","All","k__Bacteria.p__Bacteroidota.c__Bacteroidia.o__Chitinophagales.f__Saprospiraceae.g__Lewinella.s__.ASV_12828","season","September",2.36130835816766,1.0584529117025,0.0362007550841884,"seasonSeptember",0.12399957946175,24,15,"","maaslin2"
"366","All","k__Bacteria.p__Rhodothermota.c__Rhodothermia.o__Rhodothermales.f__Rhodothermaceae.g__.s__.ASV_12020","season","September",-1.32345040931646,0.593404596541241,0.0362490783410548,"seasonSeptember",0.12399957946175,24,5,"","maaslin2"
"367","All","k__Bacteria.p__Rhodothermota.c__Rhodothermia.o__Rhodothermales.f__Rhodothermaceae.g__.s__.ASV_4439","season","September",-2.14687936450559,0.96395141540064,0.0364844541317143,"seasonSeptember",0.124464677310371,24,21,"","maaslin2"
"368","All","k__Bacteria.p__Bacteroidota.c__Bacteroidia.o__Chitinophagales.f__Saprospiraceae.g__Phaeodactylibacter.s__.ASV_7871","season","September",-1.27382902306833,0.572910469243177,0.0367694793240548,"seasonSeptember",0.125096163352491,24,7,"","maaslin2"
"369","All","k__Bacteria.p__Pseudomonadota.c__Gammaproteobacteria.o__Chromatiales.f__Chromatiaceae.g__Thiohalocapsa.s__.ASV_14778","season","September",-0.610752561781132,0.275068743552418,0.037005641641035,"seasonSeptember",0.125558437221073,24,4,"","maaslin2"
"370","All","k__Bacteria.p__Verrucomicrobiota.c__Verrucomicrobiia.o__Verrucomicrobiales.f__Rubritaleaceae.g__DBS1.s__.ASV_1721","season","September",-1.06723460581773,0.481230201614214,0.0372098774330747,"seasonSeptember",0.12591017985462,24,7,"","maaslin2"
"371","All","k__Bacteria.p__Bacteroidota.c__Bacteroidia.o__Flavobacteriales.f__Flavobacteriaceae.g__Gramella.s__.ASV_13670","season","September",-1.7771843951007,0.802433177407744,0.0374412709878659,"seasonSeptember",0.126351674600561,24,5,"","maaslin2"
"372","All","k__Bacteria.p__Pseudomonadota.c__Alphaproteobacteria.o__Rhodobacterales.f__Paracoccaceae.g__Palleronia.Pseudomaribius.s__.ASV_4192","season","September",1.87520274048664,0.849054370336781,0.0379247131980209,"seasonSeptember",0.126682417419272,24,8,"","maaslin2"
"373","All","k__Bacteria.p__Pseudomonadota.c__Gammaproteobacteria.o__Pseudomonadales.f__Cellvibrionaceae.g__.s__.ASV_13870","season","September",-1.30689265343812,0.590976194619133,0.0377017192953607,"seasonSeptember",0.126682417419272,24,14,"","maaslin2"
"374","All","k__Bacteria.p__Bacteroidota.c__Bacteroidia.o__Chitinophagales.f__Saprospiraceae.g__.s__.ASV_14754","season","September",-1.62719763475188,0.736199030114912,0.0377916019072061,"seasonSeptember",0.126682417419272,24,14,"","maaslin2"
"375","All","k__Bacteria.p__Pseudomonadota.c__Alphaproteobacteria.o__Rhodobacterales.f__Paracoccaceae.g__.s__.ASV_6341","season","September",0.943107679278288,0.427067651507425,0.0379440148020981,"seasonSeptember",0.126682417419272,24,9,"","maaslin2"
"376","All","k__Bacteria.p__Pseudomonadota.c__Alphaproteobacteria.o__Sphingomonadales.f__Sphingomonadaceae.g__Croceibacterium.s__.ASV_4092","season","September",1.25144784639765,0.568401959046384,0.038471005376677,"seasonSeptember",0.126949368396107,24,10,"","maaslin2"
"377","All","k__Bacteria.p__Bacteroidota.c__Bacteroidia.o__Flavobacteriales.f__Flavobacteriaceae.g__Robiginitalea.s__.ASV_9267","season","September",-1.56167807900564,0.708161316590063,0.0381873701395033,"seasonSeptember",0.126949368396107,24,5,"","maaslin2"
"378","All","k__Bacteria.p__Pseudomonadota.c__Alphaproteobacteria.o__Sphingomonadales.f__Sphingomonadaceae.g__.s__.ASV_8066","season","September",-1.45621118079748,0.660910522108706,0.0383397358159367,"seasonSeptember",0.126949368396107,24,9,"","maaslin2"
"379","All","k__Bacteria.p__Myxococcota.c__Polyangiia.o__Polyangiales.f__Sandaracinaceae.g__.s__.ASV_15697","season","September",0.579703100259077,0.263539827175258,0.0386323557179846,"seasonSeptember",0.126949368396107,24,4,"","maaslin2"
"380","All","k__Bacteria.p__Pseudomonadota.c__Gammaproteobacteria.o__Pseudomonadales.f__Halieaceae.g__Pseudohaliea.s__.ASV_13472","season","September",-0.646008147228677,0.29360231593587,0.0385839808105468,"seasonSeptember",0.126949368396107,24,4,"","maaslin2"
"381","All","k__Bacteria.p__Bacteroidota.c__Bacteroidia.o__Chitinophagales.f__Saprospiraceae.g__Lewinella.s__.ASV_8608","season","September",-0.541922135745317,0.246162657189554,0.0384882081125424,"seasonSeptember",0.126949368396107,24,4,"","maaslin2"
"382","All","k__Bacteria.p__Pseudomonadota.c__Alphaproteobacteria.o__Rhodobacterales.f__Paracoccaceae.g__.s__.ASV_12992","season","September",-1.43863538118311,0.654464651291134,0.0387522317624421,"seasonSeptember",0.127009932373239,24,16,"","maaslin2"
"383","All","k__Bacteria.p__Pseudomonadota.c__Alphaproteobacteria.o__Rhodobacterales.f__Paracoccaceae.g__.s__.ASV_1758","season","September",0.567252808764504,0.258315056934232,0.0389306365392863,"seasonSeptember",0.127261506389521,24,4,"","maaslin2"
"384","All","k__Bacteria.p__Pseudomonadota.c__Alphaproteobacteria.o__Rhodobacterales.f__Paracoccaceae.g__.s__.ASV_12539","season","September",-0.619029524238245,0.282243423503689,0.0391513171046128,"seasonSeptember",0.127318049389546,24,4,"","maaslin2"
"385","All","k__Bacteria.p__Rhodothermota.c__Rhodothermia.o__Rhodothermales.f__Rhodothermaceae.g__.s__.ASV_14251","season","September",0.646576475455781,0.294779242714369,0.0391367795972409,"seasonSeptember",0.127318049389546,24,4,"","maaslin2"
"386","All","k__Bacteria.p__Pseudomonadota.c__Gammaproteobacteria.o__Steroidobacterales.f__Woeseiaceae.g__Woeseia.s__.ASV_4027","season","September",-0.728060899167305,0.332933924644213,0.0396775506735551,"seasonSeptember",0.128695060733914,24,4,"","maaslin2"
"387","All","k__Bacteria.p__Actinomycetota.c__Acidimicrobiia.o__Microtrichales.f__Ilumatobacteraceae.g__Ilumatobacter.s__.ASV_11130","season","September",-0.57478344869594,0.263139831303658,0.0398814440907015,"seasonSeptember",0.12902213953891,24,4,"","maaslin2"
"388","All","k__Bacteria.p__Bacteroidota.c__Bacteroidia.o__Cytophagales.f__Cyclobacteriaceae.g__Tunicatimonas.s__.ASV_2268","season","September",-0.723723764942748,0.33187519543173,0.0401809626056593,"seasonSeptember",0.129656095830633,24,4,"","maaslin2"
"389","All","k__Bacteria.p__Pseudomonadota.c__Gammaproteobacteria.o__Pseudomonadales.f__KI89A_clade.g__.s__.ASV_5556","season","September",-0.763398005856659,0.350888234331561,0.0406063812035443,"seasonSeptember",0.130692003256651,24,4,"","maaslin2"
"390","All","k__Bacteria.p__Pseudomonadota.c__Alphaproteobacteria.o__Sphingomonadales.f__Sphingomonadaceae.g__.s__.ASV_526","season","September",1.36706309941725,0.628739613125968,0.0407176453924899,"seasonSeptember",0.130714082131788,24,18,"","maaslin2"
"391","All","k__Bacteria.p__Pseudomonadota.c__Gammaproteobacteria.o__Enterobacterales.f__Alteromonadaceae.g__Glaciecola.s__.ASV_8800","season","September",-0.660899690576562,0.304212448003677,0.0408690789959144,"seasonSeptember",0.130864672385895,24,4,"","maaslin2"
"392","All","k__Bacteria.p__Bacteroidota.c__Bacteroidia.o__Flavobacteriales.f__Flavobacteriaceae.g__Muricauda.s__.ASV_9281","season","September",-0.634579853721538,0.29262353845366,0.0411999225935718,"seasonSeptember",0.131451492780081,24,4,"","maaslin2"
"393","All","k__Bacteria.p__Rhodothermota.c__Rhodothermia.o__Rhodothermales.f__Rhodothermaceae.g__.s__.ASV_3086","season","September",0.512748619475895,0.236523566783583,0.0412623296026933,"seasonSeptember",0.131451492780081,24,4,"","maaslin2"
"394","All","k__Bacteria.p__Pseudomonadota.c__Alphaproteobacteria.o__Hyphomicrobiales.f__Rhizobiaceae.g__.s__.ASV_664","season","September",-1.47281723284805,0.67992618664749,0.0414082497915678,"seasonSeptember",0.131581545022951,24,20,"","maaslin2"
"395","All","k__Bacteria.p__Pseudomonadota.c__Alphaproteobacteria.o__Sphingomonadales.f__Sphingomonadaceae.g__Novosphingobium.s__.ASV_15092","season","September",1.4841990905066,0.686566318733283,0.0417831339190733,"seasonSeptember",0.132412935355439,24,19,"","maaslin2"
"396","All","k__Bacteria.p__Planctomycetota.c__Planctomycetes.o__Pirellulales.f__Pirellulaceae.g__Rhodopirellula.s__.ASV_3665","season","September",-1.22545365707572,0.567816849249656,0.0420929299292848,"seasonSeptember",0.132412935355439,24,5,"","maaslin2"
"397","All","k__Bacteria.p__Pseudomonadota.c__Alphaproteobacteria.o__Rhodobacterales.f__Paracoccaceae.g__Actibacterium.s__.ASV_9420","season","September",-0.659872959309461,0.305475125124639,0.0419226562243167,"seasonSeptember",0.132412935355439,24,4,"","maaslin2"
"398","All","k__Bacteria.p__Bacteroidota.c__Bacteroidia.o__Cytophagales.f__Cyclobacteriaceae.g__Tunicatimonas.s__.ASV_15963","season","September",-0.744243950365129,0.344680411947192,0.0420025037570603,"seasonSeptember",0.132412935355439,24,4,"","maaslin2"
"399","All","k__Bacteria.p__Pseudomonadota.c__Gammaproteobacteria.o__Enterobacterales.f__Pseudoalteromonadaceae.g__Pseudoalteromonas.s__.ASV_8939","season","September",-0.67813423454122,0.315155635070986,0.0426545446404678,"seasonSeptember",0.133508724724664,24,4,"","maaslin2"
"400","All","k__Bacteria.p__Bacteroidota.c__Bacteroidia.o__Cytophagales.f__Cyclobacteriaceae.g__Reichenbachiella.s__.ASV_15950","season","September",1.28942204412103,0.599231160456981,0.0426501512617209,"seasonSeptember",0.133508724724664,24,9,"","maaslin2"
"401","All","k__Bacteria.p__Pseudomonadota.c__Gammaproteobacteria.o__Pseudomonadales.f__Alcanivoracaceae.g__Ketobacter.s__.ASV_12342","season","September",-0.680786928856308,0.31729371362417,0.0431961498359852,"seasonSeptember",0.134531292524014,24,4,"","maaslin2"
"402","All","k__Bacteria.p__Pseudomonadota.c__Alphaproteobacteria.o__Rhodobacterales.f__Paracoccaceae.g__Limibaculum.s__.ASV_1152","season","September",-0.770594690875232,0.359013682540451,0.0431237454288381,"seasonSeptember",0.134531292524014,24,6,"","maaslin2"
"403","All","k__Bacteria.p__Bacteroidota.c__Bacteroidia.o__Flavobacteriales.f__Flavobacteriaceae.g__.s__.ASV_8714","season","September",-2.02719488928756,0.946735210531701,0.0435842777441679,"seasonSeptember",0.134747353942231,24,5,"","maaslin2"
"404","All","k__Bacteria.p__Bacteroidota.c__Bacteroidia.o__Flavobacteriales.f__Flavobacteriaceae.g__Robiginitalea.s__.ASV_5224","season","September",-0.782124110558216,0.365683450674076,0.0438036525994313,"seasonSeptember",0.134747353942231,24,4,"","maaslin2"
"405","All","k__Bacteria.p__Pseudomonadota.c__Alphaproteobacteria.o__.f__Neomegalonemataceae.g__Acuticoccus.s__.ASV_15879","season","September",0.661015769366886,0.308839262515984,0.0436670887934625,"seasonSeptember",0.134747353942231,24,4,"","maaslin2"
"406","All","k__Bacteria.p__Planctomycetota.c__Planctomycetes.o__Pirellulales.f__Pirellulaceae.g__.s__.ASV_9318","season","September",-0.610352986240739,0.285212024509533,0.0436962701399516,"seasonSeptember",0.134747353942231,24,4,"","maaslin2"
"407","All","k__Bacteria.p__Pseudomonadota.c__Alphaproteobacteria.o__Rhodobacterales.f__Paracoccaceae.g__Pikeienuella.s__.ASV_10608","season","September",-0.573554751090179,0.267728442238875,0.0434902379617612,"seasonSeptember",0.134747353942231,24,4,"","maaslin2"
"408","All","k__Bacteria.p__Bacteroidota.c__Bacteroidia.o__Cytophagales.f__Cyclobacteriaceae.g__Tunicatimonas.s__.ASV_10332","season","September",1.31195016154527,0.615485708234274,0.0444578322370261,"seasonSeptember",0.134772895788757,24,13,"","maaslin2"
"409","All","k__Bacteria.p__Cyanobacteriota.c__Cyanobacteriia.o__Phormidesmiales.f__Phormidesmiaceae.g__Phormidesmis_ANT.LACV5.1.s__.ASV_5824","season","September",-1.29089820709343,0.605022266447971,0.0442698165953776,"seasonSeptember",0.134772895788757,24,5,"","maaslin2"
"410","All","k__Bacteria.p__Bacteroidota.c__Bacteroidia.o__Chitinophagales.f__Saprospiraceae.g__Lewinella.s__.ASV_8923","season","September",-1.3060219838205,0.612426593439447,0.0443698074764601,"seasonSeptember",0.134772895788757,24,5,"","maaslin2"
"411","All","k__Bacteria.p__Pseudomonadota.c__Alphaproteobacteria.o__Rhodobacterales.f__Paracoccaceae.g__.s__.ASV_5674","season","September",-0.716762872631697,0.33586488936848,0.0442296049823593,"seasonSeptember",0.134772895788757,24,4,"","maaslin2"
"412","All","k__Bacteria.p__Rhodothermota.c__Rhodothermia.o__Rhodothermales.f__Rhodothermaceae.g__.s__.ASV_10187","season","September",-0.551745066119977,0.258204893769406,0.0439792859605204,"seasonSeptember",0.134772895788757,24,4,"","maaslin2"
"413","All","k__Bacteria.p__Bacteroidota.c__Bacteroidia.o__Chitinophagales.f__Saprospiraceae.g__Lewinella.s__.ASV_12953","season","September",-0.89926112948769,0.421800027429165,0.0444221523584838,"seasonSeptember",0.134772895788757,24,4,"","maaslin2"
"414","All","k__Bacteria.p__Bacteroidota.c__Bacteroidia.o__Flavobacteriales.f__Cryomorphaceae.g__Vicingus.s__.ASV_8806","season","September",0.721961880416249,0.339001355937413,0.0446308140004628,"seasonSeptember",0.134970480986907,24,8,"","maaslin2"
"415","All","k__Bacteria.p__Pseudomonadota.c__Alphaproteobacteria.o__Sphingomonadales.f__Sphingomonadaceae.g__.s__.ASV_4279","season","September",-1.4171340058505,0.669024487465078,0.0456894613855721,"seasonSeptember",0.134986375546457,24,7,"","maaslin2"
"416","All","k__Bacteria.p__Rhodothermota.c__Rhodothermia.o__Rhodothermales.f__Rhodothermaceae.g__Rubrivirga.s__.ASV_571","season","September",1.03769555320138,0.489159497632063,0.0453939629730969,"seasonSeptember",0.134986375546457,24,6,"","maaslin2"
"417","All","k__Bacteria.p__Planctomycetota.c__Planctomycetes.o__Pirellulales.f__Pirellulaceae.g__Pir4_lineage.s__.ASV_12473","season","September",-1.30576515637127,0.615759210050073,0.0454689269915283,"seasonSeptember",0.134986375546457,24,16,"","maaslin2"
"418","All","k__Bacteria.p__Pseudomonadota.c__Alphaproteobacteria.o__Rhodobacterales.f__Paracoccaceae.g__.s__.ASV_6342","season","September",-1.25160094706444,0.589740410414899,0.0453099264533176,"seasonSeptember",0.134986375546457,24,5,"","maaslin2"
"419","All","k__Bacteria.p__Bacteroidota.c__Bacteroidia.o__Cytophagales.f__Cyclobacteriaceae.g__.s__.ASV_11285","season","September",-1.07244025603269,0.506029063367528,0.0455854157831725,"seasonSeptember",0.134986375546457,24,5,"","maaslin2"
"420","All","k__Bacteria.p__Thermodesulfobacteriota.c__Desulfobacteria.o__Desulfobacterales.f__Desulfobacteraceae.g__Desulfobacter.s__.ASV_4282","season","September",-0.806312617223435,0.380658248943246,0.0456897779181287,"seasonSeptember",0.134986375546457,24,4,"","maaslin2"
"421","All","k__Bacteria.p__Pseudomonadota.c__Gammaproteobacteria.o__Steroidobacterales.f__Woeseiaceae.g__Woeseia.s__.ASV_14630","season","September",-0.703130325190939,0.331852636706683,0.0456341073579041,"seasonSeptember",0.134986375546457,24,4,"","maaslin2"
"422","All","k__Bacteria.p__Chloroflexota.c__Anaerolineae.o__Aggregatilineales.f__A4b.g__.s__.ASV_14804","season","September",-0.747840170673286,0.353097220298942,0.0457142358080653,"seasonSeptember",0.134986375546457,24,4,"","maaslin2"
"423","All","k__Bacteria.p__Thermodesulfobacteriota.c__Desulfobacteria.o__Desulfobacterales.f__Desulfosarcinaceae.g__Sva0081_sediment_group.s__.ASV_7819","season","September",-0.553844115450058,0.261076603035769,0.0453939053826525,"seasonSeptember",0.134986375546457,24,4,"","maaslin2"
"424","All","k__Bacteria.p__Bacteroidota.c__Bacteroidia.o__Cytophagales.f__Cyclobacteriaceae.g__Fulvivirga.s__.ASV_10945","season","September",-0.715089895487742,0.336970769820637,0.0453264891255442,"seasonSeptember",0.134986375546457,24,4,"","maaslin2"
"425","All","k__Bacteria.p__Pseudomonadota.c__Alphaproteobacteria.o__Rhodobacterales.f__Paracoccaceae.g__.s__.ASV_67","season","September",-0.849868854399059,0.4019387149724,0.0460439983199418,"seasonSeptember",0.13500488500367,24,9,"","maaslin2"
"426","All","k__Bacteria.p__Pseudomonadota.c__Gammaproteobacteria.o__Steroidobacterales.f__Woeseiaceae.g__Woeseia.s__.ASV_15181","season","September",-0.916876629488881,0.433370996593854,0.0459255962910223,"seasonSeptember",0.13500488500367,24,4,"","maaslin2"
"427","All","k__Bacteria.p__Planctomycetota.c__Planctomycetes.o__Pirellulales.f__Pirellulaceae.g__.s__.ASV_3627","season","September",-0.810135587384322,0.383140434303761,0.0460404984909874,"seasonSeptember",0.13500488500367,24,4,"","maaslin2"
"428","All","k__Bacteria.p__Bacteroidota.c__Bacteroidia.o__Chitinophagales.f__Saprospiraceae.g__.s__.ASV_4746","season","September",-1.58115744200462,0.750197738538128,0.0466842070554594,"seasonSeptember",0.136562213162232,24,5,"","maaslin2"
"429","All","k__Bacteria.p__Bacteroidota.c__Bacteroidia.o__Flavobacteriales.f__Flavobacteriaceae.g__Gramella.s__.ASV_15214","season","September",-0.858094059227652,0.40771886890617,0.0469735608566455,"seasonSeptember",0.137088340775105,24,4,"","maaslin2"
"430","All","k__Bacteria.p__Bacteroidota.c__Bacteroidia.o__Cytophagales.f__Cyclobacteriaceae.g__Tunicatimonas.s__.ASV_15977","season","September",-1.17774859593131,0.560642135821726,0.0473488725264489,"seasonSeptember",0.137645617507699,24,7,"","maaslin2"
"431","All","k__Bacteria.p__Bacteroidota.c__Bacteroidia.o__Flavobacteriales.f__Flavobacteriaceae.g__Euzebyella.s__.ASV_6004","season","September",-1.0594910000286,0.506822780826139,0.0483467231920036,"seasonSeptember",0.137645617507699,24,4,"","maaslin2"
"432","All","k__Bacteria.p__Actinomycetota.c__Acidimicrobiia.o__Microtrichales.f__Microtrichaceae.g__.s__.ASV_15908","season","September",-0.980194781197822,0.468293324357096,0.048085676267188,"seasonSeptember",0.137645617507699,24,4,"","maaslin2"
"433","All","k__Bacteria.p__Pseudomonadota.c__Alphaproteobacteria.o__Hyphomicrobiales.f__Rhizobiaceae.g__.s__.ASV_8889","season","September",0.576016712558227,0.275182663153422,0.0480764476883135,"seasonSeptember",0.137645617507699,24,4,"","maaslin2"
"434","All","k__Bacteria.p__Bacteroidota.c__Bacteroidia.o__Cytophagales.f__Cyclobacteriaceae.g__Tunicatimonas.s__.ASV_15191","season","September",1.0991160914718,0.525449258291283,0.0482184413272809,"seasonSeptember",0.137645617507699,24,5,"","maaslin2"
"435","All","k__Bacteria.p__Planctomycetota.c__Phycisphaerae.o__Phycisphaerales.f__Phycisphaeraceae.g__Algisphaera.s__.ASV_298","season","September",-1.07897060112574,0.516050544244328,0.0483107021634395,"seasonSeptember",0.137645617507699,24,6,"","maaslin2"
"436","All","k__Bacteria.p__Pseudomonadota.c__Gammaproteobacteria.o__Enterobacterales.f__Alteromonadaceae.g__Aestuariibacter.s__.ASV_12294","season","September",-0.835361919122641,0.399602119730213,0.0483440073719451,"seasonSeptember",0.137645617507699,24,4,"","maaslin2"
"437","All","k__Bacteria.p__Acidobacteriota.c__Thermoanaerobaculia.o__Thermoanaerobaculales.f__Thermoanaerobaculaceae.g__Subgroup_10.s__.ASV_2228","season","September",-1.1214370129841,0.535976278794072,0.0481634770954876,"seasonSeptember",0.137645617507699,24,4,"","maaslin2"
"438","All","k__Bacteria.p__Pseudomonadota.c__Alphaproteobacteria.o__Hyphomicrobiales.f__Rhizobiaceae.g__.s__.ASV_12323","season","September",0.583816461153094,0.278064830554045,0.047459248473036,"seasonSeptember",0.137645617507699,24,4,"","maaslin2"
"439","All","k__Bacteria.p__Myxococcota.c__Polyangiia.o__Haliangiales.f__Haliangiaceae.g__.s__.ASV_3353","season","September",0.888133172157412,0.424907450855923,0.0483738591880093,"seasonSeptember",0.137645617507699,24,4,"","maaslin2"
"440","All","k__Bacteria.p__Bacteroidota.c__Bacteroidia.o__Cytophagales.f__Flammeovirgaceae.g__Rapidithrix.s__.ASV_7182","season","September",-0.758286153089127,0.361647865483351,0.0477319919014941,"seasonSeptember",0.137645617507699,24,4,"","maaslin2"
"441","All","k__Bacteria.p__Actinomycetota.c__Actinobacteria.o__Nitriliruptorales.f__Nitriliruptoraceae.g__.s__.ASV_954","season","September",0.616963048848722,0.29607516851349,0.0490038162370695,"seasonSeptember",0.138807189884188,24,4,"","maaslin2"
"442","All","k__Bacteria.p__Bacteroidota.c__Bacteroidia.o__Flavobacteriales.f__Flavobacteriaceae.g__Marinirhabdus.s__.ASV_12284","season","September",-0.678525175747367,0.325604527632182,0.048995059784984,"seasonSeptember",0.138807189884188,24,4,"","maaslin2"
"443","All","k__Bacteria.p__Pseudomonadota.c__Alphaproteobacteria.o__Rhodobacterales.f__Paracoccaceae.g__.s__.ASV_1099","season","September",-0.647647770266066,0.311076781369709,0.0491880784241635,"seasonSeptember",0.139014614417726,24,4,"","maaslin2"
"444","All","k__Bacteria.p__Bacteroidota.c__Bacteroidia.o__Flavobacteriales.f__Flavobacteriaceae.g__Robiginitalea.s__.ASV_8414","season","September",-0.961741687750038,0.462386986492561,0.049388398353561,"seasonSeptember",0.139262387543469,24,6,"","maaslin2"
"445","All","k__Bacteria.p__Verrucomicrobiota.c__Verrucomicrobiia.o__Opitutales.f__Puniceicoccaceae.g__Verruc.01.s__.ASV_3940","season","September",-1.05485628491733,0.507422087586701,0.049498212824955,"seasonSeptember",0.139262387543469,24,7,"","maaslin2"
"446","All","k__Bacteria.p__Bacteroidota.c__Bacteroidia.o__Chitinophagales.f__Saprospiraceae.g__.s__.ASV_10691","season","September",1.239808873569,0.597064604657383,0.0497340652221916,"seasonSeptember",0.139612218964538,24,4,"","maaslin2"
"447","All","k__Bacteria.p__Thermodesulfobacteriota.c__Desulfobacteria.o__Desulfobacterales.f__Desulfosarcinaceae.g__.s__.ASV_2528","season","September",-1.314230290926,0.635172972002592,0.0504861286567657,"seasonSeptember",0.141107366043117,24,10,"","maaslin2"
"448","All","k__Bacteria.p__Pseudomonadota.c__Alphaproteobacteria.o__Hyphomicrobiales.f__Rhizobiaceae.g__Pseudahrensia.s__.ASV_1110","season","September",0.973291220308684,0.470659849316361,0.0506047982055586,"seasonSeptember",0.141107366043117,24,4,"","maaslin2"
"449","All","k__Bacteria.p__Cyanobacteriota.c__Cyanobacteriia.o__Synechococcales.f__Cyanobiaceae.g__Synechococcus_MBIC10613.s__.ASV_12853","season","September",-0.769467942856554,0.371906896033847,0.0504973950709943,"seasonSeptember",0.141107366043117,24,7,"","maaslin2"
"450","All","k__Bacteria.p__Bacteroidota.c__Bacteroidia.o__Bacteroidales.f__Marinifilaceae.g__.s__.ASV_14354","season","September",-0.994726225369609,0.481307123852557,0.0507288061510682,"seasonSeptember",0.141138811780305,24,4,"","maaslin2"
"451","All","k__Bacteria.p__Chloroflexota.c__Anaerolineae.o__Aggregatilineales.f__A4b.g__.s__.ASV_15753","season","September",1.4868835333935,0.721045791190693,0.0512021196969473,"seasonSeptember",0.141479525544823,24,13,"","maaslin2"
"452","All","k__Bacteria.p__Pseudomonadota.c__Alphaproteobacteria.o__Sphingomonadales.f__Sphingomonadaceae.g__.s__.ASV_4045","season","September",-1.13156375290157,0.549786915237536,0.0516103437426784,"seasonSeptember",0.141479525544823,24,8,"","maaslin2"
"453","All","k__Bacteria.p__Pseudomonadota.c__Gammaproteobacteria.o__Pseudomonadales.f__Marinomonadaceae.g__Marinomonas.s__.ASV_223","season","September",-1.15078507991496,0.557993410360081,0.0511770665111517,"seasonSeptember",0.141479525544823,24,14,"","maaslin2"
"454","All","k__Bacteria.p__Bacillota.c__Clostridia.o__Oscillospirales.f__Oscillospiraceae.g__.s__.ASV_10387","season","September",-1.30070201160747,0.631469298911522,0.0514422931980957,"seasonSeptember",0.141479525544823,24,4,"","maaslin2"
"455","All","k__Bacteria.p__Bacteroidota.c__Bacteroidia.o__Flavobacteriales.f__Flavobacteriaceae.g__Actibacter.s__.ASV_16072","season","September",-1.51696135480436,0.7375362579325,0.0517552896961094,"seasonSeptember",0.141479525544823,24,8,"","maaslin2"
"456","All","k__Bacteria.p__Pseudomonadota.c__Gammaproteobacteria.o__Pseudomonadales.f__Spongiibacteraceae.g__.s__.ASV_3004","season","September",-0.814794798175215,0.396037263899705,0.0516954714623408,"seasonSeptember",0.141479525544823,24,4,"","maaslin2"
"457","All","k__Bacteria.p__Bacteroidota.c__Bacteroidia.o__Flavobacteriales.f__Flavobacteriaceae.g__.s__.ASV_621","season","September",-0.985605033305522,0.478911680035814,0.0516286736997872,"seasonSeptember",0.141479525544823,24,4,"","maaslin2"
"458","All","k__Bacteria.p__Actinomycetota.c__Acidimicrobiia.o__Microtrichales.f__Microtrichaceae.g__.s__.ASV_11076","season","September",-1.0049823832552,0.487014636828281,0.0510538566773383,"seasonSeptember",0.141479525544823,24,4,"","maaslin2"
"459","All","k__Bacteria.p__Pseudomonadota.c__Alphaproteobacteria.o__Sphingomonadales.f__Sphingomonadaceae.g__Pacificimonas.s__.ASV_7328","season","September",-1.3150972203719,0.642603484297968,0.0528384352119427,"seasonSeptember",0.141731515790188,24,18,"","maaslin2"
"460","All","k__Bacteria.p__Pseudomonadota.c__Alphaproteobacteria.o__Sphingomonadales.f__Sphingomonadaceae.g__.s__.ASV_15437","season","September",1.17041194767136,0.572356745329435,0.0530103973671333,"seasonSeptember",0.141731515790188,24,20,"","maaslin2"
"461","All","k__Bacteria.p__Pseudomonadota.c__Gammaproteobacteria.o__Pseudomonadales.f__Pseudohongiellaceae.g__Pseudohongiella.s__.ASV_8644","season","September",-1.52482769601827,0.746110703447168,0.0531382534036015,"seasonSeptember",0.141731515790188,24,11,"","maaslin2"
"462","All","k__Bacteria.p__Bacteroidota.c__Bacteroidia.o__Flavobacteriales.f__Flavobacteriaceae.g__Hoppeia.s__.ASV_1103","season","September",-1.29379233268139,0.634568888994275,0.0536587368087452,"seasonSeptember",0.141731515790188,24,5,"","maaslin2"
"463","All","k__Bacteria.p__Pseudomonadota.c__Alphaproteobacteria.o__Hyphomicrobiales.f__Devosiaceae.g__.s__.ASV_4313","season","September",-0.548890971876306,0.268443542503212,0.0530298888673876,"seasonSeptember",0.141731515790188,24,4,"","maaslin2"
"464","All","k__Bacteria.p__Pseudomonadota.c__Alphaproteobacteria.o__Rhodobacterales.f__Paracoccaceae.g__Limibaculum.s__.ASV_10749","season","September",-0.484142276134228,0.237013962881335,0.0532481719412535,"seasonSeptember",0.141731515790188,24,4,"","maaslin2"
"465","All","k__Bacteria.p__Pseudomonadota.c__Alphaproteobacteria.o__Hyphomicrobiales.f__Rhizobiaceae.g__.s__.ASV_8528","season","September",0.928745286365007,0.45375819643926,0.052809702287353,"seasonSeptember",0.141731515790188,24,5,"","maaslin2"
"466","All","k__Bacteria.p__Pseudomonadota.c__Alphaproteobacteria.o__Sphingomonadales.f__Sphingomonadaceae.g__.s__.ASV_13106","season","September",-0.770370198968886,0.375100980809683,0.0520722261224728,"seasonSeptember",0.141731515790188,24,4,"","maaslin2"
"467","All","k__Bacteria.p__Bacteroidota.c__Bacteroidia.o__Chitinophagales.f__Saprospiraceae.g__.s__.ASV_4173","season","September",-1.45981089383679,0.714717937731119,0.0532668855042997,"seasonSeptember",0.141731515790188,24,10,"","maaslin2"
"468","All","k__Bacteria.p__Chloroflexota.c__Anaerolineae.o__Aggregatilineales.f__A4b.g__.s__.ASV_5951","season","September",-1.07694170329971,0.525061059051406,0.0523550672664625,"seasonSeptember",0.141731515790188,24,7,"","maaslin2"
"469","All","k__Bacteria.p__Bacteroidota.c__Bacteroidia.o__Flavobacteriales.f__Flavobacteriaceae.g__Robiginitalea.s__.ASV_13586","season","September",-0.521697368904012,0.254899686026674,0.0528211197942416,"seasonSeptember",0.141731515790188,24,4,"","maaslin2"
"470","All","k__Bacteria.p__Planctomycetota.c__Planctomycetes.o__Pirellulales.f__Pirellulaceae.g__Pir4_lineage.s__.ASV_4733","season","September",-1.22691804628123,0.601348141372063,0.0535051389557029,"seasonSeptember",0.141731515790188,24,5,"","maaslin2"
"471","All","k__Bacteria.p__Pseudomonadota.c__Alphaproteobacteria.o__Sphingomonadales.f__Sphingomonadaceae.g__.s__.ASV_4187","season","September",-1.00552548822321,0.49260839526384,0.0534033175934573,"seasonSeptember",0.141731515790188,24,7,"","maaslin2"
"472","All","k__Bacteria.p__Pseudomonadota.c__Gammaproteobacteria.o__Steroidobacterales.f__Woeseiaceae.g__Woeseia.s__.ASV_4771","season","September",-1.1675578269752,0.571252098102081,0.0531216143140129,"seasonSeptember",0.141731515790188,24,6,"","maaslin2"
"473","All","k__Bacteria.p__Cyanobacteriota.c__Cyanobacteriia.o__Cyanobacteriales.f__Xenococcaceae.g__Pleurocapsa_PCC.7319.s__.ASV_14141","season","September",-0.69689246532231,0.34178840065889,0.0536472736806309,"seasonSeptember",0.141731515790188,24,4,"","maaslin2"
"474","All","k__Bacteria.p__Bacteroidota.c__Bacteroidia.o__Chitinophagales.f__Saprospiraceae.g__.s__.ASV_9801","season","September",-1.09952523250443,0.538897942196801,0.0535005454845927,"seasonSeptember",0.141731515790188,24,7,"","maaslin2"
"475","All","k__Bacteria.p__Pseudomonadota.c__Alphaproteobacteria.o__Rhodobacterales.f__Paracoccaceae.g__.s__.ASV_4436","season","September",-0.772883802779346,0.379472929122066,0.0538880013630906,"seasonSeptember",0.142037426750715,24,4,"","maaslin2"
"476","All","k__Bacteria.p__Acidobacteriota.c__Thermoanaerobaculia.o__Thermoanaerobaculales.f__Thermoanaerobaculaceae.g__Subgroup_10.s__.ASV_11693","season","September",-0.763927122632291,0.37551873090397,0.0541487896609443,"seasonSeptember",0.142126382925581,24,6,"","maaslin2"
"477","All","k__Bacteria.p__Pseudomonadota.c__Gammaproteobacteria.o__Beggiatoales.f__Leucotrichaceae.g__.s__.ASV_11092","season","September",-1.52000802530634,0.746863686428409,0.0540550648819606,"seasonSeptember",0.142126382925581,24,6,"","maaslin2"
"478","All","k__Bacteria.p__Bacteroidota.c__Bacteroidia.o__Chitinophagales.f__Saprospiraceae.g__.s__.ASV_3563","season","September",-1.21647468577689,0.598440268893058,0.0543210630809444,"seasonSeptember",0.142280274011176,24,5,"","maaslin2"
"479","All","k__Bacteria.p__Planctomycetota.c__Planctomycetes.o__Pirellulales.f__Pirellulaceae.g__Pir4_lineage.s__.ASV_7069","season","September",-0.858086407715004,0.4227285909786,0.0546342798681045,"seasonSeptember",0.14280191731705,24,5,"","maaslin2"
"480","All","k__Bacteria.p__Bacteroidota.c__Bacteroidia.o__Flavobacteriales.f__Crocinitomicaceae.g__Brumimicrobium.s__.ASV_4358","season","September",-1.01331150820059,0.499735281791431,0.0548734417214133,"seasonSeptember",0.143128227156686,24,8,"","maaslin2"
"481","All","k__Bacteria.p__Bacteroidota.c__Bacteroidia.o__Chitinophagales.f__Saprospiraceae.g__Lewinella.s__.ASV_12788","season","September",-0.96973715085015,0.478653258060759,0.0550636089833215,"seasonSeptember",0.143325651657211,24,7,"","maaslin2"
"482","All","k__Bacteria.p__Bacteroidota.c__Bacteroidia.o__Chitinophagales.f__Saprospiraceae.g__Lewinella.s__.ASV_10676","season","September",2.05833212929225,1.01653499143782,0.0551871501865128,"seasonSeptember",0.143349195090278,24,17,"","maaslin2"
"483","All","k__Bacteria.p__Chloroflexota.c__Anaerolineae.o__Anaerolineales.f__Anaerolineaceae.g__.s__.ASV_8957","season","September",-1.90022157539976,0.939578052761402,0.0554564530321224,"seasonSeptember",0.14375047452633,24,9,"","maaslin2"
"484","All","k__Bacteria.p__Bacteroidota.c__Bacteroidia.o__Flavobacteriales.f__Flavobacteriaceae.g__Nonlabens.s__.ASV_11613","season","September",-1.0818418402933,0.536078191781933,0.0559415670214082,"seasonSeptember",0.144708351055378,24,5,"","maaslin2"
"485","All","k__Bacteria.p__Pseudomonadota.c__Alphaproteobacteria.o__Kiloniellales.f__Kiloniellaceae.g__.s__.ASV_12965","season","September",-0.953470498708937,0.472852837261307,0.0561259918598573,"seasonSeptember",0.144886065584621,24,4,"","maaslin2"
"486","All","k__Bacteria.p__Pseudomonadota.c__Alphaproteobacteria.o__Sphingomonadales.f__Sphingomonadaceae.g__Sphingomicrobium.s__.ASV_1652","season","September",-2.51723514367462,1.25441988237002,0.0572271012219776,"seasonSeptember",0.146036295116237,24,14,"","maaslin2"
"487","All","k__Bacteria.p__Bacteroidota.c__Bacteroidia.o__Flavobacteriales.f__Flavobacteriaceae.g__Actibacter.s__.ASV_4251","season","September",-1.4405688610109,0.717572809031697,0.0571284120726266,"seasonSeptember",0.146036295116237,24,7,"","maaslin2"
"488","All","k__Bacteria.p__Pseudomonadota.c__Alphaproteobacteria.o__Rhodobacterales.f__Paracoccaceae.g__.s__.ASV_15905","season","September",-0.567881754645489,0.282908742364029,0.0571581888705785,"seasonSeptember",0.146036295116237,24,4,"","maaslin2"
"489","All","k__Bacteria.p__Pseudomonadota.c__Gammaproteobacteria.o__Pseudomonadales.f__Halieaceae.g__.s__.ASV_15846","season","September",-1.08365564997361,0.539950937669761,0.0571974909944987,"seasonSeptember",0.146036295116237,24,5,"","maaslin2"
"490","All","k__Bacteria.p__Pseudomonadota.c__Alphaproteobacteria.o__Rhodobacterales.f__Paracoccaceae.g__Actibacterium.s__.ASV_14652","season","September",-0.804224440354467,0.400734704999794,0.0572062915621528,"seasonSeptember",0.146036295116237,24,5,"","maaslin2"
"491","All","k__Bacteria.p__Rhodothermota.c__Rhodothermia.o__Rhodothermales.f__Rhodothermaceae.g__.s__.ASV_15482","season","September",0.759483067938499,0.378694780744886,0.0573601726125079,"seasonSeptember",0.146036295116237,24,4,"","maaslin2"
"492","All","k__Bacteria.p__Pseudomonadota.c__Gammaproteobacteria.o__Steroidobacterales.f__Woeseiaceae.g__Woeseia.s__.ASV_2639","season","September",-0.678680617438928,0.338446057586641,0.0573880648539846,"seasonSeptember",0.146036295116237,24,5,"","maaslin2"
"493","All","k__Bacteria.p__Pseudomonadota.c__Alphaproteobacteria.o__Rhodobacterales.f__Paracoccaceae.g__.s__.ASV_1155","season","September",-0.73241325584398,0.36639803631863,0.0581165145654956,"seasonSeptember",0.147590012649088,24,4,"","maaslin2"
"494","All","k__Bacteria.p__Bacteroidota.c__Bacteroidia.o__Flavobacteriales.f__Flavobacteriaceae.g__Gramella.s__.ASV_3911","season","September",-1.1845495933465,0.594838388770773,0.0589990834666552,"seasonSeptember",0.14826356456339,24,13,"","maaslin2"
"495","All","k__Bacteria.p__Pseudomonadota.c__Gammaproteobacteria.o__Enterobacterales.f__Alteromonadaceae.g__Aestuariibacter.s__.ASV_1570","season","September",-0.919474792909041,0.461259139545296,0.0587624198163483,"seasonSeptember",0.14826356456339,24,4,"","maaslin2"
"496","All","k__Bacteria.p__Myxococcota.c__Polyangiia.o__Haliangiales.f__Haliangiaceae.g__.s__.ASV_3182","season","September",-0.857045258732491,0.430335364975548,0.0589762496978884,"seasonSeptember",0.14826356456339,24,6,"","maaslin2"
"497","All","k__Bacteria.p__Bacteroidota.c__Bacteroidia.o__Cytophagales.f__Cyclobacteriaceae.g__.s__.ASV_544","season","September",-0.957874937707576,0.480981677325584,0.0589850906610692,"seasonSeptember",0.14826356456339,24,4,"","maaslin2"
"498","All","k__Bacteria.p__Pseudomonadota.c__Gammaproteobacteria.o__Chromatiales.f__Sedimenticolaceae.g__Sedimenticola.s__.ASV_271","season","September",-1.36384486362757,0.685147189479851,0.0590922673459519,"seasonSeptember",0.14826356456339,24,9,"","maaslin2"
"499","All","k__Bacteria.p__Pseudomonadota.c__Alphaproteobacteria.o__Sphingomonadales.f__Sphingomonadaceae.g__Pacificimonas.s__.ASV_12784","season","September",0.618289110399653,0.310439505627069,0.0589666275052967,"seasonSeptember",0.14826356456339,24,8,"","maaslin2"
"500","All","k__Bacteria.p__Pseudomonadota.c__Alphaproteobacteria.o__Rhodobacterales.f__Paracoccaceae.g__.s__.ASV_7164","season","September",0.80794789836271,0.406456413543937,0.0594221880216123,"seasonSeptember",0.148793158806117,24,5,"","maaslin2"
"501","All","k__Bacteria.p__Pseudomonadota.c__Alphaproteobacteria.o__Rhodobacterales.f__Paracoccaceae.g__Jannaschia.s__.ASV_6611","season","September",0.979524323452835,0.493424964706846,0.0597335135201859,"seasonSeptember",0.149274169515514,24,4,"","maaslin2"
"502","All","k__Bacteria.p__Actinomycetota.c__Acidimicrobiia.o__Microtrichales.f__Ilumatobacteraceae.g__Ilumatobacter.s__.ASV_7782","season","September",1.26126950950596,0.636319340523688,0.0600926882356551,"seasonSeptember",0.149769177513199,24,24,"","maaslin2"
"503","All","k__Bacteria.p__Pseudomonadota.c__Alphaproteobacteria.o__Hyphomicrobiales.f__Methyloligellaceae.g__Methyloceanibacter.s__.ASV_15691","season","September",-1.09248592905634,0.551893671329132,0.0604046270757898,"seasonSeptember",0.149769177513199,24,14,"","maaslin2"
"504","All","k__Bacteria.p__Cyanobacteriota.c__Cyanobacteriia.o__Cyanobacteriales.f__Xenococcaceae.g__Pleurocapsa_PCC.7319.s__.ASV_2884","season","September",0.912243478656069,0.460850792562448,0.0604100915688223,"seasonSeptember",0.149769177513199,24,8,"","maaslin2"
"505","All","k__Bacteria.p__Bacteroidota.c__Bacteroidia.o__Chitinophagales.f__Saprospiraceae.g__Portibacter.s__.ASV_9536","season","September",-0.959920015932301,0.484676191728489,0.0602830067380791,"seasonSeptember",0.149769177513199,24,7,"","maaslin2"
"506","All","k__Bacteria.p__Planctomycetota.c__Planctomycetes.o__Pirellulales.f__Pirellulaceae.g__Rhodopirellula.s__.ASV_15927","season","September",-1.14204194546202,0.57784273327481,0.0607809778988374,"seasonSeptember",0.150390878121234,24,5,"","maaslin2"
"507","All","k__Bacteria.p__Thermodesulfobacteriota.c__Desulfobulbia.o__Desulfobulbales.f__Desulfocapsaceae.g__.s__.ASV_8870","season","September",-0.938961541958177,0.475811442806679,0.0611430890705655,"seasonSeptember",0.15098845663974,24,7,"","maaslin2"
"508","All","k__Bacteria.p__Pseudomonadota.c__Alphaproteobacteria.o__Rhodobacterales.f__Paracoccaceae.g__Maribius.s__.ASV_5962","season","September",0.753559126278312,0.382345162333328,0.0614467796509503,"seasonSeptember",0.151439701029507,24,4,"","maaslin2"
"509","All","k__Bacteria.p__Actinomycetota.c__Actinobacteria.o__Euzebyales.f__Euzebyaceae.g__.s__.ASV_3446","season","September",0.785966407894203,0.399508783230982,0.0618804189818942,"seasonSeptember",0.152208810540926,24,4,"","maaslin2"
"510","All","k__Bacteria.p__Pseudomonadota.c__Alphaproteobacteria.o__Rhodobacterales.f__Paracoccaceae.g__.s__.ASV_11222","season","September",-1.05571863963556,0.536966344247485,0.0620338115995963,"seasonSeptember",0.152286925730774,24,4,"","maaslin2"
"511","All","k__Bacteria.p__Pseudomonadota.c__Alphaproteobacteria.o__Rhodobacterales.f__Paracoccaceae.g__Limibaculum.s__.ASV_10764","season","September",-0.824295739671379,0.420009641605036,0.0624662763800777,"seasonSeptember",0.152910149738881,24,7,"","maaslin2"
"512","All","k__Bacteria.p__Pseudomonadota.c__Alphaproteobacteria.o__Rhodobacterales.f__Paracoccaceae.g__.s__.ASV_12166","season","September",-0.92860571327215,0.473287787726023,0.0625319462190951,"seasonSeptember",0.152910149738881,24,4,"","maaslin2"
"513","All","k__Bacteria.p__Pseudomonadota.c__Alphaproteobacteria.o__Caulobacterales.f__Parvularculaceae.g__Hyphococcus.s__.ASV_5943","season","September",-0.709499512607197,0.361840457062538,0.0626833001698385,"seasonSeptember",0.152981465521711,24,5,"","maaslin2"
"514","All","k__Bacteria.p__Balneolota.c__Balneolia.o__Balneolales.f__Balneolaceae.g__.s__.ASV_7903","season","September",-1.27415646553715,0.652846238573179,0.0638201362496598,"seasonSeptember",0.155452938880494,24,15,"","maaslin2"
"515","All","k__Bacteria.p__Pseudomonadota.c__Alphaproteobacteria.o__Sphingomonadales.f__Sphingomonadaceae.g__.s__.ASV_13522","season","September",1.09275674501709,0.561410651814849,0.0644828406358339,"seasonSeptember",0.15645836526369,24,15,"","maaslin2"
"516","All","k__Bacteria.p__Chloroflexota.c__Anaerolineae.o__Aggregatilineales.f__A4b.g__.s__.ASV_121","season","September",-1.48000312509099,0.760269418498563,0.0644531218787099,"seasonSeptember",0.15645836526369,24,13,"","maaslin2"
"517","All","k__Bacteria.p__Cyanobacteriota.c__Cyanobacteriia.o__Cyanobacteriales.f__Microcystaceae.g__UCYN.C.s__.ASV_7308","season","September",-1.07705980214602,0.553815128930886,0.0646922507235665,"seasonSeptember",0.156662858618772,24,9,"","maaslin2"
"518","All","k__Bacteria.p__Bacteroidota.c__Bacteroidia.o__Cytophagales.f__Cyclobacteriaceae.g__.s__.ASV_922","season","September",-1.50916529481598,0.779318310089064,0.0657535931265695,"seasonSeptember",0.158919728490522,24,9,"","maaslin2"
"519","All","k__Bacteria.p__Pseudomonadota.c__Alphaproteobacteria.o__Rhodobacterales.f__Paracoccaceae.g__Marivita.s__.ASV_7068","season","September",-0.710110607370783,0.366876742599808,0.0658780663630838,"seasonSeptember",0.158919728490522,24,5,"","maaslin2"
"520","All","k__Bacteria.p__Pseudomonadota.c__Gammaproteobacteria.o__Pseudomonadales.f__211ds20.g__.s__.ASV_7484","season","September",-1.44922747086776,0.749515879782513,0.0661377768643936,"seasonSeptember",0.159239416604271,24,11,"","maaslin2"
"521","All","k__Bacteria.p__Bacteroidota.c__Bacteroidia.o__Chitinophagales.f__Saprospiraceae.g__.s__.ASV_949","season","September",-0.768945443617778,0.399173249792411,0.0670786934628274,"seasonSeptember",0.161194864137159,24,4,"","maaslin2"
"522","All","k__Bacteria.p__Bacteroidota.c__Bacteroidia.o__Flavobacteriales.f__Flavobacteriaceae.g__.s__.ASV_2473","season","September",-1.39653680894417,0.728050124183454,0.0681579929031595,"seasonSeptember",0.163474726273478,24,10,"","maaslin2"
"523","All","k__Bacteria.p__Verrucomicrobiota.c__Verrucomicrobiia.o__Verrucomicrobiales.f__Rubritaleaceae.g__Haloferula.s__.ASV_12612","season","September",-0.879732554474907,0.460058741343121,0.0689575002846653,"seasonSeptember",0.164800447739353,24,5,"","maaslin2"
"524","All","k__Bacteria.p__Pseudomonadota.c__Gammaproteobacteria.o__Granulosicoccales.f__Granulosicoccaceae.g__Granulosicoccus.s__.ASV_13753","season","September",0.821358574538667,0.429559409841516,0.0689739893094418,"seasonSeptember",0.164800447739353,24,5,"","maaslin2"
"525","All","k__Bacteria.p__Bacteroidota.c__Bacteroidia.o__Flavobacteriales.f__Flavobacteriaceae.g__Hoppeia.s__.ASV_1461","season","September",-0.865840725602145,0.453480727324451,0.0693482899483762,"seasonSeptember",0.16537916002927,24,5,"","maaslin2"
"526","All","k__Bacteria.p__Pseudomonadota.c__Alphaproteobacteria.o__Sphingomonadales.f__Sphingomonadaceae.g__Parasphingopyxis.s__.ASV_632","season","September",-0.280170862903847,0.147129777560096,0.070038362964939,"seasonSeptember",0.166707282190311,24,3,"","maaslin2"
"527","All","k__Bacteria.p__Verrucomicrobiota.c__Verrucomicrobiia.o__Opitutales.f__Puniceicoccaceae.g__Lentimonas.s__.ASV_4411","season","September",-0.832506950964701,0.437943381243852,0.0704894864142883,"seasonSeptember",0.167462688786886,24,5,"","maaslin2"
"528","All","k__Bacteria.p__Pseudomonadota.c__Alphaproteobacteria.o__Rhodobacterales.f__Paracoccaceae.g__Palleronia.Pseudomaribius.s__.ASV_9024","season","September",0.279495028558125,0.147310011489829,0.0709879580336511,"seasonSeptember",0.168073173382928,24,3,"","maaslin2"
"529","All","k__Bacteria.p__Pseudomonadota.c__Alphaproteobacteria.o__Rhodobacterales.f__Paracoccaceae.g__Jannaschia.s__.ASV_12644","season","September",-0.278574575372488,0.146840001732263,0.0710149430667482,"seasonSeptember",0.168073173382928,24,3,"","maaslin2"
"530","All","k__Bacteria.p__Pseudomonadota.c__Gammaproteobacteria.o__Pseudomonadales.f__211ds20.g__.s__.ASV_11427","season","September",-1.26741808443703,0.668880355550203,0.0713325346469483,"seasonSeptember",0.168506289392414,24,7,"","maaslin2"
"531","All","k__Bacteria.p__Actinomycetota.c__Actinobacteria.o__Euzebyales.f__Euzebyaceae.g__.s__.ASV_7541","season","September",1.47903005871337,0.781182358927355,0.0715425930202006,"seasonSeptember",0.1686842306239,24,17,"","maaslin2"
"532","All","k__Bacteria.p__Pseudomonadota.c__Alphaproteobacteria.o__.f__Neomegalonemataceae.g__Acuticoccus.s__.ASV_9666","season","September",1.01828700112432,0.539349736589959,0.0722872895321008,"seasonSeptember",0.170119711455245,24,8,"","maaslin2"
"533","All","k__Bacteria.p__Rhodothermota.c__Rhodothermia.o__Rhodothermales.f__Rhodothermaceae.g__.s__.ASV_15284","season","September",-0.321588164094903,0.170700194386461,0.0728580885648569,"seasonSeptember",0.171141326234898,24,3,"","maaslin2"
"534","All","k__Bacteria.p__Bacteroidota.c__Bacteroidia.o__Chitinophagales.f__Saprospiraceae.g__Lewinella.s__.ASV_3307","season","September",-1.47118481477057,0.782774651126456,0.0734943239332691,"seasonSeptember",0.171669577545621,24,7,"","maaslin2"
"535","All","k__Bacteria.p__Cyanobacteriota.c__Cyanobacteriia.o__Cyanobacteriales.f__Xenococcaceae.g__Chroococcidiopsis_PCC.6712.s__.ASV_986","season","September",0.834660248997373,0.443714062661094,0.0732628951590987,"seasonSeptember",0.171669577545621,24,8,"","maaslin2"
"536","All","k__Bacteria.p__Chloroflexota.c__Anaerolineae.o__Caldilineales.f__Caldilineaceae.g__.s__.ASV_10173","season","September",-1.02241072566284,0.543761413726305,0.0733794767699454,"seasonSeptember",0.171669577545621,24,7,"","maaslin2"
"537","All","k__Bacteria.p__Actinomycetota.c__Thermoleophilia.o__Solirubrobacterales.f__Solirubrobacteraceae.g__Patulibacter.s__.ASV_1623","season","September",1.26109098153597,0.672826246703417,0.0742276749000717,"seasonSeptember",0.171800263939554,24,4,"","maaslin2"
"538","All","k__Bacteria.p__Acidobacteriota.c__Thermoanaerobaculia.o__Thermoanaerobaculales.f__Thermoanaerobaculaceae.g__Subgroup_10.s__.ASV_5707","season","September",-1.34561691270371,0.717150369839698,0.0739381877182118,"seasonSeptember",0.171800263939554,24,10,"","maaslin2"
"539","All","k__Bacteria.p__Pseudomonadota.c__Alphaproteobacteria.o__Rhodobacterales.f__Paracoccaceae.g__.s__.ASV_12432","season","September",-0.321587371495259,0.171456865415408,0.0740415372255995,"seasonSeptember",0.171800263939554,24,3,"","maaslin2"
"540","All","k__Bacteria.p__Myxococcota.c__Polyangiia.o__Polyangiales.f__Sandaracinaceae.g__.s__.ASV_7560","season","September",-0.85258052640045,0.4542247675395,0.0738433977345704,"seasonSeptember",0.171800263939554,24,5,"","maaslin2"
"541","All","k__Bacteria.p__Planctomycetota.c__Planctomycetes.o__Planctomycetales.f__Rubinisphaeraceae.g__Planctomicrobium.s__.ASV_10419","season","September",-0.335198930157245,0.17884350388832,0.0742363760313887,"seasonSeptember",0.171800263939554,24,3,"","maaslin2"
"542","All","k__Bacteria.p__Bacteroidota.c__Bacteroidia.o__Flavobacteriales.f__Flavobacteriaceae.g__.s__.ASV_6936","season","September",-1.40215763686849,0.751744329629102,0.0755463081115861,"seasonSeptember",0.173867606168577,24,7,"","maaslin2"
"543","All","k__Bacteria.p__Bacteroidota.c__Bacteroidia.o__Flavobacteriales.f__Flavobacteriaceae.g__.s__.ASV_3483","season","September",-0.347841558981178,0.186429640413274,0.0754587789278839,"seasonSeptember",0.173867606168577,24,3,"","maaslin2"
"544","All","k__Bacteria.p__Bacteroidota.c__Bacteroidia.o__Chitinophagales.f__Saprospiraceae.g__.s__.ASV_71","season","September",-1.08451833524469,0.581166368501566,0.0754150341353483,"seasonSeptember",0.173867606168577,24,6,"","maaslin2"
"545","All","k__Bacteria.p__Actinomycetota.c__Actinobacteria.o__Propionibacteriales.f__Nocardioidaceae.g__Nocardioides.s__.ASV_6174","season","September",0.911231802859282,0.489763864055133,0.0762272700530561,"seasonSeptember",0.17504185948453,24,9,"","maaslin2"
"546","All","k__Bacteria.p__Cyanobacteriota.c__Cyanobacteriia.o__Phormidesmiales.f__Phormidesmiaceae.g__Phormidesmis_ANT.LACV5.1.s__.ASV_6961","season","September",-1.22373227957038,0.657986762940149,0.076336146388621,"seasonSeptember",0.17504185948453,24,6,"","maaslin2"
"547","All","k__Bacteria.p__Acidobacteriota.c__Thermoanaerobaculia.o__Thermoanaerobaculales.f__Thermoanaerobaculaceae.g__Subgroup_10.s__.ASV_6086","season","September",-0.835892380535268,0.449822637985982,0.0765633017570972,"seasonSeptember",0.175241780255732,24,5,"","maaslin2"
"548","All","k__Bacteria.p__Pseudomonadota.c__Alphaproteobacteria.o__Sphingomonadales.f__Sphingomonadaceae.g__Sphingomicrobium.s__.ASV_2882","season","September",1.02742229634683,0.554057585294131,0.077142115977183,"seasonSeptember",0.175923368312264,24,10,"","maaslin2"
"549","All","k__Bacteria.p__Bacteroidota.c__Bacteroidia.o__Cytophagales.f__Cyclobacteriaceae.g__Roseivirga.s__.ASV_15880","season","September",-0.602663582932948,0.324833975495445,0.0770030755106479,"seasonSeptember",0.175923368312264,24,6,"","maaslin2"
"550","All","k__Bacteria.p__Bacteroidota.c__Bacteroidia.o__Flavobacteriales.f__Flavobacteriaceae.g__Pricia.s__.ASV_13538","season","September",-0.336067702882734,0.18136247195271,0.0773418102354197,"seasonSeptember",0.176058084390446,24,3,"","maaslin2"
"551","All","k__Bacteria.p__Bacteroidota.c__Bacteroidia.o__Cytophagales.f__Cyclobacteriaceae.g__Tunicatimonas.s__.ASV_8388","season","September",-0.879730251080181,0.476338987939011,0.0782631746985852,"seasonSeptember",0.177188959715423,24,7,"","maaslin2"
"552","All","k__Bacteria.p__Cyanobacteriota.c__Cyanobacteriia.o__Phormidesmiales.f__Phormidesmiaceae.g__Phormidium_MBIC10003.s__.ASV_6321","season","September",-0.62522206685827,0.338519879419218,0.0782524815988099,"seasonSeptember",0.177188959715423,24,6,"","maaslin2"
"553","All","k__Bacteria.p__Actinomycetota.c__Acidimicrobiia.o__Microtrichales.f__Ilumatobacteraceae.g__Ilumatobacter.s__.ASV_11502","season","September",-0.372901114767495,0.201883602668173,0.0782253013340837,"seasonSeptember",0.177188959715423,24,3,"","maaslin2"
"554","All","k__Bacteria.p__Pseudomonadota.c__Gammaproteobacteria.o__Pseudomonadales.f__Cellvibrionaceae.g__.s__.ASV_291","season","September",0.988900862976458,0.537836491268224,0.0795035682278303,"seasonSeptember",0.179348589948187,24,4,"","maaslin2"
"555","All","k__Bacteria.p__Pseudomonadota.c__Alphaproteobacteria.o__Rhodobacterales.f__Paracoccaceae.g__Palleronia.Pseudomaribius.s__.ASV_11178","season","September",0.769218172824946,0.418247899156353,0.0794304844392646,"seasonSeptember",0.179348589948187,24,6,"","maaslin2"
"556","All","k__Bacteria.p__Pseudomonadota.c__Alphaproteobacteria.o__Sphingomonadales.f__Sphingomonadaceae.g__Aurantiacibacter.s__.ASV_11060","season","September",-0.389233651168651,0.212119930922287,0.0800685096798834,"seasonSeptember",0.179690020644643,24,3,"","maaslin2"
"557","All","k__Bacteria.p__Bacteroidota.c__Bacteroidia.o__Flavobacteriales.f__Flavobacteriaceae.g__Gramella.s__.ASV_14211","season","September",-0.559817053843781,0.305100851853328,0.0800854884342738,"seasonSeptember",0.179690020644643,24,5,"","maaslin2"
"558","All","k__Bacteria.p__Thermodesulfobacteriota.c__Desulfobacteria.o__Desulfatiglandales.f__Desulfatiglandaceae.g__Desulfatiglans.s__.ASV_6997","season","September",-0.392984976667813,0.214102429345735,0.0799872385145026,"seasonSeptember",0.179690020644643,24,3,"","maaslin2"
"559","All","k__Bacteria.p__Actinomycetota.c__Acidimicrobiia.o__Microtrichales.f__Ilumatobacteraceae.g__Ilumatobacter.s__.ASV_8301","season","September",-0.799714990867862,0.43725230452291,0.0809955645699775,"seasonSeptember",0.180118022809257,24,5,"","maaslin2"
"560","All","k__Bacteria.p__Pseudomonadota.c__Alphaproteobacteria.o__Rhodobacterales.f__Paracoccaceae.g__.s__.ASV_1077","season","September",-0.612189032642024,0.334438822591616,0.0807571698620779,"seasonSeptember",0.180118022809257,24,7,"","maaslin2"
"561","All","k__Bacteria.p__Chloroflexota.c__Anaerolineae.o__Anaerolineales.f__Anaerolineaceae.g__.s__.ASV_14272","season","September",-0.388105643273424,0.212094682700342,0.0808540366133002,"seasonSeptember",0.180118022809257,24,3,"","maaslin2"
"562","All","k__Bacteria.p__Chloroflexota.c__Anaerolineae.o__Ardenticatenales.f__Ardenticatenaceae.g__.s__.ASV_14123","season","September",-0.382520955287144,0.208800178325689,0.0805258303150347,"seasonSeptember",0.180118022809257,24,3,"","maaslin2"
"563","All","k__Bacteria.p__Gemmatimonadota.c__Longimicrobiia.o__Longimicrobiales.f__Longimicrobiaceae.g__YC.ZSS.LKJ147.s__.ASV_8187","season","September",0.331899324509554,0.181432705148126,0.080938385807043,"seasonSeptember",0.180118022809257,24,3,"","maaslin2"
"564","All","k__Bacteria.p__Thermodesulfobacteriota.c__Desulfobacteria.o__Desulfatiglandales.f__Desulfatiglandaceae.g__Desulfatiglans.s__.ASV_4118","season","September",-0.604808522231303,0.33107171999053,0.0813269255212199,"seasonSeptember",0.180534238922992,24,5,"","maaslin2"
"565","All","k__Bacteria.p__Cyanobacteriota.c__Cyanobacteriia.o__Cyanobacteriales.f__Xenococcaceae.g__Myxosarcina_GI1.s__.ASV_4818","season","September",1.03759066240341,0.568539176210619,0.0816085075379859,"seasonSeptember",0.180838675110723,24,10,"","maaslin2"
"566","All","k__Bacteria.p__Bacteroidota.c__Bacteroidia.o__Bacteroidales.f__Prolixibacteraceae.g__.s__.ASV_6058","season","September",-1.06989524458842,0.587782607345772,0.0823582315081569,"seasonSeptember",0.182177572169987,24,14,"","maaslin2"
"567","All","k__Bacteria.p__Pseudomonadota.c__Alphaproteobacteria.o__Rhodobacterales.f__Paracoccaceae.g__Palleronia.Pseudomaribius.s__.ASV_7175","season","September",0.41399961384266,0.227642658449907,0.0826076109100677,"seasonSeptember",0.182406929205299,24,3,"","maaslin2"
"568","All","k__Bacteria.p__Pseudomonadota.c__Alphaproteobacteria.o__.f__Neomegalonemataceae.g__Acuticoccus.s__.ASV_9958","season","September",0.751250407702233,0.414944365745205,0.0839011510324461,"seasonSeptember",0.184937044177152,24,5,"","maaslin2"
"569","All","k__Bacteria.p__Pseudomonadota.c__Alphaproteobacteria.o__Rhodobacterales.f__Paracoccaceae.g__Jannaschia.s__.ASV_4456","season","September",-0.406245703156494,0.224563149189519,0.0841307498047755,"seasonSeptember",0.185117221011562,24,3,"","maaslin2"
"570","All","k__Bacteria.p__Rhodothermota.c__Rhodothermia.o__Rhodothermales.f__Rhodothermaceae.g__.s__.ASV_8456","season","September",0.882347939248732,0.488537921850643,0.0846041274071284,"seasonSeptember",0.185637492787891,24,23,"","maaslin2"
"571","All","k__Bacteria.p__Verrucomicrobiota.c__Verrucomicrobiia.o__Verrucomicrobiales.f__Rubritaleaceae.g__DBS1.s__.ASV_11128","season","September",-0.348456265670818,0.192972656205618,0.0846637447139663,"seasonSeptember",0.185637492787891,24,3,"","maaslin2"
"572","All","k__Bacteria.p__Myxococcota.c__Polyangiia.o__Polyangiales.f__Sandaracinaceae.g__.s__.ASV_15920","season","September",-0.724562017279944,0.40255576241767,0.0856057515425499,"seasonSeptember",0.186397219010909,24,5,"","maaslin2"
"573","All","k__Bacteria.p__Bacteroidota.c__Bacteroidia.o__Flavobacteriales.f__Flavobacteriaceae.g__.s__.ASV_12253","season","September",-0.448183508029403,0.24885103374027,0.0854260833487298,"seasonSeptember",0.186397219010909,24,3,"","maaslin2"
"574","All","k__Bacteria.p__Pseudomonadota.c__Gammaproteobacteria.o__Chromatiales.f__Chromatiaceae.g__Candidatus_Thiobios.s__.ASV_6706","season","September",-0.3509323826695,0.194747187959831,0.0852675156415313,"seasonSeptember",0.186397219010909,24,3,"","maaslin2"
"575","All","k__Bacteria.p__Bacteroidota.c__Bacteroidia.o__Cytophagales.f__Cyclobacteriaceae.g__Tunicatimonas.s__.ASV_2922","season","September",0.448362669656793,0.248988277733969,0.0854704085916739,"seasonSeptember",0.186397219010909,24,3,"","maaslin2"
"576","All","k__Bacteria.p__Actinomycetota.c__Rubrobacteria.o__Rubrobacterales.f__Rubrobacteriaceae.g__Rubrobacter.s__.ASV_16064","season","September",1.4814995366072,0.8252216473408,0.0863610885438812,"seasonSeptember",0.186757344836468,24,11,"","maaslin2"
"577","All","k__Bacteria.p__Bacteroidota.c__Bacteroidia.o__Chitinophagales.f__Saprospiraceae.g__Lewinella.s__.ASV_6892","season","September",1.00162914151992,0.558527402489525,0.0866785264862704,"seasonSeptember",0.186757344836468,24,19,"","maaslin2"
"578","All","k__Bacteria.p__Actinomycetota.c__Rubrobacteria.o__Rubrobacterales.f__Rubrobacteriaceae.g__Rubrobacter.s__.ASV_2894","season","September",1.27367698397418,0.710556133325238,0.086815315251457,"seasonSeptember",0.186757344836468,24,11,"","maaslin2"
"579","All","k__Bacteria.p__Pseudomonadota.c__Alphaproteobacteria.o__Sphingomonadales.f__Sphingomonadaceae.g__.s__.ASV_15186","season","September",-0.481995988213569,0.268655548002265,0.0865529852643334,"seasonSeptember",0.186757344836468,24,5,"","maaslin2"
"580","All","k__Bacteria.p__Chloroflexota.c__Anaerolineae.o__Anaerolineales.f__Anaerolineaceae.g__.s__.ASV_6002","season","September",-1.43275013118593,0.799164548891892,0.0867655294829562,"seasonSeptember",0.186757344836468,24,4,"","maaslin2"
"581","All","k__Bacteria.p__Bacteroidota.c__Bacteroidia.o__Flavobacteriales.f__Flavobacteriaceae.g__Robiginitalea.s__.ASV_355","season","September",-0.414961648597753,0.231040811940971,0.0862336406159416,"seasonSeptember",0.186757344836468,24,3,"","maaslin2"
"582","All","k__Bacteria.p__Pseudomonadota.c__Alphaproteobacteria.o__Rhodobacterales.f__Paracoccaceae.g__Sediminimonas.s__.ASV_528","season","September",-0.609649180931681,0.339584013537236,0.0863598364345975,"seasonSeptember",0.186757344836468,24,6,"","maaslin2"
"583","All","k__Bacteria.p__Pseudomonadota.c__Gammaproteobacteria.o__Pseudomonadales.f__Halieaceae.g__.s__.ASV_13665","season","September",-0.419463235973331,0.234148223052784,0.0869905008751169,"seasonSeptember",0.18681321971809,24,6,"","maaslin2"
"584","All","k__Bacteria.p__Pseudomonadota.c__Gammaproteobacteria.o__Enterobacterales.f__Alteromonadaceae.g__.s__.ASV_7006","season","September",-0.457174319480638,0.255579617177426,0.0874312141313992,"seasonSeptember",0.187438150843342,24,3,"","maaslin2"
"585","All","k__Bacteria.p__Chloroflexota.c__Anaerolineae.o__Aggregatilineales.f__Aggregatilineaceae.g__.s__.ASV_4295","season","September",-1.05900554676744,0.592403202374392,0.0876186398896578,"seasonSeptember",0.187518866909148,24,9,"","maaslin2"
"586","All","k__Bacteria.p__Bacteroidota.c__Bacteroidia.o__Cytophagales.f__Cyclobacteriaceae.g__Catalinimonas.s__.ASV_11134","season","September",-0.443092585541155,0.248645291646306,0.0885541811300568,"seasonSeptember",0.189197670264217,24,5,"","maaslin2"
"587","All","k__Bacteria.p__Pseudomonadota.c__Alphaproteobacteria.o__Rhodobacterales.f__Paracoccaceae.g__Limibaculum.s__.ASV_636","season","September",1.25507415100574,0.705564641469543,0.0890918178634811,"seasonSeptember",0.189278655427573,24,18,"","maaslin2"
"588","All","k__Bacteria.p__Bacteroidota.c__Bacteroidia.o__Chitinophagales.f__Saprospiraceae.g__Lewinella.s__.ASV_14761","season","September",-0.481092331147638,0.270894540236501,0.0895778774977582,"seasonSeptember",0.189278655427573,24,3,"","maaslin2"
"589","All","k__Bacteria.p__Rhodothermota.c__Rhodothermia.o__Rhodothermales.f__Rhodothermaceae.g__Rubrivirga.s__.ASV_7369","season","September",0.74913507835196,0.421542295817642,0.0893770372725968,"seasonSeptember",0.189278655427573,24,7,"","maaslin2"
"590","All","k__Bacteria.p__Actinomycetota.c__Actinobacteria.o__Nitriliruptorales.f__Nitriliruptoraceae.g__.s__.ASV_7511","season","September",0.493562240853154,0.277983227430091,0.08965035356913,"seasonSeptember",0.189278655427573,24,3,"","maaslin2"
"591","All","k__Bacteria.p__Planctomycetota.c__Planctomycetes.o__Pirellulales.f__Pirellulaceae.g__Pir4_lineage.s__.ASV_786","season","September",-0.364108832237338,0.204524810359772,0.0888490428829882,"seasonSeptember",0.189278655427573,24,3,"","maaslin2"
"592","All","k__Bacteria.p__Chloroflexota.c__Anaerolineae.o__Aggregatilineales.f__A4b.g__.s__.ASV_10198","season","September",-1.0136071197329,0.570753848038247,0.0895829763024781,"seasonSeptember",0.189278655427573,24,7,"","maaslin2"
"593","All","k__Bacteria.p__Pseudomonadota.c__Alphaproteobacteria.o__Caulobacterales.f__Hyphomonadaceae.g__Litorimonas.s__.ASV_366","season","September",-0.355076105274986,0.199731100978811,0.0892688646608849,"seasonSeptember",0.189278655427573,24,3,"","maaslin2"
"594","All","k__Bacteria.p__Acidobacteriota.c__Thermoanaerobaculia.o__Thermoanaerobaculales.f__Thermoanaerobaculaceae.g__Subgroup_10.s__.ASV_5785","season","September",-0.499164801911548,0.281577528002187,0.0901193825828847,"seasonSeptember",0.189948597632612,24,3,"","maaslin2"
"595","All","k__Bacteria.p__Pseudomonadota.c__Gammaproteobacteria.o__Steroidobacterales.f__Woeseiaceae.g__Woeseia.s__.ASV_8035","season","September",-1.04070705776275,0.588084600747089,0.0906453602911214,"seasonSeptember",0.190482382076388,24,10,"","maaslin2"
"596","All","k__Bacteria.p__Actinomycetota.c__Actinobacteria.o__Euzebyales.f__Euzebyaceae.g__.s__.ASV_15196","season","September",0.492107518702643,0.27811003683474,0.0906769167072901,"seasonSeptember",0.190482382076388,24,3,"","maaslin2"
"597","All","k__Bacteria.p__Bacteroidota.c__Bacteroidia.o__Flavobacteriales.f__Flavobacteriaceae.g__.s__.ASV_11518","season","September",-0.681044441700245,0.386428444750191,0.0918900741117965,"seasonSeptember",0.192707492107151,24,4,"","maaslin2"
"598","All","k__Bacteria.p__Pseudomonadota.c__Alphaproteobacteria.o__Sphingomonadales.f__Sphingomonadaceae.g__.s__.ASV_9919","season","September",-1.36309719956778,0.774637966904252,0.0923662761033655,"seasonSeptember",0.192737629469023,24,11,"","maaslin2"
"599","All","k__Bacteria.p__Gemmatimonadota.c__Longimicrobiia.o__Longimicrobiales.f__Longimicrobiaceae.g__.s__.ASV_5611","season","September",1.11297537849195,0.632429526580528,0.0923343804394373,"seasonSeptember",0.192737629469023,24,11,"","maaslin2"
"600","All","k__Bacteria.p__Actinomycetota.c__Acidimicrobiia.o__Microtrichales.f__Ilumatobacteraceae.g__Ilumatobacter.s__.ASV_2799","season","September",0.503598800663277,0.285972572379394,0.0921328486555614,"seasonSeptember",0.192737629469023,24,5,"","maaslin2"
"601","All","k__Bacteria.p__Bacteroidota.c__Bacteroidia.o__Cytophagales.f__Cyclobacteriaceae.g__.s__.ASV_9068","season","September",1.57576111795991,0.897392939340526,0.0930145548495971,"seasonSeptember",0.193101734325486,24,19,"","maaslin2"
"602","All","k__Bacteria.p__Bacteroidota.c__Bacteroidia.o__Chitinophagales.f__Saprospiraceae.g__.s__.ASV_13177","season","September",-1.29797461035281,0.739220188609218,0.0930253915288685,"seasonSeptember",0.193101734325486,24,9,"","maaslin2"
"603","All","k__Bacteria.p__Rhodothermota.c__Rhodothermia.o__Rhodothermales.f__Rhodothermaceae.g__.s__.ASV_9662","season","September",-0.505206087921118,0.287472389862549,0.0927573526071763,"seasonSeptember",0.193101734325486,24,3,"","maaslin2"
"604","All","k__Bacteria.p__Actinomycetota.c__Actinobacteria.o__Nitriliruptorales.f__Nitriliruptoraceae.g__.s__.ASV_13751","season","September",0.451134067428247,0.257039952990457,0.0931577056969597,"seasonSeptember",0.193101734325486,24,3,"","maaslin2"
"605","All","k__Bacteria.p__Pseudomonadota.c__Alphaproteobacteria.o__Rhodobacterales.f__Paracoccaceae.g__.s__.ASV_3670","season","September",-0.363717506345515,0.207559068069406,0.0936404990481679,"seasonSeptember",0.193207299403511,24,3,"","maaslin2"
"606","All","k__Bacteria.p__Pseudomonadota.c__Alphaproteobacteria.o__Rhodobacterales.f__Paracoccaceae.g__.s__.ASV_6991","season","September",0.543006772419323,0.309903612055706,0.0936715900462709,"seasonSeptember",0.193207299403511,24,3,"","maaslin2"
"607","All","k__Bacteria.p__Pseudomonadota.c__Alphaproteobacteria.o__Rickettsiales.f__SM2D12.g__.s__.ASV_2164","season","September",0.68943119194529,0.393094108783049,0.093377248663319,"seasonSeptember",0.193207299403511,24,7,"","maaslin2"
"608","All","k__Bacteria.p__Pseudomonadota.c__Alphaproteobacteria.o__Rhodobacterales.f__Paracoccaceae.g__Limibaculum.s__.ASV_7046","season","September",0.844631556295105,0.482474983842474,0.0939453793373311,"seasonSeptember",0.193453314030162,24,10,"","maaslin2"
"609","All","k__Bacteria.p__Pseudomonadota.c__Alphaproteobacteria.o__Hyphomicrobiales.f__Rhizobiaceae.g__.s__.ASV_12868","season","September",0.355682764001121,0.203468621698273,0.0943910183037337,"seasonSeptember",0.194051814312438,24,3,"","maaslin2"
"610","All","k__Bacteria.p__Rhodothermota.c__Rhodothermia.o__Rhodothermales.f__Rhodothermaceae.g__.s__.ASV_13633","season","September",0.554959351484062,0.317842900479183,0.0947590752145052,"seasonSeptember",0.194489118309116,24,3,"","maaslin2"
"611","All","k__Bacteria.p__Cyanobacteriota.c__Cyanobacteriia.o__Phormidesmiales.f__Phormidesmiaceae.g__Phormidium_MBIC10003.s__.ASV_9451","season","September",-0.687917441473284,0.39495954591656,0.0955201250247735,"seasonSeptember",0.195730272554855,24,5,"","maaslin2"
"612","All","k__Bacteria.p__Rhodothermota.c__Rhodothermia.o__Rhodothermales.f__Rhodothermaceae.g__Rubrivirga.s__.ASV_12511","season","September",-0.473402576625059,0.272520304929686,0.0963471122050911,"seasonSeptember",0.196866519163481,24,3,"","maaslin2"
"613","All","k__Bacteria.p__Actinomycetota.c__Actinobacteria.o__Propionibacteriales.f__Nocardioidaceae.g__Nocardioides.s__.ASV_8154","season","September",0.529720955480156,0.304981692700145,0.0963891184083178,"seasonSeptember",0.196866519163481,24,3,"","maaslin2"
"614","All","k__Bacteria.p__Pseudomonadota.c__Alphaproteobacteria.o__Caulobacterales.f__Hyphomonadaceae.g__Henriciella.s__.ASV_13571","season","September",-0.890781017939692,0.513901149001544,0.0970251070709456,"seasonSeptember",0.197842726470397,24,6,"","maaslin2"
"615","All","k__Bacteria.p__Bacteroidota.c__Bacteroidia.o__Cytophagales.f__Microscillaceae.g__.s__.ASV_9596","season","September",-0.488509804906866,0.282129441640119,0.0973623974619144,"seasonSeptember",0.197976774988797,24,3,"","maaslin2"
"616","All","k__Bacteria.p__Actinomycetota.c__Actinobacteria.o__Nitriliruptorales.f__Nitriliruptoraceae.g__.s__.ASV_856","season","September",0.424333662628398,0.245100600220487,0.0974071033491206,"seasonSeptember",0.197976774988797,24,3,"","maaslin2"
"617","All","k__Bacteria.p__Actinomycetota.c__Actinobacteria.o__Euzebyales.f__Euzebyaceae.g__.s__.ASV_12943","season","September",0.920441824108434,0.532297075912883,0.0977845440499174,"seasonSeptember",0.19836777390698,24,6,"","maaslin2"
"618","All","k__Bacteria.p__Campylobacterota.c__Campylobacteria.o__Campylobacterales.f__Sulfurovaceae.g__Sulfurovum.s__.ASV_15957","season","September",-0.398607439146246,0.230613527207306,0.0979163612416242,"seasonSeptember",0.19836777390698,24,3,"","maaslin2"
"619","All","k__Bacteria.p__Acidobacteriota.c__Thermoanaerobaculia.o__Thermoanaerobaculales.f__Thermoanaerobaculaceae.g__Subgroup_10.s__.ASV_10386","season","September",-1.05830464380984,0.612957544117755,0.098265387690622,"seasonSeptember",0.198753255878285,24,4,"","maaslin2"
"620","All","k__Bacteria.p__Pseudomonadota.c__Alphaproteobacteria.o__Sphingomonadales.f__Sphingomonadaceae.g__Sphingomicrobium.s__.ASV_13364","season","September",-0.51431375399673,0.298349064386916,0.0987583727812412,"seasonSeptember",0.199428197938894,24,3,"","maaslin2"
"621","All","k__Bacteria.p__Actinomycetota.c__Actinobacteria.o__Propionibacteriales.f__Nocardioidaceae.g__Nocardioides.s__.ASV_13532","season","September",0.998353828111085,0.580143078424241,0.0993091874891662,"seasonSeptember",0.199612954849203,24,8,"","maaslin2"
"622","All","k__Bacteria.p__Actinomycetota.c__Actinobacteria.o__Nitriliruptorales.f__Nitriliruptoraceae.g__.s__.ASV_2752","season","September",0.855971852298855,0.496966088767492,0.0990289615777755,"seasonSeptember",0.199612954849203,24,11,"","maaslin2"
"623","All","k__Bacteria.p__Planctomycetota.c__Planctomycetes.o__Pirellulales.f__Pirellulaceae.g__Rhodopirellula.s__.ASV_5930","season","September",-0.560848892704489,0.325928579594482,0.0993281716222473,"seasonSeptember",0.199612954849203,24,3,"","maaslin2"
"624","All","k__Bacteria.p__Bacteroidota.c__Bacteroidia.o__Flavobacteriales.f__Flavobacteriaceae.g__.s__.ASV_3604","season","September",-0.629641781288416,0.366529299426326,0.0998693215815906,"seasonSeptember",0.200061357895095,24,3,"","maaslin2"
"625","All","k__Bacteria.p__Pseudomonadota.c__Alphaproteobacteria.o__Rhodobacterales.f__Paracoccaceae.g__.s__.ASV_4714","season","September",0.367636644684306,0.214010993457477,0.0998708855306982,"seasonSeptember",0.200061357895095,24,3,"","maaslin2"
"626","All","k__Bacteria.p__Bacteroidota.c__Bacteroidia.o__Cytophagales.f__Cyclobacteriaceae.g__Tunicatimonas.s__.ASV_11136","season","September",0.554882001808656,0.323496482818452,0.100349652479849,"seasonSeptember",0.200525082997183,24,7,"","maaslin2"
"627","All","k__Bacteria.p__Myxococcota.c__Myxococcia.o__Myxococcales.f__Myxococcaceae.g__P3OB.42.s__.ASV_5420","season","September",-0.382356806253709,0.222965173648047,0.100422705302902,"seasonSeptember",0.200525082997183,24,3,"","maaslin2"
"628","All","k__Bacteria.p__Bacteroidota.c__Bacteroidia.o__Flavobacteriales.f__Flavobacteriaceae.g__.s__.ASV_13178","season","September",-0.886427324334982,0.517636512487868,0.100874800345215,"seasonSeptember",0.20110708603855,24,4,"","maaslin2"
"629","All","k__Bacteria.p__Actinomycetota.c__Actinobacteria.o__Nitriliruptorales.f__Nitriliruptoraceae.g__.s__.ASV_13671","season","September",1.06040971877114,0.620596935371858,0.101580028259907,"seasonSeptember",0.202191089636571,24,11,"","maaslin2"
"630","All","k__Bacteria.p__Bacteroidota.c__Bacteroidia.o__Chitinophagales.f__Saprospiraceae.g__Lewinella.s__.ASV_12600","season","September",-1.21769536817036,0.713696494443075,0.102053777045182,"seasonSeptember",0.202490220064291,24,9,"","maaslin2"
"631","All","k__Bacteria.p__Pseudomonadota.c__Alphaproteobacteria.o__Caulobacterales.f__Caulobacteraceae.g__.s__.ASV_2105","season","September",-1.19438783235691,0.699709447764741,0.101903482529528,"seasonSeptember",0.202490220064291,24,5,"","maaslin2"
"632","All","k__Bacteria.p__Bacteroidota.c__Bacteroidia.o__Flavobacteriales.f__Flavobacteriaceae.g__Muricauda.s__.ASV_12437","season","September",-1.33680815863297,0.785352710748938,0.102813015771114,"seasonSeptember",0.203031381301948,24,5,"","maaslin2"
"633","All","k__Bacteria.p__Chloroflexota.c__Anaerolineae.o__Aggregatilineales.f__A4b.g__.s__.ASV_4050","season","September",-1.00543818224702,0.59043048141325,0.102677227354413,"seasonSeptember",0.203031381301948,24,6,"","maaslin2"
"634","All","k__Bacteria.p__Pseudomonadota.c__Alphaproteobacteria.o__Rhodobacterales.f__Paracoccaceae.g__.s__.ASV_1545","season","September",-0.56191270599844,0.330035946134061,0.102736067984695,"seasonSeptember",0.203031381301948,24,3,"","maaslin2"
"635","All","k__Bacteria.p__Verrucomicrobiota.c__Verrucomicrobiia.o__Verrucomicrobiales.f__Rubritaleaceae.g__Roseibacillus.s__.ASV_3198","season","September",-0.656084356176963,0.385979256516107,0.103267139554458,"seasonSeptember",0.203607021609735,24,3,"","maaslin2"
"636","All","k__Bacteria.p__Pseudomonadota.c__Alphaproteobacteria.o__Rhodobacterales.f__Paracoccaceae.g__Palleronia.Pseudomaribius.s__.ASV_9313","season","September",0.650871638610327,0.383159799332639,0.103476648124823,"seasonSeptember",0.203699313604211,24,3,"","maaslin2"
"637","All","k__Bacteria.p__Actinomycetota.c__Actinobacteria.o__Micrococcales.f__Intrasporangiaceae.g__Serinicoccus.s__.ASV_15687","season","September",0.919006447905245,0.541509294416306,0.10377808196897,"seasonSeptember",0.203971991562245,24,4,"","maaslin2"
"638","All","k__Bacteria.p__Pseudomonadota.c__Alphaproteobacteria.o__Rhodobacterales.f__Paracoccaceae.g__Limibaculum.s__.ASV_5904","season","September",1.02103397645733,0.602328774957471,0.104157480195658,"seasonSeptember",0.204396810666088,24,11,"","maaslin2"
"639","All","k__Bacteria.p__Actinomycetota.c__Acidimicrobiia.o__Microtrichales.f__Ilumatobacteraceae.g__Ilumatobacter.s__.ASV_2967","season","September",-0.814452316076705,0.481679980701427,0.104984324738298,"seasonSeptember",0.205528249980798,24,4,"","maaslin2"
"640","All","k__Bacteria.p__Bacteroidota.c__Bacteroidia.o__Cytophagales.f__Cyclobacteriaceae.g__Tunicatimonas.s__.ASV_13852","season","September",-1.16615662006393,0.689995659071562,0.105132489817374,"seasonSeptember",0.205528249980798,24,8,"","maaslin2"
"641","All","k__Bacteria.p__Thermodesulfobacteriota.c__Desulfobulbia.o__Desulfobulbales.f__Desulfocapsaceae.g__Desulfopila.s__.ASV_1368","season","September",-0.678242194508045,0.401419940744329,0.105226524151511,"seasonSeptember",0.205528249980798,24,3,"","maaslin2"
"642","All","k__Bacteria.p__Pseudomonadota.c__Alphaproteobacteria.o__Sphingomonadales.f__Sphingomonadaceae.g__.s__.ASV_7186","season","September",-0.498183088638969,0.295208995233002,0.105624136197301,"seasonSeptember",0.2059835179424,24,3,"","maaslin2"
"643","All","k__Bacteria.p__Bacteroidota.c__Bacteroidia.o__Chitinophagales.f__Saprospiraceae.g__Lewinella.s__.ASV_6532","season","September",-0.744771048857363,0.442539036788877,0.106524413274794,"seasonSeptember",0.207105717347279,24,3,"","maaslin2"
"644","All","k__Bacteria.p__Bacillota.c__Bacilli.o__Bacillales.f__Bacillaceae.g__.s__.ASV_12228","season","September",0.595423649897121,0.353804039096633,0.106530416910262,"seasonSeptember",0.207105717347279,24,3,"","maaslin2"
"645","All","k__Bacteria.p__Rhodothermota.c__Rhodothermia.o__Rhodothermales.f__Rhodothermaceae.g__Rubrivirga.s__.ASV_9042","season","September",0.614974207404161,0.365697914824324,0.106780317832047,"seasonSeptember",0.207269702210423,24,3,"","maaslin2"
"646","All","k__Bacteria.p__Bacteroidota.c__Bacteroidia.o__Flavobacteriales.f__Flavobacteriaceae.g__Muricauda.s__.ASV_4268","season","September",-0.631542023822456,0.375842035169531,0.107037100902092,"seasonSeptember",0.2074465175378,24,3,"","maaslin2"
"647","All","k__Bacteria.p__Pseudomonadota.c__Gammaproteobacteria.o__Steroidobacterales.f__Woeseiaceae.g__Woeseia.s__.ASV_14750","season","September",-0.661860985676328,0.39447411897201,0.107531493956767,"seasonSeptember",0.208082581814331,24,3,"","maaslin2"
"648","All","k__Bacteria.p__Pseudomonadota.c__Alphaproteobacteria.o__Sphingomonadales.f__Sphingomonadaceae.g__Qipengyuania.s__.ASV_11943","season","September",-1.08159091958274,0.645194242063816,0.107818411274204,"seasonSeptember",0.208315819313739,24,4,"","maaslin2"
"649","All","k__Bacteria.p__Pseudomonadota.c__Gammaproteobacteria.o__Ectothiorhodospirales.f__Thioalkalispiraceae.g__Thiohalophilus.s__.ASV_1620","season","September",-0.764247051372013,0.456398910611543,0.108188129498199,"seasonSeptember",0.208386981741147,24,3,"","maaslin2"
"650","All","k__Bacteria.p__Pseudomonadota.c__Alphaproteobacteria.o__Rhodobacterales.f__Paracoccaceae.g__.s__.ASV_13876","season","September",-0.67256655728052,0.401569420340307,0.108122714401509,"seasonSeptember",0.208386981741147,24,7,"","maaslin2"
"651","All","k__Bacteria.p__Bacteroidota.c__Bacteroidia.o__Cytophagales.f__Cyclobacteriaceae.g__.s__.ASV_8340","season","September",-1.11248148041735,0.665547967998617,0.108782846643691,"seasonSeptember",0.209210635941476,24,4,"","maaslin2"
"652","All","k__Bacteria.p__Pseudomonadota.c__Alphaproteobacteria.o__Rhodobacterales.f__Paracoccaceae.g__Limibaculum.s__.ASV_14872","season","September",0.788940900304823,0.472674887838744,0.109268220346538,"seasonSeptember",0.209281954134241,24,23,"","maaslin2"
"653","All","k__Bacteria.p__Pseudomonadota.c__Alphaproteobacteria.o__Hyphomicrobiales.f__C2U.g__.s__.ASV_11061","season","September",0.484317802197528,0.290213490474664,0.109321404156384,"seasonSeptember",0.209281954134241,24,3,"","maaslin2"
"654","All","k__Bacteria.p__Planctomycetota.c__Planctomycetes.o__Pirellulales.f__Pirellulaceae.g__Rhodopirellula.s__.ASV_14365","season","September",-0.740286644871044,0.443406102270034,0.109178739903256,"seasonSeptember",0.209281954134241,24,4,"","maaslin2"
"655","All","k__Bacteria.p__Pseudomonadota.c__Alphaproteobacteria.o__Sphingomonadales.f__Sphingomonadaceae.g__Pacificimonas.s__.ASV_12382","season","September",0.916236910932431,0.550682784975515,0.11032945437207,"seasonSeptember",0.209609221356346,24,18,"","maaslin2"
"656","All","k__Bacteria.p__Actinomycetota.c__Thermoleophilia.o__Solirubrobacterales.f__Solirubrobacteraceae.g__Patulibacter.s__.ASV_9925","season","September",1.2334779587459,0.740009722005397,0.109721155947201,"seasonSeptember",0.209609221356346,24,6,"","maaslin2"
"657","All","k__Bacteria.p__Chloroflexota.c__Anaerolineae.o__Caldilineales.f__Caldilineaceae.g__.s__.ASV_1530","season","September",0.76490496632423,0.459310885148561,0.110024611371946,"seasonSeptember",0.209609221356346,24,5,"","maaslin2"
"658","All","k__Bacteria.p__Pseudomonadota.c__Alphaproteobacteria.o__Sphingomonadales.f__Sphingomonadaceae.g__.s__.ASV_9836","season","September",-0.458845247669369,0.275441121667747,0.109919056579296,"seasonSeptember",0.209609221356346,24,3,"","maaslin2"
"659","All","k__Bacteria.p__Actinomycetota.c__Actinobacteria.o__Euzebyales.f__Euzebyaceae.g__.s__.ASV_9470","season","September",0.511875821258466,0.307632490019002,0.110309245964794,"seasonSeptember",0.209609221356346,24,3,"","maaslin2"
"660","All","k__Bacteria.p__Rhodothermota.c__Rhodothermia.o__Rhodothermales.f__Rhodothermaceae.g__.s__.ASV_12493","season","September",1.05367224369754,0.633901519984381,0.110656478542184,"seasonSeptember",0.209911986567901,24,6,"","maaslin2"
"661","All","k__Bacteria.p__Pseudomonadota.c__Alphaproteobacteria.o__Rhodobacterales.f__Paracoccaceae.g__Defluviimonas.s__.ASV_15547","season","September",-0.386427168510972,0.232910522812561,0.111281050080687,"seasonSeptember",0.210010134802172,24,3,"","maaslin2"
"662","All","k__Bacteria.p__Thermodesulfobacteriota.c__Desulfobacteria.o__Desulfatiglandales.f__Desulfatiglandaceae.g__Desulfatiglans.s__.ASV_11755","season","September",-0.705645517285682,0.425647510143243,0.111546916648118,"seasonSeptember",0.210010134802172,24,4,"","maaslin2"
"663","All","k__Bacteria.p__Cyanobacteriota.c__Cyanobacteriia.o__Synechococcales.f__Cyanobiaceae.g__.s__.ASV_1949","season","September",-0.724501657087416,0.436831063513164,0.111399677814603,"seasonSeptember",0.210010134802172,24,7,"","maaslin2"
"664","All","k__Bacteria.p__Acidobacteriota.c__Thermoanaerobaculia.o__Thermoanaerobaculales.f__Thermoanaerobaculaceae.g__Subgroup_10.s__.ASV_7687","season","September",-0.839057218725998,0.505327518632421,0.11101703514724,"seasonSeptember",0.210010134802172,24,3,"","maaslin2"
"665","All","k__Bacteria.p__Pseudomonadota.c__Gammaproteobacteria.o__Enterobacterales.f__Alteromonadaceae.g__.s__.ASV_6570","season","September",-0.699583543405355,0.421961632467372,0.111523483454224,"seasonSeptember",0.210010134802172,24,3,"","maaslin2"
"666","All","k__Bacteria.p__Bacteroidota.c__Bacteroidia.o__Flavobacteriales.f__Flavobacteriaceae.g__Robiginitalea.s__.ASV_14687","season","September",-0.93904449752149,0.567066890120708,0.111924144073988,"seasonSeptember",0.210088498321789,24,6,"","maaslin2"
"667","All","k__Bacteria.p__Pseudomonadota.c__Alphaproteobacteria.o__Rhodobacterales.f__Paracoccaceae.g__.s__.ASV_16062","season","September",-0.555990523398333,0.335593980449342,0.111767334034106,"seasonSeptember",0.210088498321789,24,3,"","maaslin2"
"668","All","k__Bacteria.p__Pseudomonadota.c__Alphaproteobacteria.o__Rhodobacterales.f__Paracoccaceae.g__.s__.ASV_5270","season","September",0.917883674907383,0.555423040823114,0.112617171893922,"seasonSeptember",0.210252345377388,24,17,"","maaslin2"
"669","All","k__Bacteria.p__Bacteroidota.c__Bacteroidia.o__Chitinophagales.f__Saprospiraceae.g__Lewinella.s__.ASV_12603","season","September",-0.726518152093632,0.439710809727249,0.112683165933089,"seasonSeptember",0.210252345377388,24,4,"","maaslin2"
"670","All","k__Bacteria.p__Bacteroidota.c__Bacteroidia.o__Bacteroidales.f__Bacteroidetes_BD2.2.g__.s__.ASV_10532","season","September",-0.398720390154922,0.241107266969861,0.112387208563182,"seasonSeptember",0.210252345377388,24,3,"","maaslin2"
"671","All","k__Bacteria.p__Rhodothermota.c__Rhodothermia.o__Rhodothermales.f__Rhodothermaceae.g__.s__.ASV_2717","season","September",0.716543446967045,0.433392178354847,0.112462708106976,"seasonSeptember",0.210252345377388,24,5,"","maaslin2"
"672","All","k__Bacteria.p__Thermodesulfobacteriota.c__Desulfobulbia.o__Desulfobulbales.f__Desulfobulbaceae.g__Candidatus_Electrothrix.s__.ASV_11661","season","September",-0.578195290660694,0.350573903822201,0.113297223876919,"seasonSeptember",0.210467911676227,24,3,"","maaslin2"
"673","All","k__Bacteria.p__Actinomycetota.c__Actinobacteria.o__Euzebyales.f__Euzebyaceae.g__.s__.ASV_10669","season","September",0.894729288972185,0.542033598161402,0.113006970700646,"seasonSeptember",0.210467911676227,24,4,"","maaslin2"
"674","All","k__Bacteria.p__Pseudomonadota.c__Alphaproteobacteria.o__Rhodospirillales.f__Thalassospiraceae.g__Thalassospira.s__.ASV_11925","season","September",-1.18286112837438,0.718089739961591,0.11372090766259,"seasonSeptember",0.210467911676227,24,14,"","maaslin2"
"675","All","k__Bacteria.p__Pseudomonadota.c__Gammaproteobacteria.o__Steroidobacterales.f__Woeseiaceae.g__Woeseia.s__.ASV_55","season","September",-0.829149624608279,0.503291416486546,0.113675084204994,"seasonSeptember",0.210467911676227,24,4,"","maaslin2"
"676","All","k__Bacteria.p__Chloroflexota.c__Anaerolineae.o__Anaerolineales.f__Anaerolineaceae.g__ADurb.Bin120.s__.ASV_3163","season","September",-0.447826270008389,0.271724185290155,0.11354328376271,"seasonSeptember",0.210467911676227,24,3,"","maaslin2"
"677","All","k__Bacteria.p__Bacteroidota.c__Bacteroidia.o__Chitinophagales.f__Saprospiraceae.g__.s__.ASV_11215","season","September",-0.692604714097419,0.420572053906189,0.113807329237065,"seasonSeptember",0.210467911676227,24,4,"","maaslin2"
"678","All","k__Bacteria.p__Cyanobacteriota.c__Cyanobacteriia.o__Synechococcales.f__Cyanobiaceae.g__Synechococcus_MBIC10613.s__.ASV_3584","season","September",-1.0882945357078,0.661373326352317,0.114078782115782,"seasonSeptember",0.210518184535872,24,9,"","maaslin2"
"679","All","k__Bacteria.p__Thermodesulfobacteriota.c__Desulfobacteria.o__Desulfobacterales.f__Desulfatirhabdiaceae.g__.s__.ASV_13954","season","September",0.768024009920224,0.466865704172851,0.114170804552601,"seasonSeptember",0.210518184535872,24,5,"","maaslin2"
"680","All","k__Bacteria.p__Chloroflexota.c__Anaerolineae.o__Aggregatilineales.f__A4b.g__.s__.ASV_9233","season","September",0.776985620397767,0.472859128614429,0.114565940830856,"seasonSeptember",0.210936114588577,24,4,"","maaslin2"
"681","All","k__Bacteria.p__Bacteroidota.c__Bacteroidia.o__Cytophagales.f__Cyclobacteriaceae.g__Marinoscillum.s__.ASV_7402","season","September",0.991200196854831,0.603917741795675,0.114958602801872,"seasonSeptember",0.211348268293603,24,13,"","maaslin2"
"682","All","k__Bacteria.p__Cyanobacteriota.c__Cyanobacteriia.o__Phormidesmiales.f__Nodosilineaceae.g__.s__.ASV_398","season","September",-0.582606184939877,0.355343837228699,0.115320044283236,"seasonSeptember",0.211701899475969,24,5,"","maaslin2"
"683","All","k__Bacteria.p__Pseudomonadota.c__Alphaproteobacteria.o__Rhodobacterales.f__Paracoccaceae.g__.s__.ASV_12846","season","September",-1.03081687387408,0.629941365287217,0.115989370394566,"seasonSeptember",0.211889272192168,24,9,"","maaslin2"
"684","All","k__Bacteria.p__Pseudomonadota.c__Alphaproteobacteria.o__Sphingomonadales.f__Sphingomonadaceae.g__Qipengyuania.s__.ASV_6837","season","September",-0.614187678936195,0.375455055075943,0.116099074060565,"seasonSeptember",0.211889272192168,24,5,"","maaslin2"
"685","All","k__Bacteria.p__Thermodesulfobacteriota.c__Desulfobacteria.o__Desulfobacterales.f__Desulfosarcinaceae.g__.s__.ASV_12847","season","September",-0.406415098027205,0.248222718755657,0.115793567239934,"seasonSeptember",0.211889272192168,24,3,"","maaslin2"
"686","All","k__Bacteria.p__Cyanobacteriota.c__Cyanobacteriia.o__Phormidesmiales.f__Phormidesmiaceae.g__Phormidesmis_ANT.LACV5.1.s__.ASV_457","season","September",-0.677392437761484,0.413536140581511,0.115636222766286,"seasonSeptember",0.211889272192168,24,5,"","maaslin2"
"687","All","k__Bacteria.p__Pseudomonadota.c__Alphaproteobacteria.o__Rhodobacterales.f__Paracoccaceae.g__Limibaculum.s__.ASV_361","season","September",1.28181324754022,0.788205130553143,0.118138029639116,"seasonSeptember",0.212714055832441,24,11,"","maaslin2"
"688","All","k__Bacteria.p__Bacteroidota.c__Bacteroidia.o__Flavobacteriales.f__Flavobacteriaceae.g__Robiginitalea.s__.ASV_1957","season","September",-0.772308802628455,0.47398537868774,0.117465988595435,"seasonSeptember",0.212714055832441,24,5,"","maaslin2"
"689","All","k__Bacteria.p__Bacteroidota.c__Bacteroidia.o__Chitinophagales.f__Saprospiraceae.g__Lewinella.s__.ASV_14052","season","September",0.930773339996119,0.571220006231622,0.11745442351526,"seasonSeptember",0.212714055832441,24,8,"","maaslin2"
"690","All","k__Bacteria.p__Pseudomonadota.c__Alphaproteobacteria.o__Rhodobacterales.f__Paracoccaceae.g__Jannaschia.s__.ASV_11098","season","September",-0.977873052906548,0.601208857654373,0.118080700634717,"seasonSeptember",0.212714055832441,24,8,"","maaslin2"
"691","All","k__Bacteria.p__Pseudomonadota.c__Gammaproteobacteria.o__Pseudomonadales.f__Pseudohongiellaceae.g__Pseudohongiella.s__.ASV_13196","season","September",-0.909192641286068,0.558785267418751,0.117957573749907,"seasonSeptember",0.212714055832441,24,7,"","maaslin2"
"692","All","k__Bacteria.p__Pseudomonadota.c__Alphaproteobacteria.o__Sphingomonadales.f__Sphingomonadaceae.g__Sphingomicrobium.s__.ASV_14557","season","September",-0.512750162565195,0.314477871819209,0.117234827904087,"seasonSeptember",0.212714055832441,24,7,"","maaslin2"
"693","All","k__Bacteria.p__Actinomycetota.c__Acidimicrobiia.o__Microtrichales.f__Microtrichaceae.g__.s__.ASV_12371","season","September",-0.714452082174311,0.438911943871097,0.117809814817689,"seasonSeptember",0.212714055832441,24,4,"","maaslin2"
"694","All","k__Bacteria.p__Actinomycetota.c__Acidimicrobiia.o__Microtrichales.f__Microtrichaceae.g__.s__.ASV_12814","season","September",-1.07752977824806,0.662697444097485,0.118195294903551,"seasonSeptember",0.212714055832441,24,6,"","maaslin2"
"695","All","k__Bacteria.p__Pseudomonadota.c__Gammaproteobacteria.o__Enterobacterales.f__Alteromonadaceae.g__.s__.ASV_5959","season","September",-0.559130718819805,0.343802725465797,0.118123185868624,"seasonSeptember",0.212714055832441,24,3,"","maaslin2"
"696","All","k__Bacteria.p__Rhodothermota.c__Rhodothermia.o__Rhodothermales.f__Rhodothermaceae.g__Rubrivirga.s__.ASV_13113","season","September",0.532711169110138,0.327677106203474,0.118249986309408,"seasonSeptember",0.212714055832441,24,3,"","maaslin2"
"697","All","k__Bacteria.p__Pseudomonadota.c__Gammaproteobacteria.o__Thiomicrospirales.f__Thiomicrospiraceae.g__endosymbionts.s__.ASV_6391","season","September",-0.629418161668372,0.387844423840529,0.118862765185112,"seasonSeptember",0.21320369915725,24,3,"","maaslin2"
"698","All","k__Bacteria.p__Pseudomonadota.c__Alphaproteobacteria.o__Rhodobacterales.f__Paracoccaceae.g__Palleronia.Pseudomaribius.s__.ASV_6542","season","September",0.521464780856151,0.321221250877554,0.118751162630984,"seasonSeptember",0.21320369915725,24,3,"","maaslin2"
"699","All","k__Bacteria.p__Actinomycetota.c__Actinobacteria.o__Nitriliruptorales.f__Nitriliruptoraceae.g__.s__.ASV_9881","season","September",0.715028357036096,0.441131392185576,0.119285912028375,"seasonSeptember",0.213656597796175,24,9,"","maaslin2"
"700","All","k__Bacteria.p__Cyanobacteriota.c__Cyanobacteriia.o__Phormidesmiales.f__Phormidesmiaceae.g__Phormidium_MBIC10003.s__.ASV_13924","season","September",-0.686164052285209,0.423711398581947,0.119605915960018,"seasonSeptember",0.213923723974204,24,4,"","maaslin2"
"701","All","k__Bacteria.p__Pseudomonadota.c__Gammaproteobacteria.o__Pseudomonadales.f__Cellvibrionaceae.g__.s__.ASV_13000","season","September",-0.707831100817015,0.438817939209411,0.120989484320345,"seasonSeptember",0.216089635333912,24,4,"","maaslin2"
"702","All","k__Bacteria.p__Pseudomonadota.c__Gammaproteobacteria.o__Enterobacterales.f__Vibrionaceae.g__Vibrio.s__.ASV_10429","season","September",0.714924006087364,0.443691717888525,0.121367900084448,"seasonSeptember",0.216456710691922,24,3,"","maaslin2"
"703","All","k__Bacteria.p__Bacteroidota.c__Bacteroidia.o__Flavobacteriales.f__Flavobacteriaceae.g__Maritimimonas.s__.ASV_8338","season","September",-0.997159157833717,0.620159416377942,0.122113451509713,"seasonSeptember",0.217476587894965,24,3,"","maaslin2"
"704","All","k__Bacteria.p__Pseudomonadota.c__Gammaproteobacteria.o__Pseudomonadales.f__Alcanivoracaceae.g__Ketobacter.s__.ASV_7134","season","September",-0.827183961545797,0.515194270920131,0.122626773745024,"seasonSeptember",0.21777123507627,24,6,"","maaslin2"
"705","All","k__Bacteria.p__Pseudomonadota.c__Alphaproteobacteria.o__Rhodobacterales.f__Paracoccaceae.g__.s__.ASV_15974","season","September",-0.546438823127567,0.340299586751639,0.122586777693309,"seasonSeptember",0.21777123507627,24,3,"","maaslin2"
"706","All","k__Bacteria.p__Actinomycetota.c__Acidimicrobiia.o__Microtrichales.f__Ilumatobacteraceae.g__Ilumatobacter.s__.ASV_9109","season","September",-1.00758913799551,0.629209989360104,0.12356085838112,"seasonSeptember",0.218343994463515,24,10,"","maaslin2"
"707","All","k__Bacteria.p__Calditrichota.c__Calditrichia.o__Calditrichales.f__Calditrichaceae.g__Caldithrix.s__.ASV_13974","season","September",-0.860959356737884,0.537358514939721,0.123372125195972,"seasonSeptember",0.218343994463515,24,7,"","maaslin2"
"708","All","k__Bacteria.p__Pseudomonadota.c__Alphaproteobacteria.o__Rhodobacterales.f__Paracoccaceae.g__Silicimonas.s__.ASV_9670","season","September",-0.588317595345303,0.3674760469711,0.12364687865386,"seasonSeptember",0.218343994463515,24,4,"","maaslin2"
"709","All","k__Bacteria.p__Verrucomicrobiota.c__Verrucomicrobiia.o__Verrucomicrobiales.f__Rubritaleaceae.g__Roseibacillus.s__.ASV_13004","season","September",-0.598981418690594,0.3740081685924,0.123524520574501,"seasonSeptember",0.218343994463515,24,3,"","maaslin2"
"710","All","k__Bacteria.p__Acidobacteriota.c__Thermoanaerobaculia.o__Thermoanaerobaculales.f__Thermoanaerobaculaceae.g__Subgroup_10.s__.ASV_11724","season","September",-0.534732920969474,0.334670911477338,0.124355230559063,"seasonSeptember",0.219285561492884,24,3,"","maaslin2"
"711","All","k__Bacteria.p__Bacteroidota.c__Bacteroidia.o__Chitinophagales.f__Saprospiraceae.g__Lewinella.s__.ASV_10138","season","September",-0.510616950034027,0.320923692119052,0.125858594394843,"seasonSeptember",0.22162441657151,24,3,"","maaslin2"
"712","All","k__Bacteria.p__Pseudomonadota.c__Gammaproteobacteria.o__Steroidobacterales.f__Woeseiaceae.g__Woeseia.s__.ASV_6320","season","September",-0.875976624603633,0.551359224938484,0.12638405677758,"seasonSeptember",0.222237133547093,24,10,"","maaslin2"
"713","All","k__Bacteria.p__Bacteroidota.c__Bacteroidia.o__Cytophagales.f__Cyclobacteriaceae.g__Tunicatimonas.s__.ASV_7636","season","September",-0.87644930054453,0.553500123098317,0.127585778859159,"seasonSeptember",0.224035617295466,24,11,"","maaslin2"
"714","All","k__Bacteria.p__Pseudomonadota.c__Gammaproteobacteria.o__Chromatiales.f__Chromatiaceae.g__Thiohalocapsa.s__.ASV_3220","season","September",-1.19891597432274,0.758106507277036,0.128043871035859,"seasonSeptember",0.224211086065588,24,9,"","maaslin2"
"715","All","k__Bacteria.p__Cyanobacteriota.c__Cyanobacteriia.o__Cyanobacteriales.f__Xenococcaceae.g__Pleurocapsa_PCC.7319.s__.ASV_696","season","September",1.07707617677093,0.680766451552512,0.127885897911234,"seasonSeptember",0.224211086065588,24,10,"","maaslin2"
"716","All","k__Bacteria.p__Pseudomonadota.c__Alphaproteobacteria.o__Rhodobacterales.f__Paracoccaceae.g__.s__.ASV_280","season","September",0.600785451712737,0.380818818896348,0.128925979719562,"seasonSeptember",0.225440400291748,24,10,"","maaslin2"
"717","All","k__Bacteria.p__Thermodesulfobacteriota.c__Desulfobulbia.o__Desulfobulbales.f__Desulfobulbaceae.g__.s__.ASV_9756","season","September",-1.13331217788454,0.721773416328832,0.13064609694357,"seasonSeptember",0.227568368253685,24,10,"","maaslin2"
"718","All","k__Bacteria.p__Pseudomonadota.c__Alphaproteobacteria.o__Sphingomonadales.f__Sphingomonadaceae.g__.s__.ASV_6085","season","September",-0.760271159453766,0.484289859924138,0.13071801825325,"seasonSeptember",0.227568368253685,24,8,"","maaslin2"
"719","All","k__Bacteria.p__Bacteroidota.c__Bacteroidia.o__Chitinophagales.f__Saprospiraceae.g__Lewinella.s__.ASV_12193","season","September",-0.488236336439145,0.311134102932791,0.130869988133109,"seasonSeptember",0.227568368253685,24,4,"","maaslin2"
"720","All","k__Bacteria.p__Bacteroidota.c__Bacteroidia.o__Flavobacteriales.f__Flavobacteriaceae.g__Mesoflavibacter.s__.ASV_209","season","September",-0.485860556976363,0.309339250410776,0.130538550239626,"seasonSeptember",0.227568368253685,24,4,"","maaslin2"
"721","All","k__Bacteria.p__Actinomycetota.c__Actinobacteria.o__Nitriliruptorales.f__Nitriliruptoraceae.g__.s__.ASV_15496","season","September",0.571679741851172,0.365030234354054,0.131593309356902,"seasonSeptember",0.228508770200889,24,5,"","maaslin2"
"722","All","k__Bacteria.p__Rhodothermota.c__Rhodothermia.o__Rhodothermales.f__Rhodothermaceae.g__.s__.ASV_5525","season","September",-0.55854031233372,0.357412825069828,0.132387067984353,"seasonSeptember",0.229568710687549,24,7,"","maaslin2"
"723","All","k__Bacteria.p__Cyanobacteriota.c__Cyanobacteriia.o__Phormidesmiales.f__Phormidesmiaceae.g__Acrophormium_PCC.7375.s__.ASV_5093","season","September",-0.507795213787019,0.325711319941916,0.133258629850161,"seasonSeptember",0.23067993585888,24,3,"","maaslin2"
"724","All","k__Bacteria.p__Bacteroidota.c__Bacteroidia.o__Cytophagales.f__Cyclobacteriaceae.g__Fulvivirga.s__.ASV_2867","season","September",0.577242914621642,0.370429878380971,0.133431072068503,"seasonSeptember",0.23067993585888,24,6,"","maaslin2"
"725","All","k__Bacteria.p__Acidobacteriota.c__Blastocatellia.o__Blastocatellales.f__Blastocatellaceae.g__Blastocatella.s__.ASV_6534","season","September",-0.755696319591911,0.485144151572124,0.133580633784096,"seasonSeptember",0.23067993585888,24,6,"","maaslin2"
"726","All","k__Bacteria.p__Rhodothermota.c__Rhodothermia.o__Rhodothermales.f__Rhodothermaceae.g__.s__.ASV_5330","season","September",1.02818412195255,0.66119583180648,0.134206341456381,"seasonSeptember",0.231441238985384,24,9,"","maaslin2"
"727","All","k__Bacteria.p__Bacteroidota.c__Bacteroidia.o__Chitinophagales.f__Saprospiraceae.g__.s__.ASV_9393","season","September",-0.77911272383638,0.502451559104931,0.135259448628966,"seasonSeptember",0.232936491999265,24,4,"","maaslin2"
"728","All","k__Bacteria.p__Bacteroidota.c__Bacteroidia.o__Cytophagales.f__Cyclobacteriaceae.g__Marinoscillum.s__.ASV_227","season","September",0.507658935093091,0.328135410375792,0.136104167408088,"seasonSeptember",0.234069254938085,24,4,"","maaslin2"
"729","All","k__Bacteria.p__Pseudomonadota.c__Alphaproteobacteria.o__Hyphomicrobiales.f__Rhodomicrobiaceae.g__Rhodomicrobium.s__.ASV_14279","season","September",-1.07511675331819,0.697641871049339,0.137560941288981,"seasonSeptember",0.235926436292882,24,10,"","maaslin2"
"730","All","k__Bacteria.p__Pseudomonadota.c__Gammaproteobacteria.o__Chromatiales.f__Chromatiaceae.g__Thiophaeococcus.s__.ASV_12705","season","September",-0.60314136999188,0.391355346142249,0.137539624240998,"seasonSeptember",0.235926436292882,24,3,"","maaslin2"
"731","All","k__Bacteria.p__Bacteroidota.c__Bacteroidia.o__Flavobacteriales.f__Flavobacteriaceae.g__Marinirhabdus.s__.ASV_13913","season","September",-0.561188436992577,0.365200092871053,0.138635157865504,"seasonSeptember",0.237443526193722,24,4,"","maaslin2"
"732","All","k__Bacteria.p__Pseudomonadota.c__Gammaproteobacteria.o__Chromatiales.f__Chromatiaceae.g__Thiophaeococcus.s__.ASV_12238","season","September",-0.912759334878055,0.595447560888348,0.139556949474905,"seasonSeptember",0.238643151655616,24,3,"","maaslin2"
"733","All","k__Bacteria.p__Bacteroidota.c__Bacteroidia.o__Flavobacteriales.f__Flavobacteriaceae.g__Robiginitalea.s__.ASV_15981","season","September",-0.757440950667864,0.494616795064418,0.139932351085943,"seasonSeptember",0.238643151655616,24,4,"","maaslin2"
"734","All","k__Bacteria.p__Actinomycetota.c__Actinobacteria.o__Propionibacteriales.f__Nocardioidaceae.g__Nocardioides.s__.ASV_2050","season","September",-0.498609011653513,0.325739966612793,0.140098016347346,"seasonSeptember",0.238643151655616,24,5,"","maaslin2"
"735","All","k__Bacteria.p__Pseudomonadota.c__Alphaproteobacteria.o__Hyphomicrobiales.f__Hyphomicrobiaceae.g__Filomicrobium.s__.ASV_130","season","September",0.842795060730308,0.550075666716665,0.139741813256293,"seasonSeptember",0.238643151655616,24,9,"","maaslin2"
"736","All","k__Bacteria.p__Bacteroidota.c__Bacteroidia.o__Flavobacteriales.f__Flavobacteriaceae.g__Hoppeia.s__.ASV_8218","season","September",-0.931614783861807,0.610665708806829,0.141365016325446,"seasonSeptember",0.240163222789028,24,4,"","maaslin2"
"737","All","k__Bacteria.p__Bacteroidota.c__Bacteroidia.o__Cytophagales.f__Cyclobacteriaceae.g__Marinoscillum.s__.ASV_9611","season","September",-0.865957621754119,0.567929077440346,0.141565861356472,"seasonSeptember",0.240163222789028,24,16,"","maaslin2"
"738","All","k__Bacteria.p__Thermodesulfobacteriota.c__Desulfobacteria.o__Desulfobacterales.f__Desulfosarcinaceae.g__SEEP.SRB1.s__.ASV_7773","season","September",-0.643594443722302,0.42199089490507,0.141472818898886,"seasonSeptember",0.240163222789028,24,8,"","maaslin2"
"739","All","k__Bacteria.p__Pseudomonadota.c__Alphaproteobacteria.o__Rhodobacterales.f__Paracoccaceae.g__Palleronia.Pseudomaribius.s__.ASV_9319","season","September",1.19991988183534,0.787633602098384,0.14189274831587,"seasonSeptember",0.240392044508077,24,5,"","maaslin2"
"740","All","k__Bacteria.p__Bacteroidota.c__Bacteroidia.o__Chitinophagales.f__Saprospiraceae.g__.s__.ASV_8386","season","September",-0.537427719950777,0.352999884768874,0.142139553589996,"seasonSeptember",0.240484758236047,24,4,"","maaslin2"
"741","All","k__Bacteria.p__Myxococcota.c__Polyangiia.o__Polyangiales.f__Sandaracinaceae.g__.s__.ASV_14312","season","September",-0.772678054219384,0.508689049224586,0.143014089535032,"seasonSeptember",0.240663494755188,24,6,"","maaslin2"
"742","All","k__Bacteria.p__Actinomycetota.c__Acidimicrobiia.o__Microtrichales.f__Ilumatobacteraceae.g__Ilumatobacter.s__.ASV_12667","season","September",0.828465383812732,0.544919179113066,0.142667174908065,"seasonSeptember",0.240663494755188,24,15,"","maaslin2"
"743","All","k__Bacteria.p__Actinomycetota.c__Actinobacteria.o__Mycobacteriales.f__Mycobacteriaceae.g__Mycobacterium.s__.ASV_13526","season","September",0.922291650906338,0.606966419586045,0.14287616328559,"seasonSeptember",0.240663494755188,24,3,"","maaslin2"
"744","All","k__Bacteria.p__Chloroflexota.c__Anaerolineae.o__Aggregatilineales.f__A4b.g__.s__.ASV_12727","season","September",0.527839604710085,0.347312157487086,0.14280751797018,"seasonSeptember",0.240663494755188,24,4,"","maaslin2"
"745","All","k__Bacteria.p__Bacteroidota.c__Bacteroidia.o__Bacteroidales.f__Prolixibacteraceae.g__Draconibacterium.s__.ASV_11583","season","September",-1.46303148536999,0.964309898843454,0.143460576734031,"seasonSeptember",0.241090794726183,24,10,"","maaslin2"
"746","All","k__Bacteria.p__Pseudomonadota.c__Gammaproteobacteria.o__Enterobacterales.f__Alteromonadaceae.g__Alteromonas.s__.ASV_3498","season","September",-0.659485662572894,0.435097010188959,0.143827413819395,"seasonSeptember",0.241383273595016,24,4,"","maaslin2"
"747","All","k__Bacteria.p__Planctomycetota.c__Planctomycetes.o__Pirellulales.f__Pirellulaceae.g__Rhodopirellula.s__.ASV_14101","season","September",-0.684525425195881,0.452596252272743,0.144654845650121,"seasonSeptember",0.241477155671935,24,6,"","maaslin2"
"748","All","k__Bacteria.p__Actinomycetota.c__Actinobacteria.o__Nitriliruptorales.f__Nitriliruptoraceae.g__.s__.ASV_7640","season","September",0.930787540843139,0.615245649202454,0.144546194068617,"seasonSeptember",0.241477155671935,24,9,"","maaslin2"
"749","All","k__Bacteria.p__Planctomycetota.c__Planctomycetes.o__Pirellulales.f__Pirellulaceae.g__Rubripirellula.s__.ASV_7879","season","September",-0.804985311931614,0.531916019073969,0.144420418435785,"seasonSeptember",0.241477155671935,24,8,"","maaslin2"
"750","All","k__Bacteria.p__Pseudomonadota.c__Gammaproteobacteria.o__Enterobacterales.f__Vibrionaceae.g__Vibrio.s__.ASV_6980","season","September",0.529407401339254,0.349561835580061,0.144137917408735,"seasonSeptember",0.241477155671935,24,4,"","maaslin2"
"751","All","k__Bacteria.p__Cyanobacteriota.c__Cyanobacteriia.o__Cyanobacteriales.f__Nostocaceae.g__Rivularia_PCC.7116.s__.ASV_4200","season","September",0.435763631313162,0.289075970081265,0.145925285922325,"seasonSeptember",0.243273579194076,24,4,"","maaslin2"
"752","All","k__Bacteria.p__Pseudomonadota.c__Alphaproteobacteria.o__Hyphomicrobiales.f__Devosiaceae.g__Pelagibacterium.s__.ASV_10161","season","September",1.07780093742026,0.721894126322906,0.149636041706182,"seasonSeptember",0.249128090712953,24,14,"","maaslin2"
"753","All","k__Bacteria.p__Rhodothermota.c__Rhodothermia.o__Rhodothermales.f__Rhodothermaceae.g__Rubrivirga.s__.ASV_11931","season","September",0.722646378947674,0.484823245159147,0.15028258953741,"seasonSeptember",0.249872247145866,24,11,"","maaslin2"
"754","All","k__Bacteria.p__Pseudomonadota.c__Gammaproteobacteria.o__Chromatiales.f__Chromatiaceae.g__Thiophaeococcus.s__.ASV_8593","season","September",-0.692968668817984,0.465439627305777,0.150723597403625,"seasonSeptember",0.250273135211324,24,3,"","maaslin2"
"755","All","k__Bacteria.p__Bacteroidota.c__Bacteroidia.o__Chitinophagales.f__Saprospiraceae.g__Lewinella.s__.ASV_203","season","September",-0.525900209078359,0.354707099014577,0.152356348632862,"seasonSeptember",0.252649203295819,24,3,"","maaslin2"
"756","All","k__Bacteria.p__Actinomycetota.c__Actinobacteria.o__Nitriliruptorales.f__Nitriliruptoraceae.g__.s__.ASV_13617","season","September",0.773722276784583,0.523104491639516,0.153291484153054,"seasonSeptember",0.253863674814317,24,8,"","maaslin2"
"757","All","k__Bacteria.p__Pseudomonadota.c__Alphaproteobacteria.o__Rhodobacterales.f__Paracoccaceae.g__.s__.ASV_11336","season","September",-0.893406812558064,0.606290934240611,0.154765123862812,"seasonSeptember",0.255965568132418,24,7,"","maaslin2"
"758","All","k__Bacteria.p__Chloroflexota.c__Anaerolineae.o__Ardenticatenales.f__Ardenticatenaceae.g__.s__.ASV_1204","season","September",-1.23197023896084,0.83786470710361,0.155620139771665,"seasonSeptember",0.257040125322064,24,10,"","maaslin2"
"759","All","k__Bacteria.p__Verrucomicrobiota.c__Verrucomicrobiia.o__Verrucomicrobiales.f__DEV007.g__.s__.ASV_15353","season","September",-0.505172914332621,0.344602642991352,0.156807926479751,"seasonSeptember",0.258660769371078,24,4,"","maaslin2"
"760","All","k__Bacteria.p__Pseudomonadota.c__Alphaproteobacteria.o__Rhodobacterales.f__Paracoccaceae.g__.s__.ASV_13252","season","September",-0.519985074805026,0.355651853816444,0.157863012109556,"seasonSeptember",0.260058541001532,24,3,"","maaslin2"
"761","All","k__Bacteria.p__Rhodothermota.c__Rhodothermia.o__Rhodothermales.f__Rhodothermaceae.g__Rubrivirga.s__.ASV_7459","season","September",0.62519215636848,0.428230139711207,0.158438970357608,"seasonSeptember",0.260664376987813,24,5,"","maaslin2"
"762","All","k__Bacteria.p__Bacteroidota.c__Bacteroidia.o__Flavobacteriales.f__Flavobacteriaceae.g__Marinirhabdus.s__.ASV_7919","season","September",-0.53436217048595,0.366338957757371,0.158790442902398,"seasonSeptember",0.260899782826512,24,3,"","maaslin2"
"763","All","k__Bacteria.p__Bacteroidota.c__Bacteroidia.o__Cytophagales.f__Cyclobacteriaceae.g__.s__.ASV_15372","season","September",-0.811785785494872,0.557310038007496,0.159348064675185,"seasonSeptember",0.261472840069898,24,7,"","maaslin2"
"764","All","k__Bacteria.p__Pseudomonadota.c__Gammaproteobacteria.o__Pseudomonadales.f__Marinobacteraceae.g__Marinobacter.s__.ASV_2824","season","September",0.3832607432444,0.263572968576832,0.160038013793961,"seasonSeptember",0.262261247735654,24,4,"","maaslin2"
"765","All","k__Bacteria.p__Pseudomonadota.c__Alphaproteobacteria.o__Rhodobacterales.f__Paracoccaceae.g__Palleronia.Pseudomaribius.s__.ASV_10722","season","September",0.396265082212613,0.272758184195977,0.160392555083094,"seasonSeptember",0.262328638719642,24,7,"","maaslin2"
"766","All","k__Bacteria.p__Pseudomonadota.c__Alphaproteobacteria.o__Rhodobacterales.f__Paracoccaceae.g__Jannaschia.s__.ASV_5258","season","September",-1.33792259256341,0.921165691163896,0.160498192699078,"seasonSeptember",0.262328638719642,24,5,"","maaslin2"
"767","All","k__Bacteria.p__Actinomycetota.c__Actinobacteria.o__Micrococcales.f__Intrasporangiaceae.g__.s__.ASV_3711","season","September",-0.914982758719256,0.630970805906803,0.161133440580683,"seasonSeptember",0.263023556202105,24,9,"","maaslin2"
"768","All","k__Bacteria.p__Bacteroidota.c__Bacteroidia.o__Flavobacteriales.f__Flavobacteriaceae.g__.s__.ASV_2932","season","September",-0.564220505755654,0.389459085069433,0.16151772177183,"seasonSeptember",0.263307536013452,24,4,"","maaslin2"
"769","All","k__Bacteria.p__Bacteroidota.c__Bacteroidia.o__Chitinophagales.f__Saprospiraceae.g__.s__.ASV_4360","season","September",-0.753269764607533,0.520515431540931,0.161951777917379,"seasonSeptember",0.263671815282911,24,6,"","maaslin2"
"770","All","k__Bacteria.p__Bacteroidota.c__Bacteroidia.o__Flavobacteriales.f__Cryomorphaceae.g__Cryomorpha.s__.ASV_1777","season","September",-0.957710497068522,0.662229446009474,0.162220855269735,"seasonSeptember",0.26376689713988,24,7,"","maaslin2"
"771","All","k__Bacteria.p__Bacteroidota.c__Bacteroidia.o__Flavobacteriales.f__Flavobacteriaceae.g__Marinirhabdus.s__.ASV_6484","season","September",-0.949347546154084,0.657181207418414,0.162670074498316,"seasonSeptember",0.264154258459003,24,8,"","maaslin2"
"772","All","k__Bacteria.p__Verrucomicrobiota.c__Verrucomicrobiia.o__Opitutales.f__Puniceicoccaceae.g__Lentimonas.s__.ASV_8380","season","September",-0.596419854047925,0.414402436630533,0.164163102496705,"seasonSeptember",0.266060391269092,24,3,"","maaslin2"
"773","All","k__Bacteria.p__Pseudomonadota.c__Alphaproteobacteria.o__Sphingomonadales.f__Sphingomonadaceae.g__Altericroceibacterium.s__.ASV_8248","season","September",-0.957013883370227,0.665123585910808,0.164268915695693,"seasonSeptember",0.266060391269092,24,10,"","maaslin2"
"774","All","k__Bacteria.p__Bacteroidota.c__Bacteroidia.o__Bacteroidales.f__Prolixibacteraceae.g__.s__.ASV_5097","season","September",-0.758331896499932,0.52853136736495,0.165410805008292,"seasonSeptember",0.267563731098684,24,10,"","maaslin2"
"775","All","k__Bacteria.p__Bacteroidota.c__Bacteroidia.o__Chitinophagales.f__Saprospiraceae.g__.s__.ASV_5038","season","September",-0.433549341891196,0.305057952224891,0.169278351157644,"seasonSeptember",0.273466445999187,24,6,"","maaslin2"
"776","All","k__Bacteria.p__Pseudomonadota.c__Alphaproteobacteria.o__Rhodobacterales.f__Paracoccaceae.g__Limibaculum.s__.ASV_5115","season","September",0.340936461917208,0.240911348812082,0.171011588104855,"seasonSeptember",0.275910448849586,24,4,"","maaslin2"
"777","All","k__Bacteria.p__Rhodothermota.c__Rhodothermia.o__Rhodothermales.f__Rhodothermaceae.g__Rubrivirga.s__.ASV_11592","season","September",0.92241326012647,0.654378181596564,0.172637405807563,"seasonSeptember",0.27817507345054,24,10,"","maaslin2"
"778","All","k__Bacteria.p__Planctomycetota.c__Planctomycetes.o__Pirellulales.f__Pirellulaceae.g__Mariniblastus.s__.ASV_10958","season","September",-0.658657758595279,0.4685719330767,0.173788035395031,"seasonSeptember",0.279669177782235,24,5,"","maaslin2"
"779","All","k__Bacteria.p__Pseudomonadota.c__Gammaproteobacteria.o__Pseudomonadales.f__Halieaceae.g__Pseudohaliea.s__.ASV_13386","season","September",-0.532274358588011,0.380062564784329,0.175312879895268,"seasonSeptember",0.281760880139763,24,8,"","maaslin2"
"780","All","k__Bacteria.p__Pseudomonadota.c__Gammaproteobacteria.o__Ectothiorhodospirales.f__Ectothiorhodospiraceae.g__Thiogranum.s__.ASV_13819","season","September",-0.613172124534566,0.438156527876815,0.175624850370664,"seasonSeptember",0.281883776352208,24,6,"","maaslin2"
"781","All","k__Bacteria.p__Bacteroidota.c__Bacteroidia.o__Chitinophagales.f__Saprospiraceae.g__Lewinella.s__.ASV_8583","season","September",0.319553464279739,0.228562038199143,0.176019417018646,"seasonSeptember",0.281883776352208,24,4,"","maaslin2"
"782","All","k__Bacteria.p__Bacteroidota.c__Bacteroidia.o__Cytophagales.f__Cyclobacteriaceae.g__.s__.ASV_12768","season","September",-0.648763790522109,0.464081994452109,0.176064786827018,"seasonSeptember",0.281883776352208,24,5,"","maaslin2"
"783","All","k__Bacteria.p__Balneolota.c__Balneolia.o__Balneolales.f__Balneolaceae.g__.s__.ASV_1297","season","September",0.573412418296616,0.412479939191414,0.178387038554386,"seasonSeptember",0.285237001622083,24,7,"","maaslin2"
"784","All","k__Bacteria.p__Planctomycetota.c__Phycisphaerae.o__Phycisphaerales.f__Phycisphaeraceae.g__Algisphaera.s__.ASV_11725","season","September",-0.849634431483563,0.613002670734868,0.179629948117431,"seasonSeptember",0.286858029391612,24,9,"","maaslin2"
"785","All","k__Bacteria.p__Pseudomonadota.c__Gammaproteobacteria.o__Burkholderiales.f__Nitrosomonadaceae.g__.s__.ASV_10411","season","September",-1.03363687196394,0.750488886295967,0.182276833517594,"seasonSeptember",0.290714134476469,24,6,"","maaslin2"
"786","All","k__Bacteria.p__Pseudomonadota.c__Gammaproteobacteria.o__Pseudomonadales.f__Marinomonadaceae.g__Marinomonas.s__.ASV_8306","season","September",-1.05946368062519,0.770546905990803,0.182989343792156,"seasonSeptember",0.291319146065449,24,13,"","maaslin2"
"787","All","k__Bacteria.p__Pseudomonadota.c__Alphaproteobacteria.o__Rhodobacterales.f__Paracoccaceae.g__Palleronia.Pseudomaribius.s__.ASV_24","season","September",-0.378404938546101,0.275300107677931,0.183121539898968,"seasonSeptember",0.291319146065449,24,6,"","maaslin2"
"788","All","k__Bacteria.p__Pseudomonadota.c__Alphaproteobacteria.o__Rhodobacterales.f__Paracoccaceae.g__.s__.ASV_2081","season","September",0.430515657520874,0.313466314950015,0.183462734874134,"seasonSeptember",0.2914915533787,24,4,"","maaslin2"
"789","All","k__Bacteria.p__Pseudomonadota.c__Alphaproteobacteria.o__Rhodobacterales.f__Paracoccaceae.g__.s__.ASV_15311","season","September",-0.356912269340113,0.260413820905242,0.184335892658222,"seasonSeptember",0.292507652228257,24,4,"","maaslin2"
"790","All","k__Bacteria.p__Pseudomonadota.c__Gammaproteobacteria.o__Pseudomonadales.f__Nitrincolaceae.g__Marinobacterium.s__.ASV_12692","season","September",0.781987479515288,0.571113001628688,0.184743290073466,"seasonSeptember",0.292783036926556,24,8,"","maaslin2"
"791","All","k__Bacteria.p__Cyanobacteriota.c__Cyanobacteriia.o__Cyanobacteriales.f__Xenococcaceae.g__Pleurocapsa_PCC.7319.s__.ASV_7062","season","September",-0.77685422431437,0.567692527268797,0.184987473859867,"seasonSeptember",0.292799389725099,24,5,"","maaslin2"
"792","All","k__Bacteria.p__Bacteroidota.c__Bacteroidia.o__Chitinophagales.f__Saprospiraceae.g__Phaeodactylibacter.s__.ASV_9821","season","September",-0.691615751052185,0.506327932932938,0.185758816655466,"seasonSeptember",0.293649038450307,24,6,"","maaslin2"
"793","All","k__Bacteria.p__Actinomycetota.c__Actinobacteria.o__Propionibacteriales.f__Nocardioidaceae.g__Nocardioides.s__.ASV_5509","season","September",1.30823049861586,0.96438846820413,0.188686367609955,"seasonSeptember",0.297900797285831,24,10,"","maaslin2"
"794","All","k__Bacteria.p__Pseudomonadota.c__Alphaproteobacteria.o__Rhodobacterales.f__Paracoccaceae.g__.s__.ASV_1444","season","September",-0.596651902946535,0.441691285920393,0.190479545194067,"seasonSeptember",0.300353136754372,24,8,"","maaslin2"
"795","All","k__Bacteria.p__Pseudomonadota.c__Alphaproteobacteria.o__Rhodobacterales.f__Paracoccaceae.g__Maribius.s__.ASV_13147","season","September",0.461624607874623,0.34219599981642,0.191057094297148,"seasonSeptember",0.300884883094376,24,4,"","maaslin2"
"796","All","k__Bacteria.p__Pseudomonadota.c__Alphaproteobacteria.o__Kiloniellales.f__Kiloniellaceae.g__Pelagibius.s__.ASV_4281","season","September",-0.294223897477723,0.21870496481711,0.192232051928005,"seasonSeptember",0.302354935947063,24,4,"","maaslin2"
"797","All","k__Bacteria.p__Pseudomonadota.c__Gammaproteobacteria.o__Ectothiorhodospirales.f__Ectothiorhodospiraceae.g__Thiogranum.s__.ASV_6435","season","September",-0.602457982321164,0.448772857811896,0.193137618036048,"seasonSeptember",0.303398115158259,24,5,"","maaslin2"
"798","All","k__Bacteria.p__Bacteroidota.c__Bacteroidia.o__Flavobacteriales.f__Flavobacteriaceae.g__Hoppeia.s__.ASV_11816","season","September",-1.50786628930004,1.12512354391731,0.193865330374803,"seasonSeptember",0.304159641139415,24,16,"","maaslin2"
"799","All","k__Bacteria.p__Pseudomonadota.c__Gammaproteobacteria.o__Pseudomonadales.f__Marinobacteraceae.g__Marinobacter.s__.ASV_10962","season","September",1.49946922748494,1.12366250408235,0.195705464214284,"seasonSeptember",0.306662379469692,24,14,"","maaslin2"
"800","All","k__Bacteria.p__Pseudomonadota.c__Alphaproteobacteria.o__Rhodobacterales.f__Paracoccaceae.g__Palleronia.Pseudomaribius.s__.ASV_11540","season","September",0.872475368823945,0.654560615784645,0.19619922562019,"seasonSeptember",0.306668452529934,24,11,"","maaslin2"
"801","All","k__Bacteria.p__Bacteroidota.c__Bacteroidia.o__Cytophagales.f__Flammeovirgaceae.g__.s__.ASV_9450","season","September",-1.00646538493705,0.755017124327423,0.196160832040965,"seasonSeptember",0.306668452529934,24,7,"","maaslin2"
"802","All","k__Bacteria.p__Planctomycetota.c__Planctomycetes.o__Pirellulales.f__Pirellulaceae.g__Pir4_lineage.s__.ASV_6009","season","September",-0.575109729463367,0.432318385845267,0.197048562704208,"seasonSeptember",0.307611970705322,24,8,"","maaslin2"
"803","All","k__Bacteria.p__Bacteroidota.c__Bacteroidia.o__Chitinophagales.f__Saprospiraceae.g__Lewinella.s__.ASV_15371","season","September",-0.632257382431895,0.475689355644924,0.197422414929678,"seasonSeptember",0.307811785170557,24,5,"","maaslin2"
"804","All","k__Bacteria.p__Bacteroidota.c__Bacteroidia.o__Cytophagales.f__Cyclobacteriaceae.g__.s__.ASV_7443","season","September",-1.05956992419606,0.798369405116169,0.198063096483108,"seasonSeptember",0.308043474281802,24,11,"","maaslin2"
"805","All","k__Bacteria.p__Actinomycetota.c__Actinobacteria.o__Propionibacteriales.f__Nocardioidaceae.g__Nocardioides.s__.ASV_13377","season","September",0.707902026621892,0.533183008122428,0.197892989352881,"seasonSeptember",0.308043474281802,24,8,"","maaslin2"
"806","All","k__Bacteria.p__Verrucomicrobiota.c__Verrucomicrobiia.o__Opitutales.f__Puniceicoccaceae.g__Pelagicoccus.s__.ASV_14309","season","September",0.415597123673383,0.314001854350784,0.199242800925777,"seasonSeptember",0.309493780098105,24,5,"","maaslin2"
"807","All","k__Bacteria.p__Pseudomonadota.c__Alphaproteobacteria.o__Hyphomicrobiales.f__Lutibaculaceae.g__Lutibaculum.s__.ASV_15630","season","September",1.1152889008519,0.844135046161203,0.200005179626979,"seasonSeptember",0.309700357346379,24,12,"","maaslin2"
"808","All","k__Bacteria.p__Cyanobacteriota.c__Cyanobacteriia.o__Cyanobacteriales.f__Xenococcaceae.g__Chroococcidiopsis_PCC.6712.s__.ASV_1997","season","September",-0.899565589399398,0.680727787677223,0.199921501354988,"seasonSeptember",0.309700357346379,24,6,"","maaslin2"
"809","All","k__Bacteria.p__Bacteroidota.c__Bacteroidia.o__Flavobacteriales.f__Flavobacteriaceae.g__Tenacibaculum.s__.ASV_12003","season","September",-0.716807551478506,0.542675375616234,0.200117882662317,"seasonSeptember",0.309700357346379,24,7,"","maaslin2"
"810","All","k__Bacteria.p__Cyanobacteriota.c__Cyanobacteriia.o__Cyanobacteriales.f__Xenococcaceae.g__Pleurocapsa_PCC.7319.s__.ASV_7092","season","September",0.761559779498316,0.577101927617502,0.200527982331511,"seasonSeptember",0.309794814113076,24,7,"","maaslin2"
"811","All","k__Bacteria.p__Pseudomonadota.c__Alphaproteobacteria.o__Tistrellales.f__Geminicoccaceae.g__.s__.ASV_4042","season","September",-0.789106794572029,0.598177912173072,0.20067379732085,"seasonSeptember",0.309794814113076,24,15,"","maaslin2"
"812","All","k__Bacteria.p__Rhodothermota.c__Rhodothermia.o__Rhodothermales.f__Rhodothermaceae.g__.s__.ASV_6668","season","September",-0.630105105922781,0.47846061074945,0.201411653023967,"seasonSeptember",0.31055097239656,24,7,"","maaslin2"
"813","All","k__Bacteria.p__Actinomycetota.c__Rubrobacteria.o__Rubrobacterales.f__Rubrobacteriaceae.g__Rubrobacter.s__.ASV_15130","season","September",1.44653487189468,1.09920680710423,0.201728905299392,"seasonSeptember",0.310657551580368,24,10,"","maaslin2"
"814","All","k__Bacteria.p__Bacteroidota.c__Bacteroidia.o__Cytophagales.f__Cyclobacteriaceae.g__Tunicatimonas.s__.ASV_2727","season","September",-0.8960704556908,0.682665700883749,0.202845370918365,"seasonSeptember",0.311610312134716,24,3,"","maaslin2"
"815","All","k__Bacteria.p__Bacteroidota.c__Bacteroidia.o__Flavobacteriales.f__Flavobacteriaceae.g__.s__.ASV_13815","season","September",0.924729688289474,0.7041694188927,0.202641471383972,"seasonSeptember",0.311610312134716,24,18,"","maaslin2"
"816","All","k__Bacteria.p__Bacteroidota.c__Bacteroidia.o__Chitinophagales.f__Saprospiraceae.g__Lewinella.s__.ASV_5651","season","September",0.662191853744826,0.50551708033293,0.203733646788812,"seasonSeptember",0.312591330612246,24,6,"","maaslin2"
"817","All","k__Bacteria.p__Cyanobacteriota.c__Cyanobacteriia.o__Cyanobacteriales.f__Phormidiaceae.g__Arthrospira_PCC.7345.s__.ASV_8114","season","September",-1.07861134685029,0.827773485577156,0.206039444561375,"seasonSeptember",0.315742208801519,24,6,"","maaslin2"
"818","All","k__Bacteria.p__Pseudomonadota.c__Alphaproteobacteria.o__Kiloniellales.f__Kiloniellaceae.g__Limibacillus.s__.ASV_7263","season","September",-0.808040396036316,0.620703573377656,0.206446903326476,"seasonSeptember",0.31597985692512,24,18,"","maaslin2"
"819","All","k__Bacteria.p__Bacteroidota.c__Bacteroidia.o__Cytophagales.f__Cyclobacteriaceae.g__.s__.ASV_3907","season","September",-0.724335623457334,0.557550974020484,0.207347542145203,"seasonSeptember",0.31697084586788,24,5,"","maaslin2"
"820","All","k__Bacteria.p__Pseudomonadota.c__Alphaproteobacteria.o__Sphingomonadales.f__Sphingomonadaceae.g__Croceibacterium.s__.ASV_4564","season","September",1.14574852114067,0.883976988279892,0.208363856415591,"seasonSeptember",0.317666970269627,24,17,"","maaslin2"
"821","All","k__Bacteria.p__Pseudomonadota.c__Gammaproteobacteria.o__Pseudomonadales.f__Alcanivoracaceae.g__Ketobacter.s__.ASV_7246","season","September",-0.648308934099799,0.500263900633725,0.208430023624756,"seasonSeptember",0.317666970269627,24,3,"","maaslin2"
"822","All","k__Bacteria.p__Actinomycetota.c__Actinobacteria.o__Euzebyales.f__Euzebyaceae.g__.s__.ASV_796","season","September",0.427272007221864,0.329802778846731,0.208564097093956,"seasonSeptember",0.317666970269627,24,4,"","maaslin2"
"823","All","k__Bacteria.p__Pseudomonadota.c__Alphaproteobacteria.o__Sphingomonadales.f__Sphingomonadaceae.g__.s__.ASV_3683","season","September",0.62297488650403,0.481486188345322,0.209133592350965,"seasonSeptember",0.31780703054478,24,10,"","maaslin2"
"824","All","k__Bacteria.p__Acidobacteriota.c__Thermoanaerobaculia.o__Thermoanaerobaculales.f__Thermoanaerobaculaceae.g__Subgroup_10.s__.ASV_12805","season","September",0.621297571119716,0.480222778290228,0.209163732563018,"seasonSeptember",0.31780703054478,24,11,"","maaslin2"
"825","All","k__Bacteria.p__Pseudomonadota.c__Alphaproteobacteria.o__Sphingomonadales.f__Sphingomonadaceae.g__.s__.ASV_8288","season","September",0.748182779733068,0.578779492076756,0.209530223055418,"seasonSeptember",0.317977986988344,24,17,"","maaslin2"
"826","All","k__Bacteria.p__Cyanobacteriota.c__Cyanobacteriia.o__Cyanobacteriales.f__Nostocaceae.g__Rivularia_PCC.7116.s__.ASV_12448","season","September",-0.778674447644518,0.6035358825439,0.210382379258972,"seasonSeptember",0.318884671709726,24,8,"","maaslin2"
"827","All","k__Archaea.p__Halobacteriota.c__Halobacteria.o__Halobacterales.f__Halomicrobiaceae.g__Halomarina.s__.ASV_6863","season","September",0.659707748652012,0.512436012641623,0.211336109449802,"seasonSeptember",0.319942937159797,24,5,"","maaslin2"
"828","All","k__Bacteria.p__Actinomycetota.c__Actinobacteria.o__Nitriliruptorales.f__Nitriliruptoraceae.g__.s__.ASV_6096","season","September",0.63243015056837,0.492623874639372,0.212569392769106,"seasonSeptember",0.321421352351353,24,7,"","maaslin2"
"829","All","k__Bacteria.p__Pseudomonadota.c__Alphaproteobacteria.o__Micavibrionales.f__Micavibrionaceae.g__.s__.ASV_10591","season","September",0.490294107106178,0.383424743779547,0.214319655966461,"seasonSeptember",0.323676971375162,24,8,"","maaslin2"
"830","All","k__Bacteria.p__Bacteroidota.c__Bacteroidia.o__Chitinophagales.f__Saprospiraceae.g__Lewinella.s__.ASV_5784","season","September",0.766797071524741,0.600383254149302,0.214854191614657,"seasonSeptember",0.324093310724759,24,5,"","maaslin2"
"831","All","k__Bacteria.p__Actinomycetota.c__Acidimicrobiia.o__Microtrichales.f__Ilumatobacteraceae.g__Ilumatobacter.s__.ASV_5173","season","September",0.662783312448944,0.52176838990727,0.217261299752704,"seasonSeptember",0.326489869744872,24,6,"","maaslin2"
"832","All","k__Bacteria.p__Actinomycetota.c__Actinobacteria.o__Nitriliruptorales.f__Nitriliruptoraceae.g__.s__.ASV_13649","season","September",-0.772305903751532,0.607310083391299,0.21676553362696,"seasonSeptember",0.326489869744872,24,8,"","maaslin2"
"833","All","k__Bacteria.p__Chloroflexota.c__Anaerolineae.o__Aggregatilineales.f__A4b.g__.s__.ASV_8302","season","September",-0.510371777771055,0.401987602587033,0.217486063392351,"seasonSeptember",0.326489869744872,24,8,"","maaslin2"
"834","All","k__Bacteria.p__Actinomycetota.c__Actinobacteria.o__Euzebyales.f__Euzebyaceae.g__Euzebya.s__.ASV_2735","season","September",0.451575518445902,0.355499806391685,0.217264141702233,"seasonSeptember",0.326489869744872,24,5,"","maaslin2"
"835","All","k__Bacteria.p__Planctomycetota.c__Planctomycetes.o__Pirellulales.f__Pirellulaceae.g__Pir4_lineage.s__.ASV_1166","season","September",0.494393430736863,0.38996360487654,0.218125891023952,"seasonSeptember",0.327058222229926,24,8,"","maaslin2"
"836","All","k__Bacteria.p__Pseudomonadota.c__Gammaproteobacteria.o__Chromatiales.f__Chromatiaceae.g__Halochromatium.s__.ASV_5260","season","September",-0.625100769707668,0.493520859545963,0.218539601437703,"seasonSeptember",0.327286580143546,24,6,"","maaslin2"
"837","All","k__Bacteria.p__Spirochaetota.c__Spirochaetia.o__Spirochaetales.f__Spirochaetaceae.g__.s__.ASV_8996","season","September",0.763326967770585,0.603060762660482,0.218841744325593,"seasonSeptember",0.32734750764115,24,7,"","maaslin2"
"838","All","k__Bacteria.p__Deinococcota.c__Deinococci.o__Deinococcales.f__Trueperaceae.g__Truepera.s__.ASV_2935","season","September",0.818680659239002,0.648105597594529,0.219744570670396,"seasonSeptember",0.328305730882262,24,8,"","maaslin2"
"839","All","k__Bacteria.p__Pseudomonadota.c__Gammaproteobacteria.o__Enterobacterales.f__Alteromonadaceae.g__.s__.ASV_4951","season","September",0.608495222286078,0.48381673172859,0.221687848907276,"seasonSeptember",0.330420460514178,24,15,"","maaslin2"
"840","All","k__Bacteria.p__Pseudomonadota.c__Gammaproteobacteria.o__Steroidobacterales.f__Woeseiaceae.g__Woeseia.s__.ASV_4265","season","September",-0.637259369290088,0.506667514171378,0.221670494733502,"seasonSeptember",0.330420460514178,24,3,"","maaslin2"
"841","All","k__Bacteria.p__Bacteroidota.c__Bacteroidia.o__Chitinophagales.f__Saprospiraceae.g__Lewinella.s__.ASV_474","season","September",0.543124986464762,0.432614602964591,0.222487748969255,"seasonSeptember",0.331218384910234,24,6,"","maaslin2"
"842","All","k__Bacteria.p__Bacteroidota.c__Bacteroidia.o__Chitinophagales.f__Saprospiraceae.g__Lewinella.s__.ASV_15291","season","September",-0.790570033437407,0.630991412836941,0.223395579976169,"seasonSeptember",0.332174900392118,24,5,"","maaslin2"
"843","All","k__Bacteria.p__Rhodothermota.c__Rhodothermia.o__Rhodothermales.f__Rhodothermaceae.g__Rubricoccus.s__.ASV_925","season","September",0.371305740951662,0.298594467065391,0.226767836094901,"seasonSeptember",0.336789241744741,24,5,"","maaslin2"
"844","All","k__Bacteria.p__Pseudomonadota.c__Alphaproteobacteria.o__Rhodobacterales.f__Paracoccaceae.g__Palleronia.Pseudomaribius.s__.ASV_5775","season","September",1.26064328360234,1.01772662788056,0.228516200663959,"seasonSeptember",0.337783097085333,24,11,"","maaslin2"
"845","All","k__Bacteria.p__Actinomycetota.c__Actinobacteria.o__Propionibacteriales.f__Nocardioidaceae.g__Nocardioides.s__.ASV_10179","season","September",0.627092145802152,0.506024440535827,0.228310224011652,"seasonSeptember",0.337783097085333,24,5,"","maaslin2"
"846","All","k__Bacteria.p__Planctomycetota.c__Planctomycetes.o__Pirellulales.f__Pirellulaceae.g__Bythopirellula.s__.ASV_14072","season","September",-0.598330496457084,0.482894632618756,0.22838389595018,"seasonSeptember",0.337783097085333,24,6,"","maaslin2"
"847","All","k__Bacteria.p__Acidobacteriota.c__Blastocatellia.o__Blastocatellales.f__Blastocatellaceae.g__Blastocatella.s__.ASV_7595","season","September",0.467318536018165,0.376903149324793,0.228078833186992,"seasonSeptember",0.337783097085333,24,4,"","maaslin2"
"848","All","k__Bacteria.p__Pseudomonadota.c__Alphaproteobacteria.o__Sphingomonadales.f__Sphingomonadaceae.g__.s__.ASV_3847","season","September",-0.62968082128822,0.508700311675473,0.228829843906941,"seasonSeptember",0.337847835579587,24,11,"","maaslin2"
"849","All","k__Bacteria.p__Bacteroidota.c__Bacteroidia.o__Flavobacteriales.f__Flavobacteriaceae.g__.s__.ASV_6125","season","September",-1.12037675333987,0.90735485089955,0.22994130557263,"seasonSeptember",0.339005345450891,24,17,"","maaslin2"
"850","All","k__Bacteria.p__Pseudomonadota.c__Gammaproteobacteria.o__Enterobacterales.f__Alteromonadaceae.g__Alteromonas.s__.ASV_8501","season","September",-0.73357134784126,0.594376565280947,0.230155386288544,"seasonSeptember",0.339005345450891,24,9,"","maaslin2"
"851","All","k__Bacteria.p__Deinococcota.c__Deinococci.o__Deinococcales.f__Trueperaceae.g__Truepera.s__.ASV_14236","season","September",-0.742876153562525,0.604430088141256,0.232036657608294,"seasonSeptember",0.340974055546461,24,10,"","maaslin2"
"852","All","k__Bacteria.p__Cyanobacteriota.c__Cyanobacteriia.o__Cyanobacteriales.f__Xenococcaceae.g__Chroococcidiopsis_PCC.6712.s__.ASV_12044","season","September",0.224985176154073,0.183002217136199,0.231904339573813,"seasonSeptember",0.340974055546461,24,4,"","maaslin2"
"853","All","k__Bacteria.p__Pseudomonadota.c__Gammaproteobacteria.o__Pseudomonadales.f__Alcanivoracaceae.g__Ketobacter.s__.ASV_11640","season","September",0.724807769563594,0.590585509465662,0.232692527079324,"seasonSeptember",0.341291635079098,24,6,"","maaslin2"
"854","All","k__Bacteria.p__Actinomycetota.c__Acidimicrobiia.o__Microtrichales.f__Microtrichaceae.g__IMCC26207.s__.ASV_4676","season","September",0.493959986956865,0.402580751000446,0.232797968336701,"seasonSeptember",0.341291635079098,24,8,"","maaslin2"
"855","All","k__Bacteria.p__Pseudomonadota.c__Alphaproteobacteria.o__Sphingomonadales.f__Sphingomonadaceae.g__.s__.ASV_9967","season","September",-0.668346837207552,0.545164194219245,0.233177188270039,"seasonSeptember",0.341447765747473,24,8,"","maaslin2"
"856","All","k__Bacteria.p__Bacteroidota.c__Bacteroidia.o__Cytophagales.f__Cyclobacteriaceae.g__Marinoscillum.s__.ASV_403","season","September",0.483340016540391,0.394655518182483,0.233635544452841,"seasonSeptember",0.341719277634296,24,3,"","maaslin2"
"857","All","k__Bacteria.p__Actinomycetota.c__Actinobacteria.o__Nitriliruptorales.f__Nitriliruptoraceae.g__.s__.ASV_633","season","September",-0.455317631014052,0.37265302801676,0.234703896364788,"seasonSeptember",0.342881304840974,24,3,"","maaslin2"
"858","All","k__Bacteria.p__Pseudomonadota.c__Gammaproteobacteria.o__Beggiatoales.f__Leucotrichaceae.g__.s__.ASV_713","season","September",-0.74017572862346,0.611805128530879,0.239186847463025,"seasonSeptember",0.349023231962363,24,7,"","maaslin2"
"859","All","k__Bacteria.p__Pseudomonadota.c__Alphaproteobacteria.o__Rhodobacterales.f__Paracoccaceae.g__Palleronia.Pseudomaribius.s__.ASV_9563","season","September",0.547712073699682,0.453365749288779,0.239834672206175,"seasonSeptember",0.349561128756846,24,7,"","maaslin2"
"860","All","k__Bacteria.p__Cyanobacteriota.c__Cyanobacteriia.o__Synechococcales.f__Cyanobiaceae.g__.s__.ASV_13824","season","September",-0.512977286988547,0.424920459868641,0.240162985599108,"seasonSeptember",0.349632625546608,24,9,"","maaslin2"
"861","All","k__Bacteria.p__Cyanobacteriota.c__Cyanobacteriia.o__Cyanobacteriales.f__Nostocaceae.g__.s__.ASV_11192","season","September",0.796594141308165,0.6610269118805,0.240973446274909,"seasonSeptember",0.350405057765605,24,5,"","maaslin2"
"862","All","k__Bacteria.p__Pseudomonadota.c__Gammaproteobacteria.o__Ectothiorhodospirales.f__Ectothiorhodospiraceae.g__Thiogranum.s__.ASV_4857","season","September",-0.449836510957889,0.373751873100147,0.241547301554699,"seasonSeptember",0.350425517435091,24,3,"","maaslin2"
"863","All","k__Bacteria.p__Pseudomonadota.c__Gammaproteobacteria.o__Pseudomonadales.f__Cellvibrionaceae.g__.s__.ASV_5036","season","September",-0.737069504189168,0.612057491795392,0.241290171930328,"seasonSeptember",0.350425517435091,24,5,"","maaslin2"
"864","All","k__Bacteria.p__Thermodesulfobacteriota.c__Desulfobulbia.o__Desulfobulbales.f__Desulfocapsaceae.g__.s__.ASV_15238","season","September",-0.871754005027337,0.724934148410805,0.241942123122094,"seasonSeptember",0.350592058042665,24,8,"","maaslin2"
"865","All","k__Bacteria.p__Thermodesulfobacteriota.c__Desulfobacteria.o__Desulfobacterales.f__Desulfosarcinaceae.g__Sva0081_sediment_group.s__.ASV_12562","season","September",-0.746719951701077,0.624136940983584,0.244273968108829,"seasonSeptember",0.353153588997984,24,10,"","maaslin2"
"866","All","k__Bacteria.p__Pseudomonadota.c__Gammaproteobacteria.o__Enterobacterales.f__Vibrionaceae.g__Vibrio.s__.ASV_5703","season","September",0.52235577908389,0.436420282677288,0.244080706936695,"seasonSeptember",0.353153588997984,24,4,"","maaslin2"
"867","All","k__Bacteria.p__Rhodothermota.c__Rhodothermia.o__Rhodothermales.f__Rhodothermaceae.g__.s__.ASV_10440","season","September",0.634883090366241,0.531464287495194,0.244967029609293,"seasonSeptember",0.353747083126684,24,10,"","maaslin2"
"868","All","k__Bacteria.p__Pseudomonadota.c__Alphaproteobacteria.o__Caulobacterales.f__Hyphomonadaceae.g__Euryhalocaulis.s__.ASV_13612","season","September",-0.548333201599812,0.459689435772984,0.245640971959843,"seasonSeptember",0.354311632366041,24,5,"","maaslin2"
"869","All","k__Bacteria.p__Bacteroidota.c__Bacteroidia.o__Flavobacteriales.f__Flavobacteriaceae.g__Gramella.s__.ASV_7179","season","September",0.504360305231202,0.424767780720537,0.247740879703455,"seasonSeptember",0.355646456450374,24,7,"","maaslin2"
"870","All","k__Bacteria.p__Rhodothermota.c__Rhodothermia.o__Rhodothermales.f__Rhodothermaceae.g__Rubrivirga.s__.ASV_15588","season","September",0.551917534467003,0.465079265026059,0.247996535812693,"seasonSeptember",0.355646456450374,24,5,"","maaslin2"
"871","All","k__Bacteria.p__Pseudomonadota.c__Gammaproteobacteria.o__Enterobacterales.f__Vibrionaceae.g__Vibrio.s__.ASV_2958","season","September",-0.473707702213837,0.398622055083085,0.247361070960021,"seasonSeptember",0.355646456450374,24,6,"","maaslin2"
"872","All","k__Bacteria.p__Pseudomonadota.c__Alphaproteobacteria.o__Sphingomonadales.f__Sphingomonadaceae.g__Croceibacterium.s__.ASV_4473","season","September",0.37745038230603,0.317505428018025,0.247192637678655,"seasonSeptember",0.355646456450374,24,8,"","maaslin2"
"873","All","k__Bacteria.p__Pseudomonadota.c__Alphaproteobacteria.o__Rhodobacterales.f__Paracoccaceae.g__.s__.ASV_3187","season","September",-0.599966627799748,0.505870707903499,0.24827076911951,"seasonSeptember",0.355646456450374,24,4,"","maaslin2"
"874","All","k__Bacteria.p__Pseudomonadota.c__Alphaproteobacteria.o__Rhodobacterales.f__Paracoccaceae.g__.s__.ASV_8569","season","September",-0.437766457638134,0.368724656639228,0.247792646112949,"seasonSeptember",0.355646456450374,24,5,"","maaslin2"
"875","All","k__Bacteria.p__Pseudomonadota.c__Alphaproteobacteria.o__Caulobacterales.f__Hyphomonadaceae.g__Euryhalocaulis.s__.ASV_6477","season","September",0.688324827797049,0.58121922327496,0.248940735200465,"seasonSeptember",0.356198629109694,24,7,"","maaslin2"
"876","All","k__Bacteria.p__Planctomycetota.c__Planctomycetes.o__Pirellulales.f__Pirellulaceae.g__Rhodopirellula.s__.ASV_3695","season","September",-0.40901071487637,0.346049097749435,0.249846273883575,"seasonSeptember",0.357086227057347,24,3,"","maaslin2"
"877","All","k__Bacteria.p__Actinomycetota.c__Acidimicrobiia.o__Microtrichales.f__Ilumatobacteraceae.g__Ilumatobacter.s__.ASV_6733","season","September",-0.428655312685848,0.363677562791426,0.251121668416549,"seasonSeptember",0.358091490726104,24,6,"","maaslin2"
"878","All","k__Bacteria.p__Cyanobacteriota.c__Cyanobacteriia.o__Phormidesmiales.f__Nodosilineaceae.g__Halomicronema_TFEP1.s__.ASV_15198","season","September",0.383304407857427,0.325003439783209,0.250842032519235,"seasonSeptember",0.358091490726104,24,5,"","maaslin2"
"879","All","k__Bacteria.p__Hydrogenedentes.c__Hydrogenedentia.o__Hydrogenedentiales.f__Hydrogenedensaceae.g__.s__.ASV_14174","season","September",-0.678270521497799,0.577647316440911,0.252871390125301,"seasonSeptember",0.36017631449019,24,10,"","maaslin2"
"880","All","k__Bacteria.p__Bacteroidota.c__Bacteroidia.o__Cytophagales.f__Cyclobacteriaceae.g__Fulvivirga.s__.ASV_2236","season","September",0.936308790252833,0.803573630855688,0.256424363747843,"seasonSeptember",0.364821935695795,24,14,"","maaslin2"
"881","All","k__Bacteria.p__Planctomycetota.c__Planctomycetes.o__Planctomycetales.f__Rubinisphaeraceae.g__Planctomicrobium.s__.ASV_5395","season","September",0.491866888166055,0.422628245098757,0.256960608157447,"seasonSeptember",0.364903059825251,24,8,"","maaslin2"
"882","All","k__Bacteria.p__Pseudomonadota.c__Alphaproteobacteria.o__Kiloniellales.f__Kiloniellaceae.g__Limibacillus.s__.ASV_5797","season","September",-0.719792241698843,0.61860808462942,0.257064296138875,"seasonSeptember",0.364903059825251,24,5,"","maaslin2"
"883","All","k__Bacteria.p__Bacteroidota.c__Bacteroidia.o__Chitinophagales.f__Saprospiraceae.g__Lewinella.s__.ASV_14840","season","September",0.449795934834966,0.387307262429211,0.25794908601935,"seasonSeptember",0.365744343936835,24,7,"","maaslin2"
"884","All","k__Bacteria.p__Bacteroidota.c__Bacteroidia.o__Flavobacteriales.f__Flavobacteriaceae.g__Gramella.s__.ASV_2541","season","September",0.921085192171701,0.795591635222061,0.259386782497022,"seasonSeptember",0.36736680055008,24,21,"","maaslin2"
"885","All","k__Bacteria.p__Bacteroidota.c__Bacteroidia.o__Chitinophagales.f__Saprospiraceae.g__Lewinella.s__.ASV_11477","season","September",-0.829251473646715,0.718189137580219,0.260625331119376,"seasonSeptember",0.368703858261536,24,7,"","maaslin2"
"886","All","k__Bacteria.p__Pseudomonadota.c__Alphaproteobacteria.o__Rhodobacterales.f__Paracoccaceae.g__Limibaculum.s__.ASV_11834","season","September",0.422485880931425,0.366633768765088,0.261550717330096,"seasonSeptember",0.369595370312957,24,4,"","maaslin2"
"887","All","k__Bacteria.p__Cyanobacteriota.c__Cyanobacteriia.o__Cyanobacteriales.f__Nostocaceae.g__Rivularia_PCC.7116.s__.ASV_3099","season","September",0.446373460144801,0.387786457954539,0.262056492909843,"seasonSeptember",0.36989259202156,24,3,"","maaslin2"
"888","All","k__Bacteria.p__Chloroflexota.c__Anaerolineae.o__Caldilineales.f__Caldilineaceae.g__.s__.ASV_1226","season","September",0.387182376903699,0.336965046627678,0.262883790491508,"seasonSeptember",0.370642461368658,24,5,"","maaslin2"
"889","All","k__Bacteria.p__Rhodothermota.c__Rhodothermia.o__Rhodothermales.f__Rhodothermaceae.g__.s__.ASV_2058","season","September",0.387029359225162,0.337065368474314,0.263205170515279,"seasonSeptember",0.370678147902282,24,3,"","maaslin2"
"890","All","k__Bacteria.p__Bacteroidota.c__Bacteroidia.o__Cytophagales.f__Cyclobacteriaceae.g__Tunicatimonas.s__.ASV_15128","season","September",0.331532813857041,0.289645385505958,0.264668874115833,"seasonSeptember",0.372320708306767,24,4,"","maaslin2"
"891","All","k__Bacteria.p__Bacteroidota.c__Bacteroidia.o__Cytophagales.f__Cyclobacteriaceae.g__Catalinimonas.s__.ASV_312","season","September",0.68302659373409,0.597281772286805,0.265098190788988,"seasonSeptember",0.372506099739408,24,23,"","maaslin2"
"892","All","k__Bacteria.p__Myxococcota.c__Polyangiia.o__Polyangiales.f__Sandaracinaceae.g__.s__.ASV_10160","season","September",-0.786108335953637,0.690004409455109,0.26683972505953,"seasonSeptember",0.374532887639609,24,9,"","maaslin2"
"893","All","k__Bacteria.p__Bacteroidota.c__Bacteroidia.o__Cytophagales.f__Mooreiaceae.g__Mooreia.s__.ASV_10577","season","September",0.891311851002646,0.782854898377019,0.267141750513548,"seasonSeptember",0.374536922332544,24,11,"","maaslin2"
"894","All","k__Bacteria.p__Actinomycetota.c__Acidimicrobiia.o__Microtrichales.f__Ilumatobacteraceae.g__Ilumatobacter.s__.ASV_3237","season","September",-0.737140642150595,0.649605311015342,0.268692321719403,"seasonSeptember",0.376289470685338,24,12,"","maaslin2"
"895","All","k__Bacteria.p__Pseudomonadota.c__Gammaproteobacteria.o__Chromatiales.f__Chromatiaceae.g__.s__.ASV_15166","season","September",-0.746053041786038,0.66420268789429,0.273447778823483,"seasonSeptember",0.38252136210838,24,8,"","maaslin2"
"896","All","k__Bacteria.p__Pseudomonadota.c__Alphaproteobacteria.o__Rhodobacterales.f__Paracoccaceae.g__.s__.ASV_6399","season","September",-0.704367541306416,0.631125286650288,0.276442800232244,"seasonSeptember",0.386279448538805,24,12,"","maaslin2"
"897","All","k__Bacteria.p__Pseudomonadota.c__Gammaproteobacteria.o__Enterobacterales.f__Vibrionaceae.g__Vibrio.s__.ASV_1395","season","September",0.30187938819403,0.271260911512293,0.277774927900901,"seasonSeptember",0.387708149087991,24,4,"","maaslin2"
"898","All","k__Bacteria.p__Bacteroidota.c__Bacteroidia.o__Cytophagales.f__Cyclobacteriaceae.g__Tunicatimonas.s__.ASV_15859","season","September",-0.530938303516033,0.477716418890482,0.278391335481304,"seasonSeptember",0.388135804034067,24,4,"","maaslin2"
"899","All","k__Bacteria.p__Thermodesulfobacteriota.c__Desulfobulbia.o__Desulfobulbales.f__Desulfobulbaceae.g__.s__.ASV_8037","season","September",-0.636056127316777,0.574928924836891,0.280538706213914,"seasonSeptember",0.390260511310911,24,5,"","maaslin2"
"900","All","k__Bacteria.p__Rhodothermota.c__Rhodothermia.o__Rhodothermales.f__Rhodothermaceae.g__.s__.ASV_12226","season","September",-0.45080884005645,0.407343224186392,0.280376286367831,"seasonSeptember",0.390260511310911,24,5,"","maaslin2"
"901","All","k__Bacteria.p__Pseudomonadota.c__Alphaproteobacteria.o__Sphingomonadales.f__Sphingomonadaceae.g__Qipengyuania.s__.ASV_13211","season","September",0.516113184431455,0.467043141257159,0.281070676221638,"seasonSeptember",0.390566577835173,24,9,"","maaslin2"
"902","All","k__Bacteria.p__Pseudomonadota.c__Gammaproteobacteria.o__Pseudomonadales.f__Spongiibacteraceae.g__.s__.ASV_10489","season","September",-0.441424547658846,0.40004189586222,0.281757707476232,"seasonSeptember",0.391087194856144,24,6,"","maaslin2"
"903","All","k__Bacteria.p__Pseudomonadota.c__Gammaproteobacteria.o__Steroidobacterales.f__Woeseiaceae.g__Woeseia.s__.ASV_2719","season","September",-0.410909444562074,0.372762295316427,0.282229033398614,"seasonSeptember",0.391307585620227,24,6,"","maaslin2"
"904","All","k__Bacteria.p__Bacteroidota.c__Bacteroidia.o__Flavobacteriales.f__Flavobacteriaceae.g__Aquimarina.s__.ASV_15336","season","September",-0.735066136477729,0.667632224153301,0.282795606152607,"seasonSeptember",0.391659401441443,24,8,"","maaslin2"
"905","All","k__Bacteria.p__Bacteroidota.c__Bacteroidia.o__Cytophagales.f__Cyclobacteriaceae.g__Fulvivirga.s__.ASV_5610","season","September",-0.199385473472411,0.181354298906697,0.283468594776967,"seasonSeptember",0.392157658188688,24,4,"","maaslin2"
"906","All","k__Bacteria.p__Pseudomonadota.c__Alphaproteobacteria.o__Sphingomonadales.f__Sphingomonadaceae.g__.s__.ASV_4999","season","September",-0.294921480351056,0.268493420553341,0.283892803380545,"seasonSeptember",0.392311026305125,24,3,"","maaslin2"
"907","All","k__Bacteria.p__Pseudomonadota.c__Alphaproteobacteria.o__Rhodobacterales.f__Paracoccaceae.g__Maribius.s__.ASV_4361","season","September",0.71110576340665,0.652162726870473,0.287344601337969,"seasonSeptember",0.396643264470934,24,16,"","maaslin2"
"908","All","k__Bacteria.p__Planctomycetota.c__Planctomycetes.o__Planctomycetales.f__Gimesiaceae.g__.s__.ASV_8729","season","September",-0.705536151389609,0.648233931580421,0.288199712148652,"seasonSeptember",0.397385506178538,24,8,"","maaslin2"
"909","All","k__Bacteria.p__Pseudomonadota.c__Alphaproteobacteria.o__Rhodobacterales.f__Paracoccaceae.g__Actibacterium.s__.ASV_9225","season","September",0.42448429920611,0.390603712346564,0.288916104087501,"seasonSeptember",0.397935052054511,24,5,"","maaslin2"
"910","All","k__Bacteria.p__Chloroflexota.c__Anaerolineae.o__Aggregatilineales.f__A4b.g__.s__.ASV_15923","season","September",-0.42207979117217,0.38921326663117,0.289909838004201,"seasonSeptember",0.398427131922349,24,23,"","maaslin2"
"911","All","k__Bacteria.p__Pseudomonadota.c__Alphaproteobacteria.o__Hyphomicrobiales.f__Rhizobiaceae.g__Roseitalea.s__.ASV_2998","season","September",0.590380490245736,0.544225144981232,0.289751319765709,"seasonSeptember",0.398427131922349,24,5,"","maaslin2"
"912","All","k__Bacteria.p__Bacteroidota.c__Bacteroidia.o__Chitinophagales.f__Saprospiraceae.g__Aureispira.s__.ASV_6811","season","September",0.757449680274948,0.699758890976736,0.290777493841629,"seasonSeptember",0.399181384089605,24,8,"","maaslin2"
"913","All","k__Bacteria.p__Pseudomonadota.c__Alphaproteobacteria.o__Sphingomonadales.f__Sphingomonadaceae.g__.s__.ASV_4631","season","September",-0.392015249260726,0.366563619820547,0.296468456516946,"seasonSeptember",0.406548201050621,24,6,"","maaslin2"
"914","All","k__Bacteria.p__Bacteroidota.c__Bacteroidia.o__Cytophagales.f__Cyclobacteriaceae.g__.s__.ASV_10933","season","September",0.407540626826555,0.382790434950427,0.298577262641684,"seasonSeptember",0.408992049045283,24,3,"","maaslin2"
"915","All","k__Bacteria.p__Actinomycetota.c__Acidimicrobiia.o__Microtrichales.f__Ilumatobacteraceae.g__Ilumatobacter.s__.ASV_9994","season","September",-0.449847441815856,0.42387648822997,0.300079404290069,"seasonSeptember",0.410600452646084,24,9,"","maaslin2"
"916","All","k__Bacteria.p__Pseudomonadota.c__Alphaproteobacteria.o__Rhodobacterales.f__Paracoccaceae.g__.s__.ASV_9805","season","September",-0.596129731944364,0.566245361752198,0.303869848064361,"seasonSeptember",0.414428158798017,24,10,"","maaslin2"
"917","All","k__Bacteria.p__Pseudomonadota.c__Gammaproteobacteria.o__Enterobacterales.f__Alteromonadaceae.g__.s__.ASV_12014","season","September",-0.37609863730717,0.356945455567297,0.303474576012422,"seasonSeptember",0.414428158798017,24,6,"","maaslin2"
"918","All","k__Bacteria.p__Pseudomonadota.c__Gammaproteobacteria.o__Enterobacterales.f__Pseudoalteromonadaceae.g__Pseudoalteromonas.s__.ASV_1442","season","September",-0.719970806359976,0.683829880870028,0.303836502173055,"seasonSeptember",0.414428158798017,24,7,"","maaslin2"
"919","All","k__Bacteria.p__Cyanobacteriota.c__Cyanobacteriia.o__Cyanobacteriales.f__Xenococcaceae.g__Gloeocapsopsis_BDHKU_35101.s__.ASV_16008","season","September",-0.723815669684308,0.688668465087073,0.304650479986995,"seasonSeptember",0.414540029275431,24,6,"","maaslin2"
"920","All","k__Bacteria.p__Actinomycetota.c__Actinobacteria.o__Nitriliruptorales.f__Nitriliruptoraceae.g__.s__.ASV_2609","season","September",-0.451222590770447,0.429580149695785,0.30494518128009,"seasonSeptember",0.414540029275431,24,5,"","maaslin2"
"921","All","k__Bacteria.p__Myxococcota.c__Myxococcia.o__Myxococcales.f__Myxococcaceae.g__P3OB.42.s__.ASV_1140","season","September",0.83407810314585,0.793496439575393,0.304602711522975,"seasonSeptember",0.414540029275431,24,5,"","maaslin2"
"922","All","k__Bacteria.p__Myxococcota.c__Polyangiia.o__Polyangiales.f__Sandaracinaceae.g__.s__.ASV_5363","season","September",0.567217401572983,0.540477903787404,0.305352805408139,"seasonSeptember",0.414643939664848,24,6,"","maaslin2"
"923","All","k__Bacteria.p__Pseudomonadota.c__Alphaproteobacteria.o__Rhodobacterales.f__Paracoccaceae.g__Allosediminivita.s__.ASV_14720","season","September",0.564382509916768,0.539910885486751,0.307222883129011,"seasonSeptember",0.416731364764379,24,6,"","maaslin2"
"924","All","k__Bacteria.p__Pseudomonadota.c__Gammaproteobacteria.o__Pseudomonadales.f__Pseudohongiellaceae.g__Pseudohongiella.s__.ASV_15449","season","September",-0.592149856074859,0.567331331333486,0.307936896036304,"seasonSeptember",0.417247828828413,24,9,"","maaslin2"
"925","All","k__Bacteria.p__Cyanobacteriota.c__Cyanobacteriia.o__Cyanobacteriales.f__Xenococcaceae.g__Pleurocapsa_PCC.7319.s__.ASV_6643","season","September",0.500083609692899,0.480608383497103,0.309398234789246,"seasonSeptember",0.418774691844471,24,6,"","maaslin2"
"926","All","k__Bacteria.p__Pseudomonadota.c__Alphaproteobacteria.o__Hyphomicrobiales.f__Rhizobiaceae.g__Oricola.s__.ASV_1268","season","September",0.570385742040299,0.549178506252411,0.310264332164733,"seasonSeptember",0.419493459903074,24,22,"","maaslin2"
"927","All","k__Bacteria.p__Pseudomonadota.c__Alphaproteobacteria.o__Sphingomonadales.f__Sphingomonadaceae.g__Aurantiacibacter.s__.ASV_5042","season","September",-0.246832020108566,0.237909484127356,0.310770662953178,"seasonSeptember",0.419724778875274,24,3,"","maaslin2"
"928","All","k__Bacteria.p__Pseudomonadota.c__Alphaproteobacteria.o__Sphingomonadales.f__Sphingomonadaceae.g__Sphingomicrobium.s__.ASV_5269","season","September",-1.31267995849682,1.26911602435778,0.312220297862906,"seasonSeptember",0.420322379488557,24,15,"","maaslin2"
"929","All","k__Bacteria.p__Bacteroidota.c__Bacteroidia.o__Cytophagales.f__Cyclobacteriaceae.g__Marinoscillum.s__.ASV_7754","season","September",-0.69627895002883,0.672272019778229,0.311588374826058,"seasonSeptember",0.420322379488557,24,7,"","maaslin2"
"930","All","k__Bacteria.p__Bacteroidota.c__Bacteroidia.o__Cytophagales.f__Cyclobacteriaceae.g__.s__.ASV_13781","season","September",-0.382200046765946,0.369469042919948,0.312160277310239,"seasonSeptember",0.420322379488557,24,3,"","maaslin2"
"931","All","k__Bacteria.p__Pseudomonadota.c__Alphaproteobacteria.o__Rhodobacterales.f__Paracoccaceae.g__.s__.ASV_14570","season","September",0.268525860597526,0.260962741172594,0.314669175650595,"seasonSeptember",0.423164133098329,24,5,"","maaslin2"
"932","All","k__Bacteria.p__Cyanobacteriota.c__Cyanobacteriia.o__Phormidesmiales.f__Nodosilineaceae.g__.s__.ASV_119","season","September",-0.583047872617685,0.567550536117303,0.315439867295782,"seasonSeptember",0.423745401131244,24,6,"","maaslin2"
"933","All","k__Bacteria.p__Pseudomonadota.c__Gammaproteobacteria.o__Enterobacterales.f__Alteromonadaceae.g__Aestuariibacter.s__.ASV_8460","season","September",-0.526192680200258,0.513177730145693,0.316335554781583,"seasonSeptember",0.42403866658088,24,3,"","maaslin2"
"934","All","k__Bacteria.p__Rhodothermota.c__Rhodothermia.o__Rhodothermales.f__Rhodothermaceae.g__.s__.ASV_14795","season","September",0.653840866903556,0.637534124843149,0.316235794018885,"seasonSeptember",0.42403866658088,24,10,"","maaslin2"
"935","All","k__Bacteria.p__Bacteroidota.c__Bacteroidia.o__Flavobacteriales.f__Flavobacteriaceae.g__Gramella.s__.ASV_6794","season","September",-0.617258704869801,0.604887985334108,0.318605666568258,"seasonSeptember",0.426624913950224,24,9,"","maaslin2"
"936","All","k__Bacteria.p__Pseudomonadota.c__Alphaproteobacteria.o__Sphingomonadales.f__Sphingomonadaceae.g__.s__.ASV_7123","season","September",0.57079168061412,0.560340586157838,0.319440666935471,"seasonSeptember",0.426830005339605,24,21,"","maaslin2"
"937","All","k__Bacteria.p__Pseudomonadota.c__Gammaproteobacteria.o__Pseudomonadales.f__Cellvibrionaceae.g__.s__.ASV_3286","season","September",-0.525878614383018,0.516159532753951,0.319357892095952,"seasonSeptember",0.426830005339605,24,5,"","maaslin2"
"938","All","k__Bacteria.p__Actinomycetota.c__Rubrobacteria.o__Rubrobacterales.f__Rubrobacteriaceae.g__Rubrobacter.s__.ASV_11767","season","September",0.244357458456667,0.240855817731728,0.321354456838167,"seasonSeptember",0.428929402943908,24,3,"","maaslin2"
"939","All","k__Bacteria.p__Actinomycetota.c__Acidimicrobiia.o__Microtrichales.f__Ilumatobacteraceae.g__Ilumatobacter.s__.ASV_14205","season","September",-0.610772061362405,0.603474301057688,0.322496105129007,"seasonSeptember",0.429537365554806,24,14,"","maaslin2"
"940","All","k__Bacteria.p__Cyanobacteriota.c__Cyanobacteriia.o__Cyanobacteriales.f__Nostocaceae.g__Rivularia_PCC.7116.s__.ASV_2166","season","September",-0.279700370428779,0.276330298630164,0.322448009050887,"seasonSeptember",0.429537365554806,24,3,"","maaslin2"
"941","All","k__Bacteria.p__Pseudomonadota.c__Alphaproteobacteria.o__Rhodobacterales.f__Paracoccaceae.g__Limibaculum.s__.ASV_7555","season","September",0.261381676814869,0.258483796995991,0.322908487382193,"seasonSeptember",0.429629570884703,24,4,"","maaslin2"
"942","All","k__Bacteria.p__Rhodothermota.c__Rhodothermia.o__Rhodothermales.f__Rhodothermaceae.g__Rubrivirga.s__.ASV_15801","season","September",0.336852331900548,0.334734079984389,0.325198573983523,"seasonSeptember",0.432217212980223,24,4,"","maaslin2"
"943","All","k__Bacteria.p__Pseudomonadota.c__Gammaproteobacteria.o__Chromatiales.f__Chromatiaceae.g__Candidatus_Thiobios.s__.ASV_1550","season","September",-0.563455894271127,0.560797335276714,0.325945534547284,"seasonSeptember",0.432750593057476,24,10,"","maaslin2"
"944","All","k__Bacteria.p__Cyanobacteriota.c__Cyanobacteriia.o__Cyanobacteriales.f__Xenococcaceae.g__Chroococcidiopsis_PCC.6712.s__.ASV_3072","season","September",-0.338509049936456,0.337442992553672,0.326690842153689,"seasonSeptember",0.433280650822478,24,5,"","maaslin2"
"945","All","k__Bacteria.p__Bacteroidota.c__Bacteroidia.o__Flavobacteriales.f__Flavobacteriaceae.g__Robiginitalea.s__.ASV_15498","season","September",-0.72863956444506,0.730093135128875,0.329126208991823,"seasonSeptember",0.435455324900696,24,12,"","maaslin2"
"946","All","k__Bacteria.p__Chloroflexota.c__Anaerolineae.o__Anaerolineales.f__Anaerolineaceae.g__.s__.ASV_3608","season","September",-0.55568624391516,0.557086411212573,0.329373955815463,"seasonSeptember",0.435455324900696,24,4,"","maaslin2"
"947","All","k__Bacteria.p__Gemmatimonadota.c__Longimicrobiia.o__Longimicrobiales.f__Longimicrobiaceae.g__.s__.ASV_5599","season","September",0.2885914100505,0.289292179598845,0.329330785311566,"seasonSeptember",0.435455324900696,24,3,"","maaslin2"
"948","All","k__Bacteria.p__Actinomycetota.c__Actinobacteria.o__Nitriliruptorales.f__Nitriliruptoraceae.g__.s__.ASV_5403","season","September",0.490939652664659,0.494426724306496,0.331532031976827,"seasonSeptember",0.437846101302729,24,6,"","maaslin2"
"949","All","k__Bacteria.p__Myxococcota.c__Polyangiia.o__Polyangiales.f__Sandaracinaceae.g__.s__.ASV_11195","season","September",-0.490537749256917,0.494998988614109,0.332466790504642,"seasonSeptember",0.438617936471877,24,5,"","maaslin2"
"950","All","k__Bacteria.p__Pseudomonadota.c__Gammaproteobacteria.o__Pseudomonadales.f__Nitrincolaceae.g__Marinobacterium.s__.ASV_14523","season","September",-0.441694000481334,0.44652905861386,0.33333430182599,"seasonSeptember",0.438837587682587,24,6,"","maaslin2"
"951","All","k__Bacteria.p__Acidobacteriota.c__Thermoanaerobaculia.o__Thermoanaerobaculales.f__Thermoanaerobaculaceae.g__Subgroup_10.s__.ASV_9297","season","September",-0.584013604353688,0.589982892861728,0.332994674035477,"seasonSeptember",0.438837587682587,24,7,"","maaslin2"
"952","All","k__Bacteria.p__Bacteroidota.c__Bacteroidia.o__Chitinophagales.f__Saprospiraceae.g__.s__.ASV_13366","season","September",-0.875437099148763,0.888043978513972,0.334947881355222,"seasonSeptember",0.440083379662747,24,16,"","maaslin2"
"953","All","k__Bacteria.p__Pseudomonadota.c__Gammaproteobacteria.o__Enterobacterales.f__Vibrionaceae.g__Vibrio.s__.ASV_2698","season","September",0.421135013767959,0.427231892263065,0.334983594903033,"seasonSeptember",0.440083379662747,24,4,"","maaslin2"
"954","All","k__Bacteria.p__Pseudomonadota.c__Alphaproteobacteria.o__Sphingomonadales.f__Sphingomonadaceae.g__Aurantiacibacter.s__.ASV_13089","season","September",-0.251379044449649,0.255374359638382,0.335643565289553,"seasonSeptember",0.440488200987967,24,4,"","maaslin2"
"955","All","k__Bacteria.p__Pseudomonadota.c__Gammaproteobacteria.o__Enterobacterales.f__Pseudoalteromonadaceae.g__Pseudoalteromonas.s__.ASV_15651","season","September",-0.330399763660197,0.336042936520916,0.336195591598796,"seasonSeptember",0.440750660399678,24,6,"","maaslin2"
"956","All","k__Bacteria.p__Rhodothermota.c__Rhodothermia.o__Rhodothermales.f__Rhodothermaceae.g__.s__.ASV_15308","season","September",0.863303647253879,0.879686603462243,0.337077093195681,"seasonSeptember",0.441444059289741,24,6,"","maaslin2"
"957","All","k__Bacteria.p__Pseudomonadota.c__Alphaproteobacteria.o__Rhodobacterales.f__Paracoccaceae.g__Palleronia.Pseudomaribius.s__.ASV_3694","season","September",-0.225587629458937,0.23030813247049,0.337980568992687,"seasonSeptember",0.442164756926692,24,5,"","maaslin2"
"958","All","k__Bacteria.p__Cyanobacteriota.c__Cyanobacteriia.o__Cyanobacteriales.f__Xenococcaceae.g__Pleurocapsa_PCC.7319.s__.ASV_14705","season","September",-0.526077172847419,0.539011760312137,0.3396736467098,"seasonSeptember",0.443452977769207,24,9,"","maaslin2"
"959","All","k__Bacteria.p__Pseudomonadota.c__Alphaproteobacteria.o__.f__Neomegalonemataceae.g__Acuticoccus.s__.ASV_4438","season","September",0.232651334003093,0.238359170237681,0.339649185035584,"seasonSeptember",0.443452977769207,24,3,"","maaslin2"
"960","All","k__Bacteria.p__Pseudomonadota.c__Alphaproteobacteria.o__Caulobacterales.f__Hyphomonadaceae.g__Euryhalocaulis.s__.ASV_12273","season","September",-0.641581601492323,0.660833815768345,0.342168526338353,"seasonSeptember",0.446244786432935,24,10,"","maaslin2"
"961","All","k__Bacteria.p__Rhodothermota.c__Rhodothermia.o__Rhodothermales.f__Rhodothermaceae.g__Rubricoccus.s__.ASV_10120","season","September",-0.375554008213209,0.39264842746158,0.349231166885731,"seasonSeptember",0.454981707534793,24,6,"","maaslin2"
"962","All","k__Bacteria.p__Rhodothermota.c__Rhodothermia.o__Rhodothermales.f__Rhodothermaceae.g__.s__.ASV_2738","season","September",0.407108802012425,0.426467303911353,0.350148674856824,"seasonSeptember",0.455702849189962,24,6,"","maaslin2"
"963","All","k__Bacteria.p__Pseudomonadota.c__Gammaproteobacteria.o__Pseudomonadales.f__Marinobacteraceae.g__Marinobacter.s__.ASV_13782","season","September",0.446937382871265,0.469897431806517,0.351867545049617,"seasonSeptember",0.456989799172324,24,8,"","maaslin2"
"964","All","k__Bacteria.p__Pseudomonadota.c__Alphaproteobacteria.o__Hyphomicrobiales.f__Devosiaceae.g__.s__.ASV_11111","season","September",0.431045675828745,0.453084549860697,0.35175838403899,"seasonSeptember",0.456989799172324,24,6,"","maaslin2"
"965","All","k__Bacteria.p__Bacteroidota.c__Bacteroidia.o__Cytophagales.f__Cyclobacteriaceae.g__Tunicatimonas.s__.ASV_6474","season","September",0.563961593631033,0.594124992755598,0.352815154531955,"seasonSeptember",0.45774567199379,24,6,"","maaslin2"
"966","All","k__Bacteria.p__Rhodothermota.c__Rhodothermia.o__Rhodothermales.f__Rhodothermaceae.g__Rubricoccus.s__.ASV_12641","season","September",0.43239759961708,0.456713106149558,0.354045073381594,"seasonSeptember",0.458865871504923,24,6,"","maaslin2"
"967","All","k__Bacteria.p__Bacteroidota.c__Bacteroidia.o__Cytophagales.f__Cyclobacteriaceae.g__Tunicatimonas.s__.ASV_1480","season","September",-0.606983587629744,0.645804238677838,0.357481025386955,"seasonSeptember",0.46283996254857,24,11,"","maaslin2"
"968","All","k__Bacteria.p__Gemmatimonadota.c__Longimicrobiia.o__Longimicrobiales.f__Longimicrobiaceae.g__.s__.ASV_10767","season","September",0.283203141371431,0.301635673225235,0.357981130179345,"seasonSeptember",0.463008651843533,24,5,"","maaslin2"
"969","All","k__Bacteria.p__Pseudomonadota.c__Alphaproteobacteria.o__Rhodobacterales.f__Paracoccaceae.g__Silicimonas.s__.ASV_15668","season","September",-0.551510673683457,0.590788856396301,0.360687129174957,"seasonSeptember",0.465825803289625,24,10,"","maaslin2"
"970","All","k__Bacteria.p__Actinomycetota.c__Actinobacteria.o__Nitriliruptorales.f__Nitriliruptoraceae.g__.s__.ASV_1950","season","September",-0.355779648560597,0.381293002580407,0.360903377948032,"seasonSeptember",0.465825803289625,24,8,"","maaslin2"
"971","All","k__Bacteria.p__Actinomycetota.c__Actinobacteria.o__Nitriliruptorales.f__Nitriliruptoraceae.g__.s__.ASV_2255","season","September",0.710056877514261,0.76356540436699,0.362503342269145,"seasonSeptember",0.466928173375483,24,18,"","maaslin2"
"972","All","k__Bacteria.p__Bacteroidota.c__Bacteroidia.o__Cytophagales.f__Cyclobacteriaceae.g__Tunicatimonas.s__.ASV_14216","season","September",-0.757235978661215,0.813985246385505,0.362321393835642,"seasonSeptember",0.466928173375483,24,12,"","maaslin2"
"973","All","k__Bacteria.p__Verrucomicrobiota.c__Verrucomicrobiia.o__Verrucomicrobiales.f__Rubritaleaceae.g__Haloferula.s__.ASV_13415","season","September",0.560850959482065,0.610520286048885,0.368244358286376,"seasonSeptember",0.473835494937865,24,5,"","maaslin2"
"974","All","k__Bacteria.p__Pseudomonadota.c__Alphaproteobacteria.o__Kiloniellales.f__Kiloniellaceae.g__Pelagibius.s__.ASV_3338","season","September",-0.307567434173499,0.337843499172721,0.372487025436887,"seasonSeptember",0.478311544458443,24,4,"","maaslin2"
"975","All","k__Bacteria.p__Bacteroidota.c__Bacteroidia.o__Flavobacteriales.f__Flavobacteriaceae.g__Mesohalobacter.s__.ASV_1762","season","September",-0.648556106023548,0.711956644704568,0.37219603087692,"seasonSeptember",0.478311544458443,24,8,"","maaslin2"
"976","All","k__Bacteria.p__Pseudomonadota.c__Alphaproteobacteria.o__Sphingomonadales.f__Sphingomonadaceae.g__Aurantiacibacter.s__.ASV_12729","season","September",-0.433430229264234,0.477603106766516,0.37397030429609,"seasonSeptember",0.479233184215665,24,8,"","maaslin2"
"977","All","k__Bacteria.p__Bacteroidota.c__Bacteroidia.o__Chitinophagales.f__Saprospiraceae.g__.s__.ASV_6128","season","September",-0.305081167289817,0.336041111657458,0.373785649275753,"seasonSeptember",0.479233184215665,24,3,"","maaslin2"
"978","All","k__Bacteria.p__Bacteroidota.c__Bacteroidia.o__Cytophagales.f__Cyclobacteriaceae.g__Fulvivirga.s__.ASV_488","season","September",0.530207066673145,0.586126256011478,0.375479766990564,"seasonSeptember",0.480675529930661,24,9,"","maaslin2"
"979","All","k__Bacteria.p__Actinomycetota.c__Actinobacteria.o__Euzebyales.f__Euzebyaceae.g__Euzebya.s__.ASV_2264","season","September",-0.370624398602491,0.410796632474594,0.376718052208608,"seasonSeptember",0.48176813214012,24,7,"","maaslin2"
"980","All","k__Bacteria.p__Rhodothermota.c__Rhodothermia.o__Rhodothermales.f__Rhodothermaceae.g__.s__.ASV_14091","season","September",-1.03325613212656,1.16381820135568,0.384243704573955,"seasonSeptember",0.490890936863868,24,22,"","maaslin2"
"981","All","k__Bacteria.p__Bacteroidota.c__Bacteroidia.o__Cytophagales.f__Cyclobacteriaceae.g__.s__.ASV_9163","season","September",0.358221524389545,0.408449313781628,0.38994821454896,"seasonSeptember",0.4976709119422,24,5,"","maaslin2"
"982","All","k__Bacteria.p__Cyanobacteriota.c__Cyanobacteriia.o__Cyanobacteriales.f__Microcystaceae.g__Synechocystis_BDHKU.20401.s__.ASV_1439","season","September",0.417715037401439,0.480526873843147,0.394076278808113,"seasonSeptember",0.502427190496698,24,5,"","maaslin2"
"983","All","k__Bacteria.p__Deinococcota.c__Deinococci.o__Deinococcales.f__Trueperaceae.g__Truepera.s__.ASV_110","season","September",0.553613372252624,0.638735485052587,0.395443136177402,"seasonSeptember",0.503145128550922,24,17,"","maaslin2"
"984","All","k__Bacteria.p__Cyanobacteriota.c__Cyanobacteriia.o__Cyanobacteriales.f__Paraspirulinaceae.g__ESFC.1.s__.ASV_1387","season","September",0.348964213813247,0.402350187798549,0.395131552539485,"seasonSeptember",0.503145128550922,24,3,"","maaslin2"
"985","All","k__Bacteria.p__Pseudomonadota.c__Gammaproteobacteria.o__Pseudomonadales.f__Hahellaceae.g__Hahella.s__.ASV_139","season","September",0.515255317744068,0.595305258592429,0.396088029240563,"seasonSeptember",0.503454022953487,24,4,"","maaslin2"
"986","All","k__Bacteria.p__Actinomycetota.c__Actinobacteria.o__Euzebyales.f__Euzebyaceae.g__.s__.ASV_8144","season","September",0.316135103522812,0.368802425701573,0.400579525140123,"seasonSeptember",0.508646618129243,24,4,"","maaslin2"
"987","All","k__Bacteria.p__Pseudomonadota.c__Alphaproteobacteria.o__Sphingomonadales.f__Sphingomonadaceae.g__Aurantiacibacter.s__.ASV_726","season","September",-0.328913388433074,0.384978809778381,0.402109382542023,"seasonSeptember",0.509555614314385,24,5,"","maaslin2"
"988","All","k__Bacteria.p__Nitrospirota.c__Nitrospiria.o__Nitrospirales.f__Nitrospiraceae.g__Nitrospira.s__.ASV_10748","season","September",-0.174706713644051,0.204326887328462,0.401747525118668,"seasonSeptember",0.509555614314385,24,3,"","maaslin2"
"989","All","k__Bacteria.p__Pseudomonadota.c__Alphaproteobacteria.o__Rhodobacterales.f__Paracoccaceae.g__Palleronia.Pseudomaribius.s__.ASV_11632","season","September",0.25143670971868,0.294950518061329,0.403138202698083,"seasonSeptember",0.509850195727444,24,4,"","maaslin2"
"990","All","k__Bacteria.p__Cyanobacteriota.c__Cyanobacteriia.o__Cyanobacteriales.f__Microcystaceae.g__Synechocystis_BDHKU.20401.s__.ASV_733","season","September",0.320211898977323,0.375642681889007,0.40315630492825,"seasonSeptember",0.509850195727444,24,3,"","maaslin2"
"991","All","k__Bacteria.p__Actinomycetota.c__Actinobacteria.o__Euzebyales.f__Euzebyaceae.g__.s__.ASV_3368","season","September",0.482518272282958,0.572937163438235,0.408747619858807,"seasonSeptember",0.516399616612741,24,5,"","maaslin2"
"992","All","k__Bacteria.p__Acidobacteriota.c__Thermoanaerobaculia.o__Thermoanaerobaculales.f__Thermoanaerobaculaceae.g__Subgroup_10.s__.ASV_15757","season","September",-0.670877034874064,0.80445375277131,0.41327090693521,"seasonSeptember",0.521587878510971,24,15,"","maaslin2"
"993","All","k__Bacteria.p__Cyanobacteriota.c__Cyanobacteriia.o__Phormidesmiales.f__Phormidesmiaceae.g__Phormidesmis_ANT.LACV5.1.s__.ASV_2907","season","September",-0.426242645422768,0.514123211959746,0.415971442389547,"seasonSeptember",0.524467518501222,24,4,"","maaslin2"
"994","All","k__Bacteria.p__Pseudomonadota.c__Gammaproteobacteria.o__Enterobacterales.f__Vibrionaceae.g__Vibrio.s__.ASV_4336","season","September",0.36930053131445,0.451592240413488,0.422255051776711,"seasonSeptember",0.531854451533644,24,5,"","maaslin2"
"995","All","k__Bacteria.p__Cyanobacteriota.c__Cyanobacteriia.o__Cyanobacteriales.f__Xenococcaceae.g__Myxosarcina_GI1.s__.ASV_3786","season","September",-0.578618057182502,0.710422095919686,0.424104398035583,"seasonSeptember",0.533646941045779,24,11,"","maaslin2"
"996","All","k__Bacteria.p__Rhodothermota.c__Rhodothermia.o__Rhodothermales.f__Rhodothermaceae.g__.s__.ASV_10153","season","September",-0.432501736865428,0.533375570744257,0.426122263169418,"seasonSeptember",0.535329319839529,24,9,"","maaslin2"
"997","All","k__Bacteria.p__Cyanobacteriota.c__Cyanobacteriia.o__Cyanobacteriales.f__Nostocaceae.g__Rivularia_PCC.7116.s__.ASV_10615","season","September",-0.403631595304342,0.497962331949728,0.426296590958475,"seasonSeptember",0.535329319839529,24,5,"","maaslin2"
"998","All","k__Bacteria.p__Actinomycetota.c__Acidimicrobiia.o__Microtrichales.f__Ilumatobacteraceae.g__Ilumatobacter.s__.ASV_249","season","September",0.358611363423973,0.445224515337239,0.429173418823864,"seasonSeptember",0.538401924215909,24,18,"","maaslin2"
"999","All","k__Bacteria.p__Bacteroidota.c__Bacteroidia.o__Chitinophagales.f__Saprospiraceae.g__Lewinella.s__.ASV_4316","season","September",0.70295748159464,0.874044834885447,0.429853671980357,"seasonSeptember",0.538715512832239,24,8,"","maaslin2"
"1000","All","k__Bacteria.p__Bacteroidota.c__Bacteroidia.o__Chitinophagales.f__Saprospiraceae.g__Lewinella.s__.ASV_4172","season","September",0.306701793685924,0.382273312436839,0.430955578010553,"seasonSeptember",0.539556383669212,24,7,"","maaslin2"
"1001","All","k__Bacteria.p__Pseudomonadota.c__Alphaproteobacteria.o__Rhodobacterales.f__Paracoccaceae.g__Actibacterium.s__.ASV_137","season","September",-0.385654873551057,0.481252630851835,0.431495858323193,"seasonSeptember",0.539693121499139,24,11,"","maaslin2"
"1002","All","k__Bacteria.p__Pseudomonadota.c__Gammaproteobacteria.o__Enterobacterales.f__Vibrionaceae.g__.s__.ASV_4625","season","September",0.557818360431231,0.702004688065483,0.43533042953624,"seasonSeptember",0.54340348731742,24,8,"","maaslin2"
"1003","All","k__Bacteria.p__Cyanobacteriota.c__Cyanobacteriia.o__Cyanobacteriales.f__Xenococcaceae.g__Myxosarcina_GI1.s__.ASV_12810","season","September",0.349890579549558,0.440063684950707,0.43505527037898,"seasonSeptember",0.54340348731742,24,7,"","maaslin2"
"1004","All","k__Bacteria.p__Pseudomonadota.c__Alphaproteobacteria.o__Sphingomonadales.f__Sphingomonadaceae.g__Sphingomicrobium.s__.ASV_1202","season","September",-0.467432219259163,0.591959823172362,0.438169320564409,"seasonSeptember",0.545595312336119,24,6,"","maaslin2"
"1005","All","k__Bacteria.p__Bacteroidota.c__Bacteroidia.o__Chitinophagales.f__Saprospiraceae.g__Phaeodactylibacter.s__.ASV_15113","season","September",-0.404518988843542,0.511607034024916,0.437570095916398,"seasonSeptember",0.545595312336119,24,7,"","maaslin2"
"1006","All","k__Bacteria.p__Rhodothermota.c__Rhodothermia.o__Rhodothermales.f__Rhodothermaceae.g__Rubrivirga.s__.ASV_10373","season","September",0.334631663940186,0.423990720168856,0.438393677484134,"seasonSeptember",0.545595312336119,24,5,"","maaslin2"
"1007","All","k__Bacteria.p__Bacteroidota.c__Bacteroidia.o__Flavobacteriales.f__Cryomorphaceae.g__Owenweeksia.s__.ASV_3656","season","September",0.356503727745735,0.457194934472876,0.443838804222336,"seasonSeptember",0.55130038349813,24,7,"","maaslin2"
"1008","All","k__Bacteria.p__Cyanobacteriota.c__Cyanobacteriia.o__Cyanobacteriales.f__Microcystaceae.g__Cyanothece_ATCC_51142_.UCYN.C..s__.ASV_6579","season","September",-0.284093891022869,0.364349529510437,0.443858455723734,"seasonSeptember",0.55130038349813,24,6,"","maaslin2"
"1009","All","k__Bacteria.p__Rhodothermota.c__Rhodothermia.o__Rhodothermales.f__Rhodothermaceae.g__.s__.ASV_4914","season","September",0.273555547456268,0.352755184216928,0.446310885195386,"seasonSeptember",0.553797054771678,24,5,"","maaslin2"
"1010","All","k__Bacteria.p__Actinomycetota.c__Actinobacteria.o__Nitriliruptorales.f__Nitriliruptoraceae.g__.s__.ASV_3062","season","September",-0.277106908183434,0.359346876923705,0.448827270903533,"seasonSeptember",0.556058664977784,24,7,"","maaslin2"
"1011","All","k__Bacteria.p__Pseudomonadota.c__Gammaproteobacteria.o__Enterobacterales.f__Vibrionaceae.g__Vibrio.s__.ASV_10629","season","September",0.48028477099966,0.623975016346058,0.449653483710624,"seasonSeptember",0.556058664977784,24,7,"","maaslin2"
"1012","All","k__Bacteria.p__Chloroflexota.c__Anaerolineae.o__Aggregatilineales.f__A4b.g__.s__.ASV_14457","season","September",-0.398591522698806,0.518138188028091,0.44991008596046,"seasonSeptember",0.556058664977784,24,7,"","maaslin2"
"1013","All","k__Bacteria.p__Acidobacteriota.c__Thermoanaerobaculia.o__Thermoanaerobaculales.f__Thermoanaerobaculaceae.g__Subgroup_10.s__.ASV_4632","season","September",-0.253749863507854,0.329461956911607,0.449376455970174,"seasonSeptember",0.556058664977784,24,7,"","maaslin2"
"1014","All","k__Bacteria.p__Pseudomonadota.c__Alphaproteobacteria.o__Rhodobacterales.f__Paracoccaceae.g__.s__.ASV_14979","season","September",-0.413987007100606,0.538872745378411,0.450509206126128,"seasonSeptember",0.556250025709973,24,10,"","maaslin2"
"1015","All","k__Bacteria.p__Rhodothermota.c__Rhodothermia.o__Rhodothermales.f__Rhodothermaceae.g__.s__.ASV_6356","season","September",0.260223940608363,0.343603177723793,0.456882544067191,"seasonSeptember",0.563563492780416,24,7,"","maaslin2"
"1016","All","k__Bacteria.p__Chloroflexota.c__Anaerolineae.o__Caldilineales.f__Caldilineaceae.g__.s__.ASV_6388","season","September",0.188816545918235,0.249575825458901,0.4573455002138,"seasonSeptember",0.563579297507557,24,3,"","maaslin2"
"1017","All","k__Bacteria.p__Bacteroidota.c__Bacteroidia.o__Cytophagales.f__Cyclobacteriaceae.g__Tunicatimonas.s__.ASV_4541","season","September",0.18206336680612,0.240934594501073,0.457871209386271,"seasonSeptember",0.563672324632853,24,3,"","maaslin2"
"1018","All","k__Bacteria.p__Cyanobacteriota.c__Cyanobacteriia.o__Cyanobacteriales.f__Xenococcaceae.g__Pleurocapsa_PCC.7319.s__.ASV_13765","season","September",0.316763329866395,0.419747423509784,0.45846043670634,"seasonSeptember",0.5638432875799,24,4,"","maaslin2"
"1019","All","k__Bacteria.p__Bacteroidota.c__Bacteroidia.o__Cytophagales.f__Cyclobacteriaceae.g__.s__.ASV_2729","season","September",0.468273812933383,0.621812035303064,0.459385815286325,"seasonSeptember",0.564022328985204,24,9,"","maaslin2"
"1020","All","k__Bacteria.p__Pseudomonadota.c__Alphaproteobacteria.o__Sphingomonadales.f__Sphingomonadaceae.g__.s__.ASV_4793","season","September",0.287410986635147,0.381752023170233,0.459507009237147,"seasonSeptember",0.564022328985204,24,4,"","maaslin2"
"1021","All","k__Bacteria.p__Rhodothermota.c__Rhodothermia.o__Rhodothermales.f__Rhodothermaceae.g__Rubrivirga.s__.ASV_4964","season","September",0.353204235585077,0.471380611167024,0.461615505225725,"seasonSeptember",0.565746198261294,24,8,"","maaslin2"
"1022","All","k__Bacteria.p__Cyanobacteriota.c__Cyanobacteriia.o__Cyanobacteriales.f__Xenococcaceae.g__.s__.ASV_11687","season","September",0.232976291824486,0.311066748264028,0.461815187398597,"seasonSeptember",0.565746198261294,24,6,"","maaslin2"
"1023","All","k__Bacteria.p__Bacteroidota.c__Bacteroidia.o__Cytophagales.f__Cyclobacteriaceae.g__Tunicatimonas.s__.ASV_745","season","September",-0.526215541634572,0.711018671227357,0.467072513044904,"seasonSeptember",0.571627357118495,24,9,"","maaslin2"
"1024","All","k__Bacteria.p__Rhodothermota.c__Rhodothermia.o__Rhodothermales.f__Rhodothermaceae.g__.s__.ASV_13236","season","September",0.456194948937855,0.619131806472542,0.469011157955532,"seasonSeptember",0.573439423594069,24,23,"","maaslin2"
"1025","All","k__Bacteria.p__Pseudomonadota.c__Alphaproteobacteria.o__Sphingomonadales.f__Sphingomonadaceae.g__Croceibacterium.s__.ASV_7944","season","September",0.277590087057019,0.377479067043963,0.469876637385946,"seasonSeptember",0.573937121958248,24,6,"","maaslin2"
"1026","All","k__Bacteria.p__Bacteroidota.c__Bacteroidia.o__Chitinophagales.f__Saprospiraceae.g__Lewinella.s__.ASV_2127","season","September",0.16334781391034,0.222509662640407,0.470630666453619,"seasonSeptember",0.574048587114749,24,3,"","maaslin2"
"1027","All","k__Bacteria.p__Pseudomonadota.c__Alphaproteobacteria.o__Rhodobacterales.f__Paracoccaceae.g__.s__.ASV_3279","season","September",-0.245401504728272,0.334475754291212,0.470884903328152,"seasonSeptember",0.574048587114749,24,4,"","maaslin2"
"1028","All","k__Bacteria.p__Acidobacteriota.c__Thermoanaerobaculia.o__Thermoanaerobaculales.f__Thermoanaerobaculaceae.g__Subgroup_10.s__.ASV_642","season","September",-0.393102130083068,0.53975550698068,0.474113430893133,"seasonSeptember",0.577175809803713,24,10,"","maaslin2"
"1029","All","k__Bacteria.p__Pseudomonadota.c__Gammaproteobacteria.o__Chromatiales.f__Sedimenticolaceae.g__Candidatus_Thiodiazotropha.s__.ASV_13335","season","September",-0.406623021660854,0.558651374490559,0.474372131220464,"seasonSeptember",0.577175809803713,24,5,"","maaslin2"
"1030","All","k__Bacteria.p__Pseudomonadota.c__Alphaproteobacteria.o__Rhodobacterales.f__Paracoccaceae.g__Actibacterium.s__.ASV_413","season","September",-0.320461687851341,0.443885150402375,0.477930881251972,"seasonSeptember",0.580941226531523,24,10,"","maaslin2"
"1031","All","k__Bacteria.p__Bacteroidota.c__Bacteroidia.o__Chitinophagales.f__Saprospiraceae.g__Lewinella.s__.ASV_14300","season","September",-0.614054503717284,0.857336056597463,0.481380334786237,"seasonSeptember",0.58456661411481,24,12,"","maaslin2"
"1032","All","k__Bacteria.p__Pseudomonadota.c__Alphaproteobacteria.o__Kiloniellales.f__Kiloniellaceae.g__Pelagibius.s__.ASV_3850","season","September",-0.510349446086038,0.71422777055985,0.482402687906172,"seasonSeptember",0.585240470211751,24,13,"","maaslin2"
"1033","All","k__Bacteria.p__Myxococcota.c__Polyangiia.o__Polyangiales.f__Sandaracinaceae.g__.s__.ASV_6621","season","September",0.326618195949635,0.458761599800393,0.483974084647123,"seasonSeptember",0.586578464644916,24,6,"","maaslin2"
"1034","All","k__Bacteria.p__Acidobacteriota.c__Thermoanaerobaculia.o__Thermoanaerobaculales.f__Thermoanaerobaculaceae.g__Subgroup_10.s__.ASV_5652","season","September",-0.527169221966889,0.742253046718641,0.485023662469748,"seasonSeptember",0.586714613924758,24,6,"","maaslin2"
"1035","All","k__Bacteria.p__Pseudomonadota.c__Alphaproteobacteria.o__Caulobacterales.f__Parvularculaceae.g__Parvularcula.s__.ASV_7821","season","September",0.359917039600601,0.506617336944698,0.48490009321921,"seasonSeptember",0.586714613924758,24,6,"","maaslin2"
"1036","All","k__Bacteria.p__Bacteroidota.c__Bacteroidia.o__Chitinophagales.f__Saprospiraceae.g__.s__.ASV_12745","season","September",-0.543025010345235,0.770450261357061,0.488320516236683,"seasonSeptember",0.590132515760934,24,10,"","maaslin2"
"1037","All","k__Bacteria.p__Actinomycetota.c__Actinobacteria.o__Nitriliruptorales.f__Nitriliruptoraceae.g__.s__.ASV_9244","season","September",-0.461730915553418,0.656753852991758,0.489398215762846,"seasonSeptember",0.590864576793716,24,8,"","maaslin2"
"1038","All","k__Bacteria.p__Gemmatimonadota.c__Longimicrobiia.o__Longimicrobiales.f__Longimicrobiaceae.g__.s__.ASV_9886","season","September",0.479191458711625,0.685750635656478,0.492008930549444,"seasonSeptember",0.593444297734011,24,16,"","maaslin2"
"1039","All","k__Bacteria.p__Chloroflexota.c__Anaerolineae.o__Caldilineales.f__Caldilineaceae.g__.s__.ASV_6747","season","September",0.196358841151614,0.282575608008332,0.494398919951556,"seasonSeptember",0.595333194606221,24,5,"","maaslin2"
"1040","All","k__Bacteria.p__Rhodothermota.c__Rhodothermia.o__Rhodothermales.f__Rhodothermaceae.g__Rubrivirga.s__.ASV_4871","season","September",0.328795711878238,0.473303345305842,0.494525976350216,"seasonSeptember",0.595333194606221,24,5,"","maaslin2"
"1041","All","k__Bacteria.p__Bacteroidota.c__Bacteroidia.o__Cytophagales.f__Cyclobacteriaceae.g__Fulvivirga.s__.ASV_115","season","September",-0.257802617958381,0.372430285521396,0.496042888363987,"seasonSeptember",0.596013144176307,24,4,"","maaslin2"
"1042","All","k__Bacteria.p__Bacteroidota.c__Bacteroidia.o__Cytophagales.f__Cyclobacteriaceae.g__Ekhidna.s__.ASV_14662","season","September",-0.198518621127874,0.28673360061632,0.495964048997094,"seasonSeptember",0.596013144176307,24,6,"","maaslin2"
"1043","All","k__Bacteria.p__Pseudomonadota.c__Alphaproteobacteria.o__Sphingomonadales.f__Sphingomonadaceae.g__Parasphingopyxis.s__.ASV_5701","season","September",-0.393657907136393,0.569718858134663,0.496811915116522,"seasonSeptember",0.59621833667212,24,7,"","maaslin2"
"1044","All","k__Bacteria.p__Bacteroidota.c__Bacteroidia.o__Flavobacteriales.f__Flavobacteriaceae.g__Robiginitalea.s__.ASV_12043","season","September",-0.335894451210538,0.486525643118497,0.497166089046081,"seasonSeptember",0.59621833667212,24,5,"","maaslin2"
"1045","All","k__Bacteria.p__Gemmatimonadota.c__Longimicrobiia.o__Longimicrobiales.f__Longimicrobiaceae.g__.s__.ASV_5010","season","September",-0.332704348961382,0.484204033540088,0.499189490108578,"seasonSeptember",0.598072001546354,24,7,"","maaslin2"
"1046","All","k__Bacteria.p__Pseudomonadota.c__Gammaproteobacteria.o__Enterobacterales.f__Vibrionaceae.g__Vibrio.s__.ASV_12002","season","September",0.130256288366397,0.189803052725338,0.499711971140339,"seasonSeptember",0.598125609816161,24,3,"","maaslin2"
"1047","All","k__Bacteria.p__Pseudomonadota.c__Alphaproteobacteria.o__Hyphomicrobiales.f__Rhizobiaceae.g__.s__.ASV_7290","season","September",0.315014115606052,0.460645342147846,0.501207652350784,"seasonSeptember",0.599342866039333,24,6,"","maaslin2"
"1048","All","k__Bacteria.p__Pseudomonadota.c__Alphaproteobacteria.o__Rhodobacterales.f__Paracoccaceae.g__.s__.ASV_1438","season","September",-0.293398391838808,0.432060636651237,0.504177108735022,"seasonSeptember",0.601744270863916,24,5,"","maaslin2"
"1049","All","k__Bacteria.p__Rhodothermota.c__Rhodothermia.o__Rhodothermales.f__Rhodothermaceae.g__.s__.ASV_12679","season","September",0.320941894574933,0.472315412251219,0.503903755175815,"seasonSeptember",0.601744270863916,24,4,"","maaslin2"
"1050","All","k__Bacteria.p__Bacteroidota.c__Bacteroidia.o__Flavobacteriales.f__Flavobacteriaceae.g__Robertkochia.s__.ASV_13422","season","September",0.321515211528259,0.479653308752049,0.509637599232596,"seasonSeptember",0.607682165942105,24,8,"","maaslin2"
"1051","All","k__Bacteria.p__Actinomycetota.c__Rubrobacteria.o__Rubrobacterales.f__Rubrobacteriaceae.g__Rubrobacter.s__.ASV_9121","season","September",0.349769660383251,0.527140702973078,0.513889648918707,"seasonSeptember",0.612169210700496,24,4,"","maaslin2"
"1052","All","k__Bacteria.p__Actinomycetota.c__Acidimicrobiia.o__Microtrichales.f__Ilumatobacteraceae.g__Ilumatobacter.s__.ASV_9292","season","September",0.386352539780024,0.586968941766983,0.517228529426328,"seasonSeptember",0.615560949469356,24,8,"","maaslin2"
"1053","All","k__Bacteria.p__Pseudomonadota.c__Alphaproteobacteria.o__Sphingomonadales.f__Sphingomonadaceae.g__.s__.ASV_14461","season","September",0.377065416591338,0.57678222605575,0.52005481966923,"seasonSeptember",0.618336784639958,24,5,"","maaslin2"
"1054","All","k__Bacteria.p__Pseudomonadota.c__Gammaproteobacteria.o__Pseudomonadales.f__Halieaceae.g__Parahaliea.s__.ASV_7963","season","September",-0.48858095726265,0.75448745489836,0.523965968880469,"seasonSeptember",0.622396008575282,24,9,"","maaslin2"
"1055","All","k__Bacteria.p__Bacteroidota.c__Bacteroidia.o__Flavobacteriales.f__Flavobacteriaceae.g__Flavimarina.s__.ASV_14451","season","September",0.551102324701337,0.853210301770127,0.52501447148472,"seasonSeptember",0.623050349098455,24,17,"","maaslin2"
"1056","All","k__Bacteria.p__Pseudomonadota.c__Alphaproteobacteria.o__Rhodobacterales.f__Paracoccaceae.g__.s__.ASV_8503","season","September",-0.163659376750201,0.253878093243979,0.525827433122529,"seasonSeptember",0.623424191542999,24,5,"","maaslin2"
"1057","All","k__Bacteria.p__Myxococcota.c__Polyangiia.o__Polyangiales.f__Sandaracinaceae.g__.s__.ASV_3531","season","September",-0.340152374996811,0.532684795691589,0.529699975290292,"seasonSeptember",0.626877165102934,24,10,"","maaslin2"
"1058","All","k__Bacteria.p__Cyanobacteriota.c__Cyanobacteriia.o__Cyanobacteriales.f__Nostocaceae.g__Rivularia_PCC.7116.s__.ASV_12444","season","September",0.387927623285725,0.608260630856306,0.530208969512858,"seasonSeptember",0.626877165102934,24,7,"","maaslin2"
"1059","All","k__Bacteria.p__Pseudomonadota.c__Alphaproteobacteria.o__Rhodobacterales.f__Paracoccaceae.g__Actibacterium.s__.ASV_14718","season","September",-0.138752046392934,0.217577279735134,0.53024194715975,"seasonSeptember",0.626877165102934,24,3,"","maaslin2"
"1060","All","k__Bacteria.p__Pseudomonadota.c__Gammaproteobacteria.o__Pseudomonadales.f__Spongiibacteraceae.g__.s__.ASV_9864","season","September",0.297044846649961,0.470149247733245,0.534022214905528,"seasonSeptember",0.628970661393905,24,8,"","maaslin2"
"1061","All","k__Bacteria.p__Thermodesulfobacteriota.c__Desulfobacteria.o__Desulfobacterales.f__Desulfosarcinaceae.g__SEEP.SRB1.s__.ASV_1671","season","September",-0.224150054669017,0.354083941944345,0.533231911148518,"seasonSeptember",0.628970661393905,24,10,"","maaslin2"
"1062","All","k__Bacteria.p__Thermodesulfobacteriota.c__Desulfuromonadia.o__Desulfuromonadales.f__Sva1033.g__.s__.ASV_14710","season","September",-0.308817704809083,0.488042287651091,0.533407430619924,"seasonSeptember",0.628970661393905,24,6,"","maaslin2"
"1063","All","k__Bacteria.p__Pseudomonadota.c__Gammaproteobacteria.o__Granulosicoccales.f__Granulosicoccaceae.g__Granulosicoccus.s__.ASV_5565","season","September",-0.223958785844763,0.354361782364603,0.533896260751642,"seasonSeptember",0.628970661393905,24,7,"","maaslin2"
"1064","All","k__Bacteria.p__Pseudomonadota.c__Gammaproteobacteria.o__Enterobacterales.f__Vibrionaceae.g__Vibrio.s__.ASV_13283","season","September",0.197669005977908,0.315286090015989,0.537143812755937,"seasonSeptember",0.632052681927099,24,3,"","maaslin2"
"1065","All","k__Bacteria.p__Pseudomonadota.c__Alphaproteobacteria.o__Rhodobacterales.f__Paracoccaceae.g__.s__.ASV_10445","season","September",0.466408022472621,0.748113158190808,0.539402159717127,"seasonSeptember",0.634114088230838,24,12,"","maaslin2"
"1066","All","k__Bacteria.p__Bacteroidota.c__Bacteroidia.o__Flavobacteriales.f__Flavobacteriaceae.g__Robertkochia.s__.ASV_468","season","September",0.19926903780714,0.321557276760761,0.541821005948424,"seasonSeptember",0.636360130813722,24,8,"","maaslin2"
"1067","All","k__Bacteria.p__Bdellovibrionota.c__Oligoflexia.o__Oligoflexales.f__Oligoflexaceae.g__.s__.ASV_2184","season","September",-0.273120394851257,0.445217283570575,0.545867026952049,"seasonSeptember",0.639911533468133,24,9,"","maaslin2"
"1068","All","k__Bacteria.p__Pseudomonadota.c__Gammaproteobacteria.o__Pseudomonadales.f__Marinomonadaceae.g__Marinomonas.s__.ASV_10996","season","September",0.351905799520569,0.573274118985774,0.545608451386481,"seasonSeptember",0.639911533468133,24,7,"","maaslin2"
"1069","All","k__Bacteria.p__Pseudomonadota.c__Gammaproteobacteria.o__Pseudomonadales.f__Alcanivoracaceae.g__Ketobacter.s__.ASV_15924","season","September",0.422877593944179,0.699586747230966,0.551716411686796,"seasonSeptember",0.64616365522158,24,5,"","maaslin2"
"1070","All","k__Bacteria.p__Bacteroidota.c__Bacteroidia.o__Chitinophagales.f__Saprospiraceae.g__.s__.ASV_495","season","September",0.451004454932137,0.757818967987515,0.557825970367489,"seasonSeptember",0.652708518598221,24,9,"","maaslin2"
"1071","All","k__Bacteria.p__Actinomycetota.c__Actinobacteria.o__Mycobacteriales.f__Mycobacteriaceae.g__Mycobacterium.s__.ASV_6684","season","September",0.469289509017186,0.81158749057601,0.568976933420012,"seasonSeptember",0.665134566425636,24,12,"","maaslin2"
"1072","All","k__Bacteria.p__Myxococcota.c__Polyangiia.o__Polyangiales.f__BIrii41.g__.s__.ASV_14712","season","September",-0.349898605980793,0.606221545105586,0.569678247216721,"seasonSeptember",0.665333176786693,24,11,"","maaslin2"
"1073","All","k__Bacteria.p__Myxococcota.c__Polyangiia.o__Polyangiales.f__Sandaracinaceae.g__.s__.ASV_1122","season","September",-0.127035793197323,0.220415721559602,0.570231276444899,"seasonSeptember",0.665358395255371,24,3,"","maaslin2"
"1074","All","k__Bacteria.p__Pseudomonadota.c__Alphaproteobacteria.o__.f__Neomegalonemataceae.g__Acuticoccus.s__.ASV_4730","season","September",0.384397154964274,0.66931423418946,0.571580921150577,"seasonSeptember",0.666312209758401,24,7,"","maaslin2"
"1075","All","k__Bacteria.p__Actinomycetota.c__Acidimicrobiia.o__Microtrichales.f__Ilumatobacteraceae.g__Ilumatobacter.s__.ASV_8483","season","September",-0.120176051757861,0.20978507378931,0.5725530766629,"seasonSeptember",0.666824606494838,24,5,"","maaslin2"
"1076","All","k__Bacteria.p__Rhodothermota.c__Rhodothermia.o__Rhodothermales.f__Rhodothermaceae.g__.s__.ASV_13433","season","September",-0.370758519262725,0.649872522123001,0.57411349427002,"seasonSeptember",0.667400273747507,24,10,"","maaslin2"
"1077","All","k__Bacteria.p__Cyanobacteriota.c__Cyanobacteriia.o__Cyanobacteriales.f__Xenococcaceae.g__Pleurocapsa_PCC.7319.s__.ASV_1835","season","September",0.226859984975542,0.397415178861876,0.57389421389362,"seasonSeptember",0.667400273747507,24,4,"","maaslin2"
"1078","All","k__Bacteria.p__Pseudomonadota.c__Alphaproteobacteria.o__Rhodobacterales.f__Paracoccaceae.g__Pikeienuella.s__.ASV_9663","season","September",-0.247869090959311,0.437926906851097,0.577118385107135,"seasonSeptember",0.670271074354484,24,4,"","maaslin2"
"1079","All","k__Bacteria.p__Rhodothermota.c__Rhodothermia.o__Rhodothermales.f__Rhodothermaceae.g__.s__.ASV_14560","season","September",0.232702650342265,0.41518767097387,0.58081846400611,"seasonSeptember",0.673441481994871,24,9,"","maaslin2"
"1080","All","k__Bacteria.p__Bdellovibrionota.c__Bdellovibrionia.o__Bdellovibrionales.f__Pseudobdellovibrionaceae.g__OM27_clade.s__.ASV_3144","season","September",0.263325197888124,0.469956354104725,0.580923962104202,"seasonSeptember",0.673441481994871,24,5,"","maaslin2"
"1081","All","k__Bacteria.p__Actinomycetota.c__Actinobacteria.o__Nitriliruptorales.f__Nitriliruptoraceae.g__.s__.ASV_7144","season","September",0.418692338567941,0.7505836005247,0.582598124187539,"seasonSeptember",0.674757494433672,24,19,"","maaslin2"
"1082","All","k__Bacteria.p__Myxococcota.c__Polyangiia.o__Polyangiales.f__Sandaracinaceae.g__.s__.ASV_1071","season","September",-0.453879741715152,0.818039947935885,0.584602931219212,"seasonSeptember",0.676453669026297,24,9,"","maaslin2"
"1083","All","k__Bacteria.p__Chloroflexota.c__Anaerolineae.o__Anaerolineales.f__Anaerolineaceae.g__.s__.ASV_5166","season","September",-0.311874377801984,0.564780140515615,0.586374722608411,"seasonSeptember",0.677251985890895,24,6,"","maaslin2"
"1084","All","k__Bacteria.p__Bacteroidota.c__Bacteroidia.o__Chitinophagales.f__Saprospiraceae.g__.s__.ASV_8127","season","September",0.381709793078763,0.690645014347168,0.586050862346493,"seasonSeptember",0.677251985890895,24,10,"","maaslin2"
"1085","All","k__Bacteria.p__Pseudomonadota.c__Alphaproteobacteria.o__Sphingomonadales.f__Sphingomonadaceae.g__Aurantiacibacter.s__.ASV_6586","season","September",0.298958149406436,0.544699850763121,0.588636456052441,"seasonSeptember",0.679237643297379,24,17,"","maaslin2"
"1086","All","k__Bacteria.p__Pseudomonadota.c__Alphaproteobacteria.o__Rhodobacterales.f__Paracoccaceae.g__Pikeienuella.s__.ASV_14678","season","September",-0.335731824039581,0.621047007332636,0.594221652514513,"seasonSeptember",0.684652192563656,24,6,"","maaslin2"
"1087","All","k__Bacteria.p__Pseudomonadota.c__Gammaproteobacteria.o__Steroidobacterales.f__Woeseiaceae.g__Woeseia.s__.ASV_390","season","September",-0.136426250969294,0.252503833978486,0.594422470700235,"seasonSeptember",0.684652192563656,24,3,"","maaslin2"
"1088","All","k__Bacteria.p__Pseudomonadota.c__Gammaproteobacteria.o__Steroidobacterales.f__Woeseiaceae.g__Woeseia.s__.ASV_15362","season","September",-0.229528168964944,0.426634978430039,0.595980746471263,"seasonSeptember",0.685816079579063,24,11,"","maaslin2"
"1089","All","k__Bacteria.p__Pseudomonadota.c__Alphaproteobacteria.o__Sphingomonadales.f__Sphingomonadaceae.g__.s__.ASV_10845","season","September",-0.171666557308168,0.320663381221877,0.597779755043987,"seasonSeptember",0.687254594412371,24,24,"","maaslin2"
"1090","All","k__Bacteria.p__Bacteroidota.c__Bacteroidia.o__Cytophagales.f__Cyclobacteriaceae.g__Tunicatimonas.s__.ASV_7191","season","September",-0.397185672077903,0.751629353992038,0.602489536633251,"seasonSeptember",0.691741065889992,24,11,"","maaslin2"
"1091","All","k__Bacteria.p__Pseudomonadota.c__Alphaproteobacteria.o__Rhodobacterales.f__Paracoccaceae.g__.s__.ASV_6066","season","September",0.275354749667314,0.521508369322394,0.602787142880177,"seasonSeptember",0.691741065889992,24,8,"","maaslin2"
"1092","All","k__Bacteria.p__Pseudomonadota.c__Alphaproteobacteria.o__Hyphomicrobiales.f__Methyloligellaceae.g__Methyloceanibacter.s__.ASV_12775","season","September",-0.276434131023385,0.525329277031446,0.604006468365698,"seasonSeptember",0.692505584609756,24,9,"","maaslin2"
"1093","All","k__Bacteria.p__Actinomycetota.c__Actinobacteria.o__Propionibacteriales.f__Nocardioidaceae.g__Nocardioides.s__.ASV_12135","season","September",-0.289380566914065,0.552251237430451,0.605516871548663,"seasonSeptember",0.693602125506794,24,6,"","maaslin2"
"1094","All","k__Bacteria.p__Bacteroidota.c__Bacteroidia.o__Cytophagales.f__Cyclobacteriaceae.g__Tunicatimonas.s__.ASV_8500","season","September",-0.498680685811178,0.96038375582396,0.608770181283311,"seasonSeptember",0.696691286075599,24,13,"","maaslin2"
"1095","All","k__Bacteria.p__Pseudomonadota.c__Alphaproteobacteria.o__Rhodobacterales.f__Paracoccaceae.g__Actibacterium.s__.ASV_1137","season","September",0.083916107436719,0.16211894179461,0.609889040478337,"seasonSeptember",0.697334318428199,24,3,"","maaslin2"
"1096","All","k__Bacteria.p__Bacteroidota.c__Bacteroidia.o__Flavobacteriales.f__Flavobacteriaceae.g__Aquimarina.s__.ASV_592","season","September",-0.367839157029042,0.71532918037513,0.612222707688938,"seasonSeptember",0.698726371947631,24,7,"","maaslin2"
"1097","All","k__Bacteria.p__Pseudomonadota.c__Alphaproteobacteria.o__Rhodobacterales.f__Paracoccaceae.g__Halodurantibacterium.s__.ASV_2265","season","September",-0.316391595623759,0.614315776298641,0.611667751381881,"seasonSeptember",0.698726371947631,24,12,"","maaslin2"
"1098","All","k__Bacteria.p__Myxococcota.c__Polyangiia.o__Polyangiales.f__Sandaracinaceae.g__.s__.ASV_7463","season","September",-0.39910579325588,0.782715960042602,0.615199974063824,"seasonSeptember",0.700846558260152,24,15,"","maaslin2"
"1099","All","k__Bacteria.p__Pseudomonadota.c__Alphaproteobacteria.o__Kiloniellales.f__Kiloniellaceae.g__.s__.ASV_7939","season","September",0.129699441321338,0.254362321862144,0.615198774669734,"seasonSeptember",0.700846558260152,24,4,"","maaslin2"
"1100","All","k__Bacteria.p__Planctomycetota.c__Planctomycetes.o__Planctomycetales.f__Rubinisphaeraceae.g__Planctomicrobium.s__.ASV_4177","season","September",-0.179061789745285,0.352151953920758,0.616178873326755,"seasonSeptember",0.70132359036827,24,5,"","maaslin2"
"1101","All","k__Bacteria.p__Pseudomonadota.c__Gammaproteobacteria.o__Enterobacterales.f__Vibrionaceae.g__Vibrio.s__.ASV_1505","season","September",0.172495481507514,0.345961648188441,0.623011743510976,"seasonSeptember",0.708456587534734,24,6,"","maaslin2"
"1102","All","k__Bacteria.p__Pseudomonadota.c__Alphaproteobacteria.o__Rhodobacterales.f__Paracoccaceae.g__.s__.ASV_8835","season","September",-0.324622339039663,0.657798050630835,0.626550982233101,"seasonSeptember",0.711834691248495,24,9,"","maaslin2"
"1103","All","k__Bacteria.p__Pseudomonadota.c__Alphaproteobacteria.o__Rhodobacterales.f__Paracoccaceae.g__Limibaculum.s__.ASV_8852","season","September",-0.197863365392655,0.402069480884337,0.627514752967816,"seasonSeptember",0.712283291673351,24,4,"","maaslin2"
"1104","All","k__Bacteria.p__Cyanobacteriota.c__Cyanobacteriia.o__Cyanobacteriales.f__Nostocaceae.g__Rivularia_PCC.7116.s__.ASV_8325","season","September",0.711565795760469,1.47256760421242,0.633717733030796,"seasonSeptember",0.718672646516809,24,12,"","maaslin2"
"1105","All","k__Bacteria.p__Actinomycetota.c__Actinobacteria.o__Propionibacteriales.f__Propionibacteriaceae.g__.s__.ASV_8927","season","September",0.263882665816105,0.548880427334068,0.635429876788475,"seasonSeptember",0.719962177139521,24,8,"","maaslin2"
"1106","All","k__Bacteria.p__Actinomycetota.c__Actinobacteria.o__Nitriliruptorales.f__Nitriliruptoraceae.g__.s__.ASV_3378","season","September",-0.368409842274683,0.768442041341039,0.636368217442674,"seasonSeptember",0.720373425170188,24,16,"","maaslin2"
"1107","All","k__Bacteria.p__Pseudomonadota.c__Alphaproteobacteria.o__Rhodobacterales.f__Paracoccaceae.g__.s__.ASV_7108","season","September",-0.202881456207012,0.425633713873686,0.638306428648857,"seasonSeptember",0.721914768444778,24,7,"","maaslin2"
"1108","All","k__Bacteria.p__Cyanobacteriota.c__Cyanobacteriia.o__Phormidesmiales.f__Phormidesmiaceae.g__Phormidium_MBIC10003.s__.ASV_5081","season","September",-0.21724549209422,0.456895005158558,0.639130351649485,"seasonSeptember",0.722194224066024,24,4,"","maaslin2"
"1109","All","k__Bacteria.p__Cyanobacteriota.c__Cyanobacteriia.o__Cyanobacteriales.f__Xenococcaceae.g__Pleurocapsa_PCC.7319.s__.ASV_1466","season","September",-0.348357507303937,0.737307840958202,0.641243048226697,"seasonSeptember",0.723928130189201,24,7,"","maaslin2"
"1110","All","k__Bacteria.p__Cyanobacteriota.c__Cyanobacteriia.o__Cyanobacteriales.f__Xenococcaceae.g__Pleurocapsa_PCC.7319.s__.ASV_6690","season","September",0.206183568735714,0.443690293421732,0.646711528668807,"seasonSeptember",0.72944399449851,24,10,"","maaslin2"
"1111","All","k__Bacteria.p__Bacteroidota.c__Bacteroidia.o__Cytophagales.f__Cyclobacteriaceae.g__Fulvivirga.s__.ASV_15281","season","September",-0.21968892961044,0.476922157028603,0.649578660764203,"seasonSeptember",0.732018436792784,24,6,"","maaslin2"
"1112","All","k__Bacteria.p__Myxococcota.c__Polyangiia.o__Haliangiales.f__Haliangiaceae.g__.s__.ASV_15528","season","September",-0.256186645109796,0.558408507184408,0.650892478035766,"seasonSeptember",0.732839372752499,24,7,"","maaslin2"
"1113","All","k__Bacteria.p__Pseudomonadota.c__Alphaproteobacteria.o__Kiloniellales.f__Kiloniellaceae.g__Tistlia.s__.ASV_11585","season","September",-0.215183942293245,0.469941507453978,0.651518223982368,"seasonSeptember",0.732884830571361,24,5,"","maaslin2"
"1114","All","k__Bacteria.p__Pseudomonadota.c__Alphaproteobacteria.o__Sphingomonadales.f__Sphingomonadaceae.g__Aurantiacibacter.s__.ASV_6948","season","September",-0.220937227185229,0.483479351105085,0.652170337575312,"seasonSeptember",0.732959840793798,24,24,"","maaslin2"
"1115","All","k__Bacteria.p__Bacteroidota.c__Bacteroidia.o__Cytophagales.f__Cyclobacteriaceae.g__.s__.ASV_8952","season","September",-0.243007556129217,0.539264090992215,0.656667387770711,"seasonSeptember",0.73735208025913,24,5,"","maaslin2"
"1116","All","k__Bacteria.p__Bacteroidota.c__Bacteroidia.o__Flavobacteriales.f__Flavobacteriaceae.g__Flavimarina.s__.ASV_13262","season","September",0.264706215181493,0.589816037305241,0.657969359651279,"seasonSeptember",0.738152005630288,24,7,"","maaslin2"
"1117","All","k__Bacteria.p__Pseudomonadota.c__Gammaproteobacteria.o__Pseudomonadales.f__Cellvibrionaceae.g__.s__.ASV_6741","season","September",0.314962468681686,0.704118981662508,0.659021269762075,"seasonSeptember",0.738670214630365,24,18,"","maaslin2"
"1118","All","k__Bacteria.p__Bacteroidota.c__Bacteroidia.o__Cytophagales.f__Cyclobacteriaceae.g__Marinoscillum.s__.ASV_10741","season","September",-0.225754210496111,0.511170763765949,0.663059152019677,"seasonSeptember",0.742531358075703,24,5,"","maaslin2"
"1119","All","k__Bacteria.p__Pseudomonadota.c__Alphaproteobacteria.o__Rhodobacterales.f__Paracoccaceae.g__Limibaculum.s__.ASV_13202","season","September",-0.12119601489737,0.275514329127749,0.664307930983222,"seasonSeptember",0.743264995166214,24,3,"","maaslin2"
"1120","All","k__Bacteria.p__Rhodothermota.c__Rhodothermia.o__Rhodothermales.f__Rhodothermaceae.g__Rubrivirga.s__.ASV_4932","season","September",0.320039147304657,0.733378706547202,0.666806485829964,"seasonSeptember",0.745394393088496,24,13,"","maaslin2"
"1121","All","k__Bacteria.p__Actinomycetota.c__Actinobacteria.o__Propionibacteriales.f__Nocardioidaceae.g__Nocardioides.s__.ASV_1509","season","September",0.141595743058975,0.325298973473361,0.667600582333235,"seasonSeptember",0.745616350652284,24,7,"","maaslin2"
"1122","All","k__Bacteria.p__Pseudomonadota.c__Alphaproteobacteria.o__Hyphomicrobiales.f__Rhizobiaceae.g__Pseudahrensia.s__.ASV_8399","season","September",0.122669399274383,0.284053537823113,0.670051121508643,"seasonSeptember",0.747568347591508,24,4,"","maaslin2"
"1123","All","k__Bacteria.p__Pseudomonadota.c__Alphaproteobacteria.o__Sphingomonadales.f__Sphingomonadaceae.g__.s__.ASV_8973","season","September",0.123733067275471,0.286972646988464,0.67054253541954,"seasonSeptember",0.747568347591508,24,3,"","maaslin2"
"1124","All","k__Bacteria.p__Bacteroidota.c__Bacteroidia.o__Cytophagales.f__Cyclobacteriaceae.g__Tunicatimonas.s__.ASV_7152","season","September",-0.0956140947293325,0.222664456143686,0.671801868564506,"seasonSeptember",0.748305995945517,24,5,"","maaslin2"
"1125","All","k__Bacteria.p__Pseudomonadota.c__Gammaproteobacteria.o__Granulosicoccales.f__Granulosicoccaceae.g__Granulosicoccus.s__.ASV_4598","season","September",-0.183479882895452,0.43480698797027,0.677134657610672,"seasonSeptember",0.753575636736499,24,5,"","maaslin2"
"1126","All","k__Bacteria.p__Pseudomonadota.c__Gammaproteobacteria.o__Pseudomonadales.f__Porticoccaceae.g__C1.B045.s__.ASV_15068","season","September",-0.26782858787725,0.641399305948263,0.680309250263393,"seasonSeptember",0.755765023362704,24,9,"","maaslin2"
"1127","All","k__Bacteria.p__Actinomycetota.c__Actinobacteria.o__Nitriliruptorales.f__Nitriliruptoraceae.g__.s__.ASV_2318","season","September",-0.13819306066763,0.330439197924867,0.679847485965815,"seasonSeptember",0.755765023362704,24,4,"","maaslin2"
"1128","All","k__Bacteria.p__Bacteroidota.c__Bacteroidia.o__Chitinophagales.f__Saprospiraceae.g__Lewinella.s__.ASV_11109","season","September",-0.223158480919082,0.545874362908959,0.686631900933469,"seasonSeptember",0.762112712738212,24,7,"","maaslin2"
"1129","All","k__Bacteria.p__Myxococcota.c__Polyangiia.o__Polyangiales.f__Sandaracinaceae.g__.s__.ASV_15934","season","September",-0.267620581571911,0.658008745223828,0.68814854330438,"seasonSeptember",0.762710014810226,24,8,"","maaslin2"
"1130","All","k__Bacteria.p__Pseudomonadota.c__Gammaproteobacteria.o__Enterobacterales.f__Vibrionaceae.g__Vibrio.s__.ASV_5381","season","September",0.188709551018034,0.464497131682418,0.688471704305129,"seasonSeptember",0.762710014810226,24,7,"","maaslin2"
"1131","All","k__Bacteria.p__Pseudomonadota.c__Gammaproteobacteria.o__Steroidobacterales.f__Woeseiaceae.g__Woeseia.s__.ASV_13326","season","September",-0.280042558801365,0.690542486212333,0.688997625199973,"seasonSeptember",0.762710014810226,24,9,"","maaslin2"
"1132","All","k__Bacteria.p__Pseudomonadota.c__Alphaproteobacteria.o__Rhodospirillales.f__Magnetospiraceae.g__.s__.ASV_8657","season","September",-0.185036782963995,0.461370140330452,0.692245192894601,"seasonSeptember",0.765628075533605,24,7,"","maaslin2"
"1133","All","k__Bacteria.p__Pseudomonadota.c__Alphaproteobacteria.o__Hyphomicrobiales.f__Rhizobiaceae.g__.s__.ASV_7337","season","September",0.148637659571043,0.372111349469332,0.69341741958338,"seasonSeptember",0.766247669301316,24,4,"","maaslin2"
"1134","All","k__Bacteria.p__Myxococcota.c__Polyangiia.o__Polyangiales.f__Sandaracinaceae.g__.s__.ASV_1096","season","September",-0.515065923868913,1.30543385169681,0.696970009747455,"seasonSeptember",0.768572704020974,24,12,"","maaslin2"
"1135","All","k__Bacteria.p__Actinomycetota.c__Acidimicrobiia.o__Microtrichales.f__Microtrichaceae.g__.s__.ASV_11033","season","September",0.290273079492613,0.736705568856867,0.697363092466315,"seasonSeptember",0.768572704020974,24,9,"","maaslin2"
"1136","All","k__Bacteria.p__Deinococcota.c__Deinococci.o__Deinococcales.f__Trueperaceae.g__Truepera.s__.ASV_10769","season","September",0.198416160376013,0.501828952424931,0.696365855315191,"seasonSeptember",0.768572704020974,24,3,"","maaslin2"
"1137","All","k__Bacteria.p__Bacillota.c__Bacilli.o__Bacillales.f__Bacillaceae.g__.s__.ASV_3276","season","September",0.164502574821876,0.422568633150425,0.700802863419229,"seasonSeptember",0.771006313709029,24,3,"","maaslin2"
"1138","All","k__Bacteria.p__Pseudomonadota.c__Alphaproteobacteria.o__Rhodobacterales.f__Paracoccaceae.g__.s__.ASV_7269","season","September",0.120188609895512,0.30822177646549,0.700329074460972,"seasonSeptember",0.771006313709029,24,4,"","maaslin2"
"1139","All","k__Bacteria.p__Pseudomonadota.c__Gammaproteobacteria.o__Enterobacterales.f__Vibrionaceae.g__.s__.ASV_7934","season","September",0.322162317239356,0.835208751067268,0.703403767695587,"seasonSeptember",0.773188338151777,24,12,"","maaslin2"
"1140","All","k__Bacteria.p__Pseudomonadota.c__Alphaproteobacteria.o__Sphingomonadales.f__Sphingomonadaceae.g__Croceibacterium.s__.ASV_12254","season","September",-0.249606232358448,0.648658409762764,0.704077629942324,"seasonSeptember",0.773250169024377,24,13,"","maaslin2"
"1141","All","k__Bacteria.p__Pseudomonadota.c__Alphaproteobacteria.o__.f__Neomegalonemataceae.g__Acuticoccus.s__.ASV_13762","season","September",0.273144265974161,0.714900764948305,0.706073057875665,"seasonSeptember",0.774762023190475,24,17,"","maaslin2"
"1142","All","k__Bacteria.p__Bacteroidota.c__Bacteroidia.o__Cytophagales.f__Cyclobacteriaceae.g__.s__.ASV_5050","season","September",-0.21606067094584,0.58120936598764,0.713640456779868,"seasonSeptember",0.782379905331344,24,7,"","maaslin2"
"1143","All","k__Bacteria.p__Pseudomonadota.c__Gammaproteobacteria.o__Pseudomonadales.f__KI89A_clade.g__.s__.ASV_9783","season","September",0.325027689909261,0.897228667518656,0.720616361357573,"seasonSeptember",0.788320230002863,24,15,"","maaslin2"
"1144","All","k__Bacteria.p__Pseudomonadota.c__Alphaproteobacteria.o__Caulobacterales.f__Hyphomonadaceae.g__Henriciella.s__.ASV_1670","season","September",0.117597029567799,0.323517536872337,0.719704727696506,"seasonSeptember",0.788320230002863,24,11,"","maaslin2"
"1145","All","k__Bacteria.p__Thermodesulfobacteriota.c__Desulfobulbia.o__Desulfobulbales.f__Desulfocapsaceae.g__.s__.ASV_15239","season","September",-0.134144696944642,0.37076262348675,0.720947814179935,"seasonSeptember",0.788320230002863,24,4,"","maaslin2"
"1146","All","k__Bacteria.p__Bacteroidota.c__Bacteroidia.o__Flavobacteriales.f__Flavobacteriaceae.g__.s__.ASV_11133","season","September",-0.247385923587209,0.697786831259267,0.726317974995265,"seasonSeptember",0.793499218755734,24,18,"","maaslin2"
"1147","All","k__Bacteria.p__Pseudomonadota.c__Alphaproteobacteria.o__Sphingomonadales.f__Sphingomonadaceae.g__Pacificimonas.s__.ASV_11209","season","September",-0.264087457791904,0.752136977894069,0.728841379673665,"seasonSeptember",0.794868821734693,24,19,"","maaslin2"
"1148","All","k__Bacteria.p__Bacteroidota.c__Bacteroidia.o__Cytophagales.f__Cyclobacteriaceae.g__Marinoscillum.s__.ASV_5991","season","September",0.264699060129414,0.753521611222323,0.728718237203537,"seasonSeptember",0.794868821734693,24,7,"","maaslin2"
"1149","All","k__Bacteria.p__Bacteroidota.c__Bacteroidia.o__Flavobacteriales.f__Cryomorphaceae.g__Vicingus.s__.ASV_5876","season","September",-0.22544123147472,0.649806426259364,0.731936115307766,"seasonSeptember",0.797549187437182,24,10,"","maaslin2"
"1150","All","k__Bacteria.p__Pseudomonadota.c__Gammaproteobacteria.o__Enterobacterales.f__Vibrionaceae.g__Vibrio.s__.ASV_881","season","September",-0.124283079597243,0.369902829706316,0.740062946439454,"seasonSeptember",0.805003309246044,24,3,"","maaslin2"
"1151","All","k__Bacteria.p__Pseudomonadota.c__Alphaproteobacteria.o__Caulobacterales.f__Hyphomonadaceae.g__Litorimonas.s__.ASV_15428","season","September",0.177782612112228,0.529020568527581,0.740009788488428,"seasonSeptember",0.805003309246044,24,11,"","maaslin2"
"1152","All","k__Bacteria.p__Rhodothermota.c__Rhodothermia.o__Rhodothermales.f__Rhodothermaceae.g__Rubrivirga.s__.ASV_7501","season","September",-0.175784537609223,0.524701966577867,0.740784965796932,"seasonSeptember",0.805089216300138,24,6,"","maaslin2"
"1153","All","k__Bacteria.p__Myxococcota.c__Polyangiia.o__Polyangiales.f__Sandaracinaceae.g__.s__.ASV_5153","season","September",0.226059275769737,0.679022640577024,0.742347453678962,"seasonSeptember",0.80608760798444,24,10,"","maaslin2"
"1154","All","k__Bacteria.p__Pseudomonadota.c__Alphaproteobacteria.o__Hyphomicrobiales.f__Devosiaceae.g__.s__.ASV_13035","season","September",-0.124677191559576,0.377172239882069,0.74410604033856,"seasonSeptember",0.807297021233862,24,5,"","maaslin2"
"1155","All","k__Bacteria.p__Acidobacteriota.c__Blastocatellia.o__Blastocatellales.f__Blastocatellaceae.g__Blastocatella.s__.ASV_13389","season","September",0.137929734684946,0.423068068566337,0.747488174972313,"seasonSeptember",0.810264238151806,24,3,"","maaslin2"
"1156","All","k__Bacteria.p__Pseudomonadota.c__Alphaproteobacteria.o__Sphingomonadales.f__Sphingomonadaceae.g__Aurantiacibacter.s__.ASV_5145","season","September",-0.135373692692847,0.416537378551346,0.748253193514593,"seasonSeptember",0.810391867024455,24,13,"","maaslin2"
"1157","All","k__Bacteria.p__Pseudomonadota.c__Alphaproteobacteria.o__Rhodobacterales.f__Paracoccaceae.g__Tropicimonas.Psychromarinibacter.s__.ASV_11169","season","September",0.168354359165443,0.523430518073506,0.750764079071454,"seasonSeptember",0.812408493515523,24,8,"","maaslin2"
"1158","All","k__Bacteria.p__Pseudomonadota.c__Gammaproteobacteria.o__Granulosicoccales.f__Granulosicoccaceae.g__Granulosicoccus.s__.ASV_2296","season","September",-0.196136294726321,0.619040396977717,0.754352603625897,"seasonSeptember",0.815586752797602,24,8,"","maaslin2"
"1159","All","k__Bacteria.p__Cyanobacteriota.c__Cyanobacteriia.o__Cyanobacteriales.f__Xenococcaceae.g__Pleurocapsa_PCC.7319.s__.ASV_12101","season","September",-0.0781149057235924,0.247875377610134,0.75562670727436,"seasonSeptember",0.816259393880499,24,5,"","maaslin2"
"1160","All","k__Bacteria.p__Pseudomonadota.c__Alphaproteobacteria.o__Rhodobacterales.f__Paracoccaceae.g__Wenxinia.s__.ASV_2338","season","September",-0.12944133460715,0.415712038469163,0.758448792374255,"seasonSeptember",0.818601627631524,24,5,"","maaslin2"
"1161","All","k__Bacteria.p__Pseudomonadota.c__Alphaproteobacteria.o__.f__Neomegalonemataceae.g__Acuticoccus.s__.ASV_5409","season","September",0.162875911092756,0.539239911144421,0.765453039379237,"seasonSeptember",0.824030271111612,24,18,"","maaslin2"
"1162","All","k__Bacteria.p__Pseudomonadota.c__Alphaproteobacteria.o__Rhodobacterales.f__Paracoccaceae.g__Limibaculum.s__.ASV_13046","season","September",-0.169844414127588,0.561820482194207,0.765254753947762,"seasonSeptember",0.824030271111612,24,14,"","maaslin2"
"1163","All","k__Bacteria.p__Bacteroidota.c__Bacteroidia.o__Chitinophagales.f__Saprospiraceae.g__Lewinella.s__.ASV_9425","season","September",-0.205344662713297,0.677387493720951,0.764629601870129,"seasonSeptember",0.824030271111612,24,9,"","maaslin2"
"1164","All","k__Bacteria.p__Bacteroidota.c__Bacteroidia.o__Cytophagales.f__Cyclobacteriaceae.g__Tunicatimonas.s__.ASV_2526","season","September",0.168365071998387,0.560555023255165,0.766726852247294,"seasonSeptember",0.824692456197261,24,5,"","maaslin2"
"1165","All","k__Bacteria.p__Rhodothermota.c__Rhodothermia.o__Rhodothermales.f__Rhodothermaceae.g__.s__.ASV_5458","season","September",0.124009477079726,0.415662137583011,0.76824174031196,"seasonSeptember",0.825612582721523,24,5,"","maaslin2"
"1166","All","k__Bacteria.p__Rhodothermota.c__Rhodothermia.o__Rhodothermales.f__Rhodothermaceae.g__Rubrivirga.s__.ASV_8252","season","September",0.138314029058401,0.467114536764516,0.769928456007938,"seasonSeptember",0.826715632008523,24,9,"","maaslin2"
"1167","All","k__Bacteria.p__Pseudomonadota.c__Gammaproteobacteria.o__Enterobacterales.f__Pseudoalteromonadaceae.g__Pseudoalteromonas.s__.ASV_6090","season","September",-0.238012918100771,0.823745681567476,0.775332590922085,"seasonSeptember",0.831092811502098,24,7,"","maaslin2"
"1168","All","k__Bacteria.p__Pseudomonadota.c__Gammaproteobacteria.o__Pseudomonadales.f__Halieaceae.g__Pseudohaliea.s__.ASV_9004","season","September",-0.190922584902717,0.659542108819824,0.774926550264885,"seasonSeptember",0.831092811502098,24,11,"","maaslin2"
"1169","All","k__Bacteria.p__Pseudomonadota.c__Alphaproteobacteria.o__Hyphomicrobiales.f__Rhizobiaceae.g__Pseudahrensia.s__.ASV_219","season","September",0.163092653546197,0.571593301307168,0.778060449258337,"seasonSeptember",0.83330340673348,24,9,"","maaslin2"
"1170","All","k__Bacteria.p__Bacteroidota.c__Bacteroidia.o__Cytophagales.f__Cyclobacteriaceae.g__Tunicatimonas.s__.ASV_15837","season","September",0.188093604696336,0.6689871507451,0.78121376478055,"seasonSeptember",0.833827479544117,24,12,"","maaslin2"
"1171","All","k__Bacteria.p__Actinomycetota.c__Actinobacteria.o__Propionibacteriales.f__Nocardioidaceae.g__Nocardioides.s__.ASV_15504","season","September",-0.163637011384573,0.579074671673545,0.780137656675519,"seasonSeptember",0.833827479544117,24,9,"","maaslin2"
"1172","All","k__Bacteria.p__Bacteroidota.c__Bacteroidia.o__Cytophagales.f__Cyclobacteriaceae.g__.s__.ASV_7495","season","September",-0.149103919990101,0.52556044516307,0.779289562346772,"seasonSeptember",0.833827479544117,24,6,"","maaslin2"
"1173","All","k__Bacteria.p__Pseudomonadota.c__Gammaproteobacteria.o__Pseudomonadales.f__Halieaceae.g__Pseudohaliea.s__.ASV_15218","season","September",0.0907874260109076,0.322387110732248,0.78087449128659,"seasonSeptember",0.833827479544117,24,6,"","maaslin2"
"1174","All","k__Bacteria.p__Cyanobacteriota.c__Cyanobacteriia.o__Cyanobacteriales.f__Nostocaceae.g__Rivularia_PCC.7116.s__.ASV_4054","season","September",0.0878747554166034,0.314858149398851,0.782780157451584,"seasonSeptember",0.834787697725199,24,7,"","maaslin2"
"1175","All","k__Bacteria.p__Pseudomonadota.c__Alphaproteobacteria.o__Sphingomonadales.f__Sphingomonadaceae.g__.s__.ASV_11847","season","September",0.112868458438741,0.409407172435123,0.785361016137109,"seasonSeptember",0.836827227407371,24,7,"","maaslin2"
"1176","All","k__Bacteria.p__Pseudomonadota.c__Alphaproteobacteria.o__Rhodobacterales.f__Paracoccaceae.g__Actibacterium.s__.ASV_9665","season","September",-0.151184085489316,0.551281754493452,0.786457974702014,"seasonSeptember",0.837283490073913,24,11,"","maaslin2"
"1177","All","k__Bacteria.p__Actinomycetota.c__Acidimicrobiia.o__Microtrichales.f__Ilumatobacteraceae.g__Ilumatobacter.s__.ASV_10265","season","September",-0.212703613075331,0.797817710269346,0.792254913303745,"seasonSeptember",0.8415406767165,24,16,"","maaslin2"
"1178","All","k__Bacteria.p__Rhodothermota.c__Rhodothermia.o__Rhodothermales.f__Rhodothermaceae.g__.s__.ASV_13435","season","September",0.104254383647085,0.388975789057749,0.791178740312645,"seasonSeptember",0.8415406767165,24,10,"","maaslin2"
"1179","All","k__Bacteria.p__Pseudomonadota.c__Alphaproteobacteria.o__Sphingomonadales.f__Sphingomonadaceae.g__Croceibacterium.s__.ASV_13774","season","September",0.168583432082148,0.633011692935861,0.792473209144372,"seasonSeptember",0.8415406767165,24,17,"","maaslin2"
"1180","All","k__Bacteria.p__Chloroflexota.c__Anaerolineae.o__Caldilineales.f__Caldilineaceae.g__.s__.ASV_13484","season","September",-0.208683117332833,0.790680063086396,0.794291441515976,"seasonSeptember",0.842043086179511,24,12,"","maaslin2"
"1181","All","k__Bacteria.p__Myxococcota.c__Polyangiia.o__Polyangiales.f__BIrii41.g__.s__.ASV_2804","season","September",0.088400484050202,0.334593629903354,0.794083101403399,"seasonSeptember",0.842043086179511,24,4,"","maaslin2"
"1182","All","k__Bacteria.p__Pseudomonadota.c__Gammaproteobacteria.o__Enterobacterales.f__Alteromonadaceae.g__Alteromonas.s__.ASV_1591","season","September",0.125543273296931,0.481220347081346,0.796607568582132,"seasonSeptember",0.843783989733358,24,4,"","maaslin2"
"1183","All","k__Bacteria.p__Rhodothermota.c__Rhodothermia.o__Rhodothermales.f__Rhodothermaceae.g__Rubrivirga.s__.ASV_8705","season","September",0.0771408700055322,0.304931310447011,0.802634175957286,"seasonSeptember",0.849448848942115,24,3,"","maaslin2"
"1184","All","k__Bacteria.p__Pseudomonadota.c__Alphaproteobacteria.o__Rhodobacterales.f__Paracoccaceae.g__Halovulum.s__.ASV_4059","season","September",-0.112094874671329,0.445099319237092,0.803500620234003,"seasonSeptember",0.84964761531501,24,8,"","maaslin2"
"1185","All","k__Bacteria.p__Bacteroidota.c__Bacteroidia.o__Cytophagales.f__Cyclobacteriaceae.g__.s__.ASV_13336","season","September",-0.132644153871001,0.543195891622396,0.809344986545598,"seasonSeptember",0.85510542038404,24,7,"","maaslin2"
"1186","All","k__Bacteria.p__Actinomycetota.c__Actinobacteria.o__Nitriliruptorales.f__Nitriliruptoraceae.g__.s__.ASV_8148","season","September",-0.0604212256830073,0.25038324391192,0.811545924239888,"seasonSeptember",0.856707839079544,24,3,"","maaslin2"
"1187","All","k__Bacteria.p__Pseudomonadota.c__Alphaproteobacteria.o__Hyphomicrobiales.f__KF.JG30.B3.g__.s__.ASV_1895","season","September",0.170916112103924,0.739166961828913,0.819274648398054,"seasonSeptember",0.864138045319599,24,7,"","maaslin2"
"1188","All","k__Bacteria.p__Pseudomonadota.c__Alphaproteobacteria.o__Sphingomonadales.f__Sphingomonadaceae.g__Qipengyuania.s__.ASV_13971","season","September",-0.137240415891802,0.609076668760168,0.823806108398805,"seasonSeptember",0.868079271089549,24,6,"","maaslin2"
"1189","All","k__Bacteria.p__Pseudomonadota.c__Alphaproteobacteria.o__Sphingomonadales.f__Sphingomonadaceae.g__Parasphingopyxis.s__.ASV_8232","season","September",-0.148911896273383,0.663142165585489,0.824397965914915,"seasonSeptember",0.868079271089549,24,11,"","maaslin2"
"1190","All","k__Bacteria.p__Actinomycetota.c__Actinobacteria.o__Mycobacteriales.f__Mycobacteriaceae.g__Mycobacterium.s__.ASV_8131","season","September",0.132107855275581,0.594395281675091,0.826165019731241,"seasonSeptember",0.869208911515557,24,8,"","maaslin2"
"1191","All","k__Bacteria.p__Pseudomonadota.c__Alphaproteobacteria.o__Rhodobacterales.f__Paracoccaceae.g__Wenxinia.s__.ASV_15944","season","September",0.175362528855067,0.806456621515953,0.829863161641477,"seasonSeptember",0.872366648509764,24,13,"","maaslin2"
"1192","All","k__Bacteria.p__Bacteroidota.c__Bacteroidia.o__Cytophagales.f__Mooreiaceae.g__Mooreia.s__.ASV_7766","season","September",0.0666657575821989,0.310125706112291,0.831775870230791,"seasonSeptember",0.873253684040848,24,7,"","maaslin2"
"1193","All","k__Bacteria.p__Pseudomonadota.c__Gammaproteobacteria.o__Pseudomonadales.f__Pseudohongiellaceae.g__Pseudohongiella.s__.ASV_12563","season","September",-0.0674338921415023,0.314318162441549,0.832101952923908,"seasonSeptember",0.873253684040848,24,5,"","maaslin2"
"1194","All","k__Bacteria.p__Bacteroidota.c__Bacteroidia.o__Cytophagales.f__Cyclobacteriaceae.g__Tunicatimonas.s__.ASV_1544","season","September",0.127167375196128,0.604824748960284,0.835403813231157,"seasonSeptember",0.875984567977729,24,9,"","maaslin2"
"1195","All","k__Bacteria.p__Pseudomonadota.c__Alphaproteobacteria.o__Rhodobacterales.f__Paracoccaceae.g__Maribius.s__.ASV_14792","season","September",0.0986823672800297,0.472868655664192,0.836611329982236,"seasonSeptember",0.876516640282644,24,6,"","maaslin2"
"1196","All","k__Bacteria.p__Bacteroidota.c__Bacteroidia.o__Flavobacteriales.f__Cryomorphaceae.g__Vicingus.s__.ASV_9624","season","September",-0.0674009794917714,0.32870179634672,0.839416807411722,"seasonSeptember",0.878720604414277,24,4,"","maaslin2"
"1197","All","k__Bacteria.p__Bacteroidota.c__Bacteroidia.o__Cytophagales.f__Cyclobacteriaceae.g__Fulvivirga.s__.ASV_8492","season","September",0.16510002034455,0.829131455216667,0.843994549734961,"seasonSeptember",0.882774583348514,24,11,"","maaslin2"
"1198","All","k__Bacteria.p__Myxococcota.c__Polyangiia.o__Polyangiales.f__Sandaracinaceae.g__.s__.ASV_5526","season","September",-0.109665387794047,0.559258609555815,0.846339207919683,"seasonSeptember",0.884488053685678,24,7,"","maaslin2"
"1199","All","k__Bacteria.p__Bacteroidota.c__Bacteroidia.o__Cytophagales.f__Cyclobacteriaceae.g__Fulvivirga.s__.ASV_13464","season","September",-0.0866274215068307,0.475669286048432,0.857158634242924,"seasonSeptember",0.895048048433812,24,4,"","maaslin2"
"1200","All","k__Bacteria.p__Myxococcota.c__Myxococcia.o__Myxococcales.f__Myxococcaceae.g__P3OB.42.s__.ASV_15133","season","September",-0.0864991853990557,0.488955302021978,0.861200665572412,"seasonSeptember",0.898519361080549,24,8,"","maaslin2"
"1201","All","k__Bacteria.p__Bacteroidota.c__Bacteroidia.o__Cytophagales.f__Cyclobacteriaceae.g__Tunicatimonas.s__.ASV_213","season","September",-0.128419000829152,0.731448175722047,0.862239168847249,"seasonSeptember",0.898853821312869,24,7,"","maaslin2"
"1202","All","k__Bacteria.p__Pseudomonadota.c__Alphaproteobacteria.o__Hyphomicrobiales.f__Devosiaceae.g__.s__.ASV_12167","season","September",0.0784096779570505,0.465093914570991,0.867660372203051,"seasonSeptember",0.903752733775558,24,8,"","maaslin2"
"1203","All","k__Bacteria.p__Pseudomonadota.c__Gammaproteobacteria.o__Pseudomonadales.f__Nitrincolaceae.g__Marinobacterium.s__.ASV_15550","season","September",-0.11696501579577,0.711511024109698,0.87092546474539,"seasonSeptember",0.904144843997702,24,10,"","maaslin2"
"1204","All","k__Bacteria.p__Pseudomonadota.c__Alphaproteobacteria.o__Hyphomicrobiales.f__Rhodomicrobiaceae.g__Rhodomicrobium.s__.ASV_10200","season","September",-0.122819857697919,0.741135489105855,0.869891954135106,"seasonSeptember",0.904144843997702,24,7,"","maaslin2"
"1205","All","k__Bacteria.p__Pseudomonadota.c__Alphaproteobacteria.o__Hyphomicrobiales.f__Rhodomicrobiaceae.g__Rhodomicrobium.s__.ASV_2124","season","September",0.0792268168315447,0.479942860264438,0.87039198247842,"seasonSeptember",0.904144843997702,24,7,"","maaslin2"
"1206","All","k__Bacteria.p__Acidobacteriota.c__Thermoanaerobaculia.o__Thermoanaerobaculales.f__Thermoanaerobaculaceae.g__Subgroup_10.s__.ASV_13832","season","September",-0.0725963546672581,0.436601413785705,0.86945840729308,"seasonSeptember",0.904144843997702,24,6,"","maaslin2"
"1207","All","k__Bacteria.p__Pseudomonadota.c__Alphaproteobacteria.o__Rhodobacterales.f__Paracoccaceae.g__Pikeienuella.s__.ASV_7133","season","September",0.0703125085123888,0.457130748618062,0.879159646376962,"seasonSeptember",0.911936932281654,24,9,"","maaslin2"
"1208","All","k__Bacteria.p__Pseudomonadota.c__Alphaproteobacteria.o__Rhodobacterales.f__Paracoccaceae.g__.s__.ASV_594","season","September",0.0816577750544609,0.538178230208161,0.880782718665114,"seasonSeptember",0.91245929883205,24,10,"","maaslin2"
"1209","All","k__Bacteria.p__Pseudomonadota.c__Gammaproteobacteria.o__Pseudomonadales.f__Spongiibacteraceae.g__.s__.ASV_13598","season","September",-0.0481780375566517,0.318435212961549,0.881120840485582,"seasonSeptember",0.91245929883205,24,4,"","maaslin2"
"1210","All","k__Bacteria.p__Actinomycetota.c__Acidimicrobiia.o__Microtrichales.f__Microtrichaceae.g__.s__.ASV_11603","season","September",0.0486883712844649,0.337347724417126,0.886556267425705,"seasonSeptember",0.916571797536732,24,4,"","maaslin2"
"1211","All","k__Bacteria.p__Pseudomonadota.c__Gammaproteobacteria.o__Pseudomonadales.f__Halomonadaceae.g__Halomonas.s__.ASV_8266","season","September",-0.0451310820977128,0.312387031026192,0.886443331016171,"seasonSeptember",0.916571797536732,24,3,"","maaslin2"
"1212","All","k__Bacteria.p__Bacteroidota.c__Bacteroidia.o__Flavobacteriales.f__Flavobacteriaceae.g__.s__.ASV_2498","season","September",-0.0297750890767392,0.227167625772553,0.896910351857759,"seasonSeptember",0.926511353569236,24,3,"","maaslin2"
"1213","All","k__Bacteria.p__Pseudomonadota.c__Alphaproteobacteria.o__Rhodobacterales.f__Paracoccaceae.g__Jannaschia.s__.ASV_5480","season","September",0.0540052390361576,0.420947970974456,0.899081626148821,"seasonSeptember",0.92798861989969,24,6,"","maaslin2"
"1214","All","k__Bacteria.p__Pseudomonadota.c__Alphaproteobacteria.o__Hyphomicrobiales.f__Rhizobiaceae.g__Pseudahrensia.s__.ASV_13404","season","September",0.0412854885071342,0.328046916932268,0.900991820287589,"seasonSeptember",0.929194200164795,24,9,"","maaslin2"
"1215","All","k__Bacteria.p__Rhodothermota.c__Rhodothermia.o__Rhodothermales.f__Rhodothermaceae.g__.s__.ASV_8887","season","September",0.0742918096118289,0.629001011125179,0.907051632169087,"seasonSeptember",0.934673780638433,24,14,"","maaslin2"
"1216","All","k__Bacteria.p__Bacteroidota.c__Bacteroidia.o__Chitinophagales.f__Saprospiraceae.g__Lewinella.s__.ASV_9304","season","September",0.0332570065492224,0.285570725080106,0.908346107046814,"seasonSeptember",0.935237932584384,24,3,"","maaslin2"
"1217","All","k__Bacteria.p__Actinomycetota.c__Acidimicrobiia.o__Microtrichales.f__Ilumatobacteraceae.g__Ilumatobacter.s__.ASV_2714","season","September",-0.0200869845608829,0.188795639946812,0.916232882031406,"seasonSeptember",0.942583047085719,24,4,"","maaslin2"
"1218","All","k__Bacteria.p__Pseudomonadota.c__Gammaproteobacteria.o__Pseudomonadales.f__Cellvibrionaceae.g__.s__.ASV_7471","season","September",-0.0861098644859137,0.829775990141823,0.918288265229757,"seasonSeptember",0.943921927805958,24,11,"","maaslin2"
"1219","All","k__Bacteria.p__Pseudomonadota.c__Alphaproteobacteria.o__Micavibrionales.f__Micavibrionaceae.g__.s__.ASV_14482","season","September",0.0467310654488709,0.491821942921981,0.925162079783282,"seasonSeptember",0.950207484732296,24,5,"","maaslin2"
"1220","All","k__Bacteria.p__Bacteroidota.c__Bacteroidia.o__Flavobacteriales.f__Flavobacteriaceae.g__Flavimarina.s__.ASV_7837","season","September",-0.0579320525008936,0.631722368306934,0.927762400051364,"seasonSeptember",0.952097151528121,24,7,"","maaslin2"
"1221","All","k__Bacteria.p__Thermodesulfobacteriota.c__Desulfobacteria.o__Desulfobacterales.f__Desulfosarcinaceae.g__Desulfosarcina.s__.ASV_9396","season","September",0.0406882183918468,0.452811868869488,0.929214080659558,"seasonSeptember",0.952805920545264,24,9,"","maaslin2"
"1222","All","k__Bacteria.p__Pseudomonadota.c__Gammaproteobacteria.o__Enterobacterales.f__Vibrionaceae.g__Catenococcus.s__.ASV_14741","season","September",0.0554173207510154,0.648641472048594,0.932687552235914,"seasonSeptember",0.955584955318629,24,7,"","maaslin2"
"1223","All","k__Bacteria.p__Rhodothermota.c__Rhodothermia.o__Rhodothermales.f__Rhodothermaceae.g__.s__.ASV_15452","season","September",-0.0635953527516015,0.78766331311537,0.93637931708097,"seasonSeptember",0.956279799454081,24,11,"","maaslin2"
"1224","All","k__Bacteria.p__Myxococcota.c__Polyangiia.o__Polyangiales.f__Sandaracinaceae.g__.s__.ASV_15192","season","September",-0.0455025637641766,0.56621403784735,0.936675264792943,"seasonSeptember",0.956279799454081,24,12,"","maaslin2"
"1225","All","k__Bacteria.p__Pseudomonadota.c__Alphaproteobacteria.o__Rhodobacterales.f__Paracoccaceae.g__Limibaculum.s__.ASV_7044","season","September",-0.0450027902961733,0.56042381193102,0.936723600864676,"seasonSeptember",0.956279799454081,24,9,"","maaslin2"
"1226","All","k__Bacteria.p__Bacteroidota.c__Bacteroidia.o__Chitinophagales.f__Saprospiraceae.g__.s__.ASV_1449","season","September",0.0411225040279364,0.511681080059402,0.936671633656226,"seasonSeptember",0.956279799454081,24,10,"","maaslin2"
"1227","All","k__Bacteria.p__Bacteroidota.c__Bacteroidia.o__Chitinophagales.f__Saprospiraceae.g__.s__.ASV_15115","season","September",-0.0227831920311087,0.28580874019276,0.937184755535269,"seasonSeptember",0.956279799454081,24,5,"","maaslin2"
"1228","All","k__Bacteria.p__Bacteroidota.c__Bacteroidia.o__Cytophagales.f__Cyclobacteriaceae.g__Fulvivirga.s__.ASV_13853","season","September",0.0331930359079299,0.45829128711979,0.942915897313877,"seasonSeptember",0.961344221039881,24,4,"","maaslin2"
"1229","All","k__Bacteria.p__Pseudomonadota.c__Alphaproteobacteria.o__Rhodobacterales.f__Paracoccaceae.g__Limibaculum.s__.ASV_6882","season","September",0.0314588762926307,0.45064800844533,0.944977068318543,"seasonSeptember",0.962661749011241,24,7,"","maaslin2"
"1230","All","k__Bacteria.p__Bacteroidota.c__Bacteroidia.o__Cytophagales.f__Cyclobacteriaceae.g__Tunicatimonas.s__.ASV_15997","season","September",0.0338599109357647,0.513640235646599,0.948035752727937,"seasonSeptember",0.964992489768599,24,13,"","maaslin2"
"1231","All","k__Bacteria.p__Pseudomonadota.c__Alphaproteobacteria.o__Sphingomonadales.f__Sphingomonadaceae.g__.s__.ASV_14191","season","September",0.0486367996784314,0.894377186951416,0.957122728432758,"seasonSeptember",0.973450573515689,24,15,"","maaslin2"
"1232","All","k__Bacteria.p__Bacteroidota.c__Bacteroidia.o__Flavobacteriales.f__Flavobacteriaceae.g__Sufflavibacter.s__.ASV_4707","season","September",-0.0543029049320027,1.10384202559932,0.961208226736151,"seasonSeptember",0.976020032338736,24,16,"","maaslin2"
"1233","All","k__Bacteria.p__Pseudomonadota.c__Gammaproteobacteria.o__Pseudomonadales.f__Cellvibrionaceae.g__.s__.ASV_1931","season","September",-0.0173433092860323,0.352296400837668,0.961180762764831,"seasonSeptember",0.976020032338736,24,4,"","maaslin2"
"1234","All","k__Bacteria.p__Pseudomonadota.c__Alphaproteobacteria.o__Sphingomonadales.f__Sphingomonadaceae.g__.s__.ASV_10904","season","September",-0.0177426818967704,0.372120799695019,0.962401552412747,"seasonSeptember",0.976439824652155,24,4,"","maaslin2"
"1235","All","k__Bacteria.p__Chloroflexota.c__Anaerolineae.o__Aggregatilineales.f__A4b.g__.s__.ASV_6654","season","September",0.0318459155972672,0.73360183697591,0.965766023959338,"seasonSeptember",0.979059969228414,24,7,"","maaslin2"
"1236","All","k__Bacteria.p__Pseudomonadota.c__Alphaproteobacteria.o__.f__Neomegalonemataceae.g__Acuticoccus.s__.ASV_1266","season","September",-0.0288051499155524,0.734443480758906,0.969068429982205,"seasonSeptember",0.981613005127605,24,12,"","maaslin2"
"1237","All","k__Bacteria.p__Cyanobacteriota.c__Cyanobacteriia.o__Cyanobacteriales.f__Nostocaceae.g__.s__.ASV_4049","season","September",-0.0397465280678036,1.15809203703855,0.97293091422544,"seasonSeptember",0.983139228902543,24,11,"","maaslin2"
"1238","All","k__Bacteria.p__Actinomycetota.c__Actinobacteria.o__Nitriliruptorales.f__Nitriliruptoraceae.g__.s__.ASV_9726","season","September",0.0177334842393552,0.502721183517944,0.97217857771276,"seasonSeptember",0.983139228902543,24,5,"","maaslin2"
"1239","All","k__Bacteria.p__Pseudomonadota.c__Gammaproteobacteria.o__Arenicellales.f__Arenicellaceae.g__.s__.ASV_6615","season","September",0.0205615639799967,0.568374214403928,0.971468188373307,"seasonSeptember",0.983139228902543,24,6,"","maaslin2"
"1240","All","k__Bacteria.p__Pseudomonadota.c__Alphaproteobacteria.o__Rhodobacterales.f__Paracoccaceae.g__.s__.ASV_10303","season","September",0.010094708206009,0.38770182175256,0.979462327614191,"seasonSeptember",0.98894099530078,24,5,"","maaslin2"
"1241","All","k__Bacteria.p__Bacteroidota.c__Bacteroidia.o__Cytophagales.f__Cyclobacteriaceae.g__Fulvivirga.s__.ASV_12732","season","September",-0.00730362190452374,0.331813088053307,0.982637402371149,"seasonSeptember",0.991347322940112,24,7,"","maaslin2"
"1242","All","k__Bacteria.p__Cyanobacteriota.c__Cyanobacteriia.o__Cyanobacteriales.f__Xenococcaceae.g__Myxosarcina_GI1.s__.ASV_3310","season","September",0.0118307692104813,0.59625301090088,0.984348383498034,"seasonSeptember",0.992273893832157,24,8,"","maaslin2"
"1243","All","k__Bacteria.p__Myxococcota.c__Polyangiia.o__Polyangiales.f__Sandaracinaceae.g__.s__.ASV_3686","season","September",0.00548631495896836,0.294670073362074,0.985313271520427,"seasonSeptember",0.992447478635217,24,5,"","maaslin2"
"1244","All","k__Bacteria.p__Bacteroidota.c__Bacteroidia.o__Cytophagales.f__Cyclobacteriaceae.g__Fulvivirga.s__.ASV_7283","season","September",0.0102082117673169,0.638016361447182,0.987378671355203,"seasonSeptember",0.992708543829964,24,9,"","maaslin2"
"1245","All","k__Bacteria.p__Rhodothermota.c__Rhodothermia.o__Rhodothermales.f__Rhodothermaceae.g__.s__.ASV_13486","season","September",-0.00502804717071939,0.329187132714114,0.987951154642281,"seasonSeptember",0.992708543829964,24,4,"","maaslin2"
"1246","All","k__Bacteria.p__Rhodothermota.c__Rhodothermia.o__Rhodothermales.f__Rhodothermaceae.g__.s__.ASV_13110","season","September",0.00518557984371081,0.323882410144998,0.987370180096041,"seasonSeptember",0.992708543829964,24,4,"","maaslin2"
"1247","All","k__Bacteria.p__Actinomycetota.c__Actinobacteria.o__Propionibacteriales.f__Nocardioidaceae.g__Nocardioides.s__.ASV_15978","season","September",-0.00649720280994204,0.56520179344424,0.990931833514853,"seasonSeptember",0.99490509668051,24,9,"","maaslin2"
"1248","All","k__Bacteria.p__Cyanobacteriota.c__Cyanobacteriia.o__Cyanobacteriales.f__Nostocaceae.g__Rivularia_PCC.7116.s__.ASV_7012","season","September",-0.00424261573214332,0.847416813698242,0.996050507287403,"seasonSeptember",0.998569652021102,24,12,"","maaslin2"
"1249","All","k__Bacteria.p__Bacteroidota.c__Bacteroidia.o__Flavobacteriales.f__Flavobacteriaceae.g__Flavimarina.s__.ASV_4287","season","September",0.00131954120880565,0.272278668686329,0.996176913238304,"seasonSeptember",0.998569652021102,24,3,"","maaslin2"
"1250","All","k__Bacteria.p__Pseudomonadota.c__Alphaproteobacteria.o__Rhodobacterales.f__Paracoccaceae.g__Palleronia.Pseudomaribius.s__.ASV_8753","season","September",-0.00168650094572182,0.476886518456596,0.997210173535687,"seasonSeptember",0.998805709813344,24,6,"","maaslin2"
"1251","All","k__Bacteria.p__Rhodothermota.c__Rhodothermia.o__Rhodothermales.f__Rhodothermaceae.g__.s__.ASV_12149","season","September",0.00182119239560413,0.741318224251418,0.998061984318042,"seasonSeptember",0.998859795656426,24,8,"","maaslin2"
"1252","All","k__Bacteria.p__Pseudomonadota.c__Gammaproteobacteria.o__Pseudomonadales.f__Cellvibrionaceae.g__.s__.ASV_9855","season","September",-0.000849077094734665,0.867084980750087,0.999227511574052,"seasonSeptember",0.999227511574052,24,9,"","maaslin2"
