"","Method","Taxa","Factors","R2","Estimate","Std.Error","P.unadj","Significance"
"1","lm formula for season+site","k__Bacteria","Model","R2: 0.532536783012744; adjusted R2: 0.488016476633005",NA,NA,NA,NA
"2","lm formula for season+site","k__Bacteria","season",NA,NA,NA,0.0139073661268484,"*"
"3","lm formula for season+site","k__Bacteria","site",NA,NA,NA,0.0005249211814424,"***"
"4","lm formula for season+site","k__Bacteria","Residuals",NA,NA,NA,NA,NA
"5","lm formula for season+site","k__Bacteria","(Intercept)",NA,1.55393223736927,0.00531572214138065,2.16086250042492e-39,"***"
"6","lm formula for season+site","k__Bacteria","seasonSeptember",NA,-0.0164718385164777,0.00613806721852674,0.0139073661268484,"*"
"7","lm formula for season+site","k__Bacteria","siteEsteroZacatecas",NA,0.0251000086838662,0.00613806721852674,0.0005249211814424,"***"
"8","lm formula for season+site","k__Bacteria|p__Pseudomonadota","Model","R2: 0.324445593329812; adjusted R2: 0.260107078408841",NA,NA,NA,NA
"9","lm formula for season+site","k__Bacteria|p__Pseudomonadota","season",NA,NA,NA,0.548351823514023,"ns"
"10","lm formula for season+site","k__Bacteria|p__Pseudomonadota","site",NA,NA,NA,0.00521906865564702,"**"
"11","lm formula for season+site","k__Bacteria|p__Pseudomonadota","Residuals",NA,NA,NA,NA,NA
"12","lm formula for season+site","k__Bacteria|p__Pseudomonadota","(Intercept)",NA,0.684691293905245,0.0202062831984029,8.12328132972302e-20,"***"
"13","lm formula for season+site","k__Bacteria|p__Pseudomonadota","seasonSeptember",NA,0.0142346079088495,0.0233322060878395,0.548351823514023,"ns"
"14","lm formula for season+site","k__Bacteria|p__Pseudomonadota","siteEsteroZacatecas",NA,-0.0727178310672938,0.0233322060878395,0.00521906865564702,"**"
"15","lm formula for season+site","k__Bacteria|p__Actinomycetota","Model","R2: 0.861316172366855; adjusted R2: 0.848108188782746",NA,NA,NA,NA
"16","lm formula for season+site","k__Bacteria|p__Actinomycetota","season",NA,NA,NA,1.18990324665364e-09,"***"
"17","lm formula for season+site","k__Bacteria|p__Actinomycetota","site",NA,NA,NA,6.39807355790037e-05,"***"
"18","lm formula for season+site","k__Bacteria|p__Actinomycetota","Residuals",NA,NA,NA,NA,NA
"19","lm formula for season+site","k__Bacteria|p__Actinomycetota","(Intercept)",NA,0.362520367031719,0.0238392180521426,8.25888654680056e-13,"***"
"20","lm formula for season+site","k__Bacteria|p__Actinomycetota","seasonSeptember",NA,0.28300694980757,0.0275271579193494,1.18990324665364e-09,"***"
"21","lm formula for season+site","k__Bacteria|p__Actinomycetota","siteEsteroZacatecas",NA,-0.136875116924759,0.0275271579193494,6.39807355790035e-05,"***"
"22","lm formula for season+site","k__Bacteria|p__Bacteroidota","Model","R2: 0.826255530410238; adjusted R2: 0.809708438068356",NA,NA,NA,NA
"23","lm formula for season+site","k__Bacteria|p__Bacteroidota","season",NA,NA,NA,3.27715040982618e-08,"***"
"24","lm formula for season+site","k__Bacteria|p__Bacteroidota","site",NA,NA,NA,2.90590353879428e-05,"***"
"25","lm formula for season+site","k__Bacteria|p__Bacteroidota","Residuals",NA,NA,NA,NA,NA
"26","lm formula for season+site","k__Bacteria|p__Bacteroidota","(Intercept)",NA,0.4767415508409,0.0174221902162321,6.56945259046292e-18,"***"
"27","lm formula for season+site","k__Bacteria|p__Bacteroidota","seasonSeptember",NA,-0.17033475296826,0.0201174124224289,3.2771504098262e-08,"***"
"28","lm formula for season+site","k__Bacteria|p__Bacteroidota","siteEsteroZacatecas",NA,0.106786408617453,0.0201174124224289,2.90590353879428e-05,"***"
"29","lm formula for season+site","k__Bacteria|p__Rhodothermota","Model","R2: 0.646894797596777; adjusted R2: 0.613265730701232",NA,NA,NA,NA
"30","lm formula for season+site","k__Bacteria|p__Rhodothermota","season",NA,NA,NA,7.82139834477149e-06,"***"
"31","lm formula for season+site","k__Bacteria|p__Rhodothermota","site",NA,NA,NA,0.060454194937972,"ns"
"32","lm formula for season+site","k__Bacteria|p__Rhodothermota","Residuals",NA,NA,NA,NA,NA
"33","lm formula for season+site","k__Bacteria|p__Rhodothermota","(Intercept)",NA,0.186905887541351,0.0160818424446459,1.31056188036289e-10,"***"
"34","lm formula for season+site","k__Bacteria|p__Rhodothermota","seasonSeptember",NA,0.109128078656319,0.018569712128963,7.82139834477152e-06,"***"
"35","lm formula for season+site","k__Bacteria|p__Rhodothermota","siteEsteroZacatecas",NA,0.0368462825623005,0.018569712128963,0.060454194937972,"ns"
"36","lm formula for season+site","k__Bacteria|p__Cyanobacteriota","Model","R2: 0.660401057878559; adjusted R2: 0.62805830148604",NA,NA,NA,NA
"37","lm formula for season+site","k__Bacteria|p__Cyanobacteriota","season",NA,NA,NA,0.305517039178322,"ns"
"38","lm formula for season+site","k__Bacteria|p__Cyanobacteriota","site",NA,NA,NA,2.98896016165376e-06,"***"
"39","lm formula for season+site","k__Bacteria|p__Cyanobacteriota","Residuals",NA,NA,NA,NA,NA
"40","lm formula for season+site","k__Bacteria|p__Cyanobacteriota","(Intercept)",NA,0.107651279789731,0.0348595128929496,0.00557308695411409,"**"
"41","lm formula for season+site","k__Bacteria|p__Cyanobacteriota","seasonSeptember",NA,-0.0422770234676499,0.0402522983051274,0.305517039178322,"ns"
"42","lm formula for season+site","k__Bacteria|p__Cyanobacteriota","siteEsteroZacatecas",NA,0.253731653283726,0.0402522983051274,2.98896016165376e-06,"***"
"43","lm formula for season+site","k__Bacteria|p__Thermodesulfobacteriota","Model","R2: 0.722773104515475; adjusted R2: 0.696370543040758",NA,NA,NA,NA
"44","lm formula for season+site","k__Bacteria|p__Thermodesulfobacteriota","season",NA,NA,NA,1.32627904023216e-06,"***"
"45","lm formula for season+site","k__Bacteria|p__Thermodesulfobacteriota","site",NA,NA,NA,0.00431412165635407,"**"
"46","lm formula for season+site","k__Bacteria|p__Thermodesulfobacteriota","Residuals",NA,NA,NA,NA,NA
"47","lm formula for season+site","k__Bacteria|p__Thermodesulfobacteriota","(Intercept)",NA,0.207047433904715,0.0148151813946724,4.17652597709109e-12,"***"
"48","lm formula for season+site","k__Bacteria|p__Thermodesulfobacteriota","seasonSeptember",NA,-0.114140390411376,0.0171070979326145,1.32627904023216e-06,"***"
"49","lm formula for season+site","k__Bacteria|p__Thermodesulfobacteriota","siteEsteroZacatecas",NA,-0.0547245668148315,0.0171070979326145,0.00431412165635408,"**"
"50","lm formula for season+site","k__Bacteria|p__Myxococcota","Model","R2: 0.520444346974218; adjusted R2: 0.474772380019382",NA,NA,NA,NA
"51","lm formula for season+site","k__Bacteria|p__Myxococcota","season",NA,NA,NA,0.252307689699305,"ns"
"52","lm formula for season+site","k__Bacteria|p__Myxococcota","site",NA,NA,NA,0.000145397269950908,"***"
"53","lm formula for season+site","k__Bacteria|p__Myxococcota","Residuals",NA,NA,NA,NA,NA
"54","lm formula for season+site","k__Bacteria|p__Myxococcota","(Intercept)",NA,0.175555339273505,0.0172248474379312,1.3872500898662e-09,"***"
"55","lm formula for season+site","k__Bacteria|p__Myxococcota","seasonSeptember",NA,-0.0234128742802241,0.0198895406100797,0.252307689699305,"ns"
"56","lm formula for season+site","k__Bacteria|p__Myxococcota","siteEsteroZacatecas",NA,-0.0920197445983315,0.0198895406100797,0.000145397269950909,"***"
"57","lm formula for season+site","k__Bacteria|p__Planctomycetota","Model","R2: 0.824275394887088; adjusted R2: 0.807539718209668",NA,NA,NA,NA
"58","lm formula for season+site","k__Bacteria|p__Planctomycetota","season",NA,NA,NA,2.71084760848981e-09,"***"
"59","lm formula for season+site","k__Bacteria|p__Planctomycetota","site",NA,NA,NA,0.145889723210804,"ns"
"60","lm formula for season+site","k__Bacteria|p__Planctomycetota","Residuals",NA,NA,NA,NA,NA
"61","lm formula for season+site","k__Bacteria|p__Planctomycetota","(Intercept)",NA,0.175807640593671,0.00997655746543408,4.6378044151096e-14,"***"
"62","lm formula for season+site","k__Bacteria|p__Planctomycetota","seasonSeptember",NA,-0.113003721213747,0.0115199362765083,2.71084760848982e-09,"***"
"63","lm formula for season+site","k__Bacteria|p__Planctomycetota","siteEsteroZacatecas",NA,-0.0173975797625775,0.0115199362765083,0.145889723210804,"ns"
"64","lm formula for season+site","k__Bacteria|p__Chloroflexota","Model","R2: 0.414008924599148; adjusted R2: 0.358200250751448",NA,NA,NA,NA
"65","lm formula for season+site","k__Bacteria|p__Chloroflexota","season",NA,NA,NA,0.00145123520562454,"**"
"66","lm formula for season+site","k__Bacteria|p__Chloroflexota","site",NA,NA,NA,0.246422181616134,"ns"
"67","lm formula for season+site","k__Bacteria|p__Chloroflexota","Residuals",NA,NA,NA,NA,NA
"68","lm formula for season+site","k__Bacteria|p__Chloroflexota","(Intercept)",NA,0.130618509308543,0.0131251115754793,2.10833272349273e-09,"***"
"69","lm formula for season+site","k__Bacteria|p__Chloroflexota","seasonSeptember",NA,-0.0555095817605896,0.0151555734024938,0.00145123520562454,"**"
"70","lm formula for season+site","k__Bacteria|p__Chloroflexota","siteEsteroZacatecas",NA,0.0180708092106454,0.0151555734024938,0.246422181616135,"ns"
"71","lm formula for season+site","k__Bacteria|p__Verrucomicrobiota","Model","R2: 0.636719307166307; adjusted R2: 0.602121145944051",NA,NA,NA,NA
"72","lm formula for season+site","k__Bacteria|p__Verrucomicrobiota","season",NA,NA,NA,1.11755826794381e-05,"***"
"73","lm formula for season+site","k__Bacteria|p__Verrucomicrobiota","site",NA,NA,NA,0.0563115440842678,"ns"
"74","lm formula for season+site","k__Bacteria|p__Verrucomicrobiota","Residuals",NA,NA,NA,NA,NA
"75","lm formula for season+site","k__Bacteria|p__Verrucomicrobiota","(Intercept)",NA,0.100266365826668,0.0124134144156948,7.05684890146082e-08,"***"
"76","lm formula for season+site","k__Bacteria|p__Verrucomicrobiota","seasonSeptember",NA,-0.081998348726429,0.0143337763089275,1.11755826794381e-05,"***"
"77","lm formula for season+site","k__Bacteria|p__Verrucomicrobiota","siteEsteroZacatecas",NA,0.0289557839481174,0.0143337763089275,0.0563115440842678,"ns"
"78","lm formula for season+site","k__Bacteria|p__Acidobacteriota","Model","R2: 0.460926337802636; adjusted R2: 0.409585989021934",NA,NA,NA,NA
"79","lm formula for season+site","k__Bacteria|p__Acidobacteriota","season",NA,NA,NA,0.000510670928437063,"***"
"80","lm formula for season+site","k__Bacteria|p__Acidobacteriota","site",NA,NA,NA,0.297858903186676,"ns"
"81","lm formula for season+site","k__Bacteria|p__Acidobacteriota","Residuals",NA,NA,NA,NA,NA
"82","lm formula for season+site","k__Bacteria|p__Acidobacteriota","(Intercept)",NA,0.108461621710362,0.0119247672213818,9.91975771301248e-09,"***"
"83","lm formula for season+site","k__Bacteria|p__Acidobacteriota","seasonSeptember",NA,-0.0564653861214489,0.0137695351305768,0.000510670928437063,"***"
"84","lm formula for season+site","k__Bacteria|p__Acidobacteriota","siteEsteroZacatecas",NA,-0.0146991668722319,0.0137695351305768,0.297858903186676,"ns"
"85","lm formula for season+site","k__Bacteria|p__Campylobacterota","Model","R2: 0.507586854805311; adjusted R2: 0.460690364786769",NA,NA,NA,NA
"86","lm formula for season+site","k__Bacteria|p__Campylobacterota","season",NA,NA,NA,0.00216693691788094,"**"
"87","lm formula for season+site","k__Bacteria|p__Campylobacterota","site",NA,NA,NA,0.00576743515287075,"**"
"88","lm formula for season+site","k__Bacteria|p__Campylobacterota","Residuals",NA,NA,NA,NA,NA
"89","lm formula for season+site","k__Bacteria|p__Campylobacterota","(Intercept)",NA,0.0959511946369226,0.0160533399901673,6.22631735956846e-06,"***"
"90","lm formula for season+site","k__Bacteria|p__Campylobacterota","seasonSeptember",NA,-0.0647523042328847,0.0185368003294314,0.00216693691788094,"**"
"91","lm formula for season+site","k__Bacteria|p__Campylobacterota","siteEsteroZacatecas",NA,-0.0569681356151128,0.0185368003294314,0.00576743515287075,"**"
"92","lm formula for season+site","k__Bacteria|p__Deinococcota","Model","R2: 0.0297202291763078; adjusted R2: -0.0626873680449962",NA,NA,NA,NA
"93","lm formula for season+site","k__Bacteria|p__Deinococcota","season",NA,NA,NA,0.53911113900777,"ns"
"94","lm formula for season+site","k__Bacteria|p__Deinococcota","site",NA,NA,NA,0.619925302708986,"ns"
"95","lm formula for season+site","k__Bacteria|p__Deinococcota","Residuals",NA,NA,NA,NA,NA
"96","lm formula for season+site","k__Bacteria|p__Deinococcota","(Intercept)",NA,0.0459799669196573,0.00965652995288049,0.000105449281340502,"***"
"97","lm formula for season+site","k__Bacteria|p__Deinococcota","seasonSeptember",NA,0.00696194445423526,0.0111504003354665,0.539111139007771,"ns"
"98","lm formula for season+site","k__Bacteria|p__Deinococcota","siteEsteroZacatecas",NA,0.00561306867875947,0.0111504003354665,0.619925302708986,"ns"
"99","lm formula for season+site","k__Bacteria|p__Gemmatimonadota","Model","R2: 0.126683110866081; adjusted R2: 0.0435100738057075",NA,NA,NA,NA
"100","lm formula for season+site","k__Bacteria|p__Gemmatimonadota","season",NA,NA,NA,0.108422249203615,"ns"
"101","lm formula for season+site","k__Bacteria|p__Gemmatimonadota","site",NA,NA,NA,0.6329520802428,"ns"
"102","lm formula for season+site","k__Bacteria|p__Gemmatimonadota","Residuals",NA,NA,NA,NA,NA
"103","lm formula for season+site","k__Bacteria|p__Gemmatimonadota","(Intercept)",NA,0.030247169223982,0.00790243378413787,0.000980421210887036,"***"
"104","lm formula for season+site","k__Bacteria|p__Gemmatimonadota","seasonSeptember",NA,0.0152999596749666,0.00912494454505039,0.108422249203615,"ns"
"105","lm formula for season+site","k__Bacteria|p__Gemmatimonadota","siteEsteroZacatecas",NA,-0.0044222640270331,0.00912494454505039,0.6329520802428,"ns"
"106","lm formula for season+site","k__Bacteria|p__Bacillota","Model","R2: 0.031404145892023; adjusted R2: -0.0608430783087368",NA,NA,NA,NA
"107","lm formula for season+site","k__Bacteria|p__Bacillota","season",NA,NA,NA,0.4212643052026,"ns"
"108","lm formula for season+site","k__Bacteria|p__Bacillota","site",NA,NA,NA,0.929611003465115,"ns"
"109","lm formula for season+site","k__Bacteria|p__Bacillota","Residuals",NA,NA,NA,NA,NA
"110","lm formula for season+site","k__Bacteria|p__Bacillota","(Intercept)",NA,0.0305181310299002,0.0126054574868258,0.0246198032097537,"*"
"111","lm formula for season+site","k__Bacteria|p__Bacillota","seasonSeptember",NA,-0.0119397642297889,0.0145555285465545,0.4212643052026,"ns"
"112","lm formula for season+site","k__Bacteria|p__Bacillota","siteEsteroZacatecas",NA,-0.00130126745002722,0.0145555285465545,0.929611003465115,"ns"
"113","lm formula for season+site","k__Bacteria|p__Balneolota","Model","R2: 0.40304950866601; adjusted R2: 0.346197080919916",NA,NA,NA,NA
"114","lm formula for season+site","k__Bacteria|p__Balneolota","season",NA,NA,NA,0.377008096774746,"ns"
"115","lm formula for season+site","k__Bacteria|p__Balneolota","site",NA,NA,NA,0.00147532643127009,"**"
"116","lm formula for season+site","k__Bacteria|p__Balneolota","Residuals",NA,NA,NA,NA,NA
"117","lm formula for season+site","k__Bacteria|p__Balneolota","(Intercept)",NA,0.0515607458888427,0.00660431951505401,1.21512986259796e-07,"***"
"118","lm formula for season+site","k__Bacteria|p__Balneolota","seasonSeptember",NA,-0.00688275412259175,0.00762601129966146,0.377008096774746,"ns"
"119","lm formula for season+site","k__Bacteria|p__Balneolota","siteEsteroZacatecas",NA,-0.0278784950183239,0.00762601129966146,0.00147532643127009,"**"
"120","lm formula for season+site","k__Bacteria|p__Pseudomonadota|c__Alphaproteobacteria","Model","R2: 0.515998155088267; adjusted R2: 0.46990274128715",NA,NA,NA,NA
"121","lm formula for season+site","k__Bacteria|p__Pseudomonadota|c__Alphaproteobacteria","season",NA,NA,NA,0.00185159699737267,"**"
"122","lm formula for season+site","k__Bacteria|p__Pseudomonadota|c__Alphaproteobacteria","site",NA,NA,NA,0.00521364953919772,"**"
"123","lm formula for season+site","k__Bacteria|p__Pseudomonadota|c__Alphaproteobacteria","Residuals",NA,NA,NA,NA,NA
"124","lm formula for season+site","k__Bacteria|p__Pseudomonadota|c__Alphaproteobacteria","(Intercept)",NA,0.571942682825917,0.0159985830732662,2.68647688075955e-20,"***"
"125","lm formula for season+site","k__Bacteria|p__Pseudomonadota|c__Alphaproteobacteria","seasonSeptember",NA,0.0657619750182053,0.0184735724880057,0.00185159699737267,"**"
"126","lm formula for season+site","k__Bacteria|p__Pseudomonadota|c__Alphaproteobacteria","siteEsteroZacatecas",NA,-0.0575835923691626,0.0184735724880057,0.00521364953919772,"**"
"127","lm formula for season+site","k__Bacteria|p__Bacteroidota|c__Bacteroidia","Model","R2: 0.826255530410238; adjusted R2: 0.809708438068356",NA,NA,NA,NA
"128","lm formula for season+site","k__Bacteria|p__Bacteroidota|c__Bacteroidia","season",NA,NA,NA,3.27715040982618e-08,"***"
"129","lm formula for season+site","k__Bacteria|p__Bacteroidota|c__Bacteroidia","site",NA,NA,NA,2.90590353879428e-05,"***"
"130","lm formula for season+site","k__Bacteria|p__Bacteroidota|c__Bacteroidia","Residuals",NA,NA,NA,NA,NA
"131","lm formula for season+site","k__Bacteria|p__Bacteroidota|c__Bacteroidia","(Intercept)",NA,0.4767415508409,0.0174221902162321,6.56945259046292e-18,"***"
"132","lm formula for season+site","k__Bacteria|p__Bacteroidota|c__Bacteroidia","seasonSeptember",NA,-0.17033475296826,0.0201174124224289,3.2771504098262e-08,"***"
"133","lm formula for season+site","k__Bacteria|p__Bacteroidota|c__Bacteroidia","siteEsteroZacatecas",NA,0.106786408617453,0.0201174124224289,2.90590353879428e-05,"***"
"134","lm formula for season+site","k__Bacteria|p__Actinomycetota|c__Actinobacteria","Model","R2: 0.881104440645422; adjusted R2: 0.869781054040224",NA,NA,NA,NA
"135","lm formula for season+site","k__Bacteria|p__Actinomycetota|c__Actinobacteria","season",NA,NA,NA,6.42496337072627e-10,"***"
"136","lm formula for season+site","k__Bacteria|p__Actinomycetota|c__Actinobacteria","site",NA,NA,NA,1.90744098977957e-06,"***"
"137","lm formula for season+site","k__Bacteria|p__Actinomycetota|c__Actinobacteria","Residuals",NA,NA,NA,NA,NA
"138","lm formula for season+site","k__Bacteria|p__Actinomycetota|c__Actinobacteria","(Intercept)",NA,0.296577320209788,0.0230514870451821,1.99370713789711e-11,"***"
"139","lm formula for season+site","k__Bacteria|p__Actinomycetota|c__Actinobacteria","seasonSeptember",NA,0.283315935361508,0.0266175645015141,6.4249633707263e-10,"***"
"140","lm formula for season+site","k__Bacteria|p__Actinomycetota|c__Actinobacteria","siteEsteroZacatecas",NA,-0.173181993025176,0.0266175645015141,1.90744098977957e-06,"***"
"141","lm formula for season+site","k__Bacteria|p__Pseudomonadota|c__Gammaproteobacteria","Model","R2: 0.369409604367445; adjusted R2: 0.309353376211964",NA,NA,NA,NA
"142","lm formula for season+site","k__Bacteria|p__Pseudomonadota|c__Gammaproteobacteria","season",NA,NA,NA,0.00366908801387393,"**"
"143","lm formula for season+site","k__Bacteria|p__Pseudomonadota|c__Gammaproteobacteria","site",NA,NA,NA,0.21721150555996,"ns"
"144","lm formula for season+site","k__Bacteria|p__Pseudomonadota|c__Gammaproteobacteria","Residuals",NA,NA,NA,NA,NA
"145","lm formula for season+site","k__Bacteria|p__Pseudomonadota|c__Gammaproteobacteria","(Intercept)",NA,0.327044582212909,0.0230766243956639,3.19892367631421e-12,"***"
"146","lm formula for season+site","k__Bacteria|p__Pseudomonadota|c__Gammaproteobacteria","seasonSeptember",NA,-0.087096640343271,0.0266465906136489,0.00366908801387393,"**"
"147","lm formula for season+site","k__Bacteria|p__Pseudomonadota|c__Gammaproteobacteria","siteEsteroZacatecas",NA,-0.0338996402524506,0.0266465906136489,0.21721150555996,"ns"
"148","lm formula for season+site","k__Bacteria|p__Rhodothermota|c__Rhodothermia","Model","R2: 0.646894797596777; adjusted R2: 0.613265730701232",NA,NA,NA,NA
"149","lm formula for season+site","k__Bacteria|p__Rhodothermota|c__Rhodothermia","season",NA,NA,NA,7.82139834477149e-06,"***"
"150","lm formula for season+site","k__Bacteria|p__Rhodothermota|c__Rhodothermia","site",NA,NA,NA,0.060454194937972,"ns"
"151","lm formula for season+site","k__Bacteria|p__Rhodothermota|c__Rhodothermia","Residuals",NA,NA,NA,NA,NA
"152","lm formula for season+site","k__Bacteria|p__Rhodothermota|c__Rhodothermia","(Intercept)",NA,0.186905887541351,0.0160818424446459,1.31056188036289e-10,"***"
"153","lm formula for season+site","k__Bacteria|p__Rhodothermota|c__Rhodothermia","seasonSeptember",NA,0.109128078656319,0.018569712128963,7.82139834477152e-06,"***"
"154","lm formula for season+site","k__Bacteria|p__Rhodothermota|c__Rhodothermia","siteEsteroZacatecas",NA,0.0368462825623005,0.018569712128963,0.060454194937972,"ns"
"155","lm formula for season+site","k__Bacteria|p__Cyanobacteriota|c__Cyanobacteriia","Model","R2: 0.660401057878559; adjusted R2: 0.62805830148604",NA,NA,NA,NA
"156","lm formula for season+site","k__Bacteria|p__Cyanobacteriota|c__Cyanobacteriia","season",NA,NA,NA,0.305517039178322,"ns"
"157","lm formula for season+site","k__Bacteria|p__Cyanobacteriota|c__Cyanobacteriia","site",NA,NA,NA,2.98896016165376e-06,"***"
"158","lm formula for season+site","k__Bacteria|p__Cyanobacteriota|c__Cyanobacteriia","Residuals",NA,NA,NA,NA,NA
"159","lm formula for season+site","k__Bacteria|p__Cyanobacteriota|c__Cyanobacteriia","(Intercept)",NA,0.107651279789731,0.0348595128929496,0.00557308695411409,"**"
"160","lm formula for season+site","k__Bacteria|p__Cyanobacteriota|c__Cyanobacteriia","seasonSeptember",NA,-0.0422770234676499,0.0402522983051274,0.305517039178322,"ns"
"161","lm formula for season+site","k__Bacteria|p__Cyanobacteriota|c__Cyanobacteriia","siteEsteroZacatecas",NA,0.253731653283726,0.0402522983051274,2.98896016165376e-06,"***"
"162","lm formula for season+site","k__Bacteria|p__Actinomycetota|c__Acidimicrobiia","Model","R2: 0.00942396794661273; adjusted R2: -0.0849166065346623",NA,NA,NA,NA
"163","lm formula for season+site","k__Bacteria|p__Actinomycetota|c__Acidimicrobiia","season",NA,NA,NA,0.762359396536784,"ns"
"164","lm formula for season+site","k__Bacteria|p__Actinomycetota|c__Acidimicrobiia","site",NA,NA,NA,0.748035942551033,"ns"
"165","lm formula for season+site","k__Bacteria|p__Actinomycetota|c__Acidimicrobiia","Residuals",NA,NA,NA,NA,NA
"166","lm formula for season+site","k__Bacteria|p__Actinomycetota|c__Acidimicrobiia","(Intercept)",NA,0.176726290459139,0.01751117146121,1.64937671461844e-09,"***"
"167","lm formula for season+site","k__Bacteria|p__Actinomycetota|c__Acidimicrobiia","seasonSeptember",NA,-0.00619432303180309,0.0202201591139106,0.762359396536784,"ns"
"168","lm formula for season+site","k__Bacteria|p__Actinomycetota|c__Acidimicrobiia","siteEsteroZacatecas",NA,0.00658132790393918,0.0202201591139106,0.748035942551033,"ns"
"169","lm formula for season+site","k__Bacteria|p__Actinomycetota|c__Rubrobacteria","Model","R2: 0.474168092404835; adjusted R2: 0.424088863110057",NA,NA,NA,NA
"170","lm formula for season+site","k__Bacteria|p__Actinomycetota|c__Rubrobacteria","season",NA,NA,NA,0.000371507734587244,"***"
"171","lm formula for season+site","k__Bacteria|p__Actinomycetota|c__Rubrobacteria","site",NA,NA,NA,0.325913593198494,"ns"
"172","lm formula for season+site","k__Bacteria|p__Actinomycetota|c__Rubrobacteria","Residuals",NA,NA,NA,NA,NA
"173","lm formula for season+site","k__Bacteria|p__Actinomycetota|c__Rubrobacteria","(Intercept)",NA,0.0431478568036713,0.0234159149522546,0.0795407535072827,"ns"
"174","lm formula for season+site","k__Bacteria|p__Actinomycetota|c__Rubrobacteria","seasonSeptember",NA,0.114474463406908,0.0270383696020112,0.000371507734587244,"***"
"175","lm formula for season+site","k__Bacteria|p__Actinomycetota|c__Rubrobacteria","siteEsteroZacatecas",NA,0.0271979369819737,0.0270383696020112,0.325913593198494,"ns"
"176","lm formula for season+site","k__Bacteria|p__Myxococcota|c__Polyangiia","Model","R2: 0.54008890784952; adjusted R2: 0.496287851454237",NA,NA,NA,NA
"177","lm formula for season+site","k__Bacteria|p__Myxococcota|c__Polyangiia","season",NA,NA,NA,0.336192962461739,"ns"
"178","lm formula for season+site","k__Bacteria|p__Myxococcota|c__Polyangiia","site",NA,NA,NA,8.20106538373523e-05,"***"
"179","lm formula for season+site","k__Bacteria|p__Myxococcota|c__Polyangiia","Residuals",NA,NA,NA,NA,NA
"180","lm formula for season+site","k__Bacteria|p__Myxococcota|c__Polyangiia","(Intercept)",NA,0.173224634758097,0.0178776642925641,3.35649308695477e-09,"***"
"181","lm formula for season+site","k__Bacteria|p__Myxococcota|c__Polyangiia","seasonSeptember",NA,-0.0203184101806651,0.0206433485835873,0.336192962461739,"ns"
"182","lm formula for season+site","k__Bacteria|p__Myxococcota|c__Polyangiia","siteEsteroZacatecas",NA,-0.100480812881976,0.0206433485835873,8.20106538373524e-05,"***"
"183","lm formula for season+site","k__Bacteria|p__Planctomycetota|c__Planctomycetes","Model","R2: 0.809041020471466; adjusted R2: 0.790854450992558",NA,NA,NA,NA
"184","lm formula for season+site","k__Bacteria|p__Planctomycetota|c__Planctomycetes","season",NA,NA,NA,8.39348213479485e-09,"***"
"185","lm formula for season+site","k__Bacteria|p__Planctomycetota|c__Planctomycetes","site",NA,NA,NA,0.0438797002761063,"*"
"186","lm formula for season+site","k__Bacteria|p__Planctomycetota|c__Planctomycetes","Residuals",NA,NA,NA,NA,NA
"187","lm formula for season+site","k__Bacteria|p__Planctomycetota|c__Planctomycetes","(Intercept)",NA,0.174096826004677,0.0103315682586776,1.11840490895973e-13,"***"
"188","lm formula for season+site","k__Bacteria|p__Planctomycetota|c__Planctomycetes","seasonSeptember",NA,-0.109582092035759,0.011929867430597,8.39348213479485e-09,"***"
"189","lm formula for season+site","k__Bacteria|p__Planctomycetota|c__Planctomycetes","siteEsteroZacatecas",NA,-0.0255794775404131,0.011929867430597,0.0438797002761064,"*"
"190","lm formula for season+site","k__Bacteria|p__Chloroflexota|c__Anaerolineae","Model","R2: 0.414008924599148; adjusted R2: 0.358200250751448",NA,NA,NA,NA
"191","lm formula for season+site","k__Bacteria|p__Chloroflexota|c__Anaerolineae","season",NA,NA,NA,0.00145123520562454,"**"
"192","lm formula for season+site","k__Bacteria|p__Chloroflexota|c__Anaerolineae","site",NA,NA,NA,0.246422181616134,"ns"
"193","lm formula for season+site","k__Bacteria|p__Chloroflexota|c__Anaerolineae","Residuals",NA,NA,NA,NA,NA
"194","lm formula for season+site","k__Bacteria|p__Chloroflexota|c__Anaerolineae","(Intercept)",NA,0.130618509308543,0.0131251115754793,2.10833272349273e-09,"***"
"195","lm formula for season+site","k__Bacteria|p__Chloroflexota|c__Anaerolineae","seasonSeptember",NA,-0.0555095817605896,0.0151555734024938,0.00145123520562454,"**"
"196","lm formula for season+site","k__Bacteria|p__Chloroflexota|c__Anaerolineae","siteEsteroZacatecas",NA,0.0180708092106454,0.0151555734024938,0.246422181616135,"ns"
"197","lm formula for season+site","k__Bacteria|p__Thermodesulfobacteriota|c__Desulfobulbia","Model","R2: 0.706138166894481; adjusted R2: 0.678151325646337",NA,NA,NA,NA
"198","lm formula for season+site","k__Bacteria|p__Thermodesulfobacteriota|c__Desulfobulbia","season",NA,NA,NA,1.18901411044118e-06,"***"
"199","lm formula for season+site","k__Bacteria|p__Thermodesulfobacteriota|c__Desulfobulbia","site",NA,NA,NA,0.0320469913544389,"*"
"200","lm formula for season+site","k__Bacteria|p__Thermodesulfobacteriota|c__Desulfobulbia","Residuals",NA,NA,NA,NA,NA
"201","lm formula for season+site","k__Bacteria|p__Thermodesulfobacteriota|c__Desulfobulbia","(Intercept)",NA,0.154440455574016,0.0119699911243334,1.89077495260253e-11,"***"
"202","lm formula for season+site","k__Bacteria|p__Thermodesulfobacteriota|c__Desulfobulbia","seasonSeptember",NA,-0.0929136426479411,0.0138217551956626,1.18901411044118e-06,"***"
"203","lm formula for season+site","k__Bacteria|p__Thermodesulfobacteriota|c__Desulfobulbia","siteEsteroZacatecas",NA,-0.0317394304661787,0.0138217551956626,0.0320469913544389,"*"
"204","lm formula for season+site","k__Bacteria|p__Verrucomicrobiota|c__Verrucomicrobiia","Model","R2: 0.640558096090884; adjusted R2: 0.606325533813825",NA,NA,NA,NA
"205","lm formula for season+site","k__Bacteria|p__Verrucomicrobiota|c__Verrucomicrobiia","season",NA,NA,NA,9.69182043958395e-06,"***"
"206","lm formula for season+site","k__Bacteria|p__Verrucomicrobiota|c__Verrucomicrobiia","site",NA,NA,NA,0.0590842205088588,"ns"
"207","lm formula for season+site","k__Bacteria|p__Verrucomicrobiota|c__Verrucomicrobiia","Residuals",NA,NA,NA,NA,NA
"208","lm formula for season+site","k__Bacteria|p__Verrucomicrobiota|c__Verrucomicrobiia","(Intercept)",NA,0.0997659957692489,0.0121301490184761,5.26787637785424e-08,"***"
"209","lm formula for season+site","k__Bacteria|p__Verrucomicrobiota|c__Verrucomicrobiia","seasonSeptember",NA,-0.0809976086115907,0.0140066896022549,9.69182043958395e-06,"***"
"210","lm formula for season+site","k__Bacteria|p__Verrucomicrobiota|c__Verrucomicrobiia","siteEsteroZacatecas",NA,0.027955043833279,0.0140066896022549,0.0590842205088588,"ns"
"211","lm formula for season+site","k__Bacteria|p__Thermodesulfobacteriota|c__Desulfobacteria","Model","R2: 0.716539582612756; adjusted R2: 0.689543352385399",NA,NA,NA,NA
"212","lm formula for season+site","k__Bacteria|p__Thermodesulfobacteriota|c__Desulfobacteria","season",NA,NA,NA,5.79133235556288e-06,"***"
"213","lm formula for season+site","k__Bacteria|p__Thermodesulfobacteriota|c__Desulfobacteria","site",NA,NA,NA,0.000487414474756548,"***"
"214","lm formula for season+site","k__Bacteria|p__Thermodesulfobacteriota|c__Desulfobacteria","Residuals",NA,NA,NA,NA,NA
"215","lm formula for season+site","k__Bacteria|p__Thermodesulfobacteriota|c__Desulfobacteria","(Intercept)",NA,0.132789521276163,0.00956004121213663,4.69283326318856e-12,"***"
"216","lm formula for season+site","k__Bacteria|p__Thermodesulfobacteriota|c__Desulfobacteria","seasonSeptember",NA,-0.0663332220454571,0.011038984734582,5.7913323555629e-06,"***"
"217","lm formula for season+site","k__Bacteria|p__Thermodesulfobacteriota|c__Desulfobacteria","siteEsteroZacatecas",NA,-0.0454832660588434,0.011038984734582,0.00048741447475655,"***"
"218","lm formula for season+site","k__Bacteria|p__Acidobacteriota|c__Thermoanaerobaculia","Model","R2: 0.510621467228843; adjusted R2: 0.464013987917304",NA,NA,NA,NA
"219","lm formula for season+site","k__Bacteria|p__Acidobacteriota|c__Thermoanaerobaculia","season",NA,NA,NA,0.000211669182203029,"***"
"220","lm formula for season+site","k__Bacteria|p__Acidobacteriota|c__Thermoanaerobaculia","site",NA,NA,NA,0.178388880809151,"ns"
"221","lm formula for season+site","k__Bacteria|p__Acidobacteriota|c__Thermoanaerobaculia","Residuals",NA,NA,NA,NA,NA
"222","lm formula for season+site","k__Bacteria|p__Acidobacteriota|c__Thermoanaerobaculia","(Intercept)",NA,0.108386705883911,0.0111087645077158,2.97611288207208e-09,"***"
"223","lm formula for season+site","k__Bacteria|p__Acidobacteriota|c__Thermoanaerobaculia","seasonSeptember",NA,-0.0573266143977489,0.0128272963577878,0.000211669182203029,"***"
"224","lm formula for season+site","k__Bacteria|p__Acidobacteriota|c__Thermoanaerobaculia","siteEsteroZacatecas",NA,-0.0178599652780545,0.0128272963577878,0.178388880809151,"ns"
"225","lm formula for season+site","k__Bacteria|p__Campylobacterota|c__Campylobacteria","Model","R2: 0.507586854805311; adjusted R2: 0.460690364786769",NA,NA,NA,NA
"226","lm formula for season+site","k__Bacteria|p__Campylobacterota|c__Campylobacteria","season",NA,NA,NA,0.00216693691788094,"**"
"227","lm formula for season+site","k__Bacteria|p__Campylobacterota|c__Campylobacteria","site",NA,NA,NA,0.00576743515287075,"**"
"228","lm formula for season+site","k__Bacteria|p__Campylobacterota|c__Campylobacteria","Residuals",NA,NA,NA,NA,NA
"229","lm formula for season+site","k__Bacteria|p__Campylobacterota|c__Campylobacteria","(Intercept)",NA,0.0959511946369226,0.0160533399901673,6.22631735956846e-06,"***"
"230","lm formula for season+site","k__Bacteria|p__Campylobacterota|c__Campylobacteria","seasonSeptember",NA,-0.0647523042328847,0.0185368003294314,0.00216693691788094,"**"
"231","lm formula for season+site","k__Bacteria|p__Campylobacterota|c__Campylobacteria","siteEsteroZacatecas",NA,-0.0569681356151128,0.0185368003294314,0.00576743515287075,"**"
"232","lm formula for season+site","k__Bacteria|p__Deinococcota|c__Deinococci","Model","R2: 0.0297202291763078; adjusted R2: -0.0626873680449962",NA,NA,NA,NA
"233","lm formula for season+site","k__Bacteria|p__Deinococcota|c__Deinococci","season",NA,NA,NA,0.53911113900777,"ns"
"234","lm formula for season+site","k__Bacteria|p__Deinococcota|c__Deinococci","site",NA,NA,NA,0.619925302708986,"ns"
"235","lm formula for season+site","k__Bacteria|p__Deinococcota|c__Deinococci","Residuals",NA,NA,NA,NA,NA
"236","lm formula for season+site","k__Bacteria|p__Deinococcota|c__Deinococci","(Intercept)",NA,0.0459799669196573,0.00965652995288049,0.000105449281340502,"***"
"237","lm formula for season+site","k__Bacteria|p__Deinococcota|c__Deinococci","seasonSeptember",NA,0.00696194445423526,0.0111504003354665,0.539111139007771,"ns"
"238","lm formula for season+site","k__Bacteria|p__Deinococcota|c__Deinococci","siteEsteroZacatecas",NA,0.00561306867875947,0.0111504003354665,0.619925302708986,"ns"
"239","lm formula for season+site","k__Bacteria|p__Actinomycetota|c__Thermoleophilia","Model","R2: 0.334399005838106; adjusted R2: 0.271008434965545",NA,NA,NA,NA
"240","lm formula for season+site","k__Bacteria|p__Actinomycetota|c__Thermoleophilia","season",NA,NA,NA,0.00796761076727469,"**"
"241","lm formula for season+site","k__Bacteria|p__Actinomycetota|c__Thermoleophilia","site",NA,NA,NA,0.176682280429234,"ns"
"242","lm formula for season+site","k__Bacteria|p__Actinomycetota|c__Thermoleophilia","Residuals",NA,NA,NA,NA,NA
"243","lm formula for season+site","k__Bacteria|p__Actinomycetota|c__Thermoleophilia","(Intercept)",NA,0.00610108072475943,0.00946222812188772,0.526049794486806,"ns"
"244","lm formula for season+site","k__Bacteria|p__Actinomycetota|c__Thermoleophilia","seasonSeptember",NA,0.0320336258973274,0.010926039906611,0.00796761076727466,"**"
"245","lm formula for season+site","k__Bacteria|p__Actinomycetota|c__Thermoleophilia","siteEsteroZacatecas",NA,0.0152754754905348,0.010926039906611,0.176682280429234,"ns"
"246","lm formula for season+site","k__Bacteria|p__Gemmatimonadota|c__Longimicrobiia","Model","R2: 0.126683110866081; adjusted R2: 0.0435100738057075",NA,NA,NA,NA
"247","lm formula for season+site","k__Bacteria|p__Gemmatimonadota|c__Longimicrobiia","season",NA,NA,NA,0.108422249203615,"ns"
"248","lm formula for season+site","k__Bacteria|p__Gemmatimonadota|c__Longimicrobiia","site",NA,NA,NA,0.6329520802428,"ns"
"249","lm formula for season+site","k__Bacteria|p__Gemmatimonadota|c__Longimicrobiia","Residuals",NA,NA,NA,NA,NA
"250","lm formula for season+site","k__Bacteria|p__Gemmatimonadota|c__Longimicrobiia","(Intercept)",NA,0.030247169223982,0.00790243378413787,0.000980421210887036,"***"
"251","lm formula for season+site","k__Bacteria|p__Gemmatimonadota|c__Longimicrobiia","seasonSeptember",NA,0.0152999596749666,0.00912494454505039,0.108422249203615,"ns"
"252","lm formula for season+site","k__Bacteria|p__Gemmatimonadota|c__Longimicrobiia","siteEsteroZacatecas",NA,-0.0044222640270331,0.00912494454505039,0.6329520802428,"ns"
"253","lm formula for season+site","k__Bacteria|p__Balneolota|c__Balneolia","Model","R2: 0.40304950866601; adjusted R2: 0.346197080919916",NA,NA,NA,NA
"254","lm formula for season+site","k__Bacteria|p__Balneolota|c__Balneolia","season",NA,NA,NA,0.377008096774746,"ns"
"255","lm formula for season+site","k__Bacteria|p__Balneolota|c__Balneolia","site",NA,NA,NA,0.00147532643127009,"**"
"256","lm formula for season+site","k__Bacteria|p__Balneolota|c__Balneolia","Residuals",NA,NA,NA,NA,NA
"257","lm formula for season+site","k__Bacteria|p__Balneolota|c__Balneolia","(Intercept)",NA,0.0515607458888427,0.00660431951505401,1.21512986259796e-07,"***"
"258","lm formula for season+site","k__Bacteria|p__Balneolota|c__Balneolia","seasonSeptember",NA,-0.00688275412259175,0.00762601129966146,0.377008096774746,"ns"
"259","lm formula for season+site","k__Bacteria|p__Balneolota|c__Balneolia","siteEsteroZacatecas",NA,-0.0278784950183239,0.00762601129966146,0.00147532643127009,"**"
"260","lm formula for season+site","k__Bacteria|p__Bacillota|c__Bacilli","Model","R2: 0.18914551384157; adjusted R2: 0.111921277064577",NA,NA,NA,NA
"261","lm formula for season+site","k__Bacteria|p__Bacillota|c__Bacilli","season",NA,NA,NA,0.25245475091521,"ns"
"262","lm formula for season+site","k__Bacteria|p__Bacillota|c__Bacilli","site",NA,NA,NA,0.0748378721096838,"ns"
"263","lm formula for season+site","k__Bacteria|p__Bacillota|c__Bacilli","Residuals",NA,NA,NA,NA,NA
"264","lm formula for season+site","k__Bacteria|p__Bacillota|c__Bacilli","(Intercept)",NA,-0.00691406229233957,0.0101766046378486,0.504300160065726,"ns"
"265","lm formula for season+site","k__Bacteria|p__Bacillota|c__Bacilli","seasonSeptember",NA,0.0138281245846791,0.0117509308541965,0.25245475091521,"ns"
"266","lm formula for season+site","k__Bacteria|p__Bacillota|c__Bacilli","siteEsteroZacatecas",NA,0.0220273415655162,0.0117509308541965,0.0748378721096838,"ns"
"267","lm formula for season+site","k__Bacteria|p__Pseudomonadota|c__Alphaproteobacteria|o__Rhodobacterales","Model","R2: 0.549738235659932; adjusted R2: 0.50685616286564",NA,NA,NA,NA
"268","lm formula for season+site","k__Bacteria|p__Pseudomonadota|c__Alphaproteobacteria|o__Rhodobacterales","season",NA,NA,NA,8.5904936265948e-05,"***"
"269","lm formula for season+site","k__Bacteria|p__Pseudomonadota|c__Alphaproteobacteria|o__Rhodobacterales","site",NA,NA,NA,0.158547370082914,"ns"
"270","lm formula for season+site","k__Bacteria|p__Pseudomonadota|c__Alphaproteobacteria|o__Rhodobacterales","Residuals",NA,NA,NA,NA,NA
"271","lm formula for season+site","k__Bacteria|p__Pseudomonadota|c__Alphaproteobacteria|o__Rhodobacterales","(Intercept)",NA,0.308536308346388,0.0163242513448724,1.15836769375371e-14,"***"
"272","lm formula for season+site","k__Bacteria|p__Pseudomonadota|c__Alphaproteobacteria|o__Rhodobacterales","seasonSeptember",NA,0.0913810350244524,0.0188496218165623,8.59049362659481e-05,"***"
"273","lm formula for season+site","k__Bacteria|p__Pseudomonadota|c__Alphaproteobacteria|o__Rhodobacterales","siteEsteroZacatecas",NA,-0.0275580314859451,0.0188496218165623,0.158547370082914,"ns"
"274","lm formula for season+site","k__Bacteria|p__Pseudomonadota|c__Alphaproteobacteria|o__Sphingomonadales","Model","R2: 0.13042396684408; adjusted R2: 0.0476072017816112",NA,NA,NA,NA
"275","lm formula for season+site","k__Bacteria|p__Pseudomonadota|c__Alphaproteobacteria|o__Sphingomonadales","season",NA,NA,NA,0.17665691727437,"ns"
"276","lm formula for season+site","k__Bacteria|p__Pseudomonadota|c__Alphaproteobacteria|o__Sphingomonadales","site",NA,NA,NA,0.286737967013131,"ns"
"277","lm formula for season+site","k__Bacteria|p__Pseudomonadota|c__Alphaproteobacteria|o__Sphingomonadales","Residuals",NA,NA,NA,NA,NA
"278","lm formula for season+site","k__Bacteria|p__Pseudomonadota|c__Alphaproteobacteria|o__Sphingomonadales","(Intercept)",NA,0.374516514058747,0.0264987238475473,3.37053834825144e-12,"***"
"279","lm formula for season+site","k__Bacteria|p__Pseudomonadota|c__Alphaproteobacteria|o__Sphingomonadales","seasonSeptember",NA,-0.0427811920243702,0.030598090693126,0.17665691727437,"ns"
"280","lm formula for season+site","k__Bacteria|p__Pseudomonadota|c__Alphaproteobacteria|o__Sphingomonadales","siteEsteroZacatecas",NA,-0.0334462900526643,0.030598090693126,0.286737967013131,"ns"
"281","lm formula for season+site","k__Bacteria|p__Bacteroidota|c__Bacteroidia|o__Flavobacteriales","Model","R2: 0.721711560464213; adjusted R2: 0.695207899556043",NA,NA,NA,NA
"282","lm formula for season+site","k__Bacteria|p__Bacteroidota|c__Bacteroidia|o__Flavobacteriales","season",NA,NA,NA,4.932403681496e-07,"***"
"283","lm formula for season+site","k__Bacteria|p__Bacteroidota|c__Bacteroidia|o__Flavobacteriales","site",NA,NA,NA,0.0717637810856152,"ns"
"284","lm formula for season+site","k__Bacteria|p__Bacteroidota|c__Bacteroidia|o__Flavobacteriales","Residuals",NA,NA,NA,NA,NA
"285","lm formula for season+site","k__Bacteria|p__Bacteroidota|c__Bacteroidia|o__Flavobacteriales","(Intercept)",NA,0.337418336358937,0.0244691195379649,5.38767420375848e-12,"***"
"286","lm formula for season+site","k__Bacteria|p__Bacteroidota|c__Bacteroidia|o__Flavobacteriales","seasonSeptember",NA,-0.201510954384009,0.0282545055041543,4.93240368149601e-07,"***"
"287","lm formula for season+site","k__Bacteria|p__Bacteroidota|c__Bacteroidia|o__Flavobacteriales","siteEsteroZacatecas",NA,0.0535789140423804,0.0282545055041543,0.0717637810856152,"ns"
"288","lm formula for season+site","k__Bacteria|p__Rhodothermota|c__Rhodothermia|o__Rhodothermales","Model","R2: 0.646894797596777; adjusted R2: 0.613265730701232",NA,NA,NA,NA
"289","lm formula for season+site","k__Bacteria|p__Rhodothermota|c__Rhodothermia|o__Rhodothermales","season",NA,NA,NA,7.82139834477149e-06,"***"
"290","lm formula for season+site","k__Bacteria|p__Rhodothermota|c__Rhodothermia|o__Rhodothermales","site",NA,NA,NA,0.060454194937972,"ns"
"291","lm formula for season+site","k__Bacteria|p__Rhodothermota|c__Rhodothermia|o__Rhodothermales","Residuals",NA,NA,NA,NA,NA
"292","lm formula for season+site","k__Bacteria|p__Rhodothermota|c__Rhodothermia|o__Rhodothermales","(Intercept)",NA,0.186905887541351,0.0160818424446459,1.31056188036289e-10,"***"
"293","lm formula for season+site","k__Bacteria|p__Rhodothermota|c__Rhodothermia|o__Rhodothermales","seasonSeptember",NA,0.109128078656319,0.018569712128963,7.82139834477152e-06,"***"
"294","lm formula for season+site","k__Bacteria|p__Rhodothermota|c__Rhodothermia|o__Rhodothermales","siteEsteroZacatecas",NA,0.0368462825623005,0.018569712128963,0.060454194937972,"ns"
"295","lm formula for season+site","k__Bacteria|p__Bacteroidota|c__Bacteroidia|o__Cytophagales","Model","R2: 0.749966374648854; adjusted R2: 0.726153648424936",NA,NA,NA,NA
"296","lm formula for season+site","k__Bacteria|p__Bacteroidota|c__Bacteroidia|o__Cytophagales","season",NA,NA,NA,0.399140152538137,"ns"
"297","lm formula for season+site","k__Bacteria|p__Bacteroidota|c__Bacteroidia|o__Cytophagales","site",NA,NA,NA,1.0280065891339e-07,"***"
"298","lm formula for season+site","k__Bacteria|p__Bacteroidota|c__Bacteroidia|o__Cytophagales","Residuals",NA,NA,NA,NA,NA
"299","lm formula for season+site","k__Bacteria|p__Bacteroidota|c__Bacteroidia|o__Cytophagales","(Intercept)",NA,0.209169547577963,0.00982493975791355,1.07117029948431e-15,"***"
"300","lm formula for season+site","k__Bacteria|p__Bacteroidota|c__Bacteroidia|o__Cytophagales","seasonSeptember",NA,-0.00976418062699928,0.0113448632280065,0.399140152538138,"ns"
"301","lm formula for season+site","k__Bacteria|p__Bacteroidota|c__Bacteroidia|o__Cytophagales","siteEsteroZacatecas",NA,0.0895079879243681,0.0113448632280065,1.0280065891339e-07,"***"
"302","lm formula for season+site","k__Bacteria|p__Actinomycetota|c__Actinobacteria|o__Euzebyales","Model","R2: 0.76439742702969; adjusted R2: 0.741959086746803",NA,NA,NA,NA
"303","lm formula for season+site","k__Bacteria|p__Actinomycetota|c__Actinobacteria|o__Euzebyales","season",NA,NA,NA,2.91414852127237e-07,"***"
"304","lm formula for season+site","k__Bacteria|p__Actinomycetota|c__Actinobacteria|o__Euzebyales","site",NA,NA,NA,0.00135093768037481,"**"
"305","lm formula for season+site","k__Bacteria|p__Actinomycetota|c__Actinobacteria|o__Euzebyales","Residuals",NA,NA,NA,NA,NA
"306","lm formula for season+site","k__Bacteria|p__Actinomycetota|c__Actinobacteria|o__Euzebyales","(Intercept)",NA,0.168242749567257,0.0226402421300857,2.63140801293018e-07,"***"
"307","lm formula for season+site","k__Bacteria|p__Actinomycetota|c__Actinobacteria|o__Euzebyales","seasonSeptember",NA,0.192989464382196,0.0261426997766466,2.91414852127238e-07,"***"
"308","lm formula for season+site","k__Bacteria|p__Actinomycetota|c__Actinobacteria|o__Euzebyales","siteEsteroZacatecas",NA,-0.0965403511514027,0.0261426997766466,0.00135093768037481,"**"
"309","lm formula for season+site","k__Bacteria|p__Cyanobacteriota|c__Cyanobacteriia|o__Cyanobacteriales","Model","R2: 0.626903521772448; adjusted R2: 0.591370523846015",NA,NA,NA,NA
"310","lm formula for season+site","k__Bacteria|p__Cyanobacteriota|c__Cyanobacteriia|o__Cyanobacteriales","season",NA,NA,NA,0.530228027797317,"ns"
"311","lm formula for season+site","k__Bacteria|p__Cyanobacteriota|c__Cyanobacteriia|o__Cyanobacteriales","site",NA,NA,NA,7.31961902758909e-06,"***"
"312","lm formula for season+site","k__Bacteria|p__Cyanobacteriota|c__Cyanobacteriia|o__Cyanobacteriales","Residuals",NA,NA,NA,NA,NA
"313","lm formula for season+site","k__Bacteria|p__Cyanobacteriota|c__Cyanobacteriia|o__Cyanobacteriales","(Intercept)",NA,0.0990355066270729,0.033985057664652,0.00829554848799169,"**"
"314","lm formula for season+site","k__Bacteria|p__Cyanobacteriota|c__Cyanobacteriia|o__Cyanobacteriales","seasonSeptember",NA,-0.0250454771423337,0.0392425643822236,0.530228027797317,"ns"
"315","lm formula for season+site","k__Bacteria|p__Cyanobacteriota|c__Cyanobacteriia|o__Cyanobacteriales","siteEsteroZacatecas",NA,0.231758431961631,0.0392425643822236,7.31961902758911e-06,"***"
"316","lm formula for season+site","k__Bacteria|p__Actinomycetota|c__Actinobacteria|o__Nitriliruptorales","Model","R2: 0.847952726103854; adjusted R2: 0.83347203335184",NA,NA,NA,NA
"317","lm formula for season+site","k__Bacteria|p__Actinomycetota|c__Actinobacteria|o__Nitriliruptorales","season",NA,NA,NA,6.36179071009187e-09,"***"
"318","lm formula for season+site","k__Bacteria|p__Actinomycetota|c__Actinobacteria|o__Nitriliruptorales","site",NA,NA,NA,1.98011205346307e-05,"***"
"319","lm formula for season+site","k__Bacteria|p__Actinomycetota|c__Actinobacteria|o__Nitriliruptorales","Residuals",NA,NA,NA,NA,NA
"320","lm formula for season+site","k__Bacteria|p__Actinomycetota|c__Actinobacteria|o__Nitriliruptorales","(Intercept)",NA,0.17547624095935,0.0135834229356158,1.84705282244528e-11,"***"
"321","lm formula for season+site","k__Bacteria|p__Actinomycetota|c__Actinobacteria|o__Nitriliruptorales","seasonSeptember",NA,0.146434653006959,0.0156847857767886,6.36179071009187e-09,"***"
"322","lm formula for season+site","k__Bacteria|p__Actinomycetota|c__Actinobacteria|o__Nitriliruptorales","siteEsteroZacatecas",NA,-0.0858407360462826,0.0156847857767886,1.98011205346307e-05,"***"
"323","lm formula for season+site","k__Bacteria|p__Pseudomonadota|c__Alphaproteobacteria|o__Hyphomicrobiales","Model","R2: 0.741305952946136; adjusted R2: 0.716668424655292",NA,NA,NA,NA
"324","lm formula for season+site","k__Bacteria|p__Pseudomonadota|c__Alphaproteobacteria|o__Hyphomicrobiales","season",NA,NA,NA,1.04544274207554e-05,"***"
"325","lm formula for season+site","k__Bacteria|p__Pseudomonadota|c__Alphaproteobacteria|o__Hyphomicrobiales","site",NA,NA,NA,3.67827547468985e-05,"***"
"326","lm formula for season+site","k__Bacteria|p__Pseudomonadota|c__Alphaproteobacteria|o__Hyphomicrobiales","Residuals",NA,NA,NA,NA,NA
"327","lm formula for season+site","k__Bacteria|p__Pseudomonadota|c__Alphaproteobacteria|o__Hyphomicrobiales","(Intercept)",NA,0.203667218725752,0.0124304436168792,1.9376569990613e-13,"***"
"328","lm formula for season+site","k__Bacteria|p__Pseudomonadota|c__Alphaproteobacteria|o__Hyphomicrobiales","seasonSeptember",NA,0.0825281917267297,0.0143534399367033,1.04544274207554e-05,"***"
"329","lm formula for season+site","k__Bacteria|p__Pseudomonadota|c__Alphaproteobacteria|o__Hyphomicrobiales","siteEsteroZacatecas",NA,-0.0747451156151497,0.0143534399367033,3.67827547468985e-05,"***"
"330","lm formula for season+site","k__Bacteria|p__Bacteroidota|c__Bacteroidia|o__Chitinophagales","Model","R2: 0.119380711057788; adjusted R2: 0.0355122073490057",NA,NA,NA,NA
"331","lm formula for season+site","k__Bacteria|p__Bacteroidota|c__Bacteroidia|o__Chitinophagales","season",NA,NA,NA,0.674716623055873,"ns"
"332","lm formula for season+site","k__Bacteria|p__Bacteroidota|c__Bacteroidia|o__Chitinophagales","site",NA,NA,NA,0.117437780890124,"ns"
"333","lm formula for season+site","k__Bacteria|p__Bacteroidota|c__Bacteroidia|o__Chitinophagales","Residuals",NA,NA,NA,NA,NA
"334","lm formula for season+site","k__Bacteria|p__Bacteroidota|c__Bacteroidia|o__Chitinophagales","(Intercept)",NA,0.172059076411139,0.0252312460123013,9.63475770924957e-07,"***"
"335","lm formula for season+site","k__Bacteria|p__Bacteroidota|c__Bacteroidia|o__Chitinophagales","seasonSeptember",NA,-0.0124001720355382,0.0291345333543836,0.674716623055873,"ns"
"336","lm formula for season+site","k__Bacteria|p__Bacteroidota|c__Bacteroidia|o__Chitinophagales","siteEsteroZacatecas",NA,0.047567905796029,0.0291345333543836,0.117437780890124,"ns"
"337","lm formula for season+site","k__Bacteria|p__Pseudomonadota|c__Gammaproteobacteria|o__Pseudomonadales","Model","R2: 0.585888343779557; adjusted R2: 0.546449138425229",NA,NA,NA,NA
"338","lm formula for season+site","k__Bacteria|p__Pseudomonadota|c__Gammaproteobacteria|o__Pseudomonadales","season",NA,NA,NA,0.117127655719289,"ns"
"339","lm formula for season+site","k__Bacteria|p__Pseudomonadota|c__Gammaproteobacteria|o__Pseudomonadales","site",NA,NA,NA,3.74290067035083e-05,"***"
"340","lm formula for season+site","k__Bacteria|p__Pseudomonadota|c__Gammaproteobacteria|o__Pseudomonadales","Residuals",NA,NA,NA,NA,NA
"341","lm formula for season+site","k__Bacteria|p__Pseudomonadota|c__Gammaproteobacteria|o__Pseudomonadales","(Intercept)",NA,0.237824477991845,0.0149574036896148,3.47901432975471e-13,"***"
"342","lm formula for season+site","k__Bacteria|p__Pseudomonadota|c__Gammaproteobacteria|o__Pseudomonadales","seasonSeptember",NA,-0.028224180515732,0.017271322093154,0.117127655719289,"ns"
"343","lm formula for season+site","k__Bacteria|p__Pseudomonadota|c__Gammaproteobacteria|o__Pseudomonadales","siteEsteroZacatecas",NA,-0.0898116511671391,0.017271322093154,3.74290067035084e-05,"***"
"344","lm formula for season+site","k__Bacteria|p__Actinomycetota|c__Acidimicrobiia|o__Microtrichales","Model","R2: 0.0127092060089567; adjusted R2: -0.0813184886568572",NA,NA,NA,NA
"345","lm formula for season+site","k__Bacteria|p__Actinomycetota|c__Acidimicrobiia|o__Microtrichales","season",NA,NA,NA,0.725491041842344,"ns"
"346","lm formula for season+site","k__Bacteria|p__Actinomycetota|c__Acidimicrobiia|o__Microtrichales","site",NA,NA,NA,0.708446964517197,"ns"
"347","lm formula for season+site","k__Bacteria|p__Actinomycetota|c__Acidimicrobiia|o__Microtrichales","Residuals",NA,NA,NA,NA,NA
"348","lm formula for season+site","k__Bacteria|p__Actinomycetota|c__Acidimicrobiia|o__Microtrichales","(Intercept)",NA,0.17603828243221,0.0176935489816166,2.11765087104325e-09,"***"
"349","lm formula for season+site","k__Bacteria|p__Actinomycetota|c__Acidimicrobiia|o__Microtrichales","seasonSeptember",NA,-0.00727060554044065,0.0204307505349124,0.725491041842344,"ns"
"350","lm formula for season+site","k__Bacteria|p__Actinomycetota|c__Acidimicrobiia|o__Microtrichales","siteEsteroZacatecas",NA,0.00774453517647851,0.0204307505349124,0.708446964517197,"ns"
"351","lm formula for season+site","k__Bacteria|p__Actinomycetota|c__Rubrobacteria|o__Rubrobacterales","Model","R2: 0.474168092404835; adjusted R2: 0.424088863110057",NA,NA,NA,NA
"352","lm formula for season+site","k__Bacteria|p__Actinomycetota|c__Rubrobacteria|o__Rubrobacterales","season",NA,NA,NA,0.000371507734587244,"***"
"353","lm formula for season+site","k__Bacteria|p__Actinomycetota|c__Rubrobacteria|o__Rubrobacterales","site",NA,NA,NA,0.325913593198494,"ns"
"354","lm formula for season+site","k__Bacteria|p__Actinomycetota|c__Rubrobacteria|o__Rubrobacterales","Residuals",NA,NA,NA,NA,NA
"355","lm formula for season+site","k__Bacteria|p__Actinomycetota|c__Rubrobacteria|o__Rubrobacterales","(Intercept)",NA,0.0431478568036713,0.0234159149522546,0.0795407535072827,"ns"
"356","lm formula for season+site","k__Bacteria|p__Actinomycetota|c__Rubrobacteria|o__Rubrobacterales","seasonSeptember",NA,0.114474463406908,0.0270383696020112,0.000371507734587244,"***"
"357","lm formula for season+site","k__Bacteria|p__Actinomycetota|c__Rubrobacteria|o__Rubrobacterales","siteEsteroZacatecas",NA,0.0271979369819737,0.0270383696020112,0.325913593198494,"ns"
"358","lm formula for season+site","k__Bacteria|p__Actinomycetota|c__Actinobacteria|o__Propionibacteriales","Model","R2: 0.83344754983959; adjusted R2: 0.817585411729075",NA,NA,NA,NA
"359","lm formula for season+site","k__Bacteria|p__Actinomycetota|c__Actinobacteria|o__Propionibacteriales","season",NA,NA,NA,1.64869385496392e-05,"***"
"360","lm formula for season+site","k__Bacteria|p__Actinomycetota|c__Actinobacteria|o__Propionibacteriales","site",NA,NA,NA,2.44993331575502e-08,"***"
"361","lm formula for season+site","k__Bacteria|p__Actinomycetota|c__Actinobacteria|o__Propionibacteriales","Residuals",NA,NA,NA,NA,NA
"362","lm formula for season+site","k__Bacteria|p__Actinomycetota|c__Actinobacteria|o__Propionibacteriales","(Intercept)",NA,0.127359797135028,0.0126155782740743,1.64011463866904e-09,"***"
"363","lm formula for season+site","k__Bacteria|p__Actinomycetota|c__Actinobacteria|o__Propionibacteriales","seasonSeptember",NA,0.080875922520855,0.0145672150250392,1.64869385496393e-05,"***"
"364","lm formula for season+site","k__Bacteria|p__Actinomycetota|c__Actinobacteria|o__Propionibacteriales","siteEsteroZacatecas",NA,-0.125534119465562,0.0145672150250392,2.44993331575502e-08,"***"
"365","lm formula for season+site","k__Bacteria|p__Pseudomonadota|c__Gammaproteobacteria|o__Enterobacterales","Model","R2: 0.219164354776591; adjusted R2: 0.144799055231504",NA,NA,NA,NA
"366","lm formula for season+site","k__Bacteria|p__Pseudomonadota|c__Gammaproteobacteria|o__Enterobacterales","season",NA,NA,NA,0.58721598550621,"ns"
"367","lm formula for season+site","k__Bacteria|p__Pseudomonadota|c__Gammaproteobacteria|o__Enterobacterales","site",NA,NA,NA,0.0277709186401682,"*"
"368","lm formula for season+site","k__Bacteria|p__Pseudomonadota|c__Gammaproteobacteria|o__Enterobacterales","Residuals",NA,NA,NA,NA,NA
"369","lm formula for season+site","k__Bacteria|p__Pseudomonadota|c__Gammaproteobacteria|o__Enterobacterales","(Intercept)",NA,0.0809281616778353,0.0250693544692559,0.00403097194077255,"**"
"370","lm formula for season+site","k__Bacteria|p__Pseudomonadota|c__Gammaproteobacteria|o__Enterobacterales","seasonSeptember",NA,-0.0159601275589996,0.0289475971024701,0.58721598550621,"ns"
"371","lm formula for season+site","k__Bacteria|p__Pseudomonadota|c__Gammaproteobacteria|o__Enterobacterales","siteEsteroZacatecas",NA,0.0684430545678813,0.0289475971024701,0.0277709186401682,"*"
"372","lm formula for season+site","k__Bacteria|p__Myxococcota|c__Polyangiia|o__Polyangiales","Model","R2: 0.568180129540701; adjusted R2: 0.527054427592196",NA,NA,NA,NA
"373","lm formula for season+site","k__Bacteria|p__Myxococcota|c__Polyangiia|o__Polyangiales","season",NA,NA,NA,0.500176856617375,"ns"
"374","lm formula for season+site","k__Bacteria|p__Myxococcota|c__Polyangiia|o__Polyangiales","site",NA,NA,NA,3.64288692089106e-05,"***"
"375","lm formula for season+site","k__Bacteria|p__Myxococcota|c__Polyangiia|o__Polyangiales","Residuals",NA,NA,NA,NA,NA
"376","lm formula for season+site","k__Bacteria|p__Myxococcota|c__Polyangiia|o__Polyangiales","(Intercept)",NA,0.169342928334502,0.0184907345698294,8.82814911428962e-09,"***"
"377","lm formula for season+site","k__Bacteria|p__Myxococcota|c__Polyangiia|o__Polyangiales","seasonSeptember",NA,-0.0146483682336258,0.0213512611628099,0.500176856617374,"ns"
"378","lm formula for season+site","k__Bacteria|p__Myxococcota|c__Polyangiia|o__Polyangiales","siteEsteroZacatecas",NA,-0.111274085288215,0.0213512611628099,3.64288692089106e-05,"***"
"379","lm formula for season+site","k__Bacteria|p__Thermodesulfobacteriota|c__Desulfobulbia|o__Desulfobulbales","Model","R2: 0.706138166894481; adjusted R2: 0.678151325646337",NA,NA,NA,NA
"380","lm formula for season+site","k__Bacteria|p__Thermodesulfobacteriota|c__Desulfobulbia|o__Desulfobulbales","season",NA,NA,NA,1.18901411044118e-06,"***"
"381","lm formula for season+site","k__Bacteria|p__Thermodesulfobacteriota|c__Desulfobulbia|o__Desulfobulbales","site",NA,NA,NA,0.0320469913544389,"*"
"382","lm formula for season+site","k__Bacteria|p__Thermodesulfobacteriota|c__Desulfobulbia|o__Desulfobulbales","Residuals",NA,NA,NA,NA,NA
"383","lm formula for season+site","k__Bacteria|p__Thermodesulfobacteriota|c__Desulfobulbia|o__Desulfobulbales","(Intercept)",NA,0.154440455574016,0.0119699911243334,1.89077495260253e-11,"***"
"384","lm formula for season+site","k__Bacteria|p__Thermodesulfobacteriota|c__Desulfobulbia|o__Desulfobulbales","seasonSeptember",NA,-0.0929136426479411,0.0138217551956626,1.18901411044118e-06,"***"
"385","lm formula for season+site","k__Bacteria|p__Thermodesulfobacteriota|c__Desulfobulbia|o__Desulfobulbales","siteEsteroZacatecas",NA,-0.0317394304661787,0.0138217551956626,0.0320469913544389,"*"
"386","lm formula for season+site","k__Bacteria|p__Planctomycetota|c__Planctomycetes|o__Pirellulales","Model","R2: 0.811487594459079; adjusted R2: 0.793534032026611",NA,NA,NA,NA
"387","lm formula for season+site","k__Bacteria|p__Planctomycetota|c__Planctomycetes|o__Pirellulales","season",NA,NA,NA,5.34731818294316e-09,"***"
"388","lm formula for season+site","k__Bacteria|p__Planctomycetota|c__Planctomycetes|o__Pirellulales","site",NA,NA,NA,0.24195341821842,"ns"
"389","lm formula for season+site","k__Bacteria|p__Planctomycetota|c__Planctomycetes|o__Pirellulales","Residuals",NA,NA,NA,NA,NA
"390","lm formula for season+site","k__Bacteria|p__Planctomycetota|c__Planctomycetes|o__Pirellulales","(Intercept)",NA,0.137321070537521,0.00826435390212934,1.47257013738257e-13,"***"
"391","lm formula for season+site","k__Bacteria|p__Planctomycetota|c__Planctomycetes|o__Pirellulales","seasonSeptember",NA,-0.0900011451874961,0.00954285390014542,5.34731818294318e-09,"***"
"392","lm formula for season+site","k__Bacteria|p__Planctomycetota|c__Planctomycetes|o__Pirellulales","siteEsteroZacatecas",NA,-0.0114904100323772,0.00954285390014542,0.24195341821842,"ns"
"393","lm formula for season+site","k__Bacteria|p__Actinomycetota|c__Actinobacteria|o__Micrococcales","Model","R2: 0.517336067888165; adjusted R2: 0.471368074353704",NA,NA,NA,NA
"394","lm formula for season+site","k__Bacteria|p__Actinomycetota|c__Actinobacteria|o__Micrococcales","season",NA,NA,NA,0.000309568283623908,"***"
"395","lm formula for season+site","k__Bacteria|p__Actinomycetota|c__Actinobacteria|o__Micrococcales","site",NA,NA,NA,0.0606058297146836,"ns"
"396","lm formula for season+site","k__Bacteria|p__Actinomycetota|c__Actinobacteria|o__Micrococcales","Residuals",NA,NA,NA,NA,NA
"397","lm formula for season+site","k__Bacteria|p__Actinomycetota|c__Actinobacteria|o__Micrococcales","(Intercept)",NA,0.0672966594281987,0.0125758527187687,2.62773067962357e-05,"***"
"398","lm formula for season+site","k__Bacteria|p__Actinomycetota|c__Actinobacteria|o__Micrococcales","seasonSeptember",NA,0.0625876227571854,0.0145213439049403,0.000309568283623908,"***"
"399","lm formula for season+site","k__Bacteria|p__Actinomycetota|c__Actinobacteria|o__Micrococcales","siteEsteroZacatecas",NA,-0.0287949846565243,0.0145213439049403,0.0606058297146836,"ns"
"400","lm formula for season+site","k__Bacteria|p__Bacteroidota|c__Bacteroidia|o__Bacteroidales","Model","R2: 0.653975827153812; adjusted R2: 0.621021144025603",NA,NA,NA,NA
"401","lm formula for season+site","k__Bacteria|p__Bacteroidota|c__Bacteroidia|o__Bacteroidales","season",NA,NA,NA,0.000205405239182269,"***"
"402","lm formula for season+site","k__Bacteria|p__Bacteroidota|c__Bacteroidia|o__Bacteroidales","site",NA,NA,NA,0.00023372040109131,"***"
"403","lm formula for season+site","k__Bacteria|p__Bacteroidota|c__Bacteroidia|o__Bacteroidales","Residuals",NA,NA,NA,NA,NA
"404","lm formula for season+site","k__Bacteria|p__Bacteroidota|c__Bacteroidia|o__Bacteroidales","(Intercept)",NA,0.145099571611323,0.0151229263335031,3.97845665577921e-09,"***"
"405","lm formula for season+site","k__Bacteria|p__Bacteroidota|c__Bacteroidia|o__Bacteroidales","seasonSeptember",NA,-0.0782613104917961,0.0174624511791658,0.000205405239182269,"***"
"406","lm formula for season+site","k__Bacteria|p__Bacteroidota|c__Bacteroidia|o__Bacteroidales","siteEsteroZacatecas",NA,-0.0773171541784365,0.0174624511791658,0.00023372040109131,"***"
"407","lm formula for season+site","k__Bacteria|p__Pseudomonadota|c__Gammaproteobacteria|o__Steroidobacterales","Model","R2: 0.721402338059503; adjusted R2: 0.694869227398504",NA,NA,NA,NA
"408","lm formula for season+site","k__Bacteria|p__Pseudomonadota|c__Gammaproteobacteria|o__Steroidobacterales","season",NA,NA,NA,4.28249883656648e-07,"***"
"409","lm formula for season+site","k__Bacteria|p__Pseudomonadota|c__Gammaproteobacteria|o__Steroidobacterales","site",NA,NA,NA,0.12486707854502,"ns"
"410","lm formula for season+site","k__Bacteria|p__Pseudomonadota|c__Gammaproteobacteria|o__Steroidobacterales","Residuals",NA,NA,NA,NA,NA
"411","lm formula for season+site","k__Bacteria|p__Pseudomonadota|c__Gammaproteobacteria|o__Steroidobacterales","(Intercept)",NA,0.111799136377222,0.00867739944852078,1.94192372793322e-11,"***"
"412","lm formula for season+site","k__Bacteria|p__Pseudomonadota|c__Gammaproteobacteria|o__Steroidobacterales","seasonSeptember",NA,-0.0721302056831594,0.0100197978149388,4.28249883656648e-07,"***"
"413","lm formula for season+site","k__Bacteria|p__Pseudomonadota|c__Gammaproteobacteria|o__Steroidobacterales","siteEsteroZacatecas",NA,0.0160167900111532,0.0100197978149388,0.12486707854502,"ns"
"414","lm formula for season+site","k__Bacteria|p__Pseudomonadota|c__Alphaproteobacteria|o__Caulobacterales","Model","R2: 0.335040107735677; adjusted R2: 0.271710594186694",NA,NA,NA,NA
"415","lm formula for season+site","k__Bacteria|p__Pseudomonadota|c__Alphaproteobacteria|o__Caulobacterales","season",NA,NA,NA,0.10915913891933,"ns"
"416","lm formula for season+site","k__Bacteria|p__Pseudomonadota|c__Alphaproteobacteria|o__Caulobacterales","site",NA,NA,NA,0.0109824926864609,"*"
"417","lm formula for season+site","k__Bacteria|p__Pseudomonadota|c__Alphaproteobacteria|o__Caulobacterales","Residuals",NA,NA,NA,NA,NA
"418","lm formula for season+site","k__Bacteria|p__Pseudomonadota|c__Alphaproteobacteria|o__Caulobacterales","(Intercept)",NA,0.056482646777057,0.00968739196137071,8.68944014837048e-06,"***"
"419","lm formula for season+site","k__Bacteria|p__Pseudomonadota|c__Alphaproteobacteria|o__Caulobacterales","seasonSeptember",NA,0.018714308336906,0.0111860367132856,0.10915913891933,"ns"
"420","lm formula for season+site","k__Bacteria|p__Pseudomonadota|c__Alphaproteobacteria|o__Caulobacterales","siteEsteroZacatecas",NA,0.0312046368065576,0.0111860367132856,0.0109824926864609,"*"
"421","lm formula for season+site","k__Bacteria|p__Thermodesulfobacteriota|c__Desulfobacteria|o__Desulfobacterales","Model","R2: 0.72160358323314; adjusted R2: 0.695089638779154",NA,NA,NA,NA
"422","lm formula for season+site","k__Bacteria|p__Thermodesulfobacteriota|c__Desulfobacteria|o__Desulfobacterales","season",NA,NA,NA,4.3167374383959e-06,"***"
"423","lm formula for season+site","k__Bacteria|p__Thermodesulfobacteriota|c__Desulfobacteria|o__Desulfobacterales","site",NA,NA,NA,0.000521952727979611,"***"
"424","lm formula for season+site","k__Bacteria|p__Thermodesulfobacteriota|c__Desulfobacteria|o__Desulfobacterales","Residuals",NA,NA,NA,NA,NA
"425","lm formula for season+site","k__Bacteria|p__Thermodesulfobacteriota|c__Desulfobacteria|o__Desulfobacterales","(Intercept)",NA,0.125892504159146,0.00876341683359807,2.46801367167096e-12,"***"
"426","lm formula for season+site","k__Bacteria|p__Thermodesulfobacteriota|c__Desulfobacteria|o__Desulfobacterales","seasonSeptember",NA,-0.0621241133125374,0.0101191221357975,4.31673743839592e-06,"***"
"427","lm formula for season+site","k__Bacteria|p__Thermodesulfobacteriota|c__Desulfobacteria|o__Desulfobacterales","siteEsteroZacatecas",NA,-0.0414034854795344,0.0101191221357975,0.000521952727979612,"***"
"428","lm formula for season+site","k__Bacteria|p__Chloroflexota|c__Anaerolineae|o__Aggregatilineales","Model","R2: 0.570894281245723; adjusted R2: 0.530027069935792",NA,NA,NA,NA
"429","lm formula for season+site","k__Bacteria|p__Chloroflexota|c__Anaerolineae|o__Aggregatilineales","season",NA,NA,NA,0.0561705055784028,"ns"
"430","lm formula for season+site","k__Bacteria|p__Chloroflexota|c__Anaerolineae|o__Aggregatilineales","site",NA,NA,NA,7.88677271267053e-05,"***"
"431","lm formula for season+site","k__Bacteria|p__Chloroflexota|c__Anaerolineae|o__Aggregatilineales","Residuals",NA,NA,NA,NA,NA
"432","lm formula for season+site","k__Bacteria|p__Chloroflexota|c__Anaerolineae|o__Aggregatilineales","(Intercept)",NA,0.0645711584854989,0.0080363559140122,7.67991803904211e-08,"***"
"433","lm formula for season+site","k__Bacteria|p__Chloroflexota|c__Anaerolineae|o__Aggregatilineales","seasonSeptember",NA,-0.0187574879900862,0.00927958450051717,0.0561705055784029,"ns"
"434","lm formula for season+site","k__Bacteria|p__Chloroflexota|c__Anaerolineae|o__Aggregatilineales","siteEsteroZacatecas",NA,0.0453211011905492,0.00927958450051717,7.88677271267053e-05,"***"
"435","lm formula for season+site","k__Bacteria|p__Acidobacteriota|c__Thermoanaerobaculia|o__Thermoanaerobaculales","Model","R2: 0.510621467228843; adjusted R2: 0.464013987917304",NA,NA,NA,NA
"436","lm formula for season+site","k__Bacteria|p__Acidobacteriota|c__Thermoanaerobaculia|o__Thermoanaerobaculales","season",NA,NA,NA,0.000211669182203029,"***"
"437","lm formula for season+site","k__Bacteria|p__Acidobacteriota|c__Thermoanaerobaculia|o__Thermoanaerobaculales","site",NA,NA,NA,0.178388880809151,"ns"
"438","lm formula for season+site","k__Bacteria|p__Acidobacteriota|c__Thermoanaerobaculia|o__Thermoanaerobaculales","Residuals",NA,NA,NA,NA,NA
"439","lm formula for season+site","k__Bacteria|p__Acidobacteriota|c__Thermoanaerobaculia|o__Thermoanaerobaculales","(Intercept)",NA,0.108386705883911,0.0111087645077158,2.97611288207208e-09,"***"
"440","lm formula for season+site","k__Bacteria|p__Acidobacteriota|c__Thermoanaerobaculia|o__Thermoanaerobaculales","seasonSeptember",NA,-0.0573266143977489,0.0128272963577878,0.000211669182203029,"***"
"441","lm formula for season+site","k__Bacteria|p__Acidobacteriota|c__Thermoanaerobaculia|o__Thermoanaerobaculales","siteEsteroZacatecas",NA,-0.0178599652780545,0.0128272963577878,0.178388880809151,"ns"
"442","lm formula for season+site","k__Bacteria|p__Pseudomonadota|c__Gammaproteobacteria|o__Chromatiales","Model","R2: 0.417641994255339; adjusted R2: 0.362179327041561",NA,NA,NA,NA
"443","lm formula for season+site","k__Bacteria|p__Pseudomonadota|c__Gammaproteobacteria|o__Chromatiales","season",NA,NA,NA,0.00133229482716202,"**"
"444","lm formula for season+site","k__Bacteria|p__Pseudomonadota|c__Gammaproteobacteria|o__Chromatiales","site",NA,NA,NA,0.253232702689969,"ns"
"445","lm formula for season+site","k__Bacteria|p__Pseudomonadota|c__Gammaproteobacteria|o__Chromatiales","Residuals",NA,NA,NA,NA,NA
"446","lm formula for season+site","k__Bacteria|p__Pseudomonadota|c__Gammaproteobacteria|o__Chromatiales","(Intercept)",NA,0.0833786187477295,0.0162790971981972,4.4979043470313e-05,"***"
"447","lm formula for season+site","k__Bacteria|p__Pseudomonadota|c__Gammaproteobacteria|o__Chromatiales","seasonSeptember",NA,-0.0695257529757516,0.0187974822990865,0.00133229482716203,"**"
"448","lm formula for season+site","k__Bacteria|p__Pseudomonadota|c__Gammaproteobacteria|o__Chromatiales","siteEsteroZacatecas",NA,0.0220828857393735,0.0187974822990865,0.253232702689969,"ns"
"449","lm formula for season+site","k__Bacteria|p__Verrucomicrobiota|c__Verrucomicrobiia|o__Verrucomicrobiales","Model","R2: 0.616549757122681; adjusted R2: 0.58003068637246",NA,NA,NA,NA
"450","lm formula for season+site","k__Bacteria|p__Verrucomicrobiota|c__Verrucomicrobiia|o__Verrucomicrobiales","season",NA,NA,NA,4.0725164082343e-05,"***"
"451","lm formula for season+site","k__Bacteria|p__Verrucomicrobiota|c__Verrucomicrobiia|o__Verrucomicrobiales","site",NA,NA,NA,0.0145144322397864,"*"
"452","lm formula for season+site","k__Bacteria|p__Verrucomicrobiota|c__Verrucomicrobiia|o__Verrucomicrobiales","Residuals",NA,NA,NA,NA,NA
"453","lm formula for season+site","k__Bacteria|p__Verrucomicrobiota|c__Verrucomicrobiia|o__Verrucomicrobiales","(Intercept)",NA,0.0781606426518571,0.0120118835515994,1.90476246597076e-06,"***"
"454","lm formula for season+site","k__Bacteria|p__Verrucomicrobiota|c__Verrucomicrobiia|o__Verrucomicrobiales","seasonSeptember",NA,-0.0716265757713337,0.0138701284039807,4.07251640823431e-05,"***"
"455","lm formula for season+site","k__Bacteria|p__Verrucomicrobiota|c__Verrucomicrobiia|o__Verrucomicrobiales","siteEsteroZacatecas",NA,0.0369531359832896,0.0138701284039807,0.0145144322397864,"*"
"456","lm formula for season+site","k__Bacteria|p__Cyanobacteriota|c__Cyanobacteriia|o__Phormidesmiales","Model","R2: 0.654378514797058; adjusted R2: 0.621462182872968",NA,NA,NA,NA
"457","lm formula for season+site","k__Bacteria|p__Cyanobacteriota|c__Cyanobacteriia|o__Phormidesmiales","season",NA,NA,NA,0.00338303996061439,"**"
"458","lm formula for season+site","k__Bacteria|p__Cyanobacteriota|c__Cyanobacteriia|o__Phormidesmiales","site",NA,NA,NA,2.50943531050474e-05,"***"
"459","lm formula for season+site","k__Bacteria|p__Cyanobacteriota|c__Cyanobacteriia|o__Phormidesmiales","Residuals",NA,NA,NA,NA,NA
"460","lm formula for season+site","k__Bacteria|p__Cyanobacteriota|c__Cyanobacteriia|o__Phormidesmiales","(Intercept)",NA,0.0262875588301127,0.0137832808460503,0.0702658548159982,"ns"
"461","lm formula for season+site","k__Bacteria|p__Cyanobacteriota|c__Cyanobacteriia|o__Phormidesmiales","seasonSeptember",NA,-0.0525751176602255,0.0159155618135667,0.00338303996061439,"**"
"462","lm formula for season+site","k__Bacteria|p__Cyanobacteriota|c__Cyanobacteriia|o__Phormidesmiales","siteEsteroZacatecas",NA,0.0854827254516014,0.0159155618135667,2.50943531050474e-05,"***"
"463","lm formula for season+site","k__Bacteria|p__Planctomycetota|c__Planctomycetes|o__Planctomycetales","Model","R2: 0.657741114814953; adjusted R2: 0.625145030511615",NA,NA,NA,NA
"464","lm formula for season+site","k__Bacteria|p__Planctomycetota|c__Planctomycetes|o__Planctomycetales","season",NA,NA,NA,9.47063342202373e-06,"***"
"465","lm formula for season+site","k__Bacteria|p__Planctomycetota|c__Planctomycetes|o__Planctomycetales","site",NA,NA,NA,0.0164388959763695,"*"
"466","lm formula for season+site","k__Bacteria|p__Planctomycetota|c__Planctomycetes|o__Planctomycetales","Residuals",NA,NA,NA,NA,NA
"467","lm formula for season+site","k__Bacteria|p__Planctomycetota|c__Planctomycetes|o__Planctomycetales","(Intercept)",NA,0.103526064495594,0.00940277046315045,3.50132479365876e-10,"***"
"468","lm formula for season+site","k__Bacteria|p__Planctomycetota|c__Planctomycetes|o__Planctomycetales","seasonSeptember",NA,-0.0628954028948011,0.0108573841160563,9.47063342202375e-06,"***"
"469","lm formula for season+site","k__Bacteria|p__Planctomycetota|c__Planctomycetes|o__Planctomycetales","siteEsteroZacatecas",NA,-0.0283120376821088,0.0108573841160563,0.0164388959763695,"*"
"470","lm formula for season+site","k__Bacteria|p__Campylobacterota|c__Campylobacteria|o__Campylobacterales","Model","R2: 0.507586854805311; adjusted R2: 0.460690364786769",NA,NA,NA,NA
"471","lm formula for season+site","k__Bacteria|p__Campylobacterota|c__Campylobacteria|o__Campylobacterales","season",NA,NA,NA,0.00216693691788094,"**"
"472","lm formula for season+site","k__Bacteria|p__Campylobacterota|c__Campylobacteria|o__Campylobacterales","site",NA,NA,NA,0.00576743515287075,"**"
"473","lm formula for season+site","k__Bacteria|p__Campylobacterota|c__Campylobacteria|o__Campylobacterales","Residuals",NA,NA,NA,NA,NA
"474","lm formula for season+site","k__Bacteria|p__Campylobacterota|c__Campylobacteria|o__Campylobacterales","(Intercept)",NA,0.0959511946369226,0.0160533399901673,6.22631735956846e-06,"***"
"475","lm formula for season+site","k__Bacteria|p__Campylobacterota|c__Campylobacteria|o__Campylobacterales","seasonSeptember",NA,-0.0647523042328847,0.0185368003294314,0.00216693691788094,"**"
"476","lm formula for season+site","k__Bacteria|p__Campylobacterota|c__Campylobacteria|o__Campylobacterales","siteEsteroZacatecas",NA,-0.0569681356151128,0.0185368003294314,0.00576743515287075,"**"
"477","lm formula for season+site","k__Bacteria|p__Pseudomonadota|c__Alphaproteobacteria|o__Kiloniellales","Model","R2: 0.473696983302605; adjusted R2: 0.423572886474282",NA,NA,NA,NA
"478","lm formula for season+site","k__Bacteria|p__Pseudomonadota|c__Alphaproteobacteria|o__Kiloniellales","season",NA,NA,NA,0.00527311345242072,"**"
"479","lm formula for season+site","k__Bacteria|p__Pseudomonadota|c__Alphaproteobacteria|o__Kiloniellales","site",NA,NA,NA,0.00628672608243742,"**"
"480","lm formula for season+site","k__Bacteria|p__Pseudomonadota|c__Alphaproteobacteria|o__Kiloniellales","Residuals",NA,NA,NA,NA,NA
"481","lm formula for season+site","k__Bacteria|p__Pseudomonadota|c__Alphaproteobacteria|o__Kiloniellales","(Intercept)",NA,0.0927369174208288,0.0097729956940751,4.81417186994142e-09,"***"
"482","lm formula for season+site","k__Bacteria|p__Pseudomonadota|c__Alphaproteobacteria|o__Kiloniellales","seasonSeptember",NA,-0.0351203868472626,0.0112848833895266,0.00527311345242072,"**"
"483","lm formula for season+site","k__Bacteria|p__Pseudomonadota|c__Alphaproteobacteria|o__Kiloniellales","siteEsteroZacatecas",NA,-0.0342574101873249,0.0112848833895266,0.00628672608243742,"**"
"484","lm formula for season+site","k__Bacteria|p__Deinococcota|c__Deinococci|o__Deinococcales","Model","R2: 0.0297202291763078; adjusted R2: -0.0626873680449962",NA,NA,NA,NA
"485","lm formula for season+site","k__Bacteria|p__Deinococcota|c__Deinococci|o__Deinococcales","season",NA,NA,NA,0.53911113900777,"ns"
"486","lm formula for season+site","k__Bacteria|p__Deinococcota|c__Deinococci|o__Deinococcales","site",NA,NA,NA,0.619925302708986,"ns"
"487","lm formula for season+site","k__Bacteria|p__Deinococcota|c__Deinococci|o__Deinococcales","Residuals",NA,NA,NA,NA,NA
"488","lm formula for season+site","k__Bacteria|p__Deinococcota|c__Deinococci|o__Deinococcales","(Intercept)",NA,0.0459799669196573,0.00965652995288049,0.000105449281340502,"***"
"489","lm formula for season+site","k__Bacteria|p__Deinococcota|c__Deinococci|o__Deinococcales","seasonSeptember",NA,0.00696194445423526,0.0111504003354665,0.539111139007771,"ns"
"490","lm formula for season+site","k__Bacteria|p__Deinococcota|c__Deinococci|o__Deinococcales","siteEsteroZacatecas",NA,0.00561306867875947,0.0111504003354665,0.619925302708986,"ns"
"491","lm formula for season+site","k__Bacteria|p__Chloroflexota|c__Anaerolineae|o__Anaerolineales","Model","R2: 0.53392299474588; adjusted R2: 0.489534708531202",NA,NA,NA,NA
"492","lm formula for season+site","k__Bacteria|p__Chloroflexota|c__Anaerolineae|o__Anaerolineales","season",NA,NA,NA,0.000815600562501277,"***"
"493","lm formula for season+site","k__Bacteria|p__Chloroflexota|c__Anaerolineae|o__Anaerolineales","site",NA,NA,NA,0.00733667483388414,"**"
"494","lm formula for season+site","k__Bacteria|p__Chloroflexota|c__Anaerolineae|o__Anaerolineales","Residuals",NA,NA,NA,NA,NA
"495","lm formula for season+site","k__Bacteria|p__Chloroflexota|c__Anaerolineae|o__Anaerolineales","(Intercept)",NA,0.0826662143277141,0.0102775243631771,7.55028220267264e-08,"***"
"496","lm formula for season+site","k__Bacteria|p__Chloroflexota|c__Anaerolineae|o__Anaerolineales","seasonSeptember",NA,-0.0463396724250807,0.0118674629153665,0.000815600562501277,"***"
"497","lm formula for season+site","k__Bacteria|p__Chloroflexota|c__Anaerolineae|o__Anaerolineales","siteEsteroZacatecas",NA,-0.0352240417714462,0.0118674629153665,0.00733667483388415,"**"
"498","lm formula for season+site","k__Bacteria|p__Chloroflexota|c__Anaerolineae|o__Caldilineales","Model","R2: 0.432456154157055; adjusted R2: 0.378404359314869",NA,NA,NA,NA
"499","lm formula for season+site","k__Bacteria|p__Chloroflexota|c__Anaerolineae|o__Caldilineales","season",NA,NA,NA,0.00245092708773113,"**"
"500","lm formula for season+site","k__Bacteria|p__Chloroflexota|c__Anaerolineae|o__Caldilineales","site",NA,NA,NA,0.0541192027326601,"ns"
"501","lm formula for season+site","k__Bacteria|p__Chloroflexota|c__Anaerolineae|o__Caldilineales","Residuals",NA,NA,NA,NA,NA
"502","lm formula for season+site","k__Bacteria|p__Chloroflexota|c__Anaerolineae|o__Caldilineales","(Intercept)",NA,0.0573556396238694,0.00701919640494302,5.85436677461459e-08,"***"
"503","lm formula for season+site","k__Bacteria|p__Chloroflexota|c__Anaerolineae|o__Caldilineales","seasonSeptember",NA,-0.0278885864324986,0.00810506986777741,0.00245092708773113,"**"
"504","lm formula for season+site","k__Bacteria|p__Chloroflexota|c__Anaerolineae|o__Caldilineales","siteEsteroZacatecas",NA,0.0165348982574936,0.00810506986777741,0.0541192027326602,"ns"
"505","lm formula for season+site","k__Bacteria|p__Actinomycetota|c__Actinobacteria|o__Mycobacteriales","Model","R2: 0.0638983695421201; adjusted R2: -0.0252541666919637",NA,NA,NA,NA
"506","lm formula for season+site","k__Bacteria|p__Actinomycetota|c__Actinobacteria|o__Mycobacteriales","season",NA,NA,NA,0.284658354125018,"ns"
"507","lm formula for season+site","k__Bacteria|p__Actinomycetota|c__Actinobacteria|o__Mycobacteriales","site",NA,NA,NA,0.637958996761156,"ns"
"508","lm formula for season+site","k__Bacteria|p__Actinomycetota|c__Actinobacteria|o__Mycobacteriales","Residuals",NA,NA,NA,NA,NA
"509","lm formula for season+site","k__Bacteria|p__Actinomycetota|c__Actinobacteria|o__Mycobacteriales","(Intercept)",NA,0.0335095186707775,0.0149831734060402,0.0363009839947026,"*"
"510","lm formula for season+site","k__Bacteria|p__Actinomycetota|c__Actinobacteria|o__Mycobacteriales","seasonSeptember",NA,0.0189956340130632,0.0173010783985843,0.284658354125018,"ns"
"511","lm formula for season+site","k__Bacteria|p__Actinomycetota|c__Actinobacteria|o__Mycobacteriales","siteEsteroZacatecas",NA,-0.00826075691149305,0.0173010783985843,0.637958996761156,"ns"
"512","lm formula for season+site","k__Bacteria|p__Actinomycetota|c__Actinobacteria|o__Frankiales","Model","R2: 0.714273527575727; adjusted R2: 0.687061482582939",NA,NA,NA,NA
"513","lm formula for season+site","k__Bacteria|p__Actinomycetota|c__Actinobacteria|o__Frankiales","season",NA,NA,NA,2.36550751789099e-06,"***"
"514","lm formula for season+site","k__Bacteria|p__Actinomycetota|c__Actinobacteria|o__Frankiales","site",NA,NA,NA,0.00282854922858955,"**"
"515","lm formula for season+site","k__Bacteria|p__Actinomycetota|c__Actinobacteria|o__Frankiales","Residuals",NA,NA,NA,NA,NA
"516","lm formula for season+site","k__Bacteria|p__Actinomycetota|c__Actinobacteria|o__Frankiales","(Intercept)",NA,0.0310428622417435,0.00683257452300516,0.000177289906997575,"***"
"517","lm formula for season+site","k__Bacteria|p__Actinomycetota|c__Actinobacteria|o__Frankiales","seasonSeptember",NA,0.0505631110046329,0.00788957748023041,2.365507517891e-06,"***"
"518","lm formula for season+site","k__Bacteria|p__Actinomycetota|c__Actinobacteria|o__Frankiales","siteEsteroZacatecas",NA,-0.0266657438552752,0.00788957748023041,0.00282854922858955,"**"
"519","lm formula for season+site","k__Bacteria|p__Verrucomicrobiota|c__Verrucomicrobiia|o__Opitutales","Model","R2: 0.433376931899477; adjusted R2: 0.379412830175617",NA,NA,NA,NA
"520","lm formula for season+site","k__Bacteria|p__Verrucomicrobiota|c__Verrucomicrobiia|o__Opitutales","season",NA,NA,NA,0.000733102233006845,"***"
"521","lm formula for season+site","k__Bacteria|p__Verrucomicrobiota|c__Verrucomicrobiia|o__Opitutales","site",NA,NA,NA,0.503398628295538,"ns"
"522","lm formula for season+site","k__Bacteria|p__Verrucomicrobiota|c__Verrucomicrobiia|o__Opitutales","Residuals",NA,NA,NA,NA,NA
"523","lm formula for season+site","k__Bacteria|p__Verrucomicrobiota|c__Verrucomicrobiia|o__Opitutales","(Intercept)",NA,0.0544968061013938,0.00783496975578569,7.18465318150451e-07,"***"
"524","lm formula for season+site","k__Bacteria|p__Verrucomicrobiota|c__Verrucomicrobiia|o__Opitutales","seasonSeptember",NA,-0.0357307880472467,0.00904704379519089,0.000733102233006847,"***"
"525","lm formula for season+site","k__Bacteria|p__Verrucomicrobiota|c__Verrucomicrobiia|o__Opitutales","siteEsteroZacatecas",NA,-0.00615977645445361,0.00904704379519089,0.503398628295538,"ns"
"526","lm formula for season+site","k__Bacteria|p__Actinomycetota|c__Thermoleophilia|o__Solirubrobacterales","Model","R2: 0.334399005838106; adjusted R2: 0.271008434965545",NA,NA,NA,NA
"527","lm formula for season+site","k__Bacteria|p__Actinomycetota|c__Thermoleophilia|o__Solirubrobacterales","season",NA,NA,NA,0.00796761076727469,"**"
"528","lm formula for season+site","k__Bacteria|p__Actinomycetota|c__Thermoleophilia|o__Solirubrobacterales","site",NA,NA,NA,0.176682280429234,"ns"
"529","lm formula for season+site","k__Bacteria|p__Actinomycetota|c__Thermoleophilia|o__Solirubrobacterales","Residuals",NA,NA,NA,NA,NA
"530","lm formula for season+site","k__Bacteria|p__Actinomycetota|c__Thermoleophilia|o__Solirubrobacterales","(Intercept)",NA,0.00610108072475943,0.00946222812188772,0.526049794486806,"ns"
"531","lm formula for season+site","k__Bacteria|p__Actinomycetota|c__Thermoleophilia|o__Solirubrobacterales","seasonSeptember",NA,0.0320336258973274,0.010926039906611,0.00796761076727466,"**"
"532","lm formula for season+site","k__Bacteria|p__Actinomycetota|c__Thermoleophilia|o__Solirubrobacterales","siteEsteroZacatecas",NA,0.0152754754905348,0.010926039906611,0.176682280429234,"ns"
"533","lm formula for season+site","k__Bacteria|p__Gemmatimonadota|c__Longimicrobiia|o__Longimicrobiales","Model","R2: 0.126683110866081; adjusted R2: 0.0435100738057075",NA,NA,NA,NA
"534","lm formula for season+site","k__Bacteria|p__Gemmatimonadota|c__Longimicrobiia|o__Longimicrobiales","season",NA,NA,NA,0.108422249203615,"ns"
"535","lm formula for season+site","k__Bacteria|p__Gemmatimonadota|c__Longimicrobiia|o__Longimicrobiales","site",NA,NA,NA,0.6329520802428,"ns"
"536","lm formula for season+site","k__Bacteria|p__Gemmatimonadota|c__Longimicrobiia|o__Longimicrobiales","Residuals",NA,NA,NA,NA,NA
"537","lm formula for season+site","k__Bacteria|p__Gemmatimonadota|c__Longimicrobiia|o__Longimicrobiales","(Intercept)",NA,0.030247169223982,0.00790243378413787,0.000980421210887036,"***"
"538","lm formula for season+site","k__Bacteria|p__Gemmatimonadota|c__Longimicrobiia|o__Longimicrobiales","seasonSeptember",NA,0.0152999596749666,0.00912494454505039,0.108422249203615,"ns"
"539","lm formula for season+site","k__Bacteria|p__Gemmatimonadota|c__Longimicrobiia|o__Longimicrobiales","siteEsteroZacatecas",NA,-0.0044222640270331,0.00912494454505039,0.6329520802428,"ns"
"540","lm formula for season+site","k__Bacteria|p__Balneolota|c__Balneolia|o__Balneolales","Model","R2: 0.40304950866601; adjusted R2: 0.346197080919916",NA,NA,NA,NA
"541","lm formula for season+site","k__Bacteria|p__Balneolota|c__Balneolia|o__Balneolales","season",NA,NA,NA,0.377008096774746,"ns"
"542","lm formula for season+site","k__Bacteria|p__Balneolota|c__Balneolia|o__Balneolales","site",NA,NA,NA,0.00147532643127009,"**"
"543","lm formula for season+site","k__Bacteria|p__Balneolota|c__Balneolia|o__Balneolales","Residuals",NA,NA,NA,NA,NA
"544","lm formula for season+site","k__Bacteria|p__Balneolota|c__Balneolia|o__Balneolales","(Intercept)",NA,0.0515607458888427,0.00660431951505401,1.21512986259796e-07,"***"
"545","lm formula for season+site","k__Bacteria|p__Balneolota|c__Balneolia|o__Balneolales","seasonSeptember",NA,-0.00688275412259175,0.00762601129966146,0.377008096774746,"ns"
"546","lm formula for season+site","k__Bacteria|p__Balneolota|c__Balneolia|o__Balneolales","siteEsteroZacatecas",NA,-0.0278784950183239,0.00762601129966146,0.00147532643127009,"**"
"547","lm formula for season+site","k__Bacteria|p__Pseudomonadota|c__Gammaproteobacteria|o__Ectothiorhodospirales","Model","R2: 0.512236090684468; adjusted R2: 0.465782385035369",NA,NA,NA,NA
"548","lm formula for season+site","k__Bacteria|p__Pseudomonadota|c__Gammaproteobacteria|o__Ectothiorhodospirales","season",NA,NA,NA,0.0284716568182978,"*"
"549","lm formula for season+site","k__Bacteria|p__Pseudomonadota|c__Gammaproteobacteria|o__Ectothiorhodospirales","site",NA,NA,NA,0.000557103504820925,"***"
"550","lm formula for season+site","k__Bacteria|p__Pseudomonadota|c__Gammaproteobacteria|o__Ectothiorhodospirales","Residuals",NA,NA,NA,NA,NA
"551","lm formula for season+site","k__Bacteria|p__Pseudomonadota|c__Gammaproteobacteria|o__Ectothiorhodospirales","(Intercept)",NA,0.0550539891457339,0.00909776578391149,5.26222983805544e-06,"***"
"552","lm formula for season+site","k__Bacteria|p__Pseudomonadota|c__Gammaproteobacteria|o__Ectothiorhodospirales","seasonSeptember",NA,-0.0247144503408266,0.0105051950487309,0.0284716568182978,"*"
"553","lm formula for season+site","k__Bacteria|p__Pseudomonadota|c__Gammaproteobacteria|o__Ectothiorhodospirales","siteEsteroZacatecas",NA,-0.0426967639753206,0.0105051950487309,0.000557103504820925,"***"
"554","lm formula for season+site","k__Bacteria|p__Cyanobacteriota|c__Cyanobacteriia|o__Synechococcales","Model","R2: 0.708167121302057; adjusted R2: 0.680373513807014",NA,NA,NA,NA
"555","lm formula for season+site","k__Bacteria|p__Cyanobacteriota|c__Cyanobacteriia|o__Synechococcales","season",NA,NA,NA,0.0290180687237492,"*"
"556","lm formula for season+site","k__Bacteria|p__Cyanobacteriota|c__Cyanobacteriia|o__Synechococcales","site",NA,NA,NA,1.13691968444384e-06,"***"
"557","lm formula for season+site","k__Bacteria|p__Cyanobacteriota|c__Cyanobacteriia|o__Synechococcales","Residuals",NA,NA,NA,NA,NA
"558","lm formula for season+site","k__Bacteria|p__Cyanobacteriota|c__Cyanobacteriia|o__Synechococcales","(Intercept)",NA,0.00782529835052304,0.00578335957593367,0.190421046307008,"ns"
"559","lm formula for season+site","k__Bacteria|p__Cyanobacteriota|c__Cyanobacteriia|o__Synechococcales","seasonSeptember",NA,-0.0156505967010461,0.00667804841597141,0.0290180687237492,"*"
"560","lm formula for season+site","k__Bacteria|p__Cyanobacteriota|c__Cyanobacteriia|o__Synechococcales","siteEsteroZacatecas",NA,0.0450293561201789,0.00667804841597141,1.13691968444384e-06,"***"
"561","lm formula for season+site","k__Bacteria|p__Pseudomonadota|c__Gammaproteobacteria|o__Salinisphaerales","Model","R2: 0.775857113864219; adjusted R2: 0.754510172327478",NA,NA,NA,NA
"562","lm formula for season+site","k__Bacteria|p__Pseudomonadota|c__Gammaproteobacteria|o__Salinisphaerales","season",NA,NA,NA,1.48775522479828e-07,"***"
"563","lm formula for season+site","k__Bacteria|p__Pseudomonadota|c__Gammaproteobacteria|o__Salinisphaerales","site",NA,NA,NA,0.00151568016402353,"**"
"564","lm formula for season+site","k__Bacteria|p__Pseudomonadota|c__Gammaproteobacteria|o__Salinisphaerales","Residuals",NA,NA,NA,NA,NA
"565","lm formula for season+site","k__Bacteria|p__Pseudomonadota|c__Gammaproteobacteria|o__Salinisphaerales","(Intercept)",NA,0.0117931628557093,0.00480966710159087,0.023041884082043,"*"
"566","lm formula for season+site","k__Bacteria|p__Pseudomonadota|c__Gammaproteobacteria|o__Salinisphaerales","seasonSeptember",NA,0.0428066043126672,0.00555372519163196,1.48775522479828e-07,"***"
"567","lm formula for season+site","k__Bacteria|p__Pseudomonadota|c__Gammaproteobacteria|o__Salinisphaerales","siteEsteroZacatecas",NA,-0.0202396234717744,0.00555372519163196,0.00151568016402353,"**"
"568","lm formula for season+site","k__Bacteria|p__Bacillota|c__Bacilli|o__Bacillales","Model","R2: 0.18914551384157; adjusted R2: 0.111921277064577",NA,NA,NA,NA
"569","lm formula for season+site","k__Bacteria|p__Bacillota|c__Bacilli|o__Bacillales","season",NA,NA,NA,0.25245475091521,"ns"
"570","lm formula for season+site","k__Bacteria|p__Bacillota|c__Bacilli|o__Bacillales","site",NA,NA,NA,0.0748378721096838,"ns"
"571","lm formula for season+site","k__Bacteria|p__Bacillota|c__Bacilli|o__Bacillales","Residuals",NA,NA,NA,NA,NA
"572","lm formula for season+site","k__Bacteria|p__Bacillota|c__Bacilli|o__Bacillales","(Intercept)",NA,-0.00691406229233957,0.0101766046378486,0.504300160065726,"ns"
"573","lm formula for season+site","k__Bacteria|p__Bacillota|c__Bacilli|o__Bacillales","seasonSeptember",NA,0.0138281245846791,0.0117509308541965,0.25245475091521,"ns"
"574","lm formula for season+site","k__Bacteria|p__Bacillota|c__Bacilli|o__Bacillales","siteEsteroZacatecas",NA,0.0220273415655162,0.0117509308541965,0.0748378721096838,"ns"
"575","lm formula for season+site","k__Bacteria|p__Pseudomonadota|c__Alphaproteobacteria|o__Rhodobacterales|f__Paracoccaceae","Model","R2: 0.549738235659932; adjusted R2: 0.50685616286564",NA,NA,NA,NA
"576","lm formula for season+site","k__Bacteria|p__Pseudomonadota|c__Alphaproteobacteria|o__Rhodobacterales|f__Paracoccaceae","season",NA,NA,NA,8.5904936265948e-05,"***"
"577","lm formula for season+site","k__Bacteria|p__Pseudomonadota|c__Alphaproteobacteria|o__Rhodobacterales|f__Paracoccaceae","site",NA,NA,NA,0.158547370082914,"ns"
"578","lm formula for season+site","k__Bacteria|p__Pseudomonadota|c__Alphaproteobacteria|o__Rhodobacterales|f__Paracoccaceae","Residuals",NA,NA,NA,NA,NA
"579","lm formula for season+site","k__Bacteria|p__Pseudomonadota|c__Alphaproteobacteria|o__Rhodobacterales|f__Paracoccaceae","(Intercept)",NA,0.308536308346388,0.0163242513448724,1.15836769375371e-14,"***"
"580","lm formula for season+site","k__Bacteria|p__Pseudomonadota|c__Alphaproteobacteria|o__Rhodobacterales|f__Paracoccaceae","seasonSeptember",NA,0.0913810350244524,0.0188496218165623,8.59049362659481e-05,"***"
"581","lm formula for season+site","k__Bacteria|p__Pseudomonadota|c__Alphaproteobacteria|o__Rhodobacterales|f__Paracoccaceae","siteEsteroZacatecas",NA,-0.0275580314859451,0.0188496218165623,0.158547370082914,"ns"
"582","lm formula for season+site","k__Bacteria|p__Pseudomonadota|c__Alphaproteobacteria|o__Sphingomonadales|f__Sphingomonadaceae","Model","R2: 0.13042396684408; adjusted R2: 0.0476072017816112",NA,NA,NA,NA
"583","lm formula for season+site","k__Bacteria|p__Pseudomonadota|c__Alphaproteobacteria|o__Sphingomonadales|f__Sphingomonadaceae","season",NA,NA,NA,0.17665691727437,"ns"
"584","lm formula for season+site","k__Bacteria|p__Pseudomonadota|c__Alphaproteobacteria|o__Sphingomonadales|f__Sphingomonadaceae","site",NA,NA,NA,0.286737967013131,"ns"
"585","lm formula for season+site","k__Bacteria|p__Pseudomonadota|c__Alphaproteobacteria|o__Sphingomonadales|f__Sphingomonadaceae","Residuals",NA,NA,NA,NA,NA
"586","lm formula for season+site","k__Bacteria|p__Pseudomonadota|c__Alphaproteobacteria|o__Sphingomonadales|f__Sphingomonadaceae","(Intercept)",NA,0.374516514058747,0.0264987238475473,3.37053834825144e-12,"***"
"587","lm formula for season+site","k__Bacteria|p__Pseudomonadota|c__Alphaproteobacteria|o__Sphingomonadales|f__Sphingomonadaceae","seasonSeptember",NA,-0.0427811920243702,0.030598090693126,0.17665691727437,"ns"
"588","lm formula for season+site","k__Bacteria|p__Pseudomonadota|c__Alphaproteobacteria|o__Sphingomonadales|f__Sphingomonadaceae","siteEsteroZacatecas",NA,-0.0334462900526643,0.030598090693126,0.286737967013131,"ns"
"589","lm formula for season+site","k__Bacteria|p__Bacteroidota|c__Bacteroidia|o__Flavobacteriales|f__Flavobacteriaceae","Model","R2: 0.745765349139899; adjusted R2: 0.72155252524846",NA,NA,NA,NA
"590","lm formula for season+site","k__Bacteria|p__Bacteroidota|c__Bacteroidia|o__Flavobacteriales|f__Flavobacteriaceae","season",NA,NA,NA,1.95472131567593e-07,"***"
"591","lm formula for season+site","k__Bacteria|p__Bacteroidota|c__Bacteroidia|o__Flavobacteriales|f__Flavobacteriaceae","site",NA,NA,NA,0.0524853723109614,"ns"
"592","lm formula for season+site","k__Bacteria|p__Bacteroidota|c__Bacteroidia|o__Flavobacteriales|f__Flavobacteriaceae","Residuals",NA,NA,NA,NA,NA
"593","lm formula for season+site","k__Bacteria|p__Bacteroidota|c__Bacteroidia|o__Flavobacteriales|f__Flavobacteriaceae","(Intercept)",NA,0.330862505252073,0.0240316556475773,5.55192313260605e-12,"***"
"594","lm formula for season+site","k__Bacteria|p__Bacteroidota|c__Bacteroidia|o__Flavobacteriales|f__Flavobacteriaceae","seasonSeptember",NA,-0.210193169602653,0.0277493657144023,1.95472131567594e-07,"***"
"595","lm formula for season+site","k__Bacteria|p__Bacteroidota|c__Bacteroidia|o__Flavobacteriales|f__Flavobacteriaceae","siteEsteroZacatecas",NA,0.0570365915302522,0.0277493657144023,0.0524853723109614,"ns"
"596","lm formula for season+site","k__Bacteria|p__Rhodothermota|c__Rhodothermia|o__Rhodothermales|f__Rhodothermaceae","Model","R2: 0.646894797596777; adjusted R2: 0.613265730701232",NA,NA,NA,NA
"597","lm formula for season+site","k__Bacteria|p__Rhodothermota|c__Rhodothermia|o__Rhodothermales|f__Rhodothermaceae","season",NA,NA,NA,7.82139834477149e-06,"***"
"598","lm formula for season+site","k__Bacteria|p__Rhodothermota|c__Rhodothermia|o__Rhodothermales|f__Rhodothermaceae","site",NA,NA,NA,0.060454194937972,"ns"
"599","lm formula for season+site","k__Bacteria|p__Rhodothermota|c__Rhodothermia|o__Rhodothermales|f__Rhodothermaceae","Residuals",NA,NA,NA,NA,NA
"600","lm formula for season+site","k__Bacteria|p__Rhodothermota|c__Rhodothermia|o__Rhodothermales|f__Rhodothermaceae","(Intercept)",NA,0.186905887541351,0.0160818424446459,1.31056188036289e-10,"***"
"601","lm formula for season+site","k__Bacteria|p__Rhodothermota|c__Rhodothermia|o__Rhodothermales|f__Rhodothermaceae","seasonSeptember",NA,0.109128078656319,0.018569712128963,7.82139834477152e-06,"***"
"602","lm formula for season+site","k__Bacteria|p__Rhodothermota|c__Rhodothermia|o__Rhodothermales|f__Rhodothermaceae","siteEsteroZacatecas",NA,0.0368462825623005,0.018569712128963,0.060454194937972,"ns"
"603","lm formula for season+site","k__Bacteria|p__Bacteroidota|c__Bacteroidia|o__Cytophagales|f__Cyclobacteriaceae","Model","R2: 0.721012743324987; adjusted R2: 0.694442528403557",NA,NA,NA,NA
"604","lm formula for season+site","k__Bacteria|p__Bacteroidota|c__Bacteroidia|o__Cytophagales|f__Cyclobacteriaceae","season",NA,NA,NA,0.602387295895476,"ns"
"605","lm formula for season+site","k__Bacteria|p__Bacteroidota|c__Bacteroidia|o__Cytophagales|f__Cyclobacteriaceae","site",NA,NA,NA,3.129971102642e-07,"***"
"606","lm formula for season+site","k__Bacteria|p__Bacteroidota|c__Bacteroidia|o__Cytophagales|f__Cyclobacteriaceae","Residuals",NA,NA,NA,NA,NA
"607","lm formula for season+site","k__Bacteria|p__Bacteroidota|c__Bacteroidia|o__Cytophagales|f__Cyclobacteriaceae","(Intercept)",NA,0.203711806258567,0.0102732045680748,4.45126805881894e-15,"***"
"608","lm formula for season+site","k__Bacteria|p__Bacteroidota|c__Bacteroidia|o__Cytophagales|f__Cyclobacteriaceae","seasonSeptember",NA,-0.00627464905997275,0.0118624748456362,0.602387295895476,"ns"
"609","lm formula for season+site","k__Bacteria|p__Bacteroidota|c__Bacteroidia|o__Cytophagales|f__Cyclobacteriaceae","siteEsteroZacatecas",NA,0.0871649516191345,0.0118624748456362,3.129971102642e-07,"***"
"610","lm formula for season+site","k__Bacteria|p__Actinomycetota|c__Actinobacteria|o__Euzebyales|f__Euzebyaceae","Model","R2: 0.76439742702969; adjusted R2: 0.741959086746803",NA,NA,NA,NA
"611","lm formula for season+site","k__Bacteria|p__Actinomycetota|c__Actinobacteria|o__Euzebyales|f__Euzebyaceae","season",NA,NA,NA,2.91414852127237e-07,"***"
"612","lm formula for season+site","k__Bacteria|p__Actinomycetota|c__Actinobacteria|o__Euzebyales|f__Euzebyaceae","site",NA,NA,NA,0.00135093768037481,"**"
"613","lm formula for season+site","k__Bacteria|p__Actinomycetota|c__Actinobacteria|o__Euzebyales|f__Euzebyaceae","Residuals",NA,NA,NA,NA,NA
"614","lm formula for season+site","k__Bacteria|p__Actinomycetota|c__Actinobacteria|o__Euzebyales|f__Euzebyaceae","(Intercept)",NA,0.168242749567257,0.0226402421300857,2.63140801293018e-07,"***"
"615","lm formula for season+site","k__Bacteria|p__Actinomycetota|c__Actinobacteria|o__Euzebyales|f__Euzebyaceae","seasonSeptember",NA,0.192989464382196,0.0261426997766466,2.91414852127238e-07,"***"
"616","lm formula for season+site","k__Bacteria|p__Actinomycetota|c__Actinobacteria|o__Euzebyales|f__Euzebyaceae","siteEsteroZacatecas",NA,-0.0965403511514027,0.0261426997766466,0.00135093768037481,"**"
"617","lm formula for season+site","k__Bacteria|p__Actinomycetota|c__Actinobacteria|o__Nitriliruptorales|f__Nitriliruptoraceae","Model","R2: 0.847952726103854; adjusted R2: 0.83347203335184",NA,NA,NA,NA
"618","lm formula for season+site","k__Bacteria|p__Actinomycetota|c__Actinobacteria|o__Nitriliruptorales|f__Nitriliruptoraceae","season",NA,NA,NA,6.36179071009187e-09,"***"
"619","lm formula for season+site","k__Bacteria|p__Actinomycetota|c__Actinobacteria|o__Nitriliruptorales|f__Nitriliruptoraceae","site",NA,NA,NA,1.98011205346307e-05,"***"
"620","lm formula for season+site","k__Bacteria|p__Actinomycetota|c__Actinobacteria|o__Nitriliruptorales|f__Nitriliruptoraceae","Residuals",NA,NA,NA,NA,NA
"621","lm formula for season+site","k__Bacteria|p__Actinomycetota|c__Actinobacteria|o__Nitriliruptorales|f__Nitriliruptoraceae","(Intercept)",NA,0.17547624095935,0.0135834229356158,1.84705282244528e-11,"***"
"622","lm formula for season+site","k__Bacteria|p__Actinomycetota|c__Actinobacteria|o__Nitriliruptorales|f__Nitriliruptoraceae","seasonSeptember",NA,0.146434653006959,0.0156847857767886,6.36179071009187e-09,"***"
"623","lm formula for season+site","k__Bacteria|p__Actinomycetota|c__Actinobacteria|o__Nitriliruptorales|f__Nitriliruptoraceae","siteEsteroZacatecas",NA,-0.0858407360462826,0.0156847857767886,1.98011205346307e-05,"***"
"624","lm formula for season+site","k__Bacteria|p__Cyanobacteriota|c__Cyanobacteriia|o__Cyanobacteriales|f__Nostocaceae","Model","R2: 0.700413025849003; adjusted R2: 0.671880933072718",NA,NA,NA,NA
"625","lm formula for season+site","k__Bacteria|p__Cyanobacteriota|c__Cyanobacteriia|o__Cyanobacteriales|f__Nostocaceae","season",NA,NA,NA,0.64040979744181,"ns"
"626","lm formula for season+site","k__Bacteria|p__Cyanobacteriota|c__Cyanobacteriia|o__Cyanobacteriales|f__Nostocaceae","site",NA,NA,NA,6.66219892850253e-07,"***"
"627","lm formula for season+site","k__Bacteria|p__Cyanobacteriota|c__Cyanobacteriia|o__Cyanobacteriales|f__Nostocaceae","Residuals",NA,NA,NA,NA,NA
"628","lm formula for season+site","k__Bacteria|p__Cyanobacteriota|c__Cyanobacteriia|o__Cyanobacteriales|f__Nostocaceae","(Intercept)",NA,0.00930282984087821,0.0339955346109317,0.787028113304258,"ns"
"629","lm formula for season+site","k__Bacteria|p__Cyanobacteriota|c__Cyanobacteriia|o__Cyanobacteriales|f__Nostocaceae","seasonSeptember",NA,-0.0186056596817563,0.0392546621177333,0.640409797441811,"ns"
"630","lm formula for season+site","k__Bacteria|p__Cyanobacteriota|c__Cyanobacteriia|o__Cyanobacteriales|f__Nostocaceae","siteEsteroZacatecas",NA,0.274423093051634,0.0392546621177333,6.66219892850255e-07,"***"
"631","lm formula for season+site","k__Bacteria|p__Bacteroidota|c__Bacteroidia|o__Chitinophagales|f__Saprospiraceae","Model","R2: 0.119380711057788; adjusted R2: 0.0355122073490057",NA,NA,NA,NA
"632","lm formula for season+site","k__Bacteria|p__Bacteroidota|c__Bacteroidia|o__Chitinophagales|f__Saprospiraceae","season",NA,NA,NA,0.674716623055873,"ns"
"633","lm formula for season+site","k__Bacteria|p__Bacteroidota|c__Bacteroidia|o__Chitinophagales|f__Saprospiraceae","site",NA,NA,NA,0.117437780890124,"ns"
"634","lm formula for season+site","k__Bacteria|p__Bacteroidota|c__Bacteroidia|o__Chitinophagales|f__Saprospiraceae","Residuals",NA,NA,NA,NA,NA
"635","lm formula for season+site","k__Bacteria|p__Bacteroidota|c__Bacteroidia|o__Chitinophagales|f__Saprospiraceae","(Intercept)",NA,0.172059076411139,0.0252312460123013,9.63475770924957e-07,"***"
"636","lm formula for season+site","k__Bacteria|p__Bacteroidota|c__Bacteroidia|o__Chitinophagales|f__Saprospiraceae","seasonSeptember",NA,-0.0124001720355382,0.0291345333543836,0.674716623055873,"ns"
"637","lm formula for season+site","k__Bacteria|p__Bacteroidota|c__Bacteroidia|o__Chitinophagales|f__Saprospiraceae","siteEsteroZacatecas",NA,0.047567905796029,0.0291345333543836,0.117437780890124,"ns"
"638","lm formula for season+site","k__Bacteria|p__Pseudomonadota|c__Alphaproteobacteria|o__Hyphomicrobiales|f__Rhizobiaceae","Model","R2: 0.783902771337999; adjusted R2: 0.763322082893998",NA,NA,NA,NA
"639","lm formula for season+site","k__Bacteria|p__Pseudomonadota|c__Alphaproteobacteria|o__Hyphomicrobiales|f__Rhizobiaceae","season",NA,NA,NA,4.81940990085458e-07,"***"
"640","lm formula for season+site","k__Bacteria|p__Pseudomonadota|c__Alphaproteobacteria|o__Hyphomicrobiales|f__Rhizobiaceae","site",NA,NA,NA,5.77591834145526e-05,"***"
"641","lm formula for season+site","k__Bacteria|p__Pseudomonadota|c__Alphaproteobacteria|o__Hyphomicrobiales|f__Rhizobiaceae","Residuals",NA,NA,NA,NA,NA
"642","lm formula for season+site","k__Bacteria|p__Pseudomonadota|c__Alphaproteobacteria|o__Hyphomicrobiales|f__Rhizobiaceae","(Intercept)",NA,0.175450937569958,0.0113003646712354,5.52396600182598e-13,"***"
"643","lm formula for season+site","k__Bacteria|p__Pseudomonadota|c__Alphaproteobacteria|o__Hyphomicrobiales|f__Rhizobiaceae","seasonSeptember",NA,0.0932047497753199,0.0130485371697574,4.81940990085459e-07,"***"
"644","lm formula for season+site","k__Bacteria|p__Pseudomonadota|c__Alphaproteobacteria|o__Hyphomicrobiales|f__Rhizobiaceae","siteEsteroZacatecas",NA,-0.0654473201883345,0.0130485371697574,5.77591834145525e-05,"***"
"645","lm formula for season+site","k__Bacteria|p__Actinomycetota|c__Acidimicrobiia|o__Microtrichales|f__Ilumatobacteraceae","Model","R2: 0.0183198418275822; adjusted R2: -0.0751735065697912",NA,NA,NA,NA
"646","lm formula for season+site","k__Bacteria|p__Actinomycetota|c__Acidimicrobiia|o__Microtrichales|f__Ilumatobacteraceae","season",NA,NA,NA,0.590504462483689,"ns"
"647","lm formula for season+site","k__Bacteria|p__Actinomycetota|c__Acidimicrobiia|o__Microtrichales|f__Ilumatobacteraceae","site",NA,NA,NA,0.763067256855998,"ns"
"648","lm formula for season+site","k__Bacteria|p__Actinomycetota|c__Acidimicrobiia|o__Microtrichales|f__Ilumatobacteraceae","Residuals",NA,NA,NA,NA,NA
"649","lm formula for season+site","k__Bacteria|p__Actinomycetota|c__Acidimicrobiia|o__Microtrichales|f__Ilumatobacteraceae","(Intercept)",NA,0.163570937547315,0.0156479681547479,8.86641560839275e-10,"***"
"650","lm formula for season+site","k__Bacteria|p__Actinomycetota|c__Acidimicrobiia|o__Microtrichales|f__Ilumatobacteraceae","seasonSeptember",NA,-0.00987395953889201,0.0180687172528288,0.590504462483689,"ns"
"651","lm formula for season+site","k__Bacteria|p__Actinomycetota|c__Acidimicrobiia|o__Microtrichales|f__Ilumatobacteraceae","siteEsteroZacatecas",NA,0.00551820699422651,0.0180687172528288,0.763067256855998,"ns"
"652","lm formula for season+site","k__Bacteria|p__Actinomycetota|c__Rubrobacteria|o__Rubrobacterales|f__Rubrobacteriaceae","Model","R2: 0.474168092404835; adjusted R2: 0.424088863110057",NA,NA,NA,NA
"653","lm formula for season+site","k__Bacteria|p__Actinomycetota|c__Rubrobacteria|o__Rubrobacterales|f__Rubrobacteriaceae","season",NA,NA,NA,0.000371507734587244,"***"
"654","lm formula for season+site","k__Bacteria|p__Actinomycetota|c__Rubrobacteria|o__Rubrobacterales|f__Rubrobacteriaceae","site",NA,NA,NA,0.325913593198494,"ns"
"655","lm formula for season+site","k__Bacteria|p__Actinomycetota|c__Rubrobacteria|o__Rubrobacterales|f__Rubrobacteriaceae","Residuals",NA,NA,NA,NA,NA
"656","lm formula for season+site","k__Bacteria|p__Actinomycetota|c__Rubrobacteria|o__Rubrobacterales|f__Rubrobacteriaceae","(Intercept)",NA,0.0431478568036713,0.0234159149522546,0.0795407535072827,"ns"
"657","lm formula for season+site","k__Bacteria|p__Actinomycetota|c__Rubrobacteria|o__Rubrobacterales|f__Rubrobacteriaceae","seasonSeptember",NA,0.114474463406908,0.0270383696020112,0.000371507734587244,"***"
"658","lm formula for season+site","k__Bacteria|p__Actinomycetota|c__Rubrobacteria|o__Rubrobacterales|f__Rubrobacteriaceae","siteEsteroZacatecas",NA,0.0271979369819737,0.0270383696020112,0.325913593198494,"ns"
"659","lm formula for season+site","k__Bacteria|p__Actinomycetota|c__Actinobacteria|o__Propionibacteriales|f__Nocardioidaceae","Model","R2: 0.869204408435187; adjusted R2: 0.856747685429014",NA,NA,NA,NA
"660","lm formula for season+site","k__Bacteria|p__Actinomycetota|c__Actinobacteria|o__Propionibacteriales|f__Nocardioidaceae","season",NA,NA,NA,3.14986732204894e-06,"***"
"661","lm formula for season+site","k__Bacteria|p__Actinomycetota|c__Actinobacteria|o__Propionibacteriales|f__Nocardioidaceae","site",NA,NA,NA,1.91763121598295e-09,"***"
"662","lm formula for season+site","k__Bacteria|p__Actinomycetota|c__Actinobacteria|o__Propionibacteriales|f__Nocardioidaceae","Residuals",NA,NA,NA,NA,NA
"663","lm formula for season+site","k__Bacteria|p__Actinomycetota|c__Actinobacteria|o__Propionibacteriales|f__Nocardioidaceae","(Intercept)",NA,0.124827662676416,0.0118513157245552,7.74716092024687e-10,"***"
"664","lm formula for season+site","k__Bacteria|p__Actinomycetota|c__Actinobacteria|o__Propionibacteriales|f__Nocardioidaceae","seasonSeptember",NA,0.0859401914380788,0.0136847206476464,3.14986732204895e-06,"***"
"665","lm formula for season+site","k__Bacteria|p__Actinomycetota|c__Actinobacteria|o__Propionibacteriales|f__Nocardioidaceae","siteEsteroZacatecas",NA,-0.136927468623459,0.0136847206476464,1.91763121598296e-09,"***"
"666","lm formula for season+site","k__Bacteria|p__Myxococcota|c__Polyangiia|o__Polyangiales|f__Sandaracinaceae","Model","R2: 0.580681371574858; adjusted R2: 0.540746264105797",NA,NA,NA,NA
"667","lm formula for season+site","k__Bacteria|p__Myxococcota|c__Polyangiia|o__Polyangiales|f__Sandaracinaceae","season",NA,NA,NA,0.47777190374001,"ns"
"668","lm formula for season+site","k__Bacteria|p__Myxococcota|c__Polyangiia|o__Polyangiales|f__Sandaracinaceae","site",NA,NA,NA,2.67234759737617e-05,"***"
"669","lm formula for season+site","k__Bacteria|p__Myxococcota|c__Polyangiia|o__Polyangiales|f__Sandaracinaceae","Residuals",NA,NA,NA,NA,NA
"670","lm formula for season+site","k__Bacteria|p__Myxococcota|c__Polyangiia|o__Polyangiales|f__Sandaracinaceae","(Intercept)",NA,0.166196920021714,0.0178300734605667,6.53831191971598e-09,"***"
"671","lm formula for season+site","k__Bacteria|p__Myxococcota|c__Polyangiia|o__Polyangiales|f__Sandaracinaceae","seasonSeptember",NA,-0.0148814401837385,0.0205883954242579,0.47777190374001,"ns"
"672","lm formula for season+site","k__Bacteria|p__Myxococcota|c__Polyangiia|o__Polyangiales|f__Sandaracinaceae","siteEsteroZacatecas",NA,-0.110025273639988,0.0205883954242579,2.67234759737617e-05,"***"
"673","lm formula for season+site","k__Bacteria|p__Cyanobacteriota|c__Cyanobacteriia|o__Cyanobacteriales|f__Xenococcaceae","Model","R2: 0.24743385836344; adjusted R2: 0.175760892493292",NA,NA,NA,NA
"674","lm formula for season+site","k__Bacteria|p__Cyanobacteriota|c__Cyanobacteriia|o__Cyanobacteriales|f__Xenococcaceae","season",NA,NA,NA,0.668903776444146,"ns"
"675","lm formula for season+site","k__Bacteria|p__Cyanobacteriota|c__Cyanobacteriia|o__Cyanobacteriales|f__Xenococcaceae","site",NA,NA,NA,0.0170261433085748,"*"
"676","lm formula for season+site","k__Bacteria|p__Cyanobacteriota|c__Cyanobacteriia|o__Cyanobacteriales|f__Xenococcaceae","Residuals",NA,NA,NA,NA,NA
"677","lm formula for season+site","k__Bacteria|p__Cyanobacteriota|c__Cyanobacteriia|o__Cyanobacteriales|f__Xenococcaceae","(Intercept)",NA,0.0829205597064378,0.0143448925525283,9.74268369173113e-06,"***"
"678","lm formula for season+site","k__Bacteria|p__Cyanobacteriota|c__Cyanobacteriia|o__Cyanobacteriales|f__Xenococcaceae","seasonSeptember",NA,0.00718441669893637,0.016564055153397,0.668903776444145,"ns"
"679","lm formula for season+site","k__Bacteria|p__Cyanobacteriota|c__Cyanobacteriia|o__Cyanobacteriales|f__Xenococcaceae","siteEsteroZacatecas",NA,0.0429274280734557,0.016564055153397,0.0170261433085748,"*"
"680","lm formula for season+site","k__Bacteria|p__Pseudomonadota|c__Gammaproteobacteria|o__Pseudomonadales|f__Cellvibrionaceae","Model","R2: 0.425637886657235; adjusted R2: 0.370936733005544",NA,NA,NA,NA
"681","lm formula for season+site","k__Bacteria|p__Pseudomonadota|c__Gammaproteobacteria|o__Pseudomonadales|f__Cellvibrionaceae","season",NA,NA,NA,0.448050450462045,"ns"
"682","lm formula for season+site","k__Bacteria|p__Pseudomonadota|c__Gammaproteobacteria|o__Pseudomonadales|f__Cellvibrionaceae","site",NA,NA,NA,0.000889504855589783,"***"
"683","lm formula for season+site","k__Bacteria|p__Pseudomonadota|c__Gammaproteobacteria|o__Pseudomonadales|f__Cellvibrionaceae","Residuals",NA,NA,NA,NA,NA
"684","lm formula for season+site","k__Bacteria|p__Pseudomonadota|c__Gammaproteobacteria|o__Pseudomonadales|f__Cellvibrionaceae","(Intercept)",NA,0.112612892802102,0.0159815377412935,5.91639235368151e-07,"***"
"685","lm formula for season+site","k__Bacteria|p__Pseudomonadota|c__Gammaproteobacteria|o__Pseudomonadales|f__Cellvibrionaceae","seasonSeptember",NA,0.0142675935161358,0.018453890234,0.448050450462045,"ns"
"686","lm formula for season+site","k__Bacteria|p__Pseudomonadota|c__Gammaproteobacteria|o__Pseudomonadales|f__Cellvibrionaceae","siteEsteroZacatecas",NA,-0.0713870846881265,0.018453890234,0.000889504855589785,"***"
"687","lm formula for season+site","k__Bacteria|p__Planctomycetota|c__Planctomycetes|o__Pirellulales|f__Pirellulaceae","Model","R2: 0.811487594459079; adjusted R2: 0.793534032026611",NA,NA,NA,NA
"688","lm formula for season+site","k__Bacteria|p__Planctomycetota|c__Planctomycetes|o__Pirellulales|f__Pirellulaceae","season",NA,NA,NA,5.34731818294316e-09,"***"
"689","lm formula for season+site","k__Bacteria|p__Planctomycetota|c__Planctomycetes|o__Pirellulales|f__Pirellulaceae","site",NA,NA,NA,0.24195341821842,"ns"
"690","lm formula for season+site","k__Bacteria|p__Planctomycetota|c__Planctomycetes|o__Pirellulales|f__Pirellulaceae","Residuals",NA,NA,NA,NA,NA
"691","lm formula for season+site","k__Bacteria|p__Planctomycetota|c__Planctomycetes|o__Pirellulales|f__Pirellulaceae","(Intercept)",NA,0.137321070537521,0.00826435390212934,1.47257013738257e-13,"***"
"692","lm formula for season+site","k__Bacteria|p__Planctomycetota|c__Planctomycetes|o__Pirellulales|f__Pirellulaceae","seasonSeptember",NA,-0.0900011451874961,0.00954285390014542,5.34731818294318e-09,"***"
"693","lm formula for season+site","k__Bacteria|p__Planctomycetota|c__Planctomycetes|o__Pirellulales|f__Pirellulaceae","siteEsteroZacatecas",NA,-0.0114904100323772,0.00954285390014542,0.24195341821842,"ns"
"694","lm formula for season+site","k__Bacteria|p__Pseudomonadota|c__Alphaproteobacteria|o__|f__Neomegalonemataceae","Model","R2: 0.63662965810506; adjusted R2: 0.602022958876971",NA,NA,NA,NA
"695","lm formula for season+site","k__Bacteria|p__Pseudomonadota|c__Alphaproteobacteria|o__|f__Neomegalonemataceae","season",NA,NA,NA,0.0027312171787589,"**"
"696","lm formula for season+site","k__Bacteria|p__Pseudomonadota|c__Alphaproteobacteria|o__|f__Neomegalonemataceae","site",NA,NA,NA,5.62778462036655e-05,"***"
"697","lm formula for season+site","k__Bacteria|p__Pseudomonadota|c__Alphaproteobacteria|o__|f__Neomegalonemataceae","Residuals",NA,NA,NA,NA,NA
"698","lm formula for season+site","k__Bacteria|p__Pseudomonadota|c__Alphaproteobacteria|o__|f__Neomegalonemataceae","(Intercept)",NA,0.0561595737933302,0.00762593100280439,3.02490441772894e-07,"***"
"699","lm formula for season+site","k__Bacteria|p__Pseudomonadota|c__Alphaproteobacteria|o__|f__Neomegalonemataceae","seasonSeptember",NA,0.0298934407264653,0.00880566663458125,0.0027312171787589,"**"
"700","lm formula for season+site","k__Bacteria|p__Pseudomonadota|c__Alphaproteobacteria|o__|f__Neomegalonemataceae","siteEsteroZacatecas",NA,0.0442633801956848,0.00880566663458125,5.62778462036657e-05,"***"
"701","lm formula for season+site","k__Bacteria|p__Actinomycetota|c__Actinobacteria|o__Micrococcales|f__Intrasporangiaceae","Model","R2: 0.517336067888165; adjusted R2: 0.471368074353704",NA,NA,NA,NA
"702","lm formula for season+site","k__Bacteria|p__Actinomycetota|c__Actinobacteria|o__Micrococcales|f__Intrasporangiaceae","season",NA,NA,NA,0.000309568283623908,"***"
"703","lm formula for season+site","k__Bacteria|p__Actinomycetota|c__Actinobacteria|o__Micrococcales|f__Intrasporangiaceae","site",NA,NA,NA,0.0606058297146836,"ns"
"704","lm formula for season+site","k__Bacteria|p__Actinomycetota|c__Actinobacteria|o__Micrococcales|f__Intrasporangiaceae","Residuals",NA,NA,NA,NA,NA
"705","lm formula for season+site","k__Bacteria|p__Actinomycetota|c__Actinobacteria|o__Micrococcales|f__Intrasporangiaceae","(Intercept)",NA,0.0672966594281987,0.0125758527187687,2.62773067962357e-05,"***"
"706","lm formula for season+site","k__Bacteria|p__Actinomycetota|c__Actinobacteria|o__Micrococcales|f__Intrasporangiaceae","seasonSeptember",NA,0.0625876227571854,0.0145213439049403,0.000309568283623908,"***"
"707","lm formula for season+site","k__Bacteria|p__Actinomycetota|c__Actinobacteria|o__Micrococcales|f__Intrasporangiaceae","siteEsteroZacatecas",NA,-0.0287949846565243,0.0145213439049403,0.0606058297146836,"ns"
"708","lm formula for season+site","k__Bacteria|p__Pseudomonadota|c__Gammaproteobacteria|o__Steroidobacterales|f__Woeseiaceae","Model","R2: 0.721402338059503; adjusted R2: 0.694869227398504",NA,NA,NA,NA
"709","lm formula for season+site","k__Bacteria|p__Pseudomonadota|c__Gammaproteobacteria|o__Steroidobacterales|f__Woeseiaceae","season",NA,NA,NA,4.28249883656648e-07,"***"
"710","lm formula for season+site","k__Bacteria|p__Pseudomonadota|c__Gammaproteobacteria|o__Steroidobacterales|f__Woeseiaceae","site",NA,NA,NA,0.12486707854502,"ns"
"711","lm formula for season+site","k__Bacteria|p__Pseudomonadota|c__Gammaproteobacteria|o__Steroidobacterales|f__Woeseiaceae","Residuals",NA,NA,NA,NA,NA
"712","lm formula for season+site","k__Bacteria|p__Pseudomonadota|c__Gammaproteobacteria|o__Steroidobacterales|f__Woeseiaceae","(Intercept)",NA,0.111799136377222,0.00867739944852078,1.94192372793322e-11,"***"
"713","lm formula for season+site","k__Bacteria|p__Pseudomonadota|c__Gammaproteobacteria|o__Steroidobacterales|f__Woeseiaceae","seasonSeptember",NA,-0.0721302056831594,0.0100197978149388,4.28249883656648e-07,"***"
"714","lm formula for season+site","k__Bacteria|p__Pseudomonadota|c__Gammaproteobacteria|o__Steroidobacterales|f__Woeseiaceae","siteEsteroZacatecas",NA,0.0160167900111532,0.0100197978149388,0.12486707854502,"ns"
"715","lm formula for season+site","k__Bacteria|p__Thermodesulfobacteriota|c__Desulfobulbia|o__Desulfobulbales|f__Desulfocapsaceae","Model","R2: 0.721941408940471; adjusted R2: 0.695459638363373",NA,NA,NA,NA
"716","lm formula for season+site","k__Bacteria|p__Thermodesulfobacteriota|c__Desulfobulbia|o__Desulfobulbales|f__Desulfocapsaceae","season",NA,NA,NA,3.09198578128624e-07,"***"
"717","lm formula for season+site","k__Bacteria|p__Thermodesulfobacteriota|c__Desulfobulbia|o__Desulfobulbales|f__Desulfocapsaceae","site",NA,NA,NA,0.511825246070732,"ns"
"718","lm formula for season+site","k__Bacteria|p__Thermodesulfobacteriota|c__Desulfobulbia|o__Desulfobulbales|f__Desulfocapsaceae","Residuals",NA,NA,NA,NA,NA
"719","lm formula for season+site","k__Bacteria|p__Thermodesulfobacteriota|c__Desulfobulbia|o__Desulfobulbales|f__Desulfocapsaceae","(Intercept)",NA,0.120362258155583,0.00885183853194184,7.03123813711699e-12,"***"
"720","lm formula for season+site","k__Bacteria|p__Thermodesulfobacteriota|c__Desulfobulbia|o__Desulfobulbales|f__Desulfocapsaceae","seasonSeptember",NA,-0.075164786155911,0.0102212227184794,3.09198578128624e-07,"***"
"721","lm formula for season+site","k__Bacteria|p__Thermodesulfobacteriota|c__Desulfobulbia|o__Desulfobulbales|f__Desulfocapsaceae","siteEsteroZacatecas",NA,-0.00682098174895828,0.0102212227184794,0.511825246070732,"ns"
"722","lm formula for season+site","k__Bacteria|p__Pseudomonadota|c__Gammaproteobacteria|o__Enterobacterales|f__Vibrionaceae","Model","R2: 0.0586496963724977; adjusted R2: -0.0310027134967883",NA,NA,NA,NA
"723","lm formula for season+site","k__Bacteria|p__Pseudomonadota|c__Gammaproteobacteria|o__Enterobacterales|f__Vibrionaceae","season",NA,NA,NA,0.295127444515215,"ns"
"724","lm formula for season+site","k__Bacteria|p__Pseudomonadota|c__Gammaproteobacteria|o__Enterobacterales|f__Vibrionaceae","site",NA,NA,NA,0.697324241082933,"ns"
"725","lm formula for season+site","k__Bacteria|p__Pseudomonadota|c__Gammaproteobacteria|o__Enterobacterales|f__Vibrionaceae","Residuals",NA,NA,NA,NA,NA
"726","lm formula for season+site","k__Bacteria|p__Pseudomonadota|c__Gammaproteobacteria|o__Enterobacterales|f__Vibrionaceae","(Intercept)",NA,0.0468629735335555,0.0228753491696857,0.0532031829338785,"ns"
"727","lm formula for season+site","k__Bacteria|p__Pseudomonadota|c__Gammaproteobacteria|o__Enterobacterales|f__Vibrionaceae","seasonSeptember",NA,0.028361685435817,0.0264141780018495,0.295127444515215,"ns"
"728","lm formula for season+site","k__Bacteria|p__Pseudomonadota|c__Gammaproteobacteria|o__Enterobacterales|f__Vibrionaceae","siteEsteroZacatecas",NA,0.0104155089191823,0.0264141780018495,0.697324241082933,"ns"
"729","lm formula for season+site","k__Bacteria|p__Pseudomonadota|c__Gammaproteobacteria|o__Pseudomonadales|f__Marinobacteraceae","Model","R2: 0.793376254794292; adjusted R2: 0.773697802869939",NA,NA,NA,NA
"730","lm formula for season+site","k__Bacteria|p__Pseudomonadota|c__Gammaproteobacteria|o__Pseudomonadales|f__Marinobacteraceae","season",NA,NA,NA,0.000200175306469278,"***"
"731","lm formula for season+site","k__Bacteria|p__Pseudomonadota|c__Gammaproteobacteria|o__Pseudomonadales|f__Marinobacteraceae","site",NA,NA,NA,1.29694332101303e-07,"***"
"732","lm formula for season+site","k__Bacteria|p__Pseudomonadota|c__Gammaproteobacteria|o__Pseudomonadales|f__Marinobacteraceae","Residuals",NA,NA,NA,NA,NA
"733","lm formula for season+site","k__Bacteria|p__Pseudomonadota|c__Gammaproteobacteria|o__Pseudomonadales|f__Marinobacteraceae","(Intercept)",NA,0.0865517844826187,0.00739800469250131,1.1609842978408e-10,"***"
"734","lm formula for season+site","k__Bacteria|p__Pseudomonadota|c__Gammaproteobacteria|o__Pseudomonadales|f__Marinobacteraceae","seasonSeptember",NA,0.0383770328881979,0.00854248000136349,0.000200175306469279,"***"
"735","lm formula for season+site","k__Bacteria|p__Pseudomonadota|c__Gammaproteobacteria|o__Pseudomonadales|f__Marinobacteraceae","siteEsteroZacatecas",NA,-0.066418271667401,0.00854248000136349,1.29694332101303e-07,"***"
"736","lm formula for season+site","k__Bacteria|p__Chloroflexota|c__Anaerolineae|o__Aggregatilineales|f__A4b","Model","R2: 0.586002309929929; adjusted R2: 0.546573958494684",NA,NA,NA,NA
"737","lm formula for season+site","k__Bacteria|p__Chloroflexota|c__Anaerolineae|o__Aggregatilineales|f__A4b","season",NA,NA,NA,0.071799932085986,"ns"
"738","lm formula for season+site","k__Bacteria|p__Chloroflexota|c__Anaerolineae|o__Aggregatilineales|f__A4b","site",NA,NA,NA,4.60576095480049e-05,"***"
"739","lm formula for season+site","k__Bacteria|p__Chloroflexota|c__Anaerolineae|o__Aggregatilineales|f__A4b","Residuals",NA,NA,NA,NA,NA
"740","lm formula for season+site","k__Bacteria|p__Chloroflexota|c__Anaerolineae|o__Aggregatilineales|f__A4b","(Intercept)",NA,0.062200630050397,0.00778938677342962,8.48153009862897e-08,"***"
"741","lm formula for season+site","k__Bacteria|p__Chloroflexota|c__Anaerolineae|o__Aggregatilineales|f__A4b","seasonSeptember",NA,-0.0170537187290217,0.0089944091009234,0.071799932085986,"ns"
"742","lm formula for season+site","k__Bacteria|p__Chloroflexota|c__Anaerolineae|o__Aggregatilineales|f__A4b","siteEsteroZacatecas",NA,0.0459771549905381,0.0089944091009234,4.60576095480049e-05,"***"
"743","lm formula for season+site","k__Bacteria|p__Thermodesulfobacteriota|c__Desulfobacteria|o__Desulfobacterales|f__Desulfosarcinaceae","Model","R2: 0.733111492604623; adjusted R2: 0.707693539519349",NA,NA,NA,NA
"744","lm formula for season+site","k__Bacteria|p__Thermodesulfobacteriota|c__Desulfobacteria|o__Desulfobacterales|f__Desulfosarcinaceae","season",NA,NA,NA,1.50881803706425e-06,"***"
"745","lm formula for season+site","k__Bacteria|p__Thermodesulfobacteriota|c__Desulfobacteria|o__Desulfobacterales|f__Desulfosarcinaceae","site",NA,NA,NA,0.00122156348023113,"**"
"746","lm formula for season+site","k__Bacteria|p__Thermodesulfobacteriota|c__Desulfobacteria|o__Desulfobacterales|f__Desulfosarcinaceae","Residuals",NA,NA,NA,NA,NA
"747","lm formula for season+site","k__Bacteria|p__Thermodesulfobacteriota|c__Desulfobacteria|o__Desulfobacterales|f__Desulfosarcinaceae","(Intercept)",NA,0.120840442729943,0.00838648270934732,2.32990262150101e-12,"***"
"748","lm formula for season+site","k__Bacteria|p__Thermodesulfobacteriota|c__Desulfobacteria|o__Desulfobacterales|f__Desulfosarcinaceae","seasonSeptember",NA,-0.0640403088133888,0.00968387609959163,1.50881803706425e-06,"***"
"749","lm formula for season+site","k__Bacteria|p__Thermodesulfobacteriota|c__Desulfobacteria|o__Desulfobacterales|f__Desulfosarcinaceae","siteEsteroZacatecas",NA,-0.0361710999986218,0.00968387609959163,0.00122156348023113,"**"
"750","lm formula for season+site","k__Bacteria|p__Acidobacteriota|c__Thermoanaerobaculia|o__Thermoanaerobaculales|f__Thermoanaerobaculaceae","Model","R2: 0.510621467228843; adjusted R2: 0.464013987917304",NA,NA,NA,NA
"751","lm formula for season+site","k__Bacteria|p__Acidobacteriota|c__Thermoanaerobaculia|o__Thermoanaerobaculales|f__Thermoanaerobaculaceae","season",NA,NA,NA,0.000211669182203029,"***"
"752","lm formula for season+site","k__Bacteria|p__Acidobacteriota|c__Thermoanaerobaculia|o__Thermoanaerobaculales|f__Thermoanaerobaculaceae","site",NA,NA,NA,0.178388880809151,"ns"
"753","lm formula for season+site","k__Bacteria|p__Acidobacteriota|c__Thermoanaerobaculia|o__Thermoanaerobaculales|f__Thermoanaerobaculaceae","Residuals",NA,NA,NA,NA,NA
"754","lm formula for season+site","k__Bacteria|p__Acidobacteriota|c__Thermoanaerobaculia|o__Thermoanaerobaculales|f__Thermoanaerobaculaceae","(Intercept)",NA,0.108386705883911,0.0111087645077158,2.97611288207208e-09,"***"
"755","lm formula for season+site","k__Bacteria|p__Acidobacteriota|c__Thermoanaerobaculia|o__Thermoanaerobaculales|f__Thermoanaerobaculaceae","seasonSeptember",NA,-0.0573266143977489,0.0128272963577878,0.000211669182203029,"***"
"756","lm formula for season+site","k__Bacteria|p__Acidobacteriota|c__Thermoanaerobaculia|o__Thermoanaerobaculales|f__Thermoanaerobaculaceae","siteEsteroZacatecas",NA,-0.0178599652780545,0.0128272963577878,0.178388880809151,"ns"
"757","lm formula for season+site","k__Bacteria|p__Bacteroidota|c__Bacteroidia|o__Bacteroidales|f__Prolixibacteraceae","Model","R2: 0.666404132184556; adjusted R2: 0.634633097154513",NA,NA,NA,NA
"758","lm formula for season+site","k__Bacteria|p__Bacteroidota|c__Bacteroidia|o__Bacteroidales|f__Prolixibacteraceae","season",NA,NA,NA,0.000381059889122922,"***"
"759","lm formula for season+site","k__Bacteria|p__Bacteroidota|c__Bacteroidia|o__Bacteroidales|f__Prolixibacteraceae","site",NA,NA,NA,7.40219786033378e-05,"***"
"760","lm formula for season+site","k__Bacteria|p__Bacteroidota|c__Bacteroidia|o__Bacteroidales|f__Prolixibacteraceae","Residuals",NA,NA,NA,NA,NA
"761","lm formula for season+site","k__Bacteria|p__Bacteroidota|c__Bacteroidia|o__Bacteroidales|f__Prolixibacteraceae","(Intercept)",NA,0.124530442976346,0.0131415324170301,4.92900630497936e-09,"***"
"762","lm formula for season+site","k__Bacteria|p__Bacteroidota|c__Bacteroidia|o__Bacteroidales|f__Prolixibacteraceae","seasonSeptember",NA,-0.064084548838021,0.0151745345570731,0.000381059889122922,"***"
"763","lm formula for season+site","k__Bacteria|p__Bacteroidota|c__Bacteroidia|o__Bacteroidales|f__Prolixibacteraceae","siteEsteroZacatecas",NA,-0.0745180981616417,0.0151745345570731,7.40219786033377e-05,"***"
"764","lm formula for season+site","k__Bacteria|p__Pseudomonadota|c__Gammaproteobacteria|o__Chromatiales|f__Chromatiaceae","Model","R2: 0.350667081481291; adjusted R2: 0.288825851146176",NA,NA,NA,NA
"765","lm formula for season+site","k__Bacteria|p__Pseudomonadota|c__Gammaproteobacteria|o__Chromatiales|f__Chromatiaceae","season",NA,NA,NA,0.00931200546004558,"**"
"766","lm formula for season+site","k__Bacteria|p__Pseudomonadota|c__Gammaproteobacteria|o__Chromatiales|f__Chromatiaceae","site",NA,NA,NA,0.0907061055255881,"ns"
"767","lm formula for season+site","k__Bacteria|p__Pseudomonadota|c__Gammaproteobacteria|o__Chromatiales|f__Chromatiaceae","Residuals",NA,NA,NA,NA,NA
"768","lm formula for season+site","k__Bacteria|p__Pseudomonadota|c__Gammaproteobacteria|o__Chromatiales|f__Chromatiaceae","(Intercept)",NA,0.0624787634959956,0.0184389260218511,0.00277240797326257,"**"
"769","lm formula for season+site","k__Bacteria|p__Pseudomonadota|c__Gammaproteobacteria|o__Chromatiales|f__Chromatiaceae","seasonSeptember",NA,-0.0609573211610311,0.0212914378045667,0.00931200546004557,"**"
"770","lm formula for season+site","k__Bacteria|p__Pseudomonadota|c__Gammaproteobacteria|o__Chromatiales|f__Chromatiaceae","siteEsteroZacatecas",NA,0.0377533375035617,0.0212914378045667,0.0907061055255881,"ns"
"771","lm formula for season+site","k__Bacteria|p__Pseudomonadota|c__Gammaproteobacteria|o__Enterobacterales|f__Alteromonadaceae","Model","R2: 0.441995173840734; adjusted R2: 0.388851857063661",NA,NA,NA,NA
"772","lm formula for season+site","k__Bacteria|p__Pseudomonadota|c__Gammaproteobacteria|o__Enterobacterales|f__Alteromonadaceae","season",NA,NA,NA,0.0250025310781778,"*"
"773","lm formula for season+site","k__Bacteria|p__Pseudomonadota|c__Gammaproteobacteria|o__Enterobacterales|f__Alteromonadaceae","site",NA,NA,NA,0.00351076558280788,"**"
"774","lm formula for season+site","k__Bacteria|p__Pseudomonadota|c__Gammaproteobacteria|o__Enterobacterales|f__Alteromonadaceae","Residuals",NA,NA,NA,NA,NA
"775","lm formula for season+site","k__Bacteria|p__Pseudomonadota|c__Gammaproteobacteria|o__Enterobacterales|f__Alteromonadaceae","(Intercept)",NA,0.0440701391280539,0.015804360817992,0.0110102327577842,"*"
"776","lm formula for season+site","k__Bacteria|p__Pseudomonadota|c__Gammaproteobacteria|o__Enterobacterales|f__Alteromonadaceae","seasonSeptember",NA,-0.0440501252651167,0.0182493039452753,0.0250025310781778,"*"
"777","lm formula for season+site","k__Bacteria|p__Pseudomonadota|c__Gammaproteobacteria|o__Enterobacterales|f__Alteromonadaceae","siteEsteroZacatecas",NA,0.0599946095118008,0.0182493039452753,0.00351076558280788,"**"
"778","lm formula for season+site","k__Bacteria|p__Cyanobacteriota|c__Cyanobacteriia|o__Phormidesmiales|f__Phormidesmiaceae","Model","R2: 0.618100291276488; adjusted R2: 0.581728890445678",NA,NA,NA,NA
"779","lm formula for season+site","k__Bacteria|p__Cyanobacteriota|c__Cyanobacteriia|o__Phormidesmiales|f__Phormidesmiaceae","season",NA,NA,NA,0.00380401232607094,"**"
"780","lm formula for season+site","k__Bacteria|p__Cyanobacteriota|c__Cyanobacteriia|o__Phormidesmiales|f__Phormidesmiaceae","site",NA,NA,NA,8.79564517463235e-05,"***"
"781","lm formula for season+site","k__Bacteria|p__Cyanobacteriota|c__Cyanobacteriia|o__Phormidesmiales|f__Phormidesmiaceae","Residuals",NA,NA,NA,NA,NA
"782","lm formula for season+site","k__Bacteria|p__Cyanobacteriota|c__Cyanobacteriia|o__Phormidesmiales|f__Phormidesmiaceae","(Intercept)",NA,0.0262164065137474,0.0139585046392983,0.0743149548296441,"ns"
"783","lm formula for season+site","k__Bacteria|p__Cyanobacteriota|c__Cyanobacteriia|o__Phormidesmiales|f__Phormidesmiaceae","seasonSeptember",NA,-0.0524328130274948,0.0161178928219671,0.00380401232607094,"**"
"784","lm formula for season+site","k__Bacteria|p__Cyanobacteriota|c__Cyanobacteriia|o__Phormidesmiales|f__Phormidesmiaceae","siteEsteroZacatecas",NA,0.0779774957724902,0.0161178928219671,8.79564517463237e-05,"***"
"785","lm formula for season+site","k__Bacteria|p__Pseudomonadota|c__Gammaproteobacteria|o__Pseudomonadales|f__Halieaceae","Model","R2: 0.568831174463864; adjusted R2: 0.527767476793756",NA,NA,NA,NA
"786","lm formula for season+site","k__Bacteria|p__Pseudomonadota|c__Gammaproteobacteria|o__Pseudomonadales|f__Halieaceae","season",NA,NA,NA,3.75254499491904e-05,"***"
"787","lm formula for season+site","k__Bacteria|p__Pseudomonadota|c__Gammaproteobacteria|o__Pseudomonadales|f__Halieaceae","site",NA,NA,NA,0.420286622789575,"ns"
"788","lm formula for season+site","k__Bacteria|p__Pseudomonadota|c__Gammaproteobacteria|o__Pseudomonadales|f__Halieaceae","Residuals",NA,NA,NA,NA,NA
"789","lm formula for season+site","k__Bacteria|p__Pseudomonadota|c__Gammaproteobacteria|o__Pseudomonadales|f__Halieaceae","(Intercept)",NA,0.0836797679954219,0.00895347233726145,6.24669011902193e-09,"***"
"790","lm formula for season+site","k__Bacteria|p__Pseudomonadota|c__Gammaproteobacteria|o__Pseudomonadales|f__Halieaceae","seasonSeptember",NA,-0.0537497359440428,0.0103385793281995,3.75254499491904e-05,"***"
"791","lm formula for season+site","k__Bacteria|p__Pseudomonadota|c__Gammaproteobacteria|o__Pseudomonadales|f__Halieaceae","siteEsteroZacatecas",NA,0.00849879004536195,0.0103385793281995,0.420286622789575,"ns"
"792","lm formula for season+site","k__Bacteria|p__Campylobacterota|c__Campylobacteria|o__Campylobacterales|f__Sulfurovaceae","Model","R2: 0.507586854805311; adjusted R2: 0.460690364786769",NA,NA,NA,NA
"793","lm formula for season+site","k__Bacteria|p__Campylobacterota|c__Campylobacteria|o__Campylobacterales|f__Sulfurovaceae","season",NA,NA,NA,0.00216693691788094,"**"
"794","lm formula for season+site","k__Bacteria|p__Campylobacterota|c__Campylobacteria|o__Campylobacterales|f__Sulfurovaceae","site",NA,NA,NA,0.00576743515287075,"**"
"795","lm formula for season+site","k__Bacteria|p__Campylobacterota|c__Campylobacteria|o__Campylobacterales|f__Sulfurovaceae","Residuals",NA,NA,NA,NA,NA
"796","lm formula for season+site","k__Bacteria|p__Campylobacterota|c__Campylobacteria|o__Campylobacterales|f__Sulfurovaceae","(Intercept)",NA,0.0959511946369226,0.0160533399901673,6.22631735956846e-06,"***"
"797","lm formula for season+site","k__Bacteria|p__Campylobacterota|c__Campylobacteria|o__Campylobacterales|f__Sulfurovaceae","seasonSeptember",NA,-0.0647523042328847,0.0185368003294314,0.00216693691788094,"**"
"798","lm formula for season+site","k__Bacteria|p__Campylobacterota|c__Campylobacteria|o__Campylobacterales|f__Sulfurovaceae","siteEsteroZacatecas",NA,-0.0569681356151128,0.0185368003294314,0.00576743515287075,"**"
"799","lm formula for season+site","k__Bacteria|p__Pseudomonadota|c__Alphaproteobacteria|o__Kiloniellales|f__Kiloniellaceae","Model","R2: 0.473696983302605; adjusted R2: 0.423572886474282",NA,NA,NA,NA
"800","lm formula for season+site","k__Bacteria|p__Pseudomonadota|c__Alphaproteobacteria|o__Kiloniellales|f__Kiloniellaceae","season",NA,NA,NA,0.00527311345242072,"**"
"801","lm formula for season+site","k__Bacteria|p__Pseudomonadota|c__Alphaproteobacteria|o__Kiloniellales|f__Kiloniellaceae","site",NA,NA,NA,0.00628672608243742,"**"
"802","lm formula for season+site","k__Bacteria|p__Pseudomonadota|c__Alphaproteobacteria|o__Kiloniellales|f__Kiloniellaceae","Residuals",NA,NA,NA,NA,NA
"803","lm formula for season+site","k__Bacteria|p__Pseudomonadota|c__Alphaproteobacteria|o__Kiloniellales|f__Kiloniellaceae","(Intercept)",NA,0.0927369174208288,0.0097729956940751,4.81417186994142e-09,"***"
"804","lm formula for season+site","k__Bacteria|p__Pseudomonadota|c__Alphaproteobacteria|o__Kiloniellales|f__Kiloniellaceae","seasonSeptember",NA,-0.0351203868472626,0.0112848833895266,0.00527311345242072,"**"
"805","lm formula for season+site","k__Bacteria|p__Pseudomonadota|c__Alphaproteobacteria|o__Kiloniellales|f__Kiloniellaceae","siteEsteroZacatecas",NA,-0.0342574101873249,0.0112848833895266,0.00628672608243742,"**"
"806","lm formula for season+site","k__Bacteria|p__Verrucomicrobiota|c__Verrucomicrobiia|o__Verrucomicrobiales|f__Rubritaleaceae","Model","R2: 0.570315597257161; adjusted R2: 0.529393273186414",NA,NA,NA,NA
"807","lm formula for season+site","k__Bacteria|p__Verrucomicrobiota|c__Verrucomicrobiia|o__Verrucomicrobiales|f__Rubritaleaceae","season",NA,NA,NA,6.60089883071826e-05,"***"
"808","lm formula for season+site","k__Bacteria|p__Verrucomicrobiota|c__Verrucomicrobiia|o__Verrucomicrobiales|f__Rubritaleaceae","site",NA,NA,NA,0.0844686077286341,"ns"
"809","lm formula for season+site","k__Bacteria|p__Verrucomicrobiota|c__Verrucomicrobiia|o__Verrucomicrobiales|f__Rubritaleaceae","Residuals",NA,NA,NA,NA,NA
"810","lm formula for season+site","k__Bacteria|p__Verrucomicrobiota|c__Verrucomicrobiia|o__Verrucomicrobiales|f__Rubritaleaceae","(Intercept)",NA,0.0686537190137557,0.0108449659785185,2.81499737146795e-06,"***"
"811","lm formula for season+site","k__Bacteria|p__Verrucomicrobiota|c__Verrucomicrobiia|o__Verrucomicrobiales|f__Rubritaleaceae","seasonSeptember",NA,-0.062102050010376,0.0125226880540999,6.60089883071826e-05,"***"
"812","lm formula for season+site","k__Bacteria|p__Verrucomicrobiota|c__Verrucomicrobiia|o__Verrucomicrobiales|f__Rubritaleaceae","siteEsteroZacatecas",NA,0.0226788020284602,0.0125226880540999,0.0844686077286341,"ns"
"813","lm formula for season+site","k__Bacteria|p__Pseudomonadota|c__Alphaproteobacteria|o__Caulobacterales|f__Parvularculaceae","Model","R2: 0.544214258338373; adjusted R2: 0.500806092465837",NA,NA,NA,NA
"814","lm formula for season+site","k__Bacteria|p__Pseudomonadota|c__Alphaproteobacteria|o__Caulobacterales|f__Parvularculaceae","season",NA,NA,NA,0.000140381228787476,"***"
"815","lm formula for season+site","k__Bacteria|p__Pseudomonadota|c__Alphaproteobacteria|o__Caulobacterales|f__Parvularculaceae","site",NA,NA,NA,0.0741128654687138,"ns"
"816","lm formula for season+site","k__Bacteria|p__Pseudomonadota|c__Alphaproteobacteria|o__Caulobacterales|f__Parvularculaceae","Residuals",NA,NA,NA,NA,NA
"817","lm formula for season+site","k__Bacteria|p__Pseudomonadota|c__Alphaproteobacteria|o__Caulobacterales|f__Parvularculaceae","(Intercept)",NA,0.00864810513183348,0.0107193050127747,0.428837145777408,"ns"
"818","lm formula for season+site","k__Bacteria|p__Pseudomonadota|c__Alphaproteobacteria|o__Caulobacterales|f__Parvularculaceae","seasonSeptember",NA,0.0574478041465291,0.0123775872693023,0.000140381228787476,"***"
"819","lm formula for season+site","k__Bacteria|p__Pseudomonadota|c__Alphaproteobacteria|o__Caulobacterales|f__Parvularculaceae","siteEsteroZacatecas",NA,0.0232647060264702,0.0123775872693023,0.0741128654687138,"ns"
"820","lm formula for season+site","k__Bacteria|p__Actinomycetota|c__Acidimicrobiia|o__Microtrichales|f__Microtrichaceae","Model","R2: 0.117014808041315; adjusted R2: 0.0329209802357262",NA,NA,NA,NA
"821","lm formula for season+site","k__Bacteria|p__Actinomycetota|c__Acidimicrobiia|o__Microtrichales|f__Microtrichaceae","season",NA,NA,NA,0.240433272568472,"ns"
"822","lm formula for season+site","k__Bacteria|p__Actinomycetota|c__Acidimicrobiia|o__Microtrichales|f__Microtrichaceae","site",NA,NA,NA,0.262911014392535,"ns"
"823","lm formula for season+site","k__Bacteria|p__Actinomycetota|c__Acidimicrobiia|o__Microtrichales|f__Microtrichaceae","Residuals",NA,NA,NA,NA,NA
"824","lm formula for season+site","k__Bacteria|p__Actinomycetota|c__Acidimicrobiia|o__Microtrichales|f__Microtrichaceae","(Intercept)",NA,0.0544239615943106,0.010598468448128,4.35984070428601e-05,"***"
"825","lm formula for season+site","k__Bacteria|p__Actinomycetota|c__Acidimicrobiia|o__Microtrichales|f__Microtrichaceae","seasonSeptember",NA,-0.0147849580295215,0.0122380572230489,0.240433272568472,"ns"
"826","lm formula for season+site","k__Bacteria|p__Actinomycetota|c__Acidimicrobiia|o__Microtrichales|f__Microtrichaceae","siteEsteroZacatecas",NA,0.014078664879283,0.0122380572230489,0.262911014392535,"ns"
"827","lm formula for season+site","k__Bacteria|p__Thermodesulfobacteriota|c__Desulfobulbia|o__Desulfobulbales|f__Desulfobulbaceae","Model","R2: 0.648972999073983; adjusted R2: 0.615541856128647",NA,NA,NA,NA
"828","lm formula for season+site","k__Bacteria|p__Thermodesulfobacteriota|c__Desulfobulbia|o__Desulfobulbales|f__Desulfobulbaceae","season",NA,NA,NA,0.0012328366891643,"**"
"829","lm formula for season+site","k__Bacteria|p__Thermodesulfobacteriota|c__Desulfobulbia|o__Desulfobulbales|f__Desulfobulbaceae","site",NA,NA,NA,6.13470898693613e-05,"***"
"830","lm formula for season+site","k__Bacteria|p__Thermodesulfobacteriota|c__Desulfobulbia|o__Desulfobulbales|f__Desulfobulbaceae","Residuals",NA,NA,NA,NA,NA
"831","lm formula for season+site","k__Bacteria|p__Thermodesulfobacteriota|c__Desulfobulbia|o__Desulfobulbales|f__Desulfobulbaceae","(Intercept)",NA,0.0897177839442457,0.0108976311525174,5.18384342295577e-08,"***"
"832","lm formula for season+site","k__Bacteria|p__Thermodesulfobacteriota|c__Desulfobulbia|o__Desulfobulbales|f__Desulfobulbaceae","seasonSeptember",NA,-0.0469531211376419,0.0125835005588703,0.0012328366891643,"**"
"833","lm formula for season+site","k__Bacteria|p__Thermodesulfobacteriota|c__Desulfobulbia|o__Desulfobulbales|f__Desulfobulbaceae","siteEsteroZacatecas",NA,-0.062793656054026,0.0125835005588703,6.13470898693614e-05,"***"
"834","lm formula for season+site","k__Bacteria|p__Deinococcota|c__Deinococci|o__Deinococcales|f__Trueperaceae","Model","R2: 0.0297202291763078; adjusted R2: -0.0626873680449962",NA,NA,NA,NA
"835","lm formula for season+site","k__Bacteria|p__Deinococcota|c__Deinococci|o__Deinococcales|f__Trueperaceae","season",NA,NA,NA,0.53911113900777,"ns"
"836","lm formula for season+site","k__Bacteria|p__Deinococcota|c__Deinococci|o__Deinococcales|f__Trueperaceae","site",NA,NA,NA,0.619925302708986,"ns"
"837","lm formula for season+site","k__Bacteria|p__Deinococcota|c__Deinococci|o__Deinococcales|f__Trueperaceae","Residuals",NA,NA,NA,NA,NA
"838","lm formula for season+site","k__Bacteria|p__Deinococcota|c__Deinococci|o__Deinococcales|f__Trueperaceae","(Intercept)",NA,0.0459799669196573,0.00965652995288049,0.000105449281340502,"***"
"839","lm formula for season+site","k__Bacteria|p__Deinococcota|c__Deinococci|o__Deinococcales|f__Trueperaceae","seasonSeptember",NA,0.00696194445423526,0.0111504003354665,0.539111139007771,"ns"
"840","lm formula for season+site","k__Bacteria|p__Deinococcota|c__Deinococci|o__Deinococcales|f__Trueperaceae","siteEsteroZacatecas",NA,0.00561306867875947,0.0111504003354665,0.619925302708986,"ns"
"841","lm formula for season+site","k__Bacteria|p__Chloroflexota|c__Anaerolineae|o__Anaerolineales|f__Anaerolineaceae","Model","R2: 0.53392299474588; adjusted R2: 0.489534708531202",NA,NA,NA,NA
"842","lm formula for season+site","k__Bacteria|p__Chloroflexota|c__Anaerolineae|o__Anaerolineales|f__Anaerolineaceae","season",NA,NA,NA,0.000815600562501277,"***"
"843","lm formula for season+site","k__Bacteria|p__Chloroflexota|c__Anaerolineae|o__Anaerolineales|f__Anaerolineaceae","site",NA,NA,NA,0.00733667483388414,"**"
"844","lm formula for season+site","k__Bacteria|p__Chloroflexota|c__Anaerolineae|o__Anaerolineales|f__Anaerolineaceae","Residuals",NA,NA,NA,NA,NA
"845","lm formula for season+site","k__Bacteria|p__Chloroflexota|c__Anaerolineae|o__Anaerolineales|f__Anaerolineaceae","(Intercept)",NA,0.0826662143277141,0.0102775243631771,7.55028220267264e-08,"***"
"846","lm formula for season+site","k__Bacteria|p__Chloroflexota|c__Anaerolineae|o__Anaerolineales|f__Anaerolineaceae","seasonSeptember",NA,-0.0463396724250807,0.0118674629153665,0.000815600562501277,"***"
"847","lm formula for season+site","k__Bacteria|p__Chloroflexota|c__Anaerolineae|o__Anaerolineales|f__Anaerolineaceae","siteEsteroZacatecas",NA,-0.0352240417714462,0.0118674629153665,0.00733667483388415,"**"
"848","lm formula for season+site","k__Bacteria|p__Chloroflexota|c__Anaerolineae|o__Caldilineales|f__Caldilineaceae","Model","R2: 0.432456154157055; adjusted R2: 0.378404359314869",NA,NA,NA,NA
"849","lm formula for season+site","k__Bacteria|p__Chloroflexota|c__Anaerolineae|o__Caldilineales|f__Caldilineaceae","season",NA,NA,NA,0.00245092708773113,"**"
"850","lm formula for season+site","k__Bacteria|p__Chloroflexota|c__Anaerolineae|o__Caldilineales|f__Caldilineaceae","site",NA,NA,NA,0.0541192027326601,"ns"
"851","lm formula for season+site","k__Bacteria|p__Chloroflexota|c__Anaerolineae|o__Caldilineales|f__Caldilineaceae","Residuals",NA,NA,NA,NA,NA
"852","lm formula for season+site","k__Bacteria|p__Chloroflexota|c__Anaerolineae|o__Caldilineales|f__Caldilineaceae","(Intercept)",NA,0.0573556396238694,0.00701919640494302,5.85436677461459e-08,"***"
"853","lm formula for season+site","k__Bacteria|p__Chloroflexota|c__Anaerolineae|o__Caldilineales|f__Caldilineaceae","seasonSeptember",NA,-0.0278885864324986,0.00810506986777741,0.00245092708773113,"**"
"854","lm formula for season+site","k__Bacteria|p__Chloroflexota|c__Anaerolineae|o__Caldilineales|f__Caldilineaceae","siteEsteroZacatecas",NA,0.0165348982574936,0.00810506986777741,0.0541192027326602,"ns"
"855","lm formula for season+site","k__Bacteria|p__Pseudomonadota|c__Alphaproteobacteria|o__Caulobacterales|f__Hyphomonadaceae","Model","R2: 0.359714354056626; adjusted R2: 0.298734768728686",NA,NA,NA,NA
"856","lm formula for season+site","k__Bacteria|p__Pseudomonadota|c__Alphaproteobacteria|o__Caulobacterales|f__Hyphomonadaceae","season",NA,NA,NA,0.00811477658644738,"**"
"857","lm formula for season+site","k__Bacteria|p__Pseudomonadota|c__Alphaproteobacteria|o__Caulobacterales|f__Hyphomonadaceae","site",NA,NA,NA,0.0858278782256789,"ns"
"858","lm formula for season+site","k__Bacteria|p__Pseudomonadota|c__Alphaproteobacteria|o__Caulobacterales|f__Hyphomonadaceae","Residuals",NA,NA,NA,NA,NA
"859","lm formula for season+site","k__Bacteria|p__Pseudomonadota|c__Alphaproteobacteria|o__Caulobacterales|f__Hyphomonadaceae","(Intercept)",NA,0.0547525959327291,0.00850910202680604,2.2345143976607e-06,"***"
"860","lm formula for season+site","k__Bacteria|p__Pseudomonadota|c__Alphaproteobacteria|o__Caulobacterales|f__Hyphomonadaceae","seasonSeptember",NA,-0.0287276993059953,0.00982546469147692,0.00811477658644738,"**"
"861","lm formula for season+site","k__Bacteria|p__Pseudomonadota|c__Alphaproteobacteria|o__Caulobacterales|f__Hyphomonadaceae","siteEsteroZacatecas",NA,0.0177110693497697,0.00982546469147692,0.0858278782256789,"ns"
"862","lm formula for season+site","k__Bacteria|p__Actinomycetota|c__Actinobacteria|o__Mycobacteriales|f__Mycobacteriaceae","Model","R2: 0.0638983695421201; adjusted R2: -0.0252541666919637",NA,NA,NA,NA
"863","lm formula for season+site","k__Bacteria|p__Actinomycetota|c__Actinobacteria|o__Mycobacteriales|f__Mycobacteriaceae","season",NA,NA,NA,0.284658354125018,"ns"
"864","lm formula for season+site","k__Bacteria|p__Actinomycetota|c__Actinobacteria|o__Mycobacteriales|f__Mycobacteriaceae","site",NA,NA,NA,0.637958996761156,"ns"
"865","lm formula for season+site","k__Bacteria|p__Actinomycetota|c__Actinobacteria|o__Mycobacteriales|f__Mycobacteriaceae","Residuals",NA,NA,NA,NA,NA
"866","lm formula for season+site","k__Bacteria|p__Actinomycetota|c__Actinobacteria|o__Mycobacteriales|f__Mycobacteriaceae","(Intercept)",NA,0.0335095186707775,0.0149831734060402,0.0363009839947026,"*"
"867","lm formula for season+site","k__Bacteria|p__Actinomycetota|c__Actinobacteria|o__Mycobacteriales|f__Mycobacteriaceae","seasonSeptember",NA,0.0189956340130632,0.0173010783985843,0.284658354125018,"ns"
"868","lm formula for season+site","k__Bacteria|p__Actinomycetota|c__Actinobacteria|o__Mycobacteriales|f__Mycobacteriaceae","siteEsteroZacatecas",NA,-0.00826075691149305,0.0173010783985843,0.637958996761156,"ns"
"869","lm formula for season+site","k__Bacteria|p__Planctomycetota|c__Planctomycetes|o__Planctomycetales|f__Gimesiaceae","Model","R2: 0.628532862105607; adjusted R2: 0.593155039448998",NA,NA,NA,NA
"870","lm formula for season+site","k__Bacteria|p__Planctomycetota|c__Planctomycetes|o__Planctomycetales|f__Gimesiaceae","season",NA,NA,NA,3.29840052834468e-05,"***"
"871","lm formula for season+site","k__Bacteria|p__Planctomycetota|c__Planctomycetes|o__Planctomycetales|f__Gimesiaceae","site",NA,NA,NA,0.0103581766390933,"*"
"872","lm formula for season+site","k__Bacteria|p__Planctomycetota|c__Planctomycetes|o__Planctomycetales|f__Gimesiaceae","Residuals",NA,NA,NA,NA,NA
"873","lm formula for season+site","k__Bacteria|p__Planctomycetota|c__Planctomycetes|o__Planctomycetales|f__Gimesiaceae","(Intercept)",NA,0.0803789404452729,0.00882273043910686,9.64772319677651e-09,"***"
"874","lm formula for season+site","k__Bacteria|p__Planctomycetota|c__Planctomycetes|o__Planctomycetales|f__Gimesiaceae","seasonSeptember",NA,-0.0535256097835973,0.0101876115880117,3.29840052834469e-05,"***"
"875","lm formula for season+site","k__Bacteria|p__Planctomycetota|c__Planctomycetes|o__Planctomycetales|f__Gimesiaceae","siteEsteroZacatecas",NA,-0.028685282919652,0.0101876115880117,0.0103581766390933,"*"
"876","lm formula for season+site","k__Bacteria|p__Pseudomonadota|c__Gammaproteobacteria|o__Enterobacterales|f__Pseudoalteromonadaceae","Model","R2: 0.429691223381519; adjusted R2: 0.375376101798806",NA,NA,NA,NA
"877","lm formula for season+site","k__Bacteria|p__Pseudomonadota|c__Gammaproteobacteria|o__Enterobacterales|f__Pseudoalteromonadaceae","season",NA,NA,NA,0.245866714476515,"ns"
"878","lm formula for season+site","k__Bacteria|p__Pseudomonadota|c__Gammaproteobacteria|o__Enterobacterales|f__Pseudoalteromonadaceae","site",NA,NA,NA,0.00106119887297633,"**"
"879","lm formula for season+site","k__Bacteria|p__Pseudomonadota|c__Gammaproteobacteria|o__Enterobacterales|f__Pseudoalteromonadaceae","Residuals",NA,NA,NA,NA,NA
"880","lm formula for season+site","k__Bacteria|p__Pseudomonadota|c__Gammaproteobacteria|o__Enterobacterales|f__Pseudoalteromonadaceae","(Intercept)",NA,0.020398344492145,0.0110247194852933,0.0784008804146296,"ns"
"881","lm formula for season+site","k__Bacteria|p__Pseudomonadota|c__Gammaproteobacteria|o__Enterobacterales|f__Pseudoalteromonadaceae","seasonSeptember",NA,-0.0151974161294979,0.0127302495251484,0.245866714476515,"ns"
"882","lm formula for season+site","k__Bacteria|p__Pseudomonadota|c__Gammaproteobacteria|o__Enterobacterales|f__Pseudoalteromonadaceae","siteEsteroZacatecas",NA,0.0483028537725527,0.0127302495251484,0.00106119887297633,"**"
"883","lm formula for season+site","k__Bacteria|p__Pseudomonadota|c__Gammaproteobacteria|o__Pseudomonadales|f__Marinomonadaceae","Model","R2: 0.128929210623092; adjusted R2: 0.0459700878252911",NA,NA,NA,NA
"884","lm formula for season+site","k__Bacteria|p__Pseudomonadota|c__Gammaproteobacteria|o__Pseudomonadales|f__Marinomonadaceae","season",NA,NA,NA,0.210957451889138,"ns"
"885","lm formula for season+site","k__Bacteria|p__Pseudomonadota|c__Gammaproteobacteria|o__Pseudomonadales|f__Marinomonadaceae","site",NA,NA,NA,0.242986824990229,"ns"
"886","lm formula for season+site","k__Bacteria|p__Pseudomonadota|c__Gammaproteobacteria|o__Pseudomonadales|f__Marinomonadaceae","Residuals",NA,NA,NA,NA,NA
"887","lm formula for season+site","k__Bacteria|p__Pseudomonadota|c__Gammaproteobacteria|o__Pseudomonadales|f__Marinomonadaceae","(Intercept)",NA,0.0383465720198156,0.0130518354921188,0.00785685245477395,"**"
"888","lm formula for season+site","k__Bacteria|p__Pseudomonadota|c__Gammaproteobacteria|o__Pseudomonadales|f__Marinomonadaceae","seasonSeptember",NA,-0.0194467835223066,0.015070961469587,0.210957451889138,"ns"
"889","lm formula for season+site","k__Bacteria|p__Pseudomonadota|c__Gammaproteobacteria|o__Pseudomonadales|f__Marinomonadaceae","siteEsteroZacatecas",NA,0.0181056202498044,0.015070961469587,0.242986824990229,"ns"
"890","lm formula for season+site","k__Bacteria|p__Pseudomonadota|c__Gammaproteobacteria|o__Pseudomonadales|f__Spongiibacteraceae","Model","R2: 0.392588420953755; adjusted R2: 0.334739699139827",NA,NA,NA,NA
"891","lm formula for season+site","k__Bacteria|p__Pseudomonadota|c__Gammaproteobacteria|o__Pseudomonadales|f__Spongiibacteraceae","season",NA,NA,NA,0.578816030653964,"ns"
"892","lm formula for season+site","k__Bacteria|p__Pseudomonadota|c__Gammaproteobacteria|o__Pseudomonadales|f__Spongiibacteraceae","site",NA,NA,NA,0.0015286485895012,"**"
"893","lm formula for season+site","k__Bacteria|p__Pseudomonadota|c__Gammaproteobacteria|o__Pseudomonadales|f__Spongiibacteraceae","Residuals",NA,NA,NA,NA,NA
"894","lm formula for season+site","k__Bacteria|p__Pseudomonadota|c__Gammaproteobacteria|o__Pseudomonadales|f__Spongiibacteraceae","(Intercept)",NA,0.0516722496208928,0.00837187642483923,4.00978449998748e-06,"***"
"895","lm formula for season+site","k__Bacteria|p__Pseudomonadota|c__Gammaproteobacteria|o__Pseudomonadales|f__Spongiibacteraceae","seasonSeptember",NA,0.0054509259129619,0.00966701021500642,0.578816030653964,"ns"
"896","lm formula for season+site","k__Bacteria|p__Pseudomonadota|c__Gammaproteobacteria|o__Pseudomonadales|f__Spongiibacteraceae","siteEsteroZacatecas",NA,-0.0351950674000683,0.00966701021500642,0.0015286485895012,"**"
"897","lm formula for season+site","k__Bacteria|p__Planctomycetota|c__Planctomycetes|o__Planctomycetales|f__Rubinisphaeraceae","Model","R2: 0.388114739972683; adjusted R2: 0.329839953303415",NA,NA,NA,NA
"898","lm formula for season+site","k__Bacteria|p__Planctomycetota|c__Planctomycetes|o__Planctomycetales|f__Rubinisphaeraceae","season",NA,NA,NA,0.00346288170014807,"**"
"899","lm formula for season+site","k__Bacteria|p__Planctomycetota|c__Planctomycetes|o__Planctomycetales|f__Rubinisphaeraceae","site",NA,NA,NA,0.130706367681386,"ns"
"900","lm formula for season+site","k__Bacteria|p__Planctomycetota|c__Planctomycetes|o__Planctomycetales|f__Rubinisphaeraceae","Residuals",NA,NA,NA,NA,NA
"901","lm formula for season+site","k__Bacteria|p__Planctomycetota|c__Planctomycetes|o__Planctomycetales|f__Rubinisphaeraceae","(Intercept)",NA,0.0601600423680086,0.00823045485451208,3.39285829094316e-07,"***"
"902","lm formula for season+site","k__Bacteria|p__Planctomycetota|c__Planctomycetes|o__Planctomycetales|f__Rubinisphaeraceae","seasonSeptember",NA,-0.0312993914599734,0.00950371065161123,0.00346288170014807,"**"
"903","lm formula for season+site","k__Bacteria|p__Planctomycetota|c__Planctomycetes|o__Planctomycetales|f__Rubinisphaeraceae","siteEsteroZacatecas",NA,-0.0149476358272691,0.00950371065161123,0.130706367681386,"ns"
"904","lm formula for season+site","k__Bacteria|p__Verrucomicrobiota|c__Verrucomicrobiia|o__Verrucomicrobiales|f__DEV007","Model","R2: 0.67799733972474; adjusted R2: 0.647330419698524",NA,NA,NA,NA
"905","lm formula for season+site","k__Bacteria|p__Verrucomicrobiota|c__Verrucomicrobiia|o__Verrucomicrobiales|f__DEV007","season",NA,NA,NA,4.72554048654987e-05,"***"
"906","lm formula for season+site","k__Bacteria|p__Verrucomicrobiota|c__Verrucomicrobiia|o__Verrucomicrobiales|f__DEV007","site",NA,NA,NA,0.000343997529844255,"***"
"907","lm formula for season+site","k__Bacteria|p__Verrucomicrobiota|c__Verrucomicrobiia|o__Verrucomicrobiales|f__DEV007","Residuals",NA,NA,NA,NA,NA
"908","lm formula for season+site","k__Bacteria|p__Verrucomicrobiota|c__Verrucomicrobiia|o__Verrucomicrobiales|f__DEV007","(Intercept)",NA,0.0368335986519093,0.00628884078718306,8.18051510307756e-06,"***"
"909","lm formula for season+site","k__Bacteria|p__Verrucomicrobiota|c__Verrucomicrobiia|o__Verrucomicrobiales|f__DEV007","seasonSeptember",NA,-0.0370409032977918,0.00726172784274168,4.72554048654987e-05,"***"
"910","lm formula for season+site","k__Bacteria|p__Verrucomicrobiota|c__Verrucomicrobiia|o__Verrucomicrobiales|f__DEV007","siteEsteroZacatecas",NA,0.0309781392982516,0.00726172784274168,0.000343997529844255,"***"
"911","lm formula for season+site","k__Bacteria|p__Bacteroidota|c__Bacteroidia|o__Bacteroidales|f__Bacteroidetes_BD2-2","Model","R2: 0.576590419419721; adjusted R2: 0.536265697459694",NA,NA,NA,NA
"912","lm formula for season+site","k__Bacteria|p__Bacteroidota|c__Bacteroidia|o__Bacteroidales|f__Bacteroidetes_BD2-2","season",NA,NA,NA,0.000227144952094811,"***"
"913","lm formula for season+site","k__Bacteria|p__Bacteroidota|c__Bacteroidia|o__Bacteroidales|f__Bacteroidetes_BD2-2","site",NA,NA,NA,0.00712093487812552,"**"
"914","lm formula for season+site","k__Bacteria|p__Bacteroidota|c__Bacteroidia|o__Bacteroidales|f__Bacteroidetes_BD2-2","Residuals",NA,NA,NA,NA,NA
"915","lm formula for season+site","k__Bacteria|p__Bacteroidota|c__Bacteroidia|o__Bacteroidales|f__Bacteroidetes_BD2-2","(Intercept)",NA,0.0638024162393292,0.00748904739674584,2.96057647154999e-08,"***"
"916","lm formula for season+site","k__Bacteria|p__Bacteroidota|c__Bacteroidia|o__Bacteroidales|f__Bacteroidetes_BD2-2","seasonSeptember",NA,-0.0383916419185303,0.00864760706097016,0.000227144952094811,"***"
"917","lm formula for season+site","k__Bacteria|p__Bacteroidota|c__Bacteroidia|o__Bacteroidales|f__Bacteroidetes_BD2-2","siteEsteroZacatecas",NA,-0.0257803133043217,0.00864760706097016,0.00712093487812552,"**"
"918","lm formula for season+site","k__Bacteria|p__Pseudomonadota|c__Alphaproteobacteria|o__Hyphomicrobiales|f__Devosiaceae","Model","R2: 0.561144168685985; adjusted R2: 0.519348375227508",NA,NA,NA,NA
"919","lm formula for season+site","k__Bacteria|p__Pseudomonadota|c__Alphaproteobacteria|o__Hyphomicrobiales|f__Devosiaceae","season",NA,NA,NA,0.220165165499341,"ns"
"920","lm formula for season+site","k__Bacteria|p__Pseudomonadota|c__Alphaproteobacteria|o__Hyphomicrobiales|f__Devosiaceae","site",NA,NA,NA,5.64501657889362e-05,"***"
"921","lm formula for season+site","k__Bacteria|p__Pseudomonadota|c__Alphaproteobacteria|o__Hyphomicrobiales|f__Devosiaceae","Residuals",NA,NA,NA,NA,NA
"922","lm formula for season+site","k__Bacteria|p__Pseudomonadota|c__Alphaproteobacteria|o__Hyphomicrobiales|f__Devosiaceae","(Intercept)",NA,0.0494911100879318,0.00561256848548027,1.67115245313357e-08,"***"
"923","lm formula for season+site","k__Bacteria|p__Pseudomonadota|c__Alphaproteobacteria|o__Hyphomicrobiales|f__Devosiaceae","seasonSeptember",NA,0.00819022593844942,0.00648083585187449,0.220165165499341,"ns"
"924","lm formula for season+site","k__Bacteria|p__Pseudomonadota|c__Alphaproteobacteria|o__Hyphomicrobiales|f__Devosiaceae","siteEsteroZacatecas",NA,-0.0325687725838526,0.00648083585187449,5.64501657889362e-05,"***"
"925","lm formula for season+site","k__Bacteria|p__Verrucomicrobiota|c__Verrucomicrobiia|o__Opitutales|f__Puniceicoccaceae","Model","R2: 0.433376931899477; adjusted R2: 0.379412830175617",NA,NA,NA,NA
"926","lm formula for season+site","k__Bacteria|p__Verrucomicrobiota|c__Verrucomicrobiia|o__Opitutales|f__Puniceicoccaceae","season",NA,NA,NA,0.000733102233006845,"***"
"927","lm formula for season+site","k__Bacteria|p__Verrucomicrobiota|c__Verrucomicrobiia|o__Opitutales|f__Puniceicoccaceae","site",NA,NA,NA,0.503398628295538,"ns"
"928","lm formula for season+site","k__Bacteria|p__Verrucomicrobiota|c__Verrucomicrobiia|o__Opitutales|f__Puniceicoccaceae","Residuals",NA,NA,NA,NA,NA
"929","lm formula for season+site","k__Bacteria|p__Verrucomicrobiota|c__Verrucomicrobiia|o__Opitutales|f__Puniceicoccaceae","(Intercept)",NA,0.0544968061013938,0.00783496975578569,7.18465318150451e-07,"***"
"930","lm formula for season+site","k__Bacteria|p__Verrucomicrobiota|c__Verrucomicrobiia|o__Opitutales|f__Puniceicoccaceae","seasonSeptember",NA,-0.0357307880472467,0.00904704379519089,0.000733102233006847,"***"
"931","lm formula for season+site","k__Bacteria|p__Verrucomicrobiota|c__Verrucomicrobiia|o__Opitutales|f__Puniceicoccaceae","siteEsteroZacatecas",NA,-0.00615977645445361,0.00904704379519089,0.503398628295538,"ns"
"932","lm formula for season+site","k__Bacteria|p__Pseudomonadota|c__Alphaproteobacteria|o__Hyphomicrobiales|f__Rhodomicrobiaceae","Model","R2: 0.124250158324637; adjusted R2: 0.0408454114984116",NA,NA,NA,NA
"933","lm formula for season+site","k__Bacteria|p__Pseudomonadota|c__Alphaproteobacteria|o__Hyphomicrobiales|f__Rhodomicrobiaceae","season",NA,NA,NA,0.221369901412495,"ns"
"934","lm formula for season+site","k__Bacteria|p__Pseudomonadota|c__Alphaproteobacteria|o__Hyphomicrobiales|f__Rhodomicrobiaceae","site",NA,NA,NA,0.251429417881693,"ns"
"935","lm formula for season+site","k__Bacteria|p__Pseudomonadota|c__Alphaproteobacteria|o__Hyphomicrobiales|f__Rhodomicrobiaceae","Residuals",NA,NA,NA,NA,NA
"936","lm formula for season+site","k__Bacteria|p__Pseudomonadota|c__Alphaproteobacteria|o__Hyphomicrobiales|f__Rhodomicrobiaceae","(Intercept)",NA,0.0473639622729018,0.00924829699665185,4.50266321899181e-05,"***"
"937","lm formula for season+site","k__Bacteria|p__Pseudomonadota|c__Alphaproteobacteria|o__Hyphomicrobiales|f__Rhodomicrobiaceae","seasonSeptember",NA,-0.0134592506674361,0.0106790135211251,0.221369901412495,"ns"
"938","lm formula for season+site","k__Bacteria|p__Pseudomonadota|c__Alphaproteobacteria|o__Hyphomicrobiales|f__Rhodomicrobiaceae","siteEsteroZacatecas",NA,-0.0125948033439861,0.0106790135211251,0.251429417881693,"ns"
"939","lm formula for season+site","k__Bacteria|p__Pseudomonadota|c__Gammaproteobacteria|o__Pseudomonadales|f__Pseudohongiellaceae","Model","R2: 0.344129728120178; adjusted R2: 0.281665892703052",NA,NA,NA,NA
"940","lm formula for season+site","k__Bacteria|p__Pseudomonadota|c__Gammaproteobacteria|o__Pseudomonadales|f__Pseudohongiellaceae","season",NA,NA,NA,0.0087631620298368,"**"
"941","lm formula for season+site","k__Bacteria|p__Pseudomonadota|c__Gammaproteobacteria|o__Pseudomonadales|f__Pseudohongiellaceae","site",NA,NA,NA,0.117346312122336,"ns"
"942","lm formula for season+site","k__Bacteria|p__Pseudomonadota|c__Gammaproteobacteria|o__Pseudomonadales|f__Pseudohongiellaceae","Residuals",NA,NA,NA,NA,NA
"943","lm formula for season+site","k__Bacteria|p__Pseudomonadota|c__Gammaproteobacteria|o__Pseudomonadales|f__Pseudohongiellaceae","(Intercept)",NA,0.0550215142759798,0.00796642591961463,7.98018918085732e-07,"***"
"944","lm formula for season+site","k__Bacteria|p__Pseudomonadota|c__Gammaproteobacteria|o__Pseudomonadales|f__Pseudohongiellaceae","seasonSeptember",NA,-0.0265835417832875,0.00919883629833744,0.00876316202983678,"**"
"945","lm formula for season+site","k__Bacteria|p__Pseudomonadota|c__Gammaproteobacteria|o__Pseudomonadales|f__Pseudohongiellaceae","siteEsteroZacatecas",NA,-0.0150228997007497,0.00919883629833744,0.117346312122336,"ns"
"946","lm formula for season+site","k__Bacteria|p__Gemmatimonadota|c__Longimicrobiia|o__Longimicrobiales|f__Longimicrobiaceae","Model","R2: 0.126683110866081; adjusted R2: 0.0435100738057075",NA,NA,NA,NA
"947","lm formula for season+site","k__Bacteria|p__Gemmatimonadota|c__Longimicrobiia|o__Longimicrobiales|f__Longimicrobiaceae","season",NA,NA,NA,0.108422249203615,"ns"
"948","lm formula for season+site","k__Bacteria|p__Gemmatimonadota|c__Longimicrobiia|o__Longimicrobiales|f__Longimicrobiaceae","site",NA,NA,NA,0.6329520802428,"ns"
"949","lm formula for season+site","k__Bacteria|p__Gemmatimonadota|c__Longimicrobiia|o__Longimicrobiales|f__Longimicrobiaceae","Residuals",NA,NA,NA,NA,NA
"950","lm formula for season+site","k__Bacteria|p__Gemmatimonadota|c__Longimicrobiia|o__Longimicrobiales|f__Longimicrobiaceae","(Intercept)",NA,0.030247169223982,0.00790243378413787,0.000980421210887036,"***"
"951","lm formula for season+site","k__Bacteria|p__Gemmatimonadota|c__Longimicrobiia|o__Longimicrobiales|f__Longimicrobiaceae","seasonSeptember",NA,0.0152999596749666,0.00912494454505039,0.108422249203615,"ns"
"952","lm formula for season+site","k__Bacteria|p__Gemmatimonadota|c__Longimicrobiia|o__Longimicrobiales|f__Longimicrobiaceae","siteEsteroZacatecas",NA,-0.0044222640270331,0.00912494454505039,0.6329520802428,"ns"
"953","lm formula for season+site","k__Bacteria|p__Bacteroidota|c__Bacteroidia|o__Flavobacteriales|f__Cryomorphaceae","Model","R2: 0.585804513062519; adjusted R2: 0.546357323830378",NA,NA,NA,NA
"954","lm formula for season+site","k__Bacteria|p__Bacteroidota|c__Bacteroidia|o__Flavobacteriales|f__Cryomorphaceae","season",NA,NA,NA,0.157804519441529,"ns"
"955","lm formula for season+site","k__Bacteria|p__Bacteroidota|c__Bacteroidia|o__Flavobacteriales|f__Cryomorphaceae","site",NA,NA,NA,3.33474963164681e-05,"***"
"956","lm formula for season+site","k__Bacteria|p__Bacteroidota|c__Bacteroidia|o__Flavobacteriales|f__Cryomorphaceae","Residuals",NA,NA,NA,NA,NA
"957","lm formula for season+site","k__Bacteria|p__Bacteroidota|c__Bacteroidia|o__Flavobacteriales|f__Cryomorphaceae","(Intercept)",NA,0.0188571047898255,0.00633012638835344,0.00715777361269949,"**"
"958","lm formula for season+site","k__Bacteria|p__Bacteroidota|c__Bacteroidia|o__Flavobacteriales|f__Cryomorphaceae","seasonSeptember",NA,-0.0107063382342995,0.00730940034864043,0.157804519441529,"ns"
"959","lm formula for season+site","k__Bacteria|p__Bacteroidota|c__Bacteroidia|o__Flavobacteriales|f__Cryomorphaceae","siteEsteroZacatecas",NA,0.0383693025653477,0.00730940034864043,3.33474963164682e-05,"***"
"960","lm formula for season+site","k__Bacteria|p__Balneolota|c__Balneolia|o__Balneolales|f__Balneolaceae","Model","R2: 0.40304950866601; adjusted R2: 0.346197080919916",NA,NA,NA,NA
"961","lm formula for season+site","k__Bacteria|p__Balneolota|c__Balneolia|o__Balneolales|f__Balneolaceae","season",NA,NA,NA,0.377008096774746,"ns"
"962","lm formula for season+site","k__Bacteria|p__Balneolota|c__Balneolia|o__Balneolales|f__Balneolaceae","site",NA,NA,NA,0.00147532643127009,"**"
"963","lm formula for season+site","k__Bacteria|p__Balneolota|c__Balneolia|o__Balneolales|f__Balneolaceae","Residuals",NA,NA,NA,NA,NA
"964","lm formula for season+site","k__Bacteria|p__Balneolota|c__Balneolia|o__Balneolales|f__Balneolaceae","(Intercept)",NA,0.0515607458888427,0.00660431951505401,1.21512986259796e-07,"***"
"965","lm formula for season+site","k__Bacteria|p__Balneolota|c__Balneolia|o__Balneolales|f__Balneolaceae","seasonSeptember",NA,-0.00688275412259175,0.00762601129966146,0.377008096774746,"ns"
"966","lm formula for season+site","k__Bacteria|p__Balneolota|c__Balneolia|o__Balneolales|f__Balneolaceae","siteEsteroZacatecas",NA,-0.0278784950183239,0.00762601129966146,0.00147532643127009,"**"
"967","lm formula for season+site","k__Bacteria|p__Actinomycetota|c__Actinobacteria|o__Frankiales|f__Sporichthyaceae","Model","R2: 0.536548799442269; adjusted R2: 0.492410589865342",NA,NA,NA,NA
"968","lm formula for season+site","k__Bacteria|p__Actinomycetota|c__Actinobacteria|o__Frankiales|f__Sporichthyaceae","season",NA,NA,NA,9.97598201387226e-05,"***"
"969","lm formula for season+site","k__Bacteria|p__Actinomycetota|c__Actinobacteria|o__Frankiales|f__Sporichthyaceae","site",NA,NA,NA,0.24717366395145,"ns"
"970","lm formula for season+site","k__Bacteria|p__Actinomycetota|c__Actinobacteria|o__Frankiales|f__Sporichthyaceae","Residuals",NA,NA,NA,NA,NA
"971","lm formula for season+site","k__Bacteria|p__Actinomycetota|c__Actinobacteria|o__Frankiales|f__Sporichthyaceae","(Intercept)",NA,0.00585561785266463,0.00852003773981893,0.499429378078559,"ns"
"972","lm formula for season+site","k__Bacteria|p__Actinomycetota|c__Actinobacteria|o__Frankiales|f__Sporichthyaceae","seasonSeptember",NA,0.0470741853693069,0.00983809216518046,9.97598201387225e-05,"***"
"973","lm formula for season+site","k__Bacteria|p__Actinomycetota|c__Actinobacteria|o__Frankiales|f__Sporichthyaceae","siteEsteroZacatecas",NA,-0.0117112357053292,0.00983809216518046,0.24717366395145,"ns"
"974","lm formula for season+site","k__Bacteria|p__Pseudomonadota|c__Gammaproteobacteria|o__Pseudomonadales|f__Alcanivoracaceae","Model","R2: 0.19424911589113; adjusted R2: 0.117510936452189",NA,NA,NA,NA
"975","lm formula for season+site","k__Bacteria|p__Pseudomonadota|c__Gammaproteobacteria|o__Pseudomonadales|f__Alcanivoracaceae","season",NA,NA,NA,0.55185998618247,"ns"
"976","lm formula for season+site","k__Bacteria|p__Pseudomonadota|c__Gammaproteobacteria|o__Pseudomonadales|f__Alcanivoracaceae","site",NA,NA,NA,0.04185946365164,"*"
"977","lm formula for season+site","k__Bacteria|p__Pseudomonadota|c__Gammaproteobacteria|o__Pseudomonadales|f__Alcanivoracaceae","Residuals",NA,NA,NA,NA,NA
"978","lm formula for season+site","k__Bacteria|p__Pseudomonadota|c__Gammaproteobacteria|o__Pseudomonadales|f__Alcanivoracaceae","(Intercept)",NA,0.043200287291097,0.00928293395810877,0.000136277876560006,"***"
"979","lm formula for season+site","k__Bacteria|p__Pseudomonadota|c__Gammaproteobacteria|o__Pseudomonadales|f__Alcanivoracaceae","seasonSeptember",NA,-0.00648173255933911,0.0107190088391672,0.55185998618247,"ns"
"980","lm formula for season+site","k__Bacteria|p__Pseudomonadota|c__Gammaproteobacteria|o__Pseudomonadales|f__Alcanivoracaceae","siteEsteroZacatecas",NA,-0.0232308143271435,0.0107190088391672,0.04185946365164,"*"
"981","lm formula for season+site","k__Bacteria|p__Actinomycetota|c__Acidimicrobiia|o__Microtrichales|f__Iamiaceae","Model","R2: 0.542973456215171; adjusted R2: 0.499447118711854",NA,NA,NA,NA
"982","lm formula for season+site","k__Bacteria|p__Actinomycetota|c__Acidimicrobiia|o__Microtrichales|f__Iamiaceae","season",NA,NA,NA,9.66555671888036e-05,"***"
"983","lm formula for season+site","k__Bacteria|p__Actinomycetota|c__Acidimicrobiia|o__Microtrichales|f__Iamiaceae","site",NA,NA,NA,0.179699134146893,"ns"
"984","lm formula for season+site","k__Bacteria|p__Actinomycetota|c__Acidimicrobiia|o__Microtrichales|f__Iamiaceae","Residuals",NA,NA,NA,NA,NA
"985","lm formula for season+site","k__Bacteria|p__Actinomycetota|c__Acidimicrobiia|o__Microtrichales|f__Iamiaceae","(Intercept)",NA,0.0190038175313589,0.00615918451819336,0.00560786006364936,"**"
"986","lm formula for season+site","k__Bacteria|p__Actinomycetota|c__Acidimicrobiia|o__Microtrichales|f__Iamiaceae","seasonSeptember",NA,0.0341248817982359,0.00711201367913502,9.66555671888036e-05,"***"
"987","lm formula for season+site","k__Bacteria|p__Actinomycetota|c__Acidimicrobiia|o__Microtrichales|f__Iamiaceae","siteEsteroZacatecas",NA,-0.00987121852048421,0.00711201367913502,0.179699134146893,"ns"
"988","lm formula for season+site","k__Bacteria|p__Actinomycetota|c__Actinobacteria|o__Frankiales|f__Geodermatophilaceae","Model","R2: 0.710197706987914; adjusted R2: 0.68259748860581",NA,NA,NA,NA
"989","lm formula for season+site","k__Bacteria|p__Actinomycetota|c__Actinobacteria|o__Frankiales|f__Geodermatophilaceae","season",NA,NA,NA,9.07443505117976e-06,"***"
"990","lm formula for season+site","k__Bacteria|p__Actinomycetota|c__Actinobacteria|o__Frankiales|f__Geodermatophilaceae","site",NA,NA,NA,0.000397190558844358,"***"
"991","lm formula for season+site","k__Bacteria|p__Actinomycetota|c__Actinobacteria|o__Frankiales|f__Geodermatophilaceae","Residuals",NA,NA,NA,NA,NA
"992","lm formula for season+site","k__Bacteria|p__Actinomycetota|c__Actinobacteria|o__Frankiales|f__Geodermatophilaceae","(Intercept)",NA,0.027319413720584,0.00395736634971817,8.03601870920792e-07,"***"
"993","lm formula for season+site","k__Bacteria|p__Actinomycetota|c__Actinobacteria|o__Frankiales|f__Geodermatophilaceae","seasonSeptember",NA,0.0265563323695224,0.0045695730545835,9.07443505117976e-06,"***"
"994","lm formula for season+site","k__Bacteria|p__Actinomycetota|c__Actinobacteria|o__Frankiales|f__Geodermatophilaceae","siteEsteroZacatecas",NA,-0.019218846812956,0.0045695730545835,0.000397190558844358,"***"
"995","lm formula for season+site","k__Bacteria|p__Bacteroidota|c__Bacteroidia|o__Flavobacteriales|f__Blattabacteriaceae","Model","R2: 0.178732271591736; adjusted R2: 0.100516297457616",NA,NA,NA,NA
"996","lm formula for season+site","k__Bacteria|p__Bacteroidota|c__Bacteroidia|o__Flavobacteriales|f__Blattabacteriaceae","season",NA,NA,NA,0.145523893582994,"ns"
"997","lm formula for season+site","k__Bacteria|p__Bacteroidota|c__Bacteroidia|o__Flavobacteriales|f__Blattabacteriaceae","site",NA,NA,NA,0.145523893582994,"ns"
"998","lm formula for season+site","k__Bacteria|p__Bacteroidota|c__Bacteroidia|o__Flavobacteriales|f__Blattabacteriaceae","Residuals",NA,NA,NA,NA,NA
"999","lm formula for season+site","k__Bacteria|p__Bacteroidota|c__Bacteroidia|o__Flavobacteriales|f__Blattabacteriaceae","(Intercept)",NA,0.0104951273160305,0.0120252629178624,0.392666009927626,"ns"
"1000","lm formula for season+site","k__Bacteria|p__Bacteroidota|c__Bacteroidia|o__Flavobacteriales|f__Blattabacteriaceae","seasonSeptember",NA,0.0209902546320609,0.0138855775654077,0.145523893582994,"ns"
"1001","lm formula for season+site","k__Bacteria|p__Bacteroidota|c__Bacteroidia|o__Flavobacteriales|f__Blattabacteriaceae","siteEsteroZacatecas",NA,-0.0209902546320609,0.0138855775654077,0.145523893582994,"ns"
"1002","lm formula for season+site","k__Bacteria|p__Cyanobacteriota|c__Cyanobacteriia|o__Synechococcales|f__Cyanobiaceae","Model","R2: 0.708167121302057; adjusted R2: 0.680373513807014",NA,NA,NA,NA
"1003","lm formula for season+site","k__Bacteria|p__Cyanobacteriota|c__Cyanobacteriia|o__Synechococcales|f__Cyanobiaceae","season",NA,NA,NA,0.0290180687237492,"*"
"1004","lm formula for season+site","k__Bacteria|p__Cyanobacteriota|c__Cyanobacteriia|o__Synechococcales|f__Cyanobiaceae","site",NA,NA,NA,1.13691968444384e-06,"***"
"1005","lm formula for season+site","k__Bacteria|p__Cyanobacteriota|c__Cyanobacteriia|o__Synechococcales|f__Cyanobiaceae","Residuals",NA,NA,NA,NA,NA
"1006","lm formula for season+site","k__Bacteria|p__Cyanobacteriota|c__Cyanobacteriia|o__Synechococcales|f__Cyanobiaceae","(Intercept)",NA,0.00782529835052304,0.00578335957593367,0.190421046307008,"ns"
"1007","lm formula for season+site","k__Bacteria|p__Cyanobacteriota|c__Cyanobacteriia|o__Synechococcales|f__Cyanobiaceae","seasonSeptember",NA,-0.0156505967010461,0.00667804841597141,0.0290180687237492,"*"
"1008","lm formula for season+site","k__Bacteria|p__Cyanobacteriota|c__Cyanobacteriia|o__Synechococcales|f__Cyanobiaceae","siteEsteroZacatecas",NA,0.0450293561201789,0.00667804841597141,1.13691968444384e-06,"***"
"1009","lm formula for season+site","k__Bacteria|p__Pseudomonadota|c__Gammaproteobacteria|o__Salinisphaerales|f__Salinisphaeraceae","Model","R2: 0.775857113864219; adjusted R2: 0.754510172327478",NA,NA,NA,NA
"1010","lm formula for season+site","k__Bacteria|p__Pseudomonadota|c__Gammaproteobacteria|o__Salinisphaerales|f__Salinisphaeraceae","season",NA,NA,NA,1.48775522479828e-07,"***"
"1011","lm formula for season+site","k__Bacteria|p__Pseudomonadota|c__Gammaproteobacteria|o__Salinisphaerales|f__Salinisphaeraceae","site",NA,NA,NA,0.00151568016402353,"**"
"1012","lm formula for season+site","k__Bacteria|p__Pseudomonadota|c__Gammaproteobacteria|o__Salinisphaerales|f__Salinisphaeraceae","Residuals",NA,NA,NA,NA,NA
"1013","lm formula for season+site","k__Bacteria|p__Pseudomonadota|c__Gammaproteobacteria|o__Salinisphaerales|f__Salinisphaeraceae","(Intercept)",NA,0.0117931628557093,0.00480966710159087,0.023041884082043,"*"
"1014","lm formula for season+site","k__Bacteria|p__Pseudomonadota|c__Gammaproteobacteria|o__Salinisphaerales|f__Salinisphaeraceae","seasonSeptember",NA,0.0428066043126672,0.00555372519163196,1.48775522479828e-07,"***"
"1015","lm formula for season+site","k__Bacteria|p__Pseudomonadota|c__Gammaproteobacteria|o__Salinisphaerales|f__Salinisphaeraceae","siteEsteroZacatecas",NA,-0.0202396234717744,0.00555372519163196,0.00151568016402353,"**"
"1016","lm formula for season+site","k__Bacteria|p__Actinomycetota|c__Thermoleophilia|o__Solirubrobacterales|f__Solirubrobacteraceae","Model","R2: 0.346034537300336; adjusted R2: 0.28375211228132",NA,NA,NA,NA
"1017","lm formula for season+site","k__Bacteria|p__Actinomycetota|c__Thermoleophilia|o__Solirubrobacterales|f__Solirubrobacteraceae","season",NA,NA,NA,0.0489066690588107,"*"
"1018","lm formula for season+site","k__Bacteria|p__Actinomycetota|c__Thermoleophilia|o__Solirubrobacterales|f__Solirubrobacteraceae","site",NA,NA,NA,0.0168491275351668,"*"
"1019","lm formula for season+site","k__Bacteria|p__Actinomycetota|c__Thermoleophilia|o__Solirubrobacterales|f__Solirubrobacteraceae","Residuals",NA,NA,NA,NA,NA
"1020","lm formula for season+site","k__Bacteria|p__Actinomycetota|c__Thermoleophilia|o__Solirubrobacterales|f__Solirubrobacteraceae","(Intercept)",NA,-0.0117404511281597,0.00972689623332017,0.240849278139208,"ns"
"1021","lm formula for season+site","k__Bacteria|p__Actinomycetota|c__Thermoleophilia|o__Solirubrobacterales|f__Solirubrobacteraceae","seasonSeptember",NA,0.0234809022563193,0.0112316523173739,0.0489066690588107,"*"
"1022","lm formula for season+site","k__Bacteria|p__Actinomycetota|c__Thermoleophilia|o__Solirubrobacterales|f__Solirubrobacteraceae","siteEsteroZacatecas",NA,0.0291616079998559,0.0112316523173739,0.0168491275351668,"*"
"1023","lm formula for season+site","k__Bacteria|p__Cyanobacteriota|c__Cyanobacteriia|o__Cyanobacteriales|f__Phormidiaceae","Model","R2: 0.259505162005954; adjusted R2: 0.188981844101759",NA,NA,NA,NA
"1024","lm formula for season+site","k__Bacteria|p__Cyanobacteriota|c__Cyanobacteriia|o__Cyanobacteriales|f__Phormidiaceae","season",NA,NA,NA,0.156123868579829,"ns"
"1025","lm formula for season+site","k__Bacteria|p__Cyanobacteriota|c__Cyanobacteriia|o__Cyanobacteriales|f__Phormidiaceae","site",NA,NA,NA,0.033202153142497,"*"
"1026","lm formula for season+site","k__Bacteria|p__Cyanobacteriota|c__Cyanobacteriia|o__Cyanobacteriales|f__Phormidiaceae","Residuals",NA,NA,NA,NA,NA
"1027","lm formula for season+site","k__Bacteria|p__Cyanobacteriota|c__Cyanobacteriia|o__Cyanobacteriales|f__Phormidiaceae","(Intercept)",NA,0.00871757903424738,0.0102648019828373,0.405309552102483,"ns"
"1028","lm formula for season+site","k__Bacteria|p__Cyanobacteriota|c__Cyanobacteriia|o__Cyanobacteriales|f__Phormidiaceae","seasonSeptember",NA,-0.0174351580684948,0.0118527723759386,0.15612386857983,"ns"
"1029","lm formula for season+site","k__Bacteria|p__Cyanobacteriota|c__Cyanobacteriia|o__Cyanobacteriales|f__Phormidiaceae","siteEsteroZacatecas",NA,0.0270171472631909,0.0118527723759386,0.033202153142497,"*"
"1030","lm formula for season+site","k__Bacteria|p__Pseudomonadota|c__Gammaproteobacteria|o__Pseudomonadales|f__KI89A_clade","Model","R2: 0.242786360396077; adjusted R2: 0.170670775671894",NA,NA,NA,NA
"1031","lm formula for season+site","k__Bacteria|p__Pseudomonadota|c__Gammaproteobacteria|o__Pseudomonadales|f__KI89A_clade","season",NA,NA,NA,0.413724489661176,"ns"
"1032","lm formula for season+site","k__Bacteria|p__Pseudomonadota|c__Gammaproteobacteria|o__Pseudomonadales|f__KI89A_clade","site",NA,NA,NA,0.0227843139238296,"*"
"1033","lm formula for season+site","k__Bacteria|p__Pseudomonadota|c__Gammaproteobacteria|o__Pseudomonadales|f__KI89A_clade","Residuals",NA,NA,NA,NA,NA
"1034","lm formula for season+site","k__Bacteria|p__Pseudomonadota|c__Gammaproteobacteria|o__Pseudomonadales|f__KI89A_clade","(Intercept)",NA,0.0388669896117255,0.00762590032425395,4.77171129545613e-05,"***"
"1035","lm formula for season+site","k__Bacteria|p__Pseudomonadota|c__Gammaproteobacteria|o__Pseudomonadales|f__KI89A_clade","seasonSeptember",NA,-0.00734298621113392,0.00880563121004254,0.413724489661176,"ns"
"1036","lm formula for season+site","k__Bacteria|p__Pseudomonadota|c__Gammaproteobacteria|o__Pseudomonadales|f__KI89A_clade","siteEsteroZacatecas",NA,-0.0216372703738119,0.00880563121004254,0.0227843139238296,"*"
"1037","lm formula for season+site","k__Bacteria|p__Bacteroidota|c__Bacteroidia|o__Cytophagales|f__Flammeovirgaceae","Model","R2: 0.648204120826048; adjusted R2: 0.61469975138091",NA,NA,NA,NA
"1038","lm formula for season+site","k__Bacteria|p__Bacteroidota|c__Bacteroidia|o__Cytophagales|f__Flammeovirgaceae","season",NA,NA,NA,0.0018686999907131,"**"
"1039","lm formula for season+site","k__Bacteria|p__Bacteroidota|c__Bacteroidia|o__Cytophagales|f__Flammeovirgaceae","site",NA,NA,NA,4.69214799016938e-05,"***"
"1040","lm formula for season+site","k__Bacteria|p__Bacteroidota|c__Bacteroidia|o__Cytophagales|f__Flammeovirgaceae","Residuals",NA,NA,NA,NA,NA
"1041","lm formula for season+site","k__Bacteria|p__Bacteroidota|c__Bacteroidia|o__Cytophagales|f__Flammeovirgaceae","(Intercept)",NA,0.0129155054689245,0.00629104588888435,0.0527401247832325,"ns"
"1042","lm formula for season+site","k__Bacteria|p__Bacteroidota|c__Bacteroidia|o__Cytophagales|f__Flammeovirgaceae","seasonSeptember",NA,-0.0258310109378489,0.00726427407486334,0.0018686999907131,"**"
"1043","lm formula for season+site","k__Bacteria|p__Bacteroidota|c__Bacteroidia|o__Cytophagales|f__Flammeovirgaceae","siteEsteroZacatecas",NA,0.0370757778916036,0.00726427407486334,4.69214799016937e-05,"***"
"1044","lm formula for season+site","k__Bacteria|p__Bacillota|c__Bacilli|o__Bacillales|f__Bacillaceae","Model","R2: 0.18914551384157; adjusted R2: 0.111921277064577",NA,NA,NA,NA
"1045","lm formula for season+site","k__Bacteria|p__Bacillota|c__Bacilli|o__Bacillales|f__Bacillaceae","season",NA,NA,NA,0.25245475091521,"ns"
"1046","lm formula for season+site","k__Bacteria|p__Bacillota|c__Bacilli|o__Bacillales|f__Bacillaceae","site",NA,NA,NA,0.0748378721096838,"ns"
"1047","lm formula for season+site","k__Bacteria|p__Bacillota|c__Bacilli|o__Bacillales|f__Bacillaceae","Residuals",NA,NA,NA,NA,NA
"1048","lm formula for season+site","k__Bacteria|p__Bacillota|c__Bacilli|o__Bacillales|f__Bacillaceae","(Intercept)",NA,-0.00691406229233957,0.0101766046378486,0.504300160065726,"ns"
"1049","lm formula for season+site","k__Bacteria|p__Bacillota|c__Bacilli|o__Bacillales|f__Bacillaceae","seasonSeptember",NA,0.0138281245846791,0.0117509308541965,0.25245475091521,"ns"
"1050","lm formula for season+site","k__Bacteria|p__Bacillota|c__Bacilli|o__Bacillales|f__Bacillaceae","siteEsteroZacatecas",NA,0.0220273415655162,0.0117509308541965,0.0748378721096838,"ns"
"1051","lm formula for season+site","k__Bacteria|p__Pseudomonadota|c__Gammaproteobacteria|o__Pseudomonadales|f__Nitrincolaceae","Model","R2: 0.622628346254223; adjusted R2: 0.586688188754625",NA,NA,NA,NA
"1052","lm formula for season+site","k__Bacteria|p__Pseudomonadota|c__Gammaproteobacteria|o__Pseudomonadales|f__Nitrincolaceae","season",NA,NA,NA,0.960716566720026,"ns"
"1053","lm formula for season+site","k__Bacteria|p__Pseudomonadota|c__Gammaproteobacteria|o__Pseudomonadales|f__Nitrincolaceae","site",NA,NA,NA,7.65607400736348e-06,"***"
"1054","lm formula for season+site","k__Bacteria|p__Pseudomonadota|c__Gammaproteobacteria|o__Pseudomonadales|f__Nitrincolaceae","Residuals",NA,NA,NA,NA,NA
"1055","lm formula for season+site","k__Bacteria|p__Pseudomonadota|c__Gammaproteobacteria|o__Pseudomonadales|f__Nitrincolaceae","(Intercept)",NA,0.0396667521304865,0.00552440011305953,4.4530641978996e-07,"***"
"1056","lm formula for season+site","k__Bacteria|p__Pseudomonadota|c__Gammaproteobacteria|o__Pseudomonadales|f__Nitrincolaceae","seasonSeptember",NA,0.000317965834162046,0.00637902778477224,0.960716566720026,"ns"
"1057","lm formula for season+site","k__Bacteria|p__Pseudomonadota|c__Gammaproteobacteria|o__Pseudomonadales|f__Nitrincolaceae","siteEsteroZacatecas",NA,-0.0375472709026892,0.00637902778477224,7.65607400736348e-06,"***"
"1058","lm formula for season+site","k__Bacteria|p__Pseudomonadota|c__Gammaproteobacteria|o__Ectothiorhodospirales|f__Ectothiorhodospiraceae","Model","R2: 0.378319942213823; adjusted R2: 0.319112317662758",NA,NA,NA,NA
"1059","lm formula for season+site","k__Bacteria|p__Pseudomonadota|c__Gammaproteobacteria|o__Ectothiorhodospirales|f__Ectothiorhodospiraceae","season",NA,NA,NA,0.177176438866651,"ns"
"1060","lm formula for season+site","k__Bacteria|p__Pseudomonadota|c__Gammaproteobacteria|o__Ectothiorhodospirales|f__Ectothiorhodospiraceae","site",NA,NA,NA,0.0034837255184061,"**"
"1061","lm formula for season+site","k__Bacteria|p__Pseudomonadota|c__Gammaproteobacteria|o__Ectothiorhodospirales|f__Ectothiorhodospiraceae","Residuals",NA,NA,NA,NA,NA
"1062","lm formula for season+site","k__Bacteria|p__Pseudomonadota|c__Gammaproteobacteria|o__Ectothiorhodospirales|f__Ectothiorhodospiraceae","(Intercept)",NA,0.0378651716963388,0.00822061239941963,0.000152645370129903,"***"
"1063","lm formula for season+site","k__Bacteria|p__Pseudomonadota|c__Gammaproteobacteria|o__Ectothiorhodospirales|f__Ectothiorhodospiraceae","seasonSeptember",NA,-0.0132552387078965,0.009492345563417,0.177176438866651,"ns"
"1064","lm formula for season+site","k__Bacteria|p__Pseudomonadota|c__Gammaproteobacteria|o__Ectothiorhodospirales|f__Ectothiorhodospiraceae","siteEsteroZacatecas",NA,-0.0312375523423905,0.009492345563417,0.0034837255184061,"**"
"1065","lm formula for season+site","k__Bacteria|p__Cyanobacteriota|c__Cyanobacteriia|o__Cyanobacteriales|f__Nostocaceae|g__Rivularia_PCC-7116","Model","R2: 0.684606028556629; adjusted R2: 0.654568507466784",NA,NA,NA,NA
"1066","lm formula for season+site","k__Bacteria|p__Cyanobacteriota|c__Cyanobacteriia|o__Cyanobacteriales|f__Nostocaceae|g__Rivularia_PCC-7116","season",NA,NA,NA,0.590373001936783,"ns"
"1067","lm formula for season+site","k__Bacteria|p__Cyanobacteriota|c__Cyanobacteriia|o__Cyanobacteriales|f__Nostocaceae|g__Rivularia_PCC-7116","site",NA,NA,NA,1.17079060588974e-06,"***"
"1068","lm formula for season+site","k__Bacteria|p__Cyanobacteriota|c__Cyanobacteriia|o__Cyanobacteriales|f__Nostocaceae|g__Rivularia_PCC-7116","Residuals",NA,NA,NA,NA,NA
"1069","lm formula for season+site","k__Bacteria|p__Cyanobacteriota|c__Cyanobacteriia|o__Cyanobacteriales|f__Nostocaceae|g__Rivularia_PCC-7116","(Intercept)",NA,0.0104288910358137,0.033043038813536,0.755409661484427,"ns"
"1070","lm formula for season+site","k__Bacteria|p__Cyanobacteriota|c__Cyanobacteriia|o__Cyanobacteriales|f__Nostocaceae|g__Rivularia_PCC-7116","seasonSeptember",NA,-0.0208577820716274,0.0381548147076765,0.590373001936783,"ns"
"1071","lm formula for season+site","k__Bacteria|p__Cyanobacteriota|c__Cyanobacteriia|o__Cyanobacteriales|f__Nostocaceae|g__Rivularia_PCC-7116","siteEsteroZacatecas",NA,0.256758236350333,0.0381548147076765,1.17079060588975e-06,"***"
"1072","lm formula for season+site","k__Bacteria|p__Bacteroidota|c__Bacteroidia|o__Cytophagales|f__Cyclobacteriaceae|g__Tunicatimonas","Model","R2: 0.439143532681331; adjusted R2: 0.385728631031934",NA,NA,NA,NA
"1073","lm formula for season+site","k__Bacteria|p__Bacteroidota|c__Bacteroidia|o__Cytophagales|f__Cyclobacteriaceae|g__Tunicatimonas","season",NA,NA,NA,0.392270309806358,"ns"
"1074","lm formula for season+site","k__Bacteria|p__Bacteroidota|c__Bacteroidia|o__Cytophagales|f__Cyclobacteriaceae|g__Tunicatimonas","site",NA,NA,NA,0.000715256081206814,"***"
"1075","lm formula for season+site","k__Bacteria|p__Bacteroidota|c__Bacteroidia|o__Cytophagales|f__Cyclobacteriaceae|g__Tunicatimonas","Residuals",NA,NA,NA,NA,NA
"1076","lm formula for season+site","k__Bacteria|p__Bacteroidota|c__Bacteroidia|o__Cytophagales|f__Cyclobacteriaceae|g__Tunicatimonas","(Intercept)",NA,0.141296361851269,0.0152379938394078,7.14756627412939e-09,"***"
"1077","lm formula for season+site","k__Bacteria|p__Bacteroidota|c__Bacteroidia|o__Cytophagales|f__Cyclobacteriaceae|g__Tunicatimonas","seasonSeptember",NA,0.0153695030498581,0.0175953196901839,0.392270309806358,"ns"
"1078","lm formula for season+site","k__Bacteria|p__Bacteroidota|c__Bacteroidia|o__Cytophagales|f__Cyclobacteriaceae|g__Tunicatimonas","siteEsteroZacatecas",NA,0.0696733191153455,0.0175953196901839,0.000715256081206814,"***"
"1079","lm formula for season+site","k__Bacteria|p__Pseudomonadota|c__Alphaproteobacteria|o__Rhodobacterales|f__Paracoccaceae|g__Palleronia-Pseudomaribius","Model","R2: 0.755654798494559; adjusted R2: 0.732383826922612",NA,NA,NA,NA
"1080","lm formula for season+site","k__Bacteria|p__Pseudomonadota|c__Alphaproteobacteria|o__Rhodobacterales|f__Paracoccaceae|g__Palleronia-Pseudomaribius","season",NA,NA,NA,2.22587154530557e-07,"***"
"1081","lm formula for season+site","k__Bacteria|p__Pseudomonadota|c__Alphaproteobacteria|o__Rhodobacterales|f__Paracoccaceae|g__Palleronia-Pseudomaribius","site",NA,NA,NA,0.00821565464598546,"**"
"1082","lm formula for season+site","k__Bacteria|p__Pseudomonadota|c__Alphaproteobacteria|o__Rhodobacterales|f__Paracoccaceae|g__Palleronia-Pseudomaribius","Residuals",NA,NA,NA,NA,NA
"1083","lm formula for season+site","k__Bacteria|p__Pseudomonadota|c__Alphaproteobacteria|o__Rhodobacterales|f__Paracoccaceae|g__Palleronia-Pseudomaribius","(Intercept)",NA,0.101550782536798,0.0177545752463265,1.11997689915565e-05,"***"
"1084","lm formula for season+site","k__Bacteria|p__Pseudomonadota|c__Alphaproteobacteria|o__Rhodobacterales|f__Paracoccaceae|g__Palleronia-Pseudomaribius","seasonSeptember",NA,0.154001102633255,0.0205012175956281,2.22587154530557e-07,"***"
"1085","lm formula for season+site","k__Bacteria|p__Pseudomonadota|c__Alphaproteobacteria|o__Rhodobacterales|f__Paracoccaceae|g__Palleronia-Pseudomaribius","siteEsteroZacatecas",NA,-0.0598298562882198,0.0205012175956281,0.00821565464598546,"**"
"1086","lm formula for season+site","k__Bacteria|p__Actinomycetota|c__Acidimicrobiia|o__Microtrichales|f__Ilumatobacteraceae|g__Ilumatobacter","Model","R2: 0.0183198418275822; adjusted R2: -0.0751735065697912",NA,NA,NA,NA
"1087","lm formula for season+site","k__Bacteria|p__Actinomycetota|c__Acidimicrobiia|o__Microtrichales|f__Ilumatobacteraceae|g__Ilumatobacter","season",NA,NA,NA,0.590504462483689,"ns"
"1088","lm formula for season+site","k__Bacteria|p__Actinomycetota|c__Acidimicrobiia|o__Microtrichales|f__Ilumatobacteraceae|g__Ilumatobacter","site",NA,NA,NA,0.763067256855998,"ns"
"1089","lm formula for season+site","k__Bacteria|p__Actinomycetota|c__Acidimicrobiia|o__Microtrichales|f__Ilumatobacteraceae|g__Ilumatobacter","Residuals",NA,NA,NA,NA,NA
"1090","lm formula for season+site","k__Bacteria|p__Actinomycetota|c__Acidimicrobiia|o__Microtrichales|f__Ilumatobacteraceae|g__Ilumatobacter","(Intercept)",NA,0.163570937547315,0.0156479681547479,8.86641560839275e-10,"***"
"1091","lm formula for season+site","k__Bacteria|p__Actinomycetota|c__Acidimicrobiia|o__Microtrichales|f__Ilumatobacteraceae|g__Ilumatobacter","seasonSeptember",NA,-0.00987395953889201,0.0180687172528288,0.590504462483689,"ns"
"1092","lm formula for season+site","k__Bacteria|p__Actinomycetota|c__Acidimicrobiia|o__Microtrichales|f__Ilumatobacteraceae|g__Ilumatobacter","siteEsteroZacatecas",NA,0.00551820699422651,0.0180687172528288,0.763067256855998,"ns"
"1093","lm formula for season+site","k__Bacteria|p__Bacteroidota|c__Bacteroidia|o__Chitinophagales|f__Saprospiraceae|g__Lewinella","Model","R2: 0.0924924743966901; adjusted R2: 0.00606318624399393",NA,NA,NA,NA
"1094","lm formula for season+site","k__Bacteria|p__Bacteroidota|c__Bacteroidia|o__Chitinophagales|f__Saprospiraceae|g__Lewinella","season",NA,NA,NA,0.227404275253898,"ns"
"1095","lm formula for season+site","k__Bacteria|p__Bacteroidota|c__Bacteroidia|o__Chitinophagales|f__Saprospiraceae|g__Lewinella","site",NA,NA,NA,0.449412670756685,"ns"
"1096","lm formula for season+site","k__Bacteria|p__Bacteroidota|c__Bacteroidia|o__Chitinophagales|f__Saprospiraceae|g__Lewinella","Residuals",NA,NA,NA,NA,NA
"1097","lm formula for season+site","k__Bacteria|p__Bacteroidota|c__Bacteroidia|o__Chitinophagales|f__Saprospiraceae|g__Lewinella","(Intercept)",NA,0.122916131273132,0.0236748864467297,3.81568470766696e-05,"***"
"1098","lm formula for season+site","k__Bacteria|p__Bacteroidota|c__Bacteroidia|o__Chitinophagales|f__Saprospiraceae|g__Lewinella","seasonSeptember",NA,0.0339927701742579,0.0273374041261065,0.227404275253899,"ns"
"1099","lm formula for season+site","k__Bacteria|p__Bacteroidota|c__Bacteroidia|o__Chitinophagales|f__Saprospiraceae|g__Lewinella","siteEsteroZacatecas",NA,0.021071610917332,0.0273374041261065,0.449412670756685,"ns"
"1100","lm formula for season+site","k__Bacteria|p__Bacteroidota|c__Bacteroidia|o__Flavobacteriales|f__Flavobacteriaceae|g__Gramella","Model","R2: 0.265988495080732; adjusted R2: 0.196082637469373",NA,NA,NA,NA
"1101","lm formula for season+site","k__Bacteria|p__Bacteroidota|c__Bacteroidia|o__Flavobacteriales|f__Flavobacteriaceae|g__Gramella","season",NA,NA,NA,0.0337560101372856,"*"
"1102","lm formula for season+site","k__Bacteria|p__Bacteroidota|c__Bacteroidia|o__Flavobacteriales|f__Flavobacteriaceae|g__Gramella","site",NA,NA,NA,0.132442883712862,"ns"
"1103","lm formula for season+site","k__Bacteria|p__Bacteroidota|c__Bacteroidia|o__Flavobacteriales|f__Flavobacteriaceae|g__Gramella","Residuals",NA,NA,NA,NA,NA
"1104","lm formula for season+site","k__Bacteria|p__Bacteroidota|c__Bacteroidia|o__Flavobacteriales|f__Flavobacteriaceae|g__Gramella","(Intercept)",NA,0.14285291406186,0.0332520439777017,0.000320091612387062,"***"
"1105","lm formula for season+site","k__Bacteria|p__Bacteroidota|c__Bacteroidia|o__Flavobacteriales|f__Flavobacteriaceae|g__Gramella","seasonSeptember",NA,-0.0872153964144887,0.0383961530832627,0.0337560101372856,"*"
"1106","lm formula for season+site","k__Bacteria|p__Bacteroidota|c__Bacteroidia|o__Flavobacteriales|f__Flavobacteriaceae|g__Gramella","siteEsteroZacatecas",NA,0.0601039858790788,0.0383961530832627,0.132442883712862,"ns"
"1107","lm formula for season+site","k__Bacteria|p__Pseudomonadota|c__Alphaproteobacteria|o__Hyphomicrobiales|f__Rhizobiaceae|g__Fulvimarina","Model","R2: 0.854987894863198; adjusted R2: 0.841177218183503",NA,NA,NA,NA
"1108","lm formula for season+site","k__Bacteria|p__Pseudomonadota|c__Alphaproteobacteria|o__Hyphomicrobiales|f__Rhizobiaceae|g__Fulvimarina","season",NA,NA,NA,7.03026085563847e-07,"***"
"1109","lm formula for season+site","k__Bacteria|p__Pseudomonadota|c__Alphaproteobacteria|o__Hyphomicrobiales|f__Rhizobiaceae|g__Fulvimarina","site",NA,NA,NA,2.18500980268651e-08,"***"
"1110","lm formula for season+site","k__Bacteria|p__Pseudomonadota|c__Alphaproteobacteria|o__Hyphomicrobiales|f__Rhizobiaceae|g__Fulvimarina","Residuals",NA,NA,NA,NA,NA
"1111","lm formula for season+site","k__Bacteria|p__Pseudomonadota|c__Alphaproteobacteria|o__Hyphomicrobiales|f__Rhizobiaceae|g__Fulvimarina","(Intercept)",NA,0.140029327193709,0.0103666656678129,7.97105278684346e-12,"***"
"1112","lm formula for season+site","k__Bacteria|p__Pseudomonadota|c__Alphaproteobacteria|o__Hyphomicrobiales|f__Rhizobiaceae|g__Fulvimarina","seasonSeptember",NA,0.0833824425867654,0.0119703944278212,7.03026085563851e-07,"***"
"1113","lm formula for season+site","k__Bacteria|p__Pseudomonadota|c__Alphaproteobacteria|o__Hyphomicrobiales|f__Rhizobiaceae|g__Fulvimarina","siteEsteroZacatecas",NA,-0.103869789624337,0.0119703944278212,2.18500980268651e-08,"***"
"1114","lm formula for season+site","k__Bacteria|p__Pseudomonadota|c__Alphaproteobacteria|o__Sphingomonadales|f__Sphingomonadaceae|g__Sphingomicrobium","Model","R2: 0.20731167660999; adjusted R2: 0.131817550572846",NA,NA,NA,NA
"1115","lm formula for season+site","k__Bacteria|p__Pseudomonadota|c__Alphaproteobacteria|o__Sphingomonadales|f__Sphingomonadaceae|g__Sphingomicrobium","season",NA,NA,NA,0.0601458025898325,"ns"
"1116","lm formula for season+site","k__Bacteria|p__Pseudomonadota|c__Alphaproteobacteria|o__Sphingomonadales|f__Sphingomonadaceae|g__Sphingomicrobium","site",NA,NA,NA,0.227616147543156,"ns"
"1117","lm formula for season+site","k__Bacteria|p__Pseudomonadota|c__Alphaproteobacteria|o__Sphingomonadales|f__Sphingomonadaceae|g__Sphingomicrobium","Residuals",NA,NA,NA,NA,NA
"1118","lm formula for season+site","k__Bacteria|p__Pseudomonadota|c__Alphaproteobacteria|o__Sphingomonadales|f__Sphingomonadaceae|g__Sphingomicrobium","(Intercept)",NA,0.16898582478667,0.0205041116286469,5.09484665967026e-08,"***"
"1119","lm formula for season+site","k__Bacteria|p__Pseudomonadota|c__Alphaproteobacteria|o__Sphingomonadales|f__Sphingomonadaceae|g__Sphingomicrobium","seasonSeptember",NA,-0.0470399162610578,0.0236761087365868,0.0601458025898325,"ns"
"1120","lm formula for season+site","k__Bacteria|p__Pseudomonadota|c__Alphaproteobacteria|o__Sphingomonadales|f__Sphingomonadaceae|g__Sphingomicrobium","siteEsteroZacatecas",NA,-0.029426227734054,0.0236761087365868,0.227616147543156,"ns"
"1121","lm formula for season+site","k__Bacteria|p__Actinomycetota|c__Rubrobacteria|o__Rubrobacterales|f__Rubrobacteriaceae|g__Rubrobacter","Model","R2: 0.474168092404835; adjusted R2: 0.424088863110057",NA,NA,NA,NA
"1122","lm formula for season+site","k__Bacteria|p__Actinomycetota|c__Rubrobacteria|o__Rubrobacterales|f__Rubrobacteriaceae|g__Rubrobacter","season",NA,NA,NA,0.000371507734587244,"***"
"1123","lm formula for season+site","k__Bacteria|p__Actinomycetota|c__Rubrobacteria|o__Rubrobacterales|f__Rubrobacteriaceae|g__Rubrobacter","site",NA,NA,NA,0.325913593198494,"ns"
"1124","lm formula for season+site","k__Bacteria|p__Actinomycetota|c__Rubrobacteria|o__Rubrobacterales|f__Rubrobacteriaceae|g__Rubrobacter","Residuals",NA,NA,NA,NA,NA
"1125","lm formula for season+site","k__Bacteria|p__Actinomycetota|c__Rubrobacteria|o__Rubrobacterales|f__Rubrobacteriaceae|g__Rubrobacter","(Intercept)",NA,0.0431478568036713,0.0234159149522546,0.0795407535072827,"ns"
"1126","lm formula for season+site","k__Bacteria|p__Actinomycetota|c__Rubrobacteria|o__Rubrobacterales|f__Rubrobacteriaceae|g__Rubrobacter","seasonSeptember",NA,0.114474463406908,0.0270383696020112,0.000371507734587244,"***"
"1127","lm formula for season+site","k__Bacteria|p__Actinomycetota|c__Rubrobacteria|o__Rubrobacterales|f__Rubrobacteriaceae|g__Rubrobacter","siteEsteroZacatecas",NA,0.0271979369819737,0.0270383696020112,0.325913593198494,"ns"
"1128","lm formula for season+site","k__Bacteria|p__Rhodothermota|c__Rhodothermia|o__Rhodothermales|f__Rhodothermaceae|g__Rubrivirga","Model","R2: 0.840382788150057; adjusted R2: 0.825181148926253",NA,NA,NA,NA
"1129","lm formula for season+site","k__Bacteria|p__Rhodothermota|c__Rhodothermia|o__Rhodothermales|f__Rhodothermaceae|g__Rubrivirga","season",NA,NA,NA,9.33362868157479e-10,"***"
"1130","lm formula for season+site","k__Bacteria|p__Rhodothermota|c__Rhodothermia|o__Rhodothermales|f__Rhodothermaceae|g__Rubrivirga","site",NA,NA,NA,0.179717460400556,"ns"
"1131","lm formula for season+site","k__Bacteria|p__Rhodothermota|c__Rhodothermia|o__Rhodothermales|f__Rhodothermaceae|g__Rubrivirga","Residuals",NA,NA,NA,NA,NA
"1132","lm formula for season+site","k__Bacteria|p__Rhodothermota|c__Rhodothermia|o__Rhodothermales|f__Rhodothermaceae|g__Rubrivirga","(Intercept)",NA,0.0801012389700502,0.00890404609842772,1.19442548614306e-08,"***"
"1133","lm formula for season+site","k__Bacteria|p__Rhodothermota|c__Rhodothermia|o__Rhodothermales|f__Rhodothermaceae|g__Rubrivirga","seasonSeptember",NA,0.107163926374268,0.0102815068236082,9.33362868157479e-10,"***"
"1134","lm formula for season+site","k__Bacteria|p__Rhodothermota|c__Rhodothermia|o__Rhodothermales|f__Rhodothermaceae|g__Rubrivirga","siteEsteroZacatecas",NA,-0.0142697331830271,0.0102815068236082,0.179717460400556,"ns"
"1135","lm formula for season+site","k__Bacteria|p__Actinomycetota|c__Actinobacteria|o__Propionibacteriales|f__Nocardioidaceae|g__Nocardioides","Model","R2: 0.869204408435187; adjusted R2: 0.856747685429014",NA,NA,NA,NA
"1136","lm formula for season+site","k__Bacteria|p__Actinomycetota|c__Actinobacteria|o__Propionibacteriales|f__Nocardioidaceae|g__Nocardioides","season",NA,NA,NA,3.14986732204894e-06,"***"
"1137","lm formula for season+site","k__Bacteria|p__Actinomycetota|c__Actinobacteria|o__Propionibacteriales|f__Nocardioidaceae|g__Nocardioides","site",NA,NA,NA,1.91763121598295e-09,"***"
"1138","lm formula for season+site","k__Bacteria|p__Actinomycetota|c__Actinobacteria|o__Propionibacteriales|f__Nocardioidaceae|g__Nocardioides","Residuals",NA,NA,NA,NA,NA
"1139","lm formula for season+site","k__Bacteria|p__Actinomycetota|c__Actinobacteria|o__Propionibacteriales|f__Nocardioidaceae|g__Nocardioides","(Intercept)",NA,0.124827662676416,0.0118513157245552,7.74716092024687e-10,"***"
"1140","lm formula for season+site","k__Bacteria|p__Actinomycetota|c__Actinobacteria|o__Propionibacteriales|f__Nocardioidaceae|g__Nocardioides","seasonSeptember",NA,0.0859401914380788,0.0136847206476464,3.14986732204895e-06,"***"
"1141","lm formula for season+site","k__Bacteria|p__Actinomycetota|c__Actinobacteria|o__Propionibacteriales|f__Nocardioidaceae|g__Nocardioides","siteEsteroZacatecas",NA,-0.136927468623459,0.0136847206476464,1.91763121598296e-09,"***"
"1142","lm formula for season+site","k__Bacteria|p__Pseudomonadota|c__Alphaproteobacteria|o__Sphingomonadales|f__Sphingomonadaceae|g__Aurantiacibacter","Model","R2: 0.351376900679745; adjusted R2: 0.289603272173054",NA,NA,NA,NA
"1143","lm formula for season+site","k__Bacteria|p__Pseudomonadota|c__Alphaproteobacteria|o__Sphingomonadales|f__Sphingomonadaceae|g__Aurantiacibacter","season",NA,NA,NA,0.0648134745564976,"ns"
"1144","lm formula for season+site","k__Bacteria|p__Pseudomonadota|c__Alphaproteobacteria|o__Sphingomonadales|f__Sphingomonadaceae|g__Aurantiacibacter","site",NA,NA,NA,0.0119202238205961,"*"
"1145","lm formula for season+site","k__Bacteria|p__Pseudomonadota|c__Alphaproteobacteria|o__Sphingomonadales|f__Sphingomonadaceae|g__Aurantiacibacter","Residuals",NA,NA,NA,NA,NA
"1146","lm formula for season+site","k__Bacteria|p__Pseudomonadota|c__Alphaproteobacteria|o__Sphingomonadales|f__Sphingomonadaceae|g__Aurantiacibacter","(Intercept)",NA,0.14641214063633,0.0119242132772578,4.76350656830335e-11,"***"
"1147","lm formula for season+site","k__Bacteria|p__Pseudomonadota|c__Alphaproteobacteria|o__Sphingomonadales|f__Sphingomonadaceae|g__Aurantiacibacter","seasonSeptember",NA,-0.0268318566386395,0.0137688954909985,0.0648134745564976,"ns"
"1148","lm formula for season+site","k__Bacteria|p__Pseudomonadota|c__Alphaproteobacteria|o__Sphingomonadales|f__Sphingomonadaceae|g__Aurantiacibacter","siteEsteroZacatecas",NA,-0.0379050653585459,0.0137688954909985,0.011920223820596,"*"
"1149","lm formula for season+site","k__Bacteria|p__Bacteroidota|c__Bacteroidia|o__Flavobacteriales|f__Flavobacteriaceae|g__Hoppeia","Model","R2: 0.762335616469026; adjusted R2: 0.7397009132756",NA,NA,NA,NA
"1150","lm formula for season+site","k__Bacteria|p__Bacteroidota|c__Bacteroidia|o__Flavobacteriales|f__Flavobacteriaceae|g__Hoppeia","season",NA,NA,NA,6.05543345811294e-08,"***"
"1151","lm formula for season+site","k__Bacteria|p__Bacteroidota|c__Bacteroidia|o__Flavobacteriales|f__Flavobacteriaceae|g__Hoppeia","site",NA,NA,NA,0.361937151071371,"ns"
"1152","lm formula for season+site","k__Bacteria|p__Bacteroidota|c__Bacteroidia|o__Flavobacteriales|f__Flavobacteriaceae|g__Hoppeia","Residuals",NA,NA,NA,NA,NA
"1153","lm formula for season+site","k__Bacteria|p__Bacteroidota|c__Bacteroidia|o__Flavobacteriales|f__Flavobacteriaceae|g__Hoppeia","(Intercept)",NA,0.155406935839924,0.0123302980840815,2.92982893307841e-11,"***"
"1154","lm formula for season+site","k__Bacteria|p__Bacteroidota|c__Bacteroidia|o__Flavobacteriales|f__Flavobacteriaceae|g__Hoppeia","seasonSeptember",NA,-0.116098167302096,0.0142378018360655,6.05543345811292e-08,"***"
"1155","lm formula for season+site","k__Bacteria|p__Bacteroidota|c__Bacteroidia|o__Flavobacteriales|f__Flavobacteriaceae|g__Hoppeia","siteEsteroZacatecas",NA,-0.0132693919157891,0.0142378018360655,0.361937151071371,"ns"
"1156","lm formula for season+site","k__Bacteria|p__Pseudomonadota|c__Alphaproteobacteria|o__Sphingomonadales|f__Sphingomonadaceae|g__Pacificimonas","Model","R2: 0.207321949803222; adjusted R2: 0.131828802165434",NA,NA,NA,NA
"1157","lm formula for season+site","k__Bacteria|p__Pseudomonadota|c__Alphaproteobacteria|o__Sphingomonadales|f__Sphingomonadaceae|g__Pacificimonas","season",NA,NA,NA,0.0293108326489135,"*"
"1158","lm formula for season+site","k__Bacteria|p__Pseudomonadota|c__Alphaproteobacteria|o__Sphingomonadales|f__Sphingomonadaceae|g__Pacificimonas","site",NA,NA,NA,0.882573215002171,"ns"
"1159","lm formula for season+site","k__Bacteria|p__Pseudomonadota|c__Alphaproteobacteria|o__Sphingomonadales|f__Sphingomonadaceae|g__Pacificimonas","Residuals",NA,NA,NA,NA,NA
"1160","lm formula for season+site","k__Bacteria|p__Pseudomonadota|c__Alphaproteobacteria|o__Sphingomonadales|f__Sphingomonadaceae|g__Pacificimonas","(Intercept)",NA,0.0880557669621366,0.012357629557194,4.99953344168981e-07,"***"
"1161","lm formula for season+site","k__Bacteria|p__Pseudomonadota|c__Alphaproteobacteria|o__Sphingomonadales|f__Sphingomonadaceae|g__Pacificimonas","seasonSeptember",NA,0.0333735799816909,0.0142693615027833,0.0293108326489135,"*"
"1162","lm formula for season+site","k__Bacteria|p__Pseudomonadota|c__Alphaproteobacteria|o__Sphingomonadales|f__Sphingomonadaceae|g__Pacificimonas","siteEsteroZacatecas",NA,-0.00213349609119207,0.0142693615027833,0.882573215002171,"ns"
"1163","lm formula for season+site","k__Bacteria|p__Pseudomonadota|c__Alphaproteobacteria|o__Rhodobacterales|f__Paracoccaceae|g__Limibaculum","Model","R2: 0.106519014844168; adjusted R2: 0.0214255876864701",NA,NA,NA,NA
"1164","lm formula for season+site","k__Bacteria|p__Pseudomonadota|c__Alphaproteobacteria|o__Rhodobacterales|f__Paracoccaceae|g__Limibaculum","season",NA,NA,NA,0.160417663401872,"ns"
"1165","lm formula for season+site","k__Bacteria|p__Pseudomonadota|c__Alphaproteobacteria|o__Rhodobacterales|f__Paracoccaceae|g__Limibaculum","site",NA,NA,NA,0.541015526980649,"ns"
"1166","lm formula for season+site","k__Bacteria|p__Pseudomonadota|c__Alphaproteobacteria|o__Rhodobacterales|f__Paracoccaceae|g__Limibaculum","Residuals",NA,NA,NA,NA,NA
"1167","lm formula for season+site","k__Bacteria|p__Pseudomonadota|c__Alphaproteobacteria|o__Rhodobacterales|f__Paracoccaceae|g__Limibaculum","(Intercept)",NA,0.0991718950821247,0.0111781757812725,1.50870842298109e-08,"***"
"1168","lm formula for season+site","k__Bacteria|p__Pseudomonadota|c__Alphaproteobacteria|o__Rhodobacterales|f__Paracoccaceae|g__Limibaculum","seasonSeptember",NA,0.0187821023476036,0.0129074455927333,0.160417663401872,"ns"
"1169","lm formula for season+site","k__Bacteria|p__Pseudomonadota|c__Alphaproteobacteria|o__Rhodobacterales|f__Paracoccaceae|g__Limibaculum","siteEsteroZacatecas",NA,-0.0080208545900498,0.0129074455927333,0.541015526980649,"ns"
"1170","lm formula for season+site","k__Bacteria|p__Bacteroidota|c__Bacteroidia|o__Cytophagales|f__Cyclobacteriaceae|g__Fulvivirga","Model","R2: 0.441805358989203; adjusted R2: 0.388643964607223",NA,NA,NA,NA
"1171","lm formula for season+site","k__Bacteria|p__Bacteroidota|c__Bacteroidia|o__Cytophagales|f__Cyclobacteriaceae|g__Fulvivirga","season",NA,NA,NA,0.263615511600625,"ns"
"1172","lm formula for season+site","k__Bacteria|p__Bacteroidota|c__Bacteroidia|o__Cytophagales|f__Cyclobacteriaceae|g__Fulvivirga","site",NA,NA,NA,0.000802098430630432,"***"
"1173","lm formula for season+site","k__Bacteria|p__Bacteroidota|c__Bacteroidia|o__Cytophagales|f__Cyclobacteriaceae|g__Fulvivirga","Residuals",NA,NA,NA,NA,NA
"1174","lm formula for season+site","k__Bacteria|p__Bacteroidota|c__Bacteroidia|o__Cytophagales|f__Cyclobacteriaceae|g__Fulvivirga","(Intercept)",NA,0.0753229354954357,0.0111664973442302,1.13064552154079e-06,"***"
"1175","lm formula for season+site","k__Bacteria|p__Bacteroidota|c__Bacteroidia|o__Cytophagales|f__Cyclobacteriaceae|g__Fulvivirga","seasonSeptember",NA,-0.0148106728082094,0.0128939604951931,0.263615511600625,"ns"
"1176","lm formula for season+site","k__Bacteria|p__Bacteroidota|c__Bacteroidia|o__Cytophagales|f__Cyclobacteriaceae|g__Fulvivirga","siteEsteroZacatecas",NA,0.0504381085606481,0.0128939604951931,0.000802098430630434,"***"
"1177","lm formula for season+site","k__Bacteria|p__Pseudomonadota|c__Alphaproteobacteria|o__|f__Neomegalonemataceae|g__Acuticoccus","Model","R2: 0.63662965810506; adjusted R2: 0.602022958876971",NA,NA,NA,NA
"1178","lm formula for season+site","k__Bacteria|p__Pseudomonadota|c__Alphaproteobacteria|o__|f__Neomegalonemataceae|g__Acuticoccus","season",NA,NA,NA,0.0027312171787589,"**"
"1179","lm formula for season+site","k__Bacteria|p__Pseudomonadota|c__Alphaproteobacteria|o__|f__Neomegalonemataceae|g__Acuticoccus","site",NA,NA,NA,5.62778462036655e-05,"***"
"1180","lm formula for season+site","k__Bacteria|p__Pseudomonadota|c__Alphaproteobacteria|o__|f__Neomegalonemataceae|g__Acuticoccus","Residuals",NA,NA,NA,NA,NA
"1181","lm formula for season+site","k__Bacteria|p__Pseudomonadota|c__Alphaproteobacteria|o__|f__Neomegalonemataceae|g__Acuticoccus","(Intercept)",NA,0.0561595737933302,0.00762593100280439,3.02490441772894e-07,"***"
"1182","lm formula for season+site","k__Bacteria|p__Pseudomonadota|c__Alphaproteobacteria|o__|f__Neomegalonemataceae|g__Acuticoccus","seasonSeptember",NA,0.0298934407264653,0.00880566663458125,0.0027312171787589,"**"
"1183","lm formula for season+site","k__Bacteria|p__Pseudomonadota|c__Alphaproteobacteria|o__|f__Neomegalonemataceae|g__Acuticoccus","siteEsteroZacatecas",NA,0.0442633801956848,0.00880566663458125,5.62778462036657e-05,"***"
"1184","lm formula for season+site","k__Bacteria|p__Pseudomonadota|c__Gammaproteobacteria|o__Steroidobacterales|f__Woeseiaceae|g__Woeseia","Model","R2: 0.721402338059503; adjusted R2: 0.694869227398504",NA,NA,NA,NA
"1185","lm formula for season+site","k__Bacteria|p__Pseudomonadota|c__Gammaproteobacteria|o__Steroidobacterales|f__Woeseiaceae|g__Woeseia","season",NA,NA,NA,4.28249883656648e-07,"***"
"1186","lm formula for season+site","k__Bacteria|p__Pseudomonadota|c__Gammaproteobacteria|o__Steroidobacterales|f__Woeseiaceae|g__Woeseia","site",NA,NA,NA,0.12486707854502,"ns"
"1187","lm formula for season+site","k__Bacteria|p__Pseudomonadota|c__Gammaproteobacteria|o__Steroidobacterales|f__Woeseiaceae|g__Woeseia","Residuals",NA,NA,NA,NA,NA
"1188","lm formula for season+site","k__Bacteria|p__Pseudomonadota|c__Gammaproteobacteria|o__Steroidobacterales|f__Woeseiaceae|g__Woeseia","(Intercept)",NA,0.111799136377222,0.00867739944852078,1.94192372793322e-11,"***"
"1189","lm formula for season+site","k__Bacteria|p__Pseudomonadota|c__Gammaproteobacteria|o__Steroidobacterales|f__Woeseiaceae|g__Woeseia","seasonSeptember",NA,-0.0721302056831594,0.0100197978149388,4.28249883656648e-07,"***"
"1190","lm formula for season+site","k__Bacteria|p__Pseudomonadota|c__Gammaproteobacteria|o__Steroidobacterales|f__Woeseiaceae|g__Woeseia","siteEsteroZacatecas",NA,0.0160167900111532,0.0100197978149388,0.12486707854502,"ns"
"1191","lm formula for season+site","k__Bacteria|p__Pseudomonadota|c__Alphaproteobacteria|o__Sphingomonadales|f__Sphingomonadaceae|g__Qipengyuania","Model","R2: 0.732311062565574; adjusted R2: 0.706816878048009",NA,NA,NA,NA
"1192","lm formula for season+site","k__Bacteria|p__Pseudomonadota|c__Alphaproteobacteria|o__Sphingomonadales|f__Sphingomonadaceae|g__Qipengyuania","season",NA,NA,NA,0.0315876390387428,"*"
"1193","lm formula for season+site","k__Bacteria|p__Pseudomonadota|c__Alphaproteobacteria|o__Sphingomonadales|f__Sphingomonadaceae|g__Qipengyuania","site",NA,NA,NA,4.0853367673146e-07,"***"
"1194","lm formula for season+site","k__Bacteria|p__Pseudomonadota|c__Alphaproteobacteria|o__Sphingomonadales|f__Sphingomonadaceae|g__Qipengyuania","Residuals",NA,NA,NA,NA,NA
"1195","lm formula for season+site","k__Bacteria|p__Pseudomonadota|c__Alphaproteobacteria|o__Sphingomonadales|f__Sphingomonadaceae|g__Qipengyuania","(Intercept)",NA,0.0185938554270989,0.0139827391642045,0.197857678781498,"ns"
"1196","lm formula for season+site","k__Bacteria|p__Pseudomonadota|c__Alphaproteobacteria|o__Sphingomonadales|f__Sphingomonadaceae|g__Qipengyuania","seasonSeptember",NA,-0.0371877108541978,0.0161458764409236,0.0315876390387428,"*"
"1197","lm formula for season+site","k__Bacteria|p__Pseudomonadota|c__Alphaproteobacteria|o__Sphingomonadales|f__Sphingomonadaceae|g__Qipengyuania","siteEsteroZacatecas",NA,0.116591097241314,0.0161458764409236,4.0853367673146e-07,"***"
"1198","lm formula for season+site","k__Bacteria|p__Pseudomonadota|c__Alphaproteobacteria|o__Rhodobacterales|f__Paracoccaceae|g__Actibacterium","Model","R2: 0.1624849646776; adjusted R2: 0.082721627980229",NA,NA,NA,NA
"1199","lm formula for season+site","k__Bacteria|p__Pseudomonadota|c__Alphaproteobacteria|o__Rhodobacterales|f__Paracoccaceae|g__Actibacterium","season",NA,NA,NA,0.331607921615822,"ns"
"1200","lm formula for season+site","k__Bacteria|p__Pseudomonadota|c__Alphaproteobacteria|o__Rhodobacterales|f__Paracoccaceae|g__Actibacterium","site",NA,NA,NA,0.0935207011037665,"ns"
"1201","lm formula for season+site","k__Bacteria|p__Pseudomonadota|c__Alphaproteobacteria|o__Rhodobacterales|f__Paracoccaceae|g__Actibacterium","Residuals",NA,NA,NA,NA,NA
"1202","lm formula for season+site","k__Bacteria|p__Pseudomonadota|c__Alphaproteobacteria|o__Rhodobacterales|f__Paracoccaceae|g__Actibacterium","(Intercept)",NA,0.0620535248674809,0.013280968378929,0.000130364155992904,"***"
"1203","lm formula for season+site","k__Bacteria|p__Pseudomonadota|c__Alphaproteobacteria|o__Rhodobacterales|f__Paracoccaceae|g__Actibacterium","seasonSeptember",NA,0.0152413072520651,0.0153355413373471,0.331607921615822,"ns"
"1204","lm formula for season+site","k__Bacteria|p__Pseudomonadota|c__Alphaproteobacteria|o__Rhodobacterales|f__Paracoccaceae|g__Actibacterium","siteEsteroZacatecas",NA,0.0269418384561069,0.0153355413373471,0.0935207011037665,"ns"
"1205","lm formula for season+site","k__Bacteria|p__Pseudomonadota|c__Gammaproteobacteria|o__Pseudomonadales|f__Marinobacteraceae|g__Marinobacter","Model","R2: 0.793376254794292; adjusted R2: 0.773697802869939",NA,NA,NA,NA
"1206","lm formula for season+site","k__Bacteria|p__Pseudomonadota|c__Gammaproteobacteria|o__Pseudomonadales|f__Marinobacteraceae|g__Marinobacter","season",NA,NA,NA,0.000200175306469278,"***"
"1207","lm formula for season+site","k__Bacteria|p__Pseudomonadota|c__Gammaproteobacteria|o__Pseudomonadales|f__Marinobacteraceae|g__Marinobacter","site",NA,NA,NA,1.29694332101303e-07,"***"
"1208","lm formula for season+site","k__Bacteria|p__Pseudomonadota|c__Gammaproteobacteria|o__Pseudomonadales|f__Marinobacteraceae|g__Marinobacter","Residuals",NA,NA,NA,NA,NA
"1209","lm formula for season+site","k__Bacteria|p__Pseudomonadota|c__Gammaproteobacteria|o__Pseudomonadales|f__Marinobacteraceae|g__Marinobacter","(Intercept)",NA,0.0865517844826187,0.00739800469250131,1.1609842978408e-10,"***"
"1210","lm formula for season+site","k__Bacteria|p__Pseudomonadota|c__Gammaproteobacteria|o__Pseudomonadales|f__Marinobacteraceae|g__Marinobacter","seasonSeptember",NA,0.0383770328881979,0.00854248000136349,0.000200175306469279,"***"
"1211","lm formula for season+site","k__Bacteria|p__Pseudomonadota|c__Gammaproteobacteria|o__Pseudomonadales|f__Marinobacteraceae|g__Marinobacter","siteEsteroZacatecas",NA,-0.066418271667401,0.00854248000136349,1.29694332101303e-07,"***"
"1212","lm formula for season+site","k__Bacteria|p__Acidobacteriota|c__Thermoanaerobaculia|o__Thermoanaerobaculales|f__Thermoanaerobaculaceae|g__Subgroup_10","Model","R2: 0.510621467228843; adjusted R2: 0.464013987917304",NA,NA,NA,NA
"1213","lm formula for season+site","k__Bacteria|p__Acidobacteriota|c__Thermoanaerobaculia|o__Thermoanaerobaculales|f__Thermoanaerobaculaceae|g__Subgroup_10","season",NA,NA,NA,0.000211669182203029,"***"
"1214","lm formula for season+site","k__Bacteria|p__Acidobacteriota|c__Thermoanaerobaculia|o__Thermoanaerobaculales|f__Thermoanaerobaculaceae|g__Subgroup_10","site",NA,NA,NA,0.178388880809151,"ns"
"1215","lm formula for season+site","k__Bacteria|p__Acidobacteriota|c__Thermoanaerobaculia|o__Thermoanaerobaculales|f__Thermoanaerobaculaceae|g__Subgroup_10","Residuals",NA,NA,NA,NA,NA
"1216","lm formula for season+site","k__Bacteria|p__Acidobacteriota|c__Thermoanaerobaculia|o__Thermoanaerobaculales|f__Thermoanaerobaculaceae|g__Subgroup_10","(Intercept)",NA,0.108386705883911,0.0111087645077158,2.97611288207208e-09,"***"
"1217","lm formula for season+site","k__Bacteria|p__Acidobacteriota|c__Thermoanaerobaculia|o__Thermoanaerobaculales|f__Thermoanaerobaculaceae|g__Subgroup_10","seasonSeptember",NA,-0.0573266143977489,0.0128272963577878,0.000211669182203029,"***"
"1218","lm formula for season+site","k__Bacteria|p__Acidobacteriota|c__Thermoanaerobaculia|o__Thermoanaerobaculales|f__Thermoanaerobaculaceae|g__Subgroup_10","siteEsteroZacatecas",NA,-0.0178599652780545,0.0128272963577878,0.178388880809151,"ns"
"1219","lm formula for season+site","k__Bacteria|p__Pseudomonadota|c__Alphaproteobacteria|o__Sphingomonadales|f__Sphingomonadaceae|g__Croceibacterium","Model","R2: 0.7267207217679; adjusted R2: 0.700694123841033",NA,NA,NA,NA
"1220","lm formula for season+site","k__Bacteria|p__Pseudomonadota|c__Alphaproteobacteria|o__Sphingomonadales|f__Sphingomonadaceae|g__Croceibacterium","season",NA,NA,NA,0.0938392163898447,"ns"
"1221","lm formula for season+site","k__Bacteria|p__Pseudomonadota|c__Alphaproteobacteria|o__Sphingomonadales|f__Sphingomonadaceae|g__Croceibacterium","site",NA,NA,NA,3.73321767713184e-07,"***"
"1222","lm formula for season+site","k__Bacteria|p__Pseudomonadota|c__Alphaproteobacteria|o__Sphingomonadales|f__Sphingomonadaceae|g__Croceibacterium","Residuals",NA,NA,NA,NA,NA
"1223","lm formula for season+site","k__Bacteria|p__Pseudomonadota|c__Alphaproteobacteria|o__Sphingomonadales|f__Sphingomonadaceae|g__Croceibacterium","(Intercept)",NA,0.0911376157151773,0.00531317245582777,7.8886401159896e-14,"***"
"1224","lm formula for season+site","k__Bacteria|p__Pseudomonadota|c__Alphaproteobacteria|o__Sphingomonadales|f__Sphingomonadaceae|g__Croceibacterium","seasonSeptember",NA,0.0107671431836263,0.00613512309524614,0.0938392163898447,"ns"
"1225","lm formula for season+site","k__Bacteria|p__Pseudomonadota|c__Alphaproteobacteria|o__Sphingomonadales|f__Sphingomonadaceae|g__Croceibacterium","siteEsteroZacatecas",NA,-0.0445650033426542,0.00613512309524614,3.73321767713183e-07,"***"
"1226","lm formula for season+site","k__Bacteria|p__Cyanobacteriota|c__Cyanobacteriia|o__Cyanobacteriales|f__Xenococcaceae|g__Pleurocapsa_PCC-7319","Model","R2: 0.562330050829504; adjusted R2: 0.520647198527552",NA,NA,NA,NA
"1227","lm formula for season+site","k__Bacteria|p__Cyanobacteriota|c__Cyanobacteriia|o__Cyanobacteriales|f__Xenococcaceae|g__Pleurocapsa_PCC-7319","season",NA,NA,NA,0.841490436354697,"ns"
"1228","lm formula for season+site","k__Bacteria|p__Cyanobacteriota|c__Cyanobacteriia|o__Cyanobacteriales|f__Xenococcaceae|g__Pleurocapsa_PCC-7319","site",NA,NA,NA,3.82846916010567e-05,"***"
"1229","lm formula for season+site","k__Bacteria|p__Cyanobacteriota|c__Cyanobacteriia|o__Cyanobacteriales|f__Xenococcaceae|g__Pleurocapsa_PCC-7319","Residuals",NA,NA,NA,NA,NA
"1230","lm formula for season+site","k__Bacteria|p__Cyanobacteriota|c__Cyanobacteriia|o__Cyanobacteriales|f__Xenococcaceae|g__Pleurocapsa_PCC-7319","(Intercept)",NA,0.0325449082957337,0.0104829750843724,0.00536647660721664,"**"
"1231","lm formula for season+site","k__Bacteria|p__Cyanobacteriota|c__Cyanobacteriia|o__Cyanobacteriales|f__Xenococcaceae|g__Pleurocapsa_PCC-7319","seasonSeptember",NA,0.0024509571159152,0.0121046969737411,0.841490436354697,"ns"
"1232","lm formula for season+site","k__Bacteria|p__Cyanobacteriota|c__Cyanobacteriia|o__Cyanobacteriales|f__Xenococcaceae|g__Pleurocapsa_PCC-7319","siteEsteroZacatecas",NA,0.0628283487718475,0.0121046969737411,3.82846916010569e-05,"***"
"1233","lm formula for season+site","k__Bacteria|p__Planctomycetota|c__Planctomycetes|o__Pirellulales|f__Pirellulaceae|g__Pir4_lineage","Model","R2: 0.606548367413945; adjusted R2: 0.56907678335813",NA,NA,NA,NA
"1234","lm formula for season+site","k__Bacteria|p__Planctomycetota|c__Planctomycetes|o__Pirellulales|f__Pirellulaceae|g__Pir4_lineage","season",NA,NA,NA,9.32834649956485e-05,"***"
"1235","lm formula for season+site","k__Bacteria|p__Planctomycetota|c__Planctomycetes|o__Pirellulales|f__Pirellulaceae|g__Pir4_lineage","site",NA,NA,NA,0.00630615143425157,"**"
"1236","lm formula for season+site","k__Bacteria|p__Planctomycetota|c__Planctomycetes|o__Pirellulales|f__Pirellulaceae|g__Pir4_lineage","Residuals",NA,NA,NA,NA,NA
"1237","lm formula for season+site","k__Bacteria|p__Planctomycetota|c__Planctomycetes|o__Pirellulales|f__Pirellulaceae|g__Pir4_lineage","(Intercept)",NA,0.100699196524249,0.00929993679713668,4.72737101109281e-10,"***"
"1238","lm formula for season+site","k__Bacteria|p__Planctomycetota|c__Planctomycetes|o__Pirellulales|f__Pirellulaceae|g__Pir4_lineage","seasonSeptember",NA,-0.0516868288711276,0.0107386420265467,9.32834649956485e-05,"***"
"1239","lm formula for season+site","k__Bacteria|p__Planctomycetota|c__Planctomycetes|o__Pirellulales|f__Pirellulaceae|g__Pir4_lineage","siteEsteroZacatecas",NA,-0.0325847361494767,0.0107386420265467,0.00630615143425157,"**"
"1240","lm formula for season+site","k__Bacteria|p__Pseudomonadota|c__Gammaproteobacteria|o__Enterobacterales|f__Vibrionaceae|g__Vibrio","Model","R2: 0.0594698921406703; adjusted R2: -0.0301044038459326",NA,NA,NA,NA
"1241","lm formula for season+site","k__Bacteria|p__Pseudomonadota|c__Gammaproteobacteria|o__Enterobacterales|f__Vibrionaceae|g__Vibrio","season",NA,NA,NA,0.296712541797941,"ns"
"1242","lm formula for season+site","k__Bacteria|p__Pseudomonadota|c__Gammaproteobacteria|o__Enterobacterales|f__Vibrionaceae|g__Vibrio","site",NA,NA,NA,0.673428647626549,"ns"
"1243","lm formula for season+site","k__Bacteria|p__Pseudomonadota|c__Gammaproteobacteria|o__Enterobacterales|f__Vibrionaceae|g__Vibrio","Residuals",NA,NA,NA,NA,NA
"1244","lm formula for season+site","k__Bacteria|p__Pseudomonadota|c__Gammaproteobacteria|o__Enterobacterales|f__Vibrionaceae|g__Vibrio","(Intercept)",NA,0.0431035546370507,0.0180943013163777,0.0267435635707696,"*"
"1245","lm formula for season+site","k__Bacteria|p__Pseudomonadota|c__Gammaproteobacteria|o__Enterobacterales|f__Vibrionaceae|g__Vibrio","seasonSeptember",NA,0.0223584979066518,0.0208934994716177,0.296712541797941,"ns"
"1246","lm formula for season+site","k__Bacteria|p__Pseudomonadota|c__Gammaproteobacteria|o__Enterobacterales|f__Vibrionaceae|g__Vibrio","siteEsteroZacatecas",NA,-0.00893017017498808,0.0208934994716177,0.673428647626549,"ns"
"1247","lm formula for season+site","k__Bacteria|p__Campylobacterota|c__Campylobacteria|o__Campylobacterales|f__Sulfurovaceae|g__Sulfurovum","Model","R2: 0.507586854805311; adjusted R2: 0.460690364786769",NA,NA,NA,NA
"1248","lm formula for season+site","k__Bacteria|p__Campylobacterota|c__Campylobacteria|o__Campylobacterales|f__Sulfurovaceae|g__Sulfurovum","season",NA,NA,NA,0.00216693691788094,"**"
"1249","lm formula for season+site","k__Bacteria|p__Campylobacterota|c__Campylobacteria|o__Campylobacterales|f__Sulfurovaceae|g__Sulfurovum","site",NA,NA,NA,0.00576743515287075,"**"
"1250","lm formula for season+site","k__Bacteria|p__Campylobacterota|c__Campylobacteria|o__Campylobacterales|f__Sulfurovaceae|g__Sulfurovum","Residuals",NA,NA,NA,NA,NA
"1251","lm formula for season+site","k__Bacteria|p__Campylobacterota|c__Campylobacteria|o__Campylobacterales|f__Sulfurovaceae|g__Sulfurovum","(Intercept)",NA,0.0959511946369226,0.0160533399901673,6.22631735956846e-06,"***"
"1252","lm formula for season+site","k__Bacteria|p__Campylobacterota|c__Campylobacteria|o__Campylobacterales|f__Sulfurovaceae|g__Sulfurovum","seasonSeptember",NA,-0.0647523042328847,0.0185368003294314,0.00216693691788094,"**"
"1253","lm formula for season+site","k__Bacteria|p__Campylobacterota|c__Campylobacteria|o__Campylobacterales|f__Sulfurovaceae|g__Sulfurovum","siteEsteroZacatecas",NA,-0.0569681356151128,0.0185368003294314,0.00576743515287075,"**"
"1254","lm formula for season+site","k__Bacteria|p__Bacteroidota|c__Bacteroidia|o__Flavobacteriales|f__Flavobacteriaceae|g__Robiginitalea","Model","R2: 0.783073967970432; adjusted R2: 0.762414345872378",NA,NA,NA,NA
"1255","lm formula for season+site","k__Bacteria|p__Bacteroidota|c__Bacteroidia|o__Flavobacteriales|f__Flavobacteriaceae|g__Robiginitalea","season",NA,NA,NA,7.2662007526724e-08,"***"
"1256","lm formula for season+site","k__Bacteria|p__Bacteroidota|c__Bacteroidia|o__Flavobacteriales|f__Flavobacteriaceae|g__Robiginitalea","site",NA,NA,NA,0.00351829289758779,"**"
"1257","lm formula for season+site","k__Bacteria|p__Bacteroidota|c__Bacteroidia|o__Flavobacteriales|f__Flavobacteriaceae|g__Robiginitalea","Residuals",NA,NA,NA,NA,NA
"1258","lm formula for season+site","k__Bacteria|p__Bacteroidota|c__Bacteroidia|o__Flavobacteriales|f__Flavobacteriaceae|g__Robiginitalea","(Intercept)",NA,0.0762642780422961,0.00712880922322663,5.86852960259219e-10,"***"
"1259","lm formula for season+site","k__Bacteria|p__Bacteroidota|c__Bacteroidia|o__Flavobacteriales|f__Flavobacteriaceae|g__Robiginitalea","seasonSeptember",NA,-0.0663684417834462,0.00823163984806276,7.26620075267243e-08,"***"
"1260","lm formula for season+site","k__Bacteria|p__Bacteroidota|c__Bacteroidia|o__Flavobacteriales|f__Flavobacteriaceae|g__Robiginitalea","siteEsteroZacatecas",NA,0.0270539694691716,0.00823163984806276,0.0035182928975878,"**"
"1261","lm formula for season+site","k__Bacteria|p__Pseudomonadota|c__Alphaproteobacteria|o__Rhodobacterales|f__Paracoccaceae|g__Wenxinia","Model","R2: 0.839374993683466; adjusted R2: 0.824077374034272",NA,NA,NA,NA
"1262","lm formula for season+site","k__Bacteria|p__Pseudomonadota|c__Alphaproteobacteria|o__Rhodobacterales|f__Paracoccaceae|g__Wenxinia","season",NA,NA,NA,7.73142953304226e-05,"***"
"1263","lm formula for season+site","k__Bacteria|p__Pseudomonadota|c__Alphaproteobacteria|o__Rhodobacterales|f__Paracoccaceae|g__Wenxinia","site",NA,NA,NA,7.27469378622316e-09,"***"
"1264","lm formula for season+site","k__Bacteria|p__Pseudomonadota|c__Alphaproteobacteria|o__Rhodobacterales|f__Paracoccaceae|g__Wenxinia","Residuals",NA,NA,NA,NA,NA
"1265","lm formula for season+site","k__Bacteria|p__Pseudomonadota|c__Alphaproteobacteria|o__Rhodobacterales|f__Paracoccaceae|g__Wenxinia","(Intercept)",NA,0.0693662618611483,0.00585997457887337,9.362352695656e-11,"***"
"1266","lm formula for season+site","k__Bacteria|p__Pseudomonadota|c__Alphaproteobacteria|o__Rhodobacterales|f__Paracoccaceae|g__Wenxinia","seasonSeptember",NA,0.0331042049587239,0.00676651580111381,7.73142953304229e-05,"***"
"1267","lm formula for season+site","k__Bacteria|p__Pseudomonadota|c__Alphaproteobacteria|o__Rhodobacterales|f__Paracoccaceae|g__Wenxinia","siteEsteroZacatecas",NA,-0.0626785927488758,0.00676651580111381,7.27469378622318e-09,"***"
"1268","lm formula for season+site","k__Bacteria|p__Cyanobacteriota|c__Cyanobacteriia|o__Cyanobacteriales|f__Xenococcaceae|g__Myxosarcina_GI1","Model","R2: 0.360146884867806; adjusted R2: 0.299208492950454",NA,NA,NA,NA
"1269","lm formula for season+site","k__Bacteria|p__Cyanobacteriota|c__Cyanobacteriia|o__Cyanobacteriales|f__Xenococcaceae|g__Myxosarcina_GI1","season",NA,NA,NA,0.0471724286400947,"*"
"1270","lm formula for season+site","k__Bacteria|p__Cyanobacteriota|c__Cyanobacteriia|o__Cyanobacteriales|f__Xenococcaceae|g__Myxosarcina_GI1","site",NA,NA,NA,0.0129545581648935,"*"
"1271","lm formula for season+site","k__Bacteria|p__Cyanobacteriota|c__Cyanobacteriia|o__Cyanobacteriales|f__Xenococcaceae|g__Myxosarcina_GI1","Residuals",NA,NA,NA,NA,NA
"1272","lm formula for season+site","k__Bacteria|p__Cyanobacteriota|c__Cyanobacteriia|o__Cyanobacteriales|f__Xenococcaceae|g__Myxosarcina_GI1","(Intercept)",NA,0.0592224054598134,0.0112148604621534,3.09848951483401e-05,"***"
"1273","lm formula for season+site","k__Bacteria|p__Cyanobacteriota|c__Cyanobacteriia|o__Cyanobacteriales|f__Xenococcaceae|g__Myxosarcina_GI1","seasonSeptember",NA,0.0273045421968392,0.0129498054134967,0.0471724286400946,"*"
"1274","lm formula for season+site","k__Bacteria|p__Cyanobacteriota|c__Cyanobacteriia|o__Cyanobacteriales|f__Xenococcaceae|g__Myxosarcina_GI1","siteEsteroZacatecas",NA,-0.0351660546100573,0.0129498054134967,0.0129545581648935,"*"
"1275","lm formula for season+site","k__Bacteria|p__Pseudomonadota|c__Alphaproteobacteria|o__Rhodobacterales|f__Paracoccaceae|g__Maribius","Model","R2: 0.458338207214255; adjusted R2: 0.406751369806089",NA,NA,NA,NA
"1276","lm formula for season+site","k__Bacteria|p__Pseudomonadota|c__Alphaproteobacteria|o__Rhodobacterales|f__Paracoccaceae|g__Maribius","season",NA,NA,NA,0.000390890277176124,"***"
"1277","lm formula for season+site","k__Bacteria|p__Pseudomonadota|c__Alphaproteobacteria|o__Rhodobacterales|f__Paracoccaceae|g__Maribius","site",NA,NA,NA,0.877618988713754,"ns"
"1278","lm formula for season+site","k__Bacteria|p__Pseudomonadota|c__Alphaproteobacteria|o__Rhodobacterales|f__Paracoccaceae|g__Maribius","Residuals",NA,NA,NA,NA,NA
"1279","lm formula for season+site","k__Bacteria|p__Pseudomonadota|c__Alphaproteobacteria|o__Rhodobacterales|f__Paracoccaceae|g__Maribius","(Intercept)",NA,0.0296592981207173,0.0102531851417322,0.00870761203542771,"**"
"1280","lm formula for season+site","k__Bacteria|p__Pseudomonadota|c__Alphaproteobacteria|o__Rhodobacterales|f__Paracoccaceae|g__Maribius","seasonSeptember",NA,0.049873474131079,0.0118393584032603,0.000390890277176124,"***"
"1281","lm formula for season+site","k__Bacteria|p__Pseudomonadota|c__Alphaproteobacteria|o__Rhodobacterales|f__Paracoccaceae|g__Maribius","siteEsteroZacatecas",NA,-0.00184547883271676,0.0118393584032603,0.877618988713754,"ns"
"1282","lm formula for season+site","k__Bacteria|p__Pseudomonadota|c__Alphaproteobacteria|o__Caulobacterales|f__Parvularculaceae|g__Parvularcula","Model","R2: 0.627403104977619; adjusted R2: 0.591917686404059",NA,NA,NA,NA
"1283","lm formula for season+site","k__Bacteria|p__Pseudomonadota|c__Alphaproteobacteria|o__Caulobacterales|f__Parvularculaceae|g__Parvularcula","season",NA,NA,NA,2.38892168325927e-05,"***"
"1284","lm formula for season+site","k__Bacteria|p__Pseudomonadota|c__Alphaproteobacteria|o__Caulobacterales|f__Parvularculaceae|g__Parvularcula","site",NA,NA,NA,0.020457778895073,"*"
"1285","lm formula for season+site","k__Bacteria|p__Pseudomonadota|c__Alphaproteobacteria|o__Caulobacterales|f__Parvularculaceae|g__Parvularcula","Residuals",NA,NA,NA,NA,NA
"1286","lm formula for season+site","k__Bacteria|p__Pseudomonadota|c__Alphaproteobacteria|o__Caulobacterales|f__Parvularculaceae|g__Parvularcula","(Intercept)",NA,-0.00484965218379391,0.0105363249397787,0.650046198111662,"ns"
"1287","lm formula for season+site","k__Bacteria|p__Pseudomonadota|c__Alphaproteobacteria|o__Caulobacterales|f__Parvularculaceae|g__Parvularcula","seasonSeptember",NA,0.0656023892919958,0.0121663000805012,2.38892168325927e-05,"***"
"1288","lm formula for season+site","k__Bacteria|p__Pseudomonadota|c__Alphaproteobacteria|o__Caulobacterales|f__Parvularculaceae|g__Parvularcula","siteEsteroZacatecas",NA,0.0305032411819476,0.0121663000805012,0.020457778895073,"*"
"1289","lm formula for season+site","k__Bacteria|p__Bacteroidota|c__Bacteroidia|o__Flavobacteriales|f__Flavobacteriaceae|g__Sufflavibacter","Model","R2: 0.738411813319448; adjusted R2: 0.713498652683205",NA,NA,NA,NA
"1290","lm formula for season+site","k__Bacteria|p__Bacteroidota|c__Bacteroidia|o__Flavobacteriales|f__Flavobacteriaceae|g__Sufflavibacter","season",NA,NA,NA,0.894187665394299,"ns"
"1291","lm formula for season+site","k__Bacteria|p__Bacteroidota|c__Bacteroidia|o__Flavobacteriales|f__Flavobacteriaceae|g__Sufflavibacter","site",NA,NA,NA,1.51732391872496e-07,"***"
"1292","lm formula for season+site","k__Bacteria|p__Bacteroidota|c__Bacteroidia|o__Flavobacteriales|f__Flavobacteriaceae|g__Sufflavibacter","Residuals",NA,NA,NA,NA,NA
"1293","lm formula for season+site","k__Bacteria|p__Bacteroidota|c__Bacteroidia|o__Flavobacteriales|f__Flavobacteriaceae|g__Sufflavibacter","(Intercept)",NA,0.0799442252182832,0.00826209693053788,3.4380670024997e-09,"***"
"1294","lm formula for season+site","k__Bacteria|p__Bacteroidota|c__Bacteroidia|o__Flavobacteriales|f__Flavobacteriaceae|g__Sufflavibacter","seasonSeptember",NA,0.00128438850387968,0.00954024777383366,0.8941876653943,"ns"
"1295","lm formula for season+site","k__Bacteria|p__Bacteroidota|c__Bacteroidia|o__Flavobacteriales|f__Flavobacteriaceae|g__Sufflavibacter","siteEsteroZacatecas",NA,-0.0734417728143949,0.00954024777383366,1.51732391872496e-07,"***"
"1296","lm formula for season+site","k__Bacteria|p__Deinococcota|c__Deinococci|o__Deinococcales|f__Trueperaceae|g__Truepera","Model","R2: 0.0297202291763078; adjusted R2: -0.0626873680449962",NA,NA,NA,NA
"1297","lm formula for season+site","k__Bacteria|p__Deinococcota|c__Deinococci|o__Deinococcales|f__Trueperaceae|g__Truepera","season",NA,NA,NA,0.53911113900777,"ns"
"1298","lm formula for season+site","k__Bacteria|p__Deinococcota|c__Deinococci|o__Deinococcales|f__Trueperaceae|g__Truepera","site",NA,NA,NA,0.619925302708986,"ns"
"1299","lm formula for season+site","k__Bacteria|p__Deinococcota|c__Deinococci|o__Deinococcales|f__Trueperaceae|g__Truepera","Residuals",NA,NA,NA,NA,NA
"1300","lm formula for season+site","k__Bacteria|p__Deinococcota|c__Deinococci|o__Deinococcales|f__Trueperaceae|g__Truepera","(Intercept)",NA,0.0459799669196573,0.00965652995288049,0.000105449281340502,"***"
"1301","lm formula for season+site","k__Bacteria|p__Deinococcota|c__Deinococci|o__Deinococcales|f__Trueperaceae|g__Truepera","seasonSeptember",NA,0.00696194445423526,0.0111504003354665,0.539111139007771,"ns"
"1302","lm formula for season+site","k__Bacteria|p__Deinococcota|c__Deinococci|o__Deinococcales|f__Trueperaceae|g__Truepera","siteEsteroZacatecas",NA,0.00561306867875947,0.0111504003354665,0.619925302708986,"ns"
"1303","lm formula for season+site","k__Bacteria|p__Pseudomonadota|c__Alphaproteobacteria|o__Hyphomicrobiales|f__Rhizobiaceae|g__Oricola","Model","R2: 0.210830214876692; adjusted R2: 0.135671187722092",NA,NA,NA,NA
"1304","lm formula for season+site","k__Bacteria|p__Pseudomonadota|c__Alphaproteobacteria|o__Hyphomicrobiales|f__Rhizobiaceae|g__Oricola","season",NA,NA,NA,0.613481917184055,"ns"
"1305","lm formula for season+site","k__Bacteria|p__Pseudomonadota|c__Alphaproteobacteria|o__Hyphomicrobiales|f__Rhizobiaceae|g__Oricola","site",NA,NA,NA,0.030984184280858,"*"
"1306","lm formula for season+site","k__Bacteria|p__Pseudomonadota|c__Alphaproteobacteria|o__Hyphomicrobiales|f__Rhizobiaceae|g__Oricola","Residuals",NA,NA,NA,NA,NA
"1307","lm formula for season+site","k__Bacteria|p__Pseudomonadota|c__Alphaproteobacteria|o__Hyphomicrobiales|f__Rhizobiaceae|g__Oricola","(Intercept)",NA,0.0646748811251928,0.00811911142485543,8.82091869968661e-08,"***"
"1308","lm formula for season+site","k__Bacteria|p__Pseudomonadota|c__Alphaproteobacteria|o__Hyphomicrobiales|f__Rhizobiaceae|g__Oricola","seasonSeptember",NA,-0.00480704729377698,0.0093751423334417,0.613481917184055,"ns"
"1309","lm formula for season+site","k__Bacteria|p__Pseudomonadota|c__Alphaproteobacteria|o__Hyphomicrobiales|f__Rhizobiaceae|g__Oricola","siteEsteroZacatecas",NA,-0.0216793694615088,0.0093751423334417,0.030984184280858,"*"
"1310","lm formula for season+site","k__Bacteria|p__Actinomycetota|c__Actinobacteria|o__Mycobacteriales|f__Mycobacteriaceae|g__Mycobacterium","Model","R2: 0.0638983695421201; adjusted R2: -0.0252541666919637",NA,NA,NA,NA
"1311","lm formula for season+site","k__Bacteria|p__Actinomycetota|c__Actinobacteria|o__Mycobacteriales|f__Mycobacteriaceae|g__Mycobacterium","season",NA,NA,NA,0.284658354125018,"ns"
"1312","lm formula for season+site","k__Bacteria|p__Actinomycetota|c__Actinobacteria|o__Mycobacteriales|f__Mycobacteriaceae|g__Mycobacterium","site",NA,NA,NA,0.637958996761156,"ns"
"1313","lm formula for season+site","k__Bacteria|p__Actinomycetota|c__Actinobacteria|o__Mycobacteriales|f__Mycobacteriaceae|g__Mycobacterium","Residuals",NA,NA,NA,NA,NA
"1314","lm formula for season+site","k__Bacteria|p__Actinomycetota|c__Actinobacteria|o__Mycobacteriales|f__Mycobacteriaceae|g__Mycobacterium","(Intercept)",NA,0.0335095186707775,0.0149831734060402,0.0363009839947026,"*"
"1315","lm formula for season+site","k__Bacteria|p__Actinomycetota|c__Actinobacteria|o__Mycobacteriales|f__Mycobacteriaceae|g__Mycobacterium","seasonSeptember",NA,0.0189956340130632,0.0173010783985843,0.284658354125018,"ns"
"1316","lm formula for season+site","k__Bacteria|p__Actinomycetota|c__Actinobacteria|o__Mycobacteriales|f__Mycobacteriaceae|g__Mycobacterium","siteEsteroZacatecas",NA,-0.00826075691149305,0.0173010783985843,0.637958996761156,"ns"
"1317","lm formula for season+site","k__Bacteria|p__Pseudomonadota|c__Gammaproteobacteria|o__Enterobacterales|f__Pseudoalteromonadaceae|g__Pseudoalteromonas","Model","R2: 0.429691223381519; adjusted R2: 0.375376101798806",NA,NA,NA,NA
"1318","lm formula for season+site","k__Bacteria|p__Pseudomonadota|c__Gammaproteobacteria|o__Enterobacterales|f__Pseudoalteromonadaceae|g__Pseudoalteromonas","season",NA,NA,NA,0.245866714476515,"ns"
"1319","lm formula for season+site","k__Bacteria|p__Pseudomonadota|c__Gammaproteobacteria|o__Enterobacterales|f__Pseudoalteromonadaceae|g__Pseudoalteromonas","site",NA,NA,NA,0.00106119887297633,"**"
"1320","lm formula for season+site","k__Bacteria|p__Pseudomonadota|c__Gammaproteobacteria|o__Enterobacterales|f__Pseudoalteromonadaceae|g__Pseudoalteromonas","Residuals",NA,NA,NA,NA,NA
"1321","lm formula for season+site","k__Bacteria|p__Pseudomonadota|c__Gammaproteobacteria|o__Enterobacterales|f__Pseudoalteromonadaceae|g__Pseudoalteromonas","(Intercept)",NA,0.020398344492145,0.0110247194852933,0.0784008804146296,"ns"
"1322","lm formula for season+site","k__Bacteria|p__Pseudomonadota|c__Gammaproteobacteria|o__Enterobacterales|f__Pseudoalteromonadaceae|g__Pseudoalteromonas","seasonSeptember",NA,-0.0151974161294979,0.0127302495251484,0.245866714476515,"ns"
"1323","lm formula for season+site","k__Bacteria|p__Pseudomonadota|c__Gammaproteobacteria|o__Enterobacterales|f__Pseudoalteromonadaceae|g__Pseudoalteromonas","siteEsteroZacatecas",NA,0.0483028537725527,0.0127302495251484,0.00106119887297633,"**"
"1324","lm formula for season+site","k__Bacteria|p__Pseudomonadota|c__Gammaproteobacteria|o__Pseudomonadales|f__Marinomonadaceae|g__Marinomonas","Model","R2: 0.128929210623092; adjusted R2: 0.0459700878252911",NA,NA,NA,NA
"1325","lm formula for season+site","k__Bacteria|p__Pseudomonadota|c__Gammaproteobacteria|o__Pseudomonadales|f__Marinomonadaceae|g__Marinomonas","season",NA,NA,NA,0.210957451889138,"ns"
"1326","lm formula for season+site","k__Bacteria|p__Pseudomonadota|c__Gammaproteobacteria|o__Pseudomonadales|f__Marinomonadaceae|g__Marinomonas","site",NA,NA,NA,0.242986824990229,"ns"
"1327","lm formula for season+site","k__Bacteria|p__Pseudomonadota|c__Gammaproteobacteria|o__Pseudomonadales|f__Marinomonadaceae|g__Marinomonas","Residuals",NA,NA,NA,NA,NA
"1328","lm formula for season+site","k__Bacteria|p__Pseudomonadota|c__Gammaproteobacteria|o__Pseudomonadales|f__Marinomonadaceae|g__Marinomonas","(Intercept)",NA,0.0383465720198156,0.0130518354921188,0.00785685245477395,"**"
"1329","lm formula for season+site","k__Bacteria|p__Pseudomonadota|c__Gammaproteobacteria|o__Pseudomonadales|f__Marinomonadaceae|g__Marinomonas","seasonSeptember",NA,-0.0194467835223066,0.015070961469587,0.210957451889138,"ns"
"1330","lm formula for season+site","k__Bacteria|p__Pseudomonadota|c__Gammaproteobacteria|o__Pseudomonadales|f__Marinomonadaceae|g__Marinomonas","siteEsteroZacatecas",NA,0.0181056202498044,0.015070961469587,0.242986824990229,"ns"
"1331","lm formula for season+site","k__Bacteria|p__Cyanobacteriota|c__Cyanobacteriia|o__Phormidesmiales|f__Phormidesmiaceae|g__Acrophormium_PCC-7375","Model","R2: 0.454240753143707; adjusted R2: 0.402263682014536",NA,NA,NA,NA
"1332","lm formula for season+site","k__Bacteria|p__Cyanobacteriota|c__Cyanobacteriia|o__Phormidesmiales|f__Phormidesmiaceae|g__Acrophormium_PCC-7375","season",NA,NA,NA,0.0134958250525203,"*"
"1333","lm formula for season+site","k__Bacteria|p__Cyanobacteriota|c__Cyanobacteriia|o__Phormidesmiales|f__Phormidesmiaceae|g__Acrophormium_PCC-7375","site",NA,NA,NA,0.00435999889996081,"**"
"1334","lm formula for season+site","k__Bacteria|p__Cyanobacteriota|c__Cyanobacteriia|o__Phormidesmiales|f__Phormidesmiaceae|g__Acrophormium_PCC-7375","Residuals",NA,NA,NA,NA,NA
"1335","lm formula for season+site","k__Bacteria|p__Cyanobacteriota|c__Cyanobacteriia|o__Phormidesmiales|f__Phormidesmiaceae|g__Acrophormium_PCC-7375","(Intercept)",NA,0.0201628871001598,0.0129483184605715,0.134370644052172,"ns"
"1336","lm formula for season+site","k__Bacteria|p__Cyanobacteriota|c__Cyanobacteriia|o__Phormidesmiales|f__Phormidesmiaceae|g__Acrophormium_PCC-7375","seasonSeptember",NA,-0.0403257742003196,0.0149514302975279,0.0134958250525203,"*"
"1337","lm formula for season+site","k__Bacteria|p__Cyanobacteriota|c__Cyanobacteriia|o__Phormidesmiales|f__Phormidesmiaceae|g__Acrophormium_PCC-7375","siteEsteroZacatecas",NA,0.0477605386892202,0.0149514302975279,0.00435999889996081,"**"
"1338","lm formula for season+site","k__Bacteria|p__Pseudomonadota|c__Alphaproteobacteria|o__Rhodobacterales|f__Paracoccaceae|g__Silicimonas","Model","R2: 0.413096890913746; adjusted R2: 0.357201356715055",NA,NA,NA,NA
"1339","lm formula for season+site","k__Bacteria|p__Pseudomonadota|c__Alphaproteobacteria|o__Rhodobacterales|f__Paracoccaceae|g__Silicimonas","season",NA,NA,NA,0.00114813933184651,"**"
"1340","lm formula for season+site","k__Bacteria|p__Pseudomonadota|c__Alphaproteobacteria|o__Rhodobacterales|f__Paracoccaceae|g__Silicimonas","site",NA,NA,NA,0.434795853718443,"ns"
"1341","lm formula for season+site","k__Bacteria|p__Pseudomonadota|c__Alphaproteobacteria|o__Rhodobacterales|f__Paracoccaceae|g__Silicimonas","Residuals",NA,NA,NA,NA,NA
"1342","lm formula for season+site","k__Bacteria|p__Pseudomonadota|c__Alphaproteobacteria|o__Rhodobacterales|f__Paracoccaceae|g__Silicimonas","(Intercept)",NA,0.0554413906760412,0.00871899786980694,2.64385510778391e-06,"***"
"1343","lm formula for season+site","k__Bacteria|p__Pseudomonadota|c__Alphaproteobacteria|o__Rhodobacterales|f__Paracoccaceae|g__Silicimonas","seasonSeptember",NA,-0.0378676539749049,0.0100678315343936,0.00114813933184651,"**"
"1344","lm formula for season+site","k__Bacteria|p__Pseudomonadota|c__Alphaproteobacteria|o__Rhodobacterales|f__Paracoccaceae|g__Silicimonas","siteEsteroZacatecas",NA,0.00801651910730892,0.0100678315343936,0.434795853718443,"ns"
"1345","lm formula for season+site","k__Bacteria|p__Pseudomonadota|c__Gammaproteobacteria|o__Chromatiales|f__Chromatiaceae|g__Thiophaeococcus","Model","R2: 0.182886928975233; adjusted R2: 0.105066636496684",NA,NA,NA,NA
"1346","lm formula for season+site","k__Bacteria|p__Pseudomonadota|c__Gammaproteobacteria|o__Chromatiales|f__Chromatiaceae|g__Thiophaeococcus","season",NA,NA,NA,0.140201459250378,"ns"
"1347","lm formula for season+site","k__Bacteria|p__Pseudomonadota|c__Gammaproteobacteria|o__Chromatiales|f__Chromatiaceae|g__Thiophaeococcus","site",NA,NA,NA,0.140201459250378,"ns"
"1348","lm formula for season+site","k__Bacteria|p__Pseudomonadota|c__Gammaproteobacteria|o__Chromatiales|f__Chromatiaceae|g__Thiophaeococcus","Residuals",NA,NA,NA,NA,NA
"1349","lm formula for season+site","k__Bacteria|p__Pseudomonadota|c__Gammaproteobacteria|o__Chromatiales|f__Chromatiaceae|g__Thiophaeococcus","(Intercept)",NA,0.0439032604610206,0.0165345067021499,0.014804690504498,"*"
"1350","lm formula for season+site","k__Bacteria|p__Pseudomonadota|c__Gammaproteobacteria|o__Chromatiales|f__Chromatiaceae|g__Thiophaeococcus","seasonSeptember",NA,-0.029268840307347,0.0190924037908079,0.140201459250378,"ns"
"1351","lm formula for season+site","k__Bacteria|p__Pseudomonadota|c__Gammaproteobacteria|o__Chromatiales|f__Chromatiaceae|g__Thiophaeococcus","siteEsteroZacatecas",NA,-0.029268840307347,0.0190924037908079,0.140201459250378,"ns"
"1352","lm formula for season+site","k__Bacteria|p__Pseudomonadota|c__Alphaproteobacteria|o__Sphingomonadales|f__Sphingomonadaceae|g__Parasphingopyxis","Model","R2: 0.211917563211992; adjusted R2: 0.136862093041706",NA,NA,NA,NA
"1353","lm formula for season+site","k__Bacteria|p__Pseudomonadota|c__Alphaproteobacteria|o__Sphingomonadales|f__Sphingomonadaceae|g__Parasphingopyxis","season",NA,NA,NA,0.638038484579616,"ns"
"1354","lm formula for season+site","k__Bacteria|p__Pseudomonadota|c__Alphaproteobacteria|o__Sphingomonadales|f__Sphingomonadaceae|g__Parasphingopyxis","site",NA,NA,NA,0.0299936068019618,"*"
"1355","lm formula for season+site","k__Bacteria|p__Pseudomonadota|c__Alphaproteobacteria|o__Sphingomonadales|f__Sphingomonadaceae|g__Parasphingopyxis","Residuals",NA,NA,NA,NA,NA
"1356","lm formula for season+site","k__Bacteria|p__Pseudomonadota|c__Alphaproteobacteria|o__Sphingomonadales|f__Sphingomonadaceae|g__Parasphingopyxis","(Intercept)",NA,0.055765139682459,0.00687419671215606,6.58198944640862e-08,"***"
"1357","lm formula for season+site","k__Bacteria|p__Pseudomonadota|c__Alphaproteobacteria|o__Sphingomonadales|f__Sphingomonadaceae|g__Parasphingopyxis","seasonSeptember",NA,-0.00378908823769803,0.00793763864445148,0.638038484579616,"ns"
"1358","lm formula for season+site","k__Bacteria|p__Pseudomonadota|c__Alphaproteobacteria|o__Sphingomonadales|f__Sphingomonadaceae|g__Parasphingopyxis","siteEsteroZacatecas",NA,-0.0184779783580203,0.00793763864445148,0.0299936068019618,"*"
"1359","lm formula for season+site","k__Bacteria|p__Pseudomonadota|c__Gammaproteobacteria|o__Enterobacterales|f__Alteromonadaceae|g__Alteromonas","Model","R2: 0.434725846190621; adjusted R2: 0.380890212494489",NA,NA,NA,NA
"1360","lm formula for season+site","k__Bacteria|p__Pseudomonadota|c__Gammaproteobacteria|o__Enterobacterales|f__Alteromonadaceae|g__Alteromonas","season",NA,NA,NA,0.0476006001115674,"*"
"1361","lm formula for season+site","k__Bacteria|p__Pseudomonadota|c__Gammaproteobacteria|o__Enterobacterales|f__Alteromonadaceae|g__Alteromonas","site",NA,NA,NA,0.0025506555434133,"**"
"1362","lm formula for season+site","k__Bacteria|p__Pseudomonadota|c__Gammaproteobacteria|o__Enterobacterales|f__Alteromonadaceae|g__Alteromonas","Residuals",NA,NA,NA,NA,NA
"1363","lm formula for season+site","k__Bacteria|p__Pseudomonadota|c__Gammaproteobacteria|o__Enterobacterales|f__Alteromonadaceae|g__Alteromonas","(Intercept)",NA,0.0208084130415641,0.0110941226573824,0.0746790028198168,"ns"
"1364","lm formula for season+site","k__Bacteria|p__Pseudomonadota|c__Gammaproteobacteria|o__Enterobacterales|f__Alteromonadaceae|g__Alteromonas","seasonSeptember",NA,-0.0269533065594489,0.0128103894053249,0.0476006001115674,"*"
"1365","lm formula for season+site","k__Bacteria|p__Pseudomonadota|c__Gammaproteobacteria|o__Enterobacterales|f__Alteromonadaceae|g__Alteromonas","siteEsteroZacatecas",NA,0.0438617296600719,0.0128103894053249,0.00255065554341329,"**"
"1366","lm formula for season+site","k__Bacteria|p__Verrucomicrobiota|c__Verrucomicrobiia|o__Verrucomicrobiales|f__Rubritaleaceae|g__Haloferula","Model","R2: 0.568381260197135; adjusted R2: 0.527274713549243",NA,NA,NA,NA
"1367","lm formula for season+site","k__Bacteria|p__Verrucomicrobiota|c__Verrucomicrobiia|o__Verrucomicrobiales|f__Rubritaleaceae|g__Haloferula","season",NA,NA,NA,0.000138027265751105,"***"
"1368","lm formula for season+site","k__Bacteria|p__Verrucomicrobiota|c__Verrucomicrobiia|o__Verrucomicrobiales|f__Rubritaleaceae|g__Haloferula","site",NA,NA,NA,0.0226971391914783,"*"
"1369","lm formula for season+site","k__Bacteria|p__Verrucomicrobiota|c__Verrucomicrobiia|o__Verrucomicrobiales|f__Rubritaleaceae|g__Haloferula","Residuals",NA,NA,NA,NA,NA
"1370","lm formula for season+site","k__Bacteria|p__Verrucomicrobiota|c__Verrucomicrobiia|o__Verrucomicrobiales|f__Rubritaleaceae|g__Haloferula","(Intercept)",NA,0.0465832857056935,0.00800164662076166,8.86626012801634e-06,"***"
"1371","lm formula for season+site","k__Bacteria|p__Verrucomicrobiota|c__Verrucomicrobiia|o__Verrucomicrobiales|f__Rubritaleaceae|g__Haloferula","seasonSeptember",NA,-0.0429486984685177,0.00923950566091401,0.000138027265751105,"***"
"1372","lm formula for season+site","k__Bacteria|p__Verrucomicrobiota|c__Verrucomicrobiia|o__Verrucomicrobiales|f__Rubritaleaceae|g__Haloferula","siteEsteroZacatecas",NA,0.0227198843625587,0.00923950566091401,0.0226971391914783,"*"
"1373","lm formula for season+site","k__Bacteria|p__Pseudomonadota|c__Alphaproteobacteria|o__Hyphomicrobiales|f__Rhizobiaceae|g__Pseudahrensia","Model","R2: 0.63934128808348; adjusted R2: 0.604992839329526",NA,NA,NA,NA
"1374","lm formula for season+site","k__Bacteria|p__Pseudomonadota|c__Alphaproteobacteria|o__Hyphomicrobiales|f__Rhizobiaceae|g__Pseudahrensia","season",NA,NA,NA,0.0451206232328472,"*"
"1375","lm formula for season+site","k__Bacteria|p__Pseudomonadota|c__Alphaproteobacteria|o__Hyphomicrobiales|f__Rhizobiaceae|g__Pseudahrensia","site",NA,NA,NA,1.12604209443887e-05,"***"
"1376","lm formula for season+site","k__Bacteria|p__Pseudomonadota|c__Alphaproteobacteria|o__Hyphomicrobiales|f__Rhizobiaceae|g__Pseudahrensia","Residuals",NA,NA,NA,NA,NA
"1377","lm formula for season+site","k__Bacteria|p__Pseudomonadota|c__Alphaproteobacteria|o__Hyphomicrobiales|f__Rhizobiaceae|g__Pseudahrensia","(Intercept)",NA,-0.00173815403990961,0.00781014334954822,0.826035369823543,"ns"
"1378","lm formula for season+site","k__Bacteria|p__Pseudomonadota|c__Alphaproteobacteria|o__Hyphomicrobiales|f__Rhizobiaceae|g__Pseudahrensia","seasonSeptember",NA,0.0192130974413271,0.00901837673054246,0.0451206232328472,"*"
"1379","lm formula for season+site","k__Bacteria|p__Pseudomonadota|c__Alphaproteobacteria|o__Hyphomicrobiales|f__Rhizobiaceae|g__Pseudahrensia","siteEsteroZacatecas",NA,0.0515611634480969,0.00901837673054246,1.12604209443887e-05,"***"
"1380","lm formula for season+site","k__Bacteria|p__Pseudomonadota|c__Alphaproteobacteria|o__Rhodobacterales|f__Paracoccaceae|g__Hasllibacter","Model","R2: 0.601581274352587; adjusted R2: 0.563636633814738",NA,NA,NA,NA
"1381","lm formula for season+site","k__Bacteria|p__Pseudomonadota|c__Alphaproteobacteria|o__Rhodobacterales|f__Paracoccaceae|g__Hasllibacter","season",NA,NA,NA,5.35668276330505e-05,"***"
"1382","lm formula for season+site","k__Bacteria|p__Pseudomonadota|c__Alphaproteobacteria|o__Rhodobacterales|f__Paracoccaceae|g__Hasllibacter","site",NA,NA,NA,0.0209600753208869,"*"
"1383","lm formula for season+site","k__Bacteria|p__Pseudomonadota|c__Alphaproteobacteria|o__Rhodobacterales|f__Paracoccaceae|g__Hasllibacter","Residuals",NA,NA,NA,NA,NA
"1384","lm formula for season+site","k__Bacteria|p__Pseudomonadota|c__Alphaproteobacteria|o__Rhodobacterales|f__Paracoccaceae|g__Hasllibacter","(Intercept)",NA,-0.00387729734966883,0.00820790500867649,0.641523632044949,"ns"
"1385","lm formula for season+site","k__Bacteria|p__Pseudomonadota|c__Alphaproteobacteria|o__Rhodobacterales|f__Paracoccaceae|g__Hasllibacter","seasonSeptember",NA,0.0478397357113125,0.0094776723324845,5.35668276330505e-05,"***"
"1386","lm formula for season+site","k__Bacteria|p__Pseudomonadota|c__Alphaproteobacteria|o__Rhodobacterales|f__Paracoccaceae|g__Hasllibacter","siteEsteroZacatecas",NA,0.0236559510462318,0.0094776723324845,0.0209600753208869,"*"
"1387","lm formula for season+site","k__Bacteria|p__Pseudomonadota|c__Gammaproteobacteria|o__Chromatiales|f__Chromatiaceae|g__Thiohalocapsa","Model","R2: 0.503355311669886; adjusted R2: 0.456055817543208",NA,NA,NA,NA
"1388","lm formula for season+site","k__Bacteria|p__Pseudomonadota|c__Gammaproteobacteria|o__Chromatiales|f__Chromatiaceae|g__Thiohalocapsa","season",NA,NA,NA,0.0309036993186376,"*"
"1389","lm formula for season+site","k__Bacteria|p__Pseudomonadota|c__Gammaproteobacteria|o__Chromatiales|f__Chromatiaceae|g__Thiohalocapsa","site",NA,NA,NA,0.000663319882908636,"***"
"1390","lm formula for season+site","k__Bacteria|p__Pseudomonadota|c__Gammaproteobacteria|o__Chromatiales|f__Chromatiaceae|g__Thiohalocapsa","Residuals",NA,NA,NA,NA,NA
"1391","lm formula for season+site","k__Bacteria|p__Pseudomonadota|c__Gammaproteobacteria|o__Chromatiales|f__Chromatiaceae|g__Thiohalocapsa","(Intercept)",NA,0.0140668742675782,0.0105306888109933,0.195912758912508,"ns"
"1392","lm formula for season+site","k__Bacteria|p__Pseudomonadota|c__Gammaproteobacteria|o__Chromatiales|f__Chromatiaceae|g__Thiohalocapsa","seasonSeptember",NA,-0.0281337485351563,0.0121597920395583,0.0309036993186376,"*"
"1393","lm formula for season+site","k__Bacteria|p__Pseudomonadota|c__Gammaproteobacteria|o__Chromatiales|f__Chromatiaceae|g__Thiohalocapsa","siteEsteroZacatecas",NA,0.0485336899608176,0.0121597920395583,0.000663319882908636,"***"
"1394","lm formula for season+site","k__Bacteria|p__Pseudomonadota|c__Gammaproteobacteria|o__Enterobacterales|f__Alteromonadaceae|g__Aestuariibacter","Model","R2: 0.377046928461563; adjusted R2: 0.317718064505521",NA,NA,NA,NA
"1395","lm formula for season+site","k__Bacteria|p__Pseudomonadota|c__Gammaproteobacteria|o__Enterobacterales|f__Alteromonadaceae|g__Aestuariibacter","season",NA,NA,NA,0.0276147882387665,"*"
"1396","lm formula for season+site","k__Bacteria|p__Pseudomonadota|c__Gammaproteobacteria|o__Enterobacterales|f__Alteromonadaceae|g__Aestuariibacter","site",NA,NA,NA,0.0144578476286599,"*"
"1397","lm formula for season+site","k__Bacteria|p__Pseudomonadota|c__Gammaproteobacteria|o__Enterobacterales|f__Alteromonadaceae|g__Aestuariibacter","Residuals",NA,NA,NA,NA,NA
"1398","lm formula for season+site","k__Bacteria|p__Pseudomonadota|c__Gammaproteobacteria|o__Enterobacterales|f__Alteromonadaceae|g__Aestuariibacter","(Intercept)",NA,0.0169004054309225,0.0123666479600624,0.186201746154483,"ns"
"1399","lm formula for season+site","k__Bacteria|p__Pseudomonadota|c__Gammaproteobacteria|o__Enterobacterales|f__Alteromonadaceae|g__Aestuariibacter","seasonSeptember",NA,-0.033800810861845,0.0142797750574307,0.0276147882387665,"*"
"1400","lm formula for season+site","k__Bacteria|p__Pseudomonadota|c__Gammaproteobacteria|o__Enterobacterales|f__Alteromonadaceae|g__Aestuariibacter","siteEsteroZacatecas",NA,0.0380697894657965,0.0142797750574307,0.0144578476286599,"*"
"1401","lm formula for season+site","k__Bacteria|p__Pseudomonadota|c__Alphaproteobacteria|o__Sphingomonadales|f__Sphingomonadaceae|g__Novosphingobium","Model","R2: 0.806725422582291; adjusted R2: 0.788318319971081",NA,NA,NA,NA
"1402","lm formula for season+site","k__Bacteria|p__Pseudomonadota|c__Alphaproteobacteria|o__Sphingomonadales|f__Sphingomonadaceae|g__Novosphingobium","season",NA,NA,NA,0.000536729057722527,"***"
"1403","lm formula for season+site","k__Bacteria|p__Pseudomonadota|c__Alphaproteobacteria|o__Sphingomonadales|f__Sphingomonadaceae|g__Novosphingobium","site",NA,NA,NA,3.54512881136262e-08,"***"
"1404","lm formula for season+site","k__Bacteria|p__Pseudomonadota|c__Alphaproteobacteria|o__Sphingomonadales|f__Sphingomonadaceae|g__Novosphingobium","Residuals",NA,NA,NA,NA,NA
"1405","lm formula for season+site","k__Bacteria|p__Pseudomonadota|c__Alphaproteobacteria|o__Sphingomonadales|f__Sphingomonadaceae|g__Novosphingobium","(Intercept)",NA,0.0481608715227165,0.00418362729736042,1.56032814406081e-10,"***"
"1406","lm formula for season+site","k__Bacteria|p__Pseudomonadota|c__Alphaproteobacteria|o__Sphingomonadales|f__Sphingomonadaceae|g__Novosphingobium","seasonSeptember",NA,0.019709486256861,0.00483083669264021,0.000536729057722528,"***"
"1407","lm formula for season+site","k__Bacteria|p__Pseudomonadota|c__Alphaproteobacteria|o__Sphingomonadales|f__Sphingomonadaceae|g__Novosphingobium","siteEsteroZacatecas",NA,-0.0407076076274609,0.00483083669264021,3.54512881136262e-08,"***"
"1408","lm formula for season+site","k__Bacteria|p__Bacteroidota|c__Bacteroidia|o__Cytophagales|f__Cyclobacteriaceae|g__Marinoscillum","Model","R2: 0.000683428523325597; adjusted R2: -0.0944895782839767",NA,NA,NA,NA
"1409","lm formula for season+site","k__Bacteria|p__Bacteroidota|c__Bacteroidia|o__Cytophagales|f__Cyclobacteriaceae|g__Marinoscillum","season",NA,NA,NA,0.9154753640528,"ns"
"1410","lm formula for season+site","k__Bacteria|p__Bacteroidota|c__Bacteroidia|o__Cytophagales|f__Cyclobacteriaceae|g__Marinoscillum","site",NA,NA,NA,0.958130987316176,"ns"
"1411","lm formula for season+site","k__Bacteria|p__Bacteroidota|c__Bacteroidia|o__Cytophagales|f__Cyclobacteriaceae|g__Marinoscillum","Residuals",NA,NA,NA,NA,NA
"1412","lm formula for season+site","k__Bacteria|p__Bacteroidota|c__Bacteroidia|o__Cytophagales|f__Cyclobacteriaceae|g__Marinoscillum","(Intercept)",NA,0.0405705220365606,0.00732625768348511,1.70387331288903e-05,"***"
"1413","lm formula for season+site","k__Bacteria|p__Bacteroidota|c__Bacteroidia|o__Cytophagales|f__Cyclobacteriaceae|g__Marinoscillum","seasonSeptember",NA,0.000908734842146154,0.00845963369142539,0.9154753640528,"ns"
"1414","lm formula for season+site","k__Bacteria|p__Bacteroidota|c__Bacteroidia|o__Cytophagales|f__Cyclobacteriaceae|g__Marinoscillum","siteEsteroZacatecas",NA,-0.000449455226523149,0.00845963369142539,0.958130987316176,"ns"
"1415","lm formula for season+site","k__Bacteria|p__Bacteroidota|c__Bacteroidia|o__Flavobacteriales|f__Flavobacteriaceae|g__Flavimarina","Model","R2: 0.193140182217529; adjusted R2: 0.11629639004777",NA,NA,NA,NA
"1416","lm formula for season+site","k__Bacteria|p__Bacteroidota|c__Bacteroidia|o__Flavobacteriales|f__Flavobacteriaceae|g__Flavimarina","season",NA,NA,NA,0.861649305879911,"ns"
"1417","lm formula for season+site","k__Bacteria|p__Bacteroidota|c__Bacteroidia|o__Flavobacteriales|f__Flavobacteriaceae|g__Flavimarina","site",NA,NA,NA,0.0364041653127677,"*"
"1418","lm formula for season+site","k__Bacteria|p__Bacteroidota|c__Bacteroidia|o__Flavobacteriales|f__Flavobacteriaceae|g__Flavimarina","Residuals",NA,NA,NA,NA,NA
"1419","lm formula for season+site","k__Bacteria|p__Bacteroidota|c__Bacteroidia|o__Flavobacteriales|f__Flavobacteriaceae|g__Flavimarina","(Intercept)",NA,0.0238965760956345,0.00855821342598288,0.010917919237345,"*"
"1420","lm formula for season+site","k__Bacteria|p__Bacteroidota|c__Bacteroidia|o__Flavobacteriales|f__Flavobacteriaceae|g__Flavimarina","seasonSeptember",NA,0.0017434765024167,0.00988217365054698,0.861649305879911,"ns"
"1421","lm formula for season+site","k__Bacteria|p__Bacteroidota|c__Bacteroidia|o__Flavobacteriales|f__Flavobacteriaceae|g__Flavimarina","siteEsteroZacatecas",NA,0.0220877073521091,0.00988217365054698,0.0364041653127677,"*"
"1422","lm formula for season+site","k__Bacteria|p__Planctomycetota|c__Planctomycetes|o__Planctomycetales|f__Rubinisphaeraceae|g__Planctomicrobium","Model","R2: 0.334652276484206; adjusted R2: 0.271285826625559",NA,NA,NA,NA
"1423","lm formula for season+site","k__Bacteria|p__Planctomycetota|c__Planctomycetes|o__Planctomycetales|f__Rubinisphaeraceae|g__Planctomicrobium","season",NA,NA,NA,0.00765378315887096,"**"
"1424","lm formula for season+site","k__Bacteria|p__Planctomycetota|c__Planctomycetes|o__Planctomycetales|f__Rubinisphaeraceae|g__Planctomicrobium","site",NA,NA,NA,0.186762140871619,"ns"
"1425","lm formula for season+site","k__Bacteria|p__Planctomycetota|c__Planctomycetes|o__Planctomycetales|f__Rubinisphaeraceae|g__Planctomicrobium","Residuals",NA,NA,NA,NA,NA
"1426","lm formula for season+site","k__Bacteria|p__Planctomycetota|c__Planctomycetes|o__Planctomycetales|f__Rubinisphaeraceae|g__Planctomicrobium","(Intercept)",NA,0.0551562364700279,0.00811940887529505,1.01955928456225e-06,"***"
"1427","lm formula for season+site","k__Bacteria|p__Planctomycetota|c__Planctomycetes|o__Planctomycetales|f__Rubinisphaeraceae|g__Planctomicrobium","seasonSeptember",NA,-0.0276533386137891,0.00937548579962447,0.00765378315887096,"**"
"1428","lm formula for season+site","k__Bacteria|p__Planctomycetota|c__Planctomycetes|o__Planctomycetales|f__Rubinisphaeraceae|g__Planctomicrobium","siteEsteroZacatecas",NA,-0.0127956573259127,0.00937548579962447,0.186762140871619,"ns"
"1429","lm formula for season+site","k__Bacteria|p__Pseudomonadota|c__Alphaproteobacteria|o__Hyphomicrobiales|f__Rhodomicrobiaceae|g__Rhodomicrobium","Model","R2: 0.124250158324637; adjusted R2: 0.0408454114984116",NA,NA,NA,NA
"1430","lm formula for season+site","k__Bacteria|p__Pseudomonadota|c__Alphaproteobacteria|o__Hyphomicrobiales|f__Rhodomicrobiaceae|g__Rhodomicrobium","season",NA,NA,NA,0.221369901412495,"ns"
"1431","lm formula for season+site","k__Bacteria|p__Pseudomonadota|c__Alphaproteobacteria|o__Hyphomicrobiales|f__Rhodomicrobiaceae|g__Rhodomicrobium","site",NA,NA,NA,0.251429417881693,"ns"
"1432","lm formula for season+site","k__Bacteria|p__Pseudomonadota|c__Alphaproteobacteria|o__Hyphomicrobiales|f__Rhodomicrobiaceae|g__Rhodomicrobium","Residuals",NA,NA,NA,NA,NA
"1433","lm formula for season+site","k__Bacteria|p__Pseudomonadota|c__Alphaproteobacteria|o__Hyphomicrobiales|f__Rhodomicrobiaceae|g__Rhodomicrobium","(Intercept)",NA,0.0473639622729018,0.00924829699665185,4.50266321899181e-05,"***"
"1434","lm formula for season+site","k__Bacteria|p__Pseudomonadota|c__Alphaproteobacteria|o__Hyphomicrobiales|f__Rhodomicrobiaceae|g__Rhodomicrobium","seasonSeptember",NA,-0.0134592506674361,0.0106790135211251,0.221369901412495,"ns"
"1435","lm formula for season+site","k__Bacteria|p__Pseudomonadota|c__Alphaproteobacteria|o__Hyphomicrobiales|f__Rhodomicrobiaceae|g__Rhodomicrobium","siteEsteroZacatecas",NA,-0.0125948033439861,0.0106790135211251,0.251429417881693,"ns"
"1436","lm formula for season+site","k__Bacteria|p__Pseudomonadota|c__Gammaproteobacteria|o__Pseudomonadales|f__Pseudohongiellaceae|g__Pseudohongiella","Model","R2: 0.344129728120178; adjusted R2: 0.281665892703052",NA,NA,NA,NA
"1437","lm formula for season+site","k__Bacteria|p__Pseudomonadota|c__Gammaproteobacteria|o__Pseudomonadales|f__Pseudohongiellaceae|g__Pseudohongiella","season",NA,NA,NA,0.0087631620298368,"**"
"1438","lm formula for season+site","k__Bacteria|p__Pseudomonadota|c__Gammaproteobacteria|o__Pseudomonadales|f__Pseudohongiellaceae|g__Pseudohongiella","site",NA,NA,NA,0.117346312122336,"ns"
"1439","lm formula for season+site","k__Bacteria|p__Pseudomonadota|c__Gammaproteobacteria|o__Pseudomonadales|f__Pseudohongiellaceae|g__Pseudohongiella","Residuals",NA,NA,NA,NA,NA
"1440","lm formula for season+site","k__Bacteria|p__Pseudomonadota|c__Gammaproteobacteria|o__Pseudomonadales|f__Pseudohongiellaceae|g__Pseudohongiella","(Intercept)",NA,0.0550215142759798,0.00796642591961463,7.98018918085732e-07,"***"
"1441","lm formula for season+site","k__Bacteria|p__Pseudomonadota|c__Gammaproteobacteria|o__Pseudomonadales|f__Pseudohongiellaceae|g__Pseudohongiella","seasonSeptember",NA,-0.0265835417832875,0.00919883629833744,0.00876316202983678,"**"
"1442","lm formula for season+site","k__Bacteria|p__Pseudomonadota|c__Gammaproteobacteria|o__Pseudomonadales|f__Pseudohongiellaceae|g__Pseudohongiella","siteEsteroZacatecas",NA,-0.0150228997007497,0.00919883629833744,0.117346312122336,"ns"
"1443","lm formula for season+site","k__Bacteria|p__Bacteroidota|c__Bacteroidia|o__Flavobacteriales|f__Flavobacteriaceae|g__Muricauda","Model","R2: 0.47879158878034; adjusted R2: 0.429152692473706",NA,NA,NA,NA
"1444","lm formula for season+site","k__Bacteria|p__Bacteroidota|c__Bacteroidia|o__Flavobacteriales|f__Flavobacteriaceae|g__Muricauda","season",NA,NA,NA,0.00685271099215048,"**"
"1445","lm formula for season+site","k__Bacteria|p__Bacteroidota|c__Bacteroidia|o__Flavobacteriales|f__Flavobacteriaceae|g__Muricauda","site",NA,NA,NA,0.00420669540094933,"**"
"1446","lm formula for season+site","k__Bacteria|p__Bacteroidota|c__Bacteroidia|o__Flavobacteriales|f__Flavobacteriaceae|g__Muricauda","Residuals",NA,NA,NA,NA,NA
"1447","lm formula for season+site","k__Bacteria|p__Bacteroidota|c__Bacteroidia|o__Flavobacteriales|f__Flavobacteriaceae|g__Muricauda","(Intercept)",NA,0.0181285678995759,0.0104734347328171,0.0981365118577188,"ns"
"1448","lm formula for season+site","k__Bacteria|p__Bacteroidota|c__Bacteroidia|o__Flavobacteriales|f__Flavobacteriaceae|g__Muricauda","seasonSeptember",NA,-0.0362571357991519,0.0120936807246639,0.00685271099215048,"**"
"1449","lm formula for season+site","k__Bacteria|p__Bacteroidota|c__Bacteroidia|o__Flavobacteriales|f__Flavobacteriaceae|g__Muricauda","siteEsteroZacatecas",NA,0.0388183437003145,0.0120936807246639,0.00420669540094933,"**"
"1450","lm formula for season+site","k__Bacteria|p__Thermodesulfobacteriota|c__Desulfobacteria|o__Desulfobacterales|f__Desulfosarcinaceae|g__Sva0081_sediment_group","Model","R2: 0.599398891949052; adjusted R2: 0.56124640546801",NA,NA,NA,NA
"1451","lm formula for season+site","k__Bacteria|p__Thermodesulfobacteriota|c__Desulfobacteria|o__Desulfobacterales|f__Desulfosarcinaceae|g__Sva0081_sediment_group","season",NA,NA,NA,2.04165369140224e-05,"***"
"1452","lm formula for season+site","k__Bacteria|p__Thermodesulfobacteriota|c__Desulfobacteria|o__Desulfobacterales|f__Desulfosarcinaceae|g__Sva0081_sediment_group","site",NA,NA,NA,0.217952800053519,"ns"
"1453","lm formula for season+site","k__Bacteria|p__Thermodesulfobacteriota|c__Desulfobacteria|o__Desulfobacterales|f__Desulfosarcinaceae|g__Sva0081_sediment_group","Residuals",NA,NA,NA,NA,NA
"1454","lm formula for season+site","k__Bacteria|p__Thermodesulfobacteriota|c__Desulfobacteria|o__Desulfobacterales|f__Desulfosarcinaceae|g__Sva0081_sediment_group","(Intercept)",NA,0.0582059175542388,0.00606726260302656,3.98731532549121e-09,"***"
"1455","lm formula for season+site","k__Bacteria|p__Thermodesulfobacteriota|c__Desulfobacteria|o__Desulfobacterales|f__Desulfosarcinaceae|g__Sva0081_sediment_group","seasonSeptember",NA,-0.0382498422031533,0.00700587139420307,2.04165369140225e-05,"***"
"1456","lm formula for season+site","k__Bacteria|p__Thermodesulfobacteriota|c__Desulfobacteria|o__Desulfobacterales|f__Desulfosarcinaceae|g__Sva0081_sediment_group","siteEsteroZacatecas",NA,-0.00889794294697147,0.00700587139420307,0.217952800053519,"ns"
"1457","lm formula for season+site","k__Bacteria|p__Rhodothermota|c__Rhodothermia|o__Rhodothermales|f__Rhodothermaceae|g__Rubricoccus","Model","R2: 0.674315945786634; adjusted R2: 0.643298416813932",NA,NA,NA,NA
"1458","lm formula for season+site","k__Bacteria|p__Rhodothermota|c__Rhodothermia|o__Rhodothermales|f__Rhodothermaceae|g__Rubricoccus","season",NA,NA,NA,2.75930623972862e-06,"***"
"1459","lm formula for season+site","k__Bacteria|p__Rhodothermota|c__Rhodothermia|o__Rhodothermales|f__Rhodothermaceae|g__Rubricoccus","site",NA,NA,NA,0.0839758664475634,"ns"
"1460","lm formula for season+site","k__Bacteria|p__Rhodothermota|c__Rhodothermia|o__Rhodothermales|f__Rhodothermaceae|g__Rubricoccus","Residuals",NA,NA,NA,NA,NA
"1461","lm formula for season+site","k__Bacteria|p__Rhodothermota|c__Rhodothermia|o__Rhodothermales|f__Rhodothermaceae|g__Rubricoccus","(Intercept)",NA,0.0255004405129868,0.00449381985371762,1.2424007132792e-05,"***"
"1462","lm formula for season+site","k__Bacteria|p__Rhodothermota|c__Rhodothermia|o__Rhodothermales|f__Rhodothermaceae|g__Rubricoccus","seasonSeptember",NA,0.032895529706497,0.00518901620446711,2.75930623972863e-06,"***"
"1463","lm formula for season+site","k__Bacteria|p__Rhodothermota|c__Rhodothermia|o__Rhodothermales|f__Rhodothermaceae|g__Rubricoccus","siteEsteroZacatecas",NA,-0.00941344107127229,0.00518901620446711,0.0839758664475635,"ns"
"1464","lm formula for season+site","k__Bacteria|p__Actinomycetota|c__Actinobacteria|o__Euzebyales|f__Euzebyaceae|g__Euzebya","Model","R2: 0.362540645001513; adjusted R2: 0.301830230239752",NA,NA,NA,NA
"1465","lm formula for season+site","k__Bacteria|p__Actinomycetota|c__Actinobacteria|o__Euzebyales|f__Euzebyaceae|g__Euzebya","season",NA,NA,NA,0.00277872428868864,"**"
"1466","lm formula for season+site","k__Bacteria|p__Actinomycetota|c__Actinobacteria|o__Euzebyales|f__Euzebyaceae|g__Euzebya","site",NA,NA,NA,0.501170977742987,"ns"
"1467","lm formula for season+site","k__Bacteria|p__Actinomycetota|c__Actinobacteria|o__Euzebyales|f__Euzebyaceae|g__Euzebya","Residuals",NA,NA,NA,NA,NA
"1468","lm formula for season+site","k__Bacteria|p__Actinomycetota|c__Actinobacteria|o__Euzebyales|f__Euzebyaceae|g__Euzebya","(Intercept)",NA,0.0295727732668591,0.0056103366662725,3.16875375522021e-05,"***"
"1469","lm formula for season+site","k__Bacteria|p__Actinomycetota|c__Actinobacteria|o__Euzebyales|f__Euzebyaceae|g__Euzebya","seasonSeptember",NA,0.0219447557823248,0.00647825876903371,0.00277872428868864,"**"
"1470","lm formula for season+site","k__Bacteria|p__Actinomycetota|c__Actinobacteria|o__Euzebyales|f__Euzebyaceae|g__Euzebya","siteEsteroZacatecas",NA,-0.0044340934912918,0.00647825876903371,0.501170977742987,"ns"
"1471","lm formula for season+site","k__Bacteria|p__Thermodesulfobacteriota|c__Desulfobulbia|o__Desulfobulbales|f__Desulfobulbaceae|g__Candidatus_Electrothrix","Model","R2: 0.305400766787051; adjusted R2: 0.239248458862008",NA,NA,NA,NA
"1472","lm formula for season+site","k__Bacteria|p__Thermodesulfobacteriota|c__Desulfobulbia|o__Desulfobulbales|f__Desulfobulbaceae|g__Candidatus_Electrothrix","season",NA,NA,NA,0.0269536154171235,"*"
"1473","lm formula for season+site","k__Bacteria|p__Thermodesulfobacteriota|c__Desulfobulbia|o__Desulfobulbales|f__Desulfobulbaceae|g__Candidatus_Electrothrix","site",NA,NA,NA,0.072492259326852,"ns"
"1474","lm formula for season+site","k__Bacteria|p__Thermodesulfobacteriota|c__Desulfobulbia|o__Desulfobulbales|f__Desulfobulbaceae|g__Candidatus_Electrothrix","Residuals",NA,NA,NA,NA,NA
"1475","lm formula for season+site","k__Bacteria|p__Thermodesulfobacteriota|c__Desulfobulbia|o__Desulfobulbales|f__Desulfobulbaceae|g__Candidatus_Electrothrix","(Intercept)",NA,0.0470227602778583,0.0122511515957824,0.000955840195577839,"***"
"1476","lm formula for season+site","k__Bacteria|p__Thermodesulfobacteriota|c__Desulfobulbia|o__Desulfobulbales|f__Desulfobulbaceae|g__Candidatus_Electrothrix","seasonSeptember",NA,-0.0336468850661713,0.0141464113434157,0.0269536154171235,"*"
"1477","lm formula for season+site","k__Bacteria|p__Thermodesulfobacteriota|c__Desulfobulbia|o__Desulfobulbales|f__Desulfobulbaceae|g__Candidatus_Electrothrix","siteEsteroZacatecas",NA,-0.0267517504233739,0.0141464113434157,0.072492259326852,"ns"
"1478","lm formula for season+site","k__Bacteria|p__Planctomycetota|c__Planctomycetes|o__Pirellulales|f__Pirellulaceae|g__Rhodopirellula","Model","R2: 0.733517971302873; adjusted R2: 0.708138730474575",NA,NA,NA,NA
"1479","lm formula for season+site","k__Bacteria|p__Planctomycetota|c__Planctomycetes|o__Pirellulales|f__Pirellulaceae|g__Rhodopirellula","season",NA,NA,NA,1.32259319355191e-06,"***"
"1480","lm formula for season+site","k__Bacteria|p__Planctomycetota|c__Planctomycetes|o__Pirellulales|f__Pirellulaceae|g__Rhodopirellula","site",NA,NA,NA,0.00152093764950371,"**"
"1481","lm formula for season+site","k__Bacteria|p__Planctomycetota|c__Planctomycetes|o__Pirellulales|f__Pirellulaceae|g__Rhodopirellula","Residuals",NA,NA,NA,NA,NA
"1482","lm formula for season+site","k__Bacteria|p__Planctomycetota|c__Planctomycetes|o__Pirellulales|f__Pirellulaceae|g__Rhodopirellula","(Intercept)",NA,0.040206606371341,0.00554540093765106,3.84052892522056e-07,"***"
"1483","lm formula for season+site","k__Bacteria|p__Planctomycetota|c__Planctomycetes|o__Pirellulales|f__Pirellulaceae|g__Rhodopirellula","seasonSeptember",NA,-0.0427315241624193,0.00640327744823448,1.32259319355191e-06,"***"
"1484","lm formula for season+site","k__Bacteria|p__Planctomycetota|c__Planctomycetes|o__Pirellulales|f__Pirellulaceae|g__Rhodopirellula","siteEsteroZacatecas",NA,0.0233263235584849,0.00640327744823448,0.00152093764950371,"**"
"1485","lm formula for season+site","k__Bacteria|p__Pseudomonadota|c__Gammaproteobacteria|o__Pseudomonadales|f__Halieaceae|g__Pseudohaliea","Model","R2: 0.534366887151367; adjusted R2: 0.490020876403878",NA,NA,NA,NA
"1486","lm formula for season+site","k__Bacteria|p__Pseudomonadota|c__Gammaproteobacteria|o__Pseudomonadales|f__Halieaceae|g__Pseudohaliea","season",NA,NA,NA,0.0025001755284155,"**"
"1487","lm formula for season+site","k__Bacteria|p__Pseudomonadota|c__Gammaproteobacteria|o__Pseudomonadales|f__Halieaceae|g__Pseudohaliea","site",NA,NA,NA,0.00208385019570561,"**"
"1488","lm formula for season+site","k__Bacteria|p__Pseudomonadota|c__Gammaproteobacteria|o__Pseudomonadales|f__Halieaceae|g__Pseudohaliea","Residuals",NA,NA,NA,NA,NA
"1489","lm formula for season+site","k__Bacteria|p__Pseudomonadota|c__Gammaproteobacteria|o__Pseudomonadales|f__Halieaceae|g__Pseudohaliea","(Intercept)",NA,0.0339148824078823,0.00614544963690562,1.78046647220847e-05,"***"
"1490","lm formula for season+site","k__Bacteria|p__Pseudomonadota|c__Gammaproteobacteria|o__Pseudomonadales|f__Halieaceae|g__Pseudohaliea","seasonSeptember",NA,-0.024356995098047,0.0070961540043175,0.00250017552841551,"**"
"1491","lm formula for season+site","k__Bacteria|p__Pseudomonadota|c__Gammaproteobacteria|o__Pseudomonadales|f__Halieaceae|g__Pseudohaliea","siteEsteroZacatecas",NA,0.0249057462422338,0.0070961540043175,0.00208385019570561,"**"
"1492","lm formula for season+site","k__Bacteria|p__Pseudomonadota|c__Alphaproteobacteria|o__Rhodobacterales|f__Paracoccaceae|g__Jannaschia","Model","R2: 0.320210438750455; adjusted R2: 0.255468575774307",NA,NA,NA,NA
"1493","lm formula for season+site","k__Bacteria|p__Pseudomonadota|c__Alphaproteobacteria|o__Rhodobacterales|f__Paracoccaceae|g__Jannaschia","season",NA,NA,NA,0.496199921129147,"ns"
"1494","lm formula for season+site","k__Bacteria|p__Pseudomonadota|c__Alphaproteobacteria|o__Rhodobacterales|f__Paracoccaceae|g__Jannaschia","site",NA,NA,NA,0.00583802991126085,"**"
"1495","lm formula for season+site","k__Bacteria|p__Pseudomonadota|c__Alphaproteobacteria|o__Rhodobacterales|f__Paracoccaceae|g__Jannaschia","Residuals",NA,NA,NA,NA,NA
"1496","lm formula for season+site","k__Bacteria|p__Pseudomonadota|c__Alphaproteobacteria|o__Rhodobacterales|f__Paracoccaceae|g__Jannaschia","(Intercept)",NA,0.0165643716137329,0.00923645232357061,0.0873292651903243,"ns"
"1497","lm formula for season+site","k__Bacteria|p__Pseudomonadota|c__Alphaproteobacteria|o__Rhodobacterales|f__Paracoccaceae|g__Jannaschia","seasonSeptember",NA,-0.00738592851499024,0.0106653364707413,0.496199921129147,"ns"
"1498","lm formula for season+site","k__Bacteria|p__Pseudomonadota|c__Alphaproteobacteria|o__Rhodobacterales|f__Paracoccaceae|g__Jannaschia","siteEsteroZacatecas",NA,0.0327207464966878,0.0106653364707413,0.00583802991126085,"**"
"1499","lm formula for season+site","k__Bacteria|p__Pseudomonadota|c__Alphaproteobacteria|o__Kiloniellales|f__Kiloniellaceae|g__Pelagibius","Model","R2: 0.417259402999014; adjusted R2: 0.361760298522729",NA,NA,NA,NA
"1500","lm formula for season+site","k__Bacteria|p__Pseudomonadota|c__Alphaproteobacteria|o__Kiloniellales|f__Kiloniellaceae|g__Pelagibius","season",NA,NA,NA,0.29205953902481,"ns"
"1501","lm formula for season+site","k__Bacteria|p__Pseudomonadota|c__Alphaproteobacteria|o__Kiloniellales|f__Kiloniellaceae|g__Pelagibius","site",NA,NA,NA,0.00125432932763647,"**"
"1502","lm formula for season+site","k__Bacteria|p__Pseudomonadota|c__Alphaproteobacteria|o__Kiloniellales|f__Kiloniellaceae|g__Pelagibius","Residuals",NA,NA,NA,NA,NA
"1503","lm formula for season+site","k__Bacteria|p__Pseudomonadota|c__Alphaproteobacteria|o__Kiloniellales|f__Kiloniellaceae|g__Pelagibius","(Intercept)",NA,0.0531712787107161,0.00797160913483603,1.33215318073055e-06,"***"
"1504","lm formula for season+site","k__Bacteria|p__Pseudomonadota|c__Alphaproteobacteria|o__Kiloniellales|f__Kiloniellaceae|g__Pelagibius","seasonSeptember",NA,-0.00994820944427358,0.00920482135974413,0.29205953902481,"ns"
"1505","lm formula for season+site","k__Bacteria|p__Pseudomonadota|c__Alphaproteobacteria|o__Kiloniellales|f__Kiloniellaceae|g__Pelagibius","siteEsteroZacatecas",NA,-0.0342792463150668,0.00920482135974413,0.00125432932763647,"**"
"1506","lm formula for season+site","k__Bacteria|p__Pseudomonadota|c__Alphaproteobacteria|o__Caulobacterales|f__Hyphomonadaceae|g__Euryhalocaulis","Model","R2: 0.070126941736569; adjusted R2: -0.0184323971456626",NA,NA,NA,NA
"1507","lm formula for season+site","k__Bacteria|p__Pseudomonadota|c__Alphaproteobacteria|o__Caulobacterales|f__Hyphomonadaceae|g__Euryhalocaulis","season",NA,NA,NA,0.360209617502467,"ns"
"1508","lm formula for season+site","k__Bacteria|p__Pseudomonadota|c__Alphaproteobacteria|o__Caulobacterales|f__Hyphomonadaceae|g__Euryhalocaulis","site",NA,NA,NA,0.40934944084632,"ns"
"1509","lm formula for season+site","k__Bacteria|p__Pseudomonadota|c__Alphaproteobacteria|o__Caulobacterales|f__Hyphomonadaceae|g__Euryhalocaulis","Residuals",NA,NA,NA,NA,NA
"1510","lm formula for season+site","k__Bacteria|p__Pseudomonadota|c__Alphaproteobacteria|o__Caulobacterales|f__Hyphomonadaceae|g__Euryhalocaulis","(Intercept)",NA,0.040188399894171,0.0102533236048374,0.000787331495732359,"***"
"1511","lm formula for season+site","k__Bacteria|p__Pseudomonadota|c__Alphaproteobacteria|o__Caulobacterales|f__Hyphomonadaceae|g__Euryhalocaulis","seasonSeptember",NA,-0.011074811224901,0.0118395182866825,0.360209617502467,"ns"
"1512","lm formula for season+site","k__Bacteria|p__Pseudomonadota|c__Alphaproteobacteria|o__Caulobacterales|f__Hyphomonadaceae|g__Euryhalocaulis","siteEsteroZacatecas",NA,-0.00996726229006666,0.0118395182866825,0.40934944084632,"ns"
"1513","lm formula for season+site","k__Bacteria|p__Actinomycetota|c__Actinobacteria|o__Frankiales|f__Sporichthyaceae|g__Sporichthya","Model","R2: 0.536548799442269; adjusted R2: 0.492410589865342",NA,NA,NA,NA
"1514","lm formula for season+site","k__Bacteria|p__Actinomycetota|c__Actinobacteria|o__Frankiales|f__Sporichthyaceae|g__Sporichthya","season",NA,NA,NA,9.97598201387226e-05,"***"
"1515","lm formula for season+site","k__Bacteria|p__Actinomycetota|c__Actinobacteria|o__Frankiales|f__Sporichthyaceae|g__Sporichthya","site",NA,NA,NA,0.24717366395145,"ns"
"1516","lm formula for season+site","k__Bacteria|p__Actinomycetota|c__Actinobacteria|o__Frankiales|f__Sporichthyaceae|g__Sporichthya","Residuals",NA,NA,NA,NA,NA
"1517","lm formula for season+site","k__Bacteria|p__Actinomycetota|c__Actinobacteria|o__Frankiales|f__Sporichthyaceae|g__Sporichthya","(Intercept)",NA,0.00585561785266463,0.00852003773981893,0.499429378078559,"ns"
"1518","lm formula for season+site","k__Bacteria|p__Actinomycetota|c__Actinobacteria|o__Frankiales|f__Sporichthyaceae|g__Sporichthya","seasonSeptember",NA,0.0470741853693069,0.00983809216518046,9.97598201387225e-05,"***"
"1519","lm formula for season+site","k__Bacteria|p__Actinomycetota|c__Actinobacteria|o__Frankiales|f__Sporichthyaceae|g__Sporichthya","siteEsteroZacatecas",NA,-0.0117112357053292,0.00983809216518046,0.24717366395145,"ns"
"1520","lm formula for season+site","k__Bacteria|p__Pseudomonadota|c__Gammaproteobacteria|o__Pseudomonadales|f__Alcanivoracaceae|g__Ketobacter","Model","R2: 0.19424911589113; adjusted R2: 0.117510936452189",NA,NA,NA,NA
"1521","lm formula for season+site","k__Bacteria|p__Pseudomonadota|c__Gammaproteobacteria|o__Pseudomonadales|f__Alcanivoracaceae|g__Ketobacter","season",NA,NA,NA,0.55185998618247,"ns"
"1522","lm formula for season+site","k__Bacteria|p__Pseudomonadota|c__Gammaproteobacteria|o__Pseudomonadales|f__Alcanivoracaceae|g__Ketobacter","site",NA,NA,NA,0.04185946365164,"*"
"1523","lm formula for season+site","k__Bacteria|p__Pseudomonadota|c__Gammaproteobacteria|o__Pseudomonadales|f__Alcanivoracaceae|g__Ketobacter","Residuals",NA,NA,NA,NA,NA
"1524","lm formula for season+site","k__Bacteria|p__Pseudomonadota|c__Gammaproteobacteria|o__Pseudomonadales|f__Alcanivoracaceae|g__Ketobacter","(Intercept)",NA,0.043200287291097,0.00928293395810877,0.000136277876560006,"***"
"1525","lm formula for season+site","k__Bacteria|p__Pseudomonadota|c__Gammaproteobacteria|o__Pseudomonadales|f__Alcanivoracaceae|g__Ketobacter","seasonSeptember",NA,-0.00648173255933911,0.0107190088391672,0.55185998618247,"ns"
"1526","lm formula for season+site","k__Bacteria|p__Pseudomonadota|c__Gammaproteobacteria|o__Pseudomonadales|f__Alcanivoracaceae|g__Ketobacter","siteEsteroZacatecas",NA,-0.0232308143271435,0.0107190088391672,0.04185946365164,"*"
"1527","lm formula for season+site","k__Bacteria|p__Actinomycetota|c__Acidimicrobiia|o__Microtrichales|f__Iamiaceae|g__Iamia","Model","R2: 0.542973456215171; adjusted R2: 0.499447118711854",NA,NA,NA,NA
"1528","lm formula for season+site","k__Bacteria|p__Actinomycetota|c__Acidimicrobiia|o__Microtrichales|f__Iamiaceae|g__Iamia","season",NA,NA,NA,9.66555671888036e-05,"***"
"1529","lm formula for season+site","k__Bacteria|p__Actinomycetota|c__Acidimicrobiia|o__Microtrichales|f__Iamiaceae|g__Iamia","site",NA,NA,NA,0.179699134146893,"ns"
"1530","lm formula for season+site","k__Bacteria|p__Actinomycetota|c__Acidimicrobiia|o__Microtrichales|f__Iamiaceae|g__Iamia","Residuals",NA,NA,NA,NA,NA
"1531","lm formula for season+site","k__Bacteria|p__Actinomycetota|c__Acidimicrobiia|o__Microtrichales|f__Iamiaceae|g__Iamia","(Intercept)",NA,0.0190038175313589,0.00615918451819336,0.00560786006364936,"**"
"1532","lm formula for season+site","k__Bacteria|p__Actinomycetota|c__Acidimicrobiia|o__Microtrichales|f__Iamiaceae|g__Iamia","seasonSeptember",NA,0.0341248817982359,0.00711201367913502,9.66555671888036e-05,"***"
"1533","lm formula for season+site","k__Bacteria|p__Actinomycetota|c__Acidimicrobiia|o__Microtrichales|f__Iamiaceae|g__Iamia","siteEsteroZacatecas",NA,-0.00987121852048421,0.00711201367913502,0.179699134146893,"ns"
"1534","lm formula for season+site","k__Bacteria|p__Pseudomonadota|c__Alphaproteobacteria|o__Rhodobacterales|f__Paracoccaceae|g__Marivita","Model","R2: 0.443022862755019; adjusted R2: 0.389977421112639",NA,NA,NA,NA
"1535","lm formula for season+site","k__Bacteria|p__Pseudomonadota|c__Alphaproteobacteria|o__Rhodobacterales|f__Paracoccaceae|g__Marivita","season",NA,NA,NA,0.000669021458632293,"***"
"1536","lm formula for season+site","k__Bacteria|p__Pseudomonadota|c__Alphaproteobacteria|o__Rhodobacterales|f__Paracoccaceae|g__Marivita","site",NA,NA,NA,0.380813293950628,"ns"
"1537","lm formula for season+site","k__Bacteria|p__Pseudomonadota|c__Alphaproteobacteria|o__Rhodobacterales|f__Paracoccaceae|g__Marivita","Residuals",NA,NA,NA,NA,NA
"1538","lm formula for season+site","k__Bacteria|p__Pseudomonadota|c__Alphaproteobacteria|o__Rhodobacterales|f__Paracoccaceae|g__Marivita","(Intercept)",NA,0.0385646747761712,0.00906482324890283,0.000353695240000207,"***"
"1539","lm formula for season+site","k__Bacteria|p__Pseudomonadota|c__Alphaproteobacteria|o__Rhodobacterales|f__Paracoccaceae|g__Marivita","seasonSeptember",NA,-0.0417403279257912,0.0104671562858209,0.000669021458632293,"***"
"1540","lm formula for season+site","k__Bacteria|p__Pseudomonadota|c__Alphaproteobacteria|o__Rhodobacterales|f__Paracoccaceae|g__Marivita","siteEsteroZacatecas",NA,0.00937046814695855,0.0104671562858209,0.380813293950628,"ns"
"1541","lm formula for season+site","k__Bacteria|p__Pseudomonadota|c__Alphaproteobacteria|o__Rhodobacterales|f__Paracoccaceae|g__Allosediminivita","Model","R2: 0.455372366162476; adjusted R2: 0.40350306770176",NA,NA,NA,NA
"1542","lm formula for season+site","k__Bacteria|p__Pseudomonadota|c__Alphaproteobacteria|o__Rhodobacterales|f__Paracoccaceae|g__Allosediminivita","season",NA,NA,NA,0.0153472977000747,"*"
"1543","lm formula for season+site","k__Bacteria|p__Pseudomonadota|c__Alphaproteobacteria|o__Rhodobacterales|f__Paracoccaceae|g__Allosediminivita","site",NA,NA,NA,0.00378763154451765,"**"
"1544","lm formula for season+site","k__Bacteria|p__Pseudomonadota|c__Alphaproteobacteria|o__Rhodobacterales|f__Paracoccaceae|g__Allosediminivita","Residuals",NA,NA,NA,NA,NA
"1545","lm formula for season+site","k__Bacteria|p__Pseudomonadota|c__Alphaproteobacteria|o__Rhodobacterales|f__Paracoccaceae|g__Allosediminivita","(Intercept)",NA,0.0296479543868505,0.00781663243685657,0.00106475447387739,"**"
"1546","lm formula for season+site","k__Bacteria|p__Pseudomonadota|c__Alphaproteobacteria|o__Rhodobacterales|f__Paracoccaceae|g__Allosediminivita","seasonSeptember",NA,0.023818474379411,0.009025869683151,0.0153472977000747,"*"
"1547","lm formula for season+site","k__Bacteria|p__Pseudomonadota|c__Alphaproteobacteria|o__Rhodobacterales|f__Paracoccaceae|g__Allosediminivita","siteEsteroZacatecas",NA,-0.0293786153088519,0.009025869683151,0.00378763154451765,"**"
"1548","lm formula for season+site","k__Bacteria|p__Pseudomonadota|c__Alphaproteobacteria|o__Kiloniellales|f__Kiloniellaceae|g__Limibacillus","Model","R2: 0.241989010778406; adjusted R2: 0.169797487995397",NA,NA,NA,NA
"1549","lm formula for season+site","k__Bacteria|p__Pseudomonadota|c__Alphaproteobacteria|o__Kiloniellales|f__Kiloniellaceae|g__Limibacillus","season",NA,NA,NA,0.130798843159139,"ns"
"1550","lm formula for season+site","k__Bacteria|p__Pseudomonadota|c__Alphaproteobacteria|o__Kiloniellales|f__Kiloniellaceae|g__Limibacillus","site",NA,NA,NA,0.052311458029842,"ns"
"1551","lm formula for season+site","k__Bacteria|p__Pseudomonadota|c__Alphaproteobacteria|o__Kiloniellales|f__Kiloniellaceae|g__Limibacillus","Residuals",NA,NA,NA,NA,NA
"1552","lm formula for season+site","k__Bacteria|p__Pseudomonadota|c__Alphaproteobacteria|o__Kiloniellales|f__Kiloniellaceae|g__Limibacillus","(Intercept)",NA,0.0465624656665745,0.00846069231578192,1.844773927489e-05,"***"
"1553","lm formula for season+site","k__Bacteria|p__Pseudomonadota|c__Alphaproteobacteria|o__Kiloniellales|f__Kiloniellaceae|g__Limibacillus","seasonSeptember",NA,-0.0153618792378922,0.00976956597209458,0.130798843159139,"ns"
"1554","lm formula for season+site","k__Bacteria|p__Pseudomonadota|c__Alphaproteobacteria|o__Kiloniellales|f__Kiloniellaceae|g__Limibacillus","siteEsteroZacatecas",NA,-0.0200967672919713,0.00976956597209458,0.052311458029842,"ns"
"1555","lm formula for season+site","k__Bacteria|p__Thermodesulfobacteriota|c__Desulfobacteria|o__Desulfobacterales|f__Desulfosarcinaceae|g__Desulfosarcina","Model","R2: 0.440588764454882; adjusted R2: 0.387311503926776",NA,NA,NA,NA
"1556","lm formula for season+site","k__Bacteria|p__Thermodesulfobacteriota|c__Desulfobacteria|o__Desulfobacterales|f__Desulfosarcinaceae|g__Desulfosarcina","season",NA,NA,NA,0.0146482428662083,"*"
"1557","lm formula for season+site","k__Bacteria|p__Thermodesulfobacteriota|c__Desulfobacteria|o__Desulfobacterales|f__Desulfosarcinaceae|g__Desulfosarcina","site",NA,NA,NA,0.00572730127458475,"**"
"1558","lm formula for season+site","k__Bacteria|p__Thermodesulfobacteriota|c__Desulfobacteria|o__Desulfobacterales|f__Desulfosarcinaceae|g__Desulfosarcina","Residuals",NA,NA,NA,NA,NA
"1559","lm formula for season+site","k__Bacteria|p__Thermodesulfobacteriota|c__Desulfobacteria|o__Desulfobacterales|f__Desulfosarcinaceae|g__Desulfosarcina","(Intercept)",NA,0.050921176637519,0.00840268013594486,5.1594474290347e-06,"***"
"1560","lm formula for season+site","k__Bacteria|p__Thermodesulfobacteriota|c__Desulfobacteria|o__Desulfobacterales|f__Desulfosarcinaceae|g__Desulfosarcina","seasonSeptember",NA,-0.0258095077314843,0.00970257927680417,0.0146482428662083,"*"
"1561","lm formula for season+site","k__Bacteria|p__Thermodesulfobacteriota|c__Desulfobacteria|o__Desulfobacterales|f__Desulfosarcinaceae|g__Desulfosarcina","siteEsteroZacatecas",NA,-0.0298478732352117,0.00970257927680417,0.00572730127458475,"**"
"1562","lm formula for season+site","k__Bacteria|p__Cyanobacteriota|c__Cyanobacteriia|o__Cyanobacteriales|f__Xenococcaceae|g__Gloeocapsopsis_BDHKU_35101","Model","R2: 0.22092621133282; adjusted R2: 0.146728707650231",NA,NA,NA,NA
"1563","lm formula for season+site","k__Bacteria|p__Cyanobacteriota|c__Cyanobacteriia|o__Cyanobacteriales|f__Xenococcaceae|g__Gloeocapsopsis_BDHKU_35101","season",NA,NA,NA,0.259862183988041,"ns"
"1564","lm formula for season+site","k__Bacteria|p__Cyanobacteriota|c__Cyanobacteriia|o__Cyanobacteriales|f__Xenococcaceae|g__Gloeocapsopsis_BDHKU_35101","site",NA,NA,NA,0.0435332172127312,"*"
"1565","lm formula for season+site","k__Bacteria|p__Cyanobacteriota|c__Cyanobacteriia|o__Cyanobacteriales|f__Xenococcaceae|g__Gloeocapsopsis_BDHKU_35101","Residuals",NA,NA,NA,NA,NA
"1566","lm formula for season+site","k__Bacteria|p__Cyanobacteriota|c__Cyanobacteriia|o__Cyanobacteriales|f__Xenococcaceae|g__Gloeocapsopsis_BDHKU_35101","(Intercept)",NA,0.00756888911794347,0.0113209169943261,0.511049166864827,"ns"
"1567","lm formula for season+site","k__Bacteria|p__Cyanobacteriota|c__Cyanobacteriia|o__Cyanobacteriales|f__Xenococcaceae|g__Gloeocapsopsis_BDHKU_35101","seasonSeptember",NA,-0.0151377782358869,0.0130722689482952,0.259862183988042,"ns"
"1568","lm formula for season+site","k__Bacteria|p__Cyanobacteriota|c__Cyanobacteriia|o__Cyanobacteriales|f__Xenococcaceae|g__Gloeocapsopsis_BDHKU_35101","siteEsteroZacatecas",NA,0.0280798442936598,0.0130722689482952,0.0435332172127312,"*"
"1569","lm formula for season+site","k__Bacteria|p__Actinomycetota|c__Actinobacteria|o__Frankiales|f__Geodermatophilaceae|g__Geodermatophilus","Model","R2: 0.710197706987914; adjusted R2: 0.68259748860581",NA,NA,NA,NA
"1570","lm formula for season+site","k__Bacteria|p__Actinomycetota|c__Actinobacteria|o__Frankiales|f__Geodermatophilaceae|g__Geodermatophilus","season",NA,NA,NA,9.07443505117976e-06,"***"
"1571","lm formula for season+site","k__Bacteria|p__Actinomycetota|c__Actinobacteria|o__Frankiales|f__Geodermatophilaceae|g__Geodermatophilus","site",NA,NA,NA,0.000397190558844358,"***"
"1572","lm formula for season+site","k__Bacteria|p__Actinomycetota|c__Actinobacteria|o__Frankiales|f__Geodermatophilaceae|g__Geodermatophilus","Residuals",NA,NA,NA,NA,NA
"1573","lm formula for season+site","k__Bacteria|p__Actinomycetota|c__Actinobacteria|o__Frankiales|f__Geodermatophilaceae|g__Geodermatophilus","(Intercept)",NA,0.027319413720584,0.00395736634971817,8.03601870920792e-07,"***"
"1574","lm formula for season+site","k__Bacteria|p__Actinomycetota|c__Actinobacteria|o__Frankiales|f__Geodermatophilaceae|g__Geodermatophilus","seasonSeptember",NA,0.0265563323695224,0.0045695730545835,9.07443505117976e-06,"***"
"1575","lm formula for season+site","k__Bacteria|p__Actinomycetota|c__Actinobacteria|o__Frankiales|f__Geodermatophilaceae|g__Geodermatophilus","siteEsteroZacatecas",NA,-0.019218846812956,0.0045695730545835,0.000397190558844358,"***"
"1576","lm formula for season+site","k__Bacteria|p__Bacteroidota|c__Bacteroidia|o__Flavobacteriales|f__Blattabacteriaceae|g__Candidatus_Uzinura","Model","R2: 0.178732271591736; adjusted R2: 0.100516297457616",NA,NA,NA,NA
"1577","lm formula for season+site","k__Bacteria|p__Bacteroidota|c__Bacteroidia|o__Flavobacteriales|f__Blattabacteriaceae|g__Candidatus_Uzinura","season",NA,NA,NA,0.145523893582994,"ns"
"1578","lm formula for season+site","k__Bacteria|p__Bacteroidota|c__Bacteroidia|o__Flavobacteriales|f__Blattabacteriaceae|g__Candidatus_Uzinura","site",NA,NA,NA,0.145523893582994,"ns"
"1579","lm formula for season+site","k__Bacteria|p__Bacteroidota|c__Bacteroidia|o__Flavobacteriales|f__Blattabacteriaceae|g__Candidatus_Uzinura","Residuals",NA,NA,NA,NA,NA
"1580","lm formula for season+site","k__Bacteria|p__Bacteroidota|c__Bacteroidia|o__Flavobacteriales|f__Blattabacteriaceae|g__Candidatus_Uzinura","(Intercept)",NA,0.0104951273160305,0.0120252629178624,0.392666009927626,"ns"
"1581","lm formula for season+site","k__Bacteria|p__Bacteroidota|c__Bacteroidia|o__Flavobacteriales|f__Blattabacteriaceae|g__Candidatus_Uzinura","seasonSeptember",NA,0.0209902546320609,0.0138855775654077,0.145523893582994,"ns"
"1582","lm formula for season+site","k__Bacteria|p__Bacteroidota|c__Bacteroidia|o__Flavobacteriales|f__Blattabacteriaceae|g__Candidatus_Uzinura","siteEsteroZacatecas",NA,-0.0209902546320609,0.0138855775654077,0.145523893582994,"ns"
"1583","lm formula for season+site","k__Bacteria|p__Bacteroidota|c__Bacteroidia|o__Flavobacteriales|f__Flavobacteriaceae|g__Pricia","Model","R2: 0.414064565250857; adjusted R2: 0.358261190512843",NA,NA,NA,NA
"1584","lm formula for season+site","k__Bacteria|p__Bacteroidota|c__Bacteroidia|o__Flavobacteriales|f__Flavobacteriaceae|g__Pricia","season",NA,NA,NA,0.0127146101506733,"*"
"1585","lm formula for season+site","k__Bacteria|p__Bacteroidota|c__Bacteroidia|o__Flavobacteriales|f__Flavobacteriaceae|g__Pricia","site",NA,NA,NA,0.0127146101506733,"*"
"1586","lm formula for season+site","k__Bacteria|p__Bacteroidota|c__Bacteroidia|o__Flavobacteriales|f__Flavobacteriaceae|g__Pricia","Residuals",NA,NA,NA,NA,NA
"1587","lm formula for season+site","k__Bacteria|p__Bacteroidota|c__Bacteroidia|o__Flavobacteriales|f__Flavobacteriaceae|g__Pricia","(Intercept)",NA,0.0150212416012769,0.00955130377037544,0.130736675369376,"ns"
"1588","lm formula for season+site","k__Bacteria|p__Bacteroidota|c__Bacteroidia|o__Flavobacteriales|f__Flavobacteriaceae|g__Pricia","seasonSeptember",NA,-0.0300424832025537,0.0110288956058763,0.0127146101506733,"*"
"1589","lm formula for season+site","k__Bacteria|p__Bacteroidota|c__Bacteroidia|o__Flavobacteriales|f__Flavobacteriaceae|g__Pricia","siteEsteroZacatecas",NA,0.0300424832025537,0.0110288956058763,0.0127146101506733,"*"
"1590","lm formula for season+site","k__Bacteria|p__Verrucomicrobiota|c__Verrucomicrobiia|o__Verrucomicrobiales|f__Rubritaleaceae|g__Roseibacillus","Model","R2: 0.350955006920599; adjusted R2: 0.289141198055894",NA,NA,NA,NA
"1591","lm formula for season+site","k__Bacteria|p__Verrucomicrobiota|c__Verrucomicrobiia|o__Verrucomicrobiales|f__Rubritaleaceae|g__Roseibacillus","season",NA,NA,NA,0.00415092151391618,"**"
"1592","lm formula for season+site","k__Bacteria|p__Verrucomicrobiota|c__Verrucomicrobiia|o__Verrucomicrobiales|f__Rubritaleaceae|g__Roseibacillus","site",NA,NA,NA,0.325069423940543,"ns"
"1593","lm formula for season+site","k__Bacteria|p__Verrucomicrobiota|c__Verrucomicrobiia|o__Verrucomicrobiales|f__Rubritaleaceae|g__Roseibacillus","Residuals",NA,NA,NA,NA,NA
"1594","lm formula for season+site","k__Bacteria|p__Verrucomicrobiota|c__Verrucomicrobiia|o__Verrucomicrobiales|f__Rubritaleaceae|g__Roseibacillus","(Intercept)",NA,0.0305077769110483,0.00936943420485909,0.00377740216931693,"**"
"1595","lm formula for season+site","k__Bacteria|p__Verrucomicrobiota|c__Verrucomicrobiia|o__Verrucomicrobiales|f__Rubritaleaceae|g__Roseibacillus","seasonSeptember",NA,-0.0347886996474605,0.0108188907206598,0.00415092151391618,"**"
"1596","lm formula for season+site","k__Bacteria|p__Verrucomicrobiota|c__Verrucomicrobiia|o__Verrucomicrobiales|f__Rubritaleaceae|g__Roseibacillus","siteEsteroZacatecas",NA,0.0109021939862529,0.0108188907206598,0.325069423940543,"ns"
"1597","lm formula for season+site","k__Bacteria|p__Pseudomonadota|c__Alphaproteobacteria|o__Sphingomonadales|f__Sphingomonadaceae|g__Paraurantiacibacter","Model","R2: 0.805398151694616; adjusted R2: 0.786864642332199",NA,NA,NA,NA
"1598","lm formula for season+site","k__Bacteria|p__Pseudomonadota|c__Alphaproteobacteria|o__Sphingomonadales|f__Sphingomonadaceae|g__Paraurantiacibacter","season",NA,NA,NA,1.00509743680509e-08,"***"
"1599","lm formula for season+site","k__Bacteria|p__Pseudomonadota|c__Alphaproteobacteria|o__Sphingomonadales|f__Sphingomonadaceae|g__Paraurantiacibacter","site",NA,NA,NA,0.0502853863653886,"ns"
"1600","lm formula for season+site","k__Bacteria|p__Pseudomonadota|c__Alphaproteobacteria|o__Sphingomonadales|f__Sphingomonadaceae|g__Paraurantiacibacter","Residuals",NA,NA,NA,NA,NA
"1601","lm formula for season+site","k__Bacteria|p__Pseudomonadota|c__Alphaproteobacteria|o__Sphingomonadales|f__Sphingomonadaceae|g__Paraurantiacibacter","(Intercept)",NA,-0.00356848996796038,0.00435507056667466,0.421767897974377,"ns"
"1602","lm formula for season+site","k__Bacteria|p__Pseudomonadota|c__Alphaproteobacteria|o__Sphingomonadales|f__Sphingomonadaceae|g__Paraurantiacibacter","seasonSeptember",NA,0.0457039353065501,0.00502880232801886,1.00509743680509e-08,"***"
"1603","lm formula for season+site","k__Bacteria|p__Pseudomonadota|c__Alphaproteobacteria|o__Sphingomonadales|f__Sphingomonadaceae|g__Paraurantiacibacter","siteEsteroZacatecas",NA,0.0104437237447674,0.00502880232801886,0.0502853863653887,"ns"
"1604","lm formula for season+site","k__Bacteria|p__Bacteroidota|c__Bacteroidia|o__Flavobacteriales|f__Flavobacteriaceae|g__Nonlabens","Model","R2: 0.654745005175462; adjusted R2: 0.621863577096934",NA,NA,NA,NA
"1605","lm formula for season+site","k__Bacteria|p__Bacteroidota|c__Bacteroidia|o__Flavobacteriales|f__Flavobacteriaceae|g__Nonlabens","season",NA,NA,NA,0.0019779972431797,"**"
"1606","lm formula for season+site","k__Bacteria|p__Bacteroidota|c__Bacteroidia|o__Flavobacteriales|f__Flavobacteriaceae|g__Nonlabens","site",NA,NA,NA,3.49074883365936e-05,"***"
"1607","lm formula for season+site","k__Bacteria|p__Bacteroidota|c__Bacteroidia|o__Flavobacteriales|f__Flavobacteriaceae|g__Nonlabens","Residuals",NA,NA,NA,NA,NA
"1608","lm formula for season+site","k__Bacteria|p__Bacteroidota|c__Bacteroidia|o__Flavobacteriales|f__Flavobacteriaceae|g__Nonlabens","(Intercept)",NA,0.0133647188003729,0.00655419883609981,0.0542229417915781,"ns"
"1609","lm formula for season+site","k__Bacteria|p__Bacteroidota|c__Bacteroidia|o__Flavobacteriales|f__Flavobacteriaceae|g__Nonlabens","seasonSeptember",NA,-0.0267294376007458,0.00756813692468912,0.0019779972431797,"**"
"1610","lm formula for season+site","k__Bacteria|p__Bacteroidota|c__Bacteroidia|o__Flavobacteriales|f__Flavobacteriaceae|g__Nonlabens","siteEsteroZacatecas",NA,0.0395797826931585,0.00756813692468912,3.49074883365936e-05,"***"
"1611","lm formula for season+site","k__Bacteria|p__Pseudomonadota|c__Gammaproteobacteria|o__Salinisphaerales|f__Salinisphaeraceae|g__Salinisphaera","Model","R2: 0.775857113864219; adjusted R2: 0.754510172327478",NA,NA,NA,NA
"1612","lm formula for season+site","k__Bacteria|p__Pseudomonadota|c__Gammaproteobacteria|o__Salinisphaerales|f__Salinisphaeraceae|g__Salinisphaera","season",NA,NA,NA,1.48775522479828e-07,"***"
"1613","lm formula for season+site","k__Bacteria|p__Pseudomonadota|c__Gammaproteobacteria|o__Salinisphaerales|f__Salinisphaeraceae|g__Salinisphaera","site",NA,NA,NA,0.00151568016402353,"**"
"1614","lm formula for season+site","k__Bacteria|p__Pseudomonadota|c__Gammaproteobacteria|o__Salinisphaerales|f__Salinisphaeraceae|g__Salinisphaera","Residuals",NA,NA,NA,NA,NA
"1615","lm formula for season+site","k__Bacteria|p__Pseudomonadota|c__Gammaproteobacteria|o__Salinisphaerales|f__Salinisphaeraceae|g__Salinisphaera","(Intercept)",NA,0.0117931628557093,0.00480966710159087,0.023041884082043,"*"
"1616","lm formula for season+site","k__Bacteria|p__Pseudomonadota|c__Gammaproteobacteria|o__Salinisphaerales|f__Salinisphaeraceae|g__Salinisphaera","seasonSeptember",NA,0.0428066043126672,0.00555372519163196,1.48775522479828e-07,"***"
"1617","lm formula for season+site","k__Bacteria|p__Pseudomonadota|c__Gammaproteobacteria|o__Salinisphaerales|f__Salinisphaeraceae|g__Salinisphaera","siteEsteroZacatecas",NA,-0.0202396234717744,0.00555372519163196,0.00151568016402353,"**"
"1618","lm formula for season+site","k__Bacteria|p__Bacteroidota|c__Bacteroidia|o__Cytophagales|f__Cyclobacteriaceae|g__Catalinimonas","Model","R2: 0.507238919688638; adjusted R2: 0.460309292992318",NA,NA,NA,NA
"1619","lm formula for season+site","k__Bacteria|p__Bacteroidota|c__Bacteroidia|o__Cytophagales|f__Cyclobacteriaceae|g__Catalinimonas","season",NA,NA,NA,0.61932519772466,"ns"
"1620","lm formula for season+site","k__Bacteria|p__Bacteroidota|c__Bacteroidia|o__Cytophagales|f__Cyclobacteriaceae|g__Catalinimonas","site",NA,NA,NA,0.000146984708547374,"***"
"1621","lm formula for season+site","k__Bacteria|p__Bacteroidota|c__Bacteroidia|o__Cytophagales|f__Cyclobacteriaceae|g__Catalinimonas","Residuals",NA,NA,NA,NA,NA
"1622","lm formula for season+site","k__Bacteria|p__Bacteroidota|c__Bacteroidia|o__Cytophagales|f__Cyclobacteriaceae|g__Catalinimonas","(Intercept)",NA,0.0435398603011312,0.00389143895448119,2.61837394349876e-10,"***"
"1623","lm formula for season+site","k__Bacteria|p__Bacteroidota|c__Bacteroidia|o__Cytophagales|f__Cyclobacteriaceae|g__Catalinimonas","seasonSeptember",NA,-0.00226588710966426,0.00449344665580942,0.61932519772466,"ns"
"1624","lm formula for season+site","k__Bacteria|p__Bacteroidota|c__Bacteroidia|o__Cytophagales|f__Cyclobacteriaceae|g__Catalinimonas","siteEsteroZacatecas",NA,-0.0207686302830522,0.00449344665580942,0.000146984708547374,"***"
"1625","lm formula for season+site","k__Bacteria|p__Pseudomonadota|c__Alphaproteobacteria|o__Hyphomicrobiales|f__Rhizobiaceae|g__Aurantimonas","Model","R2: 0.597002172399177; adjusted R2: 0.558621426913384",NA,NA,NA,NA
"1626","lm formula for season+site","k__Bacteria|p__Pseudomonadota|c__Alphaproteobacteria|o__Hyphomicrobiales|f__Rhizobiaceae|g__Aurantimonas","season",NA,NA,NA,7.2250666189746e-05,"***"
"1627","lm formula for season+site","k__Bacteria|p__Pseudomonadota|c__Alphaproteobacteria|o__Hyphomicrobiales|f__Rhizobiaceae|g__Aurantimonas","site",NA,NA,NA,0.0158046609697716,"*"
"1628","lm formula for season+site","k__Bacteria|p__Pseudomonadota|c__Alphaproteobacteria|o__Hyphomicrobiales|f__Rhizobiaceae|g__Aurantimonas","Residuals",NA,NA,NA,NA,NA
"1629","lm formula for season+site","k__Bacteria|p__Pseudomonadota|c__Alphaproteobacteria|o__Hyphomicrobiales|f__Rhizobiaceae|g__Aurantimonas","(Intercept)",NA,0.0212196462931708,0.00511878558530626,0.000458902420612487,"***"
"1630","lm formula for season+site","k__Bacteria|p__Pseudomonadota|c__Alphaproteobacteria|o__Hyphomicrobiales|f__Rhizobiaceae|g__Aurantimonas","seasonSeptember",NA,0.0290861803351872,0.00591066447120109,7.22506661897462e-05,"***"
"1631","lm formula for season+site","k__Bacteria|p__Pseudomonadota|c__Alphaproteobacteria|o__Hyphomicrobiales|f__Rhizobiaceae|g__Aurantimonas","siteEsteroZacatecas",NA,-0.0155187906622613,0.00591066447120109,0.0158046609697716,"*"
"1632","lm formula for season+site","k__Bacteria|p__Cyanobacteriota|c__Cyanobacteriia|o__Cyanobacteriales|f__Xenococcaceae|g__Chroococcidiopsis_PCC-6712","Model","R2: 0.469700292757339; adjusted R2: 0.419195558734228",NA,NA,NA,NA
"1633","lm formula for season+site","k__Bacteria|p__Cyanobacteriota|c__Cyanobacteriia|o__Cyanobacteriales|f__Xenococcaceae|g__Chroococcidiopsis_PCC-6712","season",NA,NA,NA,0.949028601280489,"ns"
"1634","lm formula for season+site","k__Bacteria|p__Cyanobacteriota|c__Cyanobacteriia|o__Cyanobacteriales|f__Xenococcaceae|g__Chroococcidiopsis_PCC-6712","site",NA,NA,NA,0.00030789115153266,"***"
"1635","lm formula for season+site","k__Bacteria|p__Cyanobacteriota|c__Cyanobacteriia|o__Cyanobacteriales|f__Xenococcaceae|g__Chroococcidiopsis_PCC-6712","Residuals",NA,NA,NA,NA,NA
"1636","lm formula for season+site","k__Bacteria|p__Cyanobacteriota|c__Cyanobacteriia|o__Cyanobacteriales|f__Xenococcaceae|g__Chroococcidiopsis_PCC-6712","(Intercept)",NA,0.00625457402705316,0.0070205533522957,0.38307945420127,"ns"
"1637","lm formula for season+site","k__Bacteria|p__Cyanobacteriota|c__Cyanobacteriia|o__Cyanobacteriales|f__Xenococcaceae|g__Chroococcidiopsis_PCC-6712","seasonSeptember",NA,0.000524460391584026,0.00810663673561611,0.949028601280489,"ns"
"1638","lm formula for season+site","k__Bacteria|p__Cyanobacteriota|c__Cyanobacteriia|o__Cyanobacteriales|f__Xenococcaceae|g__Chroococcidiopsis_PCC-6712","siteEsteroZacatecas",NA,0.0349583730951793,0.00810663673561611,0.00030789115153266,"***"
"1639","lm formula for season+site","k__Bacteria|p__Actinomycetota|c__Thermoleophilia|o__Solirubrobacterales|f__Solirubrobacteraceae|g__Patulibacter","Model","R2: 0.346034537300336; adjusted R2: 0.28375211228132",NA,NA,NA,NA
"1640","lm formula for season+site","k__Bacteria|p__Actinomycetota|c__Thermoleophilia|o__Solirubrobacterales|f__Solirubrobacteraceae|g__Patulibacter","season",NA,NA,NA,0.0489066690588107,"*"
"1641","lm formula for season+site","k__Bacteria|p__Actinomycetota|c__Thermoleophilia|o__Solirubrobacterales|f__Solirubrobacteraceae|g__Patulibacter","site",NA,NA,NA,0.0168491275351668,"*"
"1642","lm formula for season+site","k__Bacteria|p__Actinomycetota|c__Thermoleophilia|o__Solirubrobacterales|f__Solirubrobacteraceae|g__Patulibacter","Residuals",NA,NA,NA,NA,NA
"1643","lm formula for season+site","k__Bacteria|p__Actinomycetota|c__Thermoleophilia|o__Solirubrobacterales|f__Solirubrobacteraceae|g__Patulibacter","(Intercept)",NA,-0.0117404511281597,0.00972689623332017,0.240849278139208,"ns"
"1644","lm formula for season+site","k__Bacteria|p__Actinomycetota|c__Thermoleophilia|o__Solirubrobacterales|f__Solirubrobacteraceae|g__Patulibacter","seasonSeptember",NA,0.0234809022563193,0.0112316523173739,0.0489066690588107,"*"
"1645","lm formula for season+site","k__Bacteria|p__Actinomycetota|c__Thermoleophilia|o__Solirubrobacterales|f__Solirubrobacteraceae|g__Patulibacter","siteEsteroZacatecas",NA,0.0291616079998559,0.0112316523173739,0.0168491275351668,"*"
"1646","lm formula for season+site","k__Bacteria|p__Cyanobacteriota|c__Cyanobacteriia|o__Phormidesmiales|f__Phormidesmiaceae|g__Phormidium_MBIC10003","Model","R2: 0.694383572385336; adjusted R2: 0.665277245945844",NA,NA,NA,NA
"1647","lm formula for season+site","k__Bacteria|p__Cyanobacteriota|c__Cyanobacteriia|o__Phormidesmiales|f__Phormidesmiaceae|g__Phormidium_MBIC10003","season",NA,NA,NA,0.00169569371746492,"**"
"1648","lm formula for season+site","k__Bacteria|p__Cyanobacteriota|c__Cyanobacteriia|o__Phormidesmiales|f__Phormidesmiaceae|g__Phormidium_MBIC10003","site",NA,NA,NA,7.46637438489966e-06,"***"
"1649","lm formula for season+site","k__Bacteria|p__Cyanobacteriota|c__Cyanobacteriia|o__Phormidesmiales|f__Phormidesmiaceae|g__Phormidium_MBIC10003","Residuals",NA,NA,NA,NA,NA
"1650","lm formula for season+site","k__Bacteria|p__Cyanobacteriota|c__Cyanobacteriia|o__Phormidesmiales|f__Phormidesmiaceae|g__Phormidium_MBIC10003","(Intercept)",NA,0.0122274769127944,0.00588791044498275,0.0502927075825611,"ns"
"1651","lm formula for season+site","k__Bacteria|p__Cyanobacteriota|c__Cyanobacteriia|o__Phormidesmiales|f__Phormidesmiaceae|g__Phormidium_MBIC10003","seasonSeptember",NA,-0.0244549538255888,0.0067987733607504,0.00169569371746492,"**"
"1652","lm formula for season+site","k__Bacteria|p__Cyanobacteriota|c__Cyanobacteriia|o__Phormidesmiales|f__Phormidesmiaceae|g__Phormidium_MBIC10003","siteEsteroZacatecas",NA,0.0400928353527647,0.0067987733607504,7.46637438489966e-06,"***"
"1653","lm formula for season+site","k__Bacteria|p__Pseudomonadota|c__Alphaproteobacteria|o__Sphingomonadales|f__Sphingomonadaceae|g__Altericroceibacterium","Model","R2: 0.530586019973402; adjusted R2: 0.485879926637536",NA,NA,NA,NA
"1654","lm formula for season+site","k__Bacteria|p__Pseudomonadota|c__Alphaproteobacteria|o__Sphingomonadales|f__Sphingomonadaceae|g__Altericroceibacterium","season",NA,NA,NA,0.00248737782773505,"**"
"1655","lm formula for season+site","k__Bacteria|p__Pseudomonadota|c__Alphaproteobacteria|o__Sphingomonadales|f__Sphingomonadaceae|g__Altericroceibacterium","site",NA,NA,NA,0.00236834571966042,"**"
"1656","lm formula for season+site","k__Bacteria|p__Pseudomonadota|c__Alphaproteobacteria|o__Sphingomonadales|f__Sphingomonadaceae|g__Altericroceibacterium","Residuals",NA,NA,NA,NA,NA
"1657","lm formula for season+site","k__Bacteria|p__Pseudomonadota|c__Alphaproteobacteria|o__Sphingomonadales|f__Sphingomonadaceae|g__Altericroceibacterium","(Intercept)",NA,0.0493516856900305,0.00696650135104905,5.45996333065558e-07,"***"
"1658","lm formula for season+site","k__Bacteria|p__Pseudomonadota|c__Alphaproteobacteria|o__Sphingomonadales|f__Sphingomonadaceae|g__Altericroceibacterium","seasonSeptember",NA,-0.0276287242138392,0.00804422286067612,0.00248737782773505,"**"
"1659","lm formula for season+site","k__Bacteria|p__Pseudomonadota|c__Alphaproteobacteria|o__Sphingomonadales|f__Sphingomonadaceae|g__Altericroceibacterium","siteEsteroZacatecas",NA,-0.0277963959761892,0.00804422286067612,0.00236834571966042,"**"
"1660","lm formula for season+site","k__Bacteria|p__Cyanobacteriota|c__Cyanobacteriia|o__Cyanobacteriales|f__Phormidiaceae|g__Arthrospira_PCC-7345","Model","R2: 0.259505162005954; adjusted R2: 0.188981844101759",NA,NA,NA,NA
"1661","lm formula for season+site","k__Bacteria|p__Cyanobacteriota|c__Cyanobacteriia|o__Cyanobacteriales|f__Phormidiaceae|g__Arthrospira_PCC-7345","season",NA,NA,NA,0.156123868579829,"ns"
"1662","lm formula for season+site","k__Bacteria|p__Cyanobacteriota|c__Cyanobacteriia|o__Cyanobacteriales|f__Phormidiaceae|g__Arthrospira_PCC-7345","site",NA,NA,NA,0.033202153142497,"*"
"1663","lm formula for season+site","k__Bacteria|p__Cyanobacteriota|c__Cyanobacteriia|o__Cyanobacteriales|f__Phormidiaceae|g__Arthrospira_PCC-7345","Residuals",NA,NA,NA,NA,NA
"1664","lm formula for season+site","k__Bacteria|p__Cyanobacteriota|c__Cyanobacteriia|o__Cyanobacteriales|f__Phormidiaceae|g__Arthrospira_PCC-7345","(Intercept)",NA,0.00871757903424738,0.0102648019828373,0.405309552102483,"ns"
"1665","lm formula for season+site","k__Bacteria|p__Cyanobacteriota|c__Cyanobacteriia|o__Cyanobacteriales|f__Phormidiaceae|g__Arthrospira_PCC-7345","seasonSeptember",NA,-0.0174351580684948,0.0118527723759386,0.15612386857983,"ns"
"1666","lm formula for season+site","k__Bacteria|p__Cyanobacteriota|c__Cyanobacteriia|o__Cyanobacteriales|f__Phormidiaceae|g__Arthrospira_PCC-7345","siteEsteroZacatecas",NA,0.0270171472631909,0.0118527723759386,0.033202153142497,"*"
"1667","lm formula for season+site","k__Bacteria|p__Cyanobacteriota|c__Cyanobacteriia|o__Phormidesmiales|f__Phormidesmiaceae|g__Phormidesmis_ANT.LACV5.1","Model","R2: 0.553404590746911; adjusted R2: 0.510871694627569",NA,NA,NA,NA
"1668","lm formula for season+site","k__Bacteria|p__Cyanobacteriota|c__Cyanobacteriia|o__Phormidesmiales|f__Phormidesmiaceae|g__Phormidesmis_ANT.LACV5.1","season",NA,NA,NA,0.0161917867350555,"*"
"1669","lm formula for season+site","k__Bacteria|p__Cyanobacteriota|c__Cyanobacteriia|o__Phormidesmiales|f__Phormidesmiaceae|g__Phormidesmis_ANT.LACV5.1","site",NA,NA,NA,0.000261732393384985,"***"
"1670","lm formula for season+site","k__Bacteria|p__Cyanobacteriota|c__Cyanobacteriia|o__Phormidesmiales|f__Phormidesmiaceae|g__Phormidesmis_ANT.LACV5.1","Residuals",NA,NA,NA,NA,NA
"1671","lm formula for season+site","k__Bacteria|p__Cyanobacteriota|c__Cyanobacteriia|o__Phormidesmiales|f__Phormidesmiaceae|g__Phormidesmis_ANT.LACV5.1","(Intercept)",NA,0.0109157356343919,0.00723134376285211,0.146070370329036,"ns"
"1672","lm formula for season+site","k__Bacteria|p__Cyanobacteriota|c__Cyanobacteriia|o__Phormidesmiales|f__Phormidesmiaceae|g__Phormidesmis_ANT.LACV5.1","seasonSeptember",NA,-0.0218314712687837,0.00835003653617078,0.0161917867350555,"*"
"1673","lm formula for season+site","k__Bacteria|p__Cyanobacteriota|c__Cyanobacteriia|o__Phormidesmiales|f__Phormidesmiaceae|g__Phormidesmis_ANT.LACV5.1","siteEsteroZacatecas",NA,0.0365752840285146,0.00835003653617078,0.000261732393384985,"***"
"1674","lm formula for season+site","k__Bacteria|p__Bacteroidota|c__Bacteroidia|o__Chitinophagales|f__Saprospiraceae|g__Phaeodactylibacter","Model","R2: 0.338787879695862; adjusted R2: 0.275815296809753",NA,NA,NA,NA
"1675","lm formula for season+site","k__Bacteria|p__Bacteroidota|c__Bacteroidia|o__Chitinophagales|f__Saprospiraceae|g__Phaeodactylibacter","season",NA,NA,NA,0.00941626863560728,"**"
"1676","lm formula for season+site","k__Bacteria|p__Bacteroidota|c__Bacteroidia|o__Chitinophagales|f__Saprospiraceae|g__Phaeodactylibacter","site",NA,NA,NA,0.122380078912078,"ns"
"1677","lm formula for season+site","k__Bacteria|p__Bacteroidota|c__Bacteroidia|o__Chitinophagales|f__Saprospiraceae|g__Phaeodactylibacter","Residuals",NA,NA,NA,NA,NA
"1678","lm formula for season+site","k__Bacteria|p__Bacteroidota|c__Bacteroidia|o__Chitinophagales|f__Saprospiraceae|g__Phaeodactylibacter","(Intercept)",NA,0.0288435794937387,0.00753637262642811,0.000981184863220196,"***"
"1679","lm formula for season+site","k__Bacteria|p__Bacteroidota|c__Bacteroidia|o__Chitinophagales|f__Saprospiraceae|g__Phaeodactylibacter","seasonSeptember",NA,-0.0248715769668998,0.00870225352916319,0.00941626863560727,"**"
"1680","lm formula for season+site","k__Bacteria|p__Bacteroidota|c__Bacteroidia|o__Chitinophagales|f__Saprospiraceae|g__Phaeodactylibacter","siteEsteroZacatecas",NA,0.0140085661594493,0.00870225352916319,0.122380078912078,"ns"
"1681","lm formula for season+site","k__Bacteria|p__Pseudomonadota|c__Gammaproteobacteria|o__Pseudomonadales|f__Halieaceae|g__Parahaliea","Model","R2: 0.58658593497983; adjusted R2: 0.547213166882671",NA,NA,NA,NA
"1682","lm formula for season+site","k__Bacteria|p__Pseudomonadota|c__Gammaproteobacteria|o__Pseudomonadales|f__Halieaceae|g__Parahaliea","season",NA,NA,NA,0.0106564095373902,"*"
"1683","lm formula for season+site","k__Bacteria|p__Pseudomonadota|c__Gammaproteobacteria|o__Pseudomonadales|f__Halieaceae|g__Parahaliea","site",NA,NA,NA,0.000126817305089834,"***"
"1684","lm formula for season+site","k__Bacteria|p__Pseudomonadota|c__Gammaproteobacteria|o__Pseudomonadales|f__Halieaceae|g__Parahaliea","Residuals",NA,NA,NA,NA,NA
"1685","lm formula for season+site","k__Bacteria|p__Pseudomonadota|c__Gammaproteobacteria|o__Pseudomonadales|f__Halieaceae|g__Parahaliea","(Intercept)",NA,0.0488601095649553,0.00651521966975443,2.28385947381657e-07,"***"
"1686","lm formula for season+site","k__Bacteria|p__Pseudomonadota|c__Gammaproteobacteria|o__Pseudomonadales|f__Halieaceae|g__Parahaliea","seasonSeptember",NA,-0.0210877383238835,0.00752312766032453,0.0106564095373902,"*"
"1687","lm formula for season+site","k__Bacteria|p__Pseudomonadota|c__Gammaproteobacteria|o__Pseudomonadales|f__Halieaceae|g__Parahaliea","siteEsteroZacatecas",NA,-0.0352379753827295,0.00752312766032453,0.000126817305089834,"***"
"1688","lm formula for season+site","k__Bacteria|p__Pseudomonadota|c__Alphaproteobacteria|o__Rhodobacterales|f__Paracoccaceae|g__Tropicimonas-Psychromarinibacter","Model","R2: 0.571139997863917; adjusted R2: 0.530296188136671",NA,NA,NA,NA
"1689","lm formula for season+site","k__Bacteria|p__Pseudomonadota|c__Alphaproteobacteria|o__Rhodobacterales|f__Paracoccaceae|g__Tropicimonas-Psychromarinibacter","season",NA,NA,NA,0.145088501855902,"ns"
"1690","lm formula for season+site","k__Bacteria|p__Pseudomonadota|c__Alphaproteobacteria|o__Rhodobacterales|f__Paracoccaceae|g__Tropicimonas-Psychromarinibacter","site",NA,NA,NA,5.11491188234422e-05,"***"
"1691","lm formula for season+site","k__Bacteria|p__Pseudomonadota|c__Alphaproteobacteria|o__Rhodobacterales|f__Paracoccaceae|g__Tropicimonas-Psychromarinibacter","Residuals",NA,NA,NA,NA,NA
"1692","lm formula for season+site","k__Bacteria|p__Pseudomonadota|c__Alphaproteobacteria|o__Rhodobacterales|f__Paracoccaceae|g__Tropicimonas-Psychromarinibacter","(Intercept)",NA,0.00789873145101596,0.00606066288451353,0.206588601431858,"ns"
"1693","lm formula for season+site","k__Bacteria|p__Pseudomonadota|c__Alphaproteobacteria|o__Rhodobacterales|f__Paracoccaceae|g__Tropicimonas-Psychromarinibacter","seasonSeptember",NA,-0.0105910194206309,0.00699825069568292,0.145088501855902,"ns"
"1694","lm formula for season+site","k__Bacteria|p__Pseudomonadota|c__Alphaproteobacteria|o__Rhodobacterales|f__Paracoccaceae|g__Tropicimonas-Psychromarinibacter","siteEsteroZacatecas",NA,0.0354616676982535,0.00699825069568292,5.11491188234421e-05,"***"
"1695","lm formula for season+site","k__Bacteria|p__Pseudomonadota|c__Gammaproteobacteria|o__Pseudomonadales|f__Nitrincolaceae|g__Marinobacterium","Model","R2: 0.622628346254223; adjusted R2: 0.586688188754625",NA,NA,NA,NA
"1696","lm formula for season+site","k__Bacteria|p__Pseudomonadota|c__Gammaproteobacteria|o__Pseudomonadales|f__Nitrincolaceae|g__Marinobacterium","season",NA,NA,NA,0.960716566720026,"ns"
"1697","lm formula for season+site","k__Bacteria|p__Pseudomonadota|c__Gammaproteobacteria|o__Pseudomonadales|f__Nitrincolaceae|g__Marinobacterium","site",NA,NA,NA,7.65607400736348e-06,"***"
"1698","lm formula for season+site","k__Bacteria|p__Pseudomonadota|c__Gammaproteobacteria|o__Pseudomonadales|f__Nitrincolaceae|g__Marinobacterium","Residuals",NA,NA,NA,NA,NA
"1699","lm formula for season+site","k__Bacteria|p__Pseudomonadota|c__Gammaproteobacteria|o__Pseudomonadales|f__Nitrincolaceae|g__Marinobacterium","(Intercept)",NA,0.0396667521304865,0.00552440011305953,4.4530641978996e-07,"***"
"1700","lm formula for season+site","k__Bacteria|p__Pseudomonadota|c__Gammaproteobacteria|o__Pseudomonadales|f__Nitrincolaceae|g__Marinobacterium","seasonSeptember",NA,0.000317965834162046,0.00637902778477224,0.960716566720026,"ns"
"1701","lm formula for season+site","k__Bacteria|p__Pseudomonadota|c__Gammaproteobacteria|o__Pseudomonadales|f__Nitrincolaceae|g__Marinobacterium","siteEsteroZacatecas",NA,-0.0375472709026892,0.00637902778477224,7.65607400736348e-06,"***"
"1702","lm formula for season+site","k__Bacteria|p__Pseudomonadota|c__Gammaproteobacteria|o__Ectothiorhodospirales|f__Ectothiorhodospiraceae|g__Thiogranum","Model","R2: 0.378319942213823; adjusted R2: 0.319112317662758",NA,NA,NA,NA
"1703","lm formula for season+site","k__Bacteria|p__Pseudomonadota|c__Gammaproteobacteria|o__Ectothiorhodospirales|f__Ectothiorhodospiraceae|g__Thiogranum","season",NA,NA,NA,0.177176438866651,"ns"
"1704","lm formula for season+site","k__Bacteria|p__Pseudomonadota|c__Gammaproteobacteria|o__Ectothiorhodospirales|f__Ectothiorhodospiraceae|g__Thiogranum","site",NA,NA,NA,0.0034837255184061,"**"
"1705","lm formula for season+site","k__Bacteria|p__Pseudomonadota|c__Gammaproteobacteria|o__Ectothiorhodospirales|f__Ectothiorhodospiraceae|g__Thiogranum","Residuals",NA,NA,NA,NA,NA
"1706","lm formula for season+site","k__Bacteria|p__Pseudomonadota|c__Gammaproteobacteria|o__Ectothiorhodospirales|f__Ectothiorhodospiraceae|g__Thiogranum","(Intercept)",NA,0.0378651716963388,0.00822061239941963,0.000152645370129903,"***"
"1707","lm formula for season+site","k__Bacteria|p__Pseudomonadota|c__Gammaproteobacteria|o__Ectothiorhodospirales|f__Ectothiorhodospiraceae|g__Thiogranum","seasonSeptember",NA,-0.0132552387078965,0.009492345563417,0.177176438866651,"ns"
"1708","lm formula for season+site","k__Bacteria|p__Pseudomonadota|c__Gammaproteobacteria|o__Ectothiorhodospirales|f__Ectothiorhodospiraceae|g__Thiogranum","siteEsteroZacatecas",NA,-0.0312375523423905,0.009492345563417,0.0034837255184061,"**"
