"","Comparison","Taxa","kw.ep","kw.eBH","glm.ep","glm.eBH","P.adj","Significance","Method"
"k__Bacteria|p__Actinomycetota|c__Actinobacteria|o__Euzebyales|f__Euzebyaceae|g__|s__|ASV_3566","February - September","k__Bacteria|p__Actinomycetota|c__Actinobacteria|o__Euzebyales|f__Euzebyaceae|g__|s__|ASV_3566",0.000220368980821961,0.0115474783192996,0.000365805273830992,0.00532673106561963,0.0115474783192996,"*","ALDEx2_kw"
"k__Bacteria|p__Pseudomonadota|c__Alphaproteobacteria|o__Hyphomicrobiales|f__Rhizobiaceae|g__Fulvimarina|s__|ASV_6441","February - September","k__Bacteria|p__Pseudomonadota|c__Alphaproteobacteria|o__Hyphomicrobiales|f__Rhizobiaceae|g__Fulvimarina|s__|ASV_6441",0.00199283359645709,0.0326561269840157,0.000212123561844514,0.00568387946977242,0.0326561269840157,"*","ALDEx2_kw"
"k__Bacteria|p__Pseudomonadota|c__Alphaproteobacteria|o__Sphingomonadales|f__Sphingomonadaceae|g__|s__|ASV_10845","February - September","k__Bacteria|p__Pseudomonadota|c__Alphaproteobacteria|o__Sphingomonadales|f__Sphingomonadaceae|g__|s__|ASV_10845",0.279268946490234,0.510139559372762,0.228654744862569,0.441088171834324,0.510139559372762,"","ALDEx2_kw"
"k__Bacteria|p__Cyanobacteriota|c__Cyanobacteriia|o__Cyanobacteriales|f__Nostocaceae|g__Rivularia_PCC-7116|s__|ASV_8325","February - September","k__Bacteria|p__Cyanobacteriota|c__Cyanobacteriia|o__Cyanobacteriales|f__Nostocaceae|g__Rivularia_PCC-7116|s__|ASV_8325",0.619249648361383,0.765764934843817,0.683113752974534,0.807712671221341,0.765764934843817,"","ALDEx2_kw"
"k__Bacteria|p__Bacteroidota|c__Bacteroidia|o__Cytophagales|f__Cyclobacteriaceae|g__Tunicatimonas|s__|ASV_6535","February - September","k__Bacteria|p__Bacteroidota|c__Bacteroidia|o__Cytophagales|f__Cyclobacteriaceae|g__Tunicatimonas|s__|ASV_6535",0.00588531077083504,0.0609912019428123,0.00132095741312244,0.0192542124120185,0.0609912019428123,"","ALDEx2_kw"
"k__Bacteria|p__Cyanobacteriota|c__Cyanobacteriia|o__Cyanobacteriales|f__Nostocaceae|g__Rivularia_PCC-7116|s__|ASV_7535","February - September","k__Bacteria|p__Cyanobacteriota|c__Cyanobacteriia|o__Cyanobacteriales|f__Nostocaceae|g__Rivularia_PCC-7116|s__|ASV_7535",0.211630116580304,0.388140349207767,0.100892263871069,0.237909096738669,0.388140349207767,"","ALDEx2_kw"
"k__Bacteria|p__Actinomycetota|c__Actinobacteria|o__Nitriliruptorales|f__Nitriliruptoraceae|g__|s__|ASV_1823","February - September","k__Bacteria|p__Actinomycetota|c__Actinobacteria|o__Nitriliruptorales|f__Nitriliruptoraceae|g__|s__|ASV_1823",0.000521923076910751,0.0160913948861004,0.00151984200041218,0.0155311878540115,0.0160913948861004,"*","ALDEx2_kw"
"k__Bacteria|p__Actinomycetota|c__Actinobacteria|o__Micrococcales|f__Intrasporangiaceae|g__|s__|ASV_82","February - September","k__Bacteria|p__Actinomycetota|c__Actinobacteria|o__Micrococcales|f__Intrasporangiaceae|g__|s__|ASV_82",4.24639809684732e-05,0.00740398243032715,0.000371892507526323,0.00535331859779042,0.00740398243032715,"**","ALDEx2_kw"
"k__Bacteria|p__Actinomycetota|c__Rubrobacteria|o__Rubrobacterales|f__Rubrobacteriaceae|g__Rubrobacter|s__|ASV_4417","February - September","k__Bacteria|p__Actinomycetota|c__Rubrobacteria|o__Rubrobacterales|f__Rubrobacteriaceae|g__Rubrobacter|s__|ASV_4417",0.000757649284730231,0.0196161287124313,0.00103194983614901,0.0137269355601139,0.0196161287124313,"*","ALDEx2_kw"
"k__Bacteria|p__Bacteroidota|c__Bacteroidia|o__Flavobacteriales|f__Flavobacteriaceae|g__Gramella|s__|ASV_2541","February - September","k__Bacteria|p__Bacteroidota|c__Bacteroidia|o__Flavobacteriales|f__Flavobacteriaceae|g__Gramella|s__|ASV_2541",0.0359841451155354,0.168785360354857,0.230393076237193,0.419427577878656,0.168785360354857,"","ALDEx2_kw"
"k__Bacteria|p__Cyanobacteriota|c__Cyanobacteriia|o__Cyanobacteriales|f__Nostocaceae|g__Rivularia_PCC-7116|s__|ASV_7012","February - September","k__Bacteria|p__Cyanobacteriota|c__Cyanobacteriia|o__Cyanobacteriales|f__Nostocaceae|g__Rivularia_PCC-7116|s__|ASV_7012",0.749553830449336,0.854343603557172,0.748842463348861,0.854061939324272,0.854343603557172,"","ALDEx2_kw"
"k__Bacteria|p__Bacteroidota|c__Bacteroidia|o__Flavobacteriales|f__Flavobacteriaceae|g__Gramella|s__|ASV_13670","February - September","k__Bacteria|p__Bacteroidota|c__Bacteroidia|o__Flavobacteriales|f__Flavobacteriaceae|g__Gramella|s__|ASV_13670",0.134047316950872,0.299938673594757,0.0560047406273161,0.163631061090581,0.299938673594757,"","ALDEx2_kw"
"k__Bacteria|p__Actinomycetota|c__Actinobacteria|o__Euzebyales|f__Euzebyaceae|g__|s__|ASV_7541","February - September","k__Bacteria|p__Actinomycetota|c__Actinobacteria|o__Euzebyales|f__Euzebyaceae|g__|s__|ASV_7541",0.0238529785148339,0.134085054931974,0.0167962271371294,0.0837186364883369,0.134085054931974,"","ALDEx2_kw"
"k__Bacteria|p__Rhodothermota|c__Rhodothermia|o__Rhodothermales|f__Rhodothermaceae|g__|s__|ASV_14091","February - September","k__Bacteria|p__Rhodothermota|c__Rhodothermia|o__Rhodothermales|f__Rhodothermaceae|g__|s__|ASV_14091",0.872867138890768,0.926500402080801,0.607780174528542,0.763363091776034,0.926500402080801,"","ALDEx2_kw"
"k__Bacteria|p__Rhodothermota|c__Rhodothermia|o__Rhodothermales|f__Rhodothermaceae|g__|s__|ASV_13236","February - September","k__Bacteria|p__Rhodothermota|c__Rhodothermia|o__Rhodothermales|f__Rhodothermaceae|g__|s__|ASV_13236",0.390250557425101,0.609377447238169,0.102411045922861,0.276927254344277,0.609377447238169,"","ALDEx2_kw"
"k__Bacteria|p__Pseudomonadota|c__Alphaproteobacteria|o__Rhodobacterales|f__Paracoccaceae|g__Palleronia-Pseudomaribius|s__|ASV_6338","February - September","k__Bacteria|p__Pseudomonadota|c__Alphaproteobacteria|o__Rhodobacterales|f__Paracoccaceae|g__Palleronia-Pseudomaribius|s__|ASV_6338",0.00031857730246959,0.0125549065609051,0.000127105987575472,0.00178327461510769,0.0125549065609051,"*","ALDEx2_kw"
"k__Bacteria|p__Pseudomonadota|c__Alphaproteobacteria|o__Sphingomonadales|f__Sphingomonadaceae|g__Pacificimonas|s__|ASV_10664","February - September","k__Bacteria|p__Pseudomonadota|c__Alphaproteobacteria|o__Sphingomonadales|f__Sphingomonadaceae|g__Pacificimonas|s__|ASV_10664",9.15789819336464e-05,0.00828984658686257,8.4499489659248e-05,0.0026325064882905,0.00828984658686257,"**","ALDEx2_kw"
"k__Bacteria|p__Rhodothermota|c__Rhodothermia|o__Rhodothermales|f__Rhodothermaceae|g__|s__|ASV_4439","February - September","k__Bacteria|p__Rhodothermota|c__Rhodothermia|o__Rhodothermales|f__Rhodothermaceae|g__|s__|ASV_4439",0.130424921846744,0.338606063574555,0.173816588256755,0.358023397826551,0.338606063574555,"","ALDEx2_kw"
"k__Bacteria|p__Actinomycetota|c__Actinobacteria|o__Propionibacteriales|f__Nocardioidaceae|g__Nocardioides|s__|ASV_15946","February - September","k__Bacteria|p__Actinomycetota|c__Actinobacteria|o__Propionibacteriales|f__Nocardioidaceae|g__Nocardioides|s__|ASV_15946",0.00148490091410069,0.0276747703862162,0.00225497936582343,0.0208426980990954,0.0276747703862162,"*","ALDEx2_kw"
"k__Bacteria|p__Actinomycetota|c__Acidimicrobiia|o__Microtrichales|f__Ilumatobacteraceae|g__Ilumatobacter|s__|ASV_7782","February - September","k__Bacteria|p__Actinomycetota|c__Acidimicrobiia|o__Microtrichales|f__Ilumatobacteraceae|g__Ilumatobacter|s__|ASV_7782",0.0148205185256463,0.101504271150044,0.00389380536809453,0.0378729220807066,0.101504271150044,"","ALDEx2_kw"
"k__Bacteria|p__Actinomycetota|c__Actinobacteria|o__Propionibacteriales|f__Nocardioidaceae|g__Nocardioides|s__|ASV_5509","February - September","k__Bacteria|p__Actinomycetota|c__Actinobacteria|o__Propionibacteriales|f__Nocardioidaceae|g__Nocardioides|s__|ASV_5509",0.321985859000677,0.525236486101747,0.290445624734261,0.474243415755529,0.525236486101747,"","ALDEx2_kw"
"k__Bacteria|p__Bacteroidota|c__Bacteroidia|o__Chitinophagales|f__Saprospiraceae|g__Lewinella|s__|ASV_10676","February - September","k__Bacteria|p__Bacteroidota|c__Bacteroidia|o__Chitinophagales|f__Saprospiraceae|g__Lewinella|s__|ASV_10676",0.0392831307048541,0.175153789897933,0.0611725103434952,0.180410142018927,0.175153789897933,"","ALDEx2_kw"
"k__Bacteria|p__Bacteroidota|c__Bacteroidia|o__Chitinophagales|f__Saprospiraceae|g__Lewinella|s__|ASV_12828","February - September","k__Bacteria|p__Bacteroidota|c__Bacteroidia|o__Chitinophagales|f__Saprospiraceae|g__Lewinella|s__|ASV_12828",0.0392129587907478,0.172033850260066,0.0719321034187704,0.201743886889308,0.172033850260066,"","ALDEx2_kw"
"k__Bacteria|p__Actinomycetota|c__Rubrobacteria|o__Rubrobacterales|f__Rubrobacteriaceae|g__Rubrobacter|s__|ASV_16064","February - September","k__Bacteria|p__Actinomycetota|c__Rubrobacteria|o__Rubrobacterales|f__Rubrobacteriaceae|g__Rubrobacter|s__|ASV_16064",0.304101389665459,0.513303486992042,0.340747769215507,0.528159945552022,0.513303486992042,"","ALDEx2_kw"
"k__Bacteria|p__Actinomycetota|c__Actinobacteria|o__Nitriliruptorales|f__Nitriliruptoraceae|g__|s__|ASV_10841","February - September","k__Bacteria|p__Actinomycetota|c__Actinobacteria|o__Nitriliruptorales|f__Nitriliruptoraceae|g__|s__|ASV_10841",4.62959182500415e-05,0.00742870814709322,2.11306138928077e-06,0.000186788142767647,0.00742870814709322,"**","ALDEx2_kw"
"k__Bacteria|p__Pseudomonadota|c__Alphaproteobacteria|o__Sphingomonadales|f__Sphingomonadaceae|g__Qipengyuania|s__|ASV_3585","February - September","k__Bacteria|p__Pseudomonadota|c__Alphaproteobacteria|o__Sphingomonadales|f__Sphingomonadaceae|g__Qipengyuania|s__|ASV_3585",0.213452941350841,0.419662620513718,0.244945199782174,0.431818889850515,0.419662620513718,"","ALDEx2_kw"
"k__Bacteria|p__Pseudomonadota|c__Gammaproteobacteria|o__Pseudomonadales|f__Marinobacteraceae|g__Marinobacter|s__|ASV_13594","February - September","k__Bacteria|p__Pseudomonadota|c__Gammaproteobacteria|o__Pseudomonadales|f__Marinobacteraceae|g__Marinobacter|s__|ASV_13594",0.00274468720009389,0.0393424596584404,0.00383643415120364,0.0368781616721053,0.0393424596584404,"*","ALDEx2_kw"
"k__Bacteria|p__Cyanobacteriota|c__Cyanobacteriia|o__Cyanobacteriales|f__Nostocaceae|g__|s__|ASV_4049","February - September","k__Bacteria|p__Cyanobacteriota|c__Cyanobacteriia|o__Cyanobacteriales|f__Nostocaceae|g__|s__|ASV_4049",0.761057611936021,0.860237743058862,0.730273945367023,0.840781309768526,0.860237743058862,"","ALDEx2_kw"
"k__Bacteria|p__Pseudomonadota|c__Alphaproteobacteria|o__Sphingomonadales|f__Sphingomonadaceae|g__Sphingomicrobium|s__|ASV_14934","February - September","k__Bacteria|p__Pseudomonadota|c__Alphaproteobacteria|o__Sphingomonadales|f__Sphingomonadaceae|g__Sphingomicrobium|s__|ASV_14934",0.00176762718028216,0.030350003236896,0.00517524062124674,0.0375958359676024,0.030350003236896,"*","ALDEx2_kw"
"k__Bacteria|p__Pseudomonadota|c__Alphaproteobacteria|o__Hyphomicrobiales|f__Rhizobiaceae|g__Fulvimarina|s__|ASV_659","February - September","k__Bacteria|p__Pseudomonadota|c__Alphaproteobacteria|o__Hyphomicrobiales|f__Rhizobiaceae|g__Fulvimarina|s__|ASV_659",0.00872303200131927,0.0760157689600568,0.00365876232010663,0.0358906785992402,0.0760157689600568,"","ALDEx2_kw"
"k__Bacteria|p__Rhodothermota|c__Rhodothermia|o__Rhodothermales|f__Rhodothermaceae|g__|s__|ASV_2086","February - September","k__Bacteria|p__Rhodothermota|c__Rhodothermia|o__Rhodothermales|f__Rhodothermaceae|g__|s__|ASV_2086",3.22564145624377e-05,0.00739386514219285,6.48381488593755e-05,0.00170735167525206,0.00739386514219285,"**","ALDEx2_kw"
"k__Bacteria|p__Bacteroidota|c__Bacteroidia|o__Flavobacteriales|f__Flavobacteriaceae|g__Gramella|s__|ASV_8981","February - September","k__Bacteria|p__Bacteroidota|c__Bacteroidia|o__Flavobacteriales|f__Flavobacteriaceae|g__Gramella|s__|ASV_8981",0.0696846803084727,0.199053252016904,0.0245801653720023,0.0869835289945687,0.199053252016904,"","ALDEx2_kw"
"k__Bacteria|p__Actinomycetota|c__Actinobacteria|o__Nitriliruptorales|f__Nitriliruptoraceae|g__|s__|ASV_9614","February - September","k__Bacteria|p__Actinomycetota|c__Actinobacteria|o__Nitriliruptorales|f__Nitriliruptoraceae|g__|s__|ASV_9614",0.00877498292801385,0.0740516427670849,0.0596780307628801,0.184836584121825,0.0740516427670849,"","ALDEx2_kw"
"k__Bacteria|p__Actinomycetota|c__Actinobacteria|o__Euzebyales|f__Euzebyaceae|g__|s__|ASV_15365","February - September","k__Bacteria|p__Actinomycetota|c__Actinobacteria|o__Euzebyales|f__Euzebyaceae|g__|s__|ASV_15365",0.000520721523843829,0.0159364508050825,0.000364028142715939,0.00402321960700967,0.0159364508050825,"*","ALDEx2_kw"
"k__Bacteria|p__Bacteroidota|c__Bacteroidia|o__Cytophagales|f__Cyclobacteriaceae|g__|s__|ASV_9068","February - September","k__Bacteria|p__Bacteroidota|c__Bacteroidia|o__Cytophagales|f__Cyclobacteriaceae|g__|s__|ASV_9068",0.0545758527383552,0.211072050071665,0.0757802676072627,0.212818554616829,0.211072050071665,"","ALDEx2_kw"
"k__Bacteria|p__Bacteroidota|c__Bacteroidia|o__Flavobacteriales|f__Flavobacteriaceae|g__Hoppeia|s__|ASV_11816","February - September","k__Bacteria|p__Bacteroidota|c__Bacteroidia|o__Flavobacteriales|f__Flavobacteriaceae|g__Hoppeia|s__|ASV_11816",0.347021610420032,0.570271851787112,0.666521629527708,0.794591508739916,0.570271851787112,"","ALDEx2_kw"
"k__Bacteria|p__Actinomycetota|c__Actinobacteria|o__Euzebyales|f__Euzebyaceae|g__|s__|ASV_4057","February - September","k__Bacteria|p__Actinomycetota|c__Actinobacteria|o__Euzebyales|f__Euzebyaceae|g__|s__|ASV_4057",6.79835910366126e-05,0.0077123473778094,0.00010391632375945,0.0029754467867497,0.0077123473778094,"**","ALDEx2_kw"
"k__Bacteria|p__Pseudomonadota|c__Alphaproteobacteria|o__Rhodobacterales|f__Paracoccaceae|g__Palleronia-Pseudomaribius|s__|ASV_5775","February - September","k__Bacteria|p__Pseudomonadota|c__Alphaproteobacteria|o__Rhodobacterales|f__Paracoccaceae|g__Palleronia-Pseudomaribius|s__|ASV_5775",0.233616783874212,0.444357483700625,0.346881231862983,0.53771124415857,0.444357483700625,"","ALDEx2_kw"
"k__Bacteria|p__Cyanobacteriota|c__Cyanobacteriia|o__Cyanobacteriales|f__Nostocaceae|g__Rivularia_PCC-7116|s__|ASV_12448","February - September","k__Bacteria|p__Cyanobacteriota|c__Cyanobacteriia|o__Cyanobacteriales|f__Nostocaceae|g__Rivularia_PCC-7116|s__|ASV_12448",0.509407801532592,0.672868305171072,0.444312368065015,0.616425565277068,0.672868305171072,"","ALDEx2_kw"
"k__Bacteria|p__Pseudomonadota|c__Alphaproteobacteria|o__Rhodobacterales|f__Paracoccaceae|g__Palleronia-Pseudomaribius|s__|ASV_3202","February - September","k__Bacteria|p__Pseudomonadota|c__Alphaproteobacteria|o__Rhodobacterales|f__Paracoccaceae|g__Palleronia-Pseudomaribius|s__|ASV_3202",0.000312562202988694,0.012426858816776,0.000531826841239474,0.00396970417710552,0.012426858816776,"*","ALDEx2_kw"
"k__Bacteria|p__Pseudomonadota|c__Alphaproteobacteria|o__Rhodobacterales|f__Paracoccaceae|g__Actibacterium|s__|ASV_6146","February - September","k__Bacteria|p__Pseudomonadota|c__Alphaproteobacteria|o__Rhodobacterales|f__Paracoccaceae|g__Actibacterium|s__|ASV_6146",0.0122014485239984,0.0856934883765258,0.0122814994251011,0.0614879284551344,0.0856934883765258,"","ALDEx2_kw"
"k__Bacteria|p__Pseudomonadota|c__Alphaproteobacteria|o__Sphingomonadales|f__Sphingomonadaceae|g__|s__|ASV_14489","February - September","k__Bacteria|p__Pseudomonadota|c__Alphaproteobacteria|o__Sphingomonadales|f__Sphingomonadaceae|g__|s__|ASV_14489",7.49436060991332e-05,0.00795566115612344,6.60252549625526e-05,0.00219794508103225,0.00795566115612344,"**","ALDEx2_kw"
"k__Bacteria|p__Myxococcota|c__Polyangiia|o__Polyangiales|f__Sandaracinaceae|g__|s__|ASV_1096","February - September","k__Bacteria|p__Myxococcota|c__Polyangiia|o__Polyangiales|f__Sandaracinaceae|g__|s__|ASV_1096",0.735044418789085,0.842963395197828,0.791447256834374,0.881842118172305,0.842963395197828,"","ALDEx2_kw"
"k__Bacteria|p__Bacteroidota|c__Bacteroidia|o__Flavobacteriales|f__Flavobacteriaceae|g__Sufflavibacter|s__|ASV_4707","February - September","k__Bacteria|p__Bacteroidota|c__Bacteroidia|o__Flavobacteriales|f__Flavobacteriaceae|g__Sufflavibacter|s__|ASV_4707",0.80488742595405,0.888931864877436,0.736094882819716,0.843969579625881,0.888931864877436,"","ALDEx2_kw"
"k__Bacteria|p__Pseudomonadota|c__Alphaproteobacteria|o__Sphingomonadales|f__Sphingomonadaceae|g__Aurantiacibacter|s__|ASV_6948","February - September","k__Bacteria|p__Pseudomonadota|c__Alphaproteobacteria|o__Sphingomonadales|f__Sphingomonadaceae|g__Aurantiacibacter|s__|ASV_6948",0.790938792599013,0.87958228406322,0.358480372239445,0.568193317332853,0.87958228406322,"","ALDEx2_kw"
"k__Bacteria|p__Pseudomonadota|c__Alphaproteobacteria|o__Rhodobacterales|f__Paracoccaceae|g__Palleronia-Pseudomaribius|s__|ASV_10594","February - September","k__Bacteria|p__Pseudomonadota|c__Alphaproteobacteria|o__Rhodobacterales|f__Paracoccaceae|g__Palleronia-Pseudomaribius|s__|ASV_10594",0.000192319690880773,0.0103667553083079,8.70705935271985e-05,0.00107995876315939,0.0103667553083079,"*","ALDEx2_kw"
"k__Bacteria|p__Pseudomonadota|c__Alphaproteobacteria|o__Rhodobacterales|f__Paracoccaceae|g__|s__|ASV_1011","February - September","k__Bacteria|p__Pseudomonadota|c__Alphaproteobacteria|o__Rhodobacterales|f__Paracoccaceae|g__|s__|ASV_1011",0.00333256499160838,0.036715372660056,0.00142470194897251,0.00949669692395744,0.036715372660056,"*","ALDEx2_kw"
"k__Bacteria|p__Pseudomonadota|c__Alphaproteobacteria|o__Rhodobacterales|f__Paracoccaceae|g__|s__|ASV_8954","February - September","k__Bacteria|p__Pseudomonadota|c__Alphaproteobacteria|o__Rhodobacterales|f__Paracoccaceae|g__|s__|ASV_8954",0.00304240786106397,0.040919608164577,0.00326622859945824,0.0286599575788894,0.040919608164577,"*","ALDEx2_kw"
"k__Bacteria|p__Pseudomonadota|c__Alphaproteobacteria|o__Rhodobacterales|f__Paracoccaceae|g__Limibaculum|s__|ASV_636","February - September","k__Bacteria|p__Pseudomonadota|c__Alphaproteobacteria|o__Rhodobacterales|f__Paracoccaceae|g__Limibaculum|s__|ASV_636",0.023090419352107,0.128684041945144,0.118270573359666,0.279205761427442,0.128684041945144,"","ALDEx2_kw"
"k__Bacteria|p__Pseudomonadota|c__Alphaproteobacteria|o__Sphingomonadales|f__Sphingomonadaceae|g__Sphingomicrobium|s__|ASV_13477","February - September","k__Bacteria|p__Pseudomonadota|c__Alphaproteobacteria|o__Sphingomonadales|f__Sphingomonadaceae|g__Sphingomicrobium|s__|ASV_13477",0.00320017768590054,0.0363434437234469,0.00075869961035953,0.00855674660441076,0.0363434437234469,"*","ALDEx2_kw"
"k__Bacteria|p__Pseudomonadota|c__Alphaproteobacteria|o__Rhodobacterales|f__Paracoccaceae|g__|s__|ASV_14979","February - September","k__Bacteria|p__Pseudomonadota|c__Alphaproteobacteria|o__Rhodobacterales|f__Paracoccaceae|g__|s__|ASV_14979",0.69190990599362,0.813057540171221,0.70286813782642,0.82002249785524,0.813057540171221,"","ALDEx2_kw"
"k__Bacteria|p__Actinomycetota|c__Actinobacteria|o__Nitriliruptorales|f__Nitriliruptoraceae|g__|s__|ASV_7144","February - September","k__Bacteria|p__Actinomycetota|c__Actinobacteria|o__Nitriliruptorales|f__Nitriliruptoraceae|g__|s__|ASV_7144",0.20023082594106,0.425332186249269,0.162782394824553,0.349162017551121,0.425332186249269,"","ALDEx2_kw"
"k__Bacteria|p__Actinomycetota|c__Actinobacteria|o__Nitriliruptorales|f__Nitriliruptoraceae|g__|s__|ASV_11633","February - September","k__Bacteria|p__Actinomycetota|c__Actinobacteria|o__Nitriliruptorales|f__Nitriliruptoraceae|g__|s__|ASV_11633",0.000294452713908467,0.012349595983464,0.00060876688315818,0.0100229159567402,0.012349595983464,"*","ALDEx2_kw"
"k__Bacteria|p__Actinomycetota|c__Rubrobacteria|o__Rubrobacterales|f__Rubrobacteriaceae|g__Rubrobacter|s__|ASV_10060","February - September","k__Bacteria|p__Actinomycetota|c__Rubrobacteria|o__Rubrobacterales|f__Rubrobacteriaceae|g__Rubrobacter|s__|ASV_10060",0.00333018319034417,0.0421788592421253,0.00833667340086682,0.0497758333362939,0.0421788592421253,"*","ALDEx2_kw"
"k__Bacteria|p__Rhodothermota|c__Rhodothermia|o__Rhodothermales|f__Rhodothermaceae|g__|s__|ASV_5842","February - September","k__Bacteria|p__Rhodothermota|c__Rhodothermia|o__Rhodothermales|f__Rhodothermaceae|g__|s__|ASV_5842",8.74198229357074e-05,0.00813551229406966,0.00217218614625637,0.0232954407605146,0.00813551229406966,"**","ALDEx2_kw"
"k__Bacteria|p__Rhodothermota|c__Rhodothermia|o__Rhodothermales|f__Rhodothermaceae|g__|s__|ASV_11225","February - September","k__Bacteria|p__Rhodothermota|c__Rhodothermia|o__Rhodothermales|f__Rhodothermaceae|g__|s__|ASV_11225",0.000304770365418494,0.0129356753468989,9.17247991380955e-05,0.00243344624919272,0.0129356753468989,"*","ALDEx2_kw"
"k__Bacteria|p__Rhodothermota|c__Rhodothermia|o__Rhodothermales|f__Rhodothermaceae|g__|s__|ASV_12652","February - September","k__Bacteria|p__Rhodothermota|c__Rhodothermia|o__Rhodothermales|f__Rhodothermaceae|g__|s__|ASV_12652",0.000465980611709707,0.0153474056636125,0.000896900440802301,0.0128586854229161,0.0153474056636125,"*","ALDEx2_kw"
"k__Bacteria|p__Rhodothermota|c__Rhodothermia|o__Rhodothermales|f__Rhodothermaceae|g__|s__|ASV_8456","February - September","k__Bacteria|p__Rhodothermota|c__Rhodothermia|o__Rhodothermales|f__Rhodothermaceae|g__|s__|ASV_8456",0.048154760611077,0.194895145764646,0.0233154909374333,0.108615581208518,0.194895145764646,"","ALDEx2_kw"
"k__Bacteria|p__Rhodothermota|c__Rhodothermia|o__Rhodothermales|f__Rhodothermaceae|g__Rubrivirga|s__|ASV_7122","February - September","k__Bacteria|p__Rhodothermota|c__Rhodothermia|o__Rhodothermales|f__Rhodothermaceae|g__Rubrivirga|s__|ASV_7122",0.000254769511242358,0.0116341113638862,4.47259572419485e-05,0.00113376634199422,0.0116341113638862,"*","ALDEx2_kw"
"k__Bacteria|p__Bacteroidota|c__Bacteroidia|o__Flavobacteriales|f__Flavobacteriaceae|g__|s__|ASV_7083","February - September","k__Bacteria|p__Bacteroidota|c__Bacteroidia|o__Flavobacteriales|f__Flavobacteriaceae|g__|s__|ASV_7083",0.00181313134950233,0.0303918905434189,0.00381351827977356,0.0317732844163453,0.0303918905434189,"*","ALDEx2_kw"
"k__Bacteria|p__Actinomycetota|c__Actinobacteria|o__Nitriliruptorales|f__Nitriliruptoraceae|g__|s__|ASV_15235","February - September","k__Bacteria|p__Actinomycetota|c__Actinobacteria|o__Nitriliruptorales|f__Nitriliruptoraceae|g__|s__|ASV_15235",3.35507266074261e-05,0.00739386514219285,4.17616078385673e-06,0.000244209742109565,0.00739386514219285,"**","ALDEx2_kw"
"k__Bacteria|p__Pseudomonadota|c__Alphaproteobacteria|o__Sphingomonadales|f__Sphingomonadaceae|g__Pacificimonas|s__|ASV_12382","February - September","k__Bacteria|p__Pseudomonadota|c__Alphaproteobacteria|o__Sphingomonadales|f__Sphingomonadaceae|g__Pacificimonas|s__|ASV_12382",0.0513616539049422,0.203407491759214,0.0384662167432953,0.143269475542868,0.203407491759214,"","ALDEx2_kw"
"k__Bacteria|p__Actinomycetota|c__Actinobacteria|o__Nitriliruptorales|f__Nitriliruptoraceae|g__|s__|ASV_10311","February - September","k__Bacteria|p__Actinomycetota|c__Actinobacteria|o__Nitriliruptorales|f__Nitriliruptoraceae|g__|s__|ASV_10311",0.00969113669660943,0.079820102718428,0.00469400017580465,0.037019926721294,0.079820102718428,"","ALDEx2_kw"
"k__Bacteria|p__Thermodesulfobacteriota|c__Desulfobulbia|o__Desulfobulbales|f__Desulfocapsaceae|g__|s__|ASV_11131","February - September","k__Bacteria|p__Thermodesulfobacteriota|c__Desulfobulbia|o__Desulfobulbales|f__Desulfocapsaceae|g__|s__|ASV_11131",0.00200851612995871,0.0327091589119684,0.00132569399994468,0.017958982361253,0.0327091589119684,"*","ALDEx2_kw"
"k__Bacteria|p__Actinomycetota|c__Acidimicrobiia|o__Microtrichales|f__Ilumatobacteraceae|g__Ilumatobacter|s__|ASV_249","February - September","k__Bacteria|p__Actinomycetota|c__Acidimicrobiia|o__Microtrichales|f__Ilumatobacteraceae|g__Ilumatobacter|s__|ASV_249",0.0859286414841816,0.265205756355669,0.549114351756444,0.710549712486553,0.265205756355669,"","ALDEx2_kw"
"k__Bacteria|p__Bacteroidota|c__Bacteroidia|o__Flavobacteriales|f__Flavobacteriaceae|g__Gramella|s__|ASV_12463","February - September","k__Bacteria|p__Bacteroidota|c__Bacteroidia|o__Flavobacteriales|f__Flavobacteriaceae|g__Gramella|s__|ASV_12463",0.0119165361188494,0.0761798082494888,0.00704949363589377,0.038523500517085,0.0761798082494888,"","ALDEx2_kw"
"k__Bacteria|p__Pseudomonadota|c__Alphaproteobacteria|o__Rhodobacterales|f__Paracoccaceae|g__|s__|ASV_10445","February - September","k__Bacteria|p__Pseudomonadota|c__Alphaproteobacteria|o__Rhodobacterales|f__Paracoccaceae|g__|s__|ASV_10445",0.546573777544051,0.715717385845146,0.66142027905773,0.791636460776781,0.715717385845146,"","ALDEx2_kw"
"k__Bacteria|p__Pseudomonadota|c__Gammaproteobacteria|o__Enterobacterales|f__Vibrionaceae|g__|s__|ASV_7934","February - September","k__Bacteria|p__Pseudomonadota|c__Gammaproteobacteria|o__Enterobacterales|f__Vibrionaceae|g__|s__|ASV_7934",0.736994352506935,0.845185391812736,0.704311457147436,0.820449205872344,0.845185391812736,"","ALDEx2_kw"
"k__Bacteria|p__Pseudomonadota|c__Alphaproteobacteria|o__Rhodobacterales|f__Paracoccaceae|g__Limibaculum|s__|ASV_14872","February - September","k__Bacteria|p__Pseudomonadota|c__Alphaproteobacteria|o__Rhodobacterales|f__Paracoccaceae|g__Limibaculum|s__|ASV_14872",0.00564893675128301,0.0587124417716355,0.247699876033232,0.417487159723778,0.0587124417716355,"","ALDEx2_kw"
"k__Bacteria|p__Actinomycetota|c__Rubrobacteria|o__Rubrobacterales|f__Rubrobacteriaceae|g__Rubrobacter|s__|ASV_15130","February - September","k__Bacteria|p__Actinomycetota|c__Rubrobacteria|o__Rubrobacterales|f__Rubrobacteriaceae|g__Rubrobacter|s__|ASV_15130",0.341586358019837,0.547175181834677,0.284324421053549,0.472704541268088,0.547175181834677,"","ALDEx2_kw"
"k__Bacteria|p__Pseudomonadota|c__Alphaproteobacteria|o__|f__Neomegalonemataceae|g__Acuticoccus|s__|ASV_1266","February - September","k__Bacteria|p__Pseudomonadota|c__Alphaproteobacteria|o__|f__Neomegalonemataceae|g__Acuticoccus|s__|ASV_1266",0.771627069718048,0.864577765591566,0.730722952382252,0.839864424325568,0.864577765591566,"","ALDEx2_kw"
"k__Bacteria|p__Deinococcota|c__Deinococci|o__Deinococcales|f__Trueperaceae|g__Truepera|s__|ASV_110","February - September","k__Bacteria|p__Deinococcota|c__Deinococci|o__Deinococcales|f__Trueperaceae|g__Truepera|s__|ASV_110",0.195239994331927,0.418669745638867,0.145259319338318,0.319904465534765,0.418669745638867,"","ALDEx2_kw"
"k__Bacteria|p__Bacteroidota|c__Bacteroidia|o__Chitinophagales|f__Saprospiraceae|g__Lewinella|s__|ASV_368","February - September","k__Bacteria|p__Bacteroidota|c__Bacteroidia|o__Chitinophagales|f__Saprospiraceae|g__Lewinella|s__|ASV_368",0.0084320661107852,0.0719029576789836,0.0104581226075697,0.056395863579969,0.0719029576789836,"","ALDEx2_kw"
"k__Bacteria|p__Actinomycetota|c__Actinobacteria|o__Nitriliruptorales|f__Nitriliruptoraceae|g__|s__|ASV_13671","February - September","k__Bacteria|p__Actinomycetota|c__Actinobacteria|o__Nitriliruptorales|f__Nitriliruptoraceae|g__|s__|ASV_13671",0.262458506215207,0.471650285780371,0.375503681990428,0.561793403646323,0.471650285780371,"","ALDEx2_kw"
"k__Bacteria|p__Actinomycetota|c__Actinobacteria|o__Nitriliruptorales|f__Nitriliruptoraceae|g__|s__|ASV_2255","February - September","k__Bacteria|p__Actinomycetota|c__Actinobacteria|o__Nitriliruptorales|f__Nitriliruptoraceae|g__|s__|ASV_2255",0.0881611359888601,0.27226370545762,0.223131563279172,0.416775736823223,0.27226370545762,"","ALDEx2_kw"
"k__Bacteria|p__Thermodesulfobacteriota|c__Desulfobulbia|o__Desulfobulbales|f__Desulfocapsaceae|g__|s__|ASV_15773","February - September","k__Bacteria|p__Thermodesulfobacteriota|c__Desulfobulbia|o__Desulfobulbales|f__Desulfocapsaceae|g__|s__|ASV_15773",0.000927720137010615,0.0212032101221866,0.00222462992261663,0.0241534642118645,0.0212032101221866,"*","ALDEx2_kw"
"k__Bacteria|p__Pseudomonadota|c__Alphaproteobacteria|o__Hyphomicrobiales|f__Rhizobiaceae|g__Oricola|s__|ASV_1268","February - September","k__Bacteria|p__Pseudomonadota|c__Alphaproteobacteria|o__Hyphomicrobiales|f__Rhizobiaceae|g__Oricola|s__|ASV_1268",0.0438617677281984,0.187135870603192,0.254871277020682,0.442179709031742,0.187135870603192,"","ALDEx2_kw"
"k__Bacteria|p__Pseudomonadota|c__Alphaproteobacteria|o__Caulobacterales|f__Parvularculaceae|g__Parvularcula|s__|ASV_6944","February - September","k__Bacteria|p__Pseudomonadota|c__Alphaproteobacteria|o__Caulobacterales|f__Parvularculaceae|g__Parvularcula|s__|ASV_6944",0.000851621130912226,0.0191705685818255,0.000323982729353469,0.00388042979054372,0.0191705685818255,"*","ALDEx2_kw"
"k__Bacteria|p__Bacteroidota|c__Bacteroidia|o__Flavobacteriales|f__Flavobacteriaceae|g__Hoppeia|s__|ASV_9379","February - September","k__Bacteria|p__Bacteroidota|c__Bacteroidia|o__Flavobacteriales|f__Flavobacteriaceae|g__Hoppeia|s__|ASV_9379",0.00171541459217733,0.027301408835995,0.00215617917023593,0.0120805952892588,0.027301408835995,"*","ALDEx2_kw"
"k__Bacteria|p__Pseudomonadota|c__Gammaproteobacteria|o__Pseudomonadales|f__Cellvibrionaceae|g__|s__|ASV_9855","February - September","k__Bacteria|p__Pseudomonadota|c__Gammaproteobacteria|o__Pseudomonadales|f__Cellvibrionaceae|g__|s__|ASV_9855",0.678505385688617,0.805947085682088,0.696108363683447,0.817091596599954,0.805947085682088,"","ALDEx2_kw"
"k__Bacteria|p__Cyanobacteriota|c__Cyanobacteriia|o__Cyanobacteriales|f__Xenococcaceae|g__Pleurocapsa_PCC-7319|s__|ASV_696","February - September","k__Bacteria|p__Cyanobacteriota|c__Cyanobacteriia|o__Cyanobacteriales|f__Xenococcaceae|g__Pleurocapsa_PCC-7319|s__|ASV_696",0.311372957913775,0.510354984322853,0.33544750740758,0.518587572934099,0.510354984322853,"","ALDEx2_kw"
"k__Bacteria|p__Actinomycetota|c__Acidimicrobiia|o__Microtrichales|f__Ilumatobacteraceae|g__Ilumatobacter|s__|ASV_10265","February - September","k__Bacteria|p__Actinomycetota|c__Acidimicrobiia|o__Microtrichales|f__Ilumatobacteraceae|g__Ilumatobacter|s__|ASV_10265",0.837126524155557,0.906559578339173,0.754869659752152,0.858741215562855,0.906559578339173,"","ALDEx2_kw"
"k__Bacteria|p__Pseudomonadota|c__Alphaproteobacteria|o__Sphingomonadales|f__Sphingomonadaceae|g__Sphingomicrobium|s__|ASV_429","February - September","k__Bacteria|p__Pseudomonadota|c__Alphaproteobacteria|o__Sphingomonadales|f__Sphingomonadaceae|g__Sphingomicrobium|s__|ASV_429",0.00259508393710393,0.0356793407691047,0.00413094613023213,0.0278299264968188,0.0356793407691047,"*","ALDEx2_kw"
"k__Bacteria|p__Pseudomonadota|c__Alphaproteobacteria|o__Rhodobacterales|f__Paracoccaceae|g__Wenxinia|s__|ASV_8558","February - September","k__Bacteria|p__Pseudomonadota|c__Alphaproteobacteria|o__Rhodobacterales|f__Paracoccaceae|g__Wenxinia|s__|ASV_8558",0.000362611872383322,0.0138084781927451,0.000196067668727888,0.0048188846631728,0.0138084781927451,"*","ALDEx2_kw"
"k__Bacteria|p__Pseudomonadota|c__Gammaproteobacteria|o__Chromatiales|f__Chromatiaceae|g__Thiohalocapsa|s__|ASV_3220","February - September","k__Bacteria|p__Pseudomonadota|c__Gammaproteobacteria|o__Chromatiales|f__Chromatiaceae|g__Thiohalocapsa|s__|ASV_3220",0.284677328659432,0.48663830122866,0.255971448683581,0.438452053619099,0.48663830122866,"","ALDEx2_kw"
"k__Bacteria|p__Pseudomonadota|c__Alphaproteobacteria|o__Rhodobacterales|f__Paracoccaceae|g__Palleronia-Pseudomaribius|s__|ASV_11540","February - September","k__Bacteria|p__Pseudomonadota|c__Alphaproteobacteria|o__Rhodobacterales|f__Paracoccaceae|g__Palleronia-Pseudomaribius|s__|ASV_11540",0.271672145536562,0.48417232855367,0.454845119073872,0.630616240849208,0.48417232855367,"","ALDEx2_kw"
"k__Bacteria|p__Actinomycetota|c__Actinobacteria|o__Nitriliruptorales|f__Nitriliruptoraceae|g__|s__|ASV_13518","February - September","k__Bacteria|p__Actinomycetota|c__Actinobacteria|o__Nitriliruptorales|f__Nitriliruptoraceae|g__|s__|ASV_13518",3.22564145624377e-05,0.00739386514219285,4.279374684023e-07,3.54185429401815e-05,0.00739386514219285,"**","ALDEx2_kw"
"k__Bacteria|p__Cyanobacteriota|c__Cyanobacteriia|o__Cyanobacteriales|f__Nostocaceae|g__Rivularia_PCC-7116|s__|ASV_13548","February - September","k__Bacteria|p__Cyanobacteriota|c__Cyanobacteriia|o__Cyanobacteriales|f__Nostocaceae|g__Rivularia_PCC-7116|s__|ASV_13548",0.528131930034433,0.682317119352299,0.45162192242171,0.608017212991822,0.682317119352299,"","ALDEx2_kw"
"k__Bacteria|p__Pseudomonadota|c__Alphaproteobacteria|o__Sphingomonadales|f__Sphingomonadaceae|g__Sphingomicrobium|s__|ASV_5269","February - September","k__Bacteria|p__Pseudomonadota|c__Alphaproteobacteria|o__Sphingomonadales|f__Sphingomonadaceae|g__Sphingomicrobium|s__|ASV_5269",0.356991389392598,0.573251464438479,0.432418919793158,0.613655668801888,0.573251464438479,"","ALDEx2_kw"
"k__Bacteria|p__Pseudomonadota|c__Alphaproteobacteria|o__Rhodobacterales|f__Paracoccaceae|g__|s__|ASV_1163","February - September","k__Bacteria|p__Pseudomonadota|c__Alphaproteobacteria|o__Rhodobacterales|f__Paracoccaceae|g__|s__|ASV_1163",0.0012850738192601,0.0254789977657043,0.00177441777210844,0.0157348114336431,0.0254789977657043,"*","ALDEx2_kw"
"k__Bacteria|p__Pseudomonadota|c__Alphaproteobacteria|o__Sphingomonadales|f__Sphingomonadaceae|g__Sphingomicrobium|s__|ASV_3742","February - September","k__Bacteria|p__Pseudomonadota|c__Alphaproteobacteria|o__Sphingomonadales|f__Sphingomonadaceae|g__Sphingomicrobium|s__|ASV_3742",0.0366484701572593,0.165156421421047,0.0434970831202864,0.145820534437374,0.165156421421047,"","ALDEx2_kw"
"k__Bacteria|p__Actinomycetota|c__Actinobacteria|o__Euzebyales|f__Euzebyaceae|g__|s__|ASV_11651","February - September","k__Bacteria|p__Actinomycetota|c__Actinobacteria|o__Euzebyales|f__Euzebyaceae|g__|s__|ASV_11651",0.0175993723712028,0.100144642387157,0.0133543244094163,0.057469170512047,0.100144642387157,"","ALDEx2_kw"
"k__Bacteria|p__Bacteroidota|c__Bacteroidia|o__Chitinophagales|f__Saprospiraceae|g__Lewinella|s__|ASV_6532","February - September","k__Bacteria|p__Bacteroidota|c__Bacteroidia|o__Chitinophagales|f__Saprospiraceae|g__Lewinella|s__|ASV_6532",0.367361629427371,0.53595313374031,0.236483654518602,0.388338201951994,0.53595313374031,"","ALDEx2_kw"
"k__Bacteria|p__Pseudomonadota|c__Gammaproteobacteria|o__Enterobacterales|f__Pseudoalteromonadaceae|g__Pseudoalteromonas|s__|ASV_6090","February - September","k__Bacteria|p__Pseudomonadota|c__Gammaproteobacteria|o__Enterobacterales|f__Pseudoalteromonadaceae|g__Pseudoalteromonas|s__|ASV_6090",0.481191074903018,0.651810276934765,0.45771386885985,0.626673789489016,0.651810276934765,"","ALDEx2_kw"
"k__Bacteria|p__Pseudomonadota|c__Alphaproteobacteria|o__Rhodobacterales|f__Paracoccaceae|g__Hasllibacter|s__|ASV_260","February - September","k__Bacteria|p__Pseudomonadota|c__Alphaproteobacteria|o__Rhodobacterales|f__Paracoccaceae|g__Hasllibacter|s__|ASV_260",0.00715741834537439,0.0644560238613836,0.0142945478061747,0.0677135468143447,0.0644560238613836,"","ALDEx2_kw"
"k__Bacteria|p__Pseudomonadota|c__Alphaproteobacteria|o__Rhodobacterales|f__Paracoccaceae|g__Maribius|s__|ASV_6628","February - September","k__Bacteria|p__Pseudomonadota|c__Alphaproteobacteria|o__Rhodobacterales|f__Paracoccaceae|g__Maribius|s__|ASV_6628",0.00190413129394212,0.0305534067720005,0.00118028890056754,0.0121831058679131,0.0305534067720005,"*","ALDEx2_kw"
"k__Bacteria|p__Pseudomonadota|c__Alphaproteobacteria|o__Rhodobacterales|f__Paracoccaceae|g__Palleronia-Pseudomaribius|s__|ASV_12053","February - September","k__Bacteria|p__Pseudomonadota|c__Alphaproteobacteria|o__Rhodobacterales|f__Paracoccaceae|g__Palleronia-Pseudomaribius|s__|ASV_12053",0.131214697331993,0.308686835853194,0.0812233456520428,0.213196029167,0.308686835853194,"","ALDEx2_kw"
"k__Bacteria|p__Pseudomonadota|c__Alphaproteobacteria|o__Sphingomonadales|f__Sphingomonadaceae|g__Novosphingobium|s__|ASV_15092","February - September","k__Bacteria|p__Pseudomonadota|c__Alphaproteobacteria|o__Sphingomonadales|f__Sphingomonadaceae|g__Novosphingobium|s__|ASV_15092",0.0238343475576694,0.134405032373597,0.00517136030862047,0.0444481774122586,0.134405032373597,"","ALDEx2_kw"
"k__Bacteria|p__Pseudomonadota|c__Alphaproteobacteria|o__Sphingomonadales|f__Sphingomonadaceae|g__Aurantiacibacter|s__|ASV_1062","February - September","k__Bacteria|p__Pseudomonadota|c__Alphaproteobacteria|o__Sphingomonadales|f__Sphingomonadaceae|g__Aurantiacibacter|s__|ASV_1062",0.00422543090517465,0.0497543574147172,0.0123402586030579,0.0615775514100292,0.0497543574147172,"*","ALDEx2_kw"
"k__Bacteria|p__Pseudomonadota|c__Alphaproteobacteria|o__Rhodobacterales|f__Paracoccaceae|g__Wenxinia|s__|ASV_15944","February - September","k__Bacteria|p__Pseudomonadota|c__Alphaproteobacteria|o__Rhodobacterales|f__Paracoccaceae|g__Wenxinia|s__|ASV_15944",0.48330960750412,0.672393586117952,0.547689522075376,0.707727449977586,0.672393586117952,"","ALDEx2_kw"
"k__Bacteria|p__Pseudomonadota|c__Alphaproteobacteria|o__Sphingomonadales|f__Sphingomonadaceae|g__Aurantiacibacter|s__|ASV_11060","February - September","k__Bacteria|p__Pseudomonadota|c__Alphaproteobacteria|o__Sphingomonadales|f__Sphingomonadaceae|g__Aurantiacibacter|s__|ASV_11060",0.422316586859387,0.582729607711994,0.215322264318832,0.375045619208402,0.582729607711994,"","ALDEx2_kw"
"k__Bacteria|p__Chloroflexota|c__Anaerolineae|o__Aggregatilineales|f__A4b|g__|s__|ASV_15923","February - September","k__Bacteria|p__Chloroflexota|c__Anaerolineae|o__Aggregatilineales|f__A4b|g__|s__|ASV_15923",0.78050531848779,0.873208571812295,0.45972409331798,0.649895304316719,0.873208571812295,"","ALDEx2_kw"
"k__Bacteria|p__Bacteroidota|c__Bacteroidia|o__Flavobacteriales|f__Flavobacteriaceae|g__Gramella|s__|ASV_14533","February - September","k__Bacteria|p__Bacteroidota|c__Bacteroidia|o__Flavobacteriales|f__Flavobacteriaceae|g__Gramella|s__|ASV_14533",0.075659408914176,0.215344688171803,0.0360682854706223,0.113488420457297,0.215344688171803,"","ALDEx2_kw"
"k__Bacteria|p__Actinomycetota|c__Actinobacteria|o__Nitriliruptorales|f__Nitriliruptoraceae|g__|s__|ASV_12809","February - September","k__Bacteria|p__Actinomycetota|c__Actinobacteria|o__Nitriliruptorales|f__Nitriliruptoraceae|g__|s__|ASV_12809",0.0019543659051007,0.0300405844738498,0.000568285217279889,0.00724753889682476,0.0300405844738498,"*","ALDEx2_kw"
"k__Bacteria|p__Pseudomonadota|c__Alphaproteobacteria|o__Sphingomonadales|f__Sphingomonadaceae|g__Pacificimonas|s__|ASV_7328","February - September","k__Bacteria|p__Pseudomonadota|c__Alphaproteobacteria|o__Sphingomonadales|f__Sphingomonadaceae|g__Pacificimonas|s__|ASV_7328",0.212507546736543,0.435400929541831,0.116137454836509,0.279764472268478,0.435400929541831,"","ALDEx2_kw"
"k__Bacteria|p__Actinomycetota|c__Acidimicrobiia|o__Microtrichales|f__Ilumatobacteraceae|g__Ilumatobacter|s__|ASV_9292","February - September","k__Bacteria|p__Actinomycetota|c__Acidimicrobiia|o__Microtrichales|f__Ilumatobacteraceae|g__Ilumatobacter|s__|ASV_9292",0.616636208916548,0.760601958954896,0.632457942371983,0.766146462664626,0.760601958954896,"","ALDEx2_kw"
"k__Bacteria|p__Bacteroidota|c__Bacteroidia|o__Chitinophagales|f__Saprospiraceae|g__Lewinella|s__|ASV_6892","February - September","k__Bacteria|p__Bacteroidota|c__Bacteroidia|o__Chitinophagales|f__Saprospiraceae|g__Lewinella|s__|ASV_6892",0.019301656468437,0.116624225912306,0.0525036025805289,0.170594239606823,0.116624225912306,"","ALDEx2_kw"
"k__Bacteria|p__Pseudomonadota|c__Alphaproteobacteria|o__Sphingomonadales|f__Sphingomonadaceae|g__|s__|ASV_526","February - September","k__Bacteria|p__Pseudomonadota|c__Alphaproteobacteria|o__Sphingomonadales|f__Sphingomonadaceae|g__|s__|ASV_526",0.0199444974923856,0.119910505448168,0.00431569767648926,0.0394889441413,0.119910505448168,"","ALDEx2_kw"
"k__Bacteria|p__Bacteroidota|c__Bacteroidia|o__Cytophagales|f__Cyclobacteriaceae|g__Fulvivirga|s__|ASV_2236","February - September","k__Bacteria|p__Bacteroidota|c__Bacteroidia|o__Cytophagales|f__Cyclobacteriaceae|g__Fulvivirga|s__|ASV_2236",0.137526444823255,0.340914896549082,0.131248221137973,0.299217771528566,0.340914896549082,"","ALDEx2_kw"
"k__Bacteria|p__Actinomycetota|c__Actinobacteria|o__Frankiales|f__Sporichthyaceae|g__Sporichthya|s__|ASV_3678","February - September","k__Bacteria|p__Actinomycetota|c__Actinobacteria|o__Frankiales|f__Sporichthyaceae|g__Sporichthya|s__|ASV_3678",0.000942668685426282,0.0201704419601877,0.000178293167138382,0.00318589591259225,0.0201704419601877,"*","ALDEx2_kw"
"k__Bacteria|p__Bacteroidota|c__Bacteroidia|o__Cytophagales|f__Cyclobacteriaceae|g__Tunicatimonas|s__|ASV_5667","February - September","k__Bacteria|p__Bacteroidota|c__Bacteroidia|o__Cytophagales|f__Cyclobacteriaceae|g__Tunicatimonas|s__|ASV_5667",0.00320787552194526,0.0419209605377373,0.00968172384742487,0.0536096316966367,0.0419209605377373,"*","ALDEx2_kw"
"k__Bacteria|p__Pseudomonadota|c__Alphaproteobacteria|o__Sphingomonadales|f__Sphingomonadaceae|g__|s__|ASV_13522","February - September","k__Bacteria|p__Pseudomonadota|c__Alphaproteobacteria|o__Sphingomonadales|f__Sphingomonadaceae|g__|s__|ASV_13522",0.0230749716753585,0.127093510939536,0.0358116214618639,0.133537063713744,0.127093510939536,"","ALDEx2_kw"
"k__Bacteria|p__Rhodothermota|c__Rhodothermia|o__Rhodothermales|f__Rhodothermaceae|g__Rubrivirga|s__|ASV_3298","February - September","k__Bacteria|p__Rhodothermota|c__Rhodothermia|o__Rhodothermales|f__Rhodothermaceae|g__Rubrivirga|s__|ASV_3298",0.00524207837108781,0.0508372174159416,0.00322115265288011,0.0228725920383741,0.0508372174159416,"","ALDEx2_kw"
"k__Bacteria|p__Actinomycetota|c__Actinobacteria|o__Mycobacteriales|f__Mycobacteriaceae|g__Mycobacterium|s__|ASV_6684","February - September","k__Bacteria|p__Actinomycetota|c__Actinobacteria|o__Mycobacteriales|f__Mycobacteriaceae|g__Mycobacterium|s__|ASV_6684",0.567437881060455,0.728731673970099,0.64338276473939,0.777540150291943,0.728731673970099,"","ALDEx2_kw"
"k__Bacteria|p__Pseudomonadota|c__Alphaproteobacteria|o__Rhodobacterales|f__Paracoccaceae|g__Palleronia-Pseudomaribius|s__|ASV_10171","February - September","k__Bacteria|p__Pseudomonadota|c__Alphaproteobacteria|o__Rhodobacterales|f__Paracoccaceae|g__Palleronia-Pseudomaribius|s__|ASV_10171",0.0957007139249063,0.247890219205629,0.0373858363568718,0.116622436719836,0.247890219205629,"","ALDEx2_kw"
"k__Bacteria|p__Pseudomonadota|c__Alphaproteobacteria|o__Rhodobacterales|f__Paracoccaceae|g__|s__|ASV_12829","February - September","k__Bacteria|p__Pseudomonadota|c__Alphaproteobacteria|o__Rhodobacterales|f__Paracoccaceae|g__|s__|ASV_12829",0.00215561927172929,0.0333066387563847,0.00238276510938668,0.0204215731778679,0.0333066387563847,"*","ALDEx2_kw"
"k__Bacteria|p__Bacteroidota|c__Bacteroidia|o__Chitinophagales|f__Saprospiraceae|g__|s__|ASV_949","February - September","k__Bacteria|p__Bacteroidota|c__Bacteroidia|o__Chitinophagales|f__Saprospiraceae|g__|s__|ASV_949",0.234517941418836,0.411403161633245,0.121579950889041,0.25916036610834,0.411403161633245,"","ALDEx2_kw"
"k__Bacteria|p__Pseudomonadota|c__Alphaproteobacteria|o__Sphingomonadales|f__Sphingomonadaceae|g__Pacificimonas|s__|ASV_11209","February - September","k__Bacteria|p__Pseudomonadota|c__Alphaproteobacteria|o__Sphingomonadales|f__Sphingomonadaceae|g__Pacificimonas|s__|ASV_11209",0.860135630539813,0.91973391578789,0.636464054567505,0.775021586517622,0.91973391578789,"","ALDEx2_kw"
"k__Bacteria|p__Cyanobacteriota|c__Cyanobacteriia|o__Phormidesmiales|f__Phormidesmiaceae|g__Acrophormium_PCC-7375|s__|ASV_6130","February - September","k__Bacteria|p__Cyanobacteriota|c__Cyanobacteriia|o__Phormidesmiales|f__Phormidesmiaceae|g__Acrophormium_PCC-7375|s__|ASV_6130",0.122340341993529,0.292476240821949,0.106084409525276,0.23200971437291,0.292476240821949,"","ALDEx2_kw"
"k__Bacteria|p__Actinomycetota|c__Actinobacteria|o__Euzebyales|f__Euzebyaceae|g__|s__|ASV_7017","February - September","k__Bacteria|p__Actinomycetota|c__Actinobacteria|o__Euzebyales|f__Euzebyaceae|g__|s__|ASV_7017",0.00388190957542588,0.042453721552131,0.00241779032719859,0.0185980074684412,0.042453721552131,"*","ALDEx2_kw"
"k__Bacteria|p__Pseudomonadota|c__Gammaproteobacteria|o__Pseudomonadales|f__Marinobacteraceae|g__Marinobacter|s__|ASV_10962","February - September","k__Bacteria|p__Pseudomonadota|c__Gammaproteobacteria|o__Pseudomonadales|f__Marinobacteraceae|g__Marinobacter|s__|ASV_10962",0.146312070475475,0.349091073747835,0.228769165765937,0.41010882184228,0.349091073747835,"","ALDEx2_kw"
"k__Bacteria|p__Bacteroidota|c__Bacteroidia|o__Cytophagales|f__Cyclobacteriaceae|g__Fulvivirga|s__|ASV_9556","February - September","k__Bacteria|p__Bacteroidota|c__Bacteroidia|o__Cytophagales|f__Cyclobacteriaceae|g__Fulvivirga|s__|ASV_9556",0.00200658373700414,0.0314591006402454,0.00720213589760458,0.0529257590720756,0.0314591006402454,"*","ALDEx2_kw"
"k__Bacteria|p__Cyanobacteriota|c__Cyanobacteriia|o__Cyanobacteriales|f__Xenococcaceae|g__Gloeocapsopsis_BDHKU_35101|s__|ASV_16008","February - September","k__Bacteria|p__Cyanobacteriota|c__Cyanobacteriia|o__Cyanobacteriales|f__Xenococcaceae|g__Gloeocapsopsis_BDHKU_35101|s__|ASV_16008",0.461626372245071,0.635673187040045,0.429582428110246,0.594267612191242,0.635673187040045,"","ALDEx2_kw"
"k__Bacteria|p__Pseudomonadota|c__Alphaproteobacteria|o__Sphingomonadales|f__Sphingomonadaceae|g__|s__|ASV_2700","February - September","k__Bacteria|p__Pseudomonadota|c__Alphaproteobacteria|o__Sphingomonadales|f__Sphingomonadaceae|g__|s__|ASV_2700",0.0217915716580405,0.117078236648748,0.0179821417927967,0.0789280217713221,0.117078236648748,"","ALDEx2_kw"
"k__Bacteria|p__Actinomycetota|c__Acidimicrobiia|o__Microtrichales|f__Iamiaceae|g__Iamia|s__|ASV_5513","February - September","k__Bacteria|p__Actinomycetota|c__Acidimicrobiia|o__Microtrichales|f__Iamiaceae|g__Iamia|s__|ASV_5513",0.000123565820790302,0.00910105872972725,0.000111385866036055,0.00317077013275686,0.00910105872972725,"**","ALDEx2_kw"
"k__Bacteria|p__Bacteroidota|c__Bacteroidia|o__Flavobacteriales|f__Flavobacteriaceae|g__Gramella|s__|ASV_536","February - September","k__Bacteria|p__Bacteroidota|c__Bacteroidia|o__Flavobacteriales|f__Flavobacteriaceae|g__Gramella|s__|ASV_536",0.0305293098258878,0.12775591798202,0.0226361135968051,0.07838874195175,0.12775591798202,"","ALDEx2_kw"
"k__Bacteria|p__Bacteroidota|c__Bacteroidia|o__Cytophagales|f__Cyclobacteriaceae|g__Tunicatimonas|s__|ASV_7636","February - September","k__Bacteria|p__Bacteroidota|c__Bacteroidia|o__Cytophagales|f__Cyclobacteriaceae|g__Tunicatimonas|s__|ASV_7636",0.36912011783059,0.573374747686641,0.507601009623842,0.670493483755197,0.573374747686641,"","ALDEx2_kw"
"k__Bacteria|p__Pseudomonadota|c__Alphaproteobacteria|o__Sphingomonadales|f__Sphingomonadaceae|g__Croceibacterium|s__|ASV_4564","February - September","k__Bacteria|p__Pseudomonadota|c__Alphaproteobacteria|o__Sphingomonadales|f__Sphingomonadaceae|g__Croceibacterium|s__|ASV_4564",0.104612575643522,0.299452681820601,0.0379659186930391,0.144366761427987,0.299452681820601,"","ALDEx2_kw"
"k__Bacteria|p__Bacteroidota|c__Bacteroidia|o__Cytophagales|f__Cyclobacteriaceae|g__Tunicatimonas|s__|ASV_1480","February - September","k__Bacteria|p__Bacteroidota|c__Bacteroidia|o__Cytophagales|f__Cyclobacteriaceae|g__Tunicatimonas|s__|ASV_1480",0.661241261318511,0.794401397307537,0.718983477721737,0.83359641669064,0.794401397307537,"","ALDEx2_kw"
"k__Bacteria|p__Actinomycetota|c__Actinobacteria|o__Nitriliruptorales|f__Nitriliruptoraceae|g__|s__|ASV_3706","February - September","k__Bacteria|p__Actinomycetota|c__Actinobacteria|o__Nitriliruptorales|f__Nitriliruptoraceae|g__|s__|ASV_3706",0.0284509764556379,0.141780646902219,0.0457457069036066,0.150248664877306,0.141780646902219,"","ALDEx2_kw"
"k__Bacteria|p__Actinomycetota|c__Acidimicrobiia|o__Microtrichales|f__Ilumatobacteraceae|g__Ilumatobacter|s__|ASV_7004","February - September","k__Bacteria|p__Actinomycetota|c__Acidimicrobiia|o__Microtrichales|f__Ilumatobacteraceae|g__Ilumatobacter|s__|ASV_7004",0.00748500304718112,0.0690128857455823,0.0108412976482939,0.0606159571625852,0.0690128857455823,"","ALDEx2_kw"
"k__Bacteria|p__Actinomycetota|c__Acidimicrobiia|o__Microtrichales|f__Ilumatobacteraceae|g__Ilumatobacter|s__|ASV_3237","February - September","k__Bacteria|p__Actinomycetota|c__Acidimicrobiia|o__Microtrichales|f__Ilumatobacteraceae|g__Ilumatobacter|s__|ASV_3237",0.174305032336817,0.38439713100419,0.0902607984797464,0.230290190315121,0.38439713100419,"","ALDEx2_kw"
"k__Bacteria|p__Myxococcota|c__Polyangiia|o__Polyangiales|f__Sandaracinaceae|g__|s__|ASV_14312","February - September","k__Bacteria|p__Myxococcota|c__Polyangiia|o__Polyangiales|f__Sandaracinaceae|g__|s__|ASV_14312",0.506027776025861,0.667568677960359,0.460029676156052,0.627719395856047,0.667568677960359,"","ALDEx2_kw"
"k__Bacteria|p__Pseudomonadota|c__Alphaproteobacteria|o__Rhodobacterales|f__Paracoccaceae|g__Silicimonas|s__|ASV_15668","February - September","k__Bacteria|p__Pseudomonadota|c__Alphaproteobacteria|o__Rhodobacterales|f__Paracoccaceae|g__Silicimonas|s__|ASV_15668",0.508796559888431,0.6798406659521,0.473731791277053,0.642986862745387,0.6798406659521,"","ALDEx2_kw"
"k__Bacteria|p__Rhodothermota|c__Rhodothermia|o__Rhodothermales|f__Rhodothermaceae|g__Rubricoccus|s__|ASV_7519","February - September","k__Bacteria|p__Rhodothermota|c__Rhodothermia|o__Rhodothermales|f__Rhodothermaceae|g__Rubricoccus|s__|ASV_7519",0.000430574648436225,0.0146480599658083,0.000898436331188914,0.01088933250643,0.0146480599658083,"*","ALDEx2_kw"
"k__Bacteria|p__Actinomycetota|c__Acidimicrobiia|o__Microtrichales|f__Ilumatobacteraceae|g__Ilumatobacter|s__|ASV_10344","February - September","k__Bacteria|p__Actinomycetota|c__Acidimicrobiia|o__Microtrichales|f__Ilumatobacteraceae|g__Ilumatobacter|s__|ASV_10344",0.304473080713288,0.530946552140299,0.203827554689075,0.392657795836321,0.530946552140299,"","ALDEx2_kw"
"k__Bacteria|p__Bacteroidota|c__Bacteroidia|o__Chitinophagales|f__Saprospiraceae|g__|s__|ASV_13366","February - September","k__Bacteria|p__Bacteroidota|c__Bacteroidia|o__Chitinophagales|f__Saprospiraceae|g__|s__|ASV_13366",0.511528928810015,0.698223516571615,0.515128906351493,0.679454810376533,0.698223516571615,"","ALDEx2_kw"
"k__Bacteria|p__Bacteroidota|c__Bacteroidia|o__Cytophagales|f__Cyclobacteriaceae|g__Tunicatimonas|s__|ASV_2727","February - September","k__Bacteria|p__Bacteroidota|c__Bacteroidia|o__Cytophagales|f__Cyclobacteriaceae|g__Tunicatimonas|s__|ASV_2727",0.542179809460323,0.700514780507151,0.51505013691061,0.665517553009566,0.700514780507151,"","ALDEx2_kw"
"k__Bacteria|p__Rhodothermota|c__Rhodothermia|o__Rhodothermales|f__Rhodothermaceae|g__Rubrivirga|s__|ASV_4932","February - September","k__Bacteria|p__Rhodothermota|c__Rhodothermia|o__Rhodothermales|f__Rhodothermaceae|g__Rubrivirga|s__|ASV_4932",0.531136896474715,0.708609599357459,0.58066357238571,0.730710891904018,0.708609599357459,"","ALDEx2_kw"
"k__Bacteria|p__Pseudomonadota|c__Alphaproteobacteria|o__Rhodobacterales|f__Paracoccaceae|g__Actibacterium|s__|ASV_9665","February - September","k__Bacteria|p__Pseudomonadota|c__Alphaproteobacteria|o__Rhodobacterales|f__Paracoccaceae|g__Actibacterium|s__|ASV_9665",0.739246404482021,0.845096920698124,0.663465860352399,0.793587915130583,0.845096920698124,"","ALDEx2_kw"
"k__Bacteria|p__Bacteroidota|c__Bacteroidia|o__Cytophagales|f__Cyclobacteriaceae|g__Tunicatimonas|s__|ASV_8388","February - September","k__Bacteria|p__Bacteroidota|c__Bacteroidia|o__Cytophagales|f__Cyclobacteriaceae|g__Tunicatimonas|s__|ASV_8388",0.306393002037518,0.494122471325653,0.271182005604328,0.445527353933511,0.494122471325653,"","ALDEx2_kw"
"k__Bacteria|p__Bacteroidota|c__Bacteroidia|o__Chitinophagales|f__Saprospiraceae|g__Lewinella|s__|ASV_3307","February - September","k__Bacteria|p__Bacteroidota|c__Bacteroidia|o__Chitinophagales|f__Saprospiraceae|g__Lewinella|s__|ASV_3307",0.276291441973058,0.463767610982206,0.21252637553375,0.379620258468588,0.463767610982206,"","ALDEx2_kw"
"k__Bacteria|p__Cyanobacteriota|c__Cyanobacteriia|o__Cyanobacteriales|f__Xenococcaceae|g__Myxosarcina_GI1|s__|ASV_4818","February - September","k__Bacteria|p__Cyanobacteriota|c__Cyanobacteriia|o__Cyanobacteriales|f__Xenococcaceae|g__Myxosarcina_GI1|s__|ASV_4818",0.0907871637512016,0.258336441148315,0.0936091605787214,0.233145438509558,0.258336441148315,"","ALDEx2_kw"
"k__Bacteria|p__Pseudomonadota|c__Alphaproteobacteria|o__Sphingomonadales|f__Sphingomonadaceae|g__Qipengyuania|s__|ASV_13211","February - September","k__Bacteria|p__Pseudomonadota|c__Alphaproteobacteria|o__Sphingomonadales|f__Sphingomonadaceae|g__Qipengyuania|s__|ASV_13211",0.302574354703842,0.493486965126598,0.276538319057722,0.447982470141882,0.493486965126598,"","ALDEx2_kw"
"k__Bacteria|p__Bacteroidota|c__Bacteroidia|o__Cytophagales|f__Cyclobacteriaceae|g__Tunicatimonas|s__|ASV_8500","February - September","k__Bacteria|p__Bacteroidota|c__Bacteroidia|o__Cytophagales|f__Cyclobacteriaceae|g__Tunicatimonas|s__|ASV_8500",0.800254748178413,0.884402663371402,0.702171234308237,0.820810176592046,0.884402663371402,"","ALDEx2_kw"
"k__Bacteria|p__Pseudomonadota|c__Alphaproteobacteria|o__Hyphomicrobiales|f__Rhizobiaceae|g__|s__|ASV_664","February - September","k__Bacteria|p__Pseudomonadota|c__Alphaproteobacteria|o__Hyphomicrobiales|f__Rhizobiaceae|g__|s__|ASV_664",0.151279179183102,0.362570501294408,0.209691988222542,0.400518106993647,0.362570501294408,"","ALDEx2_kw"
"k__Bacteria|p__Rhodothermota|c__Rhodothermia|o__Rhodothermales|f__Rhodothermaceae|g__|s__|ASV_12658","February - September","k__Bacteria|p__Rhodothermota|c__Rhodothermia|o__Rhodothermales|f__Rhodothermaceae|g__|s__|ASV_12658",0.0087426549756968,0.0690304654391072,0.0167013569458553,0.0707405231465096,0.0690304654391072,"","ALDEx2_kw"
"k__Bacteria|p__Rhodothermota|c__Rhodothermia|o__Rhodothermales|f__Rhodothermaceae|g__|s__|ASV_8887","February - September","k__Bacteria|p__Rhodothermota|c__Rhodothermia|o__Rhodothermales|f__Rhodothermaceae|g__|s__|ASV_8887",0.595221883299039,0.75274865412858,0.503510593704465,0.66804849393066,0.75274865412858,"","ALDEx2_kw"
"k__Bacteria|p__Actinomycetota|c__Actinobacteria|o__Propionibacteriales|f__Nocardioidaceae|g__Nocardioides|s__|ASV_13532","February - September","k__Bacteria|p__Actinomycetota|c__Actinobacteria|o__Propionibacteriales|f__Nocardioidaceae|g__Nocardioides|s__|ASV_13532",0.159880578410715,0.340801122009943,0.135569790286987,0.287616531107585,0.340801122009943,"","ALDEx2_kw"
"k__Bacteria|p__Rhodothermota|c__Rhodothermia|o__Rhodothermales|f__Rhodothermaceae|g__Rubrivirga|s__|ASV_9879","February - September","k__Bacteria|p__Rhodothermota|c__Rhodothermia|o__Rhodothermales|f__Rhodothermaceae|g__Rubrivirga|s__|ASV_9879",0.000257314437768647,0.0117870835453487,8.41453938163142e-05,0.00165571750228055,0.0117870835453487,"*","ALDEx2_kw"
"k__Bacteria|p__Bacteroidota|c__Bacteroidia|o__Chitinophagales|f__Saprospiraceae|g__Lewinella|s__|ASV_5784","February - September","k__Bacteria|p__Bacteroidota|c__Bacteroidia|o__Chitinophagales|f__Saprospiraceae|g__Lewinella|s__|ASV_5784",0.494074279220331,0.656531099171168,0.454396635697897,0.608452479219529,0.656531099171168,"","ALDEx2_kw"
"k__Bacteria|p__Actinomycetota|c__Acidimicrobiia|o__Microtrichales|f__Ilumatobacteraceae|g__Ilumatobacter|s__|ASV_14205","February - September","k__Bacteria|p__Actinomycetota|c__Acidimicrobiia|o__Microtrichales|f__Ilumatobacteraceae|g__Ilumatobacter|s__|ASV_14205",0.614336803974993,0.767326261046524,0.569496608311144,0.72548959414844,0.767326261046524,"","ALDEx2_kw"
"k__Bacteria|p__Pseudomonadota|c__Gammaproteobacteria|o__Steroidobacterales|f__Woeseiaceae|g__Woeseia|s__|ASV_15820","February - September","k__Bacteria|p__Pseudomonadota|c__Gammaproteobacteria|o__Steroidobacterales|f__Woeseiaceae|g__Woeseia|s__|ASV_15820",0.00422825994190593,0.0500917031101408,0.0505958082120049,0.154396424369166,0.0500917031101408,"","ALDEx2_kw"
"k__Bacteria|p__Campylobacterota|c__Campylobacteria|o__Campylobacterales|f__Sulfurovaceae|g__Sulfurovum|s__|ASV_3044","February - September","k__Bacteria|p__Campylobacterota|c__Campylobacteria|o__Campylobacterales|f__Sulfurovaceae|g__Sulfurovum|s__|ASV_3044",0.0496535737609007,0.171848599660541,0.0288309699447624,0.105452015064993,0.171848599660541,"","ALDEx2_kw"
"k__Bacteria|p__Pseudomonadota|c__Alphaproteobacteria|o__Sphingomonadales|f__Sphingomonadaceae|g__Sphingomicrobium|s__|ASV_14022","February - September","k__Bacteria|p__Pseudomonadota|c__Alphaproteobacteria|o__Sphingomonadales|f__Sphingomonadaceae|g__Sphingomicrobium|s__|ASV_14022",0.00350001186193306,0.0431723042204005,0.00382088151539952,0.0305519834355355,0.0431723042204005,"*","ALDEx2_kw"
"k__Bacteria|p__Bacteroidota|c__Bacteroidia|o__Flavobacteriales|f__Flavobacteriaceae|g__Muricauda|s__|ASV_9281","February - September","k__Bacteria|p__Bacteroidota|c__Bacteroidia|o__Flavobacteriales|f__Flavobacteriaceae|g__Muricauda|s__|ASV_9281",0.24970603184965,0.42606439354972,0.10695074136038,0.245008113898118,0.42606439354972,"","ALDEx2_kw"
"k__Bacteria|p__Rhodothermota|c__Rhodothermia|o__Rhodothermales|f__Rhodothermaceae|g__|s__|ASV_11484","February - September","k__Bacteria|p__Rhodothermota|c__Rhodothermia|o__Rhodothermales|f__Rhodothermaceae|g__|s__|ASV_11484",0.0206565371479958,0.115745089698254,0.0404394499147101,0.135783869324579,0.115745089698254,"","ALDEx2_kw"
"k__Bacteria|p__Myxococcota|c__Polyangiia|o__Polyangiales|f__Sandaracinaceae|g__|s__|ASV_5153","February - September","k__Bacteria|p__Myxococcota|c__Polyangiia|o__Polyangiales|f__Sandaracinaceae|g__|s__|ASV_5153",0.646018597557566,0.782233045509325,0.611643001603481,0.753366386672794,0.782233045509325,"","ALDEx2_kw"
"k__Bacteria|p__Bacteroidota|c__Bacteroidia|o__Cytophagales|f__Cyclobacteriaceae|g__Tunicatimonas|s__|ASV_213","February - September","k__Bacteria|p__Bacteroidota|c__Bacteroidia|o__Cytophagales|f__Cyclobacteriaceae|g__Tunicatimonas|s__|ASV_213",0.641462533428896,0.780635606543038,0.663813834557931,0.794478963173222,0.780635606543038,"","ALDEx2_kw"
"k__Bacteria|p__Bacteroidota|c__Bacteroidia|o__Flavobacteriales|f__Flavobacteriaceae|g__Hoppeia|s__|ASV_2715","February - September","k__Bacteria|p__Bacteroidota|c__Bacteroidia|o__Flavobacteriales|f__Flavobacteriaceae|g__Hoppeia|s__|ASV_2715",0.00238030322914727,0.0344375774229102,0.00311677240249296,0.0206322977903952,0.0344375774229102,"*","ALDEx2_kw"
"k__Bacteria|p__Pseudomonadota|c__Alphaproteobacteria|o__|f__Neomegalonemataceae|g__Acuticoccus|s__|ASV_5409","February - September","k__Bacteria|p__Pseudomonadota|c__Alphaproteobacteria|o__|f__Neomegalonemataceae|g__Acuticoccus|s__|ASV_5409",0.448072024230427,0.649880651606937,0.667581229370863,0.794622289431029,0.649880651606937,"","ALDEx2_kw"
"k__Bacteria|p__Pseudomonadota|c__Alphaproteobacteria|o__Sphingomonadales|f__Sphingomonadaceae|g__|s__|ASV_14191","February - September","k__Bacteria|p__Pseudomonadota|c__Alphaproteobacteria|o__Sphingomonadales|f__Sphingomonadaceae|g__|s__|ASV_14191",0.80026009616194,0.884788661296988,0.732462832295483,0.843345235945038,0.884788661296988,"","ALDEx2_kw"
"k__Bacteria|p__Bacteroidota|c__Bacteroidia|o__Chitinophagales|f__Saprospiraceae|g__Lewinella|s__|ASV_4316","February - September","k__Bacteria|p__Bacteroidota|c__Bacteroidia|o__Chitinophagales|f__Saprospiraceae|g__Lewinella|s__|ASV_4316",0.635289696075874,0.771347801986728,0.595845723590076,0.736564765055834,0.771347801986728,"","ALDEx2_kw"
"k__Bacteria|p__Bacteroidota|c__Bacteroidia|o__Flavobacteriales|f__Blattabacteriaceae|g__Candidatus_Uzinura|s__|ASV_7089","February - September","k__Bacteria|p__Bacteroidota|c__Bacteroidia|o__Flavobacteriales|f__Blattabacteriaceae|g__Candidatus_Uzinura|s__|ASV_7089",0.459245417084989,0.609459818452435,0.350036657685265,0.502515769428497,0.609459818452435,"","ALDEx2_kw"
"k__Bacteria|p__Pseudomonadota|c__Alphaproteobacteria|o__Hyphomicrobiales|f__Rhizobiaceae|g__Roseitalea|s__|ASV_2998","February - September","k__Bacteria|p__Pseudomonadota|c__Alphaproteobacteria|o__Hyphomicrobiales|f__Rhizobiaceae|g__Roseitalea|s__|ASV_2998",0.518057044092676,0.67996923916165,0.509428107532877,0.667499254573319,0.67996923916165,"","ALDEx2_kw"
"k__Bacteria|p__Pseudomonadota|c__Alphaproteobacteria|o__Sphingomonadales|f__Sphingomonadaceae|g__Aurantiacibacter|s__|ASV_472","February - September","k__Bacteria|p__Pseudomonadota|c__Alphaproteobacteria|o__Sphingomonadales|f__Sphingomonadaceae|g__Aurantiacibacter|s__|ASV_472",0.0119548887408151,0.0876077709694615,0.0152712182284241,0.0720474405460641,0.0876077709694615,"","ALDEx2_kw"
"k__Bacteria|p__Pseudomonadota|c__Alphaproteobacteria|o__Sphingomonadales|f__Sphingomonadaceae|g__Sphingomicrobium|s__|ASV_1202","February - September","k__Bacteria|p__Pseudomonadota|c__Alphaproteobacteria|o__Sphingomonadales|f__Sphingomonadaceae|g__Sphingomicrobium|s__|ASV_1202",0.65191262488579,0.784083438534506,0.652172774123484,0.786428225693846,0.784083438534506,"","ALDEx2_kw"
"k__Bacteria|p__Pseudomonadota|c__Gammaproteobacteria|o__Salinisphaerales|f__Salinisphaeraceae|g__Salinisphaera|s__|ASV_136","February - September","k__Bacteria|p__Pseudomonadota|c__Gammaproteobacteria|o__Salinisphaerales|f__Salinisphaeraceae|g__Salinisphaera|s__|ASV_136",4.2828949723127e-05,0.00742007870774382,2.65504829141743e-06,0.000161153680856824,0.00742007870774382,"**","ALDEx2_kw"
"k__Bacteria|p__Cyanobacteriota|c__Cyanobacteriia|o__Cyanobacteriales|f__Phormidiaceae|g__Arthrospira_PCC-7345|s__|ASV_8114","February - September","k__Bacteria|p__Cyanobacteriota|c__Cyanobacteriia|o__Cyanobacteriales|f__Phormidiaceae|g__Arthrospira_PCC-7345|s__|ASV_8114",0.615143641693337,0.755819238247327,0.548113432175563,0.698846979110058,0.755819238247327,"","ALDEx2_kw"
"k__Bacteria|p__Pseudomonadota|c__Alphaproteobacteria|o__Sphingomonadales|f__Sphingomonadaceae|g__Croceibacterium|s__|ASV_4092","February - September","k__Bacteria|p__Pseudomonadota|c__Alphaproteobacteria|o__Sphingomonadales|f__Sphingomonadaceae|g__Croceibacterium|s__|ASV_4092",0.188581610656517,0.389128658610329,0.228189642250041,0.405021276125854,0.389128658610329,"","ALDEx2_kw"
"k__Bacteria|p__Pseudomonadota|c__Alphaproteobacteria|o__Rhodobacterales|f__Paracoccaceae|g__Limibaculum|s__|ASV_361","February - September","k__Bacteria|p__Pseudomonadota|c__Alphaproteobacteria|o__Rhodobacterales|f__Paracoccaceae|g__Limibaculum|s__|ASV_361",0.13784134570946,0.32683984414059,0.170457377059203,0.328969782142567,0.32683984414059,"","ALDEx2_kw"
"k__Bacteria|p__Bacteroidota|c__Bacteroidia|o__Flavobacteriales|f__Flavobacteriaceae|g__|s__|ASV_6125","February - September","k__Bacteria|p__Bacteroidota|c__Bacteroidia|o__Flavobacteriales|f__Flavobacteriaceae|g__|s__|ASV_6125",0.541544160059113,0.721396478224981,0.574871391463762,0.72552894256705,0.721396478224981,"","ALDEx2_kw"
"k__Bacteria|p__Pseudomonadota|c__Alphaproteobacteria|o__Sphingomonadales|f__Sphingomonadaceae|g__Qipengyuania|s__|ASV_13971","February - September","k__Bacteria|p__Pseudomonadota|c__Alphaproteobacteria|o__Sphingomonadales|f__Sphingomonadaceae|g__Qipengyuania|s__|ASV_13971",0.648094623260238,0.779894020523265,0.662797843663044,0.791142382580029,0.779894020523265,"","ALDEx2_kw"
"k__Bacteria|p__Actinomycetota|c__Actinobacteria|o__Propionibacteriales|f__Nocardioidaceae|g__Nocardioides|s__|ASV_15626","February - September","k__Bacteria|p__Actinomycetota|c__Actinobacteria|o__Propionibacteriales|f__Nocardioidaceae|g__Nocardioides|s__|ASV_15626",0.0101169703504451,0.0708542784362075,0.00526906779982532,0.0288708945395238,0.0708542784362075,"","ALDEx2_kw"
"k__Bacteria|p__Bacteroidota|c__Bacteroidia|o__Cytophagales|f__Cyclobacteriaceae|g__Tunicatimonas|s__|ASV_15837","February - September","k__Bacteria|p__Bacteroidota|c__Bacteroidia|o__Cytophagales|f__Cyclobacteriaceae|g__Tunicatimonas|s__|ASV_15837",0.312081192656772,0.529728867980719,0.201899423963134,0.385998952854172,0.529728867980719,"","ALDEx2_kw"
"k__Bacteria|p__Pseudomonadota|c__Alphaproteobacteria|o__Rhodobacterales|f__Paracoccaceae|g__Actibacterium|s__|ASV_137","February - September","k__Bacteria|p__Pseudomonadota|c__Alphaproteobacteria|o__Rhodobacterales|f__Paracoccaceae|g__Actibacterium|s__|ASV_137",0.682223223126509,0.807306780131922,0.632636657128633,0.768379588840903,0.807306780131922,"","ALDEx2_kw"
"k__Bacteria|p__Pseudomonadota|c__Gammaproteobacteria|o__Enterobacterales|f__Alteromonadaceae|g__Alteromonas|s__|ASV_12422","February - September","k__Bacteria|p__Pseudomonadota|c__Gammaproteobacteria|o__Enterobacterales|f__Alteromonadaceae|g__Alteromonas|s__|ASV_12422",0.140019109817541,0.306669495602835,0.0653480345764886,0.176013039774715,0.306669495602835,"","ALDEx2_kw"
"k__Bacteria|p__Pseudomonadota|c__Alphaproteobacteria|o__Rhodobacterales|f__Paracoccaceae|g__Palleronia-Pseudomaribius|s__|ASV_3213","February - September","k__Bacteria|p__Pseudomonadota|c__Alphaproteobacteria|o__Rhodobacterales|f__Paracoccaceae|g__Palleronia-Pseudomaribius|s__|ASV_3213",0.0701670576293539,0.201729423086714,0.0199082310732903,0.0836847483616237,0.201729423086714,"","ALDEx2_kw"
"k__Bacteria|p__Actinomycetota|c__Actinobacteria|o__Nitriliruptorales|f__Nitriliruptoraceae|g__|s__|ASV_3062","February - September","k__Bacteria|p__Actinomycetota|c__Actinobacteria|o__Nitriliruptorales|f__Nitriliruptoraceae|g__|s__|ASV_3062",0.65804178700381,0.788076811343639,0.664509028855633,0.789166632198607,0.788076811343639,"","ALDEx2_kw"
"k__Bacteria|p__Pseudomonadota|c__Alphaproteobacteria|o__Hyphomicrobiales|f__Rhizobiaceae|g__Aurantimonas|s__|ASV_12613","February - September","k__Bacteria|p__Pseudomonadota|c__Alphaproteobacteria|o__Hyphomicrobiales|f__Rhizobiaceae|g__Aurantimonas|s__|ASV_12613",0.00031789283215424,0.0128390848226621,9.4417077148932e-05,0.00277301522197258,0.0128390848226621,"*","ALDEx2_kw"
"k__Bacteria|p__Pseudomonadota|c__Alphaproteobacteria|o__Sphingomonadales|f__Sphingomonadaceae|g__|s__|ASV_4279","February - September","k__Bacteria|p__Pseudomonadota|c__Alphaproteobacteria|o__Sphingomonadales|f__Sphingomonadaceae|g__|s__|ASV_4279",0.282664331123823,0.468125356017389,0.250673185612819,0.416138158789337,0.468125356017389,"","ALDEx2_kw"
"k__Bacteria|p__Actinomycetota|c__Actinobacteria|o__Nitriliruptorales|f__Nitriliruptoraceae|g__|s__|ASV_9881","February - September","k__Bacteria|p__Actinomycetota|c__Actinobacteria|o__Nitriliruptorales|f__Nitriliruptoraceae|g__|s__|ASV_9881",0.164203740950278,0.355651894392689,0.180463281203685,0.357402684676338,0.355651894392689,"","ALDEx2_kw"
"k__Bacteria|p__Pseudomonadota|c__Alphaproteobacteria|o__Rhodobacterales|f__Paracoccaceae|g__|s__|ASV_661","February - September","k__Bacteria|p__Pseudomonadota|c__Alphaproteobacteria|o__Rhodobacterales|f__Paracoccaceae|g__|s__|ASV_661",0.000998029838042645,0.0204519969725875,0.000572322336924832,0.00462750579374738,0.0204519969725875,"*","ALDEx2_kw"
"k__Bacteria|p__Pseudomonadota|c__Alphaproteobacteria|o__Hyphomicrobiales|f__Rhizobiaceae|g__|s__|ASV_4948","February - September","k__Bacteria|p__Pseudomonadota|c__Alphaproteobacteria|o__Hyphomicrobiales|f__Rhizobiaceae|g__|s__|ASV_4948",0.000538597742969432,0.01590695338985,0.00131741125864534,0.0173003637292534,0.01590695338985,"*","ALDEx2_kw"
"k__Bacteria|p__Rhodothermota|c__Rhodothermia|o__Rhodothermales|f__Rhodothermaceae|g__Rubrivirga|s__|ASV_10928","February - September","k__Bacteria|p__Rhodothermota|c__Rhodothermia|o__Rhodothermales|f__Rhodothermaceae|g__Rubrivirga|s__|ASV_10928",0.00404189621703364,0.0436504636281122,0.00381050934059826,0.0220533179099498,0.0436504636281122,"*","ALDEx2_kw"
"k__Bacteria|p__Actinomycetota|c__Actinobacteria|o__Nitriliruptorales|f__Nitriliruptoraceae|g__|s__|ASV_13617","February - September","k__Bacteria|p__Actinomycetota|c__Actinobacteria|o__Nitriliruptorales|f__Nitriliruptoraceae|g__|s__|ASV_13617",0.343024912392575,0.533858192347313,0.352766127772644,0.531068244568676,0.533858192347313,"","ALDEx2_kw"
"k__Bacteria|p__Chloroflexota|c__Anaerolineae|o__Aggregatilineales|f__A4b|g__|s__|ASV_9233","February - September","k__Bacteria|p__Chloroflexota|c__Anaerolineae|o__Aggregatilineales|f__A4b|g__|s__|ASV_9233",0.375524160820791,0.542056976392965,0.278303309671659,0.4424442885417,0.542056976392965,"","ALDEx2_kw"
"k__Bacteria|p__Rhodothermota|c__Rhodothermia|o__Rhodothermales|f__Rhodothermaceae|g__|s__|ASV_15452","February - September","k__Bacteria|p__Rhodothermota|c__Rhodothermia|o__Rhodothermales|f__Rhodothermaceae|g__|s__|ASV_15452",0.563366318821298,0.71947573217628,0.588028004599832,0.733104904502581,0.71947573217628,"","ALDEx2_kw"
"k__Bacteria|p__Bacteroidota|c__Bacteroidia|o__Flavobacteriales|f__Flavobacteriaceae|g__|s__|ASV_15493","February - September","k__Bacteria|p__Bacteroidota|c__Bacteroidia|o__Flavobacteriales|f__Flavobacteriaceae|g__|s__|ASV_15493",0.14090491897222,0.302974321599249,0.079779505404751,0.188517038176035,0.302974321599249,"","ALDEx2_kw"
"k__Bacteria|p__Pseudomonadota|c__Alphaproteobacteria|o__Rhodobacterales|f__Paracoccaceae|g__|s__|ASV_8835","February - September","k__Bacteria|p__Pseudomonadota|c__Alphaproteobacteria|o__Rhodobacterales|f__Paracoccaceae|g__|s__|ASV_8835",0.698542879410958,0.818736066701712,0.669892064313328,0.795519678556706,0.818736066701712,"","ALDEx2_kw"
"k__Bacteria|p__Cyanobacteriota|c__Cyanobacteriia|o__Phormidesmiales|f__Phormidesmiaceae|g__Acrophormium_PCC-7375|s__|ASV_5093","February - September","k__Bacteria|p__Cyanobacteriota|c__Cyanobacteriia|o__Phormidesmiales|f__Phormidesmiaceae|g__Acrophormium_PCC-7375|s__|ASV_5093",0.391342573458176,0.564825292875064,0.261047490862616,0.421396740942876,0.564825292875064,"","ALDEx2_kw"
"k__Bacteria|p__Pseudomonadota|c__Alphaproteobacteria|o__Rhodobacterales|f__Paracoccaceae|g__Palleronia-Pseudomaribius|s__|ASV_4192","February - September","k__Bacteria|p__Pseudomonadota|c__Alphaproteobacteria|o__Rhodobacterales|f__Paracoccaceae|g__Palleronia-Pseudomaribius|s__|ASV_4192",0.165986317063287,0.345408608824136,0.10165111884382,0.239108942498636,0.345408608824136,"","ALDEx2_kw"
"k__Bacteria|p__Pseudomonadota|c__Alphaproteobacteria|o__Sphingomonadales|f__Sphingomonadaceae|g__Qipengyuania|s__|ASV_11943","February - September","k__Bacteria|p__Pseudomonadota|c__Alphaproteobacteria|o__Sphingomonadales|f__Sphingomonadaceae|g__Qipengyuania|s__|ASV_11943",0.429003437256876,0.601661065066389,0.315374693842556,0.483070611770279,0.601661065066389,"","ALDEx2_kw"
"k__Bacteria|p__Pseudomonadota|c__Alphaproteobacteria|o__Caulobacterales|f__Hyphomonadaceae|g__Euryhalocaulis|s__|ASV_12273","February - September","k__Bacteria|p__Pseudomonadota|c__Alphaproteobacteria|o__Caulobacterales|f__Hyphomonadaceae|g__Euryhalocaulis|s__|ASV_12273",0.556202144643514,0.717150800656166,0.554989270846507,0.705357597603231,0.717150800656166,"","ALDEx2_kw"
"k__Bacteria|p__Bacteroidota|c__Bacteroidia|o__Flavobacteriales|f__Flavobacteriaceae|g__Hoppeia|s__|ASV_3834","February - September","k__Bacteria|p__Bacteroidota|c__Bacteroidia|o__Flavobacteriales|f__Flavobacteriaceae|g__Hoppeia|s__|ASV_3834",0.0883175863814888,0.23438699157339,0.0600854834271926,0.156561534898064,0.23438699157339,"","ALDEx2_kw"
"k__Bacteria|p__Pseudomonadota|c__Alphaproteobacteria|o__Caulobacterales|f__Parvularculaceae|g__Parvularcula|s__|ASV_9842","February - September","k__Bacteria|p__Pseudomonadota|c__Alphaproteobacteria|o__Caulobacterales|f__Parvularculaceae|g__Parvularcula|s__|ASV_9842",0.0505962620447813,0.186246233491052,0.0610363764692035,0.172177299831791,0.186246233491052,"","ALDEx2_kw"
"k__Bacteria|p__Bacteroidota|c__Bacteroidia|o__Flavobacteriales|f__Flavobacteriaceae|g__Hoppeia|s__|ASV_8218","February - September","k__Bacteria|p__Bacteroidota|c__Bacteroidia|o__Flavobacteriales|f__Flavobacteriaceae|g__Hoppeia|s__|ASV_8218",0.47962455569576,0.6319356779942,0.372546765090396,0.534518821423719,0.6319356779942,"","ALDEx2_kw"
"k__Bacteria|p__Pseudomonadota|c__Alphaproteobacteria|o__Hyphomicrobiales|f__Rhizobiaceae|g__|s__|ASV_14696","February - September","k__Bacteria|p__Pseudomonadota|c__Alphaproteobacteria|o__Hyphomicrobiales|f__Rhizobiaceae|g__|s__|ASV_14696",0.138458553717985,0.29444999579138,0.0635325049296908,0.163643816920195,0.29444999579138,"","ALDEx2_kw"
"k__Bacteria|p__Bacteroidota|c__Bacteroidia|o__Bacteroidales|f__Prolixibacteraceae|g__|s__|ASV_5304","February - September","k__Bacteria|p__Bacteroidota|c__Bacteroidia|o__Bacteroidales|f__Prolixibacteraceae|g__|s__|ASV_5304",0.121753769859771,0.287880589082984,0.0677715008265612,0.182665776712524,0.287880589082984,"","ALDEx2_kw"
"k__Bacteria|p__Bacteroidota|c__Bacteroidia|o__Chitinophagales|f__Saprospiraceae|g__Lewinella|s__|ASV_15291","February - September","k__Bacteria|p__Bacteroidota|c__Bacteroidia|o__Chitinophagales|f__Saprospiraceae|g__Lewinella|s__|ASV_15291",0.562610878498736,0.715147753170598,0.554414428603743,0.699135729449137,0.715147753170598,"","ALDEx2_kw"
"k__Bacteria|p__Bacteroidota|c__Bacteroidia|o__Cytophagales|f__Cyclobacteriaceae|g__|s__|ASV_922","February - September","k__Bacteria|p__Bacteroidota|c__Bacteroidia|o__Cytophagales|f__Cyclobacteriaceae|g__|s__|ASV_922",0.222566696597499,0.42692835347562,0.234190465133048,0.414028265095791,0.42692835347562,"","ALDEx2_kw"
"k__Bacteria|p__Actinomycetota|c__Acidimicrobiia|o__Microtrichales|f__Ilumatobacteraceae|g__Ilumatobacter|s__|ASV_12667","February - September","k__Bacteria|p__Actinomycetota|c__Acidimicrobiia|o__Microtrichales|f__Ilumatobacteraceae|g__Ilumatobacter|s__|ASV_12667",0.0475324660036533,0.190394172363464,0.134757216784186,0.298595957716246,0.190394172363464,"","ALDEx2_kw"
"k__Bacteria|p__Cyanobacteriota|c__Cyanobacteriia|o__Cyanobacteriales|f__Xenococcaceae|g__Pleurocapsa_PCC-7319|s__|ASV_1466","February - September","k__Bacteria|p__Cyanobacteriota|c__Cyanobacteriia|o__Cyanobacteriales|f__Xenococcaceae|g__Pleurocapsa_PCC-7319|s__|ASV_1466",0.594090050486878,0.742302518360922,0.584938074769316,0.734130498024328,0.742302518360922,"","ALDEx2_kw"
"k__Bacteria|p__Pseudomonadota|c__Alphaproteobacteria|o__Rhodobacterales|f__Paracoccaceae|g__Maribius|s__|ASV_4361","February - September","k__Bacteria|p__Pseudomonadota|c__Alphaproteobacteria|o__Rhodobacterales|f__Paracoccaceae|g__Maribius|s__|ASV_4361",0.108519610754122,0.301938904480304,0.287302006431896,0.474178662077684,0.301938904480304,"","ALDEx2_kw"
"k__Bacteria|p__Bacteroidota|c__Bacteroidia|o__Chitinophagales|f__Saprospiraceae|g__Lewinella|s__|ASV_14300","February - September","k__Bacteria|p__Bacteroidota|c__Bacteroidia|o__Chitinophagales|f__Saprospiraceae|g__Lewinella|s__|ASV_14300",0.393816941764213,0.600315092363639,0.394287608054505,0.572562785817534,0.600315092363639,"","ALDEx2_kw"
"k__Bacteria|p__Bacteroidota|c__Bacteroidia|o__Cytophagales|f__Cyclobacteriaceae|g__Fulvivirga|s__|ASV_8666","February - September","k__Bacteria|p__Bacteroidota|c__Bacteroidia|o__Cytophagales|f__Cyclobacteriaceae|g__Fulvivirga|s__|ASV_8666",0.0556736502898982,0.204310100173548,0.109972914263863,0.254533352422314,0.204310100173548,"","ALDEx2_kw"
"k__Bacteria|p__Pseudomonadota|c__Gammaproteobacteria|o__Pseudomonadales|f__Cellvibrionaceae|g__|s__|ASV_7471","February - September","k__Bacteria|p__Pseudomonadota|c__Gammaproteobacteria|o__Pseudomonadales|f__Cellvibrionaceae|g__|s__|ASV_7471",0.623354989078972,0.766206581219721,0.614958220632188,0.754436687586614,0.766206581219721,"","ALDEx2_kw"
"k__Bacteria|p__Actinomycetota|c__Actinobacteria|o__Propionibacteriales|f__Nocardioidaceae|g__Nocardioides|s__|ASV_12135","February - September","k__Bacteria|p__Actinomycetota|c__Actinobacteria|o__Propionibacteriales|f__Nocardioidaceae|g__Nocardioides|s__|ASV_12135",0.633701118189341,0.772774104032637,0.598386950258796,0.745530540390624,0.772774104032637,"","ALDEx2_kw"
"k__Bacteria|p__Pseudomonadota|c__Alphaproteobacteria|o__Rhodobacterales|f__Paracoccaceae|g__Marivita|s__|ASV_9078","February - September","k__Bacteria|p__Pseudomonadota|c__Alphaproteobacteria|o__Rhodobacterales|f__Paracoccaceae|g__Marivita|s__|ASV_9078",0.0359124353108443,0.139570794446652,0.0138022162709435,0.0619930803637216,0.139570794446652,"","ALDEx2_kw"
"k__Bacteria|p__Pseudomonadota|c__Alphaproteobacteria|o__Sphingomonadales|f__Sphingomonadaceae|g__|s__|ASV_15437","February - September","k__Bacteria|p__Pseudomonadota|c__Alphaproteobacteria|o__Sphingomonadales|f__Sphingomonadaceae|g__|s__|ASV_15437",0.0182720317298153,0.112884986627307,0.0710906658243459,0.199373447402753,0.112884986627307,"","ALDEx2_kw"
"k__Bacteria|p__Pseudomonadota|c__Alphaproteobacteria|o__Rhodobacterales|f__Paracoccaceae|g__|s__|ASV_67","February - September","k__Bacteria|p__Pseudomonadota|c__Alphaproteobacteria|o__Rhodobacterales|f__Paracoccaceae|g__|s__|ASV_67",0.328149534084743,0.524172970281609,0.323602082006589,0.506297227512032,0.524172970281609,"","ALDEx2_kw"
"k__Bacteria|p__Rhodothermota|c__Rhodothermia|o__Rhodothermales|f__Rhodothermaceae|g__Rubrivirga|s__|ASV_11931","February - September","k__Bacteria|p__Rhodothermota|c__Rhodothermia|o__Rhodothermales|f__Rhodothermaceae|g__Rubrivirga|s__|ASV_11931",0.270053025210023,0.483070056420254,0.409082214980223,0.589004854593032,0.483070056420254,"","ALDEx2_kw"
"k__Bacteria|p__Pseudomonadota|c__Alphaproteobacteria|o__Sphingomonadales|f__Sphingomonadaceae|g__|s__|ASV_3847","February - September","k__Bacteria|p__Pseudomonadota|c__Alphaproteobacteria|o__Sphingomonadales|f__Sphingomonadaceae|g__|s__|ASV_3847",0.712026081016513,0.825392532433185,0.66442360423479,0.790570902582964,0.825392532433185,"","ALDEx2_kw"
"k__Bacteria|p__Pseudomonadota|c__Alphaproteobacteria|o__Rhodobacterales|f__Paracoccaceae|g__Limibaculum|s__|ASV_8635","February - September","k__Bacteria|p__Pseudomonadota|c__Alphaproteobacteria|o__Rhodobacterales|f__Paracoccaceae|g__Limibaculum|s__|ASV_8635",0.0199944973986291,0.108446978159,0.0211831402607105,0.0821460339415555,0.108446978159,"","ALDEx2_kw"
"k__Bacteria|p__Bacteroidota|c__Bacteroidia|o__Flavobacteriales|f__Flavobacteriaceae|g__|s__|ASV_8714","February - September","k__Bacteria|p__Bacteroidota|c__Bacteroidia|o__Flavobacteriales|f__Flavobacteriaceae|g__|s__|ASV_8714",0.324474617247992,0.507709310397495,0.213330555753723,0.373831168432269,0.507709310397495,"","ALDEx2_kw"
"k__Bacteria|p__Pseudomonadota|c__Alphaproteobacteria|o__Rhodobacterales|f__Paracoccaceae|g__|s__|ASV_1133","February - September","k__Bacteria|p__Pseudomonadota|c__Alphaproteobacteria|o__Rhodobacterales|f__Paracoccaceae|g__|s__|ASV_1133",0.128726080374799,0.28647680589054,0.068461052554957,0.171816234827347,0.28647680589054,"","ALDEx2_kw"
"k__Bacteria|p__Pseudomonadota|c__Alphaproteobacteria|o__Rhodobacterales|f__Paracoccaceae|g__|s__|ASV_12846","February - September","k__Bacteria|p__Pseudomonadota|c__Alphaproteobacteria|o__Rhodobacterales|f__Paracoccaceae|g__|s__|ASV_12846",0.393200158643397,0.584876026079295,0.369024431902033,0.549517426524532,0.584876026079295,"","ALDEx2_kw"
"k__Bacteria|p__Bacteroidota|c__Bacteroidia|o__Cytophagales|f__Cyclobacteriaceae|g__Tunicatimonas|s__|ASV_14216","February - September","k__Bacteria|p__Bacteroidota|c__Bacteroidia|o__Cytophagales|f__Cyclobacteriaceae|g__Tunicatimonas|s__|ASV_14216",0.646394680679151,0.786958815040453,0.70272616625133,0.820567266893263,0.786958815040453,"","ALDEx2_kw"
"k__Bacteria|p__Pseudomonadota|c__Alphaproteobacteria|o__Rhodobacterales|f__Paracoccaceae|g__Palleronia-Pseudomaribius|s__|ASV_15810","February - September","k__Bacteria|p__Pseudomonadota|c__Alphaproteobacteria|o__Rhodobacterales|f__Paracoccaceae|g__Palleronia-Pseudomaribius|s__|ASV_15810",0.000904599792489047,0.0201489566217161,0.000160017071592563,0.00286185532010199,0.0201489566217161,"*","ALDEx2_kw"
"k__Bacteria|p__Bacteroidota|c__Bacteroidia|o__Flavobacteriales|f__Flavobacteriaceae|g__Robiginitalea|s__|ASV_15498","February - September","k__Bacteria|p__Bacteroidota|c__Bacteroidia|o__Flavobacteriales|f__Flavobacteriaceae|g__Robiginitalea|s__|ASV_15498",0.545550625004006,0.716677269480212,0.627103315139594,0.766265016653607,0.716677269480212,"","ALDEx2_kw"
"k__Bacteria|p__Rhodothermota|c__Rhodothermia|o__Rhodothermales|f__Rhodothermaceae|g__Rubrivirga|s__|ASV_11245","February - September","k__Bacteria|p__Rhodothermota|c__Rhodothermia|o__Rhodothermales|f__Rhodothermaceae|g__Rubrivirga|s__|ASV_11245",0.138913443390236,0.291529829956055,0.0536645205002621,0.153551085139154,0.291529829956055,"","ALDEx2_kw"
"k__Bacteria|p__Pseudomonadota|c__Alphaproteobacteria|o__Rhodobacterales|f__Paracoccaceae|g__|s__|ASV_12992","February - September","k__Bacteria|p__Pseudomonadota|c__Alphaproteobacteria|o__Rhodobacterales|f__Paracoccaceae|g__|s__|ASV_12992",0.1621010423781,0.372481708060133,0.340807060939759,0.529838135156956,0.372481708060133,"","ALDEx2_kw"
"k__Bacteria|p__Bacteroidota|c__Bacteroidia|o__Flavobacteriales|f__Flavobacteriaceae|g__|s__|ASV_13815","February - September","k__Bacteria|p__Bacteroidota|c__Bacteroidia|o__Flavobacteriales|f__Flavobacteriaceae|g__|s__|ASV_13815",0.114553916408411,0.312511770127154,0.0773321131635478,0.214845814674125,0.312511770127154,"","ALDEx2_kw"
"k__Bacteria|p__Rhodothermota|c__Rhodothermia|o__Rhodothermales|f__Rhodothermaceae|g__|s__|ASV_10440","February - September","k__Bacteria|p__Rhodothermota|c__Rhodothermia|o__Rhodothermales|f__Rhodothermaceae|g__|s__|ASV_10440",0.263879943886558,0.4687836833556,0.319287084734144,0.503455156508345,0.4687836833556,"","ALDEx2_kw"
"k__Bacteria|p__Actinomycetota|c__Actinobacteria|o__Euzebyales|f__Euzebyaceae|g__|s__|ASV_36","February - September","k__Bacteria|p__Actinomycetota|c__Actinobacteria|o__Euzebyales|f__Euzebyaceae|g__|s__|ASV_36",0.00425297379537628,0.0437790978956217,0.00340375397795483,0.0218955057841397,0.0437790978956217,"*","ALDEx2_kw"
"k__Bacteria|p__Pseudomonadota|c__Alphaproteobacteria|o__Rhodobacterales|f__Paracoccaceae|g__Allosediminivita|s__|ASV_1930","February - September","k__Bacteria|p__Pseudomonadota|c__Alphaproteobacteria|o__Rhodobacterales|f__Paracoccaceae|g__Allosediminivita|s__|ASV_1930",0.0202563509603041,0.118571275616745,0.0284888568683272,0.114611732783494,0.118571275616745,"","ALDEx2_kw"
"k__Bacteria|p__Pseudomonadota|c__Alphaproteobacteria|o__Sphingomonadales|f__Sphingomonadaceae|g__|s__|ASV_8288","February - September","k__Bacteria|p__Pseudomonadota|c__Alphaproteobacteria|o__Sphingomonadales|f__Sphingomonadaceae|g__|s__|ASV_8288",0.0386072056050113,0.172554308850635,0.0264242757841687,0.114570964890228,0.172554308850635,"","ALDEx2_kw"
"k__Bacteria|p__Pseudomonadota|c__Alphaproteobacteria|o__Sphingomonadales|f__Sphingomonadaceae|g__Aurantiacibacter|s__|ASV_11680","February - September","k__Bacteria|p__Pseudomonadota|c__Alphaproteobacteria|o__Sphingomonadales|f__Sphingomonadaceae|g__Aurantiacibacter|s__|ASV_11680",0.0795127906391213,0.23909552746505,0.114706996117336,0.260814428045053,0.23909552746505,"","ALDEx2_kw"
"k__Bacteria|p__Pseudomonadota|c__Gammaproteobacteria|o__Enterobacterales|f__Vibrionaceae|g__|s__|ASV_4625","February - September","k__Bacteria|p__Pseudomonadota|c__Gammaproteobacteria|o__Enterobacterales|f__Vibrionaceae|g__|s__|ASV_4625",0.416138916750992,0.594453679657461,0.392134852499034,0.561164179506566,0.594453679657461,"","ALDEx2_kw"
"k__Bacteria|p__Pseudomonadota|c__Alphaproteobacteria|o__Kiloniellales|f__Kiloniellaceae|g__Limibacillus|s__|ASV_7263","February - September","k__Bacteria|p__Pseudomonadota|c__Alphaproteobacteria|o__Kiloniellales|f__Kiloniellaceae|g__Limibacillus|s__|ASV_7263",0.717483800035179,0.836483044617999,0.451423768965314,0.631844230448584,0.836483044617999,"","ALDEx2_kw"
"k__Bacteria|p__Pseudomonadota|c__Alphaproteobacteria|o__Sphingomonadales|f__Sphingomonadaceae|g__|s__|ASV_14461","February - September","k__Bacteria|p__Pseudomonadota|c__Alphaproteobacteria|o__Sphingomonadales|f__Sphingomonadaceae|g__|s__|ASV_14461",0.542953831161848,0.701662457101311,0.55727413742447,0.707828949470077,0.701662457101311,"","ALDEx2_kw"
"k__Bacteria|p__Rhodothermota|c__Rhodothermia|o__Rhodothermales|f__Rhodothermaceae|g__|s__|ASV_634","February - September","k__Bacteria|p__Rhodothermota|c__Rhodothermia|o__Rhodothermales|f__Rhodothermaceae|g__|s__|ASV_634",0.00618047871733378,0.0572868334617806,0.00653954920119551,0.0403498218617776,0.0572868334617806,"","ALDEx2_kw"
"k__Bacteria|p__Actinomycetota|c__Actinobacteria|o__Frankiales|f__Geodermatophilaceae|g__Geodermatophilus|s__|ASV_7953","February - September","k__Bacteria|p__Actinomycetota|c__Actinobacteria|o__Frankiales|f__Geodermatophilaceae|g__Geodermatophilus|s__|ASV_7953",0.00640163001675573,0.061392774406939,0.0137125848365786,0.0686802202780467,0.061392774406939,"","ALDEx2_kw"
"k__Bacteria|p__Actinomycetota|c__Actinobacteria|o__Euzebyales|f__Euzebyaceae|g__|s__|ASV_8234","February - September","k__Bacteria|p__Actinomycetota|c__Actinobacteria|o__Euzebyales|f__Euzebyaceae|g__|s__|ASV_8234",0.0873119454179647,0.224099347935821,0.0398868280696553,0.11624681635252,0.224099347935821,"","ALDEx2_kw"
"k__Bacteria|p__Pseudomonadota|c__Alphaproteobacteria|o__Sphingomonadales|f__Sphingomonadaceae|g__Altererythrobacter|s__|ASV_2841","February - September","k__Bacteria|p__Pseudomonadota|c__Alphaproteobacteria|o__Sphingomonadales|f__Sphingomonadaceae|g__Altererythrobacter|s__|ASV_2841",0.00621346390069529,0.055420504893762,0.0042128833750879,0.0268106582636016,0.055420504893762,"","ALDEx2_kw"
"k__Bacteria|p__Pseudomonadota|c__Alphaproteobacteria|o__Rhodobacterales|f__Paracoccaceae|g__|s__|ASV_14973","February - September","k__Bacteria|p__Pseudomonadota|c__Alphaproteobacteria|o__Rhodobacterales|f__Paracoccaceae|g__|s__|ASV_14973",7.73589123357429e-05,0.00804573452155989,2.64264639943881e-06,0.000143031660401681,0.00804573452155989,"**","ALDEx2_kw"
"k__Bacteria|p__Pseudomonadota|c__Alphaproteobacteria|o__Sphingomonadales|f__Sphingomonadaceae|g__Aurantiacibacter|s__|ASV_5145","February - September","k__Bacteria|p__Pseudomonadota|c__Alphaproteobacteria|o__Sphingomonadales|f__Sphingomonadaceae|g__Aurantiacibacter|s__|ASV_5145",0.704580682735798,0.826353182177836,0.404105261288924,0.58939530380205,0.826353182177836,"","ALDEx2_kw"
"k__Bacteria|p__Bacteroidota|c__Bacteroidia|o__Flavobacteriales|f__Flavobacteriaceae|g__Gramella|s__|ASV_3911","February - September","k__Bacteria|p__Bacteroidota|c__Bacteroidia|o__Flavobacteriales|f__Flavobacteriaceae|g__Gramella|s__|ASV_3911",0.269918037138892,0.488411278238962,0.537572311955202,0.698249808307762,0.488411278238962,"","ALDEx2_kw"
"k__Bacteria|p__Pseudomonadota|c__Alphaproteobacteria|o__Rhodobacterales|f__Paracoccaceae|g__Palleronia-Pseudomaribius|s__|ASV_9440","February - September","k__Bacteria|p__Pseudomonadota|c__Alphaproteobacteria|o__Rhodobacterales|f__Paracoccaceae|g__Palleronia-Pseudomaribius|s__|ASV_9440",0.00055745590761278,0.0163608621786318,0.000514683699060245,0.00567707959802201,0.0163608621786318,"*","ALDEx2_kw"
"k__Bacteria|p__Pseudomonadota|c__Gammaproteobacteria|o__Enterobacterales|f__Alteromonadaceae|g__Aestuariibacter|s__|ASV_8460","February - September","k__Bacteria|p__Pseudomonadota|c__Gammaproteobacteria|o__Enterobacterales|f__Alteromonadaceae|g__Aestuariibacter|s__|ASV_8460",0.511963954662106,0.671865590236928,0.505071725748424,0.656525937536991,0.671865590236928,"","ALDEx2_kw"
"k__Bacteria|p__Rhodothermota|c__Rhodothermia|o__Rhodothermales|f__Rhodothermaceae|g__Rubrivirga|s__|ASV_8252","February - September","k__Bacteria|p__Rhodothermota|c__Rhodothermia|o__Rhodothermales|f__Rhodothermaceae|g__Rubrivirga|s__|ASV_8252",0.602838699959684,0.747974199253108,0.583975977378863,0.724752958709429,0.747974199253108,"","ALDEx2_kw"
"k__Bacteria|p__Actinomycetota|c__Actinobacteria|o__Euzebyales|f__Euzebyaceae|g__|s__|ASV_10669","February - September","k__Bacteria|p__Actinomycetota|c__Actinobacteria|o__Euzebyales|f__Euzebyaceae|g__|s__|ASV_10669",0.361557842065638,0.536287220760587,0.280142092766289,0.440550575421815,0.536287220760587,"","ALDEx2_kw"
"k__Bacteria|p__Pseudomonadota|c__Alphaproteobacteria|o__Hyphomicrobiales|f__Rhizobiaceae|g__Pseudahrensia|s__|ASV_219","February - September","k__Bacteria|p__Pseudomonadota|c__Alphaproteobacteria|o__Hyphomicrobiales|f__Rhizobiaceae|g__Pseudahrensia|s__|ASV_219",0.595204154334745,0.743911161661765,0.553686105753844,0.70192943756405,0.743911161661765,"","ALDEx2_kw"
"k__Bacteria|p__Pseudomonadota|c__Alphaproteobacteria|o__|f__Neomegalonemataceae|g__Acuticoccus|s__|ASV_13762","February - September","k__Bacteria|p__Pseudomonadota|c__Alphaproteobacteria|o__|f__Neomegalonemataceae|g__Acuticoccus|s__|ASV_13762",0.34494711243829,0.56535265211814,0.228721401118608,0.42108183823733,0.56535265211814,"","ALDEx2_kw"
"k__Bacteria|p__Pseudomonadota|c__Gammaproteobacteria|o__Steroidobacterales|f__Woeseiaceae|g__Woeseia|s__|ASV_6320","February - September","k__Bacteria|p__Pseudomonadota|c__Gammaproteobacteria|o__Steroidobacterales|f__Woeseiaceae|g__Woeseia|s__|ASV_6320",0.342267449148939,0.543332013405577,0.365487071937192,0.547312240997148,0.543332013405577,"","ALDEx2_kw"
"k__Bacteria|p__Cyanobacteriota|c__Cyanobacteriia|o__Cyanobacteriales|f__Xenococcaceae|g__Myxosarcina_GI1|s__|ASV_3310","February - September","k__Bacteria|p__Cyanobacteriota|c__Cyanobacteriia|o__Cyanobacteriales|f__Xenococcaceae|g__Myxosarcina_GI1|s__|ASV_3310",0.459786221632121,0.644441164065017,0.426647504105558,0.609467797770719,0.644441164065017,"","ALDEx2_kw"
"k__Bacteria|p__Thermodesulfobacteriota|c__Desulfobacteria|o__Desulfobacterales|f__Desulfosarcinaceae|g__|s__|ASV_2528","February - September","k__Bacteria|p__Thermodesulfobacteriota|c__Desulfobacteria|o__Desulfobacterales|f__Desulfosarcinaceae|g__|s__|ASV_2528",0.315529028057526,0.519110424706269,0.430461690522317,0.605094903307081,0.519110424706269,"","ALDEx2_kw"
"k__Bacteria|p__Actinomycetota|c__Acidimicrobiia|o__Microtrichales|f__Ilumatobacteraceae|g__Ilumatobacter|s__|ASV_2967","February - September","k__Bacteria|p__Actinomycetota|c__Acidimicrobiia|o__Microtrichales|f__Ilumatobacteraceae|g__Ilumatobacter|s__|ASV_2967",0.485929241999564,0.648034260194223,0.401963075309489,0.567259662724405,0.648034260194223,"","ALDEx2_kw"
"k__Bacteria|p__Chloroflexota|c__Anaerolineae|o__Aggregatilineales|f__A4b|g__|s__|ASV_121","February - September","k__Bacteria|p__Chloroflexota|c__Anaerolineae|o__Aggregatilineales|f__A4b|g__|s__|ASV_121",0.212196836457796,0.42506379904605,0.350020888273571,0.530834710217229,0.42506379904605,"","ALDEx2_kw"
"k__Bacteria|p__Bacteroidota|c__Bacteroidia|o__Bacteroidales|f__Prolixibacteraceae|g__|s__|ASV_6058","February - September","k__Bacteria|p__Bacteroidota|c__Bacteroidia|o__Bacteroidales|f__Prolixibacteraceae|g__|s__|ASV_6058",0.301557695099962,0.524379544380956,0.428590251208537,0.608407261255054,0.524379544380956,"","ALDEx2_kw"
"k__Bacteria|p__Bacteroidota|c__Bacteroidia|o__Cytophagales|f__Cyclobacteriaceae|g__Tunicatimonas|s__|ASV_745","February - September","k__Bacteria|p__Bacteroidota|c__Bacteroidia|o__Cytophagales|f__Cyclobacteriaceae|g__Tunicatimonas|s__|ASV_745",0.549025272873586,0.708061084284175,0.56588334586944,0.715185448099129,0.708061084284175,"","ALDEx2_kw"
"k__Bacteria|p__Thermodesulfobacteriota|c__Desulfobulbia|o__Desulfobulbales|f__Desulfobulbaceae|g__Candidatus_Electrothrix|s__|ASV_11661","February - September","k__Bacteria|p__Thermodesulfobacteriota|c__Desulfobulbia|o__Desulfobulbales|f__Desulfobulbaceae|g__Candidatus_Electrothrix|s__|ASV_11661",0.352319630470868,0.521911175710564,0.244444494190329,0.395906434073793,0.521911175710564,"","ALDEx2_kw"
"k__Bacteria|p__Pseudomonadota|c__Alphaproteobacteria|o__Sphingomonadales|f__Sphingomonadaceae|g__|s__|ASV_11464","February - September","k__Bacteria|p__Pseudomonadota|c__Alphaproteobacteria|o__Sphingomonadales|f__Sphingomonadaceae|g__|s__|ASV_11464",0.209771369461271,0.40588525791074,0.169981202624292,0.328953514304491,0.40588525791074,"","ALDEx2_kw"
"k__Bacteria|p__Cyanobacteriota|c__Cyanobacteriia|o__Cyanobacteriales|f__Xenococcaceae|g__Myxosarcina_GI1|s__|ASV_3786","February - September","k__Bacteria|p__Cyanobacteriota|c__Cyanobacteriia|o__Cyanobacteriales|f__Xenococcaceae|g__Myxosarcina_GI1|s__|ASV_3786",0.739801242306012,0.84623449207145,0.707322771323791,0.822545186707765,0.84623449207145,"","ALDEx2_kw"
"k__Bacteria|p__Bacteroidota|c__Bacteroidia|o__Chitinophagales|f__Saprospiraceae|g__Lewinella|s__|ASV_12600","February - September","k__Bacteria|p__Bacteroidota|c__Bacteroidia|o__Chitinophagales|f__Saprospiraceae|g__Lewinella|s__|ASV_12600",0.426409458565119,0.610697838371679,0.415820122196093,0.585633726996361,0.610697838371679,"","ALDEx2_kw"
"k__Bacteria|p__Bacteroidota|c__Bacteroidia|o__Flavobacteriales|f__Flavobacteriaceae|g__|s__|ASV_6936","February - September","k__Bacteria|p__Bacteroidota|c__Bacteroidia|o__Flavobacteriales|f__Flavobacteriaceae|g__|s__|ASV_6936",0.406427054876106,0.58659209712931,0.3246060826775,0.493545853361227,0.58659209712931,"","ALDEx2_kw"
"k__Bacteria|p__Bacteroidota|c__Bacteroidia|o__Cytophagales|f__Cyclobacteriaceae|g__Tunicatimonas|s__|ASV_15997","February - September","k__Bacteria|p__Bacteroidota|c__Bacteroidia|o__Cytophagales|f__Cyclobacteriaceae|g__Tunicatimonas|s__|ASV_15997",0.645094940887055,0.786103871246467,0.574749781298518,0.726439029630232,0.786103871246467,"","ALDEx2_kw"
"k__Bacteria|p__Actinomycetota|c__Actinobacteria|o__Nitriliruptorales|f__Nitriliruptoraceae|g__|s__|ASV_6096","February - September","k__Bacteria|p__Actinomycetota|c__Actinobacteria|o__Nitriliruptorales|f__Nitriliruptoraceae|g__|s__|ASV_6096",0.248736175054796,0.42915737844477,0.227140124112691,0.39320002581255,0.42915737844477,"","ALDEx2_kw"
"k__Bacteria|p__Thermodesulfobacteriota|c__Desulfobulbia|o__Desulfobulbales|f__Desulfobulbaceae|g__|s__|ASV_9756","February - September","k__Bacteria|p__Thermodesulfobacteriota|c__Desulfobulbia|o__Desulfobulbales|f__Desulfobulbaceae|g__|s__|ASV_9756",0.516238467480696,0.685874856558398,0.471114009827045,0.639381002435069,0.685874856558398,"","ALDEx2_kw"
"k__Bacteria|p__Bacteroidota|c__Bacteroidia|o__Cytophagales|f__Cyclobacteriaceae|g__Catalinimonas|s__|ASV_312","February - September","k__Bacteria|p__Bacteroidota|c__Bacteroidia|o__Cytophagales|f__Cyclobacteriaceae|g__Catalinimonas|s__|ASV_312",0.0838926030656894,0.259589356726851,0.0495366341963121,0.174950427896435,0.259589356726851,"","ALDEx2_kw"
"k__Bacteria|p__Rhodothermota|c__Rhodothermia|o__Rhodothermales|f__Rhodothermaceae|g__Rubrivirga|s__|ASV_5056","February - September","k__Bacteria|p__Rhodothermota|c__Rhodothermia|o__Rhodothermales|f__Rhodothermaceae|g__Rubrivirga|s__|ASV_5056",0.00446921737745543,0.0451630029199705,0.00352139809473407,0.0224065262144539,0.0451630029199705,"*","ALDEx2_kw"
"k__Bacteria|p__Bacteroidota|c__Bacteroidia|o__Flavobacteriales|f__Flavobacteriaceae|g__|s__|ASV_11133","February - September","k__Bacteria|p__Bacteroidota|c__Bacteroidia|o__Flavobacteriales|f__Flavobacteriaceae|g__|s__|ASV_11133",0.849483818674637,0.914245689322012,0.369903839111683,0.563295366382533,0.914245689322012,"","ALDEx2_kw"
"k__Bacteria|p__Bacteroidota|c__Bacteroidia|o__Flavobacteriales|f__Flavobacteriaceae|g__Nonlabens|s__|ASV_13962","February - September","k__Bacteria|p__Bacteroidota|c__Bacteroidia|o__Flavobacteriales|f__Flavobacteriaceae|g__Nonlabens|s__|ASV_13962",0.16318770630089,0.350382849992778,0.155912289879013,0.32061879331782,0.350382849992778,"","ALDEx2_kw"
"k__Bacteria|p__Pseudomonadota|c__Alphaproteobacteria|o__Sphingomonadales|f__Sphingomonadaceae|g__Sphingomicrobium|s__|ASV_13291","February - September","k__Bacteria|p__Pseudomonadota|c__Alphaproteobacteria|o__Sphingomonadales|f__Sphingomonadaceae|g__Sphingomicrobium|s__|ASV_13291",0.1458907078116,0.328012039938866,0.115793238339769,0.261178413576487,0.328012039938866,"","ALDEx2_kw"
"k__Bacteria|p__Pseudomonadota|c__Gammaproteobacteria|o__Enterobacterales|f__Vibrionaceae|g__Vibrio|s__|ASV_10629","February - September","k__Bacteria|p__Pseudomonadota|c__Gammaproteobacteria|o__Enterobacterales|f__Vibrionaceae|g__Vibrio|s__|ASV_10629",0.166544349104416,0.352165579404332,0.165814774513747,0.331396048637409,0.352165579404332,"","ALDEx2_kw"
"k__Bacteria|p__Bacteroidota|c__Bacteroidia|o__Chitinophagales|f__Saprospiraceae|g__|s__|ASV_15050","February - September","k__Bacteria|p__Bacteroidota|c__Bacteroidia|o__Chitinophagales|f__Saprospiraceae|g__|s__|ASV_15050",0.0208144973063415,0.115081754961824,0.0366736030637004,0.112556614740597,0.115081754961824,"","ALDEx2_kw"
"k__Bacteria|p__Pseudomonadota|c__Alphaproteobacteria|o__Rhodobacterales|f__Paracoccaceae|g__Actibacterium|s__|ASV_14368","February - September","k__Bacteria|p__Pseudomonadota|c__Alphaproteobacteria|o__Rhodobacterales|f__Paracoccaceae|g__Actibacterium|s__|ASV_14368",0.057965142986215,0.192433342276788,0.0728834766940864,0.183744580233114,0.192433342276788,"","ALDEx2_kw"
"k__Bacteria|p__Actinomycetota|c__Acidimicrobiia|o__Microtrichales|f__Ilumatobacteraceae|g__Ilumatobacter|s__|ASV_9109","February - September","k__Bacteria|p__Actinomycetota|c__Acidimicrobiia|o__Microtrichales|f__Ilumatobacteraceae|g__Ilumatobacter|s__|ASV_9109",0.288529600598927,0.495366278614701,0.224143181522239,0.403446639057158,0.495366278614701,"","ALDEx2_kw"
"k__Bacteria|p__Pseudomonadota|c__Alphaproteobacteria|o__Hyphomicrobiales|f__Rhodomicrobiaceae|g__Rhodomicrobium|s__|ASV_14279","February - September","k__Bacteria|p__Pseudomonadota|c__Alphaproteobacteria|o__Hyphomicrobiales|f__Rhodomicrobiaceae|g__Rhodomicrobium|s__|ASV_14279",0.339611110662035,0.541632743847939,0.461604800210122,0.629686957438564,0.541632743847939,"","ALDEx2_kw"
"k__Bacteria|p__Pseudomonadota|c__Alphaproteobacteria|o__Sphingomonadales|f__Sphingomonadaceae|g__|s__|ASV_7123","February - September","k__Bacteria|p__Pseudomonadota|c__Alphaproteobacteria|o__Sphingomonadales|f__Sphingomonadaceae|g__|s__|ASV_7123",0.0829527350869842,0.25740786993643,0.177308772595359,0.359702083868343,0.25740786993643,"","ALDEx2_kw"
"k__Bacteria|p__Bacteroidota|c__Bacteroidia|o__Flavobacteriales|f__Flavobacteriaceae|g__Flavimarina|s__|ASV_14451","February - September","k__Bacteria|p__Bacteroidota|c__Bacteroidia|o__Flavobacteriales|f__Flavobacteriaceae|g__Flavimarina|s__|ASV_14451",0.290296507731126,0.515867501370396,0.415553149875382,0.593359586979853,0.515867501370396,"","ALDEx2_kw"
"k__Bacteria|p__Pseudomonadota|c__Alphaproteobacteria|o__Kiloniellales|f__Kiloniellaceae|g__|s__|ASV_13619","February - September","k__Bacteria|p__Pseudomonadota|c__Alphaproteobacteria|o__Kiloniellales|f__Kiloniellaceae|g__|s__|ASV_13619",0.152305972004856,0.319931390589784,0.0768833752095068,0.198930976207735,0.319931390589784,"","ALDEx2_kw"
"k__Bacteria|p__Actinomycetota|c__Actinobacteria|o__Euzebyales|f__Euzebyaceae|g__Euzebya|s__|ASV_5746","February - September","k__Bacteria|p__Actinomycetota|c__Actinobacteria|o__Euzebyales|f__Euzebyaceae|g__Euzebya|s__|ASV_5746",0.000207386384713766,0.0107763584205853,2.89238458185136e-05,0.000704891755738704,0.0107763584205853,"*","ALDEx2_kw"
"k__Bacteria|p__Myxococcota|c__Polyangiia|o__Polyangiales|f__Sandaracinaceae|g__|s__|ASV_15934","February - September","k__Bacteria|p__Myxococcota|c__Polyangiia|o__Polyangiales|f__Sandaracinaceae|g__|s__|ASV_15934",0.594521099851858,0.741813896595708,0.533988277561751,0.689290364645746,0.741813896595708,"","ALDEx2_kw"
"k__Bacteria|p__Rhodothermota|c__Rhodothermia|o__Rhodothermales|f__Rhodothermaceae|g__Rubrivirga|s__|ASV_4964","February - September","k__Bacteria|p__Rhodothermota|c__Rhodothermia|o__Rhodothermales|f__Rhodothermaceae|g__Rubrivirga|s__|ASV_4964",0.400519838328142,0.585326424291128,0.42273596121054,0.591802203888805,0.585326424291128,"","ALDEx2_kw"
"k__Bacteria|p__Verrucomicrobiota|c__Verrucomicrobiia|o__Verrucomicrobiales|f__DEV007|g__|s__|ASV_12367","February - September","k__Bacteria|p__Verrucomicrobiota|c__Verrucomicrobiia|o__Verrucomicrobiales|f__DEV007|g__|s__|ASV_12367",0.131640666071277,0.329676451827367,0.187429947217603,0.363478577844977,0.329676451827367,"","ALDEx2_kw"
"k__Bacteria|p__Pseudomonadota|c__Alphaproteobacteria|o__Rhodobacterales|f__Paracoccaceae|g__|s__|ASV_5270","February - September","k__Bacteria|p__Pseudomonadota|c__Alphaproteobacteria|o__Rhodobacterales|f__Paracoccaceae|g__|s__|ASV_5270",0.0533696789311415,0.205623359138653,0.125074483078161,0.282976492255779,0.205623359138653,"","ALDEx2_kw"
"k__Bacteria|p__Actinomycetota|c__Actinobacteria|o__Mycobacteriales|f__Mycobacteriaceae|g__Mycobacterium|s__|ASV_13526","February - September","k__Bacteria|p__Actinomycetota|c__Actinobacteria|o__Mycobacteriales|f__Mycobacteriaceae|g__Mycobacterium|s__|ASV_13526",0.340809537900837,0.502976321791816,0.275280522736888,0.422986324113303,0.502976321791816,"","ALDEx2_kw"
"k__Bacteria|p__Pseudomonadota|c__Alphaproteobacteria|o__Sphingomonadales|f__Sphingomonadaceae|g__Parasphingopyxis|s__|ASV_619","February - September","k__Bacteria|p__Pseudomonadota|c__Alphaproteobacteria|o__Sphingomonadales|f__Sphingomonadaceae|g__Parasphingopyxis|s__|ASV_619",0.0018532823683351,0.030300600818225,0.00436344260498525,0.0304434586701471,0.030300600818225,"*","ALDEx2_kw"
"k__Bacteria|p__Acidobacteriota|c__Thermoanaerobaculia|o__Thermoanaerobaculales|f__Thermoanaerobaculaceae|g__Subgroup_10|s__|ASV_9865","February - September","k__Bacteria|p__Acidobacteriota|c__Thermoanaerobaculia|o__Thermoanaerobaculales|f__Thermoanaerobaculaceae|g__Subgroup_10|s__|ASV_9865",0.0342108100173203,0.142727764472574,0.024490464797523,0.091711056728883,0.142727764472574,"","ALDEx2_kw"
"k__Bacteria|p__Actinomycetota|c__Acidimicrobiia|o__Microtrichales|f__Ilumatobacteraceae|g__Ilumatobacter|s__|ASV_5173","February - September","k__Bacteria|p__Actinomycetota|c__Acidimicrobiia|o__Microtrichales|f__Ilumatobacteraceae|g__Ilumatobacter|s__|ASV_5173",0.5328025685439,0.695204946260602,0.52343090311002,0.674077755709447,0.695204946260602,"","ALDEx2_kw"
"k__Bacteria|p__Pseudomonadota|c__Alphaproteobacteria|o__Sphingomonadales|f__Sphingomonadaceae|g__Paraurantiacibacter|s__|ASV_6999","February - September","k__Bacteria|p__Pseudomonadota|c__Alphaproteobacteria|o__Sphingomonadales|f__Sphingomonadaceae|g__Paraurantiacibacter|s__|ASV_6999",0.000227237355916236,0.0109524803171111,9.0131311826519e-05,0.00184250460694384,0.0109524803171111,"*","ALDEx2_kw"
"k__Bacteria|p__Pseudomonadota|c__Alphaproteobacteria|o__Sphingomonadales|f__Sphingomonadaceae|g__Sphingomicrobium|s__|ASV_1652","February - September","k__Bacteria|p__Pseudomonadota|c__Alphaproteobacteria|o__Sphingomonadales|f__Sphingomonadaceae|g__Sphingomicrobium|s__|ASV_1652",0.0899543824443221,0.266449530952743,0.180356053586516,0.342974904211432,0.266449530952743,"","ALDEx2_kw"
"k__Bacteria|p__Bacteroidota|c__Bacteroidia|o__Cytophagales|f__Cyclobacteriaceae|g__Fulvivirga|s__|ASV_8492","February - September","k__Bacteria|p__Bacteroidota|c__Bacteroidia|o__Cytophagales|f__Cyclobacteriaceae|g__Fulvivirga|s__|ASV_8492",0.755569182242227,0.856322826409374,0.710551282395214,0.825787374359186,0.856322826409374,"","ALDEx2_kw"
"k__Bacteria|p__Pseudomonadota|c__Alphaproteobacteria|o__Sphingomonadales|f__Sphingomonadaceae|g__|s__|ASV_2773","February - September","k__Bacteria|p__Pseudomonadota|c__Alphaproteobacteria|o__Sphingomonadales|f__Sphingomonadaceae|g__|s__|ASV_2773",0.0121270899822866,0.07985961134844,0.0103411570126718,0.05292371159302,0.07985961134844,"","ALDEx2_kw"
"k__Bacteria|p__Bacteroidota|c__Bacteroidia|o__Flavobacteriales|f__Flavobacteriaceae|g__Hoppeia|s__|ASV_1103","February - September","k__Bacteria|p__Bacteroidota|c__Bacteroidia|o__Flavobacteriales|f__Flavobacteriaceae|g__Hoppeia|s__|ASV_1103",0.311609446539992,0.497445229980123,0.226260007572256,0.386319855367066,0.497445229980123,"","ALDEx2_kw"
"k__Bacteria|p__Pseudomonadota|c__Alphaproteobacteria|o__Rhodobacterales|f__Paracoccaceae|g__|s__|ASV_6399","February - September","k__Bacteria|p__Pseudomonadota|c__Alphaproteobacteria|o__Rhodobacterales|f__Paracoccaceae|g__|s__|ASV_6399",0.485690520252382,0.66805570307884,0.501159642442503,0.66386366497771,0.66805570307884,"","ALDEx2_kw"
"k__Bacteria|p__Bacteroidota|c__Bacteroidia|o__Cytophagales|f__Cyclobacteriaceae|g__Fulvivirga|s__|ASV_10951","February - September","k__Bacteria|p__Bacteroidota|c__Bacteroidia|o__Cytophagales|f__Cyclobacteriaceae|g__Fulvivirga|s__|ASV_10951",0.0549037901197252,0.186050022195099,0.0440868470425356,0.141387933581855,0.186050022195099,"","ALDEx2_kw"
"k__Bacteria|p__Pseudomonadota|c__Gammaproteobacteria|o__Pseudomonadales|f__Cellvibrionaceae|g__|s__|ASV_6741","February - September","k__Bacteria|p__Pseudomonadota|c__Gammaproteobacteria|o__Pseudomonadales|f__Cellvibrionaceae|g__|s__|ASV_6741",0.34008729667029,0.563212373064062,0.508172890846881,0.675468942147022,0.563212373064062,"","ALDEx2_kw"
"k__Bacteria|p__Pseudomonadota|c__Gammaproteobacteria|o__Pseudomonadales|f__Pseudohongiellaceae|g__Pseudohongiella|s__|ASV_8644","February - September","k__Bacteria|p__Pseudomonadota|c__Gammaproteobacteria|o__Pseudomonadales|f__Pseudohongiellaceae|g__Pseudohongiella|s__|ASV_8644",0.176919348206215,0.374641942987898,0.200881431032687,0.374411544174004,0.374641942987898,"","ALDEx2_kw"
"k__Bacteria|p__Chloroflexota|c__Anaerolineae|o__Aggregatilineales|f__A4b|g__|s__|ASV_15753","February - September","k__Bacteria|p__Chloroflexota|c__Anaerolineae|o__Aggregatilineales|f__A4b|g__|s__|ASV_15753",0.0682719681263257,0.224550528298186,0.120418829765733,0.268202236152634,0.224550528298186,"","ALDEx2_kw"
"k__Bacteria|p__Pseudomonadota|c__Alphaproteobacteria|o__|f__Neomegalonemataceae|g__Acuticoccus|s__|ASV_8326","February - September","k__Bacteria|p__Pseudomonadota|c__Alphaproteobacteria|o__|f__Neomegalonemataceae|g__Acuticoccus|s__|ASV_8326",0.0351446114646785,0.150833314542279,0.0578159242608499,0.168409324276898,0.150833314542279,"","ALDEx2_kw"
"k__Bacteria|p__Rhodothermota|c__Rhodothermia|o__Rhodothermales|f__Rhodothermaceae|g__|s__|ASV_13435","February - September","k__Bacteria|p__Rhodothermota|c__Rhodothermia|o__Rhodothermales|f__Rhodothermaceae|g__|s__|ASV_13435",0.486827639437163,0.663237145661307,0.477135073178359,0.641785653945599,0.663237145661307,"","ALDEx2_kw"
"k__Bacteria|p__Pseudomonadota|c__Alphaproteobacteria|o__Hyphomicrobiales|f__Lutibaculaceae|g__Lutibaculum|s__|ASV_15630","February - September","k__Bacteria|p__Pseudomonadota|c__Alphaproteobacteria|o__Hyphomicrobiales|f__Lutibaculaceae|g__Lutibaculum|s__|ASV_15630",0.122427373664459,0.310142741907033,0.170431083112905,0.334788504591829,0.310142741907033,"","ALDEx2_kw"
"k__Bacteria|p__Bacteroidota|c__Bacteroidia|o__Cytophagales|f__Flammeovirgaceae|g__|s__|ASV_15816","February - September","k__Bacteria|p__Bacteroidota|c__Bacteroidia|o__Cytophagales|f__Flammeovirgaceae|g__|s__|ASV_15816",0.116936609081769,0.289048574560674,0.0890963779858972,0.220487693616916,0.289048574560674,"","ALDEx2_kw"
"k__Bacteria|p__Rhodothermota|c__Rhodothermia|o__Rhodothermales|f__Rhodothermaceae|g__Rubrivirga|s__|ASV_571","February - September","k__Bacteria|p__Rhodothermota|c__Rhodothermia|o__Rhodothermales|f__Rhodothermaceae|g__Rubrivirga|s__|ASV_571",0.218644425852103,0.403867913895598,0.161087631750832,0.317783537619261,0.403867913895598,"","ALDEx2_kw"
"k__Bacteria|p__Pseudomonadota|c__Alphaproteobacteria|o__Rhodobacterales|f__Paracoccaceae|g__Tropicimonas-Psychromarinibacter|s__|ASV_11169","February - September","k__Bacteria|p__Pseudomonadota|c__Alphaproteobacteria|o__Rhodobacterales|f__Paracoccaceae|g__Tropicimonas-Psychromarinibacter|s__|ASV_11169",0.615025593736482,0.755956400609711,0.595501277754318,0.741010840613697,0.755956400609711,"","ALDEx2_kw"
"k__Bacteria|p__Bacteroidota|c__Bacteroidia|o__Bacteroidales|f__Bacteroidetes_BD2-2|g__|s__|ASV_12719","February - September","k__Bacteria|p__Bacteroidota|c__Bacteroidia|o__Bacteroidales|f__Bacteroidetes_BD2-2|g__|s__|ASV_12719",0.0221589955758887,0.12105854217659,0.148556934861827,0.306399799431216,0.12105854217659,"","ALDEx2_kw"
"k__Bacteria|p__Bacteroidota|c__Bacteroidia|o__Cytophagales|f__Cyclobacteriaceae|g__Tunicatimonas|s__|ASV_10332","February - September","k__Bacteria|p__Bacteroidota|c__Bacteroidia|o__Cytophagales|f__Cyclobacteriaceae|g__Tunicatimonas|s__|ASV_10332",0.0338385710637029,0.153119587584904,0.0468659418103642,0.150664322426762,0.153119587584904,"","ALDEx2_kw"
"k__Bacteria|p__Cyanobacteriota|c__Cyanobacteriia|o__Cyanobacteriales|f__Nostocaceae|g__Rivularia_PCC-7116|s__|ASV_3099","February - September","k__Bacteria|p__Cyanobacteriota|c__Cyanobacteriia|o__Cyanobacteriales|f__Nostocaceae|g__Rivularia_PCC-7116|s__|ASV_3099",0.504789612995136,0.664405837787024,0.48935645357805,0.642872627645293,0.664405837787024,"","ALDEx2_kw"
"k__Bacteria|p__Pseudomonadota|c__Alphaproteobacteria|o__Sphingomonadales|f__Sphingomonadaceae|g__Aurantiacibacter|s__|ASV_6586","February - September","k__Bacteria|p__Pseudomonadota|c__Alphaproteobacteria|o__Sphingomonadales|f__Sphingomonadaceae|g__Aurantiacibacter|s__|ASV_6586",0.186482683026688,0.400354479281626,0.425887391141496,0.604455551432796,0.400354479281626,"","ALDEx2_kw"
"k__Bacteria|p__Rhodothermota|c__Rhodothermia|o__Rhodothermales|f__Rhodothermaceae|g__|s__|ASV_12493","February - September","k__Bacteria|p__Rhodothermota|c__Rhodothermia|o__Rhodothermales|f__Rhodothermaceae|g__|s__|ASV_12493",0.350315226388938,0.528723786602461,0.28863077961294,0.455593689524863,0.528723786602461,"","ALDEx2_kw"
"k__Bacteria|p__Bacteroidota|c__Bacteroidia|o__Cytophagales|f__Cyclobacteriaceae|g__Tunicatimonas|s__|ASV_15977","February - September","k__Bacteria|p__Bacteroidota|c__Bacteroidia|o__Cytophagales|f__Cyclobacteriaceae|g__Tunicatimonas|s__|ASV_15977",0.24772006901074,0.430788257329063,0.227972426033611,0.390773427424613,0.430788257329063,"","ALDEx2_kw"
"k__Bacteria|p__Pseudomonadota|c__Alphaproteobacteria|o__Kiloniellales|f__Kiloniellaceae|g__Pelagibius|s__|ASV_3850","February - September","k__Bacteria|p__Pseudomonadota|c__Alphaproteobacteria|o__Kiloniellales|f__Kiloniellaceae|g__Pelagibius|s__|ASV_3850",0.741016058793174,0.848670102266444,0.637733383921756,0.776101446305721,0.848670102266444,"","ALDEx2_kw"
"k__Bacteria|p__Pseudomonadota|c__Gammaproteobacteria|o__Pseudomonadales|f__KI89A_clade|g__|s__|ASV_9783","February - September","k__Bacteria|p__Pseudomonadota|c__Gammaproteobacteria|o__Pseudomonadales|f__KI89A_clade|g__|s__|ASV_9783",0.439497539498247,0.64348836319593,0.323725893926488,0.511624661481577,0.64348836319593,"","ALDEx2_kw"
"k__Bacteria|p__Bacteroidota|c__Bacteroidia|o__Cytophagales|f__Cyclobacteriaceae|g__Tunicatimonas|s__|ASV_5122","February - September","k__Bacteria|p__Bacteroidota|c__Bacteroidia|o__Cytophagales|f__Cyclobacteriaceae|g__Tunicatimonas|s__|ASV_5122",0.0165758911953239,0.0981567441719818,0.0151872662426741,0.0658461080302828,0.0981567441719818,"","ALDEx2_kw"
"k__Bacteria|p__Pseudomonadota|c__Alphaproteobacteria|o__|f__Neomegalonemataceae|g__Acuticoccus|s__|ASV_4242","February - September","k__Bacteria|p__Pseudomonadota|c__Alphaproteobacteria|o__|f__Neomegalonemataceae|g__Acuticoccus|s__|ASV_4242",0.0849609677842934,0.221216377170066,0.0628981925251764,0.153904910637553,0.221216377170066,"","ALDEx2_kw"
"k__Bacteria|p__Rhodothermota|c__Rhodothermia|o__Rhodothermales|f__Rhodothermaceae|g__Rubrivirga|s__|ASV_11592","February - September","k__Bacteria|p__Rhodothermota|c__Rhodothermia|o__Rhodothermales|f__Rhodothermaceae|g__Rubrivirga|s__|ASV_11592",0.184026674174953,0.385579894739884,0.160012167911269,0.324738795093226,0.385579894739884,"","ALDEx2_kw"
"k__Bacteria|p__Rhodothermota|c__Rhodothermia|o__Rhodothermales|f__Rhodothermaceae|g__|s__|ASV_13295","February - September","k__Bacteria|p__Rhodothermota|c__Rhodothermia|o__Rhodothermales|f__Rhodothermaceae|g__|s__|ASV_13295",0.0126006077444338,0.0918355502745543,0.0460830285645616,0.142292339005331,0.0918355502745543,"","ALDEx2_kw"
"k__Bacteria|p__Actinomycetota|c__Rubrobacteria|o__Rubrobacterales|f__Rubrobacteriaceae|g__Rubrobacter|s__|ASV_2894","February - September","k__Bacteria|p__Actinomycetota|c__Rubrobacteria|o__Rubrobacterales|f__Rubrobacteriaceae|g__Rubrobacter|s__|ASV_2894",0.07186135209092,0.224212667867247,0.0769925982898179,0.194863608775717,0.224212667867247,"","ALDEx2_kw"
"k__Bacteria|p__Planctomycetota|c__Planctomycetes|o__Planctomycetales|f__Rubinisphaeraceae|g__Planctomicrobium|s__|ASV_13985","February - September","k__Bacteria|p__Planctomycetota|c__Planctomycetes|o__Planctomycetales|f__Rubinisphaeraceae|g__Planctomicrobium|s__|ASV_13985",0.00898202725142638,0.070413998565506,0.0159789782739089,0.0690819846282242,0.070413998565506,"","ALDEx2_kw"
"k__Bacteria|p__Myxococcota|c__Polyangiia|o__Polyangiales|f__Sandaracinaceae|g__|s__|ASV_13049","February - September","k__Bacteria|p__Myxococcota|c__Polyangiia|o__Polyangiales|f__Sandaracinaceae|g__|s__|ASV_13049",0.451196677718412,0.605926004080906,0.393927962050116,0.544596996636971,0.605926004080906,"","ALDEx2_kw"
"k__Bacteria|p__Verrucomicrobiota|c__Verrucomicrobiia|o__Verrucomicrobiales|f__Rubritaleaceae|g__Haloferula|s__|ASV_4595","February - September","k__Bacteria|p__Verrucomicrobiota|c__Verrucomicrobiia|o__Verrucomicrobiales|f__Rubritaleaceae|g__Haloferula|s__|ASV_4595",0.442748033040676,0.611795670395126,0.374489093250441,0.535019235963405,0.611795670395126,"","ALDEx2_kw"
"k__Bacteria|p__Cyanobacteriota|c__Cyanobacteriia|o__Cyanobacteriales|f__Xenococcaceae|g__Myxosarcina_GI1|s__|ASV_7756","February - September","k__Bacteria|p__Cyanobacteriota|c__Cyanobacteriia|o__Cyanobacteriales|f__Xenococcaceae|g__Myxosarcina_GI1|s__|ASV_7756",0.126669371699446,0.282735013855657,0.0631695965531644,0.16773779611796,0.282735013855657,"","ALDEx2_kw"
"k__Bacteria|p__Bacteroidota|c__Bacteroidia|o__Cytophagales|f__Cyclobacteriaceae|g__Tunicatimonas|s__|ASV_6474","February - September","k__Bacteria|p__Bacteroidota|c__Bacteroidia|o__Cytophagales|f__Cyclobacteriaceae|g__Tunicatimonas|s__|ASV_6474",0.559705907559225,0.716781224937668,0.542694869039323,0.694767738627653,0.716781224937668,"","ALDEx2_kw"
"k__Bacteria|p__Acidobacteriota|c__Thermoanaerobaculia|o__Thermoanaerobaculales|f__Thermoanaerobaculaceae|g__Subgroup_10|s__|ASV_15757","February - September","k__Bacteria|p__Acidobacteriota|c__Thermoanaerobaculia|o__Thermoanaerobaculales|f__Thermoanaerobaculaceae|g__Subgroup_10|s__|ASV_15757",0.716741902108849,0.833825778399319,0.659374154471069,0.790482346353756,0.833825778399319,"","ALDEx2_kw"
"k__Bacteria|p__Actinomycetota|c__Thermoleophilia|o__Solirubrobacterales|f__Solirubrobacteraceae|g__Patulibacter|s__|ASV_9925","February - September","k__Bacteria|p__Actinomycetota|c__Thermoleophilia|o__Solirubrobacterales|f__Solirubrobacteraceae|g__Patulibacter|s__|ASV_9925",0.40698071341301,0.582641244579824,0.300892452205595,0.471440575890701,0.582641244579824,"","ALDEx2_kw"
"k__Bacteria|p__Actinomycetota|c__Actinobacteria|o__Nitriliruptorales|f__Nitriliruptoraceae|g__|s__|ASV_3378","February - September","k__Bacteria|p__Actinomycetota|c__Actinobacteria|o__Nitriliruptorales|f__Nitriliruptoraceae|g__|s__|ASV_3378",0.780633440174561,0.873740414894438,0.734083190843496,0.842880640009531,0.873740414894438,"","ALDEx2_kw"
"k__Bacteria|p__Bacillota|c__Bacilli|o__Bacillales|f__Bacillaceae|g__Rossellomorea|s__|ASV_4044","February - September","k__Bacteria|p__Bacillota|c__Bacilli|o__Bacillales|f__Bacillaceae|g__Rossellomorea|s__|ASV_4044",0.546767973464536,0.701537941294122,0.544761425318391,0.69531662189933,0.701537941294122,"","ALDEx2_kw"
"k__Bacteria|p__Rhodothermota|c__Rhodothermia|o__Rhodothermales|f__Rhodothermaceae|g__|s__|ASV_9391","February - September","k__Bacteria|p__Rhodothermota|c__Rhodothermia|o__Rhodothermales|f__Rhodothermaceae|g__|s__|ASV_9391",0.00182750020349396,0.0292888513656979,0.00551746740581354,0.0307641789183841,0.0292888513656979,"*","ALDEx2_kw"
"k__Bacteria|p__Pseudomonadota|c__Gammaproteobacteria|o__Pseudomonadales|f__Cellvibrionaceae|g__|s__|ASV_4946","February - September","k__Bacteria|p__Pseudomonadota|c__Gammaproteobacteria|o__Pseudomonadales|f__Cellvibrionaceae|g__|s__|ASV_4946",0.052514008929435,0.187712784031152,0.0575040126552283,0.156529244936916,0.187712784031152,"","ALDEx2_kw"
"k__Bacteria|p__Pseudomonadota|c__Gammaproteobacteria|o__Chromatiales|f__Chromatiaceae|g__Thiophaeococcus|s__|ASV_12238","February - September","k__Bacteria|p__Pseudomonadota|c__Gammaproteobacteria|o__Chromatiales|f__Chromatiaceae|g__Thiophaeococcus|s__|ASV_12238",0.401441895649914,0.575742875379007,0.276360768623334,0.452235368774269,0.575742875379007,"","ALDEx2_kw"
"k__Bacteria|p__Pseudomonadota|c__Alphaproteobacteria|o__Rhodobacterales|f__Paracoccaceae|g__|s__|ASV_14777","February - September","k__Bacteria|p__Pseudomonadota|c__Alphaproteobacteria|o__Rhodobacterales|f__Paracoccaceae|g__|s__|ASV_14777",0.0595571162087419,0.196083693213017,0.0481896860410731,0.141939283706118,0.196083693213017,"","ALDEx2_kw"
"k__Bacteria|p__Bacteroidota|c__Bacteroidia|o__Cytophagales|f__Cyclobacteriaceae|g__Fulvivirga|s__|ASV_7283","February - September","k__Bacteria|p__Bacteroidota|c__Bacteroidia|o__Cytophagales|f__Cyclobacteriaceae|g__Fulvivirga|s__|ASV_7283",0.697569489843782,0.819504784975541,0.659104876943189,0.789140354361211,0.819504784975541,"","ALDEx2_kw"
"k__Bacteria|p__Chloroflexota|c__Anaerolineae|o__Caldilineales|f__Caldilineaceae|g__|s__|ASV_1846","February - September","k__Bacteria|p__Chloroflexota|c__Anaerolineae|o__Caldilineales|f__Caldilineaceae|g__|s__|ASV_1846",0.00191374398084702,0.0292763778058437,0.0190516704833783,0.0745259140116773,0.0292763778058437,"*","ALDEx2_kw"
"k__Bacteria|p__Pseudomonadota|c__Alphaproteobacteria|o__|f__Neomegalonemataceae|g__Acuticoccus|s__|ASV_2172","February - September","k__Bacteria|p__Pseudomonadota|c__Alphaproteobacteria|o__|f__Neomegalonemataceae|g__Acuticoccus|s__|ASV_2172",0.0575802623170848,0.177592905653797,0.0352508641551825,0.103723912912528,0.177592905653797,"","ALDEx2_kw"
"k__Bacteria|p__Actinomycetota|c__Acidimicrobiia|o__Microtrichales|f__Microtrichaceae|g__IMCC26207|s__|ASV_14497","February - September","k__Bacteria|p__Actinomycetota|c__Acidimicrobiia|o__Microtrichales|f__Microtrichaceae|g__IMCC26207|s__|ASV_14497",0.000511029572356306,0.0156645777492135,0.00277801066866366,0.0154951519483635,0.0156645777492135,"*","ALDEx2_kw"
"k__Bacteria|p__Rhodothermota|c__Rhodothermia|o__Rhodothermales|f__Rhodothermaceae|g__Rubrivirga|s__|ASV_15588","February - September","k__Bacteria|p__Rhodothermota|c__Rhodothermia|o__Rhodothermales|f__Rhodothermaceae|g__Rubrivirga|s__|ASV_15588",0.285038669429027,0.467101635903852,0.235924289898046,0.403137744176379,0.467101635903852,"","ALDEx2_kw"
"k__Bacteria|p__Actinomycetota|c__Actinobacteria|o__Nitriliruptorales|f__Nitriliruptoraceae|g__|s__|ASV_2752","February - September","k__Bacteria|p__Actinomycetota|c__Actinobacteria|o__Nitriliruptorales|f__Nitriliruptoraceae|g__|s__|ASV_2752",0.0685447941147778,0.222724853257145,0.0706138413420685,0.195345687275877,0.222724853257145,"","ALDEx2_kw"
"k__Bacteria|p__Bacteroidota|c__Bacteroidia|o__Chitinophagales|f__Saprospiraceae|g__Phaeodactylibacter|s__|ASV_7871","February - September","k__Bacteria|p__Bacteroidota|c__Bacteroidia|o__Chitinophagales|f__Saprospiraceae|g__Phaeodactylibacter|s__|ASV_7871",0.121335736696086,0.2848488347734,0.0871954876230967,0.211508873041331,0.2848488347734,"","ALDEx2_kw"
"k__Bacteria|p__Bacteroidota|c__Bacteroidia|o__Cytophagales|f__Cyclobacteriaceae|g__Tunicatimonas|s__|ASV_4875","February - September","k__Bacteria|p__Bacteroidota|c__Bacteroidia|o__Cytophagales|f__Cyclobacteriaceae|g__Tunicatimonas|s__|ASV_4875",0.02563611728901,0.131910961424344,0.0246219192460831,0.100516125197872,0.131910961424344,"","ALDEx2_kw"
"k__Bacteria|p__Pseudomonadota|c__Alphaproteobacteria|o__Sphingomonadales|f__Sphingomonadaceae|g__Aurantiacibacter|s__|ASV_10631","February - September","k__Bacteria|p__Pseudomonadota|c__Alphaproteobacteria|o__Sphingomonadales|f__Sphingomonadaceae|g__Aurantiacibacter|s__|ASV_10631",0.0106747192661656,0.0701358813240405,0.0103141003452273,0.0412720166317272,0.0701358813240405,"","ALDEx2_kw"
"k__Bacteria|p__Balneolota|c__Balneolia|o__Balneolales|f__Balneolaceae|g__|s__|ASV_7903","February - September","k__Bacteria|p__Balneolota|c__Balneolia|o__Balneolales|f__Balneolaceae|g__|s__|ASV_7903",0.251921545611313,0.471310797907596,0.282666746795618,0.466386229181059,0.471310797907596,"","ALDEx2_kw"
"k__Bacteria|p__Bacteroidota|c__Bacteroidia|o__Cytophagales|f__Cyclobacteriaceae|g__Tunicatimonas|s__|ASV_13852","February - September","k__Bacteria|p__Bacteroidota|c__Bacteroidia|o__Cytophagales|f__Cyclobacteriaceae|g__Tunicatimonas|s__|ASV_13852",0.324282222116716,0.522795153829798,0.336801029258333,0.515646921239673,0.522795153829798,"","ALDEx2_kw"
"k__Bacteria|p__Bacteroidota|c__Bacteroidia|o__Flavobacteriales|f__Flavobacteriaceae|g__Robiginitalea|s__|ASV_1957","February - September","k__Bacteria|p__Bacteroidota|c__Bacteroidia|o__Flavobacteriales|f__Flavobacteriaceae|g__Robiginitalea|s__|ASV_1957",0.363606846522943,0.547957125725543,0.271388492322315,0.450862241296218,0.547957125725543,"","ALDEx2_kw"
"k__Bacteria|p__Pseudomonadota|c__Alphaproteobacteria|o__Hyphomicrobiales|f__Rhizobiaceae|g__|s__|ASV_8889","February - September","k__Bacteria|p__Pseudomonadota|c__Alphaproteobacteria|o__Hyphomicrobiales|f__Rhizobiaceae|g__|s__|ASV_8889",0.227992388620803,0.395758536823088,0.121123471977829,0.254350401194221,0.395758536823088,"","ALDEx2_kw"
"k__Bacteria|p__Pseudomonadota|c__Gammaproteobacteria|o__Pseudomonadales|f__Marinomonadaceae|g__Marinomonas|s__|ASV_8306","February - September","k__Bacteria|p__Pseudomonadota|c__Gammaproteobacteria|o__Pseudomonadales|f__Marinomonadaceae|g__Marinomonas|s__|ASV_8306",0.375915992972776,0.586245225205818,0.339913349694572,0.522671573798991,0.586245225205818,"","ALDEx2_kw"
"k__Bacteria|p__Cyanobacteriota|c__Cyanobacteriia|o__Cyanobacteriales|f__Nostocaceae|g__Rivularia_PCC-7116|s__|ASV_12444","February - September","k__Bacteria|p__Cyanobacteriota|c__Cyanobacteriia|o__Cyanobacteriales|f__Nostocaceae|g__Rivularia_PCC-7116|s__|ASV_12444",0.584515345715081,0.732293380842317,0.572884915555246,0.716282405139599,0.732293380842317,"","ALDEx2_kw"
"k__Bacteria|p__Pseudomonadota|c__Alphaproteobacteria|o__Rhodobacterales|f__Paracoccaceae|g__Palleronia-Pseudomaribius|s__|ASV_9319","February - September","k__Bacteria|p__Pseudomonadota|c__Alphaproteobacteria|o__Rhodobacterales|f__Paracoccaceae|g__Palleronia-Pseudomaribius|s__|ASV_9319",0.480266340808628,0.642324969702597,0.367939587406645,0.532987380790869,0.642324969702597,"","ALDEx2_kw"
"k__Bacteria|p__Actinomycetota|c__Actinobacteria|o__Euzebyales|f__Euzebyaceae|g__|s__|ASV_12943","February - September","k__Bacteria|p__Actinomycetota|c__Actinobacteria|o__Euzebyales|f__Euzebyaceae|g__|s__|ASV_12943",0.373980249436129,0.556645002329473,0.348591471382237,0.515916583759046,0.556645002329473,"","ALDEx2_kw"
"k__Bacteria|p__Bacteroidota|c__Bacteroidia|o__Chitinophagales|f__Saprospiraceae|g__Lewinella|s__|ASV_14761","February - September","k__Bacteria|p__Bacteroidota|c__Bacteroidia|o__Chitinophagales|f__Saprospiraceae|g__Lewinella|s__|ASV_14761",0.382946543763521,0.555742395617328,0.24683167166608,0.409433702611088,0.555742395617328,"","ALDEx2_kw"
"k__Bacteria|p__Planctomycetota|c__Planctomycetes|o__Pirellulales|f__Pirellulaceae|g__Pir4_lineage|s__|ASV_4944","February - September","k__Bacteria|p__Planctomycetota|c__Planctomycetes|o__Pirellulales|f__Pirellulaceae|g__Pir4_lineage|s__|ASV_4944",0.0331870012000114,0.15361192106765,0.0594268475501174,0.170982422942911,0.15361192106765,"","ALDEx2_kw"
"k__Bacteria|p__Bacteroidota|c__Bacteroidia|o__Chitinophagales|f__Saprospiraceae|g__|s__|ASV_12745","February - September","k__Bacteria|p__Bacteroidota|c__Bacteroidia|o__Chitinophagales|f__Saprospiraceae|g__|s__|ASV_12745",0.582672515614322,0.736902100285922,0.541846462555909,0.698405762097628,0.736902100285922,"","ALDEx2_kw"
"k__Bacteria|p__Actinomycetota|c__Acidimicrobiia|o__Microtrichales|f__Ilumatobacteraceae|g__Ilumatobacter|s__|ASV_8457","February - September","k__Bacteria|p__Actinomycetota|c__Acidimicrobiia|o__Microtrichales|f__Ilumatobacteraceae|g__Ilumatobacter|s__|ASV_8457",0.0736888124967812,0.210297408956939,0.0450370011623659,0.130328617653553,0.210297408956939,"","ALDEx2_kw"
"k__Bacteria|p__Bacteroidota|c__Bacteroidia|o__Chitinophagales|f__Saprospiraceae|g__Lewinella|s__|ASV_14052","February - September","k__Bacteria|p__Bacteroidota|c__Bacteroidia|o__Chitinophagales|f__Saprospiraceae|g__Lewinella|s__|ASV_14052",0.342932680709485,0.536690527969097,0.331258380136867,0.508372418228839,0.536690527969097,"","ALDEx2_kw"
"k__Bacteria|p__Pseudomonadota|c__Alphaproteobacteria|o__Caulobacterales|f__Parvularculaceae|g__Parvularcula|s__|ASV_11516","February - September","k__Bacteria|p__Pseudomonadota|c__Alphaproteobacteria|o__Caulobacterales|f__Parvularculaceae|g__Parvularcula|s__|ASV_11516",0.0666536389959468,0.192174823758596,0.0403825606482433,0.110345576577539,0.192174823758596,"","ALDEx2_kw"
"k__Bacteria|p__Pseudomonadota|c__Alphaproteobacteria|o__Hyphomicrobiales|f__Rhizobiaceae|g__|s__|ASV_9057","February - September","k__Bacteria|p__Pseudomonadota|c__Alphaproteobacteria|o__Hyphomicrobiales|f__Rhizobiaceae|g__|s__|ASV_9057",0.125029521299849,0.280129323709234,0.0749430285616173,0.180774186608862,0.280129323709234,"","ALDEx2_kw"
"k__Bacteria|p__Bacteroidota|c__Bacteroidia|o__Flavobacteriales|f__Flavobacteriaceae|g__Gramella|s__|ASV_15214","February - September","k__Bacteria|p__Bacteroidota|c__Bacteroidia|o__Flavobacteriales|f__Flavobacteriaceae|g__Gramella|s__|ASV_15214",0.243262232316606,0.416434806410543,0.155032310712888,0.295791270101821,0.416434806410543,"","ALDEx2_kw"
"k__Bacteria|p__Pseudomonadota|c__Gammaproteobacteria|o__Steroidobacterales|f__Woeseiaceae|g__Woeseia|s__|ASV_4027","February - September","k__Bacteria|p__Pseudomonadota|c__Gammaproteobacteria|o__Steroidobacterales|f__Woeseiaceae|g__Woeseia|s__|ASV_4027",0.214407345654552,0.38506350962366,0.109802485260533,0.24070066121184,0.38506350962366,"","ALDEx2_kw"
"k__Bacteria|p__Bacteroidota|c__Bacteroidia|o__Cytophagales|f__Cyclobacteriaceae|g__Fulvivirga|s__|ASV_488","February - September","k__Bacteria|p__Bacteroidota|c__Bacteroidia|o__Cytophagales|f__Cyclobacteriaceae|g__Fulvivirga|s__|ASV_488",0.480514284224216,0.654239240526225,0.520418768638628,0.675840122665835,0.654239240526225,"","ALDEx2_kw"
"k__Bacteria|p__Pseudomonadota|c__Alphaproteobacteria|o__|f__Neomegalonemataceae|g__Acuticoccus|s__|ASV_9666","February - September","k__Bacteria|p__Pseudomonadota|c__Alphaproteobacteria|o__|f__Neomegalonemataceae|g__Acuticoccus|s__|ASV_9666",0.28462764132261,0.475538786063587,0.29371821874802,0.461746426596663,0.475538786063587,"","ALDEx2_kw"
"k__Bacteria|p__Bacteroidota|c__Bacteroidia|o__Chitinophagales|f__Saprospiraceae|g__|s__|ASV_14754","February - September","k__Bacteria|p__Bacteroidota|c__Bacteroidia|o__Chitinophagales|f__Saprospiraceae|g__|s__|ASV_14754",0.169833359146583,0.369420258670484,0.266647337771864,0.438388875267005,0.369420258670484,"","ALDEx2_kw"
"k__Bacteria|p__Pseudomonadota|c__Alphaproteobacteria|o__Hyphomicrobiales|f__Rhizobiaceae|g__|s__|ASV_9642","February - September","k__Bacteria|p__Pseudomonadota|c__Alphaproteobacteria|o__Hyphomicrobiales|f__Rhizobiaceae|g__|s__|ASV_9642",0.0237371960241582,0.126657914297357,0.0231180201692387,0.08719287597929,0.126657914297357,"","ALDEx2_kw"
"k__Bacteria|p__Rhodothermota|c__Rhodothermia|o__Rhodothermales|f__Rhodothermaceae|g__|s__|ASV_4914","February - September","k__Bacteria|p__Rhodothermota|c__Rhodothermia|o__Rhodothermales|f__Rhodothermaceae|g__|s__|ASV_4914",0.537959047631868,0.687379103999132,0.554364535116781,0.696592507874415,0.687379103999132,"","ALDEx2_kw"
"k__Bacteria|p__Pseudomonadota|c__Alphaproteobacteria|o__Sphingomonadales|f__Sphingomonadaceae|g__Croceibacterium|s__|ASV_3589","February - September","k__Bacteria|p__Pseudomonadota|c__Alphaproteobacteria|o__Sphingomonadales|f__Sphingomonadaceae|g__Croceibacterium|s__|ASV_3589",0.0237999248073608,0.123933808793085,0.0487295308945887,0.155536626077724,0.123933808793085,"","ALDEx2_kw"
"k__Bacteria|p__Bacteroidota|c__Bacteroidia|o__Bacteroidales|f__Prolixibacteraceae|g__|s__|ASV_10019","February - September","k__Bacteria|p__Bacteroidota|c__Bacteroidia|o__Bacteroidales|f__Prolixibacteraceae|g__|s__|ASV_10019",0.17329670005541,0.377636801245062,0.177491854113956,0.346541055951795,0.377636801245062,"","ALDEx2_kw"
"k__Bacteria|p__Pseudomonadota|c__Gammaproteobacteria|o__Enterobacterales|f__Pseudoalteromonadaceae|g__Pseudoalteromonas|s__|ASV_11013","February - September","k__Bacteria|p__Pseudomonadota|c__Gammaproteobacteria|o__Enterobacterales|f__Pseudoalteromonadaceae|g__Pseudoalteromonas|s__|ASV_11013",0.0234287576437392,0.128853194371098,0.00807983795472865,0.0503520937192244,0.128853194371098,"","ALDEx2_kw"
"k__Bacteria|p__Rhodothermota|c__Rhodothermia|o__Rhodothermales|f__Rhodothermaceae|g__|s__|ASV_14795","February - September","k__Bacteria|p__Rhodothermota|c__Rhodothermia|o__Rhodothermales|f__Rhodothermaceae|g__|s__|ASV_14795",0.310471311847814,0.513453663653246,0.359300624407954,0.539994328064165,0.513453663653246,"","ALDEx2_kw"
"k__Bacteria|p__Pseudomonadota|c__Alphaproteobacteria|o__Sphingomonadales|f__Sphingomonadaceae|g__Paraurantiacibacter|s__|ASV_6166","February - September","k__Bacteria|p__Pseudomonadota|c__Alphaproteobacteria|o__Sphingomonadales|f__Sphingomonadaceae|g__Paraurantiacibacter|s__|ASV_6166",0.0522500549506024,0.171916665740926,0.0301825651270164,0.101659840770392,0.171916665740926,"","ALDEx2_kw"
"k__Bacteria|p__Pseudomonadota|c__Gammaproteobacteria|o__Pseudomonadales|f__Cellvibrionaceae|g__|s__|ASV_11138","February - September","k__Bacteria|p__Pseudomonadota|c__Gammaproteobacteria|o__Pseudomonadales|f__Cellvibrionaceae|g__|s__|ASV_11138",0.50301458139705,0.663829339996708,0.577246346667764,0.720216048259242,0.663829339996708,"","ALDEx2_kw"
"k__Bacteria|p__Bacteroidota|c__Bacteroidia|o__Flavobacteriales|f__Flavobacteriaceae|g__|s__|ASV_4722","February - September","k__Bacteria|p__Bacteroidota|c__Bacteroidia|o__Flavobacteriales|f__Flavobacteriaceae|g__|s__|ASV_4722",0.090781917696675,0.240965184973132,0.072630112940464,0.17877575668673,0.240965184973132,"","ALDEx2_kw"
"k__Bacteria|p__Thermodesulfobacteriota|c__Desulfobacteria|o__Desulfobacterales|f__Desulfosarcinaceae|g__|s__|ASV_7814","February - September","k__Bacteria|p__Thermodesulfobacteriota|c__Desulfobacteria|o__Desulfobacterales|f__Desulfosarcinaceae|g__|s__|ASV_7814",0.0363753101757887,0.162294127723375,0.0528948669819617,0.161048201514377,0.162294127723375,"","ALDEx2_kw"
"k__Bacteria|p__Bacteroidota|c__Bacteroidia|o__Cytophagales|f__Cyclobacteriaceae|g__Tunicatimonas|s__|ASV_7191","February - September","k__Bacteria|p__Bacteroidota|c__Bacteroidia|o__Cytophagales|f__Cyclobacteriaceae|g__Tunicatimonas|s__|ASV_7191",0.615120896324699,0.762490626179626,0.646335179039845,0.780626521852861,0.762490626179626,"","ALDEx2_kw"
"k__Bacteria|p__Pseudomonadota|c__Gammaproteobacteria|o__Pseudomonadales|f__Cellvibrionaceae|g__|s__|ASV_2139","February - September","k__Bacteria|p__Pseudomonadota|c__Gammaproteobacteria|o__Pseudomonadales|f__Cellvibrionaceae|g__|s__|ASV_2139",0.453748228658132,0.620389387126501,0.375141166454505,0.535587754765044,0.620389387126501,"","ALDEx2_kw"
"k__Bacteria|p__Bacteroidota|c__Bacteroidia|o__Cytophagales|f__Cyclobacteriaceae|g__Tunicatimonas|s__|ASV_1544","February - September","k__Bacteria|p__Bacteroidota|c__Bacteroidia|o__Cytophagales|f__Cyclobacteriaceae|g__Tunicatimonas|s__|ASV_1544",0.588958893941203,0.738929623378857,0.582284691556868,0.729812783188478,0.738929623378857,"","ALDEx2_kw"
"k__Bacteria|p__Pseudomonadota|c__Alphaproteobacteria|o__Rhodobacterales|f__Paracoccaceae|g__Palleronia-Pseudomaribius|s__|ASV_9313","February - September","k__Bacteria|p__Pseudomonadota|c__Alphaproteobacteria|o__Rhodobacterales|f__Paracoccaceae|g__Palleronia-Pseudomaribius|s__|ASV_9313",0.301797486846373,0.471698919253321,0.215599841263318,0.35873612746573,0.471698919253321,"","ALDEx2_kw"
"k__Bacteria|p__Pseudomonadota|c__Alphaproteobacteria|o__Rhodobacterales|f__Paracoccaceae|g__|s__|ASV_14237","February - September","k__Bacteria|p__Pseudomonadota|c__Alphaproteobacteria|o__Rhodobacterales|f__Paracoccaceae|g__|s__|ASV_14237",0.0154542482109257,0.0994539645098799,0.0686134592049659,0.188900038012778,0.0994539645098799,"","ALDEx2_kw"
"k__Bacteria|p__Pseudomonadota|c__Alphaproteobacteria|o__Rhodobacterales|f__Paracoccaceae|g__|s__|ASV_1832","February - September","k__Bacteria|p__Pseudomonadota|c__Alphaproteobacteria|o__Rhodobacterales|f__Paracoccaceae|g__|s__|ASV_1832",0.141978214398985,0.293812922522645,0.103251529765632,0.221749010690037,0.293812922522645,"","ALDEx2_kw"
"k__Bacteria|p__Bacteroidota|c__Bacteroidia|o__Flavobacteriales|f__Flavobacteriaceae|g__Robiginitalea|s__|ASV_9267","February - September","k__Bacteria|p__Bacteroidota|c__Bacteroidia|o__Flavobacteriales|f__Flavobacteriaceae|g__Robiginitalea|s__|ASV_9267",0.332083541985755,0.512346664670284,0.190550896054526,0.355193395989777,0.512346664670284,"","ALDEx2_kw"
"k__Bacteria|p__Planctomycetota|c__Planctomycetes|o__Pirellulales|f__Pirellulaceae|g__Rhodopirellula|s__|ASV_14101","February - September","k__Bacteria|p__Planctomycetota|c__Planctomycetes|o__Pirellulales|f__Pirellulaceae|g__Rhodopirellula|s__|ASV_14101",0.3864443815858,0.572344456497586,0.357263398594562,0.529628056932965,0.572344456497586,"","ALDEx2_kw"
"k__Bacteria|p__Pseudomonadota|c__Gammaproteobacteria|o__Chromatiales|f__Chromatiaceae|g__|s__|ASV_15166","February - September","k__Bacteria|p__Pseudomonadota|c__Gammaproteobacteria|o__Chromatiales|f__Chromatiaceae|g__|s__|ASV_15166",0.454384717901528,0.625082573619258,0.435313414413724,0.591871209985092,0.625082573619258,"","ALDEx2_kw"
"k__Bacteria|p__Pseudomonadota|c__Gammaproteobacteria|o__Steroidobacterales|f__Woeseiaceae|g__Woeseia|s__|ASV_15362","February - September","k__Bacteria|p__Pseudomonadota|c__Gammaproteobacteria|o__Steroidobacterales|f__Woeseiaceae|g__Woeseia|s__|ASV_15362",0.724729079994325,0.835370545496883,0.649464414859856,0.780951654697709,0.835370545496883,"","ALDEx2_kw"
"k__Bacteria|p__Bacteroidota|c__Bacteroidia|o__Flavobacteriales|f__Flavobacteriaceae|g__Pricia|s__|ASV_13539","February - September","k__Bacteria|p__Bacteroidota|c__Bacteroidia|o__Flavobacteriales|f__Flavobacteriaceae|g__Pricia|s__|ASV_13539",0.139624347272597,0.300356939543635,0.0897558607617117,0.207569526137467,0.300356939543635,"","ALDEx2_kw"
"k__Bacteria|p__Pseudomonadota|c__Alphaproteobacteria|o__Rhodobacterales|f__Paracoccaceae|g__Hasllibacter|s__|ASV_5521","February - September","k__Bacteria|p__Pseudomonadota|c__Alphaproteobacteria|o__Rhodobacterales|f__Paracoccaceae|g__Hasllibacter|s__|ASV_5521",0.0725683095821193,0.202623615989475,0.0291077795805363,0.0970888569684689,0.202623615989475,"","ALDEx2_kw"
"k__Bacteria|p__Verrucomicrobiota|c__Verrucomicrobiia|o__Verrucomicrobiales|f__Rubritaleaceae|g__Haloferula|s__|ASV_13415","February - September","k__Bacteria|p__Verrucomicrobiota|c__Verrucomicrobiia|o__Verrucomicrobiales|f__Rubritaleaceae|g__Haloferula|s__|ASV_13415",0.517745683679086,0.681593738370121,0.511338059872982,0.661882207270842,0.681593738370121,"","ALDEx2_kw"
"k__Bacteria|p__Bacteroidota|c__Bacteroidia|o__Cytophagales|f__Cyclobacteriaceae|g__Fulvivirga|s__|ASV_2769","February - September","k__Bacteria|p__Bacteroidota|c__Bacteroidia|o__Cytophagales|f__Cyclobacteriaceae|g__Fulvivirga|s__|ASV_2769",0.0329647763867037,0.145560673053002,0.0711746796190606,0.177421202964173,0.145560673053002,"","ALDEx2_kw"
"k__Bacteria|p__Pseudomonadota|c__Alphaproteobacteria|o__Hyphomicrobiales|f__Devosiaceae|g__Pelagibacterium|s__|ASV_10161","February - September","k__Bacteria|p__Pseudomonadota|c__Alphaproteobacteria|o__Hyphomicrobiales|f__Devosiaceae|g__Pelagibacterium|s__|ASV_10161",0.0577449871196983,0.210370207479099,0.0923427511856435,0.235817395365869,0.210370207479099,"","ALDEx2_kw"
"k__Bacteria|p__Rhodothermota|c__Rhodothermia|o__Rhodothermales|f__Rhodothermaceae|g__Rubrivirga|s__|ASV_3675","February - September","k__Bacteria|p__Rhodothermota|c__Rhodothermia|o__Rhodothermales|f__Rhodothermaceae|g__Rubrivirga|s__|ASV_3675",0.181249026018006,0.34459035477873,0.0982672169100022,0.213510377699013,0.34459035477873,"","ALDEx2_kw"
"k__Bacteria|p__Actinomycetota|c__Actinobacteria|o__Micrococcales|f__Intrasporangiaceae|g__|s__|ASV_3711","February - September","k__Bacteria|p__Actinomycetota|c__Actinobacteria|o__Micrococcales|f__Intrasporangiaceae|g__|s__|ASV_3711",0.491371547632857,0.661979338330919,0.577730622273513,0.720641664902932,0.661979338330919,"","ALDEx2_kw"
"k__Bacteria|p__Planctomycetota|c__Planctomycetes|o__Pirellulales|f__Pirellulaceae|g__Pir4_lineage|s__|ASV_12473","February - September","k__Bacteria|p__Planctomycetota|c__Planctomycetes|o__Pirellulales|f__Pirellulaceae|g__Pir4_lineage|s__|ASV_12473",0.184770558152118,0.397033489109559,0.351312707705815,0.536150807351399,0.397033489109559,"","ALDEx2_kw"
"k__Bacteria|p__Myxococcota|c__Polyangiia|o__Polyangiales|f__Sandaracinaceae|g__|s__|ASV_15192","February - September","k__Bacteria|p__Myxococcota|c__Polyangiia|o__Polyangiales|f__Sandaracinaceae|g__|s__|ASV_15192",0.735034962781556,0.845549258881619,0.652262548464575,0.78258976029104,0.845549258881619,"","ALDEx2_kw"
"k__Bacteria|p__Pseudomonadota|c__Alphaproteobacteria|o__Hyphomicrobiales|f__Rhodomicrobiaceae|g__Rhodomicrobium|s__|ASV_10200","February - September","k__Bacteria|p__Pseudomonadota|c__Alphaproteobacteria|o__Hyphomicrobiales|f__Rhodomicrobiaceae|g__Rhodomicrobium|s__|ASV_10200",0.655317182473766,0.784536128878316,0.647780253784015,0.776844032531393,0.784536128878316,"","ALDEx2_kw"
"k__Bacteria|p__Pseudomonadota|c__Gammaproteobacteria|o__Pseudomonadales|f__Halieaceae|g__|s__|ASV_10906","February - September","k__Bacteria|p__Pseudomonadota|c__Gammaproteobacteria|o__Pseudomonadales|f__Halieaceae|g__|s__|ASV_10906",0.00100250006643815,0.0216910764147691,0.00261746118235668,0.0215995663033235,0.0216910764147691,"*","ALDEx2_kw"
"k__Bacteria|p__Cyanobacteriota|c__Cyanobacteriia|o__Cyanobacteriales|f__Xenococcaceae|g__Pleurocapsa_PCC-7319|s__|ASV_7092","February - September","k__Bacteria|p__Cyanobacteriota|c__Cyanobacteriia|o__Cyanobacteriales|f__Xenococcaceae|g__Pleurocapsa_PCC-7319|s__|ASV_7092",0.467331598792656,0.637977677486991,0.426543297266698,0.58907587057303,0.637977677486991,"","ALDEx2_kw"
"k__Bacteria|p__Pseudomonadota|c__Alphaproteobacteria|o__Sphingomonadales|f__Sphingomonadaceae|g__Altericroceibacterium|s__|ASV_2109","February - September","k__Bacteria|p__Pseudomonadota|c__Alphaproteobacteria|o__Sphingomonadales|f__Sphingomonadaceae|g__Altericroceibacterium|s__|ASV_2109",0.157219511619649,0.334357003019871,0.123245626338641,0.260962026684436,0.334357003019871,"","ALDEx2_kw"
"k__Bacteria|p__Chloroflexota|c__Anaerolineae|o__Anaerolineales|f__Anaerolineaceae|g__|s__|ASV_8957","February - September","k__Bacteria|p__Chloroflexota|c__Anaerolineae|o__Anaerolineales|f__Anaerolineaceae|g__|s__|ASV_8957",0.277570233116204,0.475397655862534,0.263464333404753,0.439249471525617,0.475397655862534,"","ALDEx2_kw"
"k__Bacteria|p__Actinomycetota|c__Acidimicrobiia|o__Microtrichales|f__Ilumatobacteraceae|g__Ilumatobacter|s__|ASV_1622","February - September","k__Bacteria|p__Actinomycetota|c__Acidimicrobiia|o__Microtrichales|f__Ilumatobacteraceae|g__Ilumatobacter|s__|ASV_1622",0.0184850994417224,0.107327142886257,0.0247727625713776,0.0893769267732657,0.107327142886257,"","ALDEx2_kw"
"k__Bacteria|p__Pseudomonadota|c__Gammaproteobacteria|o__Pseudomonadales|f__Spongiibacteraceae|g__|s__|ASV_9864","February - September","k__Bacteria|p__Pseudomonadota|c__Gammaproteobacteria|o__Pseudomonadales|f__Spongiibacteraceae|g__|s__|ASV_9864",0.439901625308244,0.620618401696391,0.485279955869797,0.647440611126093,0.620618401696391,"","ALDEx2_kw"
"k__Bacteria|p__Actinomycetota|c__Acidimicrobiia|o__Microtrichales|f__Ilumatobacteraceae|g__Ilumatobacter|s__|ASV_9994","February - September","k__Bacteria|p__Actinomycetota|c__Acidimicrobiia|o__Microtrichales|f__Ilumatobacteraceae|g__Ilumatobacter|s__|ASV_9994",0.699459359776682,0.819060886261202,0.677485924783374,0.801104706013205,0.819060886261202,"","ALDEx2_kw"
"k__Bacteria|p__Campylobacterota|c__Campylobacteria|o__Campylobacterales|f__Sulfurovaceae|g__Sulfurovum|s__|ASV_10544","February - September","k__Bacteria|p__Campylobacterota|c__Campylobacteria|o__Campylobacterales|f__Sulfurovaceae|g__Sulfurovum|s__|ASV_10544",0.215440068682843,0.392200834591598,0.132097212175163,0.270924484438127,0.392200834591598,"","ALDEx2_kw"
"k__Bacteria|p__Actinomycetota|c__Actinobacteria|o__Propionibacteriales|f__Nocardioidaceae|g__Nocardioides|s__|ASV_1509","February - September","k__Bacteria|p__Actinomycetota|c__Actinobacteria|o__Propionibacteriales|f__Nocardioidaceae|g__Nocardioides|s__|ASV_1509",0.534716987300839,0.695725084534237,0.566998998438788,0.717570654900727,0.695725084534237,"","ALDEx2_kw"
"k__Bacteria|p__Cyanobacteriota|c__Cyanobacteriia|o__Cyanobacteriales|f__Xenococcaceae|g__Pleurocapsa_PCC-7319|s__|ASV_2884","February - September","k__Bacteria|p__Cyanobacteriota|c__Cyanobacteriia|o__Cyanobacteriales|f__Xenococcaceae|g__Pleurocapsa_PCC-7319|s__|ASV_2884",0.149972519726942,0.34003548512956,0.141467726497676,0.297756252298599,0.34003548512956,"","ALDEx2_kw"
"k__Bacteria|p__Pseudomonadota|c__Alphaproteobacteria|o__Sphingomonadales|f__Sphingomonadaceae|g__|s__|ASV_9919","February - September","k__Bacteria|p__Pseudomonadota|c__Alphaproteobacteria|o__Sphingomonadales|f__Sphingomonadaceae|g__|s__|ASV_9919",0.419566815307849,0.606124485711805,0.49088016887147,0.645226114739538,0.606124485711805,"","ALDEx2_kw"
"k__Bacteria|p__Cyanobacteriota|c__Cyanobacteriia|o__Cyanobacteriales|f__Nostocaceae|g__Calothrix_PCC-6303|s__|ASV_10882","February - September","k__Bacteria|p__Cyanobacteriota|c__Cyanobacteriia|o__Cyanobacteriales|f__Nostocaceae|g__Calothrix_PCC-6303|s__|ASV_10882",0.126000833759742,0.301400004288557,0.117958942533244,0.252406873201435,0.301400004288557,"","ALDEx2_kw"
"k__Bacteria|p__Bacteroidota|c__Bacteroidia|o__Chitinophagales|f__Saprospiraceae|g__Lewinella|s__|ASV_4172","February - September","k__Bacteria|p__Bacteroidota|c__Bacteroidia|o__Chitinophagales|f__Saprospiraceae|g__Lewinella|s__|ASV_4172",0.551300296884706,0.703555710651193,0.559450298034908,0.706001326365228,0.703555710651193,"","ALDEx2_kw"
"k__Bacteria|p__Bacteroidota|c__Bacteroidia|o__Flavobacteriales|f__Flavobacteriaceae|g__|s__|ASV_11518","February - September","k__Bacteria|p__Bacteroidota|c__Bacteroidia|o__Flavobacteriales|f__Flavobacteriaceae|g__|s__|ASV_11518",0.267970388687839,0.452689361676655,0.179774507226253,0.339566320214921,0.452689361676655,"","ALDEx2_kw"
"k__Bacteria|p__Pseudomonadota|c__Gammaproteobacteria|o__Pseudomonadales|f__Cellvibrionaceae|g__|s__|ASV_13870","February - September","k__Bacteria|p__Pseudomonadota|c__Gammaproteobacteria|o__Pseudomonadales|f__Cellvibrionaceae|g__|s__|ASV_13870",0.169690428727259,0.379300309673018,0.362245167318871,0.541915214055268,0.379300309673018,"","ALDEx2_kw"
"k__Bacteria|p__Pseudomonadota|c__Gammaproteobacteria|o__Enterobacterales|f__Vibrionaceae|g__Vibrio|s__|ASV_5381","February - September","k__Bacteria|p__Pseudomonadota|c__Gammaproteobacteria|o__Enterobacterales|f__Vibrionaceae|g__Vibrio|s__|ASV_5381",0.398832929163487,0.585642750548699,0.308689787803328,0.491484131271816,0.585642750548699,"","ALDEx2_kw"
"k__Bacteria|p__Actinomycetota|c__Actinobacteria|o__Nitriliruptorales|f__Nitriliruptoraceae|g__|s__|ASV_13649","February - September","k__Bacteria|p__Actinomycetota|c__Actinobacteria|o__Nitriliruptorales|f__Nitriliruptoraceae|g__|s__|ASV_13649",0.505251080815386,0.65927477713901,0.457475324938654,0.61091655645126,0.65927477713901,"","ALDEx2_kw"
"k__Bacteria|p__Pseudomonadota|c__Alphaproteobacteria|o__Rhodobacterales|f__Paracoccaceae|g__Actibacterium|s__|ASV_413","February - September","k__Bacteria|p__Pseudomonadota|c__Alphaproteobacteria|o__Rhodobacterales|f__Paracoccaceae|g__Actibacterium|s__|ASV_413",0.704523772147372,0.82019707702888,0.630229170687683,0.761986514310339,0.82019707702888,"","ALDEx2_kw"
"k__Bacteria|p__Pseudomonadota|c__Alphaproteobacteria|o__|f__Neomegalonemataceae|g__Acuticoccus|s__|ASV_10139","February - September","k__Bacteria|p__Pseudomonadota|c__Alphaproteobacteria|o__|f__Neomegalonemataceae|g__Acuticoccus|s__|ASV_10139",0.00127239657672134,0.0238331273467334,0.00141388211025676,0.0126452519546835,0.0238331273467334,"*","ALDEx2_kw"
"k__Bacteria|p__Pseudomonadota|c__Alphaproteobacteria|o__Sphingomonadales|f__Sphingomonadaceae|g__Sphingomicrobium|s__|ASV_8463","February - September","k__Bacteria|p__Pseudomonadota|c__Alphaproteobacteria|o__Sphingomonadales|f__Sphingomonadaceae|g__Sphingomicrobium|s__|ASV_8463",0.0776153657326114,0.22206200481689,0.0435704951541884,0.130836462842048,0.22206200481689,"","ALDEx2_kw"
"k__Bacteria|p__Planctomycetota|c__Planctomycetes|o__Pirellulales|f__Pirellulaceae|g__Pir4_lineage|s__|ASV_6003","February - September","k__Bacteria|p__Planctomycetota|c__Planctomycetes|o__Pirellulales|f__Pirellulaceae|g__Pir4_lineage|s__|ASV_6003",0.112217914949628,0.28651535585821,0.172925726792069,0.332408989613635,0.28651535585821,"","ALDEx2_kw"
"k__Bacteria|p__Thermodesulfobacteriota|c__Desulfobulbia|o__Desulfobulbales|f__Desulfocapsaceae|g__|s__|ASV_15238","February - September","k__Bacteria|p__Thermodesulfobacteriota|c__Desulfobulbia|o__Desulfobulbales|f__Desulfocapsaceae|g__|s__|ASV_15238",0.449941125651871,0.627995219870948,0.432084438501876,0.5958948312937,0.627995219870948,"","ALDEx2_kw"
"k__Bacteria|p__Pseudomonadota|c__Alphaproteobacteria|o__Hyphomicrobiales|f__Rhizobiaceae|g__Pseudahrensia|s__|ASV_1110","February - September","k__Bacteria|p__Pseudomonadota|c__Alphaproteobacteria|o__Hyphomicrobiales|f__Rhizobiaceae|g__Pseudahrensia|s__|ASV_1110",0.249481876972452,0.422302160993437,0.146403018952991,0.290494735246329,0.422302160993437,"","ALDEx2_kw"
"k__Bacteria|p__Pseudomonadota|c__Alphaproteobacteria|o__Hyphomicrobiales|f__Rhizobiaceae|g__|s__|ASV_9753","February - September","k__Bacteria|p__Pseudomonadota|c__Alphaproteobacteria|o__Hyphomicrobiales|f__Rhizobiaceae|g__|s__|ASV_9753",0.147136974772825,0.310861843038275,0.0768615092948937,0.192192829811744,0.310861843038275,"","ALDEx2_kw"
"k__Bacteria|p__Pseudomonadota|c__Gammaproteobacteria|o__Pseudomonadales|f__Marinomonadaceae|g__Marinomonas|s__|ASV_223","February - September","k__Bacteria|p__Pseudomonadota|c__Gammaproteobacteria|o__Pseudomonadales|f__Marinomonadaceae|g__Marinomonas|s__|ASV_223",0.1863827305037,0.397419150419006,0.333593854590012,0.514168619422238,0.397419150419006,"","ALDEx2_kw"
"k__Bacteria|p__Rhodothermota|c__Rhodothermia|o__Rhodothermales|f__Rhodothermaceae|g__|s__|ASV_4624","February - September","k__Bacteria|p__Rhodothermota|c__Rhodothermia|o__Rhodothermales|f__Rhodothermaceae|g__|s__|ASV_4624",0.164706263620888,0.335047257060345,0.128800011243302,0.266347001293547,0.335047257060345,"","ALDEx2_kw"
"k__Bacteria|p__Bacteroidota|c__Bacteroidia|o__Flavobacteriales|f__Flavobacteriaceae|g__Hoppeia|s__|ASV_7724","February - September","k__Bacteria|p__Bacteroidota|c__Bacteroidia|o__Flavobacteriales|f__Flavobacteriaceae|g__Hoppeia|s__|ASV_7724",0.0907695371302706,0.236849513109053,0.0538974632288343,0.148603048089921,0.236849513109053,"","ALDEx2_kw"
"k__Bacteria|p__Cyanobacteriota|c__Cyanobacteriia|o__Cyanobacteriales|f__Xenococcaceae|g__|s__|ASV_11687","February - September","k__Bacteria|p__Cyanobacteriota|c__Cyanobacteriia|o__Cyanobacteriales|f__Xenococcaceae|g__|s__|ASV_11687",0.2279387495908,0.41012084436617,0.190899119931974,0.349950125530959,0.41012084436617,"","ALDEx2_kw"
"k__Bacteria|p__Myxococcota|c__Polyangiia|o__Polyangiales|f__BIrii41|g__|s__|ASV_14712","February - September","k__Bacteria|p__Myxococcota|c__Polyangiia|o__Polyangiales|f__BIrii41|g__|s__|ASV_14712",0.726903830537723,0.838587188377832,0.637394939360469,0.772047798244711,0.838587188377832,"","ALDEx2_kw"
"k__Bacteria|p__Rhodothermota|c__Rhodothermia|o__Rhodothermales|f__Rhodothermaceae|g__|s__|ASV_7872","February - September","k__Bacteria|p__Rhodothermota|c__Rhodothermia|o__Rhodothermales|f__Rhodothermaceae|g__|s__|ASV_7872",0.0822556807759172,0.222341717845346,0.045741324666013,0.132563347576695,0.222341717845346,"","ALDEx2_kw"
"k__Bacteria|p__Chloroflexota|c__Anaerolineae|o__Anaerolineales|f__Anaerolineaceae|g__|s__|ASV_12486","February - September","k__Bacteria|p__Chloroflexota|c__Anaerolineae|o__Anaerolineales|f__Anaerolineaceae|g__|s__|ASV_12486",0.00423969405805445,0.0475517160486954,0.00865198692806591,0.0523377642041901,0.0475517160486954,"*","ALDEx2_kw"
"k__Bacteria|p__Pseudomonadota|c__Gammaproteobacteria|o__Chromatiales|f__Chromatiaceae|g__Candidatus_Thiobios|s__|ASV_1550","February - September","k__Bacteria|p__Pseudomonadota|c__Gammaproteobacteria|o__Chromatiales|f__Chromatiaceae|g__Candidatus_Thiobios|s__|ASV_1550",0.651008033018064,0.785366370272158,0.652363296629057,0.780075360192076,0.785366370272158,"","ALDEx2_kw"
"k__Bacteria|p__Myxococcota|c__Polyangiia|o__Polyangiales|f__Sandaracinaceae|g__|s__|ASV_3531","February - September","k__Bacteria|p__Myxococcota|c__Polyangiia|o__Polyangiales|f__Sandaracinaceae|g__|s__|ASV_3531",0.728680941729738,0.840386080767633,0.691774892805226,0.813126996889306,0.840386080767633,"","ALDEx2_kw"
"k__Bacteria|p__Pseudomonadota|c__Alphaproteobacteria|o__Hyphomicrobiales|f__Rhizobiaceae|g__|s__|ASV_8289","February - September","k__Bacteria|p__Pseudomonadota|c__Alphaproteobacteria|o__Hyphomicrobiales|f__Rhizobiaceae|g__|s__|ASV_8289",0.0419640058053962,0.155630179051939,0.0363726943491694,0.116180332230493,0.155630179051939,"","ALDEx2_kw"
"k__Bacteria|p__Pseudomonadota|c__Alphaproteobacteria|o__Sphingomonadales|f__Sphingomonadaceae|g__Sphingomicrobium|s__|ASV_1676","February - September","k__Bacteria|p__Pseudomonadota|c__Alphaproteobacteria|o__Sphingomonadales|f__Sphingomonadaceae|g__Sphingomicrobium|s__|ASV_1676",0.50816848055473,0.665637778371868,0.450286089734912,0.600239505268423,0.665637778371868,"","ALDEx2_kw"
"k__Bacteria|p__Pseudomonadota|c__Gammaproteobacteria|o__Pseudomonadales|f__Halieaceae|g__Pseudohaliea|s__|ASV_9004","February - September","k__Bacteria|p__Pseudomonadota|c__Gammaproteobacteria|o__Pseudomonadales|f__Halieaceae|g__Pseudohaliea|s__|ASV_9004",0.733868359622496,0.843785521872814,0.661225291252974,0.790088092499455,0.843785521872814,"","ALDEx2_kw"
"k__Bacteria|p__Pseudomonadota|c__Alphaproteobacteria|o__Rhodobacterales|f__Paracoccaceae|g__Jannaschia|s__|ASV_11098","February - September","k__Bacteria|p__Pseudomonadota|c__Alphaproteobacteria|o__Rhodobacterales|f__Paracoccaceae|g__Jannaschia|s__|ASV_11098",0.215419888300142,0.410699575992973,0.216952441516747,0.382894422117286,0.410699575992973,"","ALDEx2_kw"
"k__Bacteria|p__Pseudomonadota|c__Alphaproteobacteria|o__Sphingomonadales|f__Sphingomonadaceae|g__Parasphingopyxis|s__|ASV_5701","February - September","k__Bacteria|p__Pseudomonadota|c__Alphaproteobacteria|o__Sphingomonadales|f__Sphingomonadaceae|g__Parasphingopyxis|s__|ASV_5701",0.461581831501624,0.637147588149232,0.433855885616242,0.601577498936452,0.637147588149232,"","ALDEx2_kw"
"k__Bacteria|p__Bacteroidota|c__Bacteroidia|o__Flavobacteriales|f__Flavobacteriaceae|g__Aquimarina|s__|ASV_15336","February - September","k__Bacteria|p__Bacteroidota|c__Bacteroidia|o__Flavobacteriales|f__Flavobacteriaceae|g__Aquimarina|s__|ASV_15336",0.632132919047361,0.769204377307338,0.633536580014298,0.770056350299265,0.769204377307338,"","ALDEx2_kw"
"k__Bacteria|p__Bacteroidota|c__Bacteroidia|o__Chitinophagales|f__Saprospiraceae|g__|s__|ASV_12385","February - September","k__Bacteria|p__Bacteroidota|c__Bacteroidia|o__Chitinophagales|f__Saprospiraceae|g__|s__|ASV_12385",0.4873194254413,0.641262780160333,0.427108420592626,0.574936066878614,0.641262780160333,"","ALDEx2_kw"
"k__Bacteria|p__Cyanobacteriota|c__Cyanobacteriia|o__Synechococcales|f__Cyanobiaceae|g__|s__|ASV_13824","February - September","k__Bacteria|p__Cyanobacteriota|c__Cyanobacteriia|o__Synechococcales|f__Cyanobiaceae|g__|s__|ASV_13824",0.532667902185449,0.696028760703029,0.546622821576283,0.696278336449126,0.696028760703029,"","ALDEx2_kw"
"k__Bacteria|p__Planctomycetota|c__Phycisphaerae|o__Phycisphaerales|f__Phycisphaeraceae|g__Algisphaera|s__|ASV_11725","February - September","k__Bacteria|p__Planctomycetota|c__Phycisphaerae|o__Phycisphaerales|f__Phycisphaeraceae|g__Algisphaera|s__|ASV_11725",0.461076665157075,0.63823774171351,0.49825432940027,0.657030695706361,0.63823774171351,"","ALDEx2_kw"
"k__Bacteria|p__Pseudomonadota|c__Alphaproteobacteria|o__Rhodobacterales|f__Paracoccaceae|g__|s__|ASV_13252","February - September","k__Bacteria|p__Pseudomonadota|c__Alphaproteobacteria|o__Rhodobacterales|f__Paracoccaceae|g__|s__|ASV_13252",0.394654786820788,0.554252929407755,0.288153292430361,0.441526386758405,0.554252929407755,"","ALDEx2_kw"
"k__Bacteria|p__Pseudomonadota|c__Gammaproteobacteria|o__Pseudomonadales|f__Halieaceae|g__Haliea|s__|ASV_5047","February - September","k__Bacteria|p__Pseudomonadota|c__Gammaproteobacteria|o__Pseudomonadales|f__Halieaceae|g__Haliea|s__|ASV_5047",0.00133631090908972,0.0249730317987117,0.00896625448619373,0.0468745699609526,0.0249730317987117,"*","ALDEx2_kw"
"k__Bacteria|p__Pseudomonadota|c__Alphaproteobacteria|o__Rhodobacterales|f__Paracoccaceae|g__|s__|ASV_9805","February - September","k__Bacteria|p__Pseudomonadota|c__Alphaproteobacteria|o__Rhodobacterales|f__Paracoccaceae|g__|s__|ASV_9805",0.705789527086315,0.822815585100016,0.704591793587666,0.822044435311389,0.822815585100016,"","ALDEx2_kw"
"k__Bacteria|p__Pseudomonadota|c__Gammaproteobacteria|o__Enterobacterales|f__Vibrionaceae|g__Vibrio|s__|ASV_10429","February - September","k__Bacteria|p__Pseudomonadota|c__Gammaproteobacteria|o__Enterobacterales|f__Vibrionaceae|g__Vibrio|s__|ASV_10429",0.274442384019468,0.441631982112061,0.194744406185274,0.345233481369576,0.441631982112061,"","ALDEx2_kw"
"k__Bacteria|p__Rhodothermota|c__Rhodothermia|o__Rhodothermales|f__Rhodothermaceae|g__Rubrivirga|s__|ASV_15014","February - September","k__Bacteria|p__Rhodothermota|c__Rhodothermia|o__Rhodothermales|f__Rhodothermaceae|g__Rubrivirga|s__|ASV_15014",0.0965179595926742,0.237753543055355,0.0726227180416224,0.171942336174747,0.237753543055355,"","ALDEx2_kw"
"k__Bacteria|p__Bacteroidota|c__Bacteroidia|o__Flavobacteriales|f__Flavobacteriaceae|g__|s__|ASV_8065","February - September","k__Bacteria|p__Bacteroidota|c__Bacteroidia|o__Flavobacteriales|f__Flavobacteriaceae|g__|s__|ASV_8065",0.143750754646269,0.299220961907606,0.103623538648457,0.219631523040663,0.299220961907606,"","ALDEx2_kw"
"k__Bacteria|p__Pseudomonadota|c__Alphaproteobacteria|o__Rhodobacterales|f__Paracoccaceae|g__|s__|ASV_594","February - September","k__Bacteria|p__Pseudomonadota|c__Alphaproteobacteria|o__Rhodobacterales|f__Paracoccaceae|g__|s__|ASV_594",0.586581813585487,0.739596814770115,0.635886839613896,0.768083893580495,0.739596814770115,"","ALDEx2_kw"
"k__Bacteria|p__Pseudomonadota|c__Gammaproteobacteria|o__Steroidobacterales|f__Woeseiaceae|g__Woeseia|s__|ASV_3051","February - September","k__Bacteria|p__Pseudomonadota|c__Gammaproteobacteria|o__Steroidobacterales|f__Woeseiaceae|g__Woeseia|s__|ASV_3051",0.100702831876439,0.273440215226161,0.211232125581786,0.379360892934722,0.273440215226161,"","ALDEx2_kw"
"k__Bacteria|p__Verrucomicrobiota|c__Verrucomicrobiia|o__Verrucomicrobiales|f__Rubritaleaceae|g__Haloferula|s__|ASV_2015","February - September","k__Bacteria|p__Verrucomicrobiota|c__Verrucomicrobiia|o__Verrucomicrobiales|f__Rubritaleaceae|g__Haloferula|s__|ASV_2015",0.0958550073158838,0.253450994650053,0.0856185933727761,0.208094891998378,0.253450994650053,"","ALDEx2_kw"
"k__Bacteria|p__Actinomycetota|c__Acidimicrobiia|o__Microtrichales|f__Ilumatobacteraceae|g__Ilumatobacter|s__|ASV_6733","February - September","k__Bacteria|p__Actinomycetota|c__Acidimicrobiia|o__Microtrichales|f__Ilumatobacteraceae|g__Ilumatobacter|s__|ASV_6733",0.519704647705214,0.676282803917551,0.512134054497807,0.667664866904049,0.676282803917551,"","ALDEx2_kw"
"k__Bacteria|p__Rhodothermota|c__Rhodothermia|o__Rhodothermales|f__Rhodothermaceae|g__|s__|ASV_13486","February - September","k__Bacteria|p__Rhodothermota|c__Rhodothermia|o__Rhodothermales|f__Rhodothermaceae|g__|s__|ASV_13486",0.453534425757097,0.623784964097506,0.461415846594621,0.620432264382713,0.623784964097506,"","ALDEx2_kw"
"k__Bacteria|p__Bacteroidota|c__Bacteroidia|o__Chitinophagales|f__Saprospiraceae|g__Lewinella|s__|ASV_2127","February - September","k__Bacteria|p__Bacteroidota|c__Bacteroidia|o__Chitinophagales|f__Saprospiraceae|g__Lewinella|s__|ASV_2127",0.509883764380033,0.668567433711286,0.512769222266874,0.661326914704646,0.668567433711286,"","ALDEx2_kw"
"k__Bacteria|p__Rhodothermota|c__Rhodothermia|o__Rhodothermales|f__Rhodothermaceae|g__Rubrivirga|s__|ASV_6541","February - September","k__Bacteria|p__Rhodothermota|c__Rhodothermia|o__Rhodothermales|f__Rhodothermaceae|g__Rubrivirga|s__|ASV_6541",0.00345445601662848,0.0379916644028742,0.00308149932013904,0.0183191615987325,0.0379916644028742,"*","ALDEx2_kw"
"k__Bacteria|p__Pseudomonadota|c__Alphaproteobacteria|o__Sphingomonadales|f__Sphingomonadaceae|g__Sphingomicrobium|s__|ASV_13364","February - September","k__Bacteria|p__Pseudomonadota|c__Alphaproteobacteria|o__Sphingomonadales|f__Sphingomonadaceae|g__Sphingomicrobium|s__|ASV_13364",0.362201772996167,0.537411429645869,0.283964138582044,0.440865505073787,0.537411429645869,"","ALDEx2_kw"
"k__Bacteria|p__Rhodothermota|c__Rhodothermia|o__Rhodothermales|f__Rhodothermaceae|g__|s__|ASV_12149","February - September","k__Bacteria|p__Rhodothermota|c__Rhodothermia|o__Rhodothermales|f__Rhodothermaceae|g__|s__|ASV_12149",0.666344488911443,0.796404188596264,0.63213947745954,0.768543609586734,0.796404188596264,"","ALDEx2_kw"
"k__Bacteria|p__Bacteroidota|c__Bacteroidia|o__Flavobacteriales|f__Flavobacteriaceae|g__Aquimarina|s__|ASV_592","February - September","k__Bacteria|p__Bacteroidota|c__Bacteroidia|o__Flavobacteriales|f__Flavobacteriaceae|g__Aquimarina|s__|ASV_592",0.680851017161507,0.806811809097367,0.665825154278052,0.794934844360269,0.806811809097367,"","ALDEx2_kw"
"k__Bacteria|p__Pseudomonadota|c__Alphaproteobacteria|o__Sphingomonadales|f__Sphingomonadaceae|g__Aurantiacibacter|s__|ASV_726","February - September","k__Bacteria|p__Pseudomonadota|c__Alphaproteobacteria|o__Sphingomonadales|f__Sphingomonadaceae|g__Aurantiacibacter|s__|ASV_726",0.56414996100723,0.715351857410295,0.572120754510908,0.713812748711609,0.715351857410295,"","ALDEx2_kw"
"k__Bacteria|p__Bacteroidota|c__Bacteroidia|o__Flavobacteriales|f__Flavobacteriaceae|g__Marinirhabdus|s__|ASV_6484","February - September","k__Bacteria|p__Bacteroidota|c__Bacteroidia|o__Flavobacteriales|f__Flavobacteriaceae|g__Marinirhabdus|s__|ASV_6484",0.657818638589523,0.784402646213585,0.59694904681756,0.740365129484103,0.784402646213585,"","ALDEx2_kw"
"k__Bacteria|p__Pseudomonadota|c__Alphaproteobacteria|o__Rhodobacterales|f__Paracoccaceae|g__Limibaculum|s__|ASV_11145","February - September","k__Bacteria|p__Pseudomonadota|c__Alphaproteobacteria|o__Rhodobacterales|f__Paracoccaceae|g__Limibaculum|s__|ASV_11145",0.0932959925512981,0.257035940173938,0.123563890303064,0.266024536118766,0.257035940173938,"","ALDEx2_kw"
"k__Bacteria|p__Bacteroidota|c__Bacteroidia|o__Cytophagales|f__Mooreiaceae|g__Mooreia|s__|ASV_10577","February - September","k__Bacteria|p__Bacteroidota|c__Bacteroidia|o__Cytophagales|f__Mooreiaceae|g__Mooreia|s__|ASV_10577",0.441324899918575,0.6320022162321,0.435748290788748,0.608467641487963,0.6320022162321,"","ALDEx2_kw"
"k__Bacteria|p__Actinomycetota|c__Thermoleophilia|o__Solirubrobacterales|f__67-14|g__|s__|ASV_11059","February - September","k__Bacteria|p__Actinomycetota|c__Thermoleophilia|o__Solirubrobacterales|f__67-14|g__|s__|ASV_11059",0.0154534621018614,0.0969960365094652,0.028139922203476,0.105737484321508,0.0969960365094652,"","ALDEx2_kw"
"k__Bacteria|p__Pseudomonadota|c__Alphaproteobacteria|o__Rhodobacterales|f__Paracoccaceae|g__|s__|ASV_1444","February - September","k__Bacteria|p__Pseudomonadota|c__Alphaproteobacteria|o__Rhodobacterales|f__Paracoccaceae|g__|s__|ASV_1444",0.428918830521046,0.607027518747569,0.424359463431183,0.586074946327092,0.607027518747569,"","ALDEx2_kw"
"k__Bacteria|p__Pseudomonadota|c__Alphaproteobacteria|o__Sphingomonadales|f__Sphingomonadaceae|g__Croceibacterium|s__|ASV_13774","February - September","k__Bacteria|p__Pseudomonadota|c__Alphaproteobacteria|o__Sphingomonadales|f__Sphingomonadaceae|g__Croceibacterium|s__|ASV_13774",0.394889239358432,0.604046056450422,0.469361554066343,0.638590016939881,0.604046056450422,"","ALDEx2_kw"
"k__Bacteria|p__Pseudomonadota|c__Alphaproteobacteria|o__Sphingomonadales|f__Sphingomonadaceae|g__|s__|ASV_13045","February - September","k__Bacteria|p__Pseudomonadota|c__Alphaproteobacteria|o__Sphingomonadales|f__Sphingomonadaceae|g__|s__|ASV_13045",0.0806576851787345,0.219177146884076,0.054104761501328,0.146097004134463,0.219177146884076,"","ALDEx2_kw"
"k__Bacteria|p__Thermodesulfobacteriota|c__Desulfobacteria|o__Desulfobacterales|f__Desulfosarcinaceae|g__Desulfosarcina|s__|ASV_12268","February - September","k__Bacteria|p__Thermodesulfobacteriota|c__Desulfobacteria|o__Desulfobacterales|f__Desulfosarcinaceae|g__Desulfosarcina|s__|ASV_12268",0.213625419066775,0.375474384239638,0.123936410356924,0.251893033533367,0.375474384239638,"","ALDEx2_kw"
"k__Bacteria|p__Actinomycetota|c__Thermoleophilia|o__Solirubrobacterales|f__Solirubrobacteraceae|g__Patulibacter|s__|ASV_1623","February - September","k__Bacteria|p__Actinomycetota|c__Thermoleophilia|o__Solirubrobacterales|f__Solirubrobacteraceae|g__Patulibacter|s__|ASV_1623",0.234584487861258,0.400633966880838,0.201329847123157,0.33755789778644,0.400633966880838,"","ALDEx2_kw"
"k__Bacteria|p__Bacteroidota|c__Bacteroidia|o__Chitinophagales|f__Saprospiraceae|g__|s__|ASV_3563","February - September","k__Bacteria|p__Bacteroidota|c__Bacteroidia|o__Chitinophagales|f__Saprospiraceae|g__|s__|ASV_3563",0.357924371346863,0.531586541798525,0.263361545922412,0.42880382514367,0.531586541798525,"","ALDEx2_kw"
"k__Bacteria|p__Pseudomonadota|c__Alphaproteobacteria|o__Hyphomicrobiales|f__Rhizobiaceae|g__Oricola|s__|ASV_11065","February - September","k__Bacteria|p__Pseudomonadota|c__Alphaproteobacteria|o__Hyphomicrobiales|f__Rhizobiaceae|g__Oricola|s__|ASV_11065",0.0983708001246079,0.275916777695079,0.166638036501537,0.328824418959033,0.275916777695079,"","ALDEx2_kw"
"k__Bacteria|p__Bacteroidota|c__Bacteroidia|o__Flavobacteriales|f__Flavobacteriaceae|g__Pricia|s__|ASV_6575","February - September","k__Bacteria|p__Bacteroidota|c__Bacteroidia|o__Flavobacteriales|f__Flavobacteriaceae|g__Pricia|s__|ASV_6575",0.432772241163016,0.599421328760721,0.386599048887649,0.534074934283464,0.599421328760721,"","ALDEx2_kw"
"k__Bacteria|p__Campylobacterota|c__Campylobacteria|o__Campylobacterales|f__Sulfurovaceae|g__Sulfurovum|s__|ASV_14893","February - September","k__Bacteria|p__Campylobacterota|c__Campylobacteria|o__Campylobacterales|f__Sulfurovaceae|g__Sulfurovum|s__|ASV_14893",0.134120002648252,0.311728876889082,0.110262527081912,0.241702924208498,0.311728876889082,"","ALDEx2_kw"
"k__Bacteria|p__Gemmatimonadota|c__Longimicrobiia|o__Longimicrobiales|f__Longimicrobiaceae|g__|s__|ASV_5611","February - September","k__Bacteria|p__Gemmatimonadota|c__Longimicrobiia|o__Longimicrobiales|f__Longimicrobiaceae|g__|s__|ASV_5611",0.0975687921875081,0.269430202900556,0.170582076181058,0.334939649140479,0.269430202900556,"","ALDEx2_kw"
"k__Bacteria|p__Bacteroidota|c__Bacteroidia|o__Chitinophagales|f__Saprospiraceae|g__Lewinella|s__|ASV_10138","February - September","k__Bacteria|p__Bacteroidota|c__Bacteroidia|o__Chitinophagales|f__Saprospiraceae|g__Lewinella|s__|ASV_10138",0.345669053879064,0.514715001464164,0.255094378157416,0.407426915401726,0.514715001464164,"","ALDEx2_kw"
"k__Bacteria|p__Pseudomonadota|c__Gammaproteobacteria|o__Pseudomonadales|f__Marinobacteraceae|g__Marinobacter|s__|ASV_13782","February - September","k__Bacteria|p__Pseudomonadota|c__Gammaproteobacteria|o__Pseudomonadales|f__Marinobacteraceae|g__Marinobacter|s__|ASV_13782",0.37068439712595,0.56126562850911,0.411322851013715,0.580582080291924,0.56126562850911,"","ALDEx2_kw"
"k__Bacteria|p__Actinomycetota|c__Actinobacteria|o__Nitriliruptorales|f__Nitriliruptoraceae|g__|s__|ASV_7511","February - September","k__Bacteria|p__Actinomycetota|c__Actinobacteria|o__Nitriliruptorales|f__Nitriliruptoraceae|g__|s__|ASV_7511",0.249524852194424,0.412845994791499,0.1655624608134,0.310462201439311,0.412845994791499,"","ALDEx2_kw"
"k__Bacteria|p__Actinomycetota|c__Acidimicrobiia|o__Microtrichales|f__Ilumatobacteraceae|g__Ilumatobacter|s__|ASV_8301","February - September","k__Bacteria|p__Actinomycetota|c__Acidimicrobiia|o__Microtrichales|f__Ilumatobacteraceae|g__Ilumatobacter|s__|ASV_8301",0.381325144532137,0.553951830492079,0.308379555841682,0.471522484252854,0.553951830492079,"","ALDEx2_kw"
"k__Bacteria|p__Bacteroidota|c__Bacteroidia|o__Cytophagales|f__Cyclobacteriaceae|g__Marinoscillum|s__|ASV_5991","February - September","k__Bacteria|p__Bacteroidota|c__Bacteroidia|o__Cytophagales|f__Cyclobacteriaceae|g__Marinoscillum|s__|ASV_5991",0.607715233006519,0.750147650270564,0.593729379681318,0.73707586010029,0.750147650270564,"","ALDEx2_kw"
"k__Bacteria|p__Pseudomonadota|c__Alphaproteobacteria|o__Hyphomicrobiales|f__Methyloligellaceae|g__Methyloceanibacter|s__|ASV_15691","February - September","k__Bacteria|p__Pseudomonadota|c__Alphaproteobacteria|o__Hyphomicrobiales|f__Methyloligellaceae|g__Methyloceanibacter|s__|ASV_15691",0.392963844273601,0.596882964141205,0.45093863395809,0.625750620014928,0.596882964141205,"","ALDEx2_kw"
"k__Bacteria|p__Bacteroidota|c__Bacteroidia|o__Flavobacteriales|f__Flavobacteriaceae|g__Euzebyella|s__|ASV_6004","February - September","k__Bacteria|p__Bacteroidota|c__Bacteroidia|o__Flavobacteriales|f__Flavobacteriaceae|g__Euzebyella|s__|ASV_6004",0.291137736291536,0.472634556027471,0.164880886456978,0.321809852885251,0.472634556027471,"","ALDEx2_kw"
"k__Bacteria|p__Bacteroidota|c__Bacteroidia|o__Flavobacteriales|f__Flavobacteriaceae|g__Muricauda|s__|ASV_12437","February - September","k__Bacteria|p__Bacteroidota|c__Bacteroidia|o__Flavobacteriales|f__Flavobacteriaceae|g__Muricauda|s__|ASV_12437",0.362646533711612,0.532072930572199,0.301103033650558,0.462823715484627,0.532072930572199,"","ALDEx2_kw"
"k__Bacteria|p__Pseudomonadota|c__Gammaproteobacteria|o__Pseudomonadales|f__Spongiibacteraceae|g__|s__|ASV_529","February - September","k__Bacteria|p__Pseudomonadota|c__Gammaproteobacteria|o__Pseudomonadales|f__Spongiibacteraceae|g__|s__|ASV_529",0.0052166883593697,0.0526784959291245,0.0101578507860587,0.0491991528101721,0.0526784959291245,"","ALDEx2_kw"
"k__Bacteria|p__Thermodesulfobacteriota|c__Desulfobacteria|o__Desulfobacterales|f__Desulfosarcinaceae|g__SEEP-SRB1|s__|ASV_1671","February - September","k__Bacteria|p__Thermodesulfobacteriota|c__Desulfobacteria|o__Desulfobacterales|f__Desulfosarcinaceae|g__SEEP-SRB1|s__|ASV_1671",0.670252213519446,0.801583329249885,0.661923893320079,0.790071222633898,0.801583329249885,"","ALDEx2_kw"
"k__Bacteria|p__Cyanobacteriota|c__Cyanobacteriia|o__Cyanobacteriales|f__Xenococcaceae|g__Chroococcidiopsis_PCC-6712|s__|ASV_986","February - September","k__Bacteria|p__Cyanobacteriota|c__Cyanobacteriia|o__Cyanobacteriales|f__Xenococcaceae|g__Chroococcidiopsis_PCC-6712|s__|ASV_986",0.12955478211162,0.30856291482187,0.134555568462488,0.285724206874651,0.30856291482187,"","ALDEx2_kw"
"k__Bacteria|p__Pseudomonadota|c__Alphaproteobacteria|o__Tistrellales|f__Geminicoccaceae|g__|s__|ASV_4042","February - September","k__Bacteria|p__Pseudomonadota|c__Alphaproteobacteria|o__Tistrellales|f__Geminicoccaceae|g__|s__|ASV_4042",0.557081605308442,0.725897731115832,0.348521469115395,0.5315347284786,0.725897731115832,"","ALDEx2_kw"
"k__Bacteria|p__Bacteroidota|c__Bacteroidia|o__Cytophagales|f__Cyclobacteriaceae|g__|s__|ASV_9163","February - September","k__Bacteria|p__Bacteroidota|c__Bacteroidia|o__Cytophagales|f__Cyclobacteriaceae|g__|s__|ASV_9163",0.531143511775175,0.685883491353832,0.507700738450562,0.662643444181066,0.685883491353832,"","ALDEx2_kw"
"k__Bacteria|p__Bacteroidota|c__Bacteroidia|o__Flavobacteriales|f__Flavobacteriaceae|g__Gramella|s__|ASV_7179","February - September","k__Bacteria|p__Bacteroidota|c__Bacteroidia|o__Flavobacteriales|f__Flavobacteriaceae|g__Gramella|s__|ASV_7179",0.303950060238936,0.480815041426033,0.245691366370574,0.41125420826445,0.480815041426033,"","ALDEx2_kw"
"k__Bacteria|p__Bacteroidota|c__Bacteroidia|o__Flavobacteriales|f__Flavobacteriaceae|g__Mesoflavibacter|s__|ASV_6111","February - September","k__Bacteria|p__Bacteroidota|c__Bacteroidia|o__Flavobacteriales|f__Flavobacteriaceae|g__Mesoflavibacter|s__|ASV_6111",0.274923876845559,0.468704479067548,0.246017349381646,0.415662531318854,0.468704479067548,"","ALDEx2_kw"
"k__Bacteria|p__Acidobacteriota|c__Thermoanaerobaculia|o__Thermoanaerobaculales|f__Thermoanaerobaculaceae|g__Subgroup_10|s__|ASV_10386","February - September","k__Bacteria|p__Acidobacteriota|c__Thermoanaerobaculia|o__Thermoanaerobaculales|f__Thermoanaerobaculaceae|g__Subgroup_10|s__|ASV_10386",0.458768207663543,0.625613492801805,0.418831359577305,0.575050784745253,0.625613492801805,"","ALDEx2_kw"
"k__Bacteria|p__Cyanobacteriota|c__Cyanobacteriia|o__Cyanobacteriales|f__Nostocaceae|g__Rivularia_PCC-7116|s__|ASV_4054","February - September","k__Bacteria|p__Cyanobacteriota|c__Cyanobacteriia|o__Cyanobacteriales|f__Nostocaceae|g__Rivularia_PCC-7116|s__|ASV_4054",0.652626004666383,0.785408909595149,0.616957921648287,0.752450571096947,0.785408909595149,"","ALDEx2_kw"
"k__Bacteria|p__Cyanobacteriota|c__Cyanobacteriia|o__Cyanobacteriales|f__Xenococcaceae|g__Pleurocapsa_PCC-7319|s__|ASV_6690","February - September","k__Bacteria|p__Cyanobacteriota|c__Cyanobacteriia|o__Cyanobacteriales|f__Xenococcaceae|g__Pleurocapsa_PCC-7319|s__|ASV_6690",0.648384210311097,0.784751857760968,0.674748859134244,0.798955662979489,0.784751857760968,"","ALDEx2_kw"
"k__Bacteria|p__Myxococcota|c__Polyangiia|o__Polyangiales|f__Sandaracinaceae|g__|s__|ASV_7463","February - September","k__Bacteria|p__Myxococcota|c__Polyangiia|o__Polyangiales|f__Sandaracinaceae|g__|s__|ASV_7463",0.794088933778135,0.881388940790779,0.649299372510303,0.783324748819892,0.881388940790779,"","ALDEx2_kw"
"k__Bacteria|p__Bacteroidota|c__Bacteroidia|o__Cytophagales|f__Cyclobacteriaceae|g__Fulvivirga|s__|ASV_2867","February - September","k__Bacteria|p__Bacteroidota|c__Bacteroidia|o__Cytophagales|f__Cyclobacteriaceae|g__Fulvivirga|s__|ASV_2867",0.195184862285754,0.376529571981077,0.138843416152408,0.287347908278933,0.376529571981077,"","ALDEx2_kw"
"k__Bacteria|p__Bacteroidota|c__Bacteroidia|o__Cytophagales|f__Cyclobacteriaceae|g__Tunicatimonas|s__|ASV_15128","February - September","k__Bacteria|p__Bacteroidota|c__Bacteroidia|o__Cytophagales|f__Cyclobacteriaceae|g__Tunicatimonas|s__|ASV_15128",0.466658193197476,0.626001792639908,0.409601167593387,0.57489557295077,0.626001792639908,"","ALDEx2_kw"
"k__Bacteria|p__Pseudomonadota|c__Alphaproteobacteria|o__Rhodobacterales|f__Paracoccaceae|g__Halodurantibacterium|s__|ASV_2265","February - September","k__Bacteria|p__Pseudomonadota|c__Alphaproteobacteria|o__Rhodobacterales|f__Paracoccaceae|g__Halodurantibacterium|s__|ASV_2265",0.76899625617104,0.86690576135358,0.609828950365816,0.752824365001293,0.86690576135358,"","ALDEx2_kw"
"k__Bacteria|p__Pseudomonadota|c__Alphaproteobacteria|o__Sphingomonadales|f__Sphingomonadaceae|g__Qipengyuania|s__|ASV_6837","February - September","k__Bacteria|p__Pseudomonadota|c__Alphaproteobacteria|o__Sphingomonadales|f__Sphingomonadaceae|g__Qipengyuania|s__|ASV_6837",0.356898023563962,0.545150648978205,0.32288747287577,0.496983307156513,0.545150648978205,"","ALDEx2_kw"
"k__Bacteria|p__Bacteroidota|c__Bacteroidia|o__Flavobacteriales|f__Flavobacteriaceae|g__Nonlabens|s__|ASV_11613","February - September","k__Bacteria|p__Bacteroidota|c__Bacteroidia|o__Flavobacteriales|f__Flavobacteriaceae|g__Nonlabens|s__|ASV_11613",0.30100773287674,0.485732425032098,0.250672127052352,0.414475970268416,0.485732425032098,"","ALDEx2_kw"
"k__Bacteria|p__Thermodesulfobacteriota|c__Desulfobacteria|o__Desulfobacterales|f__Desulfosarcinaceae|g__Sva0081_sediment_group|s__|ASV_4065","February - September","k__Bacteria|p__Thermodesulfobacteriota|c__Desulfobacteria|o__Desulfobacterales|f__Desulfosarcinaceae|g__Sva0081_sediment_group|s__|ASV_4065",0.0286684612735868,0.139303832153457,0.0646445447174288,0.177255298492334,0.139303832153457,"","ALDEx2_kw"
"k__Bacteria|p__Actinomycetota|c__Acidimicrobiia|o__Microtrichales|f__Microtrichaceae|g__|s__|ASV_11033","February - September","k__Bacteria|p__Actinomycetota|c__Acidimicrobiia|o__Microtrichales|f__Microtrichaceae|g__|s__|ASV_11033",0.574074636300256,0.723586395564191,0.545619193541653,0.692224838774972,0.723586395564191,"","ALDEx2_kw"
"k__Bacteria|p__Pseudomonadota|c__Alphaproteobacteria|o__Hyphomicrobiales|f__KF-JG30-B3|g__|s__|ASV_1895","February - September","k__Bacteria|p__Pseudomonadota|c__Alphaproteobacteria|o__Hyphomicrobiales|f__KF-JG30-B3|g__|s__|ASV_1895",0.597170285900068,0.741573357476315,0.596698912358409,0.734875950312523,0.741573357476315,"","ALDEx2_kw"
"k__Bacteria|p__Pseudomonadota|c__Alphaproteobacteria|o__Sphingomonadales|f__Sphingomonadaceae|g__Croceibacterium|s__|ASV_12254","February - September","k__Bacteria|p__Pseudomonadota|c__Alphaproteobacteria|o__Sphingomonadales|f__Sphingomonadaceae|g__Croceibacterium|s__|ASV_12254",0.739282673736648,0.845049237154017,0.560489237526988,0.711163813142551,0.845049237154017,"","ALDEx2_kw"
"k__Bacteria|p__Pseudomonadota|c__Alphaproteobacteria|o__Sphingomonadales|f__Sphingomonadaceae|g__|s__|ASV_9967","February - September","k__Bacteria|p__Pseudomonadota|c__Alphaproteobacteria|o__Sphingomonadales|f__Sphingomonadaceae|g__|s__|ASV_9967",0.533638685666376,0.693792676163107,0.525132606488683,0.680611728069104,0.693792676163107,"","ALDEx2_kw"
"k__Bacteria|p__Cyanobacteriota|c__Cyanobacteriia|o__Cyanobacteriales|f__Nostocaceae|g__|s__|ASV_11192","February - September","k__Bacteria|p__Cyanobacteriota|c__Cyanobacteriia|o__Cyanobacteriales|f__Nostocaceae|g__|s__|ASV_11192",0.524233750432303,0.685350923926898,0.45278955952909,0.612498513435395,0.685350923926898,"","ALDEx2_kw"
"k__Bacteria|p__Actinomycetota|c__Actinobacteria|o__Propionibacteriales|f__Nocardioidaceae|g__Nocardioides|s__|ASV_15504","February - September","k__Bacteria|p__Actinomycetota|c__Actinobacteria|o__Propionibacteriales|f__Nocardioidaceae|g__Nocardioides|s__|ASV_15504",0.665143652445144,0.795200545877475,0.635477533456795,0.768135527425718,0.795200545877475,"","ALDEx2_kw"
"k__Bacteria|p__Pseudomonadota|c__Gammaproteobacteria|o__Enterobacterales|f__Alteromonadaceae|g__Aestuariibacter|s__|ASV_1570","February - September","k__Bacteria|p__Pseudomonadota|c__Gammaproteobacteria|o__Enterobacterales|f__Alteromonadaceae|g__Aestuariibacter|s__|ASV_1570",0.31093518180537,0.485671543175974,0.205444281933972,0.361119481383447,0.485671543175974,"","ALDEx2_kw"
"k__Bacteria|p__Bacteroidota|c__Bacteroidia|o__Bacteroidales|f__Bacteroidetes_BD2-2|g__|s__|ASV_6489","February - September","k__Bacteria|p__Bacteroidota|c__Bacteroidia|o__Bacteroidales|f__Bacteroidetes_BD2-2|g__|s__|ASV_6489",0.0249706784093959,0.121531627096761,0.0383720274954293,0.126884397861995,0.121531627096761,"","ALDEx2_kw"
"k__Bacteria|p__Bacteroidota|c__Bacteroidia|o__Cytophagales|f__Cyclobacteriaceae|g__|s__|ASV_7443","February - September","k__Bacteria|p__Bacteroidota|c__Bacteroidia|o__Cytophagales|f__Cyclobacteriaceae|g__|s__|ASV_7443",0.412977833223968,0.607505492576192,0.397017296303913,0.574354250850674,0.607505492576192,"","ALDEx2_kw"
"k__Bacteria|p__Chloroflexota|c__Anaerolineae|o__Caldilineales|f__Caldilineaceae|g__|s__|ASV_1530","February - September","k__Bacteria|p__Chloroflexota|c__Anaerolineae|o__Caldilineales|f__Caldilineaceae|g__|s__|ASV_1530",0.274752856408746,0.453155147871452,0.227183858496579,0.384811485447963,0.453155147871452,"","ALDEx2_kw"
"k__Bacteria|p__Pseudomonadota|c__Alphaproteobacteria|o__Rhodobacterales|f__Paracoccaceae|g__Limibaculum|s__|ASV_10749","February - September","k__Bacteria|p__Pseudomonadota|c__Alphaproteobacteria|o__Rhodobacterales|f__Paracoccaceae|g__Limibaculum|s__|ASV_10749",0.269446691191394,0.431692986083022,0.171852740306064,0.309156747707228,0.431692986083022,"","ALDEx2_kw"
"k__Bacteria|p__Cyanobacteriota|c__Cyanobacteriia|o__Synechococcales|f__Cyanobiaceae|g__Synechococcus_MBIC10613|s__|ASV_3584","February - September","k__Bacteria|p__Cyanobacteriota|c__Cyanobacteriia|o__Synechococcales|f__Cyanobiaceae|g__Synechococcus_MBIC10613|s__|ASV_3584",0.283072753409877,0.482162092721448,0.302886621940076,0.470553329183208,0.482162092721448,"","ALDEx2_kw"
"k__Bacteria|p__Bacteroidota|c__Bacteroidia|o__Chitinophagales|f__Saprospiraceae|g__|s__|ASV_13177","February - September","k__Bacteria|p__Bacteroidota|c__Bacteroidia|o__Chitinophagales|f__Saprospiraceae|g__|s__|ASV_13177",0.235578128693656,0.43653416595329,0.253479003381205,0.428435111359575,0.43653416595329,"","ALDEx2_kw"
"k__Bacteria|p__Pseudomonadota|c__Gammaproteobacteria|o__Steroidobacterales|f__Woeseiaceae|g__Woeseia|s__|ASV_15181","February - September","k__Bacteria|p__Pseudomonadota|c__Gammaproteobacteria|o__Steroidobacterales|f__Woeseiaceae|g__Woeseia|s__|ASV_15181",0.279513109632547,0.449825439624808,0.18468606902686,0.325232187015478,0.449825439624808,"","ALDEx2_kw"
"k__Bacteria|p__Bacteroidota|c__Bacteroidia|o__Flavobacteriales|f__Flavobacteriaceae|g__|s__|ASV_12253","February - September","k__Bacteria|p__Bacteroidota|c__Bacteroidia|o__Flavobacteriales|f__Flavobacteriaceae|g__|s__|ASV_12253",0.393112554219012,0.555016230230672,0.289058694582714,0.445618663222214,0.555016230230672,"","ALDEx2_kw"
"k__Bacteria|p__Planctomycetota|c__Planctomycetes|o__Planctomycetales|f__Rubinisphaeraceae|g__Planctomicrobium|s__|ASV_5395","February - September","k__Bacteria|p__Planctomycetota|c__Planctomycetes|o__Planctomycetales|f__Rubinisphaeraceae|g__Planctomicrobium|s__|ASV_5395",0.36268086498304,0.552268553281779,0.397727719329189,0.566745837050196,0.552268553281779,"","ALDEx2_kw"
"k__Bacteria|p__Planctomycetota|c__Phycisphaerae|o__Phycisphaerales|f__Phycisphaeraceae|g__Algisphaera|s__|ASV_298","February - September","k__Bacteria|p__Planctomycetota|c__Phycisphaerae|o__Phycisphaerales|f__Phycisphaeraceae|g__Algisphaera|s__|ASV_298",0.208552672446201,0.381388776754397,0.186889100601423,0.325976661053578,0.381388776754397,"","ALDEx2_kw"
"k__Bacteria|p__Pseudomonadota|c__Alphaproteobacteria|o__Sphingomonadales|f__Sphingomonadaceae|g__Sphingomicrobium|s__|ASV_2882","February - September","k__Bacteria|p__Pseudomonadota|c__Alphaproteobacteria|o__Sphingomonadales|f__Sphingomonadaceae|g__Sphingomicrobium|s__|ASV_2882",0.20494659023225,0.411400269504254,0.297024855132607,0.471349122020895,0.411400269504254,"","ALDEx2_kw"
"k__Bacteria|p__Bacteroidota|c__Bacteroidia|o__Bacteroidales|f__Prolixibacteraceae|g__Draconibacterium|s__|ASV_11583","February - September","k__Bacteria|p__Bacteroidota|c__Bacteroidia|o__Bacteroidales|f__Prolixibacteraceae|g__Draconibacterium|s__|ASV_11583",0.528485897056547,0.69393331107673,0.563341470615704,0.708428965088745,0.69393331107673,"","ALDEx2_kw"
"k__Bacteria|p__Chloroflexota|c__Anaerolineae|o__Aggregatilineales|f__A4b|g__|s__|ASV_6080","February - September","k__Bacteria|p__Chloroflexota|c__Anaerolineae|o__Aggregatilineales|f__A4b|g__|s__|ASV_6080",0.00373765974717401,0.0445519405410597,0.00465818711519265,0.0308051879187478,0.0445519405410597,"*","ALDEx2_kw"
"k__Bacteria|p__Chloroflexota|c__Anaerolineae|o__Caldilineales|f__Caldilineaceae|g__|s__|ASV_15048","February - September","k__Bacteria|p__Chloroflexota|c__Anaerolineae|o__Caldilineales|f__Caldilineaceae|g__|s__|ASV_15048",0.117688107255459,0.295557634430941,0.117456103521286,0.256208036114215,0.295557634430941,"","ALDEx2_kw"
"k__Bacteria|p__Bacteroidota|c__Bacteroidia|o__Chitinophagales|f__Saprospiraceae|g__Aureispira|s__|ASV_6811","February - September","k__Bacteria|p__Bacteroidota|c__Bacteroidia|o__Chitinophagales|f__Saprospiraceae|g__Aureispira|s__|ASV_6811",0.264807468349593,0.465213457634893,0.28162864038079,0.455425360275495,0.465213457634893,"","ALDEx2_kw"
"k__Bacteria|p__Bacteroidota|c__Bacteroidia|o__Chitinophagales|f__Saprospiraceae|g__Lewinella|s__|ASV_2218","February - September","k__Bacteria|p__Bacteroidota|c__Bacteroidia|o__Chitinophagales|f__Saprospiraceae|g__Lewinella|s__|ASV_2218",0.0326843574439167,0.128608043227066,0.0384035542830776,0.106486855663173,0.128608043227066,"","ALDEx2_kw"
"k__Bacteria|p__Bacteroidota|c__Bacteroidia|o__Flavobacteriales|f__Flavobacteriaceae|g__|s__|ASV_3483","February - September","k__Bacteria|p__Bacteroidota|c__Bacteroidia|o__Flavobacteriales|f__Flavobacteriaceae|g__|s__|ASV_3483",0.375365255918219,0.549870580647476,0.238313945841341,0.394491324567,0.549870580647476,"","ALDEx2_kw"
"k__Bacteria|p__Bacteroidota|c__Bacteroidia|o__Cytophagales|f__Cyclobacteriaceae|g__|s__|ASV_3907","February - September","k__Bacteria|p__Bacteroidota|c__Bacteroidia|o__Cytophagales|f__Cyclobacteriaceae|g__|s__|ASV_3907",0.421261456695732,0.59258911312469,0.379633485845937,0.543206014056316,0.59258911312469,"","ALDEx2_kw"
"k__Bacteria|p__Pseudomonadota|c__Alphaproteobacteria|o__Rhodobacterales|f__Paracoccaceae|g__|s__|ASV_7108","February - September","k__Bacteria|p__Pseudomonadota|c__Alphaproteobacteria|o__Rhodobacterales|f__Paracoccaceae|g__|s__|ASV_7108",0.673291064465823,0.801700277198703,0.658259223135732,0.78899669172717,0.801700277198703,"","ALDEx2_kw"
"k__Bacteria|p__Bacteroidota|c__Bacteroidia|o__Flavobacteriales|f__Flavobacteriaceae|g__Robiginitalea|s__|ASV_10959","February - September","k__Bacteria|p__Bacteroidota|c__Bacteroidia|o__Flavobacteriales|f__Flavobacteriaceae|g__Robiginitalea|s__|ASV_10959",0.172024344012481,0.337674499961172,0.102314816916074,0.232244094116134,0.337674499961172,"","ALDEx2_kw"
"k__Bacteria|p__Pseudomonadota|c__Alphaproteobacteria|o__Rhodobacterales|f__Paracoccaceae|g__Maribius|s__|ASV_8056","February - September","k__Bacteria|p__Pseudomonadota|c__Alphaproteobacteria|o__Rhodobacterales|f__Paracoccaceae|g__Maribius|s__|ASV_8056",0.171478968174536,0.339250060771773,0.0988774494484178,0.222992968315915,0.339250060771773,"","ALDEx2_kw"
"k__Bacteria|p__Pseudomonadota|c__Alphaproteobacteria|o__Rhodobacterales|f__Paracoccaceae|g__Palleronia-Pseudomaribius|s__|ASV_4152","February - September","k__Bacteria|p__Pseudomonadota|c__Alphaproteobacteria|o__Rhodobacterales|f__Paracoccaceae|g__Palleronia-Pseudomaribius|s__|ASV_4152",0.0264209230919668,0.11899962587355,0.0180767077100358,0.0737660549623086,0.11899962587355,"","ALDEx2_kw"
"k__Bacteria|p__Planctomycetota|c__Planctomycetes|o__Pirellulales|f__Pirellulaceae|g__Pir4_lineage|s__|ASV_4116","February - September","k__Bacteria|p__Planctomycetota|c__Planctomycetes|o__Pirellulales|f__Pirellulaceae|g__Pir4_lineage|s__|ASV_4116",0.115491871224891,0.280884786172615,0.105117025233296,0.24100425657582,0.280884786172615,"","ALDEx2_kw"
"k__Bacteria|p__Pseudomonadota|c__Alphaproteobacteria|o__|f__Neomegalonemataceae|g__Acuticoccus|s__|ASV_1871","February - September","k__Bacteria|p__Pseudomonadota|c__Alphaproteobacteria|o__|f__Neomegalonemataceae|g__Acuticoccus|s__|ASV_1871",0.0462102067031468,0.180253035621753,0.0983873591681094,0.228094465002668,0.180253035621753,"","ALDEx2_kw"
"k__Bacteria|p__Actinomycetota|c__Actinobacteria|o__Euzebyales|f__Euzebyaceae|g__Euzebya|s__|ASV_13638","February - September","k__Bacteria|p__Actinomycetota|c__Actinobacteria|o__Euzebyales|f__Euzebyaceae|g__Euzebya|s__|ASV_13638",0.0185582807677231,0.106376419524242,0.0320496419344379,0.0938021592397813,0.106376419524242,"","ALDEx2_kw"
"k__Bacteria|p__Bacteroidota|c__Bacteroidia|o__Flavobacteriales|f__Flavobacteriaceae|g__Flavimarina|s__|ASV_7837","February - September","k__Bacteria|p__Bacteroidota|c__Bacteroidia|o__Flavobacteriales|f__Flavobacteriaceae|g__Flavimarina|s__|ASV_7837",0.584124761769544,0.735863941096913,0.630510353286911,0.764992799798227,0.735863941096913,"","ALDEx2_kw"
"k__Bacteria|p__Pseudomonadota|c__Alphaproteobacteria|o__Rhodobacterales|f__Paracoccaceae|g__Palleronia-Pseudomaribius|s__|ASV_9563","February - September","k__Bacteria|p__Pseudomonadota|c__Alphaproteobacteria|o__Rhodobacterales|f__Paracoccaceae|g__Palleronia-Pseudomaribius|s__|ASV_9563",0.309310975134182,0.497400817521627,0.282697102649022,0.456717129498859,0.497400817521627,"","ALDEx2_kw"
"k__Bacteria|p__Verrucomicrobiota|c__Verrucomicrobiia|o__Verrucomicrobiales|f__Rubritaleaceae|g__Roseibacillus|s__|ASV_2816","February - September","k__Bacteria|p__Verrucomicrobiota|c__Verrucomicrobiia|o__Verrucomicrobiales|f__Rubritaleaceae|g__Roseibacillus|s__|ASV_2816",0.489552336277108,0.646070096368431,0.417388600238199,0.57846393905191,0.646070096368431,"","ALDEx2_kw"
"k__Bacteria|p__Bacteroidota|c__Bacteroidia|o__Cytophagales|f__Cyclobacteriaceae|g__Marinoscillum|s__|ASV_9611","February - September","k__Bacteria|p__Bacteroidota|c__Bacteroidia|o__Cytophagales|f__Cyclobacteriaceae|g__Marinoscillum|s__|ASV_9611",0.407022607376672,0.613574236856868,0.462805542683504,0.637206252542515,0.613574236856868,"","ALDEx2_kw"
"k__Bacteria|p__Pseudomonadota|c__Alphaproteobacteria|o__Sphingomonadales|f__Sphingomonadaceae|g__|s__|ASV_2217","February - September","k__Bacteria|p__Pseudomonadota|c__Alphaproteobacteria|o__Sphingomonadales|f__Sphingomonadaceae|g__|s__|ASV_2217",0.0073399481587631,0.0616297412064684,0.0145066578093461,0.0641145083112502,0.0616297412064684,"","ALDEx2_kw"
"k__Bacteria|p__Bacteroidota|c__Bacteroidia|o__Chitinophagales|f__Saprospiraceae|g__Lewinella|s__|ASV_11109","February - September","k__Bacteria|p__Bacteroidota|c__Bacteroidia|o__Chitinophagales|f__Saprospiraceae|g__Lewinella|s__|ASV_11109",0.652376103806651,0.787281353281139,0.627851757745502,0.763098530114571,0.787281353281139,"","ALDEx2_kw"
"k__Bacteria|p__Planctomycetota|c__Planctomycetes|o__Pirellulales|f__Pirellulaceae|g__|s__|ASV_6161","February - September","k__Bacteria|p__Planctomycetota|c__Planctomycetes|o__Pirellulales|f__Pirellulaceae|g__|s__|ASV_6161",0.00018494190704983,0.0102120907141071,0.000241291307414694,0.00223095065698852,0.0102120907141071,"*","ALDEx2_kw"
"k__Bacteria|p__Pseudomonadota|c__Alphaproteobacteria|o__Rhodobacterales|f__Paracoccaceae|g__Limibaculum|s__|ASV_5904","February - September","k__Bacteria|p__Pseudomonadota|c__Alphaproteobacteria|o__Rhodobacterales|f__Paracoccaceae|g__Limibaculum|s__|ASV_5904",0.0648236363803069,0.214851433657827,0.0816579002928377,0.208535829861709,0.214851433657827,"","ALDEx2_kw"
"k__Bacteria|p__Pseudomonadota|c__Alphaproteobacteria|o__Rhodobacterales|f__Paracoccaceae|g__|s__|ASV_11222","February - September","k__Bacteria|p__Pseudomonadota|c__Alphaproteobacteria|o__Rhodobacterales|f__Paracoccaceae|g__|s__|ASV_11222",0.266972525349388,0.445010465249609,0.193286316250081,0.346008916460369,0.445010465249609,"","ALDEx2_kw"
"k__Bacteria|p__Pseudomonadota|c__Alphaproteobacteria|o__Sphingomonadales|f__Sphingomonadaceae|g__|s__|ASV_4045","February - September","k__Bacteria|p__Pseudomonadota|c__Alphaproteobacteria|o__Sphingomonadales|f__Sphingomonadaceae|g__|s__|ASV_4045",0.358897344198474,0.549991978438712,0.380967269091922,0.558958021667776,0.549991978438712,"","ALDEx2_kw"
"k__Bacteria|p__Pseudomonadota|c__Alphaproteobacteria|o__Sphingomonadales|f__Sphingomonadaceae|g__|s__|ASV_6423","February - September","k__Bacteria|p__Pseudomonadota|c__Alphaproteobacteria|o__Sphingomonadales|f__Sphingomonadaceae|g__|s__|ASV_6423",0.00116240041665505,0.0225303282018299,0.00152989411306086,0.0132125436893901,0.0225303282018299,"*","ALDEx2_kw"
"k__Bacteria|p__Cyanobacteriota|c__Cyanobacteriia|o__Cyanobacteriales|f__Nostocaceae|g__Rivularia_PCC-7116|s__|ASV_4200","February - September","k__Bacteria|p__Cyanobacteriota|c__Cyanobacteriia|o__Cyanobacteriales|f__Nostocaceae|g__Rivularia_PCC-7116|s__|ASV_4200",0.436867906000047,0.604593808978567,0.387483357572628,0.54815636617285,0.604593808978567,"","ALDEx2_kw"
"k__Bacteria|p__Pseudomonadota|c__Alphaproteobacteria|o__Rhodospirillales|f__Thalassospiraceae|g__Thalassospira|s__|ASV_11925","February - September","k__Bacteria|p__Pseudomonadota|c__Alphaproteobacteria|o__Rhodospirillales|f__Thalassospiraceae|g__Thalassospira|s__|ASV_11925",0.218239787069942,0.43620825433777,0.231232632561964,0.40797407076561,0.43620825433777,"","ALDEx2_kw"
"k__Bacteria|p__Pseudomonadota|c__Alphaproteobacteria|o__Sphingomonadales|f__Sphingomonadaceae|g__|s__|ASV_13106","February - September","k__Bacteria|p__Pseudomonadota|c__Alphaproteobacteria|o__Sphingomonadales|f__Sphingomonadaceae|g__|s__|ASV_13106",0.269726762598794,0.444506804400946,0.196202541401584,0.345239163155901,0.444506804400946,"","ALDEx2_kw"
"k__Bacteria|p__Pseudomonadota|c__Alphaproteobacteria|o__Sphingomonadales|f__Sphingomonadaceae|g__|s__|ASV_4631","February - September","k__Bacteria|p__Pseudomonadota|c__Alphaproteobacteria|o__Sphingomonadales|f__Sphingomonadaceae|g__|s__|ASV_4631",0.476663485501024,0.64395273825323,0.442506126372866,0.602587821469854,0.64395273825323,"","ALDEx2_kw"
"k__Bacteria|p__Pseudomonadota|c__Gammaproteobacteria|o__Pseudomonadales|f__Marinomonadaceae|g__Marinomonas|s__|ASV_502","February - September","k__Bacteria|p__Pseudomonadota|c__Gammaproteobacteria|o__Pseudomonadales|f__Marinomonadaceae|g__Marinomonas|s__|ASV_502",0.430848065109443,0.601295104920742,0.384302534585867,0.544300955121417,0.601295104920742,"","ALDEx2_kw"
"k__Bacteria|p__Verrucomicrobiota|c__Verrucomicrobiia|o__Opitutales|f__Puniceicoccaceae|g__Lentimonas|s__|ASV_8380","February - September","k__Bacteria|p__Verrucomicrobiota|c__Verrucomicrobiia|o__Opitutales|f__Puniceicoccaceae|g__Lentimonas|s__|ASV_8380",0.355532351331198,0.523555633297188,0.303331297378048,0.453344037039353,0.523555633297188,"","ALDEx2_kw"
"k__Bacteria|p__Pseudomonadota|c__Alphaproteobacteria|o__Rhodobacterales|f__Paracoccaceae|g__Silicimonas|s__|ASV_10644","February - September","k__Bacteria|p__Pseudomonadota|c__Alphaproteobacteria|o__Rhodobacterales|f__Paracoccaceae|g__Silicimonas|s__|ASV_10644",0.0517404752334772,0.195734564182913,0.106219911868934,0.246352199458021,0.195734564182913,"","ALDEx2_kw"
"k__Bacteria|p__Pseudomonadota|c__Alphaproteobacteria|o__Sphingomonadales|f__Sphingomonadaceae|g__|s__|ASV_8066","February - September","k__Bacteria|p__Pseudomonadota|c__Alphaproteobacteria|o__Sphingomonadales|f__Sphingomonadaceae|g__|s__|ASV_8066",0.216766062931227,0.409592185742851,0.238029920822277,0.403605757083196,0.409592185742851,"","ALDEx2_kw"
"k__Bacteria|p__Actinomycetota|c__Actinobacteria|o__Nitriliruptorales|f__Nitriliruptoraceae|g__|s__|ASV_5219","February - September","k__Bacteria|p__Actinomycetota|c__Actinobacteria|o__Nitriliruptorales|f__Nitriliruptoraceae|g__|s__|ASV_5219",0.018458832524256,0.0992202809878458,0.0188928273597329,0.0704918386312959,0.0992202809878458,"","ALDEx2_kw"
"k__Bacteria|p__Pseudomonadota|c__Gammaproteobacteria|o__Pseudomonadales|f__Halieaceae|g__Pseudohaliea|s__|ASV_9973","February - September","k__Bacteria|p__Pseudomonadota|c__Gammaproteobacteria|o__Pseudomonadales|f__Halieaceae|g__Pseudohaliea|s__|ASV_9973",0.0271775146383154,0.131803754866228,0.0542187588000847,0.154451145068989,0.131803754866228,"","ALDEx2_kw"
"k__Bacteria|p__Actinomycetota|c__Acidimicrobiia|o__Microtrichales|f__Microtrichaceae|g__Sva0996_marine_group|s__|ASV_3343","February - September","k__Bacteria|p__Actinomycetota|c__Acidimicrobiia|o__Microtrichales|f__Microtrichaceae|g__Sva0996_marine_group|s__|ASV_3343",0.0885221840089197,0.236918627130123,0.0869801017944064,0.202437970297126,0.236918627130123,"","ALDEx2_kw"
"k__Bacteria|p__Actinomycetota|c__Actinobacteria|o__Nitriliruptorales|f__Nitriliruptoraceae|g__|s__|ASV_5403","February - September","k__Bacteria|p__Actinomycetota|c__Actinobacteria|o__Nitriliruptorales|f__Nitriliruptoraceae|g__|s__|ASV_5403",0.357101976778669,0.541638862461644,0.328723970824245,0.499746984987204,0.541638862461644,"","ALDEx2_kw"
"k__Bacteria|p__Bacteroidota|c__Bacteroidia|o__Cytophagales|f__Cyclobacteriaceae|g__Tunicatimonas|s__|ASV_10497","February - September","k__Bacteria|p__Bacteroidota|c__Bacteroidia|o__Cytophagales|f__Cyclobacteriaceae|g__Tunicatimonas|s__|ASV_10497",0.114888670018603,0.276977820286043,0.0862658438479156,0.208831618453438,0.276977820286043,"","ALDEx2_kw"
"k__Bacteria|p__Rhodothermota|c__Rhodothermia|o__Rhodothermales|f__Rhodothermaceae|g__|s__|ASV_5525","February - September","k__Bacteria|p__Rhodothermota|c__Rhodothermia|o__Rhodothermales|f__Rhodothermaceae|g__|s__|ASV_5525",0.32866326829954,0.518797815473249,0.349454082138939,0.51631113959828,0.518797815473249,"","ALDEx2_kw"
"k__Bacteria|p__Pseudomonadota|c__Alphaproteobacteria|o__Rhodobacterales|f__Paracoccaceae|g__Limibaculum|s__|ASV_3822","February - September","k__Bacteria|p__Pseudomonadota|c__Alphaproteobacteria|o__Rhodobacterales|f__Paracoccaceae|g__Limibaculum|s__|ASV_3822",0.00934983860249433,0.068683962932773,0.00614834135974631,0.0369051138279633,0.068683962932773,"","ALDEx2_kw"
"k__Bacteria|p__Rhodothermota|c__Rhodothermia|o__Rhodothermales|f__Rhodothermaceae|g__|s__|ASV_12020","February - September","k__Bacteria|p__Rhodothermota|c__Rhodothermia|o__Rhodothermales|f__Rhodothermaceae|g__|s__|ASV_12020",0.145707277284389,0.302671639463564,0.136846733501369,0.264332310510746,0.302671639463564,"","ALDEx2_kw"
"k__Bacteria|p__Actinomycetota|c__Acidimicrobiia|o__Microtrichales|f__Microtrichaceae|g__|s__|ASV_15908","February - September","k__Bacteria|p__Actinomycetota|c__Acidimicrobiia|o__Microtrichales|f__Microtrichaceae|g__|s__|ASV_15908",0.324351192028212,0.49670320450496,0.210186382030655,0.359364703920612,0.49670320450496,"","ALDEx2_kw"
"k__Bacteria|p__Actinomycetota|c__Acidimicrobiia|o__Microtrichales|f__Ilumatobacteraceae|g__Ilumatobacter|s__|ASV_5501","February - September","k__Bacteria|p__Actinomycetota|c__Acidimicrobiia|o__Microtrichales|f__Ilumatobacteraceae|g__Ilumatobacter|s__|ASV_5501",0.192979213428374,0.352292569886687,0.112091021026375,0.22601023829744,0.352292569886687,"","ALDEx2_kw"
"k__Bacteria|p__Bacteroidota|c__Bacteroidia|o__Cytophagales|f__Cyclobacteriaceae|g__Tunicatimonas|s__|ASV_15191","February - September","k__Bacteria|p__Bacteroidota|c__Bacteroidia|o__Cytophagales|f__Cyclobacteriaceae|g__Tunicatimonas|s__|ASV_15191",0.172977823937692,0.335852695219042,0.128963637339371,0.26233650072161,0.335852695219042,"","ALDEx2_kw"
"k__Bacteria|p__Pseudomonadota|c__Alphaproteobacteria|o__Rhodobacterales|f__Paracoccaceae|g__Palleronia-Pseudomaribius|s__|ASV_8753","February - September","k__Bacteria|p__Pseudomonadota|c__Alphaproteobacteria|o__Rhodobacterales|f__Paracoccaceae|g__Palleronia-Pseudomaribius|s__|ASV_8753",0.602490219262014,0.751954422318579,0.632155544128155,0.770556165728466,0.751954422318579,"","ALDEx2_kw"
"k__Bacteria|p__Pseudomonadota|c__Gammaproteobacteria|o__Pseudomonadales|f__Halieaceae|g__Pseudohaliea|s__|ASV_13386","February - September","k__Bacteria|p__Pseudomonadota|c__Gammaproteobacteria|o__Pseudomonadales|f__Halieaceae|g__Pseudohaliea|s__|ASV_13386",0.428367019650644,0.613506066512848,0.44402396947255,0.610562700929896,0.613506066512848,"","ALDEx2_kw"
"k__Bacteria|p__Calditrichota|c__Calditrichia|o__Calditrichales|f__Calditrichaceae|g__Caldithrix|s__|ASV_13974","February - September","k__Bacteria|p__Calditrichota|c__Calditrichia|o__Calditrichales|f__Calditrichaceae|g__Caldithrix|s__|ASV_13974",0.408789699641868,0.595211480759855,0.366736978896824,0.540206658348469,0.595211480759855,"","ALDEx2_kw"
"k__Bacteria|p__Pseudomonadota|c__Alphaproteobacteria|o__Sphingomonadales|f__Sphingomonadaceae|g__|s__|ASV_8622","February - September","k__Bacteria|p__Pseudomonadota|c__Alphaproteobacteria|o__Sphingomonadales|f__Sphingomonadaceae|g__|s__|ASV_8622",0.0895804717227552,0.234603403298442,0.0761018660516618,0.189622463979322,0.234603403298442,"","ALDEx2_kw"
"k__Bacteria|p__Cyanobacteriota|c__Cyanobacteriia|o__Phormidesmiales|f__Phormidesmiaceae|g__Phormidesmis_ANT.LACV5.1|s__|ASV_2907","February - September","k__Bacteria|p__Cyanobacteriota|c__Cyanobacteriia|o__Phormidesmiales|f__Phormidesmiaceae|g__Phormidesmis_ANT.LACV5.1|s__|ASV_2907",0.583505129315047,0.728906043505707,0.573826053945771,0.719324619988068,0.728906043505707,"","ALDEx2_kw"
"k__Bacteria|p__Pseudomonadota|c__Alphaproteobacteria|o__Hyphomicrobiales|f__Methyloligellaceae|g__Methyloceanibacter|s__|ASV_12775","February - September","k__Bacteria|p__Pseudomonadota|c__Alphaproteobacteria|o__Hyphomicrobiales|f__Methyloligellaceae|g__Methyloceanibacter|s__|ASV_12775",0.612039754682408,0.754728597957626,0.611472172697729,0.745164655006113,0.754728597957626,"","ALDEx2_kw"
"k__Bacteria|p__Rhodothermota|c__Rhodothermia|o__Rhodothermales|f__Rhodothermaceae|g__|s__|ASV_15803","February - September","k__Bacteria|p__Rhodothermota|c__Rhodothermia|o__Rhodothermales|f__Rhodothermaceae|g__|s__|ASV_15803",0.00385264042324506,0.0423865204073942,0.0025496046586074,0.0210236185091072,0.0423865204073942,"*","ALDEx2_kw"
"k__Bacteria|p__Bacteroidota|c__Bacteroidia|o__Flavobacteriales|f__Flavobacteriaceae|g__Actibacter|s__|ASV_4251","February - September","k__Bacteria|p__Bacteroidota|c__Bacteroidia|o__Flavobacteriales|f__Flavobacteriaceae|g__Actibacter|s__|ASV_4251",0.267090617682809,0.4579388487353,0.251015115612675,0.413806556992476,0.4579388487353,"","ALDEx2_kw"
"k__Bacteria|p__Bacteroidota|c__Bacteroidia|o__Flavobacteriales|f__Flavobacteriaceae|g__|s__|ASV_621","February - September","k__Bacteria|p__Bacteroidota|c__Bacteroidia|o__Flavobacteriales|f__Flavobacteriaceae|g__|s__|ASV_621",0.248877692425426,0.416185351247373,0.202254851120105,0.345430260630451,0.416185351247373,"","ALDEx2_kw"
"k__Bacteria|p__Pseudomonadota|c__Gammaproteobacteria|o__Enterobacterales|f__Alteromonadaceae|g__|s__|ASV_4951","February - September","k__Bacteria|p__Pseudomonadota|c__Gammaproteobacteria|o__Enterobacterales|f__Alteromonadaceae|g__|s__|ASV_4951",0.0663751044401434,0.224534489105074,0.0690246426569909,0.19057146977169,0.224534489105074,"","ALDEx2_kw"
"k__Bacteria|p__Pseudomonadota|c__Gammaproteobacteria|o__Pseudomonadales|f__Nitrincolaceae|g__Marinobacterium|s__|ASV_15550","February - September","k__Bacteria|p__Pseudomonadota|c__Gammaproteobacteria|o__Pseudomonadales|f__Nitrincolaceae|g__Marinobacterium|s__|ASV_15550",0.730313876291029,0.840838920697872,0.678183192651857,0.804593427039904,0.840838920697872,"","ALDEx2_kw"
"k__Bacteria|p__Pseudomonadota|c__Gammaproteobacteria|o__Enterobacterales|f__Alteromonadaceae|g__Alteromonas|s__|ASV_8501","February - September","k__Bacteria|p__Pseudomonadota|c__Gammaproteobacteria|o__Enterobacterales|f__Alteromonadaceae|g__Alteromonas|s__|ASV_8501",0.518500131027822,0.685287979549681,0.519429862732191,0.672493536857646,0.685287979549681,"","ALDEx2_kw"
"k__Bacteria|p__Pseudomonadota|c__Gammaproteobacteria|o__Steroidobacterales|f__Woeseiaceae|g__Woeseia|s__|ASV_13326","February - September","k__Bacteria|p__Pseudomonadota|c__Gammaproteobacteria|o__Steroidobacterales|f__Woeseiaceae|g__Woeseia|s__|ASV_13326",0.66672568958167,0.796087468707582,0.625405314119944,0.760366629260616,0.796087468707582,"","ALDEx2_kw"
"k__Bacteria|p__Chloroflexota|c__Anaerolineae|o__Ardenticatenales|f__Ardenticatenaceae|g__|s__|ASV_1204","February - September","k__Bacteria|p__Chloroflexota|c__Anaerolineae|o__Ardenticatenales|f__Ardenticatenaceae|g__|s__|ASV_1204",0.621556196185202,0.765614643730959,0.565667610304355,0.717665986473431,0.765614643730959,"","ALDEx2_kw"
"k__Bacteria|p__Pseudomonadota|c__Gammaproteobacteria|o__Pseudomonadales|f__Cellvibrionaceae|g__|s__|ASV_291","February - September","k__Bacteria|p__Pseudomonadota|c__Gammaproteobacteria|o__Pseudomonadales|f__Cellvibrionaceae|g__|s__|ASV_291",0.281923387155964,0.448572338809627,0.192934999379566,0.338183449888643,0.448572338809627,"","ALDEx2_kw"
"k__Bacteria|p__Acidobacteriota|c__Thermoanaerobaculia|o__Thermoanaerobaculales|f__Thermoanaerobaculaceae|g__Subgroup_10|s__|ASV_6086","February - September","k__Bacteria|p__Acidobacteriota|c__Thermoanaerobaculia|o__Thermoanaerobaculales|f__Thermoanaerobaculaceae|g__Subgroup_10|s__|ASV_6086",0.304726009408576,0.48356552875546,0.258130656357406,0.415236383064878,0.48356552875546,"","ALDEx2_kw"
"k__Bacteria|p__Bacteroidota|c__Bacteroidia|o__Chitinophagales|f__Saprospiraceae|g__|s__|ASV_4173","February - September","k__Bacteria|p__Bacteroidota|c__Bacteroidia|o__Chitinophagales|f__Saprospiraceae|g__|s__|ASV_4173",0.258907536659024,0.456187913142127,0.358354829686375,0.519561229419732,0.456187913142127,"","ALDEx2_kw"
"k__Bacteria|p__Bacteroidota|c__Bacteroidia|o__Flavobacteriales|f__Flavobacteriaceae|g__Flavimarina|s__|ASV_13262","February - September","k__Bacteria|p__Bacteroidota|c__Bacteroidia|o__Flavobacteriales|f__Flavobacteriaceae|g__Flavimarina|s__|ASV_13262",0.669435637580436,0.796216744161262,0.659461549449845,0.784988448273181,0.796216744161262,"","ALDEx2_kw"
"k__Bacteria|p__Deinococcota|c__Deinococci|o__Deinococcales|f__Trueperaceae|g__Truepera|s__|ASV_14618","February - September","k__Bacteria|p__Deinococcota|c__Deinococci|o__Deinococcales|f__Trueperaceae|g__Truepera|s__|ASV_14618",0.466945026399541,0.629583765244934,0.416979417127895,0.572939114681271,0.629583765244934,"","ALDEx2_kw"
"k__Bacteria|p__Bacteroidota|c__Bacteroidia|o__Chitinophagales|f__Saprospiraceae|g__|s__|ASV_14110","February - September","k__Bacteria|p__Bacteroidota|c__Bacteroidia|o__Chitinophagales|f__Saprospiraceae|g__|s__|ASV_14110",0.555059239907054,0.701044840491829,0.528388631935681,0.682463342608293,0.701044840491829,"","ALDEx2_kw"
"k__Bacteria|p__Pseudomonadota|c__Alphaproteobacteria|o__Rhodobacterales|f__Paracoccaceae|g__|s__|ASV_6341","February - September","k__Bacteria|p__Pseudomonadota|c__Alphaproteobacteria|o__Rhodobacterales|f__Paracoccaceae|g__|s__|ASV_6341",0.143459837981333,0.331001891245274,0.193682372202688,0.361116924645077,0.331001891245274,"","ALDEx2_kw"
"k__Bacteria|p__Pseudomonadota|c__Alphaproteobacteria|o__Sphingomonadales|f__Sphingomonadaceae|g__Croceibacterium|s__|ASV_4473","February - September","k__Bacteria|p__Pseudomonadota|c__Alphaproteobacteria|o__Sphingomonadales|f__Sphingomonadaceae|g__Croceibacterium|s__|ASV_4473",0.204988925339709,0.394657244308941,0.215743407817476,0.37922914305543,0.394657244308941,"","ALDEx2_kw"
"k__Bacteria|p__Planctomycetota|c__Planctomycetes|o__Pirellulales|f__Pirellulaceae|g__Blastopirellula|s__|ASV_5985","February - September","k__Bacteria|p__Planctomycetota|c__Planctomycetes|o__Pirellulales|f__Pirellulaceae|g__Blastopirellula|s__|ASV_5985",0.0928887122656266,0.271107781786303,0.209341908843914,0.383514007816799,0.271107781786303,"","ALDEx2_kw"
"k__Bacteria|p__Rhodothermota|c__Rhodothermia|o__Rhodothermales|f__Rhodothermaceae|g__Rubrivirga|s__|ASV_10530","February - September","k__Bacteria|p__Rhodothermota|c__Rhodothermia|o__Rhodothermales|f__Rhodothermaceae|g__Rubrivirga|s__|ASV_10530",0.0112558874763907,0.0755309602166355,0.0105255832019848,0.0487125990371689,0.0755309602166355,"","ALDEx2_kw"
"k__Bacteria|p__Rhodothermota|c__Rhodothermia|o__Rhodothermales|f__Rhodothermaceae|g__Rubrivirga|s__|ASV_238","February - September","k__Bacteria|p__Rhodothermota|c__Rhodothermia|o__Rhodothermales|f__Rhodothermaceae|g__Rubrivirga|s__|ASV_238",0.161892953479757,0.315841705685915,0.103507801445835,0.218426404904531,0.315841705685915,"","ALDEx2_kw"
"k__Bacteria|p__Rhodothermota|c__Rhodothermia|o__Rhodothermales|f__Rhodothermaceae|g__Rubrivirga|s__|ASV_7369","February - September","k__Bacteria|p__Rhodothermota|c__Rhodothermia|o__Rhodothermales|f__Rhodothermaceae|g__Rubrivirga|s__|ASV_7369",0.276013174768716,0.468469813501978,0.287964996989094,0.456137109913394,0.468469813501978,"","ALDEx2_kw"
"k__Bacteria|p__Pseudomonadota|c__Alphaproteobacteria|o__Sphingomonadales|f__Sphingomonadaceae|g__|s__|ASV_9738","February - September","k__Bacteria|p__Pseudomonadota|c__Alphaproteobacteria|o__Sphingomonadales|f__Sphingomonadaceae|g__|s__|ASV_9738",0.143302927301304,0.307712541774382,0.0884864383439411,0.204495395982429,0.307712541774382,"","ALDEx2_kw"
"k__Bacteria|p__Actinomycetota|c__Actinobacteria|o__Nitriliruptorales|f__Nitriliruptoraceae|g__|s__|ASV_9726","February - September","k__Bacteria|p__Actinomycetota|c__Actinobacteria|o__Nitriliruptorales|f__Nitriliruptoraceae|g__|s__|ASV_9726",0.601771402244643,0.742037681904583,0.579781684715603,0.72510030034118,0.742037681904583,"","ALDEx2_kw"
"k__Bacteria|p__Pseudomonadota|c__Alphaproteobacteria|o__Rhodobacterales|f__Paracoccaceae|g__Palleronia-Pseudomaribius|s__|ASV_11178","February - September","k__Bacteria|p__Pseudomonadota|c__Alphaproteobacteria|o__Rhodobacterales|f__Paracoccaceae|g__Palleronia-Pseudomaribius|s__|ASV_11178",0.206813397395018,0.39106295423404,0.16438271598308,0.318758808387746,0.39106295423404,"","ALDEx2_kw"
"k__Bacteria|p__Rhodothermota|c__Rhodothermia|o__Rhodothermales|f__Rhodothermaceae|g__Rubrivirga|s__|ASV_7501","February - September","k__Bacteria|p__Rhodothermota|c__Rhodothermia|o__Rhodothermales|f__Rhodothermaceae|g__Rubrivirga|s__|ASV_7501",0.56192239799777,0.712770949709978,0.531245832128285,0.682408829239538,0.712770949709978,"","ALDEx2_kw"
"k__Bacteria|p__Verrucomicrobiota|c__Verrucomicrobiia|o__Verrucomicrobiales|f__DEV007|g__|s__|ASV_11556","February - September","k__Bacteria|p__Verrucomicrobiota|c__Verrucomicrobiia|o__Verrucomicrobiales|f__DEV007|g__|s__|ASV_11556",0.142121347463054,0.303316802418094,0.115021060690539,0.235549529613056,0.303316802418094,"","ALDEx2_kw"
"k__Bacteria|p__Pseudomonadota|c__Alphaproteobacteria|o__Rhodobacterales|f__Paracoccaceae|g__Maribius|s__|ASV_14792","February - September","k__Bacteria|p__Pseudomonadota|c__Alphaproteobacteria|o__Rhodobacterales|f__Paracoccaceae|g__Maribius|s__|ASV_14792",0.624429466522765,0.763542502442151,0.63262922861542,0.764175659509723,0.763542502442151,"","ALDEx2_kw"
"k__Bacteria|p__Actinomycetota|c__Acidimicrobiia|o__Microtrichales|f__Microtrichaceae|g__|s__|ASV_159","February - September","k__Bacteria|p__Actinomycetota|c__Acidimicrobiia|o__Microtrichales|f__Microtrichaceae|g__|s__|ASV_159",0.45189486624761,0.617328473991944,0.436496094993392,0.586703905486757,0.617328473991944,"","ALDEx2_kw"
"k__Bacteria|p__Pseudomonadota|c__Alphaproteobacteria|o__Rhodobacterales|f__Paracoccaceae|g__Limibaculum|s__|ASV_11077","February - September","k__Bacteria|p__Pseudomonadota|c__Alphaproteobacteria|o__Rhodobacterales|f__Paracoccaceae|g__Limibaculum|s__|ASV_11077",0.145227563046877,0.318699454844748,0.101522898969504,0.227484346309317,0.318699454844748,"","ALDEx2_kw"
"k__Bacteria|p__Pseudomonadota|c__Alphaproteobacteria|o__Sphingomonadales|f__Sphingomonadaceae|g__|s__|ASV_14636","February - September","k__Bacteria|p__Pseudomonadota|c__Alphaproteobacteria|o__Sphingomonadales|f__Sphingomonadaceae|g__|s__|ASV_14636",0.0319996416100705,0.136122523439994,0.0180648685716574,0.0733019869237144,0.136122523439994,"","ALDEx2_kw"
"k__Bacteria|p__Bacteroidota|c__Bacteroidia|o__Flavobacteriales|f__Flavobacteriaceae|g__Robiginitalea|s__|ASV_14687","February - September","k__Bacteria|p__Bacteroidota|c__Bacteroidia|o__Flavobacteriales|f__Flavobacteriaceae|g__Robiginitalea|s__|ASV_14687",0.453724687396293,0.617062620630765,0.40131431220666,0.563422719526583,0.617062620630765,"","ALDEx2_kw"
"k__Bacteria|p__Rhodothermota|c__Rhodothermia|o__Rhodothermales|f__Rhodothermaceae|g__|s__|ASV_13433","February - September","k__Bacteria|p__Rhodothermota|c__Rhodothermia|o__Rhodothermales|f__Rhodothermaceae|g__|s__|ASV_13433",0.693266238080148,0.813378184441726,0.639287588733857,0.774010125995099,0.813378184441726,"","ALDEx2_kw"
"k__Bacteria|p__Actinomycetota|c__Actinobacteria|o__Propionibacteriales|f__Nocardioidaceae|g__Nocardioides|s__|ASV_6174","February - September","k__Bacteria|p__Actinomycetota|c__Actinobacteria|o__Propionibacteriales|f__Nocardioidaceae|g__Nocardioides|s__|ASV_6174",0.183491989706646,0.372698323487098,0.207270918706703,0.371933912899603,0.372698323487098,"","ALDEx2_kw"
"k__Bacteria|p__Chloroflexota|c__Anaerolineae|o__Caldilineales|f__Caldilineaceae|g__|s__|ASV_6747","February - September","k__Bacteria|p__Chloroflexota|c__Anaerolineae|o__Caldilineales|f__Caldilineaceae|g__|s__|ASV_6747",0.515718193082657,0.676741716576463,0.535898022175137,0.683807463710688,0.676741716576463,"","ALDEx2_kw"
"k__Bacteria|p__Myxococcota|c__Polyangiia|o__Polyangiales|f__Sandaracinaceae|g__|s__|ASV_10160","February - September","k__Bacteria|p__Myxococcota|c__Polyangiia|o__Polyangiales|f__Sandaracinaceae|g__|s__|ASV_10160",0.443542288973049,0.620273866659094,0.457521747014544,0.611051539506424,0.620273866659094,"","ALDEx2_kw"
"k__Bacteria|p__Pseudomonadota|c__Alphaproteobacteria|o__Hyphomicrobiales|f__Rhizobiaceae|g__|s__|ASV_8528","February - September","k__Bacteria|p__Pseudomonadota|c__Alphaproteobacteria|o__Hyphomicrobiales|f__Rhizobiaceae|g__|s__|ASV_8528",0.35263920346058,0.52975061217256,0.291620629225026,0.455700727849792,0.52975061217256,"","ALDEx2_kw"
"k__Bacteria|p__Pseudomonadota|c__Alphaproteobacteria|o__Rhodobacterales|f__Paracoccaceae|g__|s__|ASV_15311","February - September","k__Bacteria|p__Pseudomonadota|c__Alphaproteobacteria|o__Rhodobacterales|f__Paracoccaceae|g__|s__|ASV_15311",0.486567451766904,0.659011884049644,0.435717541240346,0.602053287954104,0.659011884049644,"","ALDEx2_kw"
"k__Bacteria|p__Rhodothermota|c__Rhodothermia|o__Rhodothermales|f__Rhodothermaceae|g__|s__|ASV_229","February - September","k__Bacteria|p__Rhodothermota|c__Rhodothermia|o__Rhodothermales|f__Rhodothermaceae|g__|s__|ASV_229",0.000816664061492116,0.0183935145981863,0.00102510502223223,0.00816337178643708,0.0183935145981863,"*","ALDEx2_kw"
"k__Bacteria|p__Bacteroidota|c__Bacteroidia|o__Flavobacteriales|f__Flavobacteriaceae|g__|s__|ASV_10531","February - September","k__Bacteria|p__Bacteroidota|c__Bacteroidia|o__Flavobacteriales|f__Flavobacteriaceae|g__|s__|ASV_10531",0.0970142387136314,0.247841042706565,0.0683424996702816,0.177693371408166,0.247841042706565,"","ALDEx2_kw"
"k__Bacteria|p__Pseudomonadota|c__Alphaproteobacteria|o__Rhodobacterales|f__Paracoccaceae|g__|s__|ASV_10303","February - September","k__Bacteria|p__Pseudomonadota|c__Alphaproteobacteria|o__Rhodobacterales|f__Paracoccaceae|g__|s__|ASV_10303",0.556821798704532,0.709430223758333,0.574389599555375,0.718657248205398,0.709430223758333,"","ALDEx2_kw"
"k__Bacteria|p__Pseudomonadota|c__Gammaproteobacteria|o__Enterobacterales|f__Vibrionaceae|g__Vibrio|s__|ASV_5703","February - September","k__Bacteria|p__Pseudomonadota|c__Gammaproteobacteria|o__Enterobacterales|f__Vibrionaceae|g__Vibrio|s__|ASV_5703",0.444737532990719,0.606048905471927,0.407680635631586,0.568075434107225,0.606048905471927,"","ALDEx2_kw"
"k__Bacteria|p__Chloroflexota|c__Anaerolineae|o__Aggregatilineales|f__A4b|g__|s__|ASV_14457","February - September","k__Bacteria|p__Chloroflexota|c__Anaerolineae|o__Aggregatilineales|f__A4b|g__|s__|ASV_14457",0.460438330305994,0.628317430197123,0.461805297797648,0.612710447748339,0.628317430197123,"","ALDEx2_kw"
"k__Bacteria|p__Gemmatimonadota|c__Longimicrobiia|o__Longimicrobiales|f__Longimicrobiaceae|g__|s__|ASV_5010","February - September","k__Bacteria|p__Gemmatimonadota|c__Longimicrobiia|o__Longimicrobiales|f__Longimicrobiaceae|g__|s__|ASV_5010",0.677757917933797,0.800635571837676,0.672043013058474,0.794905657340523,0.800635571837676,"","ALDEx2_kw"
"k__Bacteria|p__Pseudomonadota|c__Alphaproteobacteria|o__Rhodobacterales|f__Paracoccaceae|g__Limibaculum|s__|ASV_13046","February - September","k__Bacteria|p__Pseudomonadota|c__Alphaproteobacteria|o__Rhodobacterales|f__Paracoccaceae|g__Limibaculum|s__|ASV_13046",0.732153178747728,0.842541524532268,0.559321797381443,0.712993057672338,0.842541524532268,"","ALDEx2_kw"
"k__Bacteria|p__Pseudomonadota|c__Alphaproteobacteria|o__Rhodobacterales|f__Paracoccaceae|g__|s__|ASV_12166","February - September","k__Bacteria|p__Pseudomonadota|c__Alphaproteobacteria|o__Rhodobacterales|f__Paracoccaceae|g__|s__|ASV_12166",0.235402135323379,0.403151828436814,0.17884179534337,0.320411600132702,0.403151828436814,"","ALDEx2_kw"
"k__Bacteria|p__Pseudomonadota|c__Alphaproteobacteria|o__Caulobacterales|f__Hyphomonadaceae|g__Euryhalocaulis|s__|ASV_6477","February - September","k__Bacteria|p__Pseudomonadota|c__Alphaproteobacteria|o__Caulobacterales|f__Hyphomonadaceae|g__Euryhalocaulis|s__|ASV_6477",0.444542966487535,0.62232392611858,0.416279415516325,0.584117258806141,0.62232392611858,"","ALDEx2_kw"
"k__Bacteria|p__Pseudomonadota|c__Alphaproteobacteria|o__Rhodobacterales|f__Paracoccaceae|g__Palleronia-Pseudomaribius|s__|ASV_9024","February - September","k__Bacteria|p__Pseudomonadota|c__Alphaproteobacteria|o__Rhodobacterales|f__Paracoccaceae|g__Palleronia-Pseudomaribius|s__|ASV_9024",0.399561004956759,0.56534596263301,0.259557627646611,0.423645929646375,0.56534596263301,"","ALDEx2_kw"
"k__Bacteria|p__Pseudomonadota|c__Alphaproteobacteria|o__Rhodobacterales|f__Paracoccaceae|g__|s__|ASV_3187","February - September","k__Bacteria|p__Pseudomonadota|c__Alphaproteobacteria|o__Rhodobacterales|f__Paracoccaceae|g__|s__|ASV_3187",0.473489367549292,0.641661154110592,0.438538809810682,0.600613497183876,0.641661154110592,"","ALDEx2_kw"
"k__Bacteria|p__Myxococcota|c__Polyangiia|o__Polyangiales|f__Sandaracinaceae|g__|s__|ASV_15697","February - September","k__Bacteria|p__Myxococcota|c__Polyangiia|o__Polyangiales|f__Sandaracinaceae|g__|s__|ASV_15697",0.228453236921329,0.402052743796265,0.142419252970604,0.282841537118023,0.402052743796265,"","ALDEx2_kw"
"k__Bacteria|p__Pseudomonadota|c__Alphaproteobacteria|o__Rhodobacterales|f__Paracoccaceae|g__Palleronia-Pseudomaribius|s__|ASV_7175","February - September","k__Bacteria|p__Pseudomonadota|c__Alphaproteobacteria|o__Rhodobacterales|f__Paracoccaceae|g__Palleronia-Pseudomaribius|s__|ASV_7175",0.372560653926394,0.538956164410389,0.278320312168111,0.432037271496943,0.538956164410389,"","ALDEx2_kw"
"k__Bacteria|p__Pseudomonadota|c__Alphaproteobacteria|o__Rhodobacterales|f__Paracoccaceae|g__|s__|ASV_1077","February - September","k__Bacteria|p__Pseudomonadota|c__Alphaproteobacteria|o__Rhodobacterales|f__Paracoccaceae|g__|s__|ASV_1077",0.370238666077432,0.554172669480238,0.343212556450502,0.515142118696551,0.554172669480238,"","ALDEx2_kw"
"k__Bacteria|p__Pseudomonadota|c__Alphaproteobacteria|o__Rhodobacterales|f__Paracoccaceae|g__|s__|ASV_8503","February - September","k__Bacteria|p__Pseudomonadota|c__Alphaproteobacteria|o__Rhodobacterales|f__Paracoccaceae|g__|s__|ASV_8503",0.589974418095687,0.740930479548525,0.604623609019425,0.747699816709952,0.740930479548525,"","ALDEx2_kw"
"k__Bacteria|p__Pseudomonadota|c__Gammaproteobacteria|o__Pseudomonadales|f__Marinomonadaceae|g__Marinomonas|s__|ASV_3667","February - September","k__Bacteria|p__Pseudomonadota|c__Gammaproteobacteria|o__Pseudomonadales|f__Marinomonadaceae|g__Marinomonas|s__|ASV_3667",0.513443202293647,0.671467632588626,0.548817875295287,0.696550525472791,0.671467632588626,"","ALDEx2_kw"
"k__Bacteria|p__Thermodesulfobacteriota|c__Desulfobacteria|o__Desulfobacterales|f__Desulfosarcinaceae|g__Sva0081_sediment_group|s__|ASV_12562","February - September","k__Bacteria|p__Thermodesulfobacteriota|c__Desulfobacteria|o__Desulfobacterales|f__Desulfosarcinaceae|g__Sva0081_sediment_group|s__|ASV_12562",0.696509209723862,0.818185097804678,0.678089614394638,0.80264929505793,0.818185097804678,"","ALDEx2_kw"
"k__Bacteria|p__Bacteroidota|c__Bacteroidia|o__Flavobacteriales|f__Flavobacteriaceae|g__Marixanthomonas|s__|ASV_2225","February - September","k__Bacteria|p__Bacteroidota|c__Bacteroidia|o__Flavobacteriales|f__Flavobacteriaceae|g__Marixanthomonas|s__|ASV_2225",0.0347791420933656,0.138087460127764,0.0403767853727574,0.111138974812321,0.138087460127764,"","ALDEx2_kw"
"k__Bacteria|p__Bacteroidota|c__Bacteroidia|o__Flavobacteriales|f__Flavobacteriaceae|g__Robiginitalea|s__|ASV_13586","February - September","k__Bacteria|p__Bacteroidota|c__Bacteroidia|o__Flavobacteriales|f__Flavobacteriaceae|g__Robiginitalea|s__|ASV_13586",0.257647196286508,0.42595336949514,0.193215357298253,0.328544893064976,0.42595336949514,"","ALDEx2_kw"
"k__Bacteria|p__Pseudomonadota|c__Gammaproteobacteria|o__Pseudomonadales|f__Marinomonadaceae|g__Marinomonas|s__|ASV_10996","February - September","k__Bacteria|p__Pseudomonadota|c__Gammaproteobacteria|o__Pseudomonadales|f__Marinomonadaceae|g__Marinomonas|s__|ASV_10996",0.334566620184017,0.522795747154685,0.337148138842315,0.50856783396926,0.522795747154685,"","ALDEx2_kw"
"k__Bacteria|p__Actinomycetota|c__Actinobacteria|o__Nitriliruptorales|f__Nitriliruptoraceae|g__|s__|ASV_954","February - September","k__Bacteria|p__Actinomycetota|c__Actinobacteria|o__Nitriliruptorales|f__Nitriliruptoraceae|g__|s__|ASV_954",0.272172963929484,0.440201572296987,0.142007212725395,0.288316693760243,0.440201572296987,"","ALDEx2_kw"
"k__Bacteria|p__Pseudomonadota|c__Alphaproteobacteria|o__Hyphomicrobiales|f__Rhizobiaceae|g__Pseudahrensia|s__|ASV_1482","February - September","k__Bacteria|p__Pseudomonadota|c__Alphaproteobacteria|o__Hyphomicrobiales|f__Rhizobiaceae|g__Pseudahrensia|s__|ASV_1482",0.0523301456511936,0.166343028110026,0.0384490653451287,0.112401629103231,0.166343028110026,"","ALDEx2_kw"
"k__Bacteria|p__Pseudomonadota|c__Alphaproteobacteria|o__Rhodobacterales|f__Paracoccaceae|g__|s__|ASV_12197","February - September","k__Bacteria|p__Pseudomonadota|c__Alphaproteobacteria|o__Rhodobacterales|f__Paracoccaceae|g__|s__|ASV_12197",0.13596308414523,0.298544603388211,0.0858072786454401,0.201391787488997,0.298544603388211,"","ALDEx2_kw"
"k__Bacteria|p__Pseudomonadota|c__Alphaproteobacteria|o__Rhodobacterales|f__Paracoccaceae|g__|s__|ASV_6342","February - September","k__Bacteria|p__Pseudomonadota|c__Alphaproteobacteria|o__Rhodobacterales|f__Paracoccaceae|g__|s__|ASV_6342",0.390355425823336,0.560967631538046,0.318318152035113,0.475259392562429,0.560967631538046,"","ALDEx2_kw"
"k__Bacteria|p__Pseudomonadota|c__Alphaproteobacteria|o__|f__Neomegalonemataceae|g__Acuticoccus|s__|ASV_9384","February - September","k__Bacteria|p__Pseudomonadota|c__Alphaproteobacteria|o__|f__Neomegalonemataceae|g__Acuticoccus|s__|ASV_9384",0.0633045416229746,0.207237030415071,0.0565636008689169,0.155205817264667,0.207237030415071,"","ALDEx2_kw"
"k__Bacteria|p__Actinomycetota|c__Actinobacteria|o__Frankiales|f__Geodermatophilaceae|g__Geodermatophilus|s__|ASV_9635","February - September","k__Bacteria|p__Actinomycetota|c__Actinobacteria|o__Frankiales|f__Geodermatophilaceae|g__Geodermatophilus|s__|ASV_9635",0.0375305727193881,0.150910947352625,0.0308504081458104,0.106607295106786,0.150910947352625,"","ALDEx2_kw"
"k__Bacteria|p__Chloroflexota|c__Anaerolineae|o__Aggregatilineales|f__A4b|g__|s__|ASV_6654","February - September","k__Bacteria|p__Chloroflexota|c__Anaerolineae|o__Aggregatilineales|f__A4b|g__|s__|ASV_6654",0.611600186711369,0.756198586734856,0.605721575045159,0.747958498999184,0.756198586734856,"","ALDEx2_kw"
"k__Bacteria|p__Pseudomonadota|c__Alphaproteobacteria|o__Rhodobacterales|f__Paracoccaceae|g__Silicimonas|s__|ASV_5396","February - September","k__Bacteria|p__Pseudomonadota|c__Alphaproteobacteria|o__Rhodobacterales|f__Paracoccaceae|g__Silicimonas|s__|ASV_5396",0.00162919102815098,0.0274699883175982,0.00318226158937255,0.0208104237908004,0.0274699883175982,"*","ALDEx2_kw"
"k__Archaea|p__Halobacteriota|c__Halobacteria|o__Halobacterales|f__Halomicrobiaceae|g__Halomarina|s__|ASV_13588","February - September","k__Archaea|p__Halobacteriota|c__Halobacteria|o__Halobacterales|f__Halomicrobiaceae|g__Halomarina|s__|ASV_13588",0.228145419117012,0.403671671905729,0.147609916870941,0.288088963091297,0.403671671905729,"","ALDEx2_kw"
"k__Bacteria|p__Pseudomonadota|c__Alphaproteobacteria|o__Caulobacterales|f__Hyphomonadaceae|g__Henriciella|s__|ASV_1670","February - September","k__Bacteria|p__Pseudomonadota|c__Alphaproteobacteria|o__Caulobacterales|f__Hyphomonadaceae|g__Henriciella|s__|ASV_1670",0.491173180763182,0.665135009166337,0.564817283929267,0.714255137936778,0.665135009166337,"","ALDEx2_kw"
"k__Bacteria|p__Pseudomonadota|c__Alphaproteobacteria|o__Rhodobacterales|f__Paracoccaceae|g__Palleronia-Pseudomaribius|s__|ASV_12419","February - September","k__Bacteria|p__Pseudomonadota|c__Alphaproteobacteria|o__Rhodobacterales|f__Paracoccaceae|g__Palleronia-Pseudomaribius|s__|ASV_12419",0.0625308250432285,0.204541007200668,0.0817179805947801,0.202562796278916,0.204541007200668,"","ALDEx2_kw"
"k__Bacteria|p__Rhodothermota|c__Rhodothermia|o__Rhodothermales|f__Rhodothermaceae|g__|s__|ASV_1677","February - September","k__Bacteria|p__Rhodothermota|c__Rhodothermia|o__Rhodothermales|f__Rhodothermaceae|g__|s__|ASV_1677",0.00671095789523196,0.0580839425410081,0.00763754384082331,0.0400086344426887,0.0580839425410081,"","ALDEx2_kw"
"k__Bacteria|p__Bacteroidota|c__Bacteroidia|o__Flavobacteriales|f__Flavobacteriaceae|g__Robiginitalea|s__|ASV_8414","February - September","k__Bacteria|p__Bacteroidota|c__Bacteroidia|o__Flavobacteriales|f__Flavobacteriaceae|g__Robiginitalea|s__|ASV_8414",0.286678737016932,0.46979303098779,0.213641495828318,0.381364280608889,0.46979303098779,"","ALDEx2_kw"
"k__Bacteria|p__Cyanobacteriota|c__Cyanobacteriia|o__Cyanobacteriales|f__Xenococcaceae|g__Pleurocapsa_PCC-7319|s__|ASV_7227","February - September","k__Bacteria|p__Cyanobacteriota|c__Cyanobacteriia|o__Cyanobacteriales|f__Xenococcaceae|g__Pleurocapsa_PCC-7319|s__|ASV_7227",0.132487402245358,0.290586483202073,0.117128814270457,0.236563406661414,0.290586483202073,"","ALDEx2_kw"
"k__Bacteria|p__Cyanobacteriota|c__Cyanobacteriia|o__Phormidesmiales|f__Phormidesmiaceae|g__Phormidesmis_ANT.LACV5.1|s__|ASV_5824","February - September","k__Bacteria|p__Cyanobacteriota|c__Cyanobacteriia|o__Phormidesmiales|f__Phormidesmiaceae|g__Phormidesmis_ANT.LACV5.1|s__|ASV_5824",0.367903624836628,0.543494436615547,0.294307893453274,0.454284190238524,0.543494436615547,"","ALDEx2_kw"
"k__Bacteria|p__Myxococcota|c__Polyangiia|o__Haliangiales|f__Haliangiaceae|g__|s__|ASV_3182","February - September","k__Bacteria|p__Myxococcota|c__Polyangiia|o__Haliangiales|f__Haliangiaceae|g__|s__|ASV_3182",0.208844007706112,0.394275840875938,0.189944761541008,0.343994594660517,0.394275840875938,"","ALDEx2_kw"
"k__Bacteria|p__Myxococcota|c__Polyangiia|o__Polyangiales|f__Sandaracinaceae|g__|s__|ASV_1122","February - September","k__Bacteria|p__Myxococcota|c__Polyangiia|o__Polyangiales|f__Sandaracinaceae|g__|s__|ASV_1122",0.571384291879934,0.720947528878548,0.60644173709645,0.74160995274086,0.720947528878548,"","ALDEx2_kw"
"k__Bacteria|p__Planctomycetota|c__Planctomycetes|o__Planctomycetales|f__Gimesiaceae|g__|s__|ASV_9951","February - September","k__Bacteria|p__Planctomycetota|c__Planctomycetes|o__Planctomycetales|f__Gimesiaceae|g__|s__|ASV_9951",0.0380269955292198,0.153875674758737,0.0591004725520875,0.161258839143184,0.153875674758737,"","ALDEx2_kw"
"k__Bacteria|p__Pseudomonadota|c__Alphaproteobacteria|o__Sphingomonadales|f__Sphingomonadaceae|g__Aurantiacibacter|s__|ASV_12729","February - September","k__Bacteria|p__Pseudomonadota|c__Alphaproteobacteria|o__Sphingomonadales|f__Sphingomonadaceae|g__Aurantiacibacter|s__|ASV_12729",0.573144139890258,0.725816521390186,0.543627488339689,0.694592433504957,0.725816521390186,"","ALDEx2_kw"
"k__Bacteria|p__Pseudomonadota|c__Alphaproteobacteria|o__Sphingomonadales|f__Sphingomonadaceae|g__|s__|ASV_3683","February - September","k__Bacteria|p__Pseudomonadota|c__Alphaproteobacteria|o__Sphingomonadales|f__Sphingomonadaceae|g__|s__|ASV_3683",0.260777219292256,0.468298777009537,0.355038408705268,0.524536182116295,0.468298777009537,"","ALDEx2_kw"
"k__Bacteria|p__Cyanobacteriota|c__Cyanobacteriia|o__Cyanobacteriales|f__Nostocaceae|g__Rivularia_PCC-7116|s__|ASV_10615","February - September","k__Bacteria|p__Cyanobacteriota|c__Cyanobacteriia|o__Cyanobacteriales|f__Nostocaceae|g__Rivularia_PCC-7116|s__|ASV_10615",0.580793006227059,0.732470586784908,0.569730813692824,0.717216785086448,0.732470586784908,"","ALDEx2_kw"
"k__Bacteria|p__Myxococcota|c__Polyangiia|o__Polyangiales|f__Sandaracinaceae|g__|s__|ASV_1071","February - September","k__Bacteria|p__Myxococcota|c__Polyangiia|o__Polyangiales|f__Sandaracinaceae|g__|s__|ASV_1071",0.705898515328913,0.822164855712223,0.682482757823448,0.802920746409446,0.822164855712223,"","ALDEx2_kw"
"k__Bacteria|p__Acidobacteriota|c__Thermoanaerobaculia|o__Thermoanaerobaculales|f__Thermoanaerobaculaceae|g__Subgroup_10|s__|ASV_12805","February - September","k__Bacteria|p__Acidobacteriota|c__Thermoanaerobaculia|o__Thermoanaerobaculales|f__Thermoanaerobaculaceae|g__Subgroup_10|s__|ASV_12805",0.29042007364212,0.496911720374046,0.478904711362997,0.638205558126717,0.496911720374046,"","ALDEx2_kw"
"k__Bacteria|p__Bacteroidota|c__Bacteroidia|o__Chitinophagales|f__Saprospiraceae|g__|s__|ASV_5174","February - September","k__Bacteria|p__Bacteroidota|c__Bacteroidia|o__Chitinophagales|f__Saprospiraceae|g__|s__|ASV_5174",0.470674462519436,0.623840227927029,0.395790172760442,0.544837829923636,0.623840227927029,"","ALDEx2_kw"
"k__Bacteria|p__Cyanobacteriota|c__Cyanobacteriia|o__Cyanobacteriales|f__Xenococcaceae|g__Chroococcidiopsis_PCC-6712|s__|ASV_1997","February - September","k__Bacteria|p__Cyanobacteriota|c__Cyanobacteriia|o__Cyanobacteriales|f__Xenococcaceae|g__Chroococcidiopsis_PCC-6712|s__|ASV_1997",0.48107719988847,0.637319167487206,0.430050602123133,0.582852104349101,0.637319167487206,"","ALDEx2_kw"
"k__Bacteria|p__Bacteroidota|c__Bacteroidia|o__Chitinophagales|f__Saprospiraceae|g__Lewinella|s__|ASV_9304","February - September","k__Bacteria|p__Bacteroidota|c__Bacteroidia|o__Chitinophagales|f__Saprospiraceae|g__Lewinella|s__|ASV_9304",0.515642831012175,0.674074356092822,0.513996033444767,0.670039158593908,0.674074356092822,"","ALDEx2_kw"
"k__Bacteria|p__Cyanobacteriota|c__Cyanobacteriia|o__Phormidesmiales|f__Phormidesmiaceae|g__Phormidium_MBIC10003|s__|ASV_546","February - September","k__Bacteria|p__Cyanobacteriota|c__Cyanobacteriia|o__Phormidesmiales|f__Phormidesmiaceae|g__Phormidium_MBIC10003|s__|ASV_546",0.167924282717145,0.346170279768221,0.172388342829889,0.31888214958022,0.346170279768221,"","ALDEx2_kw"
"k__Bacteria|p__Actinomycetota|c__Actinobacteria|o__Propionibacteriales|f__Nocardioidaceae|g__Nocardioides|s__|ASV_13377","February - September","k__Bacteria|p__Actinomycetota|c__Actinobacteria|o__Propionibacteriales|f__Nocardioidaceae|g__Nocardioides|s__|ASV_13377",0.381797950123315,0.571487586620763,0.350842410082013,0.528361930617156,0.571487586620763,"","ALDEx2_kw"
"k__Bacteria|p__Bacteroidota|c__Bacteroidia|o__Cytophagales|f__Cyclobacteriaceae|g__Marivirga|s__|ASV_7231","February - September","k__Bacteria|p__Bacteroidota|c__Bacteroidia|o__Cytophagales|f__Cyclobacteriaceae|g__Marivirga|s__|ASV_7231",0.12296512954922,0.292158808192406,0.123362533497273,0.261658018243177,0.292158808192406,"","ALDEx2_kw"
"k__Bacteria|p__Bacteroidota|c__Bacteroidia|o__Flavobacteriales|f__Cryomorphaceae|g__Owenweeksia|s__|ASV_3656","February - September","k__Bacteria|p__Bacteroidota|c__Bacteroidia|o__Flavobacteriales|f__Cryomorphaceae|g__Owenweeksia|s__|ASV_3656",0.50114249732201,0.670368213310108,0.506127286709019,0.659387036655438,0.670368213310108,"","ALDEx2_kw"
"k__Bacteria|p__Pseudomonadota|c__Gammaproteobacteria|o__Pseudomonadales|f__Cellvibrionaceae|g__|s__|ASV_10185","February - September","k__Bacteria|p__Pseudomonadota|c__Gammaproteobacteria|o__Pseudomonadales|f__Cellvibrionaceae|g__|s__|ASV_10185",0.0830915305422541,0.216982592569335,0.0494506198913606,0.136722416583645,0.216982592569335,"","ALDEx2_kw"
"k__Bacteria|p__Pseudomonadota|c__Alphaproteobacteria|o__Rhodobacterales|f__Paracoccaceae|g__Limibaculum|s__|ASV_10764","February - September","k__Bacteria|p__Pseudomonadota|c__Alphaproteobacteria|o__Rhodobacterales|f__Paracoccaceae|g__Limibaculum|s__|ASV_10764",0.177044990555737,0.365496366845201,0.164943147584971,0.314778867046303,0.365496366845201,"","ALDEx2_kw"
"k__Bacteria|p__Pseudomonadota|c__Gammaproteobacteria|o__Enterobacterales|f__Alteromonadaceae|g__Aestuariibacter|s__|ASV_12294","February - September","k__Bacteria|p__Pseudomonadota|c__Gammaproteobacteria|o__Enterobacterales|f__Alteromonadaceae|g__Aestuariibacter|s__|ASV_12294",0.233653040966137,0.399905652719591,0.188672247845952,0.333894902326753,0.399905652719591,"","ALDEx2_kw"
"k__Bacteria|p__Actinomycetota|c__Actinobacteria|o__Euzebyales|f__Euzebyaceae|g__|s__|ASV_3446","February - September","k__Bacteria|p__Actinomycetota|c__Actinobacteria|o__Euzebyales|f__Euzebyaceae|g__|s__|ASV_3446",0.224409965875111,0.395325738379133,0.130387809579619,0.262759980791443,0.395325738379133,"","ALDEx2_kw"
"k__Bacteria|p__Bacteroidota|c__Bacteroidia|o__Cytophagales|f__Cyclobacteriaceae|g__Tunicatimonas|s__|ASV_11136","February - September","k__Bacteria|p__Bacteroidota|c__Bacteroidia|o__Cytophagales|f__Cyclobacteriaceae|g__Tunicatimonas|s__|ASV_11136",0.22059410868549,0.409166958984479,0.19599424859351,0.36278213380603,0.409166958984479,"","ALDEx2_kw"
"k__Bacteria|p__Pseudomonadota|c__Alphaproteobacteria|o__Hyphomicrobiales|f__Rhizobiaceae|g__|s__|ASV_4397","February - September","k__Bacteria|p__Pseudomonadota|c__Alphaproteobacteria|o__Hyphomicrobiales|f__Rhizobiaceae|g__|s__|ASV_4397",0.0321731374548374,0.138764186894992,0.0182157326648271,0.0748001249455664,0.138764186894992,"","ALDEx2_kw"
"k__Bacteria|p__Actinomycetota|c__Actinobacteria|o__Nitriliruptorales|f__Nitriliruptoraceae|g__|s__|ASV_7640","February - September","k__Bacteria|p__Actinomycetota|c__Actinobacteria|o__Nitriliruptorales|f__Nitriliruptoraceae|g__|s__|ASV_7640",0.149550084471185,0.33463362813957,0.146512924308477,0.295378762522061,0.33463362813957,"","ALDEx2_kw"
"k__Bacteria|p__Pseudomonadota|c__Alphaproteobacteria|o__|f__Neomegalonemataceae|g__Acuticoccus|s__|ASV_9958","February - September","k__Bacteria|p__Pseudomonadota|c__Alphaproteobacteria|o__|f__Neomegalonemataceae|g__Acuticoccus|s__|ASV_9958",0.31467649397002,0.491697133301188,0.293615336305581,0.447799002730529,0.491697133301188,"","ALDEx2_kw"
"k__Bacteria|p__Cyanobacteriota|c__Cyanobacteriia|o__Cyanobacteriales|f__Paraspirulinaceae|g__ESFC-1|s__|ASV_1387","February - September","k__Bacteria|p__Cyanobacteriota|c__Cyanobacteriia|o__Cyanobacteriales|f__Paraspirulinaceae|g__ESFC-1|s__|ASV_1387",0.477531588574291,0.638529367576077,0.460572740176711,0.609631755186504,0.638529367576077,"","ALDEx2_kw"
"k__Bacteria|p__Pseudomonadota|c__Gammaproteobacteria|o__Enterobacterales|f__Vibrionaceae|g__Vibrio|s__|ASV_2958","February - September","k__Bacteria|p__Pseudomonadota|c__Gammaproteobacteria|o__Enterobacterales|f__Vibrionaceae|g__Vibrio|s__|ASV_2958",0.566019932415681,0.717791433418694,0.544390035478916,0.693955784052776,0.717791433418694,"","ALDEx2_kw"
"k__Bacteria|p__Pseudomonadota|c__Alphaproteobacteria|o__Caulobacterales|f__Hyphomonadaceae|g__|s__|ASV_13826","February - September","k__Bacteria|p__Pseudomonadota|c__Alphaproteobacteria|o__Caulobacterales|f__Hyphomonadaceae|g__|s__|ASV_13826",0.146146491147805,0.310255370667225,0.120716551468937,0.249347937290539,0.310255370667225,"","ALDEx2_kw"
"k__Bacteria|p__Pseudomonadota|c__Alphaproteobacteria|o__Hyphomicrobiales|f__Rhizobiaceae|g__Pseudahrensia|s__|ASV_13404","February - September","k__Bacteria|p__Pseudomonadota|c__Alphaproteobacteria|o__Hyphomicrobiales|f__Rhizobiaceae|g__Pseudahrensia|s__|ASV_13404",0.613918113177628,0.753061269375152,0.564906322949317,0.710429412812237,0.753061269375152,"","ALDEx2_kw"
"k__Bacteria|p__Bacteroidota|c__Bacteroidia|o__Cytophagales|f__Cyclobacteriaceae|g__Tunicatimonas|s__|ASV_2268","February - September","k__Bacteria|p__Bacteroidota|c__Bacteroidia|o__Cytophagales|f__Cyclobacteriaceae|g__Tunicatimonas|s__|ASV_2268",0.240197426138959,0.410206204333117,0.173369542080383,0.316913758813716,0.410206204333117,"","ALDEx2_kw"
"k__Bacteria|p__Bacteroidota|c__Bacteroidia|o__Cytophagales|f__Cyclobacteriaceae|g__|s__|ASV_2729","February - September","k__Bacteria|p__Bacteroidota|c__Bacteroidia|o__Cytophagales|f__Cyclobacteriaceae|g__|s__|ASV_2729",0.488496021161612,0.662172329483417,0.47899093373967,0.642914788936279,0.662172329483417,"","ALDEx2_kw"
"k__Bacteria|p__Pseudomonadota|c__Alphaproteobacteria|o__Rhodobacterales|f__Paracoccaceae|g__|s__|ASV_10218","February - September","k__Bacteria|p__Pseudomonadota|c__Alphaproteobacteria|o__Rhodobacterales|f__Paracoccaceae|g__|s__|ASV_10218",0.180534093172054,0.350538016735389,0.108325561610112,0.230852519001868,0.350538016735389,"","ALDEx2_kw"
"k__Bacteria|p__Actinomycetota|c__Actinobacteria|o__Propionibacteriales|f__Propionibacteriaceae|g__|s__|ASV_8927","February - September","k__Bacteria|p__Actinomycetota|c__Actinobacteria|o__Propionibacteriales|f__Propionibacteriaceae|g__|s__|ASV_8927",0.658445079322097,0.784814850323278,0.637020093320015,0.768097372176283,0.784814850323278,"","ALDEx2_kw"
"k__Bacteria|p__Cyanobacteriota|c__Cyanobacteriia|o__Cyanobacteriales|f__Xenococcaceae|g__Pleurocapsa_PCC-7319|s__|ASV_6643","February - September","k__Bacteria|p__Cyanobacteriota|c__Cyanobacteriia|o__Cyanobacteriales|f__Xenococcaceae|g__Pleurocapsa_PCC-7319|s__|ASV_6643",0.390775728249008,0.563749194157632,0.386353954590368,0.54418969655429,0.563749194157632,"","ALDEx2_kw"
"k__Bacteria|p__Pseudomonadota|c__Alphaproteobacteria|o__Sphingomonadales|f__Sphingomonadaceae|g__Sphingomicrobium|s__|ASV_14557","February - September","k__Bacteria|p__Pseudomonadota|c__Alphaproteobacteria|o__Sphingomonadales|f__Sphingomonadaceae|g__Sphingomicrobium|s__|ASV_14557",0.380656513745116,0.560758593263322,0.376116374207405,0.541094328432612,0.560758593263322,"","ALDEx2_kw"
"k__Bacteria|p__Pseudomonadota|c__Gammaproteobacteria|o__Beggiatoales|f__Leucotrichaceae|g__|s__|ASV_713","February - September","k__Bacteria|p__Pseudomonadota|c__Gammaproteobacteria|o__Beggiatoales|f__Leucotrichaceae|g__|s__|ASV_713",0.609294980054916,0.746778832790025,0.600230800295794,0.736305197595457,0.746778832790025,"","ALDEx2_kw"
"k__Bacteria|p__Actinomycetota|c__Acidimicrobiia|o__Microtrichales|f__Ilumatobacteraceae|g__Ilumatobacter|s__|ASV_9295","February - September","k__Bacteria|p__Actinomycetota|c__Acidimicrobiia|o__Microtrichales|f__Ilumatobacteraceae|g__Ilumatobacter|s__|ASV_9295",0.25717877165638,0.435840254887753,0.215754436202191,0.374229945238013,0.435840254887753,"","ALDEx2_kw"
"k__Bacteria|p__Pseudomonadota|c__Alphaproteobacteria|o__Rhodobacterales|f__Paracoccaceae|g__Palleronia-Pseudomaribius|s__|ASV_10722","February - September","k__Bacteria|p__Pseudomonadota|c__Alphaproteobacteria|o__Rhodobacterales|f__Paracoccaceae|g__Palleronia-Pseudomaribius|s__|ASV_10722",0.242131142750958,0.429051623590957,0.225608700098134,0.391418889187559,0.429051623590957,"","ALDEx2_kw"
"k__Bacteria|p__Rhodothermota|c__Rhodothermia|o__Rhodothermales|f__Rhodothermaceae|g__|s__|ASV_10153","February - September","k__Bacteria|p__Rhodothermota|c__Rhodothermia|o__Rhodothermales|f__Rhodothermaceae|g__|s__|ASV_10153",0.592467391257207,0.739833135579564,0.574622414637915,0.719251244393793,0.739833135579564,"","ALDEx2_kw"
"k__Bacteria|p__Bacteroidota|c__Bacteroidia|o__Cytophagales|f__Cyclobacteriaceae|g__Fulvivirga|s__|ASV_15281","February - September","k__Bacteria|p__Bacteroidota|c__Bacteroidia|o__Cytophagales|f__Cyclobacteriaceae|g__Fulvivirga|s__|ASV_15281",0.641565203435778,0.776232953848319,0.621882536226902,0.757791354696669,0.776232953848319,"","ALDEx2_kw"
"k__Bacteria|p__Cyanobacteriota|c__Cyanobacteriia|o__Cyanobacteriales|f__Microcystaceae|g__Synechocystis_BDHKU-20401|s__|ASV_1439","February - September","k__Bacteria|p__Cyanobacteriota|c__Cyanobacteriia|o__Cyanobacteriales|f__Microcystaceae|g__Synechocystis_BDHKU-20401|s__|ASV_1439",0.499320459860188,0.656851231698729,0.458874145892084,0.612008523643779,0.656851231698729,"","ALDEx2_kw"
"k__Bacteria|p__Pseudomonadota|c__Alphaproteobacteria|o__Caulobacterales|f__Hyphomonadaceae|g__Henriciella|s__|ASV_13571","February - September","k__Bacteria|p__Pseudomonadota|c__Alphaproteobacteria|o__Caulobacterales|f__Hyphomonadaceae|g__Henriciella|s__|ASV_13571",0.441409659444435,0.612599846315877,0.426546917234481,0.585288847467579,0.612599846315877,"","ALDEx2_kw"
"k__Bacteria|p__Pseudomonadota|c__Alphaproteobacteria|o__Rhodobacterales|f__Paracoccaceae|g__|s__|ASV_13876","February - September","k__Bacteria|p__Pseudomonadota|c__Alphaproteobacteria|o__Rhodobacterales|f__Paracoccaceae|g__|s__|ASV_13876",0.306443678039944,0.497443355748171,0.333467693842134,0.498385497147954,0.497443355748171,"","ALDEx2_kw"
"k__Bacteria|p__Rhodothermota|c__Rhodothermia|o__Rhodothermales|f__Rhodothermaceae|g__|s__|ASV_12226","February - September","k__Bacteria|p__Rhodothermota|c__Rhodothermia|o__Rhodothermales|f__Rhodothermaceae|g__|s__|ASV_12226",0.366550584882957,0.54317128083869,0.337642605791391,0.497126413949928,0.54317128083869,"","ALDEx2_kw"
"k__Bacteria|p__Actinomycetota|c__Actinobacteria|o__Propionibacteriales|f__Nocardioidaceae|g__Nocardioides|s__|ASV_15978","February - September","k__Bacteria|p__Actinomycetota|c__Actinobacteria|o__Propionibacteriales|f__Nocardioidaceae|g__Nocardioides|s__|ASV_15978",0.546020902282143,0.708758327672017,0.545629272016133,0.69490723337462,0.708758327672017,"","ALDEx2_kw"
"k__Bacteria|p__Bacteroidota|c__Bacteroidia|o__Flavobacteriales|f__Cryomorphaceae|g__Vicingus|s__|ASV_5876","February - September","k__Bacteria|p__Bacteroidota|c__Bacteroidia|o__Flavobacteriales|f__Cryomorphaceae|g__Vicingus|s__|ASV_5876",0.659769466504609,0.794129474184456,0.614437655834763,0.751437917640394,0.794129474184456,"","ALDEx2_kw"
"k__Bacteria|p__Gemmatimonadota|c__Longimicrobiia|o__Longimicrobiales|f__Longimicrobiaceae|g__|s__|ASV_9886","February - September","k__Bacteria|p__Gemmatimonadota|c__Longimicrobiia|o__Longimicrobiales|f__Longimicrobiaceae|g__|s__|ASV_9886",0.174915543828021,0.381205501131426,0.328339364070675,0.508374323834535,0.381205501131426,"","ALDEx2_kw"
"k__Bacteria|p__Pseudomonadota|c__Gammaproteobacteria|o__Enterobacterales|f__Alteromonadaceae|g__Alteromonas|s__|ASV_3135","February - September","k__Bacteria|p__Pseudomonadota|c__Gammaproteobacteria|o__Enterobacterales|f__Alteromonadaceae|g__Alteromonas|s__|ASV_3135",0.148080508960778,0.310066081634721,0.110207868755153,0.23296214282614,0.310066081634721,"","ALDEx2_kw"
"k__Bacteria|p__Cyanobacteriota|c__Cyanobacteriia|o__Phormidesmiales|f__Nodosilineaceae|g__|s__|ASV_398","February - September","k__Bacteria|p__Cyanobacteriota|c__Cyanobacteriia|o__Phormidesmiales|f__Nodosilineaceae|g__|s__|ASV_398",0.33170636320798,0.512535642562563,0.294355860536096,0.458877228232956,0.512535642562563,"","ALDEx2_kw"
"k__Bacteria|p__Bacteroidota|c__Bacteroidia|o__Cytophagales|f__Cyclobacteriaceae|g__Marinoscillum|s__|ASV_7402","February - September","k__Bacteria|p__Bacteroidota|c__Bacteroidia|o__Cytophagales|f__Cyclobacteriaceae|g__Marinoscillum|s__|ASV_7402",0.107586215923273,0.289158078495452,0.17115634748246,0.327590581285792,0.289158078495452,"","ALDEx2_kw"
"k__Bacteria|p__Deinococcota|c__Deinococci|o__Deinococcales|f__Trueperaceae|g__Truepera|s__|ASV_2935","February - September","k__Bacteria|p__Deinococcota|c__Deinococci|o__Deinococcales|f__Trueperaceae|g__Truepera|s__|ASV_2935",0.429497440628731,0.611526027627594,0.386740024790156,0.556690090954123,0.611526027627594,"","ALDEx2_kw"
"k__Bacteria|p__Pseudomonadota|c__Gammaproteobacteria|o__Enterobacterales|f__Alteromonadaceae|g__Alteromonas|s__|ASV_1591","February - September","k__Bacteria|p__Pseudomonadota|c__Gammaproteobacteria|o__Enterobacterales|f__Alteromonadaceae|g__Alteromonas|s__|ASV_1591",0.445503543368569,0.607966606418703,0.458288580573286,0.613239273652909,0.607966606418703,"","ALDEx2_kw"
"k__Bacteria|p__Pseudomonadota|c__Gammaproteobacteria|o__Enterobacterales|f__Vibrionaceae|g__Vibrio|s__|ASV_881","February - September","k__Bacteria|p__Pseudomonadota|c__Gammaproteobacteria|o__Enterobacterales|f__Vibrionaceae|g__Vibrio|s__|ASV_881",0.564779215190301,0.717368522533874,0.602056279454199,0.736435548877554,0.717368522533874,"","ALDEx2_kw"
"k__Bacteria|p__Acidobacteriota|c__Thermoanaerobaculia|o__Thermoanaerobaculales|f__Thermoanaerobaculaceae|g__Subgroup_10|s__|ASV_11693","February - September","k__Bacteria|p__Acidobacteriota|c__Thermoanaerobaculia|o__Thermoanaerobaculales|f__Thermoanaerobaculaceae|g__Subgroup_10|s__|ASV_11693",0.289685597919262,0.479692784515101,0.250737199478502,0.418129517873763,0.479692784515101,"","ALDEx2_kw"
"k__Bacteria|p__Actinomycetota|c__Actinobacteria|o__Propionibacteriales|f__Nocardioidaceae|g__Nocardioides|s__|ASV_1358","February - September","k__Bacteria|p__Actinomycetota|c__Actinobacteria|o__Propionibacteriales|f__Nocardioidaceae|g__Nocardioides|s__|ASV_1358",0.114815854031721,0.256033068425805,0.0902670005857017,0.194960982150157,0.256033068425805,"","ALDEx2_kw"
"k__Bacteria|p__Planctomycetota|c__Planctomycetes|o__Planctomycetales|f__Gimesiaceae|g__|s__|ASV_10539","February - September","k__Bacteria|p__Planctomycetota|c__Planctomycetes|o__Planctomycetales|f__Gimesiaceae|g__|s__|ASV_10539",0.0245269516294821,0.116127654734789,0.0328884986191576,0.103948272131199,0.116127654734789,"","ALDEx2_kw"
"k__Bacteria|p__Bacteroidota|c__Bacteroidia|o__Flavobacteriales|f__Cryomorphaceae|g__|s__|ASV_996","February - September","k__Bacteria|p__Bacteroidota|c__Bacteroidia|o__Flavobacteriales|f__Cryomorphaceae|g__|s__|ASV_996",0.000904367366908462,0.0195504946285606,0.00107795634951298,0.00982745938747973,0.0195504946285606,"*","ALDEx2_kw"
"k__Bacteria|p__Bacteroidota|c__Bacteroidia|o__Cytophagales|f__Flammeovirgaceae|g__|s__|ASV_9450","February - September","k__Bacteria|p__Bacteroidota|c__Bacteroidia|o__Cytophagales|f__Flammeovirgaceae|g__|s__|ASV_9450",0.315475978701919,0.506901420979171,0.308817938102611,0.47704232046692,0.506901420979171,"","ALDEx2_kw"
"k__Bacteria|p__Bdellovibrionota|c__Oligoflexia|o__Oligoflexales|f__Oligoflexaceae|g__|s__|ASV_2184","February - September","k__Bacteria|p__Bdellovibrionota|c__Oligoflexia|o__Oligoflexales|f__Oligoflexaceae|g__|s__|ASV_2184",0.659976821952295,0.794148109867299,0.630330120935773,0.766966348908242,0.794148109867299,"","ALDEx2_kw"
"k__Bacteria|p__Pseudomonadota|c__Gammaproteobacteria|o__Enterobacterales|f__Vibrionaceae|g__Vibrio|s__|ASV_1505","February - September","k__Bacteria|p__Pseudomonadota|c__Gammaproteobacteria|o__Enterobacterales|f__Vibrionaceae|g__Vibrio|s__|ASV_1505",0.391906466247733,0.565217796875126,0.400662607924493,0.565823085310619,0.565217796875126,"","ALDEx2_kw"
"k__Bacteria|p__Pseudomonadota|c__Gammaproteobacteria|o__Pseudomonadales|f__Halomonadaceae|g__Halomonas|s__|ASV_7291","February - September","k__Bacteria|p__Pseudomonadota|c__Gammaproteobacteria|o__Pseudomonadales|f__Halomonadaceae|g__Halomonas|s__|ASV_7291",0.14612916342553,0.307914816031466,0.0913425883560572,0.20781129430671,0.307914816031466,"","ALDEx2_kw"
"k__Bacteria|p__Acidobacteriota|c__Thermoanaerobaculia|o__Thermoanaerobaculales|f__Thermoanaerobaculaceae|g__Subgroup_10|s__|ASV_11724","February - September","k__Bacteria|p__Acidobacteriota|c__Thermoanaerobaculia|o__Thermoanaerobaculales|f__Thermoanaerobaculaceae|g__Subgroup_10|s__|ASV_11724",0.390565595023581,0.556103589466305,0.287267840717326,0.446960271744295,0.556103589466305,"","ALDEx2_kw"
"k__Bacteria|p__Actinomycetota|c__Actinobacteria|o__Euzebyales|f__Euzebyaceae|g__|s__|ASV_3368","February - September","k__Bacteria|p__Actinomycetota|c__Actinobacteria|o__Euzebyales|f__Euzebyaceae|g__|s__|ASV_3368",0.528063947730815,0.681963246249108,0.470185837513085,0.627831893033383,0.681963246249108,"","ALDEx2_kw"
"k__Bacteria|p__Bacteroidota|c__Bacteroidia|o__Flavobacteriales|f__Cryomorphaceae|g__Vicingus|s__|ASV_8806","February - September","k__Bacteria|p__Bacteroidota|c__Bacteroidia|o__Flavobacteriales|f__Cryomorphaceae|g__Vicingus|s__|ASV_8806",0.107929754676948,0.272349447943458,0.140353188391549,0.286474056338998,0.272349447943458,"","ALDEx2_kw"
"k__Bacteria|p__Bacteroidota|c__Bacteroidia|o__Flavobacteriales|f__Flavobacteriaceae|g__Maritimimonas|s__|ASV_8338","February - September","k__Bacteria|p__Bacteroidota|c__Bacteroidia|o__Flavobacteriales|f__Flavobacteriaceae|g__Maritimimonas|s__|ASV_8338",0.432954310901227,0.593532670515817,0.343578252099729,0.491465296139723,0.593532670515817,"","ALDEx2_kw"
"k__Bacteria|p__Pseudomonadota|c__Alphaproteobacteria|o__Sphingomonadales|f__Sphingomonadaceae|g__Parasphingopyxis|s__|ASV_8232","February - September","k__Bacteria|p__Pseudomonadota|c__Alphaproteobacteria|o__Sphingomonadales|f__Sphingomonadaceae|g__Parasphingopyxis|s__|ASV_8232",0.733553226177569,0.844168919964019,0.673315283302128,0.799377701086265,0.844168919964019,"","ALDEx2_kw"
"k__Bacteria|p__Bacteroidota|c__Bacteroidia|o__Flavobacteriales|f__Flavobacteriaceae|g__|s__|ASV_13178","February - September","k__Bacteria|p__Bacteroidota|c__Bacteroidia|o__Flavobacteriales|f__Flavobacteriaceae|g__|s__|ASV_13178",0.468657163847288,0.630528319376652,0.386198512096784,0.541905369724813,0.630528319376652,"","ALDEx2_kw"
"k__Bacteria|p__Bacteroidota|c__Bacteroidia|o__Cytophagales|f__Cyclobacteriaceae|g__Tunicatimonas|s__|ASV_15859","February - September","k__Bacteria|p__Bacteroidota|c__Bacteroidia|o__Cytophagales|f__Cyclobacteriaceae|g__Tunicatimonas|s__|ASV_15859",0.492048488174408,0.659817789041662,0.448557217373398,0.611094255423873,0.659817789041662,"","ALDEx2_kw"
"k__Bacteria|p__Planctomycetota|c__Planctomycetes|o__Pirellulales|f__Pirellulaceae|g__Pir4_lineage|s__|ASV_11433","February - September","k__Bacteria|p__Planctomycetota|c__Planctomycetes|o__Pirellulales|f__Pirellulaceae|g__Pir4_lineage|s__|ASV_11433",0.0982834392593827,0.264713754139678,0.140286100787737,0.280658089129373,0.264713754139678,"","ALDEx2_kw"
"k__Bacteria|p__Pseudomonadota|c__Alphaproteobacteria|o__Hyphomicrobiales|f__Rhizobiaceae|g__Pseudahrensia|s__|ASV_14095","February - September","k__Bacteria|p__Pseudomonadota|c__Alphaproteobacteria|o__Hyphomicrobiales|f__Rhizobiaceae|g__Pseudahrensia|s__|ASV_14095",0.0990151983843699,0.243134022190136,0.0767018010062528,0.184273281402535,0.243134022190136,"","ALDEx2_kw"
"k__Bacteria|p__Bacteroidota|c__Bacteroidia|o__Chitinophagales|f__Saprospiraceae|g__|s__|ASV_71","February - September","k__Bacteria|p__Bacteroidota|c__Bacteroidia|o__Chitinophagales|f__Saprospiraceae|g__|s__|ASV_71",0.380803050522987,0.561584725983736,0.331138322439317,0.496462111002937,0.561584725983736,"","ALDEx2_kw"
"k__Bacteria|p__Cyanobacteriota|c__Cyanobacteriia|o__Cyanobacteriales|f__Microcystaceae|g__UCYN-C|s__|ASV_7308","February - September","k__Bacteria|p__Cyanobacteriota|c__Cyanobacteriia|o__Cyanobacteriales|f__Microcystaceae|g__UCYN-C|s__|ASV_7308",0.206420428694371,0.39948114689382,0.262909441963151,0.426341145684498,0.39948114689382,"","ALDEx2_kw"
"k__Bacteria|p__Planctomycetota|c__Planctomycetes|o__Pirellulales|f__Pirellulaceae|g__Pir4_lineage|s__|ASV_6009","February - September","k__Bacteria|p__Planctomycetota|c__Planctomycetes|o__Pirellulales|f__Pirellulaceae|g__Pir4_lineage|s__|ASV_6009",0.493038374056664,0.663835495686671,0.485337845876414,0.646625535811238,0.663835495686671,"","ALDEx2_kw"
"k__Bacteria|p__Pseudomonadota|c__Alphaproteobacteria|o__Sphingomonadales|f__Sphingomonadaceae|g__|s__|ASV_6859","February - September","k__Bacteria|p__Pseudomonadota|c__Alphaproteobacteria|o__Sphingomonadales|f__Sphingomonadaceae|g__|s__|ASV_6859",0.0151462932269773,0.0892464096631447,0.0218850914448638,0.0741472162940359,0.0892464096631447,"","ALDEx2_kw"
"k__Bacteria|p__Pseudomonadota|c__Gammaproteobacteria|o__Steroidobacterales|f__Woeseiaceae|g__Woeseia|s__|ASV_4265","February - September","k__Bacteria|p__Pseudomonadota|c__Gammaproteobacteria|o__Steroidobacterales|f__Woeseiaceae|g__Woeseia|s__|ASV_4265",0.5104928548535,0.665603684343421,0.481041831358554,0.631408545804172,0.665603684343421,"","ALDEx2_kw"
"k__Bacteria|p__Bacteroidota|c__Bacteroidia|o__Chitinophagales|f__Saprospiraceae|g__|s__|ASV_495","February - September","k__Bacteria|p__Bacteroidota|c__Bacteroidia|o__Chitinophagales|f__Saprospiraceae|g__|s__|ASV_495",0.571391263796911,0.728166614591362,0.543417005178169,0.696548080460636,0.728166614591362,"","ALDEx2_kw"
"k__Bacteria|p__Pseudomonadota|c__Alphaproteobacteria|o__Rhodobacterales|f__Paracoccaceae|g__Allosediminivita|s__|ASV_14720","February - September","k__Bacteria|p__Pseudomonadota|c__Alphaproteobacteria|o__Rhodobacterales|f__Paracoccaceae|g__Allosediminivita|s__|ASV_14720",0.438660045260693,0.615649591376061,0.3773122925675,0.544295771090127,0.615649591376061,"","ALDEx2_kw"
"k__Bacteria|p__Actinomycetota|c__Actinobacteria|o__Mycobacteriales|f__Mycobacteriaceae|g__Mycobacterium|s__|ASV_8131","February - September","k__Bacteria|p__Actinomycetota|c__Actinobacteria|o__Mycobacteriales|f__Mycobacteriaceae|g__Mycobacterium|s__|ASV_8131",0.473253520483962,0.646471049714924,0.457300267405844,0.617536981822027,0.646471049714924,"","ALDEx2_kw"
"k__Bacteria|p__Planctomycetota|c__Planctomycetes|o__Pirellulales|f__Pirellulaceae|g__|s__|ASV_9760","February - September","k__Bacteria|p__Planctomycetota|c__Planctomycetes|o__Pirellulales|f__Pirellulaceae|g__|s__|ASV_9760",0.110347732729287,0.267172032347996,0.132848309469427,0.250605940514758,0.267172032347996,"","ALDEx2_kw"
"k__Bacteria|p__Pseudomonadota|c__Alphaproteobacteria|o__Caulobacterales|f__Hyphomonadaceae|g__Algimonas|s__|ASV_7416","February - September","k__Bacteria|p__Pseudomonadota|c__Alphaproteobacteria|o__Caulobacterales|f__Hyphomonadaceae|g__Algimonas|s__|ASV_7416",0.0842605785112611,0.217971292125521,0.0739454200977063,0.174951873522336,0.217971292125521,"","ALDEx2_kw"
"k__Bacteria|p__Rhodothermota|c__Rhodothermia|o__Rhodothermales|f__Rhodothermaceae|g__|s__|ASV_3086","February - September","k__Bacteria|p__Rhodothermota|c__Rhodothermia|o__Rhodothermales|f__Rhodothermaceae|g__|s__|ASV_3086",0.195032676179715,0.363786528926035,0.136736484233529,0.268172565158839,0.363786528926035,"","ALDEx2_kw"
"k__Bacteria|p__Verrucomicrobiota|c__Verrucomicrobiia|o__Verrucomicrobiales|f__DEV007|g__|s__|ASV_5482","February - September","k__Bacteria|p__Verrucomicrobiota|c__Verrucomicrobiia|o__Verrucomicrobiales|f__DEV007|g__|s__|ASV_5482",0.140852633269947,0.305278835604146,0.114537482640846,0.233924743777948,0.305278835604146,"","ALDEx2_kw"
"k__Bacteria|p__Bacteroidota|c__Bacteroidia|o__Chitinophagales|f__Saprospiraceae|g__Lewinella|s__|ASV_8923","February - September","k__Bacteria|p__Bacteroidota|c__Bacteroidia|o__Chitinophagales|f__Saprospiraceae|g__Lewinella|s__|ASV_8923",0.300167167029612,0.473523119192635,0.228007869735206,0.383904738923992,0.473523119192635,"","ALDEx2_kw"
"k__Bacteria|p__Bacteroidota|c__Bacteroidia|o__Cytophagales|f__Cyclobacteriaceae|g__Fulvivirga|s__|ASV_9806","February - September","k__Bacteria|p__Bacteroidota|c__Bacteroidia|o__Cytophagales|f__Cyclobacteriaceae|g__Fulvivirga|s__|ASV_9806",0.548117013285766,0.695573252529284,0.553142891819264,0.696035571301944,0.695573252529284,"","ALDEx2_kw"
"k__Bacteria|p__Pseudomonadota|c__Alphaproteobacteria|o__Rhodobacterales|f__Paracoccaceae|g__Limibaculum|s__|ASV_7044","February - September","k__Bacteria|p__Pseudomonadota|c__Alphaproteobacteria|o__Rhodobacterales|f__Paracoccaceae|g__Limibaculum|s__|ASV_7044",0.656767206235234,0.788941032000232,0.611582219515923,0.750367290539738,0.788941032000232,"","ALDEx2_kw"
"k__Bacteria|p__Pseudomonadota|c__Alphaproteobacteria|o__Rhodobacterales|f__Paracoccaceae|g__|s__|ASV_11336","February - September","k__Bacteria|p__Pseudomonadota|c__Alphaproteobacteria|o__Rhodobacterales|f__Paracoccaceae|g__|s__|ASV_11336",0.493994916450938,0.659361555433298,0.452737131898987,0.615737893729247,0.659361555433298,"","ALDEx2_kw"
"k__Bacteria|p__Pseudomonadota|c__Alphaproteobacteria|o__Sphingomonadales|f__Sphingomonadaceae|g__|s__|ASV_13125","February - September","k__Bacteria|p__Pseudomonadota|c__Alphaproteobacteria|o__Sphingomonadales|f__Sphingomonadaceae|g__|s__|ASV_13125",0.0784004251671939,0.219735941601387,0.0479825037880082,0.139250593771816,0.219735941601387,"","ALDEx2_kw"
"k__Bacteria|p__Rhodothermota|c__Rhodothermia|o__Rhodothermales|f__Rhodothermaceae|g__Rubrivirga|s__|ASV_3264","February - September","k__Bacteria|p__Rhodothermota|c__Rhodothermia|o__Rhodothermales|f__Rhodothermaceae|g__Rubrivirga|s__|ASV_3264",0.00076528673210395,0.0178302825021562,0.00340154490976869,0.012350142049412,0.0178302825021562,"*","ALDEx2_kw"
"k__Bacteria|p__Rhodothermota|c__Rhodothermia|o__Rhodothermales|f__Rhodothermaceae|g__|s__|ASV_11919","February - September","k__Bacteria|p__Rhodothermota|c__Rhodothermia|o__Rhodothermales|f__Rhodothermaceae|g__|s__|ASV_11919",0.1049055104735,0.26572836731396,0.108047443836583,0.235263070184367,0.26572836731396,"","ALDEx2_kw"
"k__Bacteria|p__Bacteroidota|c__Bacteroidia|o__Chitinophagales|f__Saprospiraceae|g__Lewinella|s__|ASV_474","February - September","k__Bacteria|p__Bacteroidota|c__Bacteroidia|o__Chitinophagales|f__Saprospiraceae|g__Lewinella|s__|ASV_474",0.43542469429325,0.602995837958316,0.39346451356907,0.554282466442951,0.602995837958316,"","ALDEx2_kw"
"k__Bacteria|p__Pseudomonadota|c__Alphaproteobacteria|o__Rhodobacterales|f__Paracoccaceae|g__Jannaschia|s__|ASV_6611","February - September","k__Bacteria|p__Pseudomonadota|c__Alphaproteobacteria|o__Rhodobacterales|f__Paracoccaceae|g__Jannaschia|s__|ASV_6611",0.227283578883604,0.402086387585353,0.15733914576887,0.293268016354705,0.402086387585353,"","ALDEx2_kw"
"k__Bacteria|p__Pseudomonadota|c__Gammaproteobacteria|o__Steroidobacterales|f__Woeseiaceae|g__Woeseia|s__|ASV_11577","February - September","k__Bacteria|p__Pseudomonadota|c__Gammaproteobacteria|o__Steroidobacterales|f__Woeseiaceae|g__Woeseia|s__|ASV_11577",0.121638658018459,0.301856319801223,0.13432561326195,0.284377224867782,0.301856319801223,"","ALDEx2_kw"
"k__Bacteria|p__Rhodothermota|c__Rhodothermia|o__Rhodothermales|f__Rhodothermaceae|g__Rubrivirga|s__|ASV_7459","February - September","k__Bacteria|p__Rhodothermota|c__Rhodothermia|o__Rhodothermales|f__Rhodothermaceae|g__Rubrivirga|s__|ASV_7459",0.309828136319537,0.48772036621729,0.264640662587853,0.433824567453047,0.48772036621729,"","ALDEx2_kw"
"k__Bacteria|p__Rhodothermota|c__Rhodothermia|o__Rhodothermales|f__Rhodothermaceae|g__|s__|ASV_9662","February - September","k__Bacteria|p__Rhodothermota|c__Rhodothermia|o__Rhodothermales|f__Rhodothermaceae|g__|s__|ASV_9662",0.372043694110019,0.534635524819747,0.272818820728815,0.425462316945928,0.534635524819747,"","ALDEx2_kw"
"k__Bacteria|p__Bacteroidota|c__Bacteroidia|o__Cytophagales|f__Cyclobacteriaceae|g__Tunicatimonas|s__|ASV_2526","February - September","k__Bacteria|p__Bacteroidota|c__Bacteroidia|o__Cytophagales|f__Cyclobacteriaceae|g__Tunicatimonas|s__|ASV_2526",0.51208554224616,0.67195830186416,0.525025845894594,0.673226857571498,0.67195830186416,"","ALDEx2_kw"
"k__Bacteria|p__Planctomycetota|c__Planctomycetes|o__Pirellulales|f__Pirellulaceae|g__Rhodopirellula|s__|ASV_3665","February - September","k__Bacteria|p__Planctomycetota|c__Planctomycetes|o__Pirellulales|f__Pirellulaceae|g__Rhodopirellula|s__|ASV_3665",0.375358280806543,0.558280224254751,0.309665909823696,0.474947534941144,0.558280224254751,"","ALDEx2_kw"
"k__Bacteria|p__Pseudomonadota|c__Alphaproteobacteria|o__Rhodobacterales|f__Paracoccaceae|g__Pikeienuella|s__|ASV_7133","February - September","k__Bacteria|p__Pseudomonadota|c__Alphaproteobacteria|o__Rhodobacterales|f__Paracoccaceae|g__Pikeienuella|s__|ASV_7133",0.499425552601031,0.672485204569196,0.524921162551194,0.682427998772683,0.672485204569196,"","ALDEx2_kw"
"k__Bacteria|p__Spirochaetota|c__Spirochaetia|o__Spirochaetales|f__Spirochaetaceae|g__|s__|ASV_8996","February - September","k__Bacteria|p__Spirochaetota|c__Spirochaetia|o__Spirochaetales|f__Spirochaetaceae|g__|s__|ASV_8996",0.288933566299558,0.480152334519974,0.270813241406415,0.442191604159178,0.480152334519974,"","ALDEx2_kw"
"k__Bacteria|p__Pseudomonadota|c__Alphaproteobacteria|o__Rhodobacterales|f__Paracoccaceae|g__Palleronia-Pseudomaribius|s__|ASV_6542","February - September","k__Bacteria|p__Pseudomonadota|c__Alphaproteobacteria|o__Rhodobacterales|f__Paracoccaceae|g__Palleronia-Pseudomaribius|s__|ASV_6542",0.330055166040189,0.499081439719604,0.240156453638828,0.390022531701315,0.499081439719604,"","ALDEx2_kw"
"k__Bacteria|p__Pseudomonadota|c__Gammaproteobacteria|o__Pseudomonadales|f__Alcanivoracaceae|g__Ketobacter|s__|ASV_11640","February - September","k__Bacteria|p__Pseudomonadota|c__Gammaproteobacteria|o__Pseudomonadales|f__Alcanivoracaceae|g__Ketobacter|s__|ASV_11640",0.422636201897886,0.590660486533246,0.380908525421778,0.539978665082134,0.590660486533246,"","ALDEx2_kw"
"k__Bacteria|p__Pseudomonadota|c__Gammaproteobacteria|o__Steroidobacterales|f__Woeseiaceae|g__Woeseia|s__|ASV_55","February - September","k__Bacteria|p__Pseudomonadota|c__Gammaproteobacteria|o__Steroidobacterales|f__Woeseiaceae|g__Woeseia|s__|ASV_55",0.492159926224382,0.650564078877511,0.420607213259559,0.584907272907293,0.650564078877511,"","ALDEx2_kw"
"k__Bacteria|p__Rhodothermota|c__Rhodothermia|o__Rhodothermales|f__Rhodothermaceae|g__|s__|ASV_2058","February - September","k__Bacteria|p__Rhodothermota|c__Rhodothermia|o__Rhodothermales|f__Rhodothermaceae|g__|s__|ASV_2058",0.494002360276017,0.658758182786571,0.456225730428579,0.614415838901328,0.658758182786571,"","ALDEx2_kw"
"k__Bacteria|p__Thermodesulfobacteriota|c__Desulfobulbia|o__Desulfobulbales|f__Desulfocapsaceae|g__|s__|ASV_8870","February - September","k__Bacteria|p__Thermodesulfobacteriota|c__Desulfobulbia|o__Desulfobulbales|f__Desulfocapsaceae|g__|s__|ASV_8870",0.334600702812199,0.52367844638928,0.316946143420986,0.49169192219308,0.52367844638928,"","ALDEx2_kw"
"k__Bacteria|p__Acidobacteriota|c__Thermoanaerobaculia|o__Thermoanaerobaculales|f__Thermoanaerobaculaceae|g__Subgroup_10|s__|ASV_5785","February - September","k__Bacteria|p__Acidobacteriota|c__Thermoanaerobaculia|o__Thermoanaerobaculales|f__Thermoanaerobaculaceae|g__Subgroup_10|s__|ASV_5785",0.418333629830932,0.584294541296845,0.322658738334189,0.478597220123677,0.584294541296845,"","ALDEx2_kw"
"k__Bacteria|p__Pseudomonadota|c__Alphaproteobacteria|o__Rhodobacterales|f__Paracoccaceae|g__|s__|ASV_5674","February - September","k__Bacteria|p__Pseudomonadota|c__Alphaproteobacteria|o__Rhodobacterales|f__Paracoccaceae|g__|s__|ASV_5674",0.262305048097062,0.429721866852456,0.187716875281429,0.327970227297265,0.429721866852456,"","ALDEx2_kw"
"k__Bacteria|p__Pseudomonadota|c__Gammaproteobacteria|o__Pseudomonadales|f__Pseudohongiellaceae|g__Pseudohongiella|s__|ASV_15449","February - September","k__Bacteria|p__Pseudomonadota|c__Gammaproteobacteria|o__Pseudomonadales|f__Pseudohongiellaceae|g__Pseudohongiella|s__|ASV_15449",0.63583188322378,0.774754038825683,0.615681070180909,0.756279518663224,0.774754038825683,"","ALDEx2_kw"
"k__Bacteria|p__Actinomycetota|c__Acidimicrobiia|o__Microtrichales|f__Microtrichaceae|g__|s__|ASV_11603","February - September","k__Bacteria|p__Actinomycetota|c__Acidimicrobiia|o__Microtrichales|f__Microtrichaceae|g__|s__|ASV_11603",0.572231048284825,0.725714374034154,0.602905848105712,0.740453463669483,0.725714374034154,"","ALDEx2_kw"
"k__Bacteria|p__Pseudomonadota|c__Alphaproteobacteria|o__Rhodobacterales|f__Paracoccaceae|g__Defluviimonas|s__|ASV_15547","February - September","k__Bacteria|p__Pseudomonadota|c__Alphaproteobacteria|o__Rhodobacterales|f__Paracoccaceae|g__Defluviimonas|s__|ASV_15547",0.427121433692961,0.588550938051834,0.314863283587514,0.469163955639071,0.588550938051834,"","ALDEx2_kw"
"k__Bacteria|p__Actinomycetota|c__Acidimicrobiia|o__Microtrichales|f__Microtrichaceae|g__|s__|ASV_12371","February - September","k__Bacteria|p__Actinomycetota|c__Acidimicrobiia|o__Microtrichales|f__Microtrichaceae|g__|s__|ASV_12371",0.480120462572384,0.639850455263728,0.39565065790979,0.556347217937921,0.639850455263728,"","ALDEx2_kw"
"k__Bacteria|p__Actinomycetota|c__Actinobacteria|o__Euzebyales|f__Euzebyaceae|g__|s__|ASV_15196","February - September","k__Bacteria|p__Actinomycetota|c__Actinobacteria|o__Euzebyales|f__Euzebyaceae|g__|s__|ASV_15196",0.325957254227495,0.491468152495402,0.249393563049268,0.398685186048773,0.491468152495402,"","ALDEx2_kw"
"k__Bacteria|p__Actinomycetota|c__Actinobacteria|o__Nitriliruptorales|f__Nitriliruptoraceae|g__|s__|ASV_2609","February - September","k__Bacteria|p__Actinomycetota|c__Actinobacteria|o__Nitriliruptorales|f__Nitriliruptoraceae|g__|s__|ASV_2609",0.572658977811554,0.724443219442911,0.571351392497665,0.719533631954585,0.724443219442911,"","ALDEx2_kw"
"k__Bacteria|p__Pseudomonadota|c__Alphaproteobacteria|o__Rhodobacterales|f__Paracoccaceae|g__Actibacterium|s__|ASV_9225","February - September","k__Bacteria|p__Pseudomonadota|c__Alphaproteobacteria|o__Rhodobacterales|f__Paracoccaceae|g__Actibacterium|s__|ASV_9225",0.364487540288019,0.537112299986509,0.31920665464157,0.483456442526601,0.537112299986509,"","ALDEx2_kw"
"k__Bacteria|p__Pseudomonadota|c__Alphaproteobacteria|o__Rhodobacterales|f__Paracoccaceae|g__Jannaschia|s__|ASV_5258","February - September","k__Bacteria|p__Pseudomonadota|c__Alphaproteobacteria|o__Rhodobacterales|f__Paracoccaceae|g__Jannaschia|s__|ASV_5258",0.524937106930453,0.681065746578459,0.433324156658513,0.594665651629305,0.681065746578459,"","ALDEx2_kw"
"k__Bacteria|p__Verrucomicrobiota|c__Verrucomicrobiia|o__Opitutales|f__Puniceicoccaceae|g__Verruc-01|s__|ASV_3940","February - September","k__Bacteria|p__Verrucomicrobiota|c__Verrucomicrobiia|o__Opitutales|f__Puniceicoccaceae|g__Verruc-01|s__|ASV_3940",0.350795800427073,0.535236468348223,0.349503224437077,0.518142991251102,0.535236468348223,"","ALDEx2_kw"
"k__Bacteria|p__Pseudomonadota|c__Alphaproteobacteria|o__Rhodobacterales|f__Paracoccaceae|g__|s__|ASV_12109","February - September","k__Bacteria|p__Pseudomonadota|c__Alphaproteobacteria|o__Rhodobacterales|f__Paracoccaceae|g__|s__|ASV_12109",0.248377969510611,0.425966962646577,0.184843475765846,0.33284285327291,0.425966962646577,"","ALDEx2_kw"
"k__Bacteria|p__Pseudomonadota|c__Alphaproteobacteria|o__Sphingomonadales|f__Sphingomonadaceae|g__|s__|ASV_15119","February - September","k__Bacteria|p__Pseudomonadota|c__Alphaproteobacteria|o__Sphingomonadales|f__Sphingomonadaceae|g__|s__|ASV_15119",0.419340417979721,0.58502200986392,0.357288139295759,0.514048564816282,0.58502200986392,"","ALDEx2_kw"
"k__Bacteria|p__Pseudomonadota|c__Gammaproteobacteria|o__Arenicellales|f__Arenicellaceae|g__|s__|ASV_6615","February - September","k__Bacteria|p__Pseudomonadota|c__Gammaproteobacteria|o__Arenicellales|f__Arenicellaceae|g__|s__|ASV_6615",0.509590841551072,0.671787201719387,0.483948853675498,0.640131996725383,0.671787201719387,"","ALDEx2_kw"
"k__Bacteria|p__Pseudomonadota|c__Alphaproteobacteria|o__Rhodobacterales|f__Paracoccaceae|g__Limibaculum|s__|ASV_13202","February - September","k__Bacteria|p__Pseudomonadota|c__Alphaproteobacteria|o__Rhodobacterales|f__Paracoccaceae|g__Limibaculum|s__|ASV_13202",0.580145205759408,0.724933787117414,0.576089850884727,0.718675632961221,0.724933787117414,"","ALDEx2_kw"
"k__Bacteria|p__Pseudomonadota|c__Alphaproteobacteria|o__Sphingomonadales|f__Sphingomonadaceae|g__Croceibacterium|s__|ASV_2710","February - September","k__Bacteria|p__Pseudomonadota|c__Alphaproteobacteria|o__Sphingomonadales|f__Sphingomonadaceae|g__Croceibacterium|s__|ASV_2710",0.225943057948247,0.420431412104464,0.210187278723508,0.372070783447094,0.420431412104464,"","ALDEx2_kw"
"k__Bacteria|p__Chloroflexota|c__Anaerolineae|o__Aggregatilineales|f__A4b|g__|s__|ASV_4050","February - September","k__Bacteria|p__Chloroflexota|c__Anaerolineae|o__Aggregatilineales|f__A4b|g__|s__|ASV_4050",0.245745354264215,0.433061804715842,0.22635823287599,0.387390607413787,0.433061804715842,"","ALDEx2_kw"
"k__Bacteria|p__Pseudomonadota|c__Alphaproteobacteria|o__Rhodobacterales|f__Paracoccaceae|g__|s__|ASV_2081","February - September","k__Bacteria|p__Pseudomonadota|c__Alphaproteobacteria|o__Rhodobacterales|f__Paracoccaceae|g__|s__|ASV_2081",0.467577769982633,0.631482531478217,0.421092947789943,0.579153978948518,0.631482531478217,"","ALDEx2_kw"
"k__Bacteria|p__Pseudomonadota|c__Alphaproteobacteria|o__Rhodobacterales|f__Paracoccaceae|g__|s__|ASV_224","February - September","k__Bacteria|p__Pseudomonadota|c__Alphaproteobacteria|o__Rhodobacterales|f__Paracoccaceae|g__|s__|ASV_224",0.109121601847369,0.283311583201405,0.121461359627215,0.261939548786197,0.283311583201405,"","ALDEx2_kw"
"k__Bacteria|p__Pseudomonadota|c__Alphaproteobacteria|o__Rhodobacterales|f__Paracoccaceae|g__|s__|ASV_6991","February - September","k__Bacteria|p__Pseudomonadota|c__Alphaproteobacteria|o__Rhodobacterales|f__Paracoccaceae|g__|s__|ASV_6991",0.319326230029456,0.489171915940247,0.243112777221313,0.392658048334944,0.489171915940247,"","ALDEx2_kw"
"k__Bacteria|p__Pseudomonadota|c__Alphaproteobacteria|o__Rhodobacterales|f__Paracoccaceae|g__|s__|ASV_7269","February - September","k__Bacteria|p__Pseudomonadota|c__Alphaproteobacteria|o__Rhodobacterales|f__Paracoccaceae|g__|s__|ASV_7269",0.398406993689287,0.569016562033911,0.363056909135168,0.524217422697881,0.569016562033911,"","ALDEx2_kw"
"k__Bacteria|p__Bacteroidota|c__Bacteroidia|o__Flavobacteriales|f__Cryomorphaceae|g__Vicingus|s__|ASV_9624","February - September","k__Bacteria|p__Bacteroidota|c__Bacteroidia|o__Flavobacteriales|f__Cryomorphaceae|g__Vicingus|s__|ASV_9624",0.56534209870533,0.718456323073851,0.563929364934346,0.713107785749151,0.718456323073851,"","ALDEx2_kw"
"k__Bacteria|p__Pseudomonadota|c__Alphaproteobacteria|o__Hyphomicrobiales|f__Rhizobiaceae|g__|s__|ASV_9695","February - September","k__Bacteria|p__Pseudomonadota|c__Alphaproteobacteria|o__Hyphomicrobiales|f__Rhizobiaceae|g__|s__|ASV_9695",0.104051598379588,0.243027702208455,0.0798313395550122,0.183014649016864,0.243027702208455,"","ALDEx2_kw"
"k__Bacteria|p__Pseudomonadota|c__Alphaproteobacteria|o__Rhodobacterales|f__Paracoccaceae|g__|s__|ASV_16062","February - September","k__Bacteria|p__Pseudomonadota|c__Alphaproteobacteria|o__Rhodobacterales|f__Paracoccaceae|g__|s__|ASV_16062",0.428345665724171,0.593211270582473,0.329180178031421,0.48781413472511,0.593211270582473,"","ALDEx2_kw"
"k__Bacteria|p__Pseudomonadota|c__Gammaproteobacteria|o__Enterobacterales|f__Pseudoalteromonadaceae|g__Pseudoalteromonas|s__|ASV_8939","February - September","k__Bacteria|p__Pseudomonadota|c__Gammaproteobacteria|o__Enterobacterales|f__Pseudoalteromonadaceae|g__Pseudoalteromonas|s__|ASV_8939",0.283398951739566,0.448182082797035,0.210986554684519,0.352274862431603,0.448182082797035,"","ALDEx2_kw"
"k__Bacteria|p__Pseudomonadota|c__Gammaproteobacteria|o__Pseudomonadales|f__Porticoccaceae|g__C1-B045|s__|ASV_15068","February - September","k__Bacteria|p__Pseudomonadota|c__Gammaproteobacteria|o__Pseudomonadales|f__Porticoccaceae|g__C1-B045|s__|ASV_15068",0.686014778860321,0.812091341084674,0.661537442147614,0.790036395757341,0.812091341084674,"","ALDEx2_kw"
"k__Bacteria|p__Pseudomonadota|c__Gammaproteobacteria|o__Pseudomonadales|f__Spongiibacteraceae|g__|s__|ASV_10489","February - September","k__Bacteria|p__Pseudomonadota|c__Gammaproteobacteria|o__Pseudomonadales|f__Spongiibacteraceae|g__|s__|ASV_10489",0.525041312935673,0.685751370475629,0.500916895895874,0.658981719280705,0.685751370475629,"","ALDEx2_kw"
"k__Bacteria|p__Rhodothermota|c__Rhodothermia|o__Rhodothermales|f__Rhodothermaceae|g__Rubrivirga|s__|ASV_9477","February - September","k__Bacteria|p__Rhodothermota|c__Rhodothermia|o__Rhodothermales|f__Rhodothermaceae|g__Rubrivirga|s__|ASV_9477",0.0630498803155888,0.192340222436951,0.0612411526963888,0.150864264104236,0.192340222436951,"","ALDEx2_kw"
"k__Bacteria|p__Actinomycetota|c__Actinobacteria|o__Propionibacteriales|f__Nocardioidaceae|g__Nocardioides|s__|ASV_10179","February - September","k__Bacteria|p__Actinomycetota|c__Actinobacteria|o__Propionibacteriales|f__Nocardioidaceae|g__Nocardioides|s__|ASV_10179",0.335017142663893,0.517445762534146,0.30111927492566,0.464159010091978,0.517445762534146,"","ALDEx2_kw"
"k__Bacteria|p__Pseudomonadota|c__Alphaproteobacteria|o__Rhodobacterales|f__Paracoccaceae|g__|s__|ASV_1155","February - September","k__Bacteria|p__Pseudomonadota|c__Alphaproteobacteria|o__Rhodobacterales|f__Paracoccaceae|g__|s__|ASV_1155",0.327855139983355,0.507529440929517,0.218962448315652,0.372166772952372,0.507529440929517,"","ALDEx2_kw"
"k__Bacteria|p__Pseudomonadota|c__Gammaproteobacteria|o__Enterobacterales|f__Pseudoalteromonadaceae|g__Pseudoalteromonas|s__|ASV_1442","February - September","k__Bacteria|p__Pseudomonadota|c__Gammaproteobacteria|o__Enterobacterales|f__Pseudoalteromonadaceae|g__Pseudoalteromonas|s__|ASV_1442",0.565381385977376,0.717376991664551,0.54329230026689,0.689131408028694,0.717376991664551,"","ALDEx2_kw"
"k__Bacteria|p__Thermodesulfobacteriota|c__Desulfobulbia|o__Desulfobulbales|f__Desulfocapsaceae|g__|s__|ASV_4510","February - September","k__Bacteria|p__Thermodesulfobacteriota|c__Desulfobulbia|o__Desulfobulbales|f__Desulfocapsaceae|g__|s__|ASV_4510",0.0709467224334513,0.20645348164071,0.0768704607182659,0.17742036309628,0.20645348164071,"","ALDEx2_kw"
"k__Bacteria|p__Actinomycetota|c__Actinobacteria|o__Euzebyales|f__Euzebyaceae|g__Euzebya|s__|ASV_12212","February - September","k__Bacteria|p__Actinomycetota|c__Actinobacteria|o__Euzebyales|f__Euzebyaceae|g__Euzebya|s__|ASV_12212",0.130419767103952,0.280461757588569,0.0938330103180197,0.199617574554254,0.280461757588569,"","ALDEx2_kw"
"k__Bacteria|p__Actinomycetota|c__Actinobacteria|o__Euzebyales|f__Euzebyaceae|g__|s__|ASV_12651","February - September","k__Bacteria|p__Actinomycetota|c__Actinobacteria|o__Euzebyales|f__Euzebyaceae|g__|s__|ASV_12651",0.525605973719717,0.684741163950576,0.585859542390223,0.728059244339943,0.684741163950576,"","ALDEx2_kw"
"k__Bacteria|p__Bacteroidota|c__Bacteroidia|o__Chitinophagales|f__Saprospiraceae|g__Lewinella|s__|ASV_9425","February - September","k__Bacteria|p__Bacteroidota|c__Bacteroidia|o__Chitinophagales|f__Saprospiraceae|g__Lewinella|s__|ASV_9425",0.701614565660504,0.819669861350869,0.664290029939356,0.791648517058079,0.819669861350869,"","ALDEx2_kw"
"k__Bacteria|p__Bacteroidota|c__Bacteroidia|o__Cytophagales|f__Cyclobacteriaceae|g__Fulvivirga|s__|ASV_13853","February - September","k__Bacteria|p__Bacteroidota|c__Bacteroidia|o__Cytophagales|f__Cyclobacteriaceae|g__Fulvivirga|s__|ASV_13853",0.606390893665633,0.748297643752902,0.612943571616724,0.746755987048217,0.748297643752902,"","ALDEx2_kw"
"k__Bacteria|p__Campylobacterota|c__Campylobacteria|o__Campylobacterales|f__Sulfurovaceae|g__Sulfurovum|s__|ASV_12204","February - September","k__Bacteria|p__Campylobacterota|c__Campylobacteria|o__Campylobacterales|f__Sulfurovaceae|g__Sulfurovum|s__|ASV_12204",0.104908702893551,0.2625234904016,0.0857825168116005,0.2022943000417,0.2625234904016,"","ALDEx2_kw"
"k__Bacteria|p__Pseudomonadota|c__Gammaproteobacteria|o__Enterobacterales|f__Alteromonadaceae|g__|s__|ASV_12014","February - September","k__Bacteria|p__Pseudomonadota|c__Gammaproteobacteria|o__Enterobacterales|f__Alteromonadaceae|g__|s__|ASV_12014",0.503891257085259,0.664358471939815,0.478788176256312,0.636193957634381,0.664358471939815,"","ALDEx2_kw"
"k__Bacteria|p__Pseudomonadota|c__Gammaproteobacteria|o__Pseudomonadales|f__Halieaceae|g__Parahaliea|s__|ASV_7963","February - September","k__Bacteria|p__Pseudomonadota|c__Gammaproteobacteria|o__Pseudomonadales|f__Halieaceae|g__Parahaliea|s__|ASV_7963",0.686036636490124,0.81064671535344,0.635560773028131,0.771150630175189,0.81064671535344,"","ALDEx2_kw"
"k__Bacteria|p__Acidobacteriota|c__Thermoanaerobaculia|o__Thermoanaerobaculales|f__Thermoanaerobaculaceae|g__Subgroup_10|s__|ASV_5707","February - September","k__Bacteria|p__Acidobacteriota|c__Thermoanaerobaculia|o__Thermoanaerobaculales|f__Thermoanaerobaculaceae|g__Subgroup_10|s__|ASV_5707",0.237753920799759,0.440213525625167,0.272875395589793,0.443551023392194,0.440213525625167,"","ALDEx2_kw"
"k__Bacteria|p__Cyanobacteriota|c__Cyanobacteriia|o__Phormidesmiales|f__Phormidesmiaceae|g__Acrophormium_PCC-7375|s__|ASV_13771","February - September","k__Bacteria|p__Cyanobacteriota|c__Cyanobacteriia|o__Phormidesmiales|f__Phormidesmiaceae|g__Acrophormium_PCC-7375|s__|ASV_13771",0.147751980701035,0.31215154976253,0.125653419115147,0.256169456096797,0.31215154976253,"","ALDEx2_kw"
"k__Bacteria|p__Pseudomonadota|c__Alphaproteobacteria|o__Rhodobacterales|f__Paracoccaceae|g__|s__|ASV_6066","February - September","k__Bacteria|p__Pseudomonadota|c__Alphaproteobacteria|o__Rhodobacterales|f__Paracoccaceae|g__|s__|ASV_6066",0.393428291601668,0.585111311679064,0.399141219408976,0.572088114464337,0.585111311679064,"","ALDEx2_kw"
"k__Bacteria|p__Pseudomonadota|c__Gammaproteobacteria|o__Steroidobacterales|f__Woeseiaceae|g__Woeseia|s__|ASV_8264","February - September","k__Bacteria|p__Pseudomonadota|c__Gammaproteobacteria|o__Steroidobacterales|f__Woeseiaceae|g__Woeseia|s__|ASV_8264",0.0647842112710721,0.191085846698823,0.0629844025961719,0.156469830367757,0.191085846698823,"","ALDEx2_kw"
"k__Bacteria|p__Bacteroidota|c__Bacteroidia|o__Cytophagales|f__Cyclobacteriaceae|g__|s__|ASV_544","February - September","k__Bacteria|p__Bacteroidota|c__Bacteroidia|o__Cytophagales|f__Cyclobacteriaceae|g__|s__|ASV_544",0.235547332026695,0.404690892534475,0.181559258601775,0.329743209364419,0.404690892534475,"","ALDEx2_kw"
"k__Bacteria|p__Bacteroidota|c__Bacteroidia|o__Cytophagales|f__Cyclobacteriaceae|g__|s__|ASV_7495","February - September","k__Bacteria|p__Bacteroidota|c__Bacteroidia|o__Cytophagales|f__Cyclobacteriaceae|g__|s__|ASV_7495",0.599943274692479,0.744554501233303,0.583139866437751,0.728121430420345,0.744554501233303,"","ALDEx2_kw"
"k__Bacteria|p__Pseudomonadota|c__Alphaproteobacteria|o__Hyphomicrobiales|f__Hyphomicrobiaceae|g__Filomicrobium|s__|ASV_9961","February - September","k__Bacteria|p__Pseudomonadota|c__Alphaproteobacteria|o__Hyphomicrobiales|f__Hyphomicrobiaceae|g__Filomicrobium|s__|ASV_9961",0.0339969794953789,0.1460845705071,0.0664976344370268,0.167644390481799,0.1460845705071,"","ALDEx2_kw"
"k__Bacteria|p__Rhodothermota|c__Rhodothermia|o__Rhodothermales|f__Rhodothermaceae|g__|s__|ASV_6356","February - September","k__Bacteria|p__Rhodothermota|c__Rhodothermia|o__Rhodothermales|f__Rhodothermaceae|g__|s__|ASV_6356",0.531398176661527,0.689131702536407,0.535426690294829,0.684241573455732,0.689131702536407,"","ALDEx2_kw"
"k__Bacteria|p__Thermodesulfobacteriota|c__Desulfobacteria|o__Desulfobacterales|f__Desulfosarcinaceae|g__Sva0081_sediment_group|s__|ASV_4006","February - September","k__Bacteria|p__Thermodesulfobacteriota|c__Desulfobacteria|o__Desulfobacterales|f__Desulfosarcinaceae|g__Sva0081_sediment_group|s__|ASV_4006",0.011374268833811,0.072695383241282,0.0137590050199533,0.0534431570443493,0.072695383241282,"","ALDEx2_kw"
"k__Bacteria|p__Planctomycetota|c__Planctomycetes|o__Pirellulales|f__Pirellulaceae|g__Rhodopirellula|s__|ASV_15927","February - September","k__Bacteria|p__Planctomycetota|c__Planctomycetes|o__Pirellulales|f__Pirellulaceae|g__Rhodopirellula|s__|ASV_15927",0.32803492258927,0.510317090108842,0.270452783862221,0.433061040728917,0.510317090108842,"","ALDEx2_kw"
"k__Bacteria|p__Pseudomonadota|c__Gammaproteobacteria|o__Chromatiales|f__Chromatiaceae|g__Thiophaeococcus|s__|ASV_12705","February - September","k__Bacteria|p__Pseudomonadota|c__Gammaproteobacteria|o__Chromatiales|f__Chromatiaceae|g__Thiophaeococcus|s__|ASV_12705",0.423721224522783,0.591324933430708,0.334009928693195,0.501548487528375,0.591324933430708,"","ALDEx2_kw"
"k__Bacteria|p__Pseudomonadota|c__Gammaproteobacteria|o__Pseudomonadales|f__211ds20|g__|s__|ASV_11427","February - September","k__Bacteria|p__Pseudomonadota|c__Gammaproteobacteria|o__Pseudomonadales|f__211ds20|g__|s__|ASV_11427",0.340791664390853,0.523524101042288,0.319438919997157,0.486227461739646,0.523524101042288,"","ALDEx2_kw"
"k__Bacteria|p__Bacteroidota|c__Bacteroidia|o__Flavobacteriales|f__Flavobacteriaceae|g__Hoppeia|s__|ASV_15678","February - September","k__Bacteria|p__Bacteroidota|c__Bacteroidia|o__Flavobacteriales|f__Flavobacteriaceae|g__Hoppeia|s__|ASV_15678",0.467961913957882,0.628740566619763,0.417637116909218,0.568477618424585,0.628740566619763,"","ALDEx2_kw"
"k__Bacteria|p__Bacteroidota|c__Bacteroidia|o__Flavobacteriales|f__Flavobacteriaceae|g__|s__|ASV_748","February - September","k__Bacteria|p__Bacteroidota|c__Bacteroidia|o__Flavobacteriales|f__Flavobacteriaceae|g__|s__|ASV_748",0.214118484590391,0.402192865304757,0.211480567097309,0.374641034465404,0.402192865304757,"","ALDEx2_kw"
"k__Bacteria|p__Myxococcota|c__Polyangiia|o__Polyangiales|f__Sandaracinaceae|g__|s__|ASV_15920","February - September","k__Bacteria|p__Myxococcota|c__Polyangiia|o__Polyangiales|f__Sandaracinaceae|g__|s__|ASV_15920",0.387806319557689,0.566640460889728,0.31481562877569,0.487070720180022,0.566640460889728,"","ALDEx2_kw"
"k__Bacteria|p__Pseudomonadota|c__Gammaproteobacteria|o__Thiomicrospirales|f__Thiomicrospiraceae|g__endosymbionts|s__|ASV_6391","February - September","k__Bacteria|p__Pseudomonadota|c__Gammaproteobacteria|o__Thiomicrospirales|f__Thiomicrospiraceae|g__endosymbionts|s__|ASV_6391",0.422711182193282,0.590141061426874,0.33158502243885,0.483247718182177,0.590141061426874,"","ALDEx2_kw"
"k__Bacteria|p__Bacillota|c__Bacilli|o__Bacillales|f__Bacillaceae|g__|s__|ASV_3276","February - September","k__Bacteria|p__Bacillota|c__Bacilli|o__Bacillales|f__Bacillaceae|g__|s__|ASV_3276",0.565177200263544,0.710742731357489,0.567439669912738,0.714301637076184,0.710742731357489,"","ALDEx2_kw"
"k__Bacteria|p__Cyanobacteriota|c__Cyanobacteriia|o__Phormidesmiales|f__Phormidesmiaceae|g__Phormidesmis_ANT.LACV5.1|s__|ASV_6961","February - September","k__Bacteria|p__Cyanobacteriota|c__Cyanobacteriia|o__Phormidesmiales|f__Phormidesmiaceae|g__Phormidesmis_ANT.LACV5.1|s__|ASV_6961",0.409164269613044,0.583139867148797,0.342286106038391,0.503884347450273,0.583139867148797,"","ALDEx2_kw"
"k__Bacteria|p__Pseudomonadota|c__Gammaproteobacteria|o__Pseudomonadales|f__211ds20|g__|s__|ASV_7484","February - September","k__Bacteria|p__Pseudomonadota|c__Gammaproteobacteria|o__Pseudomonadales|f__211ds20|g__|s__|ASV_7484",0.286391353213563,0.495464312177494,0.359553902301655,0.533560718727623,0.495464312177494,"","ALDEx2_kw"
"k__Bacteria|p__Bacteroidota|c__Bacteroidia|o__Cytophagales|f__Cyclobacteriaceae|g__|s__|ASV_14628","February - September","k__Bacteria|p__Bacteroidota|c__Bacteroidia|o__Cytophagales|f__Cyclobacteriaceae|g__|s__|ASV_14628",0.132951706778324,0.29633194542355,0.0996601449945238,0.225858435267896,0.29633194542355,"","ALDEx2_kw"
"k__Bacteria|p__Balneolota|c__Balneolia|o__Balneolales|f__Balneolaceae|g__|s__|ASV_11154","February - September","k__Bacteria|p__Balneolota|c__Balneolia|o__Balneolales|f__Balneolaceae|g__|s__|ASV_11154",0.161314953199698,0.322732133388285,0.110469161539323,0.234862318407424,0.322732133388285,"","ALDEx2_kw"
"k__Bacteria|p__Myxococcota|c__Polyangiia|o__Polyangiales|f__Sandaracinaceae|g__|s__|ASV_12484","February - September","k__Bacteria|p__Myxococcota|c__Polyangiia|o__Polyangiales|f__Sandaracinaceae|g__|s__|ASV_12484",0.522155421663872,0.680414657234235,0.522831402021666,0.663946587414816,0.680414657234235,"","ALDEx2_kw"
"k__Bacteria|p__Pseudomonadota|c__Alphaproteobacteria|o__Rhodobacterales|f__Paracoccaceae|g__Palleronia-Pseudomaribius|s__|ASV_3694","February - September","k__Bacteria|p__Pseudomonadota|c__Alphaproteobacteria|o__Rhodobacterales|f__Paracoccaceae|g__Palleronia-Pseudomaribius|s__|ASV_3694",0.417791295934109,0.591480028224263,0.375556323496988,0.533066296390395,0.591480028224263,"","ALDEx2_kw"
"k__Bacteria|p__Pseudomonadota|c__Alphaproteobacteria|o__Sphingomonadales|f__Sphingomonadaceae|g__Altericroceibacterium|s__|ASV_8248","February - September","k__Bacteria|p__Pseudomonadota|c__Alphaproteobacteria|o__Sphingomonadales|f__Sphingomonadaceae|g__Altericroceibacterium|s__|ASV_8248",0.454866994243512,0.639440629821209,0.541941283950494,0.693761510964433,0.639440629821209,"","ALDEx2_kw"
"k__Bacteria|p__Planctomycetota|c__Planctomycetes|o__Pirellulales|f__Pirellulaceae|g__Bythopirellula|s__|ASV_15346","February - September","k__Bacteria|p__Planctomycetota|c__Planctomycetes|o__Pirellulales|f__Pirellulaceae|g__Bythopirellula|s__|ASV_15346",0.110295437926043,0.295753388863028,0.139105805238243,0.291192145297989,0.295753388863028,"","ALDEx2_kw"
"k__Bacteria|p__Pseudomonadota|c__Alphaproteobacteria|o__Rhodobacterales|f__Paracoccaceae|g__Tropicimonas-Psychromarinibacter|s__|ASV_2406","February - September","k__Bacteria|p__Pseudomonadota|c__Alphaproteobacteria|o__Rhodobacterales|f__Paracoccaceae|g__Tropicimonas-Psychromarinibacter|s__|ASV_2406",0.0572228530242847,0.189788454186321,0.081294854754044,0.189042327128477,0.189788454186321,"","ALDEx2_kw"
"k__Bacteria|p__Pseudomonadota|c__Gammaproteobacteria|o__Granulosicoccales|f__Granulosicoccaceae|g__Granulosicoccus|s__|ASV_4598","February - September","k__Bacteria|p__Pseudomonadota|c__Gammaproteobacteria|o__Granulosicoccales|f__Granulosicoccaceae|g__Granulosicoccus|s__|ASV_4598",0.580461219639977,0.733319223764433,0.594734030353052,0.737267132093715,0.733319223764433,"","ALDEx2_kw"
"k__Bacteria|p__Pseudomonadota|c__Gammaproteobacteria|o__Pseudomonadales|f__Pseudohongiellaceae|g__Pseudohongiella|s__|ASV_13196","February - September","k__Bacteria|p__Pseudomonadota|c__Gammaproteobacteria|o__Pseudomonadales|f__Pseudohongiellaceae|g__Pseudohongiella|s__|ASV_13196",0.530175384497354,0.688991961743256,0.528395360087965,0.681225364277517,0.688991961743256,"","ALDEx2_kw"
"k__Bacteria|p__Acidobacteriota|c__Thermoanaerobaculia|o__Thermoanaerobaculales|f__Thermoanaerobaculaceae|g__Subgroup_10|s__|ASV_642","February - September","k__Bacteria|p__Acidobacteriota|c__Thermoanaerobaculia|o__Thermoanaerobaculales|f__Thermoanaerobaculaceae|g__Subgroup_10|s__|ASV_642",0.733747238727944,0.841397377970265,0.650938061167575,0.783260184541955,0.841397377970265,"","ALDEx2_kw"
"k__Bacteria|p__Bacteroidota|c__Bacteroidia|o__Cytophagales|f__Cyclobacteriaceae|g__|s__|ASV_5830","February - September","k__Bacteria|p__Bacteroidota|c__Bacteroidia|o__Cytophagales|f__Cyclobacteriaceae|g__|s__|ASV_5830",0.000895191579218746,0.0193168818025171,0.00102292425477421,0.00882543401907529,0.0193168818025171,"*","ALDEx2_kw"
"k__Bacteria|p__Bacteroidota|c__Bacteroidia|o__Flavobacteriales|f__Cryomorphaceae|g__Cryomorpha|s__|ASV_1777","February - September","k__Bacteria|p__Bacteroidota|c__Bacteroidia|o__Flavobacteriales|f__Cryomorphaceae|g__Cryomorpha|s__|ASV_1777",0.571783001473607,0.724495953520269,0.519522816649429,0.667554394190384,0.724495953520269,"","ALDEx2_kw"
"k__Bacteria|p__Rhodothermota|c__Rhodothermia|o__Rhodothermales|f__Rhodothermaceae|g__|s__|ASV_14560","February - September","k__Bacteria|p__Rhodothermota|c__Rhodothermia|o__Rhodothermales|f__Rhodothermaceae|g__|s__|ASV_14560",0.6728644768658,0.800940672061645,0.62870058241736,0.762097282978531,0.800940672061645,"","ALDEx2_kw"
"k__Bacteria|p__Actinomycetota|c__Actinobacteria|o__Nitriliruptorales|f__Nitriliruptoraceae|g__|s__|ASV_9244","February - September","k__Bacteria|p__Actinomycetota|c__Actinobacteria|o__Nitriliruptorales|f__Nitriliruptoraceae|g__|s__|ASV_9244",0.613795157490333,0.752174790653306,0.599200934100197,0.733907742966362,0.752174790653306,"","ALDEx2_kw"
"k__Bacteria|p__Bacillota|c__Clostridia|o__Oscillospirales|f__Oscillospiraceae|g__|s__|ASV_10387","February - September","k__Bacteria|p__Bacillota|c__Clostridia|o__Oscillospirales|f__Oscillospiraceae|g__|s__|ASV_10387",0.318771715620116,0.492731871364474,0.202153602082927,0.360185004717521,0.492731871364474,"","ALDEx2_kw"
"k__Bacteria|p__Bacteroidota|c__Bacteroidia|o__Cytophagales|f__Mooreiaceae|g__Mooreia|s__|ASV_5217","February - September","k__Bacteria|p__Bacteroidota|c__Bacteroidia|o__Cytophagales|f__Mooreiaceae|g__Mooreia|s__|ASV_5217",0.0119326504400079,0.0841788059299608,0.0139030313089214,0.0642765082167052,0.0841788059299608,"","ALDEx2_kw"
"k__Bacteria|p__Bacteroidota|c__Bacteroidia|o__Flavobacteriales|f__Flavobacteriaceae|g__Winogradskyella|s__|ASV_124","February - September","k__Bacteria|p__Bacteroidota|c__Bacteroidia|o__Flavobacteriales|f__Flavobacteriaceae|g__Winogradskyella|s__|ASV_124",0.159681508655363,0.317867290131029,0.127244078901328,0.251929176558906,0.317867290131029,"","ALDEx2_kw"
"k__Bacteria|p__Cyanobacteriota|c__Cyanobacteriia|o__Phormidesmiales|f__Phormidesmiaceae|g__Phormidium_MBIC10003|s__|ASV_9451","February - September","k__Bacteria|p__Cyanobacteriota|c__Cyanobacteriia|o__Phormidesmiales|f__Phormidesmiaceae|g__Phormidium_MBIC10003|s__|ASV_9451",0.347951812254298,0.527468182974345,0.303932605988664,0.470225184030504,0.527468182974345,"","ALDEx2_kw"
"k__Bacteria|p__Pseudomonadota|c__Alphaproteobacteria|o__Hyphomicrobiales|f__Devosiaceae|g__|s__|ASV_7810","February - September","k__Bacteria|p__Pseudomonadota|c__Alphaproteobacteria|o__Hyphomicrobiales|f__Devosiaceae|g__|s__|ASV_7810",0.0102885456445096,0.0758702373215264,0.030467120397662,0.0969841438666933,0.0758702373215264,"","ALDEx2_kw"
"k__Bacteria|p__Chloroflexota|c__Anaerolineae|o__Caldilineales|f__Caldilineaceae|g__|s__|ASV_13484","February - September","k__Bacteria|p__Chloroflexota|c__Anaerolineae|o__Caldilineales|f__Caldilineaceae|g__|s__|ASV_13484",0.717212709802811,0.830800748024498,0.584642539590525,0.730088441335754,0.830800748024498,"","ALDEx2_kw"
"k__Bacteria|p__Pseudomonadota|c__Gammaproteobacteria|o__Chromatiales|f__Chromatiaceae|g__Thiophaeococcus|s__|ASV_8593","February - September","k__Bacteria|p__Pseudomonadota|c__Gammaproteobacteria|o__Chromatiales|f__Chromatiaceae|g__Thiophaeococcus|s__|ASV_8593",0.456066365056304,0.620859074633243,0.356933150959528,0.521134876898828,0.620859074633243,"","ALDEx2_kw"
"k__Bacteria|p__Rhodothermota|c__Rhodothermia|o__Rhodothermales|f__Rhodothermaceae|g__|s__|ASV_5330","February - September","k__Bacteria|p__Rhodothermota|c__Rhodothermia|o__Rhodothermales|f__Rhodothermaceae|g__|s__|ASV_5330",0.247021714766369,0.448740343896613,0.273207523663569,0.438748126923255,0.448740343896613,"","ALDEx2_kw"
"k__Bacteria|p__Verrucomicrobiota|c__Verrucomicrobiia|o__Verrucomicrobiales|f__Rubritaleaceae|g__Roseibacillus|s__|ASV_3198","February - September","k__Bacteria|p__Verrucomicrobiota|c__Verrucomicrobiia|o__Verrucomicrobiales|f__Rubritaleaceae|g__Roseibacillus|s__|ASV_3198",0.367324065772723,0.533106836623263,0.283110009919246,0.435068179096055,0.533106836623263,"","ALDEx2_kw"
"k__Bacteria|p__Actinomycetota|c__Actinobacteria|o__Euzebyales|f__Euzebyaceae|g__|s__|ASV_9470","February - September","k__Bacteria|p__Actinomycetota|c__Actinobacteria|o__Euzebyales|f__Euzebyaceae|g__|s__|ASV_9470",0.326449572603892,0.485964652995512,0.273858754613489,0.421182218486603,0.485964652995512,"","ALDEx2_kw"
"k__Bacteria|p__Pseudomonadota|c__Alphaproteobacteria|o__Sphingomonadales|f__Sphingomonadaceae|g__|s__|ASV_7186","February - September","k__Bacteria|p__Pseudomonadota|c__Alphaproteobacteria|o__Sphingomonadales|f__Sphingomonadaceae|g__|s__|ASV_7186",0.394377365815708,0.566431445857714,0.294078650678555,0.453913491355013,0.566431445857714,"","ALDEx2_kw"
"k__Bacteria|p__Pseudomonadota|c__Gammaproteobacteria|o__Enterobacterales|f__Vibrionaceae|g__Vibrio|s__|ASV_2698","February - September","k__Bacteria|p__Pseudomonadota|c__Gammaproteobacteria|o__Enterobacterales|f__Vibrionaceae|g__Vibrio|s__|ASV_2698",0.404390294057636,0.572392785530754,0.380855279111956,0.538771952682305,0.572392785530754,"","ALDEx2_kw"
"k__Bacteria|p__Rhodothermota|c__Rhodothermia|o__Rhodothermales|f__Rhodothermaceae|g__|s__|ASV_16022","February - September","k__Bacteria|p__Rhodothermota|c__Rhodothermia|o__Rhodothermales|f__Rhodothermaceae|g__|s__|ASV_16022",0.0339823665532131,0.135090414351342,0.0498452791443115,0.131124553550713,0.135090414351342,"","ALDEx2_kw"
"k__Bacteria|p__Thermodesulfobacteriota|c__Desulfobacteria|o__Desulfobacterales|f__Desulfatirhabdiaceae|g__|s__|ASV_13954","February - September","k__Bacteria|p__Thermodesulfobacteriota|c__Desulfobacteria|o__Desulfobacterales|f__Desulfatirhabdiaceae|g__|s__|ASV_13954",0.31127265121993,0.492513253085734,0.251034239515631,0.415226495443668,0.492513253085734,"","ALDEx2_kw"
"k__Bacteria|p__Verrucomicrobiota|c__Verrucomicrobiia|o__Verrucomicrobiales|f__Rubritaleaceae|g__Roseibacillus|s__|ASV_13004","February - September","k__Bacteria|p__Verrucomicrobiota|c__Verrucomicrobiia|o__Verrucomicrobiales|f__Rubritaleaceae|g__Roseibacillus|s__|ASV_13004",0.377155942737825,0.540056401510164,0.30474793574158,0.459869193879407,0.540056401510164,"","ALDEx2_kw"
"k__Bacteria|p__Pseudomonadota|c__Gammaproteobacteria|o__Pseudomonadales|f__Halomonadaceae|g__Larsenimonas|s__|ASV_13136","February - September","k__Bacteria|p__Pseudomonadota|c__Gammaproteobacteria|o__Pseudomonadales|f__Halomonadaceae|g__Larsenimonas|s__|ASV_13136",0.0735356691947118,0.219080026479614,0.0919339301074168,0.212082381506542,0.219080026479614,"","ALDEx2_kw"
"k__Bacteria|p__Rhodothermota|c__Rhodothermia|o__Rhodothermales|f__Rhodothermaceae|g__Rubrivirga|s__|ASV_11310","February - September","k__Bacteria|p__Rhodothermota|c__Rhodothermia|o__Rhodothermales|f__Rhodothermaceae|g__Rubrivirga|s__|ASV_11310",0.0564718740503172,0.174608867862489,0.0496457146927658,0.1360978744421,0.174608867862489,"","ALDEx2_kw"
"k__Bacteria|p__Bacteroidota|c__Bacteroidia|o__Chitinophagales|f__Saprospiraceae|g__Phaeodactylibacter|s__|ASV_9821","February - September","k__Bacteria|p__Bacteroidota|c__Bacteroidia|o__Chitinophagales|f__Saprospiraceae|g__Phaeodactylibacter|s__|ASV_9821",0.48775190197942,0.657728441425825,0.482150206123925,0.639466169826885,0.657728441425825,"","ALDEx2_kw"
"k__Bacteria|p__Bacteroidota|c__Bacteroidia|o__Cytophagales|f__Cyclobacteriaceae|g__Reichenbachiella|s__|ASV_15950","February - September","k__Bacteria|p__Bacteroidota|c__Bacteroidia|o__Cytophagales|f__Cyclobacteriaceae|g__Reichenbachiella|s__|ASV_15950",0.147280810985592,0.327569188634902,0.193238567940288,0.34588633698185,0.327569188634902,"","ALDEx2_kw"
"k__Bacteria|p__Pseudomonadota|c__Alphaproteobacteria|o__Hyphomicrobiales|f__Devosiaceae|g__|s__|ASV_4313","February - September","k__Bacteria|p__Pseudomonadota|c__Alphaproteobacteria|o__Hyphomicrobiales|f__Devosiaceae|g__|s__|ASV_4313",0.293344033006743,0.468283817963308,0.205049315735458,0.357739549734651,0.468283817963308,"","ALDEx2_kw"
"k__Bacteria|p__Pseudomonadota|c__Alphaproteobacteria|o__Rhodobacterales|f__Paracoccaceae|g__|s__|ASV_5248","February - September","k__Bacteria|p__Pseudomonadota|c__Alphaproteobacteria|o__Rhodobacterales|f__Paracoccaceae|g__|s__|ASV_5248",0.0640658504702432,0.185593309869937,0.0623827904425693,0.147481619975106,0.185593309869937,"","ALDEx2_kw"
"k__Bacteria|p__Pseudomonadota|c__Alphaproteobacteria|o__Sphingomonadales|f__Sphingomonadaceae|g__|s__|ASV_4793","February - September","k__Bacteria|p__Pseudomonadota|c__Alphaproteobacteria|o__Sphingomonadales|f__Sphingomonadaceae|g__|s__|ASV_4793",0.465334485084126,0.635957599499323,0.47673198893467,0.63683937067594,0.635957599499323,"","ALDEx2_kw"
"k__Bacteria|p__Verrucomicrobiota|c__Verrucomicrobiia|o__Verrucomicrobiales|f__DEV007|g__|s__|ASV_4459","February - September","k__Bacteria|p__Verrucomicrobiota|c__Verrucomicrobiia|o__Verrucomicrobiales|f__DEV007|g__|s__|ASV_4459",0.0855439711132136,0.23052907146614,0.0926323723975209,0.212203765720296,0.23052907146614,"","ALDEx2_kw"
"k__Bacteria|p__Cyanobacteriota|c__Cyanobacteriia|o__Phormidesmiales|f__Phormidesmiaceae|g__Phormidium_MBIC10003|s__|ASV_13924","February - September","k__Bacteria|p__Cyanobacteriota|c__Cyanobacteriia|o__Phormidesmiales|f__Phormidesmiaceae|g__Phormidium_MBIC10003|s__|ASV_13924",0.491282978142184,0.645633904405713,0.430789773037389,0.591883761016796,0.645633904405713,"","ALDEx2_kw"
"k__Bacteria|p__Myxococcota|c__Polyangiia|o__Haliangiales|f__Haliangiaceae|g__|s__|ASV_3353","February - September","k__Bacteria|p__Myxococcota|c__Polyangiia|o__Haliangiales|f__Haliangiaceae|g__|s__|ASV_3353",0.185724164265849,0.351522710758666,0.143970465972816,0.281995628163682,0.351522710758666,"","ALDEx2_kw"
"k__Bacteria|p__Pseudomonadota|c__Alphaproteobacteria|o__Rhodobacterales|f__Paracoccaceae|g__Wenxinia|s__|ASV_2338","February - September","k__Bacteria|p__Pseudomonadota|c__Alphaproteobacteria|o__Rhodobacterales|f__Paracoccaceae|g__Wenxinia|s__|ASV_2338",0.633251757039243,0.769758471560477,0.647728560719367,0.775746897202715,0.769758471560477,"","ALDEx2_kw"
"k__Bacteria|p__Pseudomonadota|c__Alphaproteobacteria|o__Rhodobacterales|f__Paracoccaceae|g__|s__|ASV_12432","February - September","k__Bacteria|p__Pseudomonadota|c__Alphaproteobacteria|o__Rhodobacterales|f__Paracoccaceae|g__|s__|ASV_12432",0.37353404375026,0.536639811764247,0.287252744957113,0.437248342695372,0.536639811764247,"","ALDEx2_kw"
"k__Bacteria|p__Bacteroidota|c__Bacteroidia|o__Flavobacteriales|f__Flavobacteriaceae|g__|s__|ASV_2498","February - September","k__Bacteria|p__Bacteroidota|c__Bacteroidia|o__Flavobacteriales|f__Flavobacteriaceae|g__|s__|ASV_2498",0.549485820077244,0.699055582405211,0.549455622641365,0.700741276174823,0.699055582405211,"","ALDEx2_kw"
"k__Bacteria|p__Pseudomonadota|c__Gammaproteobacteria|o__Ectothiorhodospirales|f__Ectothiorhodospiraceae|g__Thiogranum|s__|ASV_4857","February - September","k__Bacteria|p__Pseudomonadota|c__Gammaproteobacteria|o__Ectothiorhodospirales|f__Ectothiorhodospiraceae|g__Thiogranum|s__|ASV_4857",0.557111233590793,0.709672539294227,0.537186003858891,0.690833119735656,0.709672539294227,"","ALDEx2_kw"
"k__Bacteria|p__Rhodothermota|c__Rhodothermia|o__Rhodothermales|f__Rhodothermaceae|g__Rubrivirga|s__|ASV_4871","February - September","k__Bacteria|p__Rhodothermota|c__Rhodothermia|o__Rhodothermales|f__Rhodothermaceae|g__Rubrivirga|s__|ASV_4871",0.549971053707243,0.703505351584485,0.521892277757926,0.674342697120093,0.703505351584485,"","ALDEx2_kw"
"k__Bacteria|p__Bacteroidota|c__Bacteroidia|o__Cytophagales|f__Cyclobacteriaceae|g__|s__|ASV_15791","February - September","k__Bacteria|p__Bacteroidota|c__Bacteroidia|o__Cytophagales|f__Cyclobacteriaceae|g__|s__|ASV_15791",0.4718714326151,0.628139942755802,0.43207268144901,0.582141824484947,0.628139942755802,"","ALDEx2_kw"
"k__Bacteria|p__Chloroflexota|c__Anaerolineae|o__Caldilineales|f__Caldilineaceae|g__|s__|ASV_10173","February - September","k__Bacteria|p__Chloroflexota|c__Anaerolineae|o__Caldilineales|f__Caldilineaceae|g__|s__|ASV_10173",0.29612860436489,0.482166774787609,0.302226342319999,0.469432785478148,0.482166774787609,"","ALDEx2_kw"
"k__Bacteria|p__Planctomycetota|c__Planctomycetes|o__Planctomycetales|f__Gimesiaceae|g__|s__|ASV_8713","February - September","k__Bacteria|p__Planctomycetota|c__Planctomycetes|o__Planctomycetales|f__Gimesiaceae|g__|s__|ASV_8713",0.181217714090512,0.35752649744647,0.125591227146371,0.256574931974997,0.35752649744647,"","ALDEx2_kw"
"k__Bacteria|p__Pseudomonadota|c__Alphaproteobacteria|o__Rhodobacterales|f__Paracoccaceae|g__Maribius|s__|ASV_5962","February - September","k__Bacteria|p__Pseudomonadota|c__Alphaproteobacteria|o__Rhodobacterales|f__Paracoccaceae|g__Maribius|s__|ASV_5962",0.235597755621877,0.405960379694329,0.170974083061882,0.311132942217065,0.405960379694329,"","ALDEx2_kw"
"k__Bacteria|p__Pseudomonadota|c__Alphaproteobacteria|o__Rhodobacterales|f__Paracoccaceae|g__Palleronia-Pseudomaribius|s__|ASV_24","February - September","k__Bacteria|p__Pseudomonadota|c__Alphaproteobacteria|o__Rhodobacterales|f__Paracoccaceae|g__Palleronia-Pseudomaribius|s__|ASV_24",0.556633690589188,0.697524352056863,0.514702947035921,0.660361472617499,0.697524352056863,"","ALDEx2_kw"
"k__Bacteria|p__Bacteroidota|c__Bacteroidia|o__Chitinophagales|f__Saprospiraceae|g__Lewinella|s__|ASV_14840","February - September","k__Bacteria|p__Bacteroidota|c__Bacteroidia|o__Chitinophagales|f__Saprospiraceae|g__Lewinella|s__|ASV_14840",0.318084799644817,0.507653188787204,0.324501201251596,0.49111957003094,0.507653188787204,"","ALDEx2_kw"
"k__Bacteria|p__Cyanobacteriota|c__Cyanobacteriia|o__Cyanobacteriales|f__Xenococcaceae|g__Myxosarcina_GI1|s__|ASV_12810","February - September","k__Bacteria|p__Cyanobacteriota|c__Cyanobacteriia|o__Cyanobacteriales|f__Xenococcaceae|g__Myxosarcina_GI1|s__|ASV_12810",0.35677146859242,0.538888661999347,0.332370714212367,0.498024421372433,0.538888661999347,"","ALDEx2_kw"
"k__Bacteria|p__Planctomycetota|c__Planctomycetes|o__Planctomycetales|f__Gimesiaceae|g__|s__|ASV_8729","February - September","k__Bacteria|p__Planctomycetota|c__Planctomycetes|o__Planctomycetales|f__Gimesiaceae|g__|s__|ASV_8729",0.595841662921692,0.739088154367814,0.570647425347032,0.716437819655706,0.739088154367814,"","ALDEx2_kw"
"k__Bacteria|p__Pseudomonadota|c__Alphaproteobacteria|o__Rhodobacterales|f__Paracoccaceae|g__|s__|ASV_4342","February - September","k__Bacteria|p__Pseudomonadota|c__Alphaproteobacteria|o__Rhodobacterales|f__Paracoccaceae|g__|s__|ASV_4342",0.271431216007339,0.435163936843274,0.204875154379772,0.340825823417241,0.435163936843274,"","ALDEx2_kw"
"k__Bacteria|p__Pseudomonadota|c__Gammaproteobacteria|o__Arenicellales|f__Arenicellaceae|g__Candidatus_Thiosymbion|s__|ASV_7417","February - September","k__Bacteria|p__Pseudomonadota|c__Gammaproteobacteria|o__Arenicellales|f__Arenicellaceae|g__Candidatus_Thiosymbion|s__|ASV_7417",0.46824546354022,0.628720416062763,0.414497429477401,0.570391691294159,0.628720416062763,"","ALDEx2_kw"
"k__Bacteria|p__Acidobacteriota|c__Thermoanaerobaculia|o__Thermoanaerobaculales|f__Thermoanaerobaculaceae|g__Subgroup_10|s__|ASV_9297","February - September","k__Bacteria|p__Acidobacteriota|c__Thermoanaerobaculia|o__Thermoanaerobaculales|f__Thermoanaerobaculaceae|g__Subgroup_10|s__|ASV_9297",0.639375872993758,0.768192350881415,0.630209391449674,0.754916079214845,0.768192350881415,"","ALDEx2_kw"
"k__Bacteria|p__Bacteroidota|c__Bacteroidia|o__Chitinophagales|f__Saprospiraceae|g__Lewinella|s__|ASV_5651","February - September","k__Bacteria|p__Bacteroidota|c__Bacteroidia|o__Chitinophagales|f__Saprospiraceae|g__Lewinella|s__|ASV_5651",0.34324150758146,0.533677962425086,0.320024618655527,0.494193810997961,0.533677962425086,"","ALDEx2_kw"
"k__Bacteria|p__Bacteroidota|c__Bacteroidia|o__Flavobacteriales|f__Flavobacteriaceae|g__Pricia|s__|ASV_13538","February - September","k__Bacteria|p__Bacteroidota|c__Bacteroidia|o__Flavobacteriales|f__Flavobacteriaceae|g__Pricia|s__|ASV_13538",0.381798813732065,0.54957590306636,0.28516950723955,0.441870192722058,0.54957590306636,"","ALDEx2_kw"
"k__Bacteria|p__Bacteroidota|c__Bacteroidia|o__Flavobacteriales|f__Flavobacteriaceae|g__|s__|ASV_2473","February - September","k__Bacteria|p__Bacteroidota|c__Bacteroidia|o__Flavobacteriales|f__Flavobacteriaceae|g__|s__|ASV_2473",0.21552993027319,0.415318499524691,0.270763415272886,0.435511843452807,0.415318499524691,"","ALDEx2_kw"
"k__Bacteria|p__Pseudomonadota|c__Alphaproteobacteria|o__Rhodobacterales|f__Paracoccaceae|g__Jannaschia|s__|ASV_5480","February - September","k__Bacteria|p__Pseudomonadota|c__Alphaproteobacteria|o__Rhodobacterales|f__Paracoccaceae|g__Jannaschia|s__|ASV_5480",0.634482682510863,0.773019136493412,0.620814931928984,0.758858273065921,0.773019136493412,"","ALDEx2_kw"
"k__Bacteria|p__Thermodesulfobacteriota|c__Desulfobacteria|o__Desulfobacterales|f__Desulfosarcinaceae|g__SEEP-SRB1|s__|ASV_7773","February - September","k__Bacteria|p__Thermodesulfobacteriota|c__Desulfobacteria|o__Desulfobacterales|f__Desulfosarcinaceae|g__SEEP-SRB1|s__|ASV_7773",0.521879253733599,0.687651646091121,0.485460028870625,0.647358773332973,0.687651646091121,"","ALDEx2_kw"
"k__Archaea|p__Halobacteriota|c__Halobacteria|o__Halobacterales|f__Halomicrobiaceae|g__Halomarina|s__|ASV_6863","February - September","k__Archaea|p__Halobacteriota|c__Halobacteria|o__Halobacterales|f__Halomicrobiaceae|g__Halomarina|s__|ASV_6863",0.495765681097326,0.661862196307524,0.427810843808141,0.593656214627716,0.661862196307524,"","ALDEx2_kw"
"k__Bacteria|p__Actinomycetota|c__Actinobacteria|o__Micrococcales|f__Intrasporangiaceae|g__Serinicoccus|s__|ASV_15687","February - September","k__Bacteria|p__Actinomycetota|c__Actinobacteria|o__Micrococcales|f__Intrasporangiaceae|g__Serinicoccus|s__|ASV_15687",0.391155478387521,0.562261264372275,0.328314268719687,0.486764886303988,0.562261264372275,"","ALDEx2_kw"
"k__Bacteria|p__Rhodothermota|c__Rhodothermia|o__Rhodothermales|f__Rhodothermaceae|g__Rubrivirga|s__|ASV_9042","February - September","k__Bacteria|p__Rhodothermota|c__Rhodothermia|o__Rhodothermales|f__Rhodothermaceae|g__Rubrivirga|s__|ASV_9042",0.363466306532756,0.531252940622522,0.238311295323561,0.396117501127852,0.531252940622522,"","ALDEx2_kw"
"k__Bacteria|p__Bacteroidota|c__Bacteroidia|o__Chitinophagales|f__Saprospiraceae|g__Lewinella|s__|ASV_12603","February - September","k__Bacteria|p__Bacteroidota|c__Bacteroidia|o__Chitinophagales|f__Saprospiraceae|g__Lewinella|s__|ASV_12603",0.454817329536308,0.62272461366643,0.398368482560091,0.558394697994283,0.62272461366643,"","ALDEx2_kw"
"k__Bacteria|p__Bacteroidota|c__Bacteroidia|o__Cytophagales|f__Cyclobacteriaceae|g__|s__|ASV_8340","February - September","k__Bacteria|p__Bacteroidota|c__Bacteroidia|o__Cytophagales|f__Cyclobacteriaceae|g__|s__|ASV_8340",0.473547705615198,0.639928280420941,0.410248281714966,0.575160935193643,0.639928280420941,"","ALDEx2_kw"
"k__Bacteria|p__Bacteroidota|c__Bacteroidia|o__Flavobacteriales|f__Flavobacteriaceae|g__Actibacter|s__|ASV_16072","February - September","k__Bacteria|p__Bacteroidota|c__Bacteroidia|o__Flavobacteriales|f__Flavobacteriaceae|g__Actibacter|s__|ASV_16072",0.38373431709759,0.569696676913265,0.384100180532052,0.551532552122875,0.569696676913265,"","ALDEx2_kw"
"k__Bacteria|p__Deinococcota|c__Deinococci|o__Deinococcales|f__Trueperaceae|g__Truepera|s__|ASV_10769","February - September","k__Bacteria|p__Deinococcota|c__Deinococci|o__Deinococcales|f__Trueperaceae|g__Truepera|s__|ASV_10769",0.490123711740481,0.654555807385904,0.525353934848439,0.679672665949403,0.654555807385904,"","ALDEx2_kw"
"k__Bacteria|p__Pseudomonadota|c__Alphaproteobacteria|o__Micavibrionales|f__Micavibrionaceae|g__|s__|ASV_10591","February - September","k__Bacteria|p__Pseudomonadota|c__Alphaproteobacteria|o__Micavibrionales|f__Micavibrionaceae|g__|s__|ASV_10591",0.349807473151113,0.540245360688464,0.385268578593624,0.555085151228372,0.540245360688464,"","ALDEx2_kw"
"k__Bacteria|p__Pseudomonadota|c__Alphaproteobacteria|o__Rhodobacterales|f__Paracoccaceae|g__Limibaculum|s__|ASV_7046","February - September","k__Bacteria|p__Pseudomonadota|c__Alphaproteobacteria|o__Rhodobacterales|f__Paracoccaceae|g__Limibaculum|s__|ASV_7046",0.0883724585902314,0.25677160225374,0.146335590936241,0.297874396150747,0.25677160225374,"","ALDEx2_kw"
"k__Bacteria|p__Rhodothermota|c__Rhodothermia|o__Rhodothermales|f__Rhodothermaceae|g__|s__|ASV_15482","February - September","k__Bacteria|p__Rhodothermota|c__Rhodothermia|o__Rhodothermales|f__Rhodothermaceae|g__|s__|ASV_15482",0.180183634894831,0.344603159712654,0.143084237819877,0.282050602429821,0.344603159712654,"","ALDEx2_kw"
"k__Bacteria|p__Calditrichota|c__Calditrichia|o__Calditrichales|f__Calditrichaceae|g__|s__|ASV_15461","February - September","k__Bacteria|p__Calditrichota|c__Calditrichia|o__Calditrichales|f__Calditrichaceae|g__|s__|ASV_15461",0.00645882089799948,0.0571749099361206,0.0111512446212245,0.0540732664888261,0.0571749099361206,"","ALDEx2_kw"
"k__Bacteria|p__Cyanobacteriota|c__Cyanobacteriia|o__Cyanobacteriales|f__Xenococcaceae|g__Pleurocapsa_PCC-7319|s__|ASV_13765","February - September","k__Bacteria|p__Cyanobacteriota|c__Cyanobacteriia|o__Cyanobacteriales|f__Xenococcaceae|g__Pleurocapsa_PCC-7319|s__|ASV_13765",0.440287689523658,0.598552129257896,0.410143477902534,0.569470624640758,0.598552129257896,"","ALDEx2_kw"
"k__Bacteria|p__Planctomycetota|c__Planctomycetes|o__Planctomycetales|f__Rubinisphaeraceae|g__Planctomicrobium|s__|ASV_11443","February - September","k__Bacteria|p__Planctomycetota|c__Planctomycetes|o__Planctomycetales|f__Rubinisphaeraceae|g__Planctomicrobium|s__|ASV_11443",0.014568297369432,0.0865570423817723,0.0252555334053031,0.0773935590504441,0.0865570423817723,"","ALDEx2_kw"
"k__Bacteria|p__Pseudomonadota|c__Alphaproteobacteria|o__Rhodobacterales|f__Paracoccaceae|g__|s__|ASV_13400","February - September","k__Bacteria|p__Pseudomonadota|c__Alphaproteobacteria|o__Rhodobacterales|f__Paracoccaceae|g__|s__|ASV_13400",0.172903713206766,0.341779117585985,0.119130533899684,0.251707713045963,0.341779117585985,"","ALDEx2_kw"
"k__Bacteria|p__Pseudomonadota|c__Alphaproteobacteria|o__Rhodobacterales|f__Paracoccaceae|g__|s__|ASV_280","February - September","k__Bacteria|p__Pseudomonadota|c__Alphaproteobacteria|o__Rhodobacterales|f__Paracoccaceae|g__|s__|ASV_280",0.102903973448811,0.276191247754669,0.152340532590897,0.310999258173035,0.276191247754669,"","ALDEx2_kw"
"k__Bacteria|p__Pseudomonadota|c__Alphaproteobacteria|o__|f__Neomegalonemataceae|g__Acuticoccus|s__|ASV_2125","February - September","k__Bacteria|p__Pseudomonadota|c__Alphaproteobacteria|o__|f__Neomegalonemataceae|g__Acuticoccus|s__|ASV_2125",0.0820521515185925,0.225614393240849,0.103724795036053,0.218076511541906,0.225614393240849,"","ALDEx2_kw"
"k__Bacteria|p__Myxococcota|c__Polyangiia|o__Polyangiales|f__Sandaracinaceae|g__|s__|ASV_1252","February - September","k__Bacteria|p__Myxococcota|c__Polyangiia|o__Polyangiales|f__Sandaracinaceae|g__|s__|ASV_1252",0.469945501813888,0.63025540628037,0.462768359020317,0.611366572177578,0.63025540628037,"","ALDEx2_kw"
"k__Bacteria|p__Thermodesulfobacteriota|c__Desulfobulbia|o__Desulfobulbales|f__Desulfocapsaceae|g__Desulfopila|s__|ASV_1368","February - September","k__Bacteria|p__Thermodesulfobacteriota|c__Desulfobulbia|o__Desulfobulbales|f__Desulfocapsaceae|g__Desulfopila|s__|ASV_1368",0.437622291136138,0.600352874138462,0.345832588154468,0.502082791702409,0.600352874138462,"","ALDEx2_kw"
"k__Bacteria|p__Bacteroidota|c__Bacteroidia|o__Cytophagales|f__Cyclobacteriaceae|g__Fulvivirga|s__|ASV_12732","February - September","k__Bacteria|p__Bacteroidota|c__Bacteroidia|o__Cytophagales|f__Cyclobacteriaceae|g__Fulvivirga|s__|ASV_12732",0.634744901043537,0.772425720372342,0.597242407522192,0.73807743338501,0.772425720372342,"","ALDEx2_kw"
"k__Bacteria|p__Bacteroidota|c__Bacteroidia|o__Flavobacteriales|f__Flavobacteriaceae|g__Robertkochia|s__|ASV_13422","February - September","k__Bacteria|p__Bacteroidota|c__Bacteroidia|o__Flavobacteriales|f__Flavobacteriaceae|g__Robertkochia|s__|ASV_13422",0.416420421410188,0.600703263645479,0.437774465863191,0.597074777381967,0.600703263645479,"","ALDEx2_kw"
"k__Bacteria|p__Pseudomonadota|c__Alphaproteobacteria|o__|f__Neomegalonemataceae|g__Acuticoccus|s__|ASV_4730","February - September","k__Bacteria|p__Pseudomonadota|c__Alphaproteobacteria|o__|f__Neomegalonemataceae|g__Acuticoccus|s__|ASV_4730",0.565224951051164,0.716094479258513,0.541940796428399,0.690803153426208,0.716094479258513,"","ALDEx2_kw"
"k__Bacteria|p__Pseudomonadota|c__Gammaproteobacteria|o__Enterobacterales|f__Vibrionaceae|g__Vibrio|s__|ASV_3312","February - September","k__Bacteria|p__Pseudomonadota|c__Gammaproteobacteria|o__Enterobacterales|f__Vibrionaceae|g__Vibrio|s__|ASV_3312",0.41075114878914,0.577578696777153,0.369812953695294,0.524555013028671,0.577578696777153,"","ALDEx2_kw"
"k__Bacteria|p__Pseudomonadota|c__Gammaproteobacteria|o__Enterobacterales|f__Vibrionaceae|g__Vibrio|s__|ASV_4336","February - September","k__Bacteria|p__Pseudomonadota|c__Gammaproteobacteria|o__Enterobacterales|f__Vibrionaceae|g__Vibrio|s__|ASV_4336",0.524255992727604,0.680934717027605,0.492359175444454,0.644893473903364,0.680934717027605,"","ALDEx2_kw"
"k__Bacteria|p__Pseudomonadota|c__Gammaproteobacteria|o__Pseudomonadales|f__Halieaceae|g__Haliea|s__|ASV_2118","February - September","k__Bacteria|p__Pseudomonadota|c__Gammaproteobacteria|o__Pseudomonadales|f__Halieaceae|g__Haliea|s__|ASV_2118",0.150706095650888,0.329055803396474,0.193274302426318,0.342107406119355,0.329055803396474,"","ALDEx2_kw"
"k__Bacteria|p__Verrucomicrobiota|c__Verrucomicrobiia|o__Verrucomicrobiales|f__Rubritaleaceae|g__DBS1|s__|ASV_10680","February - September","k__Bacteria|p__Verrucomicrobiota|c__Verrucomicrobiia|o__Verrucomicrobiales|f__Rubritaleaceae|g__DBS1|s__|ASV_10680",0.112279126117472,0.264661880093789,0.117291657301565,0.234910792940225,0.264661880093789,"","ALDEx2_kw"
"k__Bacteria|p__Actinomycetota|c__Acidimicrobiia|o__Microtrichales|f__Ilumatobacteraceae|g__Ilumatobacter|s__|ASV_1587","February - September","k__Bacteria|p__Actinomycetota|c__Acidimicrobiia|o__Microtrichales|f__Ilumatobacteraceae|g__Ilumatobacter|s__|ASV_1587",0.113587004571646,0.26925529591361,0.131428418937416,0.257132581361689,0.26925529591361,"","ALDEx2_kw"
"k__Bacteria|p__Pseudomonadota|c__Gammaproteobacteria|o__Enterobacterales|f__Pseudoalteromonadaceae|g__Pseudoalteromonas|s__|ASV_15651","February - September","k__Bacteria|p__Pseudomonadota|c__Gammaproteobacteria|o__Enterobacterales|f__Pseudoalteromonadaceae|g__Pseudoalteromonas|s__|ASV_15651",0.509688410815882,0.671052028924936,0.483114851407689,0.643779272343299,0.671052028924936,"","ALDEx2_kw"
"k__Bacteria|p__Bacteroidota|c__Bacteroidia|o__Flavobacteriales|f__Crocinitomicaceae|g__Salinirepens|s__|ASV_7930","February - September","k__Bacteria|p__Bacteroidota|c__Bacteroidia|o__Flavobacteriales|f__Crocinitomicaceae|g__Salinirepens|s__|ASV_7930",0.104203421956845,0.256568118710768,0.0847870141959166,0.194848909540364,0.256568118710768,"","ALDEx2_kw"
"k__Bacteria|p__Pseudomonadota|c__Alphaproteobacteria|o__Rhodobacterales|f__Paracoccaceae|g__|s__|ASV_15370","February - September","k__Bacteria|p__Pseudomonadota|c__Alphaproteobacteria|o__Rhodobacterales|f__Paracoccaceae|g__|s__|ASV_15370",0.0302700341074613,0.130146830534808,0.0287149024374963,0.0988297919668581,0.130146830534808,"","ALDEx2_kw"
"k__Bacteria|p__Pseudomonadota|c__Gammaproteobacteria|o__Pseudomonadales|f__Alcanivoracaceae|g__Ketobacter|s__|ASV_15924","February - September","k__Bacteria|p__Pseudomonadota|c__Gammaproteobacteria|o__Pseudomonadales|f__Alcanivoracaceae|g__Ketobacter|s__|ASV_15924",0.34710416635919,0.532747295099133,0.360327829616568,0.52908727686363,0.532747295099133,"","ALDEx2_kw"
"k__Bacteria|p__Actinomycetota|c__Actinobacteria|o__Nitriliruptorales|f__Nitriliruptoraceae|g__|s__|ASV_8148","February - September","k__Bacteria|p__Actinomycetota|c__Actinobacteria|o__Nitriliruptorales|f__Nitriliruptoraceae|g__|s__|ASV_8148",0.57719722006947,0.726652165779271,0.603558924198557,0.741504821298857,0.726652165779271,"","ALDEx2_kw"
"k__Bacteria|p__Bacteroidota|c__Bacteroidia|o__Chitinophagales|f__Saprospiraceae|g__Portibacter|s__|ASV_9536","February - September","k__Bacteria|p__Bacteroidota|c__Bacteroidia|o__Chitinophagales|f__Saprospiraceae|g__Portibacter|s__|ASV_9536",0.28074321017185,0.469583414876331,0.287485290456167,0.448960853075158,0.469583414876331,"","ALDEx2_kw"
"k__Bacteria|p__Chloroflexota|c__Anaerolineae|o__Caldilineales|f__Caldilineaceae|g__|s__|ASV_6388","February - September","k__Bacteria|p__Chloroflexota|c__Anaerolineae|o__Caldilineales|f__Caldilineaceae|g__|s__|ASV_6388",0.515351139782064,0.674997160175129,0.505487248741007,0.660973369135933,0.674997160175129,"","ALDEx2_kw"
"k__Bacteria|p__Myxococcota|c__Polyangiia|o__Polyangiales|f__Sandaracinaceae|g__|s__|ASV_5526","February - September","k__Bacteria|p__Myxococcota|c__Polyangiia|o__Polyangiales|f__Sandaracinaceae|g__|s__|ASV_5526",0.595483923295501,0.741325667799112,0.573205287887817,0.717564319901484,0.741325667799112,"","ALDEx2_kw"
"k__Bacteria|p__Planctomycetota|c__Planctomycetes|o__Pirellulales|f__Pirellulaceae|g__Pir4_lineage|s__|ASV_3731","February - September","k__Bacteria|p__Planctomycetota|c__Planctomycetes|o__Pirellulales|f__Pirellulaceae|g__Pir4_lineage|s__|ASV_3731",0.130523260057671,0.299106516799475,0.120679509670464,0.258527716926116,0.299106516799475,"","ALDEx2_kw"
"k__Bacteria|p__Pseudomonadota|c__Alphaproteobacteria|o__Hyphomicrobiales|f__C2U|g__|s__|ASV_11061","February - September","k__Bacteria|p__Pseudomonadota|c__Alphaproteobacteria|o__Hyphomicrobiales|f__C2U|g__|s__|ASV_11061",0.390554490632721,0.545032943619312,0.303403793818435,0.450206986807454,0.545032943619312,"","ALDEx2_kw"
"k__Bacteria|p__Pseudomonadota|c__Alphaproteobacteria|o__Rhodobacterales|f__Paracoccaceae|g__|s__|ASV_11509","February - September","k__Bacteria|p__Pseudomonadota|c__Alphaproteobacteria|o__Rhodobacterales|f__Paracoccaceae|g__|s__|ASV_11509",0.152642658402304,0.313344627124777,0.127413407697544,0.250485967205257,0.313344627124777,"","ALDEx2_kw"
"k__Bacteria|p__Pseudomonadota|c__Alphaproteobacteria|o__Sphingomonadales|f__Sphingomonadaceae|g__|s__|ASV_11847","February - September","k__Bacteria|p__Pseudomonadota|c__Alphaproteobacteria|o__Sphingomonadales|f__Sphingomonadaceae|g__|s__|ASV_11847",0.547673126998773,0.708360623079497,0.549197516171119,0.696137280368097,0.708360623079497,"","ALDEx2_kw"
"k__Bacteria|p__Pseudomonadota|c__Alphaproteobacteria|o__Sphingomonadales|f__Sphingomonadaceae|g__|s__|ASV_15186","February - September","k__Bacteria|p__Pseudomonadota|c__Alphaproteobacteria|o__Sphingomonadales|f__Sphingomonadaceae|g__|s__|ASV_15186",0.413051635348878,0.590040507890227,0.346071310663221,0.515552188021638,0.590040507890227,"","ALDEx2_kw"
"k__Bacteria|p__Pseudomonadota|c__Gammaproteobacteria|o__Steroidobacterales|f__Woeseiaceae|g__Woeseia|s__|ASV_14630","February - September","k__Bacteria|p__Pseudomonadota|c__Gammaproteobacteria|o__Steroidobacterales|f__Woeseiaceae|g__Woeseia|s__|ASV_14630",0.226747999252141,0.395699182396512,0.181589507141916,0.324829868909294,0.395699182396512,"","ALDEx2_kw"
"k__Bacteria|p__Bacteroidota|c__Bacteroidia|o__Chitinophagales|f__Saprospiraceae|g__Lewinella|s__|ASV_12788","February - September","k__Bacteria|p__Bacteroidota|c__Bacteroidia|o__Chitinophagales|f__Saprospiraceae|g__Lewinella|s__|ASV_12788",0.253801743790419,0.435187277713243,0.264008010624668,0.417747660094343,0.435187277713243,"","ALDEx2_kw"
"k__Bacteria|p__Bacteroidota|c__Bacteroidia|o__Chitinophagales|f__Saprospiraceae|g__|s__|ASV_14727","February - September","k__Bacteria|p__Bacteroidota|c__Bacteroidia|o__Chitinophagales|f__Saprospiraceae|g__|s__|ASV_14727",0.200672729703354,0.372473646034095,0.177744799624625,0.323653827102256,0.372473646034095,"","ALDEx2_kw"
"k__Bacteria|p__Myxococcota|c__Myxococcia|o__Myxococcales|f__Myxococcaceae|g__P3OB-42|s__|ASV_5420","February - September","k__Bacteria|p__Myxococcota|c__Myxococcia|o__Myxococcales|f__Myxococcaceae|g__P3OB-42|s__|ASV_5420",0.390539598461347,0.567051736515837,0.301068481429927,0.4614066004766,0.567051736515837,"","ALDEx2_kw"
"k__Bacteria|p__Pseudomonadota|c__Alphaproteobacteria|o__Rhodobacterales|f__Paracoccaceae|g__Actibacterium|s__|ASV_9420","February - September","k__Bacteria|p__Pseudomonadota|c__Alphaproteobacteria|o__Rhodobacterales|f__Paracoccaceae|g__Actibacterium|s__|ASV_9420",0.285642617364457,0.442799185229879,0.213351173000954,0.350754193934335,0.442799185229879,"","ALDEx2_kw"
"k__Bacteria|p__Pseudomonadota|c__Alphaproteobacteria|o__Rhodobacterales|f__Paracoccaceae|g__|s__|ASV_3670","February - September","k__Bacteria|p__Pseudomonadota|c__Alphaproteobacteria|o__Rhodobacterales|f__Paracoccaceae|g__|s__|ASV_3670",0.346911783660001,0.520427258879622,0.277900881225545,0.432161175880673,0.520427258879622,"","ALDEx2_kw"
"k__Bacteria|p__Verrucomicrobiota|c__Verrucomicrobiia|o__Opitutales|f__Puniceicoccaceae|g__Lentimonas|s__|ASV_4906","February - September","k__Bacteria|p__Verrucomicrobiota|c__Verrucomicrobiia|o__Opitutales|f__Puniceicoccaceae|g__Lentimonas|s__|ASV_4906",0.162639838283127,0.344854778745206,0.203739522451808,0.352496347043433,0.344854778745206,"","ALDEx2_kw"
"k__Bacteria|p__Actinomycetota|c__Actinobacteria|o__Nitriliruptorales|f__Nitriliruptoraceae|g__|s__|ASV_13751","February - September","k__Bacteria|p__Actinomycetota|c__Actinobacteria|o__Nitriliruptorales|f__Nitriliruptoraceae|g__|s__|ASV_13751",0.302716969593276,0.462385422008131,0.24219361331768,0.388920772943509,0.462385422008131,"","ALDEx2_kw"
"k__Bacteria|p__Actinomycetota|c__Rubrobacteria|o__Rubrobacterales|f__Rubrobacteriaceae|g__Rubrobacter|s__|ASV_8945","February - September","k__Bacteria|p__Actinomycetota|c__Rubrobacteria|o__Rubrobacterales|f__Rubrobacteriaceae|g__Rubrobacter|s__|ASV_8945",0.157878726152832,0.321299543082391,0.10127834620042,0.223250701643506,0.321299543082391,"","ALDEx2_kw"
"k__Bacteria|p__Bacteroidota|c__Bacteroidia|o__Bacteroidales|f__Prolixibacteraceae|g__|s__|ASV_15290","February - September","k__Bacteria|p__Bacteroidota|c__Bacteroidia|o__Bacteroidales|f__Prolixibacteraceae|g__|s__|ASV_15290",0.0637852642548942,0.201574198907795,0.0721269614396704,0.181872720196705,0.201574198907795,"","ALDEx2_kw"
"k__Bacteria|p__Bacteroidota|c__Bacteroidia|o__Chitinophagales|f__Saprospiraceae|g__|s__|ASV_9801","February - September","k__Bacteria|p__Bacteroidota|c__Bacteroidia|o__Chitinophagales|f__Saprospiraceae|g__|s__|ASV_9801",0.292400043877697,0.478589978926438,0.278355213024116,0.444367417966893,0.478589978926438,"","ALDEx2_kw"
"k__Bacteria|p__Bacteroidota|c__Bacteroidia|o__Flavobacteriales|f__Flavobacteriaceae|g__Gramella|s__|ASV_14211","February - September","k__Bacteria|p__Bacteroidota|c__Bacteroidia|o__Flavobacteriales|f__Flavobacteriaceae|g__Gramella|s__|ASV_14211",0.380516284502609,0.559108877954279,0.320929855744256,0.489757942256447,0.559108877954279,"","ALDEx2_kw"
"k__Bacteria|p__Bacteroidota|c__Bacteroidia|o__Flavobacteriales|f__Flavobacteriaceae|g__|s__|ASV_10048","February - September","k__Bacteria|p__Bacteroidota|c__Bacteroidia|o__Flavobacteriales|f__Flavobacteriaceae|g__|s__|ASV_10048",0.0728597827411024,0.209483129422961,0.0742679250321958,0.178216645948617,0.209483129422961,"","ALDEx2_kw"
"k__Bacteria|p__Pseudomonadota|c__Gammaproteobacteria|o__Pseudomonadales|f__Cellvibrionaceae|g__|s__|ASV_3286","February - September","k__Bacteria|p__Pseudomonadota|c__Gammaproteobacteria|o__Pseudomonadales|f__Cellvibrionaceae|g__|s__|ASV_3286",0.591447006357495,0.736302158062437,0.591246001256693,0.727068677960525,0.736302158062437,"","ALDEx2_kw"
"k__Bacteria|p__Rhodothermota|c__Rhodothermia|o__Rhodothermales|f__Rhodothermaceae|g__|s__|ASV_15308","February - September","k__Bacteria|p__Rhodothermota|c__Rhodothermia|o__Rhodothermales|f__Rhodothermaceae|g__|s__|ASV_15308",0.483400118444215,0.648267645618347,0.439440436041402,0.597059930006862,0.648267645618347,"","ALDEx2_kw"
"k__Bacteria|p__Verrucomicrobiota|c__Verrucomicrobiia|o__Opitutales|f__Puniceicoccaceae|g__Lentimonas|s__|ASV_4411","February - September","k__Bacteria|p__Verrucomicrobiota|c__Verrucomicrobiia|o__Opitutales|f__Puniceicoccaceae|g__Lentimonas|s__|ASV_4411",0.312306300786558,0.481392452973914,0.283212742392928,0.435909716530685,0.481392452973914,"","ALDEx2_kw"
"k__Bacteria|p__Myxococcota|c__Myxococcia|o__Myxococcales|f__Myxococcaceae|g__P3OB-42|s__|ASV_15133","February - September","k__Bacteria|p__Myxococcota|c__Myxococcia|o__Myxococcales|f__Myxococcaceae|g__P3OB-42|s__|ASV_15133",0.691765102895069,0.814428770288655,0.668462276480008,0.792402733458222,0.814428770288655,"","ALDEx2_kw"
"k__Bacteria|p__Pseudomonadota|c__Alphaproteobacteria|o__Sphingomonadales|f__Sphingomonadaceae|g__Croceibacterium|s__|ASV_5058","February - September","k__Bacteria|p__Pseudomonadota|c__Alphaproteobacteria|o__Sphingomonadales|f__Sphingomonadaceae|g__Croceibacterium|s__|ASV_5058",0.0934495970291494,0.241971956249313,0.0813729731838503,0.188151417827175,0.241971956249313,"","ALDEx2_kw"
"k__Bacteria|p__Pseudomonadota|c__Gammaproteobacteria|o__Pseudomonadales|f__Spongiibacteraceae|g__|s__|ASV_8749","February - September","k__Bacteria|p__Pseudomonadota|c__Gammaproteobacteria|o__Pseudomonadales|f__Spongiibacteraceae|g__|s__|ASV_8749",0.525737795173357,0.689510136140653,0.544409701807453,0.699015617012959,0.689510136140653,"","ALDEx2_kw"
"k__Bacteria|p__Actinomycetota|c__Actinobacteria|o__Nitriliruptorales|f__Nitriliruptoraceae|g__|s__|ASV_2318","February - September","k__Bacteria|p__Actinomycetota|c__Actinobacteria|o__Nitriliruptorales|f__Nitriliruptoraceae|g__|s__|ASV_2318",0.514709177073107,0.678659073359941,0.511949987583139,0.667368392860981,0.678659073359941,"","ALDEx2_kw"
"k__Bacteria|p__Bacteroidota|c__Bacteroidia|o__Chitinophagales|f__Saprospiraceae|g__Lewinella|s__|ASV_11477","February - September","k__Bacteria|p__Bacteroidota|c__Bacteroidia|o__Chitinophagales|f__Saprospiraceae|g__Lewinella|s__|ASV_11477",0.374327295066354,0.55382188082328,0.372562925037386,0.536225858405303,0.55382188082328,"","ALDEx2_kw"
"k__Bacteria|p__Bacteroidota|c__Bacteroidia|o__Cytophagales|f__Cyclobacteriaceae|g__Catalinimonas|s__|ASV_11134","February - September","k__Bacteria|p__Bacteroidota|c__Bacteroidia|o__Cytophagales|f__Cyclobacteriaceae|g__Catalinimonas|s__|ASV_11134",0.443983901091899,0.615848912308096,0.374427435901476,0.541766751982697,0.615848912308096,"","ALDEx2_kw"
"k__Bacteria|p__Chloroflexota|c__Anaerolineae|o__Aggregatilineales|f__A4b|g__|s__|ASV_10198","February - September","k__Bacteria|p__Chloroflexota|c__Anaerolineae|o__Aggregatilineales|f__A4b|g__|s__|ASV_10198",0.291571878505094,0.479598125769402,0.273066345922327,0.442971936751002,0.479598125769402,"","ALDEx2_kw"
"k__Bacteria|p__Planctomycetota|c__Planctomycetes|o__Pirellulales|f__Pirellulaceae|g__Pir4_lineage|s__|ASV_7069","February - September","k__Bacteria|p__Planctomycetota|c__Planctomycetes|o__Pirellulales|f__Pirellulaceae|g__Pir4_lineage|s__|ASV_7069",0.375907931994698,0.552112785572587,0.314889228058966,0.483395315167472,0.552112785572587,"","ALDEx2_kw"
"k__Bacteria|p__Pseudomonadota|c__Gammaproteobacteria|o__Pseudomonadales|f__Halieaceae|g__Parahaliea|s__|ASV_11483","February - September","k__Bacteria|p__Pseudomonadota|c__Gammaproteobacteria|o__Pseudomonadales|f__Halieaceae|g__Parahaliea|s__|ASV_11483",0.185879901536803,0.353087155452538,0.127139084552481,0.252136434981905,0.353087155452538,"","ALDEx2_kw"
"k__Bacteria|p__Thermodesulfobacteriota|c__Desulfobulbia|o__Desulfobulbales|f__Desulfobulbaceae|g__Candidatus_Electrothrix|s__|ASV_12765","February - September","k__Bacteria|p__Thermodesulfobacteriota|c__Desulfobulbia|o__Desulfobulbales|f__Desulfobulbaceae|g__Candidatus_Electrothrix|s__|ASV_12765",0.067801689586206,0.197205663292669,0.0619600202488043,0.155537105556303,0.197205663292669,"","ALDEx2_kw"
"k__Bacteria|p__Actinomycetota|c__Acidimicrobiia|o__Microtrichales|f__Ilumatobacteraceae|g__Ilumatobacter|s__|ASV_2799","February - September","k__Bacteria|p__Actinomycetota|c__Acidimicrobiia|o__Microtrichales|f__Ilumatobacteraceae|g__Ilumatobacter|s__|ASV_2799",0.33114802409792,0.511687631195358,0.28754065029405,0.452360959084057,0.511687631195358,"","ALDEx2_kw"
"k__Bacteria|p__Bacteroidota|c__Bacteroidia|o__Cytophagales|f__Cyclobacteriaceae|g__Tunicatimonas|s__|ASV_7152","February - September","k__Bacteria|p__Bacteroidota|c__Bacteroidia|o__Cytophagales|f__Cyclobacteriaceae|g__Tunicatimonas|s__|ASV_7152",0.64216081344436,0.772558113241232,0.655167944142371,0.780887256665986,0.772558113241232,"","ALDEx2_kw"
"k__Bacteria|p__Myxococcota|c__Polyangiia|o__Polyangiales|f__Sandaracinaceae|g__|s__|ASV_5363","February - September","k__Bacteria|p__Myxococcota|c__Polyangiia|o__Polyangiales|f__Sandaracinaceae|g__|s__|ASV_5363",0.46454625727285,0.635798721417776,0.432592663210145,0.597734244878832,0.635798721417776,"","ALDEx2_kw"
"k__Bacteria|p__Pseudomonadota|c__Alphaproteobacteria|o__Rhodobacterales|f__Paracoccaceae|g__|s__|ASV_7164","February - September","k__Bacteria|p__Pseudomonadota|c__Alphaproteobacteria|o__Rhodobacterales|f__Paracoccaceae|g__|s__|ASV_7164",0.302078079805151,0.473636990180537,0.270077768038282,0.427608788393257,0.473636990180537,"","ALDEx2_kw"
"k__Bacteria|p__Actinomycetota|c__Actinobacteria|o__Euzebyales|f__Euzebyaceae|g__|s__|ASV_796","February - September","k__Bacteria|p__Actinomycetota|c__Actinobacteria|o__Euzebyales|f__Euzebyaceae|g__|s__|ASV_796",0.344126669572449,0.521984113108423,0.332342922018309,0.492453138155974,0.521984113108423,"","ALDEx2_kw"
"k__Bacteria|p__Bacteroidota|c__Bacteroidia|o__Bacteroidales|f__Prolixibacteraceae|g__|s__|ASV_5097","February - September","k__Bacteria|p__Bacteroidota|c__Bacteroidia|o__Bacteroidales|f__Prolixibacteraceae|g__|s__|ASV_5097",0.675303267460448,0.800602367974829,0.650379678876014,0.782361889081717,0.800602367974829,"","ALDEx2_kw"
"k__Bacteria|p__Bdellovibrionota|c__Bdellovibrionia|o__Bdellovibrionales|f__Pseudobdellovibrionaceae|g__OM27_clade|s__|ASV_3144","February - September","k__Bacteria|p__Bdellovibrionota|c__Bdellovibrionia|o__Bdellovibrionales|f__Pseudobdellovibrionaceae|g__OM27_clade|s__|ASV_3144",0.576263053223108,0.730227640896051,0.575091192329611,0.723291850560538,0.730227640896051,"","ALDEx2_kw"
"k__Bacteria|p__Cyanobacteriota|c__Cyanobacteriia|o__Phormidesmiales|f__Phormidesmiaceae|g__Phormidesmis_ANT.LACV5.1|s__|ASV_457","February - September","k__Bacteria|p__Cyanobacteriota|c__Cyanobacteriia|o__Phormidesmiales|f__Phormidesmiaceae|g__Phormidesmis_ANT.LACV5.1|s__|ASV_457",0.374990842972904,0.548769072243678,0.348349498641017,0.506079512566404,0.548769072243678,"","ALDEx2_kw"
"k__Bacteria|p__Gemmatimonadota|c__Longimicrobiia|o__Longimicrobiales|f__Longimicrobiaceae|g__|s__|ASV_10767","February - September","k__Bacteria|p__Gemmatimonadota|c__Longimicrobiia|o__Longimicrobiales|f__Longimicrobiaceae|g__|s__|ASV_10767",0.530197929450425,0.686701035264538,0.52433675389363,0.675286989391017,0.686701035264538,"","ALDEx2_kw"
"k__Bacteria|p__Pseudomonadota|c__Gammaproteobacteria|o__Pseudomonadales|f__Marinobacteraceae|g__Marinobacter|s__|ASV_2824","February - September","k__Bacteria|p__Pseudomonadota|c__Gammaproteobacteria|o__Pseudomonadales|f__Marinobacteraceae|g__Marinobacter|s__|ASV_2824",0.421797275181559,0.595370975110019,0.392175401057589,0.561291701529574,0.595370975110019,"","ALDEx2_kw"
"k__Bacteria|p__Pseudomonadota|c__Gammaproteobacteria|o__Tenderiales|f__Tenderiaceae|g__Candidatus_Tenderia|s__|ASV_5531","February - September","k__Bacteria|p__Pseudomonadota|c__Gammaproteobacteria|o__Tenderiales|f__Tenderiaceae|g__Candidatus_Tenderia|s__|ASV_5531",0.0128862620390933,0.0833539573759782,0.0189158620714676,0.0704012437975922,0.0833539573759782,"","ALDEx2_kw"
"k__Bacteria|p__Actinomycetota|c__Acidimicrobiia|o__Microtrichales|f__Ilumatobacteraceae|g__Ilumatobacter|s__|ASV_2714","February - September","k__Bacteria|p__Actinomycetota|c__Acidimicrobiia|o__Microtrichales|f__Ilumatobacteraceae|g__Ilumatobacter|s__|ASV_2714",0.653199632659835,0.782703811473651,0.677755860868968,0.796097195118858,0.782703811473651,"","ALDEx2_kw"
"k__Bacteria|p__Actinomycetota|c__Rubrobacteria|o__Rubrobacterales|f__Rubrobacteriaceae|g__Rubrobacter|s__|ASV_9121","February - September","k__Bacteria|p__Actinomycetota|c__Rubrobacteria|o__Rubrobacterales|f__Rubrobacteriaceae|g__Rubrobacter|s__|ASV_9121",0.550377808955281,0.708080666565926,0.543047816717772,0.696504065045735,0.708080666565926,"","ALDEx2_kw"
"k__Bacteria|p__Bacillota|c__Bacilli|o__Bacillales|f__Bacillaceae|g__|s__|ASV_12228","February - September","k__Bacteria|p__Bacillota|c__Bacilli|o__Bacillales|f__Bacillaceae|g__|s__|ASV_12228",0.2752583969726,0.439243958936105,0.24558827203779,0.38872349919953,0.439243958936105,"","ALDEx2_kw"
"k__Bacteria|p__Bacteroidota|c__Bacteroidia|o__Chitinophagales|f__Saprospiraceae|g__Lewinella|s__|ASV_203","February - September","k__Bacteria|p__Bacteroidota|c__Bacteroidia|o__Chitinophagales|f__Saprospiraceae|g__Lewinella|s__|ASV_203",0.424574560840524,0.588761248720979,0.341651952656901,0.49650558001735,0.588761248720979,"","ALDEx2_kw"
"k__Bacteria|p__Bacteroidota|c__Bacteroidia|o__Flavobacteriales|f__Flavobacteriaceae|g__Polaribacter|s__|ASV_840","February - September","k__Bacteria|p__Bacteroidota|c__Bacteroidia|o__Flavobacteriales|f__Flavobacteriaceae|g__Polaribacter|s__|ASV_840",0.148090284278475,0.312813229728519,0.129819846207567,0.256595817530467,0.312813229728519,"","ALDEx2_kw"
"k__Bacteria|p__Bacteroidota|c__Bacteroidia|o__Flavobacteriales|f__Flavobacteriaceae|g__|s__|ASV_12272","February - September","k__Bacteria|p__Bacteroidota|c__Bacteroidia|o__Flavobacteriales|f__Flavobacteriaceae|g__|s__|ASV_12272",0.198648003593298,0.373033447595828,0.155698944823428,0.302246707940608,0.373033447595828,"","ALDEx2_kw"
"k__Bacteria|p__Pseudomonadota|c__Gammaproteobacteria|o__Pseudomonadales|f__Nitrincolaceae|g__Marinobacterium|s__|ASV_14523","February - September","k__Bacteria|p__Pseudomonadota|c__Gammaproteobacteria|o__Pseudomonadales|f__Nitrincolaceae|g__Marinobacterium|s__|ASV_14523",0.647475346803241,0.77624938240692,0.644585319045773,0.776528987667413,0.77624938240692,"","ALDEx2_kw"
"k__Bacteria|p__Thermodesulfobacteriota|c__Desulfobacteria|o__Desulfobacterales|f__Desulfosarcinaceae|g__Desulfosarcina|s__|ASV_9396","February - September","k__Bacteria|p__Thermodesulfobacteriota|c__Desulfobacteria|o__Desulfobacterales|f__Desulfosarcinaceae|g__Desulfosarcina|s__|ASV_9396",0.596233094339074,0.744001182916277,0.566631911781192,0.718404014011306,0.744001182916277,"","ALDEx2_kw"
"k__Bacteria|p__Thermodesulfobacteriota|c__Desulfuromonadia|o__Desulfuromonadales|f__Sva1033|g__|s__|ASV_14710","February - September","k__Bacteria|p__Thermodesulfobacteriota|c__Desulfuromonadia|o__Desulfuromonadales|f__Sva1033|g__|s__|ASV_14710",0.627686394310905,0.768033386270325,0.644045057759563,0.774397109881405,0.768033386270325,"","ALDEx2_kw"
"k__Bacteria|p__Acidobacteriota|c__Thermoanaerobaculia|o__Thermoanaerobaculales|f__Thermoanaerobaculaceae|g__Subgroup_10|s__|ASV_5652","February - September","k__Bacteria|p__Acidobacteriota|c__Thermoanaerobaculia|o__Thermoanaerobaculales|f__Thermoanaerobaculaceae|g__Subgroup_10|s__|ASV_5652",0.64064623861156,0.77759956650581,0.601934130023553,0.746456115703991,0.77759956650581,"","ALDEx2_kw"
"k__Bacteria|p__Actinomycetota|c__Actinobacteria|o__Nitriliruptorales|f__Nitriliruptoraceae|g__|s__|ASV_9152","February - September","k__Bacteria|p__Actinomycetota|c__Actinobacteria|o__Nitriliruptorales|f__Nitriliruptoraceae|g__|s__|ASV_9152",0.462931073252708,0.624726346680963,0.425165164551574,0.585410988369376,0.624726346680963,"","ALDEx2_kw"
"k__Bacteria|p__Bacteroidota|c__Bacteroidia|o__Cytophagales|f__Cyclobacteriaceae|g__Fulvivirga|s__|ASV_5610","February - September","k__Bacteria|p__Bacteroidota|c__Bacteroidia|o__Cytophagales|f__Cyclobacteriaceae|g__Fulvivirga|s__|ASV_5610",0.526549767153834,0.677124952287235,0.478522392182834,0.634505990923938,0.677124952287235,"","ALDEx2_kw"
"k__Bacteria|p__Cyanobacteriota|c__Cyanobacteriia|o__Cyanobacteriales|f__Xenococcaceae|g__Pleurocapsa_PCC-7319|s__|ASV_14705","February - September","k__Bacteria|p__Cyanobacteriota|c__Cyanobacteriia|o__Cyanobacteriales|f__Xenococcaceae|g__Pleurocapsa_PCC-7319|s__|ASV_14705",0.675518522778309,0.803327235983913,0.654874032972535,0.782807800561147,0.803327235983913,"","ALDEx2_kw"
"k__Bacteria|p__Pseudomonadota|c__Gammaproteobacteria|o__Steroidobacterales|f__Woeseiaceae|g__Woeseia|s__|ASV_11864","February - September","k__Bacteria|p__Pseudomonadota|c__Gammaproteobacteria|o__Steroidobacterales|f__Woeseiaceae|g__Woeseia|s__|ASV_11864",0.1604543736454,0.343639470589201,0.173450359207193,0.324832303163142,0.343639470589201,"","ALDEx2_kw"
"k__Bacteria|p__Acidobacteriota|c__Thermoanaerobaculia|o__Thermoanaerobaculales|f__Thermoanaerobaculaceae|g__Subgroup_10|s__|ASV_7687","February - September","k__Bacteria|p__Acidobacteriota|c__Thermoanaerobaculia|o__Thermoanaerobaculales|f__Thermoanaerobaculaceae|g__Subgroup_10|s__|ASV_7687",0.377737101218068,0.538026659103898,0.337997310121278,0.481357695288789,0.538026659103898,"","ALDEx2_kw"
"k__Bacteria|p__Bacteroidota|c__Bacteroidia|o__Flavobacteriales|f__Flavobacteriaceae|g__|s__|ASV_2485","February - September","k__Bacteria|p__Bacteroidota|c__Bacteroidia|o__Flavobacteriales|f__Flavobacteriaceae|g__|s__|ASV_2485",0.524492814945267,0.674297006932711,0.503516308988067,0.644876354925487,0.674297006932711,"","ALDEx2_kw"
"k__Bacteria|p__Cyanobacteriota|c__Cyanobacteriia|o__Synechococcales|f__Cyanobiaceae|g__|s__|ASV_1949","February - September","k__Bacteria|p__Cyanobacteriota|c__Cyanobacteriia|o__Synechococcales|f__Cyanobiaceae|g__|s__|ASV_1949",0.303882154708825,0.495201879139392,0.320738599781818,0.488273632353477,0.495201879139392,"","ALDEx2_kw"
"k__Bacteria|p__Planctomycetota|c__Planctomycetes|o__Planctomycetales|f__Gimesiaceae|g__|s__|ASV_8146","February - September","k__Bacteria|p__Planctomycetota|c__Planctomycetes|o__Planctomycetales|f__Gimesiaceae|g__|s__|ASV_8146",0.131649875186083,0.300341033178652,0.13136074853898,0.266638571221407,0.300341033178652,"","ALDEx2_kw"
"k__Bacteria|p__Pseudomonadota|c__Alphaproteobacteria|o__Sphingomonadales|f__Sphingomonadaceae|g__|s__|ASV_6085","February - September","k__Bacteria|p__Pseudomonadota|c__Alphaproteobacteria|o__Sphingomonadales|f__Sphingomonadaceae|g__|s__|ASV_6085",0.425300357081471,0.606271797875758,0.440594853572531,0.602654409472891,0.606271797875758,"","ALDEx2_kw"
"k__Bacteria|p__Bacteroidota|c__Bacteroidia|o__Cytophagales|f__Cyclobacteriaceae|g__|s__|ASV_5050","February - September","k__Bacteria|p__Bacteroidota|c__Bacteroidia|o__Cytophagales|f__Cyclobacteriaceae|g__|s__|ASV_5050",0.625109291718421,0.764092891345929,0.598822664601137,0.739415846119391,0.764092891345929,"","ALDEx2_kw"
"k__Bacteria|p__Bacteroidota|c__Bacteroidia|o__Flavobacteriales|f__Flavobacteriaceae|g__Dokdonia|s__|ASV_14418","February - September","k__Bacteria|p__Bacteroidota|c__Bacteroidia|o__Flavobacteriales|f__Flavobacteriaceae|g__Dokdonia|s__|ASV_14418",0.16494096426553,0.329476021157431,0.149025424740318,0.286764781099151,0.329476021157431,"","ALDEx2_kw"
"k__Bacteria|p__Chloroflexota|c__Anaerolineae|o__Aggregatilineales|f__A4b|g__|s__|ASV_14804","February - September","k__Bacteria|p__Chloroflexota|c__Anaerolineae|o__Aggregatilineales|f__A4b|g__|s__|ASV_14804",0.289719970744466,0.448235948304556,0.210613572164235,0.349379787923608,0.448235948304556,"","ALDEx2_kw"
"k__Bacteria|p__Cyanobacteriota|c__Cyanobacteriia|o__Synechococcales|f__Cyanobiaceae|g__Synechococcus_MBIC10613|s__|ASV_12853","February - September","k__Bacteria|p__Cyanobacteriota|c__Cyanobacteriia|o__Synechococcales|f__Cyanobiaceae|g__Synechococcus_MBIC10613|s__|ASV_12853",0.243436991524417,0.43958910337274,0.283226495585908,0.454049927642223,0.43958910337274,"","ALDEx2_kw"
"k__Bacteria|p__Pseudomonadota|c__Alphaproteobacteria|o__Rhodobacterales|f__Paracoccaceae|g__|s__|ASV_14570","February - September","k__Bacteria|p__Pseudomonadota|c__Alphaproteobacteria|o__Rhodobacterales|f__Paracoccaceae|g__|s__|ASV_14570",0.484974390785871,0.646989869328439,0.482044330862188,0.638948558753108,0.646989869328439,"","ALDEx2_kw"
"k__Bacteria|p__Pseudomonadota|c__Gammaproteobacteria|o__Pseudomonadales|f__Marinomonadaceae|g__Marinomonas|s__|ASV_10506","February - September","k__Bacteria|p__Pseudomonadota|c__Gammaproteobacteria|o__Pseudomonadales|f__Marinomonadaceae|g__Marinomonas|s__|ASV_10506",0.486135877774143,0.645619558430845,0.473246427745938,0.62543323559729,0.645619558430845,"","ALDEx2_kw"
"k__Bacteria|p__Thermodesulfobacteriota|c__Desulfobulbia|o__Desulfobulbales|f__Desulfocapsaceae|g__|s__|ASV_10438","February - September","k__Bacteria|p__Thermodesulfobacteriota|c__Desulfobulbia|o__Desulfobulbales|f__Desulfocapsaceae|g__|s__|ASV_10438",0.438823990957582,0.604937183681172,0.378147721129722,0.534639517541549,0.604937183681172,"","ALDEx2_kw"
"k__Bacteria|p__Pseudomonadota|c__Alphaproteobacteria|o__Rhodobacterales|f__Paracoccaceae|g__|s__|ASV_14734","February - September","k__Bacteria|p__Pseudomonadota|c__Alphaproteobacteria|o__Rhodobacterales|f__Paracoccaceae|g__|s__|ASV_14734",0.448258074365543,0.614425898215967,0.375537502065631,0.537151254795776,0.614425898215967,"","ALDEx2_kw"
"k__Bacteria|p__Pseudomonadota|c__Alphaproteobacteria|o__Sphingomonadales|f__Sphingomonadaceae|g__Aurantiacibacter|s__|ASV_5042","February - September","k__Bacteria|p__Pseudomonadota|c__Alphaproteobacteria|o__Sphingomonadales|f__Sphingomonadaceae|g__Aurantiacibacter|s__|ASV_5042",0.542005403435272,0.693472259127846,0.548443083876241,0.69296283594396,0.693472259127846,"","ALDEx2_kw"
"k__Bacteria|p__Rhodothermota|c__Rhodothermia|o__Rhodothermales|f__Rhodothermaceae|g__Rubrivirga|s__|ASV_8705","February - September","k__Bacteria|p__Rhodothermota|c__Rhodothermia|o__Rhodothermales|f__Rhodothermaceae|g__Rubrivirga|s__|ASV_8705",0.483600735157287,0.64405827885687,0.480780872666192,0.638483506257325,0.64405827885687,"","ALDEx2_kw"
"k__Bacteria|p__Bacteroidota|c__Bacteroidia|o__Chitinophagales|f__Saprospiraceae|g__|s__|ASV_9685","February - September","k__Bacteria|p__Bacteroidota|c__Bacteroidia|o__Chitinophagales|f__Saprospiraceae|g__|s__|ASV_9685",0.514431843585074,0.671971698314957,0.508667214951058,0.658413419041235,0.671971698314957,"","ALDEx2_kw"
"k__Bacteria|p__Planctomycetota|c__Planctomycetes|o__Pirellulales|f__Pirellulaceae|g__Pir4_lineage|s__|ASV_4733","February - September","k__Bacteria|p__Planctomycetota|c__Planctomycetes|o__Pirellulales|f__Pirellulaceae|g__Pir4_lineage|s__|ASV_4733",0.390939626142833,0.573563413840799,0.32842684863825,0.498101986170526,0.573563413840799,"","ALDEx2_kw"
"k__Bacteria|p__Pseudomonadota|c__Alphaproteobacteria|o__Caulobacterales|f__Hyphomonadaceae|g__Litorimonas|s__|ASV_15428","February - September","k__Bacteria|p__Pseudomonadota|c__Alphaproteobacteria|o__Caulobacterales|f__Hyphomonadaceae|g__Litorimonas|s__|ASV_15428",0.433941135394299,0.621582629707343,0.492315804655055,0.651899543283665,0.621582629707343,"","ALDEx2_kw"
"k__Bacteria|p__Pseudomonadota|c__Alphaproteobacteria|o__Rhodobacterales|f__Paracoccaceae|g__|s__|ASV_1758","February - September","k__Bacteria|p__Pseudomonadota|c__Alphaproteobacteria|o__Rhodobacterales|f__Paracoccaceae|g__|s__|ASV_1758",0.231426093018685,0.409881378809942,0.166485346554652,0.306452178707497,0.409881378809942,"","ALDEx2_kw"
"k__Bacteria|p__Rhodothermota|c__Rhodothermia|o__Rhodothermales|f__Rhodothermaceae|g__Rubricoccus|s__|ASV_925","February - September","k__Bacteria|p__Rhodothermota|c__Rhodothermia|o__Rhodothermales|f__Rhodothermaceae|g__Rubricoccus|s__|ASV_925",0.286789171270895,0.467582259527296,0.28971336017772,0.451153725243365,0.467582259527296,"","ALDEx2_kw"
"k__Bacteria|p__Rhodothermota|c__Rhodothermia|o__Rhodothermales|f__Rhodothermaceae|g__|s__|ASV_13633","February - September","k__Bacteria|p__Rhodothermota|c__Rhodothermia|o__Rhodothermales|f__Rhodothermaceae|g__|s__|ASV_13633",0.286009013329576,0.458445855727175,0.221546879050132,0.375578011097084,0.458445855727175,"","ALDEx2_kw"
"k__Bacteria|p__Cyanobacteriota|c__Cyanobacteriia|o__Phormidesmiales|f__Nodosilineaceae|g__|s__|ASV_119","February - September","k__Bacteria|p__Cyanobacteriota|c__Cyanobacteriia|o__Phormidesmiales|f__Nodosilineaceae|g__|s__|ASV_119",0.470594287548167,0.639479825642632,0.434077496481517,0.595400203935101,0.639479825642632,"","ALDEx2_kw"
"k__Bacteria|p__Planctomycetota|c__Planctomycetes|o__Planctomycetales|f__Gimesiaceae|g__|s__|ASV_195","February - September","k__Bacteria|p__Planctomycetota|c__Planctomycetes|o__Planctomycetales|f__Gimesiaceae|g__|s__|ASV_195",0.134306770580353,0.307904018479631,0.131072967069932,0.273359613037962,0.307904018479631,"","ALDEx2_kw"
"k__Bacteria|p__Pseudomonadota|c__Alphaproteobacteria|o__Rhodobacterales|f__Paracoccaceae|g__|s__|ASV_1545","February - September","k__Bacteria|p__Pseudomonadota|c__Alphaproteobacteria|o__Rhodobacterales|f__Paracoccaceae|g__|s__|ASV_1545",0.431955186348502,0.583628168735539,0.314248777395972,0.47223863422629,0.583628168735539,"","ALDEx2_kw"
"k__Bacteria|p__Pseudomonadota|c__Gammaproteobacteria|o__Enterobacterales|f__Vibrionaceae|g__Vibrio|s__|ASV_13283","February - September","k__Bacteria|p__Pseudomonadota|c__Gammaproteobacteria|o__Enterobacterales|f__Vibrionaceae|g__Vibrio|s__|ASV_13283",0.529207243225014,0.686625979253074,0.522575124339748,0.674477050034232,0.686625979253074,"","ALDEx2_kw"
"k__Bacteria|p__Rhodothermota|c__Rhodothermia|o__Rhodothermales|f__Rhodothermaceae|g__|s__|ASV_10821","February - September","k__Bacteria|p__Rhodothermota|c__Rhodothermia|o__Rhodothermales|f__Rhodothermaceae|g__|s__|ASV_10821",0.16779685290834,0.361724092565344,0.246387714550539,0.410830890925614,0.361724092565344,"","ALDEx2_kw"
"k__Bacteria|p__Bacteroidota|c__Bacteroidia|o__Cytophagales|f__Cyclobacteriaceae|g__|s__|ASV_10933","February - September","k__Bacteria|p__Bacteroidota|c__Bacteroidia|o__Cytophagales|f__Cyclobacteriaceae|g__|s__|ASV_10933",0.422033502646177,0.59307605027722,0.412108780254248,0.568764778228783,0.59307605027722,"","ALDEx2_kw"
"k__Bacteria|p__Bacteroidota|c__Bacteroidia|o__Cytophagales|f__Cyclobacteriaceae|g__|s__|ASV_15372","February - September","k__Bacteria|p__Bacteroidota|c__Bacteroidia|o__Cytophagales|f__Cyclobacteriaceae|g__|s__|ASV_15372",0.569927489508417,0.720705766540604,0.542816028059031,0.694369092339375,0.720705766540604,"","ALDEx2_kw"
"k__Bacteria|p__Bacteroidota|c__Bacteroidia|o__Flavobacteriales|f__Flavobacteriaceae|g__Mesohalobacter|s__|ASV_1762","February - September","k__Bacteria|p__Bacteroidota|c__Bacteroidia|o__Flavobacteriales|f__Flavobacteriaceae|g__Mesohalobacter|s__|ASV_1762",0.616070105981318,0.758851726267966,0.542167509026,0.695204895566151,0.758851726267966,"","ALDEx2_kw"
"k__Bacteria|p__Pseudomonadota|c__Gammaproteobacteria|o__Enterobacterales|f__Alteromonadaceae|g__Aestuariibacter|s__|ASV_5142","February - September","k__Bacteria|p__Pseudomonadota|c__Gammaproteobacteria|o__Enterobacterales|f__Alteromonadaceae|g__Aestuariibacter|s__|ASV_5142",0.489541995995971,0.646880655761939,0.47766514627413,0.633574898317714,0.646880655761939,"","ALDEx2_kw"
"k__Bacteria|p__Bacteroidota|c__Bacteroidia|o__Flavobacteriales|f__Flavobacteriaceae|g__Flavimarina|s__|ASV_4287","February - September","k__Bacteria|p__Bacteroidota|c__Bacteroidia|o__Flavobacteriales|f__Flavobacteriaceae|g__Flavimarina|s__|ASV_4287",0.540924798009396,0.692676111747038,0.56216727076193,0.705691807415258,0.692676111747038,"","ALDEx2_kw"
"k__Bacteria|p__Myxococcota|c__Polyangiia|o__Polyangiales|f__Sandaracinaceae|g__|s__|ASV_11195","February - September","k__Bacteria|p__Myxococcota|c__Polyangiia|o__Polyangiales|f__Sandaracinaceae|g__|s__|ASV_11195",0.528456682520412,0.688540991845191,0.521473821895007,0.679929019247898,0.688540991845191,"","ALDEx2_kw"
"k__Bacteria|p__Pseudomonadota|c__Gammaproteobacteria|o__Pseudomonadales|f__Saccharospirillaceae|g__Bermanella|s__|ASV_15002","February - September","k__Bacteria|p__Pseudomonadota|c__Gammaproteobacteria|o__Pseudomonadales|f__Saccharospirillaceae|g__Bermanella|s__|ASV_15002",0.0868778956755485,0.236655549888966,0.096415668148864,0.217961778258058,0.236655549888966,"","ALDEx2_kw"
"k__Bacteria|p__Bacteroidota|c__Bacteroidia|o__Chitinophagales|f__Saprospiraceae|g__|s__|ASV_4746","February - September","k__Bacteria|p__Bacteroidota|c__Bacteroidia|o__Chitinophagales|f__Saprospiraceae|g__|s__|ASV_4746",0.294873692050364,0.469221985444405,0.21997116838581,0.370652928249398,0.469221985444405,"","ALDEx2_kw"
"k__Bacteria|p__Pseudomonadota|c__Alphaproteobacteria|o__Sphingomonadales|f__Sphingomonadaceae|g__Parasphingopyxis|s__|ASV_11051","February - September","k__Bacteria|p__Pseudomonadota|c__Alphaproteobacteria|o__Sphingomonadales|f__Sphingomonadaceae|g__Parasphingopyxis|s__|ASV_11051",0.182763170365246,0.350944813370972,0.130462290053539,0.260195589228191,0.350944813370972,"","ALDEx2_kw"
"k__Bacteria|p__Actinomycetota|c__Acidimicrobiia|o__Microtrichales|f__Microtrichaceae|g__IMCC26207|s__|ASV_4676","February - September","k__Bacteria|p__Actinomycetota|c__Acidimicrobiia|o__Microtrichales|f__Microtrichaceae|g__IMCC26207|s__|ASV_4676",0.274202131959647,0.470553777700072,0.34654875311881,0.510543746946162,0.470553777700072,"","ALDEx2_kw"
"k__Bacteria|p__Bacteroidota|c__Bacteroidia|o__Cytophagales|f__Cyclobacteriaceae|g__Marinoscillum|s__|ASV_10741","February - September","k__Bacteria|p__Bacteroidota|c__Bacteroidia|o__Cytophagales|f__Cyclobacteriaceae|g__Marinoscillum|s__|ASV_10741",0.535616360126511,0.693175861489263,0.558549923532034,0.706056891865003,0.693175861489263,"","ALDEx2_kw"
"k__Bacteria|p__Bacteroidota|c__Bacteroidia|o__Cytophagales|f__Cyclobacteriaceae|g__Tunicatimonas|s__|ASV_9643","February - September","k__Bacteria|p__Bacteroidota|c__Bacteroidia|o__Cytophagales|f__Cyclobacteriaceae|g__Tunicatimonas|s__|ASV_9643",0.540641620024793,0.685549118921466,0.506954821686176,0.653820184622927,0.685549118921466,"","ALDEx2_kw"
"k__Bacteria|p__Bacteroidota|c__Bacteroidia|o__Cytophagales|f__Mooreiaceae|g__Mooreia|s__|ASV_7766","February - September","k__Bacteria|p__Bacteroidota|c__Bacteroidia|o__Cytophagales|f__Mooreiaceae|g__Mooreia|s__|ASV_7766",0.555880477071985,0.709216270870823,0.590478851151757,0.728738355281942,0.709216270870823,"","ALDEx2_kw"
"k__Bacteria|p__Chloroflexota|c__Anaerolineae|o__Aggregatilineales|f__A4b|g__|s__|ASV_5951","February - September","k__Bacteria|p__Chloroflexota|c__Anaerolineae|o__Aggregatilineales|f__A4b|g__|s__|ASV_5951",0.303893829469275,0.49230629991695,0.321050878542501,0.484549196966482,0.49230629991695,"","ALDEx2_kw"
"k__Bacteria|p__Pseudomonadota|c__Gammaproteobacteria|o__Enterobacterales|f__Vibrionaceae|g__Vibrio|s__|ASV_12002","February - September","k__Bacteria|p__Pseudomonadota|c__Gammaproteobacteria|o__Enterobacterales|f__Vibrionaceae|g__Vibrio|s__|ASV_12002",0.516061166917392,0.675663878287874,0.499336939636254,0.654857718923916,0.675663878287874,"","ALDEx2_kw"
"k__Bacteria|p__Actinomycetota|c__Actinobacteria|o__Propionibacteriales|f__Nocardioidaceae|g__Nocardioides|s__|ASV_2050","February - September","k__Bacteria|p__Actinomycetota|c__Actinobacteria|o__Propionibacteriales|f__Nocardioidaceae|g__Nocardioides|s__|ASV_2050",0.406216965356493,0.589360883707069,0.372953768134276,0.541621454449921,0.589360883707069,"","ALDEx2_kw"
"k__Bacteria|p__Cyanobacteriota|c__Cyanobacteriia|o__Phormidesmiales|f__Phormidesmiaceae|g__Phormidium_MBIC10003|s__|ASV_6321","February - September","k__Bacteria|p__Cyanobacteriota|c__Cyanobacteriia|o__Phormidesmiales|f__Phormidesmiaceae|g__Phormidium_MBIC10003|s__|ASV_6321",0.226867984183294,0.406866890312392,0.234773769516808,0.379479622491878,0.406866890312392,"","ALDEx2_kw"
"k__Bacteria|p__Pseudomonadota|c__Alphaproteobacteria|o__Rhodobacterales|f__Paracoccaceae|g__Actibacterium|s__|ASV_14652","February - September","k__Bacteria|p__Pseudomonadota|c__Alphaproteobacteria|o__Rhodobacterales|f__Paracoccaceae|g__Actibacterium|s__|ASV_14652",0.33728820364572,0.51085763473729,0.286773739206959,0.44450489058608,0.51085763473729,"","ALDEx2_kw"
"k__Bacteria|p__Pseudomonadota|c__Alphaproteobacteria|o__Rhodobacterales|f__Paracoccaceae|g__|s__|ASV_12790","February - September","k__Bacteria|p__Pseudomonadota|c__Alphaproteobacteria|o__Rhodobacterales|f__Paracoccaceae|g__|s__|ASV_12790",0.405857260958141,0.570175039146307,0.353103269463769,0.505379266181972,0.570175039146307,"","ALDEx2_kw"
"k__Bacteria|p__Pseudomonadota|c__Alphaproteobacteria|o__Rhodobacterales|f__Paracoccaceae|g__|s__|ASV_15905","February - September","k__Bacteria|p__Pseudomonadota|c__Alphaproteobacteria|o__Rhodobacterales|f__Paracoccaceae|g__|s__|ASV_15905",0.284274945454768,0.452647675656128,0.214571964693504,0.353342755081616,0.452647675656128,"","ALDEx2_kw"
"k__Bacteria|p__Pseudomonadota|c__Gammaproteobacteria|o__Chromatiales|f__Sedimenticolaceae|g__Candidatus_Thiodiazotropha|s__|ASV_13335","February - September","k__Bacteria|p__Pseudomonadota|c__Gammaproteobacteria|o__Chromatiales|f__Sedimenticolaceae|g__Candidatus_Thiodiazotropha|s__|ASV_13335",0.564467928706807,0.715184270460032,0.530953947066328,0.682728067466156,0.715184270460032,"","ALDEx2_kw"
"k__Bacteria|p__Pseudomonadota|c__Gammaproteobacteria|o__Granulosicoccales|f__Granulosicoccaceae|g__Granulosicoccus|s__|ASV_2296","February - September","k__Bacteria|p__Pseudomonadota|c__Gammaproteobacteria|o__Granulosicoccales|f__Granulosicoccaceae|g__Granulosicoccus|s__|ASV_2296",0.675089484412345,0.80240815687202,0.623489068338803,0.760658533982259,0.80240815687202,"","ALDEx2_kw"
"k__Bacteria|p__Pseudomonadota|c__Gammaproteobacteria|o__Granulosicoccales|f__Granulosicoccaceae|g__Granulosicoccus|s__|ASV_5565","February - September","k__Bacteria|p__Pseudomonadota|c__Gammaproteobacteria|o__Granulosicoccales|f__Granulosicoccaceae|g__Granulosicoccus|s__|ASV_5565",0.611155280737,0.751487093015148,0.594619969836325,0.731583360272801,0.751487093015148,"","ALDEx2_kw"
"k__Bacteria|p__Pseudomonadota|c__Gammaproteobacteria|o__Pseudomonadales|f__Cellvibrionaceae|g__|s__|ASV_1931","February - September","k__Bacteria|p__Pseudomonadota|c__Gammaproteobacteria|o__Pseudomonadales|f__Cellvibrionaceae|g__|s__|ASV_1931",0.555284229994825,0.709850684102548,0.591539666568919,0.733110503013702,0.709850684102548,"","ALDEx2_kw"
"k__Bacteria|p__Thermodesulfobacteriota|c__Desulfobacteria|o__Desulfobacterales|f__Desulfosarcinaceae|g__Desulfosarcina|s__|ASV_14382","February - September","k__Bacteria|p__Thermodesulfobacteriota|c__Desulfobacteria|o__Desulfobacterales|f__Desulfosarcinaceae|g__Desulfosarcina|s__|ASV_14382",0.178964653799228,0.345557667070554,0.138332201031773,0.269225846527939,0.345557667070554,"","ALDEx2_kw"
"k__Bacteria|p__Actinomycetota|c__Acidimicrobiia|o__Microtrichales|f__Microtrichaceae|g__|s__|ASV_11076","February - September","k__Bacteria|p__Actinomycetota|c__Acidimicrobiia|o__Microtrichales|f__Microtrichaceae|g__|s__|ASV_11076",0.340692954930767,0.513706337132441,0.2770560412281,0.431581536220168,0.513706337132441,"","ALDEx2_kw"
"k__Bacteria|p__Actinomycetota|c__Actinobacteria|o__Propionibacteriales|f__Nocardioidaceae|g__Nocardioides|s__|ASV_8154","February - September","k__Bacteria|p__Actinomycetota|c__Actinobacteria|o__Propionibacteriales|f__Nocardioidaceae|g__Nocardioides|s__|ASV_8154",0.356314857720346,0.526709869889998,0.270984646152053,0.425122967398852,0.526709869889998,"","ALDEx2_kw"
"k__Bacteria|p__Bacteroidota|c__Bacteroidia|o__Cytophagales|f__Cyclobacteriaceae|g__Fulvivirga|s__|ASV_11442","February - September","k__Bacteria|p__Bacteroidota|c__Bacteroidia|o__Cytophagales|f__Cyclobacteriaceae|g__Fulvivirga|s__|ASV_11442",0.428121367815277,0.58910141919565,0.362933664601558,0.517437870886539,0.58910141919565,"","ALDEx2_kw"
"k__Bacteria|p__Bacteroidota|c__Bacteroidia|o__Cytophagales|f__Cyclobacteriaceae|g__|s__|ASV_13781","February - September","k__Bacteria|p__Bacteroidota|c__Bacteroidia|o__Cytophagales|f__Cyclobacteriaceae|g__|s__|ASV_13781",0.536871549371703,0.69077366949301,0.535063686313983,0.678698740610323,0.69077366949301,"","ALDEx2_kw"
"k__Bacteria|p__Bacteroidota|c__Bacteroidia|o__Flavobacteriales|f__Crocinitomicaceae|g__Brumimicrobium|s__|ASV_4358","February - September","k__Bacteria|p__Bacteroidota|c__Bacteroidia|o__Flavobacteriales|f__Crocinitomicaceae|g__Brumimicrobium|s__|ASV_4358",0.19568977696338,0.38210649584511,0.239407366488804,0.39682916629235,0.38210649584511,"","ALDEx2_kw"
"k__Bacteria|p__Bacteroidota|c__Bacteroidia|o__Flavobacteriales|f__Flavobacteriaceae|g__Robiginitalea|s__|ASV_5224","February - September","k__Bacteria|p__Bacteroidota|c__Bacteroidia|o__Flavobacteriales|f__Flavobacteriaceae|g__Robiginitalea|s__|ASV_5224",0.322252165940157,0.490047051887074,0.229442133030493,0.377046191175995,0.490047051887074,"","ALDEx2_kw"
"k__Bacteria|p__Campylobacterota|c__Campylobacteria|o__Campylobacterales|f__Sulfurovaceae|g__Sulfurovum|s__|ASV_15957","February - September","k__Bacteria|p__Campylobacterota|c__Campylobacteria|o__Campylobacterales|f__Sulfurovaceae|g__Sulfurovum|s__|ASV_15957",0.360978116091611,0.531834760337874,0.283851773287219,0.436686335297117,0.531834760337874,"","ALDEx2_kw"
"k__Bacteria|p__Pseudomonadota|c__Gammaproteobacteria|o__Beggiatoales|f__Leucotrichaceae|g__|s__|ASV_11092","February - September","k__Bacteria|p__Pseudomonadota|c__Gammaproteobacteria|o__Beggiatoales|f__Leucotrichaceae|g__|s__|ASV_11092",0.227009296236236,0.413334392375763,0.208399122044609,0.367330950416396,0.413334392375763,"","ALDEx2_kw"
"k__Bacteria|p__Pseudomonadota|c__Gammaproteobacteria|o__Steroidobacterales|f__Woeseiaceae|g__Woeseia|s__|ASV_2719","February - September","k__Bacteria|p__Pseudomonadota|c__Gammaproteobacteria|o__Steroidobacterales|f__Woeseiaceae|g__Woeseia|s__|ASV_2719",0.517162170308127,0.675464265909908,0.516037120987592,0.66298058070848,0.675464265909908,"","ALDEx2_kw"
"k__Bacteria|p__Thermodesulfobacteriota|c__Desulfobacteria|o__Desulfobacterales|f__Desulfosarcinaceae|g__Sva0081_sediment_group|s__|ASV_14605","February - September","k__Bacteria|p__Thermodesulfobacteriota|c__Desulfobacteria|o__Desulfobacterales|f__Desulfosarcinaceae|g__Sva0081_sediment_group|s__|ASV_14605",0.289067725311843,0.467411802072194,0.199549181861378,0.350010576143097,0.467411802072194,"","ALDEx2_kw"
"k__Bacteria|p__Acidobacteriota|c__Blastocatellia|o__Blastocatellales|f__Blastocatellaceae|g__Blastocatella|s__|ASV_6534","February - September","k__Bacteria|p__Acidobacteriota|c__Blastocatellia|o__Blastocatellales|f__Blastocatellaceae|g__Blastocatella|s__|ASV_6534",0.296647690350256,0.477909107388372,0.303694350463617,0.462297542076281,0.477909107388372,"","ALDEx2_kw"
"k__Bacteria|p__Actinomycetota|c__Acidimicrobiia|o__Microtrichales|f__Ilumatobacteraceae|g__Ilumatobacter|s__|ASV_8504","February - September","k__Bacteria|p__Actinomycetota|c__Acidimicrobiia|o__Microtrichales|f__Ilumatobacteraceae|g__Ilumatobacter|s__|ASV_8504",0.296350319852763,0.46749405200934,0.235613774259087,0.3840227654228,0.46749405200934,"","ALDEx2_kw"
"k__Bacteria|p__Bacteroidota|c__Bacteroidia|o__Chitinophagales|f__Saprospiraceae|g__Lewinella|s__|ASV_15371","February - September","k__Bacteria|p__Bacteroidota|c__Bacteroidia|o__Chitinophagales|f__Saprospiraceae|g__Lewinella|s__|ASV_15371",0.568701346842548,0.722430732114395,0.529898296974782,0.679100845875519,0.722430732114395,"","ALDEx2_kw"
"k__Bacteria|p__Bacteroidota|c__Bacteroidia|o__Cytophagales|f__Cyclobacteriaceae|g__|s__|ASV_13336","February - September","k__Bacteria|p__Bacteroidota|c__Bacteroidia|o__Cytophagales|f__Cyclobacteriaceae|g__|s__|ASV_13336",0.498928304716851,0.663804111309022,0.462268097681238,0.622983869578496,0.663804111309022,"","ALDEx2_kw"
"k__Bacteria|p__Bacteroidota|c__Bacteroidia|o__Flavobacteriales|f__Flavobacteriaceae|g__Marinirhabdus|s__|ASV_13913","February - September","k__Bacteria|p__Bacteroidota|c__Bacteroidia|o__Flavobacteriales|f__Flavobacteriaceae|g__Marinirhabdus|s__|ASV_13913",0.490809306713884,0.647917835848284,0.438744945602078,0.589467777095751,0.647917835848284,"","ALDEx2_kw"
"k__Bacteria|p__Planctomycetota|c__Planctomycetes|o__Pirellulales|f__Pirellulaceae|g__Rubripirellula|s__|ASV_7879","February - September","k__Bacteria|p__Planctomycetota|c__Planctomycetes|o__Pirellulales|f__Pirellulaceae|g__Rubripirellula|s__|ASV_7879",0.40639898193123,0.591836442690701,0.469035524234173,0.626277968203588,0.591836442690701,"","ALDEx2_kw"
"k__Bacteria|p__Planctomycetota|c__Planctomycetes|o__Planctomycetales|f__Gimesiaceae|g__|s__|ASV_811","February - September","k__Bacteria|p__Planctomycetota|c__Planctomycetes|o__Planctomycetales|f__Gimesiaceae|g__|s__|ASV_811",0.180439143395072,0.355341351913265,0.161291772137281,0.312236672508312,0.355341351913265,"","ALDEx2_kw"
"k__Bacteria|p__Pseudomonadota|c__Alphaproteobacteria|o__Rhodobacterales|f__Paracoccaceae|g__Halovulum|s__|ASV_4059","February - September","k__Bacteria|p__Pseudomonadota|c__Alphaproteobacteria|o__Rhodobacterales|f__Paracoccaceae|g__Halovulum|s__|ASV_4059",0.647391742354777,0.782627516324054,0.613806879388194,0.750912941676389,0.782627516324054,"","ALDEx2_kw"
"k__Bacteria|p__Spirochaetota|c__Spirochaetia|o__Spirochaetales|f__Spirochaetaceae|g__Sediminispirochaeta|s__|ASV_13757","February - September","k__Bacteria|p__Spirochaetota|c__Spirochaetia|o__Spirochaetales|f__Spirochaetaceae|g__Sediminispirochaeta|s__|ASV_13757",0.19614811283497,0.356014618511124,0.149355405064803,0.275696768811006,0.356014618511124,"","ALDEx2_kw"
"k__Bacteria|p__Cyanobacteriota|c__Cyanobacteriia|o__Cyanobacteriales|f__Microcystaceae|g__Cyanothece_ATCC_51142_(UCYN-C)|s__|ASV_6579","February - September","k__Bacteria|p__Cyanobacteriota|c__Cyanobacteriia|o__Cyanobacteriales|f__Microcystaceae|g__Cyanothece_ATCC_51142_(UCYN-C)|s__|ASV_6579",0.618708981216855,0.757851884329522,0.598968226001899,0.739663904390242,0.757851884329522,"","ALDEx2_kw"
"k__Bacteria|p__Myxococcota|c__Polyangiia|o__Polyangiales|f__Sandaracinaceae|g__|s__|ASV_6621","February - September","k__Bacteria|p__Myxococcota|c__Polyangiia|o__Polyangiales|f__Sandaracinaceae|g__|s__|ASV_6621",0.398636068670338,0.577510289845522,0.423203741023346,0.582671523005221,0.577510289845522,"","ALDEx2_kw"
"k__Bacteria|p__Planctomycetota|c__Planctomycetes|o__Pirellulales|f__Pirellulaceae|g__Bythopirellula|s__|ASV_2681","February - September","k__Bacteria|p__Planctomycetota|c__Planctomycetes|o__Pirellulales|f__Pirellulaceae|g__Bythopirellula|s__|ASV_2681",0.10044775556055,0.256121613857021,0.0864568983927308,0.202094672075245,0.256121613857021,"","ALDEx2_kw"
"k__Bacteria|p__Pseudomonadota|c__Alphaproteobacteria|o__Hyphomicrobiales|f__Rhizobiaceae|g__|s__|ASV_12323","February - September","k__Bacteria|p__Pseudomonadota|c__Alphaproteobacteria|o__Hyphomicrobiales|f__Rhizobiaceae|g__|s__|ASV_12323",0.198110904713024,0.358316851475535,0.141143523800044,0.270824484982023,0.358316851475535,"","ALDEx2_kw"
"k__Bacteria|p__Pseudomonadota|c__Alphaproteobacteria|o__Hyphomicrobiales|f__Rhizobiaceae|g__|s__|ASV_12868","February - September","k__Bacteria|p__Pseudomonadota|c__Alphaproteobacteria|o__Hyphomicrobiales|f__Rhizobiaceae|g__|s__|ASV_12868",0.380428638350263,0.537045067788154,0.311389361901475,0.455877704113006,0.537045067788154,"","ALDEx2_kw"
"k__Bacteria|p__Pseudomonadota|c__Alphaproteobacteria|o__Rhodobacterales|f__Paracoccaceae|g__Maribius|s__|ASV_13147","February - September","k__Bacteria|p__Pseudomonadota|c__Alphaproteobacteria|o__Rhodobacterales|f__Paracoccaceae|g__Maribius|s__|ASV_13147",0.361443609112629,0.534844875676763,0.343347090361926,0.500705460807764,0.534844875676763,"","ALDEx2_kw"
"k__Bacteria|p__Pseudomonadota|c__Gammaproteobacteria|o__Granulosicoccales|f__Granulosicoccaceae|g__Granulosicoccus|s__|ASV_13753","February - September","k__Bacteria|p__Pseudomonadota|c__Gammaproteobacteria|o__Granulosicoccales|f__Granulosicoccaceae|g__Granulosicoccus|s__|ASV_13753",0.296432955862894,0.480871066844112,0.259036977292593,0.419423539536248,0.480871066844112,"","ALDEx2_kw"
"k__Bacteria|p__Pseudomonadota|c__Gammaproteobacteria|o__Pseudomonadales|f__Spongiibacteraceae|g__|s__|ASV_3004","February - September","k__Bacteria|p__Pseudomonadota|c__Gammaproteobacteria|o__Pseudomonadales|f__Spongiibacteraceae|g__|s__|ASV_3004",0.296187027819033,0.471147461311294,0.213943941002387,0.367810970679342,0.471147461311294,"","ALDEx2_kw"
"k__Bacteria|p__Bacteroidota|c__Bacteroidia|o__Flavobacteriales|f__Flavobacteriaceae|g__Robiginitalea|s__|ASV_355","February - September","k__Bacteria|p__Bacteroidota|c__Bacteroidia|o__Flavobacteriales|f__Flavobacteriaceae|g__Robiginitalea|s__|ASV_355",0.355285385733745,0.534801858213546,0.281218153116693,0.438798664733964,0.534801858213546,"","ALDEx2_kw"
"k__Bacteria|p__Dependentiae|c__Babeliae|o__Babeliales|f__Vermiphilaceae|g__|s__|ASV_7801","February - September","k__Bacteria|p__Dependentiae|c__Babeliae|o__Babeliales|f__Vermiphilaceae|g__|s__|ASV_7801",0.503454860716091,0.654175947971751,0.465579533544596,0.614040592103214,0.654175947971751,"","ALDEx2_kw"
"k__Bacteria|p__Pseudomonadota|c__Alphaproteobacteria|o__Hyphomicrobiales|f__Rhodomicrobiaceae|g__Rhodomicrobium|s__|ASV_2124","February - September","k__Bacteria|p__Pseudomonadota|c__Alphaproteobacteria|o__Hyphomicrobiales|f__Rhodomicrobiaceae|g__Rhodomicrobium|s__|ASV_2124",0.59749577270437,0.741092716664561,0.551425111366479,0.698765167266829,0.741092716664561,"","ALDEx2_kw"
"k__Bacteria|p__Pseudomonadota|c__Alphaproteobacteria|o__Rhodobacterales|f__Paracoccaceae|g__Palleronia-Pseudomaribius|s__|ASV_951","February - September","k__Bacteria|p__Pseudomonadota|c__Alphaproteobacteria|o__Rhodobacterales|f__Paracoccaceae|g__Palleronia-Pseudomaribius|s__|ASV_951",0.143174780787624,0.303139828745901,0.122888414084035,0.246589592659111,0.303139828745901,"","ALDEx2_kw"
"k__Bacteria|p__Pseudomonadota|c__Alphaproteobacteria|o__Sphingomonadales|f__Sphingomonadaceae|g__Aurantiacibacter|s__|ASV_8699","February - September","k__Bacteria|p__Pseudomonadota|c__Alphaproteobacteria|o__Sphingomonadales|f__Sphingomonadaceae|g__Aurantiacibacter|s__|ASV_8699",0.160409513623865,0.326030858832893,0.113211695564422,0.232293568715187,0.326030858832893,"","ALDEx2_kw"
"k__Bacteria|p__Pseudomonadota|c__Gammaproteobacteria|o__Chromatiales|f__Chromatiaceae|g__Halochromatium|s__|ASV_5260","February - September","k__Bacteria|p__Pseudomonadota|c__Gammaproteobacteria|o__Chromatiales|f__Chromatiaceae|g__Halochromatium|s__|ASV_5260",0.410679380159766,0.587824647775145,0.399104880019825,0.558251973146471,0.587824647775145,"","ALDEx2_kw"
"k__Bacteria|p__Pseudomonadota|c__Gammaproteobacteria|o__Thiomicrospirales|f__Thiomicrospiraceae|g__endosymbionts|s__|ASV_10052","February - September","k__Bacteria|p__Pseudomonadota|c__Gammaproteobacteria|o__Thiomicrospirales|f__Thiomicrospiraceae|g__endosymbionts|s__|ASV_10052",0.505301105096511,0.660081249327314,0.393381432339321,0.551514172808617,0.660081249327314,"","ALDEx2_kw"
"k__Bacteria|p__Bacteroidota|c__Bacteroidia|o__Flavobacteriales|f__Flavobacteriaceae|g__Hanstruepera|s__|ASV_2269","February - September","k__Bacteria|p__Bacteroidota|c__Bacteroidia|o__Flavobacteriales|f__Flavobacteriaceae|g__Hanstruepera|s__|ASV_2269",0.0373274314254377,0.144057512849753,0.047879954212899,0.133401468936,0.144057512849753,"","ALDEx2_kw"
"k__Bacteria|p__Chloroflexota|c__Anaerolineae|o__Anaerolineales|f__Anaerolineaceae|g__|s__|ASV_14272","February - September","k__Bacteria|p__Chloroflexota|c__Anaerolineae|o__Anaerolineales|f__Anaerolineaceae|g__|s__|ASV_14272",0.421026708817272,0.585627937836639,0.299895388717279,0.454491557293974,0.585627937836639,"","ALDEx2_kw"
"k__Bacteria|p__Cyanobacteriota|c__Cyanobacteriia|o__Cyanobacteriales|f__Xenococcaceae|g__Pleurocapsa_PCC-7319|s__|ASV_12101","February - September","k__Bacteria|p__Cyanobacteriota|c__Cyanobacteriia|o__Cyanobacteriales|f__Xenococcaceae|g__Pleurocapsa_PCC-7319|s__|ASV_12101",0.59022119623394,0.739872241947675,0.569451081886196,0.718911021138909,0.739872241947675,"","ALDEx2_kw"
"k__Bacteria|p__Pseudomonadota|c__Alphaproteobacteria|o__Rhodobacterales|f__Paracoccaceae|g__Palleronia-Pseudomaribius|s__|ASV_11632","February - September","k__Bacteria|p__Pseudomonadota|c__Alphaproteobacteria|o__Rhodobacterales|f__Paracoccaceae|g__Palleronia-Pseudomaribius|s__|ASV_11632",0.473615503258058,0.634779567764785,0.422311759701783,0.581381473165268,0.634779567764785,"","ALDEx2_kw"
"k__Bacteria|p__Pseudomonadota|c__Alphaproteobacteria|o__Rhodobacterales|f__Paracoccaceae|g__Silicimonas|s__|ASV_9670","February - September","k__Bacteria|p__Pseudomonadota|c__Alphaproteobacteria|o__Rhodobacterales|f__Paracoccaceae|g__Silicimonas|s__|ASV_9670",0.574153822115671,0.71352525747203,0.496051856443785,0.645355240721011,0.71352525747203,"","ALDEx2_kw"
"k__Bacteria|p__Pseudomonadota|c__Gammaproteobacteria|o__Pseudomonadales|f__Alcanivoracaceae|g__Ketobacter|s__|ASV_7246","February - September","k__Bacteria|p__Pseudomonadota|c__Gammaproteobacteria|o__Pseudomonadales|f__Alcanivoracaceae|g__Ketobacter|s__|ASV_7246",0.52770368604499,0.68482776138902,0.50388157115896,0.659641520612504,0.68482776138902,"","ALDEx2_kw"
"k__Bacteria|p__Acidobacteriota|c__Thermoanaerobaculia|o__Thermoanaerobaculales|f__Thermoanaerobaculaceae|g__Subgroup_10|s__|ASV_2228","February - September","k__Bacteria|p__Acidobacteriota|c__Thermoanaerobaculia|o__Thermoanaerobaculales|f__Thermoanaerobaculaceae|g__Subgroup_10|s__|ASV_2228",0.281057924803715,0.45409753554765,0.210800535508894,0.356073349838419,0.45409753554765,"","ALDEx2_kw"
"k__Bacteria|p__Bacteroidota|c__Bacteroidia|o__Chitinophagales|f__Saprospiraceae|g__|s__|ASV_10691","February - September","k__Bacteria|p__Bacteroidota|c__Bacteroidia|o__Chitinophagales|f__Saprospiraceae|g__|s__|ASV_10691",0.242756417246184,0.414610724746087,0.192431491007239,0.336690663312571,0.414610724746087,"","ALDEx2_kw"
"k__Bacteria|p__Bacteroidota|c__Bacteroidia|o__Chitinophagales|f__Saprospiraceae|g__|s__|ASV_11215","February - September","k__Bacteria|p__Bacteroidota|c__Bacteroidia|o__Chitinophagales|f__Saprospiraceae|g__|s__|ASV_11215",0.433939843395414,0.601345585954953,0.369937224317787,0.536048091000992,0.601345585954953,"","ALDEx2_kw"
"k__Bacteria|p__Bacteroidota|c__Bacteroidia|o__Chitinophagales|f__Saprospiraceae|g__|s__|ASV_11900","February - September","k__Bacteria|p__Bacteroidota|c__Bacteroidia|o__Chitinophagales|f__Saprospiraceae|g__|s__|ASV_11900",0.422767880420896,0.578408295308653,0.345663013127119,0.495686175348682,0.578408295308653,"","ALDEx2_kw"
"k__Bacteria|p__Chloroflexota|c__Anaerolineae|o__Aggregatilineales|f__Aggregatilineaceae|g__|s__|ASV_4295","February - September","k__Bacteria|p__Chloroflexota|c__Anaerolineae|o__Aggregatilineales|f__Aggregatilineaceae|g__|s__|ASV_4295",0.311983790419023,0.511152618809678,0.380161285524325,0.543731030961454,0.511152618809678,"","ALDEx2_kw"
"k__Bacteria|p__Pseudomonadota|c__Alphaproteobacteria|o__Sphingomonadales|f__Sphingomonadaceae|g__Parasphingopyxis|s__|ASV_11607","February - September","k__Bacteria|p__Pseudomonadota|c__Alphaproteobacteria|o__Sphingomonadales|f__Sphingomonadaceae|g__Parasphingopyxis|s__|ASV_11607",0.181307218505849,0.347929082099249,0.168648195379461,0.306202365984553,0.347929082099249,"","ALDEx2_kw"
"k__Bacteria|p__Pseudomonadota|c__Alphaproteobacteria|o__Sphingomonadales|f__Sphingomonadaceae|g__Qipengyuania|s__|ASV_3751","February - September","k__Bacteria|p__Pseudomonadota|c__Alphaproteobacteria|o__Sphingomonadales|f__Sphingomonadaceae|g__Qipengyuania|s__|ASV_3751",0.539218980382104,0.695388656338259,0.581682755913853,0.725481405330752,0.695388656338259,"","ALDEx2_kw"
"k__Bacteria|p__Pseudomonadota|c__Alphaproteobacteria|o__Sphingomonadales|f__Sphingomonadaceae|g__|s__|ASV_4187","February - September","k__Bacteria|p__Pseudomonadota|c__Alphaproteobacteria|o__Sphingomonadales|f__Sphingomonadaceae|g__|s__|ASV_4187",0.351192790584646,0.543179225986262,0.342449881162521,0.512241388358842,0.543179225986262,"","ALDEx2_kw"
"k__Bacteria|p__Verrucomicrobiota|c__Verrucomicrobiia|o__Verrucomicrobiales|f__Rubritaleaceae|g__DBS1|s__|ASV_11128","February - September","k__Bacteria|p__Verrucomicrobiota|c__Verrucomicrobiia|o__Verrucomicrobiales|f__Rubritaleaceae|g__DBS1|s__|ASV_11128",0.37031752197322,0.538782989514834,0.296711631922461,0.448314231255055,0.538782989514834,"","ALDEx2_kw"
"k__Bacteria|p__Bacteroidota|c__Bacteroidia|o__Cytophagales|f__Cyclobacteriaceae|g__Tunicatimonas|s__|ASV_8575","February - September","k__Bacteria|p__Bacteroidota|c__Bacteroidia|o__Cytophagales|f__Cyclobacteriaceae|g__Tunicatimonas|s__|ASV_8575",0.504791988814675,0.663086242247651,0.518165653944611,0.661312133248366,0.663086242247651,"","ALDEx2_kw"
"k__Bacteria|p__Cyanobacteriota|c__Cyanobacteriia|o__Cyanobacteriales|f__Nostocaceae|g__Rivularia_PCC-7116|s__|ASV_10483","February - September","k__Bacteria|p__Cyanobacteriota|c__Cyanobacteriia|o__Cyanobacteriales|f__Nostocaceae|g__Rivularia_PCC-7116|s__|ASV_10483",0.465101554625944,0.628088545105283,0.402107664569062,0.567207232119275,0.628088545105283,"","ALDEx2_kw"
"k__Bacteria|p__Myxococcota|c__Polyangiia|o__Polyangiales|f__Sandaracinaceae|g__|s__|ASV_414","February - September","k__Bacteria|p__Myxococcota|c__Polyangiia|o__Polyangiales|f__Sandaracinaceae|g__|s__|ASV_414",0.396034458500841,0.557569671198185,0.353089202597315,0.505256017645331,0.557569671198185,"","ALDEx2_kw"
"k__Bacteria|p__Verrucomicrobiota|c__Verrucomicrobiia|o__Verrucomicrobiales|f__Rubritaleaceae|g__Haloferula|s__|ASV_12612","February - September","k__Bacteria|p__Verrucomicrobiota|c__Verrucomicrobiia|o__Verrucomicrobiales|f__Rubritaleaceae|g__Haloferula|s__|ASV_12612",0.383984090523867,0.559995121663692,0.332695240690749,0.498400936784319,0.559995121663692,"","ALDEx2_kw"
"k__Bacteria|p__Verrucomicrobiota|c__Verrucomicrobiia|o__Verrucomicrobiales|f__Rubritaleaceae|g__Roseibacillus|s__|ASV_9177","February - September","k__Bacteria|p__Verrucomicrobiota|c__Verrucomicrobiia|o__Verrucomicrobiales|f__Rubritaleaceae|g__Roseibacillus|s__|ASV_9177",0.207866973308325,0.384289673432082,0.20701785577046,0.351663699910099,0.384289673432082,"","ALDEx2_kw"
"k__Bacteria|p__Cyanobacteriota|c__Cyanobacteriia|o__Cyanobacteriales|f__Xenococcaceae|g__Pleurocapsa_PCC-7319|s__|ASV_1835","February - September","k__Bacteria|p__Cyanobacteriota|c__Cyanobacteriia|o__Cyanobacteriales|f__Xenococcaceae|g__Pleurocapsa_PCC-7319|s__|ASV_1835",0.544066535914279,0.699035503642553,0.55941655504281,0.705974585363175,0.699035503642553,"","ALDEx2_kw"
"k__Bacteria|p__Gemmatimonadota|c__Longimicrobiia|o__Longimicrobiales|f__Longimicrobiaceae|g__|s__|ASV_10835","February - September","k__Bacteria|p__Gemmatimonadota|c__Longimicrobiia|o__Longimicrobiales|f__Longimicrobiaceae|g__|s__|ASV_10835",0.379937382176744,0.539704838617222,0.364860087156839,0.508354587090242,0.539704838617222,"","ALDEx2_kw"
"k__Bacteria|p__Planctomycetota|c__Planctomycetes|o__Pirellulales|f__Pirellulaceae|g__|s__|ASV_9318","February - September","k__Bacteria|p__Planctomycetota|c__Planctomycetes|o__Pirellulales|f__Pirellulaceae|g__|s__|ASV_9318",0.247566771974275,0.418025446917914,0.191542883021236,0.332784795618868,0.418025446917914,"","ALDEx2_kw"
"k__Bacteria|p__Pseudomonadota|c__Alphaproteobacteria|o__Rhodobacterales|f__Paracoccaceae|g__Palleronia-Pseudomaribius|s__|ASV_11182","February - September","k__Bacteria|p__Pseudomonadota|c__Alphaproteobacteria|o__Rhodobacterales|f__Paracoccaceae|g__Palleronia-Pseudomaribius|s__|ASV_11182",0.540066362459643,0.695456102707318,0.518739502968267,0.673183019441836,0.695456102707318,"","ALDEx2_kw"
"k__Bacteria|p__Rhodothermota|c__Rhodothermia|o__Rhodothermales|f__Rhodothermaceae|g__|s__|ASV_2738","February - September","k__Bacteria|p__Rhodothermota|c__Rhodothermia|o__Rhodothermales|f__Rhodothermaceae|g__|s__|ASV_2738",0.453479313009462,0.624236906031152,0.426639720124444,0.585129831323813,0.624236906031152,"","ALDEx2_kw"
"k__Bacteria|p__Bacteroidota|c__Bacteroidia|o__Chitinophagales|f__Saprospiraceae|g__|s__|ASV_8127","February - September","k__Bacteria|p__Bacteroidota|c__Bacteroidia|o__Chitinophagales|f__Saprospiraceae|g__|s__|ASV_8127",0.708863136453668,0.824691084336363,0.635982470330397,0.769421679804456,0.824691084336363,"","ALDEx2_kw"
"k__Bacteria|p__Bacteroidota|c__Bacteroidia|o__Chitinophagales|f__Saprospiraceae|g__|s__|ASV_9393","February - September","k__Bacteria|p__Bacteroidota|c__Bacteroidia|o__Chitinophagales|f__Saprospiraceae|g__|s__|ASV_9393",0.488273307582156,0.657572191279714,0.458761079423655,0.612433333150612,0.657572191279714,"","ALDEx2_kw"
"k__Bacteria|p__Bacteroidota|c__Bacteroidia|o__Cytophagales|f__Flammeovirgaceae|g__Rapidithrix|s__|ASV_7182","February - September","k__Bacteria|p__Bacteroidota|c__Bacteroidia|o__Cytophagales|f__Flammeovirgaceae|g__Rapidithrix|s__|ASV_7182",0.253559683086964,0.432428497376903,0.22275471710197,0.37315608414709,0.432428497376903,"","ALDEx2_kw"
"k__Bacteria|p__Myxococcota|c__Polyangiia|o__Polyangiales|f__Sandaracinaceae|g__|s__|ASV_7560","February - September","k__Bacteria|p__Myxococcota|c__Polyangiia|o__Polyangiales|f__Sandaracinaceae|g__|s__|ASV_7560",0.39305661802,0.571089472655917,0.349750854736789,0.518677332130229,0.571089472655917,"","ALDEx2_kw"
"k__Bacteria|p__Pseudomonadota|c__Alphaproteobacteria|o__Rhodobacterales|f__Paracoccaceae|g__Jannaschia|s__|ASV_4456","February - September","k__Bacteria|p__Pseudomonadota|c__Alphaproteobacteria|o__Rhodobacterales|f__Paracoccaceae|g__Jannaschia|s__|ASV_4456",0.320303868073813,0.497698400285026,0.26339370404295,0.411133830964696,0.497698400285026,"","ALDEx2_kw"
"k__Bacteria|p__Pseudomonadota|c__Gammaproteobacteria|o__Enterobacterales|f__Alteromonadaceae|g__|s__|ASV_5959","February - September","k__Bacteria|p__Pseudomonadota|c__Gammaproteobacteria|o__Enterobacterales|f__Alteromonadaceae|g__|s__|ASV_5959",0.38401504344124,0.549108226171217,0.322594834975086,0.470038438008884,0.549108226171217,"","ALDEx2_kw"
"k__Bacteria|p__Pseudomonadota|c__Gammaproteobacteria|o__Pseudomonadales|f__Cellvibrionaceae|g__|s__|ASV_13000","February - September","k__Bacteria|p__Pseudomonadota|c__Gammaproteobacteria|o__Pseudomonadales|f__Cellvibrionaceae|g__|s__|ASV_13000",0.505278451187211,0.666770024055629,0.475517965119045,0.628396393222874,0.666770024055629,"","ALDEx2_kw"
"k__Bacteria|p__Actinomycetota|c__Acidimicrobiia|o__Microtrichales|f__Ilumatobacteraceae|g__Ilumatobacter|s__|ASV_13508","February - September","k__Bacteria|p__Actinomycetota|c__Acidimicrobiia|o__Microtrichales|f__Ilumatobacteraceae|g__Ilumatobacter|s__|ASV_13508",0.509077249534182,0.662723544677377,0.418727736778399,0.579133806974433,0.662723544677377,"","ALDEx2_kw"
"k__Bacteria|p__Actinomycetota|c__Actinobacteria|o__Nitriliruptorales|f__Nitriliruptoraceae|g__|s__|ASV_15496","February - September","k__Bacteria|p__Actinomycetota|c__Actinobacteria|o__Nitriliruptorales|f__Nitriliruptoraceae|g__|s__|ASV_15496",0.346789377113527,0.52582144598562,0.272096692015102,0.440029728737378,0.52582144598562,"","ALDEx2_kw"
"k__Bacteria|p__Bacteroidota|c__Bacteroidia|o__Flavobacteriales|f__Flavobacteriaceae|g__Maribacter|s__|ASV_12000","February - September","k__Bacteria|p__Bacteroidota|c__Bacteroidia|o__Flavobacteriales|f__Flavobacteriaceae|g__Maribacter|s__|ASV_12000",0.0499225725762741,0.167236456331586,0.0577049579974457,0.146362714809826,0.167236456331586,"","ALDEx2_kw"
"k__Bacteria|p__Chloroflexota|c__Anaerolineae|o__Ardenticatenales|f__Ardenticatenaceae|g__|s__|ASV_14123","February - September","k__Bacteria|p__Chloroflexota|c__Anaerolineae|o__Ardenticatenales|f__Ardenticatenaceae|g__|s__|ASV_14123",0.464394572409738,0.620864266577703,0.380809847674671,0.531262326466969,0.620864266577703,"","ALDEx2_kw"
"k__Bacteria|p__Pseudomonadota|c__Alphaproteobacteria|o__Hyphomicrobiales|f__Rhizobiaceae|g__Martelella|s__|ASV_7223","February - September","k__Bacteria|p__Pseudomonadota|c__Alphaproteobacteria|o__Hyphomicrobiales|f__Rhizobiaceae|g__Martelella|s__|ASV_7223",0.370313846444061,0.53738787088096,0.33784004274768,0.484213250266958,0.53738787088096,"","ALDEx2_kw"
"k__Bacteria|p__Pseudomonadota|c__Alphaproteobacteria|o__Rhodobacterales|f__Paracoccaceae|g__Limibaculum|s__|ASV_1152","February - September","k__Bacteria|p__Pseudomonadota|c__Alphaproteobacteria|o__Rhodobacterales|f__Paracoccaceae|g__Limibaculum|s__|ASV_1152",0.236649468953109,0.413273552445063,0.234474547969563,0.389643100303114,0.413273552445063,"","ALDEx2_kw"
"k__Bacteria|p__Pseudomonadota|c__Alphaproteobacteria|o__Rhodobacterales|f__Paracoccaceae|g__Marivita|s__|ASV_7068","February - September","k__Bacteria|p__Pseudomonadota|c__Alphaproteobacteria|o__Rhodobacterales|f__Paracoccaceae|g__Marivita|s__|ASV_7068",0.363151620100662,0.535700424493127,0.315967146743316,0.47278706337544,0.535700424493127,"","ALDEx2_kw"
"k__Bacteria|p__Pseudomonadota|c__Alphaproteobacteria|o__Sphingomonadales|f__Sphingomonadaceae|g__Croceicoccus|s__|ASV_6402","February - September","k__Bacteria|p__Pseudomonadota|c__Alphaproteobacteria|o__Sphingomonadales|f__Sphingomonadaceae|g__Croceicoccus|s__|ASV_6402",0.168683897324764,0.333623159324281,0.115354674590416,0.243338221659899,0.333623159324281,"","ALDEx2_kw"
"k__Bacteria|p__Pseudomonadota|c__Gammaproteobacteria|o__Steroidobacterales|f__Woeseiaceae|g__Woeseia|s__|ASV_2639","February - September","k__Bacteria|p__Pseudomonadota|c__Gammaproteobacteria|o__Steroidobacterales|f__Woeseiaceae|g__Woeseia|s__|ASV_2639",0.343394100389313,0.520329349498495,0.325181441932546,0.481139446992709,0.520329349498495,"","ALDEx2_kw"
"k__Bacteria|p__Acidobacteriota|c__Thermoanaerobaculia|o__Thermoanaerobaculales|f__Thermoanaerobaculaceae|g__Subgroup_10|s__|ASV_13832","February - September","k__Bacteria|p__Acidobacteriota|c__Thermoanaerobaculia|o__Thermoanaerobaculales|f__Thermoanaerobaculaceae|g__Subgroup_10|s__|ASV_13832",0.5391463857436,0.701704454544253,0.536845250478288,0.686067195224544,0.701704454544253,"","ALDEx2_kw"
"k__Bacteria|p__Pseudomonadota|c__Alphaproteobacteria|o__Rhodobacterales|f__Paracoccaceae|g__|s__|ASV_4861","February - September","k__Bacteria|p__Pseudomonadota|c__Alphaproteobacteria|o__Rhodobacterales|f__Paracoccaceae|g__|s__|ASV_4861",0.411279240394483,0.568845473708421,0.360215410901672,0.511673902760954,0.568845473708421,"","ALDEx2_kw"
"k__Bacteria|p__Pseudomonadota|c__Gammaproteobacteria|o__Enterobacterales|f__Vibrionaceae|g__Vibrio|s__|ASV_6980","February - September","k__Bacteria|p__Pseudomonadota|c__Gammaproteobacteria|o__Enterobacterales|f__Vibrionaceae|g__Vibrio|s__|ASV_6980",0.389750401700483,0.561913839793162,0.363303104033612,0.520194270738256,0.561913839793162,"","ALDEx2_kw"
"k__Bacteria|p__Pseudomonadota|c__Gammaproteobacteria|o__Pseudomonadales|f__Halieaceae|g__|s__|ASV_15846","February - September","k__Bacteria|p__Pseudomonadota|c__Gammaproteobacteria|o__Pseudomonadales|f__Halieaceae|g__|s__|ASV_15846",0.382519701987941,0.554767638375872,0.328716351889341,0.486596167540133,0.554767638375872,"","ALDEx2_kw"
"k__Bacteria|p__Pseudomonadota|c__Gammaproteobacteria|o__Pseudomonadales|f__KI89A_clade|g__|s__|ASV_5556","February - September","k__Bacteria|p__Pseudomonadota|c__Gammaproteobacteria|o__Pseudomonadales|f__KI89A_clade|g__|s__|ASV_5556",0.305478863980329,0.470262023359285,0.202847721481403,0.351004062326149,0.470262023359285,"","ALDEx2_kw"
"k__Bacteria|p__Bacteroidota|c__Bacteroidia|o__Chitinophagales|f__Saprospiraceae|g__|s__|ASV_1449","February - September","k__Bacteria|p__Bacteroidota|c__Bacteroidia|o__Chitinophagales|f__Saprospiraceae|g__|s__|ASV_1449",0.662225600043604,0.793034446363239,0.59819515268695,0.739324400503369,0.793034446363239,"","ALDEx2_kw"
"k__Bacteria|p__Chloroflexota|c__Anaerolineae|o__Anaerolineales|f__Anaerolineaceae|g__|s__|ASV_3608","February - September","k__Bacteria|p__Chloroflexota|c__Anaerolineae|o__Anaerolineales|f__Anaerolineaceae|g__|s__|ASV_3608",0.554925866141023,0.714074654579762,0.593808040972455,0.734031928618498,0.714074654579762,"","ALDEx2_kw"
"k__Bacteria|p__Gemmatimonadota|c__Longimicrobiia|o__Longimicrobiales|f__Longimicrobiaceae|g__YC-ZSS-LKJ147|s__|ASV_8187","February - September","k__Bacteria|p__Gemmatimonadota|c__Longimicrobiia|o__Longimicrobiales|f__Longimicrobiaceae|g__YC-ZSS-LKJ147|s__|ASV_8187",0.335009328286543,0.506604287380162,0.242334430426943,0.397913936013,0.506604287380162,"","ALDEx2_kw"
"k__Bacteria|p__Pseudomonadota|c__Alphaproteobacteria|o__Rhodobacterales|f__Paracoccaceae|g__|s__|ASV_1438","February - September","k__Bacteria|p__Pseudomonadota|c__Alphaproteobacteria|o__Rhodobacterales|f__Paracoccaceae|g__|s__|ASV_1438",0.583688491967712,0.732666593458272,0.569397230148441,0.715359672247578,0.732666593458272,"","ALDEx2_kw"
"k__Bacteria|p__Pseudomonadota|c__Alphaproteobacteria|o__|f__Neomegalonemataceae|g__Acuticoccus|s__|ASV_15879","February - September","k__Bacteria|p__Pseudomonadota|c__Alphaproteobacteria|o__|f__Neomegalonemataceae|g__Acuticoccus|s__|ASV_15879",0.233297986931583,0.404366537558002,0.155148460921033,0.295308678445259,0.404366537558002,"","ALDEx2_kw"
"k__Bacteria|p__Pseudomonadota|c__Gammaproteobacteria|o__Pseudomonadales|f__Cellvibrionaceae|g__|s__|ASV_5036","February - September","k__Bacteria|p__Pseudomonadota|c__Gammaproteobacteria|o__Pseudomonadales|f__Cellvibrionaceae|g__|s__|ASV_5036",0.599108811556193,0.742809367132954,0.533313314923492,0.685383099903979,0.742809367132954,"","ALDEx2_kw"
"k__Bacteria|p__Pseudomonadota|c__Gammaproteobacteria|o__Pseudomonadales|f__Microbulbiferaceae|g__Microbulbifer|s__|ASV_10385","February - September","k__Bacteria|p__Pseudomonadota|c__Gammaproteobacteria|o__Pseudomonadales|f__Microbulbiferaceae|g__Microbulbifer|s__|ASV_10385",0.475834056769536,0.637261530277332,0.424557822886402,0.575251945178973,0.637261530277332,"","ALDEx2_kw"
"k__Bacteria|p__Acidobacteriota|c__Thermoanaerobaculia|o__Thermoanaerobaculales|f__Thermoanaerobaculaceae|g__Subgroup_10|s__|ASV_4632","February - September","k__Bacteria|p__Acidobacteriota|c__Thermoanaerobaculia|o__Thermoanaerobaculales|f__Thermoanaerobaculaceae|g__Subgroup_10|s__|ASV_4632",0.417185928978862,0.596878076427491,0.420348760567529,0.578762021612372,0.596878076427491,"","ALDEx2_kw"
"k__Bacteria|p__Pseudomonadota|c__Alphaproteobacteria|o__Sphingomonadales|f__Sphingomonadaceae|g__|s__|ASV_8973","February - September","k__Bacteria|p__Pseudomonadota|c__Alphaproteobacteria|o__Sphingomonadales|f__Sphingomonadaceae|g__|s__|ASV_8973",0.533485650754545,0.679303808436175,0.495367226319755,0.643621156461296,0.679303808436175,"","ALDEx2_kw"
"k__Bacteria|p__Pseudomonadota|c__Gammaproteobacteria|o__Pseudomonadales|f__Halieaceae|g__Parahaliea|s__|ASV_9065","February - September","k__Bacteria|p__Pseudomonadota|c__Gammaproteobacteria|o__Pseudomonadales|f__Halieaceae|g__Parahaliea|s__|ASV_9065",0.253791011823891,0.444253274180917,0.290526273695022,0.449545717021734,0.444253274180917,"","ALDEx2_kw"
"k__Bacteria|p__Bacteroidota|c__Bacteroidia|o__Chitinophagales|f__Saprospiraceae|g__Lewinella|s__|ASV_8583","February - September","k__Bacteria|p__Bacteroidota|c__Bacteroidia|o__Chitinophagales|f__Saprospiraceae|g__Lewinella|s__|ASV_8583",0.444951004211545,0.607213238735373,0.425757026337718,0.576167832084353,0.607213238735373,"","ALDEx2_kw"
"k__Bacteria|p__Bacteroidota|c__Bacteroidia|o__Cytophagales|f__Cyclobacteriaceae|g__|s__|ASV_11285","February - September","k__Bacteria|p__Bacteroidota|c__Bacteroidia|o__Cytophagales|f__Cyclobacteriaceae|g__|s__|ASV_11285",0.388523624652305,0.557761272498807,0.325894630425905,0.487254360987909,0.557761272498807,"","ALDEx2_kw"
"k__Bacteria|p__Bacteroidota|c__Bacteroidia|o__Flavobacteriales|f__Flavobacteriaceae|g__Robertkochia|s__|ASV_468","February - September","k__Bacteria|p__Bacteroidota|c__Bacteroidia|o__Flavobacteriales|f__Flavobacteriaceae|g__Robertkochia|s__|ASV_468",0.409664757967722,0.591733924875373,0.427565610127248,0.588850033306091,0.591733924875373,"","ALDEx2_kw"
"k__Bacteria|p__Deinococcota|c__Deinococci|o__Deinococcales|f__Trueperaceae|g__Truepera|s__|ASV_14236","February - September","k__Bacteria|p__Deinococcota|c__Deinococci|o__Deinococcales|f__Trueperaceae|g__Truepera|s__|ASV_14236",0.359437200784407,0.550719603029662,0.333704389332548,0.497585662266328,0.550719603029662,"","ALDEx2_kw"
"k__Bacteria|p__Gemmatimonadota|c__Longimicrobiia|o__Longimicrobiales|f__Longimicrobiaceae|g__|s__|ASV_5599","February - September","k__Bacteria|p__Gemmatimonadota|c__Longimicrobiia|o__Longimicrobiales|f__Longimicrobiaceae|g__|s__|ASV_5599",0.520630334205845,0.682536671889818,0.52562139141788,0.673733518016427,0.682536671889818,"","ALDEx2_kw"
"k__Bacteria|p__Pseudomonadota|c__Gammaproteobacteria|o__Enterobacterales|f__Alteromonadaceae|g__|s__|ASV_7006","February - September","k__Bacteria|p__Pseudomonadota|c__Gammaproteobacteria|o__Enterobacterales|f__Alteromonadaceae|g__|s__|ASV_7006",0.407383948362041,0.577565703978688,0.310099108639961,0.467330619814235,0.577565703978688,"","ALDEx2_kw"
"k__Bacteria|p__Pseudomonadota|c__Gammaproteobacteria|o__Pseudomonadales|f__Cellvibrionaceae|g__|s__|ASV_9688","February - September","k__Bacteria|p__Pseudomonadota|c__Gammaproteobacteria|o__Pseudomonadales|f__Cellvibrionaceae|g__|s__|ASV_9688",0.0151691827866403,0.0947711990494713,0.0437779619586879,0.127397923999626,0.0947711990494713,"","ALDEx2_kw"
"k__Bacteria|p__Rhodothermota|c__Rhodothermia|o__Rhodothermales|f__Rhodothermaceae|g__|s__|ASV_15284","February - September","k__Bacteria|p__Rhodothermota|c__Rhodothermia|o__Rhodothermales|f__Rhodothermaceae|g__|s__|ASV_15284",0.353948212863296,0.52740572059917,0.303574310586742,0.460680713069247,0.52740572059917,"","ALDEx2_kw"
"k__Bacteria|p__Cyanobacteriota|c__Cyanobacteriia|o__Cyanobacteriales|f__Microcystaceae|g__Synechocystis_BDHKU-20401|s__|ASV_733","February - September","k__Bacteria|p__Cyanobacteriota|c__Cyanobacteriia|o__Cyanobacteriales|f__Microcystaceae|g__Synechocystis_BDHKU-20401|s__|ASV_733",0.519891057244297,0.672185197039106,0.507865538411597,0.653074871792989,0.672185197039106,"","ALDEx2_kw"
"k__Bacteria|p__Pseudomonadota|c__Gammaproteobacteria|o__Ectothiorhodospirales|f__Ectothiorhodospiraceae|g__Thiogranum|s__|ASV_13819","February - September","k__Bacteria|p__Pseudomonadota|c__Gammaproteobacteria|o__Ectothiorhodospirales|f__Ectothiorhodospiraceae|g__Thiogranum|s__|ASV_13819",0.459193033357355,0.629409243658632,0.436332638096233,0.601547769278396,0.629409243658632,"","ALDEx2_kw"
"k__Bacteria|p__Pseudomonadota|c__Gammaproteobacteria|o__Enterobacterales|f__Alteromonadaceae|g__Alteromonas|s__|ASV_3498","February - September","k__Bacteria|p__Pseudomonadota|c__Gammaproteobacteria|o__Enterobacterales|f__Alteromonadaceae|g__Alteromonas|s__|ASV_3498",0.472141685919751,0.625961051476884,0.429034434667776,0.576487140303695,0.625961051476884,"","ALDEx2_kw"
"k__Bacteria|p__Pseudomonadota|c__Gammaproteobacteria|o__Enterobacterales|f__Alteromonadaceae|g__|s__|ASV_6570","February - September","k__Bacteria|p__Pseudomonadota|c__Gammaproteobacteria|o__Enterobacterales|f__Alteromonadaceae|g__|s__|ASV_6570",0.349057664652824,0.516801512111018,0.322828564699462,0.471386013941026,0.516801512111018,"","ALDEx2_kw"
"k__Bacteria|p__Pseudomonadota|c__Gammaproteobacteria|o__Pseudomonadales|f__Halieaceae|g__Pseudohaliea|s__|ASV_13472","February - September","k__Bacteria|p__Pseudomonadota|c__Gammaproteobacteria|o__Pseudomonadales|f__Halieaceae|g__Pseudohaliea|s__|ASV_13472",0.273452262630595,0.451451311652699,0.199210119989869,0.350533381917728,0.451451311652699,"","ALDEx2_kw"
"k__Bacteria|p__Pseudomonadota|c__Gammaproteobacteria|o__Steroidobacterales|f__Woeseiaceae|g__Woeseia|s__|ASV_8035","February - September","k__Bacteria|p__Pseudomonadota|c__Gammaproteobacteria|o__Steroidobacterales|f__Woeseiaceae|g__Woeseia|s__|ASV_8035",0.401097642191608,0.591425095148762,0.440211887952005,0.603699696755624,0.591425095148762,"","ALDEx2_kw"
"k__Bacteria|p__Rhodothermota|c__Rhodothermia|o__Rhodothermales|f__Rhodothermaceae|g__|s__|ASV_7515","February - September","k__Bacteria|p__Rhodothermota|c__Rhodothermia|o__Rhodothermales|f__Rhodothermaceae|g__|s__|ASV_7515",0.197835790635659,0.356840410665796,0.147969964285605,0.275600712556703,0.356840410665796,"","ALDEx2_kw"
"k__Bacteria|p__Rhodothermota|c__Rhodothermia|o__Rhodothermales|f__Rhodothermaceae|g__|s__|ASV_9456","February - September","k__Bacteria|p__Rhodothermota|c__Rhodothermia|o__Rhodothermales|f__Rhodothermaceae|g__|s__|ASV_9456",0.146112923522476,0.309282503571875,0.151332697315977,0.28385616018833,0.309282503571875,"","ALDEx2_kw"
"k__Bacteria|p__Thermodesulfobacteriota|c__Desulfobulbia|o__Desulfobulbales|f__Desulfobulbaceae|g__|s__|ASV_8037","February - September","k__Bacteria|p__Thermodesulfobacteriota|c__Desulfobulbia|o__Desulfobulbales|f__Desulfobulbaceae|g__|s__|ASV_8037",0.623116751035328,0.762280083314028,0.584906045461077,0.730469492217537,0.762280083314028,"","ALDEx2_kw"
"k__Bacteria|p__Actinomycetota|c__Actinobacteria|o__Euzebyales|f__Euzebyaceae|g__|s__|ASV_8144","February - September","k__Bacteria|p__Actinomycetota|c__Actinobacteria|o__Euzebyales|f__Euzebyaceae|g__|s__|ASV_8144",0.38012798122477,0.54431738458908,0.346308749144719,0.504380073643275,0.54431738458908,"","ALDEx2_kw"
"k__Bacteria|p__Bacteroidota|c__Bacteroidia|o__Chitinophagales|f__Saprospiraceae|g__|s__|ASV_8386","February - September","k__Bacteria|p__Bacteroidota|c__Bacteroidia|o__Chitinophagales|f__Saprospiraceae|g__|s__|ASV_8386",0.467849102400525,0.626850661286397,0.423978894381285,0.576614666282429,0.626850661286397,"","ALDEx2_kw"
"k__Bacteria|p__Cyanobacteriota|c__Cyanobacteriia|o__Cyanobacteriales|f__Xenococcaceae|g__Pleurocapsa_PCC-7319|s__|ASV_7062","February - September","k__Bacteria|p__Cyanobacteriota|c__Cyanobacteriia|o__Cyanobacteriales|f__Xenococcaceae|g__Pleurocapsa_PCC-7319|s__|ASV_7062",0.482593590222367,0.647455734718301,0.454364634556132,0.611715280013631,0.647455734718301,"","ALDEx2_kw"
"k__Bacteria|p__Pseudomonadota|c__Alphaproteobacteria|o__Caulobacterales|f__Hyphomonadaceae|g__Euryhalocaulis|s__|ASV_13612","February - September","k__Bacteria|p__Pseudomonadota|c__Alphaproteobacteria|o__Caulobacterales|f__Hyphomonadaceae|g__Euryhalocaulis|s__|ASV_13612",0.38462289348351,0.563768443588389,0.367036287340468,0.529570085173247,0.563768443588389,"","ALDEx2_kw"
"k__Bacteria|p__Pseudomonadota|c__Alphaproteobacteria|o__Rhodobacterales|f__Paracoccaceae|g__Actibacterium|s__|ASV_1137","February - September","k__Bacteria|p__Pseudomonadota|c__Alphaproteobacteria|o__Rhodobacterales|f__Paracoccaceae|g__Actibacterium|s__|ASV_1137",0.480761497081834,0.649312587945561,0.479330290787478,0.637292777231079,0.649312587945561,"","ALDEx2_kw"
"k__Bacteria|p__Pseudomonadota|c__Alphaproteobacteria|o__Rhodobacterales|f__Paracoccaceae|g__Limibaculum|s__|ASV_11834","February - September","k__Bacteria|p__Pseudomonadota|c__Alphaproteobacteria|o__Rhodobacterales|f__Paracoccaceae|g__Limibaculum|s__|ASV_11834",0.444065732665956,0.614298108266526,0.402114072042784,0.566144050577093,0.614298108266526,"","ALDEx2_kw"
"k__Bacteria|p__Thermodesulfobacteriota|c__Desulfobulbia|o__Desulfobulbales|f__Desulfocapsaceae|g__|s__|ASV_10762","February - September","k__Bacteria|p__Thermodesulfobacteriota|c__Desulfobulbia|o__Desulfobulbales|f__Desulfocapsaceae|g__|s__|ASV_10762",0.0994534409792767,0.24835911198233,0.0762558600904561,0.183149126371361,0.24835911198233,"","ALDEx2_kw"
"k__Bacteria|p__Verrucomicrobiota|c__Verrucomicrobiia|o__Verrucomicrobiales|f__Rubritaleaceae|g__Haloferula|s__|ASV_655","February - September","k__Bacteria|p__Verrucomicrobiota|c__Verrucomicrobiia|o__Verrucomicrobiales|f__Rubritaleaceae|g__Haloferula|s__|ASV_655",0.44922430480765,0.613644125419133,0.418991563916896,0.569826231426596,0.613644125419133,"","ALDEx2_kw"
"k__Bacteria|p__Actinomycetota|c__Actinobacteria|o__Nitriliruptorales|f__Nitriliruptoraceae|g__|s__|ASV_10455","February - September","k__Bacteria|p__Actinomycetota|c__Actinobacteria|o__Nitriliruptorales|f__Nitriliruptoraceae|g__|s__|ASV_10455",0.132434210791092,0.275572289039893,0.130466449603273,0.245486058439998,0.275572289039893,"","ALDEx2_kw"
"k__Bacteria|p__Bacteroidota|c__Bacteroidia|o__Bacteroidales|f__Prolixibacteraceae|g__|s__|ASV_3832","February - September","k__Bacteria|p__Bacteroidota|c__Bacteroidia|o__Bacteroidales|f__Prolixibacteraceae|g__|s__|ASV_3832",0.177015370959295,0.352200894875638,0.138980424035315,0.277391576339341,0.352200894875638,"","ALDEx2_kw"
"k__Bacteria|p__Bacteroidota|c__Bacteroidia|o__Chitinophagales|f__Saprospiraceae|g__Lewinella|s__|ASV_8608","February - September","k__Bacteria|p__Bacteroidota|c__Bacteroidia|o__Chitinophagales|f__Saprospiraceae|g__Lewinella|s__|ASV_8608",0.252778100751402,0.432602316484017,0.178894426575636,0.331029564182353,0.432602316484017,"","ALDEx2_kw"
"k__Bacteria|p__Bacteroidota|c__Bacteroidia|o__Flavobacteriales|f__Flavobacteriaceae|g__Winogradskyella|s__|ASV_13686","February - September","k__Bacteria|p__Bacteroidota|c__Bacteroidia|o__Flavobacteriales|f__Flavobacteriaceae|g__Winogradskyella|s__|ASV_13686",0.150952172029288,0.307038779235862,0.136003302951519,0.25634839190514,0.307038779235862,"","ALDEx2_kw"
"k__Bacteria|p__Chloroflexota|c__Anaerolineae|o__Anaerolineales|f__Anaerolineaceae|g__ADurb.Bin120|s__|ASV_707","February - September","k__Bacteria|p__Chloroflexota|c__Anaerolineae|o__Anaerolineales|f__Anaerolineaceae|g__ADurb.Bin120|s__|ASV_707",0.162322302635394,0.323792752343432,0.137765792131725,0.265583015173879,0.323792752343432,"","ALDEx2_kw"
"k__Bacteria|p__Chloroflexota|c__Anaerolineae|o__Anaerolineales|f__Anaerolineaceae|g__|s__|ASV_6002","February - September","k__Bacteria|p__Chloroflexota|c__Anaerolineae|o__Anaerolineales|f__Anaerolineaceae|g__|s__|ASV_6002",0.488754794163646,0.643146799828637,0.37683320813837,0.536981106070427,0.643146799828637,"","ALDEx2_kw"
"k__Bacteria|p__Myxococcota|c__Polyangiia|o__Polyangiales|f__Sandaracinaceae|g__|s__|ASV_10742","February - September","k__Bacteria|p__Myxococcota|c__Polyangiia|o__Polyangiales|f__Sandaracinaceae|g__|s__|ASV_10742",0.131653472772583,0.293722345864099,0.145153422864874,0.274332390605537,0.293722345864099,"","ALDEx2_kw"
"k__Bacteria|p__Pseudomonadota|c__Alphaproteobacteria|o__Hyphomicrobiales|f__Devosiaceae|g__|s__|ASV_11111","February - September","k__Bacteria|p__Pseudomonadota|c__Alphaproteobacteria|o__Hyphomicrobiales|f__Devosiaceae|g__|s__|ASV_11111",0.36813897413123,0.55420085807238,0.380703074897767,0.548116513361642,0.55420085807238,"","ALDEx2_kw"
"k__Bacteria|p__Pseudomonadota|c__Alphaproteobacteria|o__Hyphomicrobiales|f__Devosiaceae|g__|s__|ASV_12167","February - September","k__Bacteria|p__Pseudomonadota|c__Alphaproteobacteria|o__Hyphomicrobiales|f__Devosiaceae|g__|s__|ASV_12167",0.642687528210262,0.780926356841195,0.598036753426919,0.738255936509106,0.780926356841195,"","ALDEx2_kw"
"k__Bacteria|p__Pseudomonadota|c__Alphaproteobacteria|o__Hyphomicrobiales|f__Rhizobiaceae|g__Oricola|s__|ASV_10272","February - September","k__Bacteria|p__Pseudomonadota|c__Alphaproteobacteria|o__Hyphomicrobiales|f__Rhizobiaceae|g__Oricola|s__|ASV_10272",0.213283213207682,0.396335501516409,0.218508187402367,0.376380260547029,0.396335501516409,"","ALDEx2_kw"
"k__Bacteria|p__Pseudomonadota|c__Alphaproteobacteria|o__Rhodobacterales|f__Paracoccaceae|g__|s__|ASV_8569","February - September","k__Bacteria|p__Pseudomonadota|c__Alphaproteobacteria|o__Rhodobacterales|f__Paracoccaceae|g__|s__|ASV_8569",0.444543939507993,0.607394665382676,0.403086547933754,0.561779844096807,0.607394665382676,"","ALDEx2_kw"
"k__Bacteria|p__Rhodothermota|c__Rhodothermia|o__Rhodothermales|f__Rhodothermaceae|g__|s__|ASV_10187","February - September","k__Bacteria|p__Rhodothermota|c__Rhodothermia|o__Rhodothermales|f__Rhodothermaceae|g__|s__|ASV_10187",0.246448349259944,0.416477267807214,0.225273288894953,0.371450475651226,0.416477267807214,"","ALDEx2_kw"
"k__Bacteria|p__Bacteroidota|c__Bacteroidia|o__Cytophagales|f__Cyclobacteriaceae|g__Fulvivirga|s__|ASV_115","February - September","k__Bacteria|p__Bacteroidota|c__Bacteroidia|o__Cytophagales|f__Cyclobacteriaceae|g__Fulvivirga|s__|ASV_115",0.621451015584608,0.760232451925872,0.592116512813801,0.737440737161016,0.760232451925872,"","ALDEx2_kw"
"k__Bacteria|p__Bacteroidota|c__Bacteroidia|o__Cytophagales|f__Cyclobacteriaceae|g__Roseivirga|s__|ASV_15880","February - September","k__Bacteria|p__Bacteroidota|c__Bacteroidia|o__Cytophagales|f__Cyclobacteriaceae|g__Roseivirga|s__|ASV_15880",0.218104563060139,0.399028078803771,0.231779632379898,0.385710055936044,0.399028078803771,"","ALDEx2_kw"
"k__Bacteria|p__Bacteroidota|c__Bacteroidia|o__Flavobacteriales|f__Flavobacteriaceae|g__Tenacibaculum|s__|ASV_12003","February - September","k__Bacteria|p__Bacteroidota|c__Bacteroidia|o__Flavobacteriales|f__Flavobacteriaceae|g__Tenacibaculum|s__|ASV_12003",0.512490073303745,0.676087472746242,0.477418417493518,0.635677503570605,0.676087472746242,"","ALDEx2_kw"
"k__Bacteria|p__Balneolota|c__Balneolia|o__Balneolales|f__Balneolaceae|g__|s__|ASV_4902","February - September","k__Bacteria|p__Balneolota|c__Balneolia|o__Balneolales|f__Balneolaceae|g__|s__|ASV_4902",0.0867843489932932,0.240411061558158,0.0833493717414032,0.202776678605122,0.240411061558158,"","ALDEx2_kw"
"k__Bacteria|p__Planctomycetota|c__Planctomycetes|o__Pirellulales|f__Pirellulaceae|g__Rubripirellula|s__|ASV_7030","February - September","k__Bacteria|p__Planctomycetota|c__Planctomycetes|o__Pirellulales|f__Pirellulaceae|g__Rubripirellula|s__|ASV_7030",0.26103689825411,0.442147476421526,0.195838027625122,0.348802042706625,0.442147476421526,"","ALDEx2_kw"
"k__Bacteria|p__Thermodesulfobacteriota|c__Desulfobacteria|o__Desulfobacterales|f__Desulfobacteraceae|g__Desulfobacter|s__|ASV_4282","February - September","k__Bacteria|p__Thermodesulfobacteriota|c__Desulfobacteria|o__Desulfobacterales|f__Desulfobacteraceae|g__Desulfobacter|s__|ASV_4282",0.244356694554274,0.417258668109391,0.18124296596686,0.326097218008762,0.417258668109391,"","ALDEx2_kw"
"k__Bacteria|p__Bacteroidota|c__Bacteroidia|o__Chitinophagales|f__Saprospiraceae|g__Phaeodactylibacter|s__|ASV_15113","February - September","k__Bacteria|p__Bacteroidota|c__Bacteroidia|o__Chitinophagales|f__Saprospiraceae|g__Phaeodactylibacter|s__|ASV_15113",0.678698993100272,0.803749189388227,0.649685249160109,0.777894660560658,0.803749189388227,"","ALDEx2_kw"
"k__Bacteria|p__Bacteroidota|c__Bacteroidia|o__Cytophagales|f__Cyclobacteriaceae|g__Fulvivirga|s__|ASV_10945","February - September","k__Bacteria|p__Bacteroidota|c__Bacteroidia|o__Cytophagales|f__Cyclobacteriaceae|g__Fulvivirga|s__|ASV_10945",0.251183862033383,0.425621631543771,0.198076877100692,0.348731471298895,0.425621631543771,"","ALDEx2_kw"
"k__Bacteria|p__Planctomycetota|c__Planctomycetes|o__Pirellulales|f__Pirellulaceae|g__Rhodopirellula|s__|ASV_9414","February - September","k__Bacteria|p__Planctomycetota|c__Planctomycetes|o__Pirellulales|f__Pirellulaceae|g__Rhodopirellula|s__|ASV_9414",0.257004121408309,0.441799804240331,0.236496636343521,0.398707731769546,0.441799804240331,"","ALDEx2_kw"
"k__Bacteria|p__Pseudomonadota|c__Alphaproteobacteria|o__Hyphomicrobiales|f__Rhizobiaceae|g__Pseudahrensia|s__|ASV_8399","February - September","k__Bacteria|p__Pseudomonadota|c__Alphaproteobacteria|o__Hyphomicrobiales|f__Rhizobiaceae|g__Pseudahrensia|s__|ASV_8399",0.569390394047236,0.722654470452392,0.557011700715174,0.704048020464542,0.722654470452392,"","ALDEx2_kw"
"k__Bacteria|p__Pseudomonadota|c__Gammaproteobacteria|o__Burkholderiales|f__Nitrosomonadaceae|g__|s__|ASV_10411","February - September","k__Bacteria|p__Pseudomonadota|c__Gammaproteobacteria|o__Burkholderiales|f__Nitrosomonadaceae|g__|s__|ASV_10411",0.471968463908007,0.631899310832555,0.439295695499787,0.592429347274629,0.631899310832555,"","ALDEx2_kw"
"k__Bacteria|p__Actinomycetota|c__Thermoleophilia|o__Solirubrobacterales|f__67-14|g__|s__|ASV_11122","February - September","k__Bacteria|p__Actinomycetota|c__Thermoleophilia|o__Solirubrobacterales|f__67-14|g__|s__|ASV_11122",0.367928382815809,0.530471799264035,0.315766271298393,0.47073156475305,0.530471799264035,"","ALDEx2_kw"
"k__Bacteria|p__Verrucomicrobiota|c__Verrucomicrobiia|o__Verrucomicrobiales|f__DEV007|g__|s__|ASV_15353","February - September","k__Bacteria|p__Verrucomicrobiota|c__Verrucomicrobiia|o__Verrucomicrobiales|f__DEV007|g__|s__|ASV_15353",0.477998354558261,0.639260954581625,0.444389413988385,0.599044188262194,0.639260954581625,"","ALDEx2_kw"
"k__Bacteria|p__Bacteroidota|c__Bacteroidia|o__Chitinophagales|f__Saprospiraceae|g__|s__|ASV_4360","February - September","k__Bacteria|p__Bacteroidota|c__Bacteroidia|o__Chitinophagales|f__Saprospiraceae|g__|s__|ASV_4360",0.463129611533474,0.627346857738173,0.440004648500109,0.592625475848917,0.627346857738173,"","ALDEx2_kw"
"k__Bacteria|p__Bacteroidota|c__Bacteroidia|o__Flavobacteriales|f__Flavobacteriaceae|g__Gramella|s__|ASV_6794","February - September","k__Bacteria|p__Bacteroidota|c__Bacteroidia|o__Flavobacteriales|f__Flavobacteriaceae|g__Gramella|s__|ASV_6794",0.430655061851092,0.613542460041916,0.446054276234443,0.610281440388429,0.613542460041916,"","ALDEx2_kw"
"k__Bacteria|p__Pseudomonadota|c__Alphaproteobacteria|o__Rhodobacterales|f__Paracoccaceae|g__|s__|ASV_4203","February - September","k__Bacteria|p__Pseudomonadota|c__Alphaproteobacteria|o__Rhodobacterales|f__Paracoccaceae|g__|s__|ASV_4203",0.162162154097284,0.325192492139471,0.124129139101817,0.252931071216608,0.325192492139471,"","ALDEx2_kw"
"k__Bacteria|p__Pseudomonadota|c__Alphaproteobacteria|o__Sphingomonadales|f__Sphingomonadaceae|g__Qipengyuania|s__|ASV_13409","February - September","k__Bacteria|p__Pseudomonadota|c__Alphaproteobacteria|o__Sphingomonadales|f__Sphingomonadaceae|g__Qipengyuania|s__|ASV_13409",0.481069074277778,0.640870447275624,0.422091237161624,0.578614132700931,0.640870447275624,"","ALDEx2_kw"
"k__Bacteria|p__Rhodothermota|c__Rhodothermia|o__Rhodothermales|f__Rhodothermaceae|g__|s__|ASV_2717","February - September","k__Bacteria|p__Rhodothermota|c__Rhodothermia|o__Rhodothermales|f__Rhodothermaceae|g__|s__|ASV_2717",0.366549892515252,0.537296015282727,0.300100972598282,0.463096277351649,0.537296015282727,"","ALDEx2_kw"
"k__Bacteria|p__Thermodesulfobacteriota|c__Desulfobacteria|o__Desulfatiglandales|f__Desulfatiglandaceae|g__Desulfatiglans|s__|ASV_6997","February - September","k__Bacteria|p__Thermodesulfobacteriota|c__Desulfobacteria|o__Desulfatiglandales|f__Desulfatiglandaceae|g__Desulfatiglans|s__|ASV_6997",0.412076400661121,0.578683048141585,0.296158214713782,0.461700994121726,0.578683048141585,"","ALDEx2_kw"
"k__Bacteria|p__Actinomycetota|c__Actinobacteria|o__Euzebyales|f__Euzebyaceae|g__Euzebya|s__|ASV_2735","February - September","k__Bacteria|p__Actinomycetota|c__Actinobacteria|o__Euzebyales|f__Euzebyaceae|g__Euzebya|s__|ASV_2735",0.545705893789903,0.701097822841625,0.515263491775165,0.665358142795849,0.701097822841625,"","ALDEx2_kw"
"k__Bacteria|p__Chloroflexota|c__Anaerolineae|o__Aggregatilineales|f__A4b|g__|s__|ASV_10524","February - September","k__Bacteria|p__Chloroflexota|c__Anaerolineae|o__Aggregatilineales|f__A4b|g__|s__|ASV_10524",0.135475375783581,0.311630439594199,0.155106650919433,0.298930561062906,0.311630439594199,"","ALDEx2_kw"
"k__Bacteria|p__Chloroflexota|c__Anaerolineae|o__Anaerolineales|f__Anaerolineaceae|g__ADurb.Bin120|s__|ASV_3163","February - September","k__Bacteria|p__Chloroflexota|c__Anaerolineae|o__Anaerolineales|f__Anaerolineaceae|g__ADurb.Bin120|s__|ASV_3163",0.435916513203802,0.590886632052302,0.325338842870435,0.486495471728673,0.590886632052302,"","ALDEx2_kw"
"k__Bacteria|p__Myxococcota|c__Polyangiia|o__Polyangiales|f__BIrii41|g__|s__|ASV_2804","February - September","k__Bacteria|p__Myxococcota|c__Polyangiia|o__Polyangiales|f__BIrii41|g__|s__|ASV_2804",0.572007264310901,0.722130627653606,0.57608924431164,0.720491921679252,0.722130627653606,"","ALDEx2_kw"
"k__Bacteria|p__Planctomycetota|c__Planctomycetes|o__Pirellulales|f__Pirellulaceae|g__Pir4_lineage|s__|ASV_1166","February - September","k__Bacteria|p__Planctomycetota|c__Planctomycetes|o__Pirellulales|f__Pirellulaceae|g__Pir4_lineage|s__|ASV_1166",0.328326692628536,0.519118608875281,0.35094258358598,0.516637960175842,0.519118608875281,"","ALDEx2_kw"
"k__Bacteria|p__Pseudomonadota|c__Alphaproteobacteria|o__Hyphomicrobiales|f__Rhizobiaceae|g__|s__|ASV_2926","February - September","k__Bacteria|p__Pseudomonadota|c__Alphaproteobacteria|o__Hyphomicrobiales|f__Rhizobiaceae|g__|s__|ASV_2926",0.168323470277565,0.347408078299384,0.13045805861112,0.274894405612688,0.347408078299384,"","ALDEx2_kw"
"k__Bacteria|p__Pseudomonadota|c__Alphaproteobacteria|o__Rhodobacterales|f__Paracoccaceae|g__Limibaculum|s__|ASV_7555","February - September","k__Bacteria|p__Pseudomonadota|c__Alphaproteobacteria|o__Rhodobacterales|f__Paracoccaceae|g__Limibaculum|s__|ASV_7555",0.433381810332481,0.594496789361589,0.375747174705284,0.537322000655954,0.594496789361589,"","ALDEx2_kw"
"k__Bacteria|p__Pseudomonadota|c__Alphaproteobacteria|o__Rhodobacterales|f__Paracoccaceae|g__|s__|ASV_15974","February - September","k__Bacteria|p__Pseudomonadota|c__Alphaproteobacteria|o__Rhodobacterales|f__Paracoccaceae|g__|s__|ASV_15974",0.37796070661503,0.549158367732062,0.327244605300682,0.484002879836535,0.549158367732062,"","ALDEx2_kw"
"k__Bacteria|p__Rhodothermota|c__Rhodothermia|o__Rhodothermales|f__Rhodothermaceae|g__Rubricoccus|s__|ASV_12641","February - September","k__Bacteria|p__Rhodothermota|c__Rhodothermia|o__Rhodothermales|f__Rhodothermaceae|g__Rubricoccus|s__|ASV_12641",0.4969508375967,0.661903003592021,0.483542179246386,0.637848424045465,0.661903003592021,"","ALDEx2_kw"
"k__Bacteria|p__Actinomycetota|c__Acidimicrobiia|o__Acidimicrobiales|f__Acidimicrobiaceae|g__|s__|ASV_9339","February - September","k__Bacteria|p__Actinomycetota|c__Acidimicrobiia|o__Acidimicrobiales|f__Acidimicrobiaceae|g__|s__|ASV_9339",0.111964061835202,0.27448553429884,0.115304412553299,0.248185307052269,0.27448553429884,"","ALDEx2_kw"
"k__Bacteria|p__Bacteroidota|c__Bacteroidia|o__Bacteroidales|f__Marinifilaceae|g__|s__|ASV_14354","February - September","k__Bacteria|p__Bacteroidota|c__Bacteroidia|o__Bacteroidales|f__Marinifilaceae|g__|s__|ASV_14354",0.350897361939998,0.512835383094887,0.286839174937561,0.435798833700471,0.512835383094887,"","ALDEx2_kw"
"k__Bacteria|p__Bacteroidota|c__Bacteroidia|o__Flavobacteriales|f__Flavobacteriaceae|g__Sungkyunkwania|s__|ASV_12555","February - September","k__Bacteria|p__Bacteroidota|c__Bacteroidia|o__Flavobacteriales|f__Flavobacteriaceae|g__Sungkyunkwania|s__|ASV_12555",0.161052898403339,0.318412095300939,0.140696732871342,0.270822743572798,0.318412095300939,"","ALDEx2_kw"
"k__Bacteria|p__Cyanobacteriota|c__Cyanobacteriia|o__Cyanobacteriales|f__Nostocaceae|g__Rivularia_PCC-7116|s__|ASV_2166","February - September","k__Bacteria|p__Cyanobacteriota|c__Cyanobacteriia|o__Cyanobacteriales|f__Nostocaceae|g__Rivularia_PCC-7116|s__|ASV_2166",0.527553309430047,0.683822612476638,0.523664366425796,0.675052207593349,0.683822612476638,"","ALDEx2_kw"
"k__Bacteria|p__Pseudomonadota|c__Alphaproteobacteria|o__Hyphomicrobiales|f__Stappiaceae|g__Roseibium|s__|ASV_11950","February - September","k__Bacteria|p__Pseudomonadota|c__Alphaproteobacteria|o__Hyphomicrobiales|f__Stappiaceae|g__Roseibium|s__|ASV_11950",0.0142180458017492,0.0834454002752428,0.023721124747478,0.0794996888973554,0.0834454002752428,"","ALDEx2_kw"
"k__Bacteria|p__Pseudomonadota|c__Alphaproteobacteria|o__Rhodobacterales|f__Paracoccaceae|g__Limibaculum|s__|ASV_6882","February - September","k__Bacteria|p__Pseudomonadota|c__Alphaproteobacteria|o__Rhodobacterales|f__Paracoccaceae|g__Limibaculum|s__|ASV_6882",0.597542976997705,0.744091849247948,0.586673025331901,0.728560374259199,0.744091849247948,"","ALDEx2_kw"
"k__Bacteria|p__Pseudomonadota|c__Alphaproteobacteria|o__Rhodobacterales|f__Paracoccaceae|g__|s__|ASV_12539","February - September","k__Bacteria|p__Pseudomonadota|c__Alphaproteobacteria|o__Rhodobacterales|f__Paracoccaceae|g__|s__|ASV_12539",0.218337798980203,0.393641458035362,0.171152355841171,0.315155423277976,0.393641458035362,"","ALDEx2_kw"
"k__Bacteria|p__Pseudomonadota|c__Alphaproteobacteria|o__|f__Neomegalonemataceae|g__Acuticoccus|s__|ASV_11070","February - September","k__Bacteria|p__Pseudomonadota|c__Alphaproteobacteria|o__|f__Neomegalonemataceae|g__Acuticoccus|s__|ASV_11070",0.511165491898955,0.665781430019759,0.531991892239525,0.676811057924181,0.665781430019759,"","ALDEx2_kw"
"k__Bacteria|p__Pseudomonadota|c__Gammaproteobacteria|o__Ectothiorhodospirales|f__Thioalkalispiraceae|g__Thiohalophilus|s__|ASV_1620","February - September","k__Bacteria|p__Pseudomonadota|c__Gammaproteobacteria|o__Ectothiorhodospirales|f__Thioalkalispiraceae|g__Thiohalophilus|s__|ASV_1620",0.427698714187019,0.583862447511729,0.345820974155404,0.50393652924215,0.583862447511729,"","ALDEx2_kw"
"k__Bacteria|p__Pseudomonadota|c__Gammaproteobacteria|o__Pseudomonadales|f__Alcanivoracaceae|g__Ketobacter|s__|ASV_7134","February - September","k__Bacteria|p__Pseudomonadota|c__Gammaproteobacteria|o__Pseudomonadales|f__Alcanivoracaceae|g__Ketobacter|s__|ASV_7134",0.555044805671073,0.709594726019052,0.517254705076718,0.668269888154642,0.709594726019052,"","ALDEx2_kw"
"k__Bacteria|p__Pseudomonadota|c__Gammaproteobacteria|o__Steroidobacterales|f__Woeseiaceae|g__Woeseia|s__|ASV_14902","February - September","k__Bacteria|p__Pseudomonadota|c__Gammaproteobacteria|o__Steroidobacterales|f__Woeseiaceae|g__Woeseia|s__|ASV_14902",0.103100997724571,0.254347269916263,0.0948231007357187,0.206575686231513,0.254347269916263,"","ALDEx2_kw"
"k__Bacteria|p__Thermodesulfobacteriota|c__Desulfobacteria|o__Desulfobacterales|f__Desulfosarcinaceae|g__Desulfatitalea|s__|ASV_5386","February - September","k__Bacteria|p__Thermodesulfobacteriota|c__Desulfobacteria|o__Desulfobacterales|f__Desulfosarcinaceae|g__Desulfatitalea|s__|ASV_5386",0.530006840003581,0.681169844350878,0.515789907451438,0.661971496757354,0.681169844350878,"","ALDEx2_kw"
"k__Bacteria|p__Verrucomicrobiota|c__Kiritimatiellia|o__Kiritimatiellales|f__Kiritimatiellaceae|g__R76-B128|s__|ASV_5011","February - September","k__Bacteria|p__Verrucomicrobiota|c__Kiritimatiellia|o__Kiritimatiellales|f__Kiritimatiellaceae|g__R76-B128|s__|ASV_5011",0.417578581476688,0.592393933955371,0.401600043419108,0.549168453220638,0.592393933955371,"","ALDEx2_kw"
"k__Bacteria|p__Bacteroidota|c__Bacteroidia|o__Cytophagales|f__Cyclobacteriaceae|g__Marinoscillum|s__|ASV_227","February - September","k__Bacteria|p__Bacteroidota|c__Bacteroidia|o__Cytophagales|f__Cyclobacteriaceae|g__Marinoscillum|s__|ASV_227",0.44611163729555,0.604262684824904,0.38371422779663,0.540218720157347,0.604262684824904,"","ALDEx2_kw"
"k__Bacteria|p__Cyanobacteriota|c__Cyanobacteriia|o__Cyanobacteriales|f__Xenococcaceae|g__Chroococcidiopsis_PCC-6712|s__|ASV_3345","February - September","k__Bacteria|p__Cyanobacteriota|c__Cyanobacteriia|o__Cyanobacteriales|f__Xenococcaceae|g__Chroococcidiopsis_PCC-6712|s__|ASV_3345",0.525014641061514,0.685573686977937,0.518103415993026,0.667875500215259,0.685573686977937,"","ALDEx2_kw"
"k__Bacteria|p__Planctomycetota|c__Planctomycetes|o__Planctomycetales|f__Rubinisphaeraceae|g__Planctomicrobium|s__|ASV_4177","February - September","k__Bacteria|p__Planctomycetota|c__Planctomycetes|o__Planctomycetales|f__Rubinisphaeraceae|g__Planctomicrobium|s__|ASV_4177",0.60311403087336,0.752784325905252,0.596670238723639,0.74258926891342,0.752784325905252,"","ALDEx2_kw"
"k__Bacteria|p__Planctomycetota|c__Planctomycetes|o__Planctomycetales|f__Rubinisphaeraceae|g__|s__|ASV_9127","February - September","k__Bacteria|p__Planctomycetota|c__Planctomycetes|o__Planctomycetales|f__Rubinisphaeraceae|g__|s__|ASV_9127",0.00988737583686507,0.0728945306253216,0.0154328537567656,0.0683666015003624,0.0728945306253216,"","ALDEx2_kw"
"k__Bacteria|p__Pseudomonadota|c__Alphaproteobacteria|o__Rhodobacterales|f__Paracoccaceae|g__Tropicimonas-Psychromarinibacter|s__|ASV_204","February - September","k__Bacteria|p__Pseudomonadota|c__Alphaproteobacteria|o__Rhodobacterales|f__Paracoccaceae|g__Tropicimonas-Psychromarinibacter|s__|ASV_204",0.521928962758748,0.670450302244145,0.500756612534397,0.649387890679299,0.670450302244145,"","ALDEx2_kw"
"k__Bacteria|p__Pseudomonadota|c__Gammaproteobacteria|o__Pseudomonadales|f__Nitrincolaceae|g__Marinobacterium|s__|ASV_12692","February - September","k__Bacteria|p__Pseudomonadota|c__Gammaproteobacteria|o__Pseudomonadales|f__Nitrincolaceae|g__Marinobacterium|s__|ASV_12692",0.176527164332835,0.362534107552345,0.193701721084336,0.350219572297819,0.362534107552345,"","ALDEx2_kw"
"k__Bacteria|p__Verrucomicrobiota|c__Verrucomicrobiia|o__Opitutales|f__Puniceicoccaceae|g__Verruc-01|s__|ASV_14543","February - September","k__Bacteria|p__Verrucomicrobiota|c__Verrucomicrobiia|o__Opitutales|f__Puniceicoccaceae|g__Verruc-01|s__|ASV_14543",0.18563322614658,0.348880795823905,0.144876921378344,0.271881580676617,0.348880795823905,"","ALDEx2_kw"
"k__Bacteria|p__Verrucomicrobiota|c__Verrucomicrobiia|o__Verrucomicrobiales|f__DEV007|g__|s__|ASV_8775","February - September","k__Bacteria|p__Verrucomicrobiota|c__Verrucomicrobiia|o__Verrucomicrobiales|f__DEV007|g__|s__|ASV_8775",0.433586040455013,0.59739986230749,0.386851429037529,0.545128911845024,0.59739986230749,"","ALDEx2_kw"
"k__Bacteria|p__Bacillota|c__Clostridia|o__Peptostreptococcales-Tissierellales|f__Peptostreptococcaceae|g__Romboutsia|s__|ASV_8542","February - September","k__Bacteria|p__Bacillota|c__Clostridia|o__Peptostreptococcales-Tissierellales|f__Peptostreptococcaceae|g__Romboutsia|s__|ASV_8542",0.0892821870792241,0.243136340668163,0.088413622352495,0.203974981950492,0.243136340668163,"","ALDEx2_kw"
"k__Bacteria|p__Bacteroidota|c__Bacteroidia|o__Flavobacteriales|f__Flavobacteriaceae|g__Hoppeia|s__|ASV_1461","February - September","k__Bacteria|p__Bacteroidota|c__Bacteroidia|o__Flavobacteriales|f__Flavobacteriaceae|g__Hoppeia|s__|ASV_1461",0.35551570166686,0.529713951832224,0.314214976506722,0.473801422443833,0.529713951832224,"","ALDEx2_kw"
"k__Bacteria|p__Bacteroidota|c__Bacteroidia|o__Flavobacteriales|f__Flavobacteriaceae|g__Robertkochia|s__|ASV_3583","February - September","k__Bacteria|p__Bacteroidota|c__Bacteroidia|o__Flavobacteriales|f__Flavobacteriaceae|g__Robertkochia|s__|ASV_3583",0.503498837400568,0.656997815777136,0.504933335922309,0.645826440570696,0.656997815777136,"","ALDEx2_kw"
"k__Bacteria|p__Balneolota|c__Balneolia|o__Balneolales|f__Balneolaceae|g__|s__|ASV_1012","February - September","k__Bacteria|p__Balneolota|c__Balneolia|o__Balneolales|f__Balneolaceae|g__|s__|ASV_1012",0.0389343850812269,0.15022320718209,0.0472902992248952,0.127538945718808,0.15022320718209,"","ALDEx2_kw"
"k__Bacteria|p__Cyanobacteriota|c__Cyanobacteriia|o__Phormidesmiales|f__Phormidesmiaceae|g__Phormidium_MBIC10003|s__|ASV_13926","February - September","k__Bacteria|p__Cyanobacteriota|c__Cyanobacteriia|o__Phormidesmiales|f__Phormidesmiaceae|g__Phormidium_MBIC10003|s__|ASV_13926",0.408527990492351,0.574465228756483,0.357050582798641,0.508408501990979,0.574465228756483,"","ALDEx2_kw"
"k__Bacteria|p__Hydrogenedentes|c__Hydrogenedentia|o__Hydrogenedentiales|f__Hydrogenedensaceae|g__|s__|ASV_14174","February - September","k__Bacteria|p__Hydrogenedentes|c__Hydrogenedentia|o__Hydrogenedentiales|f__Hydrogenedensaceae|g__|s__|ASV_14174",0.685853056547206,0.810297056578412,0.671989444840698,0.794871961415197,0.810297056578412,"","ALDEx2_kw"
"k__Bacteria|p__Nitrospirota|c__Nitrospiria|o__Nitrospirales|f__Nitrospiraceae|g__Nitrospira|s__|ASV_10748","February - September","k__Bacteria|p__Nitrospirota|c__Nitrospiria|o__Nitrospirales|f__Nitrospiraceae|g__Nitrospira|s__|ASV_10748",0.530259089698592,0.687677281588805,0.535825662456571,0.689371578633626,0.687677281588805,"","ALDEx2_kw"
"k__Bacteria|p__Pseudomonadota|c__Alphaproteobacteria|o__Rhodobacterales|f__Paracoccaceae|g__|s__|ASV_3279","February - September","k__Bacteria|p__Pseudomonadota|c__Alphaproteobacteria|o__Rhodobacterales|f__Paracoccaceae|g__|s__|ASV_3279",0.56191459903251,0.715711068735157,0.588734668950809,0.732219398079135,0.715711068735157,"","ALDEx2_kw"
"k__Bacteria|p__Pseudomonadota|c__Alphaproteobacteria|o__Sphingomonadales|f__Sphingomonadaceae|g__Sphingomicrobium|s__|ASV_6904","February - September","k__Bacteria|p__Pseudomonadota|c__Alphaproteobacteria|o__Sphingomonadales|f__Sphingomonadaceae|g__Sphingomicrobium|s__|ASV_6904",0.253969781754297,0.418759466471664,0.192785066007363,0.337537442412515,0.418759466471664,"","ALDEx2_kw"
"k__Bacteria|p__Pseudomonadota|c__Gammaproteobacteria|o__Pseudomonadales|f__Halomonadaceae|g__Halomonas|s__|ASV_8266","February - September","k__Bacteria|p__Pseudomonadota|c__Gammaproteobacteria|o__Pseudomonadales|f__Halomonadaceae|g__Halomonas|s__|ASV_8266",0.538971402557308,0.693402578784508,0.543924641366104,0.691348466561775,0.693402578784508,"","ALDEx2_kw"
"k__Bacteria|p__Pseudomonadota|c__Gammaproteobacteria|o__Steroidobacterales|f__Woeseiaceae|g__Woeseia|s__|ASV_11187","February - September","k__Bacteria|p__Pseudomonadota|c__Gammaproteobacteria|o__Steroidobacterales|f__Woeseiaceae|g__Woeseia|s__|ASV_11187",0.493314668235343,0.663436586592207,0.465160659542157,0.616799194332795,0.663436586592207,"","ALDEx2_kw"
"k__Bacteria|p__Pseudomonadota|c__Gammaproteobacteria|o__Steroidobacterales|f__Woeseiaceae|g__Woeseia|s__|ASV_14750","February - September","k__Bacteria|p__Pseudomonadota|c__Gammaproteobacteria|o__Steroidobacterales|f__Woeseiaceae|g__Woeseia|s__|ASV_14750",0.377361074884734,0.539704466081557,0.328055872343265,0.475474155470111,0.539704466081557,"","ALDEx2_kw"
"k__Bacteria|p__Actinomycetota|c__Acidimicrobiia|o__Microtrichales|f__Microtrichaceae|g__|s__|ASV_12814","February - September","k__Bacteria|p__Actinomycetota|c__Acidimicrobiia|o__Microtrichales|f__Microtrichaceae|g__|s__|ASV_12814",0.488501075213512,0.651886248494879,0.435197508780771,0.598542540769101,0.651886248494879,"","ALDEx2_kw"
"k__Bacteria|p__Actinomycetota|c__Actinobacteria|o__Nitriliruptorales|f__Nitriliruptoraceae|g__|s__|ASV_633","February - September","k__Bacteria|p__Actinomycetota|c__Actinobacteria|o__Nitriliruptorales|f__Nitriliruptoraceae|g__|s__|ASV_633",0.526704377718328,0.686417317551086,0.536558162228313,0.686455676973567,0.686417317551086,"","ALDEx2_kw"
"k__Bacteria|p__Bacteroidota|c__Bacteroidia|o__Cytophagales|f__Cyclobacteriaceae|g__Ekhidna|s__|ASV_14662","February - September","k__Bacteria|p__Bacteroidota|c__Bacteroidia|o__Cytophagales|f__Cyclobacteriaceae|g__Ekhidna|s__|ASV_14662",0.637896650154941,0.773176180487603,0.624208199561063,0.754983809573561,0.773176180487603,"","ALDEx2_kw"
"k__Bacteria|p__Chloroflexota|c__Anaerolineae|o__Caldilineales|f__Caldilineaceae|g__|s__|ASV_1226","February - September","k__Bacteria|p__Chloroflexota|c__Anaerolineae|o__Caldilineales|f__Caldilineaceae|g__|s__|ASV_1226",0.463601083516518,0.626388334850941,0.455522039159391,0.606597026557951,0.626388334850941,"","ALDEx2_kw"
"k__Bacteria|p__Myxococcota|c__Polyangiia|o__Haliangiales|f__Haliangiaceae|g__|s__|ASV_15528","February - September","k__Bacteria|p__Myxococcota|c__Polyangiia|o__Haliangiales|f__Haliangiaceae|g__|s__|ASV_15528",0.605765929711128,0.747048850232982,0.596828868061244,0.733334854676971,0.747048850232982,"","ALDEx2_kw"
"k__Bacteria|p__Planctomycetota|c__Planctomycetes|o__Pirellulales|f__Pirellulaceae|g__Bythopirellula|s__|ASV_14072","February - September","k__Bacteria|p__Planctomycetota|c__Planctomycetes|o__Pirellulales|f__Pirellulaceae|g__Bythopirellula|s__|ASV_14072",0.484647649533872,0.647000048599835,0.443843925436079,0.602445779269679,0.647000048599835,"","ALDEx2_kw"
"k__Bacteria|p__Pseudomonadota|c__Alphaproteobacteria|o__Rhodobacterales|f__Paracoccaceae|g__Allosediminivita|s__|ASV_12916","February - September","k__Bacteria|p__Pseudomonadota|c__Alphaproteobacteria|o__Rhodobacterales|f__Paracoccaceae|g__Allosediminivita|s__|ASV_12916",0.456547825446058,0.62246984978573,0.379583634090054,0.530890028916614,0.62246984978573,"","ALDEx2_kw"
"k__Bacteria|p__Pseudomonadota|c__Alphaproteobacteria|o__Rhodobacterales|f__Paracoccaceae|g__Pikeienuella|s__|ASV_14678","February - September","k__Bacteria|p__Pseudomonadota|c__Alphaproteobacteria|o__Rhodobacterales|f__Paracoccaceae|g__Pikeienuella|s__|ASV_14678",0.595941175599374,0.742970268467202,0.597481799719756,0.742956095549469,0.742970268467202,"","ALDEx2_kw"
"k__Bacteria|p__Pseudomonadota|c__Alphaproteobacteria|o__Rhodobacterales|f__Paracoccaceae|g__|s__|ASV_10800","February - September","k__Bacteria|p__Pseudomonadota|c__Alphaproteobacteria|o__Rhodobacterales|f__Paracoccaceae|g__|s__|ASV_10800",0.491262688310276,0.648673599761426,0.411929710335144,0.570327425857732,0.648673599761426,"","ALDEx2_kw"
"k__Bacteria|p__Pseudomonadota|c__Alphaproteobacteria|o__Sphingomonadales|f__Sphingomonadaceae|g__Qipengyuania|s__|ASV_3190","February - September","k__Bacteria|p__Pseudomonadota|c__Alphaproteobacteria|o__Sphingomonadales|f__Sphingomonadaceae|g__Qipengyuania|s__|ASV_3190",0.462015912045392,0.62228505566708,0.419483693552854,0.575433392985527,0.62228505566708,"","ALDEx2_kw"
"k__Bacteria|p__Bacteroidota|c__Bacteroidia|o__Flavobacteriales|f__Flavobacteriaceae|g__Muricauda|s__|ASV_4268","February - September","k__Bacteria|p__Bacteroidota|c__Bacteroidia|o__Flavobacteriales|f__Flavobacteriaceae|g__Muricauda|s__|ASV_4268",0.385052998494733,0.549144253104797,0.293088593609795,0.453483135842571,0.549144253104797,"","ALDEx2_kw"
"k__Bacteria|p__Bacteroidota|c__Bacteroidia|o__Flavobacteriales|f__Flavobacteriaceae|g__Robiginitalea|s__|ASV_15981","February - September","k__Bacteria|p__Bacteroidota|c__Bacteroidia|o__Flavobacteriales|f__Flavobacteriaceae|g__Robiginitalea|s__|ASV_15981",0.467801568693151,0.631607907446617,0.407279197707104,0.56577610166608,0.631607907446617,"","ALDEx2_kw"
"k__Bacteria|p__Pseudomonadota|c__Alphaproteobacteria|o__Hyphomicrobiales|f__Rhizobiaceae|g__|s__|ASV_7337","February - September","k__Bacteria|p__Pseudomonadota|c__Alphaproteobacteria|o__Hyphomicrobiales|f__Rhizobiaceae|g__|s__|ASV_7337",0.617433187932258,0.749537013675327,0.612273532694298,0.744623127698427,0.749537013675327,"","ALDEx2_kw"
"k__Bacteria|p__Pseudomonadota|c__Gammaproteobacteria|o__Chromatiales|f__Chromatiaceae|g__Candidatus_Thiobios|s__|ASV_6706","February - September","k__Bacteria|p__Pseudomonadota|c__Gammaproteobacteria|o__Chromatiales|f__Chromatiaceae|g__Candidatus_Thiobios|s__|ASV_6706",0.391128031352623,0.559702765466997,0.302706983756602,0.459896382396015,0.559702765466997,"","ALDEx2_kw"
"k__Bacteria|p__Pseudomonadota|c__Gammaproteobacteria|o__Enterobacterales|f__Vibrionaceae|g__Catenococcus|s__|ASV_14741","February - September","k__Bacteria|p__Pseudomonadota|c__Gammaproteobacteria|o__Enterobacterales|f__Vibrionaceae|g__Catenococcus|s__|ASV_14741",0.578054132373133,0.722410906307145,0.596143581514016,0.728084180306066,0.722410906307145,"","ALDEx2_kw"
"k__Bacteria|p__Thermodesulfobacteriota|c__Desulfobulbia|o__Desulfobulbales|f__Desulfocapsaceae|g__|s__|ASV_15239","February - September","k__Bacteria|p__Thermodesulfobacteriota|c__Desulfobulbia|o__Desulfobulbales|f__Desulfocapsaceae|g__|s__|ASV_15239",0.575825639511603,0.721801136779203,0.576897464439003,0.718948936516812,0.721801136779203,"","ALDEx2_kw"
"k__Bacteria|p__Actinomycetota|c__Actinobacteria|o__Nitriliruptorales|f__Nitriliruptoraceae|g__|s__|ASV_856","February - September","k__Bacteria|p__Actinomycetota|c__Actinobacteria|o__Nitriliruptorales|f__Nitriliruptoraceae|g__|s__|ASV_856",0.271211218468273,0.439425957209757,0.244914914832284,0.386575307850396,0.439425957209757,"","ALDEx2_kw"
"k__Bacteria|p__Bacteroidota|c__Bacteroidia|o__Chitinophagales|f__Saprospiraceae|g__Lewinella|s__|ASV_12953","February - September","k__Bacteria|p__Bacteroidota|c__Bacteroidia|o__Chitinophagales|f__Saprospiraceae|g__Lewinella|s__|ASV_12953",0.230232820845315,0.391819222392034,0.179155330013261,0.319591436189532,0.391819222392034,"","ALDEx2_kw"
"k__Bacteria|p__Bacteroidota|c__Bacteroidia|o__Flavobacteriales|f__Flavobacteriaceae|g__Robiginitalea|s__|ASV_12043","February - September","k__Bacteria|p__Bacteroidota|c__Bacteroidia|o__Flavobacteriales|f__Flavobacteriaceae|g__Robiginitalea|s__|ASV_12043",0.576317162871742,0.724589419194524,0.564882071568727,0.709293993819559,0.724589419194524,"","ALDEx2_kw"
"k__Bacteria|p__Bacteroidota|c__Bacteroidia|o__Flavobacteriales|f__Flavobacteriaceae|g__|s__|ASV_2932","February - September","k__Bacteria|p__Bacteroidota|c__Bacteroidia|o__Flavobacteriales|f__Flavobacteriaceae|g__|s__|ASV_2932",0.509292399769019,0.675909671609779,0.4850520023147,0.639665513881602,0.675909671609779,"","ALDEx2_kw"
"k__Bacteria|p__Chloroflexota|c__Anaerolineae|o__Aggregatilineales|f__A4b|g__|s__|ASV_12727","February - September","k__Bacteria|p__Chloroflexota|c__Anaerolineae|o__Aggregatilineales|f__A4b|g__|s__|ASV_12727",0.389700419402815,0.560197957026873,0.35219397687052,0.510437411188972,0.560197957026873,"","ALDEx2_kw"
"k__Bacteria|p__Chloroflexota|c__Anaerolineae|o__Caldilineales|f__Caldilineaceae|g__|s__|ASV_14004","February - September","k__Bacteria|p__Chloroflexota|c__Anaerolineae|o__Caldilineales|f__Caldilineaceae|g__|s__|ASV_14004",0.0803462109281997,0.222987121974452,0.0743164056023658,0.185294986208314,0.222987121974452,"","ALDEx2_kw"
"k__Bacteria|p__Pseudomonadota|c__Alphaproteobacteria|o__Hyphomicrobiales|f__Hyphomicrobiaceae|g__Filomicrobium|s__|ASV_130","February - September","k__Bacteria|p__Pseudomonadota|c__Alphaproteobacteria|o__Hyphomicrobiales|f__Hyphomicrobiaceae|g__Filomicrobium|s__|ASV_130",0.144283807712393,0.325531095982441,0.14529624135157,0.29188127494557,0.325531095982441,"","ALDEx2_kw"
"k__Bacteria|p__Pseudomonadota|c__Alphaproteobacteria|o__Kiloniellales|f__Kiloniellaceae|g__Pelagibius|s__|ASV_4281","February - September","k__Bacteria|p__Pseudomonadota|c__Alphaproteobacteria|o__Kiloniellales|f__Kiloniellaceae|g__Pelagibius|s__|ASV_4281",0.511128910426681,0.673023676397543,0.471331930570638,0.632964875907683,0.673023676397543,"","ALDEx2_kw"
"k__Bacteria|p__Pseudomonadota|c__Gammaproteobacteria|o__Chromatiales|f__Chromatiaceae|g__Thiohalocapsa|s__|ASV_14778","February - September","k__Bacteria|p__Pseudomonadota|c__Gammaproteobacteria|o__Chromatiales|f__Chromatiaceae|g__Thiohalocapsa|s__|ASV_14778",0.259528241439345,0.430163972287506,0.208643442025035,0.351414942511718,0.430163972287506,"","ALDEx2_kw"
"k__Bacteria|p__Rhodothermota|c__Rhodothermia|o__Rhodothermales|f__Rhodothermaceae|g__|s__|ASV_12679","February - September","k__Bacteria|p__Rhodothermota|c__Rhodothermia|o__Rhodothermales|f__Rhodothermaceae|g__|s__|ASV_12679",0.457232545412405,0.632736248299342,0.451278414712679,0.615649113265823,0.632736248299342,"","ALDEx2_kw"
"k__Bacteria|p__Rhodothermota|c__Rhodothermia|o__Rhodothermales|f__Rhodothermaceae|g__|s__|ASV_13110","February - September","k__Bacteria|p__Rhodothermota|c__Rhodothermia|o__Rhodothermales|f__Rhodothermaceae|g__|s__|ASV_13110",0.608735428771569,0.748901022525149,0.581652195640291,0.728599929344406,0.748901022525149,"","ALDEx2_kw"
"k__Bacteria|p__Actinomycetota|c__Actinobacteria|o__Euzebyales|f__Euzebyaceae|g__Euzebya|s__|ASV_2264","February - September","k__Bacteria|p__Actinomycetota|c__Actinobacteria|o__Euzebyales|f__Euzebyaceae|g__Euzebya|s__|ASV_2264",0.635995843675325,0.773914572669311,0.615615937695014,0.750862379532561,0.773914572669311,"","ALDEx2_kw"
"k__Bacteria|p__Cyanobacteriota|c__Cyanobacteriia|o__Cyanobacteriales|f__Xenococcaceae|g__Pleurocapsa_PCC-7319|s__|ASV_14141","February - September","k__Bacteria|p__Cyanobacteriota|c__Cyanobacteriia|o__Cyanobacteriales|f__Xenococcaceae|g__Pleurocapsa_PCC-7319|s__|ASV_14141",0.270933384116901,0.453075714775424,0.216309746328635,0.37344212965786,0.453075714775424,"","ALDEx2_kw"
"k__Bacteria|p__Pseudomonadota|c__Alphaproteobacteria|o__Kiloniellales|f__Kiloniellaceae|g__Pelagibius|s__|ASV_14443","February - September","k__Bacteria|p__Pseudomonadota|c__Alphaproteobacteria|o__Kiloniellales|f__Kiloniellaceae|g__Pelagibius|s__|ASV_14443",0.472037232125715,0.633283751857758,0.43953115739793,0.591712921654747,0.633283751857758,"","ALDEx2_kw"
"k__Bacteria|p__Pseudomonadota|c__Gammaproteobacteria|o__Ectothiorhodospirales|f__Ectothiorhodospiraceae|g__Thiogranum|s__|ASV_6435","February - September","k__Bacteria|p__Pseudomonadota|c__Gammaproteobacteria|o__Ectothiorhodospirales|f__Ectothiorhodospiraceae|g__Thiogranum|s__|ASV_6435",0.579140034756243,0.722542833545781,0.558486602953944,0.702347715484692,0.722542833545781,"","ALDEx2_kw"
"k__Bacteria|p__Pseudomonadota|c__Gammaproteobacteria|o__Pseudomonadales|f__Halieaceae|g__|s__|ASV_13665","February - September","k__Bacteria|p__Pseudomonadota|c__Gammaproteobacteria|o__Pseudomonadales|f__Halieaceae|g__|s__|ASV_13665",0.220308041231099,0.397650023515085,0.242721387369545,0.386094144476759,0.397650023515085,"","ALDEx2_kw"
"k__Bacteria|p__Verrucomicrobiota|c__Verrucomicrobiia|o__Opitutales|f__Puniceicoccaceae|g__Pelagicoccus|s__|ASV_14309","February - September","k__Bacteria|p__Verrucomicrobiota|c__Verrucomicrobiia|o__Opitutales|f__Puniceicoccaceae|g__Pelagicoccus|s__|ASV_14309",0.282815825841568,0.457316504059122,0.264443525699632,0.419289235440102,0.457316504059122,"","ALDEx2_kw"
"k__Bacteria|p__Bacteroidota|c__Bacteroidia|o__Chitinophagales|f__Saprospiraceae|g__Flavilitoribacter|s__|ASV_15475","February - September","k__Bacteria|p__Bacteroidota|c__Bacteroidia|o__Chitinophagales|f__Saprospiraceae|g__Flavilitoribacter|s__|ASV_15475",0.207557948013895,0.381571176090286,0.222663765880106,0.365060086121204,0.381571176090286,"","ALDEx2_kw"
"k__Bacteria|p__Chloroflexota|c__Anaerolineae|o__Aggregatilineales|f__A4b|g__|s__|ASV_8302","February - September","k__Bacteria|p__Chloroflexota|c__Anaerolineae|o__Aggregatilineales|f__A4b|g__|s__|ASV_8302",0.569267487254348,0.721775956471159,0.566805706583875,0.707532129278175,0.721775956471159,"","ALDEx2_kw"
"k__Bacteria|p__Deinococcota|c__Deinococci|o__Deinococcales|f__Trueperaceae|g__Truepera|s__|ASV_12777","February - September","k__Bacteria|p__Deinococcota|c__Deinococci|o__Deinococcales|f__Trueperaceae|g__Truepera|s__|ASV_12777",0.460046506079086,0.621361943465273,0.462371847845403,0.613189829940498,0.621361943465273,"","ALDEx2_kw"
"k__Bacteria|p__Planctomycetota|c__Planctomycetes|o__Pirellulales|f__Pirellulaceae|g__Blastopirellula|s__|ASV_12568","February - September","k__Bacteria|p__Planctomycetota|c__Planctomycetes|o__Pirellulales|f__Pirellulaceae|g__Blastopirellula|s__|ASV_12568",0.00502268040197077,0.0491831822095695,0.0134166617704512,0.0569362434455295,0.0491831822095695,"*","ALDEx2_kw"
"k__Bacteria|p__Pseudomonadota|c__Alphaproteobacteria|o__Rhodobacterales|f__Paracoccaceae|g__Jannaschia|s__|ASV_7536","February - September","k__Bacteria|p__Pseudomonadota|c__Alphaproteobacteria|o__Rhodobacterales|f__Paracoccaceae|g__Jannaschia|s__|ASV_7536",0.501188970362154,0.661533885519355,0.430887797147744,0.583661784678856,0.661533885519355,"","ALDEx2_kw"
"k__Bacteria|p__Pseudomonadota|c__Alphaproteobacteria|o__Rhodobacterales|f__Paracoccaceae|g__|s__|ASV_1099","February - September","k__Bacteria|p__Pseudomonadota|c__Alphaproteobacteria|o__Rhodobacterales|f__Paracoccaceae|g__|s__|ASV_1099",0.276654089249916,0.454113216103307,0.237612533079434,0.39192007856228,0.454113216103307,"","ALDEx2_kw"
"k__Bacteria|p__Pseudomonadota|c__Alphaproteobacteria|o__Sphingomonadales|f__Sphingomonadaceae|g__Croceibacterium|s__|ASV_7944","February - September","k__Bacteria|p__Pseudomonadota|c__Alphaproteobacteria|o__Sphingomonadales|f__Sphingomonadaceae|g__Croceibacterium|s__|ASV_7944",0.440841294021397,0.622703754109808,0.436296493917552,0.602056002295904,0.622703754109808,"","ALDEx2_kw"
"k__Bacteria|p__Pseudomonadota|c__Gammaproteobacteria|o__Ectothiorhodospirales|f__Thioalkalispiraceae|g__|s__|ASV_3277","February - September","k__Bacteria|p__Pseudomonadota|c__Gammaproteobacteria|o__Ectothiorhodospirales|f__Thioalkalispiraceae|g__|s__|ASV_3277",0.500444339171904,0.660612659516849,0.43722050574905,0.592146213497947,0.660612659516849,"","ALDEx2_kw"
"k__Bacteria|p__Pseudomonadota|c__Gammaproteobacteria|o__Enterobacterales|f__Vibrionaceae|g__Vibrio|s__|ASV_7051","February - September","k__Bacteria|p__Pseudomonadota|c__Gammaproteobacteria|o__Enterobacterales|f__Vibrionaceae|g__Vibrio|s__|ASV_7051",0.547735762671395,0.696512130195809,0.523984737080815,0.681344571429885,0.696512130195809,"","ALDEx2_kw"
"k__Bacteria|p__Rhodothermota|c__Rhodothermia|o__Rhodothermales|f__Rhodothermaceae|g__Rubricoccus|s__|ASV_10120","February - September","k__Bacteria|p__Rhodothermota|c__Rhodothermia|o__Rhodothermales|f__Rhodothermaceae|g__Rubricoccus|s__|ASV_10120",0.531645431647229,0.688789228449242,0.507813215434417,0.659161556256556,0.688789228449242,"","ALDEx2_kw"
"k__Bacteria|p__Thermodesulfobacteriota|c__Desulfobacteria|o__Desulfobacterales|f__Desulfosarcinaceae|g__SEEP-SRB1|s__|ASV_13449","February - September","k__Bacteria|p__Thermodesulfobacteriota|c__Desulfobacteria|o__Desulfobacterales|f__Desulfosarcinaceae|g__SEEP-SRB1|s__|ASV_13449",0.00352996643354603,0.0406862942435382,0.00792338122433289,0.0390180381131318,0.0406862942435382,"*","ALDEx2_kw"
"k__Bacteria|p__Bacteroidota|c__Bacteroidia|o__Chitinophagales|f__Saprospiraceae|g__|s__|ASV_1242","February - September","k__Bacteria|p__Bacteroidota|c__Bacteroidia|o__Chitinophagales|f__Saprospiraceae|g__|s__|ASV_1242",0.0855332026665276,0.23187187623574,0.109780203433793,0.234279762570008,0.23187187623574,"","ALDEx2_kw"
"k__Bacteria|p__Bacteroidota|c__Bacteroidia|o__Cytophagales|f__Cyclobacteriaceae|g__Tunicatimonas|s__|ASV_15963","February - September","k__Bacteria|p__Bacteroidota|c__Bacteroidia|o__Cytophagales|f__Cyclobacteriaceae|g__Tunicatimonas|s__|ASV_15963",0.253632788576955,0.427689703328479,0.222978410225708,0.369809551540226,0.427689703328479,"","ALDEx2_kw"
"k__Bacteria|p__Planctomycetota|c__Planctomycetes|o__Pirellulales|f__Pirellulaceae|g__Rhodopirellula|s__|ASV_14365","February - September","k__Bacteria|p__Planctomycetota|c__Planctomycetes|o__Pirellulales|f__Pirellulaceae|g__Rhodopirellula|s__|ASV_14365",0.414489331099443,0.582164929312753,0.373226364824946,0.531462135708342,0.582164929312753,"","ALDEx2_kw"
"k__Bacteria|p__Planctomycetota|c__Planctomycetes|o__Pirellulales|f__Pirellulaceae|g__Rhodopirellula|s__|ASV_5930","February - September","k__Bacteria|p__Planctomycetota|c__Planctomycetes|o__Pirellulales|f__Pirellulaceae|g__Rhodopirellula|s__|ASV_5930",0.370308733595655,0.536195308888299,0.346055582190511,0.486764397339509,0.536195308888299,"","ALDEx2_kw"
"k__Bacteria|p__Pseudomonadota|c__Alphaproteobacteria|o__Caulobacterales|f__Hyphomonadaceae|g__Litorimonas|s__|ASV_366","February - September","k__Bacteria|p__Pseudomonadota|c__Alphaproteobacteria|o__Caulobacterales|f__Hyphomonadaceae|g__Litorimonas|s__|ASV_366",0.347732602620304,0.519788080776102,0.2879481738254,0.444664605034527,0.519788080776102,"","ALDEx2_kw"
"k__Bacteria|p__Pseudomonadota|c__Alphaproteobacteria|o__Kiloniellales|f__Kiloniellaceae|g__Pelagibius|s__|ASV_3338","February - September","k__Bacteria|p__Pseudomonadota|c__Alphaproteobacteria|o__Kiloniellales|f__Kiloniellaceae|g__Pelagibius|s__|ASV_3338",0.525461756272843,0.685752244434909,0.55539368045456,0.695660563299233,0.685752244434909,"","ALDEx2_kw"
"k__Bacteria|p__Rhodothermota|c__Rhodothermia|o__Rhodothermales|f__Rhodothermaceae|g__|s__|ASV_5458","February - September","k__Bacteria|p__Rhodothermota|c__Rhodothermia|o__Rhodothermales|f__Rhodothermaceae|g__|s__|ASV_5458",0.56884752350556,0.716749485375963,0.521891581514944,0.676630646835751,0.716749485375963,"","ALDEx2_kw"
"k__Bacteria|p__Actinomycetota|c__Acidimicrobiia|o__Microtrichales|f__Ilumatobacteraceae|g__Ilumatobacter|s__|ASV_8483","February - September","k__Bacteria|p__Actinomycetota|c__Acidimicrobiia|o__Microtrichales|f__Ilumatobacteraceae|g__Ilumatobacter|s__|ASV_8483",0.557803348303594,0.71300687567884,0.521287444242672,0.679193036016889,0.71300687567884,"","ALDEx2_kw"
"k__Bacteria|p__Bacteroidota|c__Bacteroidia|o__Cytophagales|f__Cyclobacteriaceae|g__Tunicatimonas|s__|ASV_4541","February - September","k__Bacteria|p__Bacteroidota|c__Bacteroidia|o__Cytophagales|f__Cyclobacteriaceae|g__Tunicatimonas|s__|ASV_4541",0.479253336263363,0.646050771858698,0.489744174337372,0.641213541242408,0.646050771858698,"","ALDEx2_kw"
"k__Bacteria|p__Pseudomonadota|c__Alphaproteobacteria|o__Kiloniellales|f__Kiloniellaceae|g__Pelagibius|s__|ASV_15689","February - September","k__Bacteria|p__Pseudomonadota|c__Alphaproteobacteria|o__Kiloniellales|f__Kiloniellaceae|g__Pelagibius|s__|ASV_15689",0.471924604985094,0.633261959010304,0.427076303162583,0.583898985133743,0.633261959010304,"","ALDEx2_kw"
"k__Bacteria|p__Pseudomonadota|c__Alphaproteobacteria|o__Sphingomonadales|f__Sphingomonadaceae|g__Croceibacterium|s__|ASV_8946","February - September","k__Bacteria|p__Pseudomonadota|c__Alphaproteobacteria|o__Sphingomonadales|f__Sphingomonadaceae|g__Croceibacterium|s__|ASV_8946",0.43990777516118,0.60929745686699,0.389180740123787,0.547151028535865,0.60929745686699,"","ALDEx2_kw"
"k__Bacteria|p__Pseudomonadota|c__Gammaproteobacteria|o__Pseudomonadales|f__Hahellaceae|g__Hahella|s__|ASV_139","February - September","k__Bacteria|p__Pseudomonadota|c__Gammaproteobacteria|o__Pseudomonadales|f__Hahellaceae|g__Hahella|s__|ASV_139",0.449482313121494,0.61623306868123,0.418305141170093,0.58090501523167,0.61623306868123,"","ALDEx2_kw"
"k__Bacteria|p__Rhodothermota|c__Rhodothermia|o__Rhodothermales|f__Rhodothermaceae|g__Rubrivirga|s__|ASV_123","February - September","k__Bacteria|p__Rhodothermota|c__Rhodothermia|o__Rhodothermales|f__Rhodothermaceae|g__Rubrivirga|s__|ASV_123",0.443301360176811,0.603010647169284,0.384462688314918,0.536828789892896,0.603010647169284,"","ALDEx2_kw"
"k__Bacteria|p__Actinomycetota|c__Actinobacteria|o__Nitriliruptorales|f__Nitriliruptoraceae|g__|s__|ASV_1950","February - September","k__Bacteria|p__Actinomycetota|c__Actinobacteria|o__Nitriliruptorales|f__Nitriliruptoraceae|g__|s__|ASV_1950",0.550056330985953,0.706487940861487,0.50779260330405,0.660269214656995,0.706487940861487,"","ALDEx2_kw"
"k__Bacteria|p__Cyanobacteriota|c__Cyanobacteriia|o__Cyanobacteriales|f__Xenococcaceae|g__Chroococcidiopsis_PCC-6712|s__|ASV_12044","February - September","k__Bacteria|p__Cyanobacteriota|c__Cyanobacteriia|o__Cyanobacteriales|f__Xenococcaceae|g__Chroococcidiopsis_PCC-6712|s__|ASV_12044",0.469160511027318,0.628167702875316,0.456827798263615,0.60700384624125,0.628167702875316,"","ALDEx2_kw"
"k__Bacteria|p__Pseudomonadota|c__Alphaproteobacteria|o__Rhodobacterales|f__Paracoccaceae|g__Pikeienuella|s__|ASV_9663","February - September","k__Bacteria|p__Pseudomonadota|c__Alphaproteobacteria|o__Rhodobacterales|f__Paracoccaceae|g__Pikeienuella|s__|ASV_9663",0.564308303552479,0.716686316875333,0.546880279853984,0.695634971147347,0.716686316875333,"","ALDEx2_kw"
"k__Bacteria|p__Pseudomonadota|c__Alphaproteobacteria|o__Rhodobacterales|f__Paracoccaceae|g__Sediminimonas|s__|ASV_528","February - September","k__Bacteria|p__Pseudomonadota|c__Alphaproteobacteria|o__Rhodobacterales|f__Paracoccaceae|g__Sediminimonas|s__|ASV_528",0.274261547808648,0.448181016456171,0.279582874560284,0.426935142554997,0.448181016456171,"","ALDEx2_kw"
"k__Bacteria|p__Pseudomonadota|c__Gammaproteobacteria|o__Enterobacterales|f__Vibrionaceae|g__Vibrio|s__|ASV_1395","February - September","k__Bacteria|p__Pseudomonadota|c__Gammaproteobacteria|o__Enterobacterales|f__Vibrionaceae|g__Vibrio|s__|ASV_1395",0.444265761656614,0.608108587004446,0.3934709425991,0.552642547928516,0.608108587004446,"","ALDEx2_kw"
"k__Bacteria|p__Rhodothermota|c__Rhodothermia|o__Rhodothermales|f__Rhodothermaceae|g__Rubrivirga|s__|ASV_12511","February - September","k__Bacteria|p__Rhodothermota|c__Rhodothermia|o__Rhodothermales|f__Rhodothermaceae|g__Rubrivirga|s__|ASV_12511",0.389676435406128,0.556273036399275,0.297288306220479,0.455926906704923,0.556273036399275,"","ALDEx2_kw"
"k__Bacteria|p__Rhodothermota|c__Rhodothermia|o__Rhodothermales|f__Rhodothermaceae|g__Rubrivirga|s__|ASV_15801","February - September","k__Bacteria|p__Rhodothermota|c__Rhodothermia|o__Rhodothermales|f__Rhodothermaceae|g__Rubrivirga|s__|ASV_15801",0.427829112362498,0.588524388491338,0.40249958604226,0.557604526612789,0.588524388491338,"","ALDEx2_kw"
"k__Bacteria|p__Rhodothermota|c__Rhodothermia|o__Rhodothermales|f__Rhodothermaceae|g__|s__|ASV_14251","February - September","k__Bacteria|p__Rhodothermota|c__Rhodothermia|o__Rhodothermales|f__Rhodothermaceae|g__|s__|ASV_14251",0.29521605546619,0.477955283677248,0.216625148198259,0.372840234590978,0.477955283677248,"","ALDEx2_kw"
"k__Bacteria|p__Verrucomicrobiota|c__Verrucomicrobiia|o__Verrucomicrobiales|f__Rubritaleaceae|g__Haloferula|s__|ASV_8423","February - September","k__Bacteria|p__Verrucomicrobiota|c__Verrucomicrobiia|o__Verrucomicrobiales|f__Rubritaleaceae|g__Haloferula|s__|ASV_8423",0.280694270064339,0.458528116973349,0.221604986477707,0.376075821886473,0.458528116973349,"","ALDEx2_kw"
"k__Bacteria|p__Actinomycetota|c__Acidimicrobiia|o__Microtrichales|f__Ilumatobacteraceae|g__Ilumatobacter|s__|ASV_11502","February - September","k__Bacteria|p__Actinomycetota|c__Acidimicrobiia|o__Microtrichales|f__Ilumatobacteraceae|g__Ilumatobacter|s__|ASV_11502",0.41985589327255,0.583415211855948,0.369869288816306,0.514306525992698,0.583415211855948,"","ALDEx2_kw"
"k__Bacteria|p__Bacteroidota|c__Bacteroidia|o__Cytophagales|f__Cyclobacteriaceae|g__Marinoscillum|s__|ASV_7754","February - September","k__Bacteria|p__Bacteroidota|c__Bacteroidia|o__Cytophagales|f__Cyclobacteriaceae|g__Marinoscillum|s__|ASV_7754",0.592498832504683,0.740868021937263,0.578054449305529,0.723280165219973,0.740868021937263,"","ALDEx2_kw"
"k__Bacteria|p__Bacteroidota|c__Bacteroidia|o__Flavobacteriales|f__Flavobacteriaceae|g__Gramella|s__|ASV_1032","February - September","k__Bacteria|p__Bacteroidota|c__Bacteroidia|o__Flavobacteriales|f__Flavobacteriaceae|g__Gramella|s__|ASV_1032",0.522858692243061,0.677391792700731,0.490904070536669,0.640784867271283,0.677391792700731,"","ALDEx2_kw"
"k__Bacteria|p__Bacteroidota|c__Bacteroidia|o__Flavobacteriales|f__Flavobacteriaceae|g__Nonlabens|s__|ASV_11333","February - September","k__Bacteria|p__Bacteroidota|c__Bacteroidia|o__Flavobacteriales|f__Flavobacteriaceae|g__Nonlabens|s__|ASV_11333",0.137161122761275,0.300402438724752,0.144716286588896,0.277627763054533,0.300402438724752,"","ALDEx2_kw"
"k__Bacteria|p__Myxococcota|c__Polyangiia|o__Polyangiales|f__Sandaracinaceae|g__|s__|ASV_3686","February - September","k__Bacteria|p__Myxococcota|c__Polyangiia|o__Polyangiales|f__Sandaracinaceae|g__|s__|ASV_3686",0.495613745751271,0.664546608358197,0.500346818646312,0.658693925899337,0.664546608358197,"","ALDEx2_kw"
"k__Bacteria|p__Pseudomonadota|c__Alphaproteobacteria|o__Hyphomicrobiales|f__Devosiaceae|g__|s__|ASV_13035","February - September","k__Bacteria|p__Pseudomonadota|c__Alphaproteobacteria|o__Hyphomicrobiales|f__Devosiaceae|g__|s__|ASV_13035",0.521813031351576,0.683479266514223,0.515095394317071,0.671487974436173,0.683479266514223,"","ALDEx2_kw"
"k__Bacteria|p__Pseudomonadota|c__Alphaproteobacteria|o__Hyphomicrobiales|f__Rhizobiaceae|g__|s__|ASV_7290","February - September","k__Bacteria|p__Pseudomonadota|c__Alphaproteobacteria|o__Hyphomicrobiales|f__Rhizobiaceae|g__|s__|ASV_7290",0.461821954968066,0.638942735809618,0.445901674382129,0.610685714254522,0.638942735809618,"","ALDEx2_kw"
"k__Bacteria|p__Pseudomonadota|c__Alphaproteobacteria|o__Kiloniellales|f__Kiloniellaceae|g__Tistlia|s__|ASV_11585","February - September","k__Bacteria|p__Pseudomonadota|c__Alphaproteobacteria|o__Kiloniellales|f__Kiloniellaceae|g__Tistlia|s__|ASV_11585",0.578407235131765,0.730650443902094,0.580101508706049,0.725715952942122,0.730650443902094,"","ALDEx2_kw"
"k__Bacteria|p__Pseudomonadota|c__Alphaproteobacteria|o__Rhodobacterales|f__Paracoccaceae|g__Jannaschia|s__|ASV_12644","February - September","k__Bacteria|p__Pseudomonadota|c__Alphaproteobacteria|o__Rhodobacterales|f__Paracoccaceae|g__Jannaschia|s__|ASV_12644",0.343254457432915,0.502250085893226,0.281247265821067,0.420497746699712,0.502250085893226,"","ALDEx2_kw"
"k__Bacteria|p__Pseudomonadota|c__Gammaproteobacteria|o__Chromatiales|f__Sedimenticolaceae|g__Sedimenticola|s__|ASV_271","February - September","k__Bacteria|p__Pseudomonadota|c__Gammaproteobacteria|o__Chromatiales|f__Sedimenticolaceae|g__Sedimenticola|s__|ASV_271",0.319804491077035,0.521052711978193,0.375623916209455,0.546798566455244,0.521052711978193,"","ALDEx2_kw"
"k__Bacteria|p__Pseudomonadota|c__Gammaproteobacteria|o__Enterobacterales|f__Alteromonadaceae|g__Glaciecola|s__|ASV_8800","February - September","k__Bacteria|p__Pseudomonadota|c__Gammaproteobacteria|o__Enterobacterales|f__Alteromonadaceae|g__Glaciecola|s__|ASV_8800",0.233296279204196,0.399237381147445,0.193643374300485,0.335731673099924,0.399237381147445,"","ALDEx2_kw"
"k__Bacteria|p__Acidobacteriota|c__Blastocatellia|o__Blastocatellales|f__Blastocatellaceae|g__Blastocatella|s__|ASV_7595","February - September","k__Bacteria|p__Acidobacteriota|c__Blastocatellia|o__Blastocatellales|f__Blastocatellaceae|g__Blastocatella|s__|ASV_7595",0.436870064415684,0.601550022296401,0.430741884685087,0.580134182479992,0.601550022296401,"","ALDEx2_kw"
"k__Bacteria|p__Actinomycetota|c__Acidimicrobiia|o__Microtrichales|f__Microtrichaceae|g__Sva0996_marine_group|s__|ASV_8762","February - September","k__Bacteria|p__Actinomycetota|c__Acidimicrobiia|o__Microtrichales|f__Microtrichaceae|g__Sva0996_marine_group|s__|ASV_8762",0.0512300544656263,0.168821171504672,0.0444830170796043,0.123809630442087,0.168821171504672,"","ALDEx2_kw"
"k__Bacteria|p__Bacteroidota|c__Bacteroidia|o__Bacteroidales|f__Prolixibacteraceae|g__Draconibacterium|s__|ASV_10943","February - September","k__Bacteria|p__Bacteroidota|c__Bacteroidia|o__Bacteroidales|f__Prolixibacteraceae|g__Draconibacterium|s__|ASV_10943",0.183034320346306,0.348573592949013,0.154358404059303,0.28761741597505,0.348573592949013,"","ALDEx2_kw"
"k__Bacteria|p__Bacteroidota|c__Bacteroidia|o__Flavobacteriales|f__Cryomorphaceae|g__Vicingus|s__|ASV_578","February - September","k__Bacteria|p__Bacteroidota|c__Bacteroidia|o__Flavobacteriales|f__Cryomorphaceae|g__Vicingus|s__|ASV_578",0.538332442764039,0.689649332112758,0.53331528844661,0.679620838181694,0.689649332112758,"","ALDEx2_kw"
"k__Bacteria|p__Cyanobacteriota|c__Cyanobacteriia|o__Cyanobacteriales|f__Xenococcaceae|g__Chroococcidiopsis_PCC-6712|s__|ASV_3072","February - September","k__Bacteria|p__Cyanobacteriota|c__Cyanobacteriia|o__Cyanobacteriales|f__Xenococcaceae|g__Chroococcidiopsis_PCC-6712|s__|ASV_3072",0.569264183483212,0.722147571197808,0.566169424247381,0.708184209488925,0.722147571197808,"","ALDEx2_kw"
"k__Bacteria|p__Planctomycetota|c__Planctomycetes|o__Pirellulales|f__Pirellulaceae|g__Pir4_lineage|s__|ASV_786","February - September","k__Bacteria|p__Planctomycetota|c__Planctomycetes|o__Pirellulales|f__Pirellulaceae|g__Pir4_lineage|s__|ASV_786",0.438346576845312,0.601156911780926,0.353592295048029,0.506677757689089,0.601156911780926,"","ALDEx2_kw"
"k__Bacteria|p__Planctomycetota|c__Planctomycetes|o__Pirellulales|f__Pirellulaceae|g__Rhodopirellula|s__|ASV_3695","February - September","k__Bacteria|p__Planctomycetota|c__Planctomycetes|o__Pirellulales|f__Pirellulaceae|g__Rhodopirellula|s__|ASV_3695",0.508096600754165,0.662309890185501,0.519285696154386,0.661468161138087,0.662309890185501,"","ALDEx2_kw"
"k__Bacteria|p__Planctomycetota|c__Planctomycetes|o__Planctomycetales|f__Gimesiaceae|g__|s__|ASV_12350","February - September","k__Bacteria|p__Planctomycetota|c__Planctomycetes|o__Planctomycetales|f__Gimesiaceae|g__|s__|ASV_12350",0.0856827303542451,0.237212164548956,0.0922629511424066,0.211509387803607,0.237212164548956,"","ALDEx2_kw"
"k__Bacteria|p__Planctomycetota|c__Planctomycetes|o__Planctomycetales|f__Rubinisphaeraceae|g__Planctomicrobium|s__|ASV_10419","February - September","k__Bacteria|p__Planctomycetota|c__Planctomycetes|o__Planctomycetales|f__Rubinisphaeraceae|g__Planctomicrobium|s__|ASV_10419",0.371549477332236,0.539240947353895,0.330083303411378,0.478185318318924,0.539240947353895,"","ALDEx2_kw"
"k__Bacteria|p__Pseudomonadota|c__Alphaproteobacteria|o__Caulobacterales|f__Parvularculaceae|g__Hyphococcus|s__|ASV_5943","February - September","k__Bacteria|p__Pseudomonadota|c__Alphaproteobacteria|o__Caulobacterales|f__Parvularculaceae|g__Hyphococcus|s__|ASV_5943",0.391906601604678,0.568206460744247,0.335720169623091,0.503381415085527,0.568206460744247,"","ALDEx2_kw"
"k__Bacteria|p__Pseudomonadota|c__Alphaproteobacteria|o__Rhodobacterales|f__Paracoccaceae|g__|s__|ASV_4436","February - September","k__Bacteria|p__Pseudomonadota|c__Alphaproteobacteria|o__Rhodobacterales|f__Paracoccaceae|g__|s__|ASV_4436",0.303464152648191,0.48107738976962,0.240155290117669,0.394017508154386,0.48107738976962,"","ALDEx2_kw"
"k__Bacteria|p__Pseudomonadota|c__Alphaproteobacteria|o__Sphingomonadales|f__Sphingomonadaceae|g__|s__|ASV_10904","February - September","k__Bacteria|p__Pseudomonadota|c__Alphaproteobacteria|o__Sphingomonadales|f__Sphingomonadaceae|g__|s__|ASV_10904",0.547675564108605,0.703201552759251,0.55434055417493,0.7036864960689,0.703201552759251,"","ALDEx2_kw"
"k__Bacteria|p__Pseudomonadota|c__Alphaproteobacteria|o__Sphingomonadales|f__Sphingomonadaceae|g__|s__|ASV_9836","February - September","k__Bacteria|p__Pseudomonadota|c__Alphaproteobacteria|o__Sphingomonadales|f__Sphingomonadaceae|g__|s__|ASV_9836",0.362678328935313,0.528439906238682,0.283202910873354,0.437617254017494,0.528439906238682,"","ALDEx2_kw"
"k__Bacteria|p__Pseudomonadota|c__Gammaproteobacteria|o__Pseudomonadales|f__Pseudohongiellaceae|g__Pseudohongiella|s__|ASV_12563","February - September","k__Bacteria|p__Pseudomonadota|c__Gammaproteobacteria|o__Pseudomonadales|f__Pseudohongiellaceae|g__Pseudohongiella|s__|ASV_12563",0.612154486476352,0.756159662324787,0.599650579570356,0.740296650175694,0.756159662324787,"","ALDEx2_kw"
"k__Bacteria|p__Rhodothermota|c__Rhodothermia|o__Rhodothermales|f__Rhodothermaceae|g__Rubrivirga|s__|ASV_10373","February - September","k__Bacteria|p__Rhodothermota|c__Rhodothermia|o__Rhodothermales|f__Rhodothermaceae|g__Rubrivirga|s__|ASV_10373",0.547539246042652,0.702969422442016,0.529015217518244,0.676707412384529,0.702969422442016,"","ALDEx2_kw"
"k__Bacteria|p__Actinomycetota|c__Acidimicrobiia|o__Microtrichales|f__Ilumatobacteraceae|g__Ilumatobacter|s__|ASV_2899","February - September","k__Bacteria|p__Actinomycetota|c__Acidimicrobiia|o__Microtrichales|f__Ilumatobacteraceae|g__Ilumatobacter|s__|ASV_2899",0.139971728585606,0.297951271625879,0.180553181649369,0.311492729324973,0.297951271625879,"","ALDEx2_kw"
"k__Bacteria|p__Bacteroidota|c__Bacteroidia|o__Bacteroidales|f__Prolixibacteraceae|g__Maribellus|s__|ASV_5500","February - September","k__Bacteria|p__Bacteroidota|c__Bacteroidia|o__Bacteroidales|f__Prolixibacteraceae|g__Maribellus|s__|ASV_5500",0.0606927938129533,0.193492234474319,0.102178676686464,0.222869595473905,0.193492234474319,"","ALDEx2_kw"
"k__Bacteria|p__Bacteroidota|c__Bacteroidia|o__Bacteroidales|f__Prolixibacteraceae|g__|s__|ASV_1501","February - September","k__Bacteria|p__Bacteroidota|c__Bacteroidia|o__Bacteroidales|f__Prolixibacteraceae|g__|s__|ASV_1501",0.095588648144929,0.244796215844461,0.0802996248321982,0.192470870246918,0.244796215844461,"","ALDEx2_kw"
"k__Bacteria|p__Bacteroidota|c__Bacteroidia|o__Chitinophagales|f__Saprospiraceae|g__|s__|ASV_15115","February - September","k__Bacteria|p__Bacteroidota|c__Bacteroidia|o__Chitinophagales|f__Saprospiraceae|g__|s__|ASV_15115",0.596412849046633,0.744146822486211,0.591939222320019,0.732384455750521,0.744146822486211,"","ALDEx2_kw"
"k__Bacteria|p__Bacteroidota|c__Bacteroidia|o__Cytophagales|f__Cyclobacteriaceae|g__Marinoscillum|s__|ASV_403","February - September","k__Bacteria|p__Bacteroidota|c__Bacteroidia|o__Cytophagales|f__Cyclobacteriaceae|g__Marinoscillum|s__|ASV_403",0.469451681600567,0.63560198414194,0.433381916060503,0.597962824787374,0.63560198414194,"","ALDEx2_kw"
"k__Bacteria|p__Bacteroidota|c__Bacteroidia|o__Cytophagales|f__Cyclobacteriaceae|g__|s__|ASV_8590","February - September","k__Bacteria|p__Bacteroidota|c__Bacteroidia|o__Cytophagales|f__Cyclobacteriaceae|g__|s__|ASV_8590",0.516907617935004,0.670639821570307,0.52087477594056,0.659156684438158,0.670639821570307,"","ALDEx2_kw"
"k__Bacteria|p__Balneolota|c__Balneolia|o__Balneolales|f__Balneolaceae|g__|s__|ASV_1297","February - September","k__Bacteria|p__Balneolota|c__Balneolia|o__Balneolales|f__Balneolaceae|g__|s__|ASV_1297",0.342423373729189,0.532634516913702,0.351337567479072,0.513245502108307,0.532634516913702,"","ALDEx2_kw"
"k__Bacteria|p__Planctomycetota|c__Planctomycetes|o__Pirellulales|f__Pirellulaceae|g__|s__|ASV_8950","February - September","k__Bacteria|p__Planctomycetota|c__Planctomycetes|o__Pirellulales|f__Pirellulaceae|g__|s__|ASV_8950",0.27039091021515,0.447970979262814,0.220898258407069,0.367653711374139,0.447970979262814,"","ALDEx2_kw"
"k__Bacteria|p__Pseudomonadota|c__Alphaproteobacteria|o__Kiloniellales|f__Kiloniellaceae|g__|s__|ASV_12965","February - September","k__Bacteria|p__Pseudomonadota|c__Alphaproteobacteria|o__Kiloniellales|f__Kiloniellaceae|g__|s__|ASV_12965",0.334818190326807,0.502662867285655,0.252366647990392,0.404647774369063,0.502662867285655,"","ALDEx2_kw"
"k__Bacteria|p__Pseudomonadota|c__Alphaproteobacteria|o__Rhodospirillales|f__Magnetospiraceae|g__|s__|ASV_8657","February - September","k__Bacteria|p__Pseudomonadota|c__Alphaproteobacteria|o__Rhodospirillales|f__Magnetospiraceae|g__|s__|ASV_8657",0.647057985252933,0.780742509751279,0.617991204830513,0.753819142046608,0.780742509751279,"","ALDEx2_kw"
"k__Bacteria|p__Pseudomonadota|c__Alphaproteobacteria|o__Sphingomonadales|f__Sphingomonadaceae|g__|s__|ASV_4999","February - September","k__Bacteria|p__Pseudomonadota|c__Alphaproteobacteria|o__Sphingomonadales|f__Sphingomonadaceae|g__|s__|ASV_4999",0.577783572699288,0.719327478837569,0.5439796528491,0.693398645618895,0.719327478837569,"","ALDEx2_kw"
"k__Bacteria|p__Pseudomonadota|c__Gammaproteobacteria|o__Pseudomonadales|f__Cellvibrionaceae|g__|s__|ASV_8305","February - September","k__Bacteria|p__Pseudomonadota|c__Gammaproteobacteria|o__Pseudomonadales|f__Cellvibrionaceae|g__|s__|ASV_8305",0.133354322615194,0.285334210872715,0.131019065219853,0.24823201675746,0.285334210872715,"","ALDEx2_kw"
"k__Bacteria|p__Rhodothermota|c__Rhodothermia|o__Rhodothermales|f__Rhodothermaceae|g__|s__|ASV_6668","February - September","k__Bacteria|p__Rhodothermota|c__Rhodothermia|o__Rhodothermales|f__Rhodothermaceae|g__|s__|ASV_6668",0.459238245206335,0.633589570401089,0.42601122732565,0.594217173172527,0.633589570401089,"","ALDEx2_kw"
"k__Bacteria|p__Bacteroidota|c__Bacteroidia|o__Cytophagales|f__Cyclobacteriaceae|g__Fulvivirga|s__|ASV_480","February - September","k__Bacteria|p__Bacteroidota|c__Bacteroidia|o__Cytophagales|f__Cyclobacteriaceae|g__Fulvivirga|s__|ASV_480",0.575997913044929,0.719205358580338,0.58465737358952,0.726117503635972,0.719205358580338,"","ALDEx2_kw"
"k__Bacteria|p__Myxococcota|c__Myxococcia|o__Myxococcales|f__Myxococcaceae|g__P3OB-42|s__|ASV_1140","February - September","k__Bacteria|p__Myxococcota|c__Myxococcia|o__Myxococcales|f__Myxococcaceae|g__P3OB-42|s__|ASV_1140",0.403079352421161,0.570755023534591,0.389142818058381,0.546926606552172,0.570755023534591,"","ALDEx2_kw"
"k__Bacteria|p__Pseudomonadota|c__Alphaproteobacteria|o__Caulobacterales|f__Caulobacteraceae|g__|s__|ASV_2105","February - September","k__Bacteria|p__Pseudomonadota|c__Alphaproteobacteria|o__Caulobacterales|f__Caulobacteraceae|g__|s__|ASV_2105",0.415307601441962,0.583155420879916,0.34769365303944,0.507899217045874,0.583155420879916,"","ALDEx2_kw"
"k__Bacteria|p__Pseudomonadota|c__Alphaproteobacteria|o__Kiloniellales|f__Kiloniellaceae|g__Limibacillus|s__|ASV_5797","February - September","k__Bacteria|p__Pseudomonadota|c__Alphaproteobacteria|o__Kiloniellales|f__Kiloniellaceae|g__Limibacillus|s__|ASV_5797",0.568355638786141,0.721152229967984,0.5475346557639,0.701935933001528,0.721152229967984,"","ALDEx2_kw"
"k__Bacteria|p__Pseudomonadota|c__Alphaproteobacteria|o__Sphingomonadales|f__Sphingomonadaceae|g__|s__|ASV_4895","February - September","k__Bacteria|p__Pseudomonadota|c__Alphaproteobacteria|o__Sphingomonadales|f__Sphingomonadaceae|g__|s__|ASV_4895",0.458965418974814,0.625496544345593,0.407867082309119,0.568949659769686,0.625496544345593,"","ALDEx2_kw"
"k__Bacteria|p__Pseudomonadota|c__Alphaproteobacteria|o__|f__Neomegalonemataceae|g__Acuticoccus|s__|ASV_4438","February - September","k__Bacteria|p__Pseudomonadota|c__Alphaproteobacteria|o__|f__Neomegalonemataceae|g__Acuticoccus|s__|ASV_4438",0.537419512847004,0.68467413936902,0.515843383423596,0.6638200854301,0.68467413936902,"","ALDEx2_kw"
"k__Bacteria|p__Pseudomonadota|c__Gammaproteobacteria|o__Steroidobacterales|f__Woeseiaceae|g__Woeseia|s__|ASV_4771","February - September","k__Bacteria|p__Pseudomonadota|c__Gammaproteobacteria|o__Steroidobacterales|f__Woeseiaceae|g__Woeseia|s__|ASV_4771",0.311760006894929,0.490496128405593,0.294459600444365,0.456557244401016,0.490496128405593,"","ALDEx2_kw"
"k__Bacteria|p__Thermodesulfobacteriota|c__Desulfobacteria|o__Desulfobacterales|f__Desulfosarcinaceae|g__Sva0081_sediment_group|s__|ASV_7819","February - September","k__Bacteria|p__Thermodesulfobacteriota|c__Desulfobacteria|o__Desulfobacterales|f__Desulfosarcinaceae|g__Sva0081_sediment_group|s__|ASV_7819",0.299262628289543,0.471331161034051,0.275468228631945,0.417986164722119,0.471331161034051,"","ALDEx2_kw"
"k__Bacteria|p__Actinomycetota|c__Acidimicrobiia|o__Microtrichales|f__Ilumatobacteraceae|g__Ilumatobacter|s__|ASV_11130","February - September","k__Bacteria|p__Actinomycetota|c__Acidimicrobiia|o__Microtrichales|f__Ilumatobacteraceae|g__Ilumatobacter|s__|ASV_11130",0.306537008246832,0.476539075261625,0.231404529181934,0.378678721838677,0.476539075261625,"","ALDEx2_kw"
"k__Bacteria|p__Bacteroidota|c__Bacteroidia|o__Bacteroidales|f__Bacteroidetes_BD2-2|g__|s__|ASV_10532","February - September","k__Bacteria|p__Bacteroidota|c__Bacteroidia|o__Bacteroidales|f__Bacteroidetes_BD2-2|g__|s__|ASV_10532",0.433933638628478,0.602875167424206,0.363638521359323,0.522753669479573,0.602875167424206,"","ALDEx2_kw"
"k__Bacteria|p__Bacteroidota|c__Bacteroidia|o__Chitinophagales|f__Saprospiraceae|g__|s__|ASV_3210","February - September","k__Bacteria|p__Bacteroidota|c__Bacteroidia|o__Chitinophagales|f__Saprospiraceae|g__|s__|ASV_3210",0.135936844535357,0.301854866942441,0.171208848669707,0.302858539387816,0.301854866942441,"","ALDEx2_kw"
"k__Bacteria|p__Bacteroidota|c__Bacteroidia|o__Cytophagales|f__Cyclobacteriaceae|g__Tunicatimonas|s__|ASV_2922","February - September","k__Bacteria|p__Bacteroidota|c__Bacteroidia|o__Cytophagales|f__Cyclobacteriaceae|g__Tunicatimonas|s__|ASV_2922",0.369408335578933,0.539450831959807,0.289195866032119,0.438784417519086,0.539450831959807,"","ALDEx2_kw"
"k__Bacteria|p__Bacteroidota|c__Bacteroidia|o__Flavobacteriales|f__Flavobacteriaceae|g__Gramella|s__|ASV_3229","February - September","k__Bacteria|p__Bacteroidota|c__Bacteroidia|o__Flavobacteriales|f__Flavobacteriaceae|g__Gramella|s__|ASV_3229",0.451733361932033,0.612237664413906,0.396447694379964,0.551599156041661,0.612237664413906,"","ALDEx2_kw"
"k__Bacteria|p__Bacteroidota|c__Bacteroidia|o__Flavobacteriales|f__Flavobacteriaceae|g__Marinirhabdus|s__|ASV_12284","February - September","k__Bacteria|p__Bacteroidota|c__Bacteroidia|o__Flavobacteriales|f__Flavobacteriaceae|g__Marinirhabdus|s__|ASV_12284",0.280028684566869,0.450267624420216,0.245593137309235,0.398948814417374,0.450267624420216,"","ALDEx2_kw"
"k__Bacteria|p__Chloroflexota|c__Anaerolineae|o__Aggregatilineales|f__A4b|g__|s__|ASV_6142","February - September","k__Bacteria|p__Chloroflexota|c__Anaerolineae|o__Aggregatilineales|f__A4b|g__|s__|ASV_6142",0.514968058417173,0.676455939627888,0.49920332411626,0.649060437087044,0.676455939627888,"","ALDEx2_kw"
"k__Bacteria|p__Cyanobacteriota|c__Cyanobacteriia|o__Phormidesmiales|f__Nodosilineaceae|g__Halomicronema_TFEP1|s__|ASV_15198","February - September","k__Bacteria|p__Cyanobacteriota|c__Cyanobacteriia|o__Phormidesmiales|f__Nodosilineaceae|g__Halomicronema_TFEP1|s__|ASV_15198",0.307274440369791,0.489101146780396,0.310636319106471,0.475301902974961,0.489101146780396,"","ALDEx2_kw"
"k__Bacteria|p__Pseudomonadota|c__Alphaproteobacteria|o__Rhodobacterales|f__Paracoccaceae|g__Limibaculum|s__|ASV_8852","February - September","k__Bacteria|p__Pseudomonadota|c__Alphaproteobacteria|o__Rhodobacterales|f__Paracoccaceae|g__Limibaculum|s__|ASV_8852",0.580933710226738,0.72917262969194,0.551972896078875,0.699818600117943,0.72917262969194,"","ALDEx2_kw"
"k__Bacteria|p__Pseudomonadota|c__Alphaproteobacteria|o__Rhodobacterales|f__Paracoccaceae|g__Marivita|s__|ASV_10920","February - September","k__Bacteria|p__Pseudomonadota|c__Alphaproteobacteria|o__Rhodobacterales|f__Paracoccaceae|g__Marivita|s__|ASV_10920",0.535795991514908,0.686660435581693,0.50440410986657,0.65611584066995,0.686660435581693,"","ALDEx2_kw"
"k__Bacteria|p__Pseudomonadota|c__Alphaproteobacteria|o__Sphingomonadales|f__Sphingomonadaceae|g__Pacificimonas|s__|ASV_12784","February - September","k__Bacteria|p__Pseudomonadota|c__Alphaproteobacteria|o__Sphingomonadales|f__Sphingomonadaceae|g__Pacificimonas|s__|ASV_12784",0.0669791248476948,0.207371072208923,0.0749549466486338,0.186971049861569,0.207371072208923,"","ALDEx2_kw"
"k__Bacteria|p__Pseudomonadota|c__Gammaproteobacteria|o__Enterobacterales|f__Alteromonadaceae|g__Aestuariibacter|s__|ASV_7925","February - September","k__Bacteria|p__Pseudomonadota|c__Gammaproteobacteria|o__Enterobacterales|f__Alteromonadaceae|g__Aestuariibacter|s__|ASV_7925",0.522818490656418,0.67274198531331,0.530855917538317,0.673170168498059,0.67274198531331,"","ALDEx2_kw"
"k__Bacteria|p__Verrucomicrobiota|c__Verrucomicrobiia|o__Verrucomicrobiales|f__Rubritaleaceae|g__DBS1|s__|ASV_1721","February - September","k__Bacteria|p__Verrucomicrobiota|c__Verrucomicrobiia|o__Verrucomicrobiales|f__Rubritaleaceae|g__DBS1|s__|ASV_1721",0.402416679041089,0.59190321961216,0.430350613234248,0.59668701291477,0.59190321961216,"","ALDEx2_kw"
"k__Bacteria|p__Actinomycetota|c__Rubrobacteria|o__Rubrobacterales|f__Rubrobacteriaceae|g__Rubrobacter|s__|ASV_2748","February - September","k__Bacteria|p__Actinomycetota|c__Rubrobacteria|o__Rubrobacterales|f__Rubrobacteriaceae|g__Rubrobacter|s__|ASV_2748",0.503275763801692,0.658898373621306,0.477736524189336,0.626563836167731,0.658898373621306,"","ALDEx2_kw"
"k__Bacteria|p__Bacteroidota|c__Bacteroidia|o__Cytophagales|f__Cyclobacteriaceae|g__Algoriphagus|s__|ASV_5399","February - September","k__Bacteria|p__Bacteroidota|c__Bacteroidia|o__Cytophagales|f__Cyclobacteriaceae|g__Algoriphagus|s__|ASV_5399",0.0160048029890651,0.0865892094827442,0.0392934499475065,0.100223384265143,0.0865892094827442,"","ALDEx2_kw"
"k__Bacteria|p__Pseudomonadota|c__Alphaproteobacteria|o__Hyphomicrobiales|f__Rhizobiaceae|g__|s__|ASV_1910","February - September","k__Bacteria|p__Pseudomonadota|c__Alphaproteobacteria|o__Hyphomicrobiales|f__Rhizobiaceae|g__|s__|ASV_1910",0.407093038844582,0.579386072357686,0.364881444207059,0.518025078739346,0.579386072357686,"","ALDEx2_kw"
"k__Bacteria|p__Pseudomonadota|c__Alphaproteobacteria|o__Kiloniellales|f__Kiloniellaceae|g__|s__|ASV_7939","February - September","k__Bacteria|p__Pseudomonadota|c__Alphaproteobacteria|o__Kiloniellales|f__Kiloniellaceae|g__|s__|ASV_7939",0.546464739381661,0.706707929021961,0.530028126309321,0.687304151116176,0.706707929021961,"","ALDEx2_kw"
"k__Bacteria|p__Pseudomonadota|c__Alphaproteobacteria|o__Micavibrionales|f__Micavibrionaceae|g__|s__|ASV_1341","February - September","k__Bacteria|p__Pseudomonadota|c__Alphaproteobacteria|o__Micavibrionales|f__Micavibrionaceae|g__|s__|ASV_1341",0.102676458573104,0.242734077319974,0.105483157864411,0.219209765508875,0.242734077319974,"","ALDEx2_kw"
"k__Bacteria|p__Pseudomonadota|c__Alphaproteobacteria|o__Rhodobacterales|f__Paracoccaceae|g__Actibacterium|s__|ASV_9547","February - September","k__Bacteria|p__Pseudomonadota|c__Alphaproteobacteria|o__Rhodobacterales|f__Paracoccaceae|g__Actibacterium|s__|ASV_9547",0.396462060139712,0.567311263941173,0.337623345676432,0.492115452724697,0.567311263941173,"","ALDEx2_kw"
"k__Bacteria|p__Pseudomonadota|c__Alphaproteobacteria|o__Rhodobacterales|f__Paracoccaceae|g__Pikeienuella|s__|ASV_10608","February - September","k__Bacteria|p__Pseudomonadota|c__Alphaproteobacteria|o__Rhodobacterales|f__Paracoccaceae|g__Pikeienuella|s__|ASV_10608",0.231145153669786,0.400670642053981,0.209364964990195,0.350896686193878,0.400670642053981,"","ALDEx2_kw"
"k__Bacteria|p__Pseudomonadota|c__Alphaproteobacteria|o__Sphingomonadales|f__Sphingomonadaceae|g__Parasphingopyxis|s__|ASV_632","February - September","k__Bacteria|p__Pseudomonadota|c__Alphaproteobacteria|o__Sphingomonadales|f__Sphingomonadaceae|g__Parasphingopyxis|s__|ASV_632",0.417372867643659,0.574766130856866,0.322639017211716,0.478851266917006,0.574766130856866,"","ALDEx2_kw"
"k__Bacteria|p__Pseudomonadota|c__Gammaproteobacteria|o__Pseudomonadales|f__Alcanivoracaceae|g__Ketobacter|s__|ASV_12342","February - September","k__Bacteria|p__Pseudomonadota|c__Gammaproteobacteria|o__Pseudomonadales|f__Alcanivoracaceae|g__Ketobacter|s__|ASV_12342",0.284969522338937,0.465765184877395,0.238933661907884,0.398232558330863,0.465765184877395,"","ALDEx2_kw"
"k__Bacteria|p__Rhodothermota|c__Rhodothermia|o__Rhodothermales|f__Rhodothermaceae|g__Rubrivirga|s__|ASV_13113","February - September","k__Bacteria|p__Rhodothermota|c__Rhodothermia|o__Rhodothermales|f__Rhodothermaceae|g__Rubrivirga|s__|ASV_13113",0.302304143508712,0.471335133706163,0.270942291302005,0.416066779559382,0.471335133706163,"","ALDEx2_kw"
"k__Bacteria|p__Acidobacteriota|c__Blastocatellia|o__Blastocatellales|f__Blastocatellaceae|g__Blastocatella|s__|ASV_13389","February - September","k__Bacteria|p__Acidobacteriota|c__Blastocatellia|o__Blastocatellales|f__Blastocatellaceae|g__Blastocatella|s__|ASV_13389",0.581532614151708,0.721179103179876,0.561030692664591,0.702796598576838,0.721179103179876,"","ALDEx2_kw"
"k__Bacteria|p__Bacteroidota|c__Bacteroidia|o__Chitinophagales|f__Saprospiraceae|g__|s__|ASV_10850","February - September","k__Bacteria|p__Bacteroidota|c__Bacteroidia|o__Chitinophagales|f__Saprospiraceae|g__|s__|ASV_10850",0.184991710731097,0.352762318993421,0.168884622875838,0.29895821098708,0.352762318993421,"","ALDEx2_kw"
"k__Bacteria|p__Bacteroidota|c__Bacteroidia|o__Cytophagales|f__Cyclobacteriaceae|g__Fulvivirga|s__|ASV_13464","February - September","k__Bacteria|p__Bacteroidota|c__Bacteroidia|o__Cytophagales|f__Cyclobacteriaceae|g__Fulvivirga|s__|ASV_13464",0.536986660893113,0.700831447654049,0.549168244043535,0.705558276164321,0.700831447654049,"","ALDEx2_kw"
"k__Bacteria|p__Bdellovibrionota|c__Bdellovibrionia|o__Bdellovibrionales|f__Pseudobdellovibrionaceae|g__OM27_clade|s__|ASV_14881","February - September","k__Bacteria|p__Bdellovibrionota|c__Bdellovibrionia|o__Bdellovibrionales|f__Pseudobdellovibrionaceae|g__OM27_clade|s__|ASV_14881",0.126275345113088,0.280468382057161,0.155570733665705,0.279702964358031,0.280468382057161,"","ALDEx2_kw"
"k__Bacteria|p__Pseudomonadota|c__Alphaproteobacteria|o__Hyphomicrobiales|f__Rhizobiaceae|g__|s__|ASV_8377","February - September","k__Bacteria|p__Pseudomonadota|c__Alphaproteobacteria|o__Hyphomicrobiales|f__Rhizobiaceae|g__|s__|ASV_8377",0.507683719701496,0.665727156409464,0.491127978772289,0.647237831258149,0.665727156409464,"","ALDEx2_kw"
"k__Bacteria|p__Pseudomonadota|c__Alphaproteobacteria|o__Sphingomonadales|f__Sphingomonadaceae|g__Aurantiacibacter|s__|ASV_13089","February - September","k__Bacteria|p__Pseudomonadota|c__Alphaproteobacteria|o__Sphingomonadales|f__Sphingomonadaceae|g__Aurantiacibacter|s__|ASV_13089",0.48583921073336,0.651577332631499,0.454929184580009,0.615776844978132,0.651577332631499,"","ALDEx2_kw"
"k__Bacteria|p__Rhodothermota|c__Rhodothermia|o__Rhodothermales|f__Rhodothermaceae|g__Rubrivirga|s__|ASV_8651","February - September","k__Bacteria|p__Rhodothermota|c__Rhodothermia|o__Rhodothermales|f__Rhodothermaceae|g__Rubrivirga|s__|ASV_8651",0.226627761624503,0.399886727448006,0.169930961764092,0.313274153045443,0.399886727448006,"","ALDEx2_kw"
"k__Bacteria|p__Acidobacteriota|c__Thermoanaerobaculia|o__Thermoanaerobaculales|f__Thermoanaerobaculaceae|g__Subgroup_10|s__|ASV_4002","February - September","k__Bacteria|p__Acidobacteriota|c__Thermoanaerobaculia|o__Thermoanaerobaculales|f__Thermoanaerobaculaceae|g__Subgroup_10|s__|ASV_4002",0.500231628100955,0.659395844072464,0.453507211772568,0.607272305331762,0.659395844072464,"","ALDEx2_kw"
"k__Bacteria|p__Actinomycetota|c__Rubrobacteria|o__Rubrobacterales|f__Rubrobacteriaceae|g__Rubrobacter|s__|ASV_11767","February - September","k__Bacteria|p__Actinomycetota|c__Rubrobacteria|o__Rubrobacterales|f__Rubrobacteriaceae|g__Rubrobacter|s__|ASV_11767",0.451440146913504,0.620256013966904,0.460190778354531,0.613268223615804,0.620256013966904,"","ALDEx2_kw"
"k__Bacteria|p__Bacteroidota|c__Bacteroidia|o__Bacteroidales|f__Marinilabiliaceae|g__|s__|ASV_9761","February - September","k__Bacteria|p__Bacteroidota|c__Bacteroidia|o__Bacteroidales|f__Marinilabiliaceae|g__|s__|ASV_9761",0.188327757194979,0.35935637443865,0.175889373604679,0.318291406348691,0.35935637443865,"","ALDEx2_kw"
"k__Bacteria|p__Bacteroidota|c__Bacteroidia|o__Chitinophagales|f__Saprospiraceae|g__|s__|ASV_6128","February - September","k__Bacteria|p__Bacteroidota|c__Bacteroidia|o__Chitinophagales|f__Saprospiraceae|g__|s__|ASV_6128",0.480441378013189,0.649550067609097,0.469972061290815,0.629861358437153,0.649550067609097,"","ALDEx2_kw"
"k__Bacteria|p__Bacteroidota|c__Bacteroidia|o__Cytophagales|f__Microscillaceae|g__|s__|ASV_9596","February - September","k__Bacteria|p__Bacteroidota|c__Bacteroidia|o__Cytophagales|f__Microscillaceae|g__|s__|ASV_9596",0.445016694181088,0.608546775646452,0.367666839701628,0.524879597248888,0.608546775646452,"","ALDEx2_kw"
"k__Bacteria|p__Bacteroidota|c__Bacteroidia|o__Flavobacteriales|f__Flavobacteriaceae|g__Mesoflavibacter|s__|ASV_209","February - September","k__Bacteria|p__Bacteroidota|c__Bacteroidia|o__Flavobacteriales|f__Flavobacteriaceae|g__Mesoflavibacter|s__|ASV_209",0.451094598725234,0.613098525216319,0.441103065621778,0.586291492317291,0.613098525216319,"","ALDEx2_kw"
"k__Bacteria|p__Bacteroidota|c__Bacteroidia|o__Flavobacteriales|f__Flavobacteriaceae|g__|s__|ASV_3604","February - September","k__Bacteria|p__Bacteroidota|c__Bacteroidia|o__Flavobacteriales|f__Flavobacteriaceae|g__|s__|ASV_3604",0.339853408348818,0.502990312384613,0.272715374253143,0.425554958507772,0.502990312384613,"","ALDEx2_kw"
"k__Bacteria|p__Planctomycetota|c__Planctomycetes|o__Pirellulales|f__Pirellulaceae|g__Mariniblastus|s__|ASV_10958","February - September","k__Bacteria|p__Planctomycetota|c__Planctomycetes|o__Pirellulales|f__Pirellulaceae|g__Mariniblastus|s__|ASV_10958",0.521804876940441,0.68074427829449,0.478119495200775,0.632045805432734,0.68074427829449,"","ALDEx2_kw"
"k__Bacteria|p__Planctomycetota|c__Planctomycetes|o__Pirellulales|f__Pirellulaceae|g__|s__|ASV_3627","February - September","k__Bacteria|p__Planctomycetota|c__Planctomycetes|o__Pirellulales|f__Pirellulaceae|g__|s__|ASV_3627",0.237607558854536,0.410602936784398,0.203075097699373,0.348489368966925,0.410602936784398,"","ALDEx2_kw"
"k__Bacteria|p__Pseudomonadota|c__Alphaproteobacteria|o__Rhodobacterales|f__Paracoccaceae|g__|s__|ASV_10847","February - September","k__Bacteria|p__Pseudomonadota|c__Alphaproteobacteria|o__Rhodobacterales|f__Paracoccaceae|g__|s__|ASV_10847",0.48786657294068,0.651296722353718,0.416664637188926,0.577006238386398,0.651296722353718,"","ALDEx2_kw"
"k__Bacteria|p__Pseudomonadota|c__Alphaproteobacteria|o__Rickettsiales|f__SM2D12|g__|s__|ASV_2164","February - September","k__Bacteria|p__Pseudomonadota|c__Alphaproteobacteria|o__Rickettsiales|f__SM2D12|g__|s__|ASV_2164",0.261991943128665,0.447448163618417,0.302163734122336,0.460757384640296,0.447448163618417,"","ALDEx2_kw"
"k__Bacteria|p__Pseudomonadota|c__Alphaproteobacteria|o__|f__Neomegalonemataceae|g__Acuticoccus|s__|ASV_13911","February - September","k__Bacteria|p__Pseudomonadota|c__Alphaproteobacteria|o__|f__Neomegalonemataceae|g__Acuticoccus|s__|ASV_13911",0.452500348185257,0.617454687731523,0.383768941466133,0.542434522761959,0.617454687731523,"","ALDEx2_kw"
"k__Bacteria|p__Pseudomonadota|c__Gammaproteobacteria|o__Pseudomonadales|f__Halieaceae|g__|s__|ASV_1902","February - September","k__Bacteria|p__Pseudomonadota|c__Gammaproteobacteria|o__Pseudomonadales|f__Halieaceae|g__|s__|ASV_1902",0.47182286940066,0.629136338210211,0.427636077512694,0.583827852940708,0.629136338210211,"","ALDEx2_kw"
"k__Bacteria|p__Pseudomonadota|c__Gammaproteobacteria|o__Pseudomonadales|f__Spongiibacteraceae|g__|s__|ASV_13598","February - September","k__Bacteria|p__Pseudomonadota|c__Gammaproteobacteria|o__Pseudomonadales|f__Spongiibacteraceae|g__|s__|ASV_13598",0.634481322876997,0.772081869934066,0.648268451929746,0.779321466803347,0.772081869934066,"","ALDEx2_kw"
"k__Bacteria|p__Acidobacteriota|c__Thermoanaerobaculia|o__Thermoanaerobaculales|f__Thermoanaerobaculaceae|g__Subgroup_10|s__|ASV_637","February - September","k__Bacteria|p__Acidobacteriota|c__Thermoanaerobaculia|o__Thermoanaerobaculales|f__Thermoanaerobaculaceae|g__Subgroup_10|s__|ASV_637",0.382240641896597,0.551010597905679,0.378217537351403,0.529650305713286,0.551010597905679,"","ALDEx2_kw"
"k__Bacteria|p__Bacteroidota|c__Bacteroidia|o__Chitinophagales|f__Saprospiraceae|g__Lewinella|s__|ASV_12193","February - September","k__Bacteria|p__Bacteroidota|c__Bacteroidia|o__Chitinophagales|f__Saprospiraceae|g__Lewinella|s__|ASV_12193",0.464965318670496,0.634574332230597,0.418126701580119,0.580533655084099,0.634574332230597,"","ALDEx2_kw"
"k__Bacteria|p__Bacteroidota|c__Bacteroidia|o__Chitinophagales|f__Saprospiraceae|g__|s__|ASV_10754","February - September","k__Bacteria|p__Bacteroidota|c__Bacteroidia|o__Chitinophagales|f__Saprospiraceae|g__|s__|ASV_10754",0.472094052865498,0.632422384236027,0.406425269344575,0.563439866152704,0.632422384236027,"","ALDEx2_kw"
"k__Bacteria|p__Bacteroidota|c__Bacteroidia|o__Chitinophagales|f__Saprospiraceae|g__|s__|ASV_5038","February - September","k__Bacteria|p__Bacteroidota|c__Bacteroidia|o__Chitinophagales|f__Saprospiraceae|g__|s__|ASV_5038",0.489123414034927,0.648465512842443,0.484727629207692,0.6313741930978,0.648465512842443,"","ALDEx2_kw"
"k__Bacteria|p__Bacteroidota|c__Bacteroidia|o__Cytophagales|f__Cyclobacteriaceae|g__|s__|ASV_12768","February - September","k__Bacteria|p__Bacteroidota|c__Bacteroidia|o__Cytophagales|f__Cyclobacteriaceae|g__|s__|ASV_12768",0.407236202086406,0.578968348098232,0.380729427925922,0.542620294963397,0.578968348098232,"","ALDEx2_kw"
"k__Bacteria|p__Bacteroidota|c__Bacteroidia|o__Cytophagales|f__Cyclobacteriaceae|g__|s__|ASV_8952","February - September","k__Bacteria|p__Bacteroidota|c__Bacteroidia|o__Cytophagales|f__Cyclobacteriaceae|g__|s__|ASV_8952",0.596087088846363,0.739936252327739,0.584595995670745,0.732091867443302,0.739936252327739,"","ALDEx2_kw"
"k__Bacteria|p__Bacteroidota|c__Bacteroidia|o__Flavobacteriales|f__Flavobacteriaceae|g__Marinirhabdus|s__|ASV_7919","February - September","k__Bacteria|p__Bacteroidota|c__Bacteroidia|o__Flavobacteriales|f__Flavobacteriaceae|g__Marinirhabdus|s__|ASV_7919",0.391099538403698,0.5519136213714,0.347535768942687,0.496841283225745,0.5519136213714,"","ALDEx2_kw"
"k__Bacteria|p__Chloroflexota|c__Anaerolineae|o__Anaerolineales|f__Anaerolineaceae|g__|s__|ASV_5166","February - September","k__Bacteria|p__Chloroflexota|c__Anaerolineae|o__Anaerolineales|f__Anaerolineaceae|g__|s__|ASV_5166",0.609972054374814,0.755752785664467,0.607070968135026,0.746238878818681,0.755752785664467,"","ALDEx2_kw"
"k__Bacteria|p__Chloroflexota|c__Anaerolineae|o__Caldilineales|f__Caldilineaceae|g__|s__|ASV_1515","February - September","k__Bacteria|p__Chloroflexota|c__Anaerolineae|o__Caldilineales|f__Caldilineaceae|g__|s__|ASV_1515",0.544398807177093,0.691078841708958,0.525625094988441,0.668161734241526,0.691078841708958,"","ALDEx2_kw"
"k__Bacteria|p__Cyanobacteriota|c__Cyanobacteriia|o__Cyanobacteriales|f__Xenococcaceae|g__Chroococcidiopsis_PCC-6712|s__|ASV_1638","February - September","k__Bacteria|p__Cyanobacteriota|c__Cyanobacteriia|o__Cyanobacteriales|f__Xenococcaceae|g__Chroococcidiopsis_PCC-6712|s__|ASV_1638",0.529154369161261,0.685018743517701,0.572992935781501,0.712417549876085,0.685018743517701,"","ALDEx2_kw"
"k__Bacteria|p__Cyanobacteriota|c__Cyanobacteriia|o__Phormidesmiales|f__Phormidesmiaceae|g__Phormidium_MBIC10003|s__|ASV_5081","February - September","k__Bacteria|p__Cyanobacteriota|c__Cyanobacteriia|o__Phormidesmiales|f__Phormidesmiaceae|g__Phormidium_MBIC10003|s__|ASV_5081",0.602851962508153,0.746683394665072,0.591682756423007,0.734581663058728,0.746683394665072,"","ALDEx2_kw"
"k__Bacteria|p__Pseudomonadota|c__Alphaproteobacteria|o__Caulobacterales|f__Parvularculaceae|g__Parvularcula|s__|ASV_7821","February - September","k__Bacteria|p__Pseudomonadota|c__Alphaproteobacteria|o__Caulobacterales|f__Parvularculaceae|g__Parvularcula|s__|ASV_7821",0.38254566792993,0.572140526582251,0.381442655600562,0.550567035743981,0.572140526582251,"","ALDEx2_kw"
"k__Bacteria|p__Pseudomonadota|c__Alphaproteobacteria|o__Micavibrionales|f__Micavibrionaceae|g__|s__|ASV_14482","February - September","k__Bacteria|p__Pseudomonadota|c__Alphaproteobacteria|o__Micavibrionales|f__Micavibrionaceae|g__|s__|ASV_14482",0.557922754606581,0.712200745602946,0.568609446453387,0.707990723567981,0.712200745602946,"","ALDEx2_kw"
"k__Bacteria|p__Pseudomonadota|c__Alphaproteobacteria|o__Rhodobacterales|f__Paracoccaceae|g__Actibacterium|s__|ASV_14718","February - September","k__Bacteria|p__Pseudomonadota|c__Alphaproteobacteria|o__Rhodobacterales|f__Paracoccaceae|g__Actibacterium|s__|ASV_14718",0.532050893992052,0.687079992312919,0.545563862092691,0.689904250979894,0.687079992312919,"","ALDEx2_kw"
"k__Bacteria|p__Pseudomonadota|c__Alphaproteobacteria|o__Rhodobacterales|f__Paracoccaceae|g__Limibaculum|s__|ASV_5115","February - September","k__Bacteria|p__Pseudomonadota|c__Alphaproteobacteria|o__Rhodobacterales|f__Paracoccaceae|g__Limibaculum|s__|ASV_5115",0.386578388676124,0.564096566377385,0.347364076634328,0.514443349053247,0.564096566377385,"","ALDEx2_kw"
"k__Bacteria|p__Pseudomonadota|c__Alphaproteobacteria|o__Rhodobacterales|f__Paracoccaceae|g__|s__|ASV_4714","February - September","k__Bacteria|p__Pseudomonadota|c__Alphaproteobacteria|o__Rhodobacterales|f__Paracoccaceae|g__|s__|ASV_4714",0.266922461083536,0.446355912281074,0.226655117594423,0.384752703477396,0.446355912281074,"","ALDEx2_kw"
"k__Bacteria|p__Pseudomonadota|c__Gammaproteobacteria|o__Pseudomonadales|f__Cellvibrionaceae|g__Aestuariicella|s__|ASV_12370","February - September","k__Bacteria|p__Pseudomonadota|c__Gammaproteobacteria|o__Pseudomonadales|f__Cellvibrionaceae|g__Aestuariicella|s__|ASV_12370",0.17113984809857,0.339801635898197,0.165043143117533,0.297528535765523,0.339801635898197,"","ALDEx2_kw"
"k__Bacteria|p__Pseudomonadota|c__Gammaproteobacteria|o__Pseudomonadales|f__Halieaceae|g__Pseudohaliea|s__|ASV_15218","February - September","k__Bacteria|p__Pseudomonadota|c__Gammaproteobacteria|o__Pseudomonadales|f__Halieaceae|g__Pseudohaliea|s__|ASV_15218",0.497521089952932,0.664115497852458,0.46779736812582,0.628261626496374,0.664115497852458,"","ALDEx2_kw"
"k__Bacteria|p__Pseudomonadota|c__Gammaproteobacteria|o__Steroidobacterales|f__Woeseiaceae|g__Woeseia|s__|ASV_390","February - September","k__Bacteria|p__Pseudomonadota|c__Gammaproteobacteria|o__Steroidobacterales|f__Woeseiaceae|g__Woeseia|s__|ASV_390",0.554434468458734,0.707843985362412,0.556841768953466,0.697722175056814,0.707843985362412,"","ALDEx2_kw"
"k__Bacteria|p__Thermodesulfobacteriota|c__Desulfobacteria|o__Desulfatiglandales|f__Desulfatiglandaceae|g__Desulfatiglans|s__|ASV_11755","February - September","k__Bacteria|p__Thermodesulfobacteriota|c__Desulfobacteria|o__Desulfatiglandales|f__Desulfatiglandaceae|g__Desulfatiglans|s__|ASV_11755",0.532599611195435,0.681235422929836,0.476161566479356,0.627174331154775,0.681235422929836,"","ALDEx2_kw"
"k__Bacteria|p__Thermodesulfobacteriota|c__Desulfobacteria|o__Desulfatiglandales|f__Desulfatiglandaceae|g__Desulfatiglans|s__|ASV_4118","February - September","k__Bacteria|p__Thermodesulfobacteriota|c__Desulfobacteria|o__Desulfatiglandales|f__Desulfatiglandaceae|g__Desulfatiglans|s__|ASV_4118",0.436753171576692,0.596888441336555,0.405735568518975,0.551853379104722,0.596888441336555,"","ALDEx2_kw"
"k__Bacteria|p__Thermodesulfobacteriota|c__Desulfobacteria|o__Desulfobacterales|f__Desulfosarcinaceae|g__|s__|ASV_12847","February - September","k__Bacteria|p__Thermodesulfobacteriota|c__Desulfobacteria|o__Desulfobacterales|f__Desulfosarcinaceae|g__|s__|ASV_12847",0.371217074336042,0.546182142026212,0.308765466959372,0.464094741758421,0.546182142026212,"","ALDEx2_kw"
