"","Comparison","Taxa","mean.group1.","variance.group1.","std.err.group1.","mean.group2.","variance.group2.","std.err.group2.","pvalue","qvalue","Significance","Group","Method"
"1","ColaDeBallena - EsteroZacatecas","k__Bacteria|p__Pseudomonadota|c__Alphaproteobacteria|o__Hyphomicrobiales|f__Rhizobiaceae|g__Fulvimarina|s__|ASV_6441",0.0277100941132059,0.000249955133118029,0.00456394505077596,0.00686724966338229,5.95243272558524e-05,0.00222718670179542,0.000999000999000999,0.000233850121873466,"***","ColaDeBallena","metastat"
"2","ColaDeBallena - EsteroZacatecas","k__Bacteria|p__Cyanobacteriota|c__Cyanobacteriia|o__Cyanobacteriales|f__Nostocaceae|g__Rivularia_PCC-7116|s__|ASV_8325",0,0,0,0.0271125067395465,0.000708513909563549,0.0076839329641117,0.000999000999000999,0.000233850121873466,"***","EsteroZacatecas","metastat"
"3","ColaDeBallena - EsteroZacatecas","k__Bacteria|p__Cyanobacteriota|c__Cyanobacteriia|o__Cyanobacteriales|f__Nostocaceae|g__Rivularia_PCC-7116|s__|ASV_7535",0,0,0,0.0217272238400821,0.00214916046090272,0.0133827017106123,0.000999000999000999,0.000233850121873466,"***","EsteroZacatecas","metastat"
"4","ColaDeBallena - EsteroZacatecas","k__Bacteria|p__Cyanobacteriota|c__Cyanobacteriia|o__Cyanobacteriales|f__Nostocaceae|g__Rivularia_PCC-7116|s__|ASV_7012",0,0,0,0.013118497756763,6.88023531251356e-05,0.002394478946889,0.000999000999000999,0.000233850121873466,"***","EsteroZacatecas","metastat"
"5","ColaDeBallena - EsteroZacatecas","k__Bacteria|p__Bacteroidota|c__Bacteroidia|o__Flavobacteriales|f__Flavobacteriaceae|g__Gramella|s__|ASV_13670",0,0,0,0.013573257680088,0.00112309394233906,0.0096742525221119,0.000999000999000999,0.000233850121873466,"***","EsteroZacatecas","metastat"
"6","ColaDeBallena - EsteroZacatecas","k__Bacteria|p__Rhodothermota|c__Rhodothermia|o__Rhodothermales|f__Rhodothermaceae|g__|s__|ASV_13236",0.00239047542261654,3.59341300810713e-06,0.000547221238631075,0.00841730640508841,3.46215578257139e-05,0.00169856698979154,0.000999000999000999,0.000233850121873466,"***","EsteroZacatecas","metastat"
"7","ColaDeBallena - EsteroZacatecas","k__Bacteria|p__Actinomycetota|c__Actinobacteria|o__Propionibacteriales|f__Nocardioidaceae|g__Nocardioides|s__|ASV_5509",0.00997925162306211,0.000311905480692075,0.00509824709003068,0,0,0,0.000999000999000999,0.000233850121873466,"***","ColaDeBallena","metastat"
"8","ColaDeBallena - EsteroZacatecas","k__Bacteria|p__Bacteroidota|c__Bacteroidia|o__Chitinophagales|f__Saprospiraceae|g__Lewinella|s__|ASV_10676",0.00843582710227999,7.96663978792262e-05,0.00257659979234951,0.000615654887713076,8.21834668255686e-07,0.000261698724403923,0.000999000999000999,0.000233850121873466,"***","ColaDeBallena","metastat"
"9","ColaDeBallena - EsteroZacatecas","k__Bacteria|p__Bacteroidota|c__Bacteroidia|o__Chitinophagales|f__Saprospiraceae|g__Lewinella|s__|ASV_12828",0.00830166026553494,0.000196100122590926,0.00404248399905023,0.000260379053418035,1.80838655582403e-07,0.000122759471997888,0.000999000999000999,0.000233850121873466,"***","ColaDeBallena","metastat"
"10","ColaDeBallena - EsteroZacatecas","k__Bacteria|p__Actinomycetota|c__Rubrobacteria|o__Rubrobacterales|f__Rubrobacteriaceae|g__Rubrobacter|s__|ASV_16064",0,0,0,0.0087282578196948,9.66546853139923e-05,0.00283805516322346,0.000999000999000999,0.000233850121873466,"***","EsteroZacatecas","metastat"
"11","ColaDeBallena - EsteroZacatecas","k__Bacteria|p__Pseudomonadota|c__Alphaproteobacteria|o__Sphingomonadales|f__Sphingomonadaceae|g__Qipengyuania|s__|ASV_3585",0,0,0,0.00856806713215489,0.000243076571516598,0.00450070893968011,0.000999000999000999,0.000233850121873466,"***","EsteroZacatecas","metastat"
"12","ColaDeBallena - EsteroZacatecas","k__Bacteria|p__Pseudomonadota|c__Gammaproteobacteria|o__Pseudomonadales|f__Marinobacteraceae|g__Marinobacter|s__|ASV_13594",0.00738311138370524,1.32701628285921e-05,0.00105159255530965,0.00181862061896497,3.48393520402247e-06,0.000538820873452893,0.000999000999000999,0.000233850121873466,"***","ColaDeBallena","metastat"
"13","ColaDeBallena - EsteroZacatecas","k__Bacteria|p__Cyanobacteriota|c__Cyanobacteriia|o__Cyanobacteriales|f__Nostocaceae|g__|s__|ASV_4049",0,0,0,0.00751736512017687,6.44283645915205e-05,0.00231711682541617,0.000999000999000999,0.000233850121873466,"***","EsteroZacatecas","metastat"
"14","ColaDeBallena - EsteroZacatecas","k__Bacteria|p__Pseudomonadota|c__Alphaproteobacteria|o__Hyphomicrobiales|f__Rhizobiaceae|g__Fulvimarina|s__|ASV_659",0.00764893575498617,1.52982902536825e-05,0.0011290958866014,0.00125441020826389,1.5781951305173e-06,0.000362651707394907,0.000999000999000999,0.000233850121873466,"***","ColaDeBallena","metastat"
"15","ColaDeBallena - EsteroZacatecas","k__Bacteria|p__Bacteroidota|c__Bacteroidia|o__Flavobacteriales|f__Flavobacteriaceae|g__Gramella|s__|ASV_8981",0,0,0,0.00732825653441262,7.51029612395838e-05,0.00250171543211826,0.000999000999000999,0.000233850121873466,"***","EsteroZacatecas","metastat"
"16","ColaDeBallena - EsteroZacatecas","k__Bacteria|p__Actinomycetota|c__Actinobacteria|o__Nitriliruptorales|f__Nitriliruptoraceae|g__|s__|ASV_9614",0.000943320906441335,2.02065800322361e-06,0.000410351272613234,0.0060805235282699,2.36204893243217e-05,0.0014029875660034,0.000999000999000999,0.000233850121873466,"***","EsteroZacatecas","metastat"
"17","ColaDeBallena - EsteroZacatecas","k__Bacteria|p__Pseudomonadota|c__Alphaproteobacteria|o__Rhodobacterales|f__Paracoccaceae|g__Palleronia-Pseudomaribius|s__|ASV_5775",0.00795484270676719,3.35983374382094e-05,0.00167327865377651,0,0,0,0.000999000999000999,0.000233850121873466,"***","ColaDeBallena","metastat"
"18","ColaDeBallena - EsteroZacatecas","k__Bacteria|p__Cyanobacteriota|c__Cyanobacteriia|o__Cyanobacteriales|f__Nostocaceae|g__Rivularia_PCC-7116|s__|ASV_12448",0,0,0,0.0065327740124445,7.95373837041552e-05,0.00257451263517575,0.000999000999000999,0.000233850121873466,"***","EsteroZacatecas","metastat"
"19","ColaDeBallena - EsteroZacatecas","k__Bacteria|p__Myxococcota|c__Polyangiia|o__Polyangiales|f__Sandaracinaceae|g__|s__|ASV_1096",0.00892661314586083,4.08634282242063e-05,0.00184534161751978,0,0,0,0.000999000999000999,0.000233850121873466,"***","ColaDeBallena","metastat"
"20","ColaDeBallena - EsteroZacatecas","k__Bacteria|p__Bacteroidota|c__Bacteroidia|o__Flavobacteriales|f__Flavobacteriaceae|g__Sufflavibacter|s__|ASV_4707",0.00731171338257028,2.82437392831466e-05,0.00153415935947418,0.000163312331529411,8.43588255678833e-08,8.38445116310957e-05,0.000999000999000999,0.000233850121873466,"***","ColaDeBallena","metastat"
"21","ColaDeBallena - EsteroZacatecas","k__Bacteria|p__Pseudomonadota|c__Alphaproteobacteria|o__Rhodobacterales|f__Paracoccaceae|g__|s__|ASV_14979",0,0,0,0.00556194838530342,2.49225108837113e-05,0.00144113701880701,0.000999000999000999,0.000233850121873466,"***","EsteroZacatecas","metastat"
"22","ColaDeBallena - EsteroZacatecas","k__Bacteria|p__Actinomycetota|c__Actinobacteria|o__Nitriliruptorales|f__Nitriliruptoraceae|g__|s__|ASV_10311",0.00466413860311351,1.53290852820819e-05,0.00113023173442743,0.000481601332294965,4.85012650422651e-07,0.000201041589897599,0.000999000999000999,0.000233850121873466,"***","ColaDeBallena","metastat"
"23","ColaDeBallena - EsteroZacatecas","k__Bacteria|p__Pseudomonadota|c__Alphaproteobacteria|o__Rhodobacterales|f__Paracoccaceae|g__|s__|ASV_10445",0,0,0,0.00463691582494009,1.34343679105356e-05,0.00105807875851059,0.000999000999000999,0.000233850121873466,"***","EsteroZacatecas","metastat"
"24","ColaDeBallena - EsteroZacatecas","k__Bacteria|p__Actinomycetota|c__Rubrobacteria|o__Rubrobacterales|f__Rubrobacteriaceae|g__Rubrobacter|s__|ASV_15130",0,0,0,0.00494437659787648,4.89339788285967e-05,0.00201936414968913,0.000999000999000999,0.000233850121873466,"***","EsteroZacatecas","metastat"
"25","ColaDeBallena - EsteroZacatecas","k__Bacteria|p__Pseudomonadota|c__Alphaproteobacteria|o__|f__Neomegalonemataceae|g__Acuticoccus|s__|ASV_1266",0,0,0,0.00449707051389369,7.88588738576408e-06,0.000810652380584309,0.000999000999000999,0.000233850121873466,"***","EsteroZacatecas","metastat"
"26","ColaDeBallena - EsteroZacatecas","k__Bacteria|p__Bacteroidota|c__Bacteroidia|o__Chitinophagales|f__Saprospiraceae|g__Lewinella|s__|ASV_368",0.00417899208104944,2.65302754928772e-05,0.00148689484869412,0.000300136152536968,2.24562141028321e-07,0.000136797338250275,0.000999000999000999,0.000233850121873466,"***","ColaDeBallena","metastat"
"27","ColaDeBallena - EsteroZacatecas","k__Bacteria|p__Actinomycetota|c__Actinobacteria|o__Nitriliruptorales|f__Nitriliruptoraceae|g__|s__|ASV_13671",0.00470181737810571,2.44876822771662e-05,0.00142850977937284,0,0,0,0.000999000999000999,0.000233850121873466,"***","ColaDeBallena","metastat"
"28","ColaDeBallena - EsteroZacatecas","k__Bacteria|p__Pseudomonadota|c__Gammaproteobacteria|o__Pseudomonadales|f__Cellvibrionaceae|g__|s__|ASV_9855",0.00536979399742877,3.7632898586369e-05,0.00177089663227344,5.60483136463632e-05,3.76969615512132e-08,5.60483136463632e-05,0.000999000999000999,0.000233850121873466,"***","ColaDeBallena","metastat"
"29","ColaDeBallena - EsteroZacatecas","k__Bacteria|p__Cyanobacteriota|c__Cyanobacteriia|o__Cyanobacteriales|f__Xenococcaceae|g__Pleurocapsa_PCC-7319|s__|ASV_696",0,0,0,0.00382087490793406,1.91758676684221e-05,0.00126411588565626,0.000999000999000999,0.000233850121873466,"***","EsteroZacatecas","metastat"
"30","ColaDeBallena - EsteroZacatecas","k__Bacteria|p__Actinomycetota|c__Acidimicrobiia|o__Microtrichales|f__Ilumatobacteraceae|g__Ilumatobacter|s__|ASV_10265",0.000371430922458272,4.38336207398832e-07,0.000191123042261356,0.00366502635977129,5.45181778083479e-06,0.000674031266635977,0.000999000999000999,0.000233850121873466,"***","EsteroZacatecas","metastat"
"31","ColaDeBallena - EsteroZacatecas","k__Bacteria|p__Pseudomonadota|c__Gammaproteobacteria|o__Chromatiales|f__Chromatiaceae|g__Thiohalocapsa|s__|ASV_3220",0,0,0,0.00397279820213917,3.64189481183966e-05,0.00174209998082765,0.000999000999000999,0.000233850121873466,"***","EsteroZacatecas","metastat"
"32","ColaDeBallena - EsteroZacatecas","k__Bacteria|p__Pseudomonadota|c__Alphaproteobacteria|o__Rhodobacterales|f__Paracoccaceae|g__Palleronia-Pseudomaribius|s__|ASV_11540",0,0,0,0.00351631480971122,5.98896278982371e-06,0.00070645610796801,0.000999000999000999,0.000233850121873466,"***","EsteroZacatecas","metastat"
"33","ColaDeBallena - EsteroZacatecas","k__Bacteria|p__Cyanobacteriota|c__Cyanobacteriia|o__Cyanobacteriales|f__Nostocaceae|g__Rivularia_PCC-7116|s__|ASV_13548",0,0,0,0.0037511300368377,0.000158521627569611,0.00363457502753773,0.000999000999000999,0.000233850121873466,"***","EsteroZacatecas","metastat"
"34","ColaDeBallena - EsteroZacatecas","k__Bacteria|p__Pseudomonadota|c__Alphaproteobacteria|o__Sphingomonadales|f__Sphingomonadaceae|g__Sphingomicrobium|s__|ASV_5269",0.000127649989554696,5.32979037282599e-08,6.66445194847633e-05,0.00318969012854912,9.93061838509115e-06,0.000909698594090883,0.000999000999000999,0.000233850121873466,"***","EsteroZacatecas","metastat"
"35","ColaDeBallena - EsteroZacatecas","k__Bacteria|p__Bacteroidota|c__Bacteroidia|o__Chitinophagales|f__Saprospiraceae|g__Lewinella|s__|ASV_6532",0,0,0,0.00349198139634538,5.75386741962803e-05,0.00218972361643124,0.000999000999000999,0.000233850121873466,"***","EsteroZacatecas","metastat"
"36","ColaDeBallena - EsteroZacatecas","k__Bacteria|p__Pseudomonadota|c__Gammaproteobacteria|o__Enterobacterales|f__Pseudoalteromonadaceae|g__Pseudoalteromonas|s__|ASV_6090",0,0,0,0.00294984252417406,3.79846715169397e-05,0.00177915409480975,0.000999000999000999,0.000233850121873466,"***","EsteroZacatecas","metastat"
"37","ColaDeBallena - EsteroZacatecas","k__Bacteria|p__Pseudomonadota|c__Alphaproteobacteria|o__Rhodobacterales|f__Paracoccaceae|g__Palleronia-Pseudomaribius|s__|ASV_12053",0.00381479028194249,2.12923557735774e-05,0.00133205216907276,0,0,0,0.000999000999000999,0.000233850121873466,"***","ColaDeBallena","metastat"
"38","ColaDeBallena - EsteroZacatecas","k__Bacteria|p__Pseudomonadota|c__Alphaproteobacteria|o__Sphingomonadales|f__Sphingomonadaceae|g__Novosphingobium|s__|ASV_15092",0.00356390385639659,2.48903265853775e-06,0.000455433187428715,0.000535547703621786,3.1076495384973e-07,0.000160925695547596,0.000999000999000999,0.000233850121873466,"***","ColaDeBallena","metastat"
"39","ColaDeBallena - EsteroZacatecas","k__Bacteria|p__Pseudomonadota|c__Alphaproteobacteria|o__Rhodobacterales|f__Paracoccaceae|g__Wenxinia|s__|ASV_15944",0.00417089534188763,6.53844762440223e-06,0.000738153531026474,4.65534049708083e-05,2.60066341725129e-08,4.65534049708083e-05,0.000999000999000999,0.000233850121873466,"***","ColaDeBallena","metastat"
"40","ColaDeBallena - EsteroZacatecas","k__Bacteria|p__Pseudomonadota|c__Alphaproteobacteria|o__Sphingomonadales|f__Sphingomonadaceae|g__Aurantiacibacter|s__|ASV_11060",0.00557427273925223,0.000109975305398165,0.00302731048674899,0,0,0,0.000999000999000999,0.000233850121873466,"***","ColaDeBallena","metastat"
"41","ColaDeBallena - EsteroZacatecas","k__Bacteria|p__Bacteroidota|c__Bacteroidia|o__Flavobacteriales|f__Flavobacteriaceae|g__Gramella|s__|ASV_14533",0,0,0,0.00340084959951437,3.65954418054305e-05,0.00174631616566203,0.000999000999000999,0.000233850121873466,"***","EsteroZacatecas","metastat"
"42","ColaDeBallena - EsteroZacatecas","k__Bacteria|p__Actinomycetota|c__Acidimicrobiia|o__Microtrichales|f__Ilumatobacteraceae|g__Ilumatobacter|s__|ASV_9292",0,0,0,0.00265358798318996,8.76726945506864e-06,0.000854754811581887,0.000999000999000999,0.000233850121873466,"***","EsteroZacatecas","metastat"
"43","ColaDeBallena - EsteroZacatecas","k__Bacteria|p__Bacteroidota|c__Bacteroidia|o__Cytophagales|f__Cyclobacteriaceae|g__Fulvivirga|s__|ASV_2236",0.000210526944219209,1.49107713805462e-07,0.000111470367439611,0.0027586759837256,4.95264237633616e-06,0.000642433029994577,0.000999000999000999,0.000233850121873466,"***","EsteroZacatecas","metastat"
"44","ColaDeBallena - EsteroZacatecas","k__Bacteria|p__Pseudomonadota|c__Alphaproteobacteria|o__Rhodobacterales|f__Paracoccaceae|g__Palleronia-Pseudomaribius|s__|ASV_10171",0.00309405362692285,1.39773245457008e-05,0.00107924837061497,0,0,0,0.000999000999000999,0.000233850121873466,"***","ColaDeBallena","metastat"
"45","ColaDeBallena - EsteroZacatecas","k__Bacteria|p__Bacteroidota|c__Bacteroidia|o__Chitinophagales|f__Saprospiraceae|g__|s__|ASV_949",0,0,0,0.00289376830435963,3.43567866285947e-05,0.00169205955934857,0.000999000999000999,0.000233850121873466,"***","EsteroZacatecas","metastat"
"46","ColaDeBallena - EsteroZacatecas","k__Bacteria|p__Pseudomonadota|c__Alphaproteobacteria|o__Sphingomonadales|f__Sphingomonadaceae|g__Pacificimonas|s__|ASV_11209",0.00335904467191633,5.25422761955512e-06,0.000661704089174,0.000422748045569494,2.1465070232532e-07,0.000133744377553264,0.000999000999000999,0.000233850121873466,"***","ColaDeBallena","metastat"
"47","ColaDeBallena - EsteroZacatecas","k__Bacteria|p__Cyanobacteriota|c__Cyanobacteriia|o__Phormidesmiales|f__Phormidesmiaceae|g__Acrophormium_PCC-7375|s__|ASV_6130",0,0,0,0.00280979360092936,2.00058406361458e-05,0.00129118294069643,0.000999000999000999,0.000233850121873466,"***","EsteroZacatecas","metastat"
"48","ColaDeBallena - EsteroZacatecas","k__Bacteria|p__Cyanobacteriota|c__Cyanobacteriia|o__Cyanobacteriales|f__Xenococcaceae|g__Gloeocapsopsis_BDHKU_35101|s__|ASV_16008",0,0,0,0.00267942671785509,5.00223872868573e-05,0.00204169837975759,0.000999000999000999,0.000233850121873466,"***","EsteroZacatecas","metastat"
"49","ColaDeBallena - EsteroZacatecas","k__Bacteria|p__Bacteroidota|c__Bacteroidia|o__Cytophagales|f__Cyclobacteriaceae|g__Tunicatimonas|s__|ASV_7636",0,0,0,0.00280212836248617,5.55758661065982e-06,0.000680538182290299,0.000999000999000999,0.000233850121873466,"***","EsteroZacatecas","metastat"
"50","ColaDeBallena - EsteroZacatecas","k__Bacteria|p__Pseudomonadota|c__Alphaproteobacteria|o__Sphingomonadales|f__Sphingomonadaceae|g__Croceibacterium|s__|ASV_4564",0.00309782939908175,4.86185915434055e-06,0.000636517815562439,0.000413782288366354,3.32674326456131e-07,0.000166501833437386,0.000999000999000999,0.000233850121873466,"***","ColaDeBallena","metastat"
"51","ColaDeBallena - EsteroZacatecas","k__Bacteria|p__Bacteroidota|c__Bacteroidia|o__Cytophagales|f__Cyclobacteriaceae|g__Tunicatimonas|s__|ASV_1480",0,0,0,0.00270225938178012,6.66424548554952e-06,0.000745220632069765,0.000999000999000999,0.000233850121873466,"***","EsteroZacatecas","metastat"
"52","ColaDeBallena - EsteroZacatecas","k__Bacteria|p__Actinomycetota|c__Actinobacteria|o__Nitriliruptorales|f__Nitriliruptoraceae|g__|s__|ASV_3706",0.00265202298674241,1.19291142154517e-05,0.000997042050912417,0.000167321781500835,9.26979125716222e-08,8.78909895702351e-05,0.000999000999000999,0.000233850121873466,"***","ColaDeBallena","metastat"
"53","ColaDeBallena - EsteroZacatecas","k__Bacteria|p__Myxococcota|c__Polyangiia|o__Polyangiales|f__Sandaracinaceae|g__|s__|ASV_14312",0.00394264190433166,4.12535686855015e-05,0.00185412982028186,0,0,0,0.000999000999000999,0.000233850121873466,"***","ColaDeBallena","metastat"
"54","ColaDeBallena - EsteroZacatecas","k__Bacteria|p__Pseudomonadota|c__Alphaproteobacteria|o__Rhodobacterales|f__Paracoccaceae|g__Silicimonas|s__|ASV_15668",0.0001702846545261,1.64575479584713e-07,0.000117109450082929,0.0023118420423056,4.72910790062462e-06,0.00062776773177032,0.000999000999000999,0.000233850121873466,"***","EsteroZacatecas","metastat"
"55","ColaDeBallena - EsteroZacatecas","k__Bacteria|p__Actinomycetota|c__Acidimicrobiia|o__Microtrichales|f__Ilumatobacteraceae|g__Ilumatobacter|s__|ASV_10344",0.00323425961732513,1.03019471525717e-05,0.000926550374263397,0.000424349730110275,3.12003882759098e-07,0.000161246158289921,0.000999000999000999,0.000233850121873466,"***","ColaDeBallena","metastat"
"56","ColaDeBallena - EsteroZacatecas","k__Bacteria|p__Bacteroidota|c__Bacteroidia|o__Cytophagales|f__Cyclobacteriaceae|g__Tunicatimonas|s__|ASV_2727",0,0,0,0.00263480278163352,5.64685946626186e-05,0.00216926628653213,0.000999000999000999,0.000233850121873466,"***","EsteroZacatecas","metastat"
"57","ColaDeBallena - EsteroZacatecas","k__Bacteria|p__Rhodothermota|c__Rhodothermia|o__Rhodothermales|f__Rhodothermaceae|g__Rubrivirga|s__|ASV_4932",3.56570776556294e-05,1.5257126243275e-08,3.56570776556294e-05,0.00248187996077802,2.8427831933266e-06,0.000486722302184606,0.000999000999000999,0.000233850121873466,"***","EsteroZacatecas","metastat"
"58","ColaDeBallena - EsteroZacatecas","k__Bacteria|p__Pseudomonadota|c__Alphaproteobacteria|o__Rhodobacterales|f__Paracoccaceae|g__Actibacterium|s__|ASV_9665",0,0,0,0.0025878090235442,2.23842772596678e-06,0.000431897723808039,0.000999000999000999,0.000233850121873466,"***","EsteroZacatecas","metastat"
"59","ColaDeBallena - EsteroZacatecas","k__Bacteria|p__Bacteroidota|c__Bacteroidia|o__Cytophagales|f__Cyclobacteriaceae|g__Tunicatimonas|s__|ASV_8388",0,0,0,0.00255429600263218,9.51934626668405e-06,0.000890662032174385,0.000999000999000999,0.000233850121873466,"***","EsteroZacatecas","metastat"
"60","ColaDeBallena - EsteroZacatecas","k__Bacteria|p__Bacteroidota|c__Bacteroidia|o__Chitinophagales|f__Saprospiraceae|g__Lewinella|s__|ASV_3307",0,0,0,0.00252890415622083,2.6193571998537e-05,0.00147742941169612,0.000999000999000999,0.000233850121873466,"***","EsteroZacatecas","metastat"
"61","ColaDeBallena - EsteroZacatecas","k__Bacteria|p__Pseudomonadota|c__Alphaproteobacteria|o__Sphingomonadales|f__Sphingomonadaceae|g__Qipengyuania|s__|ASV_13211",0,0,0,0.00271184139725894,6.03742616033392e-06,0.000709308710431849,0.000999000999000999,0.000233850121873466,"***","EsteroZacatecas","metastat"
"62","ColaDeBallena - EsteroZacatecas","k__Bacteria|p__Bacteroidota|c__Bacteroidia|o__Cytophagales|f__Cyclobacteriaceae|g__Tunicatimonas|s__|ASV_8500",0.00326155980785772,5.89665183140733e-06,0.0007009904796909,4.17303603746069e-05,2.08970757239347e-08,4.17303603746069e-05,0.000999000999000999,0.000233850121873466,"***","ColaDeBallena","metastat"
"63","ColaDeBallena - EsteroZacatecas","k__Bacteria|p__Actinomycetota|c__Actinobacteria|o__Propionibacteriales|f__Nocardioidaceae|g__Nocardioides|s__|ASV_13532",0.00277457847708447,9.48562506550155e-06,0.000889083098173878,0,0,0,0.000999000999000999,0.000233850121873466,"***","ColaDeBallena","metastat"
"64","ColaDeBallena - EsteroZacatecas","k__Bacteria|p__Bacteroidota|c__Bacteroidia|o__Chitinophagales|f__Saprospiraceae|g__Lewinella|s__|ASV_5784",0,0,0,0.001937184887508,2.63344132962119e-05,0.00148139611223703,0.000999000999000999,0.000233850121873466,"***","EsteroZacatecas","metastat"
"65","ColaDeBallena - EsteroZacatecas","k__Bacteria|p__Bacteroidota|c__Bacteroidia|o__Flavobacteriales|f__Flavobacteriaceae|g__Muricauda|s__|ASV_9281",0,0,0,0.00249893280338241,1.71635130233335e-05,0.00119594847378324,0.000999000999000999,0.000233850121873466,"***","EsteroZacatecas","metastat"
"66","ColaDeBallena - EsteroZacatecas","k__Bacteria|p__Bacteroidota|c__Bacteroidia|o__Cytophagales|f__Cyclobacteriaceae|g__Tunicatimonas|s__|ASV_213",0,0,0,0.00208121135307762,7.04753738635838e-06,0.000766351604811089,0.000999000999000999,0.000233850121873466,"***","EsteroZacatecas","metastat"
"67","ColaDeBallena - EsteroZacatecas","k__Bacteria|p__Bacteroidota|c__Bacteroidia|o__Chitinophagales|f__Saprospiraceae|g__Lewinella|s__|ASV_4316",0,0,0,0.0020109491017137,9.2590557148511e-06,0.0008784008061458,0.000999000999000999,0.000233850121873466,"***","EsteroZacatecas","metastat"
"68","ColaDeBallena - EsteroZacatecas","k__Bacteria|p__Bacteroidota|c__Bacteroidia|o__Flavobacteriales|f__Blattabacteriaceae|g__Candidatus_Uzinura|s__|ASV_7089",0.00267011270858051,4.17222935411974e-05,0.00186463342110448,0,0,0,0.000999000999000999,0.000233850121873466,"***","ColaDeBallena","metastat"
"69","ColaDeBallena - EsteroZacatecas","k__Bacteria|p__Pseudomonadota|c__Alphaproteobacteria|o__Hyphomicrobiales|f__Rhizobiaceae|g__Roseitalea|s__|ASV_2998",0,0,0,0.00198711500906291,9.19791782220434e-06,0.000875495946221547,0.000999000999000999,0.000233850121873466,"***","EsteroZacatecas","metastat"
"70","ColaDeBallena - EsteroZacatecas","k__Bacteria|p__Pseudomonadota|c__Alphaproteobacteria|o__Sphingomonadales|f__Sphingomonadaceae|g__Sphingomicrobium|s__|ASV_1202",0,0,0,0.00240520169801772,3.03284554885107e-05,0.00158977082961955,0.000999000999000999,0.000233850121873466,"***","EsteroZacatecas","metastat"
"71","ColaDeBallena - EsteroZacatecas","k__Bacteria|p__Cyanobacteriota|c__Cyanobacteriia|o__Cyanobacteriales|f__Phormidiaceae|g__Arthrospira_PCC-7345|s__|ASV_8114",0,0,0,0.00234677762131837,2.73043142488214e-05,0.00150842948815486,0.000999000999000999,0.000233850121873466,"***","EsteroZacatecas","metastat"
"72","ColaDeBallena - EsteroZacatecas","k__Bacteria|p__Pseudomonadota|c__Alphaproteobacteria|o__Sphingomonadales|f__Sphingomonadaceae|g__Croceibacterium|s__|ASV_4092",0.00259703251570239,5.86362985231423e-06,0.000699024907300295,0,0,0,0.000999000999000999,0.000233850121873466,"***","ColaDeBallena","metastat"
"73","ColaDeBallena - EsteroZacatecas","k__Bacteria|p__Pseudomonadota|c__Alphaproteobacteria|o__Sphingomonadales|f__Sphingomonadaceae|g__Qipengyuania|s__|ASV_13971",0,0,0,0.00193909724996353,9.19215075961403e-06,0.000875221436723969,0.000999000999000999,0.000233850121873466,"***","EsteroZacatecas","metastat"
"74","ColaDeBallena - EsteroZacatecas","k__Bacteria|p__Pseudomonadota|c__Alphaproteobacteria|o__Rhodobacterales|f__Paracoccaceae|g__Actibacterium|s__|ASV_137",0,0,0,0.00231240415417324,3.53217672403554e-06,0.000542538533503654,0.000999000999000999,0.000233850121873466,"***","EsteroZacatecas","metastat"
"75","ColaDeBallena - EsteroZacatecas","k__Bacteria|p__Pseudomonadota|c__Gammaproteobacteria|o__Enterobacterales|f__Alteromonadaceae|g__Alteromonas|s__|ASV_12422",0,0,0,0.00238597365951309,2.52628759077872e-05,0.00145094440244355,0.000999000999000999,0.000233850121873466,"***","EsteroZacatecas","metastat"
"76","ColaDeBallena - EsteroZacatecas","k__Bacteria|p__Pseudomonadota|c__Alphaproteobacteria|o__Rhodobacterales|f__Paracoccaceae|g__Palleronia-Pseudomaribius|s__|ASV_3213",0.00232138668923695,7.19861780451072e-06,0.000774522315393533,0,0,0,0.000999000999000999,0.000233850121873466,"***","ColaDeBallena","metastat"
"77","ColaDeBallena - EsteroZacatecas","k__Bacteria|p__Actinomycetota|c__Actinobacteria|o__Nitriliruptorales|f__Nitriliruptoraceae|g__|s__|ASV_3062",0.00286159653586918,9.08696856345753e-06,0.000870199620942303,0,0,0,0.000999000999000999,0.000233850121873466,"***","ColaDeBallena","metastat"
"78","ColaDeBallena - EsteroZacatecas","k__Bacteria|p__Pseudomonadota|c__Alphaproteobacteria|o__Sphingomonadales|f__Sphingomonadaceae|g__|s__|ASV_4279",0,0,0,0.00230182053646145,1.34347645809356e-05,0.00105809437909762,0.000999000999000999,0.000233850121873466,"***","EsteroZacatecas","metastat"
"79","ColaDeBallena - EsteroZacatecas","k__Bacteria|p__Actinomycetota|c__Actinobacteria|o__Nitriliruptorales|f__Nitriliruptoraceae|g__|s__|ASV_13617",0.0022096463724175,9.32129049942718e-06,0.000881347949612182,0,0,0,0.000999000999000999,0.000233850121873466,"***","ColaDeBallena","metastat"
"80","ColaDeBallena - EsteroZacatecas","k__Bacteria|p__Chloroflexota|c__Anaerolineae|o__Aggregatilineales|f__A4b|g__|s__|ASV_9233",0,0,0,0.00176386202225087,1.13569171471405e-05,0.00097283593799865,0.000999000999000999,0.000233850121873466,"***","EsteroZacatecas","metastat"
"81","ColaDeBallena - EsteroZacatecas","k__Bacteria|p__Bacteroidota|c__Bacteroidia|o__Flavobacteriales|f__Flavobacteriaceae|g__|s__|ASV_15493",0,0,0,0.00221140223394646,1.34490054141439e-05,0.00105865501990906,0.000999000999000999,0.000233850121873466,"***","EsteroZacatecas","metastat"
"82","ColaDeBallena - EsteroZacatecas","k__Bacteria|p__Pseudomonadota|c__Alphaproteobacteria|o__Rhodobacterales|f__Paracoccaceae|g__|s__|ASV_8835",0.00293014912804559,1.06011712529884e-05,0.000939910068968855,0,0,0,0.000999000999000999,0.000233850121873466,"***","ColaDeBallena","metastat"
"83","ColaDeBallena - EsteroZacatecas","k__Bacteria|p__Cyanobacteriota|c__Cyanobacteriia|o__Phormidesmiales|f__Phormidesmiaceae|g__Acrophormium_PCC-7375|s__|ASV_5093",0,0,0,0.00207190851538093,2.80587360555254e-05,0.00152912654957891,0.000999000999000999,0.000233850121873466,"***","EsteroZacatecas","metastat"
"84","ColaDeBallena - EsteroZacatecas","k__Bacteria|p__Pseudomonadota|c__Alphaproteobacteria|o__Sphingomonadales|f__Sphingomonadaceae|g__Qipengyuania|s__|ASV_11943",0,0,0,0.00168734599189782,1.68778328691838e-05,0.00118595365526313,0.000999000999000999,0.000233850121873466,"***","EsteroZacatecas","metastat"
"85","ColaDeBallena - EsteroZacatecas","k__Bacteria|p__Bacteroidota|c__Bacteroidia|o__Flavobacteriales|f__Flavobacteriaceae|g__Hoppeia|s__|ASV_3834",0,0,0,0.00198700129492221,7.05644207083357e-06,0.000766835601179373,0.000999000999000999,0.000233850121873466,"***","EsteroZacatecas","metastat"
"86","ColaDeBallena - EsteroZacatecas","k__Bacteria|p__Pseudomonadota|c__Alphaproteobacteria|o__Hyphomicrobiales|f__Rhizobiaceae|g__|s__|ASV_14696",0,0,0,0.0021612568920356,9.57308447240411e-06,0.00089317245779693,0.000999000999000999,0.000233850121873466,"***","EsteroZacatecas","metastat"
"87","ColaDeBallena - EsteroZacatecas","k__Bacteria|p__Bacteroidota|c__Bacteroidia|o__Bacteroidales|f__Prolixibacteraceae|g__|s__|ASV_5304",0.00373214010616449,2.15280028504702e-05,0.0013394029406938,0,0,0,0.000999000999000999,0.000233850121873466,"***","ColaDeBallena","metastat"
"88","ColaDeBallena - EsteroZacatecas","k__Bacteria|p__Bacteroidota|c__Bacteroidia|o__Chitinophagales|f__Saprospiraceae|g__Lewinella|s__|ASV_15291",0,0,0,0.00196352822694917,1.25749221556561e-05,0.00102367484077612,0.000999000999000999,0.000233850121873466,"***","EsteroZacatecas","metastat"
"89","ColaDeBallena - EsteroZacatecas","k__Bacteria|p__Cyanobacteriota|c__Cyanobacteriia|o__Cyanobacteriales|f__Xenococcaceae|g__Pleurocapsa_PCC-7319|s__|ASV_1466",0,0,0,0.00154428755159842,7.16440216562838e-06,0.000772679437931647,0.000999000999000999,0.000233850121873466,"***","EsteroZacatecas","metastat"
"90","ColaDeBallena - EsteroZacatecas","k__Bacteria|p__Pseudomonadota|c__Gammaproteobacteria|o__Pseudomonadales|f__Cellvibrionaceae|g__|s__|ASV_7471",0.0026304044397728,5.27223536964231e-06,0.000662837044431127,6.83575592523324e-05,5.60730708832336e-08,6.83575592523324e-05,0.000999000999000999,0.000233850121873466,"***","ColaDeBallena","metastat"
"91","ColaDeBallena - EsteroZacatecas","k__Bacteria|p__Actinomycetota|c__Actinobacteria|o__Propionibacteriales|f__Nocardioidaceae|g__Nocardioides|s__|ASV_12135",0.00265306749515055,1.24974367097104e-05,0.00102051607490648,0,0,0,0.000999000999000999,0.000233850121873466,"***","ColaDeBallena","metastat"
"92","ColaDeBallena - EsteroZacatecas","k__Bacteria|p__Pseudomonadota|c__Alphaproteobacteria|o__Rhodobacterales|f__Paracoccaceae|g__|s__|ASV_67",0.00303928043718422,6.22390176113825e-06,0.000720179477696257,0,0,0,0.000999000999000999,0.000233850121873466,"***","ColaDeBallena","metastat"
"93","ColaDeBallena - EsteroZacatecas","k__Bacteria|p__Rhodothermota|c__Rhodothermia|o__Rhodothermales|f__Rhodothermaceae|g__Rubrivirga|s__|ASV_11931",0.00208589782083879,1.89042754804492e-06,0.000396907582446774,0,0,0,0.000999000999000999,0.000233850121873466,"***","ColaDeBallena","metastat"
"94","ColaDeBallena - EsteroZacatecas","k__Bacteria|p__Bacteroidota|c__Bacteroidia|o__Flavobacteriales|f__Flavobacteriaceae|g__|s__|ASV_8714",0,0,0,0.00188645219134269,1.95206289072844e-05,0.00127542897709243,0.000999000999000999,0.000233850121873466,"***","EsteroZacatecas","metastat"
"95","ColaDeBallena - EsteroZacatecas","k__Bacteria|p__Pseudomonadota|c__Alphaproteobacteria|o__Rhodobacterales|f__Paracoccaceae|g__|s__|ASV_1133",0,0,0,0.00189515213432822,8.39350760847963e-06,0.000836336635197396,0.000999000999000999,0.000233850121873466,"***","EsteroZacatecas","metastat"
"96","ColaDeBallena - EsteroZacatecas","k__Bacteria|p__Pseudomonadota|c__Alphaproteobacteria|o__Rhodobacterales|f__Paracoccaceae|g__|s__|ASV_12846",0.00298906783059351,1.01468174175444e-05,0.00091954777914402,0,0,0,0.000999000999000999,0.000233850121873466,"***","ColaDeBallena","metastat"
"97","ColaDeBallena - EsteroZacatecas","k__Bacteria|p__Bacteroidota|c__Bacteroidia|o__Flavobacteriales|f__Flavobacteriaceae|g__Robiginitalea|s__|ASV_15498",9.94613783816869e-05,1.18710789475021e-07,9.94613783816869e-05,0.00178657578390017,3.32847215905212e-06,0.000526661826906992,0.000999000999000999,0.000233850121873466,"***","EsteroZacatecas","metastat"
"98","ColaDeBallena - EsteroZacatecas","k__Bacteria|p__Rhodothermota|c__Rhodothermia|o__Rhodothermales|f__Rhodothermaceae|g__Rubrivirga|s__|ASV_11245",0.00179119111550423,8.55364928354159e-06,0.00084427726900693,0,0,0,0.000999000999000999,0.000233850121873466,"***","ColaDeBallena","metastat"
"99","ColaDeBallena - EsteroZacatecas","k__Bacteria|p__Bacteroidota|c__Bacteroidia|o__Flavobacteriales|f__Flavobacteriaceae|g__|s__|ASV_13815",0.000255758266051081,1.77613928179779e-07,0.000121660020884629,0.00151837800301788,1.17887323472702e-06,0.000313431709032848,0.000999000999000999,0.000233850121873466,"***","EsteroZacatecas","metastat"
"100","ColaDeBallena - EsteroZacatecas","k__Bacteria|p__Pseudomonadota|c__Alphaproteobacteria|o__Sphingomonadales|f__Sphingomonadaceae|g__|s__|ASV_8288",0.00188709444564929,2.52230550274972e-07,0.000144980041808913,0.000319564715464352,2.01760958832015e-07,0.00012966654632557,0.000999000999000999,0.000233850121873466,"***","ColaDeBallena","metastat"
"101","ColaDeBallena - EsteroZacatecas","k__Bacteria|p__Pseudomonadota|c__Alphaproteobacteria|o__Sphingomonadales|f__Sphingomonadaceae|g__|s__|ASV_14461",0,0,0,0.00141176733653168,4.9574939387096e-06,0.000642747613680881,0.000999000999000999,0.000233850121873466,"***","EsteroZacatecas","metastat"
"102","ColaDeBallena - EsteroZacatecas","k__Bacteria|p__Actinomycetota|c__Actinobacteria|o__Euzebyales|f__Euzebyaceae|g__|s__|ASV_8234",0.00176220292540664,4.79304263942014e-06,0.000631997009448366,0,0,0,0.000999000999000999,0.000233850121873466,"***","ColaDeBallena","metastat"
"103","ColaDeBallena - EsteroZacatecas","k__Bacteria|p__Bacteroidota|c__Bacteroidia|o__Flavobacteriales|f__Flavobacteriaceae|g__Gramella|s__|ASV_3911",0.00252931774112012,3.35874240776157e-06,0.000529051226864467,8.85582713425434e-05,9.41108090781545e-08,8.85582713425434e-05,0.000999000999000999,0.000233850121873466,"***","ColaDeBallena","metastat"
"104","ColaDeBallena - EsteroZacatecas","k__Bacteria|p__Pseudomonadota|c__Gammaproteobacteria|o__Enterobacterales|f__Alteromonadaceae|g__Aestuariibacter|s__|ASV_8460",0,0,0,0.0018860725022217,3.70205366573504e-05,0.00175642953785396,0.000999000999000999,0.000233850121873466,"***","EsteroZacatecas","metastat"
"105","ColaDeBallena - EsteroZacatecas","k__Bacteria|p__Rhodothermota|c__Rhodothermia|o__Rhodothermales|f__Rhodothermaceae|g__Rubrivirga|s__|ASV_8252",0,0,0,0.00150878736785975,1.61982556163043e-06,0.000367403679172109,0.000999000999000999,0.000233850121873466,"***","EsteroZacatecas","metastat"
"106","ColaDeBallena - EsteroZacatecas","k__Bacteria|p__Actinomycetota|c__Actinobacteria|o__Euzebyales|f__Euzebyaceae|g__|s__|ASV_10669",0,0,0,0.00130898447716576,7.99099149425041e-06,0.000816036738054238,0.000999000999000999,0.000233850121873466,"***","EsteroZacatecas","metastat"
"107","ColaDeBallena - EsteroZacatecas","k__Bacteria|p__Pseudomonadota|c__Gammaproteobacteria|o__Steroidobacterales|f__Woeseiaceae|g__Woeseia|s__|ASV_6320",0,0,0,0.0017050157339279,2.6728798386671e-06,0.000471953373285531,0.000999000999000999,0.000233850121873466,"***","EsteroZacatecas","metastat"
"108","ColaDeBallena - EsteroZacatecas","k__Bacteria|p__Thermodesulfobacteriota|c__Desulfobacteria|o__Desulfobacterales|f__Desulfosarcinaceae|g__|s__|ASV_2528",0.00294898923078843,1.01772382025654e-05,0.000920925178039518,0,0,0,0.000999000999000999,0.000233850121873466,"***","ColaDeBallena","metastat"
"109","ColaDeBallena - EsteroZacatecas","k__Bacteria|p__Actinomycetota|c__Acidimicrobiia|o__Microtrichales|f__Ilumatobacteraceae|g__Ilumatobacter|s__|ASV_2967",0.00265999116214073,2.26243322473979e-05,0.00137308449143397,0,0,0,0.000999000999000999,0.000233850121873466,"***","ColaDeBallena","metastat"
"110","ColaDeBallena - EsteroZacatecas","k__Bacteria|p__Bacteroidota|c__Bacteroidia|o__Cytophagales|f__Cyclobacteriaceae|g__Tunicatimonas|s__|ASV_745",0,0,0,0.00173941042698514,5.45360601307725e-06,0.00067414180092651,0.000999000999000999,0.000233850121873466,"***","EsteroZacatecas","metastat"
"111","ColaDeBallena - EsteroZacatecas","k__Bacteria|p__Thermodesulfobacteriota|c__Desulfobulbia|o__Desulfobulbales|f__Desulfobulbaceae|g__Candidatus_Electrothrix|s__|ASV_11661",0.00289302425909212,5.04213523101378e-05,0.00204982422641019,0,0,0,0.000999000999000999,0.000233850121873466,"***","ColaDeBallena","metastat"
"112","ColaDeBallena - EsteroZacatecas","k__Bacteria|p__Pseudomonadota|c__Alphaproteobacteria|o__Sphingomonadales|f__Sphingomonadaceae|g__|s__|ASV_11464",0.00266682472176023,1.6374538016391e-05,0.00116813733554717,0,0,0,0.000999000999000999,0.000233850121873466,"***","ColaDeBallena","metastat"
"113","ColaDeBallena - EsteroZacatecas","k__Bacteria|p__Cyanobacteriota|c__Cyanobacteriia|o__Cyanobacteriales|f__Xenococcaceae|g__Myxosarcina_GI1|s__|ASV_3786",0.00213598542917738,2.01252602980066e-06,0.000409524727560361,0,0,0,0.000999000999000999,0.000233850121873466,"***","ColaDeBallena","metastat"
"114","ColaDeBallena - EsteroZacatecas","k__Bacteria|p__Bacteroidota|c__Bacteroidia|o__Chitinophagales|f__Saprospiraceae|g__Lewinella|s__|ASV_12600",0,0,0,0.00162256570090222,3.84607639022005e-06,0.000566132816441222,0.000999000999000999,0.000233850121873466,"***","EsteroZacatecas","metastat"
"115","ColaDeBallena - EsteroZacatecas","k__Bacteria|p__Bacteroidota|c__Bacteroidia|o__Flavobacteriales|f__Flavobacteriaceae|g__|s__|ASV_6936",0.00285519513318936,2.78922755362688e-05,0.00152458397429891,0,0,0,0.000999000999000999,0.000233850121873466,"***","ColaDeBallena","metastat"
"116","ColaDeBallena - EsteroZacatecas","k__Bacteria|p__Bacteroidota|c__Bacteroidia|o__Cytophagales|f__Cyclobacteriaceae|g__Tunicatimonas|s__|ASV_15997",6.66538691237949e-05,5.33128592300638e-08,6.66538691237949e-05,0.00152811079342321,1.10723606490367e-06,0.000303759233728468,0.000999000999000999,0.000233850121873466,"***","EsteroZacatecas","metastat"
"117","ColaDeBallena - EsteroZacatecas","k__Bacteria|p__Thermodesulfobacteriota|c__Desulfobulbia|o__Desulfobulbales|f__Desulfobulbaceae|g__|s__|ASV_9756",0.00295773201018189,2.53046589899988e-05,0.00145214378850715,0,0,0,0.000999000999000999,0.000233850121873466,"***","ColaDeBallena","metastat"
"118","ColaDeBallena - EsteroZacatecas","k__Bacteria|p__Bacteroidota|c__Bacteroidia|o__Flavobacteriales|f__Flavobacteriaceae|g__|s__|ASV_11133",0.000166235579002267,3.54001338206474e-08,5.43140051158135e-05,0.00134062840388228,6.61785018763647e-07,0.000234837713248186,0.000999000999000999,0.000233850121873466,"***","EsteroZacatecas","metastat"
"119","ColaDeBallena - EsteroZacatecas","k__Bacteria|p__Bacteroidota|c__Bacteroidia|o__Flavobacteriales|f__Flavobacteriaceae|g__Nonlabens|s__|ASV_13962",0,0,0,0.00151109041473272,2.31174925450441e-06,0.000438914309642213,0.000999000999000999,0.000233850121873466,"***","EsteroZacatecas","metastat"
"120","ColaDeBallena - EsteroZacatecas","k__Bacteria|p__Pseudomonadota|c__Alphaproteobacteria|o__Kiloniellales|f__Kiloniellaceae|g__|s__|ASV_13619",0,0,0,0.00147285424923056,5.47207845100689e-06,0.000675282561291129,0.000999000999000999,0.000233850121873466,"***","EsteroZacatecas","metastat"
"121","ColaDeBallena - EsteroZacatecas","k__Bacteria|p__Myxococcota|c__Polyangiia|o__Polyangiales|f__Sandaracinaceae|g__|s__|ASV_15934",0.00221755463463754,8.03239326894156e-06,0.000818147973012908,0,0,0,0.000999000999000999,0.000233850121873466,"***","ColaDeBallena","metastat"
"122","ColaDeBallena - EsteroZacatecas","k__Bacteria|p__Actinomycetota|c__Actinobacteria|o__Mycobacteriales|f__Mycobacteriaceae|g__Mycobacterium|s__|ASV_13526",0,0,0,0.00202001903876237,4.08155159550906e-05,0.00184425947096864,0.000999000999000999,0.000233850121873466,"***","EsteroZacatecas","metastat"
"123","ColaDeBallena - EsteroZacatecas","k__Bacteria|p__Bacteroidota|c__Bacteroidia|o__Cytophagales|f__Cyclobacteriaceae|g__Fulvivirga|s__|ASV_8492",0,0,0,0.00166071872876975,3.34942518263484e-06,0.000528316917408074,0.000999000999000999,0.000233850121873466,"***","EsteroZacatecas","metastat"
"124","ColaDeBallena - EsteroZacatecas","k__Bacteria|p__Bacteroidota|c__Bacteroidia|o__Flavobacteriales|f__Flavobacteriaceae|g__Hoppeia|s__|ASV_1103",0,0,0,0.00141167456239703,9.8812950953111e-06,0.000907436641282791,0.000999000999000999,0.000233850121873466,"***","EsteroZacatecas","metastat"
"125","ColaDeBallena - EsteroZacatecas","k__Bacteria|p__Pseudomonadota|c__Alphaproteobacteria|o__|f__Neomegalonemataceae|g__Acuticoccus|s__|ASV_8326",0.00139282485657666,1.11602863012881e-06,0.0003049629253599,0.000130951039592977,1.21495802870681e-07,0.000100621320997209,0.000999000999000999,0.000233850121873466,"***","ColaDeBallena","metastat"
"126","ColaDeBallena - EsteroZacatecas","k__Bacteria|p__Bacteroidota|c__Bacteroidia|o__Cytophagales|f__Flammeovirgaceae|g__|s__|ASV_15816",0,0,0,0.00130074481457743,2.43986665429185e-06,0.000450912653615961,0.000999000999000999,0.000233850121873466,"***","EsteroZacatecas","metastat"
"127","ColaDeBallena - EsteroZacatecas","k__Bacteria|p__Rhodothermota|c__Rhodothermia|o__Rhodothermales|f__Rhodothermaceae|g__Rubrivirga|s__|ASV_571",0.00143891461633624,3.44487072147862e-06,0.000535791526737049,0,0,0,0.000999000999000999,0.000233850121873466,"***","ColaDeBallena","metastat"
"128","ColaDeBallena - EsteroZacatecas","k__Bacteria|p__Pseudomonadota|c__Alphaproteobacteria|o__Rhodobacterales|f__Paracoccaceae|g__Tropicimonas-Psychromarinibacter|s__|ASV_11169",0,0,0,0.00119571436390869,2.62130553364607e-06,0.00046737792823778,0.000999000999000999,0.000233850121873466,"***","EsteroZacatecas","metastat"
"129","ColaDeBallena - EsteroZacatecas","k__Bacteria|p__Bacteroidota|c__Bacteroidia|o__Cytophagales|f__Cyclobacteriaceae|g__Tunicatimonas|s__|ASV_10332",0.00144291054237375,1.35662561819971e-06,0.00033623226324964,0.000110761599738587,4.18553476728054e-08,5.90588320185935e-05,0.000999000999000999,0.000233850121873466,"***","ColaDeBallena","metastat"
"130","ColaDeBallena - EsteroZacatecas","k__Bacteria|p__Cyanobacteriota|c__Cyanobacteriia|o__Cyanobacteriales|f__Nostocaceae|g__Rivularia_PCC-7116|s__|ASV_3099",0,0,0,0.00155289191460748,1.59907174609828e-05,0.0011543655350084,0.000999000999000999,0.000233850121873466,"***","EsteroZacatecas","metastat"
"131","ColaDeBallena - EsteroZacatecas","k__Bacteria|p__Rhodothermota|c__Rhodothermia|o__Rhodothermales|f__Rhodothermaceae|g__|s__|ASV_12493",0,0,0,0.00105483446479244,5.61741128570664e-06,0.000684191206565986,0.000999000999000999,0.000233850121873466,"***","EsteroZacatecas","metastat"
"132","ColaDeBallena - EsteroZacatecas","k__Bacteria|p__Bacteroidota|c__Bacteroidia|o__Cytophagales|f__Cyclobacteriaceae|g__Tunicatimonas|s__|ASV_15977",0,0,0,0.00142493858449411,7.20220396799413e-06,0.000774715214772183,0.000999000999000999,0.000233850121873466,"***","EsteroZacatecas","metastat"
"133","ColaDeBallena - EsteroZacatecas","k__Bacteria|p__Pseudomonadota|c__Alphaproteobacteria|o__|f__Neomegalonemataceae|g__Acuticoccus|s__|ASV_4242",0,0,0,0.0013585470472251,5.26159314755781e-06,0.000662167724696559,0.000999000999000999,0.000233850121873466,"***","EsteroZacatecas","metastat"
"134","ColaDeBallena - EsteroZacatecas","k__Bacteria|p__Rhodothermota|c__Rhodothermia|o__Rhodothermales|f__Rhodothermaceae|g__Rubrivirga|s__|ASV_11592",0.00146982508189969,2.39005309506021e-06,0.000446285885117396,7.87112347169019e-05,7.43455016479107e-08,7.87112347169019e-05,0.000999000999000999,0.000233850121873466,"***","ColaDeBallena","metastat"
"135","ColaDeBallena - EsteroZacatecas","k__Bacteria|p__Myxococcota|c__Polyangiia|o__Polyangiales|f__Sandaracinaceae|g__|s__|ASV_13049",0.00192208830988458,4.04455901015382e-05,0.00183588285078184,0,0,0,0.000999000999000999,0.000233850121873466,"***","ColaDeBallena","metastat"
"136","ColaDeBallena - EsteroZacatecas","k__Bacteria|p__Verrucomicrobiota|c__Verrucomicrobiia|o__Verrucomicrobiales|f__Rubritaleaceae|g__Haloferula|s__|ASV_4595",0,0,0,0.00153890186947718,1.45270799246643e-05,0.00110026814628164,0.000999000999000999,0.000233850121873466,"***","EsteroZacatecas","metastat"
"137","ColaDeBallena - EsteroZacatecas","k__Bacteria|p__Cyanobacteriota|c__Cyanobacteriia|o__Cyanobacteriales|f__Xenococcaceae|g__Myxosarcina_GI1|s__|ASV_7756",0,0,0,0.00133608533843434,3.6930649216969e-06,0.00055475707308822,0.000999000999000999,0.000233850121873466,"***","EsteroZacatecas","metastat"
"138","ColaDeBallena - EsteroZacatecas","k__Bacteria|p__Actinomycetota|c__Thermoleophilia|o__Solirubrobacterales|f__Solirubrobacteraceae|g__Patulibacter|s__|ASV_9925",0,0,0,0.00146492280217584,9.15260366736787e-06,0.000873336688958305,0.000999000999000999,0.000233850121873466,"***","EsteroZacatecas","metastat"
"139","ColaDeBallena - EsteroZacatecas","k__Bacteria|p__Actinomycetota|c__Actinobacteria|o__Nitriliruptorales|f__Nitriliruptoraceae|g__|s__|ASV_3378",0.00156335003254786,2.29822256608553e-06,0.000437628320808645,0.000131574623868017,6.37669881737415e-08,7.28966095312061e-05,0.000999000999000999,0.000233850121873466,"***","ColaDeBallena","metastat"
"140","ColaDeBallena - EsteroZacatecas","k__Bacteria|p__Bacillota|c__Bacilli|o__Bacillales|f__Bacillaceae|g__Rossellomorea|s__|ASV_4044",0,0,0,0.00119657156825005,1.64289365134114e-05,0.0011700760841861,0.000999000999000999,0.000233850121873466,"***","EsteroZacatecas","metastat"
"141","ColaDeBallena - EsteroZacatecas","k__Bacteria|p__Pseudomonadota|c__Gammaproteobacteria|o__Chromatiales|f__Chromatiaceae|g__Thiophaeococcus|s__|ASV_12238",0.00289795002872315,8.12893238086706e-05,0.00260271210804983,0,0,0,0.000999000999000999,0.000233850121873466,"***","ColaDeBallena","metastat"
"142","ColaDeBallena - EsteroZacatecas","k__Bacteria|p__Bacteroidota|c__Bacteroidia|o__Cytophagales|f__Cyclobacteriaceae|g__Fulvivirga|s__|ASV_7283",0,0,0,0.00138946205120236,2.00611802993829e-06,0.000408872232482053,0.000999000999000999,0.000233850121873466,"***","EsteroZacatecas","metastat"
"143","ColaDeBallena - EsteroZacatecas","k__Bacteria|p__Pseudomonadota|c__Alphaproteobacteria|o__|f__Neomegalonemataceae|g__Acuticoccus|s__|ASV_2172",0,0,0,0.00126888490633981,2.3960704559504e-06,0.000446847331866116,0.000999000999000999,0.000233850121873466,"***","EsteroZacatecas","metastat"
"144","ColaDeBallena - EsteroZacatecas","k__Bacteria|p__Rhodothermota|c__Rhodothermia|o__Rhodothermales|f__Rhodothermaceae|g__Rubrivirga|s__|ASV_15588",0,0,0,0.00104274972801699,2.15296043422146e-06,0.000423572153851566,0.000999000999000999,0.000233850121873466,"***","EsteroZacatecas","metastat"
"145","ColaDeBallena - EsteroZacatecas","k__Bacteria|p__Bacteroidota|c__Bacteroidia|o__Chitinophagales|f__Saprospiraceae|g__Phaeodactylibacter|s__|ASV_7871",0,0,0,0.00126708478691496,3.9909571967389e-06,0.000576697291822069,0.000999000999000999,0.000233850121873466,"***","EsteroZacatecas","metastat"
"146","ColaDeBallena - EsteroZacatecas","k__Bacteria|p__Bacteroidota|c__Bacteroidia|o__Cytophagales|f__Cyclobacteriaceae|g__Tunicatimonas|s__|ASV_13852",0,0,0,0.00127001017092618,3.78116225349588e-06,0.000561334886193607,0.000999000999000999,0.000233850121873466,"***","EsteroZacatecas","metastat"
"147","ColaDeBallena - EsteroZacatecas","k__Bacteria|p__Bacteroidota|c__Bacteroidia|o__Flavobacteriales|f__Flavobacteriaceae|g__Robiginitalea|s__|ASV_1957",0,0,0,0.00125300439766428,4.75704343868619e-06,0.000629619159934943,0.000999000999000999,0.000233850121873466,"***","EsteroZacatecas","metastat"
"148","ColaDeBallena - EsteroZacatecas","k__Bacteria|p__Pseudomonadota|c__Alphaproteobacteria|o__Hyphomicrobiales|f__Rhizobiaceae|g__|s__|ASV_8889",0,0,0,0.00132555009116653,5.66375336324424e-06,0.000687007603259978,0.000999000999000999,0.000233850121873466,"***","EsteroZacatecas","metastat"
"149","ColaDeBallena - EsteroZacatecas","k__Bacteria|p__Cyanobacteriota|c__Cyanobacteriia|o__Cyanobacteriales|f__Nostocaceae|g__Rivularia_PCC-7116|s__|ASV_12444",0,0,0,0.00122268316256488,2.80053353246652e-06,0.000483091910895029,0.000999000999000999,0.000233850121873466,"***","EsteroZacatecas","metastat"
"150","ColaDeBallena - EsteroZacatecas","k__Bacteria|p__Pseudomonadota|c__Alphaproteobacteria|o__Rhodobacterales|f__Paracoccaceae|g__Palleronia-Pseudomaribius|s__|ASV_9319",0,0,0,0.00102092387894299,3.49527786493354e-06,0.000539697281270832,0.000999000999000999,0.000233850121873466,"***","EsteroZacatecas","metastat"
"151","ColaDeBallena - EsteroZacatecas","k__Bacteria|p__Actinomycetota|c__Actinobacteria|o__Euzebyales|f__Euzebyaceae|g__|s__|ASV_12943",0,0,0,0.00127781318869453,2.87410780108204e-06,0.000489396550277486,0.000999000999000999,0.000233850121873466,"***","EsteroZacatecas","metastat"
"152","ColaDeBallena - EsteroZacatecas","k__Bacteria|p__Bacteroidota|c__Bacteroidia|o__Chitinophagales|f__Saprospiraceae|g__Lewinella|s__|ASV_14761",0,0,0,0.00118721330567328,5.61868639545525e-06,0.000684268855266654,0.000999000999000999,0.000233850121873466,"***","EsteroZacatecas","metastat"
"153","ColaDeBallena - EsteroZacatecas","k__Bacteria|p__Actinomycetota|c__Acidimicrobiia|o__Microtrichales|f__Ilumatobacteraceae|g__Ilumatobacter|s__|ASV_8457",0,0,0,0.00122502352226143,2.07835858823718e-06,0.000416168894824884,0.000999000999000999,0.000233850121873466,"***","EsteroZacatecas","metastat"
"154","ColaDeBallena - EsteroZacatecas","k__Bacteria|p__Bacteroidota|c__Bacteroidia|o__Chitinophagales|f__Saprospiraceae|g__Lewinella|s__|ASV_14052",0,0,0,0.00107142562304035,2.27502125729931e-06,0.000435413716796959,0.000999000999000999,0.000233850121873466,"***","EsteroZacatecas","metastat"
"155","ColaDeBallena - EsteroZacatecas","k__Bacteria|p__Pseudomonadota|c__Alphaproteobacteria|o__Hyphomicrobiales|f__Rhizobiaceae|g__|s__|ASV_9057",0,0,0,0.00118977547640851,3.53533238132903e-06,0.000542780832175768,0.000999000999000999,0.000233850121873466,"***","EsteroZacatecas","metastat"
"156","ColaDeBallena - EsteroZacatecas","k__Bacteria|p__Pseudomonadota|c__Gammaproteobacteria|o__Steroidobacterales|f__Woeseiaceae|g__Woeseia|s__|ASV_4027",0,0,0,0.00124079277495307,4.04584933523613e-06,0.000580649731998283,0.000999000999000999,0.000233850121873466,"***","EsteroZacatecas","metastat"
"157","ColaDeBallena - EsteroZacatecas","k__Bacteria|p__Bacteroidota|c__Bacteroidia|o__Cytophagales|f__Cyclobacteriaceae|g__Fulvivirga|s__|ASV_488",0,0,0,0.00107046593367666,1.38168376945654e-06,0.000339323317974728,0.000999000999000999,0.000233850121873466,"***","EsteroZacatecas","metastat"
"158","ColaDeBallena - EsteroZacatecas","k__Bacteria|p__Pseudomonadota|c__Alphaproteobacteria|o__|f__Neomegalonemataceae|g__Acuticoccus|s__|ASV_9666",0,0,0,0.00102583923204496,1.47271549516623e-06,0.000350323124078119,0.000999000999000999,0.000233850121873466,"***","EsteroZacatecas","metastat"
"159","ColaDeBallena - EsteroZacatecas","k__Bacteria|p__Rhodothermota|c__Rhodothermia|o__Rhodothermales|f__Rhodothermaceae|g__|s__|ASV_4914",0,0,0,0.000953180849460422,1.67713274674657e-06,0.00037384630829912,0.000999000999000999,0.000233850121873466,"***","EsteroZacatecas","metastat"
"160","ColaDeBallena - EsteroZacatecas","k__Bacteria|p__Bacteroidota|c__Bacteroidia|o__Bacteroidales|f__Prolixibacteraceae|g__|s__|ASV_10019",0.0020963293661762,6.1892252180772e-06,0.000718170431146466,1.96796158538985e-05,4.64744736188417e-09,1.96796158538985e-05,0.000999000999000999,0.000233850121873466,"***","ColaDeBallena","metastat"
"161","ColaDeBallena - EsteroZacatecas","k__Bacteria|p__Pseudomonadota|c__Alphaproteobacteria|o__Sphingomonadales|f__Sphingomonadaceae|g__Paraurantiacibacter|s__|ASV_6166",0,0,0,0.00106990784029604,2.21965683786643e-06,0.000430083018910926,0.000999000999000999,0.000233850121873466,"***","EsteroZacatecas","metastat"
"162","ColaDeBallena - EsteroZacatecas","k__Bacteria|p__Pseudomonadota|c__Gammaproteobacteria|o__Pseudomonadales|f__Cellvibrionaceae|g__|s__|ASV_11138",0.0015772733247328,2.4020590910818e-05,0.00141482009783394,0,0,0,0.000999000999000999,0.000233850121873466,"***","ColaDeBallena","metastat"
"163","ColaDeBallena - EsteroZacatecas","k__Bacteria|p__Bacteroidota|c__Bacteroidia|o__Flavobacteriales|f__Flavobacteriaceae|g__|s__|ASV_4722",0.00163540140925115,9.10219041361596e-06,0.000870928164547071,0,0,0,0.000999000999000999,0.000233850121873466,"***","ColaDeBallena","metastat"
"164","ColaDeBallena - EsteroZacatecas","k__Bacteria|p__Bacteroidota|c__Bacteroidia|o__Cytophagales|f__Cyclobacteriaceae|g__Tunicatimonas|s__|ASV_7191",0,0,0,0.00110528145839829,8.12332157308854e-07,0.000260181372204861,0.000999000999000999,0.000233850121873466,"***","EsteroZacatecas","metastat"
"165","ColaDeBallena - EsteroZacatecas","k__Bacteria|p__Pseudomonadota|c__Gammaproteobacteria|o__Pseudomonadales|f__Cellvibrionaceae|g__|s__|ASV_2139",0.00139934132312309,1.94285502234502e-05,0.00127241732617651,0,0,0,0.000999000999000999,0.000233850121873466,"***","ColaDeBallena","metastat"
"166","ColaDeBallena - EsteroZacatecas","k__Bacteria|p__Bacteroidota|c__Bacteroidia|o__Cytophagales|f__Cyclobacteriaceae|g__Tunicatimonas|s__|ASV_1544",3.44289386705839e-05,1.42242218157939e-08,3.44289386705839e-05,0.00118190465686597,1.12008142803955e-06,0.000305516151787914,0.000999000999000999,0.000233850121873466,"***","EsteroZacatecas","metastat"
"167","ColaDeBallena - EsteroZacatecas","k__Bacteria|p__Pseudomonadota|c__Alphaproteobacteria|o__Rhodobacterales|f__Paracoccaceae|g__Palleronia-Pseudomaribius|s__|ASV_9313",0,0,0,0.0009837216924381,4.72551709139638e-06,0.000627529354651795,0.000999000999000999,0.000233850121873466,"***","EsteroZacatecas","metastat"
"168","ColaDeBallena - EsteroZacatecas","k__Bacteria|p__Pseudomonadota|c__Alphaproteobacteria|o__Rhodobacterales|f__Paracoccaceae|g__|s__|ASV_1832",0,0,0,0.0010692520040346,4.0387416243768e-06,0.000580139467741507,0.000999000999000999,0.000233850121873466,"***","EsteroZacatecas","metastat"
"169","ColaDeBallena - EsteroZacatecas","k__Bacteria|p__Bacteroidota|c__Bacteroidia|o__Flavobacteriales|f__Flavobacteriaceae|g__Robiginitalea|s__|ASV_9267",0,0,0,0.00114836806932747,2.88518554325774e-06,0.000490338789618781,0.000999000999000999,0.000233850121873466,"***","EsteroZacatecas","metastat"
"170","ColaDeBallena - EsteroZacatecas","k__Bacteria|p__Pseudomonadota|c__Gammaproteobacteria|o__Chromatiales|f__Chromatiaceae|g__|s__|ASV_15166",0,0,0,0.00116030995219968,2.40799542618998e-06,0.000447957905964201,0.000999000999000999,0.000233850121873466,"***","EsteroZacatecas","metastat"
"171","ColaDeBallena - EsteroZacatecas","k__Bacteria|p__Pseudomonadota|c__Gammaproteobacteria|o__Steroidobacterales|f__Woeseiaceae|g__Woeseia|s__|ASV_15362",0,0,0,0.00108602234839105,4.80387417395922e-07,0.000200080695678003,0.000999000999000999,0.000233850121873466,"***","EsteroZacatecas","metastat"
"172","ColaDeBallena - EsteroZacatecas","k__Bacteria|p__Bacteroidota|c__Bacteroidia|o__Flavobacteriales|f__Flavobacteriaceae|g__Pricia|s__|ASV_13539",0,0,0,0.0011459330925646,4.85547707679714e-06,0.000636099905465403,0.000999000999000999,0.000233850121873466,"***","EsteroZacatecas","metastat"
"173","ColaDeBallena - EsteroZacatecas","k__Bacteria|p__Verrucomicrobiota|c__Verrucomicrobiia|o__Verrucomicrobiales|f__Rubritaleaceae|g__Haloferula|s__|ASV_13415",0,0,0,0.000829216851345401,2.97922614035762e-06,0.000498265837710957,0.000999000999000999,0.000233850121873466,"***","EsteroZacatecas","metastat"
"174","ColaDeBallena - EsteroZacatecas","k__Bacteria|p__Pseudomonadota|c__Alphaproteobacteria|o__Hyphomicrobiales|f__Devosiaceae|g__Pelagibacterium|s__|ASV_10161",0.00117164679018851,4.77861890776043e-07,0.000199554063429781,8.37245198047692e-05,2.72947397728722e-08,4.76923646691936e-05,0.000999000999000999,0.000233850121873466,"***","ColaDeBallena","metastat"
"175","ColaDeBallena - EsteroZacatecas","k__Bacteria|p__Rhodothermota|c__Rhodothermia|o__Rhodothermales|f__Rhodothermaceae|g__Rubrivirga|s__|ASV_3675",0.00105223667879139,2.79312389446776e-06,0.000482452406501387,0,0,0,0.000999000999000999,0.000233850121873466,"***","ColaDeBallena","metastat"
"176","ColaDeBallena - EsteroZacatecas","k__Bacteria|p__Actinomycetota|c__Actinobacteria|o__Micrococcales|f__Intrasporangiaceae|g__|s__|ASV_3711",0.00152454804837994,2.63702759073021e-06,0.000468777451705516,0,0,0,0.000999000999000999,0.000233850121873466,"***","ColaDeBallena","metastat"
"177","ColaDeBallena - EsteroZacatecas","k__Bacteria|p__Cyanobacteriota|c__Cyanobacteriia|o__Cyanobacteriales|f__Xenococcaceae|g__Pleurocapsa_PCC-7319|s__|ASV_7092",0,0,0,0.001016635426655,2.19318643261762e-06,0.00042751086074095,0.000999000999000999,0.000233850121873466,"***","EsteroZacatecas","metastat"
"178","ColaDeBallena - EsteroZacatecas","k__Bacteria|p__Pseudomonadota|c__Gammaproteobacteria|o__Pseudomonadales|f__Spongiibacteraceae|g__|s__|ASV_9864",0.00112540675309336,1.09648184844983e-06,0.000302280477984966,0,0,0,0.000999000999000999,0.000233850121873466,"***","ColaDeBallena","metastat"
"179","ColaDeBallena - EsteroZacatecas","k__Bacteria|p__Actinomycetota|c__Acidimicrobiia|o__Microtrichales|f__Ilumatobacteraceae|g__Ilumatobacter|s__|ASV_9994",0.00143436710230997,1.51809316763e-06,0.000355679299326186,0,0,0,0.000999000999000999,0.000233850121873466,"***","ColaDeBallena","metastat"
"180","ColaDeBallena - EsteroZacatecas","k__Bacteria|p__Campylobacterota|c__Campylobacteria|o__Campylobacterales|f__Sulfurovaceae|g__Sulfurovum|s__|ASV_10544",0.00183123409775289,8.70819566708944e-06,0.000851870279008168,0,0,0,0.000999000999000999,0.000233850121873466,"***","ColaDeBallena","metastat"
"181","ColaDeBallena - EsteroZacatecas","k__Bacteria|p__Actinomycetota|c__Actinobacteria|o__Propionibacteriales|f__Nocardioidaceae|g__Nocardioides|s__|ASV_1509",0.00115727433179174,1.29735209795739e-06,0.00032880491910825,0,0,0,0.000999000999000999,0.000233850121873466,"***","ColaDeBallena","metastat"
"182","ColaDeBallena - EsteroZacatecas","k__Bacteria|p__Cyanobacteriota|c__Cyanobacteriia|o__Cyanobacteriales|f__Nostocaceae|g__Calothrix_PCC-6303|s__|ASV_10882",0,0,0,0.00100274590735124,2.7603344991988e-06,0.000479612213077642,0.000999000999000999,0.000233850121873466,"***","EsteroZacatecas","metastat"
"183","ColaDeBallena - EsteroZacatecas","k__Bacteria|p__Bacteroidota|c__Bacteroidia|o__Chitinophagales|f__Saprospiraceae|g__Lewinella|s__|ASV_4172",0,0,0,0.000972632742941371,1.03136535046486e-06,0.000293167379731679,0.000999000999000999,0.000233850121873466,"***","EsteroZacatecas","metastat"
"184","ColaDeBallena - EsteroZacatecas","k__Bacteria|p__Bacteroidota|c__Bacteroidia|o__Flavobacteriales|f__Flavobacteriaceae|g__|s__|ASV_11518",0,0,0,0.00113132932714888,8.90696948757437e-06,0.000861537844379377,0.000999000999000999,0.000233850121873466,"***","EsteroZacatecas","metastat"
"185","ColaDeBallena - EsteroZacatecas","k__Bacteria|p__Pseudomonadota|c__Gammaproteobacteria|o__Enterobacterales|f__Vibrionaceae|g__Vibrio|s__|ASV_5381",0.00137556255562881,2.65735919428336e-06,0.000470581129587251,0,0,0,0.000999000999000999,0.000233850121873466,"***","ColaDeBallena","metastat"
"186","ColaDeBallena - EsteroZacatecas","k__Bacteria|p__Actinomycetota|c__Actinobacteria|o__Nitriliruptorales|f__Nitriliruptoraceae|g__|s__|ASV_13649",0,0,0,0.000919891695331815,1.4157871589162e-06,0.000343485462928225,0.000999000999000999,0.000233850121873466,"***","EsteroZacatecas","metastat"
"187","ColaDeBallena - EsteroZacatecas","k__Bacteria|p__Pseudomonadota|c__Alphaproteobacteria|o__Sphingomonadales|f__Sphingomonadaceae|g__Sphingomicrobium|s__|ASV_8463",0.000988440554979314,1.39417363335345e-06,0.000340853540560734,0,0,0,0.000999000999000999,0.000233850121873466,"***","ColaDeBallena","metastat"
"188","ColaDeBallena - EsteroZacatecas","k__Bacteria|p__Thermodesulfobacteriota|c__Desulfobulbia|o__Desulfobulbales|f__Desulfocapsaceae|g__|s__|ASV_15238",0,0,0,0.000960226681510994,3.46478724632544e-06,0.000537338134257303,0.000999000999000999,0.000233850121873466,"***","EsteroZacatecas","metastat"
"189","ColaDeBallena - EsteroZacatecas","k__Bacteria|p__Pseudomonadota|c__Alphaproteobacteria|o__Hyphomicrobiales|f__Rhizobiaceae|g__Pseudahrensia|s__|ASV_1110",0,0,0,0.00115856597151835,5.48420820580186e-06,0.000676030583985287,0.000999000999000999,0.000233850121873466,"***","EsteroZacatecas","metastat"
"190","ColaDeBallena - EsteroZacatecas","k__Bacteria|p__Pseudomonadota|c__Alphaproteobacteria|o__Hyphomicrobiales|f__Rhizobiaceae|g__|s__|ASV_9753",0,0,0,0.00106334004664784,3.29687493437014e-06,0.000524156062508275,0.000999000999000999,0.000233850121873466,"***","EsteroZacatecas","metastat"
"191","ColaDeBallena - EsteroZacatecas","k__Bacteria|p__Rhodothermota|c__Rhodothermia|o__Rhodothermales|f__Rhodothermaceae|g__|s__|ASV_4624",0,0,0,0.000973703584746366,3.45151820992766e-06,0.000536308229933097,0.000999000999000999,0.000233850121873466,"***","EsteroZacatecas","metastat"
"192","ColaDeBallena - EsteroZacatecas","k__Bacteria|p__Rhodothermota|c__Rhodothermia|o__Rhodothermales|f__Rhodothermaceae|g__|s__|ASV_7872",0.000959434039019267,2.01172882675432e-06,0.000409443608933139,0,0,0,0.000999000999000999,0.000233850121873466,"***","ColaDeBallena","metastat"
"193","ColaDeBallena - EsteroZacatecas","k__Bacteria|p__Pseudomonadota|c__Gammaproteobacteria|o__Chromatiales|f__Chromatiaceae|g__Candidatus_Thiobios|s__|ASV_1550",0,0,0,0.00099652813094207,9.81826236706235e-07,0.000286039950109863,0.000999000999000999,0.000233850121873466,"***","EsteroZacatecas","metastat"
"194","ColaDeBallena - EsteroZacatecas","k__Bacteria|p__Myxococcota|c__Polyangiia|o__Polyangiales|f__Sandaracinaceae|g__|s__|ASV_3531",0.00138941121289738,1.17393391551552e-06,0.00031277440159476,0,0,0,0.000999000999000999,0.000233850121873466,"***","ColaDeBallena","metastat"
"195","ColaDeBallena - EsteroZacatecas","k__Bacteria|p__Pseudomonadota|c__Alphaproteobacteria|o__Sphingomonadales|f__Sphingomonadaceae|g__Sphingomicrobium|s__|ASV_1676",0,0,0,0.000904473623371037,4.69471081460515e-06,0.000625480536241613,0.000999000999000999,0.000233850121873466,"***","EsteroZacatecas","metastat"
"196","ColaDeBallena - EsteroZacatecas","k__Bacteria|p__Pseudomonadota|c__Gammaproteobacteria|o__Pseudomonadales|f__Halieaceae|g__Pseudohaliea|s__|ASV_9004",0,0,0,0.000980089354228853,1.02226096317539e-06,0.000291870542532043,0.000999000999000999,0.000233850121873466,"***","EsteroZacatecas","metastat"
"197","ColaDeBallena - EsteroZacatecas","k__Bacteria|p__Pseudomonadota|c__Alphaproteobacteria|o__Rhodobacterales|f__Paracoccaceae|g__Jannaschia|s__|ASV_11098",0,0,0,0.000966610376128184,1.5428460955294e-06,0.000358567299067809,0.000999000999000999,0.000233850121873466,"***","EsteroZacatecas","metastat"
"198","ColaDeBallena - EsteroZacatecas","k__Bacteria|p__Bacteroidota|c__Bacteroidia|o__Flavobacteriales|f__Flavobacteriaceae|g__Aquimarina|s__|ASV_15336",0,0,0,0.00101235042131414,1.9707672566961e-06,0.000405253753498564,0.000999000999000999,0.000233850121873466,"***","EsteroZacatecas","metastat"
"199","ColaDeBallena - EsteroZacatecas","k__Bacteria|p__Bacteroidota|c__Bacteroidia|o__Chitinophagales|f__Saprospiraceae|g__|s__|ASV_12385",0,0,0,0.000949147195525017,1.02845433974783e-05,0.000925767402279423,0.000999000999000999,0.000233850121873466,"***","EsteroZacatecas","metastat"
"200","ColaDeBallena - EsteroZacatecas","k__Bacteria|p__Cyanobacteriota|c__Cyanobacteriia|o__Synechococcales|f__Cyanobiaceae|g__|s__|ASV_13824",0,0,0,0.000949729299413688,8.41507371295473e-07,0.000264812413369583,0.000999000999000999,0.000233850121873466,"***","EsteroZacatecas","metastat"
"201","ColaDeBallena - EsteroZacatecas","k__Bacteria|p__Planctomycetota|c__Phycisphaerae|o__Phycisphaerales|f__Phycisphaeraceae|g__Algisphaera|s__|ASV_11725",0,0,0,0.000977911140236874,2.38104557005889e-06,0.000445444120144799,0.000999000999000999,0.000233850121873466,"***","EsteroZacatecas","metastat"
"202","ColaDeBallena - EsteroZacatecas","k__Bacteria|p__Pseudomonadota|c__Alphaproteobacteria|o__Rhodobacterales|f__Paracoccaceae|g__|s__|ASV_13252",0,0,0,0.000943699168804256,6.9125295489747e-06,0.00075897571046854,0.000999000999000999,0.000233850121873466,"***","EsteroZacatecas","metastat"
"203","ColaDeBallena - EsteroZacatecas","k__Bacteria|p__Pseudomonadota|c__Alphaproteobacteria|o__Rhodobacterales|f__Paracoccaceae|g__|s__|ASV_9805",0.00138874323978122,1.79032308407457e-06,0.000386255861236496,4.92174426616793e-05,2.90682799458683e-08,4.92174426616793e-05,0.000999000999000999,0.000233850121873466,"***","ColaDeBallena","metastat"
"204","ColaDeBallena - EsteroZacatecas","k__Bacteria|p__Pseudomonadota|c__Gammaproteobacteria|o__Enterobacterales|f__Vibrionaceae|g__Vibrio|s__|ASV_10429",0,0,0,0.00081407211916176,4.78887899627008e-06,0.000631722446719422,0.000999000999000999,0.000233850121873466,"***","EsteroZacatecas","metastat"
"205","ColaDeBallena - EsteroZacatecas","k__Bacteria|p__Verrucomicrobiota|c__Verrucomicrobiia|o__Verrucomicrobiales|f__Rubritaleaceae|g__Haloferula|s__|ASV_2015",0,0,0,0.000924417347568056,1.88687817444119e-06,0.000396534800326654,0.000999000999000999,0.000233850121873466,"***","EsteroZacatecas","metastat"
"206","ColaDeBallena - EsteroZacatecas","k__Bacteria|p__Rhodothermota|c__Rhodothermia|o__Rhodothermales|f__Rhodothermaceae|g__|s__|ASV_13486",0,0,0,0.000704048512949082,2.3337949775689e-06,0.000441002170966775,0.000999000999000999,0.000233850121873466,"***","EsteroZacatecas","metastat"
"207","ColaDeBallena - EsteroZacatecas","k__Bacteria|p__Bacteroidota|c__Bacteroidia|o__Chitinophagales|f__Saprospiraceae|g__Lewinella|s__|ASV_2127",0,0,0,0.000781262414434094,2.3855864508858e-06,0.000445868670021958,0.000999000999000999,0.000233850121873466,"***","EsteroZacatecas","metastat"
"208","ColaDeBallena - EsteroZacatecas","k__Bacteria|p__Pseudomonadota|c__Alphaproteobacteria|o__Sphingomonadales|f__Sphingomonadaceae|g__Sphingomicrobium|s__|ASV_13364",0,0,0,0.000906883178207735,3.77136896360731e-06,0.000560607480299073,0.000999000999000999,0.000233850121873466,"***","EsteroZacatecas","metastat"
"209","ColaDeBallena - EsteroZacatecas","k__Bacteria|p__Bacteroidota|c__Bacteroidia|o__Flavobacteriales|f__Flavobacteriaceae|g__Aquimarina|s__|ASV_592",0,0,0,0.00091786334722763,2.00500532549273e-06,0.000408758825133347,0.000999000999000999,0.000233850121873466,"***","EsteroZacatecas","metastat"
"210","ColaDeBallena - EsteroZacatecas","k__Bacteria|p__Pseudomonadota|c__Alphaproteobacteria|o__Sphingomonadales|f__Sphingomonadaceae|g__Aurantiacibacter|s__|ASV_726",0,0,0,0.000734916793739488,2.15484699490807e-06,0.000423757693628099,0.000999000999000999,0.000233850121873466,"***","EsteroZacatecas","metastat"
"211","ColaDeBallena - EsteroZacatecas","k__Bacteria|p__Bacteroidota|c__Bacteroidia|o__Cytophagales|f__Mooreiaceae|g__Mooreia|s__|ASV_10577",0,0,0,0.000927997946653456,9.66856703219914e-07,0.000283851003054407,0.000999000999000999,0.000233850121873466,"***","EsteroZacatecas","metastat"
"212","ColaDeBallena - EsteroZacatecas","k__Bacteria|p__Pseudomonadota|c__Alphaproteobacteria|o__Rhodobacterales|f__Paracoccaceae|g__|s__|ASV_1444",0,0,0,0.000848466530360971,8.89900988075831e-07,0.000272320428306409,0.000999000999000999,0.000233850121873466,"***","EsteroZacatecas","metastat"
"213","ColaDeBallena - EsteroZacatecas","k__Bacteria|p__Thermodesulfobacteriota|c__Desulfobacteria|o__Desulfobacterales|f__Desulfosarcinaceae|g__Desulfosarcina|s__|ASV_12268",0.00164416991806741,4.94593669072269e-06,0.000641997967982421,0,0,0,0.000999000999000999,0.000233850121873466,"***","ColaDeBallena","metastat"
"214","ColaDeBallena - EsteroZacatecas","k__Bacteria|p__Actinomycetota|c__Thermoleophilia|o__Solirubrobacterales|f__Solirubrobacteraceae|g__Patulibacter|s__|ASV_1623",0,0,0,0.000975129838364912,5.19012819716956e-06,0.000657655444056736,0.000999000999000999,0.000233850121873466,"***","EsteroZacatecas","metastat"
"215","ColaDeBallena - EsteroZacatecas","k__Bacteria|p__Bacteroidota|c__Bacteroidia|o__Chitinophagales|f__Saprospiraceae|g__|s__|ASV_3563",0,0,0,0.000898183091803959,2.79950866288918e-06,0.000483003507827943,0.000999000999000999,0.000233850121873466,"***","EsteroZacatecas","metastat"
"216","ColaDeBallena - EsteroZacatecas","k__Bacteria|p__Bacteroidota|c__Bacteroidia|o__Flavobacteriales|f__Flavobacteriaceae|g__Pricia|s__|ASV_6575",0,0,0,0.00101145700070479,5.92901176948316e-06,0.00070291131312819,0.000999000999000999,0.000233850121873466,"***","EsteroZacatecas","metastat"
"217","ColaDeBallena - EsteroZacatecas","k__Bacteria|p__Campylobacterota|c__Campylobacteria|o__Campylobacterales|f__Sulfurovaceae|g__Sulfurovum|s__|ASV_14893",0.00168383062652262,8.61288743027102e-06,0.000847195738415422,0,0,0,0.000999000999000999,0.000233850121873466,"***","ColaDeBallena","metastat"
"218","ColaDeBallena - EsteroZacatecas","k__Bacteria|p__Bacteroidota|c__Bacteroidia|o__Chitinophagales|f__Saprospiraceae|g__Lewinella|s__|ASV_10138",0,0,0,0.000819304811184797,4.42562221094045e-06,0.000607290581938914,0.000999000999000999,0.000233850121873466,"***","EsteroZacatecas","metastat"
"219","ColaDeBallena - EsteroZacatecas","k__Bacteria|p__Pseudomonadota|c__Gammaproteobacteria|o__Pseudomonadales|f__Marinobacteraceae|g__Marinobacter|s__|ASV_13782",0.000949696814757879,1.12593269736857e-06,0.000306313115587163,0,0,0,0.000999000999000999,0.000233850121873466,"***","ColaDeBallena","metastat"
"220","ColaDeBallena - EsteroZacatecas","k__Bacteria|p__Actinomycetota|c__Actinobacteria|o__Nitriliruptorales|f__Nitriliruptoraceae|g__|s__|ASV_7511",0,0,0,0.000715039085025774,1.98949805216899e-06,0.000407175029130491,0.000999000999000999,0.000233850121873466,"***","EsteroZacatecas","metastat"
"221","ColaDeBallena - EsteroZacatecas","k__Bacteria|p__Actinomycetota|c__Acidimicrobiia|o__Microtrichales|f__Ilumatobacteraceae|g__Ilumatobacter|s__|ASV_8301",0.00124052002347375,5.26272142380006e-06,0.000662238717268936,0,0,0,0.000999000999000999,0.000233850121873466,"***","ColaDeBallena","metastat"
"222","ColaDeBallena - EsteroZacatecas","k__Bacteria|p__Bacteroidota|c__Bacteroidia|o__Cytophagales|f__Cyclobacteriaceae|g__Marinoscillum|s__|ASV_5991",0.00120204619411067,2.41787766473594e-06,0.000448876158193618,0,0,0,0.000999000999000999,0.000233850121873466,"***","ColaDeBallena","metastat"
"223","ColaDeBallena - EsteroZacatecas","k__Bacteria|p__Bacteroidota|c__Bacteroidia|o__Flavobacteriales|f__Flavobacteriaceae|g__Euzebyella|s__|ASV_6004",0.00137838055427954,6.53899958380594e-06,0.000738184686906894,0,0,0,0.000999000999000999,0.000233850121873466,"***","ColaDeBallena","metastat"
"224","ColaDeBallena - EsteroZacatecas","k__Bacteria|p__Bacteroidota|c__Bacteroidia|o__Flavobacteriales|f__Flavobacteriaceae|g__Muricauda|s__|ASV_12437",0,0,0,0.000894202266965221,4.21490266020694e-06,0.000592656636131393,0.000999000999000999,0.000233850121873466,"***","EsteroZacatecas","metastat"
"225","ColaDeBallena - EsteroZacatecas","k__Bacteria|p__Thermodesulfobacteriota|c__Desulfobacteria|o__Desulfobacterales|f__Desulfosarcinaceae|g__SEEP-SRB1|s__|ASV_1671",0,0,0,0.000873833700799917,2.38707183372872e-07,0.000141039942147863,0.000999000999000999,0.000233850121873466,"***","EsteroZacatecas","metastat"
"226","ColaDeBallena - EsteroZacatecas","k__Bacteria|p__Bacteroidota|c__Bacteroidia|o__Cytophagales|f__Cyclobacteriaceae|g__|s__|ASV_9163",0,0,0,0.000696125080027293,1.26771192912002e-06,0.000325027169264358,0.000999000999000999,0.000233850121873466,"***","EsteroZacatecas","metastat"
"227","ColaDeBallena - EsteroZacatecas","k__Bacteria|p__Bacteroidota|c__Bacteroidia|o__Flavobacteriales|f__Flavobacteriaceae|g__Gramella|s__|ASV_7179",0.00105075446691071,1.42372070701943e-06,0.000344446501291013,0,0,0,0.000999000999000999,0.000233850121873466,"***","ColaDeBallena","metastat"
"228","ColaDeBallena - EsteroZacatecas","k__Bacteria|p__Bacteroidota|c__Bacteroidia|o__Flavobacteriales|f__Flavobacteriaceae|g__Mesoflavibacter|s__|ASV_6111",0,0,0,0.000851298630403852,1.17097548853576e-06,0.000312380042114271,0.000999000999000999,0.000233850121873466,"***","EsteroZacatecas","metastat"
"229","ColaDeBallena - EsteroZacatecas","k__Bacteria|p__Acidobacteriota|c__Thermoanaerobaculia|o__Thermoanaerobaculales|f__Thermoanaerobaculaceae|g__Subgroup_10|s__|ASV_10386",0.00116012996525897,5.84323258487308e-06,0.000697808031438033,0,0,0,0.000999000999000999,0.000233850121873466,"***","ColaDeBallena","metastat"
"230","ColaDeBallena - EsteroZacatecas","k__Bacteria|p__Cyanobacteriota|c__Cyanobacteriia|o__Cyanobacteriales|f__Nostocaceae|g__Rivularia_PCC-7116|s__|ASV_4054",0,0,0,0.000732084299573215,5.50393513360348e-07,0.000214163783384031,0.000999000999000999,0.000233850121873466,"***","EsteroZacatecas","metastat"
"231","ColaDeBallena - EsteroZacatecas","k__Bacteria|p__Cyanobacteriota|c__Cyanobacteriia|o__Cyanobacteriales|f__Xenococcaceae|g__Pleurocapsa_PCC-7319|s__|ASV_6690",0,0,0,0.000775728124831889,4.18450272988134e-07,0.000186737398724371,0.000999000999000999,0.000233850121873466,"***","EsteroZacatecas","metastat"
"232","ColaDeBallena - EsteroZacatecas","k__Bacteria|p__Bacteroidota|c__Bacteroidia|o__Cytophagales|f__Cyclobacteriaceae|g__Fulvivirga|s__|ASV_2867",0,0,0,0.000894196110383639,1.91479187045701e-06,0.000399457118104999,0.000999000999000999,0.000233850121873466,"***","EsteroZacatecas","metastat"
"233","ColaDeBallena - EsteroZacatecas","k__Bacteria|p__Bacteroidota|c__Bacteroidia|o__Cytophagales|f__Cyclobacteriaceae|g__Tunicatimonas|s__|ASV_15128",0.000836848420992882,2.27992936991371e-06,0.000435883142779662,0,0,0,0.000999000999000999,0.000233850121873466,"***","ColaDeBallena","metastat"
"234","ColaDeBallena - EsteroZacatecas","k__Bacteria|p__Pseudomonadota|c__Alphaproteobacteria|o__Rhodobacterales|f__Paracoccaceae|g__Halodurantibacterium|s__|ASV_2265",2.13292381196144e-05,5.45923678515853e-09,2.13292381196144e-05,0.000821439077313323,5.37525467367025e-07,0.000211645432143602,0.000999000999000999,0.000233850121873466,"***","EsteroZacatecas","metastat"
"235","ColaDeBallena - EsteroZacatecas","k__Bacteria|p__Pseudomonadota|c__Alphaproteobacteria|o__Sphingomonadales|f__Sphingomonadaceae|g__Qipengyuania|s__|ASV_6837",0,0,0,0.000795044476330562,1.22565178361226e-06,0.000319589813095404,0.000999000999000999,0.000233850121873466,"***","EsteroZacatecas","metastat"
"236","ColaDeBallena - EsteroZacatecas","k__Bacteria|p__Bacteroidota|c__Bacteroidia|o__Flavobacteriales|f__Flavobacteriaceae|g__Nonlabens|s__|ASV_11613",0,0,0,0.000747383849334587,1.88013812216718e-06,0.000395825942615268,0.000999000999000999,0.000233850121873466,"***","EsteroZacatecas","metastat"
"237","ColaDeBallena - EsteroZacatecas","k__Bacteria|p__Cyanobacteriota|c__Cyanobacteriia|o__Cyanobacteriales|f__Nostocaceae|g__|s__|ASV_11192",0,0,0,0.000907144241343089,2.70510994013955e-06,0.000474790299337468,0.000999000999000999,0.000233850121873466,"***","EsteroZacatecas","metastat"
"238","ColaDeBallena - EsteroZacatecas","k__Bacteria|p__Actinomycetota|c__Actinobacteria|o__Propionibacteriales|f__Nocardioidaceae|g__Nocardioides|s__|ASV_15504",0.00112558537160315,9.0797572298483e-07,0.000275072069796388,0,0,0,0.000999000999000999,0.000233850121873466,"***","ColaDeBallena","metastat"
"239","ColaDeBallena - EsteroZacatecas","k__Bacteria|p__Pseudomonadota|c__Gammaproteobacteria|o__Enterobacterales|f__Alteromonadaceae|g__Aestuariibacter|s__|ASV_1570",0,0,0,0.000832655250708645,3.30470041236753e-06,0.000524777763468144,0.000999000999000999,0.000233850121873466,"***","EsteroZacatecas","metastat"
"240","ColaDeBallena - EsteroZacatecas","k__Bacteria|p__Bacteroidota|c__Bacteroidia|o__Cytophagales|f__Cyclobacteriaceae|g__|s__|ASV_7443",0.00119761114732842,1.28303189006419e-06,0.000326985204821282,5.31278516170535e-05,9.47023650219717e-09,2.80924611805925e-05,0.000999000999000999,0.000233850121873466,"***","ColaDeBallena","metastat"
"241","ColaDeBallena - EsteroZacatecas","k__Bacteria|p__Chloroflexota|c__Anaerolineae|o__Caldilineales|f__Caldilineaceae|g__|s__|ASV_1530",0,0,0,0.000728703233655038,1.65195194605345e-06,0.000371029193152131,0.000999000999000999,0.000233850121873466,"***","EsteroZacatecas","metastat"
"242","ColaDeBallena - EsteroZacatecas","k__Bacteria|p__Pseudomonadota|c__Alphaproteobacteria|o__Rhodobacterales|f__Paracoccaceae|g__Limibaculum|s__|ASV_10749",0,0,0,0.00080644293066785,2.14978188094063e-06,0.00042325936502148,0.000999000999000999,0.000233850121873466,"***","EsteroZacatecas","metastat"
"243","ColaDeBallena - EsteroZacatecas","k__Bacteria|p__Cyanobacteriota|c__Cyanobacteriia|o__Synechococcales|f__Cyanobiaceae|g__Synechococcus_MBIC10613|s__|ASV_3584",0,0,0,0.000840123724218827,1.24322618478829e-06,0.000321872928444893,0.000999000999000999,0.000233850121873466,"***","EsteroZacatecas","metastat"
"244","ColaDeBallena - EsteroZacatecas","k__Bacteria|p__Bacteroidota|c__Bacteroidia|o__Chitinophagales|f__Saprospiraceae|g__|s__|ASV_13177",1.10554652692559e-05,1.46667974783667e-09,1.10554652692559e-05,0.000827546691821306,1.47599779963749e-06,0.000350713296919946,0.000999000999000999,0.000233850121873466,"***","EsteroZacatecas","metastat"
"245","ColaDeBallena - EsteroZacatecas","k__Bacteria|p__Pseudomonadota|c__Gammaproteobacteria|o__Steroidobacterales|f__Woeseiaceae|g__Woeseia|s__|ASV_15181",0,0,0,0.000866587157118613,2.30180134041162e-06,0.000437968923974789,0.000999000999000999,0.000233850121873466,"***","EsteroZacatecas","metastat"
"246","ColaDeBallena - EsteroZacatecas","k__Bacteria|p__Bacteroidota|c__Bacteroidia|o__Flavobacteriales|f__Flavobacteriaceae|g__|s__|ASV_12253",0,0,0,0.0008348740367045,2.60254554745427e-06,0.000465702475429527,0.000999000999000999,0.000233850121873466,"***","EsteroZacatecas","metastat"
"247","ColaDeBallena - EsteroZacatecas","k__Bacteria|p__Planctomycetota|c__Phycisphaerae|o__Phycisphaerales|f__Phycisphaeraceae|g__Algisphaera|s__|ASV_298",0,0,0,0.000875815219940714,2.50596025490192e-06,0.000456979235022584,0.000999000999000999,0.000233850121873466,"***","EsteroZacatecas","metastat"
"248","ColaDeBallena - EsteroZacatecas","k__Bacteria|p__Bacteroidota|c__Bacteroidia|o__Bacteroidales|f__Prolixibacteraceae|g__Draconibacterium|s__|ASV_11583",0.00137833460277435,2.30360634306284e-06,0.000438140611282767,0,0,0,0.000999000999000999,0.000233850121873466,"***","ColaDeBallena","metastat"
"249","ColaDeBallena - EsteroZacatecas","k__Bacteria|p__Bacteroidota|c__Bacteroidia|o__Flavobacteriales|f__Flavobacteriaceae|g__|s__|ASV_3483",0.00134280263038473,6.14462878922589e-06,0.000715578366848913,0,0,0,0.000999000999000999,0.000233850121873466,"***","ColaDeBallena","metastat"
"250","ColaDeBallena - EsteroZacatecas","k__Bacteria|p__Pseudomonadota|c__Alphaproteobacteria|o__Rhodobacterales|f__Paracoccaceae|g__|s__|ASV_7108",0.00104716295636467,1.22337646311394e-06,0.00031929302935208,0,0,0,0.000999000999000999,0.000233850121873466,"***","ColaDeBallena","metastat"
"251","ColaDeBallena - EsteroZacatecas","k__Bacteria|p__Bacteroidota|c__Bacteroidia|o__Flavobacteriales|f__Flavobacteriaceae|g__Robiginitalea|s__|ASV_10959",0,0,0,0.00080972854564632,1.34839434651004e-06,0.00033521067337199,0.000999000999000999,0.000233850121873466,"***","EsteroZacatecas","metastat"
"252","ColaDeBallena - EsteroZacatecas","k__Bacteria|p__Pseudomonadota|c__Alphaproteobacteria|o__Rhodobacterales|f__Paracoccaceae|g__Maribius|s__|ASV_8056",0.000764649436087795,1.64098157634624e-06,0.000369795165862832,0,0,0,0.000999000999000999,0.000233850121873466,"***","ColaDeBallena","metastat"
"253","ColaDeBallena - EsteroZacatecas","k__Bacteria|p__Bacteroidota|c__Bacteroidia|o__Flavobacteriales|f__Flavobacteriaceae|g__Flavimarina|s__|ASV_7837",0,0,0,0.000882797786851849,1.6084079676168e-06,0.000366106538184447,0.000999000999000999,0.000233850121873466,"***","EsteroZacatecas","metastat"
"254","ColaDeBallena - EsteroZacatecas","k__Bacteria|p__Verrucomicrobiota|c__Verrucomicrobiia|o__Verrucomicrobiales|f__Rubritaleaceae|g__Roseibacillus|s__|ASV_2816",0,0,0,0.000911625073481581,6.42557339419013e-06,0.000731754364193234,0.000999000999000999,0.000233850121873466,"***","EsteroZacatecas","metastat"
"255","ColaDeBallena - EsteroZacatecas","k__Bacteria|p__Bacteroidota|c__Bacteroidia|o__Chitinophagales|f__Saprospiraceae|g__Lewinella|s__|ASV_11109",0,0,0,0.000664218417233349,1.00134519476109e-06,0.000288869231481578,0.000999000999000999,0.000233850121873466,"***","EsteroZacatecas","metastat"
"256","ColaDeBallena - EsteroZacatecas","k__Bacteria|p__Pseudomonadota|c__Alphaproteobacteria|o__Rhodobacterales|f__Paracoccaceae|g__|s__|ASV_11222",0,0,0,0.000761843587297433,3.23966695156363e-06,0.000519588535250381,0.000999000999000999,0.000233850121873466,"***","EsteroZacatecas","metastat"
"257","ColaDeBallena - EsteroZacatecas","k__Bacteria|p__Pseudomonadota|c__Alphaproteobacteria|o__Sphingomonadales|f__Sphingomonadaceae|g__|s__|ASV_4045",0.00125540103995458,2.02018453692084e-06,0.000410303194491671,0,0,0,0.000999000999000999,0.000233850121873466,"***","ColaDeBallena","metastat"
"258","ColaDeBallena - EsteroZacatecas","k__Bacteria|p__Cyanobacteriota|c__Cyanobacteriia|o__Cyanobacteriales|f__Nostocaceae|g__Rivularia_PCC-7116|s__|ASV_4200",0,0,0,0.000808797249312206,1.74390656161366e-06,0.000381215879523845,0.000999000999000999,0.000233850121873466,"***","EsteroZacatecas","metastat"
"259","ColaDeBallena - EsteroZacatecas","k__Bacteria|p__Pseudomonadota|c__Alphaproteobacteria|o__Sphingomonadales|f__Sphingomonadaceae|g__|s__|ASV_13106",0,0,0,0.000700395810642181,1.66703436565588e-06,0.000372719103979557,0.000999000999000999,0.000233850121873466,"***","EsteroZacatecas","metastat"
"260","ColaDeBallena - EsteroZacatecas","k__Bacteria|p__Pseudomonadota|c__Gammaproteobacteria|o__Pseudomonadales|f__Marinomonadaceae|g__Marinomonas|s__|ASV_502",0,0,0,0.000894271654661177,8.41800203661831e-06,0.000837556069596652,0.000999000999000999,0.000233850121873466,"***","EsteroZacatecas","metastat"
"261","ColaDeBallena - EsteroZacatecas","k__Bacteria|p__Verrucomicrobiota|c__Verrucomicrobiia|o__Opitutales|f__Puniceicoccaceae|g__Lentimonas|s__|ASV_8380",0,0,0,0.000702602282794653,4.53993557405548e-06,0.000615083705282966,0.000999000999000999,0.000233850121873466,"***","EsteroZacatecas","metastat"
"262","ColaDeBallena - EsteroZacatecas","k__Bacteria|p__Actinomycetota|c__Acidimicrobiia|o__Microtrichales|f__Microtrichaceae|g__Sva0996_marine_group|s__|ASV_3343",0,0,0,0.000781915961263492,1.23107612444048e-06,0.000320296233254009,0.000999000999000999,0.000233850121873466,"***","EsteroZacatecas","metastat"
"263","ColaDeBallena - EsteroZacatecas","k__Bacteria|p__Actinomycetota|c__Actinobacteria|o__Nitriliruptorales|f__Nitriliruptoraceae|g__|s__|ASV_5403",0.000850244144201882,1.70262346179185e-06,0.000376676636496948,0,0,0,0.000999000999000999,0.000233850121873466,"***","ColaDeBallena","metastat"
"264","ColaDeBallena - EsteroZacatecas","k__Bacteria|p__Rhodothermota|c__Rhodothermia|o__Rhodothermales|f__Rhodothermaceae|g__|s__|ASV_5525",0,0,0,0.000664302706326289,6.28298705563654e-07,0.000228819198197262,0.000999000999000999,0.000233850121873466,"***","EsteroZacatecas","metastat"
"265","ColaDeBallena - EsteroZacatecas","k__Bacteria|p__Rhodothermota|c__Rhodothermia|o__Rhodothermales|f__Rhodothermaceae|g__|s__|ASV_12020",0,0,0,0.000744378639777312,3.09880097242399e-06,0.000508166719068325,0.000999000999000999,0.000233850121873466,"***","EsteroZacatecas","metastat"
"266","ColaDeBallena - EsteroZacatecas","k__Bacteria|p__Actinomycetota|c__Acidimicrobiia|o__Microtrichales|f__Microtrichaceae|g__|s__|ASV_15908",0.00133954850542501,6.07726788591373e-06,0.000711645270126072,0,0,0,0.000999000999000999,0.000233850121873466,"***","ColaDeBallena","metastat"
"267","ColaDeBallena - EsteroZacatecas","k__Bacteria|p__Pseudomonadota|c__Alphaproteobacteria|o__Rhodobacterales|f__Paracoccaceae|g__Palleronia-Pseudomaribius|s__|ASV_8753",0,0,0,0.000790650586652988,1.21305081164014e-06,0.000317942711249493,0.000999000999000999,0.000233850121873466,"***","EsteroZacatecas","metastat"
"268","ColaDeBallena - EsteroZacatecas","k__Bacteria|p__Pseudomonadota|c__Gammaproteobacteria|o__Pseudomonadales|f__Halieaceae|g__Pseudohaliea|s__|ASV_13386",0,0,0,0.000754597186581574,4.15236160845234e-07,0.00018601885228054,0.000999000999000999,0.000233850121873466,"***","EsteroZacatecas","metastat"
"269","ColaDeBallena - EsteroZacatecas","k__Bacteria|p__Calditrichota|c__Calditrichia|o__Calditrichales|f__Calditrichaceae|g__Caldithrix|s__|ASV_13974",0.00124213924023863,2.36282002453861e-06,0.0004437360349482,0,0,0,0.000999000999000999,0.000233850121873466,"***","ColaDeBallena","metastat"
"270","ColaDeBallena - EsteroZacatecas","k__Bacteria|p__Pseudomonadota|c__Alphaproteobacteria|o__Sphingomonadales|f__Sphingomonadaceae|g__|s__|ASV_8622",0,0,0,0.000745505564669018,5.9175182860795e-07,0.000222064523019765,0.000999000999000999,0.000233850121873466,"***","EsteroZacatecas","metastat"
"271","ColaDeBallena - EsteroZacatecas","k__Bacteria|p__Cyanobacteriota|c__Cyanobacteriia|o__Phormidesmiales|f__Phormidesmiaceae|g__Phormidesmis_ANT.LACV5.1|s__|ASV_2907",0,0,0,0.000729459490668081,3.10076976945633e-06,0.000508328123152779,0.000999000999000999,0.000233850121873466,"***","EsteroZacatecas","metastat"
"272","ColaDeBallena - EsteroZacatecas","k__Bacteria|p__Pseudomonadota|c__Alphaproteobacteria|o__Hyphomicrobiales|f__Methyloligellaceae|g__Methyloceanibacter|s__|ASV_12775",4.16154476541692e-05,2.07821458014828e-08,4.16154476541692e-05,0.000661588060161092,4.12018523174114e-07,0.000185296726714684,0.000999000999000999,0.000233850121873466,"***","EsteroZacatecas","metastat"
"273","ColaDeBallena - EsteroZacatecas","k__Bacteria|p__Bacteroidota|c__Bacteroidia|o__Flavobacteriales|f__Flavobacteriaceae|g__Actibacter|s__|ASV_4251",0,0,0,0.000732947598211069,1.05099268760982e-06,0.000295943785147594,0.000999000999000999,0.000233850121873466,"***","EsteroZacatecas","metastat"
"274","ColaDeBallena - EsteroZacatecas","k__Bacteria|p__Bacteroidota|c__Bacteroidia|o__Flavobacteriales|f__Flavobacteriaceae|g__|s__|ASV_621",0,0,0,0.000645206524485142,1.61612578559089e-06,0.000366983853594734,0.000999000999000999,0.000233850121873466,"***","EsteroZacatecas","metastat"
"275","ColaDeBallena - EsteroZacatecas","k__Bacteria|p__Pseudomonadota|c__Gammaproteobacteria|o__Pseudomonadales|f__Nitrincolaceae|g__Marinobacterium|s__|ASV_15550",0.00100795183065016,5.92238130921418e-07,0.00022215575071734,0,0,0,0.000999000999000999,0.000233850121873466,"***","ColaDeBallena","metastat"
"276","ColaDeBallena - EsteroZacatecas","k__Bacteria|p__Pseudomonadota|c__Gammaproteobacteria|o__Steroidobacterales|f__Woeseiaceae|g__Woeseia|s__|ASV_13326",0.00109837635060356,1.79498932133856e-06,0.000386758895754035,0,0,0,0.000999000999000999,0.000233850121873466,"***","ColaDeBallena","metastat"
"277","ColaDeBallena - EsteroZacatecas","k__Bacteria|p__Acidobacteriota|c__Thermoanaerobaculia|o__Thermoanaerobaculales|f__Thermoanaerobaculaceae|g__Subgroup_10|s__|ASV_6086",0,0,0,0.000753594567093243,1.75010896884868e-06,0.000381893197204039,0.000999000999000999,0.000233850121873466,"***","EsteroZacatecas","metastat"
"278","ColaDeBallena - EsteroZacatecas","k__Bacteria|p__Bacteroidota|c__Bacteroidia|o__Chitinophagales|f__Saprospiraceae|g__|s__|ASV_4173",0,0,0,0.000694643160528085,9.48824209394365e-07,0.000281191543464943,0.000999000999000999,0.000233850121873466,"***","EsteroZacatecas","metastat"
"279","ColaDeBallena - EsteroZacatecas","k__Bacteria|p__Bacteroidota|c__Bacteroidia|o__Flavobacteriales|f__Flavobacteriaceae|g__Flavimarina|s__|ASV_13262",0,0,0,0.000823626139755391,1.49290042356239e-06,0.000352715705108518,0.000999000999000999,0.000233850121873466,"***","EsteroZacatecas","metastat"
"280","ColaDeBallena - EsteroZacatecas","k__Bacteria|p__Deinococcota|c__Deinococci|o__Deinococcales|f__Trueperaceae|g__Truepera|s__|ASV_14618",0,0,0,0.00071689480199836,5.31463604730647e-06,0.000665497060305708,0.000999000999000999,0.000233850121873466,"***","EsteroZacatecas","metastat"
"281","ColaDeBallena - EsteroZacatecas","k__Bacteria|p__Bacteroidota|c__Bacteroidia|o__Chitinophagales|f__Saprospiraceae|g__|s__|ASV_14110",0,0,0,0.000720021478606819,6.22117115586181e-06,0.000720021478606819,0.000999000999000999,0.000233850121873466,"***","EsteroZacatecas","metastat"
"282","ColaDeBallena - EsteroZacatecas","k__Bacteria|p__Rhodothermota|c__Rhodothermia|o__Rhodothermales|f__Rhodothermaceae|g__Rubrivirga|s__|ASV_238",0,0,0,0.000685670420055005,7.8602666940194e-07,0.000255934019720243,0.000999000999000999,0.000233850121873466,"***","EsteroZacatecas","metastat"
"283","ColaDeBallena - EsteroZacatecas","k__Bacteria|p__Rhodothermota|c__Rhodothermia|o__Rhodothermales|f__Rhodothermaceae|g__Rubrivirga|s__|ASV_7369",0.000728491849141375,8.73978304067278e-07,0.000269873165281285,0,0,0,0.000999000999000999,0.000233850121873466,"***","ColaDeBallena","metastat"
"284","ColaDeBallena - EsteroZacatecas","k__Bacteria|p__Actinomycetota|c__Actinobacteria|o__Nitriliruptorales|f__Nitriliruptoraceae|g__|s__|ASV_9726",0.000818896351987529,1.41561555577738e-06,0.000343464645897432,0,0,0,0.000999000999000999,0.000233850121873466,"***","ColaDeBallena","metastat"
"285","ColaDeBallena - EsteroZacatecas","k__Bacteria|p__Pseudomonadota|c__Alphaproteobacteria|o__Rhodobacterales|f__Paracoccaceae|g__Palleronia-Pseudomaribius|s__|ASV_11178",0.000664951362688319,2.49961710548292e-06,0.000456400509921834,0,0,0,0.000999000999000999,0.000233850121873466,"***","ColaDeBallena","metastat"
"286","ColaDeBallena - EsteroZacatecas","k__Bacteria|p__Verrucomicrobiota|c__Verrucomicrobiia|o__Verrucomicrobiales|f__DEV007|g__|s__|ASV_11556",0,0,0,0.000722451719404911,1.29009321629759e-06,0.000327883772127867,0.000999000999000999,0.000233850121873466,"***","EsteroZacatecas","metastat"
"287","ColaDeBallena - EsteroZacatecas","k__Bacteria|p__Pseudomonadota|c__Alphaproteobacteria|o__Rhodobacterales|f__Paracoccaceae|g__Maribius|s__|ASV_14792",0,0,0,0.000714689387094887,9.10944109137816e-07,0.000275521340543374,0.000999000999000999,0.000233850121873466,"***","EsteroZacatecas","metastat"
"288","ColaDeBallena - EsteroZacatecas","k__Bacteria|p__Actinomycetota|c__Acidimicrobiia|o__Microtrichales|f__Microtrichaceae|g__|s__|ASV_159",0,0,0,0.000505063756100121,3.06107277271155e-06,0.000505063756100121,0.000999000999000999,0.000233850121873466,"***","EsteroZacatecas","metastat"
"289","ColaDeBallena - EsteroZacatecas","k__Bacteria|p__Chloroflexota|c__Anaerolineae|o__Caldilineales|f__Caldilineaceae|g__|s__|ASV_6747",0,0,0,0.000567169282342626,5.58181348637914e-07,0.000215673624689003,0.000999000999000999,0.000233850121873466,"***","EsteroZacatecas","metastat"
"290","ColaDeBallena - EsteroZacatecas","k__Bacteria|p__Pseudomonadota|c__Alphaproteobacteria|o__Hyphomicrobiales|f__Rhizobiaceae|g__|s__|ASV_8528",0,0,0,0.000709797764432449,1.21944910895375e-06,0.000318780110859318,0.000999000999000999,0.000233850121873466,"***","EsteroZacatecas","metastat"
"291","ColaDeBallena - EsteroZacatecas","k__Bacteria|p__Pseudomonadota|c__Alphaproteobacteria|o__Rhodobacterales|f__Paracoccaceae|g__|s__|ASV_15311",0.00106442734828574,2.9756704761642e-06,0.000497968412331897,0,0,0,0.000999000999000999,0.000233850121873466,"***","ColaDeBallena","metastat"
"292","ColaDeBallena - EsteroZacatecas","k__Bacteria|p__Pseudomonadota|c__Alphaproteobacteria|o__Rhodobacterales|f__Paracoccaceae|g__|s__|ASV_10303",0,0,0,0.000569616510043267,6.13215676400071e-07,0.000226055980603639,0.000999000999000999,0.000233850121873466,"***","EsteroZacatecas","metastat"
"293","ColaDeBallena - EsteroZacatecas","k__Bacteria|p__Pseudomonadota|c__Gammaproteobacteria|o__Enterobacterales|f__Vibrionaceae|g__Vibrio|s__|ASV_5703",0,0,0,0.000607219648210663,1.66026277867661e-06,0.000371961330727247,0.000999000999000999,0.000233850121873466,"***","EsteroZacatecas","metastat"
"294","ColaDeBallena - EsteroZacatecas","k__Bacteria|p__Pseudomonadota|c__Alphaproteobacteria|o__Rhodobacterales|f__Paracoccaceae|g__|s__|ASV_12166",0,0,0,0.000716401725124656,2.47102994253375e-06,0.000453783166146357,0.000999000999000999,0.000233850121873466,"***","EsteroZacatecas","metastat"
"295","ColaDeBallena - EsteroZacatecas","k__Bacteria|p__Pseudomonadota|c__Alphaproteobacteria|o__Rhodobacterales|f__Paracoccaceae|g__Palleronia-Pseudomaribius|s__|ASV_9024",0.000631023600557663,1.32070331608867e-06,0.00033175082467728,0,0,0,0.000999000999000999,0.000233850121873466,"***","ColaDeBallena","metastat"
"296","ColaDeBallena - EsteroZacatecas","k__Bacteria|p__Pseudomonadota|c__Alphaproteobacteria|o__Rhodobacterales|f__Paracoccaceae|g__Palleronia-Pseudomaribius|s__|ASV_7175",0.000665883606757104,1.61876238107733e-06,0.000367283085765976,0,0,0,0.000999000999000999,0.000233850121873466,"***","ColaDeBallena","metastat"
"297","ColaDeBallena - EsteroZacatecas","k__Bacteria|p__Pseudomonadota|c__Alphaproteobacteria|o__Rhodobacterales|f__Paracoccaceae|g__|s__|ASV_8503",0,0,0,0.000694077529997939,8.36578264837276e-07,0.000264035708575765,0.000999000999000999,0.000233850121873466,"***","EsteroZacatecas","metastat"
"298","ColaDeBallena - EsteroZacatecas","k__Bacteria|p__Pseudomonadota|c__Gammaproteobacteria|o__Pseudomonadales|f__Marinomonadaceae|g__Marinomonas|s__|ASV_3667",0,0,0,0.000758792987584303,5.90107523554369e-06,0.000701253356233423,0.000999000999000999,0.000233850121873466,"***","EsteroZacatecas","metastat"
"299","ColaDeBallena - EsteroZacatecas","k__Bacteria|p__Thermodesulfobacteriota|c__Desulfobacteria|o__Desulfobacterales|f__Desulfosarcinaceae|g__Sva0081_sediment_group|s__|ASV_12562",0.00110943767448321,2.12053446632458e-06,0.000420370319512508,0,0,0,0.000999000999000999,0.000233850121873466,"***","ColaDeBallena","metastat"
"300","ColaDeBallena - EsteroZacatecas","k__Bacteria|p__Actinomycetota|c__Actinobacteria|o__Nitriliruptorales|f__Nitriliruptoraceae|g__|s__|ASV_954",0.000651762109352687,1.38880731635953e-06,0.000340196918019491,0,0,0,0.000999000999000999,0.000233850121873466,"***","ColaDeBallena","metastat"
"301","ColaDeBallena - EsteroZacatecas","k__Bacteria|p__Pseudomonadota|c__Alphaproteobacteria|o__Hyphomicrobiales|f__Rhizobiaceae|g__Pseudahrensia|s__|ASV_1482",0,0,0,0.00060277328867003,6.20024424317904e-07,0.000227307505433701,0.000999000999000999,0.000233850121873466,"***","EsteroZacatecas","metastat"
"302","ColaDeBallena - EsteroZacatecas","k__Bacteria|p__Pseudomonadota|c__Alphaproteobacteria|o__Rhodobacterales|f__Paracoccaceae|g__|s__|ASV_12197",0.000687435257602782,9.48429701080826e-07,0.000281133079560912,0,0,0,0.000999000999000999,0.000233850121873466,"***","ColaDeBallena","metastat"
"303","ColaDeBallena - EsteroZacatecas","k__Archaea|p__Halobacteriota|c__Halobacteria|o__Halobacterales|f__Halomicrobiaceae|g__Halomarina|s__|ASV_13588",0.000683127804859751,8.23548154187817e-07,0.000261971397005446,0,0,0,0.000999000999000999,0.000233850121873466,"***","ColaDeBallena","metastat"
"304","ColaDeBallena - EsteroZacatecas","k__Bacteria|p__Bacteroidota|c__Bacteroidia|o__Flavobacteriales|f__Flavobacteriaceae|g__Robiginitalea|s__|ASV_8414",0.00121226035178057,3.04759422364754e-06,0.000503950578235566,0,0,0,0.000999000999000999,0.000233850121873466,"***","ColaDeBallena","metastat"
"305","ColaDeBallena - EsteroZacatecas","k__Bacteria|p__Cyanobacteriota|c__Cyanobacteriia|o__Cyanobacteriales|f__Xenococcaceae|g__Pleurocapsa_PCC-7319|s__|ASV_7227",0,0,0,0.000588502012038802,8.51732962783391e-07,0.000266416491416383,0.000999000999000999,0.000233850121873466,"***","EsteroZacatecas","metastat"
"306","ColaDeBallena - EsteroZacatecas","k__Bacteria|p__Cyanobacteriota|c__Cyanobacteriia|o__Phormidesmiales|f__Phormidesmiaceae|g__Phormidesmis_ANT.LACV5.1|s__|ASV_5824",0,0,0,0.000618005680272111,9.32614016883275e-07,0.00027877918634696,0.000999000999000999,0.000233850121873466,"***","EsteroZacatecas","metastat"
"307","ColaDeBallena - EsteroZacatecas","k__Bacteria|p__Myxococcota|c__Polyangiia|o__Haliangiales|f__Haliangiaceae|g__|s__|ASV_3182",0,0,0,0.00066898562510495,1.01471987736768e-06,0.000290792004327216,0.000999000999000999,0.000233850121873466,"***","EsteroZacatecas","metastat"
"308","ColaDeBallena - EsteroZacatecas","k__Bacteria|p__Cyanobacteriota|c__Cyanobacteriia|o__Cyanobacteriales|f__Nostocaceae|g__Rivularia_PCC-7116|s__|ASV_10615",0,0,0,0.000571329858350166,7.15288635494325e-07,0.000244146239559805,0.000999000999000999,0.000233850121873466,"***","EsteroZacatecas","metastat"
"309","ColaDeBallena - EsteroZacatecas","k__Bacteria|p__Myxococcota|c__Polyangiia|o__Polyangiales|f__Sandaracinaceae|g__|s__|ASV_1071",0.0008625700151111,1.06304304222169e-06,0.00029763554926309,1.0932115932903e-05,1.43413390524519e-09,1.0932115932903e-05,0.000999000999000999,0.000233850121873466,"***","ColaDeBallena","metastat"
"310","ColaDeBallena - EsteroZacatecas","k__Bacteria|p__Acidobacteriota|c__Thermoanaerobaculia|o__Thermoanaerobaculales|f__Thermoanaerobaculaceae|g__Subgroup_10|s__|ASV_12805",0,0,0,0.000596239512120602,1.58178288552738e-07,0.000114810818506191,0.000999000999000999,0.000233850121873466,"***","EsteroZacatecas","metastat"
"311","ColaDeBallena - EsteroZacatecas","k__Bacteria|p__Bacteroidota|c__Bacteroidia|o__Chitinophagales|f__Saprospiraceae|g__|s__|ASV_5174",0,0,0,0.000611386524274167,2.19048895543309e-06,0.000427247874524954,0.000999000999000999,0.000233850121873466,"***","EsteroZacatecas","metastat"
"312","ColaDeBallena - EsteroZacatecas","k__Bacteria|p__Cyanobacteriota|c__Cyanobacteriia|o__Cyanobacteriales|f__Xenococcaceae|g__Chroococcidiopsis_PCC-6712|s__|ASV_1997",0,0,0,0.000551334503328118,7.91153098698868e-07,0.000256767258215631,0.000999000999000999,0.000233850121873466,"***","EsteroZacatecas","metastat"
"313","ColaDeBallena - EsteroZacatecas","k__Bacteria|p__Bacteroidota|c__Bacteroidia|o__Chitinophagales|f__Saprospiraceae|g__Lewinella|s__|ASV_9304",0,0,0,0.000511385283428737,1.05596858669338e-06,0.000296643527191221,0.000999000999000999,0.000233850121873466,"***","EsteroZacatecas","metastat"
"314","ColaDeBallena - EsteroZacatecas","k__Bacteria|p__Cyanobacteriota|c__Cyanobacteriia|o__Phormidesmiales|f__Phormidesmiaceae|g__Phormidium_MBIC10003|s__|ASV_546",0,0,0,0.000621384958238615,8.7556752236231e-07,0.00027011841884044,0.000999000999000999,0.000233850121873466,"***","EsteroZacatecas","metastat"
"315","ColaDeBallena - EsteroZacatecas","k__Bacteria|p__Actinomycetota|c__Actinobacteria|o__Propionibacteriales|f__Nocardioidaceae|g__Nocardioides|s__|ASV_13377",0.000668881293458689,5.54560030377478e-07,0.000214972872392751,0,0,0,0.000999000999000999,0.000233850121873466,"***","ColaDeBallena","metastat"
"316","ColaDeBallena - EsteroZacatecas","k__Bacteria|p__Bacteroidota|c__Bacteroidia|o__Cytophagales|f__Cyclobacteriaceae|g__Marivirga|s__|ASV_7231",0,0,0,0.000593348420540257,4.322034345611e-07,0.000189781329113513,0.000999000999000999,0.000233850121873466,"***","EsteroZacatecas","metastat"
"317","ColaDeBallena - EsteroZacatecas","k__Bacteria|p__Bacteroidota|c__Bacteroidia|o__Flavobacteriales|f__Cryomorphaceae|g__Owenweeksia|s__|ASV_3656",0,0,0,0.000513245138512066,4.48024346933275e-07,0.000193223606850818,0.000999000999000999,0.000233850121873466,"***","EsteroZacatecas","metastat"
"318","ColaDeBallena - EsteroZacatecas","k__Bacteria|p__Pseudomonadota|c__Gammaproteobacteria|o__Enterobacterales|f__Alteromonadaceae|g__Aestuariibacter|s__|ASV_12294",0,0,0,0.000636909500004362,1.42694038965674e-06,0.000344835756756838,0.000999000999000999,0.000233850121873466,"***","EsteroZacatecas","metastat"
"319","ColaDeBallena - EsteroZacatecas","k__Bacteria|p__Actinomycetota|c__Actinobacteria|o__Euzebyales|f__Euzebyaceae|g__|s__|ASV_3446",0.0007026562816897,2.45212999545286e-06,0.000452044429550612,0,0,0,0.000999000999000999,0.000233850121873466,"***","ColaDeBallena","metastat"
"320","ColaDeBallena - EsteroZacatecas","k__Bacteria|p__Bacteroidota|c__Bacteroidia|o__Cytophagales|f__Cyclobacteriaceae|g__Tunicatimonas|s__|ASV_11136",0.00070876076482021,5.08549589792903e-07,0.000205861925772451,0,0,0,0.000999000999000999,0.000233850121873466,"***","ColaDeBallena","metastat"
"321","ColaDeBallena - EsteroZacatecas","k__Bacteria|p__Cyanobacteriota|c__Cyanobacteriia|o__Cyanobacteriales|f__Paraspirulinaceae|g__ESFC-1|s__|ASV_1387",0,0,0,0.00047064005904408,1.84582607279404e-06,0.000392197449506627,0.000999000999000999,0.000233850121873466,"***","EsteroZacatecas","metastat"
"322","ColaDeBallena - EsteroZacatecas","k__Bacteria|p__Pseudomonadota|c__Gammaproteobacteria|o__Enterobacterales|f__Vibrionaceae|g__Vibrio|s__|ASV_2958",0.000919205577426487,1.34295896108088e-06,0.00033453437305715,0,0,0,0.000999000999000999,0.000233850121873466,"***","ColaDeBallena","metastat"
"323","ColaDeBallena - EsteroZacatecas","k__Bacteria|p__Pseudomonadota|c__Alphaproteobacteria|o__Caulobacterales|f__Hyphomonadaceae|g__|s__|ASV_13826",0,0,0,0.000588928505388406,9.37600687640057e-07,0.000279523506411664,0.000999000999000999,0.000233850121873466,"***","EsteroZacatecas","metastat"
"324","ColaDeBallena - EsteroZacatecas","k__Bacteria|p__Pseudomonadota|c__Alphaproteobacteria|o__Hyphomicrobiales|f__Rhizobiaceae|g__Pseudahrensia|s__|ASV_13404",0,0,0,0.00060074028014761,1.83484689835826e-07,0.000123654319858435,0.000999000999000999,0.000233850121873466,"***","EsteroZacatecas","metastat"
"325","ColaDeBallena - EsteroZacatecas","k__Bacteria|p__Bacteroidota|c__Bacteroidia|o__Cytophagales|f__Cyclobacteriaceae|g__Tunicatimonas|s__|ASV_2268",0,0,0,0.000546284677954859,8.00988839258545e-07,0.000258358413716705,0.000999000999000999,0.000233850121873466,"***","EsteroZacatecas","metastat"
"326","ColaDeBallena - EsteroZacatecas","k__Bacteria|p__Pseudomonadota|c__Alphaproteobacteria|o__Rhodobacterales|f__Paracoccaceae|g__|s__|ASV_10218",0.000607427417688465,5.8837397994401e-07,0.0002214298195712,0,0,0,0.000999000999000999,0.000233850121873466,"***","ColaDeBallena","metastat"
"327","ColaDeBallena - EsteroZacatecas","k__Bacteria|p__Actinomycetota|c__Actinobacteria|o__Propionibacteriales|f__Propionibacteriaceae|g__|s__|ASV_8927",0,0,0,0.000670624755533333,5.73307405233511e-07,0.000218576341589827,0.000999000999000999,0.000233850121873466,"***","EsteroZacatecas","metastat"
"328","ColaDeBallena - EsteroZacatecas","k__Bacteria|p__Cyanobacteriota|c__Cyanobacteriia|o__Cyanobacteriales|f__Xenococcaceae|g__Pleurocapsa_PCC-7319|s__|ASV_6643",0,0,0,0.00052433144660833,5.35586625059096e-07,0.00021126338716144,0.000999000999000999,0.000233850121873466,"***","EsteroZacatecas","metastat"
"329","ColaDeBallena - EsteroZacatecas","k__Bacteria|p__Pseudomonadota|c__Gammaproteobacteria|o__Beggiatoales|f__Leucotrichaceae|g__|s__|ASV_713",0.00107144427616928,2.94946251836347e-06,0.000495770655844975,0,0,0,0.000999000999000999,0.000233850121873466,"***","ColaDeBallena","metastat"
"330","ColaDeBallena - EsteroZacatecas","k__Bacteria|p__Actinomycetota|c__Acidimicrobiia|o__Microtrichales|f__Ilumatobacteraceae|g__Ilumatobacter|s__|ASV_9295",0.00101336660468546,1.49328884142018e-06,0.000352761586322852,0,0,0,0.000999000999000999,0.000233850121873466,"***","ColaDeBallena","metastat"
"331","ColaDeBallena - EsteroZacatecas","k__Bacteria|p__Pseudomonadota|c__Alphaproteobacteria|o__Rhodobacterales|f__Paracoccaceae|g__Palleronia-Pseudomaribius|s__|ASV_10722",0.000681298089690193,5.42758643379328e-07,0.000212673192829462,0,0,0,0.000999000999000999,0.000233850121873466,"***","ColaDeBallena","metastat"
"332","ColaDeBallena - EsteroZacatecas","k__Bacteria|p__Cyanobacteriota|c__Cyanobacteriia|o__Cyanobacteriales|f__Microcystaceae|g__Synechocystis_BDHKU-20401|s__|ASV_1439",0,0,0,0.00045767536202294,1.41463662343202e-06,0.000343345868310661,0.000999000999000999,0.000233850121873466,"***","EsteroZacatecas","metastat"
"333","ColaDeBallena - EsteroZacatecas","k__Bacteria|p__Pseudomonadota|c__Alphaproteobacteria|o__Caulobacterales|f__Hyphomonadaceae|g__Henriciella|s__|ASV_13571",0,0,0,0.000609958208228283,7.56042264974015e-07,0.000251005024015791,0.000999000999000999,0.000233850121873466,"***","EsteroZacatecas","metastat"
"334","ColaDeBallena - EsteroZacatecas","k__Bacteria|p__Pseudomonadota|c__Alphaproteobacteria|o__Rhodobacterales|f__Paracoccaceae|g__|s__|ASV_13876",0,0,0,0.00052884157094503,4.77248873812508e-07,0.000199426025092954,0.000999000999000999,0.000233850121873466,"***","EsteroZacatecas","metastat"
"335","ColaDeBallena - EsteroZacatecas","k__Bacteria|p__Rhodothermota|c__Rhodothermia|o__Rhodothermales|f__Rhodothermaceae|g__|s__|ASV_12226",0,0,0,0.000530129099114637,5.91081347208546e-07,0.000221938682824886,0.000999000999000999,0.000233850121873466,"***","EsteroZacatecas","metastat"
"336","ColaDeBallena - EsteroZacatecas","k__Bacteria|p__Pseudomonadota|c__Gammaproteobacteria|o__Enterobacterales|f__Alteromonadaceae|g__Alteromonas|s__|ASV_3135",0,0,0,0.000553468228101348,6.56320858460108e-07,0.000233866211479289,0.000999000999000999,0.000233850121873466,"***","EsteroZacatecas","metastat"
"337","ColaDeBallena - EsteroZacatecas","k__Bacteria|p__Cyanobacteriota|c__Cyanobacteriia|o__Phormidesmiales|f__Nodosilineaceae|g__|s__|ASV_398",0,0,0,0.000541045520615128,5.61205084784048e-07,0.000216257000808461,0.000999000999000999,0.000233850121873466,"***","EsteroZacatecas","metastat"
"338","ColaDeBallena - EsteroZacatecas","k__Bacteria|p__Deinococcota|c__Deinococci|o__Deinococcales|f__Trueperaceae|g__Truepera|s__|ASV_2935",0,0,0,0.000601584120403141,6.79172641459688e-07,0.000237902753497392,0.000999000999000999,0.000233850121873466,"***","EsteroZacatecas","metastat"
"339","ColaDeBallena - EsteroZacatecas","k__Bacteria|p__Pseudomonadota|c__Gammaproteobacteria|o__Enterobacterales|f__Alteromonadaceae|g__Alteromonas|s__|ASV_1591",0,0,0,0.000661377861143838,2.01736416831713e-06,0.000410016683432631,0.000999000999000999,0.000233850121873466,"***","EsteroZacatecas","metastat"
"340","ColaDeBallena - EsteroZacatecas","k__Bacteria|p__Bacteroidota|c__Bacteroidia|o__Cytophagales|f__Flammeovirgaceae|g__|s__|ASV_9450",0,0,0,0.000613717098654233,1.32874093439744e-06,0.000332758788313376,0.000999000999000999,0.000233850121873466,"***","EsteroZacatecas","metastat"
"341","ColaDeBallena - EsteroZacatecas","k__Bacteria|p__Bdellovibrionota|c__Oligoflexia|o__Oligoflexales|f__Oligoflexaceae|g__|s__|ASV_2184",0.000768346809338941,4.11006647755145e-07,0.000185069051922777,0,0,0,0.000999000999000999,0.000233850121873466,"***","ColaDeBallena","metastat"
"342","ColaDeBallena - EsteroZacatecas","k__Bacteria|p__Pseudomonadota|c__Gammaproteobacteria|o__Enterobacterales|f__Vibrionaceae|g__Vibrio|s__|ASV_1505",0.000774800820345358,8.12966428167209e-07,0.00026028292749865,0,0,0,0.000999000999000999,0.000233850121873466,"***","ColaDeBallena","metastat"
"343","ColaDeBallena - EsteroZacatecas","k__Bacteria|p__Pseudomonadota|c__Gammaproteobacteria|o__Pseudomonadales|f__Halomonadaceae|g__Halomonas|s__|ASV_7291",0.00060791434429443,8.8292217287349e-07,0.000271250525786509,0,0,0,0.000999000999000999,0.000233850121873466,"***","ColaDeBallena","metastat"
"344","ColaDeBallena - EsteroZacatecas","k__Bacteria|p__Acidobacteriota|c__Thermoanaerobaculia|o__Thermoanaerobaculales|f__Thermoanaerobaculaceae|g__Subgroup_10|s__|ASV_11724",0.00120707358766377,9.66975875945315e-06,0.000897671003182362,0,0,0,0.000999000999000999,0.000233850121873466,"***","ColaDeBallena","metastat"
"345","ColaDeBallena - EsteroZacatecas","k__Bacteria|p__Bacteroidota|c__Bacteroidia|o__Flavobacteriales|f__Flavobacteriaceae|g__Maritimimonas|s__|ASV_8338",0.00123138958546839,1.06975650669514e-05,0.000944173583394114,0,0,0,0.000999000999000999,0.000233850121873466,"***","ColaDeBallena","metastat"
"346","ColaDeBallena - EsteroZacatecas","k__Bacteria|p__Bacteroidota|c__Bacteroidia|o__Cytophagales|f__Cyclobacteriaceae|g__Tunicatimonas|s__|ASV_15859",0,0,0,0.000535157884254504,1.00648723095864e-06,0.000289609972054175,0.000999000999000999,0.000233850121873466,"***","EsteroZacatecas","metastat"
"347","ColaDeBallena - EsteroZacatecas","k__Bacteria|p__Pseudomonadota|c__Alphaproteobacteria|o__Hyphomicrobiales|f__Rhizobiaceae|g__Pseudahrensia|s__|ASV_14095",0,0,0,0.000492655285200198,5.45575037200934e-07,0.000213224263238055,0.000999000999000999,0.000233850121873466,"***","EsteroZacatecas","metastat"
"348","ColaDeBallena - EsteroZacatecas","k__Bacteria|p__Bacteroidota|c__Bacteroidia|o__Chitinophagales|f__Saprospiraceae|g__|s__|ASV_71",0,0,0,0.000581853495177785,9.66609979152313e-07,0.000283814783963109,0.000999000999000999,0.000233850121873466,"***","EsteroZacatecas","metastat"
"349","ColaDeBallena - EsteroZacatecas","k__Bacteria|p__Cyanobacteriota|c__Cyanobacteriia|o__Cyanobacteriales|f__Microcystaceae|g__UCYN-C|s__|ASV_7308",0,0,0,0.000571261828118382,5.44077101276574e-07,0.000212931346775703,0.000999000999000999,0.000233850121873466,"***","EsteroZacatecas","metastat"
"350","ColaDeBallena - EsteroZacatecas","k__Bacteria|p__Pseudomonadota|c__Gammaproteobacteria|o__Steroidobacterales|f__Woeseiaceae|g__Woeseia|s__|ASV_4265",0,0,0,0.000447695097588175,1.42254901336419e-06,0.000344304735828137,0.000999000999000999,0.000233850121873466,"***","EsteroZacatecas","metastat"
"351","ColaDeBallena - EsteroZacatecas","k__Bacteria|p__Bacteroidota|c__Bacteroidia|o__Chitinophagales|f__Saprospiraceae|g__|s__|ASV_495",0,0,0,0.000561148052658162,3.84721024559976e-07,0.000179053303180919,0.000999000999000999,0.000233850121873466,"***","EsteroZacatecas","metastat"
"352","ColaDeBallena - EsteroZacatecas","k__Bacteria|p__Pseudomonadota|c__Alphaproteobacteria|o__Rhodobacterales|f__Paracoccaceae|g__Allosediminivita|s__|ASV_14720",0.000677070368656707,8.54118992023236e-07,0.000266789397594063,0,0,0,0.000999000999000999,0.000233850121873466,"***","ColaDeBallena","metastat"
"353","ColaDeBallena - EsteroZacatecas","k__Bacteria|p__Pseudomonadota|c__Alphaproteobacteria|o__Caulobacterales|f__Hyphomonadaceae|g__Algimonas|s__|ASV_7416",0,0,0,0.000574596741262253,6.71769089545957e-07,0.000236602530548942,0.000999000999000999,0.000233850121873466,"***","EsteroZacatecas","metastat"
"354","ColaDeBallena - EsteroZacatecas","k__Bacteria|p__Verrucomicrobiota|c__Verrucomicrobiia|o__Verrucomicrobiales|f__DEV007|g__|s__|ASV_5482",0,0,0,0.000524108799663568,4.98783814281361e-07,0.000203875741216997,0.000999000999000999,0.000233850121873466,"***","EsteroZacatecas","metastat"
"355","ColaDeBallena - EsteroZacatecas","k__Bacteria|p__Bacteroidota|c__Bacteroidia|o__Chitinophagales|f__Saprospiraceae|g__Lewinella|s__|ASV_8923",0,0,0,0.00056116650211313,7.9685979826305e-07,0.000257691643614199,0.000999000999000999,0.000233850121873466,"***","EsteroZacatecas","metastat"
"356","ColaDeBallena - EsteroZacatecas","k__Bacteria|p__Pseudomonadota|c__Alphaproteobacteria|o__Rhodobacterales|f__Paracoccaceae|g__Limibaculum|s__|ASV_7044",0,0,0,0.000613847140258393,8.53030910550119e-07,0.000266619408919362,0.000999000999000999,0.000233850121873466,"***","EsteroZacatecas","metastat"
"357","ColaDeBallena - EsteroZacatecas","k__Bacteria|p__Pseudomonadota|c__Alphaproteobacteria|o__Rhodobacterales|f__Paracoccaceae|g__|s__|ASV_11336",0,0,0,0.000574460576555375,5.49962928063558e-07,0.000214079994406989,0.000999000999000999,0.000233850121873466,"***","EsteroZacatecas","metastat"
"358","ColaDeBallena - EsteroZacatecas","k__Bacteria|p__Pseudomonadota|c__Alphaproteobacteria|o__Sphingomonadales|f__Sphingomonadaceae|g__|s__|ASV_13125",0.000568438807556876,5.58431816823218e-07,0.000215722007999342,0,0,0,0.000999000999000999,0.000233850121873466,"***","ColaDeBallena","metastat"
"359","ColaDeBallena - EsteroZacatecas","k__Bacteria|p__Pseudomonadota|c__Alphaproteobacteria|o__Rhodobacterales|f__Paracoccaceae|g__Jannaschia|s__|ASV_6611",0.000640900618711637,2.33615634949322e-06,0.000441225221163865,0,0,0,0.000999000999000999,0.000233850121873466,"***","ColaDeBallena","metastat"
"360","ColaDeBallena - EsteroZacatecas","k__Bacteria|p__Pseudomonadota|c__Gammaproteobacteria|o__Steroidobacterales|f__Woeseiaceae|g__Woeseia|s__|ASV_11577",0.000912720291030636,1.11185840746821e-06,0.000304392620293294,4.26391676834468e-05,2.18171834488451e-08,4.26391676834468e-05,0.000999000999000999,0.000233850121873466,"***","ColaDeBallena","metastat"
"361","ColaDeBallena - EsteroZacatecas","k__Bacteria|p__Rhodothermota|c__Rhodothermia|o__Rhodothermales|f__Rhodothermaceae|g__Rubrivirga|s__|ASV_7459",0,0,0,0.000550710149099238,7.46844072419354e-07,0.000249473457576044,0.000999000999000999,0.000233850121873466,"***","EsteroZacatecas","metastat"
"362","ColaDeBallena - EsteroZacatecas","k__Bacteria|p__Rhodothermota|c__Rhodothermia|o__Rhodothermales|f__Rhodothermaceae|g__|s__|ASV_9662",0,0,0,0.00054509489323277,1.19766612862886e-06,0.000315920101796438,0.000999000999000999,0.000233850121873466,"***","EsteroZacatecas","metastat"
"363","ColaDeBallena - EsteroZacatecas","k__Bacteria|p__Bacteroidota|c__Bacteroidia|o__Cytophagales|f__Cyclobacteriaceae|g__Tunicatimonas|s__|ASV_2526",0,0,0,0.000662622452992847,1.63148749178629e-06,0.000368723868202468,0.000999000999000999,0.000233850121873466,"***","EsteroZacatecas","metastat"
"364","ColaDeBallena - EsteroZacatecas","k__Bacteria|p__Planctomycetota|c__Planctomycetes|o__Pirellulales|f__Pirellulaceae|g__Rhodopirellula|s__|ASV_3665",0,0,0,0.000575342643727079,7.27935467416653e-07,0.000246295125715853,0.000999000999000999,0.000233850121873466,"***","EsteroZacatecas","metastat"
"365","ColaDeBallena - EsteroZacatecas","k__Bacteria|p__Pseudomonadota|c__Gammaproteobacteria|o__Pseudomonadales|f__Alcanivoracaceae|g__Ketobacter|s__|ASV_11640",0,0,0,0.000587437039215659,1.05944730913069e-06,0.000297131748153729,0.000999000999000999,0.000233850121873466,"***","EsteroZacatecas","metastat"
"366","ColaDeBallena - EsteroZacatecas","k__Bacteria|p__Pseudomonadota|c__Gammaproteobacteria|o__Steroidobacterales|f__Woeseiaceae|g__Woeseia|s__|ASV_55",0.00105261364145303,4.3119970637501e-06,0.00059944398290903,0,0,0,0.000999000999000999,0.000233850121873466,"***","ColaDeBallena","metastat"
"367","ColaDeBallena - EsteroZacatecas","k__Bacteria|p__Rhodothermota|c__Rhodothermia|o__Rhodothermales|f__Rhodothermaceae|g__|s__|ASV_2058",0,0,0,0.00042022757049468,8.96147362989671e-07,0.000273274490056803,0.000999000999000999,0.000233850121873466,"***","EsteroZacatecas","metastat"
"368","ColaDeBallena - EsteroZacatecas","k__Bacteria|p__Thermodesulfobacteriota|c__Desulfobulbia|o__Desulfobulbales|f__Desulfocapsaceae|g__|s__|ASV_8870",0.000951862505492611,1.86161708265864e-06,0.000393871497938375,0,0,0,0.000999000999000999,0.000233850121873466,"***","ColaDeBallena","metastat"
"369","ColaDeBallena - EsteroZacatecas","k__Bacteria|p__Acidobacteriota|c__Thermoanaerobaculia|o__Thermoanaerobaculales|f__Thermoanaerobaculaceae|g__Subgroup_10|s__|ASV_5785",0.000773528920961755,2.34949012956267e-06,0.000442482591895119,0,0,0,0.000999000999000999,0.000233850121873466,"***","ColaDeBallena","metastat"
"370","ColaDeBallena - EsteroZacatecas","k__Bacteria|p__Pseudomonadota|c__Alphaproteobacteria|o__Rhodobacterales|f__Paracoccaceae|g__|s__|ASV_5674",0,0,0,0.000544221405691927,8.56353075248323e-07,0.000267138084650417,0.000999000999000999,0.000233850121873466,"***","EsteroZacatecas","metastat"
"371","ColaDeBallena - EsteroZacatecas","k__Bacteria|p__Pseudomonadota|c__Gammaproteobacteria|o__Pseudomonadales|f__Pseudohongiellaceae|g__Pseudohongiella|s__|ASV_15449",0.000833453651508405,5.81663219079056e-07,0.000220163427760504,0,0,0,0.000999000999000999,0.000233850121873466,"***","ColaDeBallena","metastat"
"372","ColaDeBallena - EsteroZacatecas","k__Bacteria|p__Pseudomonadota|c__Alphaproteobacteria|o__Rhodobacterales|f__Paracoccaceae|g__Defluviimonas|s__|ASV_15547",0.00102615240908017,4.94205309547716e-06,0.000641745867112855,0,0,0,0.000999000999000999,0.000233850121873466,"***","ColaDeBallena","metastat"
"373","ColaDeBallena - EsteroZacatecas","k__Bacteria|p__Actinomycetota|c__Acidimicrobiia|o__Microtrichales|f__Microtrichaceae|g__|s__|ASV_12371",0,0,0,0.000538738187045466,9.76407641283475e-07,0.000285249545907245,0.000999000999000999,0.000233850121873466,"***","EsteroZacatecas","metastat"
"374","ColaDeBallena - EsteroZacatecas","k__Bacteria|p__Actinomycetota|c__Actinobacteria|o__Euzebyales|f__Euzebyaceae|g__|s__|ASV_15196",0,0,0,0.000437083449182123,7.59742989235714e-07,0.000251618591860067,0.000999000999000999,0.000233850121873466,"***","EsteroZacatecas","metastat"
"375","ColaDeBallena - EsteroZacatecas","k__Bacteria|p__Actinomycetota|c__Actinobacteria|o__Nitriliruptorales|f__Nitriliruptoraceae|g__|s__|ASV_2609",0.000744037059984296,1.17011893984607e-06,0.000312265770864882,0,0,0,0.000999000999000999,0.000233850121873466,"***","ColaDeBallena","metastat"
"376","ColaDeBallena - EsteroZacatecas","k__Bacteria|p__Pseudomonadota|c__Alphaproteobacteria|o__Rhodobacterales|f__Paracoccaceae|g__Jannaschia|s__|ASV_5258",0,0,0,0.000508652195605316,1.24769073467806e-06,0.000322450349495606,0.000999000999000999,0.000233850121873466,"***","EsteroZacatecas","metastat"
"377","ColaDeBallena - EsteroZacatecas","k__Bacteria|p__Verrucomicrobiota|c__Verrucomicrobiia|o__Opitutales|f__Puniceicoccaceae|g__Verruc-01|s__|ASV_3940",0.000949194951832127,1.51811332918311e-06,0.000355681661178352,0,0,0,0.000999000999000999,0.000233850121873466,"***","ColaDeBallena","metastat"
"378","ColaDeBallena - EsteroZacatecas","k__Bacteria|p__Pseudomonadota|c__Alphaproteobacteria|o__Rhodobacterales|f__Paracoccaceae|g__|s__|ASV_12109",0,0,0,0.000553748755095929,7.42065900219459e-07,0.000248674134196318,0.000999000999000999,0.000233850121873466,"***","EsteroZacatecas","metastat"
"379","ColaDeBallena - EsteroZacatecas","k__Bacteria|p__Pseudomonadota|c__Alphaproteobacteria|o__Sphingomonadales|f__Sphingomonadaceae|g__|s__|ASV_15119",0,0,0,0.000626438124909296,3.31212477098971e-06,0.000525366917099351,0.000999000999000999,0.000233850121873466,"***","EsteroZacatecas","metastat"
"380","ColaDeBallena - EsteroZacatecas","k__Bacteria|p__Pseudomonadota|c__Gammaproteobacteria|o__Arenicellales|f__Arenicellaceae|g__|s__|ASV_6615",0.000787750986581546,1.6066690513194e-06,0.000365908578213124,0,0,0,0.000999000999000999,0.000233850121873466,"***","ColaDeBallena","metastat"
"381","ColaDeBallena - EsteroZacatecas","k__Bacteria|p__Pseudomonadota|c__Alphaproteobacteria|o__Rhodobacterales|f__Paracoccaceae|g__Limibaculum|s__|ASV_13202",0.000619786711521643,1.47580942253744e-06,0.000350690915971296,0,0,0,0.000999000999000999,0.000233850121873466,"***","ColaDeBallena","metastat"
"382","ColaDeBallena - EsteroZacatecas","k__Bacteria|p__Pseudomonadota|c__Alphaproteobacteria|o__Sphingomonadales|f__Sphingomonadaceae|g__Croceibacterium|s__|ASV_2710",0,0,0,0.000571299103736175,5.41874667795252e-07,0.000212499934861804,0.000999000999000999,0.000233850121873466,"***","EsteroZacatecas","metastat"
"383","ColaDeBallena - EsteroZacatecas","k__Bacteria|p__Chloroflexota|c__Anaerolineae|o__Aggregatilineales|f__A4b|g__|s__|ASV_4050",0,0,0,0.000514862987232054,5.46944691996025e-07,0.000213491743008956,0.000999000999000999,0.000233850121873466,"***","EsteroZacatecas","metastat"
"384","ColaDeBallena - EsteroZacatecas","k__Bacteria|p__Pseudomonadota|c__Alphaproteobacteria|o__Rhodobacterales|f__Paracoccaceae|g__|s__|ASV_2081",0.000574266110633915,1.03684032121671e-06,0.000293944484726951,0,0,0,0.000999000999000999,0.000233850121873466,"***","ColaDeBallena","metastat"
"385","ColaDeBallena - EsteroZacatecas","k__Bacteria|p__Pseudomonadota|c__Alphaproteobacteria|o__Rhodobacterales|f__Paracoccaceae|g__|s__|ASV_6991",0,0,0,0.000434565507948103,7.78211481835912e-07,0.000254658510204665,0.000999000999000999,0.000233850121873466,"***","EsteroZacatecas","metastat"
"386","ColaDeBallena - EsteroZacatecas","k__Bacteria|p__Pseudomonadota|c__Alphaproteobacteria|o__Rhodobacterales|f__Paracoccaceae|g__|s__|ASV_7269",0,0,0,0.000419262879493935,5.39448234955797e-07,0.000212023629767179,0.000999000999000999,0.000233850121873466,"***","EsteroZacatecas","metastat"
"387","ColaDeBallena - EsteroZacatecas","k__Bacteria|p__Bacteroidota|c__Bacteroidia|o__Flavobacteriales|f__Cryomorphaceae|g__Vicingus|s__|ASV_9624",0,0,0,0.000495197528328039,6.70843317139628e-07,0.000236439442059982,0.000999000999000999,0.000233850121873466,"***","EsteroZacatecas","metastat"
"388","ColaDeBallena - EsteroZacatecas","k__Bacteria|p__Pseudomonadota|c__Alphaproteobacteria|o__Hyphomicrobiales|f__Rhizobiaceae|g__|s__|ASV_9695",0,0,0,0.000451562203757513,4.82782308785648e-07,0.000200578810110816,0.000999000999000999,0.000233850121873466,"***","EsteroZacatecas","metastat"
"389","ColaDeBallena - EsteroZacatecas","k__Bacteria|p__Pseudomonadota|c__Alphaproteobacteria|o__Rhodobacterales|f__Paracoccaceae|g__|s__|ASV_16062",0,0,0,0.000554022037940827,1.7803624755448e-06,0.00038517987957412,0.000999000999000999,0.000233850121873466,"***","EsteroZacatecas","metastat"
"390","ColaDeBallena - EsteroZacatecas","k__Bacteria|p__Pseudomonadota|c__Gammaproteobacteria|o__Enterobacterales|f__Pseudoalteromonadaceae|g__Pseudoalteromonas|s__|ASV_8939",0,0,0,0.000567758620724882,9.5500049834424e-07,0.000282105254935139,0.000999000999000999,0.000233850121873466,"***","EsteroZacatecas","metastat"
"391","ColaDeBallena - EsteroZacatecas","k__Bacteria|p__Actinomycetota|c__Actinobacteria|o__Propionibacteriales|f__Nocardioidaceae|g__Nocardioides|s__|ASV_10179",0.000618757809042204,9.37702363874025e-07,0.000279538662184981,0,0,0,0.000999000999000999,0.000233850121873466,"***","ColaDeBallena","metastat"
"392","ColaDeBallena - EsteroZacatecas","k__Bacteria|p__Pseudomonadota|c__Alphaproteobacteria|o__Rhodobacterales|f__Paracoccaceae|g__|s__|ASV_1155",0.00111465673224256,4.50169715012612e-06,0.00061248790124963,0,0,0,0.000999000999000999,0.000233850121873466,"***","ColaDeBallena","metastat"
"393","ColaDeBallena - EsteroZacatecas","k__Bacteria|p__Thermodesulfobacteriota|c__Desulfobulbia|o__Desulfobulbales|f__Desulfocapsaceae|g__|s__|ASV_4510",0,0,0,0.000522642495251154,6.35882154801841e-07,0.000230195959058408,0.000999000999000999,0.000233850121873466,"***","EsteroZacatecas","metastat"
"394","ColaDeBallena - EsteroZacatecas","k__Bacteria|p__Actinomycetota|c__Actinobacteria|o__Euzebyales|f__Euzebyaceae|g__Euzebya|s__|ASV_12212",0,0,0,0.000548823357505744,6.71288992466552e-07,0.00023651796839186,0.000999000999000999,0.000233850121873466,"***","EsteroZacatecas","metastat"
"395","ColaDeBallena - EsteroZacatecas","k__Bacteria|p__Actinomycetota|c__Actinobacteria|o__Euzebyales|f__Euzebyaceae|g__|s__|ASV_12651",0.000739866853471675,3.24282882870119e-06,0.000519842029586969,0,0,0,0.000999000999000999,0.000233850121873466,"***","ColaDeBallena","metastat"
"396","ColaDeBallena - EsteroZacatecas","k__Bacteria|p__Bacteroidota|c__Bacteroidia|o__Cytophagales|f__Cyclobacteriaceae|g__Fulvivirga|s__|ASV_13853",0,0,0,0.000408541913457215,7.57844066576712e-07,0.000251303943890115,0.000999000999000999,0.000233850121873466,"***","EsteroZacatecas","metastat"
"397","ColaDeBallena - EsteroZacatecas","k__Bacteria|p__Acidobacteriota|c__Thermoanaerobaculia|o__Thermoanaerobaculales|f__Thermoanaerobaculaceae|g__Subgroup_10|s__|ASV_5707",0.000880233137686568,1.77663257731461e-06,0.00038477618790177,1.53743432959078e-05,2.8364451813651e-09,1.53743432959078e-05,0.000999000999000999,0.000233850121873466,"***","ColaDeBallena","metastat"
"398","ColaDeBallena - EsteroZacatecas","k__Bacteria|p__Cyanobacteriota|c__Cyanobacteriia|o__Phormidesmiales|f__Phormidesmiaceae|g__Acrophormium_PCC-7375|s__|ASV_13771",0,0,0,0.00051929446700421,1.14524477486706e-06,0.000308928898894641,0.000999000999000999,0.000233850121873466,"***","EsteroZacatecas","metastat"
"399","ColaDeBallena - EsteroZacatecas","k__Bacteria|p__Pseudomonadota|c__Gammaproteobacteria|o__Steroidobacterales|f__Woeseiaceae|g__Woeseia|s__|ASV_8264",0,0,0,0.000509482267622941,4.43962582023998e-07,0.000192345735162839,0.000999000999000999,0.000233850121873466,"***","EsteroZacatecas","metastat"
"400","ColaDeBallena - EsteroZacatecas","k__Bacteria|p__Bacteroidota|c__Bacteroidia|o__Cytophagales|f__Cyclobacteriaceae|g__|s__|ASV_544",0,0,0,0.000552265741368529,1.7016891156667e-06,0.000376573268177068,0.000999000999000999,0.000233850121873466,"***","EsteroZacatecas","metastat"
"401","ColaDeBallena - EsteroZacatecas","k__Bacteria|p__Bacteroidota|c__Bacteroidia|o__Cytophagales|f__Cyclobacteriaceae|g__|s__|ASV_7495",0,0,0,0.000492749099044089,5.18720969113431e-07,0.000207910431258557,0.000999000999000999,0.000233850121873466,"***","EsteroZacatecas","metastat"
"402","ColaDeBallena - EsteroZacatecas","k__Bacteria|p__Rhodothermota|c__Rhodothermia|o__Rhodothermales|f__Rhodothermaceae|g__|s__|ASV_6356",0,0,0,0.000456461838701491,2.29389779445452e-07,0.000138259954266547,0.000999000999000999,0.000233850121873466,"***","EsteroZacatecas","metastat"
"403","ColaDeBallena - EsteroZacatecas","k__Bacteria|p__Planctomycetota|c__Planctomycetes|o__Pirellulales|f__Pirellulaceae|g__Rhodopirellula|s__|ASV_15927",0,0,0,0.000490733269633613,8.16586089035622e-07,0.000260861727267471,0.000999000999000999,0.000233850121873466,"***","EsteroZacatecas","metastat"
"404","ColaDeBallena - EsteroZacatecas","k__Bacteria|p__Pseudomonadota|c__Gammaproteobacteria|o__Chromatiales|f__Chromatiaceae|g__Thiophaeococcus|s__|ASV_12705",0.00108217632008099,9.1807593227182e-06,0.000874678956470992,0,0,0,0.000999000999000999,0.000233850121873466,"***","ColaDeBallena","metastat"
"405","ColaDeBallena - EsteroZacatecas","k__Bacteria|p__Pseudomonadota|c__Gammaproteobacteria|o__Pseudomonadales|f__211ds20|g__|s__|ASV_11427",0.000766703500807895,8.36236064207479e-07,0.000263981701418785,0,0,0,0.000999000999000999,0.000233850121873466,"***","ColaDeBallena","metastat"
"406","ColaDeBallena - EsteroZacatecas","k__Bacteria|p__Bacteroidota|c__Bacteroidia|o__Flavobacteriales|f__Flavobacteriaceae|g__Hoppeia|s__|ASV_15678",0.00113988540109616,1.25753505041094e-05,0.00102369227570713,0,0,0,0.000999000999000999,0.000233850121873466,"***","ColaDeBallena","metastat"
"407","ColaDeBallena - EsteroZacatecas","k__Bacteria|p__Bacteroidota|c__Bacteroidia|o__Flavobacteriales|f__Flavobacteriaceae|g__|s__|ASV_748",0.000967366046737492,2.57904756112133e-06,0.000463595330103146,0,0,0,0.000999000999000999,0.000233850121873466,"***","ColaDeBallena","metastat"
"408","ColaDeBallena - EsteroZacatecas","k__Bacteria|p__Myxococcota|c__Polyangiia|o__Polyangiales|f__Sandaracinaceae|g__|s__|ASV_15920",0.000953605735002792,3.37116714176365e-06,0.000530028862560305,0,0,0,0.000999000999000999,0.000233850121873466,"***","ColaDeBallena","metastat"
"409","ColaDeBallena - EsteroZacatecas","k__Bacteria|p__Pseudomonadota|c__Gammaproteobacteria|o__Thiomicrospirales|f__Thiomicrospiraceae|g__endosymbionts|s__|ASV_6391",0.000912747480869532,5.60125741286027e-06,0.000683206741090637,0,0,0,0.000999000999000999,0.000233850121873466,"***","ColaDeBallena","metastat"
"410","ColaDeBallena - EsteroZacatecas","k__Bacteria|p__Bacillota|c__Bacilli|o__Bacillales|f__Bacillaceae|g__|s__|ASV_3276",0,0,0,0.000454247632406966,1.68527854430804e-06,0.000374753090303918,0.000999000999000999,0.000233850121873466,"***","EsteroZacatecas","metastat"
"411","ColaDeBallena - EsteroZacatecas","k__Bacteria|p__Cyanobacteriota|c__Cyanobacteriia|o__Phormidesmiales|f__Phormidesmiaceae|g__Phormidesmis_ANT.LACV5.1|s__|ASV_6961",0,0,0,0.000522325875771318,7.19404456872427e-07,0.000244847649378212,0.000999000999000999,0.000233850121873466,"***","EsteroZacatecas","metastat"
"412","ColaDeBallena - EsteroZacatecas","k__Bacteria|p__Pseudomonadota|c__Gammaproteobacteria|o__Pseudomonadales|f__211ds20|g__|s__|ASV_7484",0.000891222676498042,1.25647403010608e-06,0.000323583326479451,9.83980792694927e-06,1.16186184047104e-09,9.83980792694927e-06,0.000999000999000999,0.000233850121873466,"***","ColaDeBallena","metastat"
"413","ColaDeBallena - EsteroZacatecas","k__Bacteria|p__Balneolota|c__Balneolia|o__Balneolales|f__Balneolaceae|g__|s__|ASV_11154",0.000557363162442782,1.36092940793257e-06,0.000336765176338618,0,0,0,0.000999000999000999,0.000233850121873466,"***","ColaDeBallena","metastat"
"414","ColaDeBallena - EsteroZacatecas","k__Bacteria|p__Myxococcota|c__Polyangiia|o__Polyangiales|f__Sandaracinaceae|g__|s__|ASV_12484",0.00053459844294202,3.42954594235239e-06,0.00053459844294202,0,0,0,0.000999000999000999,0.000233850121873466,"***","ColaDeBallena","metastat"
"415","ColaDeBallena - EsteroZacatecas","k__Bacteria|p__Pseudomonadota|c__Alphaproteobacteria|o__Rhodobacterales|f__Paracoccaceae|g__Palleronia-Pseudomaribius|s__|ASV_3694",0,0,0,0.000475604566475864,3.93780059207966e-07,0.000181149123470132,0.000999000999000999,0.000233850121873466,"***","EsteroZacatecas","metastat"
"416","ColaDeBallena - EsteroZacatecas","k__Bacteria|p__Planctomycetota|c__Planctomycetes|o__Pirellulales|f__Pirellulaceae|g__Bythopirellula|s__|ASV_15346",0.000711153722632008,4.54587537139871e-07,0.000194633745177078,5.22603075203187e-05,9.29199604148876e-09,2.78268396239565e-05,0.000999000999000999,0.000233850121873466,"***","ColaDeBallena","metastat"
"417","ColaDeBallena - EsteroZacatecas","k__Bacteria|p__Pseudomonadota|c__Gammaproteobacteria|o__Granulosicoccales|f__Granulosicoccaceae|g__Granulosicoccus|s__|ASV_4598",0,0,0,0.000516822483467779,7.07694598560428e-07,0.000242846762136199,0.000999000999000999,0.000233850121873466,"***","EsteroZacatecas","metastat"
"418","ColaDeBallena - EsteroZacatecas","k__Bacteria|p__Pseudomonadota|c__Gammaproteobacteria|o__Pseudomonadales|f__Pseudohongiellaceae|g__Pseudohongiella|s__|ASV_13196",0.000877671561267368,1.47061501909607e-06,0.000350073208902565,0,0,0,0.000999000999000999,0.000233850121873466,"***","ColaDeBallena","metastat"
"419","ColaDeBallena - EsteroZacatecas","k__Bacteria|p__Bacteroidota|c__Bacteroidia|o__Flavobacteriales|f__Cryomorphaceae|g__Cryomorpha|s__|ASV_1777",0,0,0,0.000503326450186335,5.22874966474144e-07,0.000208741260590343,0.000999000999000999,0.000233850121873466,"***","EsteroZacatecas","metastat"
"420","ColaDeBallena - EsteroZacatecas","k__Bacteria|p__Rhodothermota|c__Rhodothermia|o__Rhodothermales|f__Rhodothermaceae|g__|s__|ASV_14560",0,0,0,0.000439815325953567,1.47587370617232e-07,0.000110900620158031,0.000999000999000999,0.000233850121873466,"***","EsteroZacatecas","metastat"
"421","ColaDeBallena - EsteroZacatecas","k__Bacteria|p__Actinomycetota|c__Actinobacteria|o__Nitriliruptorales|f__Nitriliruptoraceae|g__|s__|ASV_9244",0.000653301050145342,4.79974146172278e-07,0.000199994613713361,0,0,0,0.000999000999000999,0.000233850121873466,"***","ColaDeBallena","metastat"
"422","ColaDeBallena - EsteroZacatecas","k__Bacteria|p__Bacteroidota|c__Bacteroidia|o__Flavobacteriales|f__Flavobacteriaceae|g__Winogradskyella|s__|ASV_124",0,0,0,0.000470752867798748,4.28629812087568e-07,0.000188995108421613,0.000999000999000999,0.000233850121873466,"***","EsteroZacatecas","metastat"
"423","ColaDeBallena - EsteroZacatecas","k__Bacteria|p__Cyanobacteriota|c__Cyanobacteriia|o__Phormidesmiales|f__Phormidesmiaceae|g__Phormidium_MBIC10003|s__|ASV_9451",0,0,0,0.000476853628497837,8.78326329297386e-07,0.000270543639316806,0.000999000999000999,0.000233850121873466,"***","EsteroZacatecas","metastat"
"424","ColaDeBallena - EsteroZacatecas","k__Bacteria|p__Pseudomonadota|c__Gammaproteobacteria|o__Chromatiales|f__Chromatiaceae|g__Thiophaeococcus|s__|ASV_8593",0.00105071055739326,1.02339004833018e-05,0.000923485268033632,0,0,0,0.000999000999000999,0.000233850121873466,"***","ColaDeBallena","metastat"
"425","ColaDeBallena - EsteroZacatecas","k__Bacteria|p__Verrucomicrobiota|c__Verrucomicrobiia|o__Verrucomicrobiales|f__Rubritaleaceae|g__Roseibacillus|s__|ASV_3198",0.000773725527435706,2.86346264105923e-06,0.00048848939267392,0,0,0,0.000999000999000999,0.000233850121873466,"***","ColaDeBallena","metastat"
"426","ColaDeBallena - EsteroZacatecas","k__Bacteria|p__Actinomycetota|c__Actinobacteria|o__Euzebyales|f__Euzebyaceae|g__|s__|ASV_9470",0,0,0,0.000427205844106311,1.0165250796453e-06,0.00029105055111402,0.000999000999000999,0.000233850121873466,"***","EsteroZacatecas","metastat"
"427","ColaDeBallena - EsteroZacatecas","k__Bacteria|p__Pseudomonadota|c__Alphaproteobacteria|o__Sphingomonadales|f__Sphingomonadaceae|g__|s__|ASV_7186",0.000947759481485539,4.54335588531418e-06,0.000615315358529956,0,0,0,0.000999000999000999,0.000233850121873466,"***","ColaDeBallena","metastat"
"428","ColaDeBallena - EsteroZacatecas","k__Bacteria|p__Pseudomonadota|c__Gammaproteobacteria|o__Enterobacterales|f__Vibrionaceae|g__Vibrio|s__|ASV_2698",0,0,0,0.000439234531594716,8.59974788071487e-07,0.000267702382642785,0.000999000999000999,0.000233850121873466,"***","EsteroZacatecas","metastat"
"429","ColaDeBallena - EsteroZacatecas","k__Bacteria|p__Verrucomicrobiota|c__Verrucomicrobiia|o__Verrucomicrobiales|f__Rubritaleaceae|g__Roseibacillus|s__|ASV_13004",0,0,0,0.00051877752151468,1.83995351104411e-06,0.000391573057364365,0.000999000999000999,0.000233850121873466,"***","EsteroZacatecas","metastat"
"430","ColaDeBallena - EsteroZacatecas","k__Bacteria|p__Bacteroidota|c__Bacteroidia|o__Chitinophagales|f__Saprospiraceae|g__Phaeodactylibacter|s__|ASV_9821",0,0,0,0.000488736259404352,5.04606558557691e-07,0.000205062299183624,0.000999000999000999,0.000233850121873466,"***","EsteroZacatecas","metastat"
"431","ColaDeBallena - EsteroZacatecas","k__Bacteria|p__Bacteroidota|c__Bacteroidia|o__Cytophagales|f__Cyclobacteriaceae|g__Reichenbachiella|s__|ASV_15950",0,0,0,0.000443352300490163,2.56023962281425e-07,0.000146066184279999,0.000999000999000999,0.000233850121873466,"***","EsteroZacatecas","metastat"
"432","ColaDeBallena - EsteroZacatecas","k__Bacteria|p__Pseudomonadota|c__Alphaproteobacteria|o__Hyphomicrobiales|f__Devosiaceae|g__|s__|ASV_4313",0.000947289876227034,3.05473173649008e-06,0.000504540363143366,0,0,0,0.000999000999000999,0.000233850121873466,"***","ColaDeBallena","metastat"
"433","ColaDeBallena - EsteroZacatecas","k__Bacteria|p__Verrucomicrobiota|c__Verrucomicrobiia|o__Verrucomicrobiales|f__DEV007|g__|s__|ASV_4459",0,0,0,0.000477025409940636,4.23283368963072e-07,0.000187812710113709,0.000999000999000999,0.000233850121873466,"***","EsteroZacatecas","metastat"
"434","ColaDeBallena - EsteroZacatecas","k__Bacteria|p__Cyanobacteriota|c__Cyanobacteriia|o__Phormidesmiales|f__Phormidesmiaceae|g__Phormidium_MBIC10003|s__|ASV_13924",0,0,0,0.000424044159827215,6.16784671708459e-07,0.000226712863866106,0.000999000999000999,0.000233850121873466,"***","EsteroZacatecas","metastat"
"435","ColaDeBallena - EsteroZacatecas","k__Bacteria|p__Myxococcota|c__Polyangiia|o__Haliangiales|f__Haliangiaceae|g__|s__|ASV_3353",0,0,0,0.000378849385814057,5.23097418405384e-07,0.000208785659310648,0.000999000999000999,0.000233850121873466,"***","EsteroZacatecas","metastat"
"436","ColaDeBallena - EsteroZacatecas","k__Bacteria|p__Pseudomonadota|c__Alphaproteobacteria|o__Rhodobacterales|f__Paracoccaceae|g__|s__|ASV_12432",0.000832458358702587,2.33071643423976e-06,0.000440711208752375,0,0,0,0.000999000999000999,0.000233850121873466,"***","ColaDeBallena","metastat"
"437","ColaDeBallena - EsteroZacatecas","k__Bacteria|p__Bacteroidota|c__Bacteroidia|o__Flavobacteriales|f__Flavobacteriaceae|g__|s__|ASV_2498",0.000546106528457835,1.11066685583148e-06,0.000304229471483764,0,0,0,0.000999000999000999,0.000233850121873466,"***","ColaDeBallena","metastat"
"438","ColaDeBallena - EsteroZacatecas","k__Bacteria|p__Pseudomonadota|c__Gammaproteobacteria|o__Ectothiorhodospirales|f__Ectothiorhodospiraceae|g__Thiogranum|s__|ASV_4857",0.000938515388333017,4.39059285123367e-06,0.000604882416344537,0,0,0,0.000999000999000999,0.000233850121873466,"***","ColaDeBallena","metastat"
"439","ColaDeBallena - EsteroZacatecas","k__Bacteria|p__Rhodothermota|c__Rhodothermia|o__Rhodothermales|f__Rhodothermaceae|g__Rubrivirga|s__|ASV_4871",0,0,0,0.000392181969388238,4.85452880661247e-07,0.000201132808665743,0.000999000999000999,0.000233850121873466,"***","EsteroZacatecas","metastat"
"440","ColaDeBallena - EsteroZacatecas","k__Bacteria|p__Bacteroidota|c__Bacteroidia|o__Cytophagales|f__Cyclobacteriaceae|g__|s__|ASV_15791",0,0,0,0.000537324264127665,3.25450878396694e-06,0.000520777366377013,0.000999000999000999,0.000233850121873466,"***","EsteroZacatecas","metastat"
"441","ColaDeBallena - EsteroZacatecas","k__Bacteria|p__Chloroflexota|c__Anaerolineae|o__Caldilineales|f__Caldilineaceae|g__|s__|ASV_10173",0,0,0,0.000482292382269252,4.20232452907242e-07,0.000187134633554571,0.000999000999000999,0.000233850121873466,"***","EsteroZacatecas","metastat"
"442","ColaDeBallena - EsteroZacatecas","k__Bacteria|p__Planctomycetota|c__Planctomycetes|o__Planctomycetales|f__Gimesiaceae|g__|s__|ASV_8713",0.000947116323070734,1.68609788070483e-06,0.000374844176592624,0,0,0,0.000999000999000999,0.000233850121873466,"***","ColaDeBallena","metastat"
"443","ColaDeBallena - EsteroZacatecas","k__Bacteria|p__Pseudomonadota|c__Alphaproteobacteria|o__Rhodobacterales|f__Paracoccaceae|g__Palleronia-Pseudomaribius|s__|ASV_24",0,0,0,0.00050651752859669,3.22238649650983e-07,0.000163869523720088,0.000999000999000999,0.000233850121873466,"***","EsteroZacatecas","metastat"
"444","ColaDeBallena - EsteroZacatecas","k__Bacteria|p__Bacteroidota|c__Bacteroidia|o__Chitinophagales|f__Saprospiraceae|g__Lewinella|s__|ASV_14840",0,0,0,0.000469772089968076,2.0667847384291e-07,0.000131237213295528,0.000999000999000999,0.000233850121873466,"***","EsteroZacatecas","metastat"
"445","ColaDeBallena - EsteroZacatecas","k__Bacteria|p__Cyanobacteriota|c__Cyanobacteriia|o__Cyanobacteriales|f__Xenococcaceae|g__Myxosarcina_GI1|s__|ASV_12810",0.000597840242036414,4.33660644731082e-07,0.000190100991741031,0,0,0,0.000999000999000999,0.000233850121873466,"***","ColaDeBallena","metastat"
"446","ColaDeBallena - EsteroZacatecas","k__Bacteria|p__Planctomycetota|c__Planctomycetes|o__Planctomycetales|f__Gimesiaceae|g__|s__|ASV_8729",0,0,0,0.000466435530597185,2.9520409327867e-07,0.000156844958817795,0.000999000999000999,0.000233850121873466,"***","EsteroZacatecas","metastat"
"447","ColaDeBallena - EsteroZacatecas","k__Bacteria|p__Pseudomonadota|c__Alphaproteobacteria|o__Rhodobacterales|f__Paracoccaceae|g__|s__|ASV_4342",0,0,0,0.000481657031214725,5.28299298015201e-07,0.000209821213182239,0.000999000999000999,0.000233850121873466,"***","EsteroZacatecas","metastat"
"448","ColaDeBallena - EsteroZacatecas","k__Bacteria|p__Pseudomonadota|c__Gammaproteobacteria|o__Arenicellales|f__Arenicellaceae|g__Candidatus_Thiosymbion|s__|ASV_7417",0.00104587515125632,1.06181532339279e-05,0.000940662587130648,0,0,0,0.000999000999000999,0.000233850121873466,"***","ColaDeBallena","metastat"
"449","ColaDeBallena - EsteroZacatecas","k__Bacteria|p__Bacteroidota|c__Bacteroidia|o__Chitinophagales|f__Saprospiraceae|g__Lewinella|s__|ASV_5651",0,0,0,0.000438563339230043,3.09994813055349e-07,0.00016072616802483,0.000999000999000999,0.000233850121873466,"***","EsteroZacatecas","metastat"
"450","ColaDeBallena - EsteroZacatecas","k__Bacteria|p__Bacteroidota|c__Bacteroidia|o__Flavobacteriales|f__Flavobacteriaceae|g__Pricia|s__|ASV_13538",0,0,0,0.00046459117096612,7.34030901027928e-07,0.000247324163300571,0.000999000999000999,0.000233850121873466,"***","EsteroZacatecas","metastat"
"451","ColaDeBallena - EsteroZacatecas","k__Bacteria|p__Pseudomonadota|c__Alphaproteobacteria|o__Rhodobacterales|f__Paracoccaceae|g__Jannaschia|s__|ASV_5480",0,0,0,0.000393947581186941,2.16388537573138e-07,0.000134284690605798,0.000999000999000999,0.000233850121873466,"***","EsteroZacatecas","metastat"
"452","ColaDeBallena - EsteroZacatecas","k__Bacteria|p__Thermodesulfobacteriota|c__Desulfobacteria|o__Desulfobacterales|f__Desulfosarcinaceae|g__SEEP-SRB1|s__|ASV_7773",0.000689054711119852,4.78244989342007e-07,0.000199634037959046,0,0,0,0.000999000999000999,0.000233850121873466,"***","ColaDeBallena","metastat"
"453","ColaDeBallena - EsteroZacatecas","k__Archaea|p__Halobacteriota|c__Halobacteria|o__Halobacterales|f__Halomicrobiaceae|g__Halomarina|s__|ASV_6863",0.000476994902701852,7.91052800242394e-07,0.000256750981861543,0,0,0,0.000999000999000999,0.000233850121873466,"***","ColaDeBallena","metastat"
"454","ColaDeBallena - EsteroZacatecas","k__Bacteria|p__Actinomycetota|c__Actinobacteria|o__Micrococcales|f__Intrasporangiaceae|g__Serinicoccus|s__|ASV_15687",0,0,0,0.000369828346234204,5.13387349063463e-07,0.000206838775592542,0.000999000999000999,0.000233850121873466,"***","EsteroZacatecas","metastat"
"455","ColaDeBallena - EsteroZacatecas","k__Bacteria|p__Rhodothermota|c__Rhodothermia|o__Rhodothermales|f__Rhodothermaceae|g__Rubrivirga|s__|ASV_9042",0.000506962536097281,1.35187790310194e-06,0.000335643399942799,0,0,0,0.000999000999000999,0.000233850121873466,"***","ColaDeBallena","metastat"
"456","ColaDeBallena - EsteroZacatecas","k__Bacteria|p__Bacteroidota|c__Bacteroidia|o__Chitinophagales|f__Saprospiraceae|g__Lewinella|s__|ASV_12603",0,0,0,0.00048024639303625,7.91419699923409e-07,0.000256810517035973,0.000999000999000999,0.000233850121873466,"***","EsteroZacatecas","metastat"
"457","ColaDeBallena - EsteroZacatecas","k__Bacteria|p__Bacteroidota|c__Bacteroidia|o__Cytophagales|f__Cyclobacteriaceae|g__|s__|ASV_8340",0.000939462264056453,4.077140264736e-06,0.000582890803434057,0,0,0,0.000999000999000999,0.000233850121873466,"***","ColaDeBallena","metastat"
"458","ColaDeBallena - EsteroZacatecas","k__Bacteria|p__Bacteroidota|c__Bacteroidia|o__Flavobacteriales|f__Flavobacteriaceae|g__Actibacter|s__|ASV_16072",0.000861435561141743,1.55151395817545e-06,0.00035957312169843,0,0,0,0.000999000999000999,0.000233850121873466,"***","ColaDeBallena","metastat"
"459","ColaDeBallena - EsteroZacatecas","k__Bacteria|p__Deinococcota|c__Deinococci|o__Deinococcales|f__Trueperaceae|g__Truepera|s__|ASV_10769",0,0,0,0.000358460346105381,1.17676135931524e-06,0.000313150836833631,0.000999000999000999,0.000233850121873466,"***","EsteroZacatecas","metastat"
"460","ColaDeBallena - EsteroZacatecas","k__Bacteria|p__Pseudomonadota|c__Alphaproteobacteria|o__Micavibrionales|f__Micavibrionaceae|g__|s__|ASV_10591",0,0,0,0.000464512771574053,1.79979444244882e-07,0.000122467493729589,0.000999000999000999,0.000233850121873466,"***","EsteroZacatecas","metastat"
"461","ColaDeBallena - EsteroZacatecas","k__Bacteria|p__Cyanobacteriota|c__Cyanobacteriia|o__Cyanobacteriales|f__Xenococcaceae|g__Pleurocapsa_PCC-7319|s__|ASV_13765",0,0,0,0.000375783971148179,3.87146672171207e-07,0.000179616877494666,0.000999000999000999,0.000233850121873466,"***","EsteroZacatecas","metastat"
"462","ColaDeBallena - EsteroZacatecas","k__Bacteria|p__Myxococcota|c__Polyangiia|o__Polyangiales|f__Sandaracinaceae|g__|s__|ASV_1252",0.000573815644509732,3.95117272660943e-06,0.000573815644509732,0,0,0,0.000999000999000999,0.000233850121873466,"***","ColaDeBallena","metastat"
"463","ColaDeBallena - EsteroZacatecas","k__Bacteria|p__Thermodesulfobacteriota|c__Desulfobulbia|o__Desulfobulbales|f__Desulfocapsaceae|g__Desulfopila|s__|ASV_1368",0.000663935403596705,2.21063063144982e-06,0.00042920766452556,0,0,0,0.000999000999000999,0.000233850121873466,"***","ColaDeBallena","metastat"
"464","ColaDeBallena - EsteroZacatecas","k__Bacteria|p__Bacteroidota|c__Bacteroidia|o__Cytophagales|f__Cyclobacteriaceae|g__Fulvivirga|s__|ASV_12732",0,0,0,0.000433565175365001,1.70948271127104e-07,0.000119355306796941,0.000999000999000999,0.000233850121873466,"***","EsteroZacatecas","metastat"
"465","ColaDeBallena - EsteroZacatecas","k__Bacteria|p__Pseudomonadota|c__Alphaproteobacteria|o__|f__Neomegalonemataceae|g__Acuticoccus|s__|ASV_4730",0,0,0,0.000448509712956041,2.67328925246662e-07,0.000149256190616074,0.000999000999000999,0.000233850121873466,"***","EsteroZacatecas","metastat"
"466","ColaDeBallena - EsteroZacatecas","k__Bacteria|p__Pseudomonadota|c__Gammaproteobacteria|o__Enterobacterales|f__Vibrionaceae|g__Vibrio|s__|ASV_3312",0,0,0,0.000389280107206496,1.27748764053696e-06,0.000326277954171102,0.000999000999000999,0.000233850121873466,"***","EsteroZacatecas","metastat"
"467","ColaDeBallena - EsteroZacatecas","k__Bacteria|p__Pseudomonadota|c__Gammaproteobacteria|o__Enterobacterales|f__Vibrionaceae|g__Vibrio|s__|ASV_4336",0,0,0,0.000420789131952765,4.86056486907715e-07,0.000201257812872717,0.000999000999000999,0.000233850121873466,"***","EsteroZacatecas","metastat"
"468","ColaDeBallena - EsteroZacatecas","k__Bacteria|p__Pseudomonadota|c__Gammaproteobacteria|o__Pseudomonadales|f__Halieaceae|g__Haliea|s__|ASV_2118",0,0,0,0.000469993644138031,3.07521874574891e-07,0.000160083799558984,0.000999000999000999,0.000233850121873466,"***","EsteroZacatecas","metastat"
"469","ColaDeBallena - EsteroZacatecas","k__Bacteria|p__Verrucomicrobiota|c__Verrucomicrobiia|o__Verrucomicrobiales|f__Rubritaleaceae|g__DBS1|s__|ASV_10680",0,0,0,0.000453159080525842,5.40955730752147e-07,0.00021231967461671,0.000999000999000999,0.000233850121873466,"***","EsteroZacatecas","metastat"
"470","ColaDeBallena - EsteroZacatecas","k__Bacteria|p__Bacteroidota|c__Bacteroidia|o__Flavobacteriales|f__Crocinitomicaceae|g__Salinirepens|s__|ASV_7930",0.000871228895007046,1.62044882781081e-06,0.000367474355999935,0,0,0,0.000999000999000999,0.000233850121873466,"***","ColaDeBallena","metastat"
"471","ColaDeBallena - EsteroZacatecas","k__Bacteria|p__Actinomycetota|c__Actinobacteria|o__Nitriliruptorales|f__Nitriliruptoraceae|g__|s__|ASV_8148",0.000497521657904478,9.1478718309561e-07,0.000276101911000209,0,0,0,0.000999000999000999,0.000233850121873466,"***","ColaDeBallena","metastat"
"472","ColaDeBallena - EsteroZacatecas","k__Bacteria|p__Bacteroidota|c__Bacteroidia|o__Chitinophagales|f__Saprospiraceae|g__Portibacter|s__|ASV_9536",0,0,0,0.000431767890713014,3.31654453270573e-07,0.000166246416821179,0.000999000999000999,0.000233850121873466,"***","EsteroZacatecas","metastat"
"473","ColaDeBallena - EsteroZacatecas","k__Bacteria|p__Chloroflexota|c__Anaerolineae|o__Caldilineales|f__Caldilineaceae|g__|s__|ASV_6388",0,0,0,0.000330084463771947,4.77756372044805e-07,0.000199532030019578,0.000999000999000999,0.000233850121873466,"***","EsteroZacatecas","metastat"
"474","ColaDeBallena - EsteroZacatecas","k__Bacteria|p__Myxococcota|c__Polyangiia|o__Polyangiales|f__Sandaracinaceae|g__|s__|ASV_5526",0.000555905819507356,5.86364598507721e-07,0.000221051388917396,0,0,0,0.000999000999000999,0.000233850121873466,"***","ColaDeBallena","metastat"
"475","ColaDeBallena - EsteroZacatecas","k__Bacteria|p__Pseudomonadota|c__Alphaproteobacteria|o__Hyphomicrobiales|f__C2U|g__|s__|ASV_11061",0,0,0,0.000524857479184497,1.45470401092659e-06,0.000348174287166475,0.000999000999000999,0.000233850121873466,"***","EsteroZacatecas","metastat"
"476","ColaDeBallena - EsteroZacatecas","k__Bacteria|p__Pseudomonadota|c__Gammaproteobacteria|o__Steroidobacterales|f__Woeseiaceae|g__Woeseia|s__|ASV_14630",0,0,0,0.000458000576988264,6.43798922267363e-07,0.000231624502566,0.000999000999000999,0.000233850121873466,"***","EsteroZacatecas","metastat"
"477","ColaDeBallena - EsteroZacatecas","k__Bacteria|p__Bacteroidota|c__Bacteroidia|o__Chitinophagales|f__Saprospiraceae|g__Lewinella|s__|ASV_12788",0,0,0,0.000432893815309052,3.21537902067334e-07,0.000163691249528733,0.000999000999000999,0.000233850121873466,"***","EsteroZacatecas","metastat"
"478","ColaDeBallena - EsteroZacatecas","k__Bacteria|p__Bacteroidota|c__Bacteroidia|o__Chitinophagales|f__Saprospiraceae|g__|s__|ASV_14727",0,0,0,0.000474906701007727,1.05524108852144e-06,0.00029654132490563,0.000999000999000999,0.000233850121873466,"***","EsteroZacatecas","metastat"
"479","ColaDeBallena - EsteroZacatecas","k__Bacteria|p__Myxococcota|c__Myxococcia|o__Myxococcales|f__Myxococcaceae|g__P3OB-42|s__|ASV_5420",0,0,0,0.000439440619910222,8.08580967882956e-07,0.000259579943993329,0.000999000999000999,0.000233850121873466,"***","EsteroZacatecas","metastat"
"480","ColaDeBallena - EsteroZacatecas","k__Bacteria|p__Pseudomonadota|c__Alphaproteobacteria|o__Rhodobacterales|f__Paracoccaceae|g__|s__|ASV_3670",0,0,0,0.000442134404650436,7.8176735906392e-07,0.000255239651939101,0.000999000999000999,0.000233850121873466,"***","EsteroZacatecas","metastat"
"481","ColaDeBallena - EsteroZacatecas","k__Bacteria|p__Verrucomicrobiota|c__Verrucomicrobiia|o__Opitutales|f__Puniceicoccaceae|g__Lentimonas|s__|ASV_4906",0.000825850266510951,1.01308589233192e-06,0.000290557781449738,0,0,0,0.000999000999000999,0.000233850121873466,"***","ColaDeBallena","metastat"
"482","ColaDeBallena - EsteroZacatecas","k__Bacteria|p__Actinomycetota|c__Actinobacteria|o__Nitriliruptorales|f__Nitriliruptoraceae|g__|s__|ASV_13751",0,0,0,0.000375422600616911,5.93045913768257e-07,0.000222307203693496,0.000999000999000999,0.000233850121873466,"***","EsteroZacatecas","metastat"
"483","ColaDeBallena - EsteroZacatecas","k__Bacteria|p__Bacteroidota|c__Bacteroidia|o__Chitinophagales|f__Saprospiraceae|g__|s__|ASV_9801",0,0,0,0.000392453383022143,1.97630243049146e-07,0.000128332329990389,0.000999000999000999,0.000233850121873466,"***","EsteroZacatecas","metastat"
"484","ColaDeBallena - EsteroZacatecas","k__Bacteria|p__Bacteroidota|c__Bacteroidia|o__Flavobacteriales|f__Flavobacteriaceae|g__|s__|ASV_10048",0,0,0,0.000468545005579841,5.36657013220552e-07,0.000211474390336937,0.000999000999000999,0.000233850121873466,"***","EsteroZacatecas","metastat"
"485","ColaDeBallena - EsteroZacatecas","k__Bacteria|p__Verrucomicrobiota|c__Verrucomicrobiia|o__Opitutales|f__Puniceicoccaceae|g__Lentimonas|s__|ASV_4411",0,0,0,0.000446330884327381,5.89244510877061e-07,0.000221593567685876,0.000999000999000999,0.000233850121873466,"***","EsteroZacatecas","metastat"
"486","ColaDeBallena - EsteroZacatecas","k__Bacteria|p__Myxococcota|c__Myxococcia|o__Myxococcales|f__Myxococcaceae|g__P3OB-42|s__|ASV_15133",0,0,0,0.000448486052530836,2.54996090341821e-07,0.000145772679865439,0.000999000999000999,0.000233850121873466,"***","EsteroZacatecas","metastat"
"487","ColaDeBallena - EsteroZacatecas","k__Bacteria|p__Pseudomonadota|c__Gammaproteobacteria|o__Pseudomonadales|f__Spongiibacteraceae|g__|s__|ASV_8749",0.000593639200918614,3.02261129904675e-06,0.000501880737746093,0,0,0,0.000999000999000999,0.000233850121873466,"***","ColaDeBallena","metastat"
"488","ColaDeBallena - EsteroZacatecas","k__Bacteria|p__Bacteroidota|c__Bacteroidia|o__Chitinophagales|f__Saprospiraceae|g__Lewinella|s__|ASV_11477",0,0,0,0.000473210367007712,4.34245223749592e-07,0.000190229077638338,0.000999000999000999,0.000233850121873466,"***","EsteroZacatecas","metastat"
"489","ColaDeBallena - EsteroZacatecas","k__Bacteria|p__Bacteroidota|c__Bacteroidia|o__Cytophagales|f__Cyclobacteriaceae|g__Catalinimonas|s__|ASV_11134",0.000638934797104168,7.23498137869189e-07,0.000245543298603523,0,0,0,0.000999000999000999,0.000233850121873466,"***","ColaDeBallena","metastat"
"490","ColaDeBallena - EsteroZacatecas","k__Bacteria|p__Chloroflexota|c__Anaerolineae|o__Aggregatilineales|f__A4b|g__|s__|ASV_10198",0,0,0,0.000408930020477921,6.13466886514888e-07,0.000226102278942313,0.000999000999000999,0.000233850121873466,"***","EsteroZacatecas","metastat"
"491","ColaDeBallena - EsteroZacatecas","k__Bacteria|p__Pseudomonadota|c__Gammaproteobacteria|o__Pseudomonadales|f__Halieaceae|g__Parahaliea|s__|ASV_11483",0.000852177324589135,1.57992877847512e-06,0.000362850839243336,0,0,0,0.000999000999000999,0.000233850121873466,"***","ColaDeBallena","metastat"
"492","ColaDeBallena - EsteroZacatecas","k__Bacteria|p__Actinomycetota|c__Acidimicrobiia|o__Microtrichales|f__Ilumatobacteraceae|g__Ilumatobacter|s__|ASV_2799",0,0,0,0.000422044808028015,3.2873213277111e-07,0.00016551236931901,0.000999000999000999,0.000233850121873466,"***","EsteroZacatecas","metastat"
"493","ColaDeBallena - EsteroZacatecas","k__Bacteria|p__Pseudomonadota|c__Alphaproteobacteria|o__Rhodobacterales|f__Paracoccaceae|g__|s__|ASV_7164",0,0,0,0.00037327373152961,3.24324781219813e-07,0.000164399103104765,0.000999000999000999,0.000233850121873466,"***","EsteroZacatecas","metastat"
"494","ColaDeBallena - EsteroZacatecas","k__Bacteria|p__Actinomycetota|c__Actinobacteria|o__Euzebyales|f__Euzebyaceae|g__|s__|ASV_796",0,0,0,0.000351526255698937,4.86697045940783e-07,0.00020139038497836,0.000999000999000999,0.000233850121873466,"***","EsteroZacatecas","metastat"
"495","ColaDeBallena - EsteroZacatecas","k__Bacteria|p__Bacteroidota|c__Bacteroidia|o__Bacteroidales|f__Prolixibacteraceae|g__|s__|ASV_5097",0.000716104181491924,8.11874046893092e-07,0.000260107997905532,0,0,0,0.000999000999000999,0.000233850121873466,"***","ColaDeBallena","metastat"
"496","ColaDeBallena - EsteroZacatecas","k__Bacteria|p__Cyanobacteriota|c__Cyanobacteriia|o__Phormidesmiales|f__Phormidesmiaceae|g__Phormidesmis_ANT.LACV5.1|s__|ASV_457",0,0,0,0.000434161913321259,8.12142687086654e-07,0.000260151027784288,0.000999000999000999,0.000233850121873466,"***","EsteroZacatecas","metastat"
"497","ColaDeBallena - EsteroZacatecas","k__Bacteria|p__Gemmatimonadota|c__Longimicrobiia|o__Longimicrobiales|f__Longimicrobiaceae|g__|s__|ASV_10767",0,0,0,0.000342851542111685,2.52718044170131e-07,0.00014512007791542,0.000999000999000999,0.000233850121873466,"***","EsteroZacatecas","metastat"
"498","ColaDeBallena - EsteroZacatecas","k__Bacteria|p__Pseudomonadota|c__Gammaproteobacteria|o__Pseudomonadales|f__Marinobacteraceae|g__Marinobacter|s__|ASV_2824",0.000460584851092701,5.35894885443453e-07,0.000211324175427914,0,0,0,0.000999000999000999,0.000233850121873466,"***","ColaDeBallena","metastat"
"499","ColaDeBallena - EsteroZacatecas","k__Bacteria|p__Actinomycetota|c__Acidimicrobiia|o__Microtrichales|f__Ilumatobacteraceae|g__Ilumatobacter|s__|ASV_2714",0,0,0,0.000369307201722916,3.01006819850779e-07,0.000158378981099866,0.000999000999000999,0.000233850121873466,"***","EsteroZacatecas","metastat"
"500","ColaDeBallena - EsteroZacatecas","k__Bacteria|p__Bacillota|c__Bacilli|o__Bacillales|f__Bacillaceae|g__|s__|ASV_12228",0,0,0,0.000368708189495116,7.39128126927941e-07,0.00024818140659068,0.000999000999000999,0.000233850121873466,"***","EsteroZacatecas","metastat"
"501","ColaDeBallena - EsteroZacatecas","k__Bacteria|p__Bacteroidota|c__Bacteroidia|o__Chitinophagales|f__Saprospiraceae|g__Lewinella|s__|ASV_203",0,0,0,0.000474780945509224,1.75209186092789e-06,0.000382109480486057,0.000999000999000999,0.000233850121873466,"***","EsteroZacatecas","metastat"
"502","ColaDeBallena - EsteroZacatecas","k__Bacteria|p__Bacteroidota|c__Bacteroidia|o__Flavobacteriales|f__Flavobacteriaceae|g__Polaribacter|s__|ASV_840",0,0,0,0.000442757862956444,7.35208920147315e-07,0.000247522544452574,0.000999000999000999,0.000233850121873466,"***","EsteroZacatecas","metastat"
"503","ColaDeBallena - EsteroZacatecas","k__Bacteria|p__Pseudomonadota|c__Gammaproteobacteria|o__Pseudomonadales|f__Nitrincolaceae|g__Marinobacterium|s__|ASV_14523",0.000655989111742924,7.84457043818708e-07,0.000255678353245295,0,0,0,0.000999000999000999,0.000233850121873466,"***","ColaDeBallena","metastat"
"504","ColaDeBallena - EsteroZacatecas","k__Bacteria|p__Actinomycetota|c__Actinobacteria|o__Nitriliruptorales|f__Nitriliruptoraceae|g__|s__|ASV_9152",0.000375770741447787,1.69444380153864e-06,0.000375770741447787,0,0,0,0.000999000999000999,0.000233850121873466,"***","ColaDeBallena","metastat"
"505","ColaDeBallena - EsteroZacatecas","k__Bacteria|p__Bacteroidota|c__Bacteroidia|o__Cytophagales|f__Cyclobacteriaceae|g__Fulvivirga|s__|ASV_5610",0,0,0,0.000375258576580052,3.13406861769295e-07,0.000161608287166143,0.000999000999000999,0.000233850121873466,"***","EsteroZacatecas","metastat"
"506","ColaDeBallena - EsteroZacatecas","k__Bacteria|p__Bacteroidota|c__Bacteroidia|o__Flavobacteriales|f__Flavobacteriaceae|g__|s__|ASV_2485",0,0,0,0.000446071292688367,2.38775517792805e-06,0.000446071292688367,0.000999000999000999,0.000233850121873466,"***","EsteroZacatecas","metastat"
"507","ColaDeBallena - EsteroZacatecas","k__Bacteria|p__Cyanobacteriota|c__Cyanobacteriia|o__Synechococcales|f__Cyanobiaceae|g__|s__|ASV_1949",0,0,0,0.000430140854147721,3.3062812432951e-07,0.000165988986665157,0.000999000999000999,0.000233850121873466,"***","EsteroZacatecas","metastat"
"508","ColaDeBallena - EsteroZacatecas","k__Bacteria|p__Bacteroidota|c__Bacteroidia|o__Cytophagales|f__Cyclobacteriaceae|g__|s__|ASV_5050",0.000671893588943814,9.18274226006935e-07,0.000276627641726644,0,0,0,0.000999000999000999,0.000233850121873466,"***","ColaDeBallena","metastat"
"509","ColaDeBallena - EsteroZacatecas","k__Bacteria|p__Bacteroidota|c__Bacteroidia|o__Flavobacteriales|f__Flavobacteriaceae|g__Dokdonia|s__|ASV_14418",0,0,0,0.000420149912278748,4.58749261949255e-07,0.000195522646162632,0.000999000999000999,0.000233850121873466,"***","EsteroZacatecas","metastat"
"510","ColaDeBallena - EsteroZacatecas","k__Bacteria|p__Chloroflexota|c__Anaerolineae|o__Aggregatilineales|f__A4b|g__|s__|ASV_14804",0,0,0,0.000400413684169427,5.43998480778393e-07,0.000212915961664533,0.000999000999000999,0.000233850121873466,"***","EsteroZacatecas","metastat"
"511","ColaDeBallena - EsteroZacatecas","k__Bacteria|p__Cyanobacteriota|c__Cyanobacteriia|o__Synechococcales|f__Cyanobiaceae|g__Synechococcus_MBIC10613|s__|ASV_12853",0,0,0,0.000394002355423942,1.59303756374559e-07,0.000115218544649779,0.000999000999000999,0.000233850121873466,"***","EsteroZacatecas","metastat"
"512","ColaDeBallena - EsteroZacatecas","k__Bacteria|p__Pseudomonadota|c__Gammaproteobacteria|o__Pseudomonadales|f__Marinomonadaceae|g__Marinomonas|s__|ASV_10506",0,0,0,0.000472907646391189,2.68369970418305e-06,0.000472907646391189,0.000999000999000999,0.000233850121873466,"***","EsteroZacatecas","metastat"
"513","ColaDeBallena - EsteroZacatecas","k__Bacteria|p__Thermodesulfobacteriota|c__Desulfobulbia|o__Desulfobulbales|f__Desulfocapsaceae|g__|s__|ASV_10438",0.000438402911436891,1.9055889348847e-06,0.000398496019938793,0,0,0,0.000999000999000999,0.000233850121873466,"***","ColaDeBallena","metastat"
"514","ColaDeBallena - EsteroZacatecas","k__Bacteria|p__Pseudomonadota|c__Alphaproteobacteria|o__Rhodobacterales|f__Paracoccaceae|g__|s__|ASV_14734",0,0,0,0.000378286197865375,1.04543740196656e-06,0.000295160606275995,0.000999000999000999,0.000233850121873466,"***","EsteroZacatecas","metastat"
"515","ColaDeBallena - EsteroZacatecas","k__Bacteria|p__Pseudomonadota|c__Alphaproteobacteria|o__Sphingomonadales|f__Sphingomonadaceae|g__Aurantiacibacter|s__|ASV_5042",0.000529091462191157,1.01551352801018e-06,0.000290905701790429,0,0,0,0.000999000999000999,0.000233850121873466,"***","ColaDeBallena","metastat"
"516","ColaDeBallena - EsteroZacatecas","k__Bacteria|p__Bacteroidota|c__Bacteroidia|o__Chitinophagales|f__Saprospiraceae|g__|s__|ASV_9685",0,0,0,0.000405774816333504,1.97583841884587e-06,0.000405774816333504,0.000999000999000999,0.000233850121873466,"***","EsteroZacatecas","metastat"
"517","ColaDeBallena - EsteroZacatecas","k__Bacteria|p__Pseudomonadota|c__Alphaproteobacteria|o__Rhodobacterales|f__Paracoccaceae|g__|s__|ASV_1758",0.000388936251977629,4.04024707944176e-07,0.00018349039664793,0,0,0,0.000999000999000999,0.000233850121873466,"***","ColaDeBallena","metastat"
"518","ColaDeBallena - EsteroZacatecas","k__Bacteria|p__Rhodothermota|c__Rhodothermia|o__Rhodothermales|f__Rhodothermaceae|g__Rubricoccus|s__|ASV_925",0,0,0,0.000356099423945067,2.51937498258523e-07,0.000144895795389458,0.000999000999000999,0.000233850121873466,"***","EsteroZacatecas","metastat"
"519","ColaDeBallena - EsteroZacatecas","k__Bacteria|p__Rhodothermota|c__Rhodothermia|o__Rhodothermales|f__Rhodothermaceae|g__|s__|ASV_13633",0,0,0,0.00032606107916485,4.39689791925498e-07,0.000191417909281738,0.000999000999000999,0.000233850121873466,"***","EsteroZacatecas","metastat"
"520","ColaDeBallena - EsteroZacatecas","k__Bacteria|p__Cyanobacteriota|c__Cyanobacteriia|o__Phormidesmiales|f__Nodosilineaceae|g__|s__|ASV_119",0,0,0,0.000382364462507361,9.46989776185492e-07,0.000280919587572893,0.000999000999000999,0.000233850121873466,"***","EsteroZacatecas","metastat"
"521","ColaDeBallena - EsteroZacatecas","k__Bacteria|p__Pseudomonadota|c__Alphaproteobacteria|o__Rhodobacterales|f__Paracoccaceae|g__|s__|ASV_1545",0,0,0,0.000391515407782531,7.33517058905761e-07,0.000247237581236106,0.000999000999000999,0.000233850121873466,"***","EsteroZacatecas","metastat"
"522","ColaDeBallena - EsteroZacatecas","k__Bacteria|p__Rhodothermota|c__Rhodothermia|o__Rhodothermales|f__Rhodothermaceae|g__|s__|ASV_10821",0,0,0,0.000370417458200541,1.1579008099077e-07,9.82302062295377e-05,0.000999000999000999,0.000233850121873466,"***","EsteroZacatecas","metastat"
"523","ColaDeBallena - EsteroZacatecas","k__Bacteria|p__Bacteroidota|c__Bacteroidia|o__Flavobacteriales|f__Flavobacteriaceae|g__Mesohalobacter|s__|ASV_1762",0,0,0,0.000398523540096628,3.68422756812234e-07,0.000175219566261932,0.000999000999000999,0.000233850121873466,"***","EsteroZacatecas","metastat"
"524","ColaDeBallena - EsteroZacatecas","k__Bacteria|p__Pseudomonadota|c__Gammaproteobacteria|o__Enterobacterales|f__Alteromonadaceae|g__Aestuariibacter|s__|ASV_5142",0,0,0,0.000458895567979598,2.52702170773582e-06,0.000458895567979598,0.000999000999000999,0.000233850121873466,"***","EsteroZacatecas","metastat"
"525","ColaDeBallena - EsteroZacatecas","k__Bacteria|p__Bacteroidota|c__Bacteroidia|o__Flavobacteriales|f__Flavobacteriaceae|g__Flavimarina|s__|ASV_4287",0,0,0,0.00047352223542615,9.84061984218693e-07,0.000286365440218539,0.000999000999000999,0.000233850121873466,"***","EsteroZacatecas","metastat"
"526","ColaDeBallena - EsteroZacatecas","k__Bacteria|p__Myxococcota|c__Polyangiia|o__Polyangiales|f__Sandaracinaceae|g__|s__|ASV_11195",0.000671397124038318,9.03488621558661e-07,0.000274391542258907,0,0,0,0.000999000999000999,0.000233850121873466,"***","ColaDeBallena","metastat"
"527","ColaDeBallena - EsteroZacatecas","k__Bacteria|p__Pseudomonadota|c__Gammaproteobacteria|o__Pseudomonadales|f__Saccharospirillaceae|g__Bermanella|s__|ASV_15002",0,0,0,0.000382803707344051,2.76498729603695e-07,0.000151794468938456,0.000999000999000999,0.000233850121873466,"***","EsteroZacatecas","metastat"
"528","ColaDeBallena - EsteroZacatecas","k__Bacteria|p__Bacteroidota|c__Bacteroidia|o__Chitinophagales|f__Saprospiraceae|g__|s__|ASV_4746",0,0,0,0.000418107431562233,6.69877114918997e-07,0.000236269111205668,0.000999000999000999,0.000233850121873466,"***","EsteroZacatecas","metastat"
"529","ColaDeBallena - EsteroZacatecas","k__Bacteria|p__Bacteroidota|c__Bacteroidia|o__Cytophagales|f__Cyclobacteriaceae|g__Marinoscillum|s__|ASV_10741",0,0,0,0.000370578031469939,6.1270713975157e-07,0.000225962227623625,0.000999000999000999,0.000233850121873466,"***","EsteroZacatecas","metastat"
"530","ColaDeBallena - EsteroZacatecas","k__Bacteria|p__Bacteroidota|c__Bacteroidia|o__Cytophagales|f__Cyclobacteriaceae|g__Tunicatimonas|s__|ASV_9643",0,0,0,0.000390520123990139,1.83007160689529e-06,0.000390520123990139,0.000999000999000999,0.000233850121873466,"***","EsteroZacatecas","metastat"
"531","ColaDeBallena - EsteroZacatecas","k__Bacteria|p__Bacteroidota|c__Bacteroidia|o__Cytophagales|f__Mooreiaceae|g__Mooreia|s__|ASV_7766",0.000489367949494483,2.48366953639685e-07,0.000143865375044311,0,0,0,0.000999000999000999,0.000233850121873466,"***","ColaDeBallena","metastat"
"532","ColaDeBallena - EsteroZacatecas","k__Bacteria|p__Chloroflexota|c__Anaerolineae|o__Aggregatilineales|f__A4b|g__|s__|ASV_5951",0.000642541055606198,7.00821737162731e-07,0.000241664667318637,0,0,0,0.000999000999000999,0.000233850121873466,"***","ColaDeBallena","metastat"
"533","ColaDeBallena - EsteroZacatecas","k__Bacteria|p__Pseudomonadota|c__Gammaproteobacteria|o__Enterobacterales|f__Vibrionaceae|g__Vibrio|s__|ASV_12002",0,0,0,0.000349508170751952,4.31180832461468e-07,0.000189556682916893,0.000999000999000999,0.000233850121873466,"***","EsteroZacatecas","metastat"
"534","ColaDeBallena - EsteroZacatecas","k__Bacteria|p__Actinomycetota|c__Actinobacteria|o__Propionibacteriales|f__Nocardioidaceae|g__Nocardioides|s__|ASV_2050",0.000554551464742516,7.01201462575026e-07,0.000241730128892915,0,0,0,0.000999000999000999,0.000233850121873466,"***","ColaDeBallena","metastat"
"535","ColaDeBallena - EsteroZacatecas","k__Bacteria|p__Cyanobacteriota|c__Cyanobacteriia|o__Phormidesmiales|f__Phormidesmiaceae|g__Phormidium_MBIC10003|s__|ASV_6321",0,0,0,0.000349218370908397,1.74973804630478e-07,0.000120752434285497,0.000999000999000999,0.000233850121873466,"***","EsteroZacatecas","metastat"
"536","ColaDeBallena - EsteroZacatecas","k__Bacteria|p__Pseudomonadota|c__Alphaproteobacteria|o__Rhodobacterales|f__Paracoccaceae|g__|s__|ASV_12790",0.000381495121158062,8.57239677391432e-07,0.000267276335994452,0,0,0,0.000999000999000999,0.000233850121873466,"***","ColaDeBallena","metastat"
"537","ColaDeBallena - EsteroZacatecas","k__Bacteria|p__Pseudomonadota|c__Alphaproteobacteria|o__Rhodobacterales|f__Paracoccaceae|g__|s__|ASV_15905",0.000691680797720027,1.77504633446485e-06,0.000384604378383906,0,0,0,0.000999000999000999,0.000233850121873466,"***","ColaDeBallena","metastat"
"538","ColaDeBallena - EsteroZacatecas","k__Bacteria|p__Pseudomonadota|c__Gammaproteobacteria|o__Granulosicoccales|f__Granulosicoccaceae|g__Granulosicoccus|s__|ASV_2296",0,0,0,0.000380364538996036,1.46664452306789e-07,0.000110553325107083,0.000999000999000999,0.000233850121873466,"***","EsteroZacatecas","metastat"
"539","ColaDeBallena - EsteroZacatecas","k__Bacteria|p__Pseudomonadota|c__Gammaproteobacteria|o__Granulosicoccales|f__Granulosicoccaceae|g__Granulosicoccus|s__|ASV_5565",0,0,0,0.000393857412011252,1.64967787686121e-07,0.00011724894728956,0.000999000999000999,0.000233850121873466,"***","EsteroZacatecas","metastat"
"540","ColaDeBallena - EsteroZacatecas","k__Bacteria|p__Pseudomonadota|c__Gammaproteobacteria|o__Pseudomonadales|f__Cellvibrionaceae|g__|s__|ASV_1931",0.000565089344989743,1.03817308672928e-06,0.000294133343730538,0,0,0,0.000999000999000999,0.000233850121873466,"***","ColaDeBallena","metastat"
"541","ColaDeBallena - EsteroZacatecas","k__Bacteria|p__Actinomycetota|c__Acidimicrobiia|o__Microtrichales|f__Microtrichaceae|g__|s__|ASV_11076",0.000575497893547447,1.35809626550926e-06,0.000336414459844458,0,0,0,0.000999000999000999,0.000233850121873466,"***","ColaDeBallena","metastat"
"542","ColaDeBallena - EsteroZacatecas","k__Bacteria|p__Bacteroidota|c__Bacteroidia|o__Cytophagales|f__Cyclobacteriaceae|g__|s__|ASV_13781",0,0,0,0.000419866432687015,1.33442737689966e-06,0.00033347006073755,0.000999000999000999,0.000233850121873466,"***","EsteroZacatecas","metastat"
"543","ColaDeBallena - EsteroZacatecas","k__Bacteria|p__Bacteroidota|c__Bacteroidia|o__Flavobacteriales|f__Crocinitomicaceae|g__Brumimicrobium|s__|ASV_4358",0,0,0,0.000354755266371616,1.51495688900517e-07,0.000112359426581439,0.000999000999000999,0.000233850121873466,"***","EsteroZacatecas","metastat"
"544","ColaDeBallena - EsteroZacatecas","k__Bacteria|p__Bacteroidota|c__Bacteroidia|o__Flavobacteriales|f__Flavobacteriaceae|g__Robiginitalea|s__|ASV_5224",0.000743224301139864,1.69471735197945e-06,0.000375801072375116,0,0,0,0.000999000999000999,0.000233850121873466,"***","ColaDeBallena","metastat"
"545","ColaDeBallena - EsteroZacatecas","k__Bacteria|p__Campylobacterota|c__Campylobacteria|o__Campylobacterales|f__Sulfurovaceae|g__Sulfurovum|s__|ASV_15957",0.000709941568689089,2.1520693538672e-06,0.000423484489470708,0,0,0,0.000999000999000999,0.000233850121873466,"***","ColaDeBallena","metastat"
"546","ColaDeBallena - EsteroZacatecas","k__Bacteria|p__Bacteroidota|c__Bacteroidia|o__Chitinophagales|f__Saprospiraceae|g__Lewinella|s__|ASV_15371",0,0,0,0.00034956069000867,5.91652278939334e-07,0.000222045843415899,0.000999000999000999,0.000233850121873466,"***","EsteroZacatecas","metastat"
"547","ColaDeBallena - EsteroZacatecas","k__Bacteria|p__Bacteroidota|c__Bacteroidia|o__Cytophagales|f__Cyclobacteriaceae|g__|s__|ASV_13336",0.000638965831590602,1.19122223660398e-06,0.000315069071343091,0,0,0,0.000999000999000999,0.000233850121873466,"***","ColaDeBallena","metastat"
"548","ColaDeBallena - EsteroZacatecas","k__Bacteria|p__Bacteroidota|c__Bacteroidia|o__Flavobacteriales|f__Flavobacteriaceae|g__Marinirhabdus|s__|ASV_13913",0,0,0,0.00035915435111165,4.8360964557228e-07,0.000200750600989611,0.000999000999000999,0.000233850121873466,"***","EsteroZacatecas","metastat"
"549","ColaDeBallena - EsteroZacatecas","k__Bacteria|p__Planctomycetota|c__Planctomycetes|o__Planctomycetales|f__Gimesiaceae|g__|s__|ASV_811",0.000634122460630032,6.93468376964957e-07,0.000240393492868976,0,0,0,0.000999000999000999,0.000233850121873466,"***","ColaDeBallena","metastat"
"550","ColaDeBallena - EsteroZacatecas","k__Bacteria|p__Spirochaetota|c__Spirochaetia|o__Spirochaetales|f__Spirochaetaceae|g__Sediminispirochaeta|s__|ASV_13757",0.000726988040701911,1.12037248383136e-06,0.000305555843754645,0,0,0,0.000999000999000999,0.000233850121873466,"***","ColaDeBallena","metastat"
"551","ColaDeBallena - EsteroZacatecas","k__Bacteria|p__Cyanobacteriota|c__Cyanobacteriia|o__Cyanobacteriales|f__Microcystaceae|g__Cyanothece_ATCC_51142_(UCYN-C)|s__|ASV_6579",0,0,0,0.000316307711429643,1.73269928779873e-07,0.000120163058931005,0.000999000999000999,0.000233850121873466,"***","EsteroZacatecas","metastat"
"552","ColaDeBallena - EsteroZacatecas","k__Bacteria|p__Myxococcota|c__Polyangiia|o__Polyangiales|f__Sandaracinaceae|g__|s__|ASV_6621",0,0,0,0.000333859856014267,1.67597864114706e-07,0.000118179899628598,0.000999000999000999,0.000233850121873466,"***","EsteroZacatecas","metastat"
"553","ColaDeBallena - EsteroZacatecas","k__Bacteria|p__Pseudomonadota|c__Alphaproteobacteria|o__Hyphomicrobiales|f__Rhizobiaceae|g__|s__|ASV_12323",0,0,0,0.00043338965364195,5.38077200487757e-07,0.000211754024064038,0.000999000999000999,0.000233850121873466,"***","EsteroZacatecas","metastat"
"554","ColaDeBallena - EsteroZacatecas","k__Bacteria|p__Pseudomonadota|c__Alphaproteobacteria|o__Hyphomicrobiales|f__Rhizobiaceae|g__|s__|ASV_12868",0,0,0,0.000434892618063508,7.5808691203461e-07,0.000251344204898815,0.000999000999000999,0.000233850121873466,"***","EsteroZacatecas","metastat"
"555","ColaDeBallena - EsteroZacatecas","k__Bacteria|p__Pseudomonadota|c__Alphaproteobacteria|o__Rhodobacterales|f__Paracoccaceae|g__Maribius|s__|ASV_13147",0,0,0,0.000420000175736903,8.72504171757322e-07,0.000269645472759653,0.000999000999000999,0.000233850121873466,"***","EsteroZacatecas","metastat"
"556","ColaDeBallena - EsteroZacatecas","k__Bacteria|p__Pseudomonadota|c__Gammaproteobacteria|o__Pseudomonadales|f__Spongiibacteraceae|g__|s__|ASV_3004",0.000714194748060246,2.09820300592186e-06,0.000418150990066373,0,0,0,0.000999000999000999,0.000233850121873466,"***","ColaDeBallena","metastat"
"557","ColaDeBallena - EsteroZacatecas","k__Bacteria|p__Bacteroidota|c__Bacteroidia|o__Flavobacteriales|f__Flavobacteriaceae|g__Robiginitalea|s__|ASV_355",0,0,0,0.000314419477742824,3.79105782613831e-07,0.000177741803049121,0.000999000999000999,0.000233850121873466,"***","EsteroZacatecas","metastat"
"558","ColaDeBallena - EsteroZacatecas","k__Bacteria|p__Dependentiae|c__Babeliae|o__Babeliales|f__Vermiphilaceae|g__|s__|ASV_7801",0.00047052882849798,2.65676854137218e-06,0.00047052882849798,0,0,0,0.000999000999000999,0.000233850121873466,"***","ColaDeBallena","metastat"
"559","ColaDeBallena - EsteroZacatecas","k__Bacteria|p__Pseudomonadota|c__Alphaproteobacteria|o__Hyphomicrobiales|f__Rhodomicrobiaceae|g__Rhodomicrobium|s__|ASV_2124",0,0,0,0.000389851050775956,2.25101738762708e-07,0.000136961593997097,0.000999000999000999,0.000233850121873466,"***","EsteroZacatecas","metastat"
"560","ColaDeBallena - EsteroZacatecas","k__Bacteria|p__Pseudomonadota|c__Alphaproteobacteria|o__Rhodobacterales|f__Paracoccaceae|g__Palleronia-Pseudomaribius|s__|ASV_951",0,0,0,0.000377293761166265,2.75863744220041e-07,0.000151620069092683,0.000999000999000999,0.000233850121873466,"***","EsteroZacatecas","metastat"
"561","ColaDeBallena - EsteroZacatecas","k__Bacteria|p__Pseudomonadota|c__Alphaproteobacteria|o__Sphingomonadales|f__Sphingomonadaceae|g__Aurantiacibacter|s__|ASV_8699",0.00036502009970124,2.50863611607448e-07,0.000144586655564362,0,0,0,0.000999000999000999,0.000233850121873466,"***","ColaDeBallena","metastat"
"562","ColaDeBallena - EsteroZacatecas","k__Bacteria|p__Pseudomonadota|c__Gammaproteobacteria|o__Chromatiales|f__Chromatiaceae|g__Halochromatium|s__|ASV_5260",0,0,0,0.000372173761125497,2.5020932876923e-07,0.00014439798266401,0.000999000999000999,0.000233850121873466,"***","EsteroZacatecas","metastat"
"563","ColaDeBallena - EsteroZacatecas","k__Bacteria|p__Pseudomonadota|c__Gammaproteobacteria|o__Thiomicrospirales|f__Thiomicrospiraceae|g__endosymbionts|s__|ASV_10052",0.000714445868033312,3.08518546216225e-06,0.000507049098720746,0,0,0,0.000999000999000999,0.000233850121873466,"***","ColaDeBallena","metastat"
"564","ColaDeBallena - EsteroZacatecas","k__Bacteria|p__Chloroflexota|c__Anaerolineae|o__Anaerolineales|f__Anaerolineaceae|g__|s__|ASV_14272",0.000661425865154381,1.55726491981658e-06,0.000360238916070129,0,0,0,0.000999000999000999,0.000233850121873466,"***","ColaDeBallena","metastat"
"565","ColaDeBallena - EsteroZacatecas","k__Bacteria|p__Cyanobacteriota|c__Cyanobacteriia|o__Cyanobacteriales|f__Xenococcaceae|g__Pleurocapsa_PCC-7319|s__|ASV_12101",0,0,0,0.000316054213706828,1.61346316952083e-07,0.00011595484643892,0.000999000999000999,0.000233850121873466,"***","EsteroZacatecas","metastat"
"566","ColaDeBallena - EsteroZacatecas","k__Bacteria|p__Pseudomonadota|c__Alphaproteobacteria|o__Rhodobacterales|f__Paracoccaceae|g__Palleronia-Pseudomaribius|s__|ASV_11632",0,0,0,0.000386253728817543,4.87226754713551e-07,0.000201499949279057,0.000999000999000999,0.000233850121873466,"***","EsteroZacatecas","metastat"
"567","ColaDeBallena - EsteroZacatecas","k__Bacteria|p__Pseudomonadota|c__Gammaproteobacteria|o__Pseudomonadales|f__Alcanivoracaceae|g__Ketobacter|s__|ASV_7246",0.000739484357866387,2.68351043837495e-06,0.000472890970377506,0,0,0,0.000999000999000999,0.000233850121873466,"***","ColaDeBallena","metastat"
"568","ColaDeBallena - EsteroZacatecas","k__Bacteria|p__Bacteroidota|c__Bacteroidia|o__Chitinophagales|f__Saprospiraceae|g__|s__|ASV_11215",0,0,0,0.000364190734094176,4.08203710745801e-07,0.000184436915761144,0.000999000999000999,0.000233850121873466,"***","EsteroZacatecas","metastat"
"569","ColaDeBallena - EsteroZacatecas","k__Bacteria|p__Bacteroidota|c__Bacteroidia|o__Chitinophagales|f__Saprospiraceae|g__|s__|ASV_11900",0,0,0,0.000401708416362473,1.1467496969538e-06,0.000309131808046584,0.000999000999000999,0.000233850121873466,"***","EsteroZacatecas","metastat"
"570","ColaDeBallena - EsteroZacatecas","k__Bacteria|p__Pseudomonadota|c__Alphaproteobacteria|o__Sphingomonadales|f__Sphingomonadaceae|g__Qipengyuania|s__|ASV_3751",0,0,0,0.000389881878432178,1.00817494962575e-06,0.000289852685230755,0.000999000999000999,0.000233850121873466,"***","EsteroZacatecas","metastat"
"571","ColaDeBallena - EsteroZacatecas","k__Bacteria|p__Pseudomonadota|c__Alphaproteobacteria|o__Sphingomonadales|f__Sphingomonadaceae|g__|s__|ASV_4187",0.000555361052431382,6.20096966208989e-07,0.000227320802356675,0,0,0,0.000999000999000999,0.000233850121873466,"***","ColaDeBallena","metastat"
"572","ColaDeBallena - EsteroZacatecas","k__Bacteria|p__Verrucomicrobiota|c__Verrucomicrobiia|o__Verrucomicrobiales|f__Rubritaleaceae|g__DBS1|s__|ASV_11128",0,0,0,0.000363077980154367,4.82044034154283e-07,0.000200425388061302,0.000999000999000999,0.000233850121873466,"***","EsteroZacatecas","metastat"
"573","ColaDeBallena - EsteroZacatecas","k__Bacteria|p__Bacteroidota|c__Bacteroidia|o__Cytophagales|f__Cyclobacteriaceae|g__Tunicatimonas|s__|ASV_8575",0,0,0,0.000424805803061458,2.16551964377628e-06,0.000424805803061458,0.000999000999000999,0.000233850121873466,"***","EsteroZacatecas","metastat"
"574","ColaDeBallena - EsteroZacatecas","k__Bacteria|p__Cyanobacteriota|c__Cyanobacteriia|o__Cyanobacteriales|f__Nostocaceae|g__Rivularia_PCC-7116|s__|ASV_10483",0,0,0,0.000357913665207806,1.19981126597376e-06,0.000316202897147512,0.000999000999000999,0.000233850121873466,"***","EsteroZacatecas","metastat"
"575","ColaDeBallena - EsteroZacatecas","k__Bacteria|p__Verrucomicrobiota|c__Verrucomicrobiia|o__Verrucomicrobiales|f__Rubritaleaceae|g__Haloferula|s__|ASV_12612",0.000730248256713339,1.46357033067874e-06,0.000349233724349795,0,0,0,0.000999000999000999,0.000233850121873466,"***","ColaDeBallena","metastat"
"576","ColaDeBallena - EsteroZacatecas","k__Bacteria|p__Verrucomicrobiota|c__Verrucomicrobiia|o__Verrucomicrobiales|f__Rubritaleaceae|g__Roseibacillus|s__|ASV_9177",0,0,0,0.00037096223080942,2.6401656673703e-07,0.000148328623540499,0.000999000999000999,0.000233850121873466,"***","EsteroZacatecas","metastat"
"577","ColaDeBallena - EsteroZacatecas","k__Bacteria|p__Gemmatimonadota|c__Longimicrobiia|o__Longimicrobiales|f__Longimicrobiaceae|g__|s__|ASV_10835",0,0,0,0.0002651740972157,6.29829580502082e-07,0.000229097792165646,0.000999000999000999,0.000233850121873466,"***","EsteroZacatecas","metastat"
"578","ColaDeBallena - EsteroZacatecas","k__Bacteria|p__Planctomycetota|c__Planctomycetes|o__Pirellulales|f__Pirellulaceae|g__|s__|ASV_9318",0,0,0,0.00036859088495165,3.99267279643294e-07,0.000182406889408289,0.000999000999000999,0.000233850121873466,"***","EsteroZacatecas","metastat"
"579","ColaDeBallena - EsteroZacatecas","k__Bacteria|p__Pseudomonadota|c__Alphaproteobacteria|o__Rhodobacterales|f__Paracoccaceae|g__Palleronia-Pseudomaribius|s__|ASV_11182",0,0,0,0.000258929623594411,5.20891869850357e-07,0.00020834504030781,0.000999000999000999,0.000233850121873466,"***","EsteroZacatecas","metastat"
"580","ColaDeBallena - EsteroZacatecas","k__Bacteria|p__Rhodothermota|c__Rhodothermia|o__Rhodothermales|f__Rhodothermaceae|g__|s__|ASV_2738",0.000420554132384388,2.95845241905004e-07,0.000157015190853466,0,0,0,0.000999000999000999,0.000233850121873466,"***","ColaDeBallena","metastat"
"581","ColaDeBallena - EsteroZacatecas","k__Bacteria|p__Bacteroidota|c__Bacteroidia|o__Chitinophagales|f__Saprospiraceae|g__|s__|ASV_8127",0,0,0,0.000360650119964575,1.76185989087564e-07,0.000121169987031843,0.000999000999000999,0.000233850121873466,"***","EsteroZacatecas","metastat"
"582","ColaDeBallena - EsteroZacatecas","k__Bacteria|p__Bacteroidota|c__Bacteroidia|o__Chitinophagales|f__Saprospiraceae|g__|s__|ASV_9393",0,0,0,0.000348216430498492,7.55798659950744e-07,0.000250964582486378,0.000999000999000999,0.000233850121873466,"***","EsteroZacatecas","metastat"
"583","ColaDeBallena - EsteroZacatecas","k__Bacteria|p__Bacteroidota|c__Bacteroidia|o__Cytophagales|f__Flammeovirgaceae|g__Rapidithrix|s__|ASV_7182",0,0,0,0.00034418434879201,4.27035746858518e-07,0.000188643346657681,0.000999000999000999,0.000233850121873466,"***","EsteroZacatecas","metastat"
"584","ColaDeBallena - EsteroZacatecas","k__Bacteria|p__Myxococcota|c__Polyangiia|o__Polyangiales|f__Sandaracinaceae|g__|s__|ASV_7560",0.000633755009591144,9.9802217795807e-07,0.000288389519278768,0,0,0,0.000999000999000999,0.000233850121873466,"***","ColaDeBallena","metastat"
"585","ColaDeBallena - EsteroZacatecas","k__Bacteria|p__Pseudomonadota|c__Alphaproteobacteria|o__Rhodobacterales|f__Paracoccaceae|g__Jannaschia|s__|ASV_4456",0,0,0,0.000377014020574655,5.29171351341739e-07,0.000209994315665476,0.000999000999000999,0.000233850121873466,"***","EsteroZacatecas","metastat"
"586","ColaDeBallena - EsteroZacatecas","k__Bacteria|p__Pseudomonadota|c__Gammaproteobacteria|o__Enterobacterales|f__Alteromonadaceae|g__|s__|ASV_5959",0,0,0,0.000334863404336039,7.14256697030042e-07,0.000243970062546965,0.000999000999000999,0.000233850121873466,"***","EsteroZacatecas","metastat"
"587","ColaDeBallena - EsteroZacatecas","k__Bacteria|p__Pseudomonadota|c__Gammaproteobacteria|o__Pseudomonadales|f__Cellvibrionaceae|g__|s__|ASV_13000",0.000659804643474783,1.88572051328181e-06,0.000396413138161208,0,0,0,0.000999000999000999,0.000233850121873466,"***","ColaDeBallena","metastat"
"588","ColaDeBallena - EsteroZacatecas","k__Bacteria|p__Actinomycetota|c__Acidimicrobiia|o__Microtrichales|f__Ilumatobacteraceae|g__Ilumatobacter|s__|ASV_13508",0,0,0,0.000338402661926482,7.03811441370275e-07,0.000242179589246334,0.000999000999000999,0.000233850121873466,"***","EsteroZacatecas","metastat"
"589","ColaDeBallena - EsteroZacatecas","k__Bacteria|p__Actinomycetota|c__Actinobacteria|o__Nitriliruptorales|f__Nitriliruptoraceae|g__|s__|ASV_15496",0.000357588766045984,2.86192454218254e-07,0.000154432416237183,0,0,0,0.000999000999000999,0.000233850121873466,"***","ColaDeBallena","metastat"
"590","ColaDeBallena - EsteroZacatecas","k__Bacteria|p__Chloroflexota|c__Anaerolineae|o__Ardenticatenales|f__Ardenticatenaceae|g__|s__|ASV_14123",0.000573398244222756,1.18058237829053e-06,0.000313658835133883,0,0,0,0.000999000999000999,0.000233850121873466,"***","ColaDeBallena","metastat"
"591","ColaDeBallena - EsteroZacatecas","k__Bacteria|p__Pseudomonadota|c__Alphaproteobacteria|o__Rhodobacterales|f__Paracoccaceae|g__Limibaculum|s__|ASV_1152",0,0,0,0.000330411741290245,2.26600057706577e-07,0.000137416658896273,0.000999000999000999,0.000233850121873466,"***","EsteroZacatecas","metastat"
"592","ColaDeBallena - EsteroZacatecas","k__Bacteria|p__Pseudomonadota|c__Alphaproteobacteria|o__Rhodobacterales|f__Paracoccaceae|g__Marivita|s__|ASV_7068",0,0,0,0.000326318957763778,2.35278450386474e-07,0.000140023346382688,0.000999000999000999,0.000233850121873466,"***","EsteroZacatecas","metastat"
"593","ColaDeBallena - EsteroZacatecas","k__Bacteria|p__Pseudomonadota|c__Gammaproteobacteria|o__Steroidobacterales|f__Woeseiaceae|g__Woeseia|s__|ASV_2639",0,0,0,0.000319711139379042,1.85602176212182e-07,0.000124365783146659,0.000999000999000999,0.000233850121873466,"***","EsteroZacatecas","metastat"
"594","ColaDeBallena - EsteroZacatecas","k__Bacteria|p__Acidobacteriota|c__Thermoanaerobaculia|o__Thermoanaerobaculales|f__Thermoanaerobaculaceae|g__Subgroup_10|s__|ASV_13832",0,0,0,0.000307085046173222,1.63321032821544e-07,0.00011666227354403,0.000999000999000999,0.000233850121873466,"***","EsteroZacatecas","metastat"
"595","ColaDeBallena - EsteroZacatecas","k__Bacteria|p__Pseudomonadota|c__Alphaproteobacteria|o__Rhodobacterales|f__Paracoccaceae|g__|s__|ASV_4861",0,0,0,0.000299347908406283,5.85776521116867e-07,0.000220940512566329,0.000999000999000999,0.000233850121873466,"***","EsteroZacatecas","metastat"
"596","ColaDeBallena - EsteroZacatecas","k__Bacteria|p__Pseudomonadota|c__Gammaproteobacteria|o__Enterobacterales|f__Vibrionaceae|g__Vibrio|s__|ASV_6980",0,0,0,0.000301650199120011,3.20590871612674e-07,0.000163450010607901,0.000999000999000999,0.000233850121873466,"***","EsteroZacatecas","metastat"
"597","ColaDeBallena - EsteroZacatecas","k__Bacteria|p__Pseudomonadota|c__Gammaproteobacteria|o__Pseudomonadales|f__Halieaceae|g__|s__|ASV_15846",0.000669712223640192,1.45047811849648e-06,0.000347668198921577,0,0,0,0.000999000999000999,0.000233850121873466,"***","ColaDeBallena","metastat"
"598","ColaDeBallena - EsteroZacatecas","k__Bacteria|p__Pseudomonadota|c__Gammaproteobacteria|o__Pseudomonadales|f__KI89A_clade|g__|s__|ASV_5556",0.000712699361608786,1.34571644532946e-06,0.000334877644985132,0,0,0,0.000999000999000999,0.000233850121873466,"***","ColaDeBallena","metastat"
"599","ColaDeBallena - EsteroZacatecas","k__Bacteria|p__Bacteroidota|c__Bacteroidia|o__Chitinophagales|f__Saprospiraceae|g__|s__|ASV_1449",1.38193315865698e-05,2.2916871059948e-09,1.38193315865698e-05,0.000278501822064147,6.89152950978292e-08,7.5782196181903e-05,0.000999000999000999,0.000233850121873466,"***","EsteroZacatecas","metastat"
"600","ColaDeBallena - EsteroZacatecas","k__Bacteria|p__Chloroflexota|c__Anaerolineae|o__Anaerolineales|f__Anaerolineaceae|g__|s__|ASV_3608",0.000682300789598218,2.67395452197099e-06,0.000472048242765062,0,0,0,0.000999000999000999,0.000233850121873466,"***","ColaDeBallena","metastat"
"601","ColaDeBallena - EsteroZacatecas","k__Bacteria|p__Gemmatimonadota|c__Longimicrobiia|o__Longimicrobiales|f__Longimicrobiaceae|g__YC-ZSS-LKJ147|s__|ASV_8187",0.000371981945953064,4.85737428179617e-07,0.000201191746885821,0,0,0,0.000999000999000999,0.000233850121873466,"***","ColaDeBallena","metastat"
"602","ColaDeBallena - EsteroZacatecas","k__Bacteria|p__Pseudomonadota|c__Alphaproteobacteria|o__Rhodobacterales|f__Paracoccaceae|g__|s__|ASV_1438",0.000488919056273123,4.55544909358927e-07,0.000194838589042085,0,0,0,0.000999000999000999,0.000233850121873466,"***","ColaDeBallena","metastat"
"603","ColaDeBallena - EsteroZacatecas","k__Bacteria|p__Pseudomonadota|c__Alphaproteobacteria|o__|f__Neomegalonemataceae|g__Acuticoccus|s__|ASV_15879",0.00037051074725067,3.95020482470807e-07,0.000181434212703211,0,0,0,0.000999000999000999,0.000233850121873466,"***","ColaDeBallena","metastat"
"604","ColaDeBallena - EsteroZacatecas","k__Bacteria|p__Pseudomonadota|c__Alphaproteobacteria|o__Sphingomonadales|f__Sphingomonadaceae|g__|s__|ASV_8973",0,0,0,0.000255752380451755,2.60209720883704e-07,0.000147255368007334,0.000999000999000999,0.000233850121873466,"***","EsteroZacatecas","metastat"
"605","ColaDeBallena - EsteroZacatecas","k__Bacteria|p__Pseudomonadota|c__Gammaproteobacteria|o__Pseudomonadales|f__Halieaceae|g__Parahaliea|s__|ASV_9065",0.000591120003672147,4.12984451637593e-07,0.000185513802639586,0,0,0,0.000999000999000999,0.000233850121873466,"***","ColaDeBallena","metastat"
"606","ColaDeBallena - EsteroZacatecas","k__Bacteria|p__Bacteroidota|c__Bacteroidia|o__Chitinophagales|f__Saprospiraceae|g__Lewinella|s__|ASV_8583",0,0,0,0.000272046861839279,1.72754687819909e-07,0.000119984265572584,0.000999000999000999,0.000233850121873466,"***","EsteroZacatecas","metastat"
"607","ColaDeBallena - EsteroZacatecas","k__Bacteria|p__Bacteroidota|c__Bacteroidia|o__Cytophagales|f__Cyclobacteriaceae|g__|s__|ASV_11285",0.000622389565655913,8.73517334262267e-07,0.000269801985145629,0,0,0,0.000999000999000999,0.000233850121873466,"***","ColaDeBallena","metastat"
"608","ColaDeBallena - EsteroZacatecas","k__Bacteria|p__Bacteroidota|c__Bacteroidia|o__Flavobacteriales|f__Flavobacteriaceae|g__Robertkochia|s__|ASV_468",0,0,0,0.000318681764074762,6.81677446921191e-08,7.53700563288228e-05,0.000999000999000999,0.000233850121873466,"***","EsteroZacatecas","metastat"
"609","ColaDeBallena - EsteroZacatecas","k__Bacteria|p__Pseudomonadota|c__Gammaproteobacteria|o__Enterobacterales|f__Alteromonadaceae|g__|s__|ASV_7006",0,0,0,0.000330039825086505,4.10645148312016e-07,0.000184987645603703,0.000999000999000999,0.000233850121873466,"***","EsteroZacatecas","metastat"
"610","ColaDeBallena - EsteroZacatecas","k__Bacteria|p__Rhodothermota|c__Rhodothermia|o__Rhodothermales|f__Rhodothermaceae|g__|s__|ASV_15284",0,0,0,0.000338421167222412,3.81454329976952e-07,0.000178291505213829,0.000999000999000999,0.000233850121873466,"***","EsteroZacatecas","metastat"
"611","ColaDeBallena - EsteroZacatecas","k__Bacteria|p__Cyanobacteriota|c__Cyanobacteriia|o__Cyanobacteriales|f__Microcystaceae|g__Synechocystis_BDHKU-20401|s__|ASV_733",0,0,0,0.000257641844240485,5.08938016259038e-07,0.000205940528684666,0.000999000999000999,0.000233850121873466,"***","EsteroZacatecas","metastat"
"612","ColaDeBallena - EsteroZacatecas","k__Bacteria|p__Pseudomonadota|c__Gammaproteobacteria|o__Ectothiorhodospirales|f__Ectothiorhodospiraceae|g__Thiogranum|s__|ASV_13819",0.000596714724666024,7.5565368685027e-07,0.000250940512016007,0,0,0,0.000999000999000999,0.000233850121873466,"***","ColaDeBallena","metastat"
"613","ColaDeBallena - EsteroZacatecas","k__Bacteria|p__Pseudomonadota|c__Gammaproteobacteria|o__Enterobacterales|f__Alteromonadaceae|g__|s__|ASV_6570",0,0,0,0.000336968444436973,6.61879826841864e-07,0.000234854534205371,0.000999000999000999,0.000233850121873466,"***","EsteroZacatecas","metastat"
"614","ColaDeBallena - EsteroZacatecas","k__Bacteria|p__Pseudomonadota|c__Gammaproteobacteria|o__Pseudomonadales|f__Halieaceae|g__Pseudohaliea|s__|ASV_13472",0,0,0,0.000343820164696111,3.05165758696049e-07,0.000159469369759015,0.000999000999000999,0.000233850121873466,"***","EsteroZacatecas","metastat"
"615","ColaDeBallena - EsteroZacatecas","k__Bacteria|p__Rhodothermota|c__Rhodothermia|o__Rhodothermales|f__Rhodothermaceae|g__|s__|ASV_9456",0,0,0,0.000336606972739769,3.34930213186229e-07,0.000167065409642009,0.000999000999000999,0.000233850121873466,"***","EsteroZacatecas","metastat"
"616","ColaDeBallena - EsteroZacatecas","k__Bacteria|p__Thermodesulfobacteriota|c__Desulfobulbia|o__Desulfobulbales|f__Desulfobulbaceae|g__|s__|ASV_8037",0.000597577504153734,1.13812959872546e-06,0.000307967747056606,0,0,0,0.000999000999000999,0.000233850121873466,"***","ColaDeBallena","metastat"
"617","ColaDeBallena - EsteroZacatecas","k__Bacteria|p__Bacteroidota|c__Bacteroidia|o__Chitinophagales|f__Saprospiraceae|g__|s__|ASV_8386",0,0,0,0.000303095000741927,2.90256974219156e-07,0.000155525178620472,0.000999000999000999,0.000233850121873466,"***","EsteroZacatecas","metastat"
"618","ColaDeBallena - EsteroZacatecas","k__Bacteria|p__Pseudomonadota|c__Alphaproteobacteria|o__Rhodobacterales|f__Paracoccaceae|g__Limibaculum|s__|ASV_11834",0,0,0,0.00031846441276213,5.48473710945386e-07,0.000213789949667383,0.000999000999000999,0.000233850121873466,"***","EsteroZacatecas","metastat"
"619","ColaDeBallena - EsteroZacatecas","k__Bacteria|p__Thermodesulfobacteriota|c__Desulfobulbia|o__Desulfobulbales|f__Desulfocapsaceae|g__|s__|ASV_10762",0.000630623790311488,7.92565748451151e-07,0.000256996392395424,0,0,0,0.000999000999000999,0.000233850121873466,"***","ColaDeBallena","metastat"
"620","ColaDeBallena - EsteroZacatecas","k__Bacteria|p__Verrucomicrobiota|c__Verrucomicrobiia|o__Verrucomicrobiales|f__Rubritaleaceae|g__Haloferula|s__|ASV_655",0,0,0,0.000250743617145784,6.09231706463216e-07,0.000225320458174429,0.000999000999000999,0.000233850121873466,"***","EsteroZacatecas","metastat"
"621","ColaDeBallena - EsteroZacatecas","k__Bacteria|p__Bacteroidota|c__Bacteroidia|o__Bacteroidales|f__Prolixibacteraceae|g__|s__|ASV_3832",0.000588189567059604,6.45923904625746e-07,0.000232006448298631,0,0,0,0.000999000999000999,0.000233850121873466,"***","ColaDeBallena","metastat"
"622","ColaDeBallena - EsteroZacatecas","k__Bacteria|p__Bacteroidota|c__Bacteroidia|o__Chitinophagales|f__Saprospiraceae|g__Lewinella|s__|ASV_8608",0,0,0,0.000330097798652562,2.85001187290416e-07,0.000154110671080454,0.000999000999000999,0.000233850121873466,"***","EsteroZacatecas","metastat"
"623","ColaDeBallena - EsteroZacatecas","k__Bacteria|p__Chloroflexota|c__Anaerolineae|o__Anaerolineales|f__Anaerolineaceae|g__|s__|ASV_6002",0.000576219515363521,1.18135084955003e-06,0.000313760902805256,0,0,0,0.000999000999000999,0.000233850121873466,"***","ColaDeBallena","metastat"
"624","ColaDeBallena - EsteroZacatecas","k__Bacteria|p__Myxococcota|c__Polyangiia|o__Polyangiales|f__Sandaracinaceae|g__|s__|ASV_10742",0.000590873405553063,5.20478054446139e-07,0.000208262265434343,0,0,0,0.000999000999000999,0.000233850121873466,"***","ColaDeBallena","metastat"
"625","ColaDeBallena - EsteroZacatecas","k__Bacteria|p__Pseudomonadota|c__Alphaproteobacteria|o__Rhodobacterales|f__Paracoccaceae|g__|s__|ASV_8569",0,0,0,0.000326930148213324,2.07020219498263e-07,0.000131345669735201,0.000999000999000999,0.000233850121873466,"***","EsteroZacatecas","metastat"
"626","ColaDeBallena - EsteroZacatecas","k__Bacteria|p__Bacteroidota|c__Bacteroidia|o__Cytophagales|f__Cyclobacteriaceae|g__Fulvivirga|s__|ASV_115",0,0,0,0.000337446269709015,3.36154604672264e-07,0.000167370498364224,0.000999000999000999,0.000233850121873466,"***","EsteroZacatecas","metastat"
"627","ColaDeBallena - EsteroZacatecas","k__Bacteria|p__Bacteroidota|c__Bacteroidia|o__Cytophagales|f__Cyclobacteriaceae|g__Roseivirga|s__|ASV_15880",0,0,0,0.00030997529294731,1.59353194606767e-07,0.000115236421689921,0.000999000999000999,0.000233850121873466,"***","EsteroZacatecas","metastat"
"628","ColaDeBallena - EsteroZacatecas","k__Bacteria|p__Bacteroidota|c__Bacteroidia|o__Flavobacteriales|f__Flavobacteriaceae|g__Tenacibaculum|s__|ASV_12003",0,0,0,0.000297989168073877,1.29448319498237e-07,0.000103862216220272,0.000999000999000999,0.000233850121873466,"***","EsteroZacatecas","metastat"
"629","ColaDeBallena - EsteroZacatecas","k__Bacteria|p__Thermodesulfobacteriota|c__Desulfobacteria|o__Desulfobacterales|f__Desulfobacteraceae|g__Desulfobacter|s__|ASV_4282",0.000593208838025069,1.07459815092599e-06,0.000299248802688498,0,0,0,0.000999000999000999,0.000233850121873466,"***","ColaDeBallena","metastat"
"630","ColaDeBallena - EsteroZacatecas","k__Bacteria|p__Bacteroidota|c__Bacteroidia|o__Chitinophagales|f__Saprospiraceae|g__Phaeodactylibacter|s__|ASV_15113",0.000539640413770231,5.76188946903959e-07,0.000219124954250605,0,0,0,0.000999000999000999,0.000233850121873466,"***","ColaDeBallena","metastat"
"631","ColaDeBallena - EsteroZacatecas","k__Bacteria|p__Bacteroidota|c__Bacteroidia|o__Cytophagales|f__Cyclobacteriaceae|g__Fulvivirga|s__|ASV_10945",0,0,0,0.000304933137875023,2.83754237439127e-07,0.000153773165582492,0.000999000999000999,0.000233850121873466,"***","EsteroZacatecas","metastat"
"632","ColaDeBallena - EsteroZacatecas","k__Bacteria|p__Planctomycetota|c__Planctomycetes|o__Pirellulales|f__Pirellulaceae|g__Rhodopirellula|s__|ASV_9414",0.000620095512983219,6.87973305970399e-07,0.000239439154757251,0,0,0,0.000999000999000999,0.000233850121873466,"***","ColaDeBallena","metastat"
"633","ColaDeBallena - EsteroZacatecas","k__Bacteria|p__Actinomycetota|c__Thermoleophilia|o__Solirubrobacterales|f__67-14|g__|s__|ASV_11122",0,0,0,0.000242801105776295,4.37800515247406e-07,0.000191006220502415,0.000999000999000999,0.000233850121873466,"***","EsteroZacatecas","metastat"
"634","ColaDeBallena - EsteroZacatecas","k__Bacteria|p__Verrucomicrobiota|c__Verrucomicrobiia|o__Verrucomicrobiales|f__DEV007|g__|s__|ASV_15353",0,0,0,0.00032884306487131,4.19535389234729e-07,0.000186979363664088,0.000999000999000999,0.000233850121873466,"***","EsteroZacatecas","metastat"
"635","ColaDeBallena - EsteroZacatecas","k__Bacteria|p__Bacteroidota|c__Bacteroidia|o__Chitinophagales|f__Saprospiraceae|g__|s__|ASV_4360",0,0,0,0.000323759767660023,2.28054000214544e-07,0.000137856809834983,0.000999000999000999,0.000233850121873466,"***","EsteroZacatecas","metastat"
"636","ColaDeBallena - EsteroZacatecas","k__Bacteria|p__Pseudomonadota|c__Alphaproteobacteria|o__Sphingomonadales|f__Sphingomonadaceae|g__Qipengyuania|s__|ASV_13409",0,0,0,0.000369031435985465,1.11306661569359e-06,0.000304557960506369,0.000999000999000999,0.000233850121873466,"***","EsteroZacatecas","metastat"
"637","ColaDeBallena - EsteroZacatecas","k__Bacteria|p__Rhodothermota|c__Rhodothermia|o__Rhodothermales|f__Rhodothermaceae|g__|s__|ASV_2717",0.000340438290383432,2.56483988712282e-07,0.000146197351980203,0,0,0,0.000999000999000999,0.000233850121873466,"***","ColaDeBallena","metastat"
"638","ColaDeBallena - EsteroZacatecas","k__Bacteria|p__Thermodesulfobacteriota|c__Desulfobacteria|o__Desulfatiglandales|f__Desulfatiglandaceae|g__Desulfatiglans|s__|ASV_6997",0.000563408761713186,1.11953003757808e-06,0.000305440943224993,0,0,0,0.000999000999000999,0.000233850121873466,"***","ColaDeBallena","metastat"
"639","ColaDeBallena - EsteroZacatecas","k__Bacteria|p__Chloroflexota|c__Anaerolineae|o__Aggregatilineales|f__A4b|g__|s__|ASV_10524",0,0,0,0.000325252418550566,1.53293616960778e-07,0.000113024192454823,0.000999000999000999,0.000233850121873466,"***","EsteroZacatecas","metastat"
"640","ColaDeBallena - EsteroZacatecas","k__Bacteria|p__Chloroflexota|c__Anaerolineae|o__Anaerolineales|f__Anaerolineaceae|g__ADurb.Bin120|s__|ASV_3163",0.000610088584669536,1.94834991416039e-06,0.000402942294685851,0,0,0,0.000999000999000999,0.000233850121873466,"***","ColaDeBallena","metastat"
"641","ColaDeBallena - EsteroZacatecas","k__Bacteria|p__Myxococcota|c__Polyangiia|o__Polyangiales|f__BIrii41|g__|s__|ASV_2804",0.000409669122304656,5.13366626252393e-07,0.000206834601040782,0,0,0,0.000999000999000999,0.000233850121873466,"***","ColaDeBallena","metastat"
"642","ColaDeBallena - EsteroZacatecas","k__Bacteria|p__Pseudomonadota|c__Alphaproteobacteria|o__Rhodobacterales|f__Paracoccaceae|g__Limibaculum|s__|ASV_7555",0.000354010807278857,3.06815359852882e-07,0.000159899801921099,0,0,0,0.000999000999000999,0.000233850121873466,"***","ColaDeBallena","metastat"
"643","ColaDeBallena - EsteroZacatecas","k__Bacteria|p__Pseudomonadota|c__Alphaproteobacteria|o__Rhodobacterales|f__Paracoccaceae|g__|s__|ASV_15974",0,0,0,0.000295900288601492,5.87919361918721e-07,0.000221344257119749,0.000999000999000999,0.000233850121873466,"***","EsteroZacatecas","metastat"
"644","ColaDeBallena - EsteroZacatecas","k__Bacteria|p__Rhodothermota|c__Rhodothermia|o__Rhodothermales|f__Rhodothermaceae|g__Rubricoccus|s__|ASV_12641",0,0,0,0.000334620273944966,1.58396177580289e-07,0.000114889866676849,0.000999000999000999,0.000233850121873466,"***","EsteroZacatecas","metastat"
"645","ColaDeBallena - EsteroZacatecas","k__Bacteria|p__Bacteroidota|c__Bacteroidia|o__Bacteroidales|f__Marinifilaceae|g__|s__|ASV_14354",0.000551920744821308,1.20222809544825e-06,0.000316521207221076,0,0,0,0.000999000999000999,0.000233850121873466,"***","ColaDeBallena","metastat"
"646","ColaDeBallena - EsteroZacatecas","k__Bacteria|p__Cyanobacteriota|c__Cyanobacteriia|o__Cyanobacteriales|f__Nostocaceae|g__Rivularia_PCC-7116|s__|ASV_2166",0,0,0,0.000245272538375435,3.05680234274841e-07,0.000159603736974536,0.000999000999000999,0.000233850121873466,"***","EsteroZacatecas","metastat"
"647","ColaDeBallena - EsteroZacatecas","k__Bacteria|p__Pseudomonadota|c__Alphaproteobacteria|o__Rhodobacterales|f__Paracoccaceae|g__|s__|ASV_12539",0,0,0,0.000316909325225714,2.59908569998775e-07,0.000147170131140452,0.000999000999000999,0.000233850121873466,"***","EsteroZacatecas","metastat"
"648","ColaDeBallena - EsteroZacatecas","k__Bacteria|p__Pseudomonadota|c__Alphaproteobacteria|o__|f__Neomegalonemataceae|g__Acuticoccus|s__|ASV_11070",0,0,0,0.000225439465897266,3.71494841303447e-07,0.000175948581812852,0.000999000999000999,0.000233850121873466,"***","EsteroZacatecas","metastat"
"649","ColaDeBallena - EsteroZacatecas","k__Bacteria|p__Pseudomonadota|c__Gammaproteobacteria|o__Ectothiorhodospirales|f__Thioalkalispiraceae|g__Thiohalophilus|s__|ASV_1620",0.000653258002122037,2.13366080878714e-06,0.000421669381623718,0,0,0,0.000999000999000999,0.000233850121873466,"***","ColaDeBallena","metastat"
"650","ColaDeBallena - EsteroZacatecas","k__Bacteria|p__Pseudomonadota|c__Gammaproteobacteria|o__Pseudomonadales|f__Alcanivoracaceae|g__Ketobacter|s__|ASV_7134",0.000553798747577572,8.32611850419674e-07,0.000263409037180402,0,0,0,0.000999000999000999,0.000233850121873466,"***","ColaDeBallena","metastat"
"651","ColaDeBallena - EsteroZacatecas","k__Bacteria|p__Thermodesulfobacteriota|c__Desulfobacteria|o__Desulfobacterales|f__Desulfosarcinaceae|g__Desulfatitalea|s__|ASV_5386",0.000438036914178787,2.30251605819929e-06,0.000438036914178787,0,0,0,0.000999000999000999,0.000233850121873466,"***","ColaDeBallena","metastat"
"652","ColaDeBallena - EsteroZacatecas","k__Bacteria|p__Verrucomicrobiota|c__Kiritimatiellia|o__Kiritimatiellales|f__Kiritimatiellaceae|g__R76-B128|s__|ASV_5011",0,0,0,0.000346529226153892,7.69634227167763e-07,0.000253251230199013,0.000999000999000999,0.000233850121873466,"***","EsteroZacatecas","metastat"
"653","ColaDeBallena - EsteroZacatecas","k__Bacteria|p__Bacteroidota|c__Bacteroidia|o__Cytophagales|f__Cyclobacteriaceae|g__Marinoscillum|s__|ASV_227",0,0,0,0.000308169311182886,2.69836476145676e-07,0.000149954569827464,0.000999000999000999,0.000233850121873466,"***","EsteroZacatecas","metastat"
"654","ColaDeBallena - EsteroZacatecas","k__Bacteria|p__Cyanobacteriota|c__Cyanobacteriia|o__Cyanobacteriales|f__Xenococcaceae|g__Chroococcidiopsis_PCC-6712|s__|ASV_3345",0,0,0,0.000311195723804642,1.16211334217154e-06,0.000311195723804642,0.000999000999000999,0.000233850121873466,"***","EsteroZacatecas","metastat"
"655","ColaDeBallena - EsteroZacatecas","k__Bacteria|p__Pseudomonadota|c__Alphaproteobacteria|o__Rhodobacterales|f__Paracoccaceae|g__Tropicimonas-Psychromarinibacter|s__|ASV_204",0,0,0,0.000311195723804642,1.16211334217154e-06,0.000311195723804642,0.000999000999000999,0.000233850121873466,"***","EsteroZacatecas","metastat"
"656","ColaDeBallena - EsteroZacatecas","k__Bacteria|p__Verrucomicrobiota|c__Verrucomicrobiia|o__Verrucomicrobiales|f__DEV007|g__|s__|ASV_8775",0,0,0,0.000360640931502177,1.2296629913956e-06,0.00032011234894898,0.000999000999000999,0.000233850121873466,"***","EsteroZacatecas","metastat"
"657","ColaDeBallena - EsteroZacatecas","k__Bacteria|p__Bacillota|c__Clostridia|o__Peptostreptococcales-Tissierellales|f__Peptostreptococcaceae|g__Romboutsia|s__|ASV_8542",0.00052610028622432,3.52464449950874e-07,0.000171382722279424,0,0,0,0.000999000999000999,0.000233850121873466,"***","ColaDeBallena","metastat"
"658","ColaDeBallena - EsteroZacatecas","k__Bacteria|p__Bacteroidota|c__Bacteroidia|o__Flavobacteriales|f__Flavobacteriaceae|g__Hoppeia|s__|ASV_1461",0,0,0,0.000329185758100714,3.17673285860102e-07,0.000162704559928956,0.000999000999000999,0.000233850121873466,"***","EsteroZacatecas","metastat"
"659","ColaDeBallena - EsteroZacatecas","k__Bacteria|p__Bacteroidota|c__Bacteroidia|o__Flavobacteriales|f__Flavobacteriaceae|g__Robertkochia|s__|ASV_3583",0,0,0,0.000221829810412384,5.9050157745113e-07,0.000221829810412384,0.000999000999000999,0.000233850121873466,"***","EsteroZacatecas","metastat"
"660","ColaDeBallena - EsteroZacatecas","k__Bacteria|p__Cyanobacteriota|c__Cyanobacteriia|o__Phormidesmiales|f__Phormidesmiaceae|g__Phormidium_MBIC10003|s__|ASV_13926",0,0,0,0.000323465991591341,8.45418087217678e-07,0.000265427028141709,0.000999000999000999,0.000233850121873466,"***","EsteroZacatecas","metastat"
"661","ColaDeBallena - EsteroZacatecas","k__Bacteria|p__Hydrogenedentes|c__Hydrogenedentia|o__Hydrogenedentiales|f__Hydrogenedensaceae|g__|s__|ASV_14174",0.000477075122712271,1.91001311831352e-07,0.00012616170570322,0,0,0,0.000999000999000999,0.000233850121873466,"***","ColaDeBallena","metastat"
"662","ColaDeBallena - EsteroZacatecas","k__Bacteria|p__Nitrospirota|c__Nitrospiria|o__Nitrospirales|f__Nitrospiraceae|g__Nitrospira|s__|ASV_10748",0.000431802133931815,7.14732029772657e-07,0.00024405122921439,0,0,0,0.000999000999000999,0.000233850121873466,"***","ColaDeBallena","metastat"
"663","ColaDeBallena - EsteroZacatecas","k__Bacteria|p__Pseudomonadota|c__Gammaproteobacteria|o__Pseudomonadales|f__Halomonadaceae|g__Halomonas|s__|ASV_8266",0.000341977783795728,6.11564940264207e-07,0.00022575151167161,0,0,0,0.000999000999000999,0.000233850121873466,"***","ColaDeBallena","metastat"
"664","ColaDeBallena - EsteroZacatecas","k__Bacteria|p__Pseudomonadota|c__Gammaproteobacteria|o__Steroidobacterales|f__Woeseiaceae|g__Woeseia|s__|ASV_11187",0,0,0,0.00029244679946971,5.86456591216986e-07,0.00022106872823042,0.000999000999000999,0.000233850121873466,"***","EsteroZacatecas","metastat"
"665","ColaDeBallena - EsteroZacatecas","k__Bacteria|p__Pseudomonadota|c__Gammaproteobacteria|o__Steroidobacterales|f__Woeseiaceae|g__Woeseia|s__|ASV_14750",0,0,0,0.000343233052107339,6.2857736490186e-07,0.000228869934843253,0.000999000999000999,0.000233850121873466,"***","EsteroZacatecas","metastat"
"666","ColaDeBallena - EsteroZacatecas","k__Bacteria|p__Bacteroidota|c__Bacteroidia|o__Cytophagales|f__Cyclobacteriaceae|g__Ekhidna|s__|ASV_14662",0,0,0,0.000297594751032689,1.09739909780711e-07,9.56294540490843e-05,0.000999000999000999,0.000233850121873466,"***","EsteroZacatecas","metastat"
"667","ColaDeBallena - EsteroZacatecas","k__Bacteria|p__Chloroflexota|c__Anaerolineae|o__Caldilineales|f__Caldilineaceae|g__|s__|ASV_1226",0,0,0,0.000262582000151438,1.5680918080972e-07,0.000114312867753999,0.000999000999000999,0.000233850121873466,"***","EsteroZacatecas","metastat"
"668","ColaDeBallena - EsteroZacatecas","k__Bacteria|p__Myxococcota|c__Polyangiia|o__Haliangiales|f__Haliangiaceae|g__|s__|ASV_15528",0.000397733568652814,9.23429195731369e-07,0.000277403015444342,0,0,0,0.000999000999000999,0.000233850121873466,"***","ColaDeBallena","metastat"
"669","ColaDeBallena - EsteroZacatecas","k__Bacteria|p__Pseudomonadota|c__Alphaproteobacteria|o__Rhodobacterales|f__Paracoccaceae|g__Allosediminivita|s__|ASV_12916",0.000289260742435617,4.81409860529756e-07,0.000200293505579886,0,0,0,0.000999000999000999,0.000233850121873466,"***","ColaDeBallena","metastat"
"670","ColaDeBallena - EsteroZacatecas","k__Bacteria|p__Pseudomonadota|c__Alphaproteobacteria|o__Rhodobacterales|f__Paracoccaceae|g__Pikeienuella|s__|ASV_14678",0.000461459308157729,3.98380605206907e-07,0.000182204236414092,0,0,0,0.000999000999000999,0.000233850121873466,"***","ColaDeBallena","metastat"
"671","ColaDeBallena - EsteroZacatecas","k__Bacteria|p__Pseudomonadota|c__Alphaproteobacteria|o__Rhodobacterales|f__Paracoccaceae|g__|s__|ASV_10800",0,0,0,0.000284501796610189,4.52195213545309e-07,0.000194120927419248,0.000999000999000999,0.000233850121873466,"***","EsteroZacatecas","metastat"
"672","ColaDeBallena - EsteroZacatecas","k__Bacteria|p__Pseudomonadota|c__Alphaproteobacteria|o__Sphingomonadales|f__Sphingomonadaceae|g__Qipengyuania|s__|ASV_3190",0,0,0,0.000349153427842429,8.58677149089202e-07,0.000267500334748888,0.000999000999000999,0.000233850121873466,"***","EsteroZacatecas","metastat"
"673","ColaDeBallena - EsteroZacatecas","k__Bacteria|p__Bacteroidota|c__Bacteroidia|o__Flavobacteriales|f__Flavobacteriaceae|g__Muricauda|s__|ASV_4268",0,0,0,0.000293235662488265,4.46117599181581e-07,0.000192811998066679,0.000999000999000999,0.000233850121873466,"***","EsteroZacatecas","metastat"
"674","ColaDeBallena - EsteroZacatecas","k__Bacteria|p__Bacteroidota|c__Bacteroidia|o__Flavobacteriales|f__Flavobacteriaceae|g__Robiginitalea|s__|ASV_15981",0.000604479367288668,2.2723995233012e-06,0.000435162759139344,0,0,0,0.000999000999000999,0.000233850121873466,"***","ColaDeBallena","metastat"
"675","ColaDeBallena - EsteroZacatecas","k__Bacteria|p__Pseudomonadota|c__Alphaproteobacteria|o__Hyphomicrobiales|f__Rhizobiaceae|g__|s__|ASV_7337",0,0,0,0.00024964786903388,1.95857848598008e-07,0.000127755576720421,0.000999000999000999,0.000233850121873466,"***","EsteroZacatecas","metastat"
"676","ColaDeBallena - EsteroZacatecas","k__Bacteria|p__Pseudomonadota|c__Gammaproteobacteria|o__Chromatiales|f__Chromatiaceae|g__Candidatus_Thiobios|s__|ASV_6706",0.000538081746415427,1.06783313023541e-06,0.000298305370696345,0,0,0,0.000999000999000999,0.000233850121873466,"***","ColaDeBallena","metastat"
"677","ColaDeBallena - EsteroZacatecas","k__Bacteria|p__Pseudomonadota|c__Gammaproteobacteria|o__Enterobacterales|f__Vibrionaceae|g__Catenococcus|s__|ASV_14741",0.000383944379019395,1.64966990398357e-07,0.000117248663957689,0,0,0,0.000999000999000999,0.000233850121873466,"***","ColaDeBallena","metastat"
"678","ColaDeBallena - EsteroZacatecas","k__Bacteria|p__Actinomycetota|c__Actinobacteria|o__Nitriliruptorales|f__Nitriliruptoraceae|g__|s__|ASV_856",0,0,0,0.000256551233393148,2.93125031200858e-07,0.000156291669430603,0.000999000999000999,0.000233850121873466,"***","EsteroZacatecas","metastat"
"679","ColaDeBallena - EsteroZacatecas","k__Bacteria|p__Bacteroidota|c__Bacteroidia|o__Chitinophagales|f__Saprospiraceae|g__Lewinella|s__|ASV_12953",0,0,0,0.000304058197933551,2.6836187367562e-07,0.000149544272618407,0.000999000999000999,0.000233850121873466,"***","EsteroZacatecas","metastat"
"680","ColaDeBallena - EsteroZacatecas","k__Bacteria|p__Bacteroidota|c__Bacteroidia|o__Flavobacteriales|f__Flavobacteriaceae|g__|s__|ASV_2932",0.000571936895944435,1.32128428308929e-06,0.000331823783943789,0,0,0,0.000999000999000999,0.000233850121873466,"***","ColaDeBallena","metastat"
"681","ColaDeBallena - EsteroZacatecas","k__Bacteria|p__Chloroflexota|c__Anaerolineae|o__Aggregatilineales|f__A4b|g__|s__|ASV_12727",0,0,0,0.000247441378520958,2.13377741440468e-07,0.000133347210144691,0.000999000999000999,0.000233850121873466,"***","EsteroZacatecas","metastat"
"682","ColaDeBallena - EsteroZacatecas","k__Bacteria|p__Pseudomonadota|c__Alphaproteobacteria|o__Kiloniellales|f__Kiloniellaceae|g__Pelagibius|s__|ASV_4281",0.000485190886145999,5.66435688674229e-07,0.000217262454317781,0,0,0,0.000999000999000999,0.000233850121873466,"***","ColaDeBallena","metastat"
"683","ColaDeBallena - EsteroZacatecas","k__Bacteria|p__Pseudomonadota|c__Gammaproteobacteria|o__Chromatiales|f__Chromatiaceae|g__Thiohalocapsa|s__|ASV_14778",0,0,0,0.000311968151588224,2.36480951085745e-07,0.000140380717777806,0.000999000999000999,0.000233850121873466,"***","EsteroZacatecas","metastat"
"684","ColaDeBallena - EsteroZacatecas","k__Bacteria|p__Rhodothermota|c__Rhodothermia|o__Rhodothermales|f__Rhodothermaceae|g__|s__|ASV_12679",0,0,0,0.000265249123425163,2.07102115981917e-07,0.000131371647112913,0.000999000999000999,0.000233850121873466,"***","EsteroZacatecas","metastat"
"685","ColaDeBallena - EsteroZacatecas","k__Bacteria|p__Rhodothermota|c__Rhodothermia|o__Rhodothermales|f__Rhodothermaceae|g__|s__|ASV_13110",0,0,0,0.000329968308358862,3.18930710767699e-07,0.000163026253194513,0.000999000999000999,0.000233850121873466,"***","EsteroZacatecas","metastat"
"686","ColaDeBallena - EsteroZacatecas","k__Bacteria|p__Pseudomonadota|c__Alphaproteobacteria|o__Kiloniellales|f__Kiloniellaceae|g__Pelagibius|s__|ASV_14443",0.000371067450116293,1.65229263042969e-06,0.000371067450116293,0,0,0,0.000999000999000999,0.000233850121873466,"***","ColaDeBallena","metastat"
"687","ColaDeBallena - EsteroZacatecas","k__Bacteria|p__Pseudomonadota|c__Gammaproteobacteria|o__Ectothiorhodospirales|f__Ectothiorhodospiraceae|g__Thiogranum|s__|ASV_6435",0.000469709608067058,5.56974100943461e-07,0.00021544026645907,0,0,0,0.000999000999000999,0.000233850121873466,"***","ColaDeBallena","metastat"
"688","ColaDeBallena - EsteroZacatecas","k__Bacteria|p__Pseudomonadota|c__Gammaproteobacteria|o__Pseudomonadales|f__Halieaceae|g__|s__|ASV_13665",0,0,0,0.000302679610761913,1.11985799120067e-07,9.66030534024276e-05,0.000999000999000999,0.000233850121873466,"***","EsteroZacatecas","metastat"
"689","ColaDeBallena - EsteroZacatecas","k__Bacteria|p__Verrucomicrobiota|c__Verrucomicrobiia|o__Opitutales|f__Puniceicoccaceae|g__Pelagicoccus|s__|ASV_14309",0,0,0,0.000302760325336947,2.18263107030543e-07,0.000134865089079959,0.000999000999000999,0.000233850121873466,"***","EsteroZacatecas","metastat"
"690","ColaDeBallena - EsteroZacatecas","k__Bacteria|p__Bacteroidota|c__Bacteroidia|o__Chitinophagales|f__Saprospiraceae|g__Flavilitoribacter|s__|ASV_15475",0,0,0,0.000289851117669429,1.87024477425725e-07,0.00012484139184906,0.000999000999000999,0.000233850121873466,"***","EsteroZacatecas","metastat"
"691","ColaDeBallena - EsteroZacatecas","k__Bacteria|p__Deinococcota|c__Deinococci|o__Deinococcales|f__Trueperaceae|g__Truepera|s__|ASV_12777",0,0,0,0.000209896625911738,5.28679122829587e-07,0.000209896625911738,0.000999000999000999,0.000233850121873466,"***","EsteroZacatecas","metastat"
"692","ColaDeBallena - EsteroZacatecas","k__Bacteria|p__Pseudomonadota|c__Alphaproteobacteria|o__Rhodobacterales|f__Paracoccaceae|g__Jannaschia|s__|ASV_7536",0,0,0,0.000269552436034549,4.60082813292667e-07,0.000195806625120438,0.000999000999000999,0.000233850121873466,"***","EsteroZacatecas","metastat"
"693","ColaDeBallena - EsteroZacatecas","k__Bacteria|p__Pseudomonadota|c__Alphaproteobacteria|o__Rhodobacterales|f__Paracoccaceae|g__|s__|ASV_1099",0,0,0,0.000286922954170587,2.478915959517e-07,0.0001437276347679,0.000999000999000999,0.000233850121873466,"***","EsteroZacatecas","metastat"
"694","ColaDeBallena - EsteroZacatecas","k__Bacteria|p__Pseudomonadota|c__Gammaproteobacteria|o__Ectothiorhodospirales|f__Thioalkalispiraceae|g__|s__|ASV_3277",0.000618487080931027,2.66847026017067e-06,0.000471563910494526,0,0,0,0.000999000999000999,0.000233850121873466,"***","ColaDeBallena","metastat"
"695","ColaDeBallena - EsteroZacatecas","k__Bacteria|p__Pseudomonadota|c__Gammaproteobacteria|o__Enterobacterales|f__Vibrionaceae|g__Vibrio|s__|ASV_7051",0,0,0,0.00031717528146869,7.61398632089611e-07,0.000251892608084214,0.000999000999000999,0.000233850121873466,"***","EsteroZacatecas","metastat"
"696","ColaDeBallena - EsteroZacatecas","k__Bacteria|p__Rhodothermota|c__Rhodothermia|o__Rhodothermales|f__Rhodothermaceae|g__Rubricoccus|s__|ASV_10120",0,0,0,0.000248775028838821,1.08495939720875e-07,9.50858996385528e-05,0.000999000999000999,0.000233850121873466,"***","EsteroZacatecas","metastat"
"697","ColaDeBallena - EsteroZacatecas","k__Bacteria|p__Bacteroidota|c__Bacteroidia|o__Cytophagales|f__Cyclobacteriaceae|g__Tunicatimonas|s__|ASV_15963",0,0,0,0.000302502315549172,2.50447257577442e-07,0.000144466621743987,0.000999000999000999,0.000233850121873466,"***","EsteroZacatecas","metastat"
"698","ColaDeBallena - EsteroZacatecas","k__Bacteria|p__Planctomycetota|c__Planctomycetes|o__Pirellulales|f__Pirellulaceae|g__Rhodopirellula|s__|ASV_5930",0,0,0,0.000279813777128723,3.5954964385719e-07,0.000173096708002875,0.000999000999000999,0.000233850121873466,"***","EsteroZacatecas","metastat"
"699","ColaDeBallena - EsteroZacatecas","k__Bacteria|p__Pseudomonadota|c__Alphaproteobacteria|o__Caulobacterales|f__Hyphomonadaceae|g__Litorimonas|s__|ASV_366",0,0,0,0.000276229460269689,3.01679486976686e-07,0.000158555848987217,0.000999000999000999,0.000233850121873466,"***","EsteroZacatecas","metastat"
"700","ColaDeBallena - EsteroZacatecas","k__Bacteria|p__Pseudomonadota|c__Alphaproteobacteria|o__Kiloniellales|f__Kiloniellaceae|g__Pelagibius|s__|ASV_3338",0.000477608657670917,6.20330264719136e-07,0.000227363560683313,0,0,0,0.000999000999000999,0.000233850121873466,"***","ColaDeBallena","metastat"
"701","ColaDeBallena - EsteroZacatecas","k__Bacteria|p__Actinomycetota|c__Acidimicrobiia|o__Microtrichales|f__Ilumatobacteraceae|g__Ilumatobacter|s__|ASV_8483",0,0,0,0.000255705877298918,1.05578560902213e-07,9.37987921485014e-05,0.000999000999000999,0.000233850121873466,"***","EsteroZacatecas","metastat"
"702","ColaDeBallena - EsteroZacatecas","k__Bacteria|p__Bacteroidota|c__Bacteroidia|o__Cytophagales|f__Cyclobacteriaceae|g__Tunicatimonas|s__|ASV_4541",0,0,0,0.000242701824828141,2.49191453365422e-07,0.000144103970962352,0.000999000999000999,0.000233850121873466,"***","EsteroZacatecas","metastat"
"703","ColaDeBallena - EsteroZacatecas","k__Bacteria|p__Pseudomonadota|c__Alphaproteobacteria|o__Kiloniellales|f__Kiloniellaceae|g__Pelagibius|s__|ASV_15689",0.000359591137226099,1.55166943165871e-06,0.000359591137226099,0,0,0,0.000999000999000999,0.000233850121873466,"***","ColaDeBallena","metastat"
"704","ColaDeBallena - EsteroZacatecas","k__Bacteria|p__Rhodothermota|c__Rhodothermia|o__Rhodothermales|f__Rhodothermaceae|g__Rubrivirga|s__|ASV_123",0.000277296312378552,4.22359835209583e-07,0.000187607710220374,0,0,0,0.000999000999000999,0.000233850121873466,"***","ColaDeBallena","metastat"
"705","ColaDeBallena - EsteroZacatecas","k__Bacteria|p__Cyanobacteriota|c__Cyanobacteriia|o__Cyanobacteriales|f__Xenococcaceae|g__Chroococcidiopsis_PCC-6712|s__|ASV_12044",0,0,0,0.000272291131407795,1.67816125173799e-07,0.000118256826855013,0.000999000999000999,0.000233850121873466,"***","EsteroZacatecas","metastat"
"706","ColaDeBallena - EsteroZacatecas","k__Bacteria|p__Pseudomonadota|c__Alphaproteobacteria|o__Rhodobacterales|f__Paracoccaceae|g__Pikeienuella|s__|ASV_9663",0.000423521873298628,5.53444695591266e-07,0.000214756586160407,0,0,0,0.000999000999000999,0.000233850121873466,"***","ColaDeBallena","metastat"
"707","ColaDeBallena - EsteroZacatecas","k__Bacteria|p__Pseudomonadota|c__Alphaproteobacteria|o__Rhodobacterales|f__Paracoccaceae|g__Sediminimonas|s__|ASV_528",0,0,0,0.000276948892301112,1.18496634620916e-07,9.93716234734192e-05,0.000999000999000999,0.000233850121873466,"***","EsteroZacatecas","metastat"
"708","ColaDeBallena - EsteroZacatecas","k__Bacteria|p__Pseudomonadota|c__Gammaproteobacteria|o__Enterobacterales|f__Vibrionaceae|g__Vibrio|s__|ASV_1395",0.000307835149594986,3.18986532370382e-07,0.000163040519598243,0,0,0,0.000999000999000999,0.000233850121873466,"***","ColaDeBallena","metastat"
"709","ColaDeBallena - EsteroZacatecas","k__Bacteria|p__Rhodothermota|c__Rhodothermia|o__Rhodothermales|f__Rhodothermaceae|g__Rubrivirga|s__|ASV_12511",0.000508076667272618,1.13230717504663e-06,0.000307178988952509,0,0,0,0.000999000999000999,0.000233850121873466,"***","ColaDeBallena","metastat"
"710","ColaDeBallena - EsteroZacatecas","k__Bacteria|p__Rhodothermota|c__Rhodothermia|o__Rhodothermales|f__Rhodothermaceae|g__Rubrivirga|s__|ASV_15801",0,0,0,0.000218422546741994,1.39408744609382e-07,0.000107784021933287,0.000999000999000999,0.000233850121873466,"***","EsteroZacatecas","metastat"
"711","ColaDeBallena - EsteroZacatecas","k__Bacteria|p__Rhodothermota|c__Rhodothermia|o__Rhodothermales|f__Rhodothermaceae|g__|s__|ASV_14251",0.00026816446266291,1.87967491125646e-07,0.000125155733363693,0,0,0,0.000999000999000999,0.000233850121873466,"***","ColaDeBallena","metastat"
"712","ColaDeBallena - EsteroZacatecas","k__Bacteria|p__Verrucomicrobiota|c__Verrucomicrobiia|o__Verrucomicrobiales|f__Rubritaleaceae|g__Haloferula|s__|ASV_8423",0.000452339782371378,4.86102631187255e-07,0.000201267365956178,0,0,0,0.000999000999000999,0.000233850121873466,"***","ColaDeBallena","metastat"
"713","ColaDeBallena - EsteroZacatecas","k__Bacteria|p__Actinomycetota|c__Acidimicrobiia|o__Microtrichales|f__Ilumatobacteraceae|g__Ilumatobacter|s__|ASV_11502",0,0,0,0.000276640953973555,2.65819663186035e-07,0.000148834265540017,0.000999000999000999,0.000233850121873466,"***","EsteroZacatecas","metastat"
"714","ColaDeBallena - EsteroZacatecas","k__Bacteria|p__Bacteroidota|c__Bacteroidia|o__Cytophagales|f__Cyclobacteriaceae|g__Marinoscillum|s__|ASV_7754",0.000450932997462813,2.84177698420667e-07,0.000153887864591036,0,0,0,0.000999000999000999,0.000233850121873466,"***","ColaDeBallena","metastat"
"715","ColaDeBallena - EsteroZacatecas","k__Bacteria|p__Bacteroidota|c__Bacteroidia|o__Flavobacteriales|f__Flavobacteriaceae|g__Gramella|s__|ASV_1032",0,0,0,0.000322277803466588,1.24635579128699e-06,0.000322277803466588,0.000999000999000999,0.000233850121873466,"***","EsteroZacatecas","metastat"
"716","ColaDeBallena - EsteroZacatecas","k__Bacteria|p__Bacteroidota|c__Bacteroidia|o__Flavobacteriales|f__Flavobacteriaceae|g__Nonlabens|s__|ASV_11333",0,0,0,0.000262706461195176,1.24253950082779e-07,0.000101757043197174,0.000999000999000999,0.000233850121873466,"***","EsteroZacatecas","metastat"
"717","ColaDeBallena - EsteroZacatecas","k__Bacteria|p__Pseudomonadota|c__Alphaproteobacteria|o__Hyphomicrobiales|f__Devosiaceae|g__|s__|ASV_13035",0.000324003549155643,2.72606411940873e-07,0.00015072226443055,0,0,0,0.000999000999000999,0.000233850121873466,"***","ColaDeBallena","metastat"
"718","ColaDeBallena - EsteroZacatecas","k__Bacteria|p__Pseudomonadota|c__Alphaproteobacteria|o__Hyphomicrobiales|f__Rhizobiaceae|g__|s__|ASV_7290",0.00035217541115608,3.4417671243416e-07,0.000169355816855657,0,0,0,0.000999000999000999,0.000233850121873466,"***","ColaDeBallena","metastat"
"719","ColaDeBallena - EsteroZacatecas","k__Bacteria|p__Pseudomonadota|c__Alphaproteobacteria|o__Kiloniellales|f__Kiloniellaceae|g__Tistlia|s__|ASV_11585",0.000455192757992623,6.58640493301178e-07,0.000234279123643355,0,0,0,0.000999000999000999,0.000233850121873466,"***","ColaDeBallena","metastat"
"720","ColaDeBallena - EsteroZacatecas","k__Bacteria|p__Pseudomonadota|c__Alphaproteobacteria|o__Rhodobacterales|f__Paracoccaceae|g__Jannaschia|s__|ASV_12644",0,0,0,0.000302939420653221,3.06495392357061e-07,0.000159816403089363,0.000999000999000999,0.000233850121873466,"***","EsteroZacatecas","metastat"
"721","ColaDeBallena - EsteroZacatecas","k__Bacteria|p__Pseudomonadota|c__Gammaproteobacteria|o__Chromatiales|f__Sedimenticolaceae|g__Sedimenticola|s__|ASV_271",0.000484011436679915,3.45069666126441e-07,0.00016957536823058,0,0,0,0.000999000999000999,0.000233850121873466,"***","ColaDeBallena","metastat"
"722","ColaDeBallena - EsteroZacatecas","k__Bacteria|p__Pseudomonadota|c__Gammaproteobacteria|o__Enterobacterales|f__Alteromonadaceae|g__Glaciecola|s__|ASV_8800",0,0,0,0.000276233925596038,2.10815598800661e-07,0.000132544206085071,0.000999000999000999,0.000233850121873466,"***","EsteroZacatecas","metastat"
"723","ColaDeBallena - EsteroZacatecas","k__Bacteria|p__Acidobacteriota|c__Blastocatellia|o__Blastocatellales|f__Blastocatellaceae|g__Blastocatella|s__|ASV_7595",0,0,0,0.000218685069000137,2.11000181598407e-07,0.000132602218935182,0.000999000999000999,0.000233850121873466,"***","EsteroZacatecas","metastat"
"724","ColaDeBallena - EsteroZacatecas","k__Bacteria|p__Bacteroidota|c__Bacteroidia|o__Bacteroidales|f__Prolixibacteraceae|g__Draconibacterium|s__|ASV_10943",0.000537672156769883,6.10999153566494e-07,0.00022564706098361,0,0,0,0.000999000999000999,0.000233850121873466,"***","ColaDeBallena","metastat"
"725","ColaDeBallena - EsteroZacatecas","k__Bacteria|p__Bacteroidota|c__Bacteroidia|o__Flavobacteriales|f__Cryomorphaceae|g__Vicingus|s__|ASV_578",0,0,0,0.000199192476088321,2.79492867507738e-07,0.00015261412874407,0.000999000999000999,0.000233850121873466,"***","EsteroZacatecas","metastat"
"726","ColaDeBallena - EsteroZacatecas","k__Bacteria|p__Cyanobacteriota|c__Cyanobacteriia|o__Cyanobacteriales|f__Xenococcaceae|g__Chroococcidiopsis_PCC-6712|s__|ASV_3072",0,0,0,0.000260821383778869,1.33654837679917e-07,0.000105536264572862,0.000999000999000999,0.000233850121873466,"***","EsteroZacatecas","metastat"
"727","ColaDeBallena - EsteroZacatecas","k__Bacteria|p__Planctomycetota|c__Planctomycetes|o__Pirellulales|f__Pirellulaceae|g__Pir4_lineage|s__|ASV_786",0.000499632460048884,9.5570111349318e-07,0.000282208716126496,0,0,0,0.000999000999000999,0.000233850121873466,"***","ColaDeBallena","metastat"
"728","ColaDeBallena - EsteroZacatecas","k__Bacteria|p__Planctomycetota|c__Planctomycetes|o__Pirellulales|f__Pirellulaceae|g__Rhodopirellula|s__|ASV_3695",0,0,0,0.000254676088750042,2.97924375092517e-07,0.000157565958435538,0.000999000999000999,0.000233850121873466,"***","EsteroZacatecas","metastat"
"729","ColaDeBallena - EsteroZacatecas","k__Bacteria|p__Planctomycetota|c__Planctomycetes|o__Planctomycetales|f__Gimesiaceae|g__|s__|ASV_12350",0.000512096563254079,5.38808518162646e-07,0.000211897875984841,0,0,0,0.000999000999000999,0.000233850121873466,"***","ColaDeBallena","metastat"
"730","ColaDeBallena - EsteroZacatecas","k__Bacteria|p__Pseudomonadota|c__Alphaproteobacteria|o__Sphingomonadales|f__Sphingomonadaceae|g__|s__|ASV_10904",0,0,0,0.000253114128412395,2.17536729784673e-07,0.000134640487281462,0.000999000999000999,0.000233850121873466,"***","EsteroZacatecas","metastat"
"731","ColaDeBallena - EsteroZacatecas","k__Bacteria|p__Pseudomonadota|c__Alphaproteobacteria|o__Sphingomonadales|f__Sphingomonadaceae|g__|s__|ASV_9836",0.000521836477268488,1.39531938065691e-06,0.000340993570400883,0,0,0,0.000999000999000999,0.000233850121873466,"***","ColaDeBallena","metastat"
"732","ColaDeBallena - EsteroZacatecas","k__Bacteria|p__Pseudomonadota|c__Gammaproteobacteria|o__Pseudomonadales|f__Pseudohongiellaceae|g__Pseudohongiella|s__|ASV_12563",0.000374234945440566,3.29027285368001e-07,0.00016558665540234,0,0,0,0.000999000999000999,0.000233850121873466,"***","ColaDeBallena","metastat"
"733","ColaDeBallena - EsteroZacatecas","k__Bacteria|p__Rhodothermota|c__Rhodothermia|o__Rhodothermales|f__Rhodothermaceae|g__Rubrivirga|s__|ASV_10373",0,0,0,0.000214100758160501,1.11248003576996e-07,9.6284302795158e-05,0.000999000999000999,0.000233850121873466,"***","EsteroZacatecas","metastat"
"734","ColaDeBallena - EsteroZacatecas","k__Bacteria|p__Actinomycetota|c__Acidimicrobiia|o__Microtrichales|f__Ilumatobacteraceae|g__Ilumatobacter|s__|ASV_2899",0,0,0,0.000274855870011765,1.05180287594791e-07,9.36217067043354e-05,0.000999000999000999,0.000233850121873466,"***","EsteroZacatecas","metastat"
"735","ColaDeBallena - EsteroZacatecas","k__Bacteria|p__Bacteroidota|c__Bacteroidia|o__Cytophagales|f__Cyclobacteriaceae|g__Marinoscillum|s__|ASV_403",0,0,0,0.000217713391272216,2.3651253285855e-07,0.000140390091310649,0.000999000999000999,0.000233850121873466,"***","EsteroZacatecas","metastat"
"736","ColaDeBallena - EsteroZacatecas","k__Bacteria|p__Bacteroidota|c__Bacteroidia|o__Cytophagales|f__Cyclobacteriaceae|g__|s__|ASV_8590",0,0,0,0.000197670128090243,4.68881754470557e-07,0.000197670128090243,0.000999000999000999,0.000233850121873466,"***","EsteroZacatecas","metastat"
"737","ColaDeBallena - EsteroZacatecas","k__Bacteria|p__Planctomycetota|c__Planctomycetes|o__Pirellulales|f__Pirellulaceae|g__|s__|ASV_8950",0,0,0,0.000280846761117487,1.77131083356261e-07,0.000121494541494759,0.000999000999000999,0.000233850121873466,"***","EsteroZacatecas","metastat"
"738","ColaDeBallena - EsteroZacatecas","k__Bacteria|p__Rhodothermota|c__Rhodothermia|o__Rhodothermales|f__Rhodothermaceae|g__|s__|ASV_6668",0.000406626174777602,1.72262276764543e-07,0.00011981314506505,0,0,0,0.000999000999000999,0.000233850121873466,"***","ColaDeBallena","metastat"
"739","ColaDeBallena - EsteroZacatecas","k__Bacteria|p__Bacteroidota|c__Bacteroidia|o__Cytophagales|f__Cyclobacteriaceae|g__Fulvivirga|s__|ASV_480",0,0,0,0.000234089556095187,3.02639198342163e-07,0.000158807849916748,0.000999000999000999,0.000233850121873466,"***","EsteroZacatecas","metastat"
"740","ColaDeBallena - EsteroZacatecas","k__Bacteria|p__Pseudomonadota|c__Alphaproteobacteria|o__Kiloniellales|f__Kiloniellaceae|g__Limibacillus|s__|ASV_5797",0.000469602532157687,6.28486569166293e-07,0.000228853404527566,0,0,0,0.000999000999000999,0.000233850121873466,"***","ColaDeBallena","metastat"
"741","ColaDeBallena - EsteroZacatecas","k__Bacteria|p__Pseudomonadota|c__Alphaproteobacteria|o__Sphingomonadales|f__Sphingomonadaceae|g__|s__|ASV_4895",0,0,0,0.000297395211348161,8.88493334325398e-07,0.000272104963559622,0.000999000999000999,0.000233850121873466,"***","EsteroZacatecas","metastat"
"742","ColaDeBallena - EsteroZacatecas","k__Bacteria|p__Pseudomonadota|c__Alphaproteobacteria|o__|f__Neomegalonemataceae|g__Acuticoccus|s__|ASV_4438",0,0,0,0.000317247555523662,4.20473955002541e-07,0.000187188397744657,0.000999000999000999,0.000233850121873466,"***","EsteroZacatecas","metastat"
"743","ColaDeBallena - EsteroZacatecas","k__Bacteria|p__Pseudomonadota|c__Gammaproteobacteria|o__Steroidobacterales|f__Woeseiaceae|g__Woeseia|s__|ASV_4771",0.000507778734435186,4.70435400553682e-07,0.000197997348583611,0,0,0,0.000999000999000999,0.000233850121873466,"***","ColaDeBallena","metastat"
"744","ColaDeBallena - EsteroZacatecas","k__Bacteria|p__Actinomycetota|c__Acidimicrobiia|o__Microtrichales|f__Ilumatobacteraceae|g__Ilumatobacter|s__|ASV_11130",0.000440261787100521,5.15208914707779e-07,0.000207205396227145,0,0,0,0.000999000999000999,0.000233850121873466,"***","ColaDeBallena","metastat"
"745","ColaDeBallena - EsteroZacatecas","k__Bacteria|p__Bacteroidota|c__Bacteroidia|o__Bacteroidales|f__Bacteroidetes_BD2-2|g__|s__|ASV_10532",0.000455336056939321,1.01655380506018e-06,0.00029105466340251,0,0,0,0.000999000999000999,0.000233850121873466,"***","ColaDeBallena","metastat"
"746","ColaDeBallena - EsteroZacatecas","k__Bacteria|p__Bacteroidota|c__Bacteroidia|o__Chitinophagales|f__Saprospiraceae|g__|s__|ASV_3210",0.000503892076300147,6.48616033534069e-07,0.000232489432292823,0,0,0,0.000999000999000999,0.000233850121873466,"***","ColaDeBallena","metastat"
"747","ColaDeBallena - EsteroZacatecas","k__Bacteria|p__Bacteroidota|c__Bacteroidia|o__Cytophagales|f__Cyclobacteriaceae|g__Tunicatimonas|s__|ASV_2922",0.000273144222205133,2.77677062899227e-07,0.000152117570456546,0,0,0,0.000999000999000999,0.000233850121873466,"***","ColaDeBallena","metastat"
"748","ColaDeBallena - EsteroZacatecas","k__Bacteria|p__Bacteroidota|c__Bacteroidia|o__Flavobacteriales|f__Flavobacteriaceae|g__Gramella|s__|ASV_3229",0,0,0,0.000227251264581952,2.94999962169109e-07,0.00015679072096511,0.000999000999000999,0.000233850121873466,"***","EsteroZacatecas","metastat"
"749","ColaDeBallena - EsteroZacatecas","k__Bacteria|p__Bacteroidota|c__Bacteroidia|o__Flavobacteriales|f__Flavobacteriaceae|g__Marinirhabdus|s__|ASV_12284",0,0,0,0.000282900055681971,2.59603376535397e-07,0.000147083699679071,0.000999000999000999,0.000233850121873466,"***","EsteroZacatecas","metastat"
"750","ColaDeBallena - EsteroZacatecas","k__Bacteria|p__Chloroflexota|c__Anaerolineae|o__Aggregatilineales|f__A4b|g__|s__|ASV_6142",0,0,0,0.000268482585243221,8.649947829466e-07,0.000268482585243221,0.000999000999000999,0.000233850121873466,"***","EsteroZacatecas","metastat"
"751","ColaDeBallena - EsteroZacatecas","k__Bacteria|p__Cyanobacteriota|c__Cyanobacteriia|o__Phormidesmiales|f__Nodosilineaceae|g__Halomicronema_TFEP1|s__|ASV_15198",0,0,0,0.000228940781001516,9.81980148608674e-08,9.04608639416642e-05,0.000999000999000999,0.000233850121873466,"***","EsteroZacatecas","metastat"
"752","ColaDeBallena - EsteroZacatecas","k__Bacteria|p__Pseudomonadota|c__Alphaproteobacteria|o__Rhodobacterales|f__Paracoccaceae|g__Limibaculum|s__|ASV_8852",0,0,0,0.000224254845340555,1.36095308193123e-07,0.00010649542564242,0.000999000999000999,0.000233850121873466,"***","EsteroZacatecas","metastat"
"753","ColaDeBallena - EsteroZacatecas","k__Bacteria|p__Pseudomonadota|c__Alphaproteobacteria|o__Rhodobacterales|f__Paracoccaceae|g__Marivita|s__|ASV_10920",0,0,0,0.000268482585243221,8.649947829466e-07,0.000268482585243221,0.000999000999000999,0.000233850121873466,"***","EsteroZacatecas","metastat"
"754","ColaDeBallena - EsteroZacatecas","k__Bacteria|p__Pseudomonadota|c__Gammaproteobacteria|o__Enterobacterales|f__Alteromonadaceae|g__Aestuariibacter|s__|ASV_7925",0,0,0,0.000308265725054997,1.1403330869242e-06,0.000308265725054997,0.000999000999000999,0.000233850121873466,"***","EsteroZacatecas","metastat"
"755","ColaDeBallena - EsteroZacatecas","k__Bacteria|p__Verrucomicrobiota|c__Verrucomicrobiia|o__Verrucomicrobiales|f__Rubritaleaceae|g__DBS1|s__|ASV_1721",0.000461435793610896,3.00673601623132e-07,0.000158291293091548,0,0,0,0.000999000999000999,0.000233850121873466,"***","ColaDeBallena","metastat"
"756","ColaDeBallena - EsteroZacatecas","k__Bacteria|p__Actinomycetota|c__Rubrobacteria|o__Rubrobacterales|f__Rubrobacteriaceae|g__Rubrobacter|s__|ASV_2748",0,0,0,0.00037605684942165,1.69702504796325e-06,0.00037605684942165,0.000999000999000999,0.000233850121873466,"***","EsteroZacatecas","metastat"
"757","ColaDeBallena - EsteroZacatecas","k__Bacteria|p__Pseudomonadota|c__Alphaproteobacteria|o__Hyphomicrobiales|f__Rhizobiaceae|g__|s__|ASV_1910",0,0,0,0.000243192777933521,3.3410070574231e-07,0.000166858399484491,0.000999000999000999,0.000233850121873466,"***","EsteroZacatecas","metastat"
"758","ColaDeBallena - EsteroZacatecas","k__Bacteria|p__Pseudomonadota|c__Alphaproteobacteria|o__Kiloniellales|f__Kiloniellaceae|g__|s__|ASV_7939",0.000321313935465343,2.65405104079116e-07,0.000148718163001676,0,0,0,0.000999000999000999,0.000233850121873466,"***","ColaDeBallena","metastat"
"759","ColaDeBallena - EsteroZacatecas","k__Bacteria|p__Pseudomonadota|c__Alphaproteobacteria|o__Micavibrionales|f__Micavibrionaceae|g__|s__|ASV_1341",0,0,0,0.0002465113014208,1.18985213590808e-07,9.95762746134874e-05,0.000999000999000999,0.000233850121873466,"***","EsteroZacatecas","metastat"
"760","ColaDeBallena - EsteroZacatecas","k__Bacteria|p__Pseudomonadota|c__Alphaproteobacteria|o__Rhodobacterales|f__Paracoccaceae|g__Actibacterium|s__|ASV_9547",0,0,0,0.000213403338029889,2.50214527945944e-07,0.000144399482901297,0.000999000999000999,0.000233850121873466,"***","EsteroZacatecas","metastat"
"761","ColaDeBallena - EsteroZacatecas","k__Bacteria|p__Pseudomonadota|c__Alphaproteobacteria|o__Rhodobacterales|f__Paracoccaceae|g__Pikeienuella|s__|ASV_10608",0,0,0,0.000238065728661944,1.69806899908233e-07,0.000118956189382279,0.000999000999000999,0.000233850121873466,"***","EsteroZacatecas","metastat"
"762","ColaDeBallena - EsteroZacatecas","k__Bacteria|p__Pseudomonadota|c__Alphaproteobacteria|o__Sphingomonadales|f__Sphingomonadaceae|g__Parasphingopyxis|s__|ASV_632",0.00043924813008427,6.3665568314092e-07,0.000230335929159442,0,0,0,0.000999000999000999,0.000233850121873466,"***","ColaDeBallena","metastat"
"763","ColaDeBallena - EsteroZacatecas","k__Bacteria|p__Pseudomonadota|c__Gammaproteobacteria|o__Pseudomonadales|f__Alcanivoracaceae|g__Ketobacter|s__|ASV_12342",0.000498723252756798,7.57224617952308e-07,0.000251201217146784,0,0,0,0.000999000999000999,0.000233850121873466,"***","ColaDeBallena","metastat"
"764","ColaDeBallena - EsteroZacatecas","k__Bacteria|p__Rhodothermota|c__Rhodothermia|o__Rhodothermales|f__Rhodothermaceae|g__Rubrivirga|s__|ASV_13113",0,0,0,0.000225103774899857,3.1365279545641e-07,0.000161671682599956,0.000999000999000999,0.000233850121873466,"***","EsteroZacatecas","metastat"
"765","ColaDeBallena - EsteroZacatecas","k__Bacteria|p__Acidobacteriota|c__Blastocatellia|o__Blastocatellales|f__Blastocatellaceae|g__Blastocatella|s__|ASV_13389",0,0,0,0.000197308038380018,3.01166044569125e-07,0.000158420864726716,0.000999000999000999,0.000233850121873466,"***","EsteroZacatecas","metastat"
"766","ColaDeBallena - EsteroZacatecas","k__Bacteria|p__Bacteroidota|c__Bacteroidia|o__Chitinophagales|f__Saprospiraceae|g__|s__|ASV_10850",0.000453145045020833,3.54746644104076e-07,0.000171936675383719,0,0,0,0.000999000999000999,0.000233850121873466,"***","ColaDeBallena","metastat"
"767","ColaDeBallena - EsteroZacatecas","k__Bacteria|p__Bacteroidota|c__Bacteroidia|o__Cytophagales|f__Cyclobacteriaceae|g__Fulvivirga|s__|ASV_13464",0,0,0,0.000237971315925173,1.93083274232972e-07,0.000126847439283368,0.000999000999000999,0.000233850121873466,"***","EsteroZacatecas","metastat"
"768","ColaDeBallena - EsteroZacatecas","k__Bacteria|p__Bdellovibrionota|c__Bdellovibrionia|o__Bdellovibrionales|f__Pseudobdellovibrionaceae|g__OM27_clade|s__|ASV_14881",0,0,0,0.000243172418265993,1.49810659704295e-07,0.000111732813631559,0.000999000999000999,0.000233850121873466,"***","EsteroZacatecas","metastat"
"769","ColaDeBallena - EsteroZacatecas","k__Bacteria|p__Pseudomonadota|c__Alphaproteobacteria|o__Hyphomicrobiales|f__Rhizobiaceae|g__|s__|ASV_8377",0,0,0,0.000371734356899563,1.65823718519438e-06,0.000371734356899563,0.000999000999000999,0.000233850121873466,"***","EsteroZacatecas","metastat"
"770","ColaDeBallena - EsteroZacatecas","k__Bacteria|p__Pseudomonadota|c__Alphaproteobacteria|o__Sphingomonadales|f__Sphingomonadaceae|g__Aurantiacibacter|s__|ASV_13089",0,0,0,0.000225872122986961,1.19380953931827e-07,9.97417306229057e-05,0.000999000999000999,0.000233850121873466,"***","EsteroZacatecas","metastat"
"771","ColaDeBallena - EsteroZacatecas","k__Bacteria|p__Rhodothermota|c__Rhodothermia|o__Rhodothermales|f__Rhodothermaceae|g__Rubrivirga|s__|ASV_8651",0.000261758227134671,1.50530776061023e-07,0.000112001032756036,0,0,0,0.000999000999000999,0.000233850121873466,"***","ColaDeBallena","metastat"
"772","ColaDeBallena - EsteroZacatecas","k__Bacteria|p__Acidobacteriota|c__Thermoanaerobaculia|o__Thermoanaerobaculales|f__Thermoanaerobaculaceae|g__Subgroup_10|s__|ASV_4002",0.000442040219825407,2.01138910011243e-06,0.00040940903549226,0,0,0,0.000999000999000999,0.000233850121873466,"***","ColaDeBallena","metastat"
"773","ColaDeBallena - EsteroZacatecas","k__Bacteria|p__Bacteroidota|c__Bacteroidia|o__Chitinophagales|f__Saprospiraceae|g__|s__|ASV_6128",0,0,0,0.000244206589577814,4.25029515826291e-07,0.000188199697977594,0.000999000999000999,0.000233850121873466,"***","EsteroZacatecas","metastat"
"774","ColaDeBallena - EsteroZacatecas","k__Bacteria|p__Bacteroidota|c__Bacteroidia|o__Cytophagales|f__Microscillaceae|g__|s__|ASV_9596",0.000464949317061025,9.65760310566831e-07,0.000283690017238128,0,0,0,0.000999000999000999,0.000233850121873466,"***","ColaDeBallena","metastat"
"775","ColaDeBallena - EsteroZacatecas","k__Bacteria|p__Bacteroidota|c__Bacteroidia|o__Flavobacteriales|f__Flavobacteriaceae|g__Mesoflavibacter|s__|ASV_209",0,0,0,0.000242037221283374,1.45344631688574e-07,0.000110054771094735,0.000999000999000999,0.000233850121873466,"***","EsteroZacatecas","metastat"
"776","ColaDeBallena - EsteroZacatecas","k__Bacteria|p__Bacteroidota|c__Bacteroidia|o__Flavobacteriales|f__Flavobacteriaceae|g__|s__|ASV_3604",0.0003805755457395,6.43470782441466e-07,0.000231565466344737,0,0,0,0.000999000999000999,0.000233850121873466,"***","ColaDeBallena","metastat"
"777","ColaDeBallena - EsteroZacatecas","k__Bacteria|p__Planctomycetota|c__Planctomycetes|o__Pirellulales|f__Pirellulaceae|g__Mariniblastus|s__|ASV_10958",0,0,0,0.000244323770366558,1.59466038722887e-07,0.000115277216136757,0.000999000999000999,0.000233850121873466,"***","EsteroZacatecas","metastat"
"778","ColaDeBallena - EsteroZacatecas","k__Bacteria|p__Planctomycetota|c__Planctomycetes|o__Pirellulales|f__Pirellulaceae|g__|s__|ASV_3627",0,0,0,0.000254255963871376,2.19109360697656e-07,0.000135126286826329,0.000999000999000999,0.000233850121873466,"***","EsteroZacatecas","metastat"
"779","ColaDeBallena - EsteroZacatecas","k__Bacteria|p__Pseudomonadota|c__Alphaproteobacteria|o__Rhodobacterales|f__Paracoccaceae|g__|s__|ASV_10847",0.000412097273853779,9.35321522130412e-07,0.00027918356000584,0,0,0,0.000999000999000999,0.000233850121873466,"***","ColaDeBallena","metastat"
"780","ColaDeBallena - EsteroZacatecas","k__Bacteria|p__Pseudomonadota|c__Alphaproteobacteria|o__|f__Neomegalonemataceae|g__Acuticoccus|s__|ASV_13911",0,0,0,0.000286007346294845,5.04477220417773e-07,0.000205036017246112,0.000999000999000999,0.000233850121873466,"***","EsteroZacatecas","metastat"
"781","ColaDeBallena - EsteroZacatecas","k__Bacteria|p__Pseudomonadota|c__Gammaproteobacteria|o__Pseudomonadales|f__Halieaceae|g__|s__|ASV_1902",0,0,0,0.000243890458909919,3.73372427988853e-07,0.000176392655740173,0.000999000999000999,0.000233850121873466,"***","EsteroZacatecas","metastat"
"782","ColaDeBallena - EsteroZacatecas","k__Bacteria|p__Pseudomonadota|c__Gammaproteobacteria|o__Pseudomonadales|f__Spongiibacteraceae|g__|s__|ASV_13598",0.000398124723999967,4.98420479996381e-07,0.000203801472025347,0,0,0,0.000999000999000999,0.000233850121873466,"***","ColaDeBallena","metastat"
"783","ColaDeBallena - EsteroZacatecas","k__Bacteria|p__Acidobacteriota|c__Thermoanaerobaculia|o__Thermoanaerobaculales|f__Thermoanaerobaculaceae|g__Subgroup_10|s__|ASV_637",0,0,0,0.000191939733671834,2.79843249926131e-07,0.000152709760091415,0.000999000999000999,0.000233850121873466,"***","EsteroZacatecas","metastat"
"784","ColaDeBallena - EsteroZacatecas","k__Bacteria|p__Bacteroidota|c__Bacteroidia|o__Chitinophagales|f__Saprospiraceae|g__Lewinella|s__|ASV_12193",0,0,0,0.000244028558805894,1.51193627384536e-07,0.000112247356087844,0.000999000999000999,0.000233850121873466,"***","EsteroZacatecas","metastat"
"785","ColaDeBallena - EsteroZacatecas","k__Bacteria|p__Bacteroidota|c__Bacteroidia|o__Chitinophagales|f__Saprospiraceae|g__|s__|ASV_10754",0,0,0,0.000236605134522102,4.18795454877952e-07,0.000186814403191588,0.000999000999000999,0.000233850121873466,"***","EsteroZacatecas","metastat"
"786","ColaDeBallena - EsteroZacatecas","k__Bacteria|p__Bacteroidota|c__Bacteroidia|o__Chitinophagales|f__Saprospiraceae|g__|s__|ASV_5038",0,0,0,0.000226910197898486,7.82945583636361e-08,8.07746651512899e-05,0.000999000999000999,0.000233850121873466,"***","EsteroZacatecas","metastat"
"787","ColaDeBallena - EsteroZacatecas","k__Bacteria|p__Bacteroidota|c__Bacteroidia|o__Cytophagales|f__Cyclobacteriaceae|g__|s__|ASV_12768",0,0,0,0.000265698798342275,1.81636971268404e-07,0.000123030135626874,0.000999000999000999,0.000233850121873466,"***","EsteroZacatecas","metastat"
"788","ColaDeBallena - EsteroZacatecas","k__Bacteria|p__Bacteroidota|c__Bacteroidia|o__Cytophagales|f__Cyclobacteriaceae|g__|s__|ASV_8952",0.000458395096818587,1.02625264797802e-06,0.000292439829705476,0,0,0,0.000999000999000999,0.000233850121873466,"***","ColaDeBallena","metastat"
"789","ColaDeBallena - EsteroZacatecas","k__Bacteria|p__Chloroflexota|c__Anaerolineae|o__Caldilineales|f__Caldilineaceae|g__|s__|ASV_1515",0,0,0,0.000256278831368529,7.88146072891427e-07,0.000256278831368529,0.000999000999000999,0.000233850121873466,"***","EsteroZacatecas","metastat"
"790","ColaDeBallena - EsteroZacatecas","k__Bacteria|p__Cyanobacteriota|c__Cyanobacteriia|o__Cyanobacteriales|f__Xenococcaceae|g__Chroococcidiopsis_PCC-6712|s__|ASV_1638",0,0,0,0.000223438419489009,2.72782167001243e-07,0.000150770843501334,0.000999000999000999,0.000233850121873466,"***","EsteroZacatecas","metastat"
"791","ColaDeBallena - EsteroZacatecas","k__Bacteria|p__Cyanobacteriota|c__Cyanobacteriia|o__Phormidesmiales|f__Phormidesmiaceae|g__Phormidium_MBIC10003|s__|ASV_5081",0,0,0,0.000193035361982788,2.00779002459939e-07,0.000129350622489141,0.000999000999000999,0.000233850121873466,"***","EsteroZacatecas","metastat"
"792","ColaDeBallena - EsteroZacatecas","k__Bacteria|p__Pseudomonadota|c__Alphaproteobacteria|o__Micavibrionales|f__Micavibrionaceae|g__|s__|ASV_14482",0.000335164490171343,2.27964354291882e-07,0.00013782971205195,0,0,0,0.000999000999000999,0.000233850121873466,"***","ColaDeBallena","metastat"
"793","ColaDeBallena - EsteroZacatecas","k__Bacteria|p__Pseudomonadota|c__Alphaproteobacteria|o__Rhodobacterales|f__Paracoccaceae|g__Limibaculum|s__|ASV_5115",0.000270377104710754,1.74759966381173e-07,0.000120678624999477,0,0,0,0.000999000999000999,0.000233850121873466,"***","ColaDeBallena","metastat"
"794","ColaDeBallena - EsteroZacatecas","k__Bacteria|p__Pseudomonadota|c__Alphaproteobacteria|o__Rhodobacterales|f__Paracoccaceae|g__|s__|ASV_4714",0,0,0,0.000201805692191487,1.71760320635986e-07,0.000119638455577623,0.000999000999000999,0.000233850121873466,"***","EsteroZacatecas","metastat"
"795","ColaDeBallena - EsteroZacatecas","k__Bacteria|p__Pseudomonadota|c__Gammaproteobacteria|o__Pseudomonadales|f__Cellvibrionaceae|g__Aestuariicella|s__|ASV_12370",0.000386538430625088,3.5124803475893e-07,0.000171086731113913,0,0,0,0.000999000999000999,0.000233850121873466,"***","ColaDeBallena","metastat"
"796","ColaDeBallena - EsteroZacatecas","k__Bacteria|p__Pseudomonadota|c__Gammaproteobacteria|o__Pseudomonadales|f__Halieaceae|g__Pseudohaliea|s__|ASV_15218",0,0,0,0.000247736034633838,8.40293316741392e-08,8.36806089018135e-05,0.000999000999000999,0.000233850121873466,"***","EsteroZacatecas","metastat"
"797","ColaDeBallena - EsteroZacatecas","k__Bacteria|p__Pseudomonadota|c__Gammaproteobacteria|o__Steroidobacterales|f__Woeseiaceae|g__Woeseia|s__|ASV_390",0,0,0,0.000224672267978154,1.92718646213343e-07,0.000126727610189908,0.000999000999000999,0.000233850121873466,"***","EsteroZacatecas","metastat"
"798","ColaDeBallena - EsteroZacatecas","k__Bacteria|p__Thermodesulfobacteriota|c__Desulfobacteria|o__Desulfatiglandales|f__Desulfatiglandaceae|g__Desulfatiglans|s__|ASV_11755",0.000482193214544109,7.11272678145001e-07,0.000243459900556026,0,0,0,0.000999000999000999,0.000233850121873466,"***","ColaDeBallena","metastat"
"799","ColaDeBallena - EsteroZacatecas","k__Bacteria|p__Thermodesulfobacteriota|c__Desulfobacteria|o__Desulfobacterales|f__Desulfosarcinaceae|g__|s__|ASV_12847",0.000435308420660455,9.65044840673634e-07,0.00028358491389612,0,0,0,0.000999000999000999,0.000233850121873466,"***","ColaDeBallena","metastat"
"800","ColaDeBallena - EsteroZacatecas","k__Bacteria|p__Bacteroidota|c__Bacteroidia|o__Cytophagales|f__Cyclobacteriaceae|g__|s__|ASV_9068",0.000850676035294542,1.16766011326444e-06,0.000311937508867887,0.00607267996671554,3.36402111406171e-05,0.00167432103504219,0.001998001998002,0.000457956488668871,"***","EsteroZacatecas","metastat"
"801","ColaDeBallena - EsteroZacatecas","k__Bacteria|p__Rhodothermota|c__Rhodothermia|o__Rhodothermales|f__Rhodothermaceae|g__Rubrivirga|s__|ASV_3298",0.00284293135602794,9.50400442417805e-06,0.000889944025588972,0.000195822942437988,1.35817162661798e-07,0.000106386544677808,0.001998001998002,0.000457956488668871,"***","ColaDeBallena","metastat"
"802","ColaDeBallena - EsteroZacatecas","k__Bacteria|p__Actinomycetota|c__Acidimicrobiia|o__Microtrichales|f__Ilumatobacteraceae|g__Ilumatobacter|s__|ASV_7004",0.00248483130531774,3.03257675883622e-06,0.00050270739988886,0.000592406188190977,8.75088248806538e-07,0.000270044479176817,0.001998001998002,0.000457956488668871,"***","ColaDeBallena","metastat"
"803","ColaDeBallena - EsteroZacatecas","k__Bacteria|p__Rhodothermota|c__Rhodothermia|o__Rhodothermales|f__Rhodothermaceae|g__|s__|ASV_11484",0.00227633482249667,2.93345136937978e-06,0.000494423179858761,0.000312853821838354,3.8122976842342e-07,0.000178239017525957,0.001998001998002,0.000457956488668871,"***","ColaDeBallena","metastat"
"804","ColaDeBallena - EsteroZacatecas","k__Bacteria|p__Pseudomonadota|c__Alphaproteobacteria|o__Caulobacterales|f__Parvularculaceae|g__Parvularcula|s__|ASV_9842",5.33230952990359e-05,3.41202299072408e-08,5.33230952990359e-05,0.00203513203921838,5.57583341838804e-06,0.000681654446817205,0.001998001998002,0.000457956488668871,"***","EsteroZacatecas","metastat"
"805","ColaDeBallena - EsteroZacatecas","k__Bacteria|p__Bacteroidota|c__Bacteroidia|o__Bacteroidales|f__Prolixibacteraceae|g__|s__|ASV_6058",0.00226844203494437,3.94778752397694e-06,0.000573569780989851,0.000264855967578139,2.90512713894123e-07,0.000155593678613594,0.001998001998002,0.000457956488668871,"***","ColaDeBallena","metastat"
"806","ColaDeBallena - EsteroZacatecas","k__Bacteria|p__Pseudomonadota|c__Alphaproteobacteria|o__Hyphomicrobiales|f__Rhodomicrobiaceae|g__Rhodomicrobium|s__|ASV_14279",0.00220018584258107,5.46023786627242e-06,0.000674551571185901,0.000143262721771342,1.39218332691083e-07,0.000107710388191005,0.001998001998002,0.000457956488668871,"***","ColaDeBallena","metastat"
"807","ColaDeBallena - EsteroZacatecas","k__Bacteria|p__Rhodothermota|c__Rhodothermia|o__Rhodothermales|f__Rhodothermaceae|g__Rubrivirga|s__|ASV_4964",6.30855989291905e-05,4.77575135070562e-08,6.30855989291905e-05,0.00122074083006825,1.49855212807059e-06,0.000353382716054256,0.001998001998002,0.000457956488668871,"***","EsteroZacatecas","metastat"
"808","ColaDeBallena - EsteroZacatecas","k__Bacteria|p__Chloroflexota|c__Anaerolineae|o__Aggregatilineales|f__A4b|g__|s__|ASV_15753",0.000122349001122553,3.87819916806941e-08,5.68492096695973e-05,0.00132684804662502,1.92261408381215e-06,0.000400272207775758,0.001998001998002,0.000457956488668871,"***","EsteroZacatecas","metastat"
"809","ColaDeBallena - EsteroZacatecas","k__Bacteria|p__Pseudomonadota|c__Gammaproteobacteria|o__Pseudomonadales|f__Cellvibrionaceae|g__|s__|ASV_4946",2.6661547649518e-05,8.5300574768102e-09,2.6661547649518e-05,0.00129906178399736,2.68216242550248e-06,0.000472772181350109,0.001998001998002,0.000457956488668871,"***","EsteroZacatecas","metastat"
"810","ColaDeBallena - EsteroZacatecas","k__Bacteria|p__Chloroflexota|c__Anaerolineae|o__Anaerolineales|f__Anaerolineaceae|g__|s__|ASV_8957",0.00182120603272733,5.18908930104492e-06,0.000657589620067417,5.35712836163499e-05,2.2234292646313e-08,4.30448338424727e-05,0.001998001998002,0.000457956488668871,"***","ColaDeBallena","metastat"
"811","ColaDeBallena - EsteroZacatecas","k__Bacteria|p__Pseudomonadota|c__Gammaproteobacteria|o__Pseudomonadales|f__Cellvibrionaceae|g__|s__|ASV_13870",0.0012380327824294,9.57022735780413e-07,0.000282403779451281,0.00017471202448917,7.33214816955356e-08,7.81672787976399e-05,0.001998001998002,0.000457956488668871,"***","ColaDeBallena","metastat"
"812","ColaDeBallena - EsteroZacatecas","k__Bacteria|p__Bacteroidota|c__Bacteroidia|o__Chitinophagales|f__Saprospiraceae|g__Aureispira|s__|ASV_6811",9.60356484326982e-06,1.10674149238666e-09,9.60356484326982e-06,0.000638036096117754,1.80373329046174e-06,0.000387699764687159,0.001998001998002,0.000457956488668871,"***","EsteroZacatecas","metastat"
"813","ColaDeBallena - EsteroZacatecas","k__Bacteria|p__Bacteroidota|c__Bacteroidia|o__Cytophagales|f__Cyclobacteriaceae|g__|s__|ASV_2729",3.01713734009172e-05,1.09237412747709e-08,3.01713734009172e-05,0.000490634130649279,3.21787059594208e-07,0.000163754658863549,0.001998001998002,0.000457956488668871,"***","EsteroZacatecas","metastat"
"814","ColaDeBallena - EsteroZacatecas","k__Bacteria|p__Pseudomonadota|c__Gammaproteobacteria|o__Pseudomonadales|f__Porticoccaceae|g__C1-B045|s__|ASV_15068",0.000747842756796309,9.31489488437409e-07,0.000278611062300926,1.75150980144885e-05,3.68134390148566e-09,1.75150980144885e-05,0.001998001998002,0.000457956488668871,"***","ColaDeBallena","metastat"
"815","ColaDeBallena - EsteroZacatecas","k__Bacteria|p__Pseudomonadota|c__Gammaproteobacteria|o__Enterobacterales|f__Pseudoalteromonadaceae|g__Pseudoalteromonas|s__|ASV_1442",1.09714085094244e-05,1.44446165616805e-09,1.09714085094244e-05,0.000462528523070818,2.99622397501837e-07,0.000158014344681592,0.001998001998002,0.000457956488668871,"***","EsteroZacatecas","metastat"
"816","ColaDeBallena - EsteroZacatecas","k__Bacteria|p__Bacteroidota|c__Bacteroidia|o__Flavobacteriales|f__Flavobacteriaceae|g__Robertkochia|s__|ASV_13422",3.19938571794215e-05,1.22832827666067e-08,3.19938571794215e-05,0.000358612976375103,1.586178481472e-07,0.000114970230982923,0.001998001998002,0.000457956488668871,"***","EsteroZacatecas","metastat"
"817","ColaDeBallena - EsteroZacatecas","k__Bacteria|p__Pseudomonadota|c__Alphaproteobacteria|o__Rhodobacterales|f__Paracoccaceae|g__|s__|ASV_8954",0.000606892919313825,9.52426451786888e-07,0.000281724814282024,0.00513031174613834,2.41243401241947e-05,0.00141787223578721,0.002997002997003,0.000680265463750847,"***","EsteroZacatecas","metastat"
"818","ColaDeBallena - EsteroZacatecas","k__Bacteria|p__Pseudomonadota|c__Alphaproteobacteria|o__Sphingomonadales|f__Sphingomonadaceae|g__Aurantiacibacter|s__|ASV_1062",0.00290891562371036,2.2373522535499e-06,0.000431793956800183,0.000902254128312326,1.44986061878347e-06,0.000347594186130833,0.002997002997003,0.000680265463750847,"***","ColaDeBallena","metastat"
"819","ColaDeBallena - EsteroZacatecas","k__Bacteria|p__Bacteroidota|c__Bacteroidia|o__Cytophagales|f__Cyclobacteriaceae|g__Tunicatimonas|s__|ASV_15837",0.00288542534048719,1.11977073666949e-05,0.000965992898813397,0.000246158061772106,1.99647536814144e-07,0.000128985637706343,0.002997002997003,0.000680265463750847,"***","ColaDeBallena","metastat"
"820","ColaDeBallena - EsteroZacatecas","k__Bacteria|p__Pseudomonadota|c__Alphaproteobacteria|o__Hyphomicrobiales|f__Lutibaculaceae|g__Lutibaculum|s__|ASV_15630",0.00141435178199246,1.9710857153691e-06,0.000405286494898886,0.000114326951117294,1.20771652335182e-07,0.000100321006580203,0.002997002997003,0.000680265463750847,"***","ColaDeBallena","metastat"
"821","ColaDeBallena - EsteroZacatecas","k__Bacteria|p__Pseudomonadota|c__Alphaproteobacteria|o__Rhodobacterales|f__Paracoccaceae|g__Limibaculum|s__|ASV_11145",0.00137553955318886,1.7384489511712e-06,0.00038061889854674,4.39266951311651e-05,2.31546545417559e-08,4.39266951311651e-05,0.002997002997003,0.000680265463750847,"***","ColaDeBallena","metastat"
"822","ColaDeBallena - EsteroZacatecas","k__Bacteria|p__Pseudomonadota|c__Alphaproteobacteria|o__Hyphomicrobiales|f__KF-JG30-B3|g__|s__|ASV_1895",0.00110879172972113,3.66518966786136e-06,0.000552659454204649,1.75150980144885e-05,3.68134390148566e-09,1.75150980144885e-05,0.002997002997003,0.000680265463750847,"***","ColaDeBallena","metastat"
"823","ColaDeBallena - EsteroZacatecas","k__Bacteria|p__Actinomycetota|c__Actinobacteria|o__Propionibacteriales|f__Nocardioidaceae|g__Nocardioides|s__|ASV_6174",0.000682559945139864,5.08863520508009e-07,0.000205925455870971,2.70939773958817e-05,8.80900333354259e-09,2.70939773958817e-05,0.002997002997003,0.000680265463750847,"***","ColaDeBallena","metastat"
"824","ColaDeBallena - EsteroZacatecas","k__Bacteria|p__Pseudomonadota|c__Alphaproteobacteria|o__Sphingomonadales|f__Sphingomonadaceae|g__|s__|ASV_3683",0.000624958019891828,2.55639012932457e-07,0.000145956332776981,5.46860474018659e-05,3.58867653652695e-08,5.46860474018659e-05,0.002997002997003,0.000680265463750847,"***","ColaDeBallena","metastat"
"825","ColaDeBallena - EsteroZacatecas","k__Bacteria|p__Rhodothermota|c__Rhodothermia|o__Rhodothermales|f__Rhodothermaceae|g__Rubricoccus|s__|ASV_7519",0.00225352673870508,3.35879664676608e-06,0.000529055498566871,0.000445227036511725,3.43136403869174e-07,0.000169099675701733,0.003996003996004,0.000899380252115038,"***","ColaDeBallena","metastat"
"826","ColaDeBallena - EsteroZacatecas","k__Bacteria|p__Rhodothermota|c__Rhodothermia|o__Rhodothermales|f__Rhodothermaceae|g__|s__|ASV_10440",0.00177692310604401,2.70007573377798e-06,0.000474348301512892,0.000164269174522897,1.56090974416975e-07,0.000114050783431832,0.003996003996004,0.000899380252115038,"***","ColaDeBallena","metastat"
"827","ColaDeBallena - EsteroZacatecas","k__Bacteria|p__Cyanobacteriota|c__Cyanobacteriia|o__Cyanobacteriales|f__Xenococcaceae|g__Myxosarcina_GI1|s__|ASV_3310",0.00204880481291538,7.85865546768742e-06,0.000809251478615034,8.64696094378073e-05,8.97239202759232e-08,8.64696094378073e-05,0.003996003996004,0.000899380252115038,"***","ColaDeBallena","metastat"
"828","ColaDeBallena - EsteroZacatecas","k__Bacteria|p__Pseudomonadota|c__Alphaproteobacteria|o__Rhodobacterales|f__Paracoccaceae|g__Limibaculum|s__|ASV_5904",0.000769670693714459,4.3687694955154e-07,0.000190804644761673,0.000104569311861288,8.74807206763331e-08,8.53818485180609e-05,0.003996003996004,0.000899380252115038,"***","ColaDeBallena","metastat"
"829","ColaDeBallena - EsteroZacatecas","k__Bacteria|p__Bacteroidota|c__Bacteroidia|o__Flavobacteriales|f__Flavobacteriaceae|g__Marixanthomonas|s__|ASV_2225",0.00107154013744178,2.06984438187313e-06,0.000415315581001677,2.63560170786991e-05,8.33567563503212e-09,2.63560170786991e-05,0.003996003996004,0.000899380252115038,"***","ColaDeBallena","metastat"
"830","ColaDeBallena - EsteroZacatecas","k__Bacteria|p__Spirochaetota|c__Spirochaetia|o__Spirochaetales|f__Spirochaetaceae|g__|s__|ASV_8996",0.000628624601039404,6.68490282954597e-07,0.000236024413100742,1.91401165906531e-05,4.39612875724551e-09,1.91401165906531e-05,0.003996003996004,0.000899380252115038,"***","ColaDeBallena","metastat"
"831","ColaDeBallena - EsteroZacatecas","k__Bacteria|p__Bacteroidota|c__Bacteroidia|o__Bacteroidales|f__Prolixibacteraceae|g__|s__|ASV_15290",0.000808668463450065,1.82335663651562e-06,0.000389803009706571,2.29595518295483e-05,6.32569224256457e-09,2.29595518295483e-05,0.003996003996004,0.000899380252115038,"***","ColaDeBallena","metastat"
"832","ColaDeBallena - EsteroZacatecas","k__Bacteria|p__Actinomycetota|c__Actinobacteria|o__Nitriliruptorales|f__Nitriliruptoraceae|g__|s__|ASV_1823",0.0174372151858527,0.000283980827040827,0.00486467562331436,0.00268479444186872,1.4472151256991e-05,0.00109818605197355,0.004995004995005,0.00111085759439298,"**","ColaDeBallena","metastat"
"833","ColaDeBallena - EsteroZacatecas","k__Bacteria|p__Actinomycetota|c__Actinobacteria|o__Propionibacteriales|f__Nocardioidaceae|g__Nocardioides|s__|ASV_15946",0.00902658934845687,0.000108525065087327,0.00300728372854041,0.00118453554946282,5.07516872169316e-06,0.000650331243911718,0.004995004995005,0.00111085759439298,"**","ColaDeBallena","metastat"
"834","ColaDeBallena - EsteroZacatecas","k__Bacteria|p__Pseudomonadota|c__Alphaproteobacteria|o__Sphingomonadales|f__Sphingomonadaceae|g__|s__|ASV_526",0.000745379463451488,7.08630308384889e-07,0.000243007254415873,0.00229902882645299,2.17910261643469e-06,0.000426135993202746,0.004995004995005,0.00111085759439298,"**","EsteroZacatecas","metastat"
"835","ColaDeBallena - EsteroZacatecas","k__Bacteria|p__Pseudomonadota|c__Alphaproteobacteria|o__Rhodobacterales|f__Paracoccaceae|g__Limibaculum|s__|ASV_8635",0.00181164769374688,8.47611794067384e-06,0.000840442241753007,0.000106711440396064,4.33051014691621e-08,6.00729427926043e-05,0.004995004995005,0.00111085759439298,"**","ColaDeBallena","metastat"
"836","ColaDeBallena - EsteroZacatecas","k__Bacteria|p__Rhodothermota|c__Rhodothermia|o__Rhodothermales|f__Rhodothermaceae|g__|s__|ASV_634",0.00014136125244878,7.30880220445535e-08,7.80427351116861e-05,0.00153655807928379,2.50232029905833e-06,0.000456647228819134,0.004995004995005,0.00111085759439298,"**","EsteroZacatecas","metastat"
"837","ColaDeBallena - EsteroZacatecas","k__Bacteria|p__Bacteroidota|c__Bacteroidia|o__Cytophagales|f__Cyclobacteriaceae|g__Catalinimonas|s__|ASV_312",0.00130168468465563,4.498473330782e-07,0.000193616315832413,0.000538781711450591,1.66179345166964e-07,0.000117678709900787,0.004995004995005,0.00111085759439298,"**","ColaDeBallena","metastat"
"838","ColaDeBallena - EsteroZacatecas","k__Bacteria|p__Pseudomonadota|c__Alphaproteobacteria|o__Rhodobacterales|f__Paracoccaceae|g__|s__|ASV_6399",0.000189204977810094,2.89338579491926e-07,0.000155278937048763,0.0014325593785281,1.70423461377776e-06,0.000376854814415508,0.004995004995005,0.00111085759439298,"**","EsteroZacatecas","metastat"
"839","ColaDeBallena - EsteroZacatecas","k__Bacteria|p__Bacteroidota|c__Bacteroidia|o__Chitinophagales|f__Saprospiraceae|g__|s__|ASV_12745",6.11909391001759e-05,2.41514392444471e-08,4.48622328583549e-05,0.00122513393600687,2.37557544666062e-06,0.000444932152754835,0.004995004995005,0.00111085759439298,"**","EsteroZacatecas","metastat"
"840","ColaDeBallena - EsteroZacatecas","k__Bacteria|p__Bacteroidota|c__Bacteroidia|o__Chitinophagales|f__Saprospiraceae|g__|s__|ASV_14754",8.43492358412129e-05,2.08298550614805e-08,4.16631882496212e-05,0.00114046962156446,3.11261562485612e-06,0.000509298179266996,0.004995004995005,0.00111085759439298,"**","EsteroZacatecas","metastat"
"841","ColaDeBallena - EsteroZacatecas","k__Bacteria|p__Bacteroidota|c__Bacteroidia|o__Bacteroidales|f__Bacteroidetes_BD2-2|g__|s__|ASV_6489",0.0013651351694036,3.00676476773991e-06,0.000500563413210546,0.000105132745131044,6.47352873828748e-08,7.3447990319043e-05,0.004995004995005,0.00111085759439298,"**","ColaDeBallena","metastat"
"842","ColaDeBallena - EsteroZacatecas","k__Bacteria|p__Pseudomonadota|c__Alphaproteobacteria|o__Rhodobacterales|f__Paracoccaceae|g__Wenxinia|s__|ASV_8558",0.00322435096983532,6.12954524302743e-06,0.000714699543108118,0.000939746410490871,1.31050902135382e-06,0.0003304679789523,0.00599400599400599,0.00132046817934204,"**","ColaDeBallena","metastat"
"843","ColaDeBallena - EsteroZacatecas","k__Bacteria|p__Bacteroidota|c__Bacteroidia|o__Flavobacteriales|f__Flavobacteriaceae|g__Hoppeia|s__|ASV_2715",0.00362840203600754,2.21535400187602e-05,0.00135872305305264,0.000228374678820317,1.92848213186362e-07,0.000126770203250594,0.00599400599400599,0.00132046817934204,"**","ColaDeBallena","metastat"
"844","ColaDeBallena - EsteroZacatecas","k__Bacteria|p__Actinomycetota|c__Actinobacteria|o__Propionibacteriales|f__Nocardioidaceae|g__Nocardioides|s__|ASV_15626",0.00218020460872497,1.03099545074025e-05,0.000926910392441943,0.000102943626741986,6.0667050828518e-08,7.11026551476326e-05,0.00599400599400599,0.00132046817934204,"**","ColaDeBallena","metastat"
"845","ColaDeBallena - EsteroZacatecas","k__Bacteria|p__Pseudomonadota|c__Alphaproteobacteria|o__Hyphomicrobiales|f__Rhizobiaceae|g__|s__|ASV_9642",0.00143016224746307,1.73417272411238e-06,0.000380150488196493,0.00029020279280425,1.48995933345395e-07,0.000111428577029337,0.00599400599400599,0.00132046817934204,"**","ColaDeBallena","metastat"
"846","ColaDeBallena - EsteroZacatecas","k__Bacteria|p__Pseudomonadota|c__Alphaproteobacteria|o__Sphingomonadales|f__Sphingomonadaceae|g__Croceibacterium|s__|ASV_12254",0.000118000460197346,5.34152372595451e-08,6.67178369825398e-05,0.000714667979847775,3.85624209308286e-07,0.000179263355919972,0.00599400599400599,0.00132046817934204,"**","EsteroZacatecas","metastat"
"847","ColaDeBallena - EsteroZacatecas","k__Bacteria|p__Actinomycetota|c__Actinobacteria|o__Nitriliruptorales|f__Nitriliruptoraceae|g__|s__|ASV_7640",4.03758082862985e-05,9.98926136705547e-09,2.88520094145039e-05,0.000502368638052376,2.69374954862598e-07,0.000149826275750338,0.00599400599400599,0.00132046817934204,"**","EsteroZacatecas","metastat"
"848","ColaDeBallena - EsteroZacatecas","k__Bacteria|p__Pseudomonadota|c__Alphaproteobacteria|o__Sphingomonadales|f__Sphingomonadaceae|g__|s__|ASV_6859",5.12118477023922e-05,1.53797870946619e-08,3.58001246444081e-05,0.000505971442448659,2.86151834021418e-07,0.000154421456308544,0.00599400599400599,0.00132046817934204,"**","EsteroZacatecas","metastat"
"849","ColaDeBallena - EsteroZacatecas","k__Bacteria|p__Bacteroidota|c__Bacteroidia|o__Cytophagales|f__Mooreiaceae|g__Mooreia|s__|ASV_5217",0.000462561793641858,1.95769295180601e-07,0.000127726692322775,9.35555898998372e-05,1.80459148875637e-08,3.87791985558018e-05,0.00599400599400599,0.00132046817934204,"**","ColaDeBallena","metastat"
"850","ColaDeBallena - EsteroZacatecas","k__Bacteria|p__Rhodothermota|c__Rhodothermia|o__Rhodothermales|f__Rhodothermaceae|g__|s__|ASV_4439",0.00118953460936313,8.26628916894291e-07,0.000262460936282953,0.00808769446140583,6.83254589341925e-05,0.0023861660136118,0.00699300699300699,0.00153332207694994,"**","EsteroZacatecas","metastat"
"851","ColaDeBallena - EsteroZacatecas","k__Bacteria|p__Pseudomonadota|c__Alphaproteobacteria|o__Sphingomonadales|f__Sphingomonadaceae|g__Sphingomicrobium|s__|ASV_13477",0.00528246933265539,4.71429495994573e-05,0.00198206436154029,0.000305312019524905,3.3085745787155e-07,0.000166046544145397,0.00699300699300699,0.00153332207694994,"**","ColaDeBallena","metastat"
"852","ColaDeBallena - EsteroZacatecas","k__Bacteria|p__Chloroflexota|c__Anaerolineae|o__Aggregatilineales|f__A4b|g__|s__|ASV_121",0.000135977187177449,6.25312956786716e-08,7.21868499559024e-05,0.00157688531807471,2.94220896421562e-06,0.000495160661150804,0.00699300699300699,0.00153332207694994,"**","EsteroZacatecas","metastat"
"853","ColaDeBallena - EsteroZacatecas","k__Bacteria|p__Bacteroidota|c__Bacteroidia|o__Chitinophagales|f__Saprospiraceae|g__Lewinella|s__|ASV_9425",0.00054882202529881,8.47029076271449e-07,0.000265679800428926,2.967810791432e-05,5.29518876930333e-09,2.10063259704137e-05,0.00699300699300699,0.00153332207694994,"**","ColaDeBallena","metastat"
"854","ColaDeBallena - EsteroZacatecas","k__Bacteria|p__Pseudomonadota|c__Alphaproteobacteria|o__Sphingomonadales|f__Sphingomonadaceae|g__Aurantiacibacter|s__|ASV_5145",0.00037891089613201,4.97382121208596e-07,0.00020358907166328,0.00139196473030055,1.18521316825863e-06,0.000314273390571891,0.00799200799200799,0.00174622661099906,"**","EsteroZacatecas","metastat"
"855","ColaDeBallena - EsteroZacatecas","k__Bacteria|p__Bacteroidota|c__Bacteroidia|o__Flavobacteriales|f__Flavobacteriaceae|g__Marinirhabdus|s__|ASV_6484",2.19428170188489e-05,5.77784662467221e-09,2.19428170188489e-05,0.000939743319176887,2.53779134715893e-06,0.000459872386932771,0.00799200799200799,0.00174622661099906,"**","EsteroZacatecas","metastat"
"856","ColaDeBallena - EsteroZacatecas","k__Bacteria|p__Planctomycetota|c__Planctomycetes|o__Planctomycetales|f__Gimesiaceae|g__|s__|ASV_8146",0.000741357502304196,8.12560683303267e-07,0.000260217966857157,1.784898332191e-05,3.82303446750985e-09,1.784898332191e-05,0.00799200799200799,0.00174622661099906,"**","ColaDeBallena","metastat"
"857","ColaDeBallena - EsteroZacatecas","k__Bacteria|p__Bacteroidota|c__Bacteroidia|o__Flavobacteriales|f__Cryomorphaceae|g__Vicingus|s__|ASV_5876",5.68760665559361e-05,1.76912530462125e-08,3.83962379300938e-05,0.000472031680905556,4.81486815192336e-07,0.000200309513668293,0.00899100899100899,0.00195536770510708,"**","EsteroZacatecas","metastat"
"858","ColaDeBallena - EsteroZacatecas","k__Bacteria|p__Pseudomonadota|c__Alphaproteobacteria|o__Rhodobacterales|f__Paracoccaceae|g__|s__|ASV_280",0.000443939831962905,1.69381823746921e-07,0.000118807205079953,6.67498796496218e-05,2.50469843520106e-08,4.56864169748612e-05,0.00899100899100899,0.00195536770510708,"**","ColaDeBallena","metastat"
"859","ColaDeBallena - EsteroZacatecas","k__Bacteria|p__Pseudomonadota|c__Gammaproteobacteria|o__Steroidobacterales|f__Woeseiaceae|g__Woeseia|s__|ASV_14902",0.00055405422266117,6.86418184149412e-07,0.000239168382830558,1.53743432959078e-05,2.8364451813651e-09,1.53743432959078e-05,0.00899100899100899,0.00195536770510708,"**","ColaDeBallena","metastat"
"860","ColaDeBallena - EsteroZacatecas","k__Bacteria|p__Bacteroidota|c__Bacteroidia|o__Bacteroidales|f__Prolixibacteraceae|g__|s__|ASV_1501",0.000484717773795902,4.19098558439484e-07,0.000186881994504439,1.53743432959078e-05,2.8364451813651e-09,1.53743432959078e-05,0.00899100899100899,0.00195536770510708,"**","ColaDeBallena","metastat"
"861","ColaDeBallena - EsteroZacatecas","k__Bacteria|p__Pseudomonadota|c__Alphaproteobacteria|o__Rhodobacterales|f__Paracoccaceae|g__|s__|ASV_12992",0.00203528462036888,3.56746052212086e-06,0.000545241576590969,0.000482612453037082,4.10348699576689e-07,0.000184920861356214,0.00999000999000999,0.002162572307603,"**","ColaDeBallena","metastat"
"862","ColaDeBallena - EsteroZacatecas","k__Bacteria|p__Planctomycetota|c__Planctomycetes|o__Pirellulales|f__Pirellulaceae|g__Pir4_lineage|s__|ASV_12473",0.00106888602009282,8.43055316714253e-07,0.000265055861520148,0.000319141466430483,1.3396385087829e-07,0.000105658195327469,0.00999000999000999,0.002162572307603,"**","ColaDeBallena","metastat"
"863","ColaDeBallena - EsteroZacatecas","k__Bacteria|p__Pseudomonadota|c__Alphaproteobacteria|o__Sphingomonadales|f__Sphingomonadaceae|g__Altericroceibacterium|s__|ASV_8248",0.000604630370942385,4.2775538673524e-07,0.000188802230463352,7.11722890166594e-05,1.88300392972583e-08,3.96127497333648e-05,0.00999000999000999,0.002162572307603,"**","ColaDeBallena","metastat"
"864","ColaDeBallena - EsteroZacatecas","k__Bacteria|p__Pseudomonadota|c__Gammaproteobacteria|o__Enterobacterales|f__Pseudoalteromonadaceae|g__Pseudoalteromonas|s__|ASV_15651",3.73261667093251e-05,1.6718912654548e-08,3.73261667093251e-05,0.000350369859577649,2.01818819082278e-07,0.00012968513763544,0.00999000999000999,0.002162572307603,"**","EsteroZacatecas","metastat"
"865","ColaDeBallena - EsteroZacatecas","k__Bacteria|p__Bacteroidota|c__Bacteroidia|o__Cytophagales|f__Cyclobacteriaceae|g__Tunicatimonas|s__|ASV_6535",0.00737810386321396,1.20208130894192e-05,0.0010008668363565,0.0193026871594704,0.000189369119152079,0.00397250046310129,0.010989010989011,0.00236514237185948,"**","EsteroZacatecas","metastat"
"866","ColaDeBallena - EsteroZacatecas","k__Bacteria|p__Cyanobacteriota|c__Cyanobacteriia|o__Cyanobacteriales|f__Xenococcaceae|g__Pleurocapsa_PCC-7319|s__|ASV_2884",9.80183009024557e-05,5.24321739905885e-08,6.61010425980486e-05,0.000953146935770308,1.10422328020847e-06,0.000303345688421706,0.010989010989011,0.00236514237185948,"**","EsteroZacatecas","metastat"
"867","ColaDeBallena - EsteroZacatecas","k__Bacteria|p__Thermodesulfobacteriota|c__Desulfuromonadia|o__Desulfuromonadales|f__Sva1033|g__|s__|ASV_14710",0.000668285306351607,1.38888199071657e-06,0.000340206063868719,3.27993597564976e-05,1.29095760052338e-08,3.27993597564976e-05,0.010989010989011,0.00236514237185948,"**","ColaDeBallena","metastat"
"868","ColaDeBallena - EsteroZacatecas","k__Bacteria|p__Pseudomonadota|c__Gammaproteobacteria|o__Steroidobacterales|f__Woeseiaceae|g__Woeseia|s__|ASV_8035",0.000463027337009641,2.79915265573289e-07,0.000152729408206499,5.2061339718733e-05,9.33577992377081e-09,2.78923226052302e-05,0.010989010989011,0.00236514237185948,"**","ColaDeBallena","metastat"
"869","ColaDeBallena - EsteroZacatecas","k__Bacteria|p__Balneolota|c__Balneolia|o__Balneolales|f__Balneolaceae|g__|s__|ASV_1012",0.000512688814410901,4.98716307409163e-07,0.000203861944178154,3.9267763308202e-05,1.85034868227477e-08,3.9267763308202e-05,0.010989010989011,0.00236514237185948,"**","ColaDeBallena","metastat"
"870","ColaDeBallena - EsteroZacatecas","k__Bacteria|p__Actinomycetota|c__Actinobacteria|o__Euzebyales|f__Euzebyaceae|g__Euzebya|s__|ASV_13638",0.000731467162268079,4.3883277147118e-07,0.00019123126737696,0.00017762451606579,1.11933997138317e-07,9.65807076742542e-05,0.011988011988012,0.00257423073309161,"**","ColaDeBallena","metastat"
"871","ColaDeBallena - EsteroZacatecas","k__Bacteria|p__Chloroflexota|c__Anaerolineae|o__Anaerolineales|f__Anaerolineaceae|g__|s__|ASV_5166",0.00035652568967556,2.81977645523127e-07,0.000153291021025131,1.36921779325907e-05,2.24970883845267e-09,1.36921779325907e-05,0.011988011988012,0.00257423073309161,"**","ColaDeBallena","metastat"
"872","ColaDeBallena - EsteroZacatecas","k__Bacteria|p__Pseudomonadota|c__Alphaproteobacteria|o__Sphingomonadales|f__Sphingomonadaceae|g__|s__|ASV_7123",0.00124531839765848,1.04451749530445e-06,0.000295030718076447,0.000503067976292209,1.82549588407666e-07,0.000123338824790245,0.012987012987013,0.00276967071368266,"**","ColaDeBallena","metastat"
"873","ColaDeBallena - EsteroZacatecas","k__Bacteria|p__Pseudomonadota|c__Alphaproteobacteria|o__Sphingomonadales|f__Sphingomonadaceae|g__|s__|ASV_9919",0.00133240696965219,2.30222627259489e-06,0.000438009348510859,0.00011773264306989,3.48668604960144e-08,5.39033552573603e-05,0.012987012987013,0.00276967071368266,"**","ColaDeBallena","metastat"
"874","ColaDeBallena - EsteroZacatecas","k__Bacteria|p__Pseudomonadota|c__Alphaproteobacteria|o__Sphingomonadales|f__Sphingomonadaceae|g__|s__|ASV_13045",0.00138835091490286,3.4219744762643e-06,0.000534007995903331,5.71047036705146e-05,3.91313661755675e-08,5.71047036705146e-05,0.012987012987013,0.00276967071368266,"**","ColaDeBallena","metastat"
"875","ColaDeBallena - EsteroZacatecas","k__Bacteria|p__Bacteroidota|c__Bacteroidia|o__Flavobacteriales|f__Flavobacteriaceae|g__|s__|ASV_10531",0.000993305303815372,2.19801761435865e-06,0.000427981465170967,2.41596823221408e-05,7.00428299888116e-09,2.41596823221408e-05,0.012987012987013,0.00276967071368266,"**","ColaDeBallena","metastat"
"876","ColaDeBallena - EsteroZacatecas","k__Bacteria|p__Cyanobacteriota|c__Cyanobacteriia|o__Cyanobacteriales|f__Xenococcaceae|g__Pleurocapsa_PCC-7319|s__|ASV_14705",0.000575184743632492,4.92575851147722e-07,0.000202603029581602,6.28793114502101e-05,2.18680781392588e-08,4.26888726126403e-05,0.012987012987013,0.00276967071368266,"**","ColaDeBallena","metastat"
"877","ColaDeBallena - EsteroZacatecas","k__Bacteria|p__Planctomycetota|c__Planctomycetes|o__Planctomycetales|f__Gimesiaceae|g__|s__|ASV_195",0.000688236318604571,1.0153491015882e-06,0.000290882149903273,3.27993597564976e-05,1.29095760052338e-08,3.27993597564976e-05,0.012987012987013,0.00276967071368266,"**","ColaDeBallena","metastat"
"878","ColaDeBallena - EsteroZacatecas","k__Bacteria|p__Pseudomonadota|c__Alphaproteobacteria|o__Rhodobacterales|f__Paracoccaceae|g__Allosediminivita|s__|ASV_1930",0.00172546471087033,3.21156965100411e-06,0.000517330459426412,0.000317746104747436,1.69312400358106e-07,0.000118782855229654,0.013986013986014,0.00296581345042697,"**","ColaDeBallena","metastat"
"879","ColaDeBallena - EsteroZacatecas","k__Bacteria|p__Pseudomonadota|c__Alphaproteobacteria|o__|f__Neomegalonemataceae|g__Acuticoccus|s__|ASV_13762",0.00155281766588035,1.26552490678809e-06,0.000324746684200173,0.000469528045824619,5.98919943269827e-07,0.000223405450409084,0.013986013986014,0.00296581345042697,"**","ColaDeBallena","metastat"
"880","ColaDeBallena - EsteroZacatecas","k__Bacteria|p__Pseudomonadota|c__Alphaproteobacteria|o__Caulobacterales|f__Parvularculaceae|g__Parvularcula|s__|ASV_11516",7.65087526012976e-05,7.02430706952787e-08,7.65087526012976e-05,0.00117758613348366,2.16486327055065e-06,0.000424741418448786,0.013986013986014,0.00296581345042697,"**","EsteroZacatecas","metastat"
"881","ColaDeBallena - EsteroZacatecas","k__Bacteria|p__Planctomycetota|c__Planctomycetes|o__Pirellulales|f__Pirellulaceae|g__Rhodopirellula|s__|ASV_14101",4.67806413200646e-05,2.62611408277985e-08,4.67806413200646e-05,0.000899074857461673,2.90514863911197e-06,0.000492032234641185,0.013986013986014,0.00296581345042697,"**","EsteroZacatecas","metastat"
"882","ColaDeBallena - EsteroZacatecas","k__Bacteria|p__Pseudomonadota|c__Alphaproteobacteria|o__Sphingomonadales|f__Sphingomonadaceae|g__Altericroceibacterium|s__|ASV_2109",0.0015506319518794,4.47137289008712e-06,0.000610421499873047,0.000154132862527499,2.8508327173105e-07,0.000154132862527499,0.013986013986014,0.00296581345042697,"**","ColaDeBallena","metastat"
"883","ColaDeBallena - EsteroZacatecas","k__Bacteria|p__Actinomycetota|c__Actinobacteria|o__Euzebyales|f__Euzebyaceae|g__|s__|ASV_3566",0.053795345485556,0.00186118097755958,0.0124538514041493,0.0184099378727388,0.000527807482233679,0.00663204017273769,0.014985014985015,0.00314909405691403,"**","ColaDeBallena","metastat"
"884","ColaDeBallena - EsteroZacatecas","k__Bacteria|p__Actinomycetota|c__Actinobacteria|o__Nitriliruptorales|f__Nitriliruptoraceae|g__|s__|ASV_12809",0.00295936476615353,1.05761417156097e-05,0.000938799841802009,0.000525758374070051,6.56840859471787e-07,0.000233958838878371,0.014985014985015,0.00314909405691403,"**","ColaDeBallena","metastat"
"885","ColaDeBallena - EsteroZacatecas","k__Bacteria|p__Rhodothermota|c__Rhodothermia|o__Rhodothermales|f__Rhodothermaceae|g__Rubrivirga|s__|ASV_10928",0.00180844056589087,3.21425240401238e-06,0.000517546487768038,0.000364369621122045,4.6323941592273e-07,0.000196477186106244,0.014985014985015,0.00314909405691403,"**","ColaDeBallena","metastat"
"886","ColaDeBallena - EsteroZacatecas","k__Bacteria|p__Bacteroidota|c__Bacteroidia|o__Cytophagales|f__Cyclobacteriaceae|g__Tunicatimonas|s__|ASV_4875",0.000294845218415647,1.46433914619959e-07,0.00011046640312027,0.00100280719733113,6.88697498328028e-07,0.000239565143946281,0.014985014985015,0.00314909405691403,"**","EsteroZacatecas","metastat"
"887","ColaDeBallena - EsteroZacatecas","k__Bacteria|p__Pseudomonadota|c__Alphaproteobacteria|o__Sphingomonadales|f__Sphingomonadaceae|g__Croceibacterium|s__|ASV_3589",0.00146261527095815,2.45759652216648e-06,0.000452548019750988,0.00030310102804395,4.08538194349349e-07,0.000184512464427508,0.014985014985015,0.00314909405691403,"**","ColaDeBallena","metastat"
"888","ColaDeBallena - EsteroZacatecas","k__Bacteria|p__Rhodothermota|c__Rhodothermia|o__Rhodothermales|f__Rhodothermaceae|g__Rubrivirga|s__|ASV_7501",0.000931181484453141,2.93724732436016e-06,0.000494742974041418,3.9355617358451e-05,1.85863754119777e-08,3.9355617358451e-05,0.014985014985015,0.00314909405691403,"**","ColaDeBallena","metastat"
"889","ColaDeBallena - EsteroZacatecas","k__Bacteria|p__Acidobacteriota|c__Thermoanaerobaculia|o__Thermoanaerobaculales|f__Thermoanaerobaculaceae|g__Subgroup_10|s__|ASV_5652",0.000663483868397597,1.24075577898455e-06,0.000321552973731202,1.16850823564604e-05,1.63849379612716e-09,1.16850823564604e-05,0.014985014985015,0.00314909405691403,"**","ColaDeBallena","metastat"
"890","ColaDeBallena - EsteroZacatecas","k__Bacteria|p__Pseudomonadota|c__Alphaproteobacteria|o__Hyphomicrobiales|f__Hyphomicrobiaceae|g__Filomicrobium|s__|ASV_130",3.80101475758603e-05,7.8836329883434e-09,2.56314146253242e-05,0.000215720757383683,4.79858695470661e-08,6.32362432648834e-05,0.014985014985015,0.00314909405691403,"**","EsteroZacatecas","metastat"
"891","ColaDeBallena - EsteroZacatecas","k__Bacteria|p__Pseudomonadota|c__Alphaproteobacteria|o__Rhodobacterales|f__Paracoccaceae|g__Palleronia-Pseudomaribius|s__|ASV_4192",0.000183964678781674,4.06116036470934e-07,0.000183964678781674,0.00198531171768448,5.48386213225117e-06,0.00067600925365037,0.015984015984016,0.00334774911313593,"**","EsteroZacatecas","metastat"
"892","ColaDeBallena - EsteroZacatecas","k__Bacteria|p__Pseudomonadota|c__Alphaproteobacteria|o__Rhodobacterales|f__Paracoccaceae|g__|s__|ASV_5248",1.54894671623296e-05,2.87908311567465e-09,1.54894671623296e-05,0.000472292214449515,4.17513164259374e-07,0.000186528184702155,0.015984015984016,0.00334774911313593,"**","EsteroZacatecas","metastat"
"893","ColaDeBallena - EsteroZacatecas","k__Bacteria|p__Actinomycetota|c__Acidimicrobiia|o__Acidimicrobiales|f__Acidimicrobiaceae|g__|s__|ASV_9339",0.000317658847219753,1.50262450378664e-07,0.000111901165610054,2.73430237009329e-05,8.97169134131737e-09,2.73430237009329e-05,0.015984015984016,0.00334774911313593,"**","ColaDeBallena","metastat"
"894","ColaDeBallena - EsteroZacatecas","k__Bacteria|p__Pseudomonadota|c__Alphaproteobacteria|o__Sphingomonadales|f__Sphingomonadaceae|g__Pacificimonas|s__|ASV_10664",0.00231673834571816,7.98486032539672e-06,0.000815723621771733,0.00842325680654291,6.51033731652272e-05,0.00232922328193376,0.016983016983017,0.00354112174515862,"**","EsteroZacatecas","metastat"
"895","ColaDeBallena - EsteroZacatecas","k__Bacteria|p__Pseudomonadota|c__Alphaproteobacteria|o__Hyphomicrobiales|f__Rhizobiaceae|g__|s__|ASV_664",0.00313526239344415,1.91743827898429e-05,0.00126406694145797,0.000740797800745134,2.67120137803866e-07,0.000149197893697115,0.016983016983017,0.00354112174515862,"**","ColaDeBallena","metastat"
"896","ColaDeBallena - EsteroZacatecas","k__Bacteria|p__Pseudomonadota|c__Gammaproteobacteria|o__Pseudomonadales|f__Spongiibacteraceae|g__|s__|ASV_10489",0.00064014523385729,9.61493215475839e-07,0.000283062598417711,4.55392548376701e-05,2.48858847740431e-08,4.55392548376701e-05,0.016983016983017,0.00354112174515862,"**","ColaDeBallena","metastat"
"897","ColaDeBallena - EsteroZacatecas","k__Bacteria|p__Actinomycetota|c__Actinobacteria|o__Nitriliruptorales|f__Nitriliruptoraceae|g__|s__|ASV_1950",3.99270112274192e-05,8.73972816110848e-09,2.6987231797507e-05,0.000233374040003272,7.96297925345077e-08,8.14605183174175e-05,0.016983016983017,0.00354112174515862,"**","EsteroZacatecas","metastat"
"898","ColaDeBallena - EsteroZacatecas","k__Bacteria|p__Pseudomonadota|c__Gammaproteobacteria|o__Salinisphaerales|f__Salinisphaeraceae|g__Salinisphaera|s__|ASV_136",0.00213835058424398,6.63325032313895e-06,0.000743485615369645,0.000367914744047629,2.49212390524084e-07,0.000144110024669834,0.017982017982018,0.00374524772024965,"**","ColaDeBallena","metastat"
"899","ColaDeBallena - EsteroZacatecas","k__Bacteria|p__Bacteroidota|c__Bacteroidia|o__Cytophagales|f__Cyclobacteriaceae|g__Tunicatimonas|s__|ASV_5667",0.00264688448920437,6.13862324254828e-06,0.00071522859064709,0.000705269217107977,1.22277617490767e-06,0.000319214684147893,0.018981018981019,0.00394015394024538,"**","ColaDeBallena","metastat"
"900","ColaDeBallena - EsteroZacatecas","k__Bacteria|p__Campylobacterota|c__Campylobacteria|o__Campylobacterales|f__Sulfurovaceae|g__Sulfurovum|s__|ASV_3044",0.00454690341601842,4.43278543151544e-05,0.0019219749893264,5.47335750037049e-05,2.01059677049625e-08,4.0932839001795e-05,0.018981018981019,0.00394015394024538,"**","ColaDeBallena","metastat"
"901","ColaDeBallena - EsteroZacatecas","k__Bacteria|p__Pseudomonadota|c__Alphaproteobacteria|o__Rhodospirillales|f__Thalassospiraceae|g__Thalassospira|s__|ASV_11925",0.00100577766652764,2.13080405841895e-06,0.000421387001304319,0.000188145440123905,4.93825131721797e-08,6.41498981372143e-05,0.018981018981019,0.00394015394024538,"**","ColaDeBallena","metastat"
"902","ColaDeBallena - EsteroZacatecas","k__Bacteria|p__Pseudomonadota|c__Alphaproteobacteria|o__Sphingomonadales|f__Sphingomonadaceae|g__Sphingomicrobium|s__|ASV_3742",0.000505030654888927,3.79818114014271e-07,0.000177908711144759,0.00316786082141776,1.53295438237568e-05,0.00113024863871321,0.01998001998002,0.00413376653488715,"**","EsteroZacatecas","metastat"
"903","ColaDeBallena - EsteroZacatecas","k__Bacteria|p__Pseudomonadota|c__Gammaproteobacteria|o__Pseudomonadales|f__Halieaceae|g__Parahaliea|s__|ASV_7963",0.000782183439334469,1.90905385366991e-06,0.000398858146637572,6.41640579668565e-05,3.33490713106381e-08,5.27170681647463e-05,0.01998001998002,0.00413376653488715,"**","ColaDeBallena","metastat"
"904","ColaDeBallena - EsteroZacatecas","k__Bacteria|p__Pseudomonadota|c__Alphaproteobacteria|o__Hyphomicrobiales|f__Rhizobiaceae|g__Oricola|s__|ASV_10272",0.00046612854591836,3.60106206119249e-07,0.000173230628094276,3.71691941718704e-05,1.65785879446344e-08,3.71691941718704e-05,0.01998001998002,0.00413376653488715,"**","ColaDeBallena","metastat"
"905","ColaDeBallena - EsteroZacatecas","k__Bacteria|p__Actinomycetota|c__Actinobacteria|o__Euzebyales|f__Euzebyaceae|g__|s__|ASV_4057",0.00529296306158831,1.84439725238039e-05,0.00123975711746978,0.00201378915565146,4.63710113699546e-06,0.000621630995647436,0.020979020979021,0.00433087328357051,"**","ColaDeBallena","metastat"
"906","ColaDeBallena - EsteroZacatecas","k__Bacteria|p__Pseudomonadota|c__Alphaproteobacteria|o__Hyphomicrobiales|f__Rhizobiaceae|g__Pseudahrensia|s__|ASV_219",0.000139023772365825,6.36224598272291e-08,7.28139523186943e-05,0.00132399880086075,4.36487998527005e-06,0.000603108612749399,0.020979020979021,0.00433087328357051,"**","EsteroZacatecas","metastat"
"907","ColaDeBallena - EsteroZacatecas","k__Bacteria|p__Bacteroidota|c__Bacteroidia|o__Chitinophagales|f__Saprospiraceae|g__|s__|ASV_15050",0.00278339970356761,4.09065283305062e-05,0.00184631453465424,0.000109700298336322,5.08345556221315e-08,6.50861964514056e-05,0.021978021978022,0.00453210302347495,"**","ColaDeBallena","metastat"
"908","ColaDeBallena - EsteroZacatecas","k__Bacteria|p__Pseudomonadota|c__Alphaproteobacteria|o__Rhodobacterales|f__Paracoccaceae|g__Palleronia-Pseudomaribius|s__|ASV_6338",0.00981846675860576,0.000175600274022523,0.003825356998836,0.00102252013193619,2.18647876605091e-06,0.000426856608051903,0.022977022977023,0.00472248757106449,"**","ColaDeBallena","metastat"
"909","ColaDeBallena - EsteroZacatecas","k__Bacteria|p__Bacteroidota|c__Bacteroidia|o__Cytophagales|f__Cyclobacteriaceae|g__Tunicatimonas|s__|ASV_10497",0.000735181175052961,1.45028546519741e-06,0.000347645109414449,6.81402633321061e-05,2.5332780161525e-08,4.59463275296341e-05,0.022977022977023,0.00472248757106449,"**","ColaDeBallena","metastat"
"910","ColaDeBallena - EsteroZacatecas","k__Bacteria|p__Pseudomonadota|c__Alphaproteobacteria|o__Rhodobacterales|f__Paracoccaceae|g__Limibaculum|s__|ASV_6882",0.000372718037178228,2.00833316819204e-07,0.00012936811714999,3.9267763308202e-05,1.85034868227477e-08,3.9267763308202e-05,0.022977022977023,0.00472248757106449,"**","ColaDeBallena","metastat"
"911","ColaDeBallena - EsteroZacatecas","k__Bacteria|p__Pseudomonadota|c__Gammaproteobacteria|o__Enterobacterales|f__Pseudoalteromonadaceae|g__Pseudoalteromonas|s__|ASV_11013",0.000248400142609313,1.07610593058578e-07,9.46971457940955e-05,0.00106339447386853,1.85923600700531e-06,0.000393619529389878,0.024975024975025,0.00511627183397862,"**","EsteroZacatecas","metastat"
"912","ColaDeBallena - EsteroZacatecas","k__Bacteria|p__Planctomycetota|c__Planctomycetes|o__Pirellulales|f__Pirellulaceae|g__Pir4_lineage|s__|ASV_6003",0.00115543489461972,1.42721310517767e-06,0.000344868707527188,0.00026059211391735,2.81657197927827e-07,0.000153203894077965,0.024975024975025,0.00511627183397862,"**","ColaDeBallena","metastat"
"913","ColaDeBallena - EsteroZacatecas","k__Bacteria|p__Pseudomonadota|c__Alphaproteobacteria|o__Sphingomonadales|f__Sphingomonadaceae|g__|s__|ASV_8066",0.00102466562985938,1.67439862080928e-06,0.00037354145472862,8.31834723148022e-05,2.64219311220456e-08,4.6923635766038e-05,0.024975024975025,0.00511627183397862,"**","ColaDeBallena","metastat"
"914","ColaDeBallena - EsteroZacatecas","k__Bacteria|p__Actinomycetota|c__Acidimicrobiia|o__Microtrichales|f__Ilumatobacteraceae|g__Ilumatobacter|s__|ASV_14205",0.00251573588433098,5.19525247085177e-06,0.000657980019380767,0.000755767316436288,1.18600461233962e-06,0.000314378303473647,0.025974025974026,0.00529771257557184,"**","ColaDeBallena","metastat"
"915","ColaDeBallena - EsteroZacatecas","k__Bacteria|p__Pseudomonadota|c__Gammaproteobacteria|o__Enterobacterales|f__Alteromonadaceae|g__Alteromonas|s__|ASV_8501",7.54672787090248e-05,1.94711125800798e-08,4.02814189795574e-05,0.000697745027297689,1.6084669305726e-06,0.000366113248710082,0.025974025974026,0.00529771257557184,"**","EsteroZacatecas","metastat"
"916","ColaDeBallena - EsteroZacatecas","k__Bacteria|p__Pseudomonadota|c__Alphaproteobacteria|o__|f__Neomegalonemataceae|g__Acuticoccus|s__|ASV_2125",4.42237468885435e-05,2.34688774663436e-08,4.42237468885435e-05,0.000387425076863846,2.3457321560251e-07,0.000139813332579107,0.025974025974026,0.00529771257557184,"**","EsteroZacatecas","metastat"
"917","ColaDeBallena - EsteroZacatecas","k__Bacteria|p__Pseudomonadota|c__Gammaproteobacteria|o__Pseudomonadales|f__Nitrincolaceae|g__Marinobacterium|s__|ASV_12692",0.000320628680341421,1.36169182051306e-07,0.000106524325098115,3.19652641745318e-05,6.2411734810359e-09,2.28056525906698e-05,0.025974025974026,0.00529771257557184,"**","ColaDeBallena","metastat"
"918","ColaDeBallena - EsteroZacatecas","k__Bacteria|p__Pseudomonadota|c__Alphaproteobacteria|o__Sphingomonadales|f__Sphingomonadaceae|g__Aurantiacibacter|s__|ASV_472",0.00198100846869026,4.35831788997458e-06,0.00060265508999583,0.000549188571983935,4.19206085394334e-07,0.000186905966864431,0.026973026973027,0.00549547786402645,"**","ColaDeBallena","metastat"
"919","ColaDeBallena - EsteroZacatecas","k__Bacteria|p__Bacteroidota|c__Bacteroidia|o__Flavobacteriales|f__Cryomorphaceae|g__Vicingus|s__|ASV_8806",8.96189422804246e-05,4.48840880368913e-08,6.11583246152226e-05,0.000452014496147537,2.71153431056184e-07,0.000150320056062663,0.027972027972028,0.00569281276012315,"**","EsteroZacatecas","metastat"
"920","ColaDeBallena - EsteroZacatecas","k__Bacteria|p__Pseudomonadota|c__Gammaproteobacteria|o__Pseudomonadales|f__Marinobacteraceae|g__Marinobacter|s__|ASV_10962",0.00277717939410868,6.48374488684503e-06,0.000735059231561479,0.000784107963066437,2.80597729359736e-06,0.000483561207225222,0.028971028971029,0.00587694270491332,"**","ColaDeBallena","metastat"
"921","ColaDeBallena - EsteroZacatecas","k__Bacteria|p__Bacteroidota|c__Bacteroidia|o__Cytophagales|f__Cyclobacteriaceae|g__Tunicatimonas|s__|ASV_5122",0.00122165559285646,2.56691018234581e-06,0.000462503169569843,0.00014457354140938,3.47720330168181e-08,5.38300048120765e-05,0.028971028971029,0.00587694270491332,"**","ColaDeBallena","metastat"
"922","ColaDeBallena - EsteroZacatecas","k__Bacteria|p__Pseudomonadota|c__Alphaproteobacteria|o__Sphingomonadales|f__Sphingomonadaceae|g__Parasphingopyxis|s__|ASV_11051",0.000662277160669658,1.63212525336747e-06,0.000368795929723502,5.7116746630112e-05,3.91478729473009e-08,5.7116746630112e-05,0.028971028971029,0.00587694270491332,"**","ColaDeBallena","metastat"
"923","ColaDeBallena - EsteroZacatecas","k__Bacteria|p__Pseudomonadota|c__Alphaproteobacteria|o__Rhodobacterales|f__Paracoccaceae|g__|s__|ASV_6342",0.00102970031193392,3.01480677572052e-06,0.000501232379218173,2.84235014255479e-05,9.6947451994575e-09,2.84235014255479e-05,0.02997002997003,0.00607300912384288,"**","ColaDeBallena","metastat"
"924","ColaDeBallena - EsteroZacatecas","k__Bacteria|p__Pseudomonadota|c__Alphaproteobacteria|o__|f__Neomegalonemataceae|g__Acuticoccus|s__|ASV_9958",3.31663958077676e-05,1.320011773053e-08,3.31663958077676e-05,0.000482171900386953,7.2932859676255e-07,0.000246530693958269,0.030969030969031,0.006261874236415,"**","EsteroZacatecas","metastat"
"925","ColaDeBallena - EsteroZacatecas","k__Bacteria|p__Pseudomonadota|c__Alphaproteobacteria|o__Sphingomonadales|f__Sphingomonadaceae|g__|s__|ASV_15186",0.000604888212200611,9.27490848898738e-07,0.000278012417123579,9.10785096753402e-05,9.95435390961723e-08,9.10785096753402e-05,0.030969030969031,0.006261874236415,"**","ColaDeBallena","metastat"
"926","ColaDeBallena - EsteroZacatecas","k__Bacteria|p__Pseudomonadota|c__Alphaproteobacteria|o__|f__Neomegalonemataceae|g__Acuticoccus|s__|ASV_5409",0.000738991210384839,7.21530611222796e-07,0.000245209198308777,0.00196250150038329,2.61222786836705e-06,0.00046656795399733,0.031968031968032,0.00644297404747928,"**","EsteroZacatecas","metastat"
"927","ColaDeBallena - EsteroZacatecas","k__Bacteria|p__Chloroflexota|c__Anaerolineae|o__Ardenticatenales|f__Ardenticatenaceae|g__|s__|ASV_1204",0.000950149206341037,2.86100395148274e-06,0.000488279628857169,4.81229365179429e-05,1.71300922714191e-08,3.77823727323328e-05,0.031968031968032,0.00644297404747928,"**","ColaDeBallena","metastat"
"928","ColaDeBallena - EsteroZacatecas","k__Bacteria|p__Pseudomonadota|c__Gammaproteobacteria|o__Steroidobacterales|f__Woeseiaceae|g__Woeseia|s__|ASV_11864",0.000657290249255925,1.17757408746759e-06,0.000313258956704565,6.7974651706431e-05,2.77317253418465e-08,4.80726233091199e-05,0.031968031968032,0.00644297404747928,"**","ColaDeBallena","metastat"
"929","ColaDeBallena - EsteroZacatecas","k__Bacteria|p__Rhodothermota|c__Rhodothermia|o__Rhodothermales|f__Rhodothermaceae|g__Rubrivirga|s__|ASV_11310",4.38856340376978e-05,2.31113864986888e-08,4.38856340376978e-05,0.000388598308234323,3.77280241404877e-07,0.000177313338801888,0.032967032967033,0.00663716486914712,"**","EsteroZacatecas","metastat"
"930","ColaDeBallena - EsteroZacatecas","k__Bacteria|p__Pseudomonadota|c__Alphaproteobacteria|o__|f__Neomegalonemataceae|g__Acuticoccus|s__|ASV_1871",0.000600534712307112,2.60470520194855e-07,0.000147329144037779,0.000180543557245503,1.0962585868158e-07,9.55797479776182e-05,0.033966033966034,0.00679440899552361,"**","ColaDeBallena","metastat"
"931","ColaDeBallena - EsteroZacatecas","k__Bacteria|p__Pseudomonadota|c__Gammaproteobacteria|o__Pseudomonadales|f__Cellvibrionaceae|g__|s__|ASV_10185",0.000556755493872124,6.21974779836816e-07,0.000227664735198642,3.50552470693813e-05,1.47464441651444e-08,3.50552470693813e-05,0.033966033966034,0.00679440899552361,"**","ColaDeBallena","metastat"
"932","ColaDeBallena - EsteroZacatecas","k__Bacteria|p__Planctomycetota|c__Planctomycetes|o__Pirellulales|f__Pirellulaceae|g__Bythopirellula|s__|ASV_2681",0.000548168973945731,5.92883511805946e-07,0.000222276762881688,6.65573724550563e-05,5.3158605937453e-08,6.65573724550563e-05,0.033966033966034,0.00679440899552361,"**","ColaDeBallena","metastat"
"933","ColaDeBallena - EsteroZacatecas","k__Bacteria|p__Pseudomonadota|c__Alphaproteobacteria|o__Sphingomonadales|f__Sphingomonadaceae|g__Croceicoccus|s__|ASV_6402",0.000567923369616815,7.93530639835834e-07,0.000257152782056996,4.20362352347724e-05,2.12045408725574e-08,4.20362352347724e-05,0.033966033966034,0.00679440899552361,"**","ColaDeBallena","metastat"
"934","ColaDeBallena - EsteroZacatecas","k__Bacteria|p__Planctomycetota|c__Planctomycetes|o__Planctomycetales|f__Rubinisphaeraceae|g__Planctomicrobium|s__|ASV_4177",0.000338296893660513,2.73594528754301e-07,0.000150995178939125,3.35603231554026e-05,1.35155434835406e-08,3.35603231554026e-05,0.033966033966034,0.00679440899552361,"**","ColaDeBallena","metastat"
"935","ColaDeBallena - EsteroZacatecas","k__Bacteria|p__Planctomycetota|c__Planctomycetes|o__Planctomycetales|f__Rubinisphaeraceae|g__|s__|ASV_9127",0.000366482783424209,1.58743743494167e-07,0.000115015848000093,9.80406067231991e-05,3.23580516756637e-08,5.19278760041782e-05,0.033966033966034,0.00679440899552361,"**","ColaDeBallena","metastat"
"936","ColaDeBallena - EsteroZacatecas","k__Bacteria|p__Bacteroidota|c__Bacteroidia|o__Flavobacteriales|f__Flavobacteriaceae|g__Hoppeia|s__|ASV_11816",0.00738838403812955,6.76936182090134e-05,0.00237510733457482,0.00169453168810677,8.69531687861579e-06,0.000851240118817628,0.034965034965035,0.00696445011521989,"**","ColaDeBallena","metastat"
"937","ColaDeBallena - EsteroZacatecas","k__Bacteria|p__Bacteroidota|c__Bacteroidia|o__Flavobacteriales|f__Flavobacteriaceae|g__Winogradskyella|s__|ASV_13686",0.000458762321137662,7.27445619066677e-07,0.000246212242294238,3.51413561049321e-05,1.48189789067238e-08,3.51413561049321e-05,0.034965034965035,0.00696445011521989,"**","ColaDeBallena","metastat"
"938","ColaDeBallena - EsteroZacatecas","k__Bacteria|p__Chloroflexota|c__Anaerolineae|o__Anaerolineales|f__Anaerolineaceae|g__ADurb.Bin120|s__|ASV_707",0.000509182675780079,6.81234828828168e-07,0.000238263654527949,5.57589115860458e-05,3.73086746551257e-08,5.57589115860458e-05,0.034965034965035,0.00696445011521989,"**","ColaDeBallena","metastat"
"939","ColaDeBallena - EsteroZacatecas","k__Bacteria|p__Pseudomonadota|c__Alphaproteobacteria|o__Hyphomicrobiales|f__Rhizobiaceae|g__|s__|ASV_2926",0.000534896257989723,1.06880730720031e-06,0.00029844141066552,2.45211372202839e-05,7.2154340469119e-09,2.45211372202839e-05,0.034965034965035,0.00696445011521989,"**","ColaDeBallena","metastat"
"940","ColaDeBallena - EsteroZacatecas","k__Bacteria|p__Actinomycetota|c__Actinobacteria|o__Nitriliruptorales|f__Nitriliruptoraceae|g__|s__|ASV_10841",0.0065518015814796,5.37237817423504e-05,0.00211588794879656,0.00185461037884862,4.71693338734282e-06,0.000626959155191603,0.035964035964036,0.00715581372932805,"**","ColaDeBallena","metastat"
"941","ColaDeBallena - EsteroZacatecas","k__Bacteria|p__Pseudomonadota|c__Alphaproteobacteria|o__Sphingomonadales|f__Sphingomonadaceae|g__Sphingomicrobium|s__|ASV_13291",0.00156411447937992,2.64769789592253e-06,0.000469724910268635,0.000382968712145678,8.24100535407662e-07,0.000262059238755868,0.037962037962038,0.00752932916258979,"**","ColaDeBallena","metastat"
"942","ColaDeBallena - EsteroZacatecas","k__Bacteria|p__Bacteroidota|c__Bacteroidia|o__Cytophagales|f__Cyclobacteriaceae|g__Tunicatimonas|s__|ASV_6474",3.40222845964106e-05,1.38901901899099e-08,3.40222845964107e-05,0.00109824446981203,4.0343122302083e-06,0.000579821253362355,0.037962037962038,0.00752932916258979,"**","EsteroZacatecas","metastat"
"943","ColaDeBallena - EsteroZacatecas","k__Bacteria|p__Pseudomonadota|c__Alphaproteobacteria|o__Rhodobacterales|f__Paracoccaceae|g__|s__|ASV_4203",2.93277024144698e-05,1.03213695469403e-08,2.93277024144698e-05,0.000325923720016726,3.17326209078372e-07,0.000162615653479396,0.037962037962038,0.00752932916258979,"**","EsteroZacatecas","metastat"
"944","ColaDeBallena - EsteroZacatecas","k__Bacteria|p__Pseudomonadota|c__Gammaproteobacteria|o__Pseudomonadales|f__Cellvibrionaceae|g__|s__|ASV_3286",0.000537655510134426,6.46617141618172e-07,0.000232130915221378,2.62370782389673e-05,8.2606112942123e-09,2.62370782389673e-05,0.038961038961039,0.00771928352510495,"**","ColaDeBallena","metastat"
"945","ColaDeBallena - EsteroZacatecas","k__Bacteria|p__Pseudomonadota|c__Gammaproteobacteria|o__Pseudomonadales|f__Marinomonadaceae|g__Marinomonas|s__|ASV_223",0.000285630623076882,2.58916670590468e-07,0.000146889037085388,0.000870202050273975,5.15487217260023e-07,0.000207261352174017,0.040959040959041,0.00808090310385324,"**","EsteroZacatecas","metastat"
"946","ColaDeBallena - EsteroZacatecas","k__Bacteria|p__Planctomycetota|c__Planctomycetes|o__Pirellulales|f__Pirellulaceae|g__Pir4_lineage|s__|ASV_7069",0.000579668144258769,9.05627793371139e-07,0.000274716185873582,3.71691941718704e-05,1.65785879446344e-08,3.71691941718704e-05,0.040959040959041,0.00808090310385324,"**","ColaDeBallena","metastat"
"947","ColaDeBallena - EsteroZacatecas","k__Bacteria|p__Planctomycetota|c__Planctomycetes|o__Pirellulales|f__Pirellulaceae|g__Pir4_lineage|s__|ASV_4733",0.000547692082625796,1.16213276784897e-06,0.000311198324739622,1.31185391194837e-05,2.06515282355308e-09,1.31185391194837e-05,0.040959040959041,0.00808090310385324,"**","ColaDeBallena","metastat"
"948","ColaDeBallena - EsteroZacatecas","k__Bacteria|p__Pseudomonadota|c__Alphaproteobacteria|o__Caulobacterales|f__Hyphomonadaceae|g__Euryhalocaulis|s__|ASV_13612",0.000505682318477501,8.7301731964482e-07,0.000269724754710677,2.8558373315056e-05,9.78696823682522e-09,2.8558373315056e-05,0.040959040959041,0.00808090310385324,"**","ColaDeBallena","metastat"
"949","ColaDeBallena - EsteroZacatecas","k__Bacteria|p__Bacteroidota|c__Bacteroidia|o__Chitinophagales|f__Saprospiraceae|g__Lewinella|s__|ASV_14300",0.000245959224467318,2.10700048830019e-07,0.000132507876756446,0.00149911570863086,3.79563010479947e-06,0.000562407777980789,0.041958041958042,0.00824321679603967,"**","EsteroZacatecas","metastat"
"950","ColaDeBallena - EsteroZacatecas","k__Bacteria|p__Pseudomonadota|c__Alphaproteobacteria|o__Rhodobacterales|f__Paracoccaceae|g__Palleronia-Pseudomaribius|s__|ASV_9563",0.000749633600337807,8.79672610990193e-07,0.000270750901966825,0.000123858182381174,1.84090192113217e-07,0.000123858182381174,0.041958041958042,0.00824321679603967,"**","ColaDeBallena","metastat"
"951","ColaDeBallena - EsteroZacatecas","k__Bacteria|p__Pseudomonadota|c__Alphaproteobacteria|o__Rhodobacterales|f__Paracoccaceae|g__Wenxinia|s__|ASV_2338",0.000502532491324507,8.35232120595561e-07,0.000263823192150153,3.83380982112539e-05,1.7637717293469e-08,3.83380982112539e-05,0.041958041958042,0.00824321679603967,"**","ColaDeBallena","metastat"
"952","ColaDeBallena - EsteroZacatecas","k__Bacteria|p__Bacteroidota|c__Bacteroidia|o__Flavobacteriales|f__Flavobacteriaceae|g__Gramella|s__|ASV_14211",0.000520066667347486,7.04085516376933e-07,0.000242226738886133,5.79678309047863e-05,4.03232330376708e-08,5.79678309047863e-05,0.041958041958042,0.00824321679603967,"**","ColaDeBallena","metastat"
"953","ColaDeBallena - EsteroZacatecas","k__Bacteria|p__Rhodothermota|c__Rhodothermia|o__Rhodothermales|f__Rhodothermaceae|g__|s__|ASV_13295",0.0012243067229754,3.10744237066896e-06,0.000508874769357923,0.000232610579249763,1.00403726737511e-07,9.14711825009709e-05,0.042957042957043,0.00842179102432565,"**","ColaDeBallena","metastat"
"954","ColaDeBallena - EsteroZacatecas","k__Bacteria|p__Pseudomonadota|c__Alphaproteobacteria|o__Rhodobacterales|f__Paracoccaceae|g__|s__|ASV_14777",0.00117465476115735,2.76347424508267e-06,0.000479884903308653,0.000166259950886186,1.50802889617029e-07,0.000112102218836586,0.042957042957043,0.00842179102432565,"**","ColaDeBallena","metastat"
"955","ColaDeBallena - EsteroZacatecas","k__Bacteria|p__Rhodothermota|c__Rhodothermia|o__Rhodothermales|f__Rhodothermaceae|g__|s__|ASV_16022",6.81201318252158e-05,3.3845013469858e-08,5.31076057561893e-05,0.000361016199902492,2.30375987499326e-07,0.000138556843780007,0.043956043956044,0.00860862291579431,"**","EsteroZacatecas","metastat"
"956","ColaDeBallena - EsteroZacatecas","k__Bacteria|p__Chloroflexota|c__Anaerolineae|o__Aggregatilineales|f__A4b|g__|s__|ASV_6080",0.000260119154993362,1.16088399552162e-07,9.83566637092449e-05,0.000626363807879432,2.44018235731391e-07,0.000142600326008098,0.045954045954046,0.00899050981102235,"**","EsteroZacatecas","metastat"
"957","ColaDeBallena - EsteroZacatecas","k__Bacteria|p__Pseudomonadota|c__Alphaproteobacteria|o__Rhodobacterales|f__Paracoccaceae|g__Tropicimonas-Psychromarinibacter|s__|ASV_2406",8.12947120916504e-05,7.9305962568772e-08,8.12947120916504e-05,0.000435590722130339,2.50070638821565e-07,0.000144357957528489,0.046953046953047,0.00917635697671292,"**","EsteroZacatecas","metastat"
"958","ColaDeBallena - EsteroZacatecas","k__Bacteria|p__Pseudomonadota|c__Alphaproteobacteria|o__Sphingomonadales|f__Sphingomonadaceae|g__|s__|ASV_15437",0.000636991918769406,4.39577153287557e-07,0.000191393389229173,0.00131870801625404,9.82025069803258e-07,0.000286068912123643,0.047952047952048,0.00935205409185731,"**","EsteroZacatecas","metastat"
"959","ColaDeBallena - EsteroZacatecas","k__Bacteria|p__Pseudomonadota|c__Alphaproteobacteria|o__Sphingomonadales|f__Sphingomonadaceae|g__Sphingomicrobium|s__|ASV_14557",9.07537903053598e-05,9.88350054574706e-08,9.07537903053598e-05,0.000525770247578348,4.60125976949472e-07,0.00019581580991446,0.047952047952048,0.00935205409185731,"**","EsteroZacatecas","metastat"
"960","ColaDeBallena - EsteroZacatecas","k__Bacteria|p__Pseudomonadota|c__Alphaproteobacteria|o__Sphingomonadales|f__Sphingomonadaceae|g__Aurantiacibacter|s__|ASV_11680",0.000249402691305335,3.83556238014482e-07,0.000178782045615717,0.00143710255904932,4.7247154630023e-06,0.000627476125907214,0.048951048951049,0.0095171165503826,"**","EsteroZacatecas","metastat"
"961","ColaDeBallena - EsteroZacatecas","k__Bacteria|p__Actinomycetota|c__Actinobacteria|o__Frankiales|f__Geodermatophilaceae|g__Geodermatophilus|s__|ASV_7953",0.00137411408486158,8.14143539925392e-07,0.000260471293991838,0.000672503374481862,6.75785510092681e-07,0.000237308784444213,0.048951048951049,0.0095171165503826,"**","ColaDeBallena","metastat"
"962","ColaDeBallena - EsteroZacatecas","k__Bacteria|p__Bacteroidota|c__Bacteroidia|o__Cytophagales|f__Cyclobacteriaceae|g__Fulvivirga|s__|ASV_15281",5.42131350681537e-05,3.52687681670145e-08,5.42131350681536e-05,0.000546637351007992,1.26446676905774e-06,0.000324610891306518,0.048951048951049,0.0095171165503826,"**","EsteroZacatecas","metastat"
"963","ColaDeBallena - EsteroZacatecas","k__Bacteria|p__Actinomycetota|c__Actinobacteria|o__Euzebyales|f__Euzebyaceae|g__|s__|ASV_11651",0.000382598231322695,6.24758914928046e-07,0.00022817371213764,0.00352637945701394,3.7498335384282e-05,0.0017677277171622,0.051948051948052,0.0100788432195008,"*","EsteroZacatecas","metastat"
"964","ColaDeBallena - EsteroZacatecas","k__Bacteria|p__Balneolota|c__Balneolia|o__Balneolales|f__Balneolaceae|g__|s__|ASV_7903",0.00123445705386637,1.33257306175097e-06,0.000333238285834497,0.000427754359174136,5.96996636710505e-07,0.000223046451946395,0.051948051948052,0.0100788432195008,"*","ColaDeBallena","metastat"
"965","ColaDeBallena - EsteroZacatecas","k__Bacteria|p__Pseudomonadota|c__Alphaproteobacteria|o__Rhodobacterales|f__Paracoccaceae|g__Palleronia-Pseudomaribius|s__|ASV_10594",0.00527892279055021,5.78618444805531e-05,0.00219586437955066,0.000832999093192947,1.95849121864793e-06,0.000403989605749942,0.0529470529470529,0.0102513986656063,"*","ColaDeBallena","metastat"
"966","ColaDeBallena - EsteroZacatecas","k__Bacteria|p__Pseudomonadota|c__Alphaproteobacteria|o__Sphingomonadales|f__Sphingomonadaceae|g__|s__|ASV_14636",0.000978270411891309,2.01193614405818e-06,0.000409464705851654,0.000190231491540224,2.35193755989266e-07,0.000139998141651138,0.0529470529470529,0.0102513986656063,"*","ColaDeBallena","metastat"
"967","ColaDeBallena - EsteroZacatecas","k__Bacteria|p__Actinomycetota|c__Actinobacteria|o__Nitriliruptorales|f__Nitriliruptoraceae|g__|s__|ASV_11633",0.00131610321982953,7.32087223669743e-07,0.000246996495196076,0.00440187113355825,2.61556978975236e-05,0.00147636089472063,0.0539460539460539,0.0104232410726783,"*","EsteroZacatecas","metastat"
"968","ColaDeBallena - EsteroZacatecas","k__Bacteria|p__Pseudomonadota|c__Gammaproteobacteria|o__Pseudomonadales|f__Cellvibrionaceae|g__|s__|ASV_9688",7.35884852460132e-05,1.81785180920944e-08,3.89214145127658e-05,0.000236525583910266,5.31151186594999e-08,6.65301427045791e-05,0.0539460539460539,0.0104232410726783,"*","EsteroZacatecas","metastat"
"969","ColaDeBallena - EsteroZacatecas","k__Bacteria|p__Pseudomonadota|c__Gammaproteobacteria|o__Pseudomonadales|f__Pseudohongiellaceae|g__Pseudohongiella|s__|ASV_8644",0.000198630142569351,1.76930896416062e-07,0.000121425867787738,0.00140715363815257,4.74530986340152e-06,0.000628842181009507,0.0549450549450549,0.0106053081586475,"*","EsteroZacatecas","metastat"
"970","ColaDeBallena - EsteroZacatecas","k__Bacteria|p__Pseudomonadota|c__Gammaproteobacteria|o__Pseudomonadales|f__Halieaceae|g__Pseudohaliea|s__|ASV_9973",0.000862628895142667,8.59303847293393e-07,0.000267597933364808,0.000280035276599891,2.0584427285699e-07,0.000130972093992381,0.0559440559440559,0.0107537408562244,"*","ColaDeBallena","metastat"
"971","ColaDeBallena - EsteroZacatecas","k__Bacteria|p__Rhodothermota|c__Rhodothermia|o__Rhodothermales|f__Rhodothermaceae|g__|s__|ASV_15803",0.000617082127415252,7.5142569199734e-07,0.000250237502517998,0.000104725198098903,2.77846172623662e-08,4.81184452353133e-05,0.0559440559440559,0.0107537408562244,"*","ColaDeBallena","metastat"
"972","ColaDeBallena - EsteroZacatecas","k__Bacteria|p__Pseudomonadota|c__Alphaproteobacteria|o__Sphingomonadales|f__Sphingomonadaceae|g__Croceibacterium|s__|ASV_5058",0.000594725752568655,6.61744389661785e-07,0.000234830504417865,0.000119102666498522,1.70225342004697e-07,0.000119102666498522,0.0559440559440559,0.0107537408562244,"*","ColaDeBallena","metastat"
"973","ColaDeBallena - EsteroZacatecas","k__Bacteria|p__Planctomycetota|c__Planctomycetes|o__Pirellulales|f__Pirellulaceae|g__Pir4_lineage|s__|ASV_1166",5.75998946744783e-05,3.98129743981319e-08,5.75998946744783e-05,0.000256962892845269,8.37894878264216e-08,8.35610993158208e-05,0.0559440559440559,0.0107537408562244,"*","EsteroZacatecas","metastat"
"974","ColaDeBallena - EsteroZacatecas","k__Bacteria|p__Actinomycetota|c__Acidimicrobiia|o__Microtrichales|f__Ilumatobacteraceae|g__Ilumatobacter|s__|ASV_7782",0.00254303038972821,2.93633478031922e-06,0.000494666114694146,0.00805068066811044,8.77701364482842e-05,0.00270447370801733,0.0569430569430569,0.0109233190774187,"*","EsteroZacatecas","metastat"
"975","ColaDeBallena - EsteroZacatecas","k__Bacteria|p__Pseudomonadota|c__Gammaproteobacteria|o__Steroidobacterales|f__Woeseiaceae|g__Woeseia|s__|ASV_3051",0.000224927169062481,2.92468316631536e-07,0.000156116494065472,0.00083995192491096,9.68834014109648e-07,0.000284141105513565,0.0569430569430569,0.0109233190774187,"*","EsteroZacatecas","metastat"
"976","ColaDeBallena - EsteroZacatecas","k__Bacteria|p__Pseudomonadota|c__Alphaproteobacteria|o__Rhodobacterales|f__Paracoccaceae|g__Actibacterium|s__|ASV_14368",0.000204976714807026,1.93694024239316e-07,0.000127047899182197,0.00151133353873118,7.72161653713673e-06,0.00080216459954388,0.0599400599400599,0.0114864496338258,"*","EsteroZacatecas","metastat"
"977","ColaDeBallena - EsteroZacatecas","k__Bacteria|p__Actinomycetota|c__Actinobacteria|o__Nitriliruptorales|f__Nitriliruptoraceae|g__|s__|ASV_15235",0.00112442360739468,1.09227768056268e-06,0.000301700414396285,0.00355629007331563,1.73175636904825e-05,0.00120130358675075,0.0609390609390609,0.0116421053013185,"*","EsteroZacatecas","metastat"
"978","ColaDeBallena - EsteroZacatecas","k__Bacteria|p__Thermodesulfobacteriota|c__Desulfobacteria|o__Desulfobacterales|f__Desulfosarcinaceae|g__Sva0081_sediment_group|s__|ASV_4006",0.000120013115121609,7.85683480272127e-08,8.09157730952443e-05,0.000435841702348191,2.26314153815812e-07,0.000137329941447538,0.0609390609390609,0.0116421053013185,"*","EsteroZacatecas","metastat"
"979","ColaDeBallena - EsteroZacatecas","k__Bacteria|p__Pseudomonadota|c__Gammaproteobacteria|o__Burkholderiales|f__Nitrosomonadaceae|g__|s__|ASV_10411",0.000542384140149468,8.68146070406097e-07,0.000268971198954785,2.13226510128789e-05,2.63817702036976e-09,1.48272750372688e-05,0.0609390609390609,0.0116421053013185,"*","ColaDeBallena","metastat"
"980","ColaDeBallena - EsteroZacatecas","k__Bacteria|p__Pseudomonadota|c__Alphaproteobacteria|o__Rhodobacterales|f__Paracoccaceae|g__Limibaculum|s__|ASV_14872",0.0030296914164321,2.96189140951792e-06,0.000496814134386788,0.00186564304904288,1.77632854560173e-06,0.000384743263488972,0.0619380619380619,0.0118208850381304,"*","ColaDeBallena","metastat"
"981","ColaDeBallena - EsteroZacatecas","k__Bacteria|p__Pseudomonadota|c__Gammaproteobacteria|o__Beggiatoales|f__Leucotrichaceae|g__|s__|ASV_11092",0.000634177125092445,1.1249771241968e-06,0.000306183104829556,3.89081304779325e-05,1.12373829190837e-08,3.06014472956804e-05,0.0629370629370629,0.0119993002902596,"*","ColaDeBallena","metastat"
"982","ColaDeBallena - EsteroZacatecas","k__Bacteria|p__Thermodesulfobacteriota|c__Desulfobulbia|o__Desulfobulbales|f__Desulfocapsaceae|g__|s__|ASV_15773",0.00468929067347927,2.94616598439092e-05,0.00156688810076718,0.00166792155693078,4.28240505284221e-06,0.000597383534872573,0.0639360639360639,0.0121773521712032,"*","ColaDeBallena","metastat"
"983","ColaDeBallena - EsteroZacatecas","k__Bacteria|p__Pseudomonadota|c__Alphaproteobacteria|o__Sphingomonadales|f__Sphingomonadaceae|g__Croceibacterium|s__|ASV_13774",0.000809938943458531,9.62322697163587e-07,0.000283184671366523,0.000274517689800665,4.21911832372422e-08,5.92952943869651e-05,0.0659340659340659,0.0125069496215774,"*","ColaDeBallena","metastat"
"984","ColaDeBallena - EsteroZacatecas","k__Bacteria|p__Pseudomonadota|c__Alphaproteobacteria|o__Sphingomonadales|f__Sphingomonadaceae|g__|s__|ASV_6423",0.00058339263139019,5.22735973195541e-07,0.000208713514415402,0.000167692433499963,6.07564919492351e-08,7.11550489829751e-05,0.0659340659340659,0.0125069496215774,"*","ColaDeBallena","metastat"
"985","ColaDeBallena - EsteroZacatecas","k__Bacteria|p__Planctomycetota|c__Planctomycetes|o__Planctomycetales|f__Gimesiaceae|g__|s__|ASV_10539",0.000907590689541593,2.19271071581954e-06,0.000427464493244716,0.000138715963919351,1.05162365625502e-07,9.3613730129676e-05,0.0659340659340659,0.0125069496215774,"*","ColaDeBallena","metastat"
"986","ColaDeBallena - EsteroZacatecas","k__Bacteria|p__Pseudomonadota|c__Gammaproteobacteria|o__Enterobacterales|f__Alteromonadaceae|g__|s__|ASV_12014",8.00297070272485e-05,7.68570480824068e-08,8.00297070272485e-05,0.000423507587910264,3.81969893489591e-07,0.000178411951554446,0.0659340659340659,0.0125069496215774,"*","EsteroZacatecas","metastat"
"987","ColaDeBallena - EsteroZacatecas","k__Bacteria|p__Actinomycetota|c__Actinobacteria|o__Nitriliruptorales|f__Nitriliruptoraceae|g__|s__|ASV_2752",0.000991803807438147,1.0029794274984e-06,0.000289104858067449,0.000330401820137658,3.87313696010776e-07,0.000179655618710441,0.0669330669330669,0.0126707475447897,"*","ColaDeBallena","metastat"
"988","ColaDeBallena - EsteroZacatecas","k__Bacteria|p__Chloroflexota|c__Anaerolineae|o__Caldilineales|f__Caldilineaceae|g__|s__|ASV_13484",0.000541306287263923,4.55914564643238e-07,0.000194917624618546,0.000127358528298363,7.24316723177024e-08,7.76915226594373e-05,0.0669330669330669,0.0126707475447897,"*","ColaDeBallena","metastat"
"989","ColaDeBallena - EsteroZacatecas","k__Bacteria|p__Pseudomonadota|c__Alphaproteobacteria|o__Rhodobacterales|f__Paracoccaceae|g__Actibacterium|s__|ASV_413",0.00020381486958772,2.81788383118449e-07,0.000153239568192653,0.000754903995470001,6.6479432078313e-07,0.000235371040554966,0.0699300699300699,0.0132113508246292,"*","EsteroZacatecas","metastat"
"990","ColaDeBallena - EsteroZacatecas","k__Bacteria|p__Bacteroidota|c__Bacteroidia|o__Bacteroidales|f__Prolixibacteraceae|g__Maribellus|s__|ASV_5500",4.80461242793081e-05,2.77011606991527e-08,4.80461242793081e-05,0.000251056488605588,9.4621384747555e-08,8.87981722538791e-05,0.0699300699300699,0.0132113508246292,"*","EsteroZacatecas","metastat"
"991","ColaDeBallena - EsteroZacatecas","k__Bacteria|p__Pseudomonadota|c__Alphaproteobacteria|o__Sphingomonadales|f__Sphingomonadaceae|g__Aurantiacibacter|s__|ASV_6948",0.00465578027883244,9.21036805527954e-06,0.00087608827824215,0.00283010283795108,2.57905795487454e-06,0.00046359626426401,0.0739260739260739,0.0139521920341983,"*","ColaDeBallena","metastat"
"992","ColaDeBallena - EsteroZacatecas","k__Bacteria|p__Actinomycetota|c__Acidimicrobiia|o__Microtrichales|f__Microtrichaceae|g__IMCC26207|s__|ASV_14497",0.000281496183652637,4.87049519711806e-08,6.37082882959383e-05,0.00107036346562137,2.31239348184275e-06,0.000438975462663039,0.0749250749250749,0.0141264803964389,"*","EsteroZacatecas","metastat"
"993","ColaDeBallena - EsteroZacatecas","k__Bacteria|p__Rhodothermota|c__Rhodothermia|o__Rhodothermales|f__Rhodothermaceae|g__Rubrivirga|s__|ASV_9477",5.19327391601334e-05,1.52739476724313e-08,3.56767287275979e-05,0.000537790266716956,8.36380055316693e-07,0.000264004427885325,0.0759240759240759,0.0143004177247174,"*","EsteroZacatecas","metastat"
"994","ColaDeBallena - EsteroZacatecas","k__Bacteria|p__Pseudomonadota|c__Alphaproteobacteria|o__Rhodobacterales|f__Paracoccaceae|g__Hasllibacter|s__|ASV_260",0.000604666009188884,2.28195835978533e-06,0.000436077053568263,0.00269641913550733,1.34022486096631e-05,0.0010568131579448,0.0769230769230769,0.0144594583397198,"*","EsteroZacatecas","metastat"
"995","ColaDeBallena - EsteroZacatecas","k__Bacteria|p__Thermodesulfobacteriota|c__Desulfobacteria|o__Desulfobacterales|f__Desulfosarcinaceae|g__Desulfosarcina|s__|ASV_9396",0.000436507441465334,3.22105573583374e-07,0.000163835683329206,0.000126212433099492,5.84351106267669e-08,6.97824659368711e-05,0.0769230769230769,0.0144594583397198,"*","ColaDeBallena","metastat"
"996","ColaDeBallena - EsteroZacatecas","k__Bacteria|p__Pseudomonadota|c__Alphaproteobacteria|o__Kiloniellales|f__Kiloniellaceae|g__Limibacillus|s__|ASV_7263",0.00195182852299491,7.6491939013115e-06,0.000798393903477032,0.000557537935546701,2.73346458905238e-07,0.000150926709284462,0.0779220779220779,0.0145740072953981,"*","ColaDeBallena","metastat"
"997","ColaDeBallena - EsteroZacatecas","k__Bacteria|p__Actinomycetota|c__Actinobacteria|o__Mycobacteriales|f__Mycobacteriaceae|g__Mycobacterium|s__|ASV_8131",0.000561015353543282,4.77785397189436e-07,0.000199538091014689,0.000142842530833033,1.20693571161886e-07,0.000100288571616231,0.0779220779220779,0.0145740072953981,"*","ColaDeBallena","metastat"
"998","ColaDeBallena - EsteroZacatecas","k__Bacteria|p__Thermodesulfobacteriota|c__Desulfobulbia|o__Desulfobulbales|f__Desulfobulbaceae|g__Candidatus_Electrothrix|s__|ASV_12765",0.000603630567752634,9.46410562901191e-07,0.000280833664129556,7.1487401687235e-05,2.82174245697562e-08,4.84917729875871e-05,0.0779220779220779,0.0145740072953981,"*","ColaDeBallena","metastat"
"999","ColaDeBallena - EsteroZacatecas","k__Bacteria|p__Pseudomonadota|c__Gammaproteobacteria|o__Steroidobacterales|f__Woeseiaceae|g__Woeseia|s__|ASV_2719",7.22973547673726e-05,6.27228900763121e-08,7.22973547673726e-05,0.000298456338895553,1.62130885190817e-07,0.000116236427591503,0.0779220779220779,0.0145740072953981,"*","EsteroZacatecas","metastat"
"1000","ColaDeBallena - EsteroZacatecas","k__Bacteria|p__Actinomycetota|c__Acidimicrobiia|o__Microtrichales|f__Ilumatobacteraceae|g__Ilumatobacter|s__|ASV_8504",0.000399868736758277,5.45941841934066e-07,0.000213295929390379,7.24790469664224e-05,6.30385469899304e-08,7.24790469664224e-05,0.0779220779220779,0.0145740072953981,"*","ColaDeBallena","metastat"
"1001","ColaDeBallena - EsteroZacatecas","k__Bacteria|p__Rhodothermota|c__Rhodothermia|o__Rhodothermales|f__Rhodothermaceae|g__|s__|ASV_5842",0.0035905131303131,9.5713092445062e-06,0.000893089639234971,0.0018426521867237,2.25991975426282e-06,0.000433966180927233,0.0789210789210789,0.0147313907612525,"*","ColaDeBallena","metastat"
"1002","ColaDeBallena - EsteroZacatecas","k__Bacteria|p__Pseudomonadota|c__Alphaproteobacteria|o__Kiloniellales|f__Kiloniellaceae|g__Pelagibius|s__|ASV_3850",0.00135400081297669,3.01061916920893e-06,0.000500884149047872,0.000402044529193065,2.18957888659371e-07,0.000135079571814595,0.0789210789210789,0.0147313907612525,"*","ColaDeBallena","metastat"
"1003","ColaDeBallena - EsteroZacatecas","k__Bacteria|p__Pseudomonadota|c__Alphaproteobacteria|o__Hyphomicrobiales|f__Rhizobiaceae|g__Aurantimonas|s__|ASV_12613",0.00162614330039875,1.30644148678311e-06,0.000329954730074586,0.000850643551391025,1.01449914160586e-06,0.00029076037407773,0.0799200799200799,0.0148437932374895,"*","ColaDeBallena","metastat"
"1004","ColaDeBallena - EsteroZacatecas","k__Bacteria|p__Bacillota|c__Clostridia|o__Oscillospirales|f__Oscillospiraceae|g__|s__|ASV_10387",0.000862339766870123,2.72190770256056e-06,0.000476262156674291,1.784898332191e-05,3.82303446750985e-09,1.784898332191e-05,0.0799200799200799,0.0148437932374895,"*","ColaDeBallena","metastat"
"1005","ColaDeBallena - EsteroZacatecas","k__Bacteria|p__Acidobacteriota|c__Thermoanaerobaculia|o__Thermoanaerobaculales|f__Thermoanaerobaculaceae|g__Subgroup_10|s__|ASV_2228",0.000607616190518528,1.26609912213648e-06,0.000324820350621755,2.1418779986292e-05,5.50516963321418e-09,2.1418779986292e-05,0.0799200799200799,0.0148437932374895,"*","ColaDeBallena","metastat"
"1006","ColaDeBallena - EsteroZacatecas","k__Bacteria|p__Pseudomonadota|c__Alphaproteobacteria|o__Caulobacterales|f__Parvularculaceae|g__Hyphococcus|s__|ASV_5943",0.000370625685933455,4.00044667896959e-07,0.000182584379556631,5.7116746630112e-05,3.91478729473009e-08,5.7116746630112e-05,0.0799200799200799,0.0148437932374895,"*","ColaDeBallena","metastat"
"1007","ColaDeBallena - EsteroZacatecas","k__Bacteria|p__Pseudomonadota|c__Alphaproteobacteria|o__Rhodobacterales|f__Paracoccaceae|g__|s__|ASV_4436",0.000454137913743745,1.00392326771308e-06,0.000289240855187201,3.569796664382e-05,1.52921378700394e-08,3.569796664382e-05,0.0799200799200799,0.0148437932374895,"*","ColaDeBallena","metastat"
"1008","ColaDeBallena - EsteroZacatecas","k__Bacteria|p__Bacteroidota|c__Bacteroidia|o__Flavobacteriales|f__Flavobacteriaceae|g__|s__|ASV_6125",0.000459157381143522,2.74735549558521e-07,0.000151309712609194,0.00174724805201352,5.54722666944982e-06,0.000679903588107033,0.0809190809190809,0.0149995500867481,"*","EsteroZacatecas","metastat"
"1009","ColaDeBallena - EsteroZacatecas","k__Bacteria|p__Chloroflexota|c__Anaerolineae|o__Caldilineales|f__Caldilineaceae|g__|s__|ASV_15048",0.000886715352926649,1.07867825902059e-06,0.000299816368663192,0.000224897189856066,6.06944952061864e-07,0.000224897189856066,0.0809190809190809,0.0149995500867481,"*","ColaDeBallena","metastat"
"1010","ColaDeBallena - EsteroZacatecas","k__Bacteria|p__Pseudomonadota|c__Gammaproteobacteria|o__Pseudomonadales|f__Hahellaceae|g__Hahella|s__|ASV_139",5.48570425471222e-06,3.61115414042013e-10,5.48570425471222e-06,0.000205153781944666,2.86740977952293e-07,0.000154580339940189,0.0819180819180819,0.0151696953315898,"*","EsteroZacatecas","metastat"
"1011","ColaDeBallena - EsteroZacatecas","k__Bacteria|p__Acidobacteriota|c__Thermoanaerobaculia|o__Thermoanaerobaculales|f__Thermoanaerobaculaceae|g__Subgroup_10|s__|ASV_11693",0.000593353606228318,9.10752812514588e-07,0.00027549240953164,0.000112013072584471,1.50563141157768e-07,0.000112013072584471,0.0829170829170829,0.0153243463757734,"*","ColaDeBallena","metastat"
"1012","ColaDeBallena - EsteroZacatecas","k__Bacteria|p__Actinomycetota|c__Actinobacteria|o__Euzebyales|f__Euzebyaceae|g__|s__|ASV_3368",0.000545806426085187,1.04948427089367e-06,0.000295731335124421,7.43383883437407e-05,6.63143517785377e-08,7.43383883437407e-05,0.0829170829170829,0.0153243463757734,"*","ColaDeBallena","metastat"
"1013","ColaDeBallena - EsteroZacatecas","k__Bacteria|p__Pseudomonadota|c__Alphaproteobacteria|o__Rhodobacterales|f__Paracoccaceae|g__Maribius|s__|ASV_6628",0.00293173070468195,1.43979468730504e-05,0.00109536701889711,0.000936257838836647,3.0768546541959e-06,0.000506364053341393,0.0839160839160839,0.0154936671072651,"*","ColaDeBallena","metastat"
"1014","ColaDeBallena - EsteroZacatecas","k__Bacteria|p__Pseudomonadota|c__Alphaproteobacteria|o__Hyphomicrobiales|f__Methyloligellaceae|g__Methyloceanibacter|s__|ASV_15691",0.000782386786109985,4.47745425021835e-07,0.000193163450869515,0.000364582184317419,2.22882672808365e-07,0.000136284834326361,0.0849150849150849,0.0156318218770044,"*","ColaDeBallena","metastat"
"1015","ColaDeBallena - EsteroZacatecas","k__Bacteria|p__Bacteroidota|c__Bacteroidia|o__Flavobacteriales|f__Flavobacteriaceae|g__Robiginitalea|s__|ASV_14687",9.38015908749812e-05,1.05584861408128e-07,9.38015908749812e-05,0.000672654901528243,1.13543182192486e-06,0.000307602533301887,0.0849150849150849,0.0156318218770044,"*","EsteroZacatecas","metastat"
"1016","ColaDeBallena - EsteroZacatecas","k__Bacteria|p__Pseudomonadota|c__Alphaproteobacteria|o__Rhodobacterales|f__Paracoccaceae|g__Actibacterium|s__|ASV_9225",6.39877143588431e-05,4.91331310664267e-08,6.39877143588431e-05,0.000540225508847037,8.3467352803151e-07,0.000263734956605982,0.0849150849150849,0.0156318218770044,"*","EsteroZacatecas","metastat"
"1017","ColaDeBallena - EsteroZacatecas","k__Bacteria|p__Pseudomonadota|c__Alphaproteobacteria|o__Sphingomonadales|f__Sphingomonadaceae|g__Aurantiacibacter|s__|ASV_6586",0.00104595432975326,3.79814400395094e-07,0.000177907841403701,0.000559914228112472,4.3182504595783e-07,0.000189698235354169,0.0859140859140859,0.0157846535112115,"*","ColaDeBallena","metastat"
"1018","ColaDeBallena - EsteroZacatecas","k__Bacteria|p__Rhodothermota|c__Rhodothermia|o__Rhodothermales|f__Rhodothermaceae|g__|s__|ASV_7515",0.000252926819522891,2.19166658636646e-07,0.000135143953692796,6.84608896629534e-05,5.62427209613169e-08,6.84608896629533e-05,0.0859140859140859,0.0157846535112115,"*","ColaDeBallena","metastat"
"1019","ColaDeBallena - EsteroZacatecas","k__Bacteria|p__Actinomycetota|c__Acidimicrobiia|o__Microtrichales|f__Ilumatobacteraceae|g__Ilumatobacter|s__|ASV_1622",0.00115662796172598,2.19890556906672e-06,0.000428067904374482,0.000351672889523511,2.18906948614325e-07,0.000135063857926021,0.0879120879120879,0.0161358878990845,"*","ColaDeBallena","metastat"
"1020","ColaDeBallena - EsteroZacatecas","k__Bacteria|p__Pseudomonadota|c__Alphaproteobacteria|o__Kiloniellales|f__Kiloniellaceae|g__|s__|ASV_12965",0.000545995229645294,1.39638330071524e-06,0.000341123548087204,2.4988576650674e-05,7.4931475563193e-09,2.4988576650674e-05,0.0889110889110889,0.0163032509966118,"*","ColaDeBallena","metastat"
"1021","ColaDeBallena - EsteroZacatecas","k__Bacteria|p__Thermodesulfobacteriota|c__Desulfobacteria|o__Desulfobacterales|f__Desulfosarcinaceae|g__Sva0081_sediment_group|s__|ASV_14605",0.000544827816455057,1.04607663787786e-06,0.00029525083091583,0.000108593607689829,1.41510859573109e-07,0.000108593607689829,0.0899100899100899,0.016470286252616,"*","ColaDeBallena","metastat"
"1022","ColaDeBallena - EsteroZacatecas","k__Bacteria|p__Planctomycetota|c__Planctomycetes|o__Planctomycetales|f__Rubinisphaeraceae|g__Planctomicrobium|s__|ASV_11443",0.000627915876462472,1.079836667595e-06,0.000299977314085999,0.000102922263777629,4.02231240428328e-08,5.78958288961252e-05,0.0909090909090909,0.0166207316825981,"*","ColaDeBallena","metastat"
"1023","ColaDeBallena - EsteroZacatecas","k__Bacteria|p__Cyanobacteriota|c__Cyanobacteriia|o__Cyanobacteriales|f__Xenococcaceae|g__Pleurocapsa_PCC-7319|s__|ASV_14141",0.00044005078853001,7.9459401509973e-07,0.000257325023899693,4.59191036590966e-05,2.53027689702583e-08,4.59191036590966e-05,0.0909090909090909,0.0166207316825981,"*","ColaDeBallena","metastat"
"1024","ColaDeBallena - EsteroZacatecas","k__Bacteria|p__Pseudomonadota|c__Alphaproteobacteria|o__Sphingomonadales|f__Sphingomonadaceae|g__Parasphingopyxis|s__|ASV_619",0.00108363158556558,7.27242085960296e-07,0.000246177795837395,0.00049961689710272,5.43057855017966e-07,0.000212731805923555,0.0919080919080919,0.016737930631621,"*","ColaDeBallena","metastat"
"1025","ColaDeBallena - EsteroZacatecas","k__Bacteria|p__Myxococcota|c__Polyangiia|o__Polyangiales|f__Sandaracinaceae|g__|s__|ASV_15697",0.000600524871347669,1.26328063971215e-06,0.000324458605437857,0.000101169187693452,1.22822454462635e-07,0.000101169187693452,0.0919080919080919,0.016737930631621,"*","ColaDeBallena","metastat"
"1026","ColaDeBallena - EsteroZacatecas","k__Bacteria|p__Pseudomonadota|c__Gammaproteobacteria|o__Pseudomonadales|f__Alcanivoracaceae|g__Ketobacter|s__|ASV_15924",0.000694190035236373,2.52939061375078e-06,0.000459110608836148,2.46087213308397e-05,7.26706998646707e-09,2.46087213308396e-05,0.0919080919080919,0.016737930631621,"*","ColaDeBallena","metastat"
"1027","ColaDeBallena - EsteroZacatecas","k__Bacteria|p__Bacteroidota|c__Bacteroidia|o__Chitinophagales|f__Saprospiraceae|g__|s__|ASV_10691",9.60356484326982e-06,1.10674149238666e-09,9.60356484326982e-06,0.0003682668984118,4.68783453050297e-07,0.000197649406156941,0.0919080919080919,0.016737930631621,"*","EsteroZacatecas","metastat"
"1028","ColaDeBallena - EsteroZacatecas","k__Bacteria|p__Thermodesulfobacteriota|c__Desulfobacteria|o__Desulfobacterales|f__Desulfosarcinaceae|g__Desulfosarcina|s__|ASV_14382",0.000539248240279828,7.61386464630359e-07,0.000251890595403103,8.21053232807859e-05,8.08954093325084e-08,8.21053232807859e-05,0.0929070929070929,0.016870583501021,"*","ColaDeBallena","metastat"
"1029","ColaDeBallena - EsteroZacatecas","k__Bacteria|p__Pseudomonadota|c__Alphaproteobacteria|o__Rhodobacterales|f__Paracoccaceae|g__Silicimonas|s__|ASV_9670",0.000528198567845945,1.03127496497196e-06,0.000293154533334093,5.20302761438445e-05,3.24857956272566e-08,5.20302761438445e-05,0.0929070929070929,0.016870583501021,"*","ColaDeBallena","metastat"
"1030","ColaDeBallena - EsteroZacatecas","k__Bacteria|p__Pseudomonadota|c__Alphaproteobacteria|o__Rhodobacterales|f__Paracoccaceae|g__|s__|ASV_3279",0.000365002575505248,5.12145056885526e-07,0.000206588370293346,4.65534049708083e-05,2.60066341725129e-08,4.65534049708083e-05,0.0929070929070929,0.016870583501021,"*","ColaDeBallena","metastat"
"1031","ColaDeBallena - EsteroZacatecas","k__Bacteria|p__Thermodesulfobacteriota|c__Desulfobulbia|o__Desulfobulbales|f__Desulfocapsaceae|g__|s__|ASV_11131",0.0015780106976916,6.2723162023594e-06,0.000722975114968201,0.00399661584243326,1.63799444569415e-05,0.00116833016370022,0.0949050949050949,0.0171667248557112,"*","EsteroZacatecas","metastat"
"1032","ColaDeBallena - EsteroZacatecas","k__Bacteria|p__Rhodothermota|c__Rhodothermia|o__Rhodothermales|f__Rhodothermaceae|g__Rubrivirga|s__|ASV_15014",8.77712680753955e-05,9.24455459947553e-08,8.77712680753955e-05,0.000722727127115231,1.5437819730794e-06,0.000358676034544569,0.0949050949050949,0.0171667248557112,"*","EsteroZacatecas","metastat"
"1033","ColaDeBallena - EsteroZacatecas","k__Bacteria|p__Actinomycetota|c__Acidimicrobiia|o__Microtrichales|f__Ilumatobacteraceae|g__Ilumatobacter|s__|ASV_5501",0.00065121920413939,1.09110247727297e-06,0.000301538067977186,0.000108062313052198,1.40129562026296e-07,0.000108062313052198,0.0949050949050949,0.0171667248557112,"*","ColaDeBallena","metastat"
"1034","ColaDeBallena - EsteroZacatecas","k__Bacteria|p__Bacteroidota|c__Bacteroidia|o__Cytophagales|f__Cyclobacteriaceae|g__|s__|ASV_15372",0.00057831915618478,8.84366950365228e-07,0.000271472366666976,6.51075221000032e-05,2.32823265762919e-08,4.40476319608405e-05,0.0949050949050949,0.0171667248557112,"*","ColaDeBallena","metastat"
"1035","ColaDeBallena - EsteroZacatecas","k__Bacteria|p__Bacteroidota|c__Bacteroidia|o__Cytophagales|f__Cyclobacteriaceae|g__Marinoscillum|s__|ASV_7402",0.00015519003551482,1.78395535953894e-07,0.000121927415550501,0.000435276386859508,1.42969546216561e-07,0.000109151861419676,0.0989010989010989,0.0178722497490947,"*","EsteroZacatecas","metastat"
"1036","ColaDeBallena - EsteroZacatecas","k__Bacteria|p__Pseudomonadota|c__Alphaproteobacteria|o__Hyphomicrobiales|f__Stappiaceae|g__Roseibium|s__|ASV_11950",0.000447876083502924,6.96641621654044e-07,0.000240942873875054,8.71050901082507e-05,3.07690896628622e-08,5.0636852244571e-05,0.0999000999000999,0.0180006018667533,"*","ColaDeBallena","metastat"
"1037","ColaDeBallena - EsteroZacatecas","k__Bacteria|p__Actinomycetota|c__Acidimicrobiia|o__Microtrichales|f__Microtrichaceae|g__|s__|ASV_12814",0.000483048750233222,1.35864401074764e-06,0.000336482294079451,4.2908389040571e-05,1.387969054146e-08,3.40094233772789e-05,0.0999000999000999,0.0180006018667533,"*","ColaDeBallena","metastat"
"1038","ColaDeBallena - EsteroZacatecas","k__Bacteria|p__Bacteroidota|c__Bacteroidia|o__Bacteroidales|f__Marinilabiliaceae|g__|s__|ASV_9761",0.00045107716689602,7.47089637136245e-07,0.000249514468040139,1.3119743902599e-05,2.06553216083741e-09,1.3119743902599e-05,0.0999000999000999,0.0180006018667533,"*","ColaDeBallena","metastat"
"1039","ColaDeBallena - EsteroZacatecas","k__Bacteria|p__Pseudomonadota|c__Alphaproteobacteria|o__|f__Neomegalonemataceae|g__Acuticoccus|s__|ASV_9384",0.000167603570812077,9.42329962302696e-08,8.86157417497354e-05,0.000530272611628924,4.98761029661945e-07,0.000203871084606168,0.100899100899101,0.0181631097065128,"*","EsteroZacatecas","metastat"
"1040","ColaDeBallena - EsteroZacatecas","k__Bacteria|p__Planctomycetota|c__Planctomycetes|o__Pirellulales|f__Pirellulaceae|g__Pir4_lineage|s__|ASV_6009",0.000587265903910518,6.10604267717318e-07,0.000225574131886711,0.000173449643559953,1.06866622359154e-07,9.43692315496042e-05,0.101898101898102,0.0183253050311959,"*","ColaDeBallena","metastat"
"1041","ColaDeBallena - EsteroZacatecas","k__Bacteria|p__Planctomycetota|c__Planctomycetes|o__Pirellulales|f__Pirellulaceae|g__Rhodopirellula|s__|ASV_14365",1.91999648914928e-05,4.42366382201466e-09,1.91999648914928e-05,0.000285321544315515,2.91273983301591e-07,0.000155797406723601,0.102897102897103,0.0184871887414223,"*","EsteroZacatecas","metastat"
"1042","ColaDeBallena - EsteroZacatecas","k__Bacteria|p__Bacteroidota|c__Bacteroidia|o__Flavobacteriales|f__Flavobacteriaceae|g__|s__|ASV_12272",0.000350718085207607,3.30537670464892e-07,0.00016596627932226,6.40174964454061e-05,2.78118416088703e-08,4.81420135370952e-05,0.103896103896104,0.0186487617343546,"*","ColaDeBallena","metastat"
"1043","ColaDeBallena - EsteroZacatecas","k__Bacteria|p__Pseudomonadota|c__Alphaproteobacteria|o__Sphingomonadales|f__Sphingomonadaceae|g__|s__|ASV_14191",0.000477509028757535,3.49102282618425e-07,0.000170563351529186,0.00170434320047861,7.81327431472825e-06,0.000806911514909795,0.105894105894106,0.0189709791398001,"*","EsteroZacatecas","metastat"
"1044","ColaDeBallena - EsteroZacatecas","k__Bacteria|p__Actinomycetota|c__Actinobacteria|o__Nitriliruptorales|f__Nitriliruptoraceae|g__|s__|ASV_9881",0.000617843655301438,1.63912172008058e-06,0.000369585547165175,0.00175828291313292,4.25556674119817e-06,0.000595508658011379,0.105894105894106,0.0189709791398001,"*","EsteroZacatecas","metastat"
"1045","ColaDeBallena - EsteroZacatecas","k__Bacteria|p__Actinomycetota|c__Acidimicrobiia|o__Microtrichales|f__Ilumatobacteraceae|g__Ilumatobacter|s__|ASV_9109",0.00153164315820569,4.53726079437233e-06,0.000614902485112635,0.000475360836184845,4.12913896731807e-07,0.000185497955229478,0.106893106893107,0.0191133350567191,"*","ColaDeBallena","metastat"
"1046","ColaDeBallena - EsteroZacatecas","k__Bacteria|p__Pseudomonadota|c__Alphaproteobacteria|o__Rhodobacterales|f__Paracoccaceae|g__Limibaculum|s__|ASV_13046",0.000219377012106786,9.37521558830808e-08,8.83893639355064e-05,0.000515993463970758,2.62392060123051e-07,0.000147871582835426,0.106893106893107,0.0191133350567191,"*","EsteroZacatecas","metastat"
"1047","ColaDeBallena - EsteroZacatecas","k__Bacteria|p__Actinomycetota|c__Actinobacteria|o__Nitriliruptorales|f__Nitriliruptoraceae|g__|s__|ASV_13518",0.00258863038298338,8.81377878063709e-06,0.000857018999236943,0.00108135966546994,1.58288184464473e-06,0.000363189785631508,0.107892107892108,0.0192551476304438,"*","ColaDeBallena","metastat"
"1048","ColaDeBallena - EsteroZacatecas","k__Bacteria|p__Actinomycetota|c__Actinobacteria|o__Euzebyales|f__Euzebyaceae|g__Euzebya|s__|ASV_2264",0.000299448760888584,1.29263651741428e-07,0.000103788106151198,7.43383883437407e-05,6.63143517785377e-08,7.43383883437407e-05,0.107892107892108,0.0192551476304438,"*","ColaDeBallena","metastat"
"1049","ColaDeBallena - EsteroZacatecas","k__Bacteria|p__Pseudomonadota|c__Alphaproteobacteria|o__Rhodobacterales|f__Paracoccaceae|g__Actibacterium|s__|ASV_6146",0.00584024375996699,0.00010426050134028,0.00294760497890915,0.000849280964234249,1.7528125762653e-06,0.000382188061939112,0.116883116883117,0.0208398579057171,"*","ColaDeBallena","metastat"
"1050","ColaDeBallena - EsteroZacatecas","k__Bacteria|p__Pseudomonadota|c__Alphaproteobacteria|o__Sphingomonadales|f__Sphingomonadaceae|g__|s__|ASV_14489",0.00464851977339287,3.57951251935369e-05,0.00172711525367053,0.00181614309538435,1.98208894324251e-06,0.000406416139693716,0.117882117882118,0.020997959229023,"*","ColaDeBallena","metastat"
"1051","ColaDeBallena - EsteroZacatecas","k__Bacteria|p__Pseudomonadota|c__Alphaproteobacteria|o__Rhodobacterales|f__Paracoccaceae|g__Silicimonas|s__|ASV_10644",0.000843985967273828,1.49686456068815e-06,0.000353183682225947,0.000275178542690639,5.64146701363645e-08,6.85654615047818e-05,0.118881118881119,0.0211557596934834,"*","ColaDeBallena","metastat"
"1052","ColaDeBallena - EsteroZacatecas","k__Bacteria|p__Pseudomonadota|c__Alphaproteobacteria|o__Hyphomicrobiales|f__Rhizobiaceae|g__Oricola|s__|ASV_1268",0.00300332248042349,4.36457989220699e-06,0.000603087880011901,0.00169620204210579,3.15724533780913e-06,0.000512936427007052,0.120879120879121,0.0214908706583696,"*","ColaDeBallena","metastat"
"1053","ColaDeBallena - EsteroZacatecas","k__Bacteria|p__Myxococcota|c__Polyangiia|o__Polyangiales|f__Sandaracinaceae|g__|s__|ASV_5363",0.00040666131944574,5.053359292232e-07,0.000205210446701104,6.15336917429207e-05,2.44678117433776e-08,4.51551139069334e-05,0.126873126873127,0.0225351124566631,"*","ColaDeBallena","metastat"
"1054","ColaDeBallena - EsteroZacatecas","k__Bacteria|p__Bacteroidota|c__Bacteroidia|o__Flavobacteriales|f__Flavobacteriaceae|g__Gramella|s__|ASV_12463",0.000208938424753935,1.67005561882092e-07,0.000117970886903681,0.0049186402171245,0.000170176566143896,0.00376581737634625,0.128871128871129,0.0228682788535294,"*","EsteroZacatecas","metastat"
"1055","ColaDeBallena - EsteroZacatecas","k__Bacteria|p__Pseudomonadota|c__Alphaproteobacteria|o__Rhodobacterales|f__Paracoccaceae|g__Pikeienuella|s__|ASV_7133",0.000448837852978081,2.48019245883456e-07,0.000143764635742897,0.000171981403355845,1.12695669605513e-07,9.69087498653212e-05,0.12987012987013,0.02302370820758,"*","ColaDeBallena","metastat"
"1056","ColaDeBallena - EsteroZacatecas","k__Bacteria|p__Pseudomonadota|c__Alphaproteobacteria|o__Sphingomonadales|f__Sphingomonadaceae|g__|s__|ASV_2773",0.000328733900548945,3.64831823747105e-07,0.000174363562646917,0.00117804410502979,2.81035399911235e-06,0.000483938184681366,0.130869130869131,0.0231569142917444,"*","EsteroZacatecas","metastat"
"1057","ColaDeBallena - EsteroZacatecas","k__Bacteria|p__Actinomycetota|c__Thermoleophilia|o__Solirubrobacterales|f__67-14|g__|s__|ASV_11059",0.000624719812429743,2.04917798291318e-07,0.000130677018602902,0.000334777816375546,1.92408729549449e-07,0.000126625671946045,0.130869130869131,0.0231569142917444,"*","ColaDeBallena","metastat"
"1058","ColaDeBallena - EsteroZacatecas","k__Bacteria|p__Bacteroidota|c__Bacteroidia|o__Flavobacteriales|f__Flavobacteriaceae|g__Gramella|s__|ASV_536",0.000188503143935154,1.99079242912776e-07,0.000128801928981665,0.0022605043909557,2.62131384553479e-05,0.00147798112457918,0.132867132867133,0.02344391594446,"*","EsteroZacatecas","metastat"
"1059","ColaDeBallena - EsteroZacatecas","k__Bacteria|p__Bacteroidota|c__Bacteroidia|o__Cytophagales|f__Cyclobacteriaceae|g__Fulvivirga|s__|ASV_10951",0.00144555358596762,5.20365410101671e-06,0.000658511838732906,0.000404199987342056,6.01156588838933e-07,0.000223822211594927,0.132867132867133,0.02344391594446,"*","ColaDeBallena","metastat"
"1060","ColaDeBallena - EsteroZacatecas","k__Bacteria|p__Pseudomonadota|c__Alphaproteobacteria|o__Caulobacterales|f__Caulobacteraceae|g__|s__|ASV_2105",0.000439409656483773,7.5456814203471e-07,0.000250760201194074,2.46309788214089e-05,4.01059984857663e-09,1.82815933126205e-05,0.132867132867133,0.02344391594446,"*","ColaDeBallena","metastat"
"1061","ColaDeBallena - EsteroZacatecas","k__Bacteria|p__Pseudomonadota|c__Alphaproteobacteria|o__Rhodobacterales|f__Paracoccaceae|g__Palleronia-Pseudomaribius|s__|ASV_3202",0.0053146943986968,7.11591414909565e-05,0.00243514444285749,0.00146173096647358,4.66683197092614e-06,0.000623620609219937,0.136863136863137,0.0241262355236901,"*","ColaDeBallena","metastat"
"1062","ColaDeBallena - EsteroZacatecas","k__Bacteria|p__Thermodesulfobacteriota|c__Desulfobacteria|o__Desulfobacterales|f__Desulfatirhabdiaceae|g__|s__|ASV_13954",0.000487778731936002,9.66660639280758e-07,0.000283822221246675,6.56232568822391e-05,5.1676942125988e-08,6.56232568822391e-05,0.13986013986014,0.0246313320459189,"*","ColaDeBallena","metastat"
"1063","ColaDeBallena - EsteroZacatecas","k__Bacteria|p__Pseudomonadota|c__Alphaproteobacteria|o__Rhodobacterales|f__Paracoccaceae|g__|s__|ASV_13400",0.000767388307810608,3.03270038390653e-06,0.000502717646390308,6.69580348239621e-05,2.82629192506586e-08,4.85308486520503e-05,0.143856143856144,0.0253112508205771,"*","ColaDeBallena","metastat"
"1064","ColaDeBallena - EsteroZacatecas","k__Bacteria|p__Bdellovibrionota|c__Bdellovibrionia|o__Bdellovibrionales|f__Pseudobdellovibrionaceae|g__OM27_clade|s__|ASV_3144",3.8275070170962e-05,1.75797719591048e-08,3.8275070170962e-05,0.000316172901696936,4.02446567305942e-07,0.000183131684703008,0.144855144855145,0.0254630694263631,"*","EsteroZacatecas","metastat"
"1065","ColaDeBallena - EsteroZacatecas","k__Bacteria|p__Pseudomonadota|c__Alphaproteobacteria|o__Rhodobacterales|f__Paracoccaceae|g__Limibaculum|s__|ASV_361",0.000278538492829759,1.44099950637199e-07,0.000109582522419255,0.00167853840292408,1.02655430901092e-05,0.000924911846705279,0.145854145854146,0.0255665905501662,"*","EsteroZacatecas","metastat"
"1066","ColaDeBallena - EsteroZacatecas","k__Bacteria|p__Bacteroidota|c__Bacteroidia|o__Cytophagales|f__Cyclobacteriaceae|g__|s__|ASV_5830",0.000137825715241558,5.31223346052546e-08,6.65346617719257e-05,0.00033094334382769,1.45014612058808e-07,0.000109929754866008,0.145854145854146,0.0255665905501662,"*","EsteroZacatecas","metastat"
"1067","ColaDeBallena - EsteroZacatecas","k__Bacteria|p__Actinomycetota|c__Acidimicrobiia|o__Microtrichales|f__Microtrichaceae|g__Sva0996_marine_group|s__|ASV_8762",6.13215595938913e-05,4.5124004052326e-08,6.13215595938913e-05,0.000210055302328573,7.89960272328561e-08,8.11357028034186e-05,0.145854145854146,0.0255665905501662,"*","EsteroZacatecas","metastat"
"1068","ColaDeBallena - EsteroZacatecas","k__Bacteria|p__Pseudomonadota|c__Alphaproteobacteria|o__Caulobacterales|f__Hyphomonadaceae|g__Henriciella|s__|ASV_1670",0.000200392169933176,9.2141768678548e-08,8.76269406245153e-05,0.000411514393534271,1.47854287587888e-07,0.000111000858700841,0.146853146853147,0.0256935438394801,"*","EsteroZacatecas","metastat"
"1069","ColaDeBallena - EsteroZacatecas","k__Bacteria|p__Pseudomonadota|c__Alphaproteobacteria|o__Rhodobacterales|f__Paracoccaceae|g__Actibacterium|s__|ASV_14652",0.000429364682367309,6.16870562576253e-07,0.000226728648861779,9.20874746558044e-05,4.94583211383216e-08,6.41991180743692e-05,0.146853146853147,0.0256935438394801,"*","ColaDeBallena","metastat"
"1070","ColaDeBallena - EsteroZacatecas","k__Bacteria|p__Bacteroidota|c__Bacteroidia|o__Cytophagales|f__Cyclobacteriaceae|g__Algoriphagus|s__|ASV_5399",7.22428585722147e-05,2.85186979671361e-08,4.87499555274465e-05,0.000225109925426058,1.04392905949273e-07,9.32706214684245e-05,0.14985014985015,0.0261689422096497,"*","EsteroZacatecas","metastat"
"1071","ColaDeBallena - EsteroZacatecas","k__Bacteria|p__Thermodesulfobacteriota|c__Desulfobacteria|o__Desulfatiglandales|f__Desulfatiglandaceae|g__Desulfatiglans|s__|ASV_4118",0.000333992203354751,3.85840894708996e-07,0.000179313713620616,8.2110275811577e-05,3.68356557288787e-08,5.54043137075676e-05,0.14985014985015,0.0261689422096497,"*","ColaDeBallena","metastat"
"1072","ColaDeBallena - EsteroZacatecas","k__Bacteria|p__Pseudomonadota|c__Gammaproteobacteria|o__Enterobacterales|f__Vibrionaceae|g__|s__|ASV_7934",0.000605990824054095,2.60348198519665e-06,0.000465786251514277,0.003937172399377,7.30783525196029e-05,0.0024677647193294,0.150849150849151,0.0263188277555147,"*","EsteroZacatecas","metastat"
"1073","ColaDeBallena - EsteroZacatecas","k__Bacteria|p__Verrucomicrobiota|c__Verrucomicrobiia|o__Opitutales|f__Puniceicoccaceae|g__Verruc-01|s__|ASV_14543",0.000439582407195054,6.64362728462698e-07,0.000235294625321585,9.56063962717123e-05,4.99087374589953e-08,6.44907858140701e-05,0.151848151848152,0.0264684339247798,"*","ColaDeBallena","metastat"
"1074","ColaDeBallena - EsteroZacatecas","k__Bacteria|p__Pseudomonadota|c__Gammaproteobacteria|o__Pseudomonadales|f__Spongiibacteraceae|g__|s__|ASV_529",0.000217975924418818,1.96196473865931e-07,0.000127865969497338,0.000581290625058395,5.34562261724766e-07,0.00021106125922047,0.152847152847153,0.0266177614978264,"*","EsteroZacatecas","metastat"
"1075","ColaDeBallena - EsteroZacatecas","k__Bacteria|p__Pseudomonadota|c__Alphaproteobacteria|o__Sphingomonadales|f__Sphingomonadaceae|g__|s__|ASV_13522",0.0010242525228528,1.07406091905156e-06,0.000299173990493208,0.00209082852455584,5.39889681803417e-06,0.000670751867809188,0.153846153846154,0.0267668112521325,"*","EsteroZacatecas","metastat"
"1076","ColaDeBallena - EsteroZacatecas","k__Bacteria|p__Acidobacteriota|c__Thermoanaerobaculia|o__Thermoanaerobaculales|f__Thermoanaerobaculaceae|g__Subgroup_10|s__|ASV_642",0.000481328227866067,3.92965734269033e-07,0.000180961721152346,0.000173996869851051,1.19079150200659e-07,9.96155736655748e-05,0.156843156843157,0.0272375680948683,"*","ColaDeBallena","metastat"
"1077","ColaDeBallena - EsteroZacatecas","k__Bacteria|p__Calditrichota|c__Calditrichia|o__Calditrichales|f__Calditrichaceae|g__|s__|ASV_15461",0.000580290338984081,7.72145445662084e-07,0.000253664056983195,0.000172873705241844,1.03396084285678e-07,9.28242444469109e-05,0.156843156843157,0.0272375680948683,"*","ColaDeBallena","metastat"
"1078","ColaDeBallena - EsteroZacatecas","k__Bacteria|p__Pseudomonadota|c__Alphaproteobacteria|o__Sphingomonadales|f__Sphingomonadaceae|g__|s__|ASV_3847",0.00187313296856886,7.2586714026948e-06,0.000777746284824235,0.000558270230420108,8.16228235196913e-07,0.00026080456207617,0.157842157842158,0.0273096272761795,"*","ColaDeBallena","metastat"
"1079","ColaDeBallena - EsteroZacatecas","k__Bacteria|p__Actinomycetota|c__Actinobacteria|o__Frankiales|f__Geodermatophilaceae|g__Geodermatophilus|s__|ASV_9635",0.000500408500498984,7.85125800764266e-07,0.000255787314117977,0.000128063773857138,7.40030300989409e-08,7.85297343361847e-05,0.157842157842158,0.0273096272761795,"*","ColaDeBallena","metastat"
"1080","ColaDeBallena - EsteroZacatecas","k__Bacteria|p__Pseudomonadota|c__Alphaproteobacteria|o__Sphingomonadales|f__Sphingomonadaceae|g__|s__|ASV_6085",0.000403770207301599,3.6411355227068e-07,0.000174191836842478,0.00011575860824578,5.41831845827533e-08,6.71957244316639e-05,0.157842157842158,0.0273096272761795,"*","ColaDeBallena","metastat"
"1081","ColaDeBallena - EsteroZacatecas","k__Bacteria|p__Myxococcota|c__Myxococcia|o__Myxococcales|f__Myxococcaceae|g__P3OB-42|s__|ASV_1140",0.000296773765007082,3.22174300291789e-07,0.000163853160963251,5.11571732341702e-05,2.57163170296109e-08,4.6292833345284e-05,0.157842157842158,0.0273096272761795,"*","ColaDeBallena","metastat"
"1082","ColaDeBallena - EsteroZacatecas","k__Bacteria|p__Actinomycetota|c__Acidimicrobiia|o__Microtrichales|f__Ilumatobacteraceae|g__Ilumatobacter|s__|ASV_5173",9.6808156453388e-05,5.11880170002257e-08,6.53120822157137e-05,0.00116582663947964,5.59114064085343e-06,0.000682589471598988,0.158841158841159,0.0274570733206349,"*","EsteroZacatecas","metastat"
"1083","ColaDeBallena - EsteroZacatecas","k__Bacteria|p__Pseudomonadota|c__Alphaproteobacteria|o__Sphingomonadales|f__Sphingomonadaceae|g__|s__|ASV_4631",0.000164405141222519,1.62659393920492e-07,0.000116425725221595,0.000527970781496025,7.73333197383599e-07,0.000253859081214953,0.161838161838162,0.0279493001616414,"*","EsteroZacatecas","metastat"
"1084","ColaDeBallena - EsteroZacatecas","k__Bacteria|p__Actinomycetota|c__Actinobacteria|o__Nitriliruptorales|f__Nitriliruptoraceae|g__|s__|ASV_7144",0.00454085058122339,2.2525555478528e-05,0.00137008380152846,0.00226891275088273,9.66601869429974e-06,0.000897497385989681,0.167832167832168,0.028931031851907,"*","ColaDeBallena","metastat"
"1085","ColaDeBallena - EsteroZacatecas","k__Bacteria|p__Rhodothermota|c__Rhodothermia|o__Rhodothermales|f__Rhodothermaceae|g__Rubrivirga|s__|ASV_10530",0.000142450344946398,7.46884461532479e-08,7.88925673269499e-05,0.000528364714568115,7.3041457998725e-07,0.000246714169973279,0.167832167832168,0.028931031851907,"*","EsteroZacatecas","metastat"
"1086","ColaDeBallena - EsteroZacatecas","k__Bacteria|p__Planctomycetota|c__Planctomycetes|o__Pirellulales|f__Pirellulaceae|g__Rubripirellula|s__|ASV_7879",9.14738362815044e-05,3.454579844095e-08,5.36546040591656e-05,0.0002823546289302,1.58464820277168e-07,0.000114914758363598,0.16983016983017,0.029248491762498,"*","EsteroZacatecas","metastat"
"1087","ColaDeBallena - EsteroZacatecas","k__Bacteria|p__Actinomycetota|c__Actinobacteria|o__Euzebyales|f__Euzebyaceae|g__|s__|ASV_7017",0.000757459532310449,1.3950073788252e-06,0.000340955444159644,0.00215794917861047,9.84306820854744e-06,0.000905679680707048,0.171828171828172,0.0295653675702177,"*","EsteroZacatecas","metastat"
"1088","ColaDeBallena - EsteroZacatecas","k__Bacteria|p__Chloroflexota|c__Anaerolineae|o__Aggregatilineales|f__A4b|g__|s__|ASV_6654",0.000110003992928627,6.72715768251335e-08,7.48729906937595e-05,0.000485575127146339,7.65246876570954e-07,0.000252528360877703,0.174825174825175,0.0300533945688946,"*","EsteroZacatecas","metastat"
"1089","ColaDeBallena - EsteroZacatecas","k__Bacteria|p__Pseudomonadota|c__Alphaproteobacteria|o__Sphingomonadales|f__Sphingomonadaceae|g__Sphingomicrobium|s__|ASV_14934",0.00676580924278775,5.15094912929921e-05,0.00207182470487958,0.00337644452080798,2.84246269572374e-05,0.00153906429791062,0.176823176823177,0.0303689492981737,"*","ColaDeBallena","metastat"
"1090","ColaDeBallena - EsteroZacatecas","k__Bacteria|p__Rhodothermota|c__Rhodothermia|o__Rhodothermales|f__Rhodothermaceae|g__|s__|ASV_12652",0.00197543132642662,2.35719998651271e-06,0.000443208001066534,0.00348704223721831,1.21369366439479e-05,0.00100568950824579,0.177822177822178,0.0305125064523744,"*","EsteroZacatecas","metastat"
"1091","ColaDeBallena - EsteroZacatecas","k__Bacteria|p__Pseudomonadota|c__Alphaproteobacteria|o__Rhodobacterales|f__Paracoccaceae|g__Limibaculum|s__|ASV_636",0.00143577832765411,1.34167885884269e-06,0.000334374896740506,0.00370875622398701,2.66800416480412e-05,0.00149108578022977,0.17982017982018,0.0307988319852032,"*","EsteroZacatecas","metastat"
"1092","ColaDeBallena - EsteroZacatecas","k__Bacteria|p__Planctomycetota|c__Planctomycetes|o__Pirellulales|f__Pirellulaceae|g__Pir4_lineage|s__|ASV_4116",0.000871693467837139,1.9980869535473e-06,0.000408052994265379,0.00026837275357552,3.62843327335196e-07,0.000173887733738178,0.17982017982018,0.0307988319852032,"*","ColaDeBallena","metastat"
"1093","ColaDeBallena - EsteroZacatecas","k__Bacteria|p__Pseudomonadota|c__Alphaproteobacteria|o__Hyphomicrobiales|f__Rhizobiaceae|g__Oricola|s__|ASV_11065",0.00090311064506762,1.57719826918195e-06,0.000362537155473057,0.000342021586590754,2.3837288785271e-07,0.000140941148431035,0.181818181818182,0.0310841106239448,"*","ColaDeBallena","metastat"
"1094","ColaDeBallena - EsteroZacatecas","k__Bacteria|p__Bacteroidota|c__Bacteroidia|o__Chitinophagales|f__Saprospiraceae|g__|s__|ASV_1242",0.000341650015410433,6.70155510236831e-07,0.000236318201837556,4.78467496701834e-05,1.71984111894025e-08,3.78576403444563e-05,0.181818181818182,0.0310841106239448,"*","ColaDeBallena","metastat"
"1095","ColaDeBallena - EsteroZacatecas","k__Bacteria|p__Pseudomonadota|c__Alphaproteobacteria|o__Rhodobacterales|f__Paracoccaceae|g__|s__|ASV_14237",0.000404445648706851,3.47340215638109e-07,0.000170132354271145,0.000745585776666017,4.4659665298461e-07,0.000192915493801606,0.182817182817183,0.0312263591506599,"*","EsteroZacatecas","metastat"
"1096","ColaDeBallena - EsteroZacatecas","k__Bacteria|p__Rhodothermota|c__Rhodothermia|o__Rhodothermales|f__Rhodothermaceae|g__|s__|ASV_8887",0.000639990858414754,7.65603427697666e-07,0.000252587184238378,0.00163957414545622,5.91521550279e-06,0.000702093031750423,0.184815184815185,0.0315100781811544,"*","EsteroZacatecas","metastat"
"1097","ColaDeBallena - EsteroZacatecas","k__Bacteria|p__Pseudomonadota|c__Alphaproteobacteria|o__Sphingomonadales|f__Sphingomonadaceae|g__|s__|ASV_2217",0.000573910918415071,4.99095780887654e-07,0.000203939488755786,0.000243578971041415,1.96962357416985e-07,0.000128115298792723,0.184815184815185,0.0315100781811544,"*","ColaDeBallena","metastat"
"1098","ColaDeBallena - EsteroZacatecas","k__Bacteria|p__Pseudomonadota|c__Gammaproteobacteria|o__Pseudomonadales|f__Cellvibrionaceae|g__|s__|ASV_291",0.000723600246731142,3.73829792202382e-06,0.000558144091463234,2.73430237009329e-05,8.97169134131737e-09,2.73430237009329e-05,0.186813186813187,0.0317927645673159,"*","ColaDeBallena","metastat"
"1099","ColaDeBallena - EsteroZacatecas","k__Bacteria|p__Bacteroidota|c__Bacteroidia|o__Flavobacteriales|f__Flavobacteriaceae|g__Hanstruepera|s__|ASV_2269",0.000599103812228394,1.84796939362656e-06,0.000392425087715962,0.000106710620807803,6.90578725504601e-08,7.58605478001467e-05,0.186813186813187,0.0317927645673159,"*","ColaDeBallena","metastat"
"1100","ColaDeBallena - EsteroZacatecas","k__Bacteria|p__Chloroflexota|c__Anaerolineae|o__Aggregatilineales|f__A4b|g__|s__|ASV_8302",0.000270271012717339,1.85243388182559e-07,0.00012424551909511,9.29872385575399e-05,3.16802550126764e-08,5.13811371133062e-05,0.18981018981019,0.0322734427287371,"*","ColaDeBallena","metastat"
"1101","ColaDeBallena - EsteroZacatecas","k__Bacteria|p__Rhodothermota|c__Rhodothermia|o__Rhodothermales|f__Rhodothermaceae|g__|s__|ASV_15452",0.000222363127484214,9.39226370342744e-08,8.84696920957842e-05,0.00148312910362211,1.41736384016647e-05,0.00108680105514858,0.192807192807193,0.0326938583352145,"*","EsteroZacatecas","metastat"
"1102","ColaDeBallena - EsteroZacatecas","k__Bacteria|p__Pseudomonadota|c__Alphaproteobacteria|o__Rhodobacterales|f__Paracoccaceae|g__|s__|ASV_224",0.000539121722714223,5.12521589751706e-07,0.000206664298995518,0.00022178176605409,1.8586214036143e-07,0.000124452849291552,0.192807192807193,0.0326938583352145,"*","ColaDeBallena","metastat"
"1103","ColaDeBallena - EsteroZacatecas","k__Bacteria|p__Campylobacterota|c__Campylobacteria|o__Campylobacterales|f__Sulfurovaceae|g__Sulfurovum|s__|ASV_12204",0.000765167439717759,2.17084907213641e-06,0.000425328213671161,9.65626603692963e-05,2.80539272592289e-08,4.83510834584129e-05,0.192807192807193,0.0326938583352145,"*","ColaDeBallena","metastat"
"1104","ColaDeBallena - EsteroZacatecas","k__Bacteria|p__Pseudomonadota|c__Alphaproteobacteria|o__Sphingomonadales|f__Sphingomonadaceae|g__Sphingomicrobium|s__|ASV_2882",0.000583036663719635,7.12510062015665e-07,0.000243671579182525,0.000212104327081308,1.70346497871656e-07,0.00011914504391415,0.194805194805195,0.0330027339116806,"*","ColaDeBallena","metastat"
"1105","ColaDeBallena - EsteroZacatecas","k__Bacteria|p__Planctomycetota|c__Planctomycetes|o__Pirellulales|f__Pirellulaceae|g__Blastopirellula|s__|ASV_12568",0.000284467054260361,1.60203767811163e-07,0.000115543558817719,0.000113401994523193,2.63754031598288e-08,4.68823022399611e-05,0.195804195804196,0.0331419588107441,"*","ColaDeBallena","metastat"
"1106","ColaDeBallena - EsteroZacatecas","k__Bacteria|p__Pseudomonadota|c__Alphaproteobacteria|o__Sphingomonadales|f__Sphingomonadaceae|g__Pacificimonas|s__|ASV_12382",0.00339475653427964,7.46242879888207e-06,0.000788586752725092,0.00203162582131589,4.86803666036556e-06,0.000636922068778536,0.1998001998002,0.0337877481694212,"*","ColaDeBallena","metastat"
"1107","ColaDeBallena - EsteroZacatecas","k__Bacteria|p__Pseudomonadota|c__Alphaproteobacteria|o__Rhodobacterales|f__Paracoccaceae|g__Palleronia-Pseudomaribius|s__|ASV_6542",0.000573169719454033,2.53656259977983e-06,0.00045976104298681,7.74113639882335e-05,7.19102312942252e-08,7.74113639882335e-05,0.200799200799201,0.0339260123963476,"*","ColaDeBallena","metastat"
"1108","ColaDeBallena - EsteroZacatecas","k__Bacteria|p__Bacteroidota|c__Bacteroidia|o__Bacteroidales|f__Bacteroidetes_BD2-2|g__|s__|ASV_12719",0.00128521845175466,2.11538433079389e-06,0.000419859533137164,0.000648114426062352,6.40808485107153e-07,0.000231085930104502,0.201798201798202,0.0340640270488571,"*","ColaDeBallena","metastat"
"1109","ColaDeBallena - EsteroZacatecas","k__Bacteria|p__Bacteroidota|c__Bacteroidia|o__Flavobacteriales|f__Flavobacteriaceae|g__Hoppeia|s__|ASV_8218",7.6550140341924e-05,7.0319087836419e-08,7.6550140341924e-05,0.00147661790914788,2.24536831995992e-05,0.00136789629235307,0.203796203796204,0.0343393103287274,"*","EsteroZacatecas","metastat"
"1110","ColaDeBallena - EsteroZacatecas","k__Bacteria|p__Bacteroidota|c__Bacteroidia|o__Flavobacteriales|f__Flavobacteriaceae|g__|s__|ASV_13178",0.000119077996087437,1.70154829826397e-07,0.000119077996087437,0.000451974846985681,1.02163406168053e-06,0.000291781034007885,0.203796203796204,0.0343393103287274,"*","EsteroZacatecas","metastat"
"1111","ColaDeBallena - EsteroZacatecas","k__Bacteria|p__Bacteroidota|c__Bacteroidia|o__Chitinophagales|f__Saprospiraceae|g__|s__|ASV_15115",5.33230952990359e-05,3.41202299072408e-08,5.33230952990359e-05,0.000197734032917903,9.74472707621842e-08,9.01144044914501e-05,0.204795204795205,0.0344765802990678,"*","EsteroZacatecas","metastat"
"1112","ColaDeBallena - EsteroZacatecas","k__Bacteria|p__Bacteroidota|c__Bacteroidia|o__Cytophagales|f__Cyclobacteriaceae|g__|s__|ASV_922",0.000194861043917648,4.55649917240105e-07,0.000194861043917648,0.00209673659912177,3.47484514867854e-05,0.00170167690545692,0.207792207792208,0.0349182564729515,"*","EsteroZacatecas","metastat"
"1113","ColaDeBallena - EsteroZacatecas","k__Bacteria|p__Planctomycetota|c__Planctomycetes|o__Pirellulales|f__Pirellulaceae|g__Pir4_lineage|s__|ASV_3731",0.00054775552185635,1.20698645807788e-06,0.000317146976715565,0.000128348952353188,5.76375017157465e-08,6.9304582409671e-05,0.207792207792208,0.0349182564729515,"*","ColaDeBallena","metastat"
"1114","ColaDeBallena - EsteroZacatecas","k__Bacteria|p__Planctomycetota|c__Planctomycetes|o__Pirellulales|f__Pirellulaceae|g__Pir4_lineage|s__|ASV_4944",0.00129076530220562,3.37180824974154e-06,0.000530079258990385,0.000571598104817835,4.37988166413311e-07,0.000191047150902011,0.208791208791209,0.0350546370751992,"*","ColaDeBallena","metastat"
"1115","ColaDeBallena - EsteroZacatecas","k__Bacteria|p__Pseudomonadota|c__Gammaproteobacteria|o__Pseudomonadales|f__Cellvibrionaceae|g__|s__|ASV_5036",0.000517254308616306,1.28269147749838e-06,0.00032694182427184,3.53334128989025e-05,7.22763082105288e-09,2.45418534023222e-05,0.211788211788212,0.035494090003497,"*","ColaDeBallena","metastat"
"1116","ColaDeBallena - EsteroZacatecas","k__Bacteria|p__Actinomycetota|c__Actinobacteria|o__Nitriliruptorales|f__Nitriliruptoraceae|g__|s__|ASV_633",0.000383396561318444,8.02667847497289e-07,0.000258629053455796,4.10145355513994e-05,2.01863055179641e-08,4.10145355513994e-05,0.211788211788212,0.035494090003497,"*","ColaDeBallena","metastat"
"1117","ColaDeBallena - EsteroZacatecas","k__Bacteria|p__Pseudomonadota|c__Alphaproteobacteria|o__Rhodobacterales|f__Paracoccaceae|g__Limibaculum|s__|ASV_10764",0.000601665050931907,1.03291274499234e-06,0.0002933872220849,0.000186363878070936,2.19056616808722e-07,0.000135110022083462,0.214785214785215,0.0359641389310952,"*","ColaDeBallena","metastat"
"1118","ColaDeBallena - EsteroZacatecas","k__Bacteria|p__Pseudomonadota|c__Alphaproteobacteria|o__Tistrellales|f__Geminicoccaceae|g__|s__|ASV_4042",0.000357326053573957,2.26234778217951e-07,0.000137305856338429,0.000595163793833217,1.76737513594898e-07,0.000121359491317771,0.215784215784216,0.0360990960942846,"*","EsteroZacatecas","metastat"
"1119","ColaDeBallena - EsteroZacatecas","k__Bacteria|p__Bacteroidota|c__Bacteroidia|o__Flavobacteriales|f__Flavobacteriaceae|g__Gramella|s__|ASV_15214",0.000208299736601623,5.20665363219668e-07,0.000208299736601623,0.00100348653113239,4.55408649015593e-06,0.000616041563137581,0.216783216783217,0.0362338120471735,"*","EsteroZacatecas","metastat"
"1120","ColaDeBallena - EsteroZacatecas","k__Bacteria|p__Planctomycetota|c__Planctomycetes|o__Pirellulales|f__Pirellulaceae|g__Rubripirellula|s__|ASV_7030",6.87878333083196e-05,5.67811921350379e-08,6.87878333083196e-05,0.000278274015963501,2.69445565605923e-07,0.000149845911301666,0.218781218781219,0.0365351144424473,"*","EsteroZacatecas","metastat"
"1121","ColaDeBallena - EsteroZacatecas","k__Bacteria|p__Bacteroidota|c__Bacteroidia|o__Flavobacteriales|f__Flavobacteriaceae|g__Hoppeia|s__|ASV_7724",0.00103281064111317,4.12692015172379e-06,0.000586438413342483,0.00028296609800045,7.57788479476284e-07,0.000251294727275279,0.21978021978022,0.0366692010909169,"*","ColaDeBallena","metastat"
"1122","ColaDeBallena - EsteroZacatecas","k__Bacteria|p__Planctomycetota|c__Planctomycetes|o__Planctomycetales|f__Rubinisphaeraceae|g__Planctomicrobium|s__|ASV_10419",7.63888888888889e-05,7.00231481481481e-08,7.63888888888889e-05,0.000216214010761183,2.54998009102431e-07,0.000145773228309828,0.221778221778222,0.0369695783579961,"*","EsteroZacatecas","metastat"
"1123","ColaDeBallena - EsteroZacatecas","k__Bacteria|p__Acidobacteriota|c__Thermoanaerobaculia|o__Thermoanaerobaculales|f__Thermoanaerobaculaceae|g__Subgroup_10|s__|ASV_7687",1.54894671623296e-05,2.87908311567465e-09,1.54894671623296e-05,0.000347410321104625,6.68360129944827e-07,0.00023600143536725,0.222777222777223,0.0371030393277369,"*","EsteroZacatecas","metastat"
"1124","ColaDeBallena - EsteroZacatecas","k__Bacteria|p__Actinomycetota|c__Actinobacteria|o__Nitriliruptorales|f__Nitriliruptoraceae|g__|s__|ASV_2318",6.80445691928213e-05,5.55607607596397e-08,6.80445691928213e-05,0.000305099443713739,4.26830454076473e-07,0.000188597997090035,0.223776223776224,0.0372362628224426,"*","EsteroZacatecas","metastat"
"1125","ColaDeBallena - EsteroZacatecas","k__Bacteria|p__Pseudomonadota|c__Alphaproteobacteria|o__Sphingomonadales|f__Sphingomonadaceae|g__Pacificimonas|s__|ASV_12784",0.000218701774705359,9.08201097582013e-08,8.69962210664929e-05,9.56264550786743e-05,3.21931934947224e-08,5.1795425710773e-05,0.225774225774226,0.0375353350286038,"*","ColaDeBallena","metastat"
"1126","ColaDeBallena - EsteroZacatecas","k__Bacteria|p__Bacteroidota|c__Bacteroidia|o__Chitinophagales|f__Saprospiraceae|g__Lewinella|s__|ASV_2218",0.000676399514430146,2.78714197949677e-06,0.000481935505669307,7.53182619043618e-05,1.87396501170168e-08,3.95175595115817e-05,0.227772227772228,0.0378338760230311,"*","ColaDeBallena","metastat"
"1127","ColaDeBallena - EsteroZacatecas","k__Bacteria|p__Rhodothermota|c__Rhodothermia|o__Rhodothermales|f__Rhodothermaceae|g__|s__|ASV_8456",0.00199069985883335,4.1875648409192e-06,0.00059073152678968,0.00282000666801329,1.42431702709313e-06,0.000344518628801251,0.228771228771229,0.0379660964057763,"*","EsteroZacatecas","metastat"
"1128","ColaDeBallena - EsteroZacatecas","k__Bacteria|p__Pseudomonadota|c__Alphaproteobacteria|o__Sphingomonadales|f__Sphingomonadaceae|g__|s__|ASV_4999",0.000263877242474862,3.8025756927603e-07,0.000178011602916783,5.46605796645152e-05,3.58533476311298e-08,5.46605796645152e-05,0.22977022977023,0.0380980823552188,"*","ColaDeBallena","metastat"
"1129","ColaDeBallena - EsteroZacatecas","k__Bacteria|p__Rhodothermota|c__Rhodothermia|o__Rhodothermales|f__Rhodothermaceae|g__|s__|ASV_14795",0.000894231699468392,2.57922918748968e-06,0.000463611653891638,0.00029461448147074,2.6389127733919e-07,0.000148293424595515,0.230769230769231,0.0382298344942991,"*","ColaDeBallena","metastat"
"1130","ColaDeBallena - EsteroZacatecas","k__Bacteria|p__Rhodothermota|c__Rhodothermia|o__Rhodothermales|f__Rhodothermaceae|g__|s__|ASV_15482",4.937133829241e-05,2.92503485374031e-08,4.937133829241e-05,0.000348136481614881,7.29566003831661e-07,0.000246570815357316,0.232767232767233,0.0385267041051482,"*","EsteroZacatecas","metastat"
"1131","ColaDeBallena - EsteroZacatecas","k__Bacteria|p__Pseudomonadota|c__Gammaproteobacteria|o__Enterobacterales|f__Vibrionaceae|g__Vibrio|s__|ASV_881",6.87878333083196e-05,5.67811921350379e-08,6.87878333083196e-05,0.000578105358350873,1.86531724708537e-06,0.000394262734637426,0.233766233766234,0.0385896044891389,"*","EsteroZacatecas","metastat"
"1132","ColaDeBallena - EsteroZacatecas","k__Bacteria|p__Bacteroidota|c__Bacteroidia|o__Cytophagales|f__Cyclobacteriaceae|g__|s__|ASV_10933",2.50137575666617e-05,7.50825681124468e-09,2.50137575666617e-05,0.000284851905894925,7.41368283009414e-07,0.000248557217257485,0.233766233766234,0.0385896044891389,"*","EsteroZacatecas","metastat"
"1133","ColaDeBallena - EsteroZacatecas","k__Bacteria|p__Actinomycetota|c__Rubrobacteria|o__Rubrobacterales|f__Rubrobacteriaceae|g__Rubrobacter|s__|ASV_11767",4.25278557455133e-05,2.17034221717343e-08,4.25278557455133e-05,0.000177230036592046,1.85051015202809e-07,0.000124180988615679,0.233766233766234,0.0385896044891389,"*","EsteroZacatecas","metastat"
"1134","ColaDeBallena - EsteroZacatecas","k__Bacteria|p__Pseudomonadota|c__Alphaproteobacteria|o__Caulobacterales|f__Hyphomonadaceae|g__Euryhalocaulis|s__|ASV_6477",0.000121341670444582,8.32775249801426e-08,8.33054244833145e-05,0.0004595637443662,7.57465992484789e-07,0.000251241250674325,0.234765234765235,0.0387203422694632,"*","EsteroZacatecas","metastat"
"1135","ColaDeBallena - EsteroZacatecas","k__Bacteria|p__Pseudomonadota|c__Gammaproteobacteria|o__Enterobacterales|f__Vibrionaceae|g__|s__|ASV_4625",0.000272858950671042,3.66571728105379e-07,0.000174778843138355,0.001390726599673,7.75721680238159e-06,0.000804011650121937,0.235764235764236,0.0388508496748442,"*","EsteroZacatecas","metastat"
"1136","ColaDeBallena - EsteroZacatecas","k__Bacteria|p__Actinomycetota|c__Acidimicrobiia|o__Microtrichales|f__Microtrichaceae|g__IMCC26207|s__|ASV_4676",0.000108070381904211,4.14728578527393e-08,5.87883618391283e-05,0.000263612051014001,1.4913534932614e-07,0.000111480696881471,0.23976023976024,0.0394745593049787,"*","EsteroZacatecas","metastat"
"1137","ColaDeBallena - EsteroZacatecas","k__Bacteria|p__Pseudomonadota|c__Gammaproteobacteria|o__Steroidobacterales|f__Woeseiaceae|g__Woeseia|s__|ASV_15820",0.00206700226166131,3.38028600814571e-06,0.000530745231423523,0.00128734649827729,1.74745525005375e-06,0.000381603551919806,0.240759240759241,0.0396041738063612,"*","ColaDeBallena","metastat"
"1138","ColaDeBallena - EsteroZacatecas","k__Bacteria|p__Actinomycetota|c__Actinobacteria|o__Frankiales|f__Sporichthyaceae|g__Sporichthya|s__|ASV_3678",0.00236362314379575,1.32465708686749e-05,0.00105065736837606,0.000930083502926033,2.93236530036872e-06,0.000494331644779824,0.243756243756244,0.0400619370474195,"*","ColaDeBallena","metastat"
"1139","ColaDeBallena - EsteroZacatecas","k__Bacteria|p__Pseudomonadota|c__Alphaproteobacteria|o__Rhodobacterales|f__Paracoccaceae|g__|s__|ASV_14973",0.00104134906473443,8.93757363591847e-07,0.000272909839139817,0.000617946785973825,6.04602724901604e-07,0.000224462826339835,0.246753246753247,0.0404833535983282,"*","ColaDeBallena","metastat"
"1140","ColaDeBallena - EsteroZacatecas","k__Bacteria|p__Pseudomonadota|c__Gammaproteobacteria|o__Pseudomonadales|f__KI89A_clade|g__|s__|ASV_9783",0.00104229937171792,1.39257981242659e-06,0.000340658652762873,0.000506038724379327,7.5271077802663e-07,0.000250451388834013,0.246753246753247,0.0404833535983282,"*","ColaDeBallena","metastat"
"1141","ColaDeBallena - EsteroZacatecas","k__Bacteria|p__Rhodothermota|c__Rhodothermia|o__Rhodothermales|f__Rhodothermaceae|g__|s__|ASV_11919",0.0001682786437531,1.11574821676273e-07,9.64256283689977e-05,0.000408733979133205,3.98461433554759e-07,0.000182222719392771,0.24975024975025,0.0409391427206177,"*","EsteroZacatecas","metastat"
"1142","ColaDeBallena - EsteroZacatecas","k__Bacteria|p__Bacteroidota|c__Bacteroidia|o__Chitinophagales|f__Saprospiraceae|g__Lewinella|s__|ASV_474",0.000451697965013262,8.47137205049519e-07,0.00026569675776618,0.000125692996542378,1.09812632388127e-07,9.56611347361641e-05,0.251748251748252,0.041230520436934,"*","ColaDeBallena","metastat"
"1143","ColaDeBallena - EsteroZacatecas","k__Bacteria|p__Pseudomonadota|c__Alphaproteobacteria|o__Rhodobacterales|f__Paracoccaceae|g__Halovulum|s__|ASV_4059",0.000318519569760653,1.91233808570489e-07,0.000126238467648366,0.000142678542353857,8.16863217695116e-08,8.25057178672644e-05,0.253746253746254,0.0415213883059776,"*","ColaDeBallena","metastat"
"1144","ColaDeBallena - EsteroZacatecas","k__Bacteria|p__Chloroflexota|c__Anaerolineae|o__Aggregatilineales|f__A4b|g__|s__|ASV_15923",0.00151688612234029,1.28577023286107e-06,0.000327333956999711,0.00195877007937023,4.52170296977321e-07,0.000194115579182721,0.254745254745255,0.0416120463590474,"*","EsteroZacatecas","metastat"
"1145","ColaDeBallena - EsteroZacatecas","k__Bacteria|p__Bacteroidota|c__Bacteroidia|o__Cytophagales|f__Cyclobacteriaceae|g__|s__|ASV_14628",0.000156335984791635,2.93291281689245e-07,0.000156335984791635,0.000425010259949108,4.47091140214123e-07,0.000193022265601261,0.254745254745255,0.0416120463590474,"*","EsteroZacatecas","metastat"
"1146","ColaDeBallena - EsteroZacatecas","k__Bacteria|p__Planctomycetota|c__Planctomycetes|o__Planctomycetales|f__Rubinisphaeraceae|g__Planctomicrobium|s__|ASV_13985",0.00116240886979808,2.85082828821753e-06,0.000487410529244217,0.000519554596454615,8.13714846311986e-07,0.00026040270836917,0.256743256743257,0.0419018198742261,"*","ColaDeBallena","metastat"
"1147","ColaDeBallena - EsteroZacatecas","k__Bacteria|p__Verrucomicrobiota|c__Verrucomicrobiia|o__Verrucomicrobiales|f__DEV007|g__|s__|ASV_12367",0.000571813886128153,4.585791982828e-07,0.000195486401548121,0.0010103762268902,1.19307007078616e-06,0.00031531334557682,0.260739260739261,0.0425168880256065,"*","EsteroZacatecas","metastat"
"1148","ColaDeBallena - EsteroZacatecas","k__Bacteria|p__Pseudomonadota|c__Alphaproteobacteria|o__Rhodobacterales|f__Paracoccaceae|g__|s__|ASV_594",0.000669519113077565,4.962046519447e-07,0.00020334794727771,0.000357287205757589,4.2628509441601e-07,0.00018847747310488,0.262737262737263,0.0428053685192722,"*","ColaDeBallena","metastat"
"1149","ColaDeBallena - EsteroZacatecas","k__Bacteria|p__Pseudomonadota|c__Gammaproteobacteria|o__Pseudomonadales|f__Halomonadaceae|g__Larsenimonas|s__|ASV_13136",0.00036343451762313,1.69447023881368e-07,0.000118830069104782,0.000170107136515596,1.91721943937382e-07,0.000126399480463523,0.267732267732268,0.0435811960809478,"*","ColaDeBallena","metastat"
"1150","ColaDeBallena - EsteroZacatecas","k__Bacteria|p__Actinomycetota|c__Rubrobacteria|o__Rubrobacterales|f__Rubrobacteriaceae|g__Rubrobacter|s__|ASV_4417",0.0113489620658802,0.000205989644764145,0.00414316349307451,0.00553614059136058,0.000132032508088872,0.00331703316344681,0.270729270729271,0.0440307243818606,"*","ColaDeBallena","metastat"
"1151","ColaDeBallena - EsteroZacatecas","k__Bacteria|p__Thermodesulfobacteriota|c__Desulfobacteria|o__Desulfobacterales|f__Desulfosarcinaceae|g__Sva0081_sediment_group|s__|ASV_4065",0.000349915645921926,3.61345207245457e-07,0.000173528385585149,0.000661471643732415,4.51133186201548e-07,0.00019389283685444,0.271728271728272,0.0441548038979293,"*","EsteroZacatecas","metastat"
"1152","ColaDeBallena - EsteroZacatecas","k__Bacteria|p__Bacteroidota|c__Bacteroidia|o__Cytophagales|f__Cyclobacteriaceae|g__|s__|ASV_3907",0.000833040277395256,4.13637602390552e-06,0.000587109872163743,0.000162712567620916,2.0941904392836e-07,0.000132104454860652,0.278721278721279,0.0452518255365928,"*","ColaDeBallena","metastat"
"1153","ColaDeBallena - EsteroZacatecas","k__Bacteria|p__Cyanobacteriota|c__Cyanobacteriia|o__Cyanobacteriales|f__Xenococcaceae|g__Chroococcidiopsis_PCC-6712|s__|ASV_986",0.000257649865859804,3.8190748175652e-07,0.000178397375204093,0.000573112164689782,5.17536348676634e-07,0.000207672889555633,0.283716283716284,0.0460228397701989,"*","EsteroZacatecas","metastat"
"1154","ColaDeBallena - EsteroZacatecas","k__Bacteria|p__Bacteroidota|c__Bacteroidia|o__Flavobacteriales|f__Flavobacteriaceae|g__|s__|ASV_2473",0.000427124049246955,5.05307602728006e-07,0.000205204695107106,0.000181167008223397,6.18382286352429e-08,7.17856930007893e-05,0.284715284715285,0.0461448704527004,"*","ColaDeBallena","metastat"
"1155","ColaDeBallena - EsteroZacatecas","k__Bacteria|p__Actinomycetota|c__Actinobacteria|o__Nitriliruptorales|f__Nitriliruptoraceae|g__|s__|ASV_10455",5.77049656242676e-05,2.40798660512572e-08,4.47957085474873e-05,0.000220670304067981,2.2605617259342e-07,0.000137251646193352,0.294705294705295,0.0477226346114158,"*","EsteroZacatecas","metastat"
"1156","ColaDeBallena - EsteroZacatecas","k__Bacteria|p__Rhodothermota|c__Rhodothermia|o__Rhodothermales|f__Rhodothermaceae|g__Rubrivirga|s__|ASV_3264",0.000161453502908795,6.89735112676015e-08,7.58141979159145e-05,0.000356560143668077,2.66913696842828e-07,0.00014914022955003,0.295704295704296,0.0478429837574067,"*","EsteroZacatecas","metastat"
"1157","ColaDeBallena - EsteroZacatecas","k__Bacteria|p__Pseudomonadota|c__Alphaproteobacteria|o__Hyphomicrobiales|f__Devosiaceae|g__|s__|ASV_11111",9.02424772286468e-05,4.44677234499773e-08,6.08739979041252e-05,0.00022711549377389,1.40952460660244e-07,0.000108379141850975,0.297702297702298,0.0481246168697632,"*","EsteroZacatecas","metastat"
"1158","ColaDeBallena - EsteroZacatecas","k__Bacteria|p__Chloroflexota|c__Anaerolineae|o__Caldilineales|f__Caldilineaceae|g__|s__|ASV_14004",0.000408436130076861,8.12484599331611e-07,0.000260205783840984,8.91879589024409e-05,3.32254584087307e-08,5.26192759426388e-05,0.298701298701299,0.0482444110239144,"*","ColaDeBallena","metastat"
"1159","ColaDeBallena - EsteroZacatecas","k__Bacteria|p__Actinomycetota|c__Actinobacteria|o__Nitriliruptorales|f__Nitriliruptoraceae|g__|s__|ASV_2255",0.00282783713991314,9.20988341305392e-06,0.000876065228405488,0.00163562672513288,4.51920398941596e-06,0.000613677710570728,0.301698301698302,0.0486864251146019,"*","ColaDeBallena","metastat"
"1160","ColaDeBallena - EsteroZacatecas","k__Bacteria|p__Bacteroidota|c__Bacteroidia|o__Flavobacteriales|f__Flavobacteriaceae|g__Flavimarina|s__|ASV_14451",0.0010450980228176,1.29575280838218e-06,0.000328602192169369,0.000604811837589919,6.56610347205585e-07,0.000233917782423224,0.302697302697303,0.0488055284096556,"*","ColaDeBallena","metastat"
"1161","ColaDeBallena - EsteroZacatecas","k__Bacteria|p__Cyanobacteriota|c__Cyanobacteriia|o__Cyanobacteriales|f__Xenococcaceae|g__Pleurocapsa_PCC-7319|s__|ASV_7062",0.000438513959770649,1.04543145510284e-06,0.000295159766779343,8.53651864821275e-05,5.9444759192005e-08,7.03827388829611e-05,0.305694305694306,0.0492462977582525,"*","ColaDeBallena","metastat"
"1162","ColaDeBallena - EsteroZacatecas","k__Bacteria|p__Pseudomonadota|c__Alphaproteobacteria|o__Sphingomonadales|f__Sphingomonadaceae|g__Aurantiacibacter|s__|ASV_12729",0.000475072179642304,3.95764496598909e-07,0.000181604996397609,0.000228099844779971,3.07480467927253e-07,0.000160073021859622,0.308691308691309,0.0496863084676952,"*","ColaDeBallena","metastat"
"1163","ColaDeBallena - EsteroZacatecas","k__Bacteria|p__Pseudomonadota|c__Alphaproteobacteria|o__Rhodobacterales|f__Paracoccaceae|g__|s__|ASV_661",0.000669914439190178,8.24093805736352e-07,0.000262058168755264,0.00178853379266334,1.13596556764226e-05,0.000972953222429123,0.312687312687313,0.0502862213490709,"ns","EsteroZacatecas","metastat"
"1164","ColaDeBallena - EsteroZacatecas","k__Bacteria|p__Acidobacteriota|c__Thermoanaerobaculia|o__Thermoanaerobaculales|f__Thermoanaerobaculaceae|g__Subgroup_10|s__|ASV_15757",0.00089372746967503,8.91825624227201e-07,0.000272614750185923,0.000542435028938119,5.8018329001833e-07,0.000219883167844943,0.317682317682318,0.0510456242833797,"ns","ColaDeBallena","metastat"
"1165","ColaDeBallena - EsteroZacatecas","k__Bacteria|p__Actinomycetota|c__Rubrobacteria|o__Rubrobacterales|f__Rubrobacteriaceae|g__Rubrobacter|s__|ASV_8945",0.00034103173476715,2.90045579234893e-07,0.000155468533588766,0.000133997268184726,2.15463214571633e-07,0.000133997268184726,0.318681318681319,0.051074509779975,"ns","ColaDeBallena","metastat"
"1166","ColaDeBallena - EsteroZacatecas","k__Bacteria|p__Actinomycetota|c__Rubrobacteria|o__Rubrobacterales|f__Rubrobacteriaceae|g__Rubrobacter|s__|ASV_9121",0.000108812079356072,9.33402904002423e-08,8.81949972127304e-05,0.00039723352313151,9.57268016230624e-07,0.000282439966516577,0.318681318681319,0.051074509779975,"ns","EsteroZacatecas","metastat"
"1167","ColaDeBallena - EsteroZacatecas","k__Bacteria|p__Pseudomonadota|c__Alphaproteobacteria|o__Rhodobacterales|f__Paracoccaceae|g__|s__|ASV_14570",0.000109118928753352,6.52724657773014e-08,7.37520992793321e-05,0.00027299040523735,2.45182104449979e-07,0.000142939994534414,0.318681318681319,0.051074509779975,"ns","EsteroZacatecas","metastat"
"1168","ColaDeBallena - EsteroZacatecas","k__Bacteria|p__Pseudomonadota|c__Alphaproteobacteria|o__Rhodobacterales|f__Paracoccaceae|g__|s__|ASV_1011",0.00168688496811485,1.04496467967254e-05,0.000933168741293405,0.0044017446935233,6.52546262032176e-05,0.00233192742531469,0.31968031968032,0.0511907527059998,"ns","EsteroZacatecas","metastat"
"1169","ColaDeBallena - EsteroZacatecas","k__Bacteria|p__Pseudomonadota|c__Alphaproteobacteria|o__Rhodobacterales|f__Paracoccaceae|g__Palleronia-Pseudomaribius|s__|ASV_4152",0.000255469900813668,3.87880813516417e-07,0.00017978709944367,0.000576353244625258,8.30193977879908e-07,0.000263026294293921,0.322677322677323,0.0516264652718036,"ns","EsteroZacatecas","metastat"
"1170","ColaDeBallena - EsteroZacatecas","k__Bacteria|p__Gemmatimonadota|c__Longimicrobiia|o__Longimicrobiales|f__Longimicrobiaceae|g__|s__|ASV_5010",0.000554061048495125,8.2018971597203e-07,0.00026143669022857,0.000235159437829848,3.87701107259741e-07,0.000179745446687749,0.326673326673327,0.0522211306771334,"ns","ColaDeBallena","metastat"
"1171","ColaDeBallena - EsteroZacatecas","k__Bacteria|p__Pseudomonadota|c__Alphaproteobacteria|o__Rhodobacterales|f__Paracoccaceae|g__Palleronia-Pseudomaribius|s__|ASV_15810",0.00128899771627255,3.8247395563261e-06,0.000564560268138405,0.000631926764300763,8.57276448544506e-07,0.000267282068319922,0.327672327672328,0.052336096617953,"ns","ColaDeBallena","metastat"
"1172","ColaDeBallena - EsteroZacatecas","k__Bacteria|p__Acidobacteriota|c__Thermoanaerobaculia|o__Thermoanaerobaculales|f__Thermoanaerobaculaceae|g__Subgroup_10|s__|ASV_9865",0.000412537652324903,5.71612752286298e-07,0.000218253055016094,0.00133943962689475,7.12078245127203e-06,0.000770323657695908,0.332667332667333,0.0530885668741531,"ns","EsteroZacatecas","metastat"
"1173","ColaDeBallena - EsteroZacatecas","k__Bacteria|p__Myxococcota|c__Polyangiia|o__Polyangiales|f__Sandaracinaceae|g__|s__|ASV_5153",0.000556249783572381,1.69058441380568e-06,0.000375342556185422,0.0017186101912855,1.22895458809047e-05,0.00101199250165637,0.334665334665335,0.053361886505764,"ns","EsteroZacatecas","metastat"
"1174","ColaDeBallena - EsteroZacatecas","k__Bacteria|p__Pseudomonadota|c__Alphaproteobacteria|o__Rhodobacterales|f__Paracoccaceae|g__Actibacterium|s__|ASV_9420",0.000125068787833308,1.87706420281117e-07,0.000125068787833308,0.000369384627852604,5.9901544101355e-07,0.000223423260690994,0.336663336663337,0.0536347405161968,"ns","EsteroZacatecas","metastat"
"1175","ColaDeBallena - EsteroZacatecas","k__Bacteria|p__Pseudomonadota|c__Gammaproteobacteria|o__Enterobacterales|f__Alteromonadaceae|g__Alteromonas|s__|ASV_3498",5.49259698295536e-05,1.7440646402746e-08,3.81233157035013e-05,0.000301482006001112,6.65260229541057e-07,0.000235453503821359,0.342657342657343,0.0545432024257672,"ns","EsteroZacatecas","metastat"
"1176","ColaDeBallena - EsteroZacatecas","k__Bacteria|p__Actinomycetota|c__Rubrobacteria|o__Rubrobacterales|f__Rubrobacteriaceae|g__Rubrobacter|s__|ASV_2894",0.0004743795522186,9.93061474228427e-07,0.000287671901395268,0.000974677132700707,1.95110538094964e-06,0.000403227125921777,0.343656343656344,0.0546557050150113,"ns","EsteroZacatecas","metastat"
"1177","ColaDeBallena - EsteroZacatecas","k__Bacteria|p__Pseudomonadota|c__Alphaproteobacteria|o__Hyphomicrobiales|f__Hyphomicrobiaceae|g__Filomicrobium|s__|ASV_9961",0.0005160799573619,6.71641322583162e-07,0.000236580029197867,0.000252914565272692,1.4800990249844e-07,0.0001110592568926,0.344655344655345,0.0547680164358795,"ns","ColaDeBallena","metastat"
"1178","ColaDeBallena - EsteroZacatecas","k__Bacteria|p__Pseudomonadota|c__Alphaproteobacteria|o__Hyphomicrobiales|f__Devosiaceae|g__|s__|ASV_7810",0.000351535504342197,1.09859078587631e-07,9.5681362948256e-05,0.000222346724682398,1.11091455347908e-07,9.62165332933603e-05,0.345654345654346,0.0548801371752183,"ns","ColaDeBallena","metastat"
"1179","ColaDeBallena - EsteroZacatecas","k__Bacteria|p__Bacteroidota|c__Bacteroidia|o__Flavobacteriales|f__Cryomorphaceae|g__|s__|ASV_996",0.000232994379831176,2.01764947077567e-07,0.000129667827890334,0.00047232245982062,4.62265345709986e-07,0.000196270507571817,0.347652347652348,0.0551505462995428,"ns","EsteroZacatecas","metastat"
"1180","ColaDeBallena - EsteroZacatecas","k__Bacteria|p__Pseudomonadota|c__Gammaproteobacteria|o__Granulosicoccales|f__Granulosicoccaceae|g__Granulosicoccus|s__|ASV_13753",9.42667810916481e-05,6.37790785290486e-08,7.29035198790432e-05,0.000274712698577396,3.50240582350902e-07,0.000170841198766306,0.353646353646354,0.0560538742130698,"ns","EsteroZacatecas","metastat"
"1181","ColaDeBallena - EsteroZacatecas","k__Bacteria|p__Deinococcota|c__Deinococci|o__Deinococcales|f__Trueperaceae|g__Truepera|s__|ASV_110",0.00280296896979776,4.5089111059908e-06,0.000612978459789494,0.00175089916389346,8.91790792376987e-06,0.000862066699071185,0.354645354645355,0.0561171047536372,"ns","ColaDeBallena","metastat"
"1182","ColaDeBallena - EsteroZacatecas","k__Bacteria|p__Pseudomonadota|c__Alphaproteobacteria|o__Sphingomonadales|f__Sphingomonadaceae|g__Sphingomicrobium|s__|ASV_14022",0.00163561564173586,5.71228342946633e-06,0.000689944649317751,0.000886193395352965,9.14799129623333e-07,0.000276103713850329,0.354645354645355,0.0561171047536372,"ns","ColaDeBallena","metastat"
"1183","ColaDeBallena - EsteroZacatecas","k__Bacteria|p__Thermodesulfobacteriota|c__Desulfobulbia|o__Desulfobulbales|f__Desulfocapsaceae|g__|s__|ASV_15239",0.000292704201825335,5.97600025386188e-07,0.00022315914078414,6.49245177781471e-05,2.29948841598695e-08,4.37748826001372e-05,0.356643356643357,0.0563855539421412,"ns","ColaDeBallena","metastat"
"1184","ColaDeBallena - EsteroZacatecas","k__Bacteria|p__Actinomycetota|c__Acidimicrobiia|o__Microtrichales|f__Ilumatobacteraceae|g__Ilumatobacter|s__|ASV_1587",0.000401453830208185,5.65221012279223e-07,0.000217029378249279,0.000181905217249893,7.80034604053013e-08,8.0624365840039e-05,0.357642357642358,0.0564957403386232,"ns","ColaDeBallena","metastat"
"1185","ColaDeBallena - EsteroZacatecas","k__Bacteria|p__Actinomycetota|c__Actinobacteria|o__Propionibacteriales|f__Nocardioidaceae|g__Nocardioides|s__|ASV_15978",0.000449836876441657,5.10709911677409e-07,0.000206298713777984,0.000216171974738187,1.62567356044639e-07,0.000116392781865486,0.35964035964036,0.0567634169246276,"ns","ColaDeBallena","metastat"
"1186","ColaDeBallena - EsteroZacatecas","k__Bacteria|p__Actinomycetota|c__Actinobacteria|o__Euzebyales|f__Euzebyaceae|g__|s__|ASV_15365",0.00439351055081411,3.01899357124144e-05,0.00158613617827554,0.00267656408169367,1.11399493665842e-05,0.000963498372537295,0.361638361638362,0.0570306421167264,"ns","ColaDeBallena","metastat"
"1187","ColaDeBallena - EsteroZacatecas","k__Bacteria|p__Pseudomonadota|c__Alphaproteobacteria|o__Sphingomonadales|f__Sphingomonadaceae|g__Pacificimonas|s__|ASV_7328",0.00232006748377406,7.3662112786469e-06,0.000783486400575812,0.00147443934367548,2.26822437176268e-06,0.000434762806190789,0.364635364635365,0.0573581835934131,"ns","ColaDeBallena","metastat"
"1188","ColaDeBallena - EsteroZacatecas","k__Bacteria|p__Actinomycetota|c__Acidimicrobiia|o__Microtrichales|f__Ilumatobacteraceae|g__Ilumatobacter|s__|ASV_6733",0.000863867793048282,2.64255153726885e-06,0.0004692681835643,0.000406554088570687,5.83571792306699e-07,0.000220524335827647,0.364635364635365,0.0573581835934131,"ns","ColaDeBallena","metastat"
"1189","ColaDeBallena - EsteroZacatecas","k__Bacteria|p__Gemmatimonadota|c__Longimicrobiia|o__Longimicrobiales|f__Longimicrobiaceae|g__|s__|ASV_9886",0.000258200208857773,7.60714573095693e-08,7.96196465021717e-05,0.000371335420826984,1.10656151715393e-07,9.60278395897916e-05,0.364635364635365,0.0573581835934131,"ns","EsteroZacatecas","metastat"
"1190","ColaDeBallena - EsteroZacatecas","k__Bacteria|p__Rhodothermota|c__Rhodothermia|o__Rhodothermales|f__Rhodothermaceae|g__|s__|ASV_2086",0.00290718017333618,9.03115384694193e-06,0.000867522999067937,0.0046974205166981,3.01465244293187e-05,0.00158499538457053,0.36963036963037,0.0580950517054224,"ns","EsteroZacatecas","metastat"
"1191","ColaDeBallena - EsteroZacatecas","k__Bacteria|p__Bacteroidota|c__Bacteroidia|o__Flavobacteriales|f__Flavobacteriaceae|g__Hoppeia|s__|ASV_9379",0.00140231514418633,4.82384459936462e-06,0.00063402448686707,0.00310824741070305,3.15874908985485e-05,0.00162243363753726,0.371628371628372,0.0583600369640693,"ns","EsteroZacatecas","metastat"
"1192","ColaDeBallena - EsteroZacatecas","k__Bacteria|p__Deinococcota|c__Deinococci|o__Deinococcales|f__Trueperaceae|g__Truepera|s__|ASV_14236",0.000105159484199578,2.85199696496068e-08,4.87510424244162e-05,0.000248901134199975,1.92698837599049e-07,0.00012672109716455,0.373626373626374,0.0586245776165774,"ns","EsteroZacatecas","metastat"
"1193","ColaDeBallena - EsteroZacatecas","k__Bacteria|p__Myxococcota|c__Polyangiia|o__Polyangiales|f__Sandaracinaceae|g__|s__|ASV_15192",0.000706420788990504,3.46178985599002e-07,0.000169847722386604,0.000423507777378171,7.4365616431815e-07,0.000248940448755345,0.380619380619381,0.0596717688605185,"ns","ColaDeBallena","metastat"
"1194","ColaDeBallena - EsteroZacatecas","k__Bacteria|p__Pseudomonadota|c__Alphaproteobacteria|o__Sphingomonadales|f__Sphingomonadaceae|g__|s__|ASV_10845",0.0184528473429509,9.25640831371738e-05,0.00277735010302347,0.0148583377852125,9.15794985684747e-05,0.00276253957088514,0.388611388611389,0.060873693659643,"ns","ColaDeBallena","metastat"
"1195","ColaDeBallena - EsteroZacatecas","k__Bacteria|p__Myxococcota|c__Polyangiia|o__Polyangiales|f__BIrii41|g__|s__|ASV_14712",0.000727956939809463,9.63384729840864e-07,0.000283340891542453,0.000403023367712235,5.46044582833171e-07,0.000213315998546986,0.391608391608392,0.0612405760633315,"ns","ColaDeBallena","metastat"
"1196","ColaDeBallena - EsteroZacatecas","k__Bacteria|p__Planctomycetota|c__Planctomycetes|o__Planctomycetales|f__Rubinisphaeraceae|g__Planctomicrobium|s__|ASV_5395",0.000256540285013537,3.69289409094391e-07,0.000175425532419122,0.000488307757400753,3.81785404122927e-07,0.000178368860352858,0.391608391608392,0.0612405760633315,"ns","EsteroZacatecas","metastat"
"1197","ColaDeBallena - EsteroZacatecas","k__Bacteria|p__Pseudomonadota|c__Alphaproteobacteria|o__Rhodobacterales|f__Paracoccaceae|g__Silicimonas|s__|ASV_5396",0.000586939377922709,9.49478548223719e-07,0.000281288485992542,0.000320024498112,1.61376265737605e-07,0.000115965607594667,0.392607392607393,0.0613455097904105,"ns","ColaDeBallena","metastat"
"1198","ColaDeBallena - EsteroZacatecas","k__Bacteria|p__Pseudomonadota|c__Alphaproteobacteria|o__Hyphomicrobiales|f__Rhizobiaceae|g__|s__|ASV_4397",0.000396513762673353,3.53568255525881e-07,0.000171650870355566,0.000229170285580036,1.74001039453197e-07,0.000120416305461925,0.393606393606394,0.0614502683359752,"ns","ColaDeBallena","metastat"
"1199","ColaDeBallena - EsteroZacatecas","k__Bacteria|p__Bacteroidota|c__Bacteroidia|o__Cytophagales|f__Cyclobacteriaceae|g__Tunicatimonas|s__|ASV_15191",9.24781197820263e-05,2.84686589000617e-08,4.87071682781068e-05,0.000823189108415572,4.81290806393044e-06,0.00063330535446513,0.398601398601399,0.0621781924131633,"ns","EsteroZacatecas","metastat"
"1200","ColaDeBallena - EsteroZacatecas","k__Bacteria|p__Bacteroidota|c__Bacteroidia|o__Flavobacteriales|f__Flavobacteriaceae|g__|s__|ASV_8065",0.000228644509264479,3.93385181168266e-07,0.000181058273577014,0.000657905602684123,2.51175928424805e-06,0.000457507676096629,0.3996003996004,0.0622820824589664,"ns","EsteroZacatecas","metastat"
"1201","ColaDeBallena - EsteroZacatecas","k__Bacteria|p__Bacteroidota|c__Bacteroidia|o__Flavobacteriales|f__Flavobacteriaceae|g__|s__|ASV_7083",0.00231416959778746,2.49289436589288e-06,0.000455786350341627,0.00333755031265498,1.38609068888163e-05,0.00107474442267361,0.400599400599401,0.0623857994988648,"ns","EsteroZacatecas","metastat"
"1202","ColaDeBallena - EsteroZacatecas","k__Bacteria|p__Actinomycetota|c__Actinobacteria|o__Nitriliruptorales|f__Nitriliruptoraceae|g__|s__|ASV_6096",0.000466244988843392,5.79241629826235e-07,0.000219704655887974,0.00101494767094224,4.28058873408791e-06,0.000597256835742094,0.404595404595405,0.0629556823524494,"ns","EsteroZacatecas","metastat"
"1203","ColaDeBallena - EsteroZacatecas","k__Bacteria|p__Rhodothermota|c__Rhodothermia|o__Rhodothermales|f__Rhodothermaceae|g__|s__|ASV_12149",0.000217438913578916,2.45106790258755e-07,0.000142918038941543,0.000608152034086179,1.56791866391787e-06,0.00036146907012886,0.405594405594406,0.0630586670282802,"ns","EsteroZacatecas","metastat"
"1204","ColaDeBallena - EsteroZacatecas","k__Bacteria|p__Actinomycetota|c__Acidimicrobiia|o__Microtrichales|f__Ilumatobacteraceae|g__Ilumatobacter|s__|ASV_12667",0.000817853651187239,5.84656512227728e-07,0.00022072919158774,0.00127765218223434,2.73937856510856e-06,0.000477788182244371,0.408591408591409,0.0634718564594284,"ns","EsteroZacatecas","metastat"
"1205","ColaDeBallena - EsteroZacatecas","k__Bacteria|p__Pseudomonadota|c__Alphaproteobacteria|o__Sphingomonadales|f__Sphingomonadaceae|g__Parasphingopyxis|s__|ASV_8232",0.000386341255758858,2.10850064122947e-07,0.000132555040179211,0.000242902381847998,1.56652171042252e-07,0.000114255623874076,0.427572427572428,0.0663653061222513,"ns","ColaDeBallena","metastat"
"1206","ColaDeBallena - EsteroZacatecas","k__Bacteria|p__Planctomycetota|c__Planctomycetes|o__Pirellulales|f__Pirellulaceae|g__|s__|ASV_9760",0.000174474811911224,1.80074295165775e-07,0.000122499760260233,0.000503243850477724,1.18131777914639e-06,0.000313756511107259,0.431568431568432,0.0669299990603818,"ns","EsteroZacatecas","metastat"
"1207","ColaDeBallena - EsteroZacatecas","k__Bacteria|p__Pseudomonadota|c__Alphaproteobacteria|o__Sphingomonadales|f__Sphingomonadaceae|g__Sphingomicrobium|s__|ASV_1652",0.00112421876740604,2.67333561852598e-06,0.000471993610349228,0.000723935571083942,8.35528064055874e-07,0.000263869927561522,0.435564435564436,0.0674937563018459,"ns","ColaDeBallena","metastat"
"1208","ColaDeBallena - EsteroZacatecas","k__Bacteria|p__Gemmatimonadota|c__Longimicrobiia|o__Longimicrobiales|f__Longimicrobiaceae|g__|s__|ASV_5611",0.000339621903194615,2.07302483422997e-07,0.000131435181560785,0.00053505526541454,4.7576851988031e-07,0.000199116490167672,0.437562437562438,0.0677472320787101,"ns","EsteroZacatecas","metastat"
"1209","ColaDeBallena - EsteroZacatecas","k__Bacteria|p__Pseudomonadota|c__Alphaproteobacteria|o__Caulobacterales|f__Parvularculaceae|g__Parvularcula|s__|ASV_7821",7.358985918591e-05,4.68848917561242e-08,6.25065941562197e-05,0.000165243412961947,9.08039163931598e-08,8.69884649408375e-05,0.438561438561439,0.067845742430487,"ns","EsteroZacatecas","metastat"
"1210","ColaDeBallena - EsteroZacatecas","k__Bacteria|p__Rhodothermota|c__Rhodothermia|o__Rhodothermales|f__Rhodothermaceae|g__|s__|ASV_5330",0.00018920023185035,9.02687601938171e-08,8.67317512956938e-05,0.000352008069312807,4.16379373398178e-07,0.000186274746319824,0.43956043956044,0.0679440899552361,"ns","EsteroZacatecas","metastat"
"1211","ColaDeBallena - EsteroZacatecas","k__Bacteria|p__Pseudomonadota|c__Alphaproteobacteria|o__Rhodobacterales|f__Paracoccaceae|g__Maribius|s__|ASV_5962",0.000104551120612214,6.54745188656995e-08,7.38661621141572e-05,0.000420798648557105,1.4641029628404e-06,0.000349297266288616,0.445554445554446,0.0688137294220455,"ns","EsteroZacatecas","metastat"
"1212","ColaDeBallena - EsteroZacatecas","k__Bacteria|p__Pseudomonadota|c__Alphaproteobacteria|o__Sphingomonadales|f__Sphingomonadaceae|g__Sphingomicrobium|s__|ASV_6904",0.000110572424938335,1.46715133880924e-07,0.000110572424938335,0.000223554781210491,1.65424398878057e-07,0.000117411100723788,0.44955044955045,0.0693736066993438,"ns","EsteroZacatecas","metastat"
"1213","ColaDeBallena - EsteroZacatecas","k__Bacteria|p__Rhodothermota|c__Rhodothermia|o__Rhodothermales|f__Rhodothermaceae|g__|s__|ASV_5458",8.31948440453827e-05,5.08785981384413e-08,6.51143853399803e-05,0.00016935310227173,1.12901531147653e-07,9.69972212435548e-05,0.451548451548452,0.0696244878931232,"ns","EsteroZacatecas","metastat"
"1214","ColaDeBallena - EsteroZacatecas","k__Bacteria|p__Bacteroidota|c__Bacteroidia|o__Chitinophagales|f__Saprospiraceae|g__Lewinella|s__|ASV_6892",0.00122901152082407,9.94717269223608e-07,0.000287911628401206,0.00175260802618452,4.03269375992231e-06,0.000579704936434786,0.452547452547453,0.0697210461793536,"ns","EsteroZacatecas","metastat"
"1215","ColaDeBallena - EsteroZacatecas","k__Bacteria|p__Bacteroidota|c__Bacteroidia|o__Flavobacteriales|f__Flavobacteriaceae|g__Gramella|s__|ASV_6794",9.35292018366076e-05,1.75165119101095e-08,3.82061425145546e-05,0.00020084067814331,1.62444170227492e-07,0.000116348675048856,0.453546453546454,0.0698174455219031,"ns","EsteroZacatecas","metastat"
"1216","ColaDeBallena - EsteroZacatecas","k__Bacteria|p__Pseudomonadota|c__Alphaproteobacteria|o__Rhodobacterales|f__Paracoccaceae|g__|s__|ASV_3187",8.9308497065578e-05,9.57120917773482e-08,8.9308497065578e-05,0.000655521723188414,3.89853117831618e-06,0.000569980348953379,0.454545454545455,0.0698562387481423,"ns","EsteroZacatecas","metastat"
"1217","ColaDeBallena - EsteroZacatecas","k__Bacteria|p__Rhodothermota|c__Rhodothermia|o__Rhodothermales|f__Rhodothermaceae|g__|s__|ASV_10187",0.00012758356723654,1.95330799545608e-07,0.00012758356723654,0.000242459713700018,2.39356742604872e-07,0.000141231707548527,0.454545454545455,0.0698562387481423,"ns","EsteroZacatecas","metastat"
"1218","ColaDeBallena - EsteroZacatecas","k__Bacteria|p__Pseudomonadota|c__Gammaproteobacteria|o__Pseudomonadales|f__Microbulbiferaceae|g__Microbulbifer|s__|ASV_10385",0.000433784128604236,2.25802404274723e-06,0.000433784128604236,4.2837559972584e-05,2.20206785328567e-08,4.2837559972584e-05,0.456543456543457,0.0700481829788703,"ns","ColaDeBallena","metastat"
"1219","ColaDeBallena - EsteroZacatecas","k__Bacteria|p__Bacteroidota|c__Bacteroidia|o__Flavobacteriales|f__Flavobacteriaceae|g__Marinirhabdus|s__|ASV_7919",2.5516713447308e-05,7.81323198182434e-09,2.5516713447308e-05,0.000277976700391406,7.64532063398296e-07,0.000252410390600687,0.456543456543457,0.0700481829788703,"ns","EsteroZacatecas","metastat"
"1220","ColaDeBallena - EsteroZacatecas","k__Bacteria|p__Thermodesulfobacteriota|c__Desulfobacteria|o__Desulfobacterales|f__Desulfosarcinaceae|g__Sva0081_sediment_group|s__|ASV_7819",0.000242918343897127,3.41508539893064e-07,0.000168698088285222,0.000106274610986886,6.1785177104928e-08,7.1754893622275e-05,0.460539460539461,0.0706033770825824,"ns","ColaDeBallena","metastat"
"1221","ColaDeBallena - EsteroZacatecas","k__Bacteria|p__Myxococcota|c__Polyangiia|o__Polyangiales|f__Sandaracinaceae|g__|s__|ASV_414",0.000342527146076624,1.40789814959276e-06,0.000342527146076624,3.28116284411195e-05,1.2919235531497e-08,3.28116284411195e-05,0.461538461538462,0.0706985800885565,"ns","ColaDeBallena","metastat"
"1222","ColaDeBallena - EsteroZacatecas","k__Bacteria|p__Actinomycetota|c__Actinobacteria|o__Euzebyales|f__Euzebyaceae|g__|s__|ASV_36",0.000608718749051819,7.30244249429743e-07,0.000246685401782267,0.00107709438560348,4.49643316002694e-06,0.000612129694865049,0.463536463536464,0.0708885190375153,"ns","EsteroZacatecas","metastat"
"1223","ColaDeBallena - EsteroZacatecas","k__Bacteria|p__Bacteroidota|c__Bacteroidia|o__Cytophagales|f__Cyclobacteriaceae|g__Fulvivirga|s__|ASV_11442",0.0001188462516445,1.69493178359375e-07,0.0001188462516445,0.000227290153681005,6.19929767524019e-07,0.000227290153681005,0.463536463536464,0.0708885190375153,"ns","EsteroZacatecas","metastat"
"1224","ColaDeBallena - EsteroZacatecas","k__Bacteria|p__Pseudomonadota|c__Alphaproteobacteria|o__Hyphomicrobiales|f__Rhizobiaceae|g__Martelella|s__|ASV_7223",2.21109305385117e-05,5.86671899134668e-09,2.21109305385117e-05,0.000236133704150706,6.69109514831197e-07,0.000236133704150706,0.465534465534466,0.0711359079065646,"ns","EsteroZacatecas","metastat"
"1225","ColaDeBallena - EsteroZacatecas","k__Bacteria|p__Pseudomonadota|c__Alphaproteobacteria|o__Rhodobacterales|f__Paracoccaceae|g__Limibaculum|s__|ASV_11077",0.000278035935563817,5.47451765411889e-07,0.00021359068437315,0.000529844342084528,1.23441424645389e-06,0.000320730188587163,0.472527472527473,0.072145530619815,"ns","EsteroZacatecas","metastat"
"1226","ColaDeBallena - EsteroZacatecas","k__Bacteria|p__Pseudomonadota|c__Alphaproteobacteria|o__Rhodobacterales|f__Paracoccaceae|g__|s__|ASV_12829",0.00176655973744528,1.60527282994901e-06,0.000365749553422945,0.0013104686103422,3.18452476640073e-06,0.000515147613666925,0.475524475524476,0.072543893761341,"ns","ColaDeBallena","metastat"
"1227","ColaDeBallena - EsteroZacatecas","k__Bacteria|p__Gemmatimonadota|c__Longimicrobiia|o__Longimicrobiales|f__Longimicrobiaceae|g__|s__|ASV_5599",4.937133829241e-05,2.92503485374031e-08,4.937133829241e-05,0.000220006340118065,3.97750749513174e-07,0.000182060143339405,0.476523476523477,0.0726370497137579,"ns","EsteroZacatecas","metastat"
"1228","ColaDeBallena - EsteroZacatecas","k__Bacteria|p__Pseudomonadota|c__Alphaproteobacteria|o__Sphingomonadales|f__Sphingomonadaceae|g__Croceibacterium|s__|ASV_8946",0.000202627762136336,4.92696119860557e-07,0.000202627762136336,7.78048653975829e-05,7.26431649544318e-08,7.78048653975829e-05,0.477522477522478,0.0727300539463826,"ns","ColaDeBallena","metastat"
"1229","ColaDeBallena - EsteroZacatecas","k__Bacteria|p__Actinomycetota|c__Acidimicrobiia|o__Microtrichales|f__Ilumatobacteraceae|g__Ilumatobacter|s__|ASV_3237",0.000990092898003344,5.59685216391281e-06,0.000682938025733473,0.00172458377913584,5.41083184525514e-06,0.000671492854594344,0.484515484515485,0.0737350935539431,"ns","EsteroZacatecas","metastat"
"1230","ColaDeBallena - EsteroZacatecas","k__Bacteria|p__Bacteroidota|c__Bacteroidia|o__Cytophagales|f__Cyclobacteriaceae|g__Fulvivirga|s__|ASV_8666",0.00151039298636215,5.20677751592123e-06,0.000658709439986076,0.00089347210236688,2.7257177440982e-06,0.0004765953685691,0.486513486513487,0.0739789613597967,"ns","ColaDeBallena","metastat"
"1231","ColaDeBallena - EsteroZacatecas","k__Bacteria|p__Acidobacteriota|c__Thermoanaerobaculia|o__Thermoanaerobaculales|f__Thermoanaerobaculaceae|g__Subgroup_10|s__|ASV_4632",0.000135027438521812,1.29568074368277e-07,0.0001039102474768,0.000241041589759026,1.12729761566657e-07,9.69234068593415e-05,0.492507492507492,0.0748295694206428,"ns","EsteroZacatecas","metastat"
"1232","ColaDeBallena - EsteroZacatecas","k__Bacteria|p__Bacteroidota|c__Bacteroidia|o__Chitinophagales|f__Saprospiraceae|g__|s__|ASV_13366",0.000937992960023483,1.69126571414252e-06,0.000375418179517024,0.00163788210414904,6.89932054038638e-06,0.000758250208285848,0.496503496503497,0.07537547479409,"ns","EsteroZacatecas","metastat"
"1233","ColaDeBallena - EsteroZacatecas","k__Bacteria|p__Balneolota|c__Balneolia|o__Balneolales|f__Balneolaceae|g__|s__|ASV_4902",0.000203028701375515,1.0710387440493e-07,9.44739269167822e-05,0.000112866759846275,9.83609226839675e-08,9.05358688973453e-05,0.497502497502497,0.0754658809356819,"ns","ColaDeBallena","metastat"
"1234","ColaDeBallena - EsteroZacatecas","k__Bacteria|p__Pseudomonadota|c__Alphaproteobacteria|o__Rhodobacterales|f__Paracoccaceae|g__Hasllibacter|s__|ASV_5521",0.000707188660968702,1.1990477347727e-06,0.000316102269154132,0.000379488005146528,7.85520542332554e-07,0.000255851607761959,0.500499500499501,0.0758589707745758,"ns","ColaDeBallena","metastat"
"1235","ColaDeBallena - EsteroZacatecas","k__Bacteria|p__Actinomycetota|c__Actinobacteria|o__Propionibacteriales|f__Nocardioidaceae|g__Nocardioides|s__|ASV_8154",0.00010398003583312,1.29742174222283e-07,0.00010398003583312,0.000220189502011727,3.83811310720963e-07,0.000178841482585595,0.502497502497502,0.0761001315227371,"ns","EsteroZacatecas","metastat"
"1236","ColaDeBallena - EsteroZacatecas","k__Bacteria|p__Planctomycetota|c__Planctomycetes|o__Planctomycetales|f__Gimesiaceae|g__|s__|ASV_9951",0.000545701370333936,6.52609234817357e-07,0.000233203994179873,0.000365977488380264,2.69187665145115e-07,0.000149774181449139,0.506493506493506,0.076643242249262,"ns","ColaDeBallena","metastat"
"1237","ColaDeBallena - EsteroZacatecas","k__Bacteria|p__Actinomycetota|c__Rubrobacteria|o__Rubrobacterales|f__Rubrobacteriaceae|g__Rubrobacter|s__|ASV_10060",0.00185097495550945,6.80873003058323e-06,0.000753255713031949,0.00431116875214021,8.21896196824852e-05,0.00261708520563249,0.513486513486514,0.077450783186876,"ns","EsteroZacatecas","metastat"
"1238","ColaDeBallena - EsteroZacatecas","k__Bacteria|p__Myxococcota|c__Polyangiia|o__Polyangiales|f__Sandaracinaceae|g__|s__|ASV_1122",0.000464967599781574,1.32152095241087e-06,0.00033185350086181,0.000218642318658061,5.73653562098076e-07,0.000218642318658061,0.513486513486514,0.077450783186876,"ns","ColaDeBallena","metastat"
"1239","ColaDeBallena - EsteroZacatecas","k__Bacteria|p__Bacteroidota|c__Bacteroidia|o__Cytophagales|f__Cyclobacteriaceae|g__Fulvivirga|s__|ASV_9806",5.52862124691673e-05,3.66787834702309e-08,5.52862124691673e-05,0.000378251211278445,1.71688774600333e-06,0.000378251211278445,0.513486513486514,0.077450783186876,"ns","EsteroZacatecas","metastat"
"1240","ColaDeBallena - EsteroZacatecas","k__Bacteria|p__Rhodothermota|c__Rhodothermia|o__Rhodothermales|f__Rhodothermaceae|g__Rubrivirga|s__|ASV_8705",0.000223899830071095,3.49530848591958e-07,0.000170668013160043,0.000161795315806965,3.14132690604907e-07,0.000161795315806965,0.513486513486514,0.077450783186876,"ns","ColaDeBallena","metastat"
"1241","ColaDeBallena - EsteroZacatecas","k__Bacteria|p__Pseudomonadota|c__Gammaproteobacteria|o__Pseudomonadales|f__Cellvibrionaceae|g__|s__|ASV_8305",9.43673704405883e-05,6.11457643350375e-08,7.13826334709859e-05,0.000147142899972638,8.57242800449687e-08,8.45203526007044e-05,0.517482517482518,0.0779906173579644,"ns","EsteroZacatecas","metastat"
"1242","ColaDeBallena - EsteroZacatecas","k__Bacteria|p__Pseudomonadota|c__Alphaproteobacteria|o__Rhodobacterales|f__Paracoccaceae|g__Limibaculum|s__|ASV_7046",0.000274110632342845,1.53792982264286e-07,0.000113208135111206,0.00017522153330827,1.24421620539949e-07,0.000101825676419698,0.525474525474525,0.0791313414816819,"ns","ColaDeBallena","metastat"
"1243","ColaDeBallena - EsteroZacatecas","k__Bacteria|p__Pseudomonadota|c__Alphaproteobacteria|o__Hyphomicrobiales|f__Devosiaceae|g__|s__|ASV_12167",0.000142116973067138,1.24031805562189e-07,0.000101666040529024,0.000223596888610392,9.16130150385311e-08,8.73751561937236e-05,0.538461538461538,0.0810218240837881,"ns","EsteroZacatecas","metastat"
"1244","ColaDeBallena - EsteroZacatecas","k__Bacteria|p__Planctomycetota|c__Planctomycetes|o__Pirellulales|f__Pirellulaceae|g__|s__|ASV_6161",0.000662544612528442,8.00023537854765e-07,0.000258202688124202,0.00046722104031776,4.54959894292781e-07,0.00019471344207424,0.542457542457542,0.0815574857923282,"ns","ColaDeBallena","metastat"
"1245","ColaDeBallena - EsteroZacatecas","k__Bacteria|p__Actinomycetota|c__Actinobacteria|o__Euzebyales|f__Euzebyaceae|g__Euzebya|s__|ASV_2735",0.00019104317050337,1.49611895638535e-07,0.00011165866724029,0.00010382213975841,7.85998754574196e-08,8.09320061622819e-05,0.543456543456543,0.0816420550787415,"ns","ColaDeBallena","metastat"
"1246","ColaDeBallena - EsteroZacatecas","k__Bacteria|p__Actinomycetota|c__Actinobacteria|o__Euzebyales|f__Euzebyaceae|g__|s__|ASV_7541",0.00775004820335789,6.21144615904151e-05,0.00227512749808326,0.00526130256885474,0.000111006638011674,0.0030414722039893,0.546453546453546,0.0820264023396179,"ns","ColaDeBallena","metastat"
"1247","ColaDeBallena - EsteroZacatecas","k__Bacteria|p__Pseudomonadota|c__Alphaproteobacteria|o__Sphingomonadales|f__Sphingomonadaceae|g__|s__|ASV_9967",0.000326109323170775,3.45952859972201e-07,0.000169792240687504,0.00050881316439813,7.02471360028835e-07,0.000241948920234009,0.548451548451548,0.082194382860511,"ns","EsteroZacatecas","metastat"
"1248","ColaDeBallena - EsteroZacatecas","k__Bacteria|p__Rhodothermota|c__Rhodothermia|o__Rhodothermales|f__Rhodothermaceae|g__|s__|ASV_1677",0.000237489175026742,2.66171902438063e-07,0.000148932843489402,0.000370479190991222,2.7984266805858e-07,0.000152709601329501,0.548451548451548,0.082194382860511,"ns","EsteroZacatecas","metastat"
"1249","ColaDeBallena - EsteroZacatecas","k__Bacteria|p__Pseudomonadota|c__Alphaproteobacteria|o__Sphingomonadales|f__Sphingomonadaceae|g__Aurantiacibacter|s__|ASV_10631",0.00117021282190506,5.77339995144162e-06,0.000693625736705419,0.000667353219109899,1.49634352702954e-06,0.000353122208193039,0.551448551448551,0.0825773647334254,"ns","ColaDeBallena","metastat"
"1250","ColaDeBallena - EsteroZacatecas","k__Bacteria|p__Chloroflexota|c__Anaerolineae|o__Aggregatilineales|f__A4b|g__|s__|ASV_14457",0.000222379939718094,2.07598223907158e-07,0.000131528901737463,0.000477942063016974,1.09360922335423e-06,0.000301884252564101,0.553446553446553,0.0828102568374417,"ns","EsteroZacatecas","metastat"
"1251","ColaDeBallena - EsteroZacatecas","k__Bacteria|p__Bacteroidota|c__Bacteroidia|o__Flavobacteriales|f__Flavobacteriaceae|g__Gramella|s__|ASV_2541",0.00559272742276501,1.96769649160951e-05,0.00128052609358078,0.00847976087162888,0.000144385109122464,0.00346873066508082,0.56043956043956,0.0837895641714152,"ns","EsteroZacatecas","metastat"
"1252","ColaDeBallena - EsteroZacatecas","k__Bacteria|p__Pseudomonadota|c__Alphaproteobacteria|o__Rhodobacterales|f__Paracoccaceae|g__|s__|ASV_15370",0.000348745865837069,4.08426692316399e-07,0.000184487283282706,0.000238778093716976,1.27681847768727e-07,0.000103151122052682,0.567432567432567,0.0847673071166763,"ns","ColaDeBallena","metastat"
"1253","ColaDeBallena - EsteroZacatecas","k__Bacteria|p__Actinomycetota|c__Actinobacteria|o__Euzebyales|f__Euzebyaceae|g__Euzebya|s__|ASV_5746",0.000865786349447609,1.00775670841491e-06,0.000289792556324766,0.00063385072171076,8.48742012809021e-07,0.000265948305253894,0.569430569430569,0.0849978938586054,"ns","ColaDeBallena","metastat"
"1254","ColaDeBallena - EsteroZacatecas","k__Bacteria|p__Pseudomonadota|c__Alphaproteobacteria|o__Sphingomonadales|f__Sphingomonadaceae|g__|s__|ASV_2700",0.00127023005360219,3.53838111399253e-06,0.000543014818244135,0.0019209432199188,1.4416837446817e-05,0.00109608536189846,0.573426573426573,0.0855261132331261,"ns","EsteroZacatecas","metastat"
"1255","ColaDeBallena - EsteroZacatecas","k__Bacteria|p__Pseudomonadota|c__Alphaproteobacteria|o__Caulobacterales|f__Parvularculaceae|g__Parvularcula|s__|ASV_6944",0.00173510195116262,8.4414845547548e-06,0.000838723462310174,0.00255539813195339,1.32843617573135e-05,0.00105215500114897,0.575424575424575,0.0857557278797561,"ns","EsteroZacatecas","metastat"
"1256","ColaDeBallena - EsteroZacatecas","k__Bacteria|p__Pseudomonadota|c__Alphaproteobacteria|o__Hyphomicrobiales|f__Rhizobiaceae|g__Pseudahrensia|s__|ASV_8399",0.000116102824766579,7.98358571458523e-08,8.1565851282799e-05,0.000187653392951351,1.94165545888835e-07,0.000127202445563766,0.577422577422577,0.0859849768979679,"ns","EsteroZacatecas","metastat"
"1257","ColaDeBallena - EsteroZacatecas","k__Bacteria|p__Acidobacteriota|c__Thermoanaerobaculia|o__Thermoanaerobaculales|f__Thermoanaerobaculaceae|g__Subgroup_10|s__|ASV_9297",0.000340926309315204,2.27390464970067e-07,0.000137656112883418,0.000233074409570341,3.40534726572505e-07,0.000168457394854135,0.581418581418581,0.0865111503367982,"ns","ColaDeBallena","metastat"
"1258","ColaDeBallena - EsteroZacatecas","k__Bacteria|p__Pseudomonadota|c__Alphaproteobacteria|o__Rhodobacterales|f__Paracoccaceae|g__|s__|ASV_11509",0.00021038288454562,2.45355293425031e-07,0.000142990469794619,0.0003350238777186,4.666793896216e-07,0.000197205347633205,0.582417582417582,0.0865909079656059,"ns","EsteroZacatecas","metastat"
"1259","ColaDeBallena - EsteroZacatecas","k__Bacteria|p__Pseudomonadota|c__Gammaproteobacteria|o__Pseudomonadales|f__Halieaceae|g__|s__|ASV_10906",0.000577523111941083,9.73808552937681e-07,0.00028486964166932,0.000799740423413541,9.96813514043564e-07,0.000288214837988893,0.585414585414585,0.0869673558084694,"ns","EsteroZacatecas","metastat"
"1260","ColaDeBallena - EsteroZacatecas","k__Bacteria|p__Myxococcota|c__Polyangiia|o__Polyangiales|f__Sandaracinaceae|g__|s__|ASV_3686",0.000196287502935647,1.4602429570562e-07,0.000110311791340734,0.000114332523754807,7.4250344183994e-08,7.86608459273068e-05,0.592407592407592,0.0879363688051597,"ns","ColaDeBallena","metastat"
"1261","ColaDeBallena - EsteroZacatecas","k__Bacteria|p__Pseudomonadota|c__Alphaproteobacteria|o__Rhodobacterales|f__Paracoccaceae|g__|s__|ASV_5270",0.000858276245365327,1.04876260043789e-06,0.000295629638855484,0.000656956707249572,4.81374746356005e-07,0.000200286200713713,0.594405594405594,0.0881629795315266,"ns","ColaDeBallena","metastat"
"1262","ColaDeBallena - EsteroZacatecas","k__Bacteria|p__Pseudomonadota|c__Alphaproteobacteria|o__Rickettsiales|f__SM2D12|g__|s__|ASV_2164",9.65041650164523e-05,5.93576272705836e-08,7.03311377642599e-05,0.000145995209160337,4.24096279161296e-08,5.94485967847641e-05,0.595404595404595,0.0882411754648431,"ns","EsteroZacatecas","metastat"
"1263","ColaDeBallena - EsteroZacatecas","k__Bacteria|p__Rhodothermota|c__Rhodothermia|o__Rhodothermales|f__Rhodothermaceae|g__|s__|ASV_3086",0.000294117453189502,3.01832727059867e-07,0.000158596113618805,0.000198964509978835,4.75042514773417e-07,0.000198964509978835,0.608391608391608,0.0900945088301913,"ns","ColaDeBallena","metastat"
"1264","ColaDeBallena - EsteroZacatecas","k__Bacteria|p__Actinomycetota|c__Acidimicrobiia|o__Microtrichales|f__Microtrichaceae|g__|s__|ASV_11603",0.000195628136429361,4.59244413153897e-07,0.000195628136429361,0.000337995354476631,4.48285304311416e-07,0.00019327987141091,0.611388611388611,0.0904666957236252,"ns","EsteroZacatecas","metastat"
"1265","ColaDeBallena - EsteroZacatecas","k__Bacteria|p__Pseudomonadota|c__Alphaproteobacteria|o__Rhodobacterales|f__Paracoccaceae|g__|s__|ASV_1077",0.000444710259312798,7.53255569434215e-07,0.000250542007361742,0.000309345275764026,2.15696291945618e-07,0.000134069724380518,0.612387612387612,0.0905428850925211,"ns","ColaDeBallena","metastat"
"1266","ColaDeBallena - EsteroZacatecas","k__Bacteria|p__Pseudomonadota|c__Alphaproteobacteria|o__Sphingomonadales|f__Sphingomonadaceae|g__|s__|ASV_11847",0.00020637466963043,2.32568719950747e-07,0.000139214678330133,0.000293577331945632,1.54282457225854e-07,0.000113388145039452,0.616383616383616,0.0910617177184414,"ns","EsteroZacatecas","metastat"
"1267","ColaDeBallena - EsteroZacatecas","k__Bacteria|p__Pseudomonadota|c__Alphaproteobacteria|o__Sphingomonadales|f__Sphingomonadaceae|g__Paraurantiacibacter|s__|ASV_6999",0.000857693453442044,1.68530538504819e-06,0.000374756074561417,0.000634889796060123,7.51416715674334e-07,0.000250236007879617,0.618381618381618,0.0912847885764014,"ns","ColaDeBallena","metastat"
"1268","ColaDeBallena - EsteroZacatecas","k__Bacteria|p__Actinomycetota|c__Actinobacteria|o__Euzebyales|f__Euzebyaceae|g__|s__|ASV_8144",0.000123192003306051,1.04317975803142e-07,9.32371420103697e-05,0.000215102628056041,2.89363930091749e-07,0.00015528573933552,0.619380619380619,0.0913601525029002,"ns","EsteroZacatecas","metastat"
"1269","ColaDeBallena - EsteroZacatecas","k__Bacteria|p__Bacteroidota|c__Bacteroidia|o__Cytophagales|f__Cyclobacteriaceae|g__Fulvivirga|s__|ASV_2769",0.000788719029408527,1.96814049605505e-06,0.000404983589796658,0.000544118432583794,6.60027666341036e-07,0.000234525703342767,0.629370629370629,0.0927605483431414,"ns","ColaDeBallena","metastat"
"1270","ColaDeBallena - EsteroZacatecas","k__Bacteria|p__Chloroflexota|c__Anaerolineae|o__Aggregatilineales|f__Aggregatilineaceae|g__|s__|ASV_4295",0.000249396693760724,2.14906623170371e-07,0.000133824083274266,0.000171226200978413,6.7429930530115e-08,7.49610624091573e-05,0.649350649350649,0.095629969129909,"ns","ColaDeBallena","metastat"
"1271","ColaDeBallena - EsteroZacatecas","k__Bacteria|p__Actinomycetota|c__Actinobacteria|o__Propionibacteriales|f__Nocardioidaceae|g__Nocardioides|s__|ASV_1358",0.000188593879340772,3.55355560938602e-07,0.000172084175366447,0.000315142323212267,3.93122199944443e-07,0.000180997743987884,0.659340659340659,0.0970248019423709,"ns","EsteroZacatecas","metastat"
"1272","ColaDeBallena - EsteroZacatecas","k__Bacteria|p__Pseudomonadota|c__Alphaproteobacteria|o__Sphingomonadales|f__Sphingomonadaceae|g__|s__|ASV_9738",0.000258707140357713,3.8975486696192e-07,0.000180220898474141,0.000553357224736631,1.86008654277201e-06,0.000393709552713251,0.661338661338661,0.0972423079901787,"ns","EsteroZacatecas","metastat"
"1273","ColaDeBallena - EsteroZacatecas","k__Bacteria|p__Bacteroidota|c__Bacteroidia|o__Cytophagales|f__Cyclobacteriaceae|g__Tunicatimonas|s__|ASV_7152",0.000289192070169128,2.97805190316466e-07,0.000157534438117635,0.00019257825172445,2.0425251457437e-07,0.000130464718913573,0.674325674325674,0.0990740117670125,"ns","ColaDeBallena","metastat"
"1274","ColaDeBallena - EsteroZacatecas","k__Bacteria|p__Actinomycetota|c__Acidimicrobiia|o__Microtrichales|f__Ilumatobacteraceae|g__Ilumatobacter|s__|ASV_249",0.0023133218534181,3.42040537650043e-06,0.000533885550820619,0.00270724052336865,6.56571793682846e-06,0.000739691260866567,0.686313686313686,0.100756178923022,"ns","EsteroZacatecas","metastat"
"1275","ColaDeBallena - EsteroZacatecas","k__Bacteria|p__Pseudomonadota|c__Alphaproteobacteria|o__Rhodospirillales|f__Magnetospiraceae|g__|s__|ASV_8657",0.000207326260544327,1.66177131703945e-07,0.000117677926174207,0.000139872920867572,7.16986080042967e-08,7.7297373825752e-05,0.687312687312687,0.100823700545339,"ns","ColaDeBallena","metastat"
"1276","ColaDeBallena - EsteroZacatecas","k__Bacteria|p__Pseudomonadota|c__Alphaproteobacteria|o__Sphingomonadales|f__Sphingomonadaceae|g__Croceibacterium|s__|ASV_4473",0.000447964717924328,4.71837457441456e-07,0.000198292178666031,0.000349794808385991,2.90120899063233e-07,0.00015548871852518,0.689310689310689,0.101037547562743,"ns","ColaDeBallena","metastat"
"1277","ColaDeBallena - EsteroZacatecas","k__Bacteria|p__Actinomycetota|c__Acidimicrobiia|o__Microtrichales|f__Microtrichaceae|g__|s__|ASV_11033",0.00031300085003616,4.85284734199234e-07,0.000201097972432849,0.000500834866007952,1.14831720667564e-06,0.00030934301439713,0.695304695304695,0.101836325900017,"ns","EsteroZacatecas","metastat"
"1278","ColaDeBallena - EsteroZacatecas","k__Bacteria|p__Bacteroidota|c__Bacteroidia|o__Flavobacteriales|f__Flavobacteriaceae|g__Maribacter|s__|ASV_12000",0.000198317523456072,1.8630896750983e-07,0.000124602356689132,0.000267840151111173,1.78658621808646e-07,0.000122017287644226,0.701298701298701,0.102633854192945,"ns","EsteroZacatecas","metastat"
"1279","ColaDeBallena - EsteroZacatecas","k__Bacteria|p__Pseudomonadota|c__Alphaproteobacteria|o__Hyphomicrobiales|f__Rhizobiaceae|g__|s__|ASV_8289",0.000522366121902334,1.21625992270289e-06,0.000318362990246313,0.000693185228350195,1.25238584393267e-06,0.000323056476478013,0.703296703296703,0.102845784326299,"ns","EsteroZacatecas","metastat"
"1280","ColaDeBallena - EsteroZacatecas","k__Bacteria|p__Pseudomonadota|c__Gammaproteobacteria|o__Pseudomonadales|f__Cellvibrionaceae|g__|s__|ASV_6741",0.00093706473785188,1.27709729208149e-06,0.000326228101702052,0.000774430627059831,7.98066236666651e-07,0.000257886641224824,0.705294705294705,0.103057383318821,"ns","ColaDeBallena","metastat"
"1281","ColaDeBallena - EsteroZacatecas","k__Bacteria|p__Rhodothermota|c__Rhodothermia|o__Rhodothermales|f__Rhodothermaceae|g__Rubrivirga|s__|ASV_9879",0.00141181059145556,3.01283677732072e-06,0.000501068589559747,0.00117341993347373,1.91452283228829e-06,0.000399429054222847,0.708291708291708,0.103414511623904,"ns","ColaDeBallena","metastat"
"1282","ColaDeBallena - EsteroZacatecas","k__Bacteria|p__Pseudomonadota|c__Alphaproteobacteria|o__Hyphomicrobiales|f__Rhodomicrobiaceae|g__Rhodomicrobium|s__|ASV_10200",0.000383632684557724,6.34576007948462e-07,0.000229959418149606,0.000602868136750991,1.91475745767015e-06,0.000399453528551836,0.713286713286713,0.104062574592126,"ns","EsteroZacatecas","metastat"
"1283","ColaDeBallena - EsteroZacatecas","k__Bacteria|p__Bacteroidota|c__Bacteroidia|o__Cytophagales|f__Cyclobacteriaceae|g__Tunicatimonas|s__|ASV_14216",0.00120089615938199,4.14653697741324e-06,0.000587830543709469,0.000954708556584099,1.65335718510127e-06,0.000371186968285669,0.718281718281718,0.104709627329689,"ns","ColaDeBallena","metastat"
"1284","ColaDeBallena - EsteroZacatecas","k__Bacteria|p__Planctomycetota|c__Planctomycetes|o__Pirellulales|f__Pirellulaceae|g__Blastopirellula|s__|ASV_5985",0.000359973877285154,1.36973661532784e-07,0.000106838531412589,0.000415101396320617,2.04962905125264e-07,0.000130691400228829,0.72027972027972,0.104919115544193,"ns","EsteroZacatecas","metastat"
"1285","ColaDeBallena - EsteroZacatecas","k__Bacteria|p__Planctomycetota|c__Planctomycetes|o__Pirellulales|f__Pirellulaceae|g__Bythopirellula|s__|ASV_14072",0.000196556552689118,1.36190811163983e-07,0.000106532784924009,0.000148520955722154,1.20092014297237e-07,0.000100038331943826,0.726273726273726,0.105690806597034,"ns","ColaDeBallena","metastat"
"1286","ColaDeBallena - EsteroZacatecas","k__Bacteria|p__Planctomycetota|c__Planctomycetes|o__Pirellulales|f__Pirellulaceae|g__Pir4_lineage|s__|ASV_11433",0.000293968688089666,3.35059065250624e-07,0.000167097542683564,0.000370628972814682,2.27052567051046e-07,0.000137553797672961,0.727272727272727,0.105690806597034,"ns","EsteroZacatecas","metastat"
"1287","ColaDeBallena - EsteroZacatecas","k__Bacteria|p__Pseudomonadota|c__Alphaproteobacteria|o__Rhodobacterales|f__Paracoccaceae|g__Actibacterium|s__|ASV_14718",0.000119077996087437,1.70154829826397e-07,0.000119077996087437,0.000138595807159778,1.07391801076973e-07,9.46008285186468e-05,0.727272727272727,0.105690806597034,"ns","EsteroZacatecas","metastat"
"1288","ColaDeBallena - EsteroZacatecas","k__Bacteria|p__Pseudomonadota|c__Gammaproteobacteria|o__Pseudomonadales|f__Marinomonadaceae|g__Marinomonas|s__|ASV_8306",0.00058106076121261,6.6402098519948e-07,0.000235234100631598,0.000942428477614038,4.21049616828862e-06,0.000592346757136998,0.729270729270729,0.105734698128013,"ns","EsteroZacatecas","metastat"
"1289","ColaDeBallena - EsteroZacatecas","k__Bacteria|p__Pseudomonadota|c__Gammaproteobacteria|o__Enterobacterales|f__Vibrionaceae|g__Vibrio|s__|ASV_13283",0.000265698627330465,8.4714912678352e-07,0.000265698627330465,0.000155504898653095,1.42723996429844e-07,0.000109058087133205,0.729270729270729,0.105734698128013,"ns","ColaDeBallena","metastat"
"1290","ColaDeBallena - EsteroZacatecas","k__Bacteria|p__Balneolota|c__Balneolia|o__Balneolales|f__Balneolaceae|g__|s__|ASV_1297",0.000116444427213039,5.25287942047902e-08,6.61619189342771e-05,0.00015171128497774,6.28792147140996e-08,7.23873922690153e-05,0.729270729270729,0.105734698128013,"ns","EsteroZacatecas","metastat"
"1291","ColaDeBallena - EsteroZacatecas","k__Bacteria|p__Acidobacteriota|c__Blastocatellia|o__Blastocatellales|f__Blastocatellaceae|g__Blastocatella|s__|ASV_6534",0.000119431836396347,3.63664094089377e-08,5.50502871692008e-05,0.000221572109592965,3.43960484227413e-07,0.000169302609801556,0.73026973026973,0.105797526593736,"ns","EsteroZacatecas","metastat"
"1292","ColaDeBallena - EsteroZacatecas","k__Bacteria|p__Pseudomonadota|c__Alphaproteobacteria|o__Rhodobacterales|f__Paracoccaceae|g__Actibacterium|s__|ASV_1137",0.000218931610283818,2.63109474973971e-07,0.00014807359515175,0.000119187840035897,1.7046889454907e-07,0.000119187840035897,0.732267732267732,0.105985429346711,"ns","ColaDeBallena","metastat"
"1293","ColaDeBallena - EsteroZacatecas","k__Bacteria|p__Pseudomonadota|c__Alphaproteobacteria|o__Sphingomonadales|f__Sphingomonadaceae|g__Parasphingopyxis|s__|ASV_5701",0.000380134961913064,6.39550330306017e-07,0.00023085896313298,0.00057426027798118,1.62039014560494e-06,0.000367467702164075,0.733266733266733,0.105985429346711,"ns","EsteroZacatecas","metastat"
"1294","ColaDeBallena - EsteroZacatecas","k__Bacteria|p__Pseudomonadota|c__Alphaproteobacteria|o__Sphingomonadales|f__Sphingomonadaceae|g__|s__|ASV_4793",0.000293047909118991,4.8363964166296e-07,0.000200756826713099,0.000207692306704102,3.21228532069297e-07,0.000163612482222806,0.733266733266733,0.105985429346711,"ns","ColaDeBallena","metastat"
"1295","ColaDeBallena - EsteroZacatecas","k__Bacteria|p__Rhodothermota|c__Rhodothermia|o__Rhodothermales|f__Rhodothermaceae|g__|s__|ASV_11225",0.00296317203339793,1.21777419298916e-05,0.00100737869120354,0.00248559541402171,9.58861896288011e-06,0.000893896851006876,0.736263736263736,0.106336435765849,"ns","ColaDeBallena","metastat"
"1296","ColaDeBallena - EsteroZacatecas","k__Bacteria|p__Bacteroidota|c__Bacteroidia|o__Flavobacteriales|f__Flavobacteriaceae|g__Robiginitalea|s__|ASV_13586",0.000215887165851997,2.57467358893996e-07,0.000146477347194596,0.000399455025503715,1.19966772609478e-06,0.000316183982054592,0.738261738261738,0.106542729021241,"ns","EsteroZacatecas","metastat"
"1297","ColaDeBallena - EsteroZacatecas","k__Bacteria|p__Pseudomonadota|c__Alphaproteobacteria|o__Rhodobacterales|f__Paracoccaceae|g__|s__|ASV_6066",0.000300038031690599,4.89209218727473e-07,0.000201909472026342,0.000375400924447555,4.38361436910312e-07,0.000191128542459063,0.74025974025974,0.106748704168298,"ns","EsteroZacatecas","metastat"
"1298","ColaDeBallena - EsteroZacatecas","k__Bacteria|p__Chloroflexota|c__Anaerolineae|o__Anaerolineales|f__Anaerolineaceae|g__|s__|ASV_12486",0.000718048586315192,1.15281554067404e-06,0.000309948321051812,0.000594722764241533,2.78317685230621e-07,0.000152292942830208,0.745254745254745,0.107386209971623,"ns","ColaDeBallena","metastat"
"1299","ColaDeBallena - EsteroZacatecas","k__Bacteria|p__Pseudomonadota|c__Gammaproteobacteria|o__Pseudomonadales|f__Marinomonadaceae|g__Marinomonas|s__|ASV_10996",0.000307433765361707,2.90798869577377e-07,0.000155670289816163,0.000425624943466264,9.88263002526784e-07,0.000286976044663253,0.749250749250749,0.107878895714145,"ns","EsteroZacatecas","metastat"
"1300","ColaDeBallena - EsteroZacatecas","k__Bacteria|p__Pseudomonadota|c__Alphaproteobacteria|o__Sphingomonadales|f__Sphingomonadaceae|g__Parasphingopyxis|s__|ASV_11607",0.000154779768494973,8.68051915586001e-08,8.50515488584228e-05,0.000336903266006027,8.96081865544236e-07,0.000273264503357741,0.75024975024975,0.107939639830809,"ns","EsteroZacatecas","metastat"
"1301","ColaDeBallena - EsteroZacatecas","k__Bacteria|p__Actinomycetota|c__Actinobacteria|o__Nitriliruptorales|f__Nitriliruptoraceae|g__|s__|ASV_5219",0.000438533417157733,4.27804940861907e-07,0.000188813166221247,0.000365351315173097,2.89212540290788e-07,0.000155245112722534,0.752247752247752,0.108143907974485,"ns","ColaDeBallena","metastat"
"1302","ColaDeBallena - EsteroZacatecas","k__Bacteria|p__Pseudomonadota|c__Alphaproteobacteria|o__Sphingomonadales|f__Sphingomonadaceae|g__Croceibacterium|s__|ASV_7944",0.000115889428754367,1.0531473690529e-07,9.3681524728416e-05,0.000162545057316388,6.43960373502346e-08,7.32552827163535e-05,0.755244755244755,0.108491369444651,"ns","EsteroZacatecas","metastat"
"1303","ColaDeBallena - EsteroZacatecas","k__Bacteria|p__Rhodothermota|c__Rhodothermia|o__Rhodothermales|f__Rhodothermaceae|g__|s__|ASV_13435",0.000794758122284196,1.0634379385005e-06,0.000297690826543874,0.000669840145698098,8.14002003150468e-07,0.000260448651873146,0.756243756243756,0.108551503656418,"ns","ColaDeBallena","metastat"
"1304","ColaDeBallena - EsteroZacatecas","k__Bacteria|p__Pseudomonadota|c__Alphaproteobacteria|o__Rhodobacterales|f__Paracoccaceae|g__Limibaculum|s__|ASV_3822",0.000407808380853823,3.118259563174e-07,0.000161200174813129,0.000345100194320847,2.62700679283665e-07,0.000147958518759951,0.757242757242757,0.108611545637799,"ns","ColaDeBallena","metastat"
"1305","ColaDeBallena - EsteroZacatecas","k__Bacteria|p__Rhodothermota|c__Rhodothermia|o__Rhodothermales|f__Rhodothermaceae|g__|s__|ASV_13433",0.000317175759276405,2.02871627143393e-07,0.000130022955391023,0.000379903497139031,3.12835366230619e-07,0.000161460874061029,0.761238761238761,0.109101027203983,"ns","EsteroZacatecas","metastat"
"1306","ColaDeBallena - EsteroZacatecas","k__Bacteria|p__Bacteroidota|c__Bacteroidia|o__Cytophagales|f__Cyclobacteriaceae|g__Fulvivirga|s__|ASV_9556",0.00144864171228083,9.11027416666107e-07,0.000275533938724148,0.00163557093408375,2.9630727384048e-06,0.000496913199865328,0.775224775224775,0.110935491939154,"ns","EsteroZacatecas","metastat"
"1307","ColaDeBallena - EsteroZacatecas","k__Bacteria|p__Myxococcota|c__Polyangiia|o__Polyangiales|f__Sandaracinaceae|g__|s__|ASV_7463",0.000447458690801364,4.73989544697001e-07,0.000198743877200658,0.000511312470996266,1.82676246581902e-07,0.000123381605389506,0.775224775224775,0.110935491939154,"ns","EsteroZacatecas","metastat"
"1308","ColaDeBallena - EsteroZacatecas","k__Bacteria|p__Pseudomonadota|c__Gammaproteobacteria|o__Tenderiales|f__Tenderiaceae|g__Candidatus_Tenderia|s__|ASV_5531",0.000235768088569911,1.66962613741399e-07,0.000117955716881873,0.000340183264163392,5.84469877879676e-07,0.00022069395813352,0.786213786213786,0.112422015814694,"ns","EsteroZacatecas","metastat"
"1309","ColaDeBallena - EsteroZacatecas","k__Bacteria|p__Pseudomonadota|c__Alphaproteobacteria|o__Rhodobacterales|f__Paracoccaceae|g__Palleronia-Pseudomaribius|s__|ASV_9440",0.000874414371324917,8.15153424442581e-07,0.000260632791561004,0.0010221693867102,2.92390046086245e-06,0.000493617637183415,0.793206793206793,0.113335309715247,"ns","EsteroZacatecas","metastat"
"1310","ColaDeBallena - EsteroZacatecas","k__Bacteria|p__Rhodothermota|c__Rhodothermia|o__Rhodothermales|f__Rhodothermaceae|g__Rubrivirga|s__|ASV_6541",0.000452412419619428,3.72479167305905e-07,0.000176181527433569,0.000382950751057798,5.01587010800955e-07,0.000204447835808419,0.798201798201798,0.11396194782759,"ns","ColaDeBallena","metastat"
"1311","ColaDeBallena - EsteroZacatecas","k__Bacteria|p__Pseudomonadota|c__Alphaproteobacteria|o__Sphingomonadales|f__Sphingomonadaceae|g__Sphingomicrobium|s__|ASV_429",0.00284105037325734,1.5401556066883e-05,0.00113290026285352,0.00225395783927984,3.33155846655929e-05,0.00166622289089207,0.801198801198801,0.114302586114625,"ns","ColaDeBallena","metastat"
"1312","ColaDeBallena - EsteroZacatecas","k__Bacteria|p__Pseudomonadota|c__Gammaproteobacteria|o__Enterobacterales|f__Alteromonadaceae|g__|s__|ASV_4951",0.000476587596318529,4.69203602897168e-07,0.000197737958524484,0.00040897198806234,1.46013433097574e-07,0.000110307688269968,0.811188811188811,0.115639598224117,"ns","ColaDeBallena","metastat"
"1313","ColaDeBallena - EsteroZacatecas","k__Bacteria|p__Thermodesulfobacteriota|c__Desulfobacteria|o__Desulfobacterales|f__Desulfosarcinaceae|g__|s__|ASV_7814",0.000638379022628119,5.93953159644824e-07,0.000222477182284091,0.000720419326228636,7.95660968217314e-07,0.000257497729474992,0.813186813186813,0.115836135083622,"ns","EsteroZacatecas","metastat"
"1314","ColaDeBallena - EsteroZacatecas","k__Bacteria|p__Cyanobacteriota|c__Cyanobacteriia|o__Cyanobacteriales|f__Xenococcaceae|g__|s__|ASV_11687",0.000425278557455133,2.17034221717343e-06,0.000425278557455133,0.000595675867066603,5.46825761399111e-07,0.000213468530350321,0.822177822177822,0.117027748547327,"ns","EsteroZacatecas","metastat"
"1315","ColaDeBallena - EsteroZacatecas","k__Bacteria|p__Pseudomonadota|c__Alphaproteobacteria|o__Hyphomicrobiales|f__Rhizobiaceae|g__|s__|ASV_4948",0.001220575670267,4.19513218642254e-07,0.000186974423082021,0.00111350572803046,1.6114815307027e-06,0.000366456174130766,0.824175824175824,0.117222930863834,"ns","ColaDeBallena","metastat"
"1316","ColaDeBallena - EsteroZacatecas","k__Bacteria|p__Pseudomonadota|c__Alphaproteobacteria|o__Rhodobacterales|f__Paracoccaceae|g__Maribius|s__|ASV_4361",0.00112204970731394,1.25934522751063e-06,0.000323952829322242,0.00103829056601784,9.84789573703382e-07,0.000286471286185222,0.83016983016983,0.11798573827523,"ns","ColaDeBallena","metastat"
"1317","ColaDeBallena - EsteroZacatecas","k__Bacteria|p__Rhodothermota|c__Rhodothermia|o__Rhodothermales|f__Rhodothermaceae|g__Rubrivirga|s__|ASV_7122",0.00264077883927987,1.2448586812511e-05,0.00101851962886138,0.00234045286806684,9.89138077662061e-06,0.000907899626272118,0.831168831168831,0.118038024159135,"ns","ColaDeBallena","metastat"
"1318","ColaDeBallena - EsteroZacatecas","k__Bacteria|p__Chloroflexota|c__Anaerolineae|o__Caldilineales|f__Caldilineaceae|g__|s__|ASV_1846",0.000783836788340936,1.00712596738224e-06,0.000289701853546918,0.000856862809521823,5.33353406087381e-07,0.000210822477866921,0.833166833166833,0.118231995684624,"ns","EsteroZacatecas","metastat"
"1319","ColaDeBallena - EsteroZacatecas","k__Bacteria|p__Rhodothermota|c__Rhodothermia|o__Rhodothermales|f__Rhodothermaceae|g__|s__|ASV_15308",0.000222939750800487,2.89049033491983e-07,0.000155201222474777,0.000252404759152071,3.08135769254101e-07,0.000160243504614618,0.835164835164835,0.118425673091045,"ns","EsteroZacatecas","metastat"
"1320","ColaDeBallena - EsteroZacatecas","k__Bacteria|p__Thermodesulfobacteriota|c__Desulfobacteria|o__Desulfobacterales|f__Desulfosarcinaceae|g__SEEP-SRB1|s__|ASV_13449",0.000196948077567201,5.737950545411e-08,6.9149298293686e-05,0.000177349168237286,6.7263090885837e-08,7.48682681369067e-05,0.843156843156843,0.11946835817129,"ns","ColaDeBallena","metastat"
"1321","ColaDeBallena - EsteroZacatecas","k__Bacteria|p__Pseudomonadota|c__Alphaproteobacteria|o__Sphingomonadales|f__Sphingomonadaceae|g__Altererythrobacter|s__|ASV_2841",0.000899973039859138,1.69697142113768e-06,0.000376050907584075,0.000974810708269726,1.58539945605445e-06,0.0003634785018923,0.863136863136863,0.122206781024709,"ns","EsteroZacatecas","metastat"
"1322","ColaDeBallena - EsteroZacatecas","k__Bacteria|p__Bacteroidota|c__Bacteroidia|o__Flavobacteriales|f__Flavobacteriaceae|g__Robiginitalea|s__|ASV_12043",0.000143141213349763,1.16521514227494e-07,9.85399725270132e-05,0.000156855892150009,1.26551124024671e-07,0.000102693363963091,0.874125874125874,0.123669036652638,"ns","EsteroZacatecas","metastat"
"1323","ColaDeBallena - EsteroZacatecas","k__Bacteria|p__Cyanobacteriota|c__Cyanobacteriia|o__Cyanobacteriales|f__Xenococcaceae|g__Pleurocapsa_PCC-7319|s__|ASV_1835",0.000173300059721867,3.60394928395231e-07,0.000173300059721867,0.000129728797311657,6.22787005280635e-08,7.20409030389817e-05,0.876123876123876,0.123858018858307,"ns","ColaDeBallena","metastat"
"1324","ColaDeBallena - EsteroZacatecas","k__Bacteria|p__Pseudomonadota|c__Alphaproteobacteria|o__Caulobacterales|f__Hyphomonadaceae|g__Euryhalocaulis|s__|ASV_12273",0.00116620000364082,3.0535539202424e-06,0.000504443085676538,0.00105658059455207,3.82533519485181e-06,0.000564604226785735,0.877122877122877,0.123905593049031,"ns","ColaDeBallena","metastat"
"1325","ColaDeBallena - EsteroZacatecas","k__Bacteria|p__Rhodothermota|c__Rhodothermia|o__Rhodothermales|f__Rhodothermaceae|g__|s__|ASV_10153",0.000355683678553634,7.41627531617851e-07,0.000248600672367328,0.000402108266969776,1.69200344197974e-07,0.000118743541648228,0.886113886113886,0.125081223715705,"ns","EsteroZacatecas","metastat"
"1326","ColaDeBallena - EsteroZacatecas","k__Bacteria|p__Pseudomonadota|c__Alphaproteobacteria|o__Rhodobacterales|f__Paracoccaceae|g__|s__|ASV_6341",0.000306266675769768,4.32477268921877e-07,0.000189841440181422,0.000335480158719425,1.70579490259881e-07,0.000119226496726427,0.896103896103896,0.126395990872608,"ns","EsteroZacatecas","metastat"
"1327","ColaDeBallena - EsteroZacatecas","k__Bacteria|p__Actinomycetota|c__Actinobacteria|o__Micrococcales|f__Intrasporangiaceae|g__|s__|ASV_82",0.00858909333785203,1.7747031737687e-05,0.00121610826470093,0.00817256357509327,0.000129498801645477,0.00328505202451799,0.908091908091908,0.127990383470687,"ns","ColaDeBallena","metastat"
"1328","ColaDeBallena - EsteroZacatecas","k__Bacteria|p__Cyanobacteriota|c__Cyanobacteriia|o__Cyanobacteriales|f__Xenococcaceae|g__Myxosarcina_GI1|s__|ASV_4818",0.00126026439601424,6.37522835712095e-06,0.000728882041046478,0.00137364214871054,3.01578550668215e-06,0.000501313732995795,0.909090909090909,0.128034702645315,"ns","EsteroZacatecas","metastat"
"1329","ColaDeBallena - EsteroZacatecas","k__Bacteria|p__Bacteroidota|c__Bacteroidia|o__Flavobacteriales|f__Flavobacteriaceae|g__Sungkyunkwania|s__|ASV_12555",0.000179611736186977,2.05391950685576e-07,0.000130828115825554,0.000173550058318421,1.21855016162314e-07,0.000100769959215,0.915084915084915,0.128781913165718,"ns","ColaDeBallena","metastat"
"1330","ColaDeBallena - EsteroZacatecas","k__Bacteria|p__Actinomycetota|c__Acidimicrobiia|o__Microtrichales|f__Iamiaceae|g__Iamia|s__|ASV_5513",0.00151002956136206,9.3023815945079e-07,0.000278423861443123,0.00158663053084718,5.73924746680059e-06,0.000691571125939612,0.917082917082917,0.128966056460145,"ns","EsteroZacatecas","metastat"
"1331","ColaDeBallena - EsteroZacatecas","k__Bacteria|p__Myxococcota|c__Polyangiia|o__Polyangiales|f__Sandaracinaceae|g__|s__|ASV_10160",0.000366839248073889,4.02044596140263e-07,0.000183040204176629,0.000344154555241254,4.61190447485172e-07,0.000196042182426209,0.929070929070929,0.130553726566879,"ns","ColaDeBallena","metastat"
"1332","ColaDeBallena - EsteroZacatecas","k__Bacteria|p__Pseudomonadota|c__Gammaproteobacteria|o__Pseudomonadales|f__Halieaceae|g__Haliea|s__|ASV_5047",0.000590308742493272,5.14401923982268e-07,0.0002070430559051,0.000608807183297892,2.91972146686543e-07,0.000155984012718864,0.939060939060939,0.131858462863577,"ns","EsteroZacatecas","metastat"
"1333","ColaDeBallena - EsteroZacatecas","k__Bacteria|p__Pseudomonadota|c__Gammaproteobacteria|o__Chromatiales|f__Sedimenticolaceae|g__Candidatus_Thiodiazotropha|s__|ASV_13335",0.000327464489240453,1.28679590056213e-06,0.000327464489240452,0.000165824925460521,9.86956224072731e-08,9.06897745096221e-05,0.94005994005994,0.13189971401475,"ns","ColaDeBallena","metastat"
"1334","ColaDeBallena - EsteroZacatecas","k__Bacteria|p__Rhodothermota|c__Rhodothermia|o__Rhodothermales|f__Rhodothermaceae|g__|s__|ASV_14091",0.00581482822957543,2.67698882417195e-05,0.00149359432917486,0.00600265502413148,5.37760584383116e-05,0.0021169171460387,0.954045954045954,0.133761743811798,"ns","EsteroZacatecas","metastat"
"1335","ColaDeBallena - EsteroZacatecas","k__Bacteria|p__Rhodothermota|c__Rhodothermia|o__Rhodothermales|f__Rhodothermaceae|g__Rubrivirga|s__|ASV_5056",0.000850648821467024,2.19565985790149e-06,0.000427751861276049,0.000890584974117731,3.29455464837498e-06,0.000523971583864922,0.958041958041958,0.134221386692469,"ns","EsteroZacatecas","metastat"
"1336","ColaDeBallena - EsteroZacatecas","k__Bacteria|p__Pseudomonadota|c__Alphaproteobacteria|o__Rhodobacterales|f__Paracoccaceae|g__Palleronia-Pseudomaribius|s__|ASV_12419",0.000324229286348135,2.34589014934361e-07,0.000139818040959897,0.000320257196028235,2.04153734993281e-07,0.000130433167750538,0.966033966033966,0.135239761387322,"ns","ColaDeBallena","metastat"
"1337","ColaDeBallena - EsteroZacatecas","k__Bacteria|p__Actinomycetota|c__Actinobacteria|o__Mycobacteriales|f__Mycobacteriaceae|g__Mycobacterium|s__|ASV_6684",0.00177687548525849,4.8425123390294e-06,0.000635250104225978,0.0018404571782397,1.44044877392371e-05,0.00109561579865834,0.974025974025974,0.136256612709407,"ns","EsteroZacatecas","metastat"
"1338","ColaDeBallena - EsteroZacatecas","k__Bacteria|p__Pseudomonadota|c__Gammaproteobacteria|o__Enterobacterales|f__Vibrionaceae|g__Vibrio|s__|ASV_10629",0.000416509499925216,3.29741755813593e-07,0.000165766340525249,0.0012834392252727,1.86906393097732e-05,0.00124801974175669,0.979020979020979,0.136853006299971,"ns","EsteroZacatecas","metastat"
"1339","ColaDeBallena - EsteroZacatecas","k__Bacteria|p__Rhodothermota|c__Rhodothermia|o__Rhodothermales|f__Rhodothermaceae|g__|s__|ASV_229",0.000316144782702655,1.82256030400362e-07,0.000123239614302234,0.000310775879315159,2.17405891271149e-07,0.00013459999110672,0.982017982017982,0.137169425818889,"ns","ColaDeBallena","metastat"
"1340","ColaDeBallena - EsteroZacatecas","k__Bacteria|p__Pseudomonadota|c__Alphaproteobacteria|o__Caulobacterales|f__Hyphomonadaceae|g__Litorimonas|s__|ASV_15428",0.000211024310493877,5.90512013012693e-08,7.01493652271526e-05,0.000210336855490174,7.19022637272047e-08,7.74070753264867e-05,0.983016983016983,0.137206498073783,"ns","ColaDeBallena","metastat"
"1341","ColaDeBallena - EsteroZacatecas","k__Bacteria|p__Pseudomonadota|c__Alphaproteobacteria|o__Rhodobacterales|f__Paracoccaceae|g__Marivita|s__|ASV_9078",0.0012504763267491,5.12152598630846e-06,0.000653294598318685,0.00121636747202807,3.85315780036969e-06,0.000566653759684113,0.988011988011988,0.137734761655346,"ns","ColaDeBallena","metastat"
"1342","ColaDeBallena - EsteroZacatecas","k__Bacteria|p__Pseudomonadota|c__Alphaproteobacteria|o__Rhodobacterales|f__Paracoccaceae|g__|s__|ASV_1163",0.00192092595210106,3.79097286188583e-06,0.000562062634549881,0.00193356663758044,5.61207759787083e-06,0.000683866312341749,0.989010989010989,0.137734761655346,"ns","EsteroZacatecas","metastat"
"1343","ColaDeBallena - EsteroZacatecas","k__Bacteria|p__Bacteroidota|c__Bacteroidia|o__Cytophagales|f__Cyclobacteriaceae|g__Marinoscillum|s__|ASV_9611",0.000467553395322381,2.51375774618543e-07,0.000144734174327323,0.000469479241878207,2.94017429490556e-07,0.000156529398061662,0.989010989010989,0.137734761655346,"ns","EsteroZacatecas","metastat"
"1344","ColaDeBallena - EsteroZacatecas","k__Bacteria|p__Rhodothermota|c__Rhodothermia|o__Rhodothermales|f__Rhodothermaceae|g__|s__|ASV_9391",0.000661639009072428,7.01084293318998e-07,0.000241709931756882,0.000665263870658421,7.95547069952967e-07,0.000257479298513001,0.995004995004995,0.138466415466809,"ns","EsteroZacatecas","metastat"
"1345","ColaDeBallena - EsteroZacatecas","k__Bacteria|p__Rhodothermota|c__Rhodothermia|o__Rhodothermales|f__Rhodothermaceae|g__|s__|ASV_12658",0.00127221770371571,2.59149601198703e-06,0.000464712815617258,0.00127739561521682,2.09296160150669e-06,0.00041762838360464,0.996003996003996,0.138502385602058,"ns","EsteroZacatecas","metastat"
"1346","ColaDeBallena - EsteroZacatecas","k__Bacteria|p__Pseudomonadota|c__Alphaproteobacteria|o__|f__Neomegalonemataceae|g__Acuticoccus|s__|ASV_10139",0.000534797223980777,2.60878960205099e-07,0.000147444611127111,0.000529359658403592,8.99346122197393e-07,0.000273761776336866,0.997002997002997,0.138538302289855,"ns","ColaDeBallena","metastat"
