Phylum	Class	Order	Family	Genus	contribution	n_asvs	n_ecs	n_samples	pct
Actinomycetota	Actinobacteria	Euzebyales	Euzebyaceae	Unclassified	321086	52	9	24	6.01
Rhodothermota	Rhodothermia	Rhodothermales	Rhodothermaceae	Unclassified	246975	309	9	24	4.62
Actinomycetota	Actinobacteria	Nitriliruptorales	Nitriliruptoraceae	Unclassified	220565	96	8	24	4.13
Pseudomonadota	Alphaproteobacteria	Sphingomonadales	Sphingomonadaceae	Unclassified	177885.75	175	9	24	3.33
Bacteroidota	Bacteroidia	Cytophagales	Cyclobacteriaceae	Tunicatimonas	162324	103	9	24	3.04
Pseudomonadota	Alphaproteobacteria	Rhodobacterales	Paracoccaceae	Unclassified	157357.91	396	9	24	2.94
Cyanobacteriota	Cyanobacteriia	Cyanobacteriales	Nostocaceae	Rivularia_PCC-7116	153263.2	16	8	12	2.87
Actinomycetota	Acidimicrobiia	Microtrichales	Ilumatobacteraceae	Ilumatobacter	147987	53	9	24	2.77
Rhodothermota	Rhodothermia	Rhodothermales	Rhodothermaceae	Rubrivirga	108289	93	7	24	2.03
Bacteroidota	Bacteroidia	Chitinophagales	Saprospiraceae	Lewinella	94298	89	8	24	1.76
Actinomycetota	Rubrobacteria	Rubrobacterales	Rubrobacteriaceae	Rubrobacter	91184	30	8	24	1.71
Pseudomonadota	Alphaproteobacteria	Rhodobacterales	Paracoccaceae	Palleronia-Pseudomaribius	88485	42	5	23	1.66
Bacteroidota	Bacteroidia	Flavobacteriales	Flavobacteriaceae	Gramella	85285.28	24	9	23	1.6
Pseudomonadota	Alphaproteobacteria	Hyphomicrobiales	Rhizobiaceae	Fulvimarina	83699	18	7	24	1.57
Myxococcota	Polyangiia	Polyangiales	Sandaracinaceae	Unclassified	73935	169	9	24	1.38
Thermodesulfobacteriota	Desulfobulbia	Desulfobulbales	Desulfocapsaceae	Unclassified	68113	48	9	24	1.27
Pseudomonadota	Gammaproteobacteria	Unclassified	Unclassified	Unclassified	63390.75	360	10	24	1.19
Pseudomonadota	Alphaproteobacteria	Sphingomonadales	Sphingomonadaceae	Sphingomicrobium	61812	32	6	24	1.16
Actinomycetota	Actinobacteria	Propionibacteriales	Nocardioidaceae	Nocardioides	60329	30	9	18	1.13
Pseudomonadota	Alphaproteobacteria	Sphingomonadales	Sphingomonadaceae	Aurantiacibacter	57553	24	8	24	1.08
Chloroflexota	Anaerolineae	Aggregatilineales	A4b	Unclassified	55826.5	172	9	24	1.04
Bacteroidota	Bacteroidia	Chitinophagales	Saprospiraceae	Unclassified	53078	338	10	24	0.99
Pseudomonadota	Alphaproteobacteria	Sphingomonadales	Sphingomonadaceae	Pacificimonas	51570	18	7	24	0.97
Pseudomonadota	Gammaproteobacteria	Steroidobacterales	Woeseiaceae	Woeseia	45667	82	8	24	0.85
Bacteroidota	Bacteroidia	Cytophagales	Cyclobacteriaceae	Unclassified	45513	237	9	24	0.85
Actinomycetota	Acidimicrobiia	Actinomarinales	Unclassified	Unclassified	44529	63	9	24	0.83
Actinomycetota	Actinobacteria	Micrococcales	Intrasporangiaceae	Unclassified	44038	4	8	23	0.82
Bacteroidota	Bacteroidia	Flavobacteriales	Flavobacteriaceae	Unclassified	43545.77	158	9	24	0.81
Acidobacteriota	Thermoanaerobaculia	Thermoanaerobaculales	Thermoanaerobaculaceae	Subgroup_10	41579	169	9	24	0.78
Pseudomonadota	Alphaproteobacteria	Unclassified	Unclassified	Unclassified	37711.38	193	9	24	0.71
Campylobacterota	Campylobacteria	Campylobacterales	Sulfurovaceae	Sulfurovum	36265	20	9	14	0.68
Pseudomonadota	Alphaproteobacteria	Hyphomicrobiales	Rhizobiaceae	Unclassified	34580	49	8	24	0.65
Thermodesulfobacteriota	Desulfobacteria	Desulfobacterales	Desulfosarcinaceae	Unclassified	34563	55	9	21	0.65
Actinomycetota	Acidimicrobiia	Microtrichales	Unclassified	Unclassified	34316	21	9	23	0.64
Pseudomonadota	Alphaproteobacteria	Rhodobacterales	Paracoccaceae	Limibaculum	33950	48	6	24	0.64
Bacteroidota	Bacteroidia	Bacteroidales	Prolixibacteraceae	Unclassified	31585	45	9	23	0.59
Pseudomonadota	Gammaproteobacteria	Pseudomonadales	Marinobacteraceae	Marinobacter	31122.96	15	7	24	0.58
Pseudomonadota	Alphaproteobacteria	Unclassified	Neomegalonemataceae	Acuticoccus	30641	35	7	24	0.57
Chloroflexota	Anaerolineae	Anaerolineales	Anaerolineaceae	Unclassified	29853	73	9	23	0.56
Pseudomonadota	Alphaproteobacteria	Rhodobacterales	Paracoccaceae	Actibacterium	29107	23	8	23	0.54
Planctomycetota	Planctomycetes	Pirellulales	Pirellulaceae	Pir4_lineage	28715	135	8	23	0.54
Bacteroidota	Bacteroidia	Cytophagales	Cyclobacteriaceae	Fulvivirga	28548	53	9	24	0.53
Chloroflexota	Anaerolineae	Caldilineales	Caldilineaceae	Unclassified	25999.4	55	9	24	0.49
Pseudomonadota	Alphaproteobacteria	Sphingomonadales	Sphingomonadaceae	Qipengyuania	24609	11	7	12	0.46
Pseudomonadota	Gammaproteobacteria	EPR3968-O8a-Bc78	Unclassified	Unclassified	23983	69	10	19	0.45
Thermodesulfobacteriota	Desulfobacteria	Desulfatiglandales	Desulfatiglandaceae	Desulfatiglans	23628	58	8	21	0.44
Cyanobacteriota	Cyanobacteriia	Cyanobacteriales	Xenococcaceae	Pleurocapsa_PCC-7319	23375.5	44	7	21	0.44
Cyanobacteriota	Cyanobacteriia	Cyanobacteriales	Nostocaceae	Unclassified	21831.96	10	8	11	0.41
Pseudomonadota	Gammaproteobacteria	Pseudomonadales	Cellvibrionaceae	Unclassified	21131.45	89	8	24	0.4
Thermodesulfobacteriota	Desulfobacteria	Desulfobacterales	Desulfosarcinaceae	Sva0081_sediment_group	20771	25	8	21	0.39
Bacteroidota	Bacteroidia	Bacteroidales	Bacteroidetes_BD2-2	Unclassified	20614	80	9	20	0.39
Bacteroidota	Bacteroidia	Flavobacteriales	Flavobacteriaceae	Hoppeia	19424.5	34	9	22	0.36
Bacteroidota	Bacteroidia	Flavobacteriales	Flavobacteriaceae	Robiginitalea	18974	36	7	21	0.36
Pseudomonadota	Alphaproteobacteria	Sphingomonadales	Sphingomonadaceae	Croceibacterium	18773	16	8	24	0.35
Pseudomonadota	Gammaproteobacteria	Enterobacterales	Vibrionaceae	Vibrio	18730.35	50	8	18	0.35
Gemmatimonadota	BD2-11_terrestrial_group	Unclassified	Unclassified	Unclassified	18651	130	7	23	0.35
Chloroflexota	Anaerolineae	Unclassified	Unclassified	Unclassified	18366	29	9	20	0.34
Actinomycetota	Actinobacteria	Mycobacteriales	Mycobacteriaceae	Mycobacterium	17940	5	8	19	0.34
Pseudomonadota	Gammaproteobacteria	Pseudomonadales	Pseudohongiellaceae	Pseudohongiella	17843.03	67	8	24	0.33
Deinococcota	Deinococci	Deinococcales	Trueperaceae	Truepera	16978	35	8	24	0.32
Pseudomonadota	Alphaproteobacteria	Caulobacterales	Parvularculaceae	Parvularcula	16349	21	6	17	0.31
Thermodesulfobacteriota	Desulfobacteria	Desulfobacterales	Desulfosarcinaceae	SEEP-SRB1	16089	18	8	20	0.3
Thermodesulfobacteriota	Desulfobulbia	Desulfobulbales	Desulfobulbaceae	Unclassified	15469	53	8	19	0.29
Thermodesulfobacteriota	Desulfobacteria	Desulfobacterales	Unclassified	Unclassified	14608	43	9	16	0.27
Pseudomonadota	Gammaproteobacteria	Enterobacterales	Vibrionaceae	Unclassified	14384.7	23	7	19	0.27
Patescibacteria	Saccharimonadia	Saccharimonadales	Unclassified	Unclassified	14009.75	158	10	24	0.26
Pseudomonadota	Alphaproteobacteria	Rhodobacterales	Paracoccaceae	Maribius	13973	8	5	20	0.26
Latescibacterota	Unclassified	Unclassified	Unclassified	Unclassified	13839.5	85	9	23	0.26
Actinomycetota	Acidimicrobiia	Microtrichales	Microtrichaceae	Unclassified	13703	22	8	20	0.26
Pseudomonadota	Gammaproteobacteria	Pseudomonadales	Halieaceae	Unclassified	13641.5	39	9	20	0.26
Planctomycetota	Planctomycetes	Planctomycetales	Gimesiaceae	Unclassified	12954	48	8	23	0.24
Bacteroidota	Bacteroidia	Flavobacteriales	Flavobacteriaceae	Sufflavibacter	12642	18	7	19	0.24
Planctomycetota	Planctomycetes	Pirellulales	Pirellulaceae	Unclassified	12549.03	148	9	24	0.23
Pseudomonadota	Gammaproteobacteria	Chromatiales	Chromatiaceae	Thiophaeococcus	12386	6	9	4	0.23
Verrucomicrobiota	Verrucomicrobiia	Verrucomicrobiales	DEV007	Unclassified	12248	94	9	22	0.23
Pseudomonadota	Alphaproteobacteria	Rhodobacterales	Paracoccaceae	Wenxinia	11977	5	5	19	0.22
Pseudomonadota	Alphaproteobacteria	Kiloniellales	Kiloniellaceae	Pelagibius	11910	28	8	19	0.22
Pseudomonadota	Gammaproteobacteria	Pseudomonadales	Halieaceae	Pseudohaliea	11910	25	8	21	0.22
Unclassified	Unclassified	Unclassified	Unclassified	Unclassified	11565.62	291	10	24	0.22
Rhodothermota	Rhodothermia	Rhodothermales	Rhodothermaceae	Rubricoccus	11289	41	8	24	0.21
Pseudomonadota	Gammaproteobacteria	Pseudomonadales	Marinomonadaceae	Marinomonas	11103	23	8	22	0.21
Pseudomonadota	Gammaproteobacteria	Pseudomonadales	KI89A_clade	Unclassified	11084	32	8	23	0.21
Pseudomonadota	Alphaproteobacteria	Rhodobacterales	Paracoccaceae	Silicimonas	10742	14	6	21	0.2
Pseudomonadota	Alphaproteobacteria	Micavibrionales	Micavibrionaceae	Unclassified	10461.36	159	9	24	0.2
Verrucomicrobiota	Verrucomicrobiia	Verrucomicrobiales	Rubritaleaceae	Haloferula	10417	38	7	22	0.19
Actinomycetota	Actinobacteria	Euzebyales	Euzebyaceae	Euzebya	10374	10	9	23	0.19
Cyanobacteriota	Cyanobacteriia	Cyanobacteriales	Xenococcaceae	Myxosarcina_GI1	10050	15	7	19	0.19
Pseudomonadota	Alphaproteobacteria	Sphingomonadales	Sphingomonadaceae	Parasphingopyxis	10010	15	7	23	0.19
Pseudomonadota	Gammaproteobacteria	Enterobacterales	Alteromonadaceae	Alteromonas	9891.2	15	7	17	0.19
Pseudomonadota	Alphaproteobacteria	Sphingomonadales	Sphingomonadaceae	Novosphingobium	9808	4	8	19	0.18
Pseudomonadota	Alphaproteobacteria	Hyphomicrobiales	Rhizobiaceae	Oricola	9716	4	6	23	0.18
Planctomycetota	Planctomycetes	Pirellulales	Pirellulaceae	Rhodopirellula	9636	33	7	19	0.18
Pseudomonadota	Alphaproteobacteria	Puniceispirillales	Unclassified	Unclassified	9529	21	8	23	0.18
Planctomycetota	Planctomycetes	Planctomycetales	Unclassified	Unclassified	9511.5	113	7	24	0.18
Chloroflexota	Anaerolineae	Aggregatilineales	Unclassified	Unclassified	9419.5	59	9	23	0.18
Balneolota	Balneolia	Balneolales	Balneolaceae	Unclassified	9417	36	9	23	0.18
Actinomycetota	Acidimicrobiia	Microtrichales	Iamiaceae	Iamia	9390	1	9	17	0.18
Thermodesulfobacteriota	Desulfobacteria	Desulfobacterales	Desulfosarcinaceae	Desulfosarcina	9293	22	8	18	0.17
Thermodesulfobacteriota	Desulfobulbia	Desulfobulbales	Desulfocapsaceae	Desulfopila	9276	15	8	17	0.17
Bacteroidota	Bacteroidia	Cytophagales	Cyclobacteriaceae	Marinoscillum	9234	50	8	23	0.17
Actinomycetota	Actinobacteria	Frankiales	Sporichthyaceae	Sporichthya	9072	1	8	10	0.17
Pseudomonadota	Gammaproteobacteria	Enterobacterales	Alteromonadaceae	Aestuariibacter	8899	8	7	10	0.17
Pseudomonadota	Alphaproteobacteria	Kiloniellales	Kiloniellaceae	Unclassified	8782	30	8	21	0.16
Pseudomonadota	Gammaproteobacteria	HOC36	Unclassified	Unclassified	8780.74	40	9	24	0.16
Thermodesulfobacteriota	Desulfobulbia	Desulfobulbales	Desulfobulbaceae	Candidatus_Electrothrix	8654	15	8	12	0.16
Planctomycetota	OM190	Unclassified	Unclassified	Unclassified	8587	133	10	23	0.16
Bacteroidota	Bacteroidia	Chitinophagales	Saprospiraceae	Phaeodactylibacter	8333.5	28	9	21	0.16
Chloroflexota	Anaerolineae	Ardenticatenales	Unclassified	Unclassified	8233	32	9	17	0.15
Pseudomonadota	Gammaproteobacteria	Pseudomonadales	Alcanivoracaceae	Ketobacter	8105.5	18	8	20	0.15
Thermodesulfobacteriota	Desulfobacteria	Desulfobacterales	Desulfosarcinaceae	Desulfatitalea	8040	19	8	16	0.15
Bacteroidota	Bacteroidia	Flavobacteriales	Flavobacteriaceae	Flavimarina	7686	12	7	22	0.14
Pseudomonadota	Alphaproteobacteria	Rhodobacterales	Paracoccaceae	Hasllibacter	7574	8	7	15	0.14
Pseudomonadota	Gammaproteobacteria	Pseudomonadales	Spongiibacteraceae	Unclassified	7562	41	9	21	0.14
Pseudomonadota	Alphaproteobacteria	Rhodobacterales	Paracoccaceae	Allosediminivita	7502	8	5	17	0.14
Pseudomonadota	Alphaproteobacteria	Hyphomicrobiales	Rhizobiaceae	Pseudahrensia	7361	12	5	15	0.14
Bacteroidota	Bacteroidia	Flavobacteriales	Cryomorphaceae	Vicingus	7304	49	6	22	0.14
Pseudomonadota	Alphaproteobacteria	Hyphomicrobiales	Rhodomicrobiaceae	Rhodomicrobium	7260	10	6	19	0.14
Pseudomonadota	Alphaproteobacteria	Rhodobacterales	Paracoccaceae	Jannaschia	7184	13	5	15	0.13
Pseudomonadota	Alphaproteobacteria	Hyphomicrobiales	Unclassified	Unclassified	7135	39	8	23	0.13
Cyanobacteriota	Cyanobacteriia	Cyanobacteriales	Xenococcaceae	Chroococcidiopsis_PCC-6712	7116	16	8	15	0.13
Pseudomonadota	Gammaproteobacteria	Pseudomonadales	Unclassified	Unclassified	6983.63	29	8	19	0.13
Cyanobacteriota	Cyanobacteriia	Phormidesmiales	Phormidesmiaceae	Phormidium_MBIC10003	6842	22	7	10	0.13
Myxococcota	Polyangiia	Polyangiales	BIrii41	Unclassified	6810	35	9	19	0.13
Pseudomonadota	Alphaproteobacteria	Rhodobacterales	Paracoccaceae	Marivita	6744	4	5	9	0.13
Pseudomonadota	Alphaproteobacteria	Defluviicoccales	Unclassified	Unclassified	6679	33	8	22	0.12
Bdellovibrionota	Bdellovibrionia	Bdellovibrionales	Pseudobdellovibrionaceae	OM27_clade	6619	50	8	23	0.12
Bacteroidota	Bacteroidia	Bacteroidales	Prolixibacteraceae	Draconibacterium	6562	11	8	15	0.12
Pseudomonadota	Gammaproteobacteria	Pseudomonadales	Halieaceae	Parahaliea	6538	16	9	17	0.12
Actinomycetota	Actinobacteria	Frankiales	Geodermatophilaceae	Geodermatophilus	6531	3	8	19	0.12
Myxococcota	Myxococcia	Myxococcales	Myxococcaceae	P3OB-42	6487.62	39	9	20	0.12
Pseudomonadota	Gammaproteobacteria	Enterobacterales	Pseudoalteromonadaceae	Pseudoalteromonas	6472.16	10	7	19	0.12
Pseudomonadota	Gammaproteobacteria	Granulosicoccales	Granulosicoccaceae	Granulosicoccus	6423	20	8	13	0.12
Pseudomonadota	Gammaproteobacteria	B2M28	Unclassified	Unclassified	6283	19	9	15	0.12
Pseudomonadota	Alphaproteobacteria	Kiloniellales	Kiloniellaceae	Limibacillus	6251	7	8	20	0.12
Pseudomonadota	Gammaproteobacteria	Chromatiales	Chromatiaceae	Thiohalocapsa	6235	9	9	9	0.12
Pseudomonadota	Gammaproteobacteria	Enterobacterales	Alteromonadaceae	Unclassified	6176.8	24	7	20	0.12
Verrucomicrobiota	Verrucomicrobiia	Verrucomicrobiales	Rubritaleaceae	Roseibacillus	6070	38	6	20	0.11
Pseudomonadota	Gammaproteobacteria	Salinisphaerales	Salinisphaeraceae	Salinisphaera	6040	15	7	18	0.11
Gemmatimonadota	Longimicrobiia	Longimicrobiales	Longimicrobiaceae	Unclassified	6008	14	8	20	0.11
Bacteroidota	Bacteroidia	Flavobacteriales	Flavobacteriaceae	Muricauda	5898.5	26	8	17	0.11
Myxococcota	Polyangiia	Haliangiales	Haliangiaceae	Unclassified	5802	42	8	23	0.11
Calditrichota	Calditrichia	Calditrichales	Calditrichaceae	Caldithrix	5776	16	8	19	0.11
Bacteroidota	Bacteroidia	Bacteroidetes_VC2.1_Bac22	Unclassified	Unclassified	5752	9	8	15	0.11
Pseudomonadota	Alphaproteobacteria	Sphingomonadales	Sphingomonadaceae	Altererythrobacter	5715	4	8	13	0.11
Pseudomonadota	Gammaproteobacteria	Beggiatoales	Leucotrichaceae	Unclassified	5609	28	8	19	0.1
Actinomycetota	Thermoleophilia	Solirubrobacterales	Solirubrobacteraceae	Patulibacter	5580	2	7	8	0.1
Pseudomonadota	Alphaproteobacteria	Sphingomonadales	Sphingomonadaceae	Paraurantiacibacter	5536	5	9	15	0.1
Pseudomonadota	Gammaproteobacteria	BD7-8	Unclassified	Unclassified	5445	21	7	14	0.1
Thermodesulfobacteriota	Syntrophobacteria	Syntrophobacterales	Unclassified	Unclassified	5328	9	8	13	0.1
Bacteroidota	Bacteroidia	Flavobacteriales	Cryomorphaceae	Owenweeksia	5274	39	6	21	0.1
Bacteroidota	Bacteroidia	Cytophagales	Flammeovirgaceae	Unclassified	5178	17	9	16	0.1
Planctomycetota	Planctomycetes	Pirellulales	Pirellulaceae	Bythopirellula	5080	17	8	17	0.1
NB1-j	Unclassified	Unclassified	Unclassified	Unclassified	5077	51	9	18	0.1
Zixibacteria	Unclassified	Unclassified	Unclassified	Unclassified	5050	39	8	15	0.09
Planctomycetota	Phycisphaerae	Tepidisphaerales	Unclassified	Unclassified	5040	42	6	21	0.09
Latescibacterota	Latescibacteria	Latescibacterales	Latescibacteraceae	Unclassified	4994.5	43	9	21	0.09
Pseudomonadota	Alphaproteobacteria	Rhodobacterales	Paracoccaceae	Tropicimonas-Psychromarinibacter	4984	9	7	12	0.09
Thermodesulfobacteriota	Desulfobacteria	Desulfobacterales	Desulfosarcinaceae	Desulfosudis	4930	12	8	7	0.09
Bdellovibrionota	Oligoflexia	Oligoflexales	Oligoflexaceae	Unclassified	4917	53	9	21	0.09
Thermodesulfobacteriota	Desulfobacteria	Desulfobacterales	Desulfatirhabdiaceae	Unclassified	4905	11	9	10	0.09
Planctomycetota	Phycisphaerae	Phycisphaerales	Phycisphaeraceae	Algisphaera	4878	23	6	15	0.09
Pseudomonadota	Alphaproteobacteria	Hyphomicrobiales	Rhizobiaceae	Aurantimonas	4856	2	6	16	0.09
Cyanobacteriota	Cyanobacteriia	Phormidesmiales	Phormidesmiaceae	Acrophormium_PCC-7375	4835	5	7	8	0.09
Actinomycetota	Acidimicrobiia	Microtrichales	Microtrichaceae	Sva0996_marine_group	4813	31	9	20	0.09
Planctomycetota	Planctomycetes	Planctomycetales	Rubinisphaeraceae	Planctomicrobium	4796	42	5	23	0.09
Pseudomonadota	Gammaproteobacteria	Ectothiorhodospirales	Ectothiorhodospiraceae	Thiogranum	4796	17	8	12	0.09
Calditrichota	Calditrichia	Calditrichales	Calditrichaceae	Unclassified	4793	24	8	18	0.09
Pseudomonadota	Gammaproteobacteria	Pseudomonadales	Nitrincolaceae	Marinobacterium	4734	17	8	14	0.09
Bacteroidota	Bacteroidia	Sphingobacteriales	Lentimicrobiaceae	Unclassified	4638	34	8	18	0.09
Cyanobacteriota	Cyanobacteriia	Phormidesmiales	Phormidesmiaceae	Phormidesmis_ANT.LACV5.1	4620	17	6	11	0.09
Bacteroidota	Bacteroidia	Flavobacteriales	Flavobacteriaceae	Robertkochia	4559	16	9	20	0.09
Campylobacterota	Campylobacteria	Campylobacterales	Sulfurimonadaceae	Sulfurimonas	4547	32	9	17	0.09
Bacteroidota	Bacteroidia	Bacteroidales	Unclassified	Unclassified	4530	48	9	16	0.08
Pseudomonadota	Gammaproteobacteria	Pseudomonadales	Halieaceae	Haliea	4446	10	8	18	0.08
Patescibacteria	Dojkabacteria	Unclassified	Unclassified	Unclassified	4425	53	9	21	0.08
Pseudomonadota	Gammaproteobacteria	UBA10353_marine_group	Unclassified	Unclassified	4411	13	9	17	0.08
Bacteroidota	Bacteroidia	Flavobacteriales	Blattabacteriaceae	Candidatus_Uzinura	4408	3	6	3	0.08
Pseudomonadota	Alphaproteobacteria	Tistrellales	Geminicoccaceae	Unclassified	4394	19	7	22	0.08
Pseudomonadota	Alphaproteobacteria	Hyphomicrobiales	Devosiaceae	Unclassified	4386	19	6	20	0.08
Pseudomonadota	Gammaproteobacteria	Chromatiales	Chromatiaceae	Candidatus_Thiobios	4314	10	8	18	0.08
Chloroflexota	Anaerolineae	Ardenticatenales	Ardenticatenaceae	Unclassified	4271	4	10	10	0.08
Dadabacteria	Dadabacteriia	Dadabacteriales	Unclassified	CSP1-2	4227	17	8	13	0.08
Bdellovibrionota	Bacteriovoracia	Bacteriovoracales	Bacteriovoracaceae	Peredibacter	4219	68	9	20	0.08
Thermodesulfobacteriota	Unclassified	Unclassified	Unclassified	Unclassified	4155	17	8	14	0.08
Pseudomonadota	Alphaproteobacteria	Caulobacterales	Hyphomonadaceae	Euryhalocaulis	4144	7	5	18	0.08
Planctomycetota	Phycisphaerae	Phycisphaerales	Phycisphaeraceae	Unclassified	4129	68	8	23	0.08
Gemmatimonadota	PAUC43f_marine_benthic_group	Unclassified	Unclassified	Unclassified	4120	20	7	20	0.08
Pseudomonadota	Alphaproteobacteria	Sphingomonadales	Sphingomonadaceae	Altericroceibacterium	4048	2	8	12	0.08
Actinomycetota	Thermoleophilia	Gaiellales	Unclassified	Unclassified	4038	20	7	19	0.08
Bacteroidota	Bacteroidia	Chitinophagales	Unclassified	Unclassified	3977.97	96	9	24	0.07
Acidobacteriota	Blastocatellia	Blastocatellales	Blastocatellaceae	Blastocatella	3971	10	7	12	0.07
Pseudomonadota	Gammaproteobacteria	Chromatiales	Chromatiaceae	Unclassified	3948	5	9	9	0.07
Bacteroidota	Bacteroidia	Flavobacteriales	Flavobacteriaceae	Marinirhabdus	3941	19	5	18	0.07
Thermodesulfobacteriota	Desulfuromonadia	Desulfuromonadales	Sva1033	Unclassified	3936	9	7	12	0.07
Nitrospirota	Nitrospiria	Nitrospirales	Nitrospiraceae	Nitrospira	3929	7	9	10	0.07
Pseudomonadota	Gammaproteobacteria	JTB23	Unclassified	Unclassified	3858	11	8	13	0.07
Actinomycetota	Thermoleophilia	Solirubrobacterales	67-14	Unclassified	3829	26	6	19	0.07
SAR324_clade(Marine_group_B)	Unclassified	Unclassified	Unclassified	Candidatus_Nitrosoarchaeum	3828	62	9	23	0.07
Myxococcota	Polyangiia	Nannocystales	Nannocystaceae	Unclassified	3801	29	8	19	0.07
Pseudomonadota	Alphaproteobacteria	Hyphomicrobiales	Rhizobiaceae	Roseitalea	3781	6	6	10	0.07
Bdellovibrionota	Bdellovibrionia	Bdellovibrionales	Pseudobdellovibrionaceae	Unclassified	3766	74	9	24	0.07
Bacteroidota	Bacteroidia	Flavobacteriales	Flavobacteriaceae	Pricia	3727	4	6	5	0.07
Verrucomicrobiota	Verrucomicrobiia	Opitutales	Puniceicoccaceae	Lentimonas	3726	14	7	18	0.07
Pseudomonadota	Gammaproteobacteria	Unclassified	Unclassified	Marinicella	3718	20	8	14	0.07
Pseudomonadota	Gammaproteobacteria	Ectothiorhodospirales	Thioalkalispiraceae	Unclassified	3645	14	9	12	0.07
Chloroflexota	Anaerolineae	Aggregatilineales	Aggregatilineaceae	Unclassified	3593	23	8	17	0.07
Bacteroidota	Bacteroidia	Flavobacteriales	Flavobacteriaceae	Aquimarina	3592	7	6	11	0.07
Pseudomonadota	Alphaproteobacteria	Hyphomicrobiales	Methyloligellaceae	Methyloceanibacter	3589	2	7	22	0.07
Patescibacteria	Parcubacteria	Candidatus_Kaiserbacteria	Unclassified	Unclassified	3586.5	52	9	20	0.07
Bacteroidota	Bacteroidia	Flavobacteriales	Cryomorphaceae	Unclassified	3567	43	7	17	0.07
Bacteroidota	Bacteroidia	Cytophagales	Cyclobacteriaceae	Catalinimonas	3528	4	6	23	0.07
Actinomycetota	Acidimicrobiia	Microtrichales	Microtrichaceae	IMCC26207	3528	3	7	17	0.07
Cyanobacteriota	Vampirivibrionia	Vampirovibrionales	Unclassified	Unclassified	3524	37	8	13	0.07
Pseudomonadota	Alphaproteobacteria	Rickettsiales	SM2D12	Unclassified	3521	69	8	24	0.07
Pseudomonadota	Gammaproteobacteria	Pseudomonadales	Spongiibacteraceae	BD1-7_clade	3520.5	32	9	15	0.07
Planctomycetota	Phycisphaerae	CCM11a	Unclassified	Unclassified	3516	37	9	14	0.07
Thermodesulfobacteriota	Desulfobacteria	Desulfobacterales	Desulfolunaceae	Unclassified	3501	13	8	4	0.07
Bacteroidota	Bacteroidia	Bacteroidales	SB-5	Unclassified	3481	26	8	14	0.07
Candidatus_Eremiobacterota	Eremiobacteria	Unclassified	Unclassified	Unclassified	3425	15	9	19	0.06
Pseudomonadota	Alphaproteobacteria	Thalassobaculales	Unclassified	Unclassified	3423	24	9	20	0.06
Verrucomicrobiota	Verrucomicrobiia	Opitutales	Puniceicoccaceae	Verruc-01	3415	33	8	18	0.06
Thermodesulfobacteriota	Desulfobulbia	Desulfobulbales	Desulfocapsaceae	Desulfofustis	3404	10	8	7	0.06
Chloroflexota	Anaerolineae	Anaerolineales	Anaerolineaceae	ADurb.Bin120	3402	8	4	10	0.06
Ignavibacteriota	Ignavibacteria	Ignavibacteriales	Melioribacteraceae	IheB3-7	3396.5	27	8	21	0.06
Pseudomonadota	Gammaproteobacteria	Milano-WF1B-44	Unclassified	Unclassified	3373	8	8	13	0.06
Pseudomonadota	Gammaproteobacteria	Pseudomonadales	211ds20	Unclassified	3335	9	9	15	0.06
Bacteroidota	Bacteroidia	Cytophagales	Mooreiaceae	Mooreia	3312	8	6	22	0.06
Pseudomonadota	Alphaproteobacteria	Caulobacterales	Hyphomonadaceae	Unclassified	3298	25	6	15	0.06
Verrucomicrobiota	Kiritimatiellia	Kiritimatiellales	Kiritimatiellaceae	R76-B128	3289	21	7	14	0.06
Myxococcota	Polyangiia	MidBa8	Unclassified	Unclassified	3264.5	34	9	11	0.06
Pseudomonadota	Gammaproteobacteria	Pseudomonadales	OM182_clade	Unclassified	3234	19	8	15	0.06
Spirochaetota	Spirochaetia	Spirochaetales	Spirochaetaceae	Unclassified	3171	64	9	22	0.06
Planctomycetota	Planctomycetes	Pirellulales	Pirellulaceae	Mariniblastus	3167	25	6	18	0.06
Cyanobacteriota	Cyanobacteriia	Cyanobacteriales	Xenococcaceae	Gloeocapsopsis_BDHKU_35101	3144	3	7	6	0.06
Planctomycetota	Planctomycetes	Pirellulales	Pirellulaceae	Rubripirellula	3110	21	7	15	0.06
Bacteroidota	Bacteroidia	Unclassified	Unclassified	Unclassified	3055.67	67	9	23	0.06
Pseudomonadota	Alphaproteobacteria	Caulobacterales	Hyphomonadaceae	Henriciella	3030	8	6	20	0.06
Sumerlaeota	Sumerlaeia	Sumerlaeales	Sumerlaeaceae	Sumerlaea	2983	55	8	21	0.06
Pseudomonadota	Gammaproteobacteria	Pseudomonadales	Microbulbiferaceae	Microbulbifer	2981.31	19	7	18	0.06
Pseudomonadota	Gammaproteobacteria	Arenicellales	Arenicellaceae	Candidatus_Thiosymbion	2884	2	9	2	0.05
Pseudomonadota	Alphaproteobacteria	Rhodobacterales	Paracoccaceae	Pikeienuella	2865.5	20	5	20	0.05
Thermodesulfobacteriota	Desulfobacteria	Desulfobacterales	Desulfatibacillaceae	Unclassified	2860	10	8	5	0.05
Pseudomonadota	Alphaproteobacteria	Hyphomicrobiales	Hyphomicrobiaceae	Filomicrobium	2854	5	6	20	0.05
Pseudomonadota	Gammaproteobacteria	Arenicellales	Arenicellaceae	Unclassified	2813	19	9	18	0.05
Thermodesulfobacteriota	Desulfuromonadia	Bradymonadales	Unclassified	SKP-2	2797	41	6	24	0.05
Thermodesulfobacteriota	Desulfuromonadia	Bradymonadales	Unclassified	Unclassified	2793	35	8	22	0.05
Bacteroidota	Bacteroidia	Flavobacteriales	Flavobacteriaceae	Nonlabens	2785.5	18	7	13	0.05
Nitrospirota	Thermodesulfovibrionia	Unclassified	Unclassified	Unclassified	2771	22	5	18	0.05
Candidatus_Kapabacteria	Kapabacteria	Kapabacteriales	Unclassified	Unclassified	2757	28	8	20	0.05
Cyanobacteriota	Cyanobacteriia	Cyanobacteriales	Phormidiaceae	Arthrospira_PCC-7345	2749.5	2	8	7	0.05
Acidobacteriota	Thermoanaerobaculia	Thermoanaerobaculales	Thermoanaerobaculaceae	Subgroup_23	2728	22	8	16	0.05
Balneolota	Balneolia	Balneolales	Balneolaceae	Balneola	2722	22	6	19	0.05
Thermodesulfobacteriota	Desulfobacteria	Desulfobacterales	Desulfobacteraceae	Unclassified	2704.5	14	8	10	0.05
Pseudomonadota	Gammaproteobacteria	Thiomicrospirales	Thiomicrospiraceae	endosymbionts	2650	4	8	5	0.05
Acidobacteriota	Subgroup_22	Unclassified	Unclassified	Unclassified	2646	37	8	14	0.05
Cyanobacteriota	Cyanobacteriia	Phormidesmiales	Nodosilineaceae	Unclassified	2624	12	7	9	0.05
Verrucomicrobiota	Verrucomicrobiia	Opitutales	Puniceicoccaceae	Pelagicoccus	2592	27	6	17	0.05
Bacillota	Bacilli	Bacillales	Bacillaceae	Unclassified	2586	9	9	10	0.05
Acidobacteriota	Acidobacteriae	PAUC26f	Unclassified	Unclassified	2585	18	8	14	0.05
Thermodesulfobacteriota	Desulfuromonadia	PB19	Unclassified	Unclassified	2584	21	8	16	0.05
Pseudomonadota	Gammaproteobacteria	Pseudomonadales	Porticoccaceae	C1-B045	2537.5	11	7	17	0.05
Planctomycetota	Planctomycetes	Pirellulales	Pirellulaceae	Pirellula	2456	20	7	13	0.05
Bacillota	Bacilli	Bacillales	Bacillaceae	Rossellomorea	2456	2	6	2	0.05
Acidobacteriota	Subgroup_18	Unclassified	Unclassified	Unclassified	2452	6	8	12	0.05
Hydrogenedentes	Hydrogenedentia	Hydrogenedentiales	Hydrogenedensaceae	Unclassified	2433	36	8	16	0.05
Thermodesulfobacteriota	Desulfobacteria	Desulfobacterales	Desulfobacteraceae	Desulfobacter	2415.5	20	8	7	0.05
Acetothermia	Acetothermiia	Unclassified	Unclassified	AOM-SR-B11	2356	8	5	8	0.04
Pseudomonadota	Gammaproteobacteria	Chromatiales	Sedimenticolaceae	Sedimenticola	2353	9	8	10	0.04
Pseudomonadota	Alphaproteobacteria	Rhodospirillales	Magnetospiraceae	Unclassified	2351	14	8	12	0.04
Thermodesulfobacteriota	Desulfarculia	Desulfarculales	Desulfarculaceae	Desulfocarbo	2300	7	8	10	0.04
Patescibacteria	Parcubacteria	Candidatus_Campbellbacteria	Unclassified	Unclassified	2285.75	40	10	20	0.04
Bacteroidota	Bacteroidia	Cytophagales	Unclassified	Unclassified	2277	15	8	18	0.04
Pseudomonadota	Alphaproteobacteria	Hyphomicrobiales	KF-JG30-B3	Unclassified	2270	3	7	10	0.04
Thermodesulfobacteriota	Desulfobaccia	Desulfobaccales	Desulfobaccaceae	Desulfobacca	2240	4	8	10	0.04
Cyanobacteriota	Cyanobacteriia	Phormidesmiales	Nodosilineaceae	Halomicronema_TFEP1	2231	10	8	12	0.04
Pseudomonadota	Alphaproteobacteria	Sphingomonadales	Sphingomonadaceae	Croceicoccus	2203	5	8	8	0.04
Bacteroidota	Bacteroidia	Flavobacteriales	Flavobacteriaceae	Winogradskyella	2193	15	6	13	0.04
Acidobacteriota	Holophagae	Acanthopleuribacterales	Acanthopleuribacteraceae	Acanthopleuribacter	2172	21	9	12	0.04
Cyanobacteriota	Cyanobacteriia	Synechococcales	Unclassified	Schizothrix_LEGE_07164	2168	5	6	3	0.04
Pseudomonadota	Gammaproteobacteria	Pseudomonadales	Halomonadaceae	Halomonas	2166	6	7	8	0.04
Pseudomonadota	Alphaproteobacteria	Hyphomicrobiales	Unclassified	Bauldia	2149	7	6	12	0.04
Chloroflexota	KD4-96	Unclassified	Unclassified	Unclassified	2136	5	8	16	0.04
Marinimicrobia_(SAR406_clade)	Unclassified	Unclassified	Unclassified	Unclassified	2129	9	8	10	0.04
Bacteroidota	Bacteroidia	Cytophagales	Cyclobacteriaceae	Ekhidna	2116	23	6	17	0.04
Bacteroidota	Bacteroidia	Cytophagales	Cyclobacteriaceae	Marivirga	2106	7	6	12	0.04
Patescibacteria	Gracilibacteria	Unclassified	Unclassified	Unclassified	2021.5	46	10	18	0.04
Calditrichota	Calditrichia	Calditrichales	Calditrichaceae	Calorithrix	1974	8	8	10	0.04
Pseudomonadota	Alphaproteobacteria	Rhodobacterales	Paracoccaceae	Halovulum	1963	11	6	20	0.04
Bacteroidota	Bacteroidia	Flavobacteriales	Flavobacteriaceae	Actibacter	1960	4	6	17	0.04
Pseudomonadota	Gammaproteobacteria	Chromatiales	Sedimenticolaceae	Candidatus_Thiodiazotropha	1953	4	9	8	0.04
Thermodesulfobacteriota	Desulfobacteria	Desulfobacterales	Desulfobacteraceae	Desulfatiferula	1946	3	8	3	0.04
Bdellovibrionota	Oligoflexia	0319-6G20	Unclassified	Unclassified	1936	41	9	19	0.04
Pseudomonadota	Alphaproteobacteria	Hyphomicrobiales	Lutibaculaceae	Lutibaculum	1932	3	5	12	0.04
Bacteroidota	Bacteroidia	Bacteroidales	Marinifilaceae	Unclassified	1903	8	8	11	0.04
Patescibacteria	Microgenomatia	Candidatus_Pacebacteria	Unclassified	Unclassified	1901	18	9	10	0.04
Thermodesulfobacteriota	Desulfobacteria	Desulfobacterales	Desulfococcaceae	Unclassified	1898.59	13	8	9	0.04
Verrucomicrobiota	Verrucomicrobiia	Verrucomicrobiales	Rubritaleaceae	DBS1	1888	6	6	12	0.04
Chloroflexota	Dehalococcoidia	FS117-23B-02	Unclassified	Unclassified	1848	7	6	9	0.03
Sumerlaeota	Sumerlaeia	Unclassified	Unclassified	Unclassified	1832	31	9	15	0.03
Pseudomonadota	Alphaproteobacteria	Hyphomicrobiales	Devosiaceae	Pelagibacterium	1800	4	5	15	0.03
Bacteroidota	Bacteroidia	Flavobacteriales	Cryomorphaceae	Cryomorpha	1783	8	7	10	0.03
Planctomycetota	Planctomycetes	Pirellulales	Pirellulaceae	Blastopirellula	1727	6	7	19	0.03
Bacteroidota	Bacteroidia	Flavobacteriales	Flavobacteriaceae	Zunongwangia	1725	7	7	7	0.03
Pseudomonadota	Alphaproteobacteria	Micavibrionales	Unclassified	Unclassified	1720	36	5	21	0.03
Planctomycetota	Phycisphaerae	Phycisphaerales	Phycisphaeraceae	SM1A02	1709	40	8	21	0.03
Pseudomonadota	Alphaproteobacteria	AT-s3-44	Unclassified	Unclassified	1702	3	7	5	0.03
Acidobacteriota	Subgroup_21	Unclassified	Unclassified	Unclassified	1700.88	21	8	17	0.03
Planctomycetota	Pla4_lineage	Unclassified	Unclassified	Unclassified	1698	42	8	17	0.03
Pseudomonadota	Gammaproteobacteria	Tenderiales	Tenderiaceae	Candidatus_Tenderia	1685	6	9	12	0.03
Bacteroidota	Bacteroidia	Cytophagales	Cyclobacteriaceae	Reichenbachiella	1664	12	6	17	0.03
Pseudomonadota	Alphaproteobacteria	Rhodobacterales	Paracoccaceae	Defluviimonas	1660	2	6	3	0.03
Bacteroidota	Bacteroidia	Flavobacteriales	Flavobacteriaceae	Euzebyella	1656	2	6	5	0.03
Bdellovibrionota	Bacteriovoracia	Bacteriovoracales	Bacteriovoracaceae	Unclassified	1648	20	7	15	0.03
Bacteroidota	Bacteroidia	Flavobacteriales	Flavobacteriaceae	Maritimimonas	1648	3	6	3	0.03
Verrucomicrobiota	Omnitrophia	Omnitrophales	Omnitrophaceae	Candidatus_Omnitrophus	1638	44	9	16	0.03
Acidobacteriota	Vicinamibacteria	Subgroup_17	Unclassified	Unclassified	1638	6	8	16	0.03
Acidobacteriota	Acidobacteriae	Unclassified	Unclassified	Unclassified	1638	4	7	13	0.03
Pseudomonadota	Gammaproteobacteria	pItb-vmat-80	Unclassified	Unclassified	1625	10	9	9	0.03
Pseudomonadota	Alphaproteobacteria	Caulobacterales	Parvularculaceae	Hyphococcus	1622	6	7	14	0.03
Bacteroidota	Bacteroidia	Bacteroidales	Prolixibacteraceae	Maribellus	1615	4	8	12	0.03
Bacteroidota	Bacteroidia	Chitinophagales	Saprospiraceae	Portibacter	1611	16	8	17	0.03
Spirochaetota	Spirochaetia	Spirochaetales	Spirochaetaceae	Sediminispirochaeta	1611	22	7	11	0.03
Actinomycetota	Actinobacteria	Propionibacteriales	Propionibacteriaceae	Unclassified	1608	3	7	10	0.03
Myxococcota	Polyangiia	Polyangiales	Sandaracinaceae	Sandaracinus	1606	13	7	18	0.03
Bdellovibrionota	Oligoflexia	Oligoflexales	Oligoflexaceae	Pseudobacteriovorax	1596	17	7	11	0.03
Bacillota	Clostridia	Christensenellales	Christensenellaceae	Unclassified	1575	12	5	3	0.03
Verrucomicrobiota	Verrucomicrobiia	Pedosphaerales	Pedosphaeraceae	SCGC_AAA164-E04	1569	14	8	14	0.03
Pseudomonadota	Alphaproteobacteria	Hyphomicrobiales	Unclassified	Anderseniella	1568	3	6	13	0.03
Pseudomonadota	Gammaproteobacteria	Enterobacterales	Alteromonadaceae	Glaciecola	1540	8	7	6	0.03
Bacillota	Clostridia	Clostridia_vadinBB60_group	Unclassified	Unclassified	1533.91	10	8	8	0.03
Pseudomonadota	Gammaproteobacteria	Ectothiorhodospirales	Thioalkalispiraceae	Thiohalophilus	1512	9	7	9	0.03
Pseudomonadota	Gammaproteobacteria	Pseudomonadales	Halieaceae	Seongchinamella	1510	6	9	8	0.03
Cyanobacteriota	Cyanobacteriia	Cyanobacteriales	Microcystaceae	Synechocystis_BDHKU-20401	1507	3	8	6	0.03
Bacteroidota	Bacteroidia	Chitinophagales	Saprospiraceae	Aureispira	1507	10	7	14	0.03
Planctomycetota	Planctomycetes	Pirellulales	Pirellulaceae	Bremerella	1500	15	7	11	0.03
Pseudomonadota	Gammaproteobacteria	Pseudomonadales	Halomonadaceae	Larsenimonas	1494	3	6	11	0.03
Planctomycetota	vadinHA49	Unclassified	Unclassified	Unclassified	1486	31	9	17	0.03
Planctomycetota	Unclassified	Unclassified	Unclassified	Unclassified	1476	33	9	20	0.03
Pseudomonadota	Alphaproteobacteria	Hyphomicrobiales	C2U	Unclassified	1452	6	6	7	0.03
Bacteroidota	Bacteroidia	Flavobacteriales	Flavobacteriaceae	Mesohalobacter	1446	8	6	12	0.03
Sva0485	Unclassified	Unclassified	Unclassified	Unclassified	1444	11	8	12	0.03
Pseudomonadota	Alphaproteobacteria	Rhodospirillales	Thalassospiraceae	Thalassospira	1432	2	5	14	0.03
Bacteroidota	Bacteroidia	Bacteroidales	Marinilabiliaceae	Unclassified	1428	14	8	15	0.03
Pseudomonadota	Alphaproteobacteria	Rhodospirillales	Unclassified	Unclassified	1425	39	9	20	0.03
Bacteroidota	Bacteroidia	Flavobacteriales	Crocinitomicaceae	Salinirepens	1424.5	10	5	10	0.03
Chloroflexota	Dehalococcoidia	S085	Unclassified	Unclassified	1419	8	7	7	0.03
Bacteroidota	Bacteroidia	Cytophagales	Amoebophilaceae	Unclassified	1387	16	9	15	0.03
Bacteroidota	Bacteroidia	Flavobacteriales	Crocinitomicaceae	Crocinitomix	1371	21	6	15	0.03
Verrucomicrobiota	Verrucomicrobiia	Verrucomicrobiales	Rubritaleaceae	Rubritalea	1364.03	11	7	14	0.03
Patescibacteria	Parcubacteria	Candidatus_Moranbacteria	Unclassified	Unclassified	1361	10	8	9	0.03
Pseudomonadota	Alphaproteobacteria	Caulobacterales	Parvularculaceae	Unclassified	1358	15	7	11	0.03
Pseudomonadota	Alphaproteobacteria	Caulobacterales	Hyphomonadaceae	Algimonas	1352	4	6	7	0.03
Bacillota	Clostridia	Oscillospirales	Oscillospiraceae	Unclassified	1345.5	9	5	7	0.03
Cyanobacteriota	Cyanobacteriia	Cyanobacteriales	Unclassified	Unclassified	1327	10	8	12	0.02
Bacteroidota	Bacteroidia	Cytophagales	Flammeovirgaceae	Rapidithrix	1315	11	7	19	0.02
Spirochaetota	Spirochaetia	Spirochaetales	Spirochaetaceae	Spirochaeta	1301	38	7	20	0.02
Patescibacteria	ABY1	Candidatus_Uhrbacteria	Unclassified	Unclassified	1300	13	8	9	0.02
Verrucomicrobiota	Verrucomicrobiia	Pedosphaerales	Pedosphaeraceae	Unclassified	1283	17	8	11	0.02
Planctomycetota	Planctomycetes	Planctomycetales	Rubinisphaeraceae	Unclassified	1272	12	6	12	0.02
Dependentiae	Babeliae	Babeliales	Vermiphilaceae	Unclassified	1245	19	8	12	0.02
Patescibacteria	WWE3	Unclassified	Unclassified	Unclassified	1236	26	9	13	0.02
Thermodesulfobacteriota	Desulfobulbia	Desulfobulbales	Desulfocapsaceae	Desulforhopalus	1224	1	8	4	0.02
Modulibacteria	Moduliflexia	Moduliflexales	Moduliflexaceae	Unclassified	1215	11	9	11	0.02
Pseudomonadota	Gammaproteobacteria	Steroidobacterales	Woeseiaceae	JTB255_marine_benthic_group	1205	9	8	12	0.02
Pseudomonadota	Gammaproteobacteria	Burkholderiales	Nitrosomonadaceae	Unclassified	1200	4	7	9	0.02
Chloroflexota	Dehalococcoidia	661239	Unclassified	Unclassified	1190	8	5	11	0.02
Planctomycetota	Phycisphaerae	Pla1_lineage	Unclassified	Unclassified	1176	15	8	12	0.02
Chloroflexota	Dehalococcoidia	SAR202_clade	Unclassified	Unclassified	1174	17	8	12	0.02
Chloroflexota	JG30-KF-CM66	Unclassified	Unclassified	Unclassified	1170	8	8	11	0.02
Cyanobacteriota	Cyanobacteriia	Cyanobacteriales	Nostocaceae	Kyrtuthrix	1164.62	35	8	8	0.02
Pseudomonadota	Alphaproteobacteria	Caulobacterales	Hyphomonadaceae	Litorimonas	1160	4	6	17	0.02
Bacteroidota	Bacteroidia	Flavobacteriales	Flavobacteriaceae	Maribacter	1144	3	6	9	0.02
Chloroflexota	Anaerolineae	Aggregatilineales	Aggregatilineaceae	Aggregatilinea	1136	11	8	10	0.02
Cyanobacteriota	Cyanobacteriia	Cyanobacteriales	Xenococcaceae	Unclassified	1133.88	9	8	11	0.02
Cyanobacteriota	Cyanobacteriia	Phormidesmiales	Unclassified	Unclassified	1133	4	7	7	0.02
Bacteroidota	Bacteroidia	Chitinophagales	Saprospiraceae	Flavilitoribacter	1122	12	8	16	0.02
Verrucomicrobiota	Kiritimatiellia	WCHB1-41	Unclassified	Unclassified	1109	40	7	14	0.02
Pseudomonadota	Alphaproteobacteria	Rhodobacterales	Paracoccaceae	Halodurantibacterium	1104	1	5	12	0.02
Acidobacteriota	Vicinamibacteria	Vicinamibacterales	Unclassified	Unclassified	1096	13	8	12	0.02
Bacteroidota	Bacteroidia	Flavobacteriales	Unclassified	Unclassified	1093	14	9	14	0.02
Pseudomonadota	Gammaproteobacteria	Chromatiales	Chromatiaceae	Halochromatium	1090	5	9	8	0.02
Pseudomonadota	Gammaproteobacteria	AT-s2-59	Unclassified	Unclassified	1072	10	9	10	0.02
Planctomycetota	Planctomycetes	Gemmatales	Gemmataceae	Unclassified	1072	19	6	13	0.02
Planctomycetota	Phycisphaerae	Phycisphaerales	Phycisphaeraceae	Phycisphaera	1071	17	9	15	0.02
Cyanobacteriota	Cyanobacteriia	Cyanobacteriales	Paraspirulinaceae	ESFC-1	1070	2	6	4	0.02
Pseudomonadota	Gammaproteobacteria	Pseudomonadales	P13-46	Unclassified	1065	6	7	9	0.02
Fermentibacterota	Fermentibacteria	Fermentibacterales	Fermentibacteraceae	Unclassified	1065	7	9	5	0.02
Bacillota	Bacilli	Izemoplasmatales	Izemoplasmataceae	Unclassified	1062	11	3	5	0.02
Myxococcota	bacteriap25	Unclassified	Unclassified	Unclassified	1059	25	8	16	0.02
Thermodesulfobacteriota	Desulfobulbia	Desulfobulbales	Desulfocapsaceae	SEEP-SRB4	1056	3	8	4	0.02
Pseudomonadota	Alphaproteobacteria	Parvibaculales	PS1_clade	Unclassified	1054	12	6	12	0.02
Myxococcota	Polyangiia	Nannocystales	Nannocystaceae	Enhygromyxa	1053	6	7	7	0.02
Chlorobiota	Chlorobia	Chlorobiales	Chlorobiaceae	Chlorobaculum	1035	1	9	4	0.02
Bacteroidota	Bacteroidia	Flavobacteriales	Flavobacteriaceae	Tenacibaculum	1029	7	6	11	0.02
Thermodesulfobacteriota	Desulfuromonadia	Desulfuromonadales	Unclassified	Unclassified	1026	2	7	3	0.02
Bacteroidota	Bacteroidia	Flavobacteriales	Flavobacteriaceae	Dokdonia	1023.03	5	7	6	0.02
Pseudomonadota	Gammaproteobacteria	Enterobacterales	Colwelliaceae	Thalassotalea	1018	4	8	11	0.02
Pseudomonadota	Gammaproteobacteria	Unclassified	Unclassified	Wenzhouxiangella	1008	2	8	6	0.02
Cloacimonadota	Cloacimonadia	Cloacimonadales	MSBL8	Unclassified	1008	7	6	6	0.02
Balneolota	Balneolia	Balneolales	Balneolaceae	Gracilimonas	1005	13	7	16	0.02
Pseudomonadota	Gammaproteobacteria	Pseudomonadales	Porticoccaceae	Unclassified	996	10	7	12	0.02
Pseudomonadota	Gammaproteobacteria	Pseudomonadales	Saccharospirillaceae	Saccharospirillum	990	6	6	13	0.02
Bacteroidota	Bacteroidia	Flavobacteriales	Flavobacteriaceae	Marixanthomonas	987	2	5	8	0.02
Nitrospirota	Thermodesulfovibrionia	Thermodesulfovibrionales	Thermodesulfovibrionaceae	Thermodesulfovibrio	983	2	6	9	0.02
Patescibacteria	Parcubacteria	Candidatus_Nomurabacteria	Unclassified	Unclassified	971	7	8	7	0.02
Pseudomonadota	Alphaproteobacteria	Sneathiellales	Sneathiellaceae	Sneathiella	968	5	7	9	0.02
Cyanobacteriota	Cyanobacteriia	Synechococcales	Cyanobiaceae	Synechococcus_MBIC10613	961.5	3	6	10	0.02
Pseudomonadota	Alphaproteobacteria	Hyphomicrobiales	Stappiaceae	Roseibium	957	4	5	9	0.02
Acidobacteriota	Aminicenantia	Aminicenantales	Aminicenantaceae	Aminicenans	930	11	7	8	0.02
Actinomycetota	Acidimicrobiia	Acidimicrobiales	Acidimicrobiaceae	Unclassified	928	6	8	10	0.02
Actinomycetota	Actinobacteria	Frankiales	Unclassified	Unclassified	924	1	8	2	0.02
Acidobacteriota	Subgroup_26	Unclassified	Unclassified	Unclassified	923	9	8	8	0.02
Bacteroidota	Bacteroidia	Cytophagales	Cyclobacteriaceae	Algoriphagus	914	3	7	11	0.02
Bacteroidota	Bacteroidia	Flavobacteriales	Flavobacteriaceae	Hanstruepera	910.5	4	7	10	0.02
Pseudomonadota	Alphaproteobacteria	Rhodospirillales	Terasakiellaceae	Marivibrio	906	15	6	11	0.02
Cyanobacteriota	Cyanobacteriia	Cyanobacteriales	Microcystaceae	UCYN-C	894	4	8	9	0.02
WS2	Unclassified	Unclassified	Unclassified	Unclassified	890	13	4	12	0.02
Bacteroidota	Bacteroidia	Cytophagales	Cyclobacteriaceae	Roseivirga	888	9	5	11	0.02
Pseudomonadota	Alphaproteobacteria	Kiloniellales	Kiloniellaceae	Tistlia	888	2	8	5	0.02
Bacteroidota	Bacteroidia	Flavobacteriales	Flavobacteriaceae	Mesoflavibacter	886.5	2	7	8	0.02
Cyanobacteriota	Sericytochromatia	Unclassified	Unclassified	Unclassified	885	7	9	9	0.02
Nitrospinota	Nitrospinia	Nitrospinales	Nitrospinaceae	Nitrospina	880	3	7	4	0.02
Pseudomonadota	Alphaproteobacteria	Defluviicoccales	Defluviicoccaceae	Defluviicoccus	868	6	8	10	0.02
Fibrobacterota	Chitinivibrionia	Chitinivibrionales	Chitinispirillaceae	BBMC-4	864	9	5	5	0.02
Calditrichota	Calditrichia	Calditrichales	Calditrichaceae	JdFR-76	858	12	8	8	0.02
Thermodesulfobacteriota	Desulfobulbia	Desulfobulbales	Desulfobulbaceae	Desulfobulbus	858	1	8	3	0.02
Pseudomonadota	Gammaproteobacteria	Pseudomonadales	Cellvibrionaceae	Aestuariicella	850	6	6	9	0.02
Chloroflexota	Dehalococcoidia	MSBL5	Unclassified	Unclassified	825	10	7	8	0.02
Bacteroidota	Bacteroidia	Sphingobacteriales	NS11-12_marine_group	Unclassified	824	15	6	14	0.02
Pseudomonadota	Alphaproteobacteria	Hyphomicrobiales	Rhizobiaceae	Cohaesibacter	821	6	7	6	0.02
Ignavibacteriota	Ignavibacteria	Ignavibacteriales	Ignavibacteriaceae	Ignavibacterium	812	4	8	4	0.02
Patescibacteria	Microgenomatia	Candidatus_Woesebacteria	Unclassified	Unclassified	810.25	13	10	8	0.02
Bacteroidota	Bacteroidia	Cytophagales	Microscillaceae	Unclassified	803	7	7	8	0.02
Pseudomonadota	Gammaproteobacteria	Pseudomonadales	Nitrincolaceae	Unclassified	792	5	8	8	0.01
Bacillota	Bacilli	Izemoplasmatales	Izemoplasmataceae	Izimaplasma	784	8	3	5	0.01
Bacteroidota	Bacteroidia	Flavobacteriales	NS9_marine_group	Unclassified	773	16	5	15	0.01
Planctomycetota	Phycisphaerae	Phycisphaerales	Phycisphaeraceae	Urania-1B-19_marine_sediment_group	767	14	7	10	0.01
Verrucomicrobiota	Verrucomicrobiia	Chthoniobacterales	Unclassified	Unclassified	752	7	7	7	0.01
Pseudomonadota	Gammaproteobacteria	Pseudomonadales	Porticoccaceae	Porticoccus	738	8	8	6	0.01
Myxococcota	Polyangiia	UASB-TL25	Unclassified	Unclassified	732	11	8	7	0.01
Pseudomonadota	Gammaproteobacteria	Nitrosococcales	Nitrosococcaceae	AqS1	732	4	9	6	0.01
Pseudomonadota	Alphaproteobacteria	Rhodobacterales	Paracoccaceae	Sediminimonas	728	1	6	6	0.01
Verrucomicrobiota	Verrucomicrobiia	Methylacidiphilales	Methylacidiphilaceae	Unclassified	723	15	9	10	0.01
Pseudomonadota	Alphaproteobacteria	Kiloniellales	Kiloniellaceae	Thalassocola	723	3	8	8	0.01
Chloroflexota	Anaerolineae	Anaerolineales	Anaerolineaceae	Thermomarinilinea	720	4	8	5	0.01
Myxococcota	Polyangiia	PS-B29	Unclassified	Unclassified	710	7	8	6	0.01
Acidobacteriota	Vicinamibacteria	Subgroup_9	Unclassified	Unclassified	708	8	7	9	0.01
Pseudomonadota	Gammaproteobacteria	Pseudomonadales	Halieaceae	OM60(NOR5)_clade	706	5	8	6	0.01
Pseudomonadota	Alphaproteobacteria	Thalassobaculales	Thalassobaculaceae	Thalassobaculum	701	6	7	11	0.01
Chloroflexota	Anaerolineae	Anaerolineales	Anaerolineaceae	Pelolinea	700	3	6	4	0.01
Pseudomonadota	Alphaproteobacteria	Rhodobacterales	Paracoccaceae	Rhodovulum	683	3	6	7	0.01
Gemmatimonadota	Longimicrobiia	Longimicrobiales	Longimicrobiaceae	YC-ZSS-LKJ147	680	1	7	3	0.01
Planctomycetota	Pla3_lineage	Unclassified	Unclassified	Unclassified	678	14	8	12	0.01
Myxococcota	Polyangiia	Haliangiales	Haliangiaceae	Haliangium	676	2	8	3	0.01
Myxococcota	Polyangiia	Polyangiales	Eel-36e1D6	Unclassified	673.5	12	9	9	0.01
Acidobacteriota	Holophagae	Subgroup_7	Unclassified	Unclassified	672	3	8	4	0.01
Cyanobacteriota	Cyanobacteriia	Synechococcales	Cyanobiaceae	Unclassified	672	2	3	9	0.01
Cyanobacteriota	Cyanobacteriia	Cyanobacteriales	Nostocaceae	Calothrix_PCC-6303	671.71	1	8	8	0.01
Bacteroidota	Bacteroidia	Flavobacteriales	Flavobacteriaceae	Polaribacter	658	2	7	5	0.01
Halanaerobiaeota	Halanaerobiia	Halanaerobiales	Halanaerobiaceae	Halocella	655	7	8	8	0.01
Thermodesulfobacteriota	Desulfobacteria	Desulfobacterales	Desulfobacteraceae	Desulfospira	648.25	6	7	5	0.01
Pseudomonadota	Alphaproteobacteria	Parvibaculales	Parvibaculaceae	Unclassified	641	5	7	13	0.01
MBNT15	Unclassified	Unclassified	Unclassified	Unclassified	631	10	8	7	0.01
Actinomycetota	Actinobacteria	Unclassified	Unclassified	Unclassified	631	17	9	13	0.01
Planctomycetota	BD7-11	Unclassified	Unclassified	Unclassified	627	14	8	11	0.01
Pseudomonadota	Gammaproteobacteria	Rickettsiellales	Rickettsiellaceae	Unclassified	627	23	8	16	0.01
Nitrospinota	P9X2b3D02	Unclassified	Unclassified	Unclassified	627	3	9	7	0.01
Pseudomonadota	Gammaproteobacteria	Pseudomonadales	Cellvibrionaceae	Halioxenophilus	621	5	7	10	0.01
LCP-89	Unclassified	Unclassified	Unclassified	Unclassified	620	9	8	6	0.01
Cyanobacteriota	Cyanobacteriia	Cyanobacteriales	Coleofasciculaceae	Caldora_VP642b	619	5	7	4	0.01
Verrucomicrobiota	Verrucomicrobiia	Verrucomicrobiales	Rubritaleaceae	Luteolibacter	618	12	5	8	0.01
Bacteroidota	Bacteroidia	Sphingobacteriales	AKYH767	Unclassified	603	3	6	6	0.01
Pseudomonadota	Alphaproteobacteria	Rhodobacterales	Paracoccaceae	Roseovarius	592	7	6	8	0.01
Pseudomonadota	Gammaproteobacteria	Pseudomonadales	Saccharospirillaceae	Reinekea	584	9	7	9	0.01
Acidobacteriota	Holophagae	Acanthopleuribacterales	Acanthopleuribacteraceae	Thermotomaculum	576	4	8	3	0.01
Pseudomonadota	Gammaproteobacteria	Nitrosococcales	Methylophagaceae	Methylophaga	576	7	6	7	0.01
Bacteroidota	Bacteroidia	Flavobacteriales	Crocinitomicaceae	Brumimicrobium	574	3	5	9	0.01
Chloroflexota	OLB14	Unclassified	Unclassified	Unclassified	570	2	8	8	0.01
Pseudomonadota	Gammaproteobacteria	Enterobacterales	Kangiellaceae	Kangiella	567	1	6	6	0.01
Patescibacteria	Parcubacteria	Unclassified	Unclassified	Unclassified	562	14	9	13	0.01
Patescibacteria	ABY1	Candidatus_Kerfeldbacteria	Unclassified	Unclassified	562	16	8	10	0.01
Thermodesulfobacteriota	Desulfuromonadia	Desulfuromonadales	Geothermobacteraceae	Geothermobacter	562	4	7	5	0.01
Bacteroidota	Bacteroidia	Flavobacteriales	Flavobacteriaceae	Psychroserpens	558	5	7	9	0.01
Latescibacterota	Latescibacteria	Latescibacterales	Latescibacteraceae	Candidatus_Latescibacter	555	8	8	6	0.01
Myxococcota	Polyangiia	VHS-B4-70	Unclassified	Unclassified	552	4	8	5	0.01
Actinomycetota	WCHB1-81	Unclassified	Unclassified	Unclassified	550	11	5	10	0.01
Bacteroidota	Bacteroidia	Flavobacteriales	Flavobacteriaceae	Mangrovimonas	546	3	7	6	0.01
Bacteroidota	Bacteroidia	Flavobacteriales	Flavobacteriaceae	Ascidiimonas	544	9	8	10	0.01
Pseudomonadota	Alphaproteobacteria	Caulobacterales	Caulobacteraceae	Unclassified	535	3	7	6	0.01
Verrucomicrobiota	Verrucomicrobiia	Pedosphaerales	Pedosphaeraceae	DEV008	528	2	8	5	0.01
Thermodesulfobacteriota	Desulfuromonadia	Desulfuromonadales	Desulfuromonadaceae	Unclassified	526	3	8	8	0.01
Chloroflexota	Anaerolineae	Anaerolineales	Anaerolineaceae	GWD2-49-16	522	1	8	3	0.01
Cyanobacteriota	Cyanobacteriia	Cyanobacteriales	Microcystaceae	Cyanothece_ATCC_51142_(UCYN-C)	522	2	8	8	0.01
Myxococcota	Polyangiia	Blfdi19	Unclassified	Unclassified	521	10	9	7	0.01
Pseudomonadota	Gammaproteobacteria	Burkholderiales	Nitrosomonadaceae	oc32	520	3	7	8	0.01
Bacteroidota	Bacteroidia	Flavobacteriales	Flavobacteriaceae	Hyunsoonleella	520	2	7	2	0.01
Pseudomonadota	Alphaproteobacteria	Kiloniellales	Kiloniellaceae	Tagaea	519	3	8	6	0.01
Gemmatimonadota	Gemmatimonadia	Gemmatimonadales	Gemmatimonadaceae	Unclassified	518	10	6	9	0.01
Cyanobacteriota	Cyanobacteriia	Cyanobacteriales	Cyanobacteriaceae	Geminobacterium	513	8	8	5	0.01
Verrucomicrobiota	Verrucomicrobiia	Opitutales	Puniceicoccaceae	Cerasicoccus	512	14	6	8	0.01
Chloroflexota	Dehalococcoidia	GIF3	Unclassified	Unclassified	510	9	5	8	0.01
Planctomycetota	Phycisphaerae	mle1-8	Unclassified	Unclassified	508	10	8	7	0.01
Verrucomicrobiota	Verrucomicrobiia	Chthoniobacterales	01D2Z36	Unclassified	504	5	7	7	0.01
Pseudomonadota	Alphaproteobacteria	Rhodospirillales	Magnetospiraceae	Magnetospira	500	5	6	5	0.01
Pseudomonadota	Gammaproteobacteria	Enterobacterales	Alteromonadaceae	Catenovulum	500	5	6	9	0.01
Verrucomicrobiota	Lentisphaeria	SS1-B-02-17	Unclassified	Unclassified	498	9	8	9	0.01
Bdellovibrionota	Oligoflexia	Silvanigrellales	Silvanigrellaceae	Unclassified	495.09	4	6	8	0.01
Pseudomonadota	Gammaproteobacteria	Pseudomonadales	Pseudohongiellaceae	BIyi10	495	3	7	5	0.01
Pseudomonadota	Gammaproteobacteria	Nitrococcales	Nitrococcaceae	Arhodomonas	495	1	7	7	0.01
Pseudomonadota	Alphaproteobacteria	Rhodobacterales	Paracoccaceae	Oceanicella	493	3	6	11	0.01
Chlorobiota	Chlorobia	Chlorobiales	Chlorobiaceae	Prosthecochloris	493	2	8	3	0.01
Planctomycetota	Planctomycetes	Planctomycetales	Rubinisphaeraceae	Rubinisphaera	490.5	10	6	8	0.01
Pseudomonadota	Alphaproteobacteria	Rhodobacterales	Paracoccaceae	Albimonas	490	4	6	6	0.01
Pseudomonadota	Gammaproteobacteria	Pseudomonadales	Alcanivoracaceae1	Alcanivorax	484	4	7	5	0.01
Cyanobacteriota	Cyanobacteriia	Phormidesmiales	Nodosilineaceae	MBIC10086	480	4	6	4	0.01
Candidatus_Kryptonia	Kryptonia	Kryptoniales	MSB-3C8	Unclassified	475	2	9	5	0.01
Bacillota	Clostridia	Peptostreptococcales-Tissierellales	Fusibacteraceae	Fusibacter	472.75	7	5	5	0.01
Verrucomicrobiota	Verrucomicrobiia	Opitutales	Puniceicoccaceae	Coraliomargarita	468	8	7	9	0.01
Bacteroidota	Bacteroidia	Flavobacteriales	Flavobacteriaceae	Gilvibacter	463	7	7	8	0.01
Bacteroidota	Bacteroidia	Flavobacteriales	Crocinitomicaceae	Lishizhenia	462	5	5	5	0.01
Chloroflexota	Chloroflexia	Chloroflexales	Roseiflexaceae	Unclassified	457.5	2	9	4	0.01
Patescibacteria	Saccharimonadia	Saccharimonadales	LWQ8	Unclassified	454.4	10	9	9	0.01
Pseudomonadota	Gammaproteobacteria	Coxiellales	Coxiellaceae	Coxiella	454	8	6	8	0.01
Bacteroidota	Bacteroidia	Flavobacteriales	Crocinitomicaceae	Unclassified	452.5	10	7	13	0.01
Bacteroidota	Bacteroidia	Chitinophagales	Saprospiraceae	Rubidimonas	452	3	9	6	0.01
Campylobacterota	Campylobacteria	Campylobacterales	Arcobacteraceae	Arcobacter	449.6	10	7	10	0.01
Pseudomonadota	Gammaproteobacteria	Pseudomonadales	Hahellaceae	Hahella	444	1	7	4	0.01
Pseudomonadota	Gammaproteobacteria	Burkholderiales	Oxalobacteraceae	Unclassified	440	3	7	5	0.01
Acidobacteriota	Vicinamibacteria	Vicinamibacterales	Vicinamibacteraceae	Unclassified	435	6	9	6	0.01
Chloroflexota	Anaerolineae	Anaerolineales	Anaerolineaceae	Levilinea	435	2	7	3	0.01
Actinomycetota	Actinobacteria	Micrococcales	Unclassified	Unclassified	433	12	9	7	0.01
Pseudomonadota	Alphaproteobacteria	Rickettsiales	Rickettsiaceae	Unclassified	432	22	5	16	0.01
Thermodesulfobacteriota	Desulfobulbia	Desulfobulbales	Unclassified	Unclassified	432	3	8	4	0.01
Pseudomonadota	Alphaproteobacteria	Rhodobacterales	Paracoccaceae	Tranquillimonas	430	3	7	4	0.01
Bacteroidota	Bacteroidia	Flavobacteriales	Flavobacteriaceae	Zeaxanthinibacter	430	6	8	7	0.01
Bacillota	Clostridia	Lachnospirales	Lachnospiraceae	Natranaerovirga	429	2	5	2	0.01
Bacteroidota	Bacteroidia	Flavobacteriales	Flavobacteriaceae	Kordia	425	4	7	4	0.01
Chloroflexota	Anaerolineae	RBG-13-54-9	Unclassified	Unclassified	422.5	8	9	7	0.01
Bacillota	Bacilli	Bacillales	Bacillaceae	Neobacillus	418	1	9	2	0.01
Chlamydiota	Chlamydiia	Chlamydiales	Simkaniaceae	Unclassified	415	18	5	11	0.01
Deferrisomatota	Deferrisomatia	Deferrisomatales	Deferrisomataceae	Deferrisoma	414	2	7	4	0.01
Verrucomicrobiota	Verrucomicrobiia	Opitutales	Puniceicoccaceae	Unclassified	407	11	8	9	0.01
Chloroflexota	Anaerolineae	Thermoflexales	Thermoflexaceae	Thermoflexus	407	4	8	4	0.01
Pseudomonadota	Alphaproteobacteria	Rhodobacterales	Paracoccaceae	Roseibacterium	407	1	6	3	0.01
Thermodesulfobacteriota	Desulfovibrionia	Desulfovibrionales	Desulfomicrobiaceae	Desulfomicrobium	404	2	7	3	0.01
Verrucomicrobiota	Verrucomicrobiia	Verrucomicrobiales	Rubritaleaceae	Persicirhabdus	400	7	6	5	0.01
Bacteroidota	Bacteroidia	Flavobacteriales	Flavobacteriaceae	Seonamhaeicola	399	3	8	6	0.01
Pseudomonadota	Alphaproteobacteria	Sphingomonadales	Sphingomonadaceae	Pelagerythrobacter	393	23	8	16	0.01
Cyanobacteriota	Cyanobacteriia	Cyanobacteriales	Cyanobacteriaceae	Symphothece_PCC-7002	391.5	6	8	11	0.01
Pseudomonadota	Alphaproteobacteria	Sphingomonadales	Sphingomonadaceae	Sphingomonas	389	2	7	2	0.01
Chloroflexota	Dehalococcoidia	GIF9	AB-539-J10	Unclassified	386	3	6	3	0.01
Acidobacteriota	Subgroup_5	Unclassified	Unclassified	Unclassified	384	5	7	6	0.01
Pseudomonadota	Gammaproteobacteria	Enterobacterales	Vibrionaceae	Salinivibrio	384	1	7	2	0.01
Pseudomonadota	Gammaproteobacteria	Pseudomonadales	Cellvibrionaceae	Agaribacterium	380	6	6	9	0.01
Pseudomonadota	Gammaproteobacteria	Enterobacterales	Vibrionaceae	Catenococcus	379.5	1	7	7	0.01
Bacteroidota	Bacteroidia	Flavobacteriales	Cryomorphaceae	Phaeocystidibacter	378	5	8	8	0.01
Patescibacteria	Gracilibacteria	Candidatus_Peregrinibacteria	Unclassified	Unclassified	377.5	19	9	13	0.01
Bacillota	Bacilli	Bacillales	Bacillaceae	Mesobacillus	374	2	8	2	0.01
FW113	Unclassified	Unclassified	Unclassified	Unclassified	364	3	8	3	0.01
Thermodesulfobacteriota	Desulfobacteria	Desulfobacterales	Desulfatirhabdiaceae	Desulfatirhabdium	364	2	8	2	0.01
Pseudomonadota	Gammaproteobacteria	Pseudomonadales	Hahellaceae	Allohahella	364	6	7	7	0.01
Pseudomonadota	Alphaproteobacteria	Hyphomicrobiales	Xanthobacteraceae	Unclassified	364	2	8	2	0.01
Actinomycetota	Actinobacteria	Micrococcales	Microbacteriaceae	Unclassified	360	1	6	3	0.01
Pseudomonadota	Zetaproteobacteria	Mariprofundales	Mariprofundaceae	Mariprofundus	359	6	7	6	0.01
Bacteroidota	Bacteroidia	Flavobacteriales	Crocinitomicaceae	Fluviicola	357	9	5	10	0.01
Thermodesulfobacteriota	Desulfuromonadia	Desulfuromonadales	Geopsychrobacteraceae	Unclassified	357	3	8	3	0.01
Bacteroidota	Bacteroidia	Flavobacteriales	Flavobacteriaceae	Sungkyunkwania	353	3	7	6	0.01
Bacteroidota	Bacteroidia	Flavobacteriales	Flavobacteriaceae	Leeuwenhoekiella	351	2	7	7	0.01
Gemmatimonadota	S0134_terrestrial_group	Unclassified	Unclassified	Unclassified	350	5	7	5	0.01
Pseudomonadota	Gammaproteobacteria	Chromatiales	Sedimenticolaceae	Unclassified	350	5	9	6	0.01
Bacillota	Clostridia	Eubacteriales	Alkalibacteraceae	Alkalibacter	350	2	5	4	0.01
Pseudomonadota	Alphaproteobacteria	Caulobacterales	Hyphomonadaceae	Robiginitomaculum	344	2	6	6	0.01
Pseudomonadota	Alphaproteobacteria	Rhodobacterales	Paracoccaceae	Oceaniglobus	343	2	9	2	0.01
Spirochaetota	Leptospirae	Leptospirales	Leptospiraceae	RBG-16-49-21	343	6	8	7	0.01
Verrucomicrobiota	Lentisphaeria	Oligosphaerales	Lenti-02	Unclassified	340	8	8	7	0.01
Chloroflexota	N9D0	Unclassified	Unclassified	Unclassified	338	1	7	7	0.01
Cyanobacteriota	Cyanobacteriia	Phormidesmiales	Phormidesmiaceae	Unclassified	337.62	3	8	6	0.01
Patescibacteria	ABY1	Candidatus_Kuenenbacteria	Unclassified	Unclassified	337	5	8	5	0.01
Patescibacteria	ABY1	Candidatus_Magasanikbacteria	Unclassified	Unclassified	335	8	8	6	0.01
Chlamydiota	Chlamydiia	LD1-PA32	Unclassified	Unclassified	334	6	8	7	0.01
Cyanobacteriota	Cyanobacteriia	Unclassified	Unclassified	Unclassified	333.85	13	9	8	0.01
Bacteroidota	Bacteroidia	Flavobacteriales	Flavobacteriaceae	Tamlana	333	2	8	5	0.01
Pseudomonadota	Alphaproteobacteria	Sphingomonadales	Sphingomonadaceae	Sphingobium	330	1	7	5	0.01
Bacteroidota	Bacteroidia	Flavobacteriales	Flavobacteriaceae	Confluentibacter	330	1	8	3	0.01
Thermodesulfobacteriota	Desulfuromonadia	Desulfuromonadales	Geopsychrobacteraceae	Pelobacter	329	2	8	2	0.01
Dependentiae	Babeliae	Babeliales	Unclassified	Unclassified	324	13	8	7	0.01
Planctomycetota	Planctomycetes	Unclassified	Unclassified	Unclassified	324	16	8	10	0.01
Pseudomonadota	Alphaproteobacteria	Sphingomonadales	Sphingomonadaceae	Qinpengyuania	324	1	8	1	0.01
Pseudomonadota	Alphaproteobacteria	Caulobacterales	Hyphomonadaceae	Hirschia	322	3	5	8	0.01
Chloroflexota	Dehalococcoidia	RBG-13-46-9	Unclassified	Unclassified	320	5	5	4	0.01
Pseudomonadota	Alphaproteobacteria	Hyphomicrobiales	Rhizobiaceae	Martelella	315	1	5	2	0.01
Pseudomonadota	Gammaproteobacteria	Thiohalorhabdales	Thiohalorhabdaceae	Unclassified	314	4	8	3	0.01
Bacillota	Bacilli	Bacillales	Bacillaceae	Ectobacillus	312	1	7	3	0.01
Myxococcota	Polyangiia	Nannocystales	Nannocystaceae	Nannocystis	311	4	7	4	0.01
Bacteroidota	Bacteroidia	Bacteroidales	Marinilabiliaceae	Saccharicrinis	309	4	8	3	0.01
Pseudomonadota	Gammaproteobacteria	Pseudomonadales	Cellvibrionaceae	Agarilytica	305	4	6	9	0.01
Planctomycetota	Planctomycetes	Planctomycetales	Rubinisphaeraceae	Fuerstia	304	5	6	4	0.01
Actinomycetota	Actinobacteria	Micrococcales	Intrasporangiaceae	Serinicoccus	302.5	1	7	4	0.01
Acidobacteriota	Acidobacteriae	Subgroup_15	Unclassified	Unclassified	302	3	8	2	0.01
Planctomycetota	Planctomycetes	Planctomycetales	Gimesiaceae	Gimesia	300	2	6	9	0.01
Cyanobacteriota	Cyanobacteriia	Cyanobacteriales	Microcystaceae	SU2_symbiont_group	300	3	8	6	0.01
Pseudomonadota	Alphaproteobacteria	Rickettsiales	AB1	Unclassified	299	10	9	9	0.01
Bacillota	Bacilli	Paenibacillales	Paenibacillaceae	Ammoniphilus	299	2	8	2	0.01
Acidobacteriota	Acidobacteriae	Bryobacterales	Bryobacteraceae	Bryobacter	299	5	7	5	0.01
Bacteroidota	Bacteroidia	Flavobacteriales	Flavobacteriaceae	Jejudonia	294	3	5	4	0.01
Pseudomonadota	Alphaproteobacteria	Rickettsiales	Unclassified	Unclassified	293	6	5	6	0.01
Chlamydiota	Chlamydiia	Chlamydiales	Unclassified	Unclassified	291	15	7	11	0.01
Bacteroidota	Bacteroidia	Flavobacteriales	Flavobacteriaceae	Coraliitalea	288	10	7	6	0.01
Actinomycetota	Acidimicrobiia	Microtrichales	Ilumatobacteraceae	Unclassified	278	12	9	9	0.01
Pseudomonadota	Gammaproteobacteria	Burkholderiales	Rhodocyclaceae	Thauera	274	3	8	3	0.01
Pseudomonadota	Alphaproteobacteria	Rhodospirillales	Rhodospirillaceae	Roseospira	273	1	8	2	0.01
Entotheonellaeota	Entotheonellia	Entotheonellales	Entotheonellaceae	Candidatus_Entotheonella	272	3	8	4	0.01
Schekmanbacteria	Unclassified	Unclassified	Unclassified	Unclassified	272	7	9	6	0.01
Pseudomonadota	Alphaproteobacteria	Rhodobacterales	Paracoccaceae	Acidimangrovimonas	272	1	5	6	0.01
Pseudomonadota	Gammaproteobacteria	Unclassified	Unclassified	Candidatus_Berkiella	271	6	8	5	0.01
Actinomycetota	Acidimicrobiia	Acidimicrobiales	Acidimicrobiaceae	Acidiferrimicrobium	270	2	6	4	0.01
Cyanobacteriota	Cyanobacteriia	Thermosynechococcales	Thermosynechococcaceae	Synechococcus_IR11	265	5	7	5	0
Cyanobacteriota	Cyanobacteriia	Cyanobacteriales	Coleofasciculaceae	Symploca_PCC-8002	264	3	7	3	0
Pseudomonadota	Gammaproteobacteria	Pseudomonadales	Hahellaceae	Unclassified	264	1	7	1	0
Actinomycetota	Actinobacteria	Micrococcales	Demequinaceae	Demequina	262	3	7	5	0
Cyanobacteriota	Cyanobacteriia	Cyanobacteriales	Cyanobacteriaceae	Unclassified	260.7	3	8	4	0
Pseudomonadota	Gammaproteobacteria	Arenicellales	Arenicellaceae	Arenicella	258	2	8	3	0
FCPU426	Unclassified	Unclassified	Unclassified	Unclassified	257	9	7	8	0
Bacteroidota	Bacteroidia	Flavobacteriales	Flavobacteriaceae	Aquibacter	256	3	6	4	0
Nanoarchaeota	Nanoarchaeia	Pacearchaeales	Unclassified	SCGC_AAA011-D5	254	11	7	9	0
Pseudomonadota	Alphaproteobacteria	Kiloniellales	Fodinicurvataceae	Ferruginivarius	253	2	7	2	0
Pseudomonadota	Gammaproteobacteria	Pseudomonadales	BD2-7	Unclassified	252	2	6	2	0
Ignavibacteriota	Ignavibacteria	Ignavibacteriales	Unclassified	Unclassified	247	1	8	3	0
Bacillota	Clostridia	Peptostreptococcales-Tissierellales	Anaerovoracaceae	Unclassified	247	1	4	3	0
Pseudomonadota	Gammaproteobacteria	Pseudomonadales	Pseudomonadaceae	Pseudomonas	244	4	7	4	0
NKB15	Unclassified	Unclassified	Unclassified	Unclassified	243	5	6	5	0
Pseudomonadota	Gammaproteobacteria	Pseudomonadales	Nitrincolaceae	Motiliproteus	243	5	8	3	0
Pseudomonadota	Alphaproteobacteria	Rhodobacterales	Paracoccaceae	Histidinibacterium	242	3	6	3	0
Pseudomonadota	Gammaproteobacteria	Run-SP154	Unclassified	Unclassified	240	1	9	2	0
Pseudomonadota	Gammaproteobacteria	Nitrosococcales	Nitrosococcaceae	SZB85	240	2	6	7	0
Bacillota	Desulfitobacteriia	Desulfitobacteriales	Unclassified	Unclassified	240	1	5	2	0
Patescibacteria	Gracilibacteria	Candidatus_Abawacabacteria	Unclassified	Unclassified	237	5	10	6	0
Pseudomonadota	Alphaproteobacteria	Hyphomicrobiales	Beijerinckiaceae	Microvirga	237	3	6	3	0
Pseudomonadota	Alphaproteobacteria	Kordiimonadales	Unclassified	Unclassified	237	3	7	4	0
Actinomycetota	Acidimicrobiia	Unclassified	Unclassified	Unclassified	230	3	9	4	0
Pseudomonadota	Alphaproteobacteria	Rhodobacterales	Paracoccaceae	Chachezhania	230	1	7	1	0
Bacteroidota	Bacteroidia	Flavobacteriales	Flavobacteriaceae	Salegentibacter	225	2	7	1	0
Bacteroidota	Bacteroidia	Flavobacteriales	Flavobacteriaceae	Lutibacter	225	2	8	2	0
Elusimicrobiota	Lineage_IIb	Unclassified	Unclassified	Unclassified	224	7	8	6	0
Planctomycetota	Phycisphaerae	S-70	Unclassified	Unclassified	222	5	9	4	0
Cyanobacteriota	Cyanobacteriia	Cyanobacteriales	Microcystaceae	Unclassified	222	5	8	4	0
Pseudomonadota	Gammaproteobacteria	Pseudomonadales	Saccharospirillaceae	Bermanella	221.94	1	6	7	0
Chlamydiota	Chlamydiia	Chlamydiales	Chlamydiaceae	Unclassified	220	12	7	8	0
Chloroflexota	Dehalococcoidia	Unclassified	Unclassified	Unclassified	220	5	5	4	0
Pseudomonadota	Gammaproteobacteria	EC3	Unclassified	Unclassified	220	9	9	7	0
Pseudomonadota	Unclassified	Unclassified	Unclassified	Unclassified	217	9	9	8	0
Pseudomonadota	Alphaproteobacteria	Rhodospirillales	Rhodospirillaceae	Unclassified	216	3	8	3	0
Pseudomonadota	Alphaproteobacteria	Rhodobacterales	Paracoccaceae	Vannielia	216	1	5	3	0
Chloroflexota	Dehalococcoidia	GIF9	AB-539-J10	SCGC-AB-539-J10	216	2	6	2	0
Cloacimonadota	Cloacimonadia	Cloacimonadales	Unclassified	Unclassified	216	1	6	1	0
Cyanobacteriota	Cyanobacteriia	Cyanobacteriales	Xenococcaceae	Foliisarcina	212.62	14	8	10	0
Cyanobacteriota	Cyanobacteriia	Cyanobacteriales	Cyanobacteriaceae	Annamia_HOs24	210	2	8	4	0
Cyanobacteriota	Cyanobacteriia	Cyanobacteriales	Coleofasciculaceae	Coleofasciculus_PCC-7420	208	3	8	4	0
Bacteroidota	Bacteroidia	Chitinophagales	Saprospiraceae	Saprospira	208	3	5	5	0
Bacillota	Bacilli	Bacillales	Bacillaceae	Litchfieldia	208	1	7	1	0
Bacillota	Clostridia	Oscillospirales	Oscillospiraceae	Ercella	208	3	5	3	0
Pseudomonadota	Gammaproteobacteria	Pseudomonadales	MBAE14	Unclassified	207	2	7	3	0
Planctomycetota	Phycisphaerae	MSBL9	SG8-4	Unclassified	205	8	6	7	0
Bacteroidota	Bacteroidia	Bacteroidales	Prolixibacteraceae	Mangrovibacterium	204	2	8	3	0
Pseudomonadota	Alphaproteobacteria	Rhodobacterales	Paracoccaceae	Roseobacter	204	2	5	2	0
Chloroflexota	Anaerolineae	SJA-15	Unclassified	Unclassified	204	1	8	3	0
Myxococcota	Unclassified	Unclassified	Unclassified	Unclassified	203	8	9	6	0
Pseudomonadota	Gammaproteobacteria	Granulosicoccales	Unclassified	Methylohalomonas	203	1	8	2	0
TA06	Unclassified	Unclassified	Unclassified	Unclassified	203	4	6	4	0
Actinomycetota	Actinobacteria	Micrococcales	Dermatophilaceae	Unclassified	202	3	7	3	0
Thermodesulfobacteriota	Desulfobulbia	Desulfobulbales	Desulfurivibrionaceae	MSBL7	201	2	7	2	0
Bacteroidota	Bacteroidia	Chitinophagales	Chitinophagaceae	Unclassified	200	4	6	7	0
Patescibacteria	ABY1	Candidatus_Falkowbacteria	Unclassified	Unclassified	198	8	5	6	0
Pseudomonadota	Gammaproteobacteria	Beggiatoales	Beggiatoaceae	Unclassified	198	3	8	4	0
Bacillota	Clostridia	Peptococcales	Peptococcaceae	Unclassified	198	3	7	5	0
Pseudomonadota	Alphaproteobacteria	Unclassified	Neomegalonemataceae	Unclassified	196	6	5	6	0
Bacillota	Clostridia	Eubacteriales	Eubacteriaceae	Unclassified	196	1	4	3	0
Fibrobacterota	Fibrobacteria	Fibrobacterales	Fibrobacteraceae	Unclassified	195	6	9	5	0
Myxococcota	Polyangiia	VHS-B3-70	Unclassified	Unclassified	195	4	8	6	0
Verrucomicrobiota	Verrucomicrobiia	Opitutales	Puniceicoccaceae	Puniceicoccus	192	7	8	5	0
Spirochaetota	Spirochaetia	Spirochaetales	Spirochaetaceae	Salinispira	191	3	8	4	0
Pseudomonadota	Alphaproteobacteria	Rhodobacterales	Paracoccaceae	Muriiphilus	190	2	5	3	0
Bacteroidota	Bacteroidia	Flavobacteriales	Flavobacteriaceae	Hwangdonia	187	3	9	3	0
Pseudomonadota	Alphaproteobacteria	Hyphomicrobiales	Rhizobiaceae	Chelativorans	184	1	5	3	0
Thermodesulfobacteriota	Desulfuromonadia	Desulfuromonadales	Desulfuromonadaceae	Desulfuromonas	183.5	2	8	2	0
Patescibacteria	Parcubacteria	GWA2-38-13b	Unclassified	Unclassified	183	7	9	7	0
Cyanobacteriota	Cyanobacteriia	Cyanobacteriales	Nostocaceae	Phyllonema	182	5	8	3	0
Bacillota	Bacilli	RF39	Unclassified	Unclassified	182	1	1	3	0
Bacillota	Clostridia	Clostridiales	Clostridiaceae	Clostridium	181	2	6	3	0
Cyanobacteriota	Cyanobacteriia	Cyanobacteriales	Paraspirulinaceae	Kamptonema	180	1	8	2	0
Pseudomonadota	Gammaproteobacteria	Lysobacterales	Rhodanobacteraceae	Oleiagrimonas	180	3	7	3	0
Bacteroidota	Bacteroidia	Flavobacteriales	Flavobacteriaceae	Gangjinia	180	1	6	1	0
Chloroflexota	Anaerolineae	1-20	Unclassified	Unclassified	180	1	8	4	0
Pseudomonadota	Gammaproteobacteria	Ga0077536	Unclassified	Unclassified	179	5	10	5	0
Patescibacteria	Gracilibacteria	Absconditabacteriales_(SR1)	Unclassified	Unclassified	177.25	6	10	7	0
Bacteroidota	Bacteroidia	Flavobacteriales	Flavobacteriaceae	Aestuariivivens	176	2	8	3	0
Chloroflexota	Dehalococcoidia	GIF9	Unclassified	Unclassified	175	2	7	2	0
Bacillota	Bacilli	Acholeplasmatales	Acholeplasmataceae	Acholeplasma	175	3	4	3	0
Cyanobacteriota	Cyanobacteriia	Synechococcales	Cyanobiaceae	Cyanobium_PCC-6307	171.5	2	6	4	0
Bacteroidota	Bacteroidia	Cytophagales	Hymenobacteraceae	Pontibacter	171	3	7	2	0
Acetothermia	Acetothermiia	KB1_group	Unclassified	Unclassified	171	3	5	3	0
Pseudomonadota	Gammaproteobacteria	Enterobacterales	Kangiellaceae	Aliikangiella	170	2	7	2	0
Myxococcota	Polyangiia	Polyangiales	Phaselicystaceae	Phaselicystis	169	2	8	2	0
Bacteroidota	Bacteroidia	Flavobacteriales	Flavobacteriaceae	Lutimonas	168	1	6	2	0
Pseudomonadota	Alphaproteobacteria	Rhodospirillales	Rhodospirillaceae	Rhodospirillum	168	2	8	2	0
Bacillota	Clostridia	Lachnospirales	Lachnospiraceae	Lachnoclostridium	168	1	6	4	0
Nanoarchaeota	Nanoarchaeia	Woesearchaeales	Unclassified	Unclassified	165	6	9	6	0
Pseudomonadota	Gammaproteobacteria	Pseudomonadales	Moraxellaceae	Acinetobacter	162.5	2	7	1	0
Thermodesulfobacteriota	Desulfuromonadia	Desulfuromonadales	C8S-102	Unclassified	162	1	7	1	0
Pseudomonadota	Alphaproteobacteria	Hyphomicrobiales	Rhizobiaceae	Aminobacter	160	1	5	1	0
Pseudomonadota	Alphaproteobacteria	Rhodobacterales	Paracoccaceae	Pseudothioclava	160	1	5	1	0
Pseudomonadota	Gammaproteobacteria	Ectothiorhodospirales	Ectothiorhodospiraceae	Halofilum	160	2	8	2	0
Bacteroidota	Bacteroidia	Cytophagales	Flammeovirgaceae	Luteivirga	160	3	6	3	0
Bacillota	Clostridia	Lachnospirales	Defluviitaleaceae	Defluviitaleaceae_UCG-011	160	4	5	4	0
Bacillota	Clostridia	Peptostreptococcales-Tissierellales	Clostridiisalibacteraceae	Clostridiisalibacter	157	2	4	2	0
Cyanobacteriota	Vampirivibrionia	Caenarcaniphilales	Unclassified	Unclassified	156	2	7	3	0
Pseudomonadota	Gammaproteobacteria	Enterobacterales	Kangiellaceae	Pleionea	154	3	7	2	0
Pseudomonadota	Gammaproteobacteria	Rickettsiellales	Rickettsiellaceae	Aquicella	153	6	6	5	0
Pseudomonadota	Alphaproteobacteria	Hyphomicrobiales	Methyloligellaceae	Unclassified	152	4	6	4	0
Bacteroidota	Bacteroidia	Flavobacteriales	Flavobacteriaceae	Ulvibacterium	152	1	6	1	0
Planctomycetota	Planctomycetes	Pirellulales	Pirellulaceae	Roseimaritima	150	1	7	3	0
Gemmatimonadota	MD2902-B12	Unclassified	Unclassified	Unclassified	150	3	8	4	0
Cyanobacteriota	Cyanobacteriia	Phormidesmiales	Nodosilineaceae	Leptolyngbya_PCC-6406	150	2	6	2	0
Fusobacteriota	Fusobacteriia	Fusobacteriales	Fusobacteriaceae	Propionigenium	150	1	4	3	0
Bacteroidota	Bacteroidia	Flavobacteriales	Flavobacteriaceae	Salinimicrobium	146	2	9	2	0
Pseudomonadota	Gammaproteobacteria	Burkholderiales	Nitrosomonadaceae	Nitrosomonas	145	3	7	3	0
Patescibacteria	Unclassified	Unclassified	Unclassified	Unclassified	145	4	9	4	0
Bacteroidota	Bacteroidia	Flavobacteriales	Weeksellaceae	Unclassified	144	3	6	3	0
Pseudomonadota	Alphaproteobacteria	Hyphomicrobiales	Rhizobiaceae	Jiella	144	1	6	1	0
Bacteroidota	Bacteroidia	Bacteroidales	Bacteroidetes_vadinHA17	Unclassified	143	1	6	2	0
Pseudomonadota	Alphaproteobacteria	Caulobacterales	Hyphomonadaceae	Hyphomonas	142	2	6	3	0
Pseudomonadota	Gammaproteobacteria	Legionellales	Legionellaceae	Unclassified	140	2	7	3	0
Bacteroidota	Bacteroidia	Flavobacteriales	Flavobacteriaceae	Flavobacterium	139	2	6	2	0
Campylobacterota	Campylobacteria	Campylobacterales	Rs-M59_termite_group	Unclassified	138	3	9	2	0
Patescibacteria	ABY1	Unclassified	Unclassified	Unclassified	138	5	7	3	0
Patescibacteria	Microgenomatia	Candidatus_Chisholmbacteria	Unclassified	Unclassified	135	5	7	5	0
Planctomycetota	Phycisphaerae	Phycisphaerales	Phycisphaeraceae	I-8	135	1	7	1	0
Pseudomonadota	Gammaproteobacteria	Enterobacterales	Unclassified	Unclassified	132.5	4	9	5	0
Cyanobacteriota	Cyanobacteriia	Cyanobacteriales	Geitlerinemaceae	Geitlerinema_PCC-7105	132	1	8	3	0
Pseudomonadota	Gammaproteobacteria	Steroidobacterales	Steroidobacteraceae	Steroidobacter	132	1	7	1	0
Pseudomonadota	Gammaproteobacteria	Burkholderiales	Comamonadaceae	Azohydromonas	132	1	9	1	0
Pseudomonadota	Alphaproteobacteria	Sphingomonadales	Sphingomonadaceae	Alteraurantiacibacter	132	1	8	1	0
Pseudomonadota	Gammaproteobacteria	Pseudomonadales	Nitrincolaceae	Neptunomonas	130	1	7	1	0
Pseudomonadota	Gammaproteobacteria	Legionellales	Legionellaceae	Legionella	130	3	7	4	0
Cyanobacteriota	Cyanobacteriia	Cyanobacteriales	Phormidiaceae	Trichodesmium_IMS101	130	2	9	2	0
Thermodesulfobacteriota	Desulfovibrionia	Desulfovibrionales	Desulfovibrionaceae	Pseudodesulfovibrio	129.5	3	7	3	0
Margulisbacteria	Unclassified	Unclassified	Unclassified	Unclassified	128	5	7	4	0
Pseudomonadota	Alphaproteobacteria	Rhodobacterales	Paracoccaceae	Lutimaribacter	126	1	5	3	0
Pseudomonadota	Alphaproteobacteria	Rhodobacterales	Paracoccaceae	Amaricoccus	126	2	6	2	0
Patescibacteria	Microgenomatia	Candidatus_Levybacteria	Unclassified	Unclassified	125	1	7	2	0
Acidobacteriota	d142	Unclassified	Unclassified	Unclassified	124	4	8	4	0
Pseudomonadota	Gammaproteobacteria	Enterobacterales	Colwelliaceae	Unclassified	124	5	9	4	0
Verrucomicrobiota	Kiritimatiellia	Kiritimatiellales	Kiritimatiellaceae	Unclassified	121	1	7	1	0
Bacteroidota	Bacteroidia	Bacteroidales	Marinilabiliaceae	Carboxylicivirga	120	2	8	2	0
Chlamydiota	Chlamydiia	Chlamydiales	cvE6	Unclassified	119	4	5	3	0
Thermodesulfobacteriota	Desulfuromonadia	Desulfuromonadales	Geopsychrobacteraceae	Malonomonas	119	2	8	3	0
Pseudomonadota	Alphaproteobacteria	Hyphomicrobiales	Rhizobiaceae	Aureimonas	119	1	5	1	0
Pseudomonadota	Gammaproteobacteria	Enterobacterales	Pseudoalteromonadaceae	Algicola	117	2	7	6	0
Spirochaetota	MVP-15	Unclassified	Unclassified	Unclassified	117	1	7	2	0
Bacillota	Clostridia	Peptostreptococcales-Tissierellales	Peptostreptococcaceae	Paraclostridium	117	1	4	1	0
Pseudomonadota	Alphaproteobacteria	NRL2	Unclassified	Unclassified	115	2	6	4	0
Bacteroidota	Bacteroidia	Chitinophagales	Chitinophagaceae	Cnuella	114	3	9	3	0
Cyanobacteriota	Cyanobacteriia	Cyanobacteriales	Gloeocapsaceae	Gloeocapsa	114	2	8	1	0
Bacteroidota	Bacteroidia	Cytophagales	Flammeovirgaceae	Flexithrix	113	6	7	7	0
Pseudomonadota	Alphaproteobacteria	Rhodobacterales	Paracoccaceae	Pontivivens	112	1	5	3	0
Pseudomonadota	Alphaproteobacteria	Rhodobacterales	Paracoccaceae	Pseudooceanicola	112	2	5	2	0
Planctomycetota	Phycisphaerae	Tepidisphaerales	WD2101_soil_group	Unclassified	112	1	6	1	0
Bacteroidota	Bacteroidia	Flavobacteriales	Flavobacteriaceae	Altibacter	112	1	5	2	0
Actinomycetota	Actinobacteria	KIST-JJY010	Unclassified	Unclassified	110	3	7	3	0
Thermodesulfobacteriota	Desulfovibrionia	Desulfovibrionales	Desulfovibrionaceae	Oceanidesulfovibrio	110	1	7	2	0
Patescibacteria	Kazania	Unclassified	Unclassified	Unclassified	108	1	6	1	0
Pseudomonadota	Gammaproteobacteria	D90	Unclassified	Unclassified	108	1	8	3	0
Bacteroidota	Bacteroidia	Sphingobacteriales	SBYC-2600	Unclassified	105	1	8	1	0
Spirochaetota	Spirochaetia	Spirochaetales	Spirochaetaceae	GWE2-31-10	105	6	6	6	0
Pseudomonadota	Alphaproteobacteria	Hyphomicrobiales	Rhizobiaceae	Aquamicrobium	104	1	5	2	0
Cyanobacteriota	Cyanobacteriia	Cyanobacteriales	Paraspirulinaceae	Spirulina_DRTO-55.2	104	2	8	1	0
Pseudomonadota	Alphaproteobacteria	Caulobacterales	Parvularculaceae	Amphiplicatus	104	1	6	1	0
Thermodesulfobacteriota	Desulfarculia	Desulfarculales	Desulfarculaceae	Dethiosulfatarculus	104	1	8	1	0
Bacteroidota	Bacteroidia	Flavobacteriales	Flavobacteriaceae	Aureicoccus	104	1	6	1	0
Pseudomonadota	Alphaproteobacteria	Rhodobacterales	Paracoccaceae	Thalassobius	104	1	5	1	0
Chloroflexota	Dehalococcoidia	vadinBA26	Unclassified	Unclassified	100	2	5	3	0
Planctomycetota	Phycisphaerae	Phycisphaerales	AKAU3564_sediment_group	Unclassified	100	7	4	5	0
Planctomycetota	Planctomycetes	Gemmatales	Gemmataceae	Gemmata	99	3	6	4	0
Bacteroidota	Bacteroidia	Flavobacteriales	Flavobacteriaceae	Wenyingzhuangia	99	1	6	3	0
Pseudomonadota	Alphaproteobacteria	Kiloniellales	Fodinicurvataceae	Unclassified	99	2	8	3	0
Pseudomonadota	Alphaproteobacteria	Kiloniellales	Unclassified	Unclassified	99	1	8	1	0
Pseudomonadota	Gammaproteobacteria	Pseudomonadales	Saccharospirillaceae	Unclassified	99	1	6	1	0
Pseudomonadota	Alphaproteobacteria	Caulobacterales	Parvularculaceae	Marinicaulis	98	3	7	3	0
Pseudomonadota	Alphaproteobacteria	Holosporales	Holosporaceae	Unclassified	98	2	5	2	0
Bacillota	Bacilli	Bacillales	Bacillaceae	Halobacillus	96	2	6	2	0
Pseudomonadota	Alphaproteobacteria	Rhodobacterales	Paracoccaceae	Maritimibacter	96	1	5	2	0
Actinomycetota	Actinobacteria	Pseudonocardiales	Pseudonocardiaceae	Thermotunica	96	1	8	1	0
Pseudomonadota	Alphaproteobacteria	Rhodospirillales	Rhodospirillaceae	Roseospirillum	96	1	5	4	0
Bacillota	Bacilli	Bacillales	Bacillaceae	Niallia	93.84	2	9	2	0
Planctomycetota	Phycisphaerae	Unclassified	Unclassified	Unclassified	91	3	8	3	0
Bacillota	Bacilli	Paenibacillales	Paenibacillaceae	Oxalophagus	91	1	8	1	0
Bacillota	Clostridia	Christensenellales	Christensenellaceae	Christensenellaceae_R-7_group	90.1	4	6	3	0
Pseudomonadota	Gammaproteobacteria	Enterobacterales	Vibrionaceae	Photobacterium	90	2	8	2	0
Nanoarchaeota	Nanoarchaeia	Pacearchaeales	Unclassified	GW2011_GWC1_47_15	90	4	6	4	0
Bacteroidota	Bacteroidia	Bacteroidales	Tannerellaceae	Macellibacteroides	90	3	8	2	0
Pseudomonadota	Alphaproteobacteria	Sphingomonadales	Sphingomonadaceae	Pontixanthobacter	90	1	7	1	0
Patescibacteria	Parcubacteria	Candidatus_Yanofskybacteria	Unclassified	Unclassified	90	2	6	2	0
Cyanobacteriota	Cyanobacteriia	Cyanobacteriales	Desertifilaceae	Hormoscilla_SI04-45	90	2	6	3	0
Bacillota	Clostridia	Lachnospirales	Lachnospiraceae	Dorea	90	1	4	2	0
Bacillota	Clostridia	MAT-CR-H4-C10	Unclassified	Unclassified	90	1	6	2	0
Verrucomicrobiota	Verrucomicrobiia	S-BQ2-57_soil_group	Unclassified	Unclassified	88	2	8	2	0
Cyanobacteriota	Cyanobacteriia	Cyanobacteriales	Nostocaceae	Richelia_HH01	88	1	7	2	0
Actinomycetota	Coriobacteriia	OPB41	Unclassified	Unclassified	85	3	5	3	0
Pseudomonadota	Alphaproteobacteria	Caulobacterales	Unclassified	Unclassified	84	2	5	3	0
Bacteroidota	Bacteroidia	Chitinophagales	Chitinophagaceae	Flavisolibacter	84	1	8	1	0
Verrucomicrobiota	Verrucomicrobiia	Opitutales	Unclassified	Unclassified	84	1	7	3	0
Bacillota	Clostridia	Peptostreptococcales-Tissierellales	Gottschalkiaceae	Andreesenia	84	2	4	2	0
Halanaerobiaeota	Halanaerobiia	Halanaerobiales	Halanaerobiaceae	Halanaerobium	84	2	6	2	0
Elusimicrobiota	Elusimicrobia	MD2894-B20	Unclassified	Unclassified	84	1	4	1	0
Bacillota	Clostridia	Clostridia_UCG-014	Unclassified	Unclassified	82	3	6	3	0
Cyanobacteriota	Cyanobacteriia	Phormidesmiales	Phormidesmiaceae	Phormidium_MBIC10002	81	1	6	1	0
Pseudomonadota	Alphaproteobacteria	Rhodobacterales	Paracoccaceae	Yoonia	81	1	6	1	0
Pseudomonadota	Alphaproteobacteria	Hyphomicrobiales	Hyphomicrobiaceae	Unclassified	80	2	6	2	0
Planctomycetota	Phycisphaerae	MSBL9	4572-13	Unclassified	80	3	4	3	0
Bacteroidota	Bacteroidia	Flavobacteriales	Flavobacteriaceae	Mesonia	80	1	6	1	0
Pseudomonadota	Alphaproteobacteria	Kiloniellales	Fodinicurvataceae	Fodinicurvata	80	1	7	3	0
Chloroflexota	Chloroflexia	Thermomicrobiales	AKYG1722	Unclassified	76.5	2	7	4	0
Pseudomonadota	Gammaproteobacteria	Enterobacterales	Shewanellaceae	Shewanella	75.32	2	7	2	0
Thermodesulfobacteriota	Desulfomonilia	Desulfomonilales	Desulfomonilaceae	Desulfomonile	75	1	8	1	0
Bacteroidota	Bacteroidia	Bacteroidales	Marinilabiliaceae	Breznakibacter	75	1	8	1	0
Patescibacteria	ABY1	Candidatus_Komeilibacteria	Unclassified	Unclassified	75	4	8	4	0
Pseudomonadota	Alphaproteobacteria	Hyphomicrobiales	Beijerinckiaceae	Unclassified	72	2	6	2	0
Pseudomonadota	Alphaproteobacteria	Pelagibacterales	Clade_I	Clade_Ia	72	2	6	4	0
Pseudomonadota	Alphaproteobacteria	Hyphomicrobiales	Rhizobiaceae	Pseudorhizobium	72	1	5	1	0
Chlamydiota	Chlamydiia	Chlamydiales	Simkaniaceae	Candidatus_Fritschea	72	3	5	3	0
Thermodesulfobacteriota	Desulfovibrionia	Desulfovibrionales	Desulfovibrionaceae	Desulfovibrio	72	1	7	1	0
Pseudomonadota	Alphaproteobacteria	Zavarziniales	Unclassified	Unclassified	70	2	8	2	0
Actinomycetota	Actinobacteria	Micrococcales	Microbacteriaceae	Huakuichenia	70	1	5	2	0
Chloroflexota	Chloroflexia	Chloroflexales	Chloroflexaceae	Candidatus_Chlorothrix	70	1	8	1	0
Bacillota	Clostridia	Oscillospirales	Ruminococcaceae	Faecalibacterium	70	1	4	2	0
Bacillota	Bacilli	Lactobacillales	Streptococcaceae	Streptococcus	68.32	3	3	3	0
Cyanobacteriota	Cyanobacteriia	Phormidesmiales	Nodosilineaceae	Nodosilinea_PCC-7104	66	1	7	1	0
Pseudomonadota	Gammaproteobacteria	Chromatiales	Chromatiaceae	Thiohalobacter	65	2	8	2	0
Cyanobacteriota	Cyanobacteriia	Synechococcales	Cyanobiaceae	Synechococcus_CC9902	65	1	4	5	0
Pseudomonadota	Alphaproteobacteria	Hyphomicrobiales	Rhizobiaceae	Allorhizobium	63	1	5	1	0
Pseudomonadota	Alphaproteobacteria	Hyphomicrobiales	Rhizobiaceae	Hoeflea	63	1	5	1	0
Pseudomonadota	Alphaproteobacteria	Paracaedibacterales	Paracaedibacteraceae	Unclassified	63	1	5	3	0
Pseudomonadota	Gammaproteobacteria	Pseudomonadales	Moraxellaceae	Moraxella	63	1	7	1	0
Bacillota	Clostridia	Lachnospirales	Lachnospiraceae	Fusicatenibacter	63	1	5	2	0
Verrucomicrobiota	Verrucomicrobiia	Verrucomicrobiales	Rubritaleaceae	Unclassified	62	4	6	4	0
Patescibacteria	Saccharimonadia	Saccharimonadales	Saccharimonadaceae	TM7a	62	2	9	1	0
Bacillota	Clostridia	Lachnospirales	Lachnospiraceae	Unclassified	62	2	6	2	0
Patescibacteria	Microgenomatia	Candidatus_Collierbacteria	Unclassified	Unclassified	60	1	8	1	0
Spirochaetota	Leptospirae	Leptospirales	Leptospiraceae	Unclassified	60	5	7	5	0
Elusimicrobiota	Elusimicrobia	MVP-88	Unclassified	Unclassified	60	1	8	1	0
Bdellovibrionota	Bacteriovoracia	Bacteriovoracales	Bacteriovoracaceae	Halobacteriovorax	60	2	6	2	0
Pseudomonadota	Gammaproteobacteria	Enterobacterales	Idiomarinaceae	Aliidiomarina	60	1	6	1	0
CK-2C2-2	Unclassified	Unclassified	Unclassified	Unclassified	60	1	8	1	0
DTB120	Unclassified	Unclassified	Unclassified	Unclassified	60	1	8	1	0
Pseudomonadota	Alphaproteobacteria	Hyphomicrobiales	Methyloligellaceae	Methyloligella	60	1	7	1	0
Pseudomonadota	Gammaproteobacteria	Nitrosococcales	Nitrosococcaceae	Cm1-21	60	1	8	1	0
Bacillota	Bacilli	Bacillales	Bacillaceae	Priestia	60	1	7	1	0
Bacillota	Bacilli	Bacillales	Unclassified	Unclassified	60	1	7	1	0
Bacillota	Clostridia	Oscillospirales	Ruminococcaceae	Gemmiger	60	1	5	2	0
Chloroflexota	Anaerolineae	Anaerolineales	Anaerolineaceae	Ornatilinea	60	1	7	1	0
Pseudomonadota	Gammaproteobacteria	Pseudomonadales	Halomonadaceae	Salinicola	60	1	6	1	0
Acidobacteriota	AT-s3-28	Unclassified	Unclassified	Unclassified	58	4	8	3	0
Pseudomonadota	Alphaproteobacteria	Parvibaculales	Unclassified	Unclassified	58	2	7	2	0
Cyanobacteriota	Cyanobacteriia	Unclassified	Unclassified	Pseudanabaena_NgrPSln22	57	2	9	2	0
Planctomycetota	Phycisphaerae	Tepidisphaerales	Tepidisphaeraceae	Unclassified	56	2	6	2	0
Pseudomonadota	Alphaproteobacteria	Hyphomicrobiales	Methyloligellaceae	Rhodobium	56	1	5	1	0
Pseudomonadota	Alphaproteobacteria	Caulobacterales	Parvularculaceae	Aquisalinus	56	1	6	1	0
Bacteroidota	Bacteroidia	Sphingobacteriales	E6aC02	Unclassified	56	1	7	1	0
Verrucomicrobiota	Lentisphaeria	Victivallales	Unclassified	Unclassified	56	1	6	1	0
Thermodesulfobacteriota	Desulfobacteria	Desulfobacterales	Desulfococcaceae	Desulfonema	55.59	2	8	2	0
Pseudomonadota	Gammaproteobacteria	Pseudomonadales	Cellvibrionaceae	Gilvimarinus	55	1	6	1	0
Pseudomonadota	Alphaproteobacteria	Sphingomonadales	Sphingomonadaceae	Tsuneonella	55	1	7	1	0
Actinomycetota	Thermoleophilia	Solirubrobacterales	Solirubrobacteraceae	Unclassified	55	1	7	1	0
Pseudomonadota	Alphaproteobacteria	Rickettsiales	Rickettsiaceae	Candidatus_Megaira	54	2	5	2	0
Pseudomonadota	Gammaproteobacteria	UBA4486	Unclassified	Unclassified	54	2	6	2	0
Thermoplasmatota	Thermoplasmata	Unclassified	Unclassified	Unclassified	54	1	6	2	0
Nitrospirota	BMS9AB35	Unclassified	Unclassified	Unclassified	51	1	8	1	0
Pseudomonadota	Alphaproteobacteria	Hyphomicrobiales	Unclassified	Dichotomicrobium	50	1	6	1	0
Thermodesulfobacteriota	Desulfuromonadia	Desulfuromonadales	Desulfuromonadaceae	Trichloromonas	50	1	8	1	0
Thermodesulfobacteriota	Desulfobulbia	Desulfobulbales	Desulfurivibrionaceae	Desulfurivibrio	50	1	6	1	0
Actinomycetota	Thermoleophilia	Solirubrobacterales	Solirubrobacteraceae	Solirubrobacter	50	1	7	1	0
Pseudomonadota	Gammaproteobacteria	Ectothiorhodospirales	Thioalkalispiraceae	Thioalkalispira	50	1	7	1	0
Patescibacteria	CPR2	Unclassified	Unclassified	Unclassified	50	1	4	1	0
Bacteroidota	Bacteroidia	Chitinophagales	37-13	Unclassified	49	2	6	2	0
Pseudomonadota	Alphaproteobacteria	Rhodobacterales	Paracoccaceae	Salinovum	49	3	6	3	0
Pseudomonadota	Alphaproteobacteria	Rhodobacterales	Paracoccaceae	Octadecabacter	49	1	5	1	0
Acidobacteriota	Blastocatellia	Blastocatellales	Blastocatellaceae	Stenotrophobacter	48	1	7	1	0
Verrucomicrobiota	Verrucomicrobiia	Verrucomicrobiales	Unclassified	Unclassified	48	3	6	2	0
Entotheonellaeota	Entotheonellia	Entotheonellales	Entotheonellaceae	Unclassified	48	2	8	2	0
Pseudomonadota	Alphaproteobacteria	Puniceispirillales	EF100-94H03	Unclassified	48	1	5	2	0
Pseudomonadota	Alphaproteobacteria	Rhodobacterales	Paracoccaceae	Aestuariicoccus	48	1	5	1	0
Cyanobacteriota	Cyanobacteriia	Cyanobacteriales	Cyanobacteriaceae	Chroococcus_HUW_799	48	2	8	1	0
Pseudomonadota	Gammaproteobacteria	Enterobacterales	Alteromonadaceae	Pseudobowmanella	48	1	9	1	0
Bdellovibrionota	Oligoflexia	Unclassified	Unclassified	Unclassified	48	1	7	1	0
Actinomycetota	Actinobacteria	Micrococcales	Bogoriellaceae	Georgenia	48	1	5	1	0
Elusimicrobiota	Endomicrobiia	Endomicrobiales	Endomicrobiaceae	Endomicrobium	48	3	4	2	0
Caldisericota	Caldisericia	Caldisericales	LF045	Unclassified	48	1	5	1	0
Nanoarchaeota	Nanoarchaeia	Pacearchaeales	Unclassified	Unclassified	47	2	9	2	0
Patescibacteria	Gracilibacteria	Candidatus_Peribacteria	Unclassified	Unclassified	46.5	2	9	2	0
Spirochaetota	Spirochaetia	Spirochaetales	Spirochaetaceae	Oceanispirochaeta	46.5	2	5	3	0
Bacillota	Bacilli	Bacillales	Bacillaceae	Metabacillus	45.6	1	8	1	0
Pseudomonadota	Gammaproteobacteria	Enterobacterales	Alteromonadaceae	Neptunicella	45.28	6	9	2	0
Chlamydiota	Chlamydiia	Chlamydiales	Simkaniaceae	Simkania	45	3	5	2	0
Pseudomonadota	Gammaproteobacteria	Pseudomonadales	Halieaceae	Congregibacter	45	1	8	1	0
Actinomycetota	Coriobacteriia	CG2-30-50-142	Unclassified	Unclassified	45	1	4	1	0
Pseudomonadota	Gammaproteobacteria	Acidiferrobacterales	Acidiferrobacteraceae	Unclassified	45	1	7	1	0
Pseudomonadota	Gammaproteobacteria	Arenicellales	Arenicellaceae	HTCC5015	45	1	7	1	0
Actinomycetota	Actinobacteria	Mycobacteriales	Nocardiaceae	Gordonia	45	1	7	1	0
Pseudomonadota	Alphaproteobacteria	Rhodobacterales	Paracoccaceae	Pelagibaca	45	1	5	1	0
Pseudomonadota	Gammaproteobacteria	Pseudomonadales	Halieaceae	Luminiphilus	45	1	6	1	0
Actinomycetota	Actinobacteria	Mycobacteriales	Unclassified	Unclassified	45	1	7	1	0
Pseudomonadota	Gammaproteobacteria	Pseudomonadales	Oceanospirillaceae	Oceanospirillum	45	2	6	2	0
Thermodesulfobacteriota	Desulfobulbia	Desulfobulbales	Desulfobulbaceae	Desulfogranum	44	1	8	1	0
Patescibacteria	Parcubacteria	Candidatus_Portnoybacteria	Unclassified	Unclassified	44	1	5	1	0
Pseudomonadota	Alphaproteobacteria	Azospirillales	Azospirillaceae	Unclassified	44	1	7	1	0
Pseudomonadota	Alphaproteobacteria	Rhodobacterales	Paracoccaceae	Kandeliimicrobium	44	2	8	2	0
Pseudomonadota	Alphaproteobacteria	Rhodobacterales	Paracoccaceae	Aestuariivita	44	1	7	1	0
Balneolota	Balneolia	Balneolales	Balneolaceae	HK-RBC54	44	1	7	2	0
Pseudomonadota	Gammaproteobacteria	Pseudomonadales	Pseudomonadaceae	Unclassified	44	1	6	1	0
Synergistota	Synergistia	Synergistales	Synergistaceae	JGI-0000079-D21	42.56	2	4	2	0
Bacteroidota	Bacteroidia	Bacteroidales	Prolixibacteraceae	Prolixibacter	42.5	1	8	1	0
Campylobacterota	Campylobacteria	Campylobacterales	Helicobacteraceae	Unclassified	42	1	9	1	0
Pseudomonadota	Alphaproteobacteria	Rhodobacterales	Paracoccaceae	Meinhardsimonia	42	3	7	3	0
Verrucomicrobiota	Verrucomicrobiia	Opitutales	Opitutaceae	Diplosphaera	42	2	8	2	0
Bacteroidota	Bacteroidia	Sphingobacteriales	Unclassified	Unclassified	42	1	7	1	0
Bacteroidota	Bacteroidia	Flavobacteriales	Flavobacteriaceae	Ulvibacter	42	1	5	1	0
Spirochaetota	Spirochaetia	Spirochaetales	Spirochaetaceae	Alkalispirochaeta	42	1	6	1	0
Pseudomonadota	Gammaproteobacteria	Beggiatoales	Leucotrichaceae	Thiolinea	42	1	7	1	0
Bacteroidota	Bacteroidia	Flavobacteriales	Flavobacteriaceae	Aurantivirga	40	2	6	2	0
Pseudomonadota	Gammaproteobacteria	Beggiatoales	Beggiatoaceae	Candidatus_Maribeggiatoa	40	1	8	1	0
Cyanobacteriota	Cyanobacteriia	Limnotrichales	Limnotrichaceae	Limnothrix	40	2	7	3	0
Bacteroidota	Bacteroidia	Flavobacteriales	Flavobacteriaceae	Pseudozobellia	40	2	6	2	0
Halobacteriota	Halobacteria	Halobacterales	Halococcaceae	Halococcus	40	1	5	2	0
Chloroflexota	Dehalococcoidia	FW22	Unclassified	Unclassified	40	2	5	2	0
Balneolota	Balneolia	Balneolales	Balneolaceae	Aliifodinibius	40	1	7	1	0
Bacteroidota	Bacteroidia	Flavobacteriales	Weeksellaceae	Ornithobacterium	40	1	6	1	0
Spirochaetota	Spirochaetia	Spirochaetales	Spirochaetaceae	Candidatus_Marispirochaeta	40	2	5	2	0
Verrucomicrobiota	Lentisphaeria	Victivallales	BD2-3	Unclassified	40	1	6	1	0
Cyanobacteriota	Cyanobacteriia	Cyanobacteriales	Paraspirulinaceae	Spirulina_P7	39	1	8	1	0
Poribacteria	Unclassified	Unclassified	Unclassified	Unclassified	39	2	8	2	0
Planctomycetota	Phycisphaerae	Phycisphaerales	Phycisphaeraceae	Z195MB87	39	1	8	1	0
Bacillota	Clostridia	Oscillospirales	Ruminococcaceae	Ruminococcus	39	2	4	2	0
Bacillota	Clostridia	Oscillospirales	Oscillospiraceae	UCG-012	38	1	5	1	0
Verrucomicrobiota	Verrucomicrobiia	Pedosphaerales	Pedosphaeraceae	ADurb.Bin063-1	36	2	8	3	0
Cyanobacteriota	Cyanobacteriia	Cyanobacteriales	Oscillatoriaceae	Planktothricoides_SR001	36	1	8	1	0
Spirochaetota	Leptospirae	Leptospirales	Leptospiraceae	Turneriella	36	3	9	3	0
Calditrichota	Calditrichia	Calditrichales	Calditrichaceae	SM23-31	36	1	8	1	0
Bacteroidota	Bacteroidia	Flavobacteriales	Cryomorphaceae	NS10_marine_group	36	2	6	2	0
Fibrobacterota	Chitinivibrionia	Chitinivibrionales	Chitinispirillaceae	SBYC	36	1	5	1	0
Actinomycetota	Actinobacteria	Actinomycetales	Actinomycetaceae	Unclassified	36	1	5	1	0
Chloroflexota	Anaerolineae	Anaerolineales	Anaerolineaceae	UTCFX1	36	1	9	1	0
Pseudomonadota	Gammaproteobacteria	Enterobacterales	Celerinatantimonadaceae	Celerinatantimonas	36	1	6	1	0
Planctomycetota	SGST604	Unclassified	Unclassified	Unclassified	36	1	8	1	0
Chlamydiota	Chlamydiia	Chlamydiales	Parachlamydiaceae	Unclassified	36	1	7	1	0
Nitrospirota	4-29-1	Unclassified	Unclassified	Unclassified	36	1	8	1	0
Bacillota	Clostridia	Unclassified	Unclassified	Unclassified	36	1	6	1	0
Chlamydiota	Chlamydiia	Chlamydiales	Waddliaceae	Waddlia	35	3	5	3	0
Pseudomonadota	Alphaproteobacteria	Rhodospirillales	AEGEAN-169_marine_group	Unclassified	35	1	5	2	0
Pseudomonadota	Alphaproteobacteria	Hyphomicrobiales	Rhodobiaceae	Afifella	35	1	5	2	0
Pseudomonadota	Alphaproteobacteria	Rhodobacterales	Paracoccaceae	Rubribacterium	35	1	5	1	0
Bacteroidota	Bacteroidia	Bacteroidales	Prolixibacteraceae	Sunxiuqinia	34	1	8	1	0
Bacteroidota	Bacteroidia	Bacteroidales	Prolixibacteraceae	Roseimarinus	34	2	8	2	0
Pseudomonadota	Gammaproteobacteria	Pseudomonadales	Halieaceae	Chromatocurvus	34	1	9	1	0
Synergistota	Synergistia	Synergistales	Synergistaceae	Unclassified	34	2	5	2	0
Cyanobacteriota	Cyanobacteriia	Leptolyngbyales	Leptolyngbyaceae	Unclassified	33	1	7	1	0
Verrucomicrobiota	Lentisphaeria	Lentisphaerales	Lentisphaeraceae	Lentisphaera	33	1	7	1	0
Acidobacteriota	Unclassified	Unclassified	Unclassified	Unclassified	33	1	8	1	0
Chloroflexota	Gitt-GS-136	Unclassified	Unclassified	Unclassified	33	1	7	1	0
Pseudomonadota	Gammaproteobacteria	Pseudomonadales	Nitrincolaceae	Neptuniibacter	33	1	7	1	0
Planctomycetota	Planctomycetes	Planctomycetales	Rubinisphaeraceae	SH-PL14	32	1	5	1	0
Pseudomonadota	Gammaproteobacteria	Chromatiales	Chromatiaceae	Achromatium	32	1	8	1	0
Acidobacteriota	Blastocatellia	Elev-16S-573	Unclassified	Unclassified	32	1	7	1	0
Bacteroidota	Bacteroidia	Cytophagales	Bernardetiaceae	Unclassified	32	1	6	1	0
Bacillota	Bacilli	Erysipelotrichales	Erysipelotrichaceae	Culicoidibacter	32	3	1	3	0
Bacteroidota	Bacteroidia	Cytophagales	Spirosomataceae	Jiulongibacter	31.5	2	5	2	0
Patescibacteria	Gracilibacteria	JGI_0000069-P22	Unclassified	Unclassified	31.5	2	9	2	0
Pseudomonadota	Gammaproteobacteria	Methylococcales	Methylomonadaceae	Methylomarinum	31.5	1	7	1	0
Pseudomonadota	Gammaproteobacteria	Beggiatoales	Beggiatoaceae	Candidatus_Marithioploca	30	1	8	1	0
Pseudomonadota	Alphaproteobacteria	Kiloniellales	Fodinicurvataceae	Rhodovibrio	30	1	6	1	0
Verrucomicrobiota	Lentisphaeria	Victivallales	Arctic95B-14	Unclassified	30	1	8	1	0
Chloroflexota	TK17	Unclassified	Unclassified	Unclassified	30	1	6	1	0
Pseudomonadota	Gammaproteobacteria	Beggiatoales	Leucotrichaceae	Thiothrix	30	2	7	2	0
Bacillota	Clostridia	Oscillospirales	Oscillospiraceae	NK4A214_group	30	1	4	1	0
Pseudomonadota	Gammaproteobacteria	Pseudomonadales	Cellvibrionaceae	Candidatus_Endobugula	30	1	6	1	0
Bacillota	Clostridia	Oscillospirales	Oscillospiraceae	Ruminiclostridium	30	1	5	2	0
Patescibacteria	Berkelbacteria	Unclassified	Unclassified	Unclassified	29	2	7	2	0
Verrucomicrobiota	Verrucomicrobiia	Chthoniobacterales	Xiphinematobacteraceae	Candidatus_Xiphinematobacter	28	1	5	1	0
Pseudomonadota	Alphaproteobacteria	Thalassobaculales	Nisaeaceae	Nisaea	28	1	6	1	0
Pseudomonadota	Alphaproteobacteria	Rhodobacterales	Paracoccaceae	Oceanicola	28	1	5	1	0
Chloroflexota	Chloroflexia	Thermomicrobiales	JG30-KF-CM45	Unclassified	28	3	6	2	0
Bacteroidota	Bacteroidia	Bacteroidales	Bacteroidaceae	Bacteroides	28	1	7	1	0
Elusimicrobiota	Elusimicrobia	Lineage_IV	Unclassified	Unclassified	28	1	8	1	0
Verrucomicrobiota	Kiritimatiellia	Kiritimatiellales	Kiritimatiellaceae	MSBL3	28	4	2	4	0
Bacillota	Clostridia	Oscillospirales	[Eubacterium]_coprostanoligenes_group	Unclassified	28	2	3	2	0
Thermotogota	Thermotogae	Petrotogales	Petrotogaceae	SC103	28	1	3	1	0
Bacillota	Clostridia	Oscillospirales	Ruminococcaceae	Negativibacillus	28	1	3	1	0
Bacteroidota	Bacteroidia	Cytophagales	Bernardetiaceae	Bernardetia	27.93	5	5	3	0
Verrucomicrobiota	Kiritimatiellia	113B434	Unclassified	Unclassified	27	3	7	2	0
Bacteroidota	Bacteroidia	Cytophagales	Amoebophilaceae	Candidatus_Amoebophilus	27	2	7	2	0
Fibrobacterota	Chitinivibrionia	Chitinivibrionales	Chitinispirillaceae	MAT-CR-H6-H10	27	1	5	2	0
Fibrobacterota	Fibrobacteria	Fibrobacterales	Fibrobacteraceae	Fibrobacter	27	1	6	1	0
Pseudomonadota	Gammaproteobacteria	Thiomicrospirales	Thiomicrospiraceae	Thiomicrorhabdus	27	2	6	3	0
Pseudomonadota	Gammaproteobacteria	Pseudomonadales	Saccharospirillaceae	Oleibacter	27	1	6	1	0
Patescibacteria	Microgenomatia	Candidatus_Curtissbacteria	Unclassified	Unclassified	27	1	4	1	0
Actinomycetota	Actinobacteria	Bifidobacteriales	Bifidobacteriaceae	Bifidobacterium	26.25	1	5	2	0
Pseudomonadota	Gammaproteobacteria	Enterobacterales	Pseudoalteromonadaceae	Psychrosphaera	26	3	7	3	0
Bacillota	Clostridia	Peptostreptococcales-Tissierellales	Peptostreptococcaceae	Unclassified	26	1	4	1	0
Bacillota	Clostridia	Eubacteriales	Anaerofustaceae	Anaerofustis	25	1	3	2	0
Pseudomonadota	Gammaproteobacteria	EV818SWSAP88	Unclassified	Unclassified	24	2	6	2	0
Bacteroidota	Bacteroidia	Flavobacteriales	Flavobacteriaceae	Kriegella	24	2	6	1	0
Pseudomonadota	Gammaproteobacteria	Enterobacterales	Pseudoalteromonadaceae	Unclassified	24	1	7	3	0
Pseudomonadota	Alphaproteobacteria	Rhodobacterales	Paracoccaceae	Sinirhodobacter	24	1	5	1	0
Pseudomonadota	Gammaproteobacteria	Enterobacterales	Erwiniaceae	Unclassified	24	1	7	1	0
Planctomycetota	Phycisphaerae	Phycisphaerales	Phycisphaeraceae	CL500-3	24	1	6	1	0
WOR-1	Unclassified	Unclassified	Unclassified	Unclassified	24	1	7	1	0
Actinomycetota	Actinobacteria	Propionibacteriales	Unclassified	Unclassified	24	1	7	1	0
Verrucomicrobiota	Lentisphaeria	P.palmC41	Unclassified	Unclassified	24	1	6	1	0
Thermodesulfobacteriota	Desulfovibrionia	Desulfovibrionales	Desulfovibrionaceae	Unclassified	24	1	7	1	0
Cyanobacteriota	Vampirivibrionia	Vampirovibrionales	Vampirovibrionaceae	Unclassified	22	1	7	1	0
Pseudomonadota	Alphaproteobacteria	Tistrellales	Geminicoccaceae	Arboricoccus	22	1	7	1	0
Patescibacteria	ABY1	Candidatus_Buchananbacteria	Unclassified	Unclassified	22	1	5	1	0
Patescibacteria	Microgenomatia	Candidatus_Roizmanbacteria	Unclassified	Unclassified	22	1	5	1	0
Pseudomonadota	Gammaproteobacteria	Enterobacterales	Alteromonadaceae	Planctobacterium	22	1	7	1	0
Chlamydiota	Chlamydiia	Chlamydiales	Parachlamydiaceae	Neochlamydia	21	1	5	1	0
Pseudomonadota	Alphaproteobacteria	Rhodobacterales	Paracoccaceae	Dinoroseobacter	21	1	5	1	0
Pseudomonadota	Gammaproteobacteria	Burkholderiales	SC-I-84	Unclassified	21	1	9	1	0
Pseudomonadota	Alphaproteobacteria	Pelagibacterales	Clade_II	Unclassified	21	2	5	2	0
Verrucomicrobiota	Lentisphaeria	Victivallales	SBYX-4944	Unclassified	21	1	6	1	0
Bacteroidota	Bacteroidia	Flavobacteriales	Flavobacteriaceae	Formosa	20.97	1	7	1	0
Pseudomonadota	Gammaproteobacteria	Thiomicrospirales	Thiomicrospiraceae	Thiomicrospira	20.97	1	6	1	0
Rhodothermota	Rhodothermia	Rhodothermales	Rhodothermaceae	Natronotalea	20	1	7	1	0
Pseudomonadota	Gammaproteobacteria	Pseudomonadales	Halomonadaceae	Terasakiispira	20	1	7	1	0
Bacteroidota	Bacteroidia	Flavobacteriales	Flavobacteriaceae	Paramesonia	20	1	6	1	0
Pseudomonadota	Gammaproteobacteria	Pseudomonadales	Saccharospirillaceae	Spongiispira	20	1	7	1	0
Chloroflexota	Dehalococcoidia	JdFR-54	Unclassified	Unclassified	20	1	7	1	0
Bacteroidota	Bacteroidia	Flavobacteriales	Flavobacteriaceae	Psychroflexus	20	1	6	1	0
Verrucomicrobiota	Lentisphaeria	Oligosphaerales	Oligosphaeraceae	Unclassified	20	1	8	1	0
Pseudomonadota	Alphaproteobacteria	Kiloniellales	Kiloniellaceae	Kiloniella	20	1	7	1	0
Pseudomonadota	Alphaproteobacteria	Micropepsales	Micropepsaceae	Unclassified	20	1	7	1	0
Thermodesulfobacteriota	Desulfovibrionia	Desulfovibrionales	Desulfovibrionaceae	Maridesulfovibrio	20	1	7	1	0
Pseudomonadota	Alphaproteobacteria	Azospirillales	Azospirillaceae	Azospirillum	19.6	1	7	1	0
Bacteroidota	Bacteroidia	Bacteroidales	Prevotellaceae	Prevotella	19.5	1	6	1	0
Pseudomonadota	Gammaproteobacteria	Francisellales	Francisellaceae	Francisella	18.97	2	6	2	0
Cyanobacteriota	Cyanobacteriia	Cyanobacteriales	Microcystaceae	Cyanothece	18	1	8	1	0
Bacteroidota	Bacteroidia	Flavobacteriales	Flavobacteriaceae	Algibacter	18	1	7	1	0
Pseudomonadota	Gammaproteobacteria	Pseudomonadales	Litorivicinaceae	Litorivicinus	18	1	7	1	0
Cyanobacteriota	Vampirivibrionia	Gastranaerophilales	Gastranaerophilaceae	Unclassified	18	3	3	3	0
Halanaerobiaeota	Halanaerobiia	Halanaerobiales	Halanaerobiaceae	Unclassified	18	1	5	1	0
Bacillota	Clostridia	Peptostreptococcales-Tissierellales	Peptostreptococcaceae	Romboutsia	16.74	1	2	6	0
Pseudomonadota	Alphaproteobacteria	Emcibacterales	Emcibacteraceae	Emcibacter	16.5	1	7	1	0
Bacteroidota	Bacteroidia	Flavobacteriales	Flavobacteriaceae	NS5_marine_group	16	1	6	1	0
Bacteroidota	Bacteroidia	Flavobacteriales	Flavobacteriaceae	Aureisphaera	16	1	6	1	0
Pseudomonadota	Gammaproteobacteria	WN-HWB-116	Unclassified	Unclassified	16	1	6	1	0
Bacteroidota	Bacteroidia	Bacteroidales	Marinilabiliaceae	Mangroviflexus	16	1	8	1	0
Pseudomonadota	Alphaproteobacteria	Hyphomicrobiales	Rhizobiaceae	Pseudohoeflea	16	1	5	1	0
Pseudomonadota	Alphaproteobacteria	Caulobacterales	Hyphomonadaceae	Fretibacter	16	1	6	1	0
Bacteroidota	Bacteroidia	Flavobacteriales	Flavobacteriaceae	Snuella	16	1	6	1	0
Bacillota	Bacilli	Bacillales	Marinococcaceae	Marinococcus	16	1	5	2	0
Bacteroidota	Bacteroidia	Flavobacteriales	Flavobacteriaceae	Aurantiacicella	16	1	6	1	0
Bacillota	Bacilli	Staphylococcales	Staphylococcaceae	Aliicoccus	16	1	5	1	0
Bacillota	Thermovenabulia	Thermovenabulales	Unclassified	Unclassified	16	1	5	1	0
Pseudomonadota	Gammaproteobacteria	Burkholderiales	Nitrosomonadaceae	MND1	15	1	7	1	0
Actinomycetota	Unclassified	Unclassified	Unclassified	Unclassified	15	1	9	1	0
Pseudomonadota	Alphaproteobacteria	Caulobacterales	Hyphomonadaceae	Hyphobacterium	14	1	5	1	0
Bacteroidota	Bacteroidia	Cytophagales	Bernardetiaceae	Hugenholtzia	14	1	5	1	0
Pseudomonadota	Alphaproteobacteria	Rhodobacterales	Paracoccaceae	Paraphaeobacter	14	1	5	1	0
Bacteroidota	Bacteroidia	Bacteroidales	Marinilabiliaceae	Anaerophaga	14	1	7	1	0
Chloroflexota	Chloroflexia	Kallotenuales	AKIW781	Unclassified	14	1	7	1	0
Pseudomonadota	Alphaproteobacteria	Rhodobacterales	Paracoccaceae	Pseudoruegeria	14	1	5	1	0
Planctomycetota	Brocadiae	Brocadiales	Brocadiaceae	Candidatus_Kuenenia	14	1	8	1	0
Pseudomonadota	Alphaproteobacteria	Hyphomicrobiales	Devosiaceae	Cucumibacter	14	1	5	1	0
Bacillota	Clostridia	Peptostreptococcales-Tissierellales	Unclassified	JTB215	14	1	4	1	0
Thermodesulfobacteriota	Desulfuromonadia	Bradymonadales	Bradymonadaceae	Bradymonas	13.5	1	6	1	0
Actinomycetota	Actinobacteria	Pseudonocardiales	Pseudonocardiaceae	Gandjariella	13	1	8	1	0
Pseudomonadota	Alphaproteobacteria	Rhodobacterales	Paracoccaceae	Pseudaestuariivita	13	1	7	1	0
Cyanobacteriota	Cyanobacteriia	Cyanobacteriales	Oscillatoriaceae	Unclassified	13	1	8	1	0
Actinomycetota	Actinobacteria	Pseudonocardiales	Pseudonocardiaceae	Unclassified	13	1	8	1	0
Acidobacteriota	Acidobacteriae	TSBb06	Unclassified	Unclassified	13	1	7	1	0
Cyanobacteriota	Cyanobacteriia	Cyanobacteriales	Nostocaceae	Mastigocoleus_BC008	13	1	8	1	0
Pseudomonadota	Gammaproteobacteria	Enterobacterales	Psychromonadaceae	Psychromonas	13	1	7	1	0
Fusobacteriota	Fusobacteriia	Fusobacteriales	Fusobacteriaceae	Cetobacterium	13	1	3	1	0
Bacillota	Bacilli	Bacillales	Bacillaceae	Bacillus	12.09	1	7	2	0
Cyanobacteriota	Cyanobacteriia	Cyanobacteriales	Oscillatoriaceae	Oscillatoria_PCC-6304	12	1	8	1	0
Acidobacteriota	Acidobacteriae	Subgroup_2	Unclassified	Unclassified	12	1	6	1	0
Pseudomonadota	Gammaproteobacteria	Burkholderiales	Unclassified	Unclassified	12	1	8	1	0
Verrucomicrobiota	Unclassified	Unclassified	Unclassified	Unclassified	12	1	8	1	0
Actinomycetota	Coriobacteriia	Coriobacteriales	Coriobacteriaceae	Collinsella	12	1	3	1	0
Bacillota	Bacilli	Erysipelotrichales	Erysipelatoclostridiaceae	Thomasclavelia	12	1	1	4	0
Actinomycetota	Actinobacteria	Streptosporangiales	Unclassified	Unclassified	11.39	1	7	1	0
Patescibacteria	Parcubacteria	Candidatus_Colwellbacteria	Unclassified	Unclassified	11	1	5	1	0
Patescibacteria	Parcubacteria	Candidatus_Jorgensenbacteria	Unclassified	Unclassified	11	1	5	1	0
Pseudomonadota	Alphaproteobacteria	Tistrellales	Geminicoccaceae	Candidatus_Alysiosphaera	11	1	7	1	0
Bacillota	Bacilli	Bacillales	Bacillaceae	Desertibacillus	11	1	7	1	0
Dependentiae	Babeliae	Babeliales	Babeliaceae	Unclassified	11	1	8	1	0
Bacteroidota	Bacteroidia	Cytophagales	Spirosomataceae	Unclassified	10.64	1	6	1	0
Bacillota	Clostridia	Oscillospirales	Oscillospiraceae	UCG-002	10.64	1	3	1	0
Spirochaetota	Leptospirae	Leptospirales	Leptospiraceae	Leptonema	10	1	6	1	0
Pseudomonadota	Alphaproteobacteria	Sphingomonadales	Sphingomonadaceae	Parerythrobacter	10	1	7	1	0
Pseudomonadota	Gammaproteobacteria	Burkholderiales	Burkholderiaceae	Limnobacter	10	1	7	1	0
Balneolota	Balneolia	Balneolales	Balneolaceae	B2706-C7	10	1	7	1	0
Myxococcota	Myxococcia	Myxococcales	Myxococcaceae	Unclassified	10	1	7	1	0
Hydrogenedentes	Hydrogenedentia	Hydrogenedentiales	Hydrogenedensaceae	YC-ZSS-LKJ63	10	1	8	1	0
Cyanobacteriota	Cyanobacteriia	Cyanobacteriales	Paraspirulinaceae	Unclassified	10	1	6	1	0
Fusobacteriota	Fusobacteriia	Fusobacteriales	Fusobacteriaceae	Unclassified	10	1	5	1	0
Verrucomicrobiota	Verrucomicrobiia	Chthoniobacterales	Chthoniobacteraceae	LD29	9	1	7	1	0
Bacillota	Unclassified	Unclassified	Unclassified	Unclassified	9	1	7	1	0
Chloroflexota	Unclassified	Unclassified	Unclassified	Unclassified	9	1	5	1	0
Pseudomonadota	Gammaproteobacteria	Salinisphaerales	Nevskiaceae	Unclassified	9	1	6	1	0
Asgardarchaeota	Lokiarchaeia	Odinarchaeales	Unclassified	LCB-4	9	1	7	1	0
Planctomycetota	Planctomycetes	Isosphaerales	Isosphaeraceae	Tautonia	9	1	6	1	0
Pseudomonadota	Gammaproteobacteria	Pseudomonadales	Cellvibrionaceae	Marinagarivorans	9	1	6	1	0
Cyanobacteriota	Cyanobacteriia	Cyanobacteriales	Nostocaceae	Cylindrospermopsis_CRJ1	8.71	1	8	1	0
Pseudomonadota	Alphaproteobacteria	Hyphomicrobiales	Rhizobiaceae	Mangrovicella	8	1	5	1	0
Planctomycetota	Phycisphaerae	MSBL9	KCLunmb-38-53	Unclassified	8	1	4	1	0
Bacteroidota	Bacteroidia	Flavobacteriales	Flavobacteriaceae	Pustulibacterium	8	1	6	1	0
Pseudomonadota	Alphaproteobacteria	Hyphomicrobiales	Beijerinckiaceae	Neo-b11	8	1	6	1	0
Pseudomonadota	Alphaproteobacteria	Pelagibacterales	Clade_III	Unclassified	8	1	5	1	0
Pseudomonadota	Alphaproteobacteria	Hyphomicrobiales	Rhodobiaceae	Tepidamorphus	7	1	5	1	0
Chlamydiota	Chlamydiia	Chlamydiales	Simkaniaceae	Ga0074140	7	1	5	1	0
Fibrobacterota	Chitinivibrionia	Chitinivibrionales	Chitinivibrionaceae	possible_genus_03	7	1	4	1	0
Pseudomonadota	Gammaproteobacteria	Pseudomonadales	Saccharospirillaceae	Bacterioplanes	6.03	1	6	1	0
Fusobacteriota	Fusobacteriia	Fusobacteriales	Leptotrichiaceae	Hypnocyclicus	6	1	4	1	0
Patescibacteria	Saccharimonadia	Saccharimonadales	Saccharimonadaceae	Unclassified	5.25	1	9	1	0
Pseudomonadota	Alphaproteobacteria	Azospirillales	Azospirillaceae	Rhodocista	5	1	6	1	0
Pseudomonadota	Gammaproteobacteria	Pseudomonadales	Saccharospirillaceae	Litoribrevibacter	5	1	6	1	0
Spirochaetota	Spirochaetia	Spirochaetales	Spirochaetaceae	Thiospirochaeta	4.5	1	5	1	0
Cyanobacteriota	Cyanobacteriia	Cyanobacteriales	Rubidibacteraceae	Dactylococcopsis_PCC-8305	4.5	1	6	1	0
Bacillota	Bacilli	Alicyclobacillales	Alicyclobacillaceae	Tumebacillus	4.2	1	6	1	0
Bacillota	Bacilli	Bacillales	Planococcaceae	Lysinibacillus	2.7	1	6	1	0
Bacillota	Negativicutes	Acidaminococcales	Acidaminococcaceae	Unclassified	2.25	1	5	1	0
Bacillota	Clostridia	Clostridiales	Clostridiaceae	Unclassified	2	1	4	1	0
Pseudomonadota	Gammaproteobacteria	eub62A3	Unclassified	Unclassified	2	1	1	1	0
Bacillota	Clostridia	Lachnospirales	Lachnospiraceae	Cellulosilyticum	1.7	1	4	1	0
Bacillota	Bacilli	Lactobacillales	Enterococcaceae	Tetragenococcus	0.8	1	4	1	0
