"","Comparison","Taxa","baseMean","log2FoldChange","lfcSE","stat","P.unadj","P.adj","reject","df","Significance","Method"
"PWY0-1586|PWY0-1586","September - February","PWY0-1586|PWY0-1586",16142.810965046,-0.0121118809945375,0.086183309027857,-0.140536272407718,0.889515103519026,0.921654182811036,FALSE,22,"","linda"
"PWY66-389|PWY66-389","September - February","PWY66-389|PWY66-389",11007.3320258423,0.0894606828962151,0.0846794059847865,1.05646327883178,0.302220352889959,0.44999107792179,FALSE,22,"","linda"
"PWY-7094|PWY-7094","September - February","PWY-7094|PWY-7094",6974.90533402176,0.168102572700684,0.0671234309372369,2.50437992148922,0.0201731982835335,0.0534550344637898,FALSE,22,"","linda"
"PWY-7663|PWY-7663","September - February","PWY-7663|PWY-7663",8385.54775028218,-0.370402233879838,0.0757189103565299,-4.89180618336639,6.84865250411276e-05,0.00041015818885742,TRUE,22,"***","linda"
"PWY-5973|PWY-5973","September - February","PWY-5973|PWY-5973",8278.71421750306,-0.350179907858969,0.0687707045968931,-5.09199243939096,4.21753324812772e-05,0.000280648200091462,TRUE,22,"***","linda"
"VALSYN-PWY|VALSYN-PWY","September - February","VALSYN-PWY|VALSYN-PWY",6677.87368954551,0.110022883765933,0.0745368165764456,1.47608777540281,0.154091125905864,0.270537839945475,FALSE,22,"","linda"
"PWY-1042|PWY-1042","September - February","PWY-1042|PWY-1042",6903.72749602316,-0.113617873595029,0.0722553237967046,-1.57244985732402,0.130118496223599,0.23912505218399,FALSE,22,"","linda"
"PWY-5136|PWY-5136","September - February","PWY-5136|PWY-5136",6116.081098431,0.133684886406334,0.0695953956335712,1.92088693784,0.0677991837262302,0.137382556497887,FALSE,22,"","linda"
"ILEUSYN-PWY|ILEUSYN-PWY","September - February","ILEUSYN-PWY|ILEUSYN-PWY",6329.52337900943,0.0426882957170074,0.0743214231985781,0.574374034831778,0.571541627057323,0.701733341648968,FALSE,22,"","linda"
"PWY-5667|PWY-5667","September - February","PWY-5667|PWY-5667",6574.16979155251,-0.0774793361325062,0.0654857581408614,-1.18314788332825,0.249378813172579,0.393026842982514,FALSE,22,"","linda"
"PWY0-1319|PWY0-1319","September - February","PWY0-1319|PWY0-1319",6574.16979155251,-0.0774793361325062,0.0654857581408614,-1.18314788332825,0.249378813172579,0.393026842982514,FALSE,22,"","linda"
"PWY-5695|PWY-5695","September - February","PWY-5695|PWY-5695",5993.60424998361,0.169435742441328,0.0819138993690216,2.06846144239844,0.0505503708392927,0.111159825068262,FALSE,22,"","linda"
"SER-GLYSYN-PWY|SER-GLYSYN-PWY","September - February","SER-GLYSYN-PWY|SER-GLYSYN-PWY",6473.53586834283,-0.0688011285733089,0.0662277909408193,-1.0388558578798,0.310155361701317,0.456758852341557,FALSE,22,"","linda"
"PHOSLIPSYN-PWY|PHOSLIPSYN-PWY","September - February","PHOSLIPSYN-PWY|PHOSLIPSYN-PWY",6134.31329152518,0.0388232796567278,0.0666127163106738,0.582820845732526,0.565940554840156,0.69690979315878,FALSE,22,"","linda"
"NONOXIPENT-PWY|NONOXIPENT-PWY","September - February","NONOXIPENT-PWY|NONOXIPENT-PWY",6397.72639773319,-0.0873484641918886,0.0775495745153996,-1.12635645956437,0.272151604998931,0.416732145154613,FALSE,22,"","linda"
"PWY-5659|PWY-5659","September - February","PWY-5659|PWY-5659",6052.39505672741,0.0216744767945652,0.0789067173648339,0.274684811615605,0.786121395437602,0.84574736954265,FALSE,22,"","linda"
"PWY-6122|PWY-6122","September - February","PWY-6122|PWY-6122",5917.42239658997,0.0481434970427321,0.0777916571666102,0.618877380894725,0.542352966333913,0.68233985595037,FALSE,22,"","linda"
"PWY-6277|PWY-6277","September - February","PWY-6277|PWY-6277",5917.42239658997,0.0481434970427321,0.0777916571666102,0.618877380894725,0.542352966333913,0.68233985595037,FALSE,22,"","linda"
"SALVADEHYPOX-PWY|SALVADEHYPOX-PWY","September - February","SALVADEHYPOX-PWY|SALVADEHYPOX-PWY",5742.71775856787,0.114478660367171,0.0796130598923763,1.43793820413292,0.164525117831658,0.284227687536101,FALSE,22,"","linda"
"PWY-7111|PWY-7111","September - February","PWY-7111|PWY-7111",5904.56428243386,0.0328509653947474,0.07765210328736,0.423053130617451,0.676363279270707,0.769113517989264,FALSE,22,"","linda"
"PWY-8178|PWY-8178","September - February","PWY-8178|PWY-8178",6181.72985101071,-0.0970601069945002,0.0759966768736103,-1.27716251535472,0.214860012823213,0.353077886925951,FALSE,22,"","linda"
"PWY-6969|PWY-6969","September - February","PWY-6969|PWY-6969",6036.29470978072,-0.0873780524556873,0.0555524565320326,-1.57289268396805,0.130015898419472,0.23912505218399,FALSE,22,"","linda"
"PWY-6121|PWY-6121","September - February","PWY-6121|PWY-6121",5821.19656728119,0.0146693705832284,0.0791993259140859,0.185220901995321,0.854752752234282,0.896326329677584,FALSE,22,"","linda"
"PWY4FS-7|PWY4FS-7","September - February","PWY4FS-7|PWY4FS-7",5770.64316956554,0.033027147186347,0.0668852354822326,0.493788306914466,0.626349550972196,0.746300401159272,FALSE,22,"","linda"
"PWY4FS-8|PWY4FS-8","September - February","PWY4FS-8|PWY4FS-8",5770.64316956554,0.033027147186347,0.0668852354822326,0.493788306914466,0.626349550972196,0.746300401159272,FALSE,22,"","linda"
"PWY-3001|PWY-3001","September - February","PWY-3001|PWY-3001",5839.67327481372,-0.0149289505545331,0.0746549051341601,-0.199972801890307,0.843338779890556,0.891293337962764,FALSE,22,"","linda"
"PWY-5103|PWY-5103","September - February","PWY-5103|PWY-5103",5745.77429312613,0.0217806845427715,0.0758424368668132,0.287183342763901,0.776659506967045,0.838916782074624,FALSE,22,"","linda"
"PWY-7977|PWY-7977","September - February","PWY-7977|PWY-7977",5878.44763643553,-0.0630525094633334,0.0719722794519553,-0.876066590407544,0.390459319393867,0.543818018483964,FALSE,22,"","linda"
"THRESYN-PWY|THRESYN-PWY","September - February","THRESYN-PWY|THRESYN-PWY",5857.67652954307,-0.0552786582168244,0.0727392532764106,-0.75995636093162,0.45534806252382,0.606006433827998,FALSE,22,"","linda"
"PWY-5686|PWY-5686","September - February","PWY-5686|PWY-5686",5913.17780206167,-0.0895386607155302,0.0762568966947455,-1.17417131559852,0.252880630534998,0.39393832329007,FALSE,22,"","linda"
"PWY-7790|PWY-7790","September - February","PWY-7790|PWY-7790",5913.17780206167,-0.0895386607155302,0.0762568966947455,-1.17417131559852,0.252880630534998,0.39393832329007,FALSE,22,"","linda"
"PWY-7791|PWY-7791","September - February","PWY-7791|PWY-7791",5913.17780206167,-0.0895386607155302,0.0762568966947455,-1.17417131559852,0.252880630534998,0.39393832329007,FALSE,22,"","linda"
"BRANCHED-CHAIN-AA-SYN-PWY|BRANCHED-CHAIN-AA-SYN-PWY","September - February","BRANCHED-CHAIN-AA-SYN-PWY|BRANCHED-CHAIN-AA-SYN-PWY",5864.71604387717,-0.0760593047667028,0.072165945390688,-1.05395009176333,0.303344038819435,0.450419936428859,FALSE,22,"","linda"
"PWY-6147|PWY-6147","September - February","PWY-6147|PWY-6147",5604.19743606595,0.0469062242004709,0.0797455514128481,0.588198631389909,0.562389287552378,0.696620637789604,FALSE,22,"","linda"
"DTDPRHAMSYN-PWY|DTDPRHAMSYN-PWY","September - February","DTDPRHAMSYN-PWY|DTDPRHAMSYN-PWY",5833.63309025269,-0.147460927410038,0.116973463953308,-1.26063572391854,0.220646743955261,0.360389681793593,FALSE,22,"","linda"
"COMPLETE-ARO-PWY|COMPLETE-ARO-PWY","September - February","COMPLETE-ARO-PWY|COMPLETE-ARO-PWY",5642.08606211663,-0.0576539797923685,0.0744989885287829,-0.773889430325537,0.447233207508076,0.5981605430443,FALSE,22,"","linda"
"CALVIN-PWY|CALVIN-PWY","September - February","CALVIN-PWY|CALVIN-PWY",5497.36702564046,0.0122834120632316,0.0748018539744201,0.164212668678402,0.871063089835808,0.908129604296906,FALSE,22,"","linda"
"PWY-6385|PWY-6385","September - February","PWY-6385|PWY-6385",5502.1630698722,-0.0169854374125651,0.0770942181996206,-0.220320509231763,0.827653248534324,0.886888868707755,FALSE,22,"","linda"
"SULFATE-CYS-PWY|SULFATE-CYS-PWY","September - February","SULFATE-CYS-PWY|SULFATE-CYS-PWY",5651.54432190853,-0.106455620405438,0.0911169959801629,-1.16833988280973,0.255175059653448,0.395228037796577,FALSE,22,"","linda"
"PWY-2942|PWY-2942","September - February","PWY-2942|PWY-2942",5516.95639188382,-0.0527438763927554,0.0750935134209159,-0.702375930889185,0.4898102800562,0.639243924819108,FALSE,22,"","linda"
"P42-PWY|P42-PWY","September - February","P42-PWY|P42-PWY",5455.92690112652,-0.0476072590572789,0.0663225788023732,-0.717813750866626,0.48042574845311,0.631370034647693,FALSE,22,"","linda"
"PWY-7228|PWY-7228","September - February","PWY-7228|PWY-7228",5397.05788970452,-0.0202575619629055,0.0701848881759602,-0.288631391876237,0.77556553151974,0.838916782074624,FALSE,22,"","linda"
"PWY-7953|PWY-7953","September - February","PWY-7953|PWY-7953",5374.83944529669,-0.011166343954873,0.0756872578549029,-0.147532679493814,0.884055346839291,0.918122990262771,FALSE,22,"","linda"
"GLYCOLYSIS|GLYCOLYSIS","September - February","GLYCOLYSIS|GLYCOLYSIS",5457.34094811157,-0.0744492739230089,0.0702887830508531,-1.05919139145069,0.301003925994187,0.449421374268328,FALSE,22,"","linda"
"PWY-7220|PWY-7220","September - February","PWY-7220|PWY-7220",5425.7876467062,-0.0806299344183847,0.0740804226963057,-1.08841083087402,0.288193932665858,0.433900920968987,FALSE,22,"","linda"
"PWY-7222|PWY-7222","September - February","PWY-7222|PWY-7222",5425.7876467062,-0.0806299344183847,0.0740804226963057,-1.08841083087402,0.288193932665858,0.433900920968987,FALSE,22,"","linda"
"POLYISOPRENSYN-PWY|POLYISOPRENSYN-PWY","September - February","POLYISOPRENSYN-PWY|POLYISOPRENSYN-PWY",5552.99844198185,-0.150617718100605,0.0671730086169401,-2.24223570153773,0.0353534974768323,0.0840794775888206,FALSE,22,"","linda"
"PWY-5097|PWY-5097","September - February","PWY-5097|PWY-5097",5369.62844880891,-0.0555676547801131,0.0775925993905565,-0.716146323445326,0.481434293581079,0.631370034647693,FALSE,22,"","linda"
"PWY-6125|PWY-6125","September - February","PWY-6125|PWY-6125",5266.84417114534,-0.0257749265799049,0.0706123656825342,-0.365020012157449,0.718582117395971,0.805230272923968,FALSE,22,"","linda"
"PWY-5130|PWY-5130","September - February","PWY-5130|PWY-5130",4845.75055587836,0.189901710141064,0.0819747978409658,2.31658650149379,0.0302282257725859,0.0740618226927919,FALSE,22,"","linda"
"PWY-6387|PWY-6387","September - February","PWY-6387|PWY-6387",5254.55688827869,-0.0228069212107759,0.0778764103956565,-0.292860457934614,0.772373280671226,0.8376442621364,FALSE,22,"","linda"
"PWY-841|PWY-841","September - February","PWY-841|PWY-841",5289.93778757563,-0.0474183387638833,0.0723520725701222,-0.655383281770213,0.519016149857122,0.663405084191017,FALSE,22,"","linda"
"PWY-7221|PWY-7221","September - February","PWY-7221|PWY-7221",5181.34027582224,0.00755756537323865,0.0687218788423665,0.109973206503479,0.913427649253295,0.930859788988198,FALSE,22,"","linda"
"ARO-PWY|ARO-PWY","September - February","ARO-PWY|ARO-PWY",5228.30729413487,-0.0621913265231341,0.0738527137518156,-0.842099407912484,0.408793722062618,0.560661109902675,FALSE,22,"","linda"
"PWY-5484|PWY-5484","September - February","PWY-5484|PWY-5484",5227.09197630662,-0.0716453391646491,0.0743231365105477,-0.963970878092335,0.345537731049326,0.495996987073931,FALSE,22,"","linda"
"PEPTIDOGLYCANSYN-PWY|PEPTIDOGLYCANSYN-PWY","September - February","PEPTIDOGLYCANSYN-PWY|PEPTIDOGLYCANSYN-PWY",5122.21414299892,-0.0160965511872662,0.0756578411595932,-0.212754566355019,0.833477437265099,0.886896634129348,FALSE,22,"","linda"
"DAPLYSINESYN-PWY|DAPLYSINESYN-PWY","September - February","DAPLYSINESYN-PWY|DAPLYSINESYN-PWY",5036.46755030952,0.00705079787757501,0.0755997199225492,0.0932648677111297,0.926537293826055,0.940496424429837,FALSE,22,"","linda"
"FAO-PWY|FAO-PWY","September - February","FAO-PWY|FAO-PWY",4687.36188150921,0.190355033911007,0.0749924631114804,2.53832219949935,0.0187275727437251,0.0507244306978282,FALSE,22,"","linda"
"GLUCOSE1PMETAB-PWY|GLUCOSE1PMETAB-PWY","September - February","GLUCOSE1PMETAB-PWY|GLUCOSE1PMETAB-PWY",4972.5681526763,0.0147973674074195,0.0680487865766516,0.217452333125021,0.829859969322539,0.886896634129348,FALSE,22,"","linda"
"COLANSYN-PWY|COLANSYN-PWY","September - February","COLANSYN-PWY|COLANSYN-PWY",5190.23320394244,-0.0954843178288828,0.0826299863773599,-1.15556497120572,0.260255471296639,0.401941831028333,FALSE,22,"","linda"
"PWY-6386|PWY-6386","September - February","PWY-6386|PWY-6386",5100.94498750646,-0.0422235139076676,0.0828558298578002,-0.50960220880212,0.61540427361925,0.74040826669816,FALSE,22,"","linda"
"PWY0-162|PWY0-162","September - February","PWY0-162|PWY0-162",5080.82301448579,-0.0367168279940081,0.0826458591844913,-0.444267000867457,0.661188998112974,0.759478695653055,FALSE,22,"","linda"
"PWY-6163|PWY-6163","September - February","PWY-6163|PWY-6163",5086.78127766145,-0.0414701341855576,0.0682212527430281,-0.607877054702659,0.54949335366427,0.686649847912025,FALSE,22,"","linda"
"PWY-724|PWY-724","September - February","PWY-724|PWY-724",5094.55927495179,-0.0464083397254638,0.077492380184968,-0.598876168401214,0.555372558584384,0.691329813110816,FALSE,22,"","linda"
"PWY-6628|PWY-6628","September - February","PWY-6628|PWY-6628",5137.67688125627,-0.0711045474284418,0.0721578413925147,-0.985402917496612,0.335140274564658,0.484889814355379,FALSE,22,"","linda"
"PWY-5189|PWY-5189","September - February","PWY-5189|PWY-5189",4980.3733937049,0.00752585793829763,0.0908237683924054,0.0828622074541331,0.934710429820385,0.94700925126539,FALSE,22,"","linda"
"PWY-6630|PWY-6630","September - February","PWY-6630|PWY-6630",5087.33977771031,-0.0545526687838838,0.0710741084101333,-0.767546297859798,0.450916605828482,0.601594184508792,FALSE,22,"","linda"
"PWY-7208|PWY-7208","September - February","PWY-7208|PWY-7208",5048.38115218831,-0.039004994520652,0.0821071942928399,-0.475049657421474,0.639433830389165,0.755071280949681,FALSE,22,"","linda"
"GLUCONEO-PWY|GLUCONEO-PWY","September - February","GLUCONEO-PWY|GLUCONEO-PWY",5125.95627348436,-0.084923677700343,0.0737434677630232,-1.15160949540979,0.261843591353281,0.403239130684053,FALSE,22,"","linda"
"HISTSYN-PWY|HISTSYN-PWY","September - February","HISTSYN-PWY|HISTSYN-PWY",4816.57455496161,0.0811492995715267,0.0778652818535898,1.04217563514522,0.308648108352035,0.455784466854101,FALSE,22,"","linda"
"PWY-5384|PWY-5384","September - February","PWY-5384|PWY-5384",4795.47504884803,0.0868579525239142,0.068502654243966,1.26795017627459,0.218071059176032,0.357265352267116,FALSE,22,"","linda"
"PWY-5188|PWY-5188","September - February","PWY-5188|PWY-5188",5066.6801846888,-0.07057608310733,0.0769301903970405,-0.917404243289707,0.368879230369986,0.519127689737396,FALSE,22,"","linda"
"PENTOSE-P-PWY|PENTOSE-P-PWY","September - February","PENTOSE-P-PWY|PENTOSE-P-PWY",4781.8243949541,0.083146712115591,0.0866760846653462,0.959280895492892,0.347842042883016,0.495996987073931,FALSE,22,"","linda"
"SO4ASSIM-PWY|SO4ASSIM-PWY","September - February","SO4ASSIM-PWY|SO4ASSIM-PWY",4968.05712250759,-0.0555516819825853,0.100440717064209,-0.553079304950329,0.58578608623411,0.711123199279696,FALSE,22,"","linda"
"PWY-5345|PWY-5345","September - February","PWY-5345|PWY-5345",4956.55173549712,-0.0482374414786996,0.0776102152502606,-0.621534695183539,0.540635530616289,0.68233985595037,FALSE,22,"","linda"
"PWY1ZNC-1|PWY1ZNC-1","September - February","PWY1ZNC-1|PWY1ZNC-1",4945.45475385956,-0.048973108805044,0.10200020819378,-0.480127537700756,0.635876086842204,0.754927777110017,FALSE,22,"","linda"
"GLUTORN-PWY|GLUTORN-PWY","September - February","GLUTORN-PWY|GLUTORN-PWY",4942.46922200622,-0.0515635543265291,0.0779624377400711,-0.661389713062122,0.51523020979041,0.662940622757835,FALSE,22,"","linda"
"PWY-7345|PWY-7345","September - February","PWY-7345|PWY-7345",4549.0312474309,0.149056332074377,0.0674666685997241,2.20933292199027,0.0378652194548929,0.0891238134768004,FALSE,22,"","linda"
"COA-PWY|COA-PWY","September - February","COA-PWY|COA-PWY",4936.80337324705,-0.086299946607534,0.0707936059070432,-1.21903589316882,0.235740582211623,0.377045026148561,FALSE,22,"","linda"
"PWY-6353|PWY-6353","September - February","PWY-6353|PWY-6353",4419.97761645272,0.202077906225836,0.0977793228318927,2.06667320219898,0.0507334266545313,0.111159825068262,FALSE,22,"","linda"
"COA-PWY-1|COA-PWY-1","September - February","COA-PWY-1|COA-PWY-1",4853.52722152145,-0.0689067275821459,0.0714374090609583,-0.964574842339916,0.345241745327806,0.495996987073931,FALSE,22,"","linda"
"PWY-6823|PWY-6823","September - February","PWY-6823|PWY-6823",4697.71664314051,0.017363687094931,0.0816104300088612,0.21276308791714,0.833470871881372,0.886896634129348,FALSE,22,"","linda"
"ANAGLYCOLYSIS-PWY|ANAGLYCOLYSIS-PWY","September - February","ANAGLYCOLYSIS-PWY|ANAGLYCOLYSIS-PWY",4407.2937014487,0.163753951835152,0.0688502242631227,2.3784084015375,0.0264960289686004,0.0661174056207204,FALSE,22,"","linda"
"PWY-7851|PWY-7851","September - February","PWY-7851|PWY-7851",4817.73778798401,-0.0787736934038175,0.0697020868087552,-1.13014827834284,0.270585132270659,0.4155139210652,FALSE,22,"","linda"
"PWY-6124|PWY-6124","September - February","PWY-6124|PWY-6124",4793.24699398455,-0.0873038368195901,0.0679381329054899,-1.28504910402881,0.212140123756916,0.349674393593203,FALSE,22,"","linda"
"RIBOSYN2-PWY|RIBOSYN2-PWY","September - February","RIBOSYN2-PWY|RIBOSYN2-PWY",4635.6632497174,-0.0338085621920058,0.073650655482151,-0.459039528849804,0.650708976566016,0.75729339268525,FALSE,22,"","linda"
"PWY-6123|PWY-6123","September - February","PWY-6123|PWY-6123",4648.8503187246,-0.0490926587301453,0.0718895650130215,-0.682889912065167,0.501804925486587,0.652080467768704,FALSE,22,"","linda"
"PWY-5154|PWY-5154","September - February","PWY-5154|PWY-5154",4554.14949339392,-0.00112790628664117,0.0720256512627426,-0.0156597860188265,0.987646959682576,0.989482734700573,FALSE,22,"","linda"
"PWY-7323|PWY-7323","September - February","PWY-7323|PWY-7323",4742.0218411631,-0.125080962939832,0.0916797794681412,-1.3643244308119,0.186260447291428,0.311783792205216,FALSE,22,"","linda"
"FOLSYN-PWY|FOLSYN-PWY","September - February","FOLSYN-PWY|FOLSYN-PWY",4708.21674336739,-0.103371354235977,0.0790047821044949,-1.30841895240283,0.204236598699377,0.340258245350552,FALSE,22,"","linda"
"PPGPPMET-PWY|PPGPPMET-PWY","September - February","PPGPPMET-PWY|PPGPPMET-PWY",4326.25634726694,0.114503117502274,0.0829124583811961,1.38101221140781,0.181143701403564,0.305421964141598,FALSE,22,"","linda"
"ARGSYNBSUB-PWY|ARGSYNBSUB-PWY","September - February","ARGSYNBSUB-PWY|ARGSYNBSUB-PWY",4563.04126459016,-0.0371428409938203,0.0601266610161832,-0.617743283363485,0.543086824123764,0.68233985595037,FALSE,22,"","linda"
"ARGSYN-PWY|ARGSYN-PWY","September - February","ARGSYN-PWY|ARGSYN-PWY",4528.48414521628,-0.0196155078059175,0.0702710486310137,-0.279140672980655,0.782744167844091,0.84379821293593,FALSE,22,"","linda"
"PANTO-PWY|PANTO-PWY","September - February","PANTO-PWY|PANTO-PWY",4561.04552519818,-0.0717956088529622,0.0758233299501161,-0.946880187142879,0.353985068825758,0.502099873939693,FALSE,22,"","linda"
"TRNA-CHARGING-PWY|TRNA-CHARGING-PWY","September - February","TRNA-CHARGING-PWY|TRNA-CHARGING-PWY",4783.28109421233,-0.212936131728439,0.0636218565966912,-3.34690219869367,0.00291812115941074,0.0100182630886776,TRUE,22,"*","linda"
"GLYCOGENSYNTH-PWY|GLYCOGENSYNTH-PWY","September - February","GLYCOGENSYNTH-PWY|GLYCOGENSYNTH-PWY",4464.68031064012,-0.0612431800454967,0.104261693106476,-0.587398671753326,0.562916818550007,0.696620637789604,FALSE,22,"","linda"
"P23-PWY|P23-PWY","September - February","P23-PWY|P23-PWY",4942.57375750813,-0.380783818031764,0.0564884648768485,-6.74091283701757,8.94762362817787e-07,1.37793403873939e-05,TRUE,22,"***","linda"
"PWY-6612|PWY-6612","September - February","PWY-6612|PWY-6612",4525.99075559835,-0.104974578874074,0.0816609096378586,-1.28549362650507,0.211987614217614,0.349674393593203,FALSE,22,"","linda"
"PWY-7234|PWY-7234","September - February","PWY-7234|PWY-7234",4274.24306839948,0.0384940272420837,0.0878755468863473,0.438051637867693,0.665619820060438,0.761717798328187,FALSE,22,"","linda"
"PWY-3841|PWY-3841","September - February","PWY-3841|PWY-3841",4477.26395072134,-0.113239831049699,0.0652293618221329,-1.73602543220461,0.0965455928652532,0.185850266265612,FALSE,22,"","linda"
"PWY-5989|PWY-5989","September - February","PWY-5989|PWY-5989",4872.23989286917,-0.404313475666593,0.0742539994430212,-5.4450060427633,1.80628981370371e-05,0.000137125381631873,TRUE,22,"***","linda"
"OANTIGEN-PWY|OANTIGEN-PWY","September - February","OANTIGEN-PWY|OANTIGEN-PWY",4230.88640830052,0.0135540930957546,0.0688993486200407,0.19672309488006,0.845850245760934,0.892198204432766,FALSE,22,"","linda"
"PWY-7400|PWY-7400","September - February","PWY-7400|PWY-7400",4272.18298087839,-0.0148991619175248,0.0621840078235317,-0.239597968014642,0.812860147812454,0.87277215073887,FALSE,22,"","linda"
"PWY-6609|PWY-6609","September - February","PWY-6609|PWY-6609",4031.82580452201,0.129534230997501,0.0649253234608191,1.99512646364669,0.058561147202381,0.122342861791021,FALSE,22,"","linda"
"PWY-821|PWY-821","September - February","PWY-821|PWY-821",4259.51622205658,-0.0135352591396314,0.0818394927316442,-0.165387867004677,0.870149069339878,0.908129604296906,FALSE,22,"","linda"
"PWY-6700|PWY-6700","September - February","PWY-6700|PWY-6700",4684.07014045026,-0.29638582848669,0.0762285542921256,-3.88812081298133,0.000792009498431225,0.00347067576954821,TRUE,22,"**","linda"
"PWY-7117|PWY-7117","September - February","PWY-7117|PWY-7117",4144.34088692319,0.0403800013161995,0.100904266255244,0.400181308628277,0.692882268232485,0.781304482379309,FALSE,22,"","linda"
"PWY-5121|PWY-5121","September - February","PWY-5121|PWY-5121",4090.00491515555,0.0523977386754635,0.069477123359444,0.754172541145389,0.458742538807478,0.609020267037514,FALSE,22,"","linda"
"PWY-6606|PWY-6606","September - February","PWY-6606|PWY-6606",3675.20410418245,0.291116189257815,0.150223756589636,1.93788383320126,0.0655777042419389,0.133887812827292,FALSE,22,"","linda"
"PWY-6608|PWY-6608","September - February","PWY-6608|PWY-6608",3675.20410418245,0.291116189257815,0.150223756589636,1.93788383320126,0.0655777042419389,0.133887812827292,FALSE,22,"","linda"
"HSERMETANA-PWY|HSERMETANA-PWY","September - February","HSERMETANA-PWY|HSERMETANA-PWY",4202.0787997437,-0.0542015816944474,0.0872272252353857,-0.621383765770177,0.540732999133494,0.68233985595037,FALSE,22,"","linda"
"1CMET2-PWY|1CMET2-PWY","September - February","1CMET2-PWY|1CMET2-PWY",4446.24034268998,-0.223234468616817,0.0690224930963418,-3.2342278379488,0.00381158030276356,0.012376155320419,TRUE,22,"*","linda"
"NONMEVIPP-PWY|NONMEVIPP-PWY","September - February","NONMEVIPP-PWY|NONMEVIPP-PWY",3882.25563426419,0.115403593421222,0.0694943756874619,1.66061774466797,0.110977435541453,0.209883641252082,FALSE,22,"","linda"
"PWY-7560|PWY-7560","September - February","PWY-7560|PWY-7560",3882.25563426419,0.115403593421222,0.0694943756874619,1.66061774466797,0.110977435541453,0.209883641252082,FALSE,22,"","linda"
"PWY-622|PWY-622","September - February","PWY-622|PWY-622",3938.13333973316,0.0568182219038176,0.0845618544839917,0.671913148671234,0.508634271817793,0.659023731994688,FALSE,22,"","linda"
"ARGININE-SYN4-PWY|ARGININE-SYN4-PWY","September - February","ARGININE-SYN4-PWY|ARGININE-SYN4-PWY",4051.42818740746,-0.0169993244116105,0.0913882821441292,-0.186012079588067,0.854139745659995,0.896326329677584,FALSE,22,"","linda"
"UDPNAGSYN-PWY|UDPNAGSYN-PWY","September - February","UDPNAGSYN-PWY|UDPNAGSYN-PWY",3994.39612656512,0.00696654376316619,0.058504494654375,0.11907706928027,0.906294947339333,0.927140164690998,FALSE,22,"","linda"
"PWY-5918|PWY-5918","September - February","PWY-5918|PWY-5918",4174.42527628463,-0.126563940873451,0.0925442642097678,-1.36760437779884,0.185245839562908,0.311051425309681,FALSE,22,"","linda"
"PWY0-1296|PWY0-1296","September - February","PWY0-1296|PWY0-1296",3774.62061719508,0.111253196556499,0.0743844696597457,1.49565086724959,0.148952753800742,0.264097152298026,FALSE,22,"","linda"
"PANTOSYN-PWY|PANTOSYN-PWY","September - February","PANTOSYN-PWY|PANTOSYN-PWY",4108.09241258048,-0.134670983954641,0.0802610142249284,-1.67791281053627,0.107515375218059,0.204888902632626,FALSE,22,"","linda"
"FERMENTATION-PWY|FERMENTATION-PWY","September - February","FERMENTATION-PWY|FERMENTATION-PWY",3757.83426540632,0.0785136214413875,0.0989479487272994,0.793484073710017,0.435970932380439,0.587470831382642,FALSE,22,"","linda"
"PWY-7392|PWY-7392","September - February","PWY-7392|PWY-7392",3695.37369837952,0.0871745967484464,0.0803541831293644,1.08487938466255,0.289720949301055,0.434984935023033,FALSE,22,"","linda"
"PWY-7357|PWY-7357","September - February","PWY-7357|PWY-7357",3621.82098449599,0.131852981575296,0.0717604353397197,1.83740498439137,0.0796957612679655,0.156891623746784,FALSE,22,"","linda"
"PWY-5855|PWY-5855","September - February","PWY-5855|PWY-5855",3649.6720122365,0.110162195822781,0.0685800768237411,1.6063294315915,0.122460833266789,0.228876463739815,FALSE,22,"","linda"
"PWY-6270|PWY-6270","September - February","PWY-6270|PWY-6270",3599.08104463762,0.128085223386176,0.076350047211328,1.67760503188231,0.107576177077984,0.204888902632626,FALSE,22,"","linda"
"PYRIDNUCSYN-PWY|PYRIDNUCSYN-PWY","September - February","PYRIDNUCSYN-PWY|PYRIDNUCSYN-PWY",3744.67963822762,-0.0366834359543313,0.0669762677481489,-0.5477079745959,0.589406732755843,0.713910626866066,FALSE,22,"","linda"
"PWY-702|PWY-702","September - February","PWY-702|PWY-702",3877.65464873772,-0.163664733772837,0.0855671958408292,-1.9127041872131,0.0688920660239026,0.138555311891356,FALSE,22,"","linda"
"P4-PWY|P4-PWY","September - February","P4-PWY|P4-PWY",3237.54605540147,0.309316036968013,0.0711587478771348,4.34684485317377,0.000258586740285166,0.00134017550974716,TRUE,22,"**","linda"
"PWY-6897|PWY-6897","September - February","PWY-6897|PWY-6897",3640.29591077909,-0.0289665410836991,0.0709887262623578,-0.408044243203428,0.687185170885174,0.779774330751808,FALSE,22,"","linda"
"PWY-6901|PWY-6901","September - February","PWY-6901|PWY-6901",3323.83962018212,0.154296673070979,0.107994428040615,1.42874661100988,0.167122334402783,0.286875599500319,FALSE,22,"","linda"
"PWY0-781|PWY0-781","September - February","PWY0-781|PWY0-781",3139.23928997797,0.301671585529192,0.0701845041482839,4.29826482626176,0.000291181463472438,0.0014667926057163,TRUE,22,"**","linda"
"GLYCOLYSIS-E-D|GLYCOLYSIS-E-D","September - February","GLYCOLYSIS-E-D|GLYCOLYSIS-E-D",3365.07170404745,0.105456061512786,0.0896173324657895,1.1767373409942,0.251875887548427,0.39393832329007,FALSE,22,"","linda"
"PWY-5505|PWY-5505","September - February","PWY-5505|PWY-5505",3569.02219295704,-0.0845265063621812,0.0973930845494424,-0.867890228071282,0.394823175128251,0.548478586067338,FALSE,22,"","linda"
"PWY-6859|PWY-6859","September - February","PWY-6859|PWY-6859",3325.45134538268,0.0994464705132155,0.108362317680774,0.917721885629799,0.368716533047732,0.519127689737396,FALSE,22,"","linda"
"PWY66-409|PWY66-409","September - February","PWY66-409|PWY66-409",3348.28978496617,0.0786108447492183,0.0784392070986279,1.00218816146847,0.327149069602303,0.476576617609842,FALSE,22,"","linda"
"PWY-6703|PWY-6703","September - February","PWY-6703|PWY-6703",4167.77928377915,-0.646134403871319,0.104630831034014,-6.17537295160422,3.24344950079055e-06,3.64212350192939e-05,TRUE,22,"***","linda"
"PWY-241|PWY-241","September - February","PWY-241|PWY-241",3305.04242937772,0.0656604092570751,0.0771060225760802,0.851560060594336,0.403632822423078,0.559275298935832,FALSE,22,"","linda"
"PWY-6292|PWY-6292","September - February","PWY-6292|PWY-6292",3411.65667398884,-0.0378276095292649,0.120285029886598,-0.314483103715633,0.756117175007989,0.824994245605883,FALSE,22,"","linda"
"PWY0-1479|PWY0-1479","September - February","PWY0-1479|PWY0-1479",3076.77953495,0.191235237278448,0.089899594880659,2.12720911070079,0.044856435929094,0.101161585630886,FALSE,22,"","linda"
"PWY-7238|PWY-7238","September - February","PWY-7238|PWY-7238",3140.85975361116,0.12408697533718,0.12108280008355,1.02481091659226,0.316589529483191,0.464963913873133,FALSE,22,"","linda"
"HEME-BIOSYNTHESIS-II-1|HEME-BIOSYNTHESIS-II-1","September - February","HEME-BIOSYNTHESIS-II-1|HEME-BIOSYNTHESIS-II-1",3498.40451968515,-0.177259931063218,0.112962588475832,-1.56919147706271,0.130875492382703,0.23912505218399,FALSE,22,"","linda"
"HEME-BIOSYNTHESIS-II|HEME-BIOSYNTHESIS-II","September - February","HEME-BIOSYNTHESIS-II|HEME-BIOSYNTHESIS-II",3498.40451968515,-0.177259931063218,0.112962588475832,-1.56919147706271,0.130875492382703,0.23912505218399,FALSE,22,"","linda"
"PWY-6317|PWY-6317","September - February","PWY-6317|PWY-6317",3113.02278063322,0.0778544727758906,0.12759831367171,0.61015283459151,0.548012070629326,0.686649847912025,FALSE,22,"","linda"
"PWY-7761|PWY-7761","September - February","PWY-7761|PWY-7761",3255.75426971606,-0.0327151422358539,0.0815308438475758,-0.401260930121315,0.692098916883573,0.781304482379309,FALSE,22,"","linda"
"PWY0-1261|PWY0-1261","September - February","PWY0-1261|PWY0-1261",3603.1599202124,-0.360852388880147,0.11302930639945,-3.19255598724884,0.0042051631038489,0.0134915649581819,TRUE,22,"*","linda"
"PWY-7237|PWY-7237","September - February","PWY-7237|PWY-7237",2532.06585396627,0.484185649471439,0.0944626393284707,5.1256841108134,3.88805914585948e-05,0.000265273908812438,TRUE,22,"***","linda"
"PWY-5920|PWY-5920","September - February","PWY-5920|PWY-5920",2853.69053120639,0.15923825937318,0.0838402183348307,1.89930635363131,0.070714886594017,0.141692653807343,FALSE,22,"","linda"
"PWY-6467|PWY-6467","September - February","PWY-6467|PWY-6467",3552.02391341154,-0.527824290219665,0.0682112498058792,-7.73808267289908,1.02124186164523e-07,2.62118744488943e-06,TRUE,22,"***","linda"
"PWY-6293|PWY-6293","September - February","PWY-6293|PWY-6293",3073.95939984433,-0.0918942191598829,0.116760833032704,-0.787029492450979,0.439661350669757,0.590966254391518,FALSE,22,"","linda"
"THISYNARA-PWY|THISYNARA-PWY","September - February","THISYNARA-PWY|THISYNARA-PWY",3085.58583860951,-0.10590614596026,0.0733547842432697,-1.44375240214788,0.162899079543728,0.283234206045385,FALSE,22,"","linda"
"PWY-5347|PWY-5347","September - February","PWY-5347|PWY-5347",2427.02968882181,0.492164391183645,0.0840155691977436,5.85801412623011,6.79309792692207e-06,6.10246630435166e-05,TRUE,22,"***","linda"
"PWY-7118|PWY-7118","September - February","PWY-7118|PWY-7118",2822.18440630695,0.0976921419142043,0.0813451209724417,1.20095883743661,0.242538170565731,0.385628536681207,FALSE,22,"","linda"
"PWY-6168|PWY-6168","September - February","PWY-6168|PWY-6168",3451.19643291496,-0.573870023449393,0.0706083164086116,-8.12751319728963,4.53572353032742e-08,1.43809116638028e-06,TRUE,22,"***","linda"
"PWY-7883|PWY-7883","September - February","PWY-7883|PWY-7883",3396.13397180049,-0.507819633695254,0.0983290553473547,-5.16449214223958,3.54067189987725e-05,0.000247847032991407,TRUE,22,"***","linda"
"PWY-6607|PWY-6607","September - February","PWY-6607|PWY-6607",2558.97819454142,0.237033954249155,0.171712798265582,1.38040936169791,0.1813265835349,0.305421964141598,FALSE,22,"","linda"
"NAGLIPASYN-PWY|NAGLIPASYN-PWY","September - February","NAGLIPASYN-PWY|NAGLIPASYN-PWY",3410.94578700363,-0.562148118348675,0.0887111321417966,-6.3368385091753,2.2366152656816e-06,2.73985370045995e-05,TRUE,22,"***","linda"
"PWY-8073|PWY-8073","September - February","PWY-8073|PWY-8073",3410.94578700363,-0.562148118348675,0.0887111321417966,-6.3368385091753,2.2366152656816e-06,2.73985370045995e-05,TRUE,22,"***","linda"
"PWY-5838|PWY-5838","September - February","PWY-5838|PWY-5838",2783.20814192289,0.0282865772372117,0.136325159028205,0.20749344756942,0.837533185105451,0.886896634129348,FALSE,22,"","linda"
"PWY-801|PWY-801","September - February","PWY-801|PWY-801",2874.59649554842,-0.11434369418825,0.135410738061948,-0.844421172388413,0.407523296366104,0.560344532503393,FALSE,22,"","linda"
"PWY-8004|PWY-8004","September - February","PWY-8004|PWY-8004",2530.59341501506,0.250052845955203,0.0962479926128278,2.59800583022108,0.0164178912977214,0.0456146567498548,TRUE,22,"*","linda"
"PWY0-862|PWY0-862","September - February","PWY0-862|PWY0-862",2790.56491801764,-0.0294424588304892,0.0883846583142422,-0.333117301034413,0.742199520753084,0.814756704044628,FALSE,22,"","linda"
"PWY-5897|PWY-5897","September - February","PWY-5897|PWY-5897",2683.28425209933,0.0482914336922464,0.143647543110295,0.336180018443945,0.739920468829339,0.814334402910617,FALSE,22,"","linda"
"PWY-5898|PWY-5898","September - February","PWY-5898|PWY-5898",2683.28425209933,0.0482914336922464,0.143647543110295,0.336180018443945,0.739920468829339,0.814334402910617,FALSE,22,"","linda"
"PWY-5899|PWY-5899","September - February","PWY-5899|PWY-5899",2683.28425209933,0.0482914336922464,0.143647543110295,0.336180018443945,0.739920468829339,0.814334402910617,FALSE,22,"","linda"
"PWY0-1061|PWY0-1061","September - February","PWY0-1061|PWY0-1061",3260.18775811458,-0.540008673662654,0.124539953977301,-4.33602756719403,0.000265513430484683,0.00135011074557777,TRUE,22,"**","linda"
"METSYN-PWY|METSYN-PWY","September - February","METSYN-PWY|METSYN-PWY",2213.98633391194,0.518551361169783,0.0858725518901291,6.03861594602721,4.45407109293442e-06,4.44582281313269e-05,TRUE,22,"***","linda"
"PYRIDOXSYN-PWY|PYRIDOXSYN-PWY","September - February","PYRIDOXSYN-PWY|PYRIDOXSYN-PWY",2732.99441441053,-0.0456058863547272,0.0862471697775072,-0.528781251284851,0.602251852114605,0.726205253444681,FALSE,22,"","linda"
"PWY3O-4107|PWY3O-4107","September - February","PWY3O-4107|PWY3O-4107",2328.88673123396,0.347838598854692,0.0975202481104178,3.56683463787797,0.00172380301515392,0.00649741136481093,TRUE,22,"**","linda"
"MET-SAM-PWY|MET-SAM-PWY","September - February","MET-SAM-PWY|MET-SAM-PWY",2193.99577060002,0.476144360789328,0.080226628696549,5.93499151747117,5.67212464594532e-06,5.32490793685179e-05,TRUE,22,"***","linda"
"PWY-5840|PWY-5840","September - February","PWY-5840|PWY-5840",2559.78157749466,0.0624761223248804,0.133634199478198,0.467515969481101,0.644728561935348,0.755071280949681,FALSE,22,"","linda"
"CITRULBIO-PWY|CITRULBIO-PWY","September - February","CITRULBIO-PWY|CITRULBIO-PWY",2533.83618840146,0.0797988273235367,0.08818930962053,0.904858283468861,0.375343478664886,0.526849309896806,FALSE,22,"","linda"
"PWY-1269|PWY-1269","September - February","PWY-1269|PWY-1269",3108.89264463743,-0.559918951404366,0.070796888724253,-7.90880731475639,7.13702602717227e-08,2.02466159402413e-06,TRUE,22,"***","linda"
"PWY-5723|PWY-5723","September - February","PWY-5723|PWY-5723",2818.62669421474,-0.364532208970148,0.194638508884121,-1.87286786700145,0.0744362773055916,0.148596864695237,FALSE,22,"","linda"
"PWY-6595|PWY-6595","September - February","PWY-6595|PWY-6595",2293.38254079702,0.253806016742417,0.17507836488941,1.44967093394284,0.161257196403269,0.28220009370572,FALSE,22,"","linda"
"PWY-6936|PWY-6936","September - February","PWY-6936|PWY-6936",2325.1819288352,0.232755010979696,0.100757182885561,2.31005874036849,0.0306492993686735,0.0747510061525565,FALSE,22,"","linda"
"HISDEG-PWY|HISDEG-PWY","September - February","HISDEG-PWY|HISDEG-PWY",2596.09052530952,-0.0759572573331493,0.102207247079806,-0.743168997339692,0.465242146029164,0.61311862276215,FALSE,22,"","linda"
"PWY-181|PWY-181","September - February","PWY-181|PWY-181",2696.1768288774,-0.232054713718335,0.0963808014213046,-2.40768607747891,0.0248811760696792,0.0632592165167788,FALSE,22,"","linda"
"PWY-5845|PWY-5845","September - February","PWY-5845|PWY-5845",2399.50233097837,0.0561576836003705,0.163875028228108,0.342686034642209,0.735087282800063,0.814334402910617,FALSE,22,"","linda"
"PWY-5850|PWY-5850","September - February","PWY-5850|PWY-5850",2399.50233097837,0.0561576836003705,0.163875028228108,0.342686034642209,0.735087282800063,0.814334402910617,FALSE,22,"","linda"
"PWY-5896|PWY-5896","September - February","PWY-5896|PWY-5896",2399.50233097837,0.0561576836003705,0.163875028228108,0.342686034642209,0.735087282800063,0.814334402910617,FALSE,22,"","linda"
"PWY-8187|PWY-8187","September - February","PWY-8187|PWY-8187",2350.59592538588,0.0983223535800389,0.0927814792990279,1.05971961562666,0.300768801808073,0.449421374268328,FALSE,22,"","linda"
"PWY-1622|PWY-1622","September - February","PWY-1622|PWY-1622",2089.06711777324,0.368528455202419,0.100361820128771,3.67199852224254,0.00133764163210465,0.00518697006981586,TRUE,22,"**","linda"
"PYRIDNUCSAL-PWY|PYRIDNUCSAL-PWY","September - February","PYRIDNUCSAL-PWY|PYRIDNUCSAL-PWY",2193.91901022301,0.240233279503196,0.0816694024453854,2.94153345451311,0.00754873268095874,0.0226042606390931,TRUE,22,"*","linda"
"PWY66-399|PWY66-399","September - February","PWY66-399|PWY66-399",2541.88887950912,-0.201890423395042,0.0726618204126477,-2.77849388094742,0.0109571780762975,0.0317522525974427,TRUE,22,"*","linda"
"PWY-7115|PWY-7115","September - February","PWY-7115|PWY-7115",2713.42892106043,-0.419828943340739,0.10824193998381,-3.87861621293497,0.000810529008986439,0.00348779311768318,TRUE,22,"**","linda"
"PWY-6313|PWY-6313","September - February","PWY-6313|PWY-6313",2303.93031173687,-0.142227239132484,0.253268016689095,-0.561568100827661,0.580086660645604,0.707390746805386,FALSE,22,"","linda"
"ANAEROFRUCAT-PWY|ANAEROFRUCAT-PWY","September - February","ANAEROFRUCAT-PWY|ANAEROFRUCAT-PWY",2072.44551703724,0.294066311634446,0.0849374195984935,3.46215264160982,0.00221629566843996,0.00780773441365448,TRUE,22,"**","linda"
"PWY-5861|PWY-5861","September - February","PWY-5861|PWY-5861",2236.65148848194,0.0564349594997586,0.150589185625021,0.374761037889441,0.71142652421448,0.798872701149177,FALSE,22,"","linda"
"P221-PWY|P221-PWY","September - February","P221-PWY|P221-PWY",1918.44598432728,0.344120499439015,0.184783791882767,1.86228724896682,0.0759728455403493,0.150549131420031,FALSE,22,"","linda"
"PWY-8011|PWY-8011","September - February","PWY-8011|PWY-8011",1928.0645933618,0.311243101387355,0.125069984246498,2.48855153586596,0.020882337435737,0.0549052676968889,FALSE,22,"","linda"
"ARG+POLYAMINE-SYN|ARG+POLYAMINE-SYN","September - February","ARG+POLYAMINE-SYN|ARG+POLYAMINE-SYN",2019.61557643217,0.151651359385933,0.101273368644451,1.49744559123286,0.148488440808501,0.264097152298026,FALSE,22,"","linda"
"PWY-561|PWY-561","September - February","PWY-561|PWY-561",1672.25052285034,0.573391058086806,0.147651065992787,3.88341969786264,0.00080111653138776,0.00348227266466131,TRUE,22,"**","linda"
"PWY-6902|PWY-6902","September - February","PWY-6902|PWY-6902",2523.85813203799,-0.63130925323281,0.148045485949854,-4.26429248539632,0.00031638564678303,0.00155028966923685,TRUE,22,"**","linda"
"GLYOXYLATE-BYPASS|GLYOXYLATE-BYPASS","September - February","GLYOXYLATE-BYPASS|GLYOXYLATE-BYPASS",2119.19786692658,-0.0725894775830763,0.109920848745444,-0.660379522279528,0.515865873310045,0.662940622757835,FALSE,22,"","linda"
"PWY-5022|PWY-5022","September - February","PWY-5022|PWY-5022",1737.81345269361,0.413345416209633,0.101463693842229,4.07382582436202,0.000503764791910253,0.00234076916241057,TRUE,22,"**","linda"
"PWY0-1297|PWY0-1297","September - February","PWY0-1297|PWY0-1297",1650.18920244038,0.542160548745923,0.106582943529764,5.08674775523086,4.27130514420641e-05,0.000280760179600885,TRUE,22,"***","linda"
"PROTOCATECHUATE-ORTHO-CLEAVAGE-PWY|PROTOCATECHUATE-ORTHO-CLEAVAGE-PWY","September - February","PROTOCATECHUATE-ORTHO-CLEAVAGE-PWY|PROTOCATECHUATE-ORTHO-CLEAVAGE-PWY",1470.69388229155,0.775733272660324,0.120260245981444,6.45045473115048,1.72514769985755e-06,2.26793807371517e-05,TRUE,22,"***","linda"
"PWY-3661|PWY-3661","September - February","PWY-3661|PWY-3661",1870.12852956968,0.205115767565608,0.13874944540575,1.4783177472586,0.153498227910922,0.270377597529369,FALSE,22,"","linda"
"PWY-4984|PWY-4984","September - February","PWY-4984|PWY-4984",1934.71444093802,0.0910448742575663,0.092474500158926,0.98454032301983,0.335554546854464,0.484889814355379,FALSE,22,"","linda"
"HOMOSER-METSYN-PWY|HOMOSER-METSYN-PWY","September - February","HOMOSER-METSYN-PWY|HOMOSER-METSYN-PWY",1512.90310431898,0.662977577063261,0.0976354190985328,6.79033882564882,8.01036847201641e-07,1.30836018376268e-05,TRUE,22,"***","linda"
"PWY-5860|PWY-5860","September - February","PWY-5860|PWY-5860",1877.46630499519,0.0848112858590381,0.181211828062338,0.468022903173089,0.644371675678612,0.755071280949681,FALSE,22,"","linda"
"PWY-5862|PWY-5862","September - February","PWY-5862|PWY-5862",1877.46630499519,0.0848112858590381,0.181211828062338,0.468022903173089,0.644371675678612,0.755071280949681,FALSE,22,"","linda"
"P164-PWY|P164-PWY","September - February","P164-PWY|P164-PWY",2031.47689447484,-0.166570515502632,0.108490544380184,-1.53534592764987,0.138956447528423,0.251333977241006,FALSE,22,"","linda"
"PWY-7159|PWY-7159","September - February","PWY-7159|PWY-7159",1677.72144035555,0.34378167705136,0.155571492317167,2.20979867153608,0.037828560666146,0.0891238134768004,FALSE,22,"","linda"
"GLYCOCAT-PWY|GLYCOCAT-PWY","September - February","GLYCOCAT-PWY|GLYCOCAT-PWY",1312.624805773,0.880673381621707,0.129049112341156,6.82432730954049,7.42481703030325e-07,1.26368124301339e-05,TRUE,22,"***","linda"
"PWY-6731|PWY-6731","September - February","PWY-6731|PWY-6731",1909.8324844998,-0.0913821945630466,0.183729564181632,-0.497373381197964,0.623860361829326,0.746300401159272,FALSE,22,"","linda"
"COBALSYN-PWY|COBALSYN-PWY","September - February","COBALSYN-PWY|COBALSYN-PWY",1592.93113562537,0.38227175126828,0.121329458383068,3.15069197837635,0.00464008204026722,0.0146257556707838,TRUE,22,"*","linda"
"PWY-6305|PWY-6305","September - February","PWY-6305|PWY-6305",1860.98106799838,0.016546534072846,0.0890282999113938,0.185857015008868,0.854259882715529,0.896326329677584,FALSE,22,"","linda"
"PWY-5837|PWY-5837","September - February","PWY-5837|PWY-5837",1734.87966993136,0.125921129254786,0.191006627797517,0.65925005172215,0.516577108642469,0.662940622757835,FALSE,22,"","linda"
"PWY-6307|PWY-6307","September - February","PWY-6307|PWY-6307",1712.42215700354,0.170742623493804,0.138324943892389,1.23435888487787,0.230092306152412,0.370208217958657,FALSE,22,"","linda"
"PWY-5028|PWY-5028","September - February","PWY-5028|PWY-5028",1711.86523237888,0.20103630823641,0.0824657943936488,2.43781448677699,0.023314869863054,0.0604168983470485,FALSE,22,"","linda"
"PWY66-391|PWY66-391","September - February","PWY66-391|PWY66-391",1241.17729272913,0.838691962116501,0.196507552342573,4.26798844175924,0.000313541174122853,0.00155028966923685,TRUE,22,"**","linda"
"PWY-6922|PWY-6922","September - February","PWY-6922|PWY-6922",1698.52683966136,0.101516054323347,0.0919646261735386,1.10385980509272,0.281581962536976,0.429950928632946,FALSE,22,"","linda"
"PWY-6527|PWY-6527","September - February","PWY-6527|PWY-6527",1729.51209300704,0.0267680047224318,0.0907213380974975,0.295057428426204,0.770716549098744,0.837532701540772,FALSE,22,"","linda"
"PWY-6269|PWY-6269","September - February","PWY-6269|PWY-6269",1448.93205477624,0.448971103905791,0.111733487331644,4.01823226525784,0.000576923243294129,0.00263526803504691,TRUE,22,"**","linda"
"PWY-5138|PWY-5138","September - February","PWY-5138|PWY-5138",1772.04956096652,-0.169784464156441,0.168635715538844,-1.00681201259132,0.324971145151079,0.474686848879218,FALSE,22,"","linda"
"PWY490-3|PWY490-3","September - February","PWY490-3|PWY490-3",1338.69943707019,0.557235486326762,0.182173774358852,3.05881287406991,0.00575227456586327,0.0178188275344845,TRUE,22,"*","linda"
"PWY-7431|PWY-7431","September - February","PWY-7431|PWY-7431",1661.56118788043,-0.155604277498589,0.267247770717305,-0.582247242253659,0.566320017446281,0.69690979315878,FALSE,22,"","linda"
"PWY-7328|PWY-7328","September - February","PWY-7328|PWY-7328",1006.36237851966,1.00327403352683,0.174371364035724,5.7536628165694,8.6831924368073e-06,7.64812307828016e-05,TRUE,22,"***","linda"
"PWY-7383|PWY-7383","September - February","PWY-7383|PWY-7383",1887.01217975704,-0.583781094170979,0.0779058423518371,-7.49341867756871,1.71826314396065e-07,4.02671232432517e-06,TRUE,22,"***","linda"
"PWY0-1241|PWY0-1241","September - February","PWY0-1241|PWY0-1241",1936.44756552156,-0.802971669168863,0.0857015004274099,-9.36940036247077,3.89557829898687e-09,3.49952783858987e-07,TRUE,22,"***","linda"
"PWY-5367|PWY-5367","September - February","PWY-5367|PWY-5367",1131.38281617217,0.625963586169791,0.20688788837111,3.0256173577786,0.00621407557147555,0.0190306064376439,TRUE,22,"*","linda"
"PWY-7858|PWY-7858","September - February","PWY-7858|PWY-7858",1115.1763917751,0.690237098748312,0.179222234539,3.85129166882534,0.000866192554578669,0.00361920765052638,TRUE,22,"**","linda"
"POLYAMSYN-PWY|POLYAMSYN-PWY","September - February","POLYAMSYN-PWY|POLYAMSYN-PWY",1327.18818600846,0.202959807055641,0.12251541133774,1.65660633906814,0.111793734198873,0.210688191374799,FALSE,22,"","linda"
"PWY-6895|PWY-6895","September - February","PWY-6895|PWY-6895",1810.86848801013,-0.966178948852021,0.191112426099336,-5.05555273705657,4.60577968946664e-05,0.000298837279153902,TRUE,22,"***","linda"
"POLYAMINSYN3-PWY|POLYAMINSYN3-PWY","September - February","POLYAMINSYN3-PWY|POLYAMINSYN3-PWY",1321.47821359528,0.177893698146827,0.119489818350241,1.48877704061275,0.150742051200545,0.266393329826537,FALSE,22,"","linda"
"PWY-7854|PWY-7854","September - February","PWY-7854|PWY-7854",1148.48577870367,0.533916911667586,0.0948681864265181,5.62798691299049,1.16874830600532e-05,9.69162056825949e-05,TRUE,22,"***","linda"
"PWY-I9|PWY-I9","September - February","PWY-I9|PWY-I9",1420.28950345525,-0.0843050799483551,0.0935897552978029,-0.900793892238484,0.377453596314895,0.528435034840852,FALSE,22,"","linda"
"PWY-7900|PWY-7900","September - February","PWY-7900|PWY-7900",574.059980998569,1.82241495179363,0.257245357203346,7.08434535653466,4.17483656460955e-07,7.79936242210637e-06,TRUE,22,"***","linda"
"PWY-5030|PWY-5030","September - February","PWY-5030|PWY-5030",1466.33462775731,-0.245020764493004,0.108805056993168,-2.2519244166049,0.0346433773075276,0.082990134972255,FALSE,22,"","linda"
"DENOVOPURINE2-PWY|DENOVOPURINE2-PWY","September - February","DENOVOPURINE2-PWY|DENOVOPURINE2-PWY",1843.82775485012,-1.34407671528345,0.189787467988364,-7.08200983726626,4.19631744417597e-07,7.79936242210637e-06,TRUE,22,"***","linda"
"TYRFUMCAT-PWY|TYRFUMCAT-PWY","September - February","TYRFUMCAT-PWY|TYRFUMCAT-PWY",1443.40053149407,-0.266100820526256,0.110431013210922,-2.40965660631952,0.0247758270905126,0.0632592165167788,FALSE,22,"","linda"
"PWY-5873|PWY-5873","September - February","PWY-5873|PWY-5873",0.671407989855939,4.95559523632987,2.8431611590185,1.74298780799348,0.0952977834929367,0.184105753773093,FALSE,22,"","linda"
"PWY-7992|PWY-7992","September - February","PWY-7992|PWY-7992",1835.76429516565,-1.27791676670739,0.139681830249243,-9.14876877276826,5.93817284985213e-09,3.55630574007811e-07,TRUE,22,"***","linda"
"PWY-5497|PWY-5497","September - February","PWY-5497|PWY-5497",1519.3999882157,-0.510021506872471,0.114754376416316,-4.44446236213396,0.000203713197320534,0.00109801413355768,TRUE,22,"**","linda"
"PWY-7356|PWY-7356","September - February","PWY-7356|PWY-7356",918.732813070652,0.718185445876319,0.222890711958477,3.22214164765246,0.0039218964654119,0.0126580969751917,TRUE,22,"*","linda"
"PWY-7294|PWY-7294","September - February","PWY-7294|PWY-7294",1213.57443161271,-1.90039356626105,1.53331058234282,-1.23940549823725,0.228254746004684,0.368351221845882,FALSE,22,"","linda"
"PWY-7282|PWY-7282","September - February","PWY-7282|PWY-7282",832.55965331237,0.87447008195531,0.0929401782719055,9.40895636542641,3.61434419806324e-09,3.49952783858987e-07,TRUE,22,"***","linda"
"CHLOROPHYLL-SYN|CHLOROPHYLL-SYN","September - February","CHLOROPHYLL-SYN|CHLOROPHYLL-SYN",920.828354170362,0.559747564947725,0.255831098463513,2.1879574778418,0.0395828017003828,0.0919617677435618,FALSE,22,"","linda"
"NADSYN-PWY|NADSYN-PWY","September - February","NADSYN-PWY|NADSYN-PWY",1400.15056325154,-0.594777367325863,0.223466396220681,-2.66159645201643,0.0142527514235893,0.0402211152738986,TRUE,22,"*","linda"
"P101-PWY|P101-PWY","September - February","P101-PWY|P101-PWY",867.482949629196,0.739367727549562,0.121016519716661,6.10964295850402,3.77657386712712e-06,3.99132022427748e-05,TRUE,22,"***","linda"
"URSIN-PWY|URSIN-PWY","September - February","URSIN-PWY|URSIN-PWY",743.516191335211,0.988978553141846,0.163750863329204,6.03953184145118,4.44458805475337e-06,4.44582281313269e-05,TRUE,22,"***","linda"
"PWY-6151|PWY-6151","September - February","PWY-6151|PWY-6151",1107.36009911826,-0.041375755004772,0.0904725870492815,-0.457329190578292,0.651918616337581,0.75729339268525,FALSE,22,"","linda"
"PWY0-1533|PWY0-1533","September - February","PWY0-1533|PWY0-1533",1060.21102187048,-0.0426503973781949,0.238238967697523,-0.17902359882765,0.859557653534829,0.899614709233539,FALSE,22,"","linda"
"P125-PWY|P125-PWY","September - February","P125-PWY|P125-PWY",909.046142425984,0.311899812374583,0.146911517479754,2.12304533861728,0.0452401272046383,0.101601785680417,FALSE,22,"","linda"
"PWY-7052|PWY-7052","September - February","PWY-7052|PWY-7052",878.784104885891,0.341441633748342,0.263109876245018,1.29771500264923,0.207827736321495,0.344674307314725,FALSE,22,"","linda"
"GALACTARDEG-PWY|GALACTARDEG-PWY","September - February","GALACTARDEG-PWY|GALACTARDEG-PWY",1008.77831133113,0.0827166875185627,0.110663521029649,0.74746119361593,0.462700326067587,0.611263420956935,FALSE,22,"","linda"
"GLUCARGALACTSUPER-PWY|GLUCARGALACTSUPER-PWY","September - February","GLUCARGALACTSUPER-PWY|GLUCARGALACTSUPER-PWY",1008.77831133113,0.0827166875185627,0.110663521029649,0.74746119361593,0.462700326067587,0.611263420956935,FALSE,22,"","linda"
"GLUCARDEG-PWY|GLUCARDEG-PWY","September - February","GLUCARDEG-PWY|GLUCARDEG-PWY",1008.77831133113,0.0538869243842394,0.115695084875518,0.465766756143695,0.645960697101393,0.755071280949681,FALSE,22,"","linda"
"PWY-5913|PWY-5913","September - February","PWY-5913|PWY-5913",999.95071217165,0.0587300323375705,0.17019587518718,0.345073182725373,0.733316716470837,0.814334402910617,FALSE,22,"","linda"
"PWY-6263|PWY-6263","September - February","PWY-6263|PWY-6263",1264.21177675753,-0.981875734717661,0.145938625333006,-6.72800454627548,9.21044005376749e-07,1.37900755249463e-05,TRUE,22,"***","linda"
"PWY0-845|PWY0-845","September - February","PWY0-845|PWY0-845",666.222553666686,0.843060209231582,0.0946801320063522,8.90429904739698,9.5423737767073e-09,5.14333946564523e-07,TRUE,22,"***","linda"
"PWY-5100|PWY-5100","September - February","PWY-5100|PWY-5100",897.147188064451,0.13660588366165,0.0985295695756059,1.38644555385809,0.17950202686329,0.305210070912661,FALSE,22,"","linda"
"PWY-6383|PWY-6383","September - February","PWY-6383|PWY-6383",359.770730002659,1.9348114324038,0.297174780957909,6.51068514685923,1.50427110058512e-06,2.09618454818936e-05,TRUE,22,"***","linda"
"PWY-6562|PWY-6562","September - February","PWY-6562|PWY-6562",967.776936506312,-0.0581497645989091,0.129623797228353,-0.448604082292615,0.658104660251476,0.759478695653055,FALSE,22,"","linda"
"PWY-7268|PWY-7268","September - February","PWY-7268|PWY-7268",947.309594221763,-0.0994355392471717,0.197764649822655,-0.50279733681596,0.620103122885424,0.744399962662013,FALSE,22,"","linda"
"PWY0-321|PWY0-321","September - February","PWY0-321|PWY0-321",1085.11535914123,-0.407290612331911,0.0962528781665367,-4.2314642438766,0.000342809163338228,0.00166463188323698,TRUE,22,"**","linda"
"PWY-6435|PWY-6435","September - February","PWY-6435|PWY-6435",983.148209032727,-0.263902954704122,0.164409036011503,-1.60516089082633,0.122718549203723,0.228876463739815,FALSE,22,"","linda"
"GLUDEG-I-PWY|GLUDEG-I-PWY","September - February","GLUDEG-I-PWY|GLUDEG-I-PWY",1001.62976067038,-0.368673531170576,0.154942250805839,-2.37942542626781,0.0264383476497513,0.0661174056207204,FALSE,22,"","linda"
"PWY0-1477|PWY0-1477","September - February","PWY0-1477|PWY0-1477",683.15152165197,0.563076516462331,0.224864135398655,2.50407436234359,0.020186672766874,0.0534550344637898,FALSE,22,"","linda"
"PWY-6396|PWY-6396","September - February","PWY-6396|PWY-6396",764.084013451782,0.358486343259107,0.113203560809242,3.16674087543226,0.00446843938765994,0.0142514131949628,TRUE,22,"*","linda"
"P562-PWY|P562-PWY","September - February","P562-PWY|P562-PWY",701.375535900283,0.497563863011412,0.147081579656657,3.38291079122832,0.0026782939492478,0.0092538489656703,TRUE,22,"**","linda"
"PWY-5651|PWY-5651","September - February","PWY-5651|PWY-5651",1017.45614992457,-0.6700907340128,0.247470237865141,-2.70776292047679,0.0128526330340111,0.0366538053192169,TRUE,22,"*","linda"
"CRNFORCAT-PWY|CRNFORCAT-PWY","September - February","CRNFORCAT-PWY|CRNFORCAT-PWY",759.732770397266,0.185693898272098,0.147771333770605,1.25663004815509,0.222067139667115,0.361613861874848,FALSE,22,"","linda"
"PWY-5705|PWY-5705","September - February","PWY-5705|PWY-5705",570.637631863214,0.845335992981534,0.142536717082447,5.93065429234328,5.72995659253068e-06,5.32490793685179e-05,TRUE,22,"***","linda"
"PWY-7376|PWY-7376","September - February","PWY-7376|PWY-7376",563.828502779127,0.82020598414283,0.175212226284116,4.68121432811899,0.000114312077262472,0.00065547031536673,TRUE,22,"***","linda"
"PWY-6906|PWY-6906","September - February","PWY-6906|PWY-6906",708.208932320804,0.285319949525691,0.178546482363299,1.5980149580608,0.124304420174421,0.231034767151769,FALSE,22,"","linda"
"PWY-7807|PWY-7807","September - February","PWY-7807|PWY-7807",750.843755789516,0.0729013305823992,0.183599252982352,0.39706768626889,0.695143414213057,0.78221774584726,FALSE,22,"","linda"
"PWY-5741|PWY-5741","September - February","PWY-5741|PWY-5741",653.546671175401,0.484882256863376,0.116314464553462,4.16871847129993,0.000399594568535732,0.00190603072956425,TRUE,22,"**","linda"
"PWY0-1337|PWY0-1337","September - February","PWY0-1337|PWY0-1337",878.025890345304,-0.372503541973323,0.137716425311452,-2.70485921436668,0.0129367209161191,0.0366994345988851,TRUE,22,"*","linda"
"PWY-6126|PWY-6126","September - February","PWY-6126|PWY-6126",1065.02615363646,-1.55202569281274,0.226187892135198,-6.86166566283335,6.83194653656679e-07,1.22747306106983e-05,TRUE,22,"***","linda"
"PWY-8020|PWY-8020","September - February","PWY-8020|PWY-8020",671.36687993271,0.316380352707181,0.163976453742354,1.92942550888611,0.0666750579606077,0.135614551851953,FALSE,22,"","linda"
"PWY-6531|PWY-6531","September - February","PWY-6531|PWY-6531",675.750526316287,0.2874203182876,0.186887888923763,1.53792907578323,0.138325532503121,0.251035225653813,FALSE,22,"","linda"
"PWY-7456|PWY-7456","September - February","PWY-7456|PWY-7456",603.026776968973,0.477189309985872,0.123638516511753,3.85955221276464,0.000848977155586623,0.00360313926662354,TRUE,22,"**","linda"
"PWY1G-0|PWY1G-0","September - February","PWY1G-0|PWY1G-0",348.23842014225,1.51355115468236,0.247565415534579,6.11374230691346,3.74084566518963e-06,3.99132022427748e-05,TRUE,22,"***","linda"
"PWY-5180|PWY-5180","September - February","PWY-5180|PWY-5180",572.198306146525,0.538648622913914,0.112107008654873,4.80477205998934,8.4615344821349e-05,0.000501183196249529,TRUE,22,"***","linda"
"REDCITCYC|REDCITCYC","September - February","REDCITCYC|REDCITCYC",694.432425668397,0.0386125259084384,0.186014531233939,0.207578008300211,0.837467961171872,0.886896634129348,FALSE,22,"","linda"
"PWY-7229|PWY-7229","September - February","PWY-7229|PWY-7229",946.977663674988,-1.58527166132198,0.232455755913904,-6.81967050069143,7.50237472661013e-07,1.26368124301339e-05,TRUE,22,"***","linda"
"PWY-7269|PWY-7269","September - February","PWY-7269|PWY-7269",671.887707568127,-0.0961225504582772,0.207159219745938,-0.464003246276765,0.647203955099727,0.755071280949681,FALSE,22,"","linda"
"PWY-6803|PWY-6803","September - February","PWY-6803|PWY-6803",896.83372299332,-1.10113279686485,0.153420356451307,-7.17722747055623,3.4060613080548e-07,7.08162031700626e-06,TRUE,22,"***","linda"
"HEMESYN2-PWY|HEMESYN2-PWY","September - February","HEMESYN2-PWY|HEMESYN2-PWY",812.123729742858,-0.719400878620393,0.161146485022114,-4.46426664858169,0.000194092601207133,0.00107851455722314,TRUE,22,"**","linda"
"PWY0-1415|PWY0-1415","September - February","PWY0-1415|PWY0-1415",783.096460869222,-0.685727437762322,0.158005884464414,-4.33988544215746,0.000263022057853311,0.00135011074557777,TRUE,22,"**","linda"
"PWY-5531|PWY-5531","September - February","PWY-5531|PWY-5531",657.113845300723,-0.173455385584001,0.180659834796732,-0.960121466839397,0.347428281164591,0.495996987073931,FALSE,22,"","linda"
"PWY-7805|PWY-7805","September - February","PWY-7805|PWY-7805",589.536052477185,0.144802963057317,0.181817271676193,0.796420283520718,0.434298486877566,0.586683920869695,FALSE,22,"","linda"
"PWY-7374|PWY-7374","September - February","PWY-7374|PWY-7374",881.053626737213,-1.2501935351992,0.153316248940467,-8.15434465582744,4.29224885662565e-08,1.43809116638028e-06,TRUE,22,"***","linda"
"PWY-7371|PWY-7371","September - February","PWY-7371|PWY-7371",890.878788537418,-1.47792220919072,0.160031281463029,-9.23520823978497,5.03044954025508e-09,3.55630574007811e-07,TRUE,22,"***","linda"
"AST-PWY|AST-PWY","September - February","AST-PWY|AST-PWY",641.357967504417,-0.268600926618811,0.173139209083364,-1.55135817034651,0.13508349796978,0.245979747992268,FALSE,22,"","linda"
"PWY-6071|PWY-6071","September - February","PWY-6071|PWY-6071",527.238412635434,0.32618563461505,0.158131389675597,2.06275069917625,0.0511370394049971,0.111590543478921,FALSE,22,"","linda"
"PWY-5692|PWY-5692","September - February","PWY-5692|PWY-5692",325.908584272977,1.38382702835184,0.13763051182635,10.0546529253472,1.09308728242435e-09,1.47293511306682e-07,TRUE,22,"***","linda"
"URDEGR-PWY|URDEGR-PWY","September - February","URDEGR-PWY|URDEGR-PWY",325.908584272977,1.38382702835184,0.13763051182635,10.0546529253472,1.09308728242435e-09,1.47293511306682e-07,TRUE,22,"***","linda"
"PWY0-42|PWY0-42","September - February","PWY0-42|PWY0-42",717.218272769582,-0.603867671924609,0.137845318352599,-4.38076301133387,0.000238018369241937,0.00125776373550396,TRUE,22,"**","linda"
"PWY-5747|PWY-5747","September - February","PWY-5747|PWY-5747",717.218272769582,-0.611879136154224,0.137586355128526,-4.44723705037928,0.000202337035357689,0.00109801413355768,TRUE,22,"**","linda"
"DENITRIFICATION-PWY|DENITRIFICATION-PWY","September - February","DENITRIFICATION-PWY|DENITRIFICATION-PWY",715.16390454907,-0.6020678842147,0.0892684105333288,-6.74446739465485,8.8766111224137e-07,1.37793403873939e-05,TRUE,22,"***","linda"
"P108-PWY|P108-PWY","September - February","P108-PWY|P108-PWY",811.002694227387,-1.60765602900616,0.248249822391388,-6.47596043984896,1.62781870180409e-06,2.19348570068101e-05,TRUE,22,"***","linda"
"SUCSYN-PWY|SUCSYN-PWY","September - February","SUCSYN-PWY|SUCSYN-PWY",392.00864670673,-0.600975957293421,0.743100409326662,-0.808741254547252,0.427323869325487,0.578712476297582,FALSE,22,"","linda"
"LIPASYN-PWY|LIPASYN-PWY","September - February","LIPASYN-PWY|LIPASYN-PWY",497.0370014436,0.288354062703989,0.200408935560179,1.4388283730862,0.164275323001698,0.284227687536101,FALSE,22,"","linda"
"PWY-7947|PWY-7947","September - February","PWY-7947|PWY-7947",419.380150303513,0.635315509192845,0.251342818226993,2.52768515000528,0.0191698590846106,0.0516627702330257,FALSE,22,"","linda"
"RHAMCAT-PWY|RHAMCAT-PWY","September - February","RHAMCAT-PWY|RHAMCAT-PWY",727.180686997948,-0.893977378998386,0.103544116349376,-8.63378249307711,1.6274752123526e-08,7.31007616215044e-07,TRUE,22,"***","linda"
"PWY-7377|PWY-7377","September - February","PWY-7377|PWY-7377",370.626681947393,-0.211080702369622,0.659396768745748,-0.320111823979851,0.751903973176586,0.822061341870547,FALSE,22,"","linda"
"PWY-7315|PWY-7315","September - February","PWY-7315|PWY-7315",613.765999963172,-0.479816081733788,0.233821693281811,-2.05205973406195,0.0522517297869535,0.113107158052883,FALSE,22,"","linda"
"PWY-7942|PWY-7942","September - February","PWY-7942|PWY-7942",625.964634778767,-0.397385196669576,0.109543014114473,-3.62766352452476,0.00148878609082625,0.00565109649968557,TRUE,22,"**","linda"
"PWY-6837|PWY-6837","September - February","PWY-6837|PWY-6837",502.495286476016,0.134153909639639,0.171344314044179,0.782949293578829,0.442004073972313,0.592637303161882,FALSE,22,"","linda"
"PWY-8131|PWY-8131","September - February","PWY-8131|PWY-8131",488.108605258682,0.278890503074897,0.130381771197577,2.13902986984488,0.0437830879251037,0.0991558167715584,FALSE,22,"","linda"
"PWY-6748|PWY-6748","September - February","PWY-6748|PWY-6748",650.532285622921,-0.567349047379874,0.0653445484774911,-8.68242356246911,1.4774721507433e-08,7.23961353864215e-07,TRUE,22,"***","linda"
"PWY-5415|PWY-5415","September - February","PWY-5415|PWY-5415",491.536809149767,0.125289679170903,0.178152003076283,0.703274041309853,0.489261449314001,0.639243924819108,FALSE,22,"","linda"
"ALLANTOINDEG-PWY|ALLANTOINDEG-PWY","September - February","ALLANTOINDEG-PWY|ALLANTOINDEG-PWY",484.775526047861,0.204839571121842,0.156661729296682,1.30752783108836,0.204533713346157,0.340258245350552,FALSE,22,"","linda"
"PWY-5910|PWY-5910","September - February","PWY-5910|PWY-5910",625.810485299143,-0.546498177689116,0.09857849961264,-5.5437867266854,1.42742307814731e-05,0.000114832990913642,TRUE,22,"***","linda"
"PWY-7674|PWY-7674","September - February","PWY-7674|PWY-7674",882.530135557018,-2.24774392731941,0.167919840042196,-13.3858150814971,4.74200387896401e-12,1.71578983008877e-09,TRUE,22,"***","linda"
"PWY-6478|PWY-6478","September - February","PWY-6478|PWY-6478",506.789057625004,-0.0654769019005549,0.139438941579574,-0.469574002490466,0.643280231279317,0.755071280949681,FALSE,22,"","linda"
"PWY-7399|PWY-7399","September - February","PWY-7399|PWY-7399",209.878976492425,1.81093746083371,0.239237431987682,7.56962422555578,1.45994452276753e-07,3.57686408078046e-06,TRUE,22,"***","linda"
"PWY-5419|PWY-5419","September - February","PWY-5419|PWY-5419",549.72863468328,-0.316415187202519,0.126411491289187,-2.50305715070371,0.0202315900382433,0.0534550344637898,FALSE,22,"","linda"
"12DICHLORETHDEG-PWY|12DICHLORETHDEG-PWY","September - February","12DICHLORETHDEG-PWY|12DICHLORETHDEG-PWY",466.547206974263,-0.00642709191107543,0.199995758136366,-0.0321361411410194,0.974653256168653,0.981940383317577,FALSE,22,"","linda"
"PWY-5420|PWY-5420","September - February","PWY-5420|PWY-5420",487.895843822392,-0.106359398543389,0.125408279754341,-0.848105075292743,0.405512705543706,0.560344532503393,FALSE,22,"","linda"
"PWY-6641|PWY-6641","September - February","PWY-6641|PWY-6641",451.245569643872,0.0990162859815032,0.107558768068096,0.92057846849655,0.367255528745749,0.519127689737396,FALSE,22,"","linda"
"PWY-7295|PWY-7295","September - February","PWY-7295|PWY-7295",229.539834834716,1.46681073879718,0.199565125243735,7.35003541829122,2.33952582787587e-07,5.2541850884379e-06,TRUE,22,"***","linda"
"PWY-1541|PWY-1541","September - February","PWY-1541|PWY-1541",408.13952095525,0.216298133111714,0.0985962031974712,2.19377750965223,0.0391082723888057,0.0912526355738801,FALSE,22,"","linda"
"PWY-7873|PWY-7873","September - February","PWY-7873|PWY-7873",327.23101857807,0.751599388657824,0.124970934189931,6.01419356852642,4.71470168961743e-06,4.62040765582509e-05,TRUE,22,"***","linda"
"KETOGLUCONMET-PWY|KETOGLUCONMET-PWY","September - February","KETOGLUCONMET-PWY|KETOGLUCONMET-PWY",252.000537531976,1.21594764608985,0.182382636385507,6.6670143067768,1.05635442498679e-06,1.53885144612941e-05,TRUE,22,"***","linda"
"PWY-7902|PWY-7902","September - February","PWY-7902|PWY-7902",247.608661254994,1.22180494478804,0.308200240602747,3.96432183958897,0.000657926387358611,0.00293076299823381,TRUE,22,"**","linda"
"PWY-5101|PWY-5101","September - February","PWY-5101|PWY-5101",724.375657188921,-2.63443242168239,0.199778713599202,-13.1867523532442,6.36656708752791e-12,1.71578983008877e-09,TRUE,22,"***","linda"
"KDO-NAGLIPASYN-PWY|KDO-NAGLIPASYN-PWY","September - February","KDO-NAGLIPASYN-PWY|KDO-NAGLIPASYN-PWY",456.155540451991,-0.71757188829611,0.348315779931737,-2.06011880494401,0.0514094611453798,0.111732659505483,FALSE,22,"","linda"
"P105-PWY|P105-PWY","September - February","P105-PWY|P105-PWY",184.750483632527,1.62892579414641,0.307758711050123,5.29286657260896,2.60001032093881e-05,0.000191973364792605,TRUE,22,"***","linda"
"PWY-7255|PWY-7255","September - February","PWY-7255|PWY-7255",376.324705724508,0.104783839529076,0.178655157013817,0.586514496869363,0.563500181959679,0.696620637789604,FALSE,22,"","linda"
"PWY-7855|PWY-7855","September - February","PWY-7855|PWY-7855",329.950840549254,0.504702918770558,0.131996427004155,3.82361045844576,0.000926438793911338,0.0037829584084713,TRUE,22,"**","linda"
"PWY-5104|PWY-5104","September - February","PWY-5104|PWY-5104",527.426732961943,-1.98443439775257,0.355501844904951,-5.58206497713998,1.30329175076237e-05,0.000106435492978927,TRUE,22,"***","linda"
"PWY-7090|PWY-7090","September - February","PWY-7090|PWY-7090",513.863020418489,-0.956399041439354,0.20990746449239,-4.55628885686449,0.000155032442793306,0.000879605122795703,TRUE,22,"***","linda"
"PWY-7874|PWY-7874","September - February","PWY-7874|PWY-7874",299.683721777214,0.705455685067117,0.135464110664284,5.20769435983988,3.19074500873695e-05,0.000229308207961229,TRUE,22,"***","linda"
"PWY-1861|PWY-1861","September - February","PWY-1861|PWY-1861",591.341923937266,-1.88822942256072,0.263135051217328,-7.17589471195609,3.41599495811063e-07,7.08162031700626e-06,TRUE,22,"***","linda"
"P461-PWY|P461-PWY","September - February","P461-PWY|P461-PWY",364.685232773611,0.0265220918206788,0.195371775777994,0.135751910505316,0.8932519023177,0.922342481511955,FALSE,22,"","linda"
"PWY-922|PWY-922","September - February","PWY-922|PWY-922",455.448737113364,-0.559753945171173,0.102305288926279,-5.47140769598462,1.69599616477287e-05,0.000130591704687511,TRUE,22,"***","linda"
"P185-PWY|P185-PWY","September - February","P185-PWY|P185-PWY",291.226444309644,0.589261529443111,0.169261317461546,3.4813715164245,0.00211656594613983,0.00760819398672906,TRUE,22,"**","linda"
"PWY-6946|PWY-6946","September - February","PWY-6946|PWY-6946",271.679535438976,0.607338762548999,0.220671424262622,2.75223112633833,0.0116277464695716,0.0333369965271229,TRUE,22,"*","linda"
"PWY-6501|PWY-6501","September - February","PWY-6501|PWY-6501",275.001770762815,0.659294303496768,0.158014815147846,4.17235752786789,0.000396058754650471,0.00190603072956425,TRUE,22,"**","linda"
"PWY-5647|PWY-5647","September - February","PWY-5647|PWY-5647",473.666339650579,-0.991401469187046,0.166025569729902,-5.97137820878979,5.20980031221586e-06,5.01443280050777e-05,TRUE,22,"***","linda"
"PWY-1422|PWY-1422","September - February","PWY-1422|PWY-1422",194.926619473415,-0.255996865684527,0.789022528723143,-0.324448106822502,0.748663560454101,0.820182233912114,FALSE,22,"","linda"
"PWY-6891|PWY-6891","September - February","PWY-6891|PWY-6891",81.89218136644,-4.7472528282892,2.34873985703145,-2.0211914121001,0.0555930091850431,0.117692891692537,FALSE,22,"","linda"
"PWY-6185|PWY-6185","September - February","PWY-6185|PWY-6185",171.089268849744,1.48647123886202,0.234999551545134,6.32542159799196,2.29593873890516e-06,2.75002440059973e-05,TRUE,22,"***","linda"
"GALLATE-DEGRADATION-I-PWY|GALLATE-DEGRADATION-I-PWY","September - February","GALLATE-DEGRADATION-I-PWY|GALLATE-DEGRADATION-I-PWY",265.499799482133,0.538041155900768,0.16197391798048,3.32177650950944,0.00309773267982487,0.0105011189586516,TRUE,22,"*","linda"
"GALLATE-DEGRADATION-II-PWY|GALLATE-DEGRADATION-II-PWY","September - February","GALLATE-DEGRADATION-II-PWY|GALLATE-DEGRADATION-II-PWY",265.499799482133,0.538041155900768,0.16197391798048,3.32177650950944,0.00309773267982487,0.0105011189586516,TRUE,22,"*","linda"
"PWY-6470|PWY-6470","September - February","PWY-6470|PWY-6470",167.389885521611,1.14831052469728,0.392063486949786,2.92888923074939,0.0077718086142764,0.0231436731662706,TRUE,22,"*","linda"
"PWY-5654|PWY-5654","September - February","PWY-5654|PWY-5654",428.382326955158,-0.99197026746639,0.158622786418782,-6.25364293404529,2.70765513956039e-06,3.10516195792139e-05,TRUE,22,"***","linda"
"PWY66-201|PWY66-201","September - February","PWY66-201|PWY66-201",79.036284909728,-1.75328674909862,1.67120391143147,-1.0491159918342,0.305513782496642,0.452395408696951,FALSE,22,"","linda"
"PWY66-367|PWY66-367","September - February","PWY66-367|PWY66-367",269.173910833756,0.199512350216349,0.202322733552808,0.986109404083723,0.334801237660972,0.484889814355379,FALSE,22,"","linda"
"PWY-6182|PWY-6182","September - February","PWY-6182|PWY-6182",293.32227904164,0.0838079340197109,0.127995082376902,0.654774640270356,0.519400641054933,0.663405084191017,FALSE,22,"","linda"
"PWY-6581|PWY-6581","September - February","PWY-6581|PWY-6581",152.652959564941,1.36918529010226,0.332821016387849,4.11387869961523,0.000456850528293404,0.00214123856304474,TRUE,22,"**","linda"
"PWY-7347|PWY-7347","September - February","PWY-7347|PWY-7347",200.431603398396,-0.639260528483799,0.755886034012814,-0.845710199314204,0.406819052860147,0.560344532503393,FALSE,22,"","linda"
"PWY-5655|PWY-5655","September - February","PWY-5655|PWY-5655",342.666481218106,-0.417769758089724,0.135319862134683,-3.08727596599176,0.00538278860347864,0.0168681573097383,TRUE,22,"*","linda"
"PWY-6672|PWY-6672","September - February","PWY-6672|PWY-6672",250.962015982931,0.346873038487533,0.171684709754998,2.02040728602178,0.0556803105409963,0.117692891692537,FALSE,22,"","linda"
"PWY-5652|PWY-5652","September - February","PWY-5652|PWY-5652",428.382326955158,-1.48187704696946,0.231098629982665,-6.41231428797573,1.88193530962856e-06,2.41515031402332e-05,TRUE,22,"***","linda"
"RUMP-PWY|RUMP-PWY","September - February","RUMP-PWY|RUMP-PWY",438.689956994747,-1.87233411187826,0.26254615264415,-7.13144753035473,3.76491404597713e-07,7.51588396585806e-06,TRUE,22,"***","linda"
"PWY-6962|PWY-6962","September - February","PWY-6962|PWY-6962",253.393583826581,0.305974088180179,0.19309851742841,1.58454913199226,0.127339289110627,0.23586211969288,FALSE,22,"","linda"
"PWY-6404|PWY-6404","September - February","PWY-6404|PWY-6404",38.7446593507416,3.25394866754528,0.660886271526617,4.9236136499383,6.3399022892531e-05,0.000383955880214317,TRUE,22,"***","linda"
"PWY-6948|PWY-6948","September - February","PWY-6948|PWY-6948",201.614251610282,0.62107049629652,0.233759345903183,2.65687985178463,0.0144036254123499,0.0404351775898781,TRUE,22,"*","linda"
"PWY-5417|PWY-5417","September - February","PWY-5417|PWY-5417",267.052726892593,0.0555508696756844,0.128071648497289,0.433748377002115,0.66869488196199,0.762001144561338,FALSE,22,"","linda"
"PWY-5431|PWY-5431","September - February","PWY-5431|PWY-5431",267.052726892593,0.0555508696756844,0.128071648497289,0.433748377002115,0.66869488196199,0.762001144561338,FALSE,22,"","linda"
"PWY-6486|PWY-6486","September - February","PWY-6486|PWY-6486",199.662031526569,0.665969662356916,0.232598217392358,2.86317612328699,0.00903642100992859,0.0266154695319755,TRUE,22,"*","linda"
"GLCMANNANAUT-PWY|GLCMANNANAUT-PWY","September - February","GLCMANNANAUT-PWY|GLCMANNANAUT-PWY",328.743351764072,-0.951023671730646,0.274392481669176,-3.46592467091448,0.00219636598639903,0.00780773441365448,TRUE,22,"**","linda"
"PWY-5209|PWY-5209","September - February","PWY-5209|PWY-5209",289.686039875631,-0.433381998714601,0.193347123152868,-2.24147115119966,0.0354100953852733,0.0840794775888206,FALSE,22,"","linda"
"P381-PWY|P381-PWY","September - February","P381-PWY|P381-PWY",342.266990737042,-1.65275535208088,0.323029745062091,-5.11641846407426,3.97598256185249e-05,0.000267881825104811,TRUE,22,"***","linda"
"PWY0-1277|PWY0-1277","September - February","PWY0-1277|PWY0-1277",125.426506709902,1.25910254500058,0.360711674874266,3.49060657778673,0.0020702199429636,0.00759080645753318,TRUE,22,"**","linda"
"PWY-7436|PWY-7436","September - February","PWY-7436|PWY-7436",135.616872633054,-0.272238041540745,0.811042402582883,-0.335664375467624,0.740304002646016,0.814334402910617,FALSE,22,"","linda"
"P441-PWY|P441-PWY","September - February","P441-PWY|P441-PWY",346.671758135696,-1.27053974023446,0.202027906396161,-6.28893187529758,2.49656317640607e-06,2.92532076539755e-05,TRUE,22,"***","linda"
"PWY-1361|PWY-1361","September - February","PWY-1361|PWY-1361",294.68953721754,-0.77169360472496,0.202864501649183,-3.80398541120548,0.00097164398439068,0.00393771509463592,TRUE,22,"**","linda"
"PWY-7254|PWY-7254","September - February","PWY-7254|PWY-7254",289.594333929711,-0.811223561150431,0.200463856893771,-4.04673228241992,0.000538187556634482,0.00247934267543577,TRUE,22,"**","linda"
"PWY-7332|PWY-7332","September - February","PWY-7332|PWY-7332",362.127584328936,-2.66380952514781,0.338312045466476,-7.87382406522019,7.67830860863774e-08,2.06930417002787e-06,TRUE,22,"***","linda"
"P261-PWY|P261-PWY","September - February","P261-PWY|P261-PWY",236.631597900714,-0.164591813980395,0.19820934183816,-0.830393827324171,0.41523711491023,0.56805280440765,FALSE,22,"","linda"
"METH-ACETATE-PWY|METH-ACETATE-PWY","September - February","METH-ACETATE-PWY|METH-ACETATE-PWY",338.741232290599,-2.3566538281234,0.289514983323627,-8.14000643790197,4.42063210533481e-08,1.43809116638028e-06,TRUE,22,"***","linda"
"PWY-7316|PWY-7316","September - February","PWY-7316|PWY-7316",310.914283288422,-1.50556755535973,0.282645817563567,-5.32669320330958,2.39734578203527e-05,0.000179467968960696,TRUE,22,"***","linda"
"PWY-7072|PWY-7072","September - February","PWY-7072|PWY-7072",179.425732095284,0.3611926043748,0.166003094804589,2.17581849784174,0.0405893826694175,0.0938956105528585,FALSE,22,"","linda"
"CODH-PWY|CODH-PWY","September - February","CODH-PWY|CODH-PWY",323.033296576987,-2.3880550028292,0.298146820291758,-8.00966114779394,5.78612252954292e-08,1.73262224634646e-06,TRUE,22,"***","linda"
"PWY-6588|PWY-6588","September - February","PWY-6588|PWY-6588",162.565436394562,0.49679414275272,0.26634342543569,1.86523899337877,0.0755414206141747,0.150246589339632,FALSE,22,"","linda"
"PWY-6565|PWY-6565","September - February","PWY-6565|PWY-6565",217.224524201906,-0.721392201525963,0.403433081458471,-1.78813348404157,0.0875373740176585,0.170951610853326,FALSE,22,"","linda"
"CATECHOL-ORTHO-CLEAVAGE-PWY|CATECHOL-ORTHO-CLEAVAGE-PWY","September - February","CATECHOL-ORTHO-CLEAVAGE-PWY|CATECHOL-ORTHO-CLEAVAGE-PWY",203.949334799761,0.0847672519705418,0.139746375405845,0.606579252766769,0.550339024671604,0.686649847912025,FALSE,22,"","linda"
"PWY-6920|PWY-6920","September - February","PWY-6920|PWY-6920",87.7462701275566,1.73069339912508,0.392358107694392,4.41100455218098,0.000221064547423161,0.00117974050555528,TRUE,22,"**","linda"
"PWY-7480|PWY-7480","September - February","PWY-7480|PWY-7480",187.756116859793,0.23168417563184,0.153864641034928,1.5057661986112,0.146351235097191,0.261203032176774,FALSE,22,"","linda"
"P184-PWY|P184-PWY","September - February","P184-PWY|P184-PWY",195.082621784697,-0.0249389972903559,0.200738887756618,-0.124236004139829,0.902256565871464,0.927140164690998,FALSE,22,"","linda"
"PWY-5430|PWY-5430","September - February","PWY-5430|PWY-5430",148.842698110312,0.685176279364528,0.216776993538197,3.16074260548224,0.00453185943253205,0.0143686602007928,TRUE,22,"*","linda"
"PWY-5517|PWY-5517","September - February","PWY-5517|PWY-5517",116.118971277564,1.12881583041058,0.251234198632312,4.49308189950141,0.000180902189676394,0.00101569041912058,TRUE,22,"**","linda"
"PWY-7039|PWY-7039","September - February","PWY-7039|PWY-7039",209.230970680822,-0.36312742541219,0.208228188978943,-1.74389177177597,0.095136790467749,0.184105753773093,FALSE,22,"","linda"
"METHYLGALLATE-DEGRADATION-PWY|METHYLGALLATE-DEGRADATION-PWY","September - February","METHYLGALLATE-DEGRADATION-PWY|METHYLGALLATE-DEGRADATION-PWY",184.029081098686,0.0108574349906872,0.201979084520349,0.0537552440960456,0.95761532886614,0.966581764529681,FALSE,22,"","linda"
"PWY-7820|PWY-7820","September - February","PWY-7820|PWY-7820",208.016879956237,-0.412295085821786,0.205573191641386,-2.0055878032045,0.0573533562275722,0.120285832710745,FALSE,22,"","linda"
"PWY0-301|PWY0-301","September - February","PWY0-301|PWY0-301",242.015707860646,-1.18684510905586,0.235269798387614,-5.04461310882111,4.72924802316398e-05,0.000299889962880634,TRUE,22,"***","linda"
"PWY-7784|PWY-7784","September - February","PWY-7784|PWY-7784",266.524821162945,-2.2487497944201,0.273407458278742,-8.22490289247149,3.71425724173592e-08,1.42998903806833e-06,TRUE,22,"***","linda"
"PWY-6992|PWY-6992","September - February","PWY-6992|PWY-6992",218.662780970647,-0.871877239184978,0.250451257761911,-3.48122523710309,0.0021173081595721,0.00760819398672906,TRUE,22,"**","linda"
"FUCCAT-PWY|FUCCAT-PWY","September - February","FUCCAT-PWY|FUCCAT-PWY",246.383264675386,-1.4658611352921,0.239477971212678,-6.12106878920516,3.67784861186445e-06,3.99132022427748e-05,TRUE,22,"***","linda"
"PWY-7783|PWY-7783","September - February","PWY-7783|PWY-7783",211.725533242921,-0.691846776011252,0.155396662156147,-4.45213408326665,0.000199930947733424,0.00109801413355768,TRUE,22,"**","linda"
"PWY-5181|PWY-5181","September - February","PWY-5181|PWY-5181",205.660049797181,-1.33574401796374,0.392928047901364,-3.39946212823945,0.00257461530251485,0.00895301708422905,TRUE,22,"**","linda"
"PWY0-41|PWY0-41","September - February","PWY0-41|PWY0-41",179.906127945327,-0.365226760128974,0.181901025907346,-2.00783232698758,0.0570971223266942,0.120216206773782,FALSE,22,"","linda"
"ORNDEG-PWY|ORNDEG-PWY","September - February","ORNDEG-PWY|ORNDEG-PWY",115.612442516004,0.681019075635244,0.223717065724412,3.04410874257649,0.00595260393127443,0.0183340201083252,TRUE,22,"*","linda"
"PWY-6338|PWY-6338","September - February","PWY-6338|PWY-6338",157.542623124604,-0.094010468409387,0.166214083993892,-0.565598691461317,0.577390263142704,0.705699210507749,FALSE,22,"","linda"
"PWY-7097|PWY-7097","September - February","PWY-7097|PWY-7097",157.542623124604,-0.094010468409387,0.166214083993892,-0.565598691461317,0.577390263142704,0.705699210507749,FALSE,22,"","linda"
"PWY-6210|PWY-6210","September - February","PWY-6210|PWY-6210",179.114434432647,-0.46005413812479,0.16434801320823,-2.79926802365355,0.0104529240985744,0.0306202504844107,TRUE,22,"*","linda"
"FUC-RHAMCAT-PWY|FUC-RHAMCAT-PWY","September - February","FUC-RHAMCAT-PWY|FUC-RHAMCAT-PWY",210.830305362402,-1.12997115657296,0.132922292960042,-8.50099055177024,2.12250238154788e-08,8.80022141272546e-07,TRUE,22,"***","linda"
"PWY-6421|PWY-6421","September - February","PWY-6421|PWY-6421",28.0873239088793,2.89240719543847,0.563606299910372,5.13196391860496,3.82959009489698e-05,0.000264634495019163,TRUE,22,"***","linda"
"P163-PWY|P163-PWY","September - February","P163-PWY|P163-PWY",55.8903147824473,1.57479987975335,0.478454502471305,3.29143078729371,0.00332904287363295,0.0111450565769451,TRUE,22,"*","linda"
"PWY-5005|PWY-5005","September - February","PWY-5005|PWY-5005",54.1168453146268,1.44035595590509,0.59817309956587,2.40792499186347,0.0248683811139743,0.0632592165167788,FALSE,22,"","linda"
"PWY-5742|PWY-5742","September - February","PWY-5742|PWY-5742",142.815463237065,-0.44648602606038,0.315782157985944,-1.4139051709193,0.171385413142409,0.293259484710343,FALSE,22,"","linda"
"PWY-7098|PWY-7098","September - February","PWY-7098|PWY-7098",143.67053993658,-0.224924316698441,0.111100654262537,-2.0245093801782,0.0552249480299368,0.117653150150735,FALSE,22,"","linda"
"PWY-7013|PWY-7013","September - February","PWY-7013|PWY-7013",132.417622874751,-0.90202164279665,0.454959513853989,-1.98264156552211,0.0600320725756934,0.124931610495362,FALSE,22,"","linda"
"PWY-5328|PWY-5328","September - February","PWY-5328|PWY-5328",184.975253934523,-2.04679877006813,0.476900343646535,-4.29187941954003,0.000295760647961388,0.00147606471528878,TRUE,22,"**","linda"
"PWY66-373|PWY66-373","September - February","PWY66-373|PWY66-373",119.303769682733,-0.468112193253927,0.427263866456175,-1.09560444962631,0.285101343269314,0.431656247253259,FALSE,22,"","linda"
"ASPASN-PWY|ASPASN-PWY","September - February","ASPASN-PWY|ASPASN-PWY",151.104978661513,-1.80971668682942,0.319862216817076,-5.65780073944889,1.08904745081716e-05,9.17182149985076e-05,TRUE,22,"***","linda"
"GOLPDLCAT-PWY|GOLPDLCAT-PWY","September - February","GOLPDLCAT-PWY|GOLPDLCAT-PWY",54.0863360484129,1.37137225224115,0.342945780010597,3.99880194530684,0.000604907812971665,0.00273987656463637,TRUE,22,"**","linda"
"PWY-6749|PWY-6749","September - February","PWY-6749|PWY-6749",154.703528615426,-1.17879097109089,0.305889971223251,-3.85364373463086,0.000861255846390086,0.00361920765052638,TRUE,22,"**","linda"
"PWY-5182|PWY-5182","September - February","PWY-5182|PWY-5182",139.951784364628,-1.34484157518028,0.367212488978524,-3.66229803055238,0.00136936423985315,0.00527205232343461,TRUE,22,"**","linda"
"HCAMHPDEG-PWY|HCAMHPDEG-PWY","September - February","HCAMHPDEG-PWY|HCAMHPDEG-PWY",41.5000484905662,1.68923129101229,0.441033622737389,3.83016442267517,0.000911810377038375,0.00375164727651667,TRUE,22,"**","linda"
"PWY-6690|PWY-6690","September - February","PWY-6690|PWY-6690",41.5000484905662,1.68923129101229,0.441033622737389,3.83016442267517,0.000911810377038375,0.00375164727651667,TRUE,22,"**","linda"
"PWY-6339|PWY-6339","September - February","PWY-6339|PWY-6339",94.7860668127045,0.137521586837898,0.27921491773017,0.492529510800699,0.627224641419573,0.746300401159272,FALSE,22,"","linda"
"DARABCATK12-PWY|DARABCATK12-PWY","September - February","DARABCATK12-PWY|DARABCATK12-PWY",161.787938882603,-1.95193167629446,0.212690152727081,-9.17734860437632,5.62064816233739e-09,3.55630574007811e-07,TRUE,22,"***","linda"
"PWY-5519|PWY-5519","September - February","PWY-5519|PWY-5519",149.584047363953,-1.63194956738472,0.277279982193293,-5.88556575370477,6.36799927074899e-06,5.81754509649781e-05,TRUE,22,"***","linda"
"PWY66-388|PWY66-388","September - February","PWY66-388|PWY66-388",119.965891364956,-1.02025047118181,0.292660884496783,-3.48611832064979,0.00209261869689083,0.00760819398672906,TRUE,22,"**","linda"
"PWY-6957|PWY-6957","September - February","PWY-6957|PWY-6957",111.24083156051,-0.609749158996976,0.22096891316967,-2.75943412243144,0.0114400574672149,0.0329742832878547,TRUE,22,"*","linda"
"PWY-7373|PWY-7373","September - February","PWY-7373|PWY-7373",73.6779670636142,-1.26387237438039,0.573768898497896,-2.20275511218743,0.0383864133558157,0.0899577252121072,FALSE,22,"","linda"
"PWY-7913|PWY-7913","September - February","PWY-7913|PWY-7913",118.374412911686,-1.46524848063901,0.29261489146917,-5.00742963996892,5.17448983827751e-05,0.000320580462394434,TRUE,22,"***","linda"
"TOLUENE-DEG-3-OH-PWY|TOLUENE-DEG-3-OH-PWY","September - February","TOLUENE-DEG-3-OH-PWY|TOLUENE-DEG-3-OH-PWY",100.474725398753,-1.46051269709026,0.396360854358237,-3.68480560335615,0.00129686617305121,0.00506529613967103,TRUE,22,"**","linda"
"PWY6666-2|PWY6666-2","September - February","PWY6666-2|PWY6666-2",78.3294348114217,-0.361960431216421,0.250220572623918,-1.44656543393196,0.162117031797739,0.282786667116445,FALSE,22,"","linda"
"PWY-6397|PWY-6397","September - February","PWY-6397|PWY-6397",10.0593286892067,3.33076663838331,0.66878968005632,4.98029012364966,5.52600926692139e-05,0.000338468067598935,TRUE,22,"***","linda"
"PWY-3481|PWY-3481","September - February","PWY-3481|PWY-3481",64.6402430471523,-0.65257409513576,0.551055000011994,-1.18422679246456,0.248960374500319,0.393026842982514,FALSE,22,"","linda"
"PWY-6857|PWY-6857","September - February","PWY-6857|PWY-6857",80.4784475786268,-0.812458588471428,0.339744874094235,-2.39137850317082,0.0257690545913455,0.0652090160785691,FALSE,22,"","linda"
"CARNMET-PWY|CARNMET-PWY","September - February","CARNMET-PWY|CARNMET-PWY",50.9973099598559,0.421265748715243,0.384109544716595,1.09673335252854,0.284618205799222,0.431656247253259,FALSE,22,"","linda"
"PWY-2941|PWY-2941","September - February","PWY-2941|PWY-2941",88.1275066707519,-3.03797805482692,0.769941608187701,-3.94572526347519,0.000688410414494519,0.00304141978207005,TRUE,22,"**","linda"
"PWY-7579|PWY-7579","September - February","PWY-7579|PWY-7579",51.4057977673769,-0.361260255651857,0.665049519350974,-0.543208054648943,0.592448461606911,0.715985921089966,FALSE,22,"","linda"
"PWY-8085|PWY-8085","September - February","PWY-8085|PWY-8085",63.5334655083711,-1.92751230007559,1.26969901864909,-1.51808599657452,0.143233085277668,0.256487152706522,FALSE,22,"","linda"
"3-HYDROXYPHENYLACETATE-DEGRADATION-PWY|3-HYDROXYPHENYLACETATE-DEGRADATION-PWY","September - February","3-HYDROXYPHENYLACETATE-DEGRADATION-PWY|3-HYDROXYPHENYLACETATE-DEGRADATION-PWY",60.5792198867819,-0.0418883401687498,0.325980479313458,-0.128499535484364,0.898921135885572,0.926421591285512,FALSE,22,"","linda"
"HEXITOLDEGSUPER-PWY|HEXITOLDEGSUPER-PWY","September - February","HEXITOLDEGSUPER-PWY|HEXITOLDEGSUPER-PWY",74.3271720021926,-3.12290425791508,0.805663728115611,-3.87618822708989,0.000815328261276589,0.00348779311768318,TRUE,22,"**","linda"
"PWY-6342|PWY-6342","September - February","PWY-6342|PWY-6342",46.1412595478114,-0.0498380484833019,0.458075018349078,-0.108798878976025,0.914348268841864,0.930859788988198,FALSE,22,"","linda"
"PWY-5178|PWY-5178","September - February","PWY-5178|PWY-5178",74.1384302490936,-0.732630841587085,0.292094417747661,-2.50819870929544,0.0200055039779355,0.0534550344637898,FALSE,22,"","linda"
"PWY-1501|PWY-1501","September - February","PWY-1501|PWY-1501",85.7321256159257,-1.21950429147703,0.222561214174894,-5.47941066909669,1.66393359415102e-05,0.000129979740180782,TRUE,22,"***","linda"
"P241-PWY|P241-PWY","September - February","P241-PWY|P241-PWY",86.7587169623087,-1.85336495621459,0.33783254649569,-5.48604619489565,1.63781680588777e-05,0.000129821067407869,TRUE,22,"***","linda"
"PWY-6350|PWY-6350","September - February","PWY-6350|PWY-6350",34.3726558402958,1.11883641751006,0.314375627148034,3.55891589834735,0.00175696135388304,0.00657640395654831,TRUE,22,"**","linda"
"PWY-6349|PWY-6349","September - February","PWY-6349|PWY-6349",35.9531594348087,0.874465400696624,0.380861999141261,2.29601641189802,0.031573399971004,0.0763141819926958,FALSE,22,"","linda"
"DHGLUCONATE-PYR-CAT-PWY|DHGLUCONATE-PYR-CAT-PWY","September - February","DHGLUCONATE-PYR-CAT-PWY|DHGLUCONATE-PYR-CAT-PWY",84.8433028208861,-1.58878455340877,0.280491176087465,-5.66429424116122,1.07243494408708e-05,9.17182149985076e-05,TRUE,22,"***","linda"
"METHGLYUT-PWY|METHGLYUT-PWY","September - February","METHGLYUT-PWY|METHGLYUT-PWY",82.5784599546609,-1.9469870282675,0.375304344755316,-5.18775509922983,3.34767257961283e-05,0.000237420463212015,TRUE,22,"***","linda"
"PWY-7084|PWY-7084","September - February","PWY-7084|PWY-7084",54.7640592765923,-1.91642006810066,0.644183155989707,-2.97496146908144,0.00698813391490083,0.0211606976411885,TRUE,22,"*","linda"
"PWY-4321|PWY-4321","September - February","PWY-4321|PWY-4321",69.4433772888808,-1.47193304229662,0.336438941120148,-4.37503767368882,0.000241371696703718,0.00126310043226509,TRUE,22,"**","linda"
"PWY-6138|PWY-6138","September - February","PWY-6138|PWY-6138",49.7292391591821,-0.23562941208371,0.244791725191982,-0.962570985187156,0.346224443643433,0.495996987073931,FALSE,22,"","linda"
"GLYCOL-GLYOXDEG-PWY|GLYCOL-GLYOXDEG-PWY","September - February","GLYCOL-GLYOXDEG-PWY|GLYCOL-GLYOXDEG-PWY",68.4608681973168,-1.9442130137504,0.387848358808568,-5.01281743133535,5.10743979530997e-05,0.000320105819729311,TRUE,22,"***","linda"
"PWY-8154|PWY-8154","September - February","PWY-8154|PWY-8154",43.2095808376098,-0.17783119437618,0.401632218917295,-0.442771236967916,0.662254150198397,0.759478695653055,FALSE,22,"","linda"
"PWY-5129|PWY-5129","September - February","PWY-5129|PWY-5129",38.9490530005851,-0.220221041490065,0.330916297397683,-0.6654886544479,0.512655416100113,0.66264093352029,FALSE,22,"","linda"
"PWY-5656|PWY-5656","September - February","PWY-5656|PWY-5656",48.5041453798291,-1.60051543802705,0.453743806618297,-3.52735489648997,0.00189544933314728,0.00704584269356128,TRUE,22,"**","linda"
"PWY-5392|PWY-5392","September - February","PWY-5392|PWY-5392",40.1035490196162,-1.05885740829225,0.738677476154054,-1.43345024381307,0.165789168132764,0.285496363014569,FALSE,22,"","linda"
"14DICHLORBENZDEG-PWY|14DICHLORBENZDEG-PWY","September - February","14DICHLORBENZDEG-PWY|14DICHLORBENZDEG-PWY",52.0215170824531,-1.80307262124986,0.481274802231016,-3.74645132654247,0.00111711373465822,0.00442738458074105,TRUE,22,"**","linda"
"PWY-6084|PWY-6084","September - February","PWY-6084|PWY-6084",52.0215170824531,-1.80307262124986,0.481274802231016,-3.74645132654247,0.00111711373465822,0.00442738458074105,TRUE,22,"**","linda"
"PWY3DJ-12|PWY3DJ-12","September - February","PWY3DJ-12|PWY3DJ-12",35.3754944026411,-0.329589954648142,0.344317937132007,-0.957225631035834,0.348855134165174,0.496129069432793,FALSE,22,"","linda"
"ARGDEG-IV-PWY|ARGDEG-IV-PWY","September - February","ARGDEG-IV-PWY|ARGDEG-IV-PWY",53.6176479482589,-1.90474083279961,0.292719275907158,-6.50705638327604,1.51671980295705e-06,2.09618454818936e-05,TRUE,22,"***","linda"
"PWY0-1338|PWY0-1338","September - February","PWY0-1338|PWY0-1338",41.8195121202254,-1.57172557870702,0.4180243392229,-3.75989010981713,0.00108131976602046,0.00434948771555992,TRUE,22,"**","linda"
"PWY-1882|PWY-1882","September - February","PWY-1882|PWY-1882",20.5356580954685,0.584180247223043,0.422629206862525,1.38225242774825,0.180767926384849,0.305421964141598,FALSE,22,"","linda"
"PWY-7340|PWY-7340","September - February","PWY-7340|PWY-7340",22.129310992456,-0.288660819835619,0.610455057183096,-0.472861706097784,0.640969532248718,0.755071280949681,FALSE,22,"","linda"
"PWY-6676|PWY-6676","September - February","PWY-6676|PWY-6676",12.7428260193377,1.23489831278701,0.507729201767685,2.43219871633864,0.0235997065125152,0.0608624010059603,FALSE,22,"","linda"
"PWY-6087|PWY-6087","September - February","PWY-6087|PWY-6087",39.351465441779,-1.37525314218836,0.420449399968187,-3.27091236732033,0.00349487446064738,0.0114862032578594,TRUE,22,"*","linda"
"PWY-6089|PWY-6089","September - February","PWY-6089|PWY-6089",39.351465441779,-1.37525314218836,0.420449399968187,-3.27091236732033,0.00349487446064738,0.0114862032578594,TRUE,22,"*","linda"
"PWY-6193|PWY-6193","September - February","PWY-6193|PWY-6193",39.351465441779,-1.37525314218836,0.420449399968187,-3.27091236732033,0.00349487446064738,0.0114862032578594,TRUE,22,"*","linda"
"PWY-6107|PWY-6107","September - February","PWY-6107|PWY-6107",38.8911717487171,-1.3629067008778,0.419445579370764,-3.24930519692775,0.00367817776825893,0.0120153807096458,TRUE,22,"*","linda"
"PWY-6944|PWY-6944","September - February","PWY-6944|PWY-6944",24.5446963516247,-0.0544589992467513,0.458344618502024,-0.118816709193043,0.906498825217358,0.927140164690998,FALSE,22,"","linda"
"PWY-6093|PWY-6093","September - February","PWY-6093|PWY-6093",38.3144030638491,-1.62123232326664,0.44548110184454,-3.63928417289496,0.00144761731027703,0.0055337995052434,TRUE,22,"**","linda"
"PWY-7337|PWY-7337","September - February","PWY-7337|PWY-7337",18.9271727335937,-0.272042105408055,0.6134399840457,-0.443469797344981,0.661756605537765,0.759478695653055,FALSE,22,"","linda"
"PWY-7338|PWY-7338","September - February","PWY-7338|PWY-7338",18.9271727335937,-0.272042105408055,0.6134399840457,-0.443469797344981,0.661756605537765,0.759478695653055,FALSE,22,"","linda"
"NAD-BIOSYNTHESIS-II|NAD-BIOSYNTHESIS-II","September - February","NAD-BIOSYNTHESIS-II|NAD-BIOSYNTHESIS-II",27.1743152579848,-2.03643923081567,0.577987249839993,-3.52332898585467,0.00191386732583853,0.00706557868922581,TRUE,22,"**","linda"
"PWY-5507|PWY-5507","September - February","PWY-5507|PWY-5507",21.5035170316954,-3.20869909625486,1.22731168607626,-2.61441256744905,0.0158314480399238,0.044213214992326,TRUE,22,"*","linda"
"PWY-3801|PWY-3801","September - February","PWY-3801|PWY-3801",10.0227954395476,-2.99549489371062,1.53903653999389,-1.94634423281627,0.0644960327618253,0.132684586483297,FALSE,22,"","linda"
"PCPDEG-PWY|PCPDEG-PWY","September - February","PCPDEG-PWY|PCPDEG-PWY",22.2891909391808,-1.46676478792729,0.765566715360727,-1.91592026990902,0.0684606959599846,0.138203427424838,FALSE,22,"","linda"
"METHANOGENESIS-PWY|METHANOGENESIS-PWY","September - February","METHANOGENESIS-PWY|METHANOGENESIS-PWY",27.4203976034419,-2.18619587055339,0.73879333744155,-2.95914399840721,0.00724823393264567,0.021825687651933,TRUE,22,"*","linda"
"PWY-822|PWY-822","September - February","PWY-822|PWY-822",7.16188726701636,0.221453290903943,1.05247633244652,0.210411658748817,0.835282985075448,0.886896634129348,FALSE,22,"","linda"
"GALACTITOLCAT-PWY|GALACTITOLCAT-PWY","September - February","GALACTITOLCAT-PWY|GALACTITOLCAT-PWY",22.5373191033861,-2.98618768620435,0.718679066637713,-4.15510597821501,0.000413102136261202,0.00195317588986656,TRUE,22,"**","linda"
"PWY-722|PWY-722","September - February","PWY-722|PWY-722",26.918470466673,-2.44657930502346,0.840855430766774,-2.90963132960017,0.0081237287114194,0.0240587350299728,TRUE,22,"*","linda"
"PWY-6471|PWY-6471","September - February","PWY-6471|PWY-6471",0.604620819259105,-1.58507826228942,1.30001865512792,-1.21927347429753,0.235652212526741,0.377045026148561,FALSE,22,"","linda"
"PWY-6505|PWY-6505","September - February","PWY-6505|PWY-6505",18.0876945754552,-1.41892700609165,0.718588291595058,-1.97460357020575,0.0609963217221845,0.126450066954836,FALSE,22,"","linda"
"AEROBACTINSYN-PWY|AEROBACTINSYN-PWY","September - February","AEROBACTINSYN-PWY|AEROBACTINSYN-PWY",11.019698788119,0.973912789766307,0.468342228340071,2.07948959293744,0.049434474270834,0.10920156406549,FALSE,22,"","linda"
"PWY-5644|PWY-5644","September - February","PWY-5644|PWY-5644",19.0945199834299,-0.514901897398091,0.366358956845321,-1.40545737391508,0.173850584156221,0.296536281203175,FALSE,22,"","linda"
"PWY-6075|PWY-6075","September - February","PWY-6075|PWY-6075",24.9916809825455,-1.71547740859972,0.327963196985414,-5.23070095781513,3.01890777955846e-05,0.000219890715294866,TRUE,22,"***","linda"
"PWY-7948|PWY-7948","September - February","PWY-7948|PWY-7948",21.6884801245703,-2.02888836647489,0.433053683316202,-4.68507357087518,0.000113242016524464,0.00065547031536673,TRUE,22,"***","linda"
"PWY-6344|PWY-6344","September - February","PWY-6344|PWY-6344",9.76076057910064,-2.58433297721312,1.00026831568421,-2.58363974614689,0.0169480765009516,0.0468462217128866,TRUE,22,"*","linda"
"PWY-8055|PWY-8055","September - February","PWY-8055|PWY-8055",8.98373356409924,-0.579914646893207,0.91601422220664,-0.633084763134155,0.533204587582657,0.677823756384556,FALSE,22,"","linda"
"PWY-7446|PWY-7446","September - February","PWY-7446|PWY-7446",15.3608369854461,-1.24140177367885,0.703805092666654,-1.76384312448676,0.0916423853260325,0.178322186609139,FALSE,22,"","linda"
"LACTOSECAT-PWY|LACTOSECAT-PWY","September - February","LACTOSECAT-PWY|LACTOSECAT-PWY",18.6273287482267,-3.91017034420324,0.829494691243813,-4.71391846804952,0.000105556864917006,0.000618425545546371,TRUE,22,"***","linda"
"PWY-7199|PWY-7199","September - February","PWY-7199|PWY-7199",3.65923651679792,-1.00882962097516,1.13980792910219,-0.885087386407111,0.385681283160254,0.538554952392168,FALSE,22,"","linda"
"PWY-6961|PWY-6961","September - February","PWY-6961|PWY-6961",8.24538288965149,-0.762785275749804,0.930051104213741,-0.820154153136195,0.420925916748832,0.572926942241465,FALSE,22,"","linda"
"PWY-5183|PWY-5183","September - February","PWY-5183|PWY-5183",5.25151019199909,-2.471697999123,1.38117735563402,-1.78955873338105,0.0873015120103499,0.170951610853326,FALSE,22,"","linda"
"PWY-7209|PWY-7209","September - February","PWY-7209|PWY-7209",16.4275555899524,-2.99358434319288,0.753036570936964,-3.97535054568216,0.000640484648294349,0.00287684354525545,TRUE,22,"**","linda"
"PWY-6165|PWY-6165","September - February","PWY-6165|PWY-6165",3.67308350806787,-4.01800669950197,1.21961184295986,-3.29449629625663,0.00330493350427773,0.0111334947425356,TRUE,22,"*","linda"
"PWY-6928|PWY-6928","September - February","PWY-6928|PWY-6928",4.96424420801361,-1.51054530799611,1.21014964987849,-1.2482301739688,0.225068419441307,0.364299934170764,FALSE,22,"","linda"
"PWY-6947|PWY-6947","September - February","PWY-6947|PWY-6947",4.96424420801361,-1.51054530799611,1.21014964987849,-1.2482301739688,0.225068419441307,0.364299934170764,FALSE,22,"","linda"
"PWY-4041|PWY-4041","September - February","PWY-4041|PWY-4041",10.8041950695642,-0.872561403550209,0.366731647467806,-2.37929125990363,0.0264459503522613,0.0661174056207204,FALSE,22,"","linda"
"ECASYN-PWY|ECASYN-PWY","September - February","ECASYN-PWY|ECASYN-PWY",7.806270751014,-1.98983708080012,1.02056046026801,-1.94974933702367,0.0640651474116958,0.132303120516874,FALSE,22,"","linda"
"PWY-5823|PWY-5823","September - February","PWY-5823|PWY-5823",3.08277971147081,-2.29973554617017,1.35553128126176,-1.69655660327478,0.103886182323667,0.199269225168884,FALSE,22,"","linda"
"PWY-5265|PWY-5265","September - February","PWY-5265|PWY-5265",0.817898544726478,-2.2107061859312,1.3406687391047,-1.64895780847961,0.113364201203767,0.212903499821708,FALSE,22,"","linda"
"PWY4LZ-257|PWY4LZ-257","September - February","PWY4LZ-257|PWY4LZ-257",4.79597291440887,-2.65525732508509,1.26640016247576,-2.09669692389661,0.0477374106011303,0.106324232702517,FALSE,22,"","linda"
"PWY-5677|PWY-5677","September - February","PWY-5677|PWY-5677",6.54035861836948,-3.52490282269217,0.945930468711059,-3.72638681096218,0.00117274198304005,0.00461392648801889,TRUE,22,"**","linda"
"PWY-5179|PWY-5179","September - February","PWY-5179|PWY-5179",3.65821644077612,-2.30554937035109,1.2550534228314,-1.83701293379988,0.0797556677302763,0.156891623746784,FALSE,22,"","linda"
"PWY4FS-5|PWY4FS-5","September - February","PWY4FS-5|PWY4FS-5",8.25738628635766,-4.31490333310056,0.854273777823012,-5.05096076353466,4.65720435045043e-05,0.000298837279153902,TRUE,22,"***","linda"
"PWY-6662|PWY-6662","September - February","PWY-6662|PWY-6662",3.96803759923572,0.627812932232168,0.535675549736551,1.17200221765009,0.253732280275751,0.39412593391536,FALSE,22,"","linda"
"PWY-7654|PWY-7654","September - February","PWY-7654|PWY-7654",4.67598843557545,-1.5998673138722,1.04981949367445,-1.52394513867574,0.141769363213389,0.254712289240055,FALSE,22,"","linda"
"PWY-762|PWY-762","September - February","PWY-762|PWY-762",0.553323404150402,2.64870488475411,1.07203171051389,2.47073370943891,0.0217083468618844,0.0565255988336024,FALSE,22,"","linda"
"PWY-6808|PWY-6808","September - February","PWY-6808|PWY-6808",3.23076710203271,-2.93566438077799,0.955313228441598,-3.07298621371227,0.00556533239547237,0.0173393882147954,TRUE,22,"*","linda"
"PWY-6160|PWY-6160","September - February","PWY-6160|PWY-6160",1.92693631193105,-3.39960286014654,0.984138581203382,-3.45439445732285,0.00225784418588142,0.00790245465058497,TRUE,22,"**","linda"
"PWY-6629|PWY-6629","September - February","PWY-6629|PWY-6629",1.02094530764676,-0.815358084477108,1.26373678613625,-0.645196130572401,0.525472229418894,0.669573360890742,FALSE,22,"","linda"
"PWY-5645|PWY-5645","September - February","PWY-5645|PWY-5645",2.22085942131444,-2.42869305293738,1.03353825512948,-2.3498821072986,0.0281619946629097,0.0696298858867353,FALSE,22,"","linda"
"PWY-5488|PWY-5488","September - February","PWY-5488|PWY-5488",3.25409189188577,-2.19829260110818,0.788324564023803,-2.78856286031169,0.0107099537318334,0.0312035949268011,TRUE,22,"*","linda"
"PWY-6143|PWY-6143","September - February","PWY-6143|PWY-6143",1.72138730003041,-1.87841479681076,0.922070732879453,-2.03716995869159,0.0538403840984172,0.115617398522099,FALSE,22,"","linda"
"PWY-6873|PWY-6873","September - February","PWY-6873|PWY-6873",2.05330551726432,-2.20633755024522,0.959517451010497,-2.29942409897981,0.0313468282115092,0.0761078396666824,FALSE,22,"","linda"
"PWY-7644|PWY-7644","September - February","PWY-7644|PWY-7644",3.15307391430497,-4.18071936984003,0.688694876695451,-6.07049581942627,4.1358300923784e-06,4.28694696113838e-05,TRUE,22,"***","linda"
"P341-PWY|P341-PWY","September - February","P341-PWY|P341-PWY",3.20806080017556,-2.6263977048664,0.75849996714505,-3.46262072330999,0.00221381295419883,0.00780773441365448,TRUE,22,"**","linda"
"PWY-4722|PWY-4722","September - February","PWY-4722|PWY-4722",0.254114856905239,0.812002251971238,0.987210389508677,0.822521987815952,0.419606099477655,0.572576424350522,FALSE,22,"","linda"
"PWY-3941|PWY-3941","September - February","PWY-3941|PWY-3941",0.862557094846557,-2.00663476054572,0.963331587042295,-2.08301563816325,0.0490823749519471,0.108869959255553,FALSE,22,"","linda"
"TRPSYN-PWY|TRPSYN-PWY","September - February","TRPSYN-PWY|TRPSYN-PWY",0.705028754480077,-0.712376758704335,1.04382244936212,-0.682469283104293,0.502065666278315,0.652080467768704,FALSE,22,"","linda"
"SPHINGOLIPID-SYN-PWY|SPHINGOLIPID-SYN-PWY","September - February","SPHINGOLIPID-SYN-PWY|SPHINGOLIPID-SYN-PWY",1.80248728922935,-2.27766454013671,0.759377718929291,-2.99938289386233,0.00660405740928567,0.0201106606983332,TRUE,22,"*","linda"
"PWY-7574|PWY-7574","September - February","PWY-7574|PWY-7574",0.792622094215867,-1.97104590832538,0.911392459370742,-2.16267524276672,0.0417053375499165,0.0953486443049534,FALSE,22,"","linda"
"TRIGLSYN-PWY|TRIGLSYN-PWY","September - February","TRIGLSYN-PWY|TRIGLSYN-PWY",0.538809403286751,-1.08209032153313,0.982643886590182,-1.10120292437582,0.282711175397038,0.430455716211875,FALSE,22,"","linda"
"PWY-5499|PWY-5499","September - February","PWY-5499|PWY-5499",0.728405192003644,-2.03339532984965,0.819608629312382,-2.4809345059673,0.0212318061414445,0.0555531238361096,FALSE,22,"","linda"
"PWY66-374|PWY66-374","September - February","PWY66-374|PWY66-374",1.98455117011388,-3.25786533395953,0.566770750588796,-5.74811831869421,8.79746996017384e-06,7.64812307828016e-05,TRUE,22,"***","linda"
"PWY-4702|PWY-4702","September - February","PWY-4702|PWY-4702",0.442292032415185,-0.10267646348734,0.95456369007692,-0.107563764005172,0.915316675628469,0.930859788988198,FALSE,22,"","linda"
"PWY66-301|PWY66-301","September - February","PWY66-301|PWY66-301",0.912030404593476,-1.9695878309593,0.767563005694117,-2.56602756561746,0.017619964761573,0.0484549030943259,TRUE,22,"*","linda"
"PWY-7024|PWY-7024","September - February","PWY-7024|PWY-7024",0.319165442480188,-1.52748517025012,0.707247604691825,-2.15976011812116,0.0419565834152009,0.0954202466700139,FALSE,22,"","linda"
"PWY-7290|PWY-7290","September - February","PWY-7290|PWY-7290",0.422696678577396,-1.932803493656,0.82018527937096,-2.356544968886,0.027764456908076,0.0689633284490919,FALSE,22,"","linda"
"PWY-5744|PWY-5744","September - February","PWY-5744|PWY-5744",0.309626614841967,-1.48371020529822,0.686211325529982,-2.16217679612371,0.0417482004748961,0.0953486443049534,FALSE,22,"","linda"
"PWY-5733|PWY-5733","September - February","PWY-5733|PWY-5733",0.548465440157033,-0.277548415729974,0.691672424442529,-0.401271477540356,0.692091265626899,0.781304482379309,FALSE,22,"","linda"
"ARGDEG-PWY|ARGDEG-PWY","September - February","ARGDEG-PWY|ARGDEG-PWY",0.209142434552792,0.0190163922944263,0.822882402318585,0.0231094895708609,0.981771264879378,0.985427768659189,FALSE,22,"","linda"
"ORNARGDEG-PWY|ORNARGDEG-PWY","September - February","ORNARGDEG-PWY|ORNARGDEG-PWY",0.209142434552792,0.0190163922944263,0.822882402318585,0.0231094895708609,0.981771264879378,0.985427768659189,FALSE,22,"","linda"
"PWY-5743|PWY-5743","September - February","PWY-5743|PWY-5743",0.295694932894837,-1.41729023877703,0.652941539151962,-2.17062348432878,0.0410272033403323,0.0945028316258081,FALSE,22,"","linda"
"PWY-8190|PWY-8190","September - February","PWY-8190|PWY-8190",0.354296805694311,-1.67813917581995,0.659458099857276,-2.54472448845976,0.0184659835145654,0.0502685106785391,FALSE,22,"","linda"
"PWY-5067|PWY-5067","September - February","PWY-5067|PWY-5067",0.437277369572272,-1.55428915260677,0.687198132771474,-2.26177732226703,0.0339345974544889,0.0816551251248639,FALSE,22,"","linda"
"PWY-6328|PWY-6328","September - February","PWY-6328|PWY-6328",0.308125809411132,-0.116899671359257,0.73053063552705,-0.160020217735179,0.874325295995733,0.909770916103668,FALSE,22,"","linda"
"PWY-6148|PWY-6148","September - February","PWY-6148|PWY-6148",0.407852010437013,-0.741223997597327,0.727552009898122,-1.0187917667922,0.319375460084322,0.467780904851766,FALSE,22,"","linda"
"PWY-5494|PWY-5494","September - February","PWY-5494|PWY-5494",0.33241710073358,-1.58617531895308,0.621034384511999,-2.55408614806324,0.0180896232928923,0.049493943933345,TRUE,22,"*","linda"
"PWY-7409|PWY-7409","September - February","PWY-7409|PWY-7409",0.29840510521592,-1.43045293542505,0.705063283942388,-2.02882913917545,0.0547490122166464,0.117102053907827,FALSE,22,"","linda"
"PWY-7420|PWY-7420","September - February","PWY-7420|PWY-7420",0.33870247962243,-0.808795518516352,0.670555456220738,-1.20615753851999,0.240568343378981,0.383628216216778,FALSE,22,"","linda"
"PWY-5995|PWY-5995","September - February","PWY-5995|PWY-5995",0.275851232047613,-1.31707114156744,0.646264981686981,-2.03797386349083,0.0537535234505292,0.115617398522099,FALSE,22,"","linda"
"PWY-6942|PWY-6942","September - February","PWY-6942|PWY-6942",0.234220204376222,0.00500061433014204,0.634144084627112,0.00788561219976134,0.993779328008901,0.993779328008901,FALSE,22,"","linda"
"PWY-6760|PWY-6760","September - February","PWY-6760|PWY-6760",0.119510023042683,1.16328740509278,0.549584480899296,2.11666712857187,0.0458336141824831,0.102507543752524,FALSE,22,"","linda"
"PWY-7128|PWY-7128","September - February","PWY-7128|PWY-7128",0.190729506054223,-0.459134548552081,0.566127991850163,-0.811008385315101,0.426048137444658,0.578438151341739,FALSE,22,"","linda"
"PWY-6060|PWY-6060","September - February","PWY-6060|PWY-6060",0.17963541717033,-0.196388554982199,0.546177147517185,-0.359569337301906,0.722597687273357,0.808050110872074,FALSE,22,"","linda"
"PWY-6030|PWY-6030","September - February","PWY-6030|PWY-6030",0.272368516646424,-1.29874066790562,0.5606309962641,-2.31656950215041,0.030229315384813,0.0740618226927919,FALSE,22,"","linda"
"PWY-8181|PWY-8181","September - February","PWY-8181|PWY-8181",0.151335822078872,0.165805713143184,0.536526018201951,0.309035736419355,0.760202029768963,0.827775543526204,FALSE,22,"","linda"
"PWY-6993|PWY-6993","September - February","PWY-6993|PWY-6993",0.177726894340473,-0.225188305047281,0.505294960473389,-0.445657136252283,0.660199722687838,0.759478695653055,FALSE,22,"","linda"
"PWY-5466|PWY-5466","September - February","PWY-5466|PWY-5466",0.169231203583791,-0.0396459275632244,0.5450242414666,-0.0727415856889991,0.9426690519231,0.953280711044186,FALSE,22,"","linda"
"PWY-5818|PWY-5818","September - February","PWY-5818|PWY-5818",0.119510023042683,0.153848080344055,0.276406256931851,0.556601294239106,0.583418029661178,0.709847218933126,FALSE,22,"","linda"
"PWY-5109|PWY-5109","September - February","PWY-5109|PWY-5109",0.140549455288826,0.042729435866956,0.353336827135308,0.120931169879422,0.90484326492917,0.927140164690998,FALSE,22,"","linda"
"PWY-7787|PWY-7787","September - February","PWY-7787|PWY-7787",0.140549455288825,-0.344258579947604,0.225398406394273,-1.52733369083993,0.140928461357111,0.254048296560143,FALSE,22,"","linda"
"PWY-7136|PWY-7136","September - February","PWY-7136|PWY-7136",0.119510023042683,0.0217678719506264,0.156835513632996,0.138794278453823,0.890875378932374,0.921654182811036,FALSE,22,"","linda"
