"","Comparison","Taxa","baseMean","log2FoldChange","lfcSE","stat","P.unadj","P.adj","reject","df","Significance","Method"
"PWY0-1586|PWY0-1586","EsteroZacatecas - ColaDeBallena","PWY0-1586|PWY0-1586",15913.2665110099,0.0644056969492267,0.100874995355315,0.638470383293386,0.529758618711939,0.806609874253489,FALSE,22,"","linda"
"PWY66-389|PWY66-389","EsteroZacatecas - ColaDeBallena","PWY66-389|PWY66-389",11382.1336020889,0.0280422585090159,0.117845566496967,0.237957687697463,0.814116171957992,0.964211708919968,FALSE,22,"","linda"
"PWY-7094|PWY-7094","EsteroZacatecas - ColaDeBallena","PWY-7094|PWY-7094",7972.70022194605,-0.182493046570964,0.124661267280825,-1.46391136999964,0.157361437973481,0.385535523035027,FALSE,22,"","linda"
"PWY-7663|PWY-7663","EsteroZacatecas - ColaDeBallena","PWY-7663|PWY-7663",7270.77884559997,0.0763819440600447,0.0619249923317261,1.2334590798312,0.230421119323294,0.503516427113606,FALSE,22,"","linda"
"PWY-5973|PWY-5973","EsteroZacatecas - ColaDeBallena","PWY-5973|PWY-5973",7287.09290027196,0.0531407168602948,0.0564504027773399,0.941370021218456,0.35673806794752,0.657385313012163,FALSE,22,"","linda"
"VALSYN-PWY|VALSYN-PWY","EsteroZacatecas - ColaDeBallena","VALSYN-PWY|VALSYN-PWY",7142.88395461787,-0.0490189154626754,0.118006823080906,-0.415390518809813,0.681879522502421,0.894241028293929,FALSE,22,"","linda"
"PWY-1042|PWY-1042","EsteroZacatecas - ColaDeBallena","PWY-1042|PWY-1042",6746.0045455356,-0.0117394592761815,0.0814249389764675,-0.144175229650148,0.886674668419978,0.984611207914144,FALSE,22,"","linda"
"PWY-5136|PWY-5136","EsteroZacatecas - ColaDeBallena","PWY-5136|PWY-5136",6874.00538125504,-0.168208046177893,0.120159493390028,-1.39987313055577,0.175495626777077,0.413066125907619,FALSE,22,"","linda"
"ILEUSYN-PWY|ILEUSYN-PWY","EsteroZacatecas - ColaDeBallena","ILEUSYN-PWY|ILEUSYN-PWY",6540.15993206867,-0.0165758453620262,0.105496412401583,-0.157122360701031,0.876581499813765,0.976193033883511,FALSE,22,"","linda"
"PWY-5667|PWY-5667","EsteroZacatecas - ColaDeBallena","PWY-5667|PWY-5667",6512.55057743438,-0.0151132882996415,0.0805912579185206,-0.187530120387516,0.852963827461864,0.967109362429749,FALSE,22,"","linda"
"PWY0-1319|PWY0-1319","EsteroZacatecas - ColaDeBallena","PWY0-1319|PWY0-1319",6512.55057743438,-0.0151132882996415,0.0805912579185206,-0.187530120387516,0.852963827461864,0.967109362429749,FALSE,22,"","linda"
"PWY-5695|PWY-5695","EsteroZacatecas - ColaDeBallena","PWY-5695|PWY-5695",6546.17253977502,-0.0498259030945104,0.132693220993846,-0.375496975062662,0.710887010179337,0.905768005777329,FALSE,22,"","linda"
"SER-GLYSYN-PWY|SER-GLYSYN-PWY","EsteroZacatecas - ColaDeBallena","SER-GLYSYN-PWY|SER-GLYSYN-PWY",6365.56260867573,0.0149246333837674,0.0801962778671093,0.18610132266361,0.854070605782116,0.967109362429749,FALSE,22,"","linda"
"PHOSLIPSYN-PWY|PHOSLIPSYN-PWY","EsteroZacatecas - ColaDeBallena","PHOSLIPSYN-PWY|PHOSLIPSYN-PWY",6400.29454917516,-0.0484556670583131,0.10101311892627,-0.479696771799326,0.636177549826456,0.8689532446921,FALSE,22,"","linda"
"NONOXIPENT-PWY|NONOXIPENT-PWY","EsteroZacatecas - ColaDeBallena","NONOXIPENT-PWY|NONOXIPENT-PWY",6142.50590018539,0.0653094074266507,0.0827558629322689,0.789181637560868,0.438428731612875,0.728518677046738,FALSE,22,"","linda"
"PWY-5659|PWY-5659","EsteroZacatecas - ColaDeBallena","PWY-5659|PWY-5659",6183.67813346302,-0.00504970342397629,0.104967276257858,-0.048107406460385,0.962064707293609,0.991496897191693,FALSE,22,"","linda"
"PWY-6122|PWY-6122","EsteroZacatecas - ColaDeBallena","PWY-6122|PWY-6122",6143.8579232607,-0.0250144930693068,0.109214625521669,-0.229039773288825,0.820953814950762,0.965351652685897,FALSE,22,"","linda"
"PWY-6277|PWY-6277","EsteroZacatecas - ColaDeBallena","PWY-6277|PWY-6277",6143.8579232607,-0.0250144930693068,0.109214625521669,-0.229039773288825,0.820953814950762,0.965351652685897,FALSE,22,"","linda"
"SALVADEHYPOX-PWY|SALVADEHYPOX-PWY","EsteroZacatecas - ColaDeBallena","SALVADEHYPOX-PWY|SALVADEHYPOX-PWY",6158.81725107205,-0.0521667071240609,0.122104636601111,-0.42722953506244,0.673364502125135,0.889567320209431,FALSE,22,"","linda"
"PWY-7111|PWY-7111","EsteroZacatecas - ColaDeBallena","PWY-7111|PWY-7111",6030.29257211631,0.00725012768235098,0.105035142110198,0.0690257330707894,0.945592694613676,0.984611207914144,FALSE,22,"","linda"
"PWY-8178|PWY-8178","EsteroZacatecas - ColaDeBallena","PWY-8178|PWY-8178",5946.74924944947,0.0499525765771041,0.0816587084778747,0.611723813763705,0.546990768051386,0.823541966423734,FALSE,22,"","linda"
"PWY-6969|PWY-6969","EsteroZacatecas - ColaDeBallena","PWY-6969|PWY-6969",6141.19673639783,-0.101897250506615,0.0752090675029595,-1.3548532629075,0.189214878916817,0.432147541254933,FALSE,22,"","linda"
"PWY-6121|PWY-6121","EsteroZacatecas - ColaDeBallena","PWY-6121|PWY-6121",5921.26055060983,0.000686121059370104,0.103810032719143,0.00660939064749546,0.994786075860521,0.998050305420266,FALSE,22,"","linda"
"PWY4FS-7|PWY4FS-7","EsteroZacatecas - ColaDeBallena","PWY4FS-7|PWY4FS-7",6005.84771799141,-0.0470504384921196,0.100189297716882,-0.469615413665004,0.643251103213632,0.8689532446921,FALSE,22,"","linda"
"PWY4FS-8|PWY4FS-8","EsteroZacatecas - ColaDeBallena","PWY4FS-8|PWY4FS-8",6005.84771799141,-0.0470504384921196,0.100189297716882,-0.469615413665004,0.643251103213632,0.8689532446921,FALSE,22,"","linda"
"PWY-3001|PWY-3001","EsteroZacatecas - ColaDeBallena","PWY-3001|PWY-3001",5862.96319694318,0.00878031160888343,0.0953752766184522,0.0920606672944077,0.927483000507642,0.984611207914144,FALSE,22,"","linda"
"PWY-5103|PWY-5103","EsteroZacatecas - ColaDeBallena","PWY-5103|PWY-5103",5862.59166172454,-0.00109986470880463,0.10247351009639,-0.0107331612606035,0.991533078579701,0.998050305420266,FALSE,22,"","linda"
"PWY-7977|PWY-7977","EsteroZacatecas - ColaDeBallena","PWY-7977|PWY-7977",5811.57984253357,0.005151082235032,0.0865361721374208,0.0595251916950058,0.95307121099068,0.984611207914144,FALSE,22,"","linda"
"THRESYN-PWY|THRESYN-PWY","EsteroZacatecas - ColaDeBallena","THRESYN-PWY|THRESYN-PWY",5811.31138404881,0.00284483315232925,0.0884166425584105,0.0321753130407533,0.974622371247441,0.996814911010191,FALSE,22,"","linda"
"PWY-5686|PWY-5686","EsteroZacatecas - ColaDeBallena","PWY-5686|PWY-5686",5714.01999574397,0.0445104413063474,0.0834061659799079,0.533658882211055,0.598928629414518,0.845857069878385,FALSE,22,"","linda"
"PWY-7790|PWY-7790","EsteroZacatecas - ColaDeBallena","PWY-7790|PWY-7790",5714.01999574397,0.0445104413063474,0.0834061659799079,0.533658882211055,0.598928629414518,0.845857069878385,FALSE,22,"","linda"
"PWY-7791|PWY-7791","EsteroZacatecas - ColaDeBallena","PWY-7791|PWY-7791",5714.01999574397,0.0445104413063474,0.0834061659799079,0.533658882211055,0.598928629414518,0.845857069878385,FALSE,22,"","linda"
"BRANCHED-CHAIN-AA-SYN-PWY|BRANCHED-CHAIN-AA-SYN-PWY","EsteroZacatecas - ColaDeBallena","BRANCHED-CHAIN-AA-SYN-PWY|BRANCHED-CHAIN-AA-SYN-PWY",5705.39520476535,0.0386035203413267,0.0821114588746893,0.470135604340434,0.64288525801258,0.8689532446921,FALSE,22,"","linda"
"PWY-6147|PWY-6147","EsteroZacatecas - ColaDeBallena","PWY-6147|PWY-6147",5743.81232655977,0.0110985234463514,0.10854154877812,0.102251382731225,0.919483425807509,0.984611207914144,FALSE,22,"","linda"
"DTDPRHAMSYN-PWY|DTDPRHAMSYN-PWY","EsteroZacatecas - ColaDeBallena","DTDPRHAMSYN-PWY|DTDPRHAMSYN-PWY",5135.5642777998,0.255476721523501,0.0911443603658278,2.80298989973806,0.0103649437390827,0.0594330284613359,FALSE,22,"","linda"
"COMPLETE-ARO-PWY|COMPLETE-ARO-PWY","EsteroZacatecas - ColaDeBallena","COMPLETE-ARO-PWY|COMPLETE-ARO-PWY",5548.99973232081,0.0255418542788225,0.0878374718232054,0.29078539885838,0.773939098915458,0.941655021028064,FALSE,22,"","linda"
"CALVIN-PWY|CALVIN-PWY","EsteroZacatecas - ColaDeBallena","CALVIN-PWY|CALVIN-PWY",5591.16206567142,-0.00133735396696835,0.10024841185345,-0.0133404005334607,0.989476456652907,0.998050305420266,FALSE,22,"","linda"
"PWY-6385|PWY-6385","EsteroZacatecas - ColaDeBallena","PWY-6385|PWY-6385",5528.52712915174,0.00441595654258342,0.09728118451441,0.0453937373874112,0.964203000173106,0.991804231094092,FALSE,22,"","linda"
"SULFATE-CYS-PWY|SULFATE-CYS-PWY","EsteroZacatecas - ColaDeBallena","SULFATE-CYS-PWY|SULFATE-CYS-PWY",5290.1544918632,0.119408920581446,0.0873554165788199,1.36693207196493,0.18545345151168,0.4275740903233,FALSE,22,"","linda"
"PWY-2942|PWY-2942","EsteroZacatecas - ColaDeBallena","PWY-2942|PWY-2942",5448.37388940289,0.0185438129114598,0.0895772193866184,0.207014830762094,0.837902377431134,0.966314106608706,FALSE,22,"","linda"
"P42-PWY|P42-PWY","EsteroZacatecas - ColaDeBallena","P42-PWY|P42-PWY",5764.22597862887,-0.171018463659102,0.0887865747788545,-1.92617480835438,0.0671010733002504,0.207859071889856,FALSE,22,"","linda"
"PWY-7228|PWY-7228","EsteroZacatecas - ColaDeBallena","PWY-7228|PWY-7228",5466.46926429582,-0.0219359060802134,0.0930094040959661,-0.235846109255578,0.815733839086281,0.964211708919968,FALSE,22,"","linda"
"PWY-7953|PWY-7953","EsteroZacatecas - ColaDeBallena","PWY-7953|PWY-7953",5403.22475999034,0.008829540708816,0.0967391004647092,0.0912716850415314,0.928102679282984,0.984611207914144,FALSE,22,"","linda"
"GLYCOLYSIS|GLYCOLYSIS","EsteroZacatecas - ColaDeBallena","GLYCOLYSIS|GLYCOLYSIS",5386.10831860641,-0.0013454472237949,0.0840279548463805,-0.0160119001617335,0.987369223073258,0.998050305420266,FALSE,22,"","linda"
"PWY-7220|PWY-7220","EsteroZacatecas - ColaDeBallena","PWY-7220|PWY-7220",5295.50788608685,0.024691075198909,0.0844188339452799,0.292483016466606,0.772658020601101,0.941655021028064,FALSE,22,"","linda"
"PWY-7222|PWY-7222","EsteroZacatecas - ColaDeBallena","PWY-7222|PWY-7222",5295.50788608685,0.024691075198909,0.0844188339452799,0.292483016466606,0.772658020601101,0.941655021028064,FALSE,22,"","linda"
"POLYISOPRENSYN-PWY|POLYISOPRENSYN-PWY","EsteroZacatecas - ColaDeBallena","POLYISOPRENSYN-PWY|POLYISOPRENSYN-PWY",5450.19482363812,-0.0615053829987855,0.0754937303363211,-0.814708489364373,0.423971170736353,0.718617801971365,FALSE,22,"","linda"
"PWY-5097|PWY-5097","EsteroZacatecas - ColaDeBallena","PWY-5097|PWY-5097",5277.89392835358,0.0293461169752816,0.0904539645286576,0.324431517492902,0.748675948313659,0.922661072782656,FALSE,22,"","linda"
"PWY-6125|PWY-6125","EsteroZacatecas - ColaDeBallena","PWY-6125|PWY-6125",5315.02145729219,-0.0168544517368031,0.0922287117036513,-0.182746255753411,0.856670718550335,0.968019952408031,FALSE,22,"","linda"
"PWY-5130|PWY-5130","EsteroZacatecas - ColaDeBallena","PWY-5130|PWY-5130",5416.26050563669,-0.0960583108819223,0.137152583126421,-0.700375513841981,0.491033997309922,0.767212344466966,FALSE,22,"","linda"
"PWY-6387|PWY-6387","EsteroZacatecas - ColaDeBallena","PWY-6387|PWY-6387",5255.6530539266,0.0117851695522614,0.0965817582810586,0.122022727293552,0.903988780293306,0.984611207914144,FALSE,22,"","linda"
"PWY-841|PWY-841","EsteroZacatecas - ColaDeBallena","PWY-841|PWY-841",5269.86984818062,-0.00125753459758265,0.0894880941347439,-0.0140525352533395,0.988914728544753,0.998050305420266,FALSE,22,"","linda"
"PWY-7221|PWY-7221","EsteroZacatecas - ColaDeBallena","PWY-7221|PWY-7221",5348.41011071157,-0.0488180001411326,0.0974479441950863,-0.500964905359124,0.621371291244768,0.860974616917558,FALSE,22,"","linda"
"ARO-PWY|ARO-PWY","EsteroZacatecas - ColaDeBallena","ARO-PWY|ARO-PWY",5133.82909364459,0.0256199677074949,0.0866498688400122,0.295672319536904,0.770253060709111,0.941655021028064,FALSE,22,"","linda"
"PWY-5484|PWY-5484","EsteroZacatecas - ColaDeBallena","PWY-5484|PWY-5484",5129.14251805632,0.0181303904899528,0.0863677217481203,0.209920907058631,0.835661297939085,0.966314106608706,FALSE,22,"","linda"
"PEPTIDOGLYCANSYN-PWY|PEPTIDOGLYCANSYN-PWY","EsteroZacatecas - ColaDeBallena","PEPTIDOGLYCANSYN-PWY|PEPTIDOGLYCANSYN-PWY",5155.47593161104,0.00042130758780301,0.096531459715789,0.00436445889291882,0.996557011610879,0.998050305420266,FALSE,22,"","linda"
"DAPLYSINESYN-PWY|DAPLYSINESYN-PWY","EsteroZacatecas - ColaDeBallena","DAPLYSINESYN-PWY|DAPLYSINESYN-PWY",5140.8196989951,-0.0169276364377275,0.10091784759245,-0.167736796231413,0.868322726779414,0.975396444977011,FALSE,22,"","linda"
"FAO-PWY|FAO-PWY","EsteroZacatecas - ColaDeBallena","FAO-PWY|FAO-PWY",5468.78690627975,-0.219340344951139,0.13211361320763,-1.66024030094782,0.111054028260578,0.30854701666212,FALSE,22,"","linda"
"GLUCOSE1PMETAB-PWY|GLUCOSE1PMETAB-PWY","EsteroZacatecas - ColaDeBallena","GLUCOSE1PMETAB-PWY|GLUCOSE1PMETAB-PWY",5512.21981727615,-0.247293230205278,0.0966772090832027,-2.55792686353256,0.017937303820188,0.0878927887189214,FALSE,22,"","linda"
"COLANSYN-PWY|COLANSYN-PWY","EsteroZacatecas - ColaDeBallena","COLANSYN-PWY|COLANSYN-PWY",4953.94180809345,0.0741545187993397,0.0855881439831036,0.866411109627274,0.395615961401435,0.692327932452511,FALSE,22,"","linda"
"PWY-6386|PWY-6386","EsteroZacatecas - ColaDeBallena","PWY-6386|PWY-6386",5004.2156761643,0.0482115867603757,0.0952372923367167,0.506225928703653,0.617733546547041,0.858140158734163,FALSE,22,"","linda"
"PWY0-162|PWY0-162","EsteroZacatecas - ColaDeBallena","PWY0-162|PWY0-162",4985.2782626358,0.0532534811848221,0.0953698268330011,0.55838919869355,0.582217736501902,0.843104162554378,FALSE,22,"","linda"
"PWY-6163|PWY-6163","EsteroZacatecas - ColaDeBallena","PWY-6163|PWY-6163",5118.96798605912,-0.024476021078141,0.0885035164576947,-0.276554221321146,0.784703986758002,0.948330602830859,FALSE,22,"","linda"
"PWY-724|PWY-724","EsteroZacatecas - ColaDeBallena","PWY-724|PWY-724",5004.27713689052,0.0403769314916396,0.0907108773605261,0.445116756297741,0.660584203141029,0.879147865414851,FALSE,22,"","linda"
"PWY-6628|PWY-6628","EsteroZacatecas - ColaDeBallena","PWY-6628|PWY-6628",5038.11307102574,0.0205547248596051,0.0843878680237103,0.243574406380665,0.809817382298914,0.961435174139018,FALSE,22,"","linda"
"PWY-5189|PWY-5189","EsteroZacatecas - ColaDeBallena","PWY-5189|PWY-5189",4881.45891524746,0.100602855948909,0.104256915127196,0.964951397479685,0.345057293856664,0.652776020186299,FALSE,22,"","linda"
"PWY-6630|PWY-6630","EsteroZacatecas - ColaDeBallena","PWY-6630|PWY-6630",5059.51136674281,-0.00353192639301358,0.0875935226192634,-0.040321775941876,0.968200284903536,0.99401895916763,FALSE,22,"","linda"
"PWY-7208|PWY-7208","EsteroZacatecas - ColaDeBallena","PWY-7208|PWY-7208",4950.27495125032,0.0528133200885506,0.0946250919384898,0.558132298808031,0.582390127974425,0.843104162554378,FALSE,22,"","linda"
"GLUCONEO-PWY|GLUCONEO-PWY","EsteroZacatecas - ColaDeBallena","GLUCONEO-PWY|GLUCONEO-PWY",5063.03807166707,-0.01409404315987,0.0864135335850439,-0.163099951768543,0.871928684670216,0.975396444977011,FALSE,22,"","linda"
"HISTSYN-PWY|HISTSYN-PWY","EsteroZacatecas - ColaDeBallena","HISTSYN-PWY|HISTSYN-PWY",5049.93970890369,-0.0201740772802858,0.114308720822657,-0.176487647968563,0.861525446332675,0.971469070237054,FALSE,22,"","linda"
"PWY-5384|PWY-5384","EsteroZacatecas - ColaDeBallena","PWY-5384|PWY-5384",5147.55628012631,-0.0823760114433955,0.111215598521862,-0.740687570253039,0.466715415775795,0.744259198530039,FALSE,22,"","linda"
"PWY-5188|PWY-5188","EsteroZacatecas - ColaDeBallena","PWY-5188|PWY-5188",4904.52093449596,0.0584749604415836,0.0851589961245344,0.686656291204646,0.499473629884678,0.77139337108264,FALSE,22,"","linda"
"PENTOSE-P-PWY|PENTOSE-P-PWY","EsteroZacatecas - ColaDeBallena","PENTOSE-P-PWY|PENTOSE-P-PWY",4948.75877840079,0.0193295260125655,0.118811336315026,0.162690923375474,0.872246913690018,0.975396444977011,FALSE,22,"","linda"
"SO4ASSIM-PWY|SO4ASSIM-PWY","EsteroZacatecas - ColaDeBallena","SO4ASSIM-PWY|SO4ASSIM-PWY",4714.13935360873,0.131016984710246,0.101410243759405,1.29195020003188,0.209781993595728,0.467636939215821,FALSE,22,"","linda"
"PWY-5345|PWY-5345","EsteroZacatecas - ColaDeBallena","PWY-5345|PWY-5345",4872.25913371944,0.0364483612761891,0.0908914763362797,0.401009673793148,0.692281191943793,0.896970102061789,FALSE,22,"","linda"
"PWY1ZNC-1|PWY1ZNC-1","EsteroZacatecas - ColaDeBallena","PWY1ZNC-1|PWY1ZNC-1",4692.69219370275,0.137595557887787,0.10297841528659,1.33615920875125,0.195154547192216,0.443832493403395,FALSE,22,"","linda"
"GLUTORN-PWY|GLUTORN-PWY","EsteroZacatecas - ColaDeBallena","GLUTORN-PWY|GLUTORN-PWY",4863.7121247621,0.029978684632588,0.0912672248966457,0.328471525967147,0.745661182308156,0.921815085468111,FALSE,22,"","linda"
"PWY-7345|PWY-7345","EsteroZacatecas - ColaDeBallena","PWY-7345|PWY-7345",4988.26690528752,-0.0817083446008779,0.121415539395224,-0.672964473969894,0.507977925663086,0.780057270462687,FALSE,22,"","linda"
"COA-PWY|COA-PWY","EsteroZacatecas - ColaDeBallena","COA-PWY|COA-PWY",4837.68474367066,0.00741486724127577,0.0822077418103282,0.0901967026217985,0.92894706196171,0.984611207914144,FALSE,22,"","linda"
"PWY-6353|PWY-6353","EsteroZacatecas - ColaDeBallena","PWY-6353|PWY-6353",4677.27135942812,0.0740157265458024,0.142661231633115,0.518821586625231,0.609065016712519,0.857143718036678,FALSE,22,"","linda"
"COA-PWY-1|COA-PWY-1","EsteroZacatecas - ColaDeBallena","COA-PWY-1|COA-PWY-1",4793.26149349635,0.0023391005494614,0.0854847903322983,0.027362768749491,0.978417091070419,0.998050305420266,FALSE,22,"","linda"
"PWY-6823|PWY-6823","EsteroZacatecas - ColaDeBallena","PWY-6823|PWY-6823",4749.31861222575,0.0210359463653971,0.104800011338513,0.200724657342347,0.842757966205479,0.966314106608706,FALSE,22,"","linda"
"ANAGLYCOLYSIS-PWY|ANAGLYCOLYSIS-PWY","EsteroZacatecas - ColaDeBallena","ANAGLYCOLYSIS-PWY|ANAGLYCOLYSIS-PWY",4905.53955771268,-0.110089663310971,0.125183545079297,-0.879425991980296,0.38867546966104,0.689131836010856,FALSE,22,"","linda"
"PWY-7851|PWY-7851","EsteroZacatecas - ColaDeBallena","PWY-7851|PWY-7851",4745.85625909365,-0.000204797870151596,0.0828638259335837,-0.00247149908713778,0.998050305420266,0.998050305420266,FALSE,22,"","linda"
"PWY-6124|PWY-6124","EsteroZacatecas - ColaDeBallena","PWY-6124|PWY-6124",4734.33639523129,-0.0164277530203534,0.0813481114861706,-0.201943877002556,0.841816304906113,0.966314106608706,FALSE,22,"","linda"
"RIBOSYN2-PWY|RIBOSYN2-PWY","EsteroZacatecas - ColaDeBallena","RIBOSYN2-PWY|RIBOSYN2-PWY",4624.9917736913,0.00803533057310216,0.0918553173921778,0.0874781210411062,0.931082846818256,0.984611207914144,FALSE,22,"","linda"
"PWY-6123|PWY-6123","EsteroZacatecas - ColaDeBallena","PWY-6123|PWY-6123",4637.86372436383,-0.00707161071756884,0.0892569442709093,-0.0792275690741256,0.937567866803267,0.984611207914144,FALSE,22,"","linda"
"PWY-5154|PWY-5154","EsteroZacatecas - ColaDeBallena","PWY-5154|PWY-5154",4586.86874360987,0.0134101008112773,0.0951351863749519,0.140958370107404,0.889185551161209,0.984611207914144,FALSE,22,"","linda"
"PWY-7323|PWY-7323","EsteroZacatecas - ColaDeBallena","PWY-7323|PWY-7323",4395.7369406584,0.128907504681815,0.0845830993326746,1.52403382825697,0.141747301635871,0.352082007289099,FALSE,22,"","linda"
"FOLSYN-PWY|FOLSYN-PWY","EsteroZacatecas - ColaDeBallena","FOLSYN-PWY|FOLSYN-PWY",4523.17848752892,0.0475102214441624,0.0839312394919742,0.56606123931609,0.577081230535504,0.843104162554378,FALSE,22,"","linda"
"PPGPPMET-PWY|PPGPPMET-PWY","EsteroZacatecas - ColaDeBallena","PPGPPMET-PWY|PPGPPMET-PWY",4531.17790438813,0.0161631087543381,0.121389320354719,0.133150994725952,0.895284402536682,0.984611207914144,FALSE,22,"","linda"
"ARGSYNBSUB-PWY|ARGSYNBSUB-PWY","EsteroZacatecas - ColaDeBallena","ARGSYNBSUB-PWY|ARGSYNBSUB-PWY",4713.95520361033,-0.0958335816378349,0.0858874041101577,-1.11580484508439,0.276545582512849,0.577744453389248,FALSE,22,"","linda"
"ARGSYN-PWY|ARGSYN-PWY","EsteroZacatecas - ColaDeBallena","ARGSYN-PWY|ARGSYN-PWY",4553.56871720177,-0.000360450186385669,0.0918842392585621,-0.0039228728375425,0.996905363396608,0.998050305420266,FALSE,22,"","linda"
"PANTO-PWY|PANTO-PWY","EsteroZacatecas - ColaDeBallena","PANTO-PWY|PANTO-PWY",4495.4141020835,0.00521945181218775,0.0886024440486135,0.0589086663266759,0.953556680020748,0.984611207914144,FALSE,22,"","linda"
"TRNA-CHARGING-PWY|TRNA-CHARGING-PWY","EsteroZacatecas - ColaDeBallena","TRNA-CHARGING-PWY|TRNA-CHARGING-PWY",4455.64772410192,0.026988627369592,0.0590254430763535,0.45723718388154,0.651983716046325,0.87366017202974,FALSE,22,"","linda"
"GLYCOGENSYNTH-PWY|GLYCOGENSYNTH-PWY","EsteroZacatecas - ColaDeBallena","GLYCOGENSYNTH-PWY|GLYCOGENSYNTH-PWY",4207.31529774337,0.145264651913906,0.102842470948882,1.41249671048948,0.171794465287586,0.410533426909549,FALSE,22,"","linda"
"P23-PWY|P23-PWY","EsteroZacatecas - ColaDeBallena","P23-PWY|P23-PWY",4557.36443991074,-0.111464358397893,0.0574594977118397,-1.93987700618074,0.0653214451935445,0.207091302027431,FALSE,22,"","linda"
"PWY-6612|PWY-6612","EsteroZacatecas - ColaDeBallena","PWY-6612|PWY-6612",4339.14451879406,0.0518653787750716,0.0858286814888491,0.604289590325466,0.551832679116264,0.828517587865366,FALSE,22,"","linda"
"PWY-7234|PWY-7234","EsteroZacatecas - ColaDeBallena","PWY-7234|PWY-7234",4299.52523382505,0.0566711668730452,0.110325720490245,0.51367139612794,0.612602468420977,0.857643455789368,FALSE,22,"","linda"
"PWY-3841|PWY-3841","EsteroZacatecas - ColaDeBallena","PWY-3841|PWY-3841",4369.4242720494,-0.00769752656663682,0.0750085211569008,-0.102622028109784,0.919192633048278,0.984611207914144,FALSE,22,"","linda"
"PWY-5989|PWY-5989","EsteroZacatecas - ColaDeBallena","PWY-5989|PWY-5989",4518.88506833719,-0.151882911584707,0.075943045599537,-1.99995813159268,0.0580005387064876,0.19661817838237,FALSE,22,"","linda"
"OANTIGEN-PWY|OANTIGEN-PWY","EsteroZacatecas - ColaDeBallena","OANTIGEN-PWY|OANTIGEN-PWY",4364.87996531999,-0.0412160061759246,0.0982045835908148,-0.419695340776127,0.678778258142018,0.892877569010996,FALSE,22,"","linda"
"PWY-7400|PWY-7400","EsteroZacatecas - ColaDeBallena","PWY-7400|PWY-7400",4407.08820042459,-0.0694098656673695,0.0900961334849256,-0.770397829325082,0.449258479982871,0.732949798451978,FALSE,22,"","linda"
"PWY-6609|PWY-6609","EsteroZacatecas - ColaDeBallena","PWY-6609|PWY-6609",4591.55084163715,-0.210368237027788,0.115842228937901,-1.81598920321673,0.0830259507500492,0.247243024609263,FALSE,22,"","linda"
"PWY-821|PWY-821","EsteroZacatecas - ColaDeBallena","PWY-821|PWY-821",4214.59091551186,0.0522526571830593,0.0980616757504441,0.532855030093881,0.599475697019561,0.845857069878385,FALSE,22,"","linda"
"PWY-6700|PWY-6700","EsteroZacatecas - ColaDeBallena","PWY-6700|PWY-6700",4119.78139420084,0.109197913232357,0.0565498022731786,1.93100433322203,0.0664690078863553,0.207091302027431,FALSE,22,"","linda"
"PWY-7117|PWY-7117","EsteroZacatecas - ColaDeBallena","PWY-7117|PWY-7117",4065.3212348337,0.131120594648162,0.114724583897915,1.1429162799565,0.265359045548256,0.562225867534493,FALSE,22,"","linda"
"PWY-5121|PWY-5121","EsteroZacatecas - ColaDeBallena","PWY-5121|PWY-5121",4293.44079480298,-0.0524717465823924,0.105277801736179,-0.498412255167373,0.62313990640851,0.861211306549197,FALSE,22,"","linda"
"PWY-6606|PWY-6606","EsteroZacatecas - ColaDeBallena","PWY-6606|PWY-6606",3740.66783097127,0.2753671689232,0.179942096187475,1.5303098872223,0.140193274935852,0.351054735029887,FALSE,22,"","linda"
"PWY-6608|PWY-6608","EsteroZacatecas - ColaDeBallena","PWY-6608|PWY-6608",3740.66783097127,0.2753671689232,0.179942096187475,1.5303098872223,0.140193274935852,0.351054735029887,FALSE,22,"","linda"
"HSERMETANA-PWY|HSERMETANA-PWY","EsteroZacatecas - ColaDeBallena","HSERMETANA-PWY|HSERMETANA-PWY",4059.0729184517,0.0808982928029099,0.0944684556748545,0.856352442992707,0.401034506195104,0.699539154819292,FALSE,22,"","linda"
"1CMET2-PWY|1CMET2-PWY","EsteroZacatecas - ColaDeBallena","1CMET2-PWY|1CMET2-PWY",4163.32318164162,0.00166025233769959,0.0666063160661589,0.0249263498682391,0.980338426820433,0.998050305420266,FALSE,22,"","linda"
"NONMEVIPP-PWY|NONMEVIPP-PWY","EsteroZacatecas - ColaDeBallena","NONMEVIPP-PWY|NONMEVIPP-PWY",4150.74832540878,-0.0423551320600709,0.115593647948558,-0.36641400986774,0.717556472109313,0.905768005777329,FALSE,22,"","linda"
"PWY-7560|PWY-7560","EsteroZacatecas - ColaDeBallena","PWY-7560|PWY-7560",4150.74832540878,-0.0423551320600709,0.115593647948558,-0.36641400986774,0.717556472109313,0.905768005777329,FALSE,22,"","linda"
"PWY-622|PWY-622","EsteroZacatecas - ColaDeBallena","PWY-622|PWY-622",4024.44849322679,0.0294539151342299,0.112512940805372,0.261782466295856,0.795924536892064,0.949122401293855,FALSE,22,"","linda"
"ARGININE-SYN4-PWY|ARGININE-SYN4-PWY","EsteroZacatecas - ColaDeBallena","ARGININE-SYN4-PWY|ARGININE-SYN4-PWY",3975.32504392119,0.0729101135758221,0.103949964619674,0.701396232721974,0.4904093724881,0.767212344466966,FALSE,22,"","linda"
"UDPNAGSYN-PWY|UDPNAGSYN-PWY","EsteroZacatecas - ColaDeBallena","UDPNAGSYN-PWY|UDPNAGSYN-PWY",4262.55800852403,-0.145323609980773,0.0921371773196803,-1.57725268136397,0.129009317550526,0.339896033428671,FALSE,22,"","linda"
"PWY-5918|PWY-5918","EsteroZacatecas - ColaDeBallena","PWY-5918|PWY-5918",3861.43155862387,0.133513583406986,0.0847111788665296,1.57610347528452,0.129274001582333,0.339896033428671,FALSE,22,"","linda"
"PWY0-1296|PWY0-1296","EsteroZacatecas - ColaDeBallena","PWY0-1296|PWY0-1296",4056.16480453834,-0.0611220934454561,0.118478303756981,-0.515892712059988,0.611075547596474,0.857643455789368,FALSE,22,"","linda"
"PANTOSYN-PWY|PANTOSYN-PWY","EsteroZacatecas - ColaDeBallena","PANTOSYN-PWY|PANTOSYN-PWY",3956.04612597152,0.00934174883924066,0.0849165576532641,0.1100109224562,0.913398083706635,0.984611207914144,FALSE,22,"","linda"
"FERMENTATION-PWY|FERMENTATION-PWY","EsteroZacatecas - ColaDeBallena","FERMENTATION-PWY|FERMENTATION-PWY",3779.99253926841,0.0967436834463022,0.121988319541559,0.793056940286348,0.436214555181187,0.728518677046738,FALSE,22,"","linda"
"PWY-7392|PWY-7392","EsteroZacatecas - ColaDeBallena","PWY-7392|PWY-7392",3880.5448966906,-0.0187094084279026,0.116920960054293,-0.160017574429896,0.874327353516721,0.975698640880978,FALSE,22,"","linda"
"PWY-7357|PWY-7357","EsteroZacatecas - ColaDeBallena","PWY-7357|PWY-7357",3891.60624555346,-0.0402540721696471,0.119744045824705,-0.336167630652596,0.739929682023958,0.921815085468111,FALSE,22,"","linda"
"PWY-5855|PWY-5855","EsteroZacatecas - ColaDeBallena","PWY-5855|PWY-5855",3981.41669848536,-0.105673957984586,0.115597711882324,-0.914152678836411,0.37054743682538,0.663538433384983,FALSE,22,"","linda"
"PWY-6270|PWY-6270","EsteroZacatecas - ColaDeBallena","PWY-6270|PWY-6270",3835.3002955359,-0.0201427255894672,0.121139392033928,-0.166277255080046,0.869457463429541,0.975396444977011,FALSE,22,"","linda"
"PYRIDNUCSYN-PWY|PYRIDNUCSYN-PWY","EsteroZacatecas - ColaDeBallena","PYRIDNUCSYN-PWY|PYRIDNUCSYN-PWY",3782.93205923406,-0.0308146126301067,0.0886021459718974,-0.347786301246929,0.731306216390669,0.918913435616622,FALSE,22,"","linda"
"PWY-702|PWY-702","EsteroZacatecas - ColaDeBallena","PWY-702|PWY-702",3519.01590758455,0.151553790846398,0.0697728794229238,2.17210171200997,0.0409021892970005,0.153099166882523,FALSE,22,"","linda"
"P4-PWY|P4-PWY","EsteroZacatecas - ColaDeBallena","P4-PWY|P4-PWY",3832.16917558186,-0.142011079079322,0.153205652505688,-0.92693106786024,0.364020327862114,0.663053852570021,FALSE,22,"","linda"
"PWY-6897|PWY-6897","EsteroZacatecas - ColaDeBallena","PWY-6897|PWY-6897",3638.89006702034,0.00734193734998703,0.0905063695251184,0.0811206701639868,0.936079461188408,0.984611207914144,FALSE,22,"","linda"
"PWY-6901|PWY-6901","EsteroZacatecas - ColaDeBallena","PWY-6901|PWY-6901",3407.52682341182,0.117742145315277,0.139108891594956,0.846402727858023,0.406441019485282,0.703834495747688,FALSE,22,"","linda"
"PWY0-781|PWY0-781","EsteroZacatecas - ColaDeBallena","PWY0-781|PWY0-781",3679.84552637064,-0.121594863308579,0.151305259147094,-0.803639371123037,0.430203428798294,0.722366505053832,FALSE,22,"","linda"
"GLYCOLYSIS-E-D|GLYCOLYSIS-E-D","EsteroZacatecas - ColaDeBallena","GLYCOLYSIS-E-D|GLYCOLYSIS-E-D",3549.28250892224,-0.0131303128666105,0.126053964212063,-0.104164220051986,0.917982818736901,0.984611207914144,FALSE,22,"","linda"
"PWY-5505|PWY-5505","EsteroZacatecas - ColaDeBallena","PWY-5505|PWY-5505",3385.05171549536,0.103369444748847,0.0981403935147264,1.05328133551183,0.303643549960354,0.607374105633495,FALSE,22,"","linda"
"PWY-6859|PWY-6859","EsteroZacatecas - ColaDeBallena","PWY-6859|PWY-6859",3450.01330661323,0.0285369000021503,0.137240145059262,0.207934055955914,0.837193345284673,0.966314106608706,FALSE,22,"","linda"
"PWY66-409|PWY66-409","EsteroZacatecas - ColaDeBallena","PWY66-409|PWY66-409",3589.50063067165,-0.0869127124149346,0.116367757047312,-0.746879673719224,0.463044213902158,0.740595938555677,FALSE,22,"","linda"
"PWY-6703|PWY-6703","EsteroZacatecas - ColaDeBallena","PWY-6703|PWY-6703",3065.57211196998,0.275304624121686,0.0895140431664874,3.07554674532628,0.00553219001562848,0.0397580055789833,TRUE,22,"*","linda"
"PWY-241|PWY-241","EsteroZacatecas - ColaDeBallena","PWY-241|PWY-241",3390.62996906062,0.0270852575233096,0.108630611061042,0.249333564993847,0.805415939115311,0.958320510338085,FALSE,22,"","linda"
"PWY-6292|PWY-6292","EsteroZacatecas - ColaDeBallena","PWY-6292|PWY-6292",3258.96004420493,0.129487959729816,0.123095885479884,1.05192760281965,0.304250479630879,0.607374105633495,FALSE,22,"","linda"
"PWY0-1479|PWY0-1479","EsteroZacatecas - ColaDeBallena","PWY0-1479|PWY0-1479",3407.33674807945,-0.0680177359136117,0.141799028528318,-0.479677023316336,0.636191371956731,0.8689532446921,FALSE,22,"","linda"
"PWY-7238|PWY-7238","EsteroZacatecas - ColaDeBallena","PWY-7238|PWY-7238",3270.18352766074,0.0428567727305238,0.150058944527637,0.285599587984778,0.777856548209642,0.944289818659903,FALSE,22,"","linda"
"HEME-BIOSYNTHESIS-II-1|HEME-BIOSYNTHESIS-II-1","EsteroZacatecas - ColaDeBallena","HEME-BIOSYNTHESIS-II-1|HEME-BIOSYNTHESIS-II-1",3092.81356392203,0.213488520221364,0.0913212551787916,2.33777470319905,0.0288978225411742,0.121848455029017,FALSE,22,"","linda"
"HEME-BIOSYNTHESIS-II|HEME-BIOSYNTHESIS-II","EsteroZacatecas - ColaDeBallena","HEME-BIOSYNTHESIS-II|HEME-BIOSYNTHESIS-II",3092.81356392203,0.213488520221364,0.0913212551787916,2.33777470319905,0.0288978225411742,0.121848455029017,FALSE,22,"","linda"
"PWY-6317|PWY-6317","EsteroZacatecas - ColaDeBallena","PWY-6317|PWY-6317",3042.18180916928,0.179467947272767,0.138968517256831,1.29142881290939,0.209959442096899,0.467636939215821,FALSE,22,"","linda"
"PWY-7761|PWY-7761","EsteroZacatecas - ColaDeBallena","PWY-7761|PWY-7761",3222.74468790572,0.0318826448508561,0.0967413849089026,0.329565727024465,0.74484537314974,0.921815085468111,FALSE,22,"","linda"
"PWY0-1261|PWY0-1261","EsteroZacatecas - ColaDeBallena","PWY0-1261|PWY0-1261",2893.03837397312,0.307696017474964,0.0633912979032933,4.85391572111949,7.5087782635962e-05,0.00177742057861532,TRUE,22,"**","linda"
"PWY-7237|PWY-7237","EsteroZacatecas - ColaDeBallena","PWY-7237|PWY-7237",3100.08607216812,-0.0646070840666963,0.196554978751864,-0.328697265655416,0.745492851389146,0.921815085468111,FALSE,22,"","linda"
"PWY-5920|PWY-5920","EsteroZacatecas - ColaDeBallena","PWY-5920|PWY-5920",3081.55484104131,-0.0272269370492524,0.13144600237751,-0.207134006031292,0.837810445213502,0.966314106608706,FALSE,22,"","linda"
"PWY-6467|PWY-6467","EsteroZacatecas - ColaDeBallena","PWY-6467|PWY-6467",3072.58647195183,-0.0742549712861537,0.0795556705699813,-0.933371194713709,0.360760059319036,0.6613934420849,FALSE,22,"","linda"
"PWY-6293|PWY-6293","EsteroZacatecas - ColaDeBallena","PWY-6293|PWY-6293",2774.87375348239,0.238651686360612,0.099429320764979,2.40021438871852,0.0252844061325675,0.115203493207385,FALSE,22,"","linda"
"THISYNARA-PWY|THISYNARA-PWY","EsteroZacatecas - ColaDeBallena","THISYNARA-PWY|THISYNARA-PWY",3108.08362725937,-0.0916739741811466,0.0867743906609952,-1.05646347364504,0.302220265900781,0.607374105633495,FALSE,22,"","linda"
"PWY-5347|PWY-5347","EsteroZacatecas - ColaDeBallena","PWY-5347|PWY-5347",3143.94205195538,-0.219407392955849,0.192943566471693,-1.13715837728146,0.267706549762985,0.563647774696284,FALSE,22,"","linda"
"PWY-7118|PWY-7118","EsteroZacatecas - ColaDeBallena","PWY-7118|PWY-7118",2954.54757818217,0.000636153601112188,0.118383858526319,0.00537365151830018,0.995760897614772,0.998050305420266,FALSE,22,"","linda"
"PWY-6168|PWY-6168","EsteroZacatecas - ColaDeBallena","PWY-6168|PWY-6168",3029.46670574361,-0.162610586879306,0.0878151055094818,-1.8517382167439,0.0775322901041219,0.2354598273399,FALSE,22,"","linda"
"PWY-7883|PWY-7883","EsteroZacatecas - ColaDeBallena","PWY-7883|PWY-7883",2699.30483528644,0.189985244140152,0.0801538658529056,2.37025678198483,0.026962567827275,0.117021066209244,FALSE,22,"","linda"
"PWY-6607|PWY-6607","EsteroZacatecas - ColaDeBallena","PWY-6607|PWY-6607",2524.69128218523,0.311149644898307,0.187097490189761,1.66303484126232,0.110488002739791,0.30854701666212,FALSE,22,"","linda"
"NAGLIPASYN-PWY|NAGLIPASYN-PWY","EsteroZacatecas - ColaDeBallena","NAGLIPASYN-PWY|NAGLIPASYN-PWY",2724.35900049876,0.121555836100564,0.086288374759354,1.40871625453099,0.172896266991591,0.410533426909549,FALSE,22,"","linda"
"PWY-8073|PWY-8073","EsteroZacatecas - ColaDeBallena","PWY-8073|PWY-8073",2724.35900049876,0.121555836100564,0.086288374759354,1.40871625453099,0.172896266991591,0.410533426909549,FALSE,22,"","linda"
"PWY-5838|PWY-5838","EsteroZacatecas - ColaDeBallena","PWY-5838|PWY-5838",2515.62357107765,0.355146025056148,0.116260798293165,3.05473582041479,0.00580716039972766,0.0411849928349107,TRUE,22,"*","linda"
"PWY-801|PWY-801","EsteroZacatecas - ColaDeBallena","PWY-801|PWY-801",2504.56267571204,0.318451753041658,0.105592598868353,3.01585297127392,0.00635656686716508,0.0444539788349703,TRUE,22,"*","linda"
"PWY-8004|PWY-8004","EsteroZacatecas - ColaDeBallena","PWY-8004|PWY-8004",2844.08511079902,-0.0517310132937561,0.155274473908572,-0.333158515959399,0.742168835491168,0.921815085468111,FALSE,22,"","linda"
"PWY0-862|PWY0-862","EsteroZacatecas - ColaDeBallena","PWY0-862|PWY0-862",2880.19740717654,-0.0854694783972336,0.108349105654323,-0.788834184473248,0.438627587906195,0.728518677046738,FALSE,22,"","linda"
"PWY-5897|PWY-5897","EsteroZacatecas - ColaDeBallena","PWY-5897|PWY-5897",2417.50691586452,0.384445143460473,0.122037937817888,3.15021009314468,0.00464533316313715,0.0357690653561561,TRUE,22,"*","linda"
"PWY-5898|PWY-5898","EsteroZacatecas - ColaDeBallena","PWY-5898|PWY-5898",2417.50691586452,0.384445143460473,0.122037937817888,3.15021009314468,0.00464533316313715,0.0357690653561561,TRUE,22,"*","linda"
"PWY-5899|PWY-5899","EsteroZacatecas - ColaDeBallena","PWY-5899|PWY-5899",2417.50691586452,0.384445143460473,0.122037937817888,3.15021009314468,0.00464533316313715,0.0357690653561561,TRUE,22,"*","linda"
"PWY0-1061|PWY0-1061","EsteroZacatecas - ColaDeBallena","PWY0-1061|PWY0-1061",2528.00670133622,0.229094813456705,0.107823354475244,2.1247234847373,0.045085131828337,0.163093195003179,FALSE,22,"","linda"
"METSYN-PWY|METSYN-PWY","EsteroZacatecas - ColaDeBallena","METSYN-PWY|METSYN-PWY",2901.7237143442,-0.226782370274257,0.198693186302562,-1.14136963876014,0.265988119148972,0.562225867534493,FALSE,22,"","linda"
"PYRIDOXSYN-PWY|PYRIDOXSYN-PWY","EsteroZacatecas - ColaDeBallena","PYRIDOXSYN-PWY|PYRIDOXSYN-PWY",2710.0635955553,0.0138996786218054,0.100333393052485,0.138534920418115,0.891077934013063,0.984611207914144,FALSE,22,"","linda"
"PWY3O-4107|PWY3O-4107","EsteroZacatecas - ColaDeBallena","PWY3O-4107|PWY3O-4107",2752.25830177116,-0.0989182467385737,0.173688541595685,-0.569515097713453,0.574776313324463,0.843104162554378,FALSE,22,"","linda"
"MET-SAM-PWY|MET-SAM-PWY","EsteroZacatecas - ColaDeBallena","MET-SAM-PWY|MET-SAM-PWY",2788.41813206457,-0.180434022008875,0.188844279684575,-0.955464588656071,0.349724788930779,0.656800213357803,FALSE,22,"","linda"
"PWY-5840|PWY-5840","EsteroZacatecas - ColaDeBallena","PWY-5840|PWY-5840",2383.06262913885,0.304077768328503,0.126860039953863,2.39695469463112,0.0254622108489331,0.115203493207385,FALSE,22,"","linda"
"CITRULBIO-PWY|CITRULBIO-PWY","EsteroZacatecas - ColaDeBallena","CITRULBIO-PWY|CITRULBIO-PWY",2651.46326862693,-0.0159382262408074,0.121188753164351,-0.131515720928266,0.896562673852979,0.984611207914144,FALSE,22,"","linda"
"PWY-1269|PWY-1269","EsteroZacatecas - ColaDeBallena","PWY-1269|PWY-1269",2606.93236362233,-0.0166297034752483,0.0828534542850641,-0.200712252962108,0.8427675479363,0.966314106608706,FALSE,22,"","linda"
"PWY-5723|PWY-5723","EsteroZacatecas - ColaDeBallena","PWY-5723|PWY-5723",2102.70971487376,0.516147188925337,0.137191690125052,3.7622336196519,0.00107519486458946,0.0109345289059192,TRUE,22,"*","linda"
"PWY-6595|PWY-6595","EsteroZacatecas - ColaDeBallena","PWY-6595|PWY-6595",2254.03955493031,0.338928346032759,0.189446870418694,1.78904167318097,0.0873870159599422,0.257385801106059,FALSE,22,"","linda"
"PWY-6936|PWY-6936","EsteroZacatecas - ColaDeBallena","PWY-6936|PWY-6936",2432.95507375441,0.137216809195609,0.145237255750251,0.944776934036581,0.355034201914141,0.657385313012163,FALSE,22,"","linda"
"HISDEG-PWY|HISDEG-PWY","EsteroZacatecas - ColaDeBallena","HISDEG-PWY|HISDEG-PWY",2599.54979880681,-0.0446055051978053,0.113854273673285,-0.391777170576881,0.698992091885863,0.899803382989491,FALSE,22,"","linda"
"PWY-181|PWY-181","EsteroZacatecas - ColaDeBallena","PWY-181|PWY-181",2415.72580616959,0.120056054614558,0.082464223455569,1.45585624388063,0.159555611542098,0.38738952532068,FALSE,22,"","linda"
"PWY-5845|PWY-5845","EsteroZacatecas - ColaDeBallena","PWY-5845|PWY-5845",2094.46362060093,0.48366041720174,0.127572210987676,3.79126781183141,0.00100209556415403,0.010807521524591,TRUE,22,"*","linda"
"PWY-5850|PWY-5850","EsteroZacatecas - ColaDeBallena","PWY-5850|PWY-5850",2094.46362060093,0.48366041720174,0.127572210987676,3.79126781183141,0.00100209556415403,0.010807521524591,TRUE,22,"*","linda"
"PWY-5896|PWY-5896","EsteroZacatecas - ColaDeBallena","PWY-5896|PWY-5896",2094.46362060093,0.48366041720174,0.127572210987676,3.79126781183141,0.00100209556415403,0.010807521524591,TRUE,22,"*","linda"
"PWY-8187|PWY-8187","EsteroZacatecas - ColaDeBallena","PWY-8187|PWY-8187",2526.30020657238,-0.0744827538224099,0.129163968634365,-0.576652719871547,0.570027858574054,0.843104162554378,FALSE,22,"","linda"
"PWY-1622|PWY-1622","EsteroZacatecas - ColaDeBallena","PWY-1622|PWY-1622",2444.41391798118,-0.0495371014089122,0.178205833619154,-0.277976878774791,0.783625822134842,0.948330602830859,FALSE,22,"","linda"
"PYRIDNUCSAL-PWY|PYRIDNUCSAL-PWY","EsteroZacatecas - ColaDeBallena","PYRIDNUCSAL-PWY|PYRIDNUCSAL-PWY",2467.44124691765,-0.0635836919580654,0.145210809116365,-0.437871618132178,0.665748340176972,0.883838313683222,FALSE,22,"","linda"
"PWY66-399|PWY66-399","EsteroZacatecas - ColaDeBallena","PWY66-399|PWY66-399",2622.44499114618,-0.256719562553538,0.0727439788241396,-3.52908332350316,0.00188759544419834,0.018168106150409,TRUE,22,"*","linda"
"PWY-7115|PWY-7115","EsteroZacatecas - ColaDeBallena","PWY-7115|PWY-7115",2514.7029556292,-0.165176741526441,0.109810637505404,-1.50419618061421,0.146752568416251,0.361185545097532,FALSE,22,"","linda"
"PWY-6313|PWY-6313","EsteroZacatecas - ColaDeBallena","PWY-6313|PWY-6313",1730.28355398342,0.719143911790027,0.180911333849869,3.97511806743305,0.000640847530240881,0.00842480045853255,TRUE,22,"**","linda"
"ANAEROFRUCAT-PWY|ANAEROFRUCAT-PWY","EsteroZacatecas - ColaDeBallena","ANAEROFRUCAT-PWY|ANAEROFRUCAT-PWY",2414.5443414451,-0.11157329817785,0.157274079494654,-0.709419495802188,0.485515511035174,0.76663177602882,FALSE,22,"","linda"
"PWY-5861|PWY-5861","EsteroZacatecas - ColaDeBallena","PWY-5861|PWY-5861",1996.03747242435,0.42003225600582,0.124445310628923,3.37523570701906,0.00272774329455593,0.0253492006166491,TRUE,22,"*","linda"
"P221-PWY|P221-PWY","EsteroZacatecas - ColaDeBallena","P221-PWY|P221-PWY",2110.55015175511,0.103952522431374,0.228220268645799,0.455492069342492,0.653219015450808,0.87366017202974,FALSE,22,"","linda"
"PWY-8011|PWY-8011","EsteroZacatecas - ColaDeBallena","PWY-8011|PWY-8011",2161.83633295381,0.0162292186096143,0.182101230134237,0.0891219603384933,0.929791341553594,0.984611207914144,FALSE,22,"","linda"
"ARG+POLYAMINE-SYN|ARG+POLYAMINE-SYN","EsteroZacatecas - ColaDeBallena","ARG+POLYAMINE-SYN|ARG+POLYAMINE-SYN",2134.1094573403,0.0277383881071376,0.139674028294748,0.198593743201867,0.844404349188684,0.966314106608706,FALSE,22,"","linda"
"PWY-561|PWY-561","EsteroZacatecas - ColaDeBallena","PWY-561|PWY-561",1988.82552921174,0.108333565816012,0.236696960727463,0.457688875611499,0.651664146969491,0.87366017202974,FALSE,22,"","linda"
"PWY-6902|PWY-6902","EsteroZacatecas - ColaDeBallena","PWY-6902|PWY-6902",1745.60072455866,0.467699126909636,0.098727173428611,4.73728873892887,9.97168100384719e-05,0.00206720617733601,TRUE,22,"**","linda"
"GLYOXYLATE-BYPASS|GLYOXYLATE-BYPASS","EsteroZacatecas - ColaDeBallena","GLYOXYLATE-BYPASS|GLYOXYLATE-BYPASS",2040.51546720111,0.0717737792073161,0.114589105097432,0.626357795065148,0.537525780344193,0.813838189903147,FALSE,22,"","linda"
"PWY-5022|PWY-5022","EsteroZacatecas - ColaDeBallena","PWY-5022|PWY-5022",2247.23103144577,-0.293211084875378,0.18451217017173,-1.58911514943692,0.12630338348426,0.337017444049586,FALSE,22,"","linda"
"PWY0-1297|PWY0-1297","EsteroZacatecas - ColaDeBallena","PWY0-1297|PWY0-1297",2045.03703650814,-0.0416365453281857,0.212916885798532,-0.19555304489839,0.846754905390223,0.966903908058318,FALSE,22,"","linda"
"PROTOCATECHUATE-ORTHO-CLEAVAGE-PWY|PROTOCATECHUATE-ORTHO-CLEAVAGE-PWY","EsteroZacatecas - ColaDeBallena","PROTOCATECHUATE-ORTHO-CLEAVAGE-PWY|PROTOCATECHUATE-ORTHO-CLEAVAGE-PWY",2045.60882171812,-0.141139370036256,0.264096092529257,-0.534424302474751,0.598407941963992,0.845857069878385,FALSE,22,"","linda"
"PWY-3661|PWY-3661","EsteroZacatecas - ColaDeBallena","PWY-3661|PWY-3661",1906.90346882266,0.184120949910835,0.166045113619726,1.10886099504564,0.279465269004528,0.581589884144558,FALSE,22,"","linda"
"PWY-4984|PWY-4984","EsteroZacatecas - ColaDeBallena","PWY-4984|PWY-4984",1937.94617047478,0.12142312174711,0.116486812421259,1.04237655081504,0.308557054600345,0.609850008110669,FALSE,22,"","linda"
"HOMOSER-METSYN-PWY|HOMOSER-METSYN-PWY","EsteroZacatecas - ColaDeBallena","HOMOSER-METSYN-PWY|HOMOSER-METSYN-PWY",2127.32233397382,-0.285266580926344,0.230288299147816,-1.23873675728196,0.228497602059745,0.502694724531439,FALSE,22,"","linda"
"PWY-5860|PWY-5860","EsteroZacatecas - ColaDeBallena","PWY-5860|PWY-5860",1610.90845133602,0.561830258912145,0.136515755156997,4.11549757217418,0.00045504865087151,0.00645450586367748,TRUE,22,"**","linda"
"PWY-5862|PWY-5862","EsteroZacatecas - ColaDeBallena","PWY-5862|PWY-5862",1610.90845133602,0.561830258912145,0.136515755156997,4.11549757217418,0.00045504865087151,0.00645450586367748,TRUE,22,"**","linda"
"P164-PWY|P164-PWY","EsteroZacatecas - ColaDeBallena","P164-PWY|P164-PWY",1871.22322540082,0.105718005243067,0.101794574766177,1.03854262848391,0.310297842736917,0.610403420566417,FALSE,22,"","linda"
"PWY-7159|PWY-7159","EsteroZacatecas - ColaDeBallena","PWY-7159|PWY-7159",1789.41731567227,0.193002265957506,0.199615696792353,0.966869184432293,0.344118929430547,0.652776020186299,FALSE,22,"","linda"
"GLYCOCAT-PWY|GLYCOCAT-PWY","EsteroZacatecas - ColaDeBallena","GLYCOCAT-PWY|GLYCOCAT-PWY",1946.84611679295,-0.22150116694422,0.287408050158037,-0.770685326393688,0.449091509909062,0.732949798451978,FALSE,22,"","linda"
"PWY-6731|PWY-6731","EsteroZacatecas - ColaDeBallena","PWY-6731|PWY-6731",1534.66195387256,0.574862160639359,0.116351585357222,4.9407333718266,6.0820478262482e-05,0.00156105894207037,TRUE,22,"**","linda"
"COBALSYN-PWY|COBALSYN-PWY","EsteroZacatecas - ColaDeBallena","COBALSYN-PWY|COBALSYN-PWY",1943.70147879485,-0.156779817704411,0.193829070827377,-0.808856055674113,0.427259212699702,0.719664736391061,FALSE,22,"","linda"
"PWY-6305|PWY-6305","EsteroZacatecas - ColaDeBallena","PWY-6305|PWY-6305",1813.7027995611,0.125991108508525,0.101278664916713,1.24400443678967,0.226589944402288,0.500540901773907,FALSE,22,"","linda"
"PWY-5837|PWY-5837","EsteroZacatecas - ColaDeBallena","PWY-5837|PWY-5837",1496.8582439429,0.586911086826179,0.149288195703221,3.93139647821141,0.000712850667267309,0.00914825022993046,TRUE,22,"**","linda"
"PWY-6307|PWY-6307","EsteroZacatecas - ColaDeBallena","PWY-6307|PWY-6307",1668.28942933505,0.281274191626317,0.150393404106274,1.8702561678008,0.0748130169226802,0.229114864325708,FALSE,22,"","linda"
"PWY-5028|PWY-5028","EsteroZacatecas - ColaDeBallena","PWY-5028|PWY-5028",1886.1372226296,-0.0435007585147576,0.138277907137785,-0.314589361490782,0.756037566750035,0.928255691294462,FALSE,22,"","linda"
"PWY66-391|PWY66-391","EsteroZacatecas - ColaDeBallena","PWY66-391|PWY66-391",1614.42803594144,0.115258067751822,0.312417269419158,0.368923484819224,0.715711478141619,0.905768005777329,FALSE,22,"","linda"
"PWY-6922|PWY-6922","EsteroZacatecas - ColaDeBallena","PWY-6922|PWY-6922",1719.80177281806,0.100793467154587,0.119729342250133,0.841844323708166,0.408933452882216,0.703834495747688,FALSE,22,"","linda"
"PWY-6527|PWY-6527","EsteroZacatecas - ColaDeBallena","PWY-6527|PWY-6527",1693.61060064814,0.12248775418119,0.104726199831302,1.16959991271047,0.254677983262567,0.546898139356668,FALSE,22,"","linda"
"PWY-6269|PWY-6269","EsteroZacatecas - ColaDeBallena","PWY-6269|PWY-6269",1830.86829759369,-0.190911083476673,0.199270711586602,-0.958048887147693,0.348449090230942,0.656692516204467,FALSE,22,"","linda"
"PWY-5138|PWY-5138","EsteroZacatecas - ColaDeBallena","PWY-5138|PWY-5138",2056.68208103499,-0.564390202829769,0.145209677598705,-3.88672581719721,0.000794701140478714,0.0095187536604006,TRUE,22,"**","linda"
"PWY490-3|PWY490-3","EsteroZacatecas - ColaDeBallena","PWY490-3|PWY490-3",1694.90607589607,-0.0883170430529795,0.262010061753258,-0.337075005677263,0.739254944019434,0.921815085468111,FALSE,22,"","linda"
"PWY-7431|PWY-7431","EsteroZacatecas - ColaDeBallena","PWY-7431|PWY-7431",1222.85586989938,0.764159777116784,0.190292983603664,4.01570127624017,0.000580494338003324,0.00802272944061004,TRUE,22,"**","linda"
"PWY-7328|PWY-7328","EsteroZacatecas - ColaDeBallena","PWY-7328|PWY-7328",1803.41477743316,-0.644694716903497,0.314541416425084,-2.0496337945914,0.0525076734859878,0.180265197509219,FALSE,22,"","linda"
"PWY-7383|PWY-7383","EsteroZacatecas - ColaDeBallena","PWY-7383|PWY-7383",1704.79302723184,-0.255572863298528,0.0915148796179211,-2.79269190284199,0.0106101126001517,0.0596082050466076,FALSE,22,"","linda"
"PWY0-1241|PWY0-1241","EsteroZacatecas - ColaDeBallena","PWY0-1241|PWY0-1241",1458.24905827536,0.0505728761468389,0.126935297549348,0.398414602740251,0.694164911560457,0.897253926453444,FALSE,22,"","linda"
"PWY-5367|PWY-5367","EsteroZacatecas - ColaDeBallena","PWY-5367|PWY-5367",1483.94324101521,-0.121539952944581,0.289979690156979,-0.419132639526534,0.679183308524135,0.892877569010996,FALSE,22,"","linda"
"PWY-7858|PWY-7858","EsteroZacatecas - ColaDeBallena","PWY-7858|PWY-7858",1371.87382467527,0.127679307275301,0.275845906357357,0.462864607857883,0.648007244557569,0.873189762041324,FALSE,22,"","linda"
"POLYAMSYN-PWY|POLYAMSYN-PWY","EsteroZacatecas - ColaDeBallena","POLYAMSYN-PWY|POLYAMSYN-PWY",1409.25755438211,0.0650290594721235,0.161273021806527,0.403223420406523,0.690675876265459,0.896970102061789,FALSE,22,"","linda"
"PWY-6895|PWY-6895","EsteroZacatecas - ColaDeBallena","PWY-6895|PWY-6895",1537.09130477594,-0.458027170540559,0.224210476405308,-2.04284464260527,0.053229912487783,0.181588119183006,FALSE,22,"","linda"
"POLYAMINSYN3-PWY|POLYAMINSYN3-PWY","EsteroZacatecas - ColaDeBallena","POLYAMINSYN3-PWY|POLYAMINSYN3-PWY",1394.85518947468,0.0571622295590576,0.155678684778369,0.367180835580902,0.716992505696447,0.905768005777329,FALSE,22,"","linda"
"PWY-7854|PWY-7854","EsteroZacatecas - ColaDeBallena","PWY-7854|PWY-7854",1494.70716612495,-0.191148883614355,0.206263261213612,-0.926722880699512,0.364126048906728,0.663053852570021,FALSE,22,"","linda"
"PWY-I9|PWY-I9","EsteroZacatecas - ColaDeBallena","PWY-I9|PWY-I9",1505.53293244236,-0.217289596140479,0.105417375983032,-2.06123131138699,0.0512941499559845,0.177227864270998,FALSE,22,"","linda"
"PWY-7900|PWY-7900","EsteroZacatecas - ColaDeBallena","PWY-7900|PWY-7900",1531.8953383094,-0.97447977714359,0.493942730193003,-1.97285984300816,0.0612073030885673,0.200435502515791,FALSE,22,"","linda"
"PWY-5030|PWY-5030","EsteroZacatecas - ColaDeBallena","PWY-5030|PWY-5030",1367.06291028812,-0.00755733071637235,0.106935501794688,-0.0706718591070168,0.944297419079572,0.984611207914144,FALSE,22,"","linda"
"DENOVOPURINE2-PWY|DENOVOPURINE2-PWY","EsteroZacatecas - ColaDeBallena","DENOVOPURINE2-PWY|DENOVOPURINE2-PWY",1237.2225211079,-0.157684980195496,0.288093553222383,-0.547339495909432,0.589655516865561,0.843104162554378,FALSE,22,"","linda"
"TYRFUMCAT-PWY|TYRFUMCAT-PWY","EsteroZacatecas - ColaDeBallena","TYRFUMCAT-PWY|TYRFUMCAT-PWY",1309.70470778327,0.049553374629785,0.104198981857845,0.475564863938776,0.639072451853615,0.8689532446921,FALSE,22,"","linda"
"PWY-5873|PWY-5873","EsteroZacatecas - ColaDeBallena","PWY-5873|PWY-5873",0.116077714678177,10.0549865608388,2.15280295631411,4.67064880756865,0.000117293939135838,0.00215122774564424,TRUE,22,"**","linda"
"PWY-7992|PWY-7992","EsteroZacatecas - ColaDeBallena","PWY-7992|PWY-7992",1321.34401727493,-0.293973395928618,0.243754269490311,-1.20602357670827,0.240618950832996,0.520857889554156,FALSE,22,"","linda"
"PWY-5497|PWY-5497","EsteroZacatecas - ColaDeBallena","PWY-5497|PWY-5497",1299.1620491863,-0.0229869096147721,0.118926254877027,-0.193287089032957,0.848507511153218,0.966903908058318,FALSE,22,"","linda"
"PWY-7356|PWY-7356","EsteroZacatecas - ColaDeBallena","PWY-7356|PWY-7356",1020.30397660395,0.450815855269363,0.289622223937662,1.55656513212327,0.133843440887052,0.346638801729226,FALSE,22,"","linda"
"PWY-7294|PWY-7294","EsteroZacatecas - ColaDeBallena","PWY-7294|PWY-7294",647.289809656399,-0.051641812799025,1.56947440121105,-0.0329038898367356,0.974047935377022,0.996814911010191,FALSE,22,"","linda"
"PWY-7282|PWY-7282","EsteroZacatecas - ColaDeBallena","PWY-7282|PWY-7282",1260.9193093457,-0.288036771314739,0.27049730629144,-1.06484155152511,0.29849570079086,0.607374105633495,FALSE,22,"","linda"
"CHLOROPHYLL-SYN|CHLOROPHYLL-SYN","EsteroZacatecas - ColaDeBallena","CHLOROPHYLL-SYN|CHLOROPHYLL-SYN",968.465972560013,0.449403316255522,0.292933246283115,1.53414923692609,0.139249532488677,0.351054735029887,FALSE,22,"","linda"
"NADSYN-PWY|NADSYN-PWY","EsteroZacatecas - ColaDeBallena","NADSYN-PWY|NADSYN-PWY",875.166156872401,0.796322827101944,0.118223916496601,6.73571685577543,9.05247804086586e-07,4.43571424002427e-05,TRUE,22,"***","linda"
"P101-PWY|P101-PWY","EsteroZacatecas - ColaDeBallena","P101-PWY|P101-PWY",1313.55929885315,-0.422586363416354,0.250044594669356,-1.69004398585443,0.105141928567739,0.299849203693182,FALSE,22,"","linda"
"URSIN-PWY|URSIN-PWY","EsteroZacatecas - ColaDeBallena","URSIN-PWY|URSIN-PWY",1073.92858144126,-0.0367514693848796,0.324240948808926,-0.113346169013763,0.910784094762513,0.984611207914144,FALSE,22,"","linda"
"PWY-6151|PWY-6151","EsteroZacatecas - ColaDeBallena","PWY-6151|PWY-6151",1197.50537936915,-0.231997184253384,0.106992387353458,-2.16835225376326,0.0412199560466744,0.153224526270052,FALSE,22,"","linda"
"PWY0-1533|PWY0-1533","EsteroZacatecas - ColaDeBallena","PWY0-1533|PWY0-1533",824.460184279989,0.718202990061352,0.165950133243441,4.32782412417701,0.000270889859593456,0.00442453437335979,TRUE,22,"**","linda"
"P125-PWY|P125-PWY","EsteroZacatecas - ColaDeBallena","P125-PWY|P125-PWY",974.859841370267,0.14541119498433,0.191400102650142,0.759723704276821,0.45548431433236,0.737255391667094,FALSE,22,"","linda"
"PWY-7052|PWY-7052","EsteroZacatecas - ColaDeBallena","PWY-7052|PWY-7052",786.824499019125,0.695569382201968,0.241609176724382,2.87890299380244,0.0087169986621694,0.052791710998981,FALSE,22,"","linda"
"GALACTARDEG-PWY|GALACTARDEG-PWY","EsteroZacatecas - ColaDeBallena","GALACTARDEG-PWY|GALACTARDEG-PWY",1091.9468767398,-0.11067637144756,0.140926380465809,-0.785348854357411,0.440625396506933,0.728518677046738,FALSE,22,"","linda"
"GLUCARGALACTSUPER-PWY|GLUCARGALACTSUPER-PWY","EsteroZacatecas - ColaDeBallena","GLUCARGALACTSUPER-PWY|GLUCARGALACTSUPER-PWY",1091.9468767398,-0.11067637144756,0.140926380465809,-0.785348854357411,0.440625396506933,0.728518677046738,FALSE,22,"","linda"
"GLUCARDEG-PWY|GLUCARDEG-PWY","EsteroZacatecas - ColaDeBallena","GLUCARDEG-PWY|GLUCARDEG-PWY",1091.9468767398,-0.139506134581883,0.141358618734333,-0.986895145347088,0.334424444777819,0.644351395806189,FALSE,22,"","linda"
"PWY-5913|PWY-5913","EsteroZacatecas - ColaDeBallena","PWY-5913|PWY-5913",1025.80848878717,0.020258940135361,0.186208336966903,0.108797170230686,0.914349608510681,0.984611207914144,FALSE,22,"","linda"
"PWY-6263|PWY-6263","EsteroZacatecas - ColaDeBallena","PWY-6263|PWY-6263",1012.73376977353,-0.306715388400326,0.198505293610313,-1.54512447916095,0.136580541015868,0.350556721940727,FALSE,22,"","linda"
"PWY0-845|PWY0-845","EsteroZacatecas - ColaDeBallena","PWY0-845|PWY0-845",1043.1801448947,-0.415570267053578,0.259935864100522,-1.59874155300428,0.124142392745636,0.332899252188547,FALSE,22,"","linda"
"PWY-5100|PWY-5100","EsteroZacatecas - ColaDeBallena","PWY-5100|PWY-5100",995.462782975486,-0.128245526098947,0.13958031092127,-0.918793813056368,0.368167841185093,0.663538433384983,FALSE,22,"","linda"
"PWY-6383|PWY-6383","EsteroZacatecas - ColaDeBallena","PWY-6383|PWY-6383",1070.99974004212,-1.17761142609356,0.520799026636758,-2.26116287831488,0.0339784079245152,0.133681473513239,FALSE,22,"","linda"
"PWY-6562|PWY-6562","EsteroZacatecas - ColaDeBallena","PWY-6562|PWY-6562",861.158923032209,0.313834297583125,0.105047615400328,2.98754328108381,0.00678765764784279,0.045329881408907,TRUE,22,"*","linda"
"PWY-7268|PWY-7268","EsteroZacatecas - ColaDeBallena","PWY-7268|PWY-7268",1037.90246501523,-0.327767531858743,0.199336160565933,-1.64429539993236,0.114330614870614,0.309742040687578,FALSE,22,"","linda"
"PWY0-321|PWY0-321","EsteroZacatecas - ColaDeBallena","PWY0-321|PWY0-321",913.176052617503,0.12567032955981,0.0807862458895163,1.55559065997047,0.134074796417894,0.346638801729226,FALSE,22,"","linda"
"PWY-6435|PWY-6435","EsteroZacatecas - ColaDeBallena","PWY-6435|PWY-6435",1149.18259589984,-0.678963449293528,0.116788613809105,-5.8136099671781,7.54003152328368e-06,0.000270938466069994,TRUE,22,"***","linda"
"GLUDEG-I-PWY|GLUDEG-I-PWY","EsteroZacatecas - ColaDeBallena","GLUDEG-I-PWY|GLUDEG-I-PWY",771.745712906528,0.418824154949668,0.101331092223522,4.13322451933906,0.000435774919061622,0.00645450586367748,TRUE,22,"**","linda"
"PWY0-1477|PWY0-1477","EsteroZacatecas - ColaDeBallena","PWY0-1477|PWY0-1477",1018.00463364116,-0.552662771665759,0.280289853597077,-1.97175446978621,0.06134138145178,0.200435502515791,FALSE,22,"","linda"
"PWY-6396|PWY-6396","EsteroZacatecas - ColaDeBallena","PWY-6396|PWY-6396",881.983643804564,-0.0203609520514329,0.183331826363067,-0.111060651362903,0.912575252487046,0.984611207914144,FALSE,22,"","linda"
"P562-PWY|P562-PWY","EsteroZacatecas - ColaDeBallena","P562-PWY|P562-PWY",826.334563665912,0.059680011886673,0.225541550764553,0.264607615245911,0.793774991439713,0.949122401293855,FALSE,22,"","linda"
"PWY-5651|PWY-5651","EsteroZacatecas - ColaDeBallena","PWY-5651|PWY-5651",597.183831858017,0.902542436671882,0.133751020932165,6.74792932705635,8.80800454924639e-07,4.43571424002427e-05,TRUE,22,"***","linda"
"CRNFORCAT-PWY|CRNFORCAT-PWY","EsteroZacatecas - ColaDeBallena","CRNFORCAT-PWY|CRNFORCAT-PWY",800.839922317294,0.068844168034022,0.178739034802819,0.385165826311917,0.703813272533234,0.903227033084318,FALSE,22,"","linda"
"PWY-5705|PWY-5705","EsteroZacatecas - ColaDeBallena","PWY-5705|PWY-5705",806.281098750797,-0.116886072109286,0.287735718593458,-0.406227188896329,0.688500048062995,0.896970102061789,FALSE,22,"","linda"
"PWY-7376|PWY-7376","EsteroZacatecas - ColaDeBallena","PWY-7376|PWY-7376",810.112350929842,-0.190331243245579,0.300639003483755,-0.633088990583566,0.533201877918375,0.809565668163391,FALSE,22,"","linda"
"PWY-6906|PWY-6906","EsteroZacatecas - ColaDeBallena","PWY-6906|PWY-6906",676.618907575161,0.452177000123324,0.182727365834283,2.47459923727794,0.0215266059420506,0.101779303533029,FALSE,22,"","linda"
"PWY-7807|PWY-7807","EsteroZacatecas - ColaDeBallena","PWY-7807|PWY-7807",670.199270681265,0.435940506271478,0.162154609139129,2.68842500737947,0.0134225173524401,0.0695647774323577,FALSE,22,"","linda"
"PWY-5741|PWY-5741","EsteroZacatecas - ColaDeBallena","PWY-5741|PWY-5741",844.801226195887,-0.220567113148309,0.207722071976232,-1.06183763261108,0.299827340275576,0.607374105633495,FALSE,22,"","linda"
"PWY0-1337|PWY0-1337","EsteroZacatecas - ColaDeBallena","PWY0-1337|PWY0-1337",803.60798034619,-0.081766405689956,0.13763083844782,-0.59409945192593,0.558505914017981,0.831147281727239,FALSE,22,"","linda"
"PWY-6126|PWY-6126","EsteroZacatecas - ColaDeBallena","PWY-6126|PWY-6126",681.131187016995,-0.227063210219118,0.344894667230917,-0.658355236519479,0.51714096551881,0.791872103450677,FALSE,22,"","linda"
"PWY-8020|PWY-8020","EsteroZacatecas - ColaDeBallena","PWY-8020|PWY-8020",704.625055178841,0.212065492790498,0.200784453921656,1.05618482232317,0.302344709161149,0.607374105633495,FALSE,22,"","linda"
"PWY-6531|PWY-6531","EsteroZacatecas - ColaDeBallena","PWY-6531|PWY-6531",655.185342425174,0.411789571470808,0.196538318519342,2.09521265152313,0.0478817069731362,0.168681307572029,FALSE,22,"","linda"
"PWY-7456|PWY-7456","EsteroZacatecas - ColaDeBallena","PWY-7456|PWY-7456",841.809100966375,-0.450158817213634,0.20026744233398,-2.24778831729882,0.0349449191749749,0.135505837664111,FALSE,22,"","linda"
"PWY1G-0|PWY1G-0","EsteroZacatecas - ColaDeBallena","PWY1G-0|PWY1G-0",825.28915367152,-0.940903488782449,0.430803351052658,-2.18406724665296,0.0399028929703569,0.150403211965191,FALSE,22,"","linda"
"PWY-5180|PWY-5180","EsteroZacatecas - ColaDeBallena","PWY-5180|PWY-5180",739.306229579385,-0.165471106945679,0.215849080957629,-0.766605566313072,0.451464439862814,0.732949798451978,FALSE,22,"","linda"
"REDCITCYC|REDCITCYC","EsteroZacatecas - ColaDeBallena","REDCITCYC|REDCITCYC",717.968619707213,-0.0223664684973789,0.200325893562111,-0.111650411734937,0.91211301204907,0.984611207914144,FALSE,22,"","linda"
"PWY-7229|PWY-7229","EsteroZacatecas - ColaDeBallena","PWY-7229|PWY-7229",601.446294810122,-0.240288750608285,0.354200114964796,-0.678398285195835,0.504593166129699,0.777073475839737,FALSE,22,"","linda"
"PWY-7269|PWY-7269","EsteroZacatecas - ColaDeBallena","PWY-7269|PWY-7269",743.725671926713,-0.354029466536548,0.207630892625586,-1.70509051933307,0.102259997784845,0.293181589393784,FALSE,22,"","linda"
"PWY-6803|PWY-6803","EsteroZacatecas - ColaDeBallena","PWY-6803|PWY-6803",616.720816232547,0.0145071297011746,0.223126534988364,0.0650175009526819,0.948747259886719,0.984611207914144,FALSE,22,"","linda"
"HEMESYN2-PWY|HEMESYN2-PWY","EsteroZacatecas - ColaDeBallena","HEMESYN2-PWY|HEMESYN2-PWY",579.294129584622,0.290600074153788,0.157557356289893,1.84440816345704,0.0786322243435659,0.2354598273399,FALSE,22,"","linda"
"PWY0-1415|PWY0-1415","EsteroZacatecas - ColaDeBallena","PWY0-1415|PWY0-1415",568.824664153055,0.27187853138399,0.152895191363949,1.77820197586735,0.0891962249033765,0.261286767515869,FALSE,22,"","linda"
"PWY-5531|PWY-5531","EsteroZacatecas - ColaDeBallena","PWY-5531|PWY-5531",518.401080988367,0.545887797013435,0.113099026007953,4.82663570396308,8.02346381614257e-05,0.00180193624870869,TRUE,22,"**","linda"
"PWY-7805|PWY-7805","EsteroZacatecas - ColaDeBallena","PWY-7805|PWY-7805",550.429462022206,0.37804161783884,0.177010092608494,2.13570657055687,0.0440824839747327,0.161075823942298,FALSE,22,"","linda"
"PWY-7374|PWY-7374","EsteroZacatecas - ColaDeBallena","PWY-7374|PWY-7374",658.092958995466,-0.37312268440094,0.244137782653674,-1.52832830848734,0.140682417006411,0.351054735029887,FALSE,22,"","linda"
"PWY-7371|PWY-7371","EsteroZacatecas - ColaDeBallena","PWY-7371|PWY-7371",611.123052065464,-0.355195747591186,0.289053318849657,-1.22882431865773,0.232120446244778,0.504487582765867,FALSE,22,"","linda"
"AST-PWY|AST-PWY","EsteroZacatecas - ColaDeBallena","AST-PWY|AST-PWY",561.516450690993,0.150196064765648,0.16278733308777,0.922652038808618,0.366197417055935,0.663538433384983,FALSE,22,"","linda"
"PWY-6071|PWY-6071","EsteroZacatecas - ColaDeBallena","PWY-6071|PWY-6071",543.729124769294,0.272514341981265,0.192223606185174,1.41769446213981,0.170288777643414,0.409757371204465,FALSE,22,"","linda"
"PWY-5692|PWY-5692","EsteroZacatecas - ColaDeBallena","PWY-5692|PWY-5692",602.548282844321,-0.354198012004099,0.387004394887998,-0.915229947470253,0.369994192902361,0.663538433384983,FALSE,22,"","linda"
"URDEGR-PWY|URDEGR-PWY","EsteroZacatecas - ColaDeBallena","URDEGR-PWY|URDEGR-PWY",602.548282844321,-0.354198012004099,0.387004394887998,-0.915229947470253,0.369994192902361,0.663538433384983,FALSE,22,"","linda"
"PWY0-42|PWY0-42","EsteroZacatecas - ColaDeBallena","PWY0-42|PWY0-42",535.704212358255,0.273277492754609,0.122461995609308,2.23152898493055,0.0361536505969841,0.137231110364609,FALSE,22,"","linda"
"PWY-5747|PWY-5747","EsteroZacatecas - ColaDeBallena","PWY-5747|PWY-5747",532.737625060615,0.281288956984224,0.121785087714904,2.30971592879019,0.0306715605204824,0.12619825282855,FALSE,22,"","linda"
"DENITRIFICATION-PWY|DENITRIFICATION-PWY","EsteroZacatecas - ColaDeBallena","DENITRIFICATION-PWY|DENITRIFICATION-PWY",658.442888406378,-0.328442702310166,0.0982845503878342,-3.34175311393418,0.00295408284962265,0.0268033591625616,TRUE,22,"*","linda"
"P108-PWY|P108-PWY","EsteroZacatecas - ColaDeBallena","P108-PWY|P108-PWY",619.310725124588,-0.794375519741809,0.340954078472778,-2.32986073461864,0.0293883101183159,0.121848455029017,FALSE,22,"","linda"
"SUCSYN-PWY|SUCSYN-PWY","EsteroZacatecas - ColaDeBallena","SUCSYN-PWY|SUCSYN-PWY",119.32938637637,2.86609021498683,0.383266825318427,7.47805451882149,1.77580566616904e-07,1.36737036295016e-05,TRUE,22,"***","linda"
"LIPASYN-PWY|LIPASYN-PWY","EsteroZacatecas - ColaDeBallena","LIPASYN-PWY|LIPASYN-PWY",618.223759837987,-0.306003672588077,0.236675742029913,-1.29292368522247,0.209450989138611,0.467636939215821,FALSE,22,"","linda"
"PWY-7947|PWY-7947","EsteroZacatecas - ColaDeBallena","PWY-7947|PWY-7947",500.184006511274,0.162108767332227,0.31832803871288,0.509250671061507,0.615646604515767,0.858140158734163,FALSE,22,"","linda"
"RHAMCAT-PWY|RHAMCAT-PWY","EsteroZacatecas - ColaDeBallena","RHAMCAT-PWY|RHAMCAT-PWY",536.641929346255,0.0179247831935986,0.155876008067261,0.114993855795075,0.909493104553083,0.984611207914144,FALSE,22,"","linda"
"PWY-7377|PWY-7377","EsteroZacatecas - ColaDeBallena","PWY-7377|PWY-7377",139.111197799225,2.65156963782899,0.288253232667254,9.19875074181678,5.39440324799785e-09,5.81516670134168e-07,TRUE,22,"***","linda"
"PWY-7315|PWY-7315","EsteroZacatecas - ColaDeBallena","PWY-7315|PWY-7315",401.464168201377,0.780212874156694,0.133657855030056,5.83738886114284,7.13017872294503e-06,0.000270938466069994,TRUE,22,"***","linda"
"PWY-7942|PWY-7942","EsteroZacatecas - ColaDeBallena","PWY-7942|PWY-7942",506.381185108922,0.249523458857803,0.0747622066896095,3.33756144857723,0.00298367634462652,0.0268033591625616,TRUE,22,"*","linda"
"PWY-6837|PWY-6837","EsteroZacatecas - ColaDeBallena","PWY-6837|PWY-6837",606.895445512464,-0.375327994905326,0.190660675308297,-1.96856532842141,0.0617296723889079,0.200435502515791,FALSE,22,"","linda"
"PWY-8131|PWY-8131","EsteroZacatecas - ColaDeBallena","PWY-8131|PWY-8131",528.697262864364,0.0836051165109567,0.177680315671178,0.470536740072431,0.642603206260231,0.8689532446921,FALSE,22,"","linda"
"PWY-6748|PWY-6748","EsteroZacatecas - ColaDeBallena","PWY-6748|PWY-6748",582.912064933592,-0.215470298059014,0.0811169082654711,-2.65629327678324,0.0144224935650722,0.0733370191657917,FALSE,22,"","linda"
"PWY-5415|PWY-5415","EsteroZacatecas - ColaDeBallena","PWY-5415|PWY-5415",577.110425833549,-0.302612237363346,0.199317112559317,-1.51824513950496,0.143193165262861,0.354041816865514,FALSE,22,"","linda"
"ALLANTOINDEG-PWY|ALLANTOINDEG-PWY","EsteroZacatecas - ColaDeBallena","ALLANTOINDEG-PWY|ALLANTOINDEG-PWY",612.13965174991,-0.433054386147054,0.182486207569115,-2.37308009145315,0.0268001310969893,0.117021066209244,FALSE,22,"","linda"
"PWY-5910|PWY-5910","EsteroZacatecas - ColaDeBallena","PWY-5910|PWY-5910",541.0913350233,-0.0915968367309304,0.10876021449477,-0.842190659115843,0.408743743575964,0.703834495747688,FALSE,22,"","linda"
"PWY-7674|PWY-7674","EsteroZacatecas - ColaDeBallena","PWY-7674|PWY-7674",369.124455689746,0.302526466058028,0.432739147503744,0.699096598500856,0.491817269148893,0.767212344466966,FALSE,22,"","linda"
"PWY-6478|PWY-6478","EsteroZacatecas - ColaDeBallena","PWY-6478|PWY-6478",594.258056140805,-0.489691309084256,0.129448098491568,-3.78291620186412,0.00102260407746594,0.010807521524591,TRUE,22,"*","linda"
"PWY-7399|PWY-7399","EsteroZacatecas - ColaDeBallena","PWY-7399|PWY-7399",504.977259597243,-0.687190106148621,0.501038780348266,-1.37153077386737,0.18403701500607,0.4275740903233,FALSE,22,"","linda"
"PWY-5419|PWY-5419","EsteroZacatecas - ColaDeBallena","PWY-5419|PWY-5419",468.960606487892,0.177284550110559,0.10780669936043,1.64446691311681,0.114294941563408,0.309742040687578,FALSE,22,"","linda"
"12DICHLORETHDEG-PWY|12DICHLORETHDEG-PWY","EsteroZacatecas - ColaDeBallena","12DICHLORETHDEG-PWY|12DICHLORETHDEG-PWY",486.433294172546,-0.0916709607393272,0.211181708703646,-0.434085704212056,0.66845361599731,0.885249383347789,FALSE,22,"","linda"
"PWY-5420|PWY-5420","EsteroZacatecas - ColaDeBallena","PWY-5420|PWY-5420",493.374891942626,-0.103387651516863,0.133806819373151,-0.772663545858171,0.447943637868786,0.732949798451978,FALSE,22,"","linda"
"PWY-6641|PWY-6641","EsteroZacatecas - ColaDeBallena","PWY-6641|PWY-6641",521.639623435412,-0.284071142693969,0.13703972076364,-2.07291098603392,0.0500974511425782,0.174209846231288,FALSE,22,"","linda"
"PWY-7295|PWY-7295","EsteroZacatecas - ColaDeBallena","PWY-7295|PWY-7295",431.908628318617,-0.321958493235584,0.429510684712149,-0.749593676467806,0.461440564352983,0.740595938555677,FALSE,22,"","linda"
"PWY-1541|PWY-1541","EsteroZacatecas - ColaDeBallena","PWY-1541|PWY-1541",508.101493735405,-0.380616488916236,0.142644014521803,-2.66829624917812,0.0140409981211943,0.0720771236887972,FALSE,22,"","linda"
"PWY-7873|PWY-7873","EsteroZacatecas - ColaDeBallena","PWY-7873|PWY-7873",445.330747027166,-0.10234208330517,0.261669071862381,-0.391112646889328,0.699476099207044,0.899803382989491,FALSE,22,"","linda"
"KETOGLUCONMET-PWY|KETOGLUCONMET-PWY","EsteroZacatecas - ColaDeBallena","KETOGLUCONMET-PWY|KETOGLUCONMET-PWY",441.592936099327,-0.367438964375993,0.372810380982456,-0.985592094854475,0.335049466783827,0.644351395806189,FALSE,22,"","linda"
"PWY-7902|PWY-7902","EsteroZacatecas - ColaDeBallena","PWY-7902|PWY-7902",312.101511038525,0.589091777424258,0.424704134636091,1.38706390962976,0.17931594353334,0.420223015497697,FALSE,22,"","linda"
"PWY-5101|PWY-5101","EsteroZacatecas - ColaDeBallena","PWY-5101|PWY-5101",338.662437895229,-0.405458299399303,0.527738071512619,-0.768294578856451,0.450481132653716,0.732949798451978,FALSE,22,"","linda"
"KDO-NAGLIPASYN-PWY|KDO-NAGLIPASYN-PWY","EsteroZacatecas - ColaDeBallena","KDO-NAGLIPASYN-PWY|KDO-NAGLIPASYN-PWY",432.959695245757,-0.531791709813113,0.347860289944815,-1.52875083815252,0.140578000307164,0.351054735029887,FALSE,22,"","linda"
"P105-PWY|P105-PWY","EsteroZacatecas - ColaDeBallena","P105-PWY|P105-PWY",493.554700750494,-1.17114394309894,0.468614908317896,-2.49916065902126,0.0204045117947345,0.0981967130121598,FALSE,22,"","linda"
"PWY-7255|PWY-7255","EsteroZacatecas - ColaDeBallena","PWY-7255|PWY-7255",393.156763190608,0.0137244620967258,0.198558105832271,0.0691206336764683,0.945518016632463,0.984611207914144,FALSE,22,"","linda"
"PWY-7855|PWY-7855","EsteroZacatecas - ColaDeBallena","PWY-7855|PWY-7855",487.622745159913,-0.587131783151959,0.198700376214241,-2.95485994711408,0.00732026203364023,0.0481173321479522,TRUE,22,"*","linda"
"PWY-5104|PWY-5104","EsteroZacatecas - ColaDeBallena","PWY-5104|PWY-5104",432.736491366491,-1.37827661574505,0.42507351691409,-3.24244292081742,0.00373832260453978,0.0312582900249051,TRUE,22,"*","linda"
"PWY-7090|PWY-7090","EsteroZacatecas - ColaDeBallena","PWY-7090|PWY-7090",309.819305530728,0.538708493583724,0.203911687251935,2.64187159080364,0.0148937799363777,0.0749627825057191,FALSE,22,"","linda"
"PWY-7874|PWY-7874","EsteroZacatecas - ColaDeBallena","PWY-7874|PWY-7874",387.602549794749,-0.0016250382646239,0.256977927843788,-0.0063236491875354,0.995011484395866,0.998050305420266,FALSE,22,"","linda"
"PWY-1861|PWY-1861","EsteroZacatecas - ColaDeBallena","PWY-1861|PWY-1861",248.92152861639,0.643567636602036,0.390685033652328,1.64727998558232,0.113711181396526,0.309742040687578,FALSE,22,"","linda"
"P461-PWY|P461-PWY","EsteroZacatecas - ColaDeBallena","P461-PWY|P461-PWY",471.250518850929,-0.677968802290612,0.17416159055981,-3.89275729574706,0.000783128138764423,0.0095187536604006,TRUE,22,"**","linda"
"PWY-922|PWY-922","EsteroZacatecas - ColaDeBallena","PWY-922|PWY-922",392.033079727086,-0.0919334148921599,0.113362309732147,-0.810969846233557,0.426069803811351,0.719664736391061,FALSE,22,"","linda"
"P185-PWY|P185-PWY","EsteroZacatecas - ColaDeBallena","P185-PWY|P185-PWY",343.272357571191,0.150030836965017,0.251381526373316,0.596825228685312,0.556716776465623,0.831147281727239,FALSE,22,"","linda"
"PWY-6946|PWY-6946","EsteroZacatecas - ColaDeBallena","PWY-6946|PWY-6946",401.298984477858,-0.483010497757989,0.28775917342506,-1.67852337080673,0.107394844766183,0.303067127376819,FALSE,22,"","linda"
"PWY-6501|PWY-6501","EsteroZacatecas - ColaDeBallena","PWY-6501|PWY-6501",424.570232514626,-0.558636372761145,0.24687044057604,-2.26287266899042,0.0338566261162284,0.133681473513239,FALSE,22,"","linda"
"PWY-5647|PWY-5647","EsteroZacatecas - ColaDeBallena","PWY-5647|PWY-5647",288.576778554771,0.473624367408099,0.175841720589507,2.69346981945058,0.0132715893096578,0.0695647774323577,FALSE,22,"","linda"
"PWY-1422|PWY-1422","EsteroZacatecas - ColaDeBallena","PWY-1422|PWY-1422",58.9003932638654,3.23236098827328,0.328830544219238,9.82986843861501,1.64801635924518e-09,3.75181134180886e-07,TRUE,22,"***","linda"
"PWY-6891|PWY-6891","EsteroZacatecas - ColaDeBallena","PWY-6891|PWY-6891",128.522995998458,-6.01251666084425,2.19842751485873,-2.73491694413705,0.0120909120832705,0.0651842712510495,FALSE,22,"","linda"
"PWY-6185|PWY-6185","EsteroZacatecas - ColaDeBallena","PWY-6185|PWY-6185",322.777595220791,-0.309917140879777,0.450890988424528,-0.687343834399237,0.499048722357612,0.77139337108264,FALSE,22,"","linda"
"GALLATE-DEGRADATION-I-PWY|GALLATE-DEGRADATION-I-PWY","EsteroZacatecas - ColaDeBallena","GALLATE-DEGRADATION-I-PWY|GALLATE-DEGRADATION-I-PWY",347.471040585767,-0.203128832629497,0.2450170397599,-0.82903961629995,0.41598666848933,0.70954688074604,FALSE,22,"","linda"
"GALLATE-DEGRADATION-II-PWY|GALLATE-DEGRADATION-II-PWY","EsteroZacatecas - ColaDeBallena","GALLATE-DEGRADATION-II-PWY|GALLATE-DEGRADATION-II-PWY",347.471040585767,-0.203128832629497,0.2450170397599,-0.82903961629995,0.41598666848933,0.70954688074604,FALSE,22,"","linda"
"PWY-6470|PWY-6470","EsteroZacatecas - ColaDeBallena","PWY-6470|PWY-6470",280.985803577405,-0.311065291099445,0.50121567605128,-0.620621632487846,0.54122531966356,0.817144110080277,FALSE,22,"","linda"
"PWY-5654|PWY-5654","EsteroZacatecas - ColaDeBallena","PWY-5654|PWY-5654",267.286426199691,0.404248465577474,0.179319604378966,2.25434618249075,0.0344679230221829,0.134624713833019,FALSE,22,"","linda"
"PWY66-201|PWY66-201","EsteroZacatecas - ColaDeBallena","PWY66-201|PWY66-201",4.44682140996241,6.58524473567122,0.913279971483259,7.2105432521159,3.16715741578513e-07,1.89677538567576e-05,TRUE,22,"***","linda"
"PWY66-367|PWY66-367","EsteroZacatecas - ColaDeBallena","PWY66-367|PWY66-367",397.668991678334,-0.891352665323056,0.165433372314045,-5.3879858268922,2.07001821797532e-05,0.000697337387180436,TRUE,22,"***","linda"
"PWY-6182|PWY-6182","EsteroZacatecas - ColaDeBallena","PWY-6182|PWY-6182",307.049439629496,-0.0129667423309502,0.153000817280995,-0.0847494971686067,0.933227054965427,0.984611207914144,FALSE,22,"","linda"
"PWY-6581|PWY-6581","EsteroZacatecas - ColaDeBallena","PWY-6581|PWY-6581",228.086429560975,0.245729139840004,0.484832493933959,0.506833066913778,0.617314381752967,0.858140158734163,FALSE,22,"","linda"
"PWY-7347|PWY-7347","EsteroZacatecas - ColaDeBallena","PWY-7347|PWY-7347",59.4784126890938,2.90127733628368,0.396774862525984,7.31215006367416,2.53946843615586e-07,1.71096685886001e-05,TRUE,22,"***","linda"
"PWY-5655|PWY-5655","EsteroZacatecas - ColaDeBallena","PWY-5655|PWY-5655",281.714295825167,0.182568801200939,0.119045878673527,1.53360035000975,0.139384132067283,0.351054735029887,FALSE,22,"","linda"
"PWY-6672|PWY-6672","EsteroZacatecas - ColaDeBallena","PWY-6672|PWY-6672",355.697804627288,-0.624299098518369,0.197819260147746,-3.1559065484933,0.00458362456533881,0.0357690653561561,TRUE,22,"*","linda"
"PWY-5652|PWY-5652","EsteroZacatecas - ColaDeBallena","PWY-5652|PWY-5652",198.89360251101,0.767121089943583,0.277898143122566,2.76043978316634,0.0114140825454146,0.0634246442472008,FALSE,22,"","linda"
"RUMP-PWY|RUMP-PWY","EsteroZacatecas - ColaDeBallena","RUMP-PWY|RUMP-PWY",185.771370832411,0.642206830809628,0.3875265322772,1.65719448171939,0.111673734554338,0.308677656024554,FALSE,22,"","linda"
"PWY-6962|PWY-6962","EsteroZacatecas - ColaDeBallena","PWY-6962|PWY-6962",264.579283254265,0.216527829272738,0.223536575570776,0.968646087200086,0.343251054886115,0.652776020186299,FALSE,22,"","linda"
"PWY-6404|PWY-6404","EsteroZacatecas - ColaDeBallena","PWY-6404|PWY-6404",211.365179618058,-1.60619409878658,0.95967421821883,-1.673686828607,0.108352767653898,0.304177821695057,FALSE,22,"","linda"
"PWY-6948|PWY-6948","EsteroZacatecas - ColaDeBallena","PWY-6948|PWY-6948",303.343355874294,-0.522443726441977,0.297659027127566,-1.75517514615163,0.0931467787092924,0.26992534260381,FALSE,22,"","linda"
"PWY-5417|PWY-5417","EsteroZacatecas - ColaDeBallena","PWY-5417|PWY-5417",279.400927795414,-0.0396795656238255,0.150556978099798,-0.263551820212037,0.794578109614222,0.949122401293855,FALSE,22,"","linda"
"PWY-5431|PWY-5431","EsteroZacatecas - ColaDeBallena","PWY-5431|PWY-5431",279.400927795414,-0.0396795656238255,0.150556978099798,-0.263551820212037,0.794578109614222,0.949122401293855,FALSE,22,"","linda"
"PWY-6486|PWY-6486","EsteroZacatecas - ColaDeBallena","PWY-6486|PWY-6486",339.226799644694,-0.828216661124999,0.277367478620594,-2.98599051786422,0.00681209720616228,0.045329881408907,TRUE,22,"*","linda"
"GLCMANNANAUT-PWY|GLCMANNANAUT-PWY","EsteroZacatecas - ColaDeBallena","GLCMANNANAUT-PWY|GLCMANNANAUT-PWY",171.749273599121,0.957485727433943,0.197428538535781,4.84978379790018,7.58454050244016e-05,0.00177742057861532,TRUE,22,"**","linda"
"PWY-5209|PWY-5209","EsteroZacatecas - ColaDeBallena","PWY-5209|PWY-5209",326.758768759337,-0.745659622716662,0.144250663560127,-5.16919370984975,3.50077745522493e-05,0.0011099523813919,TRUE,22,"**","linda"
"P381-PWY|P381-PWY","EsteroZacatecas - ColaDeBallena","P381-PWY|P381-PWY",294.658530527734,-1.18540514084141,0.365834196712748,-3.24027975376011,0.00375747893230006,0.0312582900249051,TRUE,22,"*","linda"
"PWY0-1277|PWY0-1277","EsteroZacatecas - ColaDeBallena","PWY0-1277|PWY0-1277",283.423083642403,-1.05793349040735,0.453384473782536,-2.33341358512155,0.0291671742636594,0.121848455029017,FALSE,22,"","linda"
"PWY-7436|PWY-7436","EsteroZacatecas - ColaDeBallena","PWY-7436|PWY-7436",39.5652810088987,3.31741545868802,0.341939795072042,9.70175307612,2.08820668375261e-09,3.75181134180886e-07,TRUE,22,"***","linda"
"P441-PWY|P441-PWY","EsteroZacatecas - ColaDeBallena","P441-PWY|P441-PWY",248.033010501751,-0.269269442748125,0.283584368045737,-0.949521458477204,0.352670534305771,0.657385313012163,FALSE,22,"","linda"
"PWY-1361|PWY-1361","EsteroZacatecas - ColaDeBallena","PWY-1361|PWY-1361",285.651368945447,-0.646618857719358,0.195253240602231,-3.31169334616395,0.0031728003177585,0.0278731842566952,TRUE,22,"*","linda"
"PWY-7254|PWY-7254","EsteroZacatecas - ColaDeBallena","PWY-7254|PWY-7254",263.452339609924,-0.503046837361023,0.211180446104324,-2.38207109910411,0.0262888389445416,0.11614495238613,FALSE,22,"","linda"
"PWY-7332|PWY-7332","EsteroZacatecas - ColaDeBallena","PWY-7332|PWY-7332",156.573394176995,-0.209297583718814,0.601972001757963,-0.347686575301831,0.731380081409148,0.918913435616622,FALSE,22,"","linda"
"P261-PWY|P261-PWY","EsteroZacatecas - ColaDeBallena","P261-PWY|P261-PWY",211.768055716964,0.190917644192129,0.18903094436648,1.0099809046184,0.323484373521474,0.632374659615963,FALSE,22,"","linda"
"METH-ACETATE-PWY|METH-ACETATE-PWY","EsteroZacatecas - ColaDeBallena","METH-ACETATE-PWY|METH-ACETATE-PWY",208.909100389107,-0.926843340680305,0.492304649442314,-1.88266217215344,0.073038162592824,0.224957540785898,FALSE,22,"","linda"
"PWY-7316|PWY-7316","EsteroZacatecas - ColaDeBallena","PWY-7316|PWY-7316",184.269268853044,0.0390292141325241,0.376395211800032,0.103692111134663,0.918353155956865,0.984611207914144,FALSE,22,"","linda"
"PWY-7072|PWY-7072","EsteroZacatecas - ColaDeBallena","PWY-7072|PWY-7072",273.558474121815,-0.82053831969771,0.166062985535173,-4.94112710941186,6.07624364637165e-05,0.00156105894207037,TRUE,22,"**","linda"
"CODH-PWY|CODH-PWY","EsteroZacatecas - ColaDeBallena","CODH-PWY|CODH-PWY",199.825975295042,-0.966983551990632,0.500302961809016,-1.93279597724981,0.06623586224094,0.207091302027431,FALSE,22,"","linda"
"PWY-6588|PWY-6588","EsteroZacatecas - ColaDeBallena","PWY-6588|PWY-6588",278.875054835023,-1.02520857827713,0.256074847969063,-4.0035504713098,0.000597946671158296,0.00805733139385803,TRUE,22,"**","linda"
"PWY-6565|PWY-6565","EsteroZacatecas - ColaDeBallena","PWY-6565|PWY-6565",166.114159121771,0.0878256339164909,0.409409936723197,0.21451759236579,0.83211939019806,0.966314106608706,FALSE,22,"","linda"
"CATECHOL-ORTHO-CLEAVAGE-PWY|CATECHOL-ORTHO-CLEAVAGE-PWY","EsteroZacatecas - ColaDeBallena","CATECHOL-ORTHO-CLEAVAGE-PWY|CATECHOL-ORTHO-CLEAVAGE-PWY",219.357930023291,-0.0901909131640797,0.164802032621889,-0.547268208584587,0.589703653586272,0.843104162554378,FALSE,22,"","linda"
"PWY-6920|PWY-6920","EsteroZacatecas - ColaDeBallena","PWY-6920|PWY-6920",124.229746440767,0.762685440376887,0.55677888741317,1.36981745827392,0.184563725637866,0.4275740903233,FALSE,22,"","linda"
"PWY-7480|PWY-7480","EsteroZacatecas - ColaDeBallena","PWY-7480|PWY-7480",228.715414286628,-0.302509247916411,0.191195247597935,-1.58220066511569,0.127874838798112,0.339529744394987,FALSE,22,"","linda"
"P184-PWY|P184-PWY","EsteroZacatecas - ColaDeBallena","P184-PWY|P184-PWY",232.730474443916,-0.49889477625309,0.195821344422989,-2.54770376397498,0.0183454225769999,0.0890827276486753,FALSE,22,"","linda"
"PWY-5430|PWY-5430","EsteroZacatecas - ColaDeBallena","PWY-5430|PWY-5430",202.892515170023,-0.173484157030086,0.30577280496693,-0.567362938142419,0.576212000772153,0.843104162554378,FALSE,22,"","linda"
"PWY-5517|PWY-5517","EsteroZacatecas - ColaDeBallena","PWY-5517|PWY-5517",254.821838242365,-1.10376066534265,0.341461736890668,-3.23245783083468,0.00382754571733532,0.0312582900249051,TRUE,22,"*","linda"
"PWY-7039|PWY-7039","EsteroZacatecas - ColaDeBallena","PWY-7039|PWY-7039",225.733592068354,-0.546982887034308,0.188705773721522,-2.89860175577619,0.00833209366574396,0.0516206722509884,FALSE,22,"","linda"
"METHYLGALLATE-DEGRADATION-PWY|METHYLGALLATE-DEGRADATION-PWY","EsteroZacatecas - ColaDeBallena","METHYLGALLATE-DEGRADATION-PWY|METHYLGALLATE-DEGRADATION-PWY",221.908150251161,-0.494006389804879,0.200122079591976,-2.46852516629898,0.0218128228109203,0.102235752131183,FALSE,22,"","linda"
"PWY-7820|PWY-7820","EsteroZacatecas - ColaDeBallena","PWY-7820|PWY-7820",226.848139777348,-0.627153581010836,0.177395457747389,-3.53534182314804,0.00185942321064096,0.018168106150409,TRUE,22,"*","linda"
"PWY0-301|PWY0-301","EsteroZacatecas - ColaDeBallena","PWY0-301|PWY0-301",184.110977757726,-0.362601079746396,0.294178435115177,-1.23258892040958,0.230739438770057,0.503516427113606,FALSE,22,"","linda"
"PWY-7784|PWY-7784","EsteroZacatecas - ColaDeBallena","PWY-7784|PWY-7784",168.921849729982,-0.897727946951654,0.46473787588882,-1.93168664214152,0.0663801343559946,0.207091302027431,FALSE,22,"","linda"
"PWY-6992|PWY-6992","EsteroZacatecas - ColaDeBallena","PWY-6992|PWY-6992",150.095429470579,0.248971978706986,0.263815401273301,0.943735572318093,0.355554424238692,0.657385313012163,FALSE,22,"","linda"
"FUCCAT-PWY|FUCCAT-PWY","EsteroZacatecas - ColaDeBallena","FUCCAT-PWY|FUCCAT-PWY",128.298200386916,0.452139484080345,0.317414947780942,1.42444294839063,0.168349668117267,0.406907942220658,FALSE,22,"","linda"
"PWY-7783|PWY-7783","EsteroZacatecas - ColaDeBallena","PWY-7783|PWY-7783",179.528374608563,-0.180686056304015,0.173460895977327,-1.0416529632571,0.308885069043066,0.609850008110669,FALSE,22,"","linda"
"PWY-5181|PWY-5181","EsteroZacatecas - ColaDeBallena","PWY-5181|PWY-5181",198.952495285876,-1.20487490428597,0.3851790163004,-3.12809071443886,0.00489265136556378,0.0365047067654897,TRUE,22,"*","linda"
"PWY0-41|PWY0-41","EsteroZacatecas - ColaDeBallena","PWY0-41|PWY0-41",185.87862583833,-0.424265916217953,0.171129055569119,-2.47921613782641,0.0213113936641742,0.10165346181407,FALSE,22,"","linda"
"ORNDEG-PWY|ORNDEG-PWY","EsteroZacatecas - ColaDeBallena","ORNDEG-PWY|ORNDEG-PWY",200.085110266406,-0.86642124299316,0.267892748351988,-3.2342093928379,0.00381174634348032,0.0312582900249051,TRUE,22,"*","linda"
"PWY-6338|PWY-6338","EsteroZacatecas - ColaDeBallena","PWY-6338|PWY-6338",181.171639168438,-0.462046371370049,0.158624917154601,-2.91282340541571,0.00806436123109187,0.0515456820236627,FALSE,22,"","linda"
"PWY-7097|PWY-7097","EsteroZacatecas - ColaDeBallena","PWY-7097|PWY-7097",181.171639168438,-0.462046371370049,0.158624917154601,-2.91282340541571,0.00806436123109187,0.0515456820236627,FALSE,22,"","linda"
"PWY-6210|PWY-6210","EsteroZacatecas - ColaDeBallena","PWY-6210|PWY-6210",145.925197895161,0.166444979698253,0.154111753415528,1.08002781104872,0.291828281938827,0.598600854424652,FALSE,22,"","linda"
"FUC-RHAMCAT-PWY|FUC-RHAMCAT-PWY","EsteroZacatecas - ColaDeBallena","FUC-RHAMCAT-PWY|FUC-RHAMCAT-PWY",143.385469112853,0.0175896642971509,0.214339227089203,0.0820646063533231,0.935337402757981,0.984611207914144,FALSE,22,"","linda"
"PWY-6421|PWY-6421","EsteroZacatecas - ColaDeBallena","PWY-6421|PWY-6421",125.165298216762,-1.38408595691629,0.847118561587809,-1.63387513823568,0.11651557929685,0.31400948620501,FALSE,22,"","linda"
"P163-PWY|P163-PWY","EsteroZacatecas - ColaDeBallena","P163-PWY|P163-PWY",188.602778241785,-1.89936760895344,0.501445588642941,-3.7877840626611,0.00101060050618986,0.010807521524591,TRUE,22,"*","linda"
"PWY-5005|PWY-5005","EsteroZacatecas - ColaDeBallena","PWY-5005|PWY-5005",160.229741353031,-1.65643471752596,0.627896184346598,-2.63807100412576,0.0150203720048565,0.0749627825057191,FALSE,22,"","linda"
"PWY-5742|PWY-5742","EsteroZacatecas - ColaDeBallena","PWY-5742|PWY-5742",148.091113475103,-0.515957823299338,0.306076858054622,-1.68571327665439,0.105984075179743,0.30066008695727,FALSE,22,"","linda"
"PWY-7098|PWY-7098","EsteroZacatecas - ColaDeBallena","PWY-7098|PWY-7098",134.058190286423,0.0100794390234565,0.109059137145578,0.0924217748944958,0.927199396720432,0.984611207914144,FALSE,22,"","linda"
"PWY-7013|PWY-7013","EsteroZacatecas - ColaDeBallena","PWY-7013|PWY-7013",75.3449505815894,0.760197117752727,0.431028232413523,1.76368288800026,0.0916700051305278,0.267081798731646,FALSE,22,"","linda"
"PWY-5328|PWY-5328","EsteroZacatecas - ColaDeBallena","PWY-5328|PWY-5328",110.200483155298,-0.517201353690954,0.595925581125114,-0.867895875042773,0.394820150402317,0.692327932452511,FALSE,22,"","linda"
"PWY66-373|PWY66-373","EsteroZacatecas - ColaDeBallena","PWY66-373|PWY66-373",101.70574251973,0.0275587428513095,0.426957726953127,0.0645467715222659,0.949117791527974,0.984611207914144,FALSE,22,"","linda"
"ASPASN-PWY|ASPASN-PWY","EsteroZacatecas - ColaDeBallena","ASPASN-PWY|ASPASN-PWY",107.377722999288,-0.788809773752705,0.427369715370977,-1.84573156539176,0.0784326386264179,0.2354598273399,FALSE,22,"","linda"
"GOLPDLCAT-PWY|GOLPDLCAT-PWY","EsteroZacatecas - ColaDeBallena","GOLPDLCAT-PWY|GOLPDLCAT-PWY",80.9988823291212,0.241290544040741,0.492334978565763,0.49009425400497,0.628919176458177,0.866975539925723,FALSE,22,"","linda"
"PWY-6749|PWY-6749","EsteroZacatecas - ColaDeBallena","PWY-6749|PWY-6749",78.3417614525063,0.819708248623161,0.292098558059955,2.80627283498918,0.010287924087124,0.0594330284613359,FALSE,22,"","linda"
"PWY-5182|PWY-5182","EsteroZacatecas - ColaDeBallena","PWY-5182|PWY-5182",131.97005828504,-1.14020914523698,0.368466173256138,-3.09447441310812,0.00529303280114298,0.0385533064840009,TRUE,22,"*","linda"
"HCAMHPDEG-PWY|HCAMHPDEG-PWY","EsteroZacatecas - ColaDeBallena","HCAMHPDEG-PWY|HCAMHPDEG-PWY",117.707331402314,-1.2836132612233,0.564880451355475,-2.27236268867716,0.0331879098080724,0.132505802863341,FALSE,22,"","linda"
"PWY-6690|PWY-6690","EsteroZacatecas - ColaDeBallena","PWY-6690|PWY-6690",117.707331402314,-1.2836132612233,0.564880451355475,-2.27236268867716,0.0331879098080724,0.132505802863341,FALSE,22,"","linda"
"PWY-6339|PWY-6339","EsteroZacatecas - ColaDeBallena","PWY-6339|PWY-6339",129.850766566547,-0.735499700486974,0.266924561243898,-2.75545905951653,0.0115432778496336,0.0634880281729848,FALSE,22,"","linda"
"DARABCATK12-PWY|DARABCATK12-PWY","EsteroZacatecas - ColaDeBallena","DARABCATK12-PWY|DARABCATK12-PWY",82.0144903387243,0.0435689345167976,0.404753505664867,0.107643130712924,0.915254443145972,0.984611207914144,FALSE,22,"","linda"
"PWY-5519|PWY-5519","EsteroZacatecas - ColaDeBallena","PWY-5519|PWY-5519",67.6212803837281,0.69405856142149,0.351020792030138,1.97725769293433,0.0606764233904448,0.200435502515791,FALSE,22,"","linda"
"PWY66-388|PWY66-388","EsteroZacatecas - ColaDeBallena","PWY66-388|PWY66-388",84.2147148674637,0.0359035545823713,0.325879524562861,0.110174318655131,0.913269998858309,0.984611207914144,FALSE,22,"","linda"
"PWY-6957|PWY-6957","EsteroZacatecas - ColaDeBallena","PWY-6957|PWY-6957",110.912329783633,-0.56602184281816,0.209561069356386,-2.70098756680596,0.0130496482415362,0.0695647774323577,FALSE,22,"","linda"
"PWY-7373|PWY-7373","EsteroZacatecas - ColaDeBallena","PWY-7373|PWY-7373",78.6540989654397,-1.41725581245168,0.54228355748281,-2.61349582316371,0.0158636902495828,0.0784452205919734,FALSE,22,"","linda"
"PWY-7913|PWY-7913","EsteroZacatecas - ColaDeBallena","PWY-7913|PWY-7913",52.8438895980503,0.897042884898718,0.310351738397589,2.89040715392908,0.00849019826505072,0.0520024643734357,FALSE,22,"","linda"
"TOLUENE-DEG-3-OH-PWY|TOLUENE-DEG-3-OH-PWY","EsteroZacatecas - ColaDeBallena","TOLUENE-DEG-3-OH-PWY|TOLUENE-DEG-3-OH-PWY",93.3556474604371,-1.21327188138783,0.40298680802043,-3.01069875549455,0.00643304331934635,0.0444539788349703,TRUE,22,"*","linda"
"PWY6666-2|PWY6666-2","EsteroZacatecas - ColaDeBallena","PWY6666-2|PWY6666-2",68.5927524515432,0.0562303250949578,0.247074836583438,0.227584184097876,0.822071258966284,0.965351652685897,FALSE,22,"","linda"
"PWY-6397|PWY-6397","EsteroZacatecas - ColaDeBallena","PWY-6397|PWY-6397",56.3933416690469,-1.6080210146772,0.97801597835924,-1.64416640449462,0.114357451014523,0.309742040687578,FALSE,22,"","linda"
"PWY-3481|PWY-3481","EsteroZacatecas - ColaDeBallena","PWY-3481|PWY-3481",26.2824690678659,1.97928347844169,0.325208307626142,6.08620208041262,3.98767613486606e-06,0.000165335187437908,TRUE,22,"***","linda"
"PWY-6857|PWY-6857","EsteroZacatecas - ColaDeBallena","PWY-6857|PWY-6857",83.1273058712516,-0.870704590493592,0.318377306110988,-2.73481989382138,0.0120935568183765,0.0651842712510495,FALSE,22,"","linda"
"CARNMET-PWY|CARNMET-PWY","EsteroZacatecas - ColaDeBallena","CARNMET-PWY|CARNMET-PWY",96.5884437036038,-1.38639917460002,0.318647102175509,-4.35089214725198,0.000256041841363777,0.00431270476547112,TRUE,22,"**","linda"
"PWY-2941|PWY-2941","EsteroZacatecas - ColaDeBallena","PWY-2941|PWY-2941",33.3048684903927,-0.19506549207189,0.962632737312683,-0.202637500794375,0.841280694150611,0.966314106608706,FALSE,22,"","linda"
"PWY-7579|PWY-7579","EsteroZacatecas - ColaDeBallena","PWY-7579|PWY-7579",18.960882788834,2.55174359354446,0.338866222384255,7.53023885234252,1.58804105472643e-07,1.36737036295016e-05,TRUE,22,"***","linda"
"PWY-8085|PWY-8085","EsteroZacatecas - ColaDeBallena","PWY-8085|PWY-8085",36.4403741555902,-0.288360458874835,1.31432480730008,-0.21939817104053,0.828362720439176,0.966314106608706,FALSE,22,"","linda"
"3-HYDROXYPHENYLACETATE-DEGRADATION-PWY|3-HYDROXYPHENYLACETATE-DEGRADATION-PWY","EsteroZacatecas - ColaDeBallena","3-HYDROXYPHENYLACETATE-DEGRADATION-PWY|3-HYDROXYPHENYLACETATE-DEGRADATION-PWY",81.2706907680965,-0.854518697662268,0.293713261530225,-2.90936368759887,0.00812872536551266,0.0515456820236627,FALSE,22,"","linda"
"HEXITOLDEGSUPER-PWY|HEXITOLDEGSUPER-PWY","EsteroZacatecas - ColaDeBallena","HEXITOLDEGSUPER-PWY|HEXITOLDEGSUPER-PWY",22.1903410563351,0.400205450414948,0.995731148453584,0.401921192318313,0.691620017566272,0.896970102061789,FALSE,22,"","linda"
"PWY-6342|PWY-6342","EsteroZacatecas - ColaDeBallena","PWY-6342|PWY-6342",58.3776766372964,-0.693362907753432,0.446128607960236,-1.5541771932618,0.134410963935822,0.346638801729226,FALSE,22,"","linda"
"PWY-5178|PWY-5178","EsteroZacatecas - ColaDeBallena","PWY-5178|PWY-5178",71.1238971566711,-0.577662502074231,0.289458532682348,-1.99566582722976,0.0584983283232502,0.197066243538949,FALSE,22,"","linda"
"PWY-1501|PWY-1501","EsteroZacatecas - ColaDeBallena","PWY-1501|PWY-1501",72.822691219275,-0.713414623595775,0.265314543593094,-2.68893900023031,0.0134070661548816,0.0695647774323577,FALSE,22,"","linda"
"P241-PWY|P241-PWY","EsteroZacatecas - ColaDeBallena","P241-PWY|P241-PWY",61.4398679768921,-0.822503796533583,0.445389158869246,-1.84670816555517,0.0782856377321279,0.2354598273399,FALSE,22,"","linda"
"PWY-6350|PWY-6350","EsteroZacatecas - ColaDeBallena","PWY-6350|PWY-6350",79.7676731537555,-1.27505536097906,0.366790322513508,-3.47625136956033,0.00214269749681834,0.0202616482593875,TRUE,22,"*","linda"
"PWY-6349|PWY-6349","EsteroZacatecas - ColaDeBallena","PWY-6349|PWY-6349",86.0136112206736,-1.60723348720256,0.334413725807719,-4.80612296436267,8.43378135579655e-05,0.00181832326030974,TRUE,22,"**","linda"
"DHGLUCONATE-PYR-CAT-PWY|DHGLUCONATE-PYR-CAT-PWY","EsteroZacatecas - ColaDeBallena","DHGLUCONATE-PYR-CAT-PWY|DHGLUCONATE-PYR-CAT-PWY",54.9538074262787,-0.300427910529763,0.386970450783829,-0.776358788949467,0.445804235013136,0.732949798451978,FALSE,22,"","linda"
"METHGLYUT-PWY|METHGLYUT-PWY","EsteroZacatecas - ColaDeBallena","METHGLYUT-PWY|METHGLYUT-PWY",35.2969084236249,0.540654301064241,0.489411135050879,1.10470371910936,0.281223972462708,0.58299892752846,FALSE,22,"","linda"
"PWY-7084|PWY-7084","EsteroZacatecas - ColaDeBallena","PWY-7084|PWY-7084",21.5466749933711,0.810302153098971,0.699554234168382,1.15831212723949,0.259156691811339,0.552116430380679,FALSE,22,"","linda"
"PWY-4321|PWY-4321","EsteroZacatecas - ColaDeBallena","PWY-4321|PWY-4321",44.2165894680235,-0.134240361816298,0.415646059015892,-0.322967964941453,0.749769109237112,0.922661072782656,FALSE,22,"","linda"
"PWY-6138|PWY-6138","EsteroZacatecas - ColaDeBallena","PWY-6138|PWY-6138",46.0948173023021,0.0185441620947713,0.24344664683816,0.0761734134999165,0.939969613335729,0.984611207914144,FALSE,22,"","linda"
"GLYCOL-GLYOXDEG-PWY|GLYCOL-GLYOXDEG-PWY","EsteroZacatecas - ColaDeBallena","GLYCOL-GLYOXDEG-PWY|GLYCOL-GLYOXDEG-PWY",28.2681975994238,0.643180321143017,0.491869812754537,1.30762308331369,0.204501938636575,0.462016855802564,FALSE,22,"","linda"
"PWY-8154|PWY-8154","EsteroZacatecas - ColaDeBallena","PWY-8154|PWY-8154",34.0023574735474,0.548795682057713,0.375794974834927,1.46035928846249,0.158325975261169,0.386143441926561,FALSE,22,"","linda"
"PWY-5129|PWY-5129","EsteroZacatecas - ColaDeBallena","PWY-5129|PWY-5129",27.4980648869529,0.81948922550904,0.262351604624107,3.12362955310752,0.00494405119458395,0.0365047067654897,TRUE,22,"*","linda"
"PWY-5656|PWY-5656","EsteroZacatecas - ColaDeBallena","PWY-5656|PWY-5656",44.2743137886146,-1.30204527192671,0.466278553240182,-2.79241938724989,0.0106166747392845,0.0596082050466076,FALSE,22,"","linda"
"PWY-5392|PWY-5392","EsteroZacatecas - ColaDeBallena","PWY-5392|PWY-5392",39.7002195541031,-0.994497592761315,0.732262738829147,-1.3581157964578,0.188193021832336,0.431642718160123,FALSE,22,"","linda"
"14DICHLORBENZDEG-PWY|14DICHLORBENZDEG-PWY","EsteroZacatecas - ColaDeBallena","14DICHLORBENZDEG-PWY|14DICHLORBENZDEG-PWY",32.6877715545932,-0.427163773181271,0.571573892963845,-0.747346543359866,0.462768113630819,0.740595938555677,FALSE,22,"","linda"
"PWY-6084|PWY-6084","EsteroZacatecas - ColaDeBallena","PWY-6084|PWY-6084",32.6877715545932,-0.427163773181271,0.571573892963845,-0.747346543359866,0.462768113630819,0.740595938555677,FALSE,22,"","linda"
"PWY3DJ-12|PWY3DJ-12","EsteroZacatecas - ColaDeBallena","PWY3DJ-12|PWY3DJ-12",24.1208781989655,0.810539755008035,0.279515974109192,2.899797614756,0.00830925761612824,0.0516206722509884,FALSE,22,"","linda"
"ARGDEG-IV-PWY|ARGDEG-IV-PWY","EsteroZacatecas - ColaDeBallena","ARGDEG-IV-PWY|ARGDEG-IV-PWY",29.7411345824573,-0.16905037949112,0.445816633730889,-0.379192624726435,0.708180083440084,0.905768005777329,FALSE,22,"","linda"
"PWY0-1338|PWY0-1338","EsteroZacatecas - ColaDeBallena","PWY0-1338|PWY0-1338",28.8301507846612,-0.463335925034577,0.490080493712222,-0.945428212261496,0.354709110810715,0.657385313012163,FALSE,22,"","linda"
"PWY-1882|PWY-1882","EsteroZacatecas - ColaDeBallena","PWY-1882|PWY-1882",41.5986846921955,-1.41743925907869,0.375925343320756,-3.77053392186244,0.00105377580470303,0.0109227915141334,TRUE,22,"*","linda"
"PWY-7340|PWY-7340","EsteroZacatecas - ColaDeBallena","PWY-7340|PWY-7340",10.301897788235,1.95262993914775,0.418440229797234,4.6664488739382,0.000118500890991379,0.00215122774564424,TRUE,22,"**","linda"
"PWY-6676|PWY-6676","EsteroZacatecas - ColaDeBallena","PWY-6676|PWY-6676",20.3403523750221,-0.0792265474550206,0.607097277806266,-0.130500580963407,0.897356339686073,0.984611207914144,FALSE,22,"","linda"
"PWY-6087|PWY-6087","EsteroZacatecas - ColaDeBallena","PWY-6087|PWY-6087",22.6240032043255,0.257067079612873,0.468841466413025,0.548302780425165,0.589005249623479,0.843104162554378,FALSE,22,"","linda"
"PWY-6089|PWY-6089","EsteroZacatecas - ColaDeBallena","PWY-6089|PWY-6089",22.6240032043255,0.257067079612873,0.468841466413025,0.548302780425165,0.589005249623479,0.843104162554378,FALSE,22,"","linda"
"PWY-6193|PWY-6193","EsteroZacatecas - ColaDeBallena","PWY-6193|PWY-6193",22.6240032043255,0.257067079612873,0.468841466413025,0.548302780425165,0.589005249623479,0.843104162554378,FALSE,22,"","linda"
"PWY-6107|PWY-6107","EsteroZacatecas - ColaDeBallena","PWY-6107|PWY-6107",22.4643816131053,0.255893962320839,0.466734640333856,0.548264345962832,0.589031188108152,0.843104162554378,FALSE,22,"","linda"
"PWY-6944|PWY-6944","EsteroZacatecas - ColaDeBallena","PWY-6944|PWY-6944",15.4713951182999,1.31235100201422,0.344333604825261,3.81127773654332,0.000954597428764432,0.010807521524591,TRUE,22,"*","linda"
"PWY-6093|PWY-6093","EsteroZacatecas - ColaDeBallena","PWY-6093|PWY-6093",23.1973627492592,-0.138186306120822,0.52399777891326,-0.263715442472699,0.794453630777968,0.949122401293855,FALSE,22,"","linda"
"PWY-7337|PWY-7337","EsteroZacatecas - ColaDeBallena","PWY-7337|PWY-7337",8.83388389726392,1.96183014389388,0.420794861453587,4.66220080995515,0.000119734382874447,0.00215122774564424,TRUE,22,"**","linda"
"PWY-7338|PWY-7338","EsteroZacatecas - ColaDeBallena","PWY-7338|PWY-7338",8.83388389726392,1.96183014389388,0.420794861453587,4.66220080995515,0.000119734382874447,0.00215122774564424,TRUE,22,"**","linda"
"NAD-BIOSYNTHESIS-II|NAD-BIOSYNTHESIS-II","EsteroZacatecas - ColaDeBallena","NAD-BIOSYNTHESIS-II|NAD-BIOSYNTHESIS-II",26.1448414259217,-1.88981054965474,0.57140885712237,-3.30728256326279,0.00320619188110408,0.0278731842566952,TRUE,22,"*","linda"
"PWY-5507|PWY-5507","EsteroZacatecas - ColaDeBallena","PWY-5507|PWY-5507",12.8196059727647,-1.68106369780752,1.33218691649557,-1.26188275608479,0.220205976290973,0.488440416546644,FALSE,22,"","linda"
"PWY-3801|PWY-3801","EsteroZacatecas - ColaDeBallena","PWY-3801|PWY-3801",6.61798681434538,-1.76265969412038,1.60358575432524,-1.09919889807332,0.283565084466084,0.585599925391646,FALSE,22,"","linda"
"PCPDEG-PWY|PCPDEG-PWY","EsteroZacatecas - ColaDeBallena","PCPDEG-PWY|PCPDEG-PWY",33.0426110346937,-2.56753771833929,0.612872946848467,-4.1893474520978,0.000379959264778444,0.00602347187398769,TRUE,22,"**","linda"
"METHANOGENESIS-PWY|METHANOGENESIS-PWY","EsteroZacatecas - ColaDeBallena","METHANOGENESIS-PWY|METHANOGENESIS-PWY",27.441945215207,-2.15326843335881,0.719236675020438,-2.99382457561361,0.0066896500021528,0.045329881408907,TRUE,22,"*","linda"
"PWY-822|PWY-822","EsteroZacatecas - ColaDeBallena","PWY-822|PWY-822",15.2152961842395,-1.91757415898405,0.988205290255644,-1.94046133722678,0.0652464861820149,0.207091302027431,FALSE,22,"","linda"
"GALACTITOLCAT-PWY|GALACTITOLCAT-PWY","EsteroZacatecas - ColaDeBallena","GALACTITOLCAT-PWY|GALACTITOLCAT-PWY",7.55069604214285,0.204274999738219,0.912541346639683,0.223852870327943,0.824937516457215,0.966314106608706,FALSE,22,"","linda"
"PWY-722|PWY-722","EsteroZacatecas - ColaDeBallena","PWY-722|PWY-722",19.9376885342893,-1.54518879764768,0.905820587067144,-1.70584420326621,0.102117425292827,0.293181589393784,FALSE,22,"","linda"
"PWY-6471|PWY-6471","EsteroZacatecas - ColaDeBallena","PWY-6471|PWY-6471",0.419280545592121,-0.493654775059155,1.32515974306213,-0.37252472967405,0.71306690477406,0.905768005777329,FALSE,22,"","linda"
"PWY-6505|PWY-6505","EsteroZacatecas - ColaDeBallena","PWY-6505|PWY-6505",19.1467031198488,-1.54790796754217,0.692453227755964,-2.23539714380202,0.0358626838363054,0.137092103459352,FALSE,22,"","linda"
"AEROBACTINSYN-PWY|AEROBACTINSYN-PWY","EsteroZacatecas - ColaDeBallena","AEROBACTINSYN-PWY|AEROBACTINSYN-PWY",19.5146795104878,-0.639843213538447,0.533468120427487,-1.19940290532397,0.243130077061384,0.524188446144344,FALSE,22,"","linda"
"PWY-5644|PWY-5644","EsteroZacatecas - ColaDeBallena","PWY-5644|PWY-5644",19.640975305603,-0.561123777956948,0.357031527178594,-1.57163649493694,0.130307117865054,0.34094920645274,FALSE,22,"","linda"
"PWY-6075|PWY-6075","EsteroZacatecas - ColaDeBallena","PWY-6075|PWY-6075",12.7665506784428,0.257874864788421,0.433872041762554,0.594356953125707,0.558336768370362,0.831147281727239,FALSE,22,"","linda"
"PWY-7948|PWY-7948","EsteroZacatecas - ColaDeBallena","PWY-7948|PWY-7948",19.8914117910725,-1.74412784822584,0.448455297012102,-3.88918998135677,0.000789952654889842,0.0095187536604006,TRUE,22,"**","linda"
"PWY-6344|PWY-6344","EsteroZacatecas - ColaDeBallena","PWY-6344|PWY-6344",7.75197651687859,-1.88428028187074,1.04529432462923,-1.80263131394988,0.0851636144603847,0.252215319748062,FALSE,22,"","linda"
"PWY-8055|PWY-8055","EsteroZacatecas - ColaDeBallena","PWY-8055|PWY-8055",21.4191954144349,-3.05175517365195,0.67426034404478,-4.52607839183447,0.000166898156607302,0.00290187440036567,TRUE,22,"**","linda"
"PWY-7446|PWY-7446","EsteroZacatecas - ColaDeBallena","PWY-7446|PWY-7446",8.0854217122487,0.645515983571793,0.711210385406345,0.907630142665846,0.373908885057573,0.667340692205403,FALSE,22,"","linda"
"LACTOSECAT-PWY|LACTOSECAT-PWY","EsteroZacatecas - ColaDeBallena","LACTOSECAT-PWY|LACTOSECAT-PWY",6.67995848389562,-0.915956872110036,1.11521909957953,-0.821324592141025,0.420273195450613,0.714597010561136,FALSE,22,"","linda"
"PWY-7199|PWY-7199","EsteroZacatecas - ColaDeBallena","PWY-7199|PWY-7199",4.47457998203165,-1.55405486159455,1.10834686026672,-1.40213764959876,0.174827039418219,0.413066125907619,FALSE,22,"","linda"
"PWY-6961|PWY-6961","EsteroZacatecas - ColaDeBallena","PWY-6961|PWY-6961",12.1798346759964,-1.85326363222202,0.859670564336641,-2.15578351650563,0.0423015221490617,0.156167948207838,FALSE,22,"","linda"
"PWY-5183|PWY-5183","EsteroZacatecas - ColaDeBallena","PWY-5183|PWY-5183",6.73548263636909,-3.15460197186033,1.30444175148705,-2.41835403402575,0.0243157571114981,0.112018744299979,FALSE,22,"","linda"
"PWY-7209|PWY-7209","EsteroZacatecas - ColaDeBallena","PWY-7209|PWY-7209",7.38919628954973,-0.653133455839358,0.936975489777564,-0.697065678841193,0.49306257831477,0.767212344466966,FALSE,22,"","linda"
"PWY-6165|PWY-6165","EsteroZacatecas - ColaDeBallena","PWY-6165|PWY-6165",1.52039724475997,-1.43772598254535,1.42450823653273,-1.00927881332915,0.323813369302422,0.632374659615963,FALSE,22,"","linda"
"PWY-6928|PWY-6928","EsteroZacatecas - ColaDeBallena","PWY-6928|PWY-6928",13.3771249105618,-4.33559551890531,0.851544433516309,-5.09144954538919,4.22306742723115e-05,0.00119801754909347,TRUE,22,"**","linda"
"PWY-6947|PWY-6947","EsteroZacatecas - ColaDeBallena","PWY-6947|PWY-6947",13.3771249105618,-4.33559551890531,0.851544433516309,-5.09144954538919,4.22306742723115e-05,0.00119801754909347,TRUE,22,"**","linda"
"PWY-4041|PWY-4041","EsteroZacatecas - ColaDeBallena","PWY-4041|PWY-4041",12.4533157979538,-1.24724410716412,0.302543203653662,-4.12253222713907,0.00044730060687178,0.00645450586367748,TRUE,22,"**","linda"
"ECASYN-PWY|ECASYN-PWY","EsteroZacatecas - ColaDeBallena","ECASYN-PWY|ECASYN-PWY",5.8173290550518,-1.10608994513053,1.06024646181101,-1.04323851573267,0.308166632931995,0.609850008110669,FALSE,22,"","linda"
"PWY-5823|PWY-5823","EsteroZacatecas - ColaDeBallena","PWY-5823|PWY-5823",9.49354071880621,-5.50997050002184,0.836617796313988,-6.5860068053751,1.26821613175392e-06,5.69640412512802e-05,TRUE,22,"***","linda"
"PWY-5265|PWY-5265","EsteroZacatecas - ColaDeBallena","PWY-5265|PWY-5265",0.524722822909916,-0.894779519392568,1.39005284396006,-0.643701801180068,0.526422939553288,0.80380159892131,FALSE,22,"","linda"
"PWY4LZ-257|PWY4LZ-257","EsteroZacatecas - ColaDeBallena","PWY4LZ-257|PWY4LZ-257",3.18304391599136,-1.43723047040815,1.33145177802288,-1.07944613100622,0.292081678504051,0.598600854424652,FALSE,22,"","linda"
"PWY-5677|PWY-5677","EsteroZacatecas - ColaDeBallena","PWY-5677|PWY-5677",3.25548003274621,-1.47670995998629,1.13024772049076,-1.30653655231005,0.204864616951415,0.462016855802564,FALSE,22,"","linda"
"PWY-5179|PWY-5179","EsteroZacatecas - ColaDeBallena","PWY-5179|PWY-5179",4.51220092270241,-2.87573716420494,1.18786273771881,-2.42093389487708,0.0241808186717556,0.112018744299979,FALSE,22,"","linda"
"PWY4FS-5|PWY4FS-5","EsteroZacatecas - ColaDeBallena","PWY4FS-5|PWY4FS-5",2.15804875587689,-0.407793901605759,1.2038146402253,-0.338751405722595,0.738008912088095,0.921815085468111,FALSE,22,"","linda"
"PWY-6662|PWY-6662","EsteroZacatecas - ColaDeBallena","PWY-6662|PWY-6662",4.36026591121967,0.391026039338648,0.562085811542739,0.695669649204294,0.49391963549172,0.767212344466966,FALSE,22,"","linda"
"PWY-7654|PWY-7654","EsteroZacatecas - ColaDeBallena","PWY-7654|PWY-7654",1.37518120896275,1.96662589298736,0.987652536067395,1.99121231523185,0.0590188189530028,0.197584741712227,FALSE,22,"","linda"
"PWY-762|PWY-762","EsteroZacatecas - ColaDeBallena","PWY-762|PWY-762",0.980431574497027,1.03331084253262,1.22065588698428,0.846521000349654,0.406376480020995,0.703834495747688,FALSE,22,"","linda"
"PWY-6808|PWY-6808","EsteroZacatecas - ColaDeBallena","PWY-6808|PWY-6808",2.46293856492356,-2.11747820051968,1.02118644891453,-2.07354710079678,0.0500329988007847,0.174209846231288,FALSE,22,"","linda"
"PWY-6160|PWY-6160","EsteroZacatecas - ColaDeBallena","PWY-6160|PWY-6160",0.94493895294223,-1.30837719207468,1.15532439604485,-1.13247603578164,0.269626770572396,0.565481826219927,FALSE,22,"","linda"
"PWY-6629|PWY-6629","EsteroZacatecas - ColaDeBallena","PWY-6629|PWY-6629",5.19643172194121,-5.47539555410912,0.557052456441212,-9.82922791345227,1.6499598695074e-09,3.75181134180886e-07,TRUE,22,"***","linda"
"PWY-5645|PWY-5645","EsteroZacatecas - ColaDeBallena","PWY-5645|PWY-5645",1.15258330389097,-0.501005001003814,1.1237352741056,-0.445838991218438,0.660070354408394,0.879147865414851,FALSE,22,"","linda"
"PWY-5488|PWY-5488","EsteroZacatecas - ColaDeBallena","PWY-5488|PWY-5488",1.32773381545352,0.423479451001198,0.875528389564256,0.483684431080482,0.633389334545672,0.8689532446921,FALSE,22,"","linda"
"PWY-6143|PWY-6143","EsteroZacatecas - ColaDeBallena","PWY-6143|PWY-6143",2.23560674808068,-2.59741025011316,0.826699729464649,-3.14190286695169,0.00473676580710805,0.0359593911272006,TRUE,22,"*","linda"
"PWY-6873|PWY-6873","EsteroZacatecas - ColaDeBallena","PWY-6873|PWY-6873",1.40541351183002,-1.07723632978219,1.02010983698251,-1.05600033518808,0.302427119566607,0.607374105633495,FALSE,22,"","linda"
"PWY-7644|PWY-7644","EsteroZacatecas - ColaDeBallena","PWY-7644|PWY-7644",0.678471287675539,0.287273229498401,1.06831358253331,0.268903470100217,0.790509656718318,0.949122401293855,FALSE,22,"","linda"
"P341-PWY|P341-PWY","EsteroZacatecas - ColaDeBallena","P341-PWY|P341-PWY",1.15078883788403,0.366952954576727,0.896817644048374,0.409172318377061,0.686369369013272,0.896970102061789,FALSE,22,"","linda"
"PWY-4722|PWY-4722","EsteroZacatecas - ColaDeBallena","PWY-4722|PWY-4722",0.724230732298705,-2.17474113700966,0.918691024835823,-2.36721713635801,0.0271384661895279,0.117021066209244,FALSE,22,"","linda"
"PWY-3941|PWY-3941","EsteroZacatecas - ColaDeBallena","PWY-3941|PWY-3941",0.595312803899551,-0.901496741210671,1.01456571011034,-0.888554316617525,0.383855158085469,0.682831452831906,FALSE,22,"","linda"
"TRPSYN-PWY|TRPSYN-PWY","EsteroZacatecas - ColaDeBallena","TRPSYN-PWY|TRPSYN-PWY",2.66142601949359,-4.51007372234285,0.474624709115138,-9.50239976075237,3.03033922456167e-09,4.08338210509685e-07,TRUE,22,"***","linda"
"SPHINGOLIPID-SYN-PWY|SPHINGOLIPID-SYN-PWY","EsteroZacatecas - ColaDeBallena","SPHINGOLIPID-SYN-PWY|SPHINGOLIPID-SYN-PWY",1.07422481408679,-0.749084317349049,0.85575070553531,-0.875353432376621,0.39083869147077,0.690695261320475,FALSE,22,"","linda"
"PWY-7574|PWY-7574","EsteroZacatecas - ColaDeBallena","PWY-7574|PWY-7574",0.536739990476236,-0.811032350488249,0.965685209915133,-0.839851684752969,0.410026032773235,0.703834495747688,FALSE,22,"","linda"
"TRIGLSYN-PWY|TRIGLSYN-PWY","EsteroZacatecas - ColaDeBallena","TRIGLSYN-PWY|TRIGLSYN-PWY",0.872840141312603,-2.43878121111298,0.865870311949191,-2.81656638119738,0.0100499440396566,0.0588795634497272,FALSE,22,"","linda"
"PWY-5499|PWY-5499","EsteroZacatecas - ColaDeBallena","PWY-5499|PWY-5499",0.453406409236669,-0.630328531842129,0.89040810498039,-0.707909697043931,0.486434262341107,0.76663177602882,FALSE,22,"","linda"
"PWY66-374|PWY66-374","EsteroZacatecas - ColaDeBallena","PWY66-374|PWY66-374",0.851831626326816,-0.782326253817433,0.832137313715959,-0.940140816812923,0.357354168297892,0.657385313012163,FALSE,22,"","linda"
"PWY-4702|PWY-4702","EsteroZacatecas - ColaDeBallena","PWY-4702|PWY-4702",0.167413034116866,2.73569228965969,0.734535571046298,3.72438367520156,0.00117844342464761,0.0117626112200938,TRUE,22,"*","linda"
"PWY66-301|PWY66-301","EsteroZacatecas - ColaDeBallena","PWY66-301|PWY66-301",0.475203643486412,-0.0533218287406528,0.843497337187739,-0.0632151713939374,0.950166015444895,0.984611207914144,FALSE,22,"","linda"
"PWY-7024|PWY-7024","EsteroZacatecas - ColaDeBallena","PWY-7024|PWY-7024",0.116077714678177,1.42613564890065,0.674731963652158,2.11363285827061,0.046118403483361,0.163538286036392,FALSE,22,"","linda"
"PWY-7290|PWY-7290","EsteroZacatecas - ColaDeBallena","PWY-7290|PWY-7290",0.116077714678176,1.83145397230653,0.783942025087103,2.33621098716201,0.0289941366816423,0.121848455029017,FALSE,22,"","linda"
"PWY-5744|PWY-5744","EsteroZacatecas - ColaDeBallena","PWY-5744|PWY-5744",0.116077714678177,1.38236068394875,0.653739977183022,2.11454206901247,0.0460329004821979,0.163538286036392,FALSE,22,"","linda"
"PWY-5733|PWY-5733","EsteroZacatecas - ColaDeBallena","PWY-5733|PWY-5733",0.809472596497344,-1.36551750860388,0.639858801859889,-2.1340919350249,0.0442286121400003,0.161075823942298,FALSE,22,"","linda"
"ARGDEG-PWY|ARGDEG-PWY","EsteroZacatecas - ColaDeBallena","ARGDEG-PWY|ARGDEG-PWY",0.162098528830936,0.789439976431984,0.802461680624741,0.983772802481212,0.335923454956473,0.644351395806189,FALSE,22,"","linda"
"ORNARGDEG-PWY|ORNARGDEG-PWY","EsteroZacatecas - ColaDeBallena","ORNARGDEG-PWY|ORNARGDEG-PWY",0.162098528830936,0.789439976431984,0.802461680624741,0.983772802481212,0.335923454956473,0.644351395806189,FALSE,22,"","linda"
"PWY-5743|PWY-5743","EsteroZacatecas - ColaDeBallena","PWY-5743|PWY-5743",0.116077714678177,1.31594071742756,0.620472555831233,2.12086853005871,0.0454418947363549,0.163287875085969,FALSE,22,"","linda"
"PWY-8190|PWY-8190","EsteroZacatecas - ColaDeBallena","PWY-8190|PWY-8190",0.344121459235981,-1.55886402428381,0.65220700690905,-2.39013688563636,0.0258378412210649,0.115203493207385,FALSE,22,"","linda"
"PWY-5067|PWY-5067","EsteroZacatecas - ColaDeBallena","PWY-5067|PWY-5067",0.485678659605473,-1.82200201688519,0.641052832931171,-2.8422025818905,0.00947981038414275,0.0567063701427921,FALSE,22,"","linda"
"PWY-6328|PWY-6328","EsteroZacatecas - ColaDeBallena","PWY-6328|PWY-6328",0.359412192373289,-0.525945353396837,0.727082305419209,-0.723364259419842,0.477077403607266,0.758538998655801,FALSE,22,"","linda"
"PWY-6148|PWY-6148","EsteroZacatecas - ColaDeBallena","PWY-6148|PWY-6148",0.37094703413439,-0.4323649254362,0.730095407915131,-0.592203321304083,0.559752250959161,0.831147281727239,FALSE,22,"","linda"
"PWY-5494|PWY-5494","EsteroZacatecas - ColaDeBallena","PWY-5494|PWY-5494",0.32287013583219,-1.46690016741694,0.613842456990713,-2.38970138137436,0.0258620086792088,0.115203493207385,FALSE,22,"","linda"
"PWY-7409|PWY-7409","EsteroZacatecas - ColaDeBallena","PWY-7409|PWY-7409",0.159410365911963,0.413794564687298,0.734084162429506,0.563688178911004,0.578667577040668,0.843104162554378,FALSE,22,"","linda"
"PWY-7420|PWY-7420","EsteroZacatecas - ColaDeBallena","PWY-7420|PWY-7420",0.463963631614689,-1.68158790945703,0.592551413773131,-2.83787679916135,0.00957380275138049,0.0567063701427921,FALSE,22,"","linda"
"PWY-5995|PWY-5995","EsteroZacatecas - ColaDeBallena","PWY-5995|PWY-5995",0.155342996233061,0.374989266991564,0.671188931178341,0.558694057026882,0.582013195809336,0.843104162554378,FALSE,22,"","linda"
"PWY-6942|PWY-6942","EsteroZacatecas - ColaDeBallena","PWY-6942|PWY-6942",0.293193147570373,-0.60777713793018,0.629989308151622,-0.964741988579755,0.345159862250641,0.652776020186299,FALSE,22,"","linda"
"PWY-6760|PWY-6760","EsteroZacatecas - ColaDeBallena","PWY-6760|PWY-6760",0.141752776111372,0.705990620189364,0.609142872873083,1.15899020021278,0.258886012530721,0.552116430380679,FALSE,22,"","linda"
"PWY-7128|PWY-7128","EsteroZacatecas - ColaDeBallena","PWY-7128|PWY-7128",0.116077714678177,1.00893345980403,0.51192666295234,1.97085546196285,0.0614506199426493,0.200435502515791,FALSE,22,"","linda"
"PWY-6060|PWY-6060","EsteroZacatecas - ColaDeBallena","PWY-6060|PWY-6060",0.116077714678177,1.0987670024708,0.479764377353581,2.29022214723755,0.0319620997502918,0.130511907313691,FALSE,22,"","linda"
"PWY-6030|PWY-6030","EsteroZacatecas - ColaDeBallena","PWY-6030|PWY-6030",0.116077714678177,1.19739114655615,0.526139038286179,2.27580745663062,0.0329481765271507,0.132505802863341,FALSE,22,"","linda"
"PWY-8181|PWY-8181","EsteroZacatecas - ColaDeBallena","PWY-8181|PWY-8181",0.116077714678177,0.966324671554379,0.493984180235797,1.95618546143141,0.0632576487048285,0.204166902107201,FALSE,22,"","linda"
"PWY-6993|PWY-6993","EsteroZacatecas - ColaDeBallena","PWY-6993|PWY-6993",0.132738330038815,0.652159617271531,0.477292095492468,1.36637422540726,0.185625857394531,0.4275740903233,FALSE,22,"","linda"
"PWY-5466|PWY-5466","EsteroZacatecas - ColaDeBallena","PWY-5466|PWY-5466",0.116077714678177,1.08335719281099,0.483331937000802,2.2414351502065,0.035412762491983,0.136339135594135,FALSE,22,"","linda"
"PWY-5818|PWY-5818","EsteroZacatecas - ColaDeBallena","PWY-5818|PWY-5818",0.139402017229398,-0.255197601693525,0.293653247441201,-0.86904403039038,0.394205467390045,0.692327932452511,FALSE,22,"","linda"
"PWY-5109|PWY-5109","EsteroZacatecas - ColaDeBallena","PWY-5109|PWY-5109",0.116077714678177,0.629897074412695,0.32348582352189,1.94721693691183,0.0643853569242949,0.20656968679878,FALSE,22,"","linda"
"PWY-7787|PWY-7787","EsteroZacatecas - ColaDeBallena","PWY-7787|PWY-7787",0.136512897862656,-0.224983428411465,0.224564445375785,-1.00186575855755,0.327301304826072,0.636878712278891,FALSE,22,"","linda"
"PWY-7136|PWY-7136","EsteroZacatecas - ColaDeBallena","PWY-7136|PWY-7136",0.127206397565202,-0.123117393300095,0.173570756347163,-0.709321062436605,0.485575379643253,0.76663177602882,FALSE,22,"","linda"
