"","Comparison","Taxa","kw.ep","kw.eBH","glm.ep","glm.eBH","P.adj","Significance","Method"
"PWY0-1586|PWY0-1586","February_ColaDeBallena - February_EsteroZacatecas - September_ColaDeBallena - September_EsteroZacatecas","PWY0-1586|PWY0-1586",0.00314139783313689,0.00593205308954143,6.38574651318293e-06,1.73681075596689e-05,0.00593205308954143,"**","ALDEx2_kw"
"PWY66-389|PWY66-389","February_ColaDeBallena - February_EsteroZacatecas - September_ColaDeBallena - September_EsteroZacatecas","PWY66-389|PWY66-389",0.00135357574742577,0.00439558990884171,8.8118411076654e-06,2.21115244497025e-05,0.00439558990884171,"**","ALDEx2_kw"
"PWY-7094|PWY-7094","February_ColaDeBallena - February_EsteroZacatecas - September_ColaDeBallena - September_EsteroZacatecas","PWY-7094|PWY-7094",0.000423701667073547,0.00369648923800671,8.61155225374365e-07,3.75755300892647e-06,0.00369648923800671,"**","ALDEx2_kw"
"PWY-7663|PWY-7663","February_ColaDeBallena - February_EsteroZacatecas - September_ColaDeBallena - September_EsteroZacatecas","PWY-7663|PWY-7663",0.00310451091716684,0.00596882779466316,0.00026822933274771,0.000411380685141678,0.00596882779466316,"**","ALDEx2_kw"
"PWY-5973|PWY-5973","February_ColaDeBallena - February_EsteroZacatecas - September_ColaDeBallena - September_EsteroZacatecas","PWY-5973|PWY-5973",0.00451281289918217,0.00734503984318816,0.000906786697128075,0.00128233904140637,0.00734503984318816,"**","ALDEx2_kw"
"VALSYN-PWY|VALSYN-PWY","February_ColaDeBallena - February_EsteroZacatecas - September_ColaDeBallena - September_EsteroZacatecas","VALSYN-PWY|VALSYN-PWY",0.000640962625666654,0.00375887465599073,4.09548265657592e-06,1.23765699465899e-05,0.00375887465599073,"**","ALDEx2_kw"
"PWY-1042|PWY-1042","February_ColaDeBallena - February_EsteroZacatecas - September_ColaDeBallena - September_EsteroZacatecas","PWY-1042|PWY-1042",0.00357418179142854,0.00625697049613001,0.000220878249527885,0.000345582514708665,0.00625697049613001,"**","ALDEx2_kw"
"PWY-5136|PWY-5136","February_ColaDeBallena - February_EsteroZacatecas - September_ColaDeBallena - September_EsteroZacatecas","PWY-5136|PWY-5136",0.000537759376695365,0.00372876667305369,1.75659538079902e-06,6.4633662997626e-06,0.00372876667305369,"**","ALDEx2_kw"
"ILEUSYN-PWY|ILEUSYN-PWY","February_ColaDeBallena - February_EsteroZacatecas - September_ColaDeBallena - September_EsteroZacatecas","ILEUSYN-PWY|ILEUSYN-PWY",0.0010739089788746,0.00413095409679147,5.88254898380237e-06,1.6320559410902e-05,0.00413095409679147,"**","ALDEx2_kw"
"PWY-5667|PWY-5667","February_ColaDeBallena - February_EsteroZacatecas - September_ColaDeBallena - September_EsteroZacatecas","PWY-5667|PWY-5667",0.00245235999049739,0.00544396781196059,9.43159379189841e-05,0.000161764447174266,0.00544396781196059,"**","ALDEx2_kw"
"PWY0-1319|PWY0-1319","February_ColaDeBallena - February_EsteroZacatecas - September_ColaDeBallena - September_EsteroZacatecas","PWY0-1319|PWY0-1319",0.00247624218316507,0.00545445497062575,9.72576824211881e-05,0.000166298125233807,0.00545445497062575,"**","ALDEx2_kw"
"PWY-5695|PWY-5695","February_ColaDeBallena - February_EsteroZacatecas - September_ColaDeBallena - September_EsteroZacatecas","PWY-5695|PWY-5695",0.000472144747745648,0.00371145524379479,4.10447211161605e-07,2.14879779609833e-06,0.00371145524379479,"**","ALDEx2_kw"
"SER-GLYSYN-PWY|SER-GLYSYN-PWY","February_ColaDeBallena - February_EsteroZacatecas - September_ColaDeBallena - September_EsteroZacatecas","SER-GLYSYN-PWY|SER-GLYSYN-PWY",0.00281870611974801,0.00571013468685851,1.69539345638304e-05,3.64547211231825e-05,0.00571013468685851,"**","ALDEx2_kw"
"PHOSLIPSYN-PWY|PHOSLIPSYN-PWY","February_ColaDeBallena - February_EsteroZacatecas - September_ColaDeBallena - September_EsteroZacatecas","PHOSLIPSYN-PWY|PHOSLIPSYN-PWY",0.000810224005339347,0.0038972421840212,1.19584724572053e-05,2.77669686105424e-05,0.0038972421840212,"**","ALDEx2_kw"
"NONOXIPENT-PWY|NONOXIPENT-PWY","February_ColaDeBallena - February_EsteroZacatecas - September_ColaDeBallena - September_EsteroZacatecas","NONOXIPENT-PWY|NONOXIPENT-PWY",0.00421387313151368,0.00680678210562466,1.10407561421593e-05,2.61298817974011e-05,0.00680678210562466,"**","ALDEx2_kw"
"PWY-5659|PWY-5659","February_ColaDeBallena - February_EsteroZacatecas - September_ColaDeBallena - September_EsteroZacatecas","PWY-5659|PWY-5659",0.00194641111602014,0.0049753776081525,7.18794153817416e-05,0.000127577495753134,0.0049753776081525,"**","ALDEx2_kw"
"PWY-6122|PWY-6122","February_ColaDeBallena - February_EsteroZacatecas - September_ColaDeBallena - September_EsteroZacatecas","PWY-6122|PWY-6122",0.00120644792900673,0.00425825442593765,3.07475905308416e-06,9.94367194892292e-06,0.00425825442593765,"**","ALDEx2_kw"
"PWY-6277|PWY-6277","February_ColaDeBallena - February_EsteroZacatecas - September_ColaDeBallena - September_EsteroZacatecas","PWY-6277|PWY-6277",0.00121217948104474,0.00425976074848936,3.13281253437129e-06,1.00593589381085e-05,0.00425976074848936,"**","ALDEx2_kw"
"SALVADEHYPOX-PWY|SALVADEHYPOX-PWY","February_ColaDeBallena - February_EsteroZacatecas - September_ColaDeBallena - September_EsteroZacatecas","SALVADEHYPOX-PWY|SALVADEHYPOX-PWY",0.000483961880171986,0.00371459976872876,9.68093165497232e-08,7.13916790591841e-07,0.00371459976872876,"**","ALDEx2_kw"
"PWY-7111|PWY-7111","February_ColaDeBallena - February_EsteroZacatecas - September_ColaDeBallena - September_EsteroZacatecas","PWY-7111|PWY-7111",0.00148986680873563,0.00453811353819156,1.19259515160152e-05,2.76852362186438e-05,0.00453811353819156,"**","ALDEx2_kw"
"PWY-8178|PWY-8178","February_ColaDeBallena - February_EsteroZacatecas - September_ColaDeBallena - September_EsteroZacatecas","PWY-8178|PWY-8178",0.00407955898733884,0.0066847756409369,3.80521632308971e-05,7.22533947328845e-05,0.0066847756409369,"**","ALDEx2_kw"
"PWY-6969|PWY-6969","February_ColaDeBallena - February_EsteroZacatecas - September_ColaDeBallena - September_EsteroZacatecas","PWY-6969|PWY-6969",0.00125128505033094,0.00430839170725966,6.96367882710257e-05,0.000122644992583978,0.00430839170725966,"**","ALDEx2_kw"
"PWY-6121|PWY-6121","February_ColaDeBallena - February_EsteroZacatecas - September_ColaDeBallena - September_EsteroZacatecas","PWY-6121|PWY-6121",0.00187188588424142,0.00494033716173241,6.21281903796711e-06,1.70107743902376e-05,0.00494033716173241,"**","ALDEx2_kw"
"PWY4FS-7|PWY4FS-7","February_ColaDeBallena - February_EsteroZacatecas - September_ColaDeBallena - September_EsteroZacatecas","PWY4FS-7|PWY4FS-7",0.000847672831314463,0.00394131805764995,1.29826618719987e-05,2.95252870329626e-05,0.00394131805764995,"**","ALDEx2_kw"
"PWY4FS-8|PWY4FS-8","February_ColaDeBallena - February_EsteroZacatecas - September_ColaDeBallena - September_EsteroZacatecas","PWY4FS-8|PWY4FS-8",0.000825667507979085,0.00391629361401558,1.21686772614376e-05,2.82043186717608e-05,0.00391629361401558,"**","ALDEx2_kw"
"PWY-3001|PWY-3001","February_ColaDeBallena - February_EsteroZacatecas - September_ColaDeBallena - September_EsteroZacatecas","PWY-3001|PWY-3001",0.00220601632151866,0.00521853172170337,7.55722124438666e-06,1.96730199320081e-05,0.00521853172170337,"**","ALDEx2_kw"
"PWY-5103|PWY-5103","February_ColaDeBallena - February_EsteroZacatecas - September_ColaDeBallena - September_EsteroZacatecas","PWY-5103|PWY-5103",0.00147073191379136,0.0045212146180161,7.09658412748038e-06,1.87380416564082e-05,0.0045212146180161,"**","ALDEx2_kw"
"PWY-7977|PWY-7977","February_ColaDeBallena - February_EsteroZacatecas - September_ColaDeBallena - September_EsteroZacatecas","PWY-7977|PWY-7977",0.00281450960340352,0.00572242642728794,1.57116818290306e-05,3.43150585432187e-05,0.00572242642728794,"**","ALDEx2_kw"
"THRESYN-PWY|THRESYN-PWY","February_ColaDeBallena - February_EsteroZacatecas - September_ColaDeBallena - September_EsteroZacatecas","THRESYN-PWY|THRESYN-PWY",0.00267765782902971,0.00562039013087057,8.68631692330053e-06,2.17878303745494e-05,0.00562039013087057,"**","ALDEx2_kw"
"PWY-5686|PWY-5686","February_ColaDeBallena - February_EsteroZacatecas - September_ColaDeBallena - September_EsteroZacatecas","PWY-5686|PWY-5686",0.00392624739761972,0.00654762659447001,1.11595221802972e-05,2.62984917007061e-05,0.00654762659447001,"**","ALDEx2_kw"
"PWY-7790|PWY-7790","February_ColaDeBallena - February_EsteroZacatecas - September_ColaDeBallena - September_EsteroZacatecas","PWY-7790|PWY-7790",0.00386575358327656,0.00649941006947079,1.12022582432441e-05,2.63831924944369e-05,0.00649941006947079,"**","ALDEx2_kw"
"PWY-7791|PWY-7791","February_ColaDeBallena - February_EsteroZacatecas - September_ColaDeBallena - September_EsteroZacatecas","PWY-7791|PWY-7791",0.00388428689363302,0.00651026917699737,1.11699449190935e-05,2.63391857537664e-05,0.00651026917699737,"**","ALDEx2_kw"
"BRANCHED-CHAIN-AA-SYN-PWY|BRANCHED-CHAIN-AA-SYN-PWY","February_ColaDeBallena - February_EsteroZacatecas - September_ColaDeBallena - September_EsteroZacatecas","BRANCHED-CHAIN-AA-SYN-PWY|BRANCHED-CHAIN-AA-SYN-PWY",0.0036213640525135,0.00630786923913177,2.42865869513112e-05,4.90149414145019e-05,0.00630786923913177,"**","ALDEx2_kw"
"PWY-6147|PWY-6147","February_ColaDeBallena - February_EsteroZacatecas - September_ColaDeBallena - September_EsteroZacatecas","PWY-6147|PWY-6147",0.00175888443098043,0.00479992113648973,6.26399588766215e-06,1.71299924786438e-05,0.00479992113648973,"**","ALDEx2_kw"
"DTDPRHAMSYN-PWY|DTDPRHAMSYN-PWY","February_ColaDeBallena - February_EsteroZacatecas - September_ColaDeBallena - September_EsteroZacatecas","DTDPRHAMSYN-PWY|DTDPRHAMSYN-PWY",0.00240799990383244,0.00538953809098581,5.87330447808439e-06,1.61553184276614e-05,0.00538953809098581,"**","ALDEx2_kw"
"COMPLETE-ARO-PWY|COMPLETE-ARO-PWY","February_ColaDeBallena - February_EsteroZacatecas - September_ColaDeBallena - September_EsteroZacatecas","COMPLETE-ARO-PWY|COMPLETE-ARO-PWY",0.00294851538760922,0.00579682420334298,2.37220409245918e-05,4.81723019171122e-05,0.00579682420334298,"**","ALDEx2_kw"
"CALVIN-PWY|CALVIN-PWY","February_ColaDeBallena - February_EsteroZacatecas - September_ColaDeBallena - September_EsteroZacatecas","CALVIN-PWY|CALVIN-PWY",0.00175673927714745,0.00480782417251088,6.37359356623996e-06,1.73335128793964e-05,0.00480782417251088,"**","ALDEx2_kw"
"PWY-6385|PWY-6385","February_ColaDeBallena - February_EsteroZacatecas - September_ColaDeBallena - September_EsteroZacatecas","PWY-6385|PWY-6385",0.00215405811692317,0.0051980240159383,1.00360225346264e-05,2.42981685026386e-05,0.0051980240159383,"**","ALDEx2_kw"
"SULFATE-CYS-PWY|SULFATE-CYS-PWY","February_ColaDeBallena - February_EsteroZacatecas - September_ColaDeBallena - September_EsteroZacatecas","SULFATE-CYS-PWY|SULFATE-CYS-PWY",0.00454090172543489,0.00716137144019509,2.22071411672426e-05,4.57510762451465e-05,0.00716137144019509,"**","ALDEx2_kw"
"PWY-2942|PWY-2942","February_ColaDeBallena - February_EsteroZacatecas - September_ColaDeBallena - September_EsteroZacatecas","PWY-2942|PWY-2942",0.00277158846046401,0.00567427011009324,2.04037089607828e-05,4.24607455586412e-05,0.00567427011009324,"**","ALDEx2_kw"
"P42-PWY|P42-PWY","February_ColaDeBallena - February_EsteroZacatecas - September_ColaDeBallena - September_EsteroZacatecas","P42-PWY|P42-PWY",0.0036129230205554,0.0064690922829398,0.000243857780893532,0.000378561032562057,0.0064690922829398,"**","ALDEx2_kw"
"PWY-7228|PWY-7228","February_ColaDeBallena - February_EsteroZacatecas - September_ColaDeBallena - September_EsteroZacatecas","PWY-7228|PWY-7228",0.00164612867442196,0.00469634519644373,7.76548006797941e-06,2.00285540441343e-05,0.00469634519644373,"**","ALDEx2_kw"
"PWY-7953|PWY-7953","February_ColaDeBallena - February_EsteroZacatecas - September_ColaDeBallena - September_EsteroZacatecas","PWY-7953|PWY-7953",0.00205822545799887,0.00510625746892898,7.41546484916057e-06,1.94285437298824e-05,0.00510625746892898,"**","ALDEx2_kw"
"GLYCOLYSIS|GLYCOLYSIS","February_ColaDeBallena - February_EsteroZacatecas - September_ColaDeBallena - September_EsteroZacatecas","GLYCOLYSIS|GLYCOLYSIS",0.00322562722406528,0.00602917726732307,0.000259600421390628,0.00040146273154423,0.00602917726732307,"**","ALDEx2_kw"
"PWY-7220|PWY-7220","February_ColaDeBallena - February_EsteroZacatecas - September_ColaDeBallena - September_EsteroZacatecas","PWY-7220|PWY-7220",0.00333731620500561,0.0060613882675321,1.19389123398707e-05,2.77089164689726e-05,0.0060613882675321,"**","ALDEx2_kw"
"PWY-7222|PWY-7222","February_ColaDeBallena - February_EsteroZacatecas - September_ColaDeBallena - September_EsteroZacatecas","PWY-7222|PWY-7222",0.00332383196852404,0.00605885744458616,1.16855877871889e-05,2.71914548971771e-05,0.00605885744458616,"**","ALDEx2_kw"
"POLYISOPRENSYN-PWY|POLYISOPRENSYN-PWY","February_ColaDeBallena - February_EsteroZacatecas - September_ColaDeBallena - September_EsteroZacatecas","POLYISOPRENSYN-PWY|POLYISOPRENSYN-PWY",0.00275127657371583,0.00566655922233659,9.82678970663785e-05,0.000167483924734371,0.00566655922233659,"**","ALDEx2_kw"
"PWY-5097|PWY-5097","February_ColaDeBallena - February_EsteroZacatecas - September_ColaDeBallena - September_EsteroZacatecas","PWY-5097|PWY-5097",0.00307355936192481,0.00588562024748232,2.2078237639915e-05,4.53153579303284e-05,0.00588562024748232,"**","ALDEx2_kw"
"PWY-6125|PWY-6125","February_ColaDeBallena - February_EsteroZacatecas - September_ColaDeBallena - September_EsteroZacatecas","PWY-6125|PWY-6125",0.00180528500770692,0.00486688405464143,8.11854430006025e-06,2.07628389959883e-05,0.00486688405464143,"**","ALDEx2_kw"
"PWY-5130|PWY-5130","February_ColaDeBallena - February_EsteroZacatecas - September_ColaDeBallena - September_EsteroZacatecas","PWY-5130|PWY-5130",0.000655802207021435,0.00375151091925072,3.16474877364181e-06,1.01105164423868e-05,0.00375151091925072,"**","ALDEx2_kw"
"PWY-6387|PWY-6387","February_ColaDeBallena - February_EsteroZacatecas - September_ColaDeBallena - September_EsteroZacatecas","PWY-6387|PWY-6387",0.00233264246069057,0.00533937606286993,1.04919496765744e-05,2.51770174595365e-05,0.00533937606286993,"**","ALDEx2_kw"
"PWY-841|PWY-841","February_ColaDeBallena - February_EsteroZacatecas - September_ColaDeBallena - September_EsteroZacatecas","PWY-841|PWY-841",0.00236279243739079,0.00535957404714402,1.52082130029313e-05,3.34339699725017e-05,0.00535957404714402,"**","ALDEx2_kw"
"PWY-7221|PWY-7221","February_ColaDeBallena - February_EsteroZacatecas - September_ColaDeBallena - September_EsteroZacatecas","PWY-7221|PWY-7221",0.00110886117034162,0.00417278613837854,7.65932675683362e-06,1.98400555655062e-05,0.00417278613837854,"**","ALDEx2_kw"
"ARO-PWY|ARO-PWY","February_ColaDeBallena - February_EsteroZacatecas - September_ColaDeBallena - September_EsteroZacatecas","ARO-PWY|ARO-PWY",0.00305308195707836,0.00586310747472329,2.74422099313905e-05,5.44310902685802e-05,0.00586310747472329,"**","ALDEx2_kw"
"PWY-5484|PWY-5484","February_ColaDeBallena - February_EsteroZacatecas - September_ColaDeBallena - September_EsteroZacatecas","PWY-5484|PWY-5484",0.0036214337365064,0.00636415841213865,0.000389063959934484,0.000581804345094163,0.00636415841213865,"**","ALDEx2_kw"
"PEPTIDOGLYCANSYN-PWY|PEPTIDOGLYCANSYN-PWY","February_ColaDeBallena - February_EsteroZacatecas - September_ColaDeBallena - September_EsteroZacatecas","PEPTIDOGLYCANSYN-PWY|PEPTIDOGLYCANSYN-PWY",0.00207703607491788,0.00512176759067346,9.16347581856959e-06,2.27211029897047e-05,0.00512176759067346,"**","ALDEx2_kw"
"DAPLYSINESYN-PWY|DAPLYSINESYN-PWY","February_ColaDeBallena - February_EsteroZacatecas - September_ColaDeBallena - September_EsteroZacatecas","DAPLYSINESYN-PWY|DAPLYSINESYN-PWY",0.00140473282265279,0.00445084788138168,1.67846298879915e-05,3.62671823939985e-05,0.00445084788138168,"**","ALDEx2_kw"
"FAO-PWY|FAO-PWY","February_ColaDeBallena - February_EsteroZacatecas - September_ColaDeBallena - September_EsteroZacatecas","FAO-PWY|FAO-PWY",0.000360528195701877,0.00369292726110155,1.81193065026107e-07,1.13498114153879e-06,0.00369292726110155,"**","ALDEx2_kw"
"GLUCOSE1PMETAB-PWY|GLUCOSE1PMETAB-PWY","February_ColaDeBallena - February_EsteroZacatecas - September_ColaDeBallena - September_EsteroZacatecas","GLUCOSE1PMETAB-PWY|GLUCOSE1PMETAB-PWY",0.00202906970890287,0.00496493998230345,4.9329395105413e-05,9.06762718780201e-05,0.00496493998230345,"**","ALDEx2_kw"
"COLANSYN-PWY|COLANSYN-PWY","February_ColaDeBallena - February_EsteroZacatecas - September_ColaDeBallena - September_EsteroZacatecas","COLANSYN-PWY|COLANSYN-PWY",0.00415808036687919,0.00679554634668847,0.000165553211642139,0.000268278532041414,0.00679554634668847,"**","ALDEx2_kw"
"PWY-6386|PWY-6386","February_ColaDeBallena - February_EsteroZacatecas - September_ColaDeBallena - September_EsteroZacatecas","PWY-6386|PWY-6386",0.00325300061037289,0.00601361785263494,1.34959076537237e-05,3.04859499852495e-05,0.00601361785263494,"**","ALDEx2_kw"
"PWY0-162|PWY0-162","February_ColaDeBallena - February_EsteroZacatecas - September_ColaDeBallena - September_EsteroZacatecas","PWY0-162|PWY0-162",0.0031160296653027,0.00592216883676461,1.33014546669052e-06,5.21014245088731e-06,0.00592216883676461,"**","ALDEx2_kw"
"PWY-6163|PWY-6163","February_ColaDeBallena - February_EsteroZacatecas - September_ColaDeBallena - September_EsteroZacatecas","PWY-6163|PWY-6163",0.00185821626095801,0.00491439116396288,2.2609888179705e-05,4.608596510579e-05,0.00491439116396288,"**","ALDEx2_kw"
"PWY-724|PWY-724","February_ColaDeBallena - February_EsteroZacatecas - September_ColaDeBallena - September_EsteroZacatecas","PWY-724|PWY-724",0.00319252440659915,0.00598279874523378,1.64220980403709e-05,3.56003393141365e-05,0.00598279874523378,"**","ALDEx2_kw"
"PWY-6628|PWY-6628","February_ColaDeBallena - February_EsteroZacatecas - September_ColaDeBallena - September_EsteroZacatecas","PWY-6628|PWY-6628",0.00308493909569097,0.0058789318643861,3.21992727798689e-05,6.23722700742714e-05,0.0058789318643861,"**","ALDEx2_kw"
"PWY-5189|PWY-5189","February_ColaDeBallena - February_EsteroZacatecas - September_ColaDeBallena - September_EsteroZacatecas","PWY-5189|PWY-5189",0.00323099195417578,0.00600172063351112,2.28306771422354e-06,7.91392031289882e-06,0.00600172063351112,"**","ALDEx2_kw"
"PWY-6630|PWY-6630","February_ColaDeBallena - February_EsteroZacatecas - September_ColaDeBallena - September_EsteroZacatecas","PWY-6630|PWY-6630",0.00250187687655836,0.00546995016352582,4.30298750845258e-05,8.04792249764709e-05,0.00546995016352582,"**","ALDEx2_kw"
"PWY-7208|PWY-7208","February_ColaDeBallena - February_EsteroZacatecas - September_ColaDeBallena - September_EsteroZacatecas","PWY-7208|PWY-7208",0.00324867169596668,0.0060043377310298,4.42893602471023e-06,1.31240630873904e-05,0.0060043377310298,"**","ALDEx2_kw"
"GLUCONEO-PWY|GLUCONEO-PWY","February_ColaDeBallena - February_EsteroZacatecas - September_ColaDeBallena - September_EsteroZacatecas","GLUCONEO-PWY|GLUCONEO-PWY",0.00310855095514774,0.0059258341375165,0.000130075382608805,0.000215882013046318,0.0059258341375165,"**","ALDEx2_kw"
"HISTSYN-PWY|HISTSYN-PWY","February_ColaDeBallena - February_EsteroZacatecas - September_ColaDeBallena - September_EsteroZacatecas","HISTSYN-PWY|HISTSYN-PWY",0.000915358282041748,0.00398732782231808,2.2772107890207e-06,7.91635434808531e-06,0.00398732782231808,"**","ALDEx2_kw"
"PWY-5384|PWY-5384","February_ColaDeBallena - February_EsteroZacatecas - September_ColaDeBallena - September_EsteroZacatecas","PWY-5384|PWY-5384",0.000603725943843504,0.00374609021591066,1.95139649777545e-06,6.99131115501939e-06,0.00374609021591066,"**","ALDEx2_kw"
"PWY-5188|PWY-5188","February_ColaDeBallena - February_EsteroZacatecas - September_ColaDeBallena - September_EsteroZacatecas","PWY-5188|PWY-5188",0.00375905456131908,0.00641799533535946,1.22746081996411e-05,2.82789424660843e-05,0.00641799533535946,"**","ALDEx2_kw"
"PENTOSE-P-PWY|PENTOSE-P-PWY","February_ColaDeBallena - February_EsteroZacatecas - September_ColaDeBallena - September_EsteroZacatecas","PENTOSE-P-PWY|PENTOSE-P-PWY",0.00128863558280118,0.00432293648261277,3.02017207861051e-06,9.82816420813862e-06,0.00432293648261277,"**","ALDEx2_kw"
"SO4ASSIM-PWY|SO4ASSIM-PWY","February_ColaDeBallena - February_EsteroZacatecas - September_ColaDeBallena - September_EsteroZacatecas","SO4ASSIM-PWY|SO4ASSIM-PWY",0.00459607106230705,0.00718398856017554,2.94808194820177e-05,5.80623165886331e-05,0.00718398856017554,"**","ALDEx2_kw"
"PWY-5345|PWY-5345","February_ColaDeBallena - February_EsteroZacatecas - September_ColaDeBallena - September_EsteroZacatecas","PWY-5345|PWY-5345",0.00305017940677372,0.00588091314308799,2.33967919654056e-05,4.75078967250743e-05,0.00588091314308799,"**","ALDEx2_kw"
"PWY1ZNC-1|PWY1ZNC-1","February_ColaDeBallena - February_EsteroZacatecas - September_ColaDeBallena - September_EsteroZacatecas","PWY1ZNC-1|PWY1ZNC-1",0.00460160575675692,0.00719029604678084,2.23971458554199e-05,4.60096379985654e-05,0.00719029604678084,"**","ALDEx2_kw"
"GLUTORN-PWY|GLUTORN-PWY","February_ColaDeBallena - February_EsteroZacatecas - September_ColaDeBallena - September_EsteroZacatecas","GLUTORN-PWY|GLUTORN-PWY",0.00321282383105172,0.00599817635458776,3.27952193668104e-05,6.34799271110048e-05,0.00599817635458776,"**","ALDEx2_kw"
"PWY-7345|PWY-7345","February_ColaDeBallena - February_EsteroZacatecas - September_ColaDeBallena - September_EsteroZacatecas","PWY-7345|PWY-7345",0.000471770069052046,0.00370301470954546,2.37413087766708e-06,8.14618300380705e-06,0.00370301470954546,"**","ALDEx2_kw"
"COA-PWY|COA-PWY","February_ColaDeBallena - February_EsteroZacatecas - September_ColaDeBallena - September_EsteroZacatecas","COA-PWY|COA-PWY",0.00324222872392934,0.0060034519500767,7.58933025769278e-05,0.000133730711225848,0.0060034519500767,"**","ALDEx2_kw"
"PWY-6353|PWY-6353","February_ColaDeBallena - February_EsteroZacatecas - September_ColaDeBallena - September_EsteroZacatecas","PWY-6353|PWY-6353",0.000857166921681634,0.00393574098030375,4.72542797862554e-08,4.37770205898009e-07,0.00393574098030375,"**","ALDEx2_kw"
"COA-PWY-1|COA-PWY-1","February_ColaDeBallena - February_EsteroZacatecas - September_ColaDeBallena - September_EsteroZacatecas","COA-PWY-1|COA-PWY-1",0.00277025063089623,0.00566619432283847,4.40602415755574e-05,8.20844292108799e-05,0.00566619432283847,"**","ALDEx2_kw"
"PWY-6823|PWY-6823","February_ColaDeBallena - February_EsteroZacatecas - September_ColaDeBallena - September_EsteroZacatecas","PWY-6823|PWY-6823",0.00226022933237138,0.00527231666843065,1.57560218230961e-05,3.44079358251139e-05,0.00527231666843065,"**","ALDEx2_kw"
"ANAGLYCOLYSIS-PWY|ANAGLYCOLYSIS-PWY","February_ColaDeBallena - February_EsteroZacatecas - September_ColaDeBallena - September_EsteroZacatecas","ANAGLYCOLYSIS-PWY|ANAGLYCOLYSIS-PWY",0.000559259634375404,0.00372274277384846,1.64394014350741e-06,6.13013794193523e-06,0.00372274277384846,"**","ALDEx2_kw"
"PWY-7851|PWY-7851","February_ColaDeBallena - February_EsteroZacatecas - September_ColaDeBallena - September_EsteroZacatecas","PWY-7851|PWY-7851",0.00285801000254535,0.00573908332909917,4.1196597590647e-05,7.74915877867857e-05,0.00573908332909917,"**","ALDEx2_kw"
"PWY-6124|PWY-6124","February_ColaDeBallena - February_EsteroZacatecas - September_ColaDeBallena - September_EsteroZacatecas","PWY-6124|PWY-6124",0.00267066063640921,0.00559295084189187,4.94042636340973e-05,9.1078581193427e-05,0.00559295084189187,"**","ALDEx2_kw"
"RIBOSYN2-PWY|RIBOSYN2-PWY","February_ColaDeBallena - February_EsteroZacatecas - September_ColaDeBallena - September_EsteroZacatecas","RIBOSYN2-PWY|RIBOSYN2-PWY",0.00220345322047732,0.00523295748768747,1.54629914029548e-05,3.38771038214671e-05,0.00523295748768747,"**","ALDEx2_kw"
"PWY-6123|PWY-6123","February_ColaDeBallena - February_EsteroZacatecas - September_ColaDeBallena - September_EsteroZacatecas","PWY-6123|PWY-6123",0.00224146516500556,0.00526632022803109,1.82798992507001e-05,3.87897448496141e-05,0.00526632022803109,"**","ALDEx2_kw"
"PWY-5154|PWY-5154","February_ColaDeBallena - February_EsteroZacatecas - September_ColaDeBallena - September_EsteroZacatecas","PWY-5154|PWY-5154",0.00153496575882556,0.00458242596519597,3.89744329452187e-06,1.18719286208669e-05,0.00458242596519597,"**","ALDEx2_kw"
"PWY-7323|PWY-7323","February_ColaDeBallena - February_EsteroZacatecas - September_ColaDeBallena - September_EsteroZacatecas","PWY-7323|PWY-7323",0.00409449488824469,0.00677337444847864,0.00012473164889382,0.000208356397395107,0.00677337444847864,"**","ALDEx2_kw"
"FOLSYN-PWY|FOLSYN-PWY","February_ColaDeBallena - February_EsteroZacatecas - September_ColaDeBallena - September_EsteroZacatecas","FOLSYN-PWY|FOLSYN-PWY",0.00415137144771349,0.00675547791383719,1.53080586267436e-05,3.36211719017983e-05,0.00675547791383719,"**","ALDEx2_kw"
"PPGPPMET-PWY|PPGPPMET-PWY","February_ColaDeBallena - February_EsteroZacatecas - September_ColaDeBallena - September_EsteroZacatecas","PPGPPMET-PWY|PPGPPMET-PWY",0.00114561184502301,0.00419396697369219,6.63740620285602e-07,3.10289581839531e-06,0.00419396697369219,"**","ALDEx2_kw"
"ARGSYNBSUB-PWY|ARGSYNBSUB-PWY","February_ColaDeBallena - February_EsteroZacatecas - September_ColaDeBallena - September_EsteroZacatecas","ARGSYNBSUB-PWY|ARGSYNBSUB-PWY",0.00145226164240864,0.00445624944470923,0.000174491468099888,0.000279960607242683,0.00445624944470923,"**","ALDEx2_kw"
"ARGSYN-PWY|ARGSYN-PWY","February_ColaDeBallena - February_EsteroZacatecas - September_ColaDeBallena - September_EsteroZacatecas","ARGSYN-PWY|ARGSYN-PWY",0.0017158307092019,0.00475436375320668,9.13509512092255e-06,2.26244409398773e-05,0.00475436375320668,"**","ALDEx2_kw"
"PANTO-PWY|PANTO-PWY","February_ColaDeBallena - February_EsteroZacatecas - September_ColaDeBallena - September_EsteroZacatecas","PANTO-PWY|PANTO-PWY",0.00309229178135359,0.00591604281573146,4.57313148044721e-05,8.5008674705321e-05,0.00591604281573146,"**","ALDEx2_kw"
"TRNA-CHARGING-PWY|TRNA-CHARGING-PWY","February_ColaDeBallena - February_EsteroZacatecas - September_ColaDeBallena - September_EsteroZacatecas","TRNA-CHARGING-PWY|TRNA-CHARGING-PWY",0.00443414818953372,0.0071165452379652,0.000125472970766276,0.00020633915528884,0.0071165452379652,"**","ALDEx2_kw"
"GLYCOGENSYNTH-PWY|GLYCOGENSYNTH-PWY","February_ColaDeBallena - February_EsteroZacatecas - September_ColaDeBallena - September_EsteroZacatecas","GLYCOGENSYNTH-PWY|GLYCOGENSYNTH-PWY",0.00454712576021555,0.0071330899656832,2.85781992085809e-05,5.65417913586203e-05,0.0071330899656832,"**","ALDEx2_kw"
"P23-PWY|P23-PWY","February_ColaDeBallena - February_EsteroZacatecas - September_ColaDeBallena - September_EsteroZacatecas","P23-PWY|P23-PWY",0.812693170829895,0.81831686035864,0.85312499764909,0.857752751674305,0.81831686035864,"","ALDEx2_kw"
"PWY-6612|PWY-6612","February_ColaDeBallena - February_EsteroZacatecas - September_ColaDeBallena - September_EsteroZacatecas","PWY-6612|PWY-6612",0.00419198679709419,0.0067896319295853,8.71630541634463e-06,2.18269998130677e-05,0.0067896319295853,"**","ALDEx2_kw"
"PWY-7234|PWY-7234","February_ColaDeBallena - February_EsteroZacatecas - September_ColaDeBallena - September_EsteroZacatecas","PWY-7234|PWY-7234",0.00213395535391837,0.0051580759067389,1.37645973521687e-06,5.38015633827506e-06,0.0051580759067389,"**","ALDEx2_kw"
"PWY-3841|PWY-3841","February_ColaDeBallena - February_EsteroZacatecas - September_ColaDeBallena - September_EsteroZacatecas","PWY-3841|PWY-3841",0.00324714849536981,0.00601078764748374,0.000133990787728572,0.000220448078157457,0.00601078764748374,"**","ALDEx2_kw"
"PWY-5989|PWY-5989","February_ColaDeBallena - February_EsteroZacatecas - September_ColaDeBallena - September_EsteroZacatecas","PWY-5989|PWY-5989",0.0147633717387482,0.0193791447080176,0.00612500916551131,0.00792167331818923,0.0193791447080176,"*","ALDEx2_kw"
"OANTIGEN-PWY|OANTIGEN-PWY","February_ColaDeBallena - February_EsteroZacatecas - September_ColaDeBallena - September_EsteroZacatecas","OANTIGEN-PWY|OANTIGEN-PWY",0.00143571068325371,0.00447096643805885,8.70786720075442e-05,0.000151134620379263,0.00447096643805885,"**","ALDEx2_kw"
"PWY-7400|PWY-7400","February_ColaDeBallena - February_EsteroZacatecas - September_ColaDeBallena - September_EsteroZacatecas","PWY-7400|PWY-7400",0.00112132939609746,0.00416252145208545,5.20300475158788e-05,9.52821164327913e-05,0.00416252145208545,"**","ALDEx2_kw"
"PWY-6609|PWY-6609","February_ColaDeBallena - February_EsteroZacatecas - September_ColaDeBallena - September_EsteroZacatecas","PWY-6609|PWY-6609",0.000370848318058172,0.00369292726110155,6.92932825120082e-07,3.15184876265775e-06,0.00369292726110155,"**","ALDEx2_kw"
"PWY-821|PWY-821","February_ColaDeBallena - February_EsteroZacatecas - September_ColaDeBallena - September_EsteroZacatecas","PWY-821|PWY-821",0.00236908686905914,0.00537003513803144,1.98365848424704e-05,4.14641028492676e-05,0.00537003513803144,"**","ALDEx2_kw"
"PWY-6700|PWY-6700","February_ColaDeBallena - February_EsteroZacatecas - September_ColaDeBallena - September_EsteroZacatecas","PWY-6700|PWY-6700",0.00242797848273794,0.00538694645573065,0.000250178829421042,0.00038602071212446,0.00538694645573065,"**","ALDEx2_kw"
"PWY-7117|PWY-7117","February_ColaDeBallena - February_EsteroZacatecas - September_ColaDeBallena - September_EsteroZacatecas","PWY-7117|PWY-7117",0.00322366161920206,0.00598972335853824,1.52597771685894e-06,5.82306161238859e-06,0.00598972335853824,"**","ALDEx2_kw"
"PWY-5121|PWY-5121","February_ColaDeBallena - February_EsteroZacatecas - September_ColaDeBallena - September_EsteroZacatecas","PWY-5121|PWY-5121",0.000762439747799096,0.00385770553303324,1.89239429849615e-05,3.99410275555498e-05,0.00385770553303324,"**","ALDEx2_kw"
"PWY-6606|PWY-6606","February_ColaDeBallena - February_EsteroZacatecas - September_ColaDeBallena - September_EsteroZacatecas","PWY-6606|PWY-6606",0.00237945052960179,0.0053805320546436,1.56572698563383e-07,1.04076334390445e-06,0.0053805320546436,"**","ALDEx2_kw"
"PWY-6608|PWY-6608","February_ColaDeBallena - February_EsteroZacatecas - September_ColaDeBallena - September_EsteroZacatecas","PWY-6608|PWY-6608",0.00240386483579715,0.00540169577224467,1.63234350557032e-07,1.07078760775009e-06,0.00540169577224467,"**","ALDEx2_kw"
"HSERMETANA-PWY|HSERMETANA-PWY","February_ColaDeBallena - February_EsteroZacatecas - September_ColaDeBallena - September_EsteroZacatecas","HSERMETANA-PWY|HSERMETANA-PWY",0.00369922697955196,0.00638421610302872,8.18286758294252e-05,0.000143136611957793,0.00638421610302872,"**","ALDEx2_kw"
"1CMET2-PWY|1CMET2-PWY","February_ColaDeBallena - February_EsteroZacatecas - September_ColaDeBallena - September_EsteroZacatecas","1CMET2-PWY|1CMET2-PWY",0.00324427712484389,0.0060940713070108,8.2745397783963e-05,0.000142740568987298,0.0060940713070108,"**","ALDEx2_kw"
"NONMEVIPP-PWY|NONMEVIPP-PWY","February_ColaDeBallena - February_EsteroZacatecas - September_ColaDeBallena - September_EsteroZacatecas","NONMEVIPP-PWY|NONMEVIPP-PWY",0.000418181887326587,0.00370594575151208,4.97141311788437e-06,1.42608460472545e-05,0.00370594575151208,"**","ALDEx2_kw"
"PWY-7560|PWY-7560","February_ColaDeBallena - February_EsteroZacatecas - September_ColaDeBallena - September_EsteroZacatecas","PWY-7560|PWY-7560",0.000407135189361024,0.00370104310458735,4.72478320894871e-06,1.37912122742094e-05,0.00370104310458735,"**","ALDEx2_kw"
"PWY-622|PWY-622","February_ColaDeBallena - February_EsteroZacatecas - September_ColaDeBallena - September_EsteroZacatecas","PWY-622|PWY-622",0.00191175885134289,0.00496043222684355,7.39090612552604e-06,1.91823520155307e-05,0.00496043222684355,"**","ALDEx2_kw"
"ARGININE-SYN4-PWY|ARGININE-SYN4-PWY","February_ColaDeBallena - February_EsteroZacatecas - September_ColaDeBallena - September_EsteroZacatecas","ARGININE-SYN4-PWY|ARGININE-SYN4-PWY",0.00331109037006666,0.00606409755005183,3.58279777462084e-06,1.11711178574756e-05,0.00606409755005183,"**","ALDEx2_kw"
"UDPNAGSYN-PWY|UDPNAGSYN-PWY","February_ColaDeBallena - February_EsteroZacatecas - September_ColaDeBallena - September_EsteroZacatecas","UDPNAGSYN-PWY|UDPNAGSYN-PWY",0.00110990325691177,0.00415895755023884,9.50233439996679e-05,0.000162434133383906,0.00415895755023884,"**","ALDEx2_kw"
"PWY-5918|PWY-5918","February_ColaDeBallena - February_EsteroZacatecas - September_ColaDeBallena - September_EsteroZacatecas","PWY-5918|PWY-5918",0.00417272075871726,0.00684883506611685,3.28818058948501e-06,1.03962413912321e-05,0.00684883506611685,"**","ALDEx2_kw"
"PWY0-1296|PWY0-1296","February_ColaDeBallena - February_EsteroZacatecas - September_ColaDeBallena - September_EsteroZacatecas","PWY0-1296|PWY0-1296",0.000547467363090044,0.00372976465967711,4.00332403527921e-07,2.07511971575562e-06,0.00372976465967711,"**","ALDEx2_kw"
"PANTOSYN-PWY|PANTOSYN-PWY","February_ColaDeBallena - February_EsteroZacatecas - September_ColaDeBallena - September_EsteroZacatecas","PANTOSYN-PWY|PANTOSYN-PWY",0.00446260830124716,0.00712181818163419,0.000150133465322165,0.000244685274005236,0.00712181818163419,"**","ALDEx2_kw"
"FERMENTATION-PWY|FERMENTATION-PWY","February_ColaDeBallena - February_EsteroZacatecas - September_ColaDeBallena - September_EsteroZacatecas","FERMENTATION-PWY|FERMENTATION-PWY",0.00231474928913187,0.00533351520404086,3.58516941281068e-06,1.12010450161025e-05,0.00533351520404086,"**","ALDEx2_kw"
"PWY-7392|PWY-7392","February_ColaDeBallena - February_EsteroZacatecas - September_ColaDeBallena - September_EsteroZacatecas","PWY-7392|PWY-7392",0.00106517066732388,0.00412545825410885,2.77051187456702e-06,9.16867844265361e-06,0.00412545825410885,"**","ALDEx2_kw"
"PWY-7357|PWY-7357","February_ColaDeBallena - February_EsteroZacatecas - September_ColaDeBallena - September_EsteroZacatecas","PWY-7357|PWY-7357",0.000454781676173644,0.00370275542991322,1.43746836981046e-06,5.54101607374711e-06,0.00370275542991322,"**","ALDEx2_kw"
"PWY-5855|PWY-5855","February_ColaDeBallena - February_EsteroZacatecas - September_ColaDeBallena - September_EsteroZacatecas","PWY-5855|PWY-5855",0.000517006183944753,0.00370487549019308,1.40902721343035e-06,5.45035533546518e-06,0.00370487549019308,"**","ALDEx2_kw"
"PWY-6270|PWY-6270","February_ColaDeBallena - February_EsteroZacatecas - September_ColaDeBallena - September_EsteroZacatecas","PWY-6270|PWY-6270",0.000583994348245202,0.00375163580374971,1.79871030819056e-06,6.5934954603396e-06,0.00375163580374971,"**","ALDEx2_kw"
"PYRIDNUCSYN-PWY|PYRIDNUCSYN-PWY","February_ColaDeBallena - February_EsteroZacatecas - September_ColaDeBallena - September_EsteroZacatecas","PYRIDNUCSYN-PWY|PYRIDNUCSYN-PWY",0.00189058627024353,0.00486240787437081,0.000179871939138764,0.000288499023705667,0.00486240787437081,"**","ALDEx2_kw"
"PWY-702|PWY-702","February_ColaDeBallena - February_EsteroZacatecas - September_ColaDeBallena - September_EsteroZacatecas","PWY-702|PWY-702",0.00344665036572995,0.00627113945111327,2.07389402193444e-05,4.28468871877987e-05,0.00627113945111327,"**","ALDEx2_kw"
"P4-PWY|P4-PWY","February_ColaDeBallena - February_EsteroZacatecas - September_ColaDeBallena - September_EsteroZacatecas","P4-PWY|P4-PWY",0.000443412480594924,0.00369292726110155,4.14362711956837e-08,3.98331385735309e-07,0.00369292726110155,"**","ALDEx2_kw"
"PWY-6897|PWY-6897","February_ColaDeBallena - February_EsteroZacatecas - September_ColaDeBallena - September_EsteroZacatecas","PWY-6897|PWY-6897",0.00193597846679682,0.00496520215320917,1.43873310678036e-05,3.19808288422349e-05,0.00496520215320917,"**","ALDEx2_kw"
"PWY-6901|PWY-6901","February_ColaDeBallena - February_EsteroZacatecas - September_ColaDeBallena - September_EsteroZacatecas","PWY-6901|PWY-6901",0.00175190535609224,0.00480465046991658,6.85742699061644e-07,3.16686822651017e-06,0.00480465046991658,"**","ALDEx2_kw"
"PWY0-781|PWY0-781","February_ColaDeBallena - February_EsteroZacatecas - September_ColaDeBallena - September_EsteroZacatecas","PWY0-781|PWY0-781",0.000454729399210653,0.00369292726110155,5.15518468188125e-08,4.57175101151827e-07,0.00369292726110155,"**","ALDEx2_kw"
"GLYCOLYSIS-E-D|GLYCOLYSIS-E-D","February_ColaDeBallena - February_EsteroZacatecas - September_ColaDeBallena - September_EsteroZacatecas","GLYCOLYSIS-E-D|GLYCOLYSIS-E-D",0.00102754412908545,0.0040727277316987,4.50886217175958e-06,1.32868120171599e-05,0.0040727277316987,"**","ALDEx2_kw"
"PWY-5505|PWY-5505","February_ColaDeBallena - February_EsteroZacatecas - September_ColaDeBallena - September_EsteroZacatecas","PWY-5505|PWY-5505",0.00485124708207717,0.007460263426811,7.36851404981327e-05,0.000130476025339911,0.007460263426811,"**","ALDEx2_kw"
"PWY-6859|PWY-6859","February_ColaDeBallena - February_EsteroZacatecas - September_ColaDeBallena - September_EsteroZacatecas","PWY-6859|PWY-6859",0.00139043895318691,0.00443994525347734,2.38096219296553e-07,1.40650171621667e-06,0.00443994525347734,"**","ALDEx2_kw"
"PWY66-409|PWY66-409","February_ColaDeBallena - February_EsteroZacatecas - September_ColaDeBallena - September_EsteroZacatecas","PWY66-409|PWY66-409",0.000797846246421527,0.00387762213930059,5.27148499780155e-06,1.49017981562199e-05,0.00387762213930059,"**","ALDEx2_kw"
"PWY-6703|PWY-6703","February_ColaDeBallena - February_EsteroZacatecas - September_ColaDeBallena - September_EsteroZacatecas","PWY-6703|PWY-6703",0.00102868756386284,0.00407505511070688,1.34701915041286e-08,1.63687818762111e-07,0.00407505511070688,"**","ALDEx2_kw"
"PWY-241|PWY-241","February_ColaDeBallena - February_EsteroZacatecas - September_ColaDeBallena - September_EsteroZacatecas","PWY-241|PWY-241",0.0011014479372555,0.00415340343593679,2.14117848998641e-06,7.48505018139385e-06,0.00415340343593679,"**","ALDEx2_kw"
"PWY-6292|PWY-6292","February_ColaDeBallena - February_EsteroZacatecas - September_ColaDeBallena - September_EsteroZacatecas","PWY-6292|PWY-6292",0.00358393184668337,0.0063215038334987,1.81058286306722e-06,6.59817698256962e-06,0.0063215038334987,"**","ALDEx2_kw"
"PWY0-1479|PWY0-1479","February_ColaDeBallena - February_EsteroZacatecas - September_ColaDeBallena - September_EsteroZacatecas","PWY0-1479|PWY0-1479",0.00227471987882537,0.00525299559629681,2.45395302743869e-05,4.96918075951327e-05,0.00525299559629681,"**","ALDEx2_kw"
"PWY-7238|PWY-7238","February_ColaDeBallena - February_EsteroZacatecas - September_ColaDeBallena - September_EsteroZacatecas","PWY-7238|PWY-7238",0.00803231763519863,0.0112873182212185,0.00081192777285654,0.00116332533358336,0.0112873182212185,"*","ALDEx2_kw"
"HEME-BIOSYNTHESIS-II-1|HEME-BIOSYNTHESIS-II-1","February_ColaDeBallena - February_EsteroZacatecas - September_ColaDeBallena - September_EsteroZacatecas","HEME-BIOSYNTHESIS-II-1|HEME-BIOSYNTHESIS-II-1",0.00229935370576653,0.00531316925888898,1.1964477712113e-06,4.79123557633549e-06,0.00531316925888898,"**","ALDEx2_kw"
"HEME-BIOSYNTHESIS-II|HEME-BIOSYNTHESIS-II","February_ColaDeBallena - February_EsteroZacatecas - September_ColaDeBallena - September_EsteroZacatecas","HEME-BIOSYNTHESIS-II|HEME-BIOSYNTHESIS-II",0.0023392615051995,0.00533380568298944,1.30639977819186e-06,5.08528039908161e-06,0.00533380568298944,"**","ALDEx2_kw"
"PWY-6317|PWY-6317","February_ColaDeBallena - February_EsteroZacatecas - September_ColaDeBallena - September_EsteroZacatecas","PWY-6317|PWY-6317",0.00305751876039635,0.00590326514660432,9.96644614714407e-07,4.15050827971676e-06,0.00590326514660432,"**","ALDEx2_kw"
"PWY-7761|PWY-7761","February_ColaDeBallena - February_EsteroZacatecas - September_ColaDeBallena - September_EsteroZacatecas","PWY-7761|PWY-7761",0.00310918174877246,0.00590687213943605,3.86500391125758e-05,7.32195921638701e-05,0.00590687213943605,"**","ALDEx2_kw"
"PWY0-1261|PWY0-1261","February_ColaDeBallena - February_EsteroZacatecas - September_ColaDeBallena - September_EsteroZacatecas","PWY0-1261|PWY0-1261",0.000710448168088956,0.00380820420741034,1.00567222228659e-06,4.10433494516819e-06,0.00380820420741034,"**","ALDEx2_kw"
"PWY-7237|PWY-7237","February_ColaDeBallena - February_EsteroZacatecas - September_ColaDeBallena - September_EsteroZacatecas","PWY-7237|PWY-7237",0.000365765776797965,0.00369292726110155,3.4687385403289e-08,3.59891818098601e-07,0.00369292726110155,"**","ALDEx2_kw"
"PWY-5920|PWY-5920","February_ColaDeBallena - February_EsteroZacatecas - September_ColaDeBallena - September_EsteroZacatecas","PWY-5920|PWY-5920",0.000677946745221255,0.00376987340885541,8.70235235695294e-07,3.77860424791133e-06,0.00376987340885541,"**","ALDEx2_kw"
"PWY-6467|PWY-6467","February_ColaDeBallena - February_EsteroZacatecas - September_ColaDeBallena - September_EsteroZacatecas","PWY-6467|PWY-6467",0.00328578998960398,0.00618226552227041,0.000150572647154591,0.000239428758370384,0.00618226552227041,"**","ALDEx2_kw"
"PWY-6293|PWY-6293","February_ColaDeBallena - February_EsteroZacatecas - September_ColaDeBallena - September_EsteroZacatecas","PWY-6293|PWY-6293",0.00357633273877746,0.00633784408117004,2.03533351903608e-06,7.13231339165595e-06,0.00633784408117004,"**","ALDEx2_kw"
"THISYNARA-PWY|THISYNARA-PWY","February_ColaDeBallena - February_EsteroZacatecas - September_ColaDeBallena - September_EsteroZacatecas","THISYNARA-PWY|THISYNARA-PWY",0.0061203294348925,0.0090840729267871,0.0013581146349638,0.00188554490658333,0.0090840729267871,"**","ALDEx2_kw"
"PWY-5347|PWY-5347","February_ColaDeBallena - February_EsteroZacatecas - September_ColaDeBallena - September_EsteroZacatecas","PWY-5347|PWY-5347",0.000515715853729477,0.00369297496795254,6.91034480167854e-09,1.14854078618883e-07,0.00369297496795254,"**","ALDEx2_kw"
"PWY-7118|PWY-7118","February_ColaDeBallena - February_EsteroZacatecas - September_ColaDeBallena - September_EsteroZacatecas","PWY-7118|PWY-7118",0.00164843385394861,0.00471093957839863,9.67005278350566e-06,2.3593974006482e-05,0.00471093957839863,"**","ALDEx2_kw"
"PWY-6168|PWY-6168","February_ColaDeBallena - February_EsteroZacatecas - September_ColaDeBallena - September_EsteroZacatecas","PWY-6168|PWY-6168",0.0261591701017692,0.0324945894159956,0.00649408458311641,0.00834015959928437,0.0324945894159956,"*","ALDEx2_kw"
"PWY-7883|PWY-7883","February_ColaDeBallena - February_EsteroZacatecas - September_ColaDeBallena - September_EsteroZacatecas","PWY-7883|PWY-7883",0.00129883889712943,0.00432666552823748,6.71011664532378e-07,2.88686441306397e-06,0.00432666552823748,"**","ALDEx2_kw"
"PWY-6607|PWY-6607","February_ColaDeBallena - February_EsteroZacatecas - September_ColaDeBallena - September_EsteroZacatecas","PWY-6607|PWY-6607",0.00621590784092971,0.00908430546440435,0.000338614426786948,0.000516278526584158,0.00908430546440435,"**","ALDEx2_kw"
"NAGLIPASYN-PWY|NAGLIPASYN-PWY","February_ColaDeBallena - February_EsteroZacatecas - September_ColaDeBallena - September_EsteroZacatecas","NAGLIPASYN-PWY|NAGLIPASYN-PWY",0.00471105893638977,0.00738451608687934,4.94021355220558e-06,1.31563895818716e-05,0.00738451608687934,"**","ALDEx2_kw"
"PWY-8073|PWY-8073","February_ColaDeBallena - February_EsteroZacatecas - September_ColaDeBallena - September_EsteroZacatecas","PWY-8073|PWY-8073",0.00475640491505072,0.00744429717785809,4.77781583660154e-06,1.28801236962095e-05,0.00744429717785809,"**","ALDEx2_kw"
"PWY-5838|PWY-5838","February_ColaDeBallena - February_EsteroZacatecas - September_ColaDeBallena - September_EsteroZacatecas","PWY-5838|PWY-5838",0.00218595261616406,0.00520921040218003,7.8914692602273e-07,3.50825625434054e-06,0.00520921040218003,"**","ALDEx2_kw"
"PWY-801|PWY-801","February_ColaDeBallena - February_EsteroZacatecas - September_ColaDeBallena - September_EsteroZacatecas","PWY-801|PWY-801",0.00245677027650405,0.00542554253490815,3.44270672206463e-07,1.86374280255713e-06,0.00542554253490815,"**","ALDEx2_kw"
"PWY-8004|PWY-8004","February_ColaDeBallena - February_EsteroZacatecas - September_ColaDeBallena - September_EsteroZacatecas","PWY-8004|PWY-8004",0.000558029683665927,0.00371329876590245,8.64851044413644e-07,3.77929379138246e-06,0.00371329876590245,"**","ALDEx2_kw"
"PWY0-862|PWY0-862","February_ColaDeBallena - February_EsteroZacatecas - September_ColaDeBallena - September_EsteroZacatecas","PWY0-862|PWY0-862",0.00358070201590691,0.0063355702467115,0.000415155766045884,0.000617300618644016,0.0063355702467115,"**","ALDEx2_kw"
"PWY-5897|PWY-5897","February_ColaDeBallena - February_EsteroZacatecas - September_ColaDeBallena - September_EsteroZacatecas","PWY-5897|PWY-5897",0.00202249108809217,0.00506172573089457,7.04040064903908e-07,3.23624788615813e-06,0.00506172573089457,"**","ALDEx2_kw"
"PWY-5898|PWY-5898","February_ColaDeBallena - February_EsteroZacatecas - September_ColaDeBallena - September_EsteroZacatecas","PWY-5898|PWY-5898",0.00204406425755108,0.00507657440866328,6.96850705170482e-07,3.21156981106131e-06,0.00507657440866328,"**","ALDEx2_kw"
"PWY-5899|PWY-5899","February_ColaDeBallena - February_EsteroZacatecas - September_ColaDeBallena - September_EsteroZacatecas","PWY-5899|PWY-5899",0.00201154711387957,0.00504415397734372,6.95026784280253e-07,3.21165882938559e-06,0.00504415397734372,"**","ALDEx2_kw"
"PWY0-1061|PWY0-1061","February_ColaDeBallena - February_EsteroZacatecas - September_ColaDeBallena - September_EsteroZacatecas","PWY0-1061|PWY0-1061",0.00143214077816009,0.00447386985771998,1.91642909722755e-07,1.16080647456858e-06,0.00447386985771998,"**","ALDEx2_kw"
"METSYN-PWY|METSYN-PWY","February_ColaDeBallena - February_EsteroZacatecas - September_ColaDeBallena - September_EsteroZacatecas","METSYN-PWY|METSYN-PWY",0.000517195454003838,0.00369292726110155,5.7205966875909e-09,1.01123327915203e-07,0.00369292726110155,"**","ALDEx2_kw"
"PYRIDOXSYN-PWY|PYRIDOXSYN-PWY","February_ColaDeBallena - February_EsteroZacatecas - September_ColaDeBallena - September_EsteroZacatecas","PYRIDOXSYN-PWY|PYRIDOXSYN-PWY",0.002417118317554,0.00542464692976053,9.59782655469949e-06,2.2945142978444e-05,0.00542464692976053,"**","ALDEx2_kw"
"PWY3O-4107|PWY3O-4107","February_ColaDeBallena - February_EsteroZacatecas - September_ColaDeBallena - September_EsteroZacatecas","PWY3O-4107|PWY3O-4107",0.000402638062735539,0.00369292726110155,6.53835452673011e-08,5.47971823160463e-07,0.00369292726110155,"**","ALDEx2_kw"
"MET-SAM-PWY|MET-SAM-PWY","February_ColaDeBallena - February_EsteroZacatecas - September_ColaDeBallena - September_EsteroZacatecas","MET-SAM-PWY|MET-SAM-PWY",0.000552934380530764,0.00369498894732438,7.99937606238448e-09,1.26126542774443e-07,0.00369498894732438,"**","ALDEx2_kw"
"PWY-5840|PWY-5840","February_ColaDeBallena - February_EsteroZacatecas - September_ColaDeBallena - September_EsteroZacatecas","PWY-5840|PWY-5840",0.00284797502208987,0.00575491799407478,5.40995365398834e-06,1.51703622420383e-05,0.00575491799407478,"**","ALDEx2_kw"
"CITRULBIO-PWY|CITRULBIO-PWY","February_ColaDeBallena - February_EsteroZacatecas - September_ColaDeBallena - September_EsteroZacatecas","CITRULBIO-PWY|CITRULBIO-PWY",0.00136595142320898,0.00440988448442216,6.68439182347543e-06,1.78696876603362e-05,0.00440988448442216,"**","ALDEx2_kw"
"PWY-1269|PWY-1269","February_ColaDeBallena - February_EsteroZacatecas - September_ColaDeBallena - September_EsteroZacatecas","PWY-1269|PWY-1269",0.00427848377090107,0.00703015037568236,4.91174040508103e-05,8.77388869197243e-05,0.00703015037568236,"**","ALDEx2_kw"
"PWY-5723|PWY-5723","February_ColaDeBallena - February_EsteroZacatecas - September_ColaDeBallena - September_EsteroZacatecas","PWY-5723|PWY-5723",0.00348154884047583,0.00630628787590665,0.000985085337921507,0.00139807346066601,0.00630628787590665,"**","ALDEx2_kw"
"PWY-6595|PWY-6595","February_ColaDeBallena - February_EsteroZacatecas - September_ColaDeBallena - September_EsteroZacatecas","PWY-6595|PWY-6595",0.00488172671272563,0.00757998928049719,0.000165346195268728,0.000271387184172046,0.00757998928049719,"**","ALDEx2_kw"
"PWY-6936|PWY-6936","February_ColaDeBallena - February_EsteroZacatecas - September_ColaDeBallena - September_EsteroZacatecas","PWY-6936|PWY-6936",0.000779709650657114,0.00386264427583559,2.28262869980717e-06,7.82408359652971e-06,0.00386264427583559,"**","ALDEx2_kw"
"HISDEG-PWY|HISDEG-PWY","February_ColaDeBallena - February_EsteroZacatecas - September_ColaDeBallena - September_EsteroZacatecas","HISDEG-PWY|HISDEG-PWY",0.00377696147553149,0.00654151523707072,0.000501892372460419,0.000739814796589304,0.00654151523707072,"**","ALDEx2_kw"
"PWY-181|PWY-181","February_ColaDeBallena - February_EsteroZacatecas - September_ColaDeBallena - September_EsteroZacatecas","PWY-181|PWY-181",0.0301532599806088,0.0373029562722271,0.00933360113604828,0.0119021143836298,0.0373029562722271,"*","ALDEx2_kw"
"PWY-5845|PWY-5845","February_ColaDeBallena - February_EsteroZacatecas - September_ColaDeBallena - September_EsteroZacatecas","PWY-5845|PWY-5845",0.00121280437802598,0.00422768198542946,3.51057866063638e-07,1.90879091118775e-06,0.00422768198542946,"**","ALDEx2_kw"
"PWY-5850|PWY-5850","February_ColaDeBallena - February_EsteroZacatecas - September_ColaDeBallena - September_EsteroZacatecas","PWY-5850|PWY-5850",0.00120596803079592,0.00421972015636293,3.46148765222167e-07,1.89469938572657e-06,0.00421972015636293,"**","ALDEx2_kw"
"PWY-5896|PWY-5896","February_ColaDeBallena - February_EsteroZacatecas - September_ColaDeBallena - September_EsteroZacatecas","PWY-5896|PWY-5896",0.00119598161436817,0.00421220973012736,3.4684452626651e-07,1.89485244257187e-06,0.00421220973012736,"**","ALDEx2_kw"
"PWY-8187|PWY-8187","February_ColaDeBallena - February_EsteroZacatecas - September_ColaDeBallena - September_EsteroZacatecas","PWY-8187|PWY-8187",0.00103427994998555,0.00408221884583314,8.21127838670144e-06,2.07492278128618e-05,0.00408221884583314,"**","ALDEx2_kw"
"PWY-1622|PWY-1622","February_ColaDeBallena - February_EsteroZacatecas - September_ColaDeBallena - September_EsteroZacatecas","PWY-1622|PWY-1622",0.000368728455968502,0.00369292726110155,3.08278778794257e-08,3.32794138744531e-07,0.00369292726110155,"**","ALDEx2_kw"
"PYRIDNUCSAL-PWY|PYRIDNUCSAL-PWY","February_ColaDeBallena - February_EsteroZacatecas - September_ColaDeBallena - September_EsteroZacatecas","PYRIDNUCSAL-PWY|PYRIDNUCSAL-PWY",0.000429336603523157,0.00369352879542377,1.37853572137848e-07,9.31139205175972e-07,0.00369352879542377,"**","ALDEx2_kw"
"PWY66-399|PWY66-399","February_ColaDeBallena - February_EsteroZacatecas - September_ColaDeBallena - September_EsteroZacatecas","PWY66-399|PWY66-399",0.116470285347486,0.129476372758309,0.0929216134510816,0.103295530539482,0.129476372758309,"","ALDEx2_kw"
"PWY-7115|PWY-7115","February_ColaDeBallena - February_EsteroZacatecas - September_ColaDeBallena - September_EsteroZacatecas","PWY-7115|PWY-7115",0.00176032675467665,0.00478847184670332,5.20058527307572e-05,9.37402030595011e-05,0.00478847184670332,"**","ALDEx2_kw"
"PWY-6313|PWY-6313","February_ColaDeBallena - February_EsteroZacatecas - September_ColaDeBallena - September_EsteroZacatecas","PWY-6313|PWY-6313",0.00247445448376363,0.00544846061573594,0.000229520877884955,0.000364590363133742,0.00544846061573594,"**","ALDEx2_kw"
"ANAEROFRUCAT-PWY|ANAEROFRUCAT-PWY","February_ColaDeBallena - February_EsteroZacatecas - September_ColaDeBallena - September_EsteroZacatecas","ANAEROFRUCAT-PWY|ANAEROFRUCAT-PWY",0.000748113607561687,0.00379334951444302,2.31821171783872e-06,7.88838273713248e-06,0.00379334951444302,"**","ALDEx2_kw"
"PWY-5861|PWY-5861","February_ColaDeBallena - February_EsteroZacatecas - September_ColaDeBallena - September_EsteroZacatecas","PWY-5861|PWY-5861",0.00181495755549312,0.0048639297772036,4.48278330413387e-07,2.31229830676129e-06,0.0048639297772036,"**","ALDEx2_kw"
"P221-PWY|P221-PWY","February_ColaDeBallena - February_EsteroZacatecas - September_ColaDeBallena - September_EsteroZacatecas","P221-PWY|P221-PWY",0.00138702984864841,0.00443660696723182,1.52561041612626e-06,5.80612964300092e-06,0.00443660696723182,"**","ALDEx2_kw"
"PWY-8011|PWY-8011","February_ColaDeBallena - February_EsteroZacatecas - September_ColaDeBallena - September_EsteroZacatecas","PWY-8011|PWY-8011",0.00206358477203251,0.0050932971729905,1.55858956577757e-05,3.42431606219403e-05,0.0050932971729905,"**","ALDEx2_kw"
"ARG+POLYAMINE-SYN|ARG+POLYAMINE-SYN","February_ColaDeBallena - February_EsteroZacatecas - September_ColaDeBallena - September_EsteroZacatecas","ARG+POLYAMINE-SYN|ARG+POLYAMINE-SYN",0.00603557436417456,0.00893376102849326,0.000119086811468996,0.000200667005278852,0.00893376102849326,"**","ALDEx2_kw"
"PWY-561|PWY-561","February_ColaDeBallena - February_EsteroZacatecas - September_ColaDeBallena - September_EsteroZacatecas","PWY-561|PWY-561",0.000446000455912883,0.00369589798929969,1.95636237156604e-08,2.44816393312559e-07,0.00369589798929969,"**","ALDEx2_kw"
"PWY-6902|PWY-6902","February_ColaDeBallena - February_EsteroZacatecas - September_ColaDeBallena - September_EsteroZacatecas","PWY-6902|PWY-6902",0.000342155919586343,0.00369292726110155,3.55352252119686e-08,3.3427978773766e-07,0.00369292726110155,"**","ALDEx2_kw"
"GLYOXYLATE-BYPASS|GLYOXYLATE-BYPASS","February_ColaDeBallena - February_EsteroZacatecas - September_ColaDeBallena - September_EsteroZacatecas","GLYOXYLATE-BYPASS|GLYOXYLATE-BYPASS",0.0121644267820754,0.0163037653076278,0.0147716446953344,0.0184781784508429,0.0163037653076278,"*","ALDEx2_kw"
"PWY-5022|PWY-5022","February_ColaDeBallena - February_EsteroZacatecas - September_ColaDeBallena - September_EsteroZacatecas","PWY-5022|PWY-5022",0.000450657795620603,0.00369292726110155,5.85030442963899e-07,2.785537251325e-06,0.00369292726110155,"**","ALDEx2_kw"
"PWY0-1297|PWY0-1297","February_ColaDeBallena - February_EsteroZacatecas - September_ColaDeBallena - September_EsteroZacatecas","PWY0-1297|PWY0-1297",0.000325244642119102,0.00369292726110155,5.0204607478926e-08,4.58924290998333e-07,0.00369292726110155,"**","ALDEx2_kw"
"PROTOCATECHUATE-ORTHO-CLEAVAGE-PWY|PROTOCATECHUATE-ORTHO-CLEAVAGE-PWY","February_ColaDeBallena - February_EsteroZacatecas - September_ColaDeBallena - September_EsteroZacatecas","PROTOCATECHUATE-ORTHO-CLEAVAGE-PWY|PROTOCATECHUATE-ORTHO-CLEAVAGE-PWY",0.00049228742626359,0.00369292726110155,7.08464890559085e-08,5.80384491053009e-07,0.00369292726110155,"**","ALDEx2_kw"
"PWY-3661|PWY-3661","February_ColaDeBallena - February_EsteroZacatecas - September_ColaDeBallena - September_EsteroZacatecas","PWY-3661|PWY-3661",0.00388187700217294,0.00660788333416918,3.93480166783335e-05,7.46055459013292e-05,0.00660788333416918,"**","ALDEx2_kw"
"PWY-4984|PWY-4984","February_ColaDeBallena - February_EsteroZacatecas - September_ColaDeBallena - September_EsteroZacatecas","PWY-4984|PWY-4984",0.00122494516295315,0.00426510985330328,2.14133551490723e-05,4.43384051778921e-05,0.00426510985330328,"**","ALDEx2_kw"
"HOMOSER-METSYN-PWY|HOMOSER-METSYN-PWY","February_ColaDeBallena - February_EsteroZacatecas - September_ColaDeBallena - September_EsteroZacatecas","HOMOSER-METSYN-PWY|HOMOSER-METSYN-PWY",0.000471861908931085,0.00369292726110155,1.77726562264246e-09,4.4148550018518e-08,0.00369292726110155,"**","ALDEx2_kw"
"PWY-5860|PWY-5860","February_ColaDeBallena - February_EsteroZacatecas - September_ColaDeBallena - September_EsteroZacatecas","PWY-5860|PWY-5860",0.00102587594890214,0.00405847440382253,2.2674027121922e-07,1.38215367071574e-06,0.00405847440382253,"**","ALDEx2_kw"
"PWY-5862|PWY-5862","February_ColaDeBallena - February_EsteroZacatecas - September_ColaDeBallena - September_EsteroZacatecas","PWY-5862|PWY-5862",0.00102258828491723,0.00406366331244788,2.13447972847585e-07,1.32310317954215e-06,0.00406366331244788,"**","ALDEx2_kw"
"P164-PWY|P164-PWY","February_ColaDeBallena - February_EsteroZacatecas - September_ColaDeBallena - September_EsteroZacatecas","P164-PWY|P164-PWY",0.0118082425972594,0.0158753184012387,0.00590886631718305,0.00772051310200812,0.0158753184012387,"*","ALDEx2_kw"
"PWY-7159|PWY-7159","February_ColaDeBallena - February_EsteroZacatecas - September_ColaDeBallena - September_EsteroZacatecas","PWY-7159|PWY-7159",0.00209339968959581,0.00514758490675366,1.06646991615597e-07,7.80370211879294e-07,0.00514758490675366,"**","ALDEx2_kw"
"GLYCOCAT-PWY|GLYCOCAT-PWY","February_ColaDeBallena - February_EsteroZacatecas - September_ColaDeBallena - September_EsteroZacatecas","GLYCOCAT-PWY|GLYCOCAT-PWY",0.000355326973374196,0.00369292726110155,7.07229735393675e-10,2.23054000592768e-08,0.00369292726110155,"**","ALDEx2_kw"
"PWY-6731|PWY-6731","February_ColaDeBallena - February_EsteroZacatecas - September_ColaDeBallena - September_EsteroZacatecas","PWY-6731|PWY-6731",0.000901010330250716,0.00395513762658782,1.118753337708e-07,8.17997237196212e-07,0.00395513762658782,"**","ALDEx2_kw"
"COBALSYN-PWY|COBALSYN-PWY","February_ColaDeBallena - February_EsteroZacatecas - September_ColaDeBallena - September_EsteroZacatecas","COBALSYN-PWY|COBALSYN-PWY",0.00222671743223841,0.00520674841302349,7.0611382148722e-05,0.000125844783229479,0.00520674841302349,"**","ALDEx2_kw"
"PWY-6305|PWY-6305","February_ColaDeBallena - February_EsteroZacatecas - September_ColaDeBallena - September_EsteroZacatecas","PWY-6305|PWY-6305",0.00287663333311052,0.00576557611840862,2.76992995074677e-06,9.04008849143617e-06,0.00576557611840862,"**","ALDEx2_kw"
"PWY-5837|PWY-5837","February_ColaDeBallena - February_EsteroZacatecas - September_ColaDeBallena - September_EsteroZacatecas","PWY-5837|PWY-5837",0.00147283457690363,0.00451166123057928,2.1732693746525e-07,1.34261464627264e-06,0.00451166123057928,"**","ALDEx2_kw"
"PWY-6307|PWY-6307","February_ColaDeBallena - February_EsteroZacatecas - September_ColaDeBallena - September_EsteroZacatecas","PWY-6307|PWY-6307",0.00231445725174917,0.0053080258652732,3.77282598251449e-05,7.20963395471481e-05,0.0053080258652732,"**","ALDEx2_kw"
"PWY-5028|PWY-5028","February_ColaDeBallena - February_EsteroZacatecas - September_ColaDeBallena - September_EsteroZacatecas","PWY-5028|PWY-5028",0.000489524216563066,0.00370178491825137,9.97686013929604e-08,7.28184327667324e-07,0.00370178491825137,"**","ALDEx2_kw"
"PWY66-391|PWY66-391","February_ColaDeBallena - February_EsteroZacatecas - September_ColaDeBallena - September_EsteroZacatecas","PWY66-391|PWY66-391",0.00060804897159189,0.00371562152966558,5.24471327992349e-08,4.7721960392098e-07,0.00371562152966558,"**","ALDEx2_kw"
"PWY-6922|PWY-6922","February_ColaDeBallena - February_EsteroZacatecas - September_ColaDeBallena - September_EsteroZacatecas","PWY-6922|PWY-6922",0.00135124419884272,0.00439076270366377,4.13686482430902e-06,1.23751753083553e-05,0.00439076270366377,"**","ALDEx2_kw"
"PWY-6527|PWY-6527","February_ColaDeBallena - February_EsteroZacatecas - September_ColaDeBallena - September_EsteroZacatecas","PWY-6527|PWY-6527",0.00150725765478367,0.00455232645215245,1.02749054314289e-05,2.43135588702617e-05,0.00455232645215245,"**","ALDEx2_kw"
"PWY-6269|PWY-6269","February_ColaDeBallena - February_EsteroZacatecas - September_ColaDeBallena - September_EsteroZacatecas","PWY-6269|PWY-6269",0.000936042229809681,0.00397598747127066,6.85753785531284e-06,1.78951267077316e-05,0.00397598747127066,"**","ALDEx2_kw"
"PWY-5138|PWY-5138","February_ColaDeBallena - February_EsteroZacatecas - September_ColaDeBallena - September_EsteroZacatecas","PWY-5138|PWY-5138",0.00296923532133165,0.00588140551904797,5.86611914800751e-06,1.55132042090999e-05,0.00588140551904797,"**","ALDEx2_kw"
"PWY490-3|PWY490-3","February_ColaDeBallena - February_EsteroZacatecas - September_ColaDeBallena - September_EsteroZacatecas","PWY490-3|PWY490-3",0.0029286317548865,0.00580430819743296,0.000480885013303975,0.000712217478886917,0.00580430819743296,"**","ALDEx2_kw"
"PWY-7431|PWY-7431","February_ColaDeBallena - February_EsteroZacatecas - September_ColaDeBallena - September_EsteroZacatecas","PWY-7431|PWY-7431",0.00267685707923551,0.00560948936555952,0.000281798528390863,0.000437637044614443,0.00560948936555952,"**","ALDEx2_kw"
"PWY-7328|PWY-7328","February_ColaDeBallena - February_EsteroZacatecas - September_ColaDeBallena - September_EsteroZacatecas","PWY-7328|PWY-7328",0.000283772623481747,0.00369292726110155,4.48837558963887e-09,8.66934586566609e-08,0.00369292726110155,"**","ALDEx2_kw"
"PWY-7383|PWY-7383","February_ColaDeBallena - February_EsteroZacatecas - September_ColaDeBallena - September_EsteroZacatecas","PWY-7383|PWY-7383",0.076442523248946,0.088450144586226,0.00878205938896908,0.0111383291421817,0.088450144586226,"","ALDEx2_kw"
"PWY0-1241|PWY0-1241","February_ColaDeBallena - February_EsteroZacatecas - September_ColaDeBallena - September_EsteroZacatecas","PWY0-1241|PWY0-1241",0.00212899518477988,0.00513935948528692,3.42381230910668e-05,6.44928638142553e-05,0.00513935948528692,"**","ALDEx2_kw"
"PWY-5367|PWY-5367","February_ColaDeBallena - February_EsteroZacatecas - September_ColaDeBallena - September_EsteroZacatecas","PWY-5367|PWY-5367",0.00750436936669282,0.0106477159376687,0.000190525529579057,0.000307924406846829,0.0106477159376687,"*","ALDEx2_kw"
"PWY-7858|PWY-7858","February_ColaDeBallena - February_EsteroZacatecas - September_ColaDeBallena - September_EsteroZacatecas","PWY-7858|PWY-7858",0.000686725196162238,0.00377835475082419,4.08120744536318e-08,4.05164123634233e-07,0.00377835475082419,"**","ALDEx2_kw"
"POLYAMSYN-PWY|POLYAMSYN-PWY","February_ColaDeBallena - February_EsteroZacatecas - September_ColaDeBallena - September_EsteroZacatecas","POLYAMSYN-PWY|POLYAMSYN-PWY",0.0095027283722192,0.0130698013499761,0.000288879828466066,0.000446543705638282,0.0130698013499761,"*","ALDEx2_kw"
"PWY-6895|PWY-6895","February_ColaDeBallena - February_EsteroZacatecas - September_ColaDeBallena - September_EsteroZacatecas","PWY-6895|PWY-6895",0.0247750696491538,0.0313593076469883,0.00668387842826156,0.00869427771621685,0.0313593076469883,"*","ALDEx2_kw"
"POLYAMINSYN3-PWY|POLYAMINSYN3-PWY","February_ColaDeBallena - February_EsteroZacatecas - September_ColaDeBallena - September_EsteroZacatecas","POLYAMINSYN3-PWY|POLYAMINSYN3-PWY",0.0102548103713307,0.0139696630496221,0.000355048083251446,0.000538024339993315,0.0139696630496221,"*","ALDEx2_kw"
"PWY-7854|PWY-7854","February_ColaDeBallena - February_EsteroZacatecas - September_ColaDeBallena - September_EsteroZacatecas","PWY-7854|PWY-7854",0.000518980117036103,0.00369590465344264,2.76244216033206e-08,3.07109641869987e-07,0.00369590465344264,"**","ALDEx2_kw"
"PWY-I9|PWY-I9","February_ColaDeBallena - February_EsteroZacatecas - September_ColaDeBallena - September_EsteroZacatecas","PWY-I9|PWY-I9",0.0149008972421062,0.0195816645681108,0.0136006281567615,0.0170456661031672,0.0195816645681108,"*","ALDEx2_kw"
"PWY-7900|PWY-7900","February_ColaDeBallena - February_EsteroZacatecas - September_ColaDeBallena - September_EsteroZacatecas","PWY-7900|PWY-7900",0.000172501494400427,0.00369292726110155,1.03041379481568e-11,1.18497199327303e-09,0.00369292726110155,"**","ALDEx2_kw"
"PWY-5030|PWY-5030","February_ColaDeBallena - February_EsteroZacatecas - September_ColaDeBallena - September_EsteroZacatecas","PWY-5030|PWY-5030",0.505215196304661,0.518114876038856,0.457536017529083,0.470368063657072,0.518114876038856,"","ALDEx2_kw"
"DENOVOPURINE2-PWY|DENOVOPURINE2-PWY","February_ColaDeBallena - February_EsteroZacatecas - September_ColaDeBallena - September_EsteroZacatecas","DENOVOPURINE2-PWY|DENOVOPURINE2-PWY",0.00130387056534812,0.00433719983034519,3.98620476559578e-05,7.50299781319721e-05,0.00433719983034519,"**","ALDEx2_kw"
"TYRFUMCAT-PWY|TYRFUMCAT-PWY","February_ColaDeBallena - February_EsteroZacatecas - September_ColaDeBallena - September_EsteroZacatecas","TYRFUMCAT-PWY|TYRFUMCAT-PWY",0.09899185767708,0.11200763082476,0.0599281681133488,0.0687941416691536,0.11200763082476,"","ALDEx2_kw"
"PWY-5873|PWY-5873","February_ColaDeBallena - February_EsteroZacatecas - September_ColaDeBallena - September_EsteroZacatecas","PWY-5873|PWY-5873",0.00643089257044863,0.00956656684330078,9.34832449646629e-06,2.02237342602233e-05,0.00956656684330078,"**","ALDEx2_kw"
"PWY-7992|PWY-7992","February_ColaDeBallena - February_EsteroZacatecas - September_ColaDeBallena - September_EsteroZacatecas","PWY-7992|PWY-7992",0.00068161513880405,0.00374837898208354,1.55929959262615e-06,5.42036946477011e-06,0.00374837898208354,"**","ALDEx2_kw"
"PWY-5497|PWY-5497","February_ColaDeBallena - February_EsteroZacatecas - September_ColaDeBallena - September_EsteroZacatecas","PWY-5497|PWY-5497",0.442238724607232,0.456702779936486,0.41421416395233,0.427977883320911,0.456702779936486,"","ALDEx2_kw"
"PWY-7356|PWY-7356","February_ColaDeBallena - February_EsteroZacatecas - September_ColaDeBallena - September_EsteroZacatecas","PWY-7356|PWY-7356",0.00166157401394288,0.00470751655967812,4.50883789962869e-06,1.31039971528373e-05,0.00470751655967812,"**","ALDEx2_kw"
"PWY-7294|PWY-7294","February_ColaDeBallena - February_EsteroZacatecas - September_ColaDeBallena - September_EsteroZacatecas","PWY-7294|PWY-7294",0.0301807325606898,0.0376810631854992,0.745071036149501,0.752271430574958,0.0376810631854992,"*","ALDEx2_kw"
"PWY-7282|PWY-7282","February_ColaDeBallena - February_EsteroZacatecas - September_ColaDeBallena - September_EsteroZacatecas","PWY-7282|PWY-7282",0.000504912353442399,0.00369292726110155,3.50875051969637e-11,2.31599826522555e-09,0.00369292726110155,"**","ALDEx2_kw"
"CHLOROPHYLL-SYN|CHLOROPHYLL-SYN","February_ColaDeBallena - February_EsteroZacatecas - September_ColaDeBallena - September_EsteroZacatecas","CHLOROPHYLL-SYN|CHLOROPHYLL-SYN",0.00408970716601222,0.00672414508158989,1.56750369494869e-06,5.87200545787083e-06,0.00672414508158989,"**","ALDEx2_kw"
"NADSYN-PWY|NADSYN-PWY","February_ColaDeBallena - February_EsteroZacatecas - September_ColaDeBallena - September_EsteroZacatecas","NADSYN-PWY|NADSYN-PWY",0.000453908087851735,0.00369451539239006,8.86266701053227e-09,1.35351113183669e-07,0.00369451539239006,"**","ALDEx2_kw"
"P101-PWY|P101-PWY","February_ColaDeBallena - February_EsteroZacatecas - September_ColaDeBallena - September_EsteroZacatecas","P101-PWY|P101-PWY",0.000316088224073775,0.00369292726110155,2.6722394397024e-10,1.01704666471176e-08,0.00369292726110155,"**","ALDEx2_kw"
"URSIN-PWY|URSIN-PWY","February_ColaDeBallena - February_EsteroZacatecas - September_ColaDeBallena - September_EsteroZacatecas","URSIN-PWY|URSIN-PWY",0.000362506255415695,0.00369292726110155,4.83726228356294e-08,4.50971204787561e-07,0.00369292726110155,"**","ALDEx2_kw"
"PWY-6151|PWY-6151","February_ColaDeBallena - February_EsteroZacatecas - September_ColaDeBallena - September_EsteroZacatecas","PWY-6151|PWY-6151",0.00882910120090715,0.012280109836014,0.00184769853266591,0.00253277097786615,0.012280109836014,"*","ALDEx2_kw"
"PWY0-1533|PWY0-1533","February_ColaDeBallena - February_EsteroZacatecas - September_ColaDeBallena - September_EsteroZacatecas","PWY0-1533|PWY0-1533",0.00173762854251635,0.0047953387876073,7.54940306755422e-05,0.000133543944982603,0.0047953387876073,"**","ALDEx2_kw"
"P125-PWY|P125-PWY","February_ColaDeBallena - February_EsteroZacatecas - September_ColaDeBallena - September_EsteroZacatecas","P125-PWY|P125-PWY",0.00505514539147214,0.00789345264679565,0.000260983512315513,0.000407514064714955,0.00789345264679565,"**","ALDEx2_kw"
"PWY-7052|PWY-7052","February_ColaDeBallena - February_EsteroZacatecas - September_ColaDeBallena - September_EsteroZacatecas","PWY-7052|PWY-7052",0.00342251482842957,0.0062252321887244,1.14107590176592e-05,2.66709122767037e-05,0.0062252321887244,"**","ALDEx2_kw"
"GALACTARDEG-PWY|GALACTARDEG-PWY","February_ColaDeBallena - February_EsteroZacatecas - September_ColaDeBallena - September_EsteroZacatecas","GALACTARDEG-PWY|GALACTARDEG-PWY",0.00619158181397807,0.00913018085487048,0.000309875451683373,0.000473720084467359,0.00913018085487048,"**","ALDEx2_kw"
"GLUCARGALACTSUPER-PWY|GLUCARGALACTSUPER-PWY","February_ColaDeBallena - February_EsteroZacatecas - September_ColaDeBallena - September_EsteroZacatecas","GLUCARGALACTSUPER-PWY|GLUCARGALACTSUPER-PWY",0.00626928938765052,0.00922096367368795,0.000305428319173107,0.00046858041728098,0.00922096367368795,"**","ALDEx2_kw"
"GLUCARDEG-PWY|GLUCARDEG-PWY","February_ColaDeBallena - February_EsteroZacatecas - September_ColaDeBallena - September_EsteroZacatecas","GLUCARDEG-PWY|GLUCARDEG-PWY",0.00902660513912333,0.0124850869685465,0.000464057421164309,0.00068594913925599,0.0124850869685465,"*","ALDEx2_kw"
"PWY-5913|PWY-5913","February_ColaDeBallena - February_EsteroZacatecas - September_ColaDeBallena - September_EsteroZacatecas","PWY-5913|PWY-5913",0.0508508502954263,0.0610420584700115,0.0200368727101296,0.024696670419717,0.0610420584700115,"","ALDEx2_kw"
"PWY-6263|PWY-6263","February_ColaDeBallena - February_EsteroZacatecas - September_ColaDeBallena - September_EsteroZacatecas","PWY-6263|PWY-6263",0.00569603266025148,0.00856088028517671,0.000614543634128564,0.000897504266733767,0.00856088028517671,"**","ALDEx2_kw"
"PWY0-845|PWY0-845","February_ColaDeBallena - February_EsteroZacatecas - September_ColaDeBallena - September_EsteroZacatecas","PWY0-845|PWY0-845",0.000219403684025905,0.00369292726110155,5.58413336760725e-13,2.46288489971848e-10,0.00369292726110155,"**","ALDEx2_kw"
"PWY-5100|PWY-5100","February_ColaDeBallena - February_EsteroZacatecas - September_ColaDeBallena - September_EsteroZacatecas","PWY-5100|PWY-5100",0.00305799682323408,0.00591398451960222,0.000454406310756905,0.000674840753884618,0.00591398451960222,"**","ALDEx2_kw"
"PWY-6383|PWY-6383","February_ColaDeBallena - February_EsteroZacatecas - September_ColaDeBallena - September_EsteroZacatecas","PWY-6383|PWY-6383",0.000155320442620625,0.00369292726110155,7.55876163103347e-12,1.0522629622286e-09,0.00369292726110155,"**","ALDEx2_kw"
"PWY-6562|PWY-6562","February_ColaDeBallena - February_EsteroZacatecas - September_ColaDeBallena - September_EsteroZacatecas","PWY-6562|PWY-6562",0.00398653625958413,0.00672170175101661,4.55145130148799e-07,2.24759131928865e-06,0.00672170175101661,"**","ALDEx2_kw"
"PWY-7268|PWY-7268","February_ColaDeBallena - February_EsteroZacatecas - September_ColaDeBallena - September_EsteroZacatecas","PWY-7268|PWY-7268",0.0123675379172622,0.0165278195026853,0.00165598769752577,0.00229121688414002,0.0165278195026853,"*","ALDEx2_kw"
"PWY0-321|PWY0-321","February_ColaDeBallena - February_EsteroZacatecas - September_ColaDeBallena - September_EsteroZacatecas","PWY0-321|PWY0-321",0.00582590466131098,0.00878368729114952,0.00101178179218352,0.001426265350397,0.00878368729114952,"**","ALDEx2_kw"
"PWY-6435|PWY-6435","February_ColaDeBallena - February_EsteroZacatecas - September_ColaDeBallena - September_EsteroZacatecas","PWY-6435|PWY-6435",0.0029041679054966,0.00579645734061957,4.02666655587874e-05,7.5304817917609e-05,0.00579645734061957,"**","ALDEx2_kw"
"GLUDEG-I-PWY|GLUDEG-I-PWY","February_ColaDeBallena - February_EsteroZacatecas - September_ColaDeBallena - September_EsteroZacatecas","GLUDEG-I-PWY|GLUDEG-I-PWY",0.000881300905366401,0.00395059921283505,2.15346542048712e-05,4.4355155137715e-05,0.00395059921283505,"**","ALDEx2_kw"
"PWY0-1477|PWY0-1477","February_ColaDeBallena - February_EsteroZacatecas - September_ColaDeBallena - September_EsteroZacatecas","PWY0-1477|PWY0-1477",0.00498529170807084,0.00764878676251735,0.00030504246930985,0.000469578101782369,0.00764878676251735,"**","ALDEx2_kw"
"PWY-6396|PWY-6396","February_ColaDeBallena - February_EsteroZacatecas - September_ColaDeBallena - September_EsteroZacatecas","PWY-6396|PWY-6396",0.00114566527732193,0.00418163001523977,4.85229367745822e-05,9.00638140609841e-05,0.00418163001523977,"**","ALDEx2_kw"
"P562-PWY|P562-PWY","February_ColaDeBallena - February_EsteroZacatecas - September_ColaDeBallena - September_EsteroZacatecas","P562-PWY|P562-PWY",0.0017094992155185,0.0047778877009052,1.61828310848279e-05,3.53012310430115e-05,0.0047778877009052,"**","ALDEx2_kw"
"PWY-5651|PWY-5651","February_ColaDeBallena - February_EsteroZacatecas - September_ColaDeBallena - September_EsteroZacatecas","PWY-5651|PWY-5651",0.000425020006855902,0.00369357689766571,2.53770896297681e-09,5.69702507160909e-08,0.00369357689766571,"**","ALDEx2_kw"
"CRNFORCAT-PWY|CRNFORCAT-PWY","February_ColaDeBallena - February_EsteroZacatecas - September_ColaDeBallena - September_EsteroZacatecas","CRNFORCAT-PWY|CRNFORCAT-PWY",0.00742340873626769,0.0105498176187173,0.000215795414410453,0.000342354892072885,0.0105498176187173,"*","ALDEx2_kw"
"PWY-5705|PWY-5705","February_ColaDeBallena - February_EsteroZacatecas - September_ColaDeBallena - September_EsteroZacatecas","PWY-5705|PWY-5705",0.000381578215935917,0.00369292726110155,4.60878571632711e-08,4.35948210293884e-07,0.00369292726110155,"**","ALDEx2_kw"
"PWY-7376|PWY-7376","February_ColaDeBallena - February_EsteroZacatecas - September_ColaDeBallena - September_EsteroZacatecas","PWY-7376|PWY-7376",0.00105002192278006,0.00408712381438966,4.60531948562548e-06,1.33188242101269e-05,0.00408712381438966,"**","ALDEx2_kw"
"PWY-6906|PWY-6906","February_ColaDeBallena - February_EsteroZacatecas - September_ColaDeBallena - September_EsteroZacatecas","PWY-6906|PWY-6906",0.00317857136855707,0.00600221574813385,2.34884370327182e-08,2.69826151562669e-07,0.00600221574813385,"**","ALDEx2_kw"
"PWY-7807|PWY-7807","February_ColaDeBallena - February_EsteroZacatecas - September_ColaDeBallena - September_EsteroZacatecas","PWY-7807|PWY-7807",0.00426460020181349,0.00706796731873018,0.000197826514547069,0.000318230861373804,0.00706796731873018,"**","ALDEx2_kw"
"PWY-5741|PWY-5741","February_ColaDeBallena - February_EsteroZacatecas - September_ColaDeBallena - September_EsteroZacatecas","PWY-5741|PWY-5741",0.00121494995729159,0.00423867947315081,7.48585755868918e-07,3.3622540289941e-06,0.00423867947315081,"**","ALDEx2_kw"
"PWY0-1337|PWY0-1337","February_ColaDeBallena - February_EsteroZacatecas - September_ColaDeBallena - September_EsteroZacatecas","PWY0-1337|PWY0-1337",0.963044172001563,0.963774497124917,0.949446952937506,0.950710726191557,0.963774497124917,"","ALDEx2_kw"
"PWY-6126|PWY-6126","February_ColaDeBallena - February_EsteroZacatecas - September_ColaDeBallena - September_EsteroZacatecas","PWY-6126|PWY-6126",0.00117320631609257,0.00420684941520688,1.8475339308278e-05,3.88972477977785e-05,0.00420684941520688,"**","ALDEx2_kw"
"PWY-8020|PWY-8020","February_ColaDeBallena - February_EsteroZacatecas - September_ColaDeBallena - September_EsteroZacatecas","PWY-8020|PWY-8020",0.00284769190911232,0.00573501461871394,1.44319932502e-05,3.20881341815112e-05,0.00573501461871394,"**","ALDEx2_kw"
"PWY-6531|PWY-6531","February_ColaDeBallena - February_EsteroZacatecas - September_ColaDeBallena - September_EsteroZacatecas","PWY-6531|PWY-6531",0.00364396704120958,0.00635931350074987,1.84028532962976e-07,1.16911142439569e-06,0.00635931350074987,"**","ALDEx2_kw"
"PWY-7456|PWY-7456","February_ColaDeBallena - February_EsteroZacatecas - September_ColaDeBallena - September_EsteroZacatecas","PWY-7456|PWY-7456",0.000471409567464018,0.00369518351871223,1.78584092057219e-07,1.12364163400529e-06,0.00369518351871223,"**","ALDEx2_kw"
"PWY1G-0|PWY1G-0","February_ColaDeBallena - February_EsteroZacatecas - September_ColaDeBallena - September_EsteroZacatecas","PWY1G-0|PWY1G-0",0.000177613482995464,0.00369292726110155,3.88624927712084e-11,2.52965617364265e-09,0.00369292726110155,"**","ALDEx2_kw"
"PWY-5180|PWY-5180","February_ColaDeBallena - February_EsteroZacatecas - September_ColaDeBallena - September_EsteroZacatecas","PWY-5180|PWY-5180",0.000594447869531452,0.0036966973178232,4.47545353039316e-06,1.30189468915244e-05,0.0036966973178232,"**","ALDEx2_kw"
"REDCITCYC|REDCITCYC","February_ColaDeBallena - February_EsteroZacatecas - September_ColaDeBallena - September_EsteroZacatecas","REDCITCYC|REDCITCYC",0.0951413155903416,0.108105780347513,0.0509530649775491,0.0593104447781499,0.108105780347513,"","ALDEx2_kw"
"PWY-7229|PWY-7229","February_ColaDeBallena - February_EsteroZacatecas - September_ColaDeBallena - September_EsteroZacatecas","PWY-7229|PWY-7229",0.00113102175151332,0.00416236632273858,1.63052592690232e-05,3.49891914787596e-05,0.00416236632273858,"**","ALDEx2_kw"
"PWY-7269|PWY-7269","February_ColaDeBallena - February_EsteroZacatecas - September_ColaDeBallena - September_EsteroZacatecas","PWY-7269|PWY-7269",0.0132868170219087,0.0176603854191229,0.00161158601088182,0.00223322867460031,0.0176603854191229,"*","ALDEx2_kw"
"PWY-6803|PWY-6803","February_ColaDeBallena - February_EsteroZacatecas - September_ColaDeBallena - September_EsteroZacatecas","PWY-6803|PWY-6803",0.00439720216950651,0.00729124773920472,0.000483792383514027,0.000718960288853523,0.00729124773920472,"**","ALDEx2_kw"
"HEMESYN2-PWY|HEMESYN2-PWY","February_ColaDeBallena - February_EsteroZacatecas - September_ColaDeBallena - September_EsteroZacatecas","HEMESYN2-PWY|HEMESYN2-PWY",0.00551910786389203,0.00830665857576673,0.000217670033176844,0.000344140812931632,0.00830665857576673,"**","ALDEx2_kw"
"PWY0-1415|PWY0-1415","February_ColaDeBallena - February_EsteroZacatecas - September_ColaDeBallena - September_EsteroZacatecas","PWY0-1415|PWY0-1415",0.00590602253836305,0.00876400600170616,0.000328764624804418,0.000500005646296588,0.00876400600170616,"**","ALDEx2_kw"
"PWY-5531|PWY-5531","February_ColaDeBallena - February_EsteroZacatecas - September_ColaDeBallena - September_EsteroZacatecas","PWY-5531|PWY-5531",0.000809589728204786,0.00386095288580903,6.81391600293627e-06,1.74349600915617e-05,0.00386095288580903,"**","ALDEx2_kw"
"PWY-7805|PWY-7805","February_ColaDeBallena - February_EsteroZacatecas - September_ColaDeBallena - September_EsteroZacatecas","PWY-7805|PWY-7805",0.0088847966911762,0.0123801842678136,0.000306504331710906,0.000471817912980872,0.0123801842678136,"*","ALDEx2_kw"
"PWY-7374|PWY-7374","February_ColaDeBallena - February_EsteroZacatecas - September_ColaDeBallena - September_EsteroZacatecas","PWY-7374|PWY-7374",0.00109090623332226,0.00413771016895939,9.29563176451282e-06,2.18040192980595e-05,0.00413771016895939,"**","ALDEx2_kw"
"PWY-7371|PWY-7371","February_ColaDeBallena - February_EsteroZacatecas - September_ColaDeBallena - September_EsteroZacatecas","PWY-7371|PWY-7371",0.000608682952361606,0.00371957589992259,6.86386028904589e-07,2.93810259445579e-06,0.00371957589992259,"**","ALDEx2_kw"
"AST-PWY|AST-PWY","February_ColaDeBallena - February_EsteroZacatecas - September_ColaDeBallena - September_EsteroZacatecas","AST-PWY|AST-PWY",0.0518310454815408,0.0619542511872166,0.044262324627791,0.0519740327880184,0.0619542511872166,"","ALDEx2_kw"
"PWY-6071|PWY-6071","February_ColaDeBallena - February_EsteroZacatecas - September_ColaDeBallena - September_EsteroZacatecas","PWY-6071|PWY-6071",0.00170635537082618,0.00476039933257679,7.63276833079668e-06,1.93787406010018e-05,0.00476039933257679,"**","ALDEx2_kw"
"PWY-5692|PWY-5692","February_ColaDeBallena - February_EsteroZacatecas - September_ColaDeBallena - September_EsteroZacatecas","PWY-5692|PWY-5692",0.000491162522740729,0.00369292726110155,4.37549157001923e-11,2.76918597110456e-09,0.00369292726110155,"**","ALDEx2_kw"
"URDEGR-PWY|URDEGR-PWY","February_ColaDeBallena - February_EsteroZacatecas - September_ColaDeBallena - September_EsteroZacatecas","URDEGR-PWY|URDEGR-PWY",0.000488903498993588,0.00369292726110155,4.63957159370229e-11,2.81879706527285e-09,0.00369292726110155,"**","ALDEx2_kw"
"PWY0-42|PWY0-42","February_ColaDeBallena - February_EsteroZacatecas - September_ColaDeBallena - September_EsteroZacatecas","PWY0-42|PWY0-42",0.01253184360304,0.0167547377133021,0.0016489448325363,0.00227352513735821,0.0167547377133021,"*","ALDEx2_kw"
"PWY-5747|PWY-5747","February_ColaDeBallena - February_EsteroZacatecas - September_ColaDeBallena - September_EsteroZacatecas","PWY-5747|PWY-5747",0.00997327586956846,0.0136598978835268,0.00113311572198358,0.00159083487752405,0.0136598978835268,"*","ALDEx2_kw"
"DENITRIFICATION-PWY|DENITRIFICATION-PWY","February_ColaDeBallena - February_EsteroZacatecas - September_ColaDeBallena - September_EsteroZacatecas","DENITRIFICATION-PWY|DENITRIFICATION-PWY",0.0554338956185404,0.0655568365575913,0.0134552505934595,0.0167886799185127,0.0655568365575913,"","ALDEx2_kw"
"P108-PWY|P108-PWY","February_ColaDeBallena - February_EsteroZacatecas - September_ColaDeBallena - September_EsteroZacatecas","P108-PWY|P108-PWY",0.000871619302323572,0.00393308991371374,2.25045423925313e-06,7.33820048313075e-06,0.00393308991371374,"**","ALDEx2_kw"
"SUCSYN-PWY|SUCSYN-PWY","February_ColaDeBallena - February_EsteroZacatecas - September_ColaDeBallena - September_EsteroZacatecas","SUCSYN-PWY|SUCSYN-PWY",0.000553173804571288,0.00369595451437572,1.18925602187284e-07,8.51026260190133e-07,0.00369595451437572,"**","ALDEx2_kw"
"LIPASYN-PWY|LIPASYN-PWY","February_ColaDeBallena - February_EsteroZacatecas - September_ColaDeBallena - September_EsteroZacatecas","LIPASYN-PWY|LIPASYN-PWY",0.00476142477692298,0.00745461196136686,0.000146038488585109,0.000241812495951177,0.00745461196136686,"**","ALDEx2_kw"
"PWY-7947|PWY-7947","February_ColaDeBallena - February_EsteroZacatecas - September_ColaDeBallena - September_EsteroZacatecas","PWY-7947|PWY-7947",0.00125891247732244,0.00429035464947323,1.33213478660641e-06,5.18959309261773e-06,0.00429035464947323,"**","ALDEx2_kw"
"RHAMCAT-PWY|RHAMCAT-PWY","February_ColaDeBallena - February_EsteroZacatecas - September_ColaDeBallena - September_EsteroZacatecas","RHAMCAT-PWY|RHAMCAT-PWY",0.00378045497399229,0.00665639006952083,0.000153156520629539,0.000247772559238156,0.00665639006952083,"**","ALDEx2_kw"
"PWY-7377|PWY-7377","February_ColaDeBallena - February_EsteroZacatecas - September_ColaDeBallena - September_EsteroZacatecas","PWY-7377|PWY-7377",0.00057573415944663,0.00369336822540095,1.2346160571274e-08,1.73220538619125e-07,0.00369336822540095,"**","ALDEx2_kw"
"PWY-7315|PWY-7315","February_ColaDeBallena - February_EsteroZacatecas - September_ColaDeBallena - September_EsteroZacatecas","PWY-7315|PWY-7315",0.000783152677823925,0.00385828827159524,7.21280403135982e-07,3.1804914701414e-06,0.00385828827159524,"**","ALDEx2_kw"
"PWY-7942|PWY-7942","February_ColaDeBallena - February_EsteroZacatecas - September_ColaDeBallena - September_EsteroZacatecas","PWY-7942|PWY-7942",0.00226947231207132,0.00526265478877981,8.63894104040969e-05,0.000147826962108716,0.00526265478877981,"**","ALDEx2_kw"
"PWY-6837|PWY-6837","February_ColaDeBallena - February_EsteroZacatecas - September_ColaDeBallena - September_EsteroZacatecas","PWY-6837|PWY-6837",0.000558134598088853,0.00373126389354179,6.24456556214569e-09,1.00447670917635e-07,0.00373126389354179,"**","ALDEx2_kw"
"PWY-8131|PWY-8131","February_ColaDeBallena - February_EsteroZacatecas - September_ColaDeBallena - September_EsteroZacatecas","PWY-8131|PWY-8131",0.00235951423341404,0.00532577911114691,7.29530741272158e-07,3.22624548822046e-06,0.00532577911114691,"**","ALDEx2_kw"
"PWY-6748|PWY-6748","February_ColaDeBallena - February_EsteroZacatecas - September_ColaDeBallena - September_EsteroZacatecas","PWY-6748|PWY-6748",0.0886408539994087,0.10049201977431,0.0477691145485142,0.0551540328546531,0.10049201977431,"","ALDEx2_kw"
"PWY-5415|PWY-5415","February_ColaDeBallena - February_EsteroZacatecas - September_ColaDeBallena - September_EsteroZacatecas","PWY-5415|PWY-5415",0.0864391753964722,0.0989204730988715,0.0774950680496243,0.0875280737087638,0.0989204730988715,"","ALDEx2_kw"
"ALLANTOINDEG-PWY|ALLANTOINDEG-PWY","February_ColaDeBallena - February_EsteroZacatecas - September_ColaDeBallena - September_EsteroZacatecas","ALLANTOINDEG-PWY|ALLANTOINDEG-PWY",0.00736987810666887,0.0104889759173975,0.00219582191650638,0.00299723696917673,0.0104889759173975,"*","ALDEx2_kw"
"PWY-5910|PWY-5910","February_ColaDeBallena - February_EsteroZacatecas - September_ColaDeBallena - September_EsteroZacatecas","PWY-5910|PWY-5910",0.15220976041969,0.166654293255716,0.106036147504679,0.117083049364439,0.166654293255716,"","ALDEx2_kw"
"PWY-7674|PWY-7674","February_ColaDeBallena - February_EsteroZacatecas - September_ColaDeBallena - September_EsteroZacatecas","PWY-7674|PWY-7674",0.000182903137637873,0.00369292726110155,7.97421127175057e-12,9.49370650389025e-10,0.00369292726110155,"**","ALDEx2_kw"
"PWY-6478|PWY-6478","February_ColaDeBallena - February_EsteroZacatecas - September_ColaDeBallena - September_EsteroZacatecas","PWY-6478|PWY-6478",0.0539299458686034,0.0643169702542424,0.00999122179177142,0.0127225487570713,0.0643169702542424,"","ALDEx2_kw"
"PWY-7399|PWY-7399","February_ColaDeBallena - February_EsteroZacatecas - September_ColaDeBallena - September_EsteroZacatecas","PWY-7399|PWY-7399",0.000254029480919346,0.00369292726110155,5.56392368313259e-12,8.74494798214129e-10,0.00369292726110155,"**","ALDEx2_kw"
"PWY-5419|PWY-5419","February_ColaDeBallena - February_EsteroZacatecas - September_ColaDeBallena - September_EsteroZacatecas","PWY-5419|PWY-5419",0.187718739246493,0.203333624400652,0.0502708368068117,0.058256084760334,0.203333624400652,"","ALDEx2_kw"
"12DICHLORETHDEG-PWY|12DICHLORETHDEG-PWY","February_ColaDeBallena - February_EsteroZacatecas - September_ColaDeBallena - September_EsteroZacatecas","12DICHLORETHDEG-PWY|12DICHLORETHDEG-PWY",0.0235642355756888,0.0299295472248843,0.0101281348368951,0.0129184299554621,0.0299295472248843,"*","ALDEx2_kw"
"PWY-5420|PWY-5420","February_ColaDeBallena - February_EsteroZacatecas - September_ColaDeBallena - September_EsteroZacatecas","PWY-5420|PWY-5420",0.273953540414432,0.290467916328479,0.248084137271588,0.262252071894204,0.290467916328479,"","ALDEx2_kw"
"PWY-6641|PWY-6641","February_ColaDeBallena - February_EsteroZacatecas - September_ColaDeBallena - September_EsteroZacatecas","PWY-6641|PWY-6641",0.00637875136724309,0.00932258166189977,0.000227394946731912,0.000356265434704688,0.00932258166189977,"**","ALDEx2_kw"
"PWY-7295|PWY-7295","February_ColaDeBallena - February_EsteroZacatecas - September_ColaDeBallena - September_EsteroZacatecas","PWY-7295|PWY-7295",0.000627804757915222,0.00373726172058659,7.69346248892026e-08,6.1890424954206e-07,0.00373726172058659,"**","ALDEx2_kw"
"PWY-1541|PWY-1541","February_ColaDeBallena - February_EsteroZacatecas - September_ColaDeBallena - September_EsteroZacatecas","PWY-1541|PWY-1541",0.00113583177892474,0.00418144806751185,7.33277018032147e-07,3.14254582578011e-06,0.00418144806751185,"**","ALDEx2_kw"
"PWY-7873|PWY-7873","February_ColaDeBallena - February_EsteroZacatecas - September_ColaDeBallena - September_EsteroZacatecas","PWY-7873|PWY-7873",0.000589227180015131,0.00370334721328588,4.90091939265894e-08,4.42320688954921e-07,0.00370334721328588,"**","ALDEx2_kw"
"KETOGLUCONMET-PWY|KETOGLUCONMET-PWY","February_ColaDeBallena - February_EsteroZacatecas - September_ColaDeBallena - September_EsteroZacatecas","KETOGLUCONMET-PWY|KETOGLUCONMET-PWY",0.000422662333290599,0.00369292726110155,1.45790278581139e-09,3.89251473719031e-08,0.00369292726110155,"**","ALDEx2_kw"
"PWY-7902|PWY-7902","February_ColaDeBallena - February_EsteroZacatecas - September_ColaDeBallena - September_EsteroZacatecas","PWY-7902|PWY-7902",0.000765367055185787,0.00382172742086893,1.04321900750131e-10,5.04398442329488e-09,0.00382172742086893,"**","ALDEx2_kw"
"PWY-5101|PWY-5101","February_ColaDeBallena - February_EsteroZacatecas - September_ColaDeBallena - September_EsteroZacatecas","PWY-5101|PWY-5101",0.000524838205117178,0.00369292726110155,2.8733222836449e-10,1.0650080943319e-08,0.00369292726110155,"**","ALDEx2_kw"
"KDO-NAGLIPASYN-PWY|KDO-NAGLIPASYN-PWY","February_ColaDeBallena - February_EsteroZacatecas - September_ColaDeBallena - September_EsteroZacatecas","KDO-NAGLIPASYN-PWY|KDO-NAGLIPASYN-PWY",0.440405523605921,0.454955606503602,0.447431459930836,0.460942395819655,0.454955606503602,"","ALDEx2_kw"
"P105-PWY|P105-PWY","February_ColaDeBallena - February_EsteroZacatecas - September_ColaDeBallena - September_EsteroZacatecas","P105-PWY|P105-PWY",0.00025461523732892,0.00369292726110155,3.78973819735632e-09,7.80215804215458e-08,0.00369292726110155,"**","ALDEx2_kw"
"PWY-7255|PWY-7255","February_ColaDeBallena - February_EsteroZacatecas - September_ColaDeBallena - September_EsteroZacatecas","PWY-7255|PWY-7255",0.202486657829303,0.218036486884466,0.0276999425905774,0.0334930835672995,0.218036486884466,"","ALDEx2_kw"
"PWY-7855|PWY-7855","February_ColaDeBallena - February_EsteroZacatecas - September_ColaDeBallena - September_EsteroZacatecas","PWY-7855|PWY-7855",0.000336795839570459,0.00369292726110155,6.65380651788163e-09,1.05277011175133e-07,0.00369292726110155,"**","ALDEx2_kw"
"PWY-5104|PWY-5104","February_ColaDeBallena - February_EsteroZacatecas - September_ColaDeBallena - September_EsteroZacatecas","PWY-5104|PWY-5104",0.000523388247751761,0.00369512577862443,4.71946142370289e-08,4.23019209200582e-07,0.00369512577862443,"**","ALDEx2_kw"
"PWY-7090|PWY-7090","February_ColaDeBallena - February_EsteroZacatecas - September_ColaDeBallena - September_EsteroZacatecas","PWY-7090|PWY-7090",0.0024147152137198,0.00541161843753142,1.17696136603693e-06,4.44847893150066e-06,0.00541161843753142,"**","ALDEx2_kw"
"PWY-7874|PWY-7874","February_ColaDeBallena - February_EsteroZacatecas - September_ColaDeBallena - September_EsteroZacatecas","PWY-7874|PWY-7874",0.000700745713628654,0.00377452995432665,6.98362236771364e-08,5.68177054774492e-07,0.00377452995432665,"**","ALDEx2_kw"
"PWY-1861|PWY-1861","February_ColaDeBallena - February_EsteroZacatecas - September_ColaDeBallena - September_EsteroZacatecas","PWY-1861|PWY-1861",0.000453937931893645,0.00369518380832347,2.06655901138105e-07,1.24620872899462e-06,0.00369518380832347,"**","ALDEx2_kw"
"P461-PWY|P461-PWY","February_ColaDeBallena - February_EsteroZacatecas - September_ColaDeBallena - September_EsteroZacatecas","P461-PWY|P461-PWY",0.00625938536023607,0.00916661057447608,0.00347547528452013,0.0046416842229127,0.00916661057447608,"**","ALDEx2_kw"
"PWY-922|PWY-922","February_ColaDeBallena - February_EsteroZacatecas - September_ColaDeBallena - September_EsteroZacatecas","PWY-922|PWY-922",0.158333839288566,0.173012864607108,0.114785602249217,0.126076285418461,0.173012864607108,"","ALDEx2_kw"
"P185-PWY|P185-PWY","February_ColaDeBallena - February_EsteroZacatecas - September_ColaDeBallena - September_EsteroZacatecas","P185-PWY|P185-PWY",0.000880988329789611,0.00394733583641504,1.24749766190094e-05,2.83587221048396e-05,0.00394733583641504,"**","ALDEx2_kw"
"PWY-6946|PWY-6946","February_ColaDeBallena - February_EsteroZacatecas - September_ColaDeBallena - September_EsteroZacatecas","PWY-6946|PWY-6946",0.000757089719077253,0.0038125983612631,7.5833075882822e-08,5.98803038477518e-07,0.0038125983612631,"**","ALDEx2_kw"
"PWY-6501|PWY-6501","February_ColaDeBallena - February_EsteroZacatecas - September_ColaDeBallena - September_EsteroZacatecas","PWY-6501|PWY-6501",0.000444388538771537,0.00369388495778244,4.32302138230606e-08,4.04055142145728e-07,0.00369388495778244,"**","ALDEx2_kw"
"PWY-5647|PWY-5647","February_ColaDeBallena - February_EsteroZacatecas - September_ColaDeBallena - September_EsteroZacatecas","PWY-5647|PWY-5647",0.00102669448345571,0.00408062265137811,5.01694101980265e-08,4.30131023834315e-07,0.00408062265137811,"**","ALDEx2_kw"
"PWY-1422|PWY-1422","February_ColaDeBallena - February_EsteroZacatecas - September_ColaDeBallena - September_EsteroZacatecas","PWY-1422|PWY-1422",0.000597233790730669,0.00369639580278103,5.38508334918604e-09,9.84343756566201e-08,0.00369639580278103,"**","ALDEx2_kw"
"PWY-6891|PWY-6891","February_ColaDeBallena - February_EsteroZacatecas - September_ColaDeBallena - September_EsteroZacatecas","PWY-6891|PWY-6891",0.0193404474624734,0.0249302282933485,0.0156245354817112,0.0192302774747526,0.0249302282933485,"*","ALDEx2_kw"
"PWY-6185|PWY-6185","February_ColaDeBallena - February_EsteroZacatecas - September_ColaDeBallena - September_EsteroZacatecas","PWY-6185|PWY-6185",0.000620359229165772,0.00372072180487288,5.22112833947922e-07,2.52974209071497e-06,0.00372072180487288,"**","ALDEx2_kw"
"GALLATE-DEGRADATION-I-PWY|GALLATE-DEGRADATION-I-PWY","February_ColaDeBallena - February_EsteroZacatecas - September_ColaDeBallena - September_EsteroZacatecas","GALLATE-DEGRADATION-I-PWY|GALLATE-DEGRADATION-I-PWY",0.00296729503646328,0.00583406367832186,0.000108907370794468,0.000185529112680096,0.00583406367832186,"**","ALDEx2_kw"
"GALLATE-DEGRADATION-II-PWY|GALLATE-DEGRADATION-II-PWY","February_ColaDeBallena - February_EsteroZacatecas - September_ColaDeBallena - September_EsteroZacatecas","GALLATE-DEGRADATION-II-PWY|GALLATE-DEGRADATION-II-PWY",0.00305485339930378,0.00591520299297591,0.000113311783822931,0.000191769095415572,0.00591520299297591,"**","ALDEx2_kw"
"PWY-6470|PWY-6470","February_ColaDeBallena - February_EsteroZacatecas - September_ColaDeBallena - September_EsteroZacatecas","PWY-6470|PWY-6470",0.0349927359998071,0.043178592451312,0.00464308407909641,0.00614766325625293,0.043178592451312,"*","ALDEx2_kw"
"PWY-5654|PWY-5654","February_ColaDeBallena - February_EsteroZacatecas - September_ColaDeBallena - September_EsteroZacatecas","PWY-5654|PWY-5654",0.00134159502748357,0.00437560089396951,5.21791779819883e-07,2.41349220844029e-06,0.00437560089396951,"**","ALDEx2_kw"
"PWY66-201|PWY66-201","February_ColaDeBallena - February_EsteroZacatecas - September_ColaDeBallena - September_EsteroZacatecas","PWY66-201|PWY66-201",0.000386839782915432,0.00369292726110155,2.79053127891362e-06,6.40245073006768e-06,0.00369292726110155,"**","ALDEx2_kw"
"PWY66-367|PWY66-367","February_ColaDeBallena - February_EsteroZacatecas - September_ColaDeBallena - September_EsteroZacatecas","PWY66-367|PWY66-367",0.00137506145060584,0.00440749104291917,2.78719293617377e-08,2.83380829226824e-07,0.00440749104291917,"**","ALDEx2_kw"
"PWY-6182|PWY-6182","February_ColaDeBallena - February_EsteroZacatecas - September_ColaDeBallena - September_EsteroZacatecas","PWY-6182|PWY-6182",0.041452126696691,0.0501898951757629,0.014312460523155,0.0179358627802663,0.0501898951757629,"","ALDEx2_kw"
"PWY-6581|PWY-6581","February_ColaDeBallena - February_EsteroZacatecas - September_ColaDeBallena - September_EsteroZacatecas","PWY-6581|PWY-6581",0.000365199320797833,0.00369292726110155,7.52608303246819e-09,1.22590160838439e-07,0.00369292726110155,"**","ALDEx2_kw"
"PWY-7347|PWY-7347","February_ColaDeBallena - February_EsteroZacatecas - September_ColaDeBallena - September_EsteroZacatecas","PWY-7347|PWY-7347",0.000535369248281161,0.0036949682612904,2.23217402436338e-07,1.34040947171339e-06,0.0036949682612904,"**","ALDEx2_kw"
"PWY-5655|PWY-5655","February_ColaDeBallena - February_EsteroZacatecas - September_ColaDeBallena - September_EsteroZacatecas","PWY-5655|PWY-5655",0.031206336501685,0.0387655148355777,0.00735079956975112,0.00944560188824225,0.0387655148355777,"*","ALDEx2_kw"
"PWY-6672|PWY-6672","February_ColaDeBallena - February_EsteroZacatecas - September_ColaDeBallena - September_EsteroZacatecas","PWY-6672|PWY-6672",0.0016306595451625,0.00465672165681101,5.10412693238688e-06,1.37272760905739e-05,0.00465672165681101,"**","ALDEx2_kw"
"PWY-5652|PWY-5652","February_ColaDeBallena - February_EsteroZacatecas - September_ColaDeBallena - September_EsteroZacatecas","PWY-5652|PWY-5652",0.000198776043017798,0.00369292726110155,2.70720734333212e-10,9.56079537069524e-09,0.00369292726110155,"**","ALDEx2_kw"
"RUMP-PWY|RUMP-PWY","February_ColaDeBallena - February_EsteroZacatecas - September_ColaDeBallena - September_EsteroZacatecas","RUMP-PWY|RUMP-PWY",0.000490057648474139,0.00369646287590449,2.74397552150923e-07,1.52009897311223e-06,0.00369646287590449,"**","ALDEx2_kw"
"PWY-6962|PWY-6962","February_ColaDeBallena - February_EsteroZacatecas - September_ColaDeBallena - September_EsteroZacatecas","PWY-6962|PWY-6962",0.0103473829594818,0.014093679745583,0.00127621076221967,0.0017854521564157,0.014093679745583,"*","ALDEx2_kw"
"PWY-6404|PWY-6404","February_ColaDeBallena - February_EsteroZacatecas - September_ColaDeBallena - September_EsteroZacatecas","PWY-6404|PWY-6404",0.000629602129755541,0.00372239477485494,2.66753026370244e-06,8.31968125967191e-06,0.00372239477485494,"**","ALDEx2_kw"
"PWY-6948|PWY-6948","February_ColaDeBallena - February_EsteroZacatecas - September_ColaDeBallena - September_EsteroZacatecas","PWY-6948|PWY-6948",0.000794081481904721,0.00384766092390091,7.25755621610608e-08,5.80243961909128e-07,0.00384766092390091,"**","ALDEx2_kw"
"PWY-5417|PWY-5417","February_ColaDeBallena - February_EsteroZacatecas - September_ColaDeBallena - September_EsteroZacatecas","PWY-5417|PWY-5417",0.0801149000306984,0.0913865510251416,0.0281174484408082,0.0338161310415624,0.0913865510251416,"","ALDEx2_kw"
"PWY-5431|PWY-5431","February_ColaDeBallena - February_EsteroZacatecas - September_ColaDeBallena - September_EsteroZacatecas","PWY-5431|PWY-5431",0.0754104464574028,0.0866778030885852,0.02751428965405,0.0332150487262942,0.0866778030885852,"","ALDEx2_kw"
"PWY-6486|PWY-6486","February_ColaDeBallena - February_EsteroZacatecas - September_ColaDeBallena - September_EsteroZacatecas","PWY-6486|PWY-6486",0.00156460834578504,0.00460851097799096,6.86649567359987e-06,1.77222001635369e-05,0.00460851097799096,"**","ALDEx2_kw"
"GLCMANNANAUT-PWY|GLCMANNANAUT-PWY","February_ColaDeBallena - February_EsteroZacatecas - September_ColaDeBallena - September_EsteroZacatecas","GLCMANNANAUT-PWY|GLCMANNANAUT-PWY",0.000323377413542931,0.00369520533067686,1.64534434296283e-07,1.01610259271326e-06,0.00369520533067686,"**","ALDEx2_kw"
"PWY-5209|PWY-5209","February_ColaDeBallena - February_EsteroZacatecas - September_ColaDeBallena - September_EsteroZacatecas","PWY-5209|PWY-5209",0.00436871690911898,0.00712564672608022,4.53015658595343e-05,8.32120959244262e-05,0.00712564672608022,"**","ALDEx2_kw"
"P381-PWY|P381-PWY","February_ColaDeBallena - February_EsteroZacatecas - September_ColaDeBallena - September_EsteroZacatecas","P381-PWY|P381-PWY",0.000979474525690341,0.00402446494261484,3.60334930645622e-06,1.0680267877533e-05,0.00402446494261484,"**","ALDEx2_kw"
"PWY0-1277|PWY0-1277","February_ColaDeBallena - February_EsteroZacatecas - September_ColaDeBallena - September_EsteroZacatecas","PWY0-1277|PWY0-1277",0.00111729531906754,0.00416065047175551,2.28992375246845e-05,4.68516185093654e-05,0.00416065047175551,"**","ALDEx2_kw"
"PWY-7436|PWY-7436","February_ColaDeBallena - February_EsteroZacatecas - September_ColaDeBallena - September_EsteroZacatecas","PWY-7436|PWY-7436",0.000604073152647383,0.00370581431274246,7.14485630906302e-09,1.18436997778596e-07,0.00370581431274246,"**","ALDEx2_kw"
"P441-PWY|P441-PWY","February_ColaDeBallena - February_EsteroZacatecas - September_ColaDeBallena - September_EsteroZacatecas","P441-PWY|P441-PWY",0.0101891425962763,0.0139258889861204,0.00101994753543003,0.00144501980149838,0.0139258889861204,"*","ALDEx2_kw"
"PWY-1361|PWY-1361","February_ColaDeBallena - February_EsteroZacatecas - September_ColaDeBallena - September_EsteroZacatecas","PWY-1361|PWY-1361",0.0240786367725751,0.0305517976833033,0.00583850493584657,0.00762891689766336,0.0305517976833033,"*","ALDEx2_kw"
"PWY-7254|PWY-7254","February_ColaDeBallena - February_EsteroZacatecas - September_ColaDeBallena - September_EsteroZacatecas","PWY-7254|PWY-7254",0.0713481395315732,0.083024269151971,0.0584323646065039,0.0671998960021241,0.083024269151971,"","ALDEx2_kw"
"PWY-7332|PWY-7332","February_ColaDeBallena - February_EsteroZacatecas - September_ColaDeBallena - September_EsteroZacatecas","PWY-7332|PWY-7332",0.00124404125595342,0.00426690378563518,2.89367143176656e-06,8.99718493792808e-06,0.00426690378563518,"**","ALDEx2_kw"
"P261-PWY|P261-PWY","February_ColaDeBallena - February_EsteroZacatecas - September_ColaDeBallena - September_EsteroZacatecas","P261-PWY|P261-PWY",0.0780136361857082,0.0900184840567213,0.136283242084727,0.148673760308102,0.0900184840567213,"","ALDEx2_kw"
"METH-ACETATE-PWY|METH-ACETATE-PWY","February_ColaDeBallena - February_EsteroZacatecas - September_ColaDeBallena - September_EsteroZacatecas","METH-ACETATE-PWY|METH-ACETATE-PWY",0.000291008520256639,0.00369292726110155,2.07196467482367e-08,2.38682473716917e-07,0.00369292726110155,"**","ALDEx2_kw"
"PWY-7316|PWY-7316","February_ColaDeBallena - February_EsteroZacatecas - September_ColaDeBallena - September_EsteroZacatecas","PWY-7316|PWY-7316",0.0202815097830708,0.0260954245253922,0.000890331555759013,0.00127169100190491,0.0260954245253922,"*","ALDEx2_kw"
"PWY-7072|PWY-7072","February_ColaDeBallena - February_EsteroZacatecas - September_ColaDeBallena - September_EsteroZacatecas","PWY-7072|PWY-7072",0.000217658154930315,0.00369292726110155,7.13752521914583e-09,1.10457463062861e-07,0.00369292726110155,"**","ALDEx2_kw"
"CODH-PWY|CODH-PWY","February_ColaDeBallena - February_EsteroZacatecas - September_ColaDeBallena - September_EsteroZacatecas","CODH-PWY|CODH-PWY",0.000305941916201202,0.00369292726110155,2.00810003464344e-08,2.31368390846664e-07,0.00369292726110155,"**","ALDEx2_kw"
"PWY-6588|PWY-6588","February_ColaDeBallena - February_EsteroZacatecas - September_ColaDeBallena - September_EsteroZacatecas","PWY-6588|PWY-6588",0.00232773103212633,0.00529481723612875,3.03996564693437e-06,9.60224613948595e-06,0.00529481723612875,"**","ALDEx2_kw"
"PWY-6565|PWY-6565","February_ColaDeBallena - February_EsteroZacatecas - September_ColaDeBallena - September_EsteroZacatecas","PWY-6565|PWY-6565",0.806116708272714,0.812197450826666,0.497014080077286,0.509114485838678,0.812197450826666,"","ALDEx2_kw"
"CATECHOL-ORTHO-CLEAVAGE-PWY|CATECHOL-ORTHO-CLEAVAGE-PWY","February_ColaDeBallena - February_EsteroZacatecas - September_ColaDeBallena - September_EsteroZacatecas","CATECHOL-ORTHO-CLEAVAGE-PWY|CATECHOL-ORTHO-CLEAVAGE-PWY",0.0957549876179028,0.108061705551515,0.0376394551298161,0.0445506547361412,0.108061705551515,"","ALDEx2_kw"
"PWY-6920|PWY-6920","February_ColaDeBallena - February_EsteroZacatecas - September_ColaDeBallena - September_EsteroZacatecas","PWY-6920|PWY-6920",0.00055484718079587,0.00369568858744447,2.75462226994509e-10,1.03995221058809e-08,0.00369568858744447,"**","ALDEx2_kw"
"PWY-7480|PWY-7480","February_ColaDeBallena - February_EsteroZacatecas - September_ColaDeBallena - September_EsteroZacatecas","PWY-7480|PWY-7480",0.0155010699082486,0.020234681785704,0.00512025031568202,0.00671409631027092,0.020234681785704,"*","ALDEx2_kw"
"P184-PWY|P184-PWY","February_ColaDeBallena - February_EsteroZacatecas - September_ColaDeBallena - September_EsteroZacatecas","P184-PWY|P184-PWY",0.173544941732031,0.188829092303054,0.0795746765563636,0.0896074415333812,0.188829092303054,"","ALDEx2_kw"
"PWY-5430|PWY-5430","February_ColaDeBallena - February_EsteroZacatecas - September_ColaDeBallena - September_EsteroZacatecas","PWY-5430|PWY-5430",0.00496244109162036,0.0077448990068912,0.000573857050207367,0.000839325028258802,0.0077448990068912,"**","ALDEx2_kw"
"PWY-5517|PWY-5517","February_ColaDeBallena - February_EsteroZacatecas - September_ColaDeBallena - September_EsteroZacatecas","PWY-5517|PWY-5517",0.000205810229951137,0.00369292726110155,2.81123686795572e-10,1.04512981990686e-08,0.00369292726110155,"**","ALDEx2_kw"
"PWY-7039|PWY-7039","February_ColaDeBallena - February_EsteroZacatecas - September_ColaDeBallena - September_EsteroZacatecas","PWY-7039|PWY-7039",0.112841409563088,0.12634074246898,0.174151346375481,0.187564678645985,0.12634074246898,"","ALDEx2_kw"
"METHYLGALLATE-DEGRADATION-PWY|METHYLGALLATE-DEGRADATION-PWY","February_ColaDeBallena - February_EsteroZacatecas - September_ColaDeBallena - September_EsteroZacatecas","METHYLGALLATE-DEGRADATION-PWY|METHYLGALLATE-DEGRADATION-PWY",0.155884362874181,0.170741319286646,0.0664217599622831,0.0757388053628866,0.170741319286646,"","ALDEx2_kw"
"PWY-7820|PWY-7820","February_ColaDeBallena - February_EsteroZacatecas - September_ColaDeBallena - September_EsteroZacatecas","PWY-7820|PWY-7820",0.0853194099260988,0.0974784937580679,0.138295924285349,0.150688443045159,0.0974784937580679,"","ALDEx2_kw"
"PWY0-301|PWY0-301","February_ColaDeBallena - February_EsteroZacatecas - September_ColaDeBallena - September_EsteroZacatecas","PWY0-301|PWY0-301",0.00642231276633063,0.00937186989855146,0.00697766964519552,0.00905083046399006,0.00937186989855146,"**","ALDEx2_kw"
"PWY-7784|PWY-7784","February_ColaDeBallena - February_EsteroZacatecas - September_ColaDeBallena - September_EsteroZacatecas","PWY-7784|PWY-7784",0.000303280311307976,0.00369292726110155,1.85642403533715e-08,2.19384271011101e-07,0.00369292726110155,"**","ALDEx2_kw"
"PWY-6992|PWY-6992","February_ColaDeBallena - February_EsteroZacatecas - September_ColaDeBallena - September_EsteroZacatecas","PWY-6992|PWY-6992",0.0341378630459323,0.041950652779756,0.00373991426278107,0.00498487372235632,0.041950652779756,"*","ALDEx2_kw"
"FUCCAT-PWY|FUCCAT-PWY","February_ColaDeBallena - February_EsteroZacatecas - September_ColaDeBallena - September_EsteroZacatecas","FUCCAT-PWY|FUCCAT-PWY",0.0025006449561199,0.00547454725779809,1.91026177686558e-06,6.31481478708662e-06,0.00547454725779809,"**","ALDEx2_kw"
"PWY-7783|PWY-7783","February_ColaDeBallena - February_EsteroZacatecas - September_ColaDeBallena - September_EsteroZacatecas","PWY-7783|PWY-7783",0.0162168318689249,0.0212103270098702,0.00279313701687828,0.00375648879117196,0.0212103270098702,"*","ALDEx2_kw"
"PWY-5181|PWY-5181","February_ColaDeBallena - February_EsteroZacatecas - September_ColaDeBallena - September_EsteroZacatecas","PWY-5181|PWY-5181",0.0113846705016379,0.0153723627629105,0.00148833694579865,0.00206624913704614,0.0153723627629105,"*","ALDEx2_kw"
"PWY0-41|PWY0-41","February_ColaDeBallena - February_EsteroZacatecas - September_ColaDeBallena - September_EsteroZacatecas","PWY0-41|PWY0-41",0.0343274898428459,0.0421782943943304,0.0237221417647316,0.0287902113609875,0.0421782943943304,"*","ALDEx2_kw"
"ORNDEG-PWY|ORNDEG-PWY","February_ColaDeBallena - February_EsteroZacatecas - September_ColaDeBallena - September_EsteroZacatecas","ORNDEG-PWY|ORNDEG-PWY",0.000991472937367904,0.00402986228253389,9.44386235405823e-07,3.76024550830142e-06,0.00402986228253389,"**","ALDEx2_kw"
"PWY-6338|PWY-6338","February_ColaDeBallena - February_EsteroZacatecas - September_ColaDeBallena - September_EsteroZacatecas","PWY-6338|PWY-6338",0.150923256570427,0.165592256285723,0.0776533383707377,0.0874453166986551,0.165592256285723,"","ALDEx2_kw"
"PWY-7097|PWY-7097","February_ColaDeBallena - February_EsteroZacatecas - September_ColaDeBallena - September_EsteroZacatecas","PWY-7097|PWY-7097",0.146494366333366,0.161018198049849,0.077520279549806,0.0872901933517606,0.161018198049849,"","ALDEx2_kw"
"PWY-6210|PWY-6210","February_ColaDeBallena - February_EsteroZacatecas - September_ColaDeBallena - September_EsteroZacatecas","PWY-6210|PWY-6210",0.0223958905750033,0.0284755257306027,0.00526075558276191,0.00686836611133539,0.0284755257306027,"*","ALDEx2_kw"
"FUC-RHAMCAT-PWY|FUC-RHAMCAT-PWY","February_ColaDeBallena - February_EsteroZacatecas - September_ColaDeBallena - September_EsteroZacatecas","FUC-RHAMCAT-PWY|FUC-RHAMCAT-PWY",0.00185376597887993,0.00489439579308817,1.0810330686257e-05,2.42197119818022e-05,0.00489439579308817,"**","ALDEx2_kw"
"PWY-6421|PWY-6421","February_ColaDeBallena - February_EsteroZacatecas - September_ColaDeBallena - September_EsteroZacatecas","PWY-6421|PWY-6421",0.000291703560610944,0.00369292726110155,9.51888592929875e-10,2.58355545832527e-08,0.00369292726110155,"**","ALDEx2_kw"
"P163-PWY|P163-PWY","February_ColaDeBallena - February_EsteroZacatecas - September_ColaDeBallena - September_EsteroZacatecas","P163-PWY|P163-PWY",0.000501432233813007,0.0036947574640065,4.00464349059663e-09,7.59721845762611e-08,0.0036947574640065,"**","ALDEx2_kw"
"PWY-5005|PWY-5005","February_ColaDeBallena - February_EsteroZacatecas - September_ColaDeBallena - September_EsteroZacatecas","PWY-5005|PWY-5005",0.00453874645358916,0.00711669493840294,8.17958248634181e-07,3.46523169986642e-06,0.00711669493840294,"**","ALDEx2_kw"
"PWY-5742|PWY-5742","February_ColaDeBallena - February_EsteroZacatecas - September_ColaDeBallena - September_EsteroZacatecas","PWY-5742|PWY-5742",0.0151494481916106,0.0199277541896987,0.00297015858202536,0.00399779735316509,0.0199277541896987,"*","ALDEx2_kw"
"PWY-7098|PWY-7098","February_ColaDeBallena - February_EsteroZacatecas - September_ColaDeBallena - September_EsteroZacatecas","PWY-7098|PWY-7098",0.298693489392617,0.314383275584602,0.275966802563439,0.289887843969665,0.314383275584602,"","ALDEx2_kw"
"PWY-7013|PWY-7013","February_ColaDeBallena - February_EsteroZacatecas - September_ColaDeBallena - September_EsteroZacatecas","PWY-7013|PWY-7013",0.0102646678937377,0.0140016524865679,0.0025976076918626,0.0035232864427228,0.0140016524865679,"*","ALDEx2_kw"
"PWY-5328|PWY-5328","February_ColaDeBallena - February_EsteroZacatecas - September_ColaDeBallena - September_EsteroZacatecas","PWY-5328|PWY-5328",0.0254418561920798,0.0320824918289994,0.0087723713418917,0.0112692018078008,0.0320824918289994,"*","ALDEx2_kw"
"PWY66-373|PWY66-373","February_ColaDeBallena - February_EsteroZacatecas - September_ColaDeBallena - September_EsteroZacatecas","PWY66-373|PWY66-373",0.375746218909098,0.391817971887146,0.231502855917681,0.245695892958858,0.391817971887146,"","ALDEx2_kw"
"ASPASN-PWY|ASPASN-PWY","February_ColaDeBallena - February_EsteroZacatecas - September_ColaDeBallena - September_EsteroZacatecas","ASPASN-PWY|ASPASN-PWY",0.00219255491385018,0.00521293815704179,3.36367614773492e-06,9.92756118163559e-06,0.00521293815704179,"**","ALDEx2_kw"
"GOLPDLCAT-PWY|GOLPDLCAT-PWY","February_ColaDeBallena - February_EsteroZacatecas - September_ColaDeBallena - September_EsteroZacatecas","GOLPDLCAT-PWY|GOLPDLCAT-PWY",0.00477440634905638,0.00756972707235496,0.000238369792727766,0.000376016738555073,0.00756972707235496,"**","ALDEx2_kw"
"PWY-6749|PWY-6749","February_ColaDeBallena - February_EsteroZacatecas - September_ColaDeBallena - September_EsteroZacatecas","PWY-6749|PWY-6749",0.00304979464421376,0.00591715477354172,1.95029025350332e-06,6.51080584844182e-06,0.00591715477354172,"**","ALDEx2_kw"
"PWY-5182|PWY-5182","February_ColaDeBallena - February_EsteroZacatecas - September_ColaDeBallena - September_EsteroZacatecas","PWY-5182|PWY-5182",0.00787839035342272,0.011103798791095,0.000849930725253038,0.00121427177886378,0.011103798791095,"*","ALDEx2_kw"
"HCAMHPDEG-PWY|HCAMHPDEG-PWY","February_ColaDeBallena - February_EsteroZacatecas - September_ColaDeBallena - September_EsteroZacatecas","HCAMHPDEG-PWY|HCAMHPDEG-PWY",0.00103388904282223,0.00408036150282607,1.3407278556404e-05,2.99562600074131e-05,0.00408036150282607,"**","ALDEx2_kw"
"PWY-6690|PWY-6690","February_ColaDeBallena - February_EsteroZacatecas - September_ColaDeBallena - September_EsteroZacatecas","PWY-6690|PWY-6690",0.00103545325882247,0.00407685977792853,1.32542597751449e-05,2.99397290354279e-05,0.00407685977792853,"**","ALDEx2_kw"
"PWY-6339|PWY-6339","February_ColaDeBallena - February_EsteroZacatecas - September_ColaDeBallena - September_EsteroZacatecas","PWY-6339|PWY-6339",0.117740889601777,0.131395492379524,0.0328643386947593,0.0393255613794533,0.131395492379524,"","ALDEx2_kw"
"DARABCATK12-PWY|DARABCATK12-PWY","February_ColaDeBallena - February_EsteroZacatecas - September_ColaDeBallena - September_EsteroZacatecas","DARABCATK12-PWY|DARABCATK12-PWY",0.000972373293640015,0.00402202092091442,2.44059429821174e-07,1.32055062191767e-06,0.00402202092091442,"**","ALDEx2_kw"
"PWY-5519|PWY-5519","February_ColaDeBallena - February_EsteroZacatecas - September_ColaDeBallena - September_EsteroZacatecas","PWY-5519|PWY-5519",0.00167970440083232,0.00473023879358352,7.35688932828078e-07,3.01975626297352e-06,0.00473023879358352,"**","ALDEx2_kw"
"PWY66-388|PWY66-388","February_ColaDeBallena - February_EsteroZacatecas - September_ColaDeBallena - September_EsteroZacatecas","PWY66-388|PWY66-388",0.0497304301769468,0.0596163310397435,0.0381613779565192,0.0451250391177468,0.0596163310397435,"","ALDEx2_kw"
"PWY-6957|PWY-6957","February_ColaDeBallena - February_EsteroZacatecas - September_ColaDeBallena - September_EsteroZacatecas","PWY-6957|PWY-6957",0.101409684702664,0.114391125202885,0.0357290104048598,0.0423711839726963,0.114391125202885,"","ALDEx2_kw"
"PWY-7373|PWY-7373","February_ColaDeBallena - February_EsteroZacatecas - September_ColaDeBallena - September_EsteroZacatecas","PWY-7373|PWY-7373",0.0127862308366464,0.0170683063596573,0.000162836755038036,0.000266366872568135,0.0170683063596573,"*","ALDEx2_kw"
"PWY-7913|PWY-7913","February_ColaDeBallena - February_EsteroZacatecas - September_ColaDeBallena - September_EsteroZacatecas","PWY-7913|PWY-7913",0.0010862250729415,0.00412280083195779,1.08848977703442e-06,4.05908701958655e-06,0.00412280083195779,"**","ALDEx2_kw"
"TOLUENE-DEG-3-OH-PWY|TOLUENE-DEG-3-OH-PWY","February_ColaDeBallena - February_EsteroZacatecas - September_ColaDeBallena - September_EsteroZacatecas","TOLUENE-DEG-3-OH-PWY|TOLUENE-DEG-3-OH-PWY",0.00828793219646482,0.0116149799211419,0.000838274717803171,0.0011989156999636,0.0116149799211419,"*","ALDEx2_kw"
"PWY6666-2|PWY6666-2","February_ColaDeBallena - February_EsteroZacatecas - September_ColaDeBallena - September_EsteroZacatecas","PWY6666-2|PWY6666-2",0.179724250820824,0.194602787790847,0.204523497868722,0.218226407754285,0.194602787790847,"","ALDEx2_kw"
"PWY-6397|PWY-6397","February_ColaDeBallena - February_EsteroZacatecas - September_ColaDeBallena - September_EsteroZacatecas","PWY-6397|PWY-6397",0.000641627532346637,0.0037448163178373,9.49296164477259e-06,2.02499063349272e-05,0.0037448163178373,"**","ALDEx2_kw"
"PWY-3481|PWY-3481","February_ColaDeBallena - February_EsteroZacatecas - September_ColaDeBallena - September_EsteroZacatecas","PWY-3481|PWY-3481",0.00193634342213149,0.00500246436716057,1.09382240640639e-05,2.51225178874893e-05,0.00500246436716057,"**","ALDEx2_kw"
"PWY-6857|PWY-6857","February_ColaDeBallena - February_EsteroZacatecas - September_ColaDeBallena - September_EsteroZacatecas","PWY-6857|PWY-6857",0.0401746314624417,0.0488893637701296,0.0095055286263372,0.0121222181911155,0.0488893637701296,"*","ALDEx2_kw"
"CARNMET-PWY|CARNMET-PWY","February_ColaDeBallena - February_EsteroZacatecas - September_ColaDeBallena - September_EsteroZacatecas","CARNMET-PWY|CARNMET-PWY",0.0078507087548958,0.0110800392748596,0.000308439250950444,0.00047268911202163,0.0110800392748596,"*","ALDEx2_kw"
"PWY-2941|PWY-2941","February_ColaDeBallena - February_EsteroZacatecas - September_ColaDeBallena - September_EsteroZacatecas","PWY-2941|PWY-2941",0.00643187755633914,0.00936000668930991,0.0339333289605036,0.0398099517604744,0.00936000668930991,"**","ALDEx2_kw"
"PWY-7579|PWY-7579","February_ColaDeBallena - February_EsteroZacatecas - September_ColaDeBallena - September_EsteroZacatecas","PWY-7579|PWY-7579",0.000943620936219557,0.00398902252111016,6.31216708943829e-07,2.81763620482425e-06,0.00398902252111016,"**","ALDEx2_kw"
"PWY-8085|PWY-8085","February_ColaDeBallena - February_EsteroZacatecas - September_ColaDeBallena - September_EsteroZacatecas","PWY-8085|PWY-8085",0.369815896735922,0.386047888585799,0.523890714023571,0.535401020966901,0.386047888585799,"","ALDEx2_kw"
"3-HYDROXYPHENYLACETATE-DEGRADATION-PWY|3-HYDROXYPHENYLACETATE-DEGRADATION-PWY","February_ColaDeBallena - February_EsteroZacatecas - September_ColaDeBallena - September_EsteroZacatecas","3-HYDROXYPHENYLACETATE-DEGRADATION-PWY|3-HYDROXYPHENYLACETATE-DEGRADATION-PWY",0.0622752136163852,0.0732220793628333,0.0322270881457502,0.0384360555686608,0.0732220793628333,"","ALDEx2_kw"
"HEXITOLDEGSUPER-PWY|HEXITOLDEGSUPER-PWY","February_ColaDeBallena - February_EsteroZacatecas - September_ColaDeBallena - September_EsteroZacatecas","HEXITOLDEGSUPER-PWY|HEXITOLDEGSUPER-PWY",0.000442849671695502,0.00369328435063744,0.000426378732984762,0.000584990104313459,0.00369328435063744,"**","ALDEx2_kw"
"PWY-6342|PWY-6342","February_ColaDeBallena - February_EsteroZacatecas - September_ColaDeBallena - September_EsteroZacatecas","PWY-6342|PWY-6342",0.0173614231351239,0.0225712077708512,0.0638166737630751,0.0729664608753726,0.0225712077708512,"*","ALDEx2_kw"
"PWY-5178|PWY-5178","February_ColaDeBallena - February_EsteroZacatecas - September_ColaDeBallena - September_EsteroZacatecas","PWY-5178|PWY-5178",0.101248107455776,0.114233920501981,0.0591690806841153,0.0679302766232012,0.114233920501981,"","ALDEx2_kw"
"PWY-1501|PWY-1501","February_ColaDeBallena - February_EsteroZacatecas - September_ColaDeBallena - September_EsteroZacatecas","PWY-1501|PWY-1501",0.00265369418061698,0.00561674299556666,4.74769020228928e-05,8.63685193370311e-05,0.00561674299556666,"**","ALDEx2_kw"
"P241-PWY|P241-PWY","February_ColaDeBallena - February_EsteroZacatecas - September_ColaDeBallena - September_EsteroZacatecas","P241-PWY|P241-PWY",0.00119409537113534,0.00423367533172201,0.000188779332882017,0.000297987275215737,0.00423367533172201,"**","ALDEx2_kw"
"PWY-6350|PWY-6350","February_ColaDeBallena - February_EsteroZacatecas - September_ColaDeBallena - September_EsteroZacatecas","PWY-6350|PWY-6350",0.000439851086315504,0.00369413729531957,4.9353389127306e-08,4.23408801235451e-07,0.00369413729531957,"**","ALDEx2_kw"
"PWY-6349|PWY-6349","February_ColaDeBallena - February_EsteroZacatecas - September_ColaDeBallena - September_EsteroZacatecas","PWY-6349|PWY-6349",0.000549019954519597,0.00370895513296542,4.86964566254308e-08,4.08723008757524e-07,0.00370895513296542,"**","ALDEx2_kw"
"DHGLUCONATE-PYR-CAT-PWY|DHGLUCONATE-PYR-CAT-PWY","February_ColaDeBallena - February_EsteroZacatecas - September_ColaDeBallena - September_EsteroZacatecas","DHGLUCONATE-PYR-CAT-PWY|DHGLUCONATE-PYR-CAT-PWY",0.00678050628909419,0.00986275005999554,0.000585847268948997,0.000855951082782144,0.00986275005999554,"**","ALDEx2_kw"
"METHGLYUT-PWY|METHGLYUT-PWY","February_ColaDeBallena - February_EsteroZacatecas - September_ColaDeBallena - September_EsteroZacatecas","METHGLYUT-PWY|METHGLYUT-PWY",0.00437746056265709,0.00709667156291763,0.000680279252929863,0.000986252616221763,0.00709667156291763,"**","ALDEx2_kw"
"PWY-7084|PWY-7084","February_ColaDeBallena - February_EsteroZacatecas - September_ColaDeBallena - September_EsteroZacatecas","PWY-7084|PWY-7084",0.0166679382060663,0.021728683601249,0.00210496691210092,0.00286877241523446,0.021728683601249,"*","ALDEx2_kw"
"PWY-4321|PWY-4321","February_ColaDeBallena - February_EsteroZacatecas - September_ColaDeBallena - September_EsteroZacatecas","PWY-4321|PWY-4321",0.0351863429715994,0.0432072030041451,0.0302302396091255,0.0362677276111571,0.0432072030041451,"*","ALDEx2_kw"
"PWY-6138|PWY-6138","February_ColaDeBallena - February_EsteroZacatecas - September_ColaDeBallena - September_EsteroZacatecas","PWY-6138|PWY-6138",0.252548892803288,0.268610107189411,0.221389159275714,0.235160618620016,0.268610107189411,"","ALDEx2_kw"
"GLYCOL-GLYOXDEG-PWY|GLYCOL-GLYOXDEG-PWY","February_ColaDeBallena - February_EsteroZacatecas - September_ColaDeBallena - September_EsteroZacatecas","GLYCOL-GLYOXDEG-PWY|GLYCOL-GLYOXDEG-PWY",0.00422833177497664,0.00699224381334361,0.000399564380561982,0.000600681769968907,0.00699224381334361,"**","ALDEx2_kw"
"PWY-8154|PWY-8154","February_ColaDeBallena - February_EsteroZacatecas - September_ColaDeBallena - September_EsteroZacatecas","PWY-8154|PWY-8154",0.390822315810781,0.406661018425896,0.228564451944602,0.242638493051952,0.406661018425896,"","ALDEx2_kw"
"PWY-5129|PWY-5129","February_ColaDeBallena - February_EsteroZacatecas - September_ColaDeBallena - September_EsteroZacatecas","PWY-5129|PWY-5129",0.00336560437955031,0.00625030563540284,0.000144447613571993,0.000234411267564889,0.00625030563540284,"**","ALDEx2_kw"
"PWY-5656|PWY-5656","February_ColaDeBallena - February_EsteroZacatecas - September_ColaDeBallena - September_EsteroZacatecas","PWY-5656|PWY-5656",0.0082148898948189,0.011519146127195,0.001188789821071,0.00166777878410869,0.011519146127195,"*","ALDEx2_kw"
"PWY-5392|PWY-5392","February_ColaDeBallena - February_EsteroZacatecas - September_ColaDeBallena - September_EsteroZacatecas","PWY-5392|PWY-5392",0.332077693738937,0.348691863169122,0.467703562220149,0.480575648369712,0.348691863169122,"","ALDEx2_kw"
"14DICHLORBENZDEG-PWY|14DICHLORBENZDEG-PWY","February_ColaDeBallena - February_EsteroZacatecas - September_ColaDeBallena - September_EsteroZacatecas","14DICHLORBENZDEG-PWY|14DICHLORBENZDEG-PWY",0.0385735195646356,0.0468878587715929,0.0383020313970151,0.0454033257816721,0.0468878587715929,"*","ALDEx2_kw"
"PWY-6084|PWY-6084","February_ColaDeBallena - February_EsteroZacatecas - September_ColaDeBallena - September_EsteroZacatecas","PWY-6084|PWY-6084",0.0374526956783569,0.0455969848902817,0.0389296615433205,0.0461191587069908,0.0455969848902817,"*","ALDEx2_kw"
"PWY3DJ-12|PWY3DJ-12","February_ColaDeBallena - February_EsteroZacatecas - September_ColaDeBallena - September_EsteroZacatecas","PWY3DJ-12|PWY3DJ-12",0.0035241749509354,0.00638500579060768,0.000178356763100355,0.000283519655273173,0.00638500579060768,"**","ALDEx2_kw"
"ARGDEG-IV-PWY|ARGDEG-IV-PWY","February_ColaDeBallena - February_EsteroZacatecas - September_ColaDeBallena - September_EsteroZacatecas","ARGDEG-IV-PWY|ARGDEG-IV-PWY",0.00125381619964634,0.0042956569661515,0.000237795581821707,0.000368911084929523,0.0042956569661515,"**","ALDEx2_kw"
"PWY0-1338|PWY0-1338","February_ColaDeBallena - February_EsteroZacatecas - September_ColaDeBallena - September_EsteroZacatecas","PWY0-1338|PWY0-1338",0.0326965176313353,0.0404970612147816,0.0236213675024985,0.0287134116023443,0.0404970612147816,"*","ALDEx2_kw"
"PWY-1882|PWY-1882","February_ColaDeBallena - February_EsteroZacatecas - September_ColaDeBallena - September_EsteroZacatecas","PWY-1882|PWY-1882",0.00420786416270272,0.00694427590597159,0.000663110841745883,0.000958306097368985,0.00694427590597159,"**","ALDEx2_kw"
"PWY-7340|PWY-7340","February_ColaDeBallena - February_EsteroZacatecas - September_ColaDeBallena - September_EsteroZacatecas","PWY-7340|PWY-7340",0.00188818853185462,0.00490060343783131,1.87109748689173e-05,3.90353095353375e-05,0.00490060343783131,"**","ALDEx2_kw"
"PWY-6676|PWY-6676","February_ColaDeBallena - February_EsteroZacatecas - September_ColaDeBallena - September_EsteroZacatecas","PWY-6676|PWY-6676",0.000532026649556256,0.00370748086613318,1.91246874353761e-06,6.28147118966485e-06,0.00370748086613318,"**","ALDEx2_kw"
"PWY-6087|PWY-6087","February_ColaDeBallena - February_EsteroZacatecas - September_ColaDeBallena - September_EsteroZacatecas","PWY-6087|PWY-6087",0.0832370697522646,0.095266475144022,0.0954019892717502,0.106154282447222,0.095266475144022,"","ALDEx2_kw"
"PWY-6089|PWY-6089","February_ColaDeBallena - February_EsteroZacatecas - September_ColaDeBallena - September_EsteroZacatecas","PWY-6089|PWY-6089",0.0827256168196839,0.0947623747346286,0.0934630368178927,0.104051210470314,0.0947623747346286,"","ALDEx2_kw"
"PWY-6193|PWY-6193","February_ColaDeBallena - February_EsteroZacatecas - September_ColaDeBallena - September_EsteroZacatecas","PWY-6193|PWY-6193",0.0839529246160439,0.0960798920501405,0.0942588982248558,0.104935773638275,0.0960798920501405,"","ALDEx2_kw"
"PWY-6107|PWY-6107","February_ColaDeBallena - February_EsteroZacatecas - September_ColaDeBallena - September_EsteroZacatecas","PWY-6107|PWY-6107",0.082920656838317,0.0950619618769451,0.0978183423980159,0.108616170612656,0.0950619618769451,"","ALDEx2_kw"
"PWY-6944|PWY-6944","February_ColaDeBallena - February_EsteroZacatecas - September_ColaDeBallena - September_EsteroZacatecas","PWY-6944|PWY-6944",0.00503290847145751,0.00783499595159419,0.000213597638269918,0.000337418832922269,0.00783499595159419,"**","ALDEx2_kw"
"PWY-6093|PWY-6093","February_ColaDeBallena - February_EsteroZacatecas - September_ColaDeBallena - September_EsteroZacatecas","PWY-6093|PWY-6093",0.0697526745133265,0.0808326839353838,0.0669950090138696,0.0763380353231102,0.0808326839353838,"","ALDEx2_kw"
"PWY-7337|PWY-7337","February_ColaDeBallena - February_EsteroZacatecas - September_ColaDeBallena - September_EsteroZacatecas","PWY-7337|PWY-7337",0.00183422302363571,0.00487394179654134,1.79096552988541e-05,3.76714138436333e-05,0.00487394179654134,"**","ALDEx2_kw"
"PWY-7338|PWY-7338","February_ColaDeBallena - February_EsteroZacatecas - September_ColaDeBallena - September_EsteroZacatecas","PWY-7338|PWY-7338",0.00193161135767855,0.00493871850533353,1.99548068668189e-05,4.1038132621931e-05,0.00493871850533353,"**","ALDEx2_kw"
"NAD-BIOSYNTHESIS-II|NAD-BIOSYNTHESIS-II","February_ColaDeBallena - February_EsteroZacatecas - September_ColaDeBallena - September_EsteroZacatecas","NAD-BIOSYNTHESIS-II|NAD-BIOSYNTHESIS-II",0.00305104634497477,0.0059386885910199,0.000117387360519523,0.000191132568081895,0.0059386885910199,"**","ALDEx2_kw"
"PWY-5507|PWY-5507","February_ColaDeBallena - February_EsteroZacatecas - September_ColaDeBallena - September_EsteroZacatecas","PWY-5507|PWY-5507",0.0833727164808697,0.0956887684375634,0.0836529840781448,0.0938808443504226,0.0956887684375634,"","ALDEx2_kw"
"PWY-3801|PWY-3801","February_ColaDeBallena - February_EsteroZacatecas - September_ColaDeBallena - September_EsteroZacatecas","PWY-3801|PWY-3801",0.078494523389086,0.0906072449661248,0.0802039866042862,0.0902732499513005,0.0906072449661248,"","ALDEx2_kw"
"PCPDEG-PWY|PCPDEG-PWY","February_ColaDeBallena - February_EsteroZacatecas - September_ColaDeBallena - September_EsteroZacatecas","PCPDEG-PWY|PCPDEG-PWY",0.00339442267293241,0.0063200721837066,0.00381996580891629,0.00490989937461424,0.0063200721837066,"**","ALDEx2_kw"
"METHANOGENESIS-PWY|METHANOGENESIS-PWY","February_ColaDeBallena - February_EsteroZacatecas - September_ColaDeBallena - September_EsteroZacatecas","METHANOGENESIS-PWY|METHANOGENESIS-PWY",0.00751524901037559,0.0106797680775782,0.00368561656129902,0.00476007280130838,0.0106797680775782,"*","ALDEx2_kw"
"PWY-822|PWY-822","February_ColaDeBallena - February_EsteroZacatecas - September_ColaDeBallena - September_EsteroZacatecas","PWY-822|PWY-822",0.423084767895815,0.437994897577828,0.251641488840529,0.265616117937448,0.437994897577828,"","ALDEx2_kw"
"GALACTITOLCAT-PWY|GALACTITOLCAT-PWY","February_ColaDeBallena - February_EsteroZacatecas - September_ColaDeBallena - September_EsteroZacatecas","GALACTITOLCAT-PWY|GALACTITOLCAT-PWY",0.000467096354504112,0.00370145233373174,0.000212654100968887,0.000296585325589437,0.00370145233373174,"**","ALDEx2_kw"
"PWY-722|PWY-722","February_ColaDeBallena - February_EsteroZacatecas - September_ColaDeBallena - September_EsteroZacatecas","PWY-722|PWY-722",0.0511539194692519,0.0610462505826514,0.0199363839782956,0.024423704013934,0.0610462505826514,"","ALDEx2_kw"
"PWY-6471|PWY-6471","February_ColaDeBallena - February_EsteroZacatecas - September_ColaDeBallena - September_EsteroZacatecas","PWY-6471|PWY-6471",0.408870034810171,0.421691319219198,0.35464267364293,0.366474117832583,0.421691319219198,"","ALDEx2_kw"
"PWY-6505|PWY-6505","February_ColaDeBallena - February_EsteroZacatecas - September_ColaDeBallena - September_EsteroZacatecas","PWY-6505|PWY-6505",0.154115751162943,0.168674130195567,0.0955383495950187,0.106251074021762,0.168674130195567,"","ALDEx2_kw"
"AEROBACTINSYN-PWY|AEROBACTINSYN-PWY","February_ColaDeBallena - February_EsteroZacatecas - September_ColaDeBallena - September_EsteroZacatecas","AEROBACTINSYN-PWY|AEROBACTINSYN-PWY",0.00444470075608736,0.00734655816376649,0.000138615008650022,0.000224971192037158,0.00734655816376649,"**","ALDEx2_kw"
"PWY-5644|PWY-5644","February_ColaDeBallena - February_EsteroZacatecas - September_ColaDeBallena - September_EsteroZacatecas","PWY-5644|PWY-5644",0.362875735361043,0.378533694021126,0.298545431570712,0.312653283079403,0.378533694021126,"","ALDEx2_kw"
"PWY-6075|PWY-6075","February_ColaDeBallena - February_EsteroZacatecas - September_ColaDeBallena - September_EsteroZacatecas","PWY-6075|PWY-6075",0.00751904221453662,0.0107529286526836,0.000479452342912372,0.0007046452407239,0.0107529286526836,"*","ALDEx2_kw"
"PWY-7948|PWY-7948","February_ColaDeBallena - February_EsteroZacatecas - September_ColaDeBallena - September_EsteroZacatecas","PWY-7948|PWY-7948",0.00043861609316184,0.00369776814251143,1.32893095717465e-06,3.69145775212601e-06,0.00369776814251143,"**","ALDEx2_kw"
"PWY-6344|PWY-6344","February_ColaDeBallena - February_EsteroZacatecas - September_ColaDeBallena - September_EsteroZacatecas","PWY-6344|PWY-6344",0.00628284192008206,0.0092948272454391,0.0345354296786655,0.0405833898482677,0.0092948272454391,"**","ALDEx2_kw"
"PWY-8055|PWY-8055","February_ColaDeBallena - February_EsteroZacatecas - September_ColaDeBallena - September_EsteroZacatecas","PWY-8055|PWY-8055",0.00473890241989342,0.00748105601117722,0.0019058801702679,0.00253104714193813,0.00748105601117722,"**","ALDEx2_kw"
"PWY-7446|PWY-7446","February_ColaDeBallena - February_EsteroZacatecas - September_ColaDeBallena - September_EsteroZacatecas","PWY-7446|PWY-7446",0.0130796244089483,0.017414464794604,0.106352675971616,0.117008897760245,0.017414464794604,"*","ALDEx2_kw"
"LACTOSECAT-PWY|LACTOSECAT-PWY","February_ColaDeBallena - February_EsteroZacatecas - September_ColaDeBallena - September_EsteroZacatecas","LACTOSECAT-PWY|LACTOSECAT-PWY",0.00310806094924042,0.00603770175635949,0.00459011636730069,0.00583581400532988,0.00603770175635949,"**","ALDEx2_kw"
"PWY-7199|PWY-7199","February_ColaDeBallena - February_EsteroZacatecas - September_ColaDeBallena - September_EsteroZacatecas","PWY-7199|PWY-7199",0.0230052779736428,0.0292687750817139,0.0447623478650318,0.0517250013512923,0.0292687750817139,"*","ALDEx2_kw"
"PWY-6961|PWY-6961","February_ColaDeBallena - February_EsteroZacatecas - September_ColaDeBallena - September_EsteroZacatecas","PWY-6961|PWY-6961",0.582143670453816,0.593473560717826,0.224716436933645,0.238673588198554,0.593473560717826,"","ALDEx2_kw"
"PWY-5183|PWY-5183","February_ColaDeBallena - February_EsteroZacatecas - September_ColaDeBallena - September_EsteroZacatecas","PWY-5183|PWY-5183",0.0669469485229036,0.0781089660252392,0.0729492925855074,0.0819497080608663,0.0781089660252392,"","ALDEx2_kw"
"PWY-7209|PWY-7209","February_ColaDeBallena - February_EsteroZacatecas - September_ColaDeBallena - September_EsteroZacatecas","PWY-7209|PWY-7209",0.0201248964180792,0.0258600694263066,0.0250151923410432,0.0299387258558336,0.0258600694263066,"*","ALDEx2_kw"
"PWY-6165|PWY-6165","February_ColaDeBallena - February_EsteroZacatecas - September_ColaDeBallena - September_EsteroZacatecas","PWY-6165|PWY-6165",0.0412757359876646,0.0494693254560119,0.0438244252200194,0.0490741590687072,0.0494693254560119,"*","ALDEx2_kw"
"PWY-6928|PWY-6928","February_ColaDeBallena - February_EsteroZacatecas - September_ColaDeBallena - September_EsteroZacatecas","PWY-6928|PWY-6928",0.00340271957615307,0.00627297757668469,0.00173861222087576,0.00230908370812741,0.00627297757668469,"**","ALDEx2_kw"
"PWY-6947|PWY-6947","February_ColaDeBallena - February_EsteroZacatecas - September_ColaDeBallena - September_EsteroZacatecas","PWY-6947|PWY-6947",0.00366136626698752,0.00650088980440435,0.00265852504962539,0.00344964787268313,0.00650088980440435,"**","ALDEx2_kw"
"PWY-4041|PWY-4041","February_ColaDeBallena - February_EsteroZacatecas - September_ColaDeBallena - September_EsteroZacatecas","PWY-4041|PWY-4041",0.0178049948823447,0.0228796159495117,0.00447151949402413,0.00579737977704187,0.0228796159495117,"*","ALDEx2_kw"
"ECASYN-PWY|ECASYN-PWY","February_ColaDeBallena - February_EsteroZacatecas - September_ColaDeBallena - September_EsteroZacatecas","ECASYN-PWY|ECASYN-PWY",0.52072318763713,0.533211334541446,0.332173484187961,0.345631336838662,0.533211334541446,"","ALDEx2_kw"
"PWY-5823|PWY-5823","February_ColaDeBallena - February_EsteroZacatecas - September_ColaDeBallena - September_EsteroZacatecas","PWY-5823|PWY-5823",0.00126476441369354,0.00434437406272715,0.000696716976350019,0.000920328033209963,0.00434437406272715,"**","ALDEx2_kw"
"PWY-5265|PWY-5265","February_ColaDeBallena - February_EsteroZacatecas - September_ColaDeBallena - September_EsteroZacatecas","PWY-5265|PWY-5265",0.394946783984283,0.408003302263122,0.295735774187635,0.307543193633874,0.408003302263122,"","ALDEx2_kw"
"PWY4LZ-257|PWY4LZ-257","February_ColaDeBallena - February_EsteroZacatecas - September_ColaDeBallena - September_EsteroZacatecas","PWY4LZ-257|PWY4LZ-257",0.0716078538021468,0.0831903822589425,0.0692845956699747,0.0785917188412364,0.0831903822589425,"","ALDEx2_kw"
"PWY-5677|PWY-5677","February_ColaDeBallena - February_EsteroZacatecas - September_ColaDeBallena - September_EsteroZacatecas","PWY-5677|PWY-5677",0.00603192416073596,0.00893856122984232,0.0104552385018504,0.0129574136290542,0.00893856122984232,"**","ALDEx2_kw"
"PWY-5179|PWY-5179","February_ColaDeBallena - February_EsteroZacatecas - September_ColaDeBallena - September_EsteroZacatecas","PWY-5179|PWY-5179",0.0694545942683848,0.0807137457158857,0.0779845684361447,0.0870740963881547,0.0807137457158857,"","ALDEx2_kw"
"PWY4FS-5|PWY4FS-5","February_ColaDeBallena - February_EsteroZacatecas - September_ColaDeBallena - September_EsteroZacatecas","PWY4FS-5|PWY4FS-5",0.00505161670213254,0.00782752328820784,0.00350832008058559,0.00461172346097144,0.00782752328820784,"**","ALDEx2_kw"
"PWY-6662|PWY-6662","February_ColaDeBallena - February_EsteroZacatecas - September_ColaDeBallena - September_EsteroZacatecas","PWY-6662|PWY-6662",0.239444954285205,0.255609851956728,0.217392902876047,0.230903316318562,0.255609851956728,"","ALDEx2_kw"
"PWY-7654|PWY-7654","February_ColaDeBallena - February_EsteroZacatecas - September_ColaDeBallena - September_EsteroZacatecas","PWY-7654|PWY-7654",0.105296572643809,0.118264668630475,0.161579791298941,0.173846302646451,0.118264668630475,"","ALDEx2_kw"
"PWY-762|PWY-762","February_ColaDeBallena - February_EsteroZacatecas - September_ColaDeBallena - September_EsteroZacatecas","PWY-762|PWY-762",0.00180658773511285,0.00482175355810788,0.0010544814245259,0.0014140794430496,0.00482175355810788,"**","ALDEx2_kw"
"PWY-6808|PWY-6808","February_ColaDeBallena - February_EsteroZacatecas - September_ColaDeBallena - September_EsteroZacatecas","PWY-6808|PWY-6808",0.0483358258278655,0.0576242609308706,0.0283700778335908,0.0329524492963936,0.0576242609308706,"","ALDEx2_kw"
"PWY-6160|PWY-6160","February_ColaDeBallena - February_EsteroZacatecas - September_ColaDeBallena - September_EsteroZacatecas","PWY-6160|PWY-6160",0.0394653104617566,0.0473785180926694,0.035673788945487,0.0405351644423257,0.0473785180926694,"*","ALDEx2_kw"
"PWY-6629|PWY-6629","February_ColaDeBallena - February_EsteroZacatecas - September_ColaDeBallena - September_EsteroZacatecas","PWY-6629|PWY-6629",0.00221629298851295,0.00518346223799971,0.000695810080487292,0.000852054014022894,0.00518346223799971,"**","ALDEx2_kw"
"PWY-5645|PWY-5645","February_ColaDeBallena - February_EsteroZacatecas - September_ColaDeBallena - September_EsteroZacatecas","PWY-5645|PWY-5645",0.282062587604608,0.297948820705595,0.280146779737646,0.292433902303283,0.297948820705595,"","ALDEx2_kw"
"PWY-5488|PWY-5488","February_ColaDeBallena - February_EsteroZacatecas - September_ColaDeBallena - September_EsteroZacatecas","PWY-5488|PWY-5488",0.0141944824111316,0.0186680533496454,0.0448260248702008,0.0514064236423129,0.0186680533496454,"*","ALDEx2_kw"
"PWY-6143|PWY-6143","February_ColaDeBallena - February_EsteroZacatecas - September_ColaDeBallena - September_EsteroZacatecas","PWY-6143|PWY-6143",0.0455919763729405,0.0546816990254064,0.0293517660540096,0.0343757026988135,0.0546816990254064,"","ALDEx2_kw"
"PWY-6873|PWY-6873","February_ColaDeBallena - February_EsteroZacatecas - September_ColaDeBallena - September_EsteroZacatecas","PWY-6873|PWY-6873",0.0698569273453676,0.0810268429171923,0.0704333446905226,0.0794549157496463,0.0810268429171923,"","ALDEx2_kw"
"PWY-7644|PWY-7644","February_ColaDeBallena - February_EsteroZacatecas - September_ColaDeBallena - September_EsteroZacatecas","PWY-7644|PWY-7644",0.00485141670738914,0.00786888267795885,0.00553179879513583,0.00673130083693014,0.00786888267795885,"**","ALDEx2_kw"
"P341-PWY|P341-PWY","February_ColaDeBallena - February_EsteroZacatecas - September_ColaDeBallena - September_EsteroZacatecas","P341-PWY|P341-PWY",0.0290492137843068,0.0359744134064464,0.0459452902977577,0.0514325099696056,0.0359744134064464,"*","ALDEx2_kw"
"PWY-4722|PWY-4722","February_ColaDeBallena - February_EsteroZacatecas - September_ColaDeBallena - September_EsteroZacatecas","PWY-4722|PWY-4722",0.204852557947083,0.218953017488081,0.138944066715714,0.148797971948581,0.218953017488081,"","ALDEx2_kw"
"PWY-3941|PWY-3941","February_ColaDeBallena - February_EsteroZacatecas - September_ColaDeBallena - September_EsteroZacatecas","PWY-3941|PWY-3941",0.2863412267802,0.299959635305946,0.247419117115743,0.25784743366619,0.299959635305946,"","ALDEx2_kw"
"TRPSYN-PWY|TRPSYN-PWY","February_ColaDeBallena - February_EsteroZacatecas - September_ColaDeBallena - September_EsteroZacatecas","TRPSYN-PWY|TRPSYN-PWY",0.00253376951151701,0.00546594790356856,0.0012530685808644,0.00158753228598782,0.00546594790356856,"**","ALDEx2_kw"
"SPHINGOLIPID-SYN-PWY|SPHINGOLIPID-SYN-PWY","February_ColaDeBallena - February_EsteroZacatecas - September_ColaDeBallena - September_EsteroZacatecas","SPHINGOLIPID-SYN-PWY|SPHINGOLIPID-SYN-PWY",0.152217668375702,0.166374636752566,0.171464295437722,0.183462675651256,0.166374636752566,"","ALDEx2_kw"
"PWY-7574|PWY-7574","February_ColaDeBallena - February_EsteroZacatecas - September_ColaDeBallena - September_EsteroZacatecas","PWY-7574|PWY-7574",0.324786203907178,0.337864149140286,0.31356968790398,0.323909011638719,0.337864149140286,"","ALDEx2_kw"
"TRIGLSYN-PWY|TRIGLSYN-PWY","February_ColaDeBallena - February_EsteroZacatecas - September_ColaDeBallena - September_EsteroZacatecas","TRIGLSYN-PWY|TRIGLSYN-PWY",0.208255102247737,0.22122530474027,0.174974246564785,0.184086954889287,0.22122530474027,"","ALDEx2_kw"
"PWY-5499|PWY-5499","February_ColaDeBallena - February_EsteroZacatecas - September_ColaDeBallena - September_EsteroZacatecas","PWY-5499|PWY-5499",0.207606057053527,0.221572131536419,0.178715147552154,0.18931724694884,0.221572131536419,"","ALDEx2_kw"
"PWY66-374|PWY66-374","February_ColaDeBallena - February_EsteroZacatecas - September_ColaDeBallena - September_EsteroZacatecas","PWY66-374|PWY66-374",0.0092135061770836,0.012907489032249,0.0153777915795588,0.0177266645539292,0.012907489032249,"*","ALDEx2_kw"
"PWY-4702|PWY-4702","February_ColaDeBallena - February_EsteroZacatecas - September_ColaDeBallena - September_EsteroZacatecas","PWY-4702|PWY-4702",0.0812969485019119,0.0913994317342222,0.082904928974621,0.0894567825859612,0.0913994317342222,"","ALDEx2_kw"
"PWY66-301|PWY66-301","February_ColaDeBallena - February_EsteroZacatecas - September_ColaDeBallena - September_EsteroZacatecas","PWY66-301|PWY66-301",0.200946918032006,0.215210722649479,0.244433449001494,0.255283883562685,0.215210722649479,"","ALDEx2_kw"
"PWY-7024|PWY-7024","February_ColaDeBallena - February_EsteroZacatecas - September_ColaDeBallena - September_EsteroZacatecas","PWY-7024|PWY-7024",0.140404834697889,0.152176594594,0.0932894480207342,0.100129270210949,0.152176594594,"","ALDEx2_kw"
"PWY-7290|PWY-7290","February_ColaDeBallena - February_EsteroZacatecas - September_ColaDeBallena - September_EsteroZacatecas","PWY-7290|PWY-7290",0.0971165279891529,0.106979950762942,0.046925621833024,0.051028272788412,0.106979950762942,"","ALDEx2_kw"
"PWY-5744|PWY-5744","February_ColaDeBallena - February_EsteroZacatecas - September_ColaDeBallena - September_EsteroZacatecas","PWY-5744|PWY-5744",0.16616819502522,0.17761609149033,0.106089689179941,0.113428640578373,0.17761609149033,"","ALDEx2_kw"
"PWY-5733|PWY-5733","February_ColaDeBallena - February_EsteroZacatecas - September_ColaDeBallena - September_EsteroZacatecas","PWY-5733|PWY-5733",0.333588348149115,0.347893925352818,0.324694300617353,0.335738799093352,0.347893925352818,"","ALDEx2_kw"
"ARGDEG-PWY|ARGDEG-PWY","February_ColaDeBallena - February_EsteroZacatecas - September_ColaDeBallena - September_EsteroZacatecas","ARGDEG-PWY|ARGDEG-PWY",0.522706113544902,0.533047014846997,0.463486357616615,0.473725465541103,0.533047014846997,"","ALDEx2_kw"
"ORNARGDEG-PWY|ORNARGDEG-PWY","February_ColaDeBallena - February_EsteroZacatecas - September_ColaDeBallena - September_EsteroZacatecas","ORNARGDEG-PWY|ORNARGDEG-PWY",0.479700736712526,0.491252411392113,0.432375589992142,0.442746549395534,0.491252411392113,"","ALDEx2_kw"
"PWY-5743|PWY-5743","February_ColaDeBallena - February_EsteroZacatecas - September_ColaDeBallena - September_EsteroZacatecas","PWY-5743|PWY-5743",0.139524013359418,0.151138625443944,0.0978265177013213,0.104836281299169,0.151138625443944,"","ALDEx2_kw"
"PWY-8190|PWY-8190","February_ColaDeBallena - February_EsteroZacatecas - September_ColaDeBallena - September_EsteroZacatecas","PWY-8190|PWY-8190",0.109652768572889,0.121531821508817,0.0793564303988345,0.0863895657098149,0.121531821508817,"","ALDEx2_kw"
"PWY-5067|PWY-5067","February_ColaDeBallena - February_EsteroZacatecas - September_ColaDeBallena - September_EsteroZacatecas","PWY-5067|PWY-5067",0.0313060850779558,0.0381032872729331,0.0328876260288286,0.0370031845663989,0.0381032872729331,"*","ALDEx2_kw"
"PWY-6328|PWY-6328","February_ColaDeBallena - February_EsteroZacatecas - September_ColaDeBallena - September_EsteroZacatecas","PWY-6328|PWY-6328",0.364972595731296,0.378569940958896,0.352957378635289,0.363703525745714,0.378569940958896,"","ALDEx2_kw"
"PWY-6148|PWY-6148","February_ColaDeBallena - February_EsteroZacatecas - September_ColaDeBallena - September_EsteroZacatecas","PWY-6148|PWY-6148",0.518896845612023,0.530827937558238,0.481824449210816,0.492388265912888,0.530827937558238,"","ALDEx2_kw"
"PWY-5494|PWY-5494","February_ColaDeBallena - February_EsteroZacatecas - September_ColaDeBallena - September_EsteroZacatecas","PWY-5494|PWY-5494",0.138952085672938,0.150953897130624,0.109304763913413,0.116987348865167,0.150953897130624,"","ALDEx2_kw"
"PWY-7409|PWY-7409","February_ColaDeBallena - February_EsteroZacatecas - September_ColaDeBallena - September_EsteroZacatecas","PWY-7409|PWY-7409",0.460361488086616,0.472011083908085,0.399978965956854,0.410420354262449,0.472011083908085,"","ALDEx2_kw"
"PWY-7420|PWY-7420","February_ColaDeBallena - February_EsteroZacatecas - September_ColaDeBallena - September_EsteroZacatecas","PWY-7420|PWY-7420",0.256085885113026,0.269446660327341,0.264169779302815,0.274523482643827,0.269446660327341,"","ALDEx2_kw"
"PWY-5995|PWY-5995","February_ColaDeBallena - February_EsteroZacatecas - September_ColaDeBallena - September_EsteroZacatecas","PWY-5995|PWY-5995",0.456545193076418,0.468323935741071,0.404205420911816,0.414483178559505,0.468323935741071,"","ALDEx2_kw"
"PWY-6942|PWY-6942","February_ColaDeBallena - February_EsteroZacatecas - September_ColaDeBallena - September_EsteroZacatecas","PWY-6942|PWY-6942",0.346891480762571,0.360083969537364,0.336690366841411,0.347235460679213,0.360083969537364,"","ALDEx2_kw"
"PWY-6760|PWY-6760","February_ColaDeBallena - February_EsteroZacatecas - September_ColaDeBallena - September_EsteroZacatecas","PWY-6760|PWY-6760",0.235315783728138,0.247905744193575,0.206593142166354,0.21607079261978,0.247905744193575,"","ALDEx2_kw"
"PWY-7128|PWY-7128","February_ColaDeBallena - February_EsteroZacatecas - September_ColaDeBallena - September_EsteroZacatecas","PWY-7128|PWY-7128",0.384583401425749,0.396924688789283,0.363945433854625,0.374408531350023,0.396924688789283,"","ALDEx2_kw"
"PWY-6060|PWY-6060","February_ColaDeBallena - February_EsteroZacatecas - September_ColaDeBallena - September_EsteroZacatecas","PWY-6060|PWY-6060",0.350715522999054,0.363116105270363,0.327099564497001,0.337162239098315,0.363116105270363,"","ALDEx2_kw"
"PWY-6030|PWY-6030","February_ColaDeBallena - February_EsteroZacatecas - September_ColaDeBallena - September_EsteroZacatecas","PWY-6030|PWY-6030",0.117936526874242,0.128599757355757,0.117147760047697,0.123763601279565,0.128599757355757,"","ALDEx2_kw"
"PWY-8181|PWY-8181","February_ColaDeBallena - February_EsteroZacatecas - September_ColaDeBallena - September_EsteroZacatecas","PWY-8181|PWY-8181",0.425344450942044,0.43698248230028,0.384263500628566,0.394450303057533,0.43698248230028,"","ALDEx2_kw"
"PWY-6993|PWY-6993","February_ColaDeBallena - February_EsteroZacatecas - September_ColaDeBallena - September_EsteroZacatecas","PWY-6993|PWY-6993",0.460378824269161,0.472102806965293,0.402371184279806,0.412617076162725,0.472102806965293,"","ALDEx2_kw"
"PWY-5466|PWY-5466","February_ColaDeBallena - February_EsteroZacatecas - September_ColaDeBallena - September_EsteroZacatecas","PWY-5466|PWY-5466",0.392292156487654,0.403936372478473,0.380107079807346,0.389467292343666,0.403936372478473,"","ALDEx2_kw"
"PWY-5818|PWY-5818","February_ColaDeBallena - February_EsteroZacatecas - September_ColaDeBallena - September_EsteroZacatecas","PWY-5818|PWY-5818",0.468608090761695,0.479806492992082,0.430480544114304,0.440451807155562,0.479806492992082,"","ALDEx2_kw"
"PWY-5109|PWY-5109","February_ColaDeBallena - February_EsteroZacatecas - September_ColaDeBallena - September_EsteroZacatecas","PWY-5109|PWY-5109",0.445531757185402,0.456830552727677,0.427428386207115,0.437440976750347,0.456830552727677,"","ALDEx2_kw"
"PWY-7787|PWY-7787","February_ColaDeBallena - February_EsteroZacatecas - September_ColaDeBallena - September_EsteroZacatecas","PWY-7787|PWY-7787",0.491171133363916,0.502737867687347,0.462826105762107,0.472881443230286,0.502737867687347,"","ALDEx2_kw"
"PWY-7136|PWY-7136","February_ColaDeBallena - February_EsteroZacatecas - September_ColaDeBallena - September_EsteroZacatecas","PWY-7136|PWY-7136",0.447085093126225,0.45922569614324,0.444737607852845,0.454921285485844,0.45922569614324,"","ALDEx2_kw"
